Files	source_image	Annotation Type	Annotation Method	Cell Line	Condition	Split
images/roi_mask/colo320dm_qpcr_jq1_24h_ctrl_100.png	images/rgb/colo320dm_qpcr_jq1_24h_ctrl_100.tif	Region of interest mask (metaphase spread, binary)	Manual	COLO320DM	qpcr_jq1_24h_ctrl	train
images/roi_mask/colo320dm_qpcr_jq1_24h_ctrl_101.png	images/rgb/colo320dm_qpcr_jq1_24h_ctrl_101.tif	Region of interest mask (metaphase spread, binary)	Manual	COLO320DM	qpcr_jq1_24h_ctrl	train
images/roi_mask/colo320dm_qpcr_jq1_24h_ctrl_103.png	images/rgb/colo320dm_qpcr_jq1_24h_ctrl_103.tif	Region of interest mask (metaphase spread, binary)	Manual	COLO320DM	qpcr_jq1_24h_ctrl	train
images/roi_mask/colo320dm_qpcr_jq1_24h_ctrl_105.png	images/rgb/colo320dm_qpcr_jq1_24h_ctrl_105.tif	Region of interest mask (metaphase spread, binary)	Manual	COLO320DM	qpcr_jq1_24h_ctrl	val
images/roi_mask/colo320dm_qpcr_jq1_24h_ctrl_109.png	images/rgb/colo320dm_qpcr_jq1_24h_ctrl_109.tif	Region of interest mask (metaphase spread, binary)	Manual	COLO320DM	qpcr_jq1_24h_ctrl	val
images/roi_mask/colo320dm_qpcr_jq1_24h_ctrl_110.png	images/rgb/colo320dm_qpcr_jq1_24h_ctrl_110.tif	Region of interest mask (metaphase spread, binary)	Manual	COLO320DM	qpcr_jq1_24h_ctrl	train
images/roi_mask/colo320dm_qpcr_jq1_24h_ctrl_111.png	images/rgb/colo320dm_qpcr_jq1_24h_ctrl_111.tif	Region of interest mask (metaphase spread, binary)	Manual	COLO320DM	qpcr_jq1_24h_ctrl	train
images/roi_mask/colo320dm_qpcr_jq1_24h_ctrl_112.png	images/rgb/colo320dm_qpcr_jq1_24h_ctrl_112.tif	Region of interest mask (metaphase spread, binary)	Manual	COLO320DM	qpcr_jq1_24h_ctrl	train
images/roi_mask/colo320dm_qpcr_jq1_24h_ctrl_114.png	images/rgb/colo320dm_qpcr_jq1_24h_ctrl_114.tif	Region of interest mask (metaphase spread, binary)	Manual	COLO320DM	qpcr_jq1_24h_ctrl	test
images/roi_mask/colo320dm_qpcr_jq1_24h_ctrl_12.png	images/rgb/colo320dm_qpcr_jq1_24h_ctrl_12.tif	Region of interest mask (metaphase spread, binary)	Manual	COLO320DM	qpcr_jq1_24h_ctrl	train
images/roi_mask/colo320dm_qpcr_jq1_24h_ctrl_17.png	images/rgb/colo320dm_qpcr_jq1_24h_ctrl_17.tif	Region of interest mask (metaphase spread, binary)	Manual	COLO320DM	qpcr_jq1_24h_ctrl	val
images/roi_mask/colo320dm_qpcr_jq1_24h_ctrl_18.png	images/rgb/colo320dm_qpcr_jq1_24h_ctrl_18.tif	Region of interest mask (metaphase spread, binary)	Manual	COLO320DM	qpcr_jq1_24h_ctrl	train
images/roi_mask/colo320dm_qpcr_jq1_24h_ctrl_21.png	images/rgb/colo320dm_qpcr_jq1_24h_ctrl_21.tif	Region of interest mask (metaphase spread, binary)	Manual	COLO320DM	qpcr_jq1_24h_ctrl	val
images/roi_mask/colo320dm_qpcr_jq1_24h_ctrl_22.png	images/rgb/colo320dm_qpcr_jq1_24h_ctrl_22.tif	Region of interest mask (metaphase spread, binary)	Manual	COLO320DM	qpcr_jq1_24h_ctrl	train
images/roi_mask/colo320dm_qpcr_jq1_24h_ctrl_23.png	images/rgb/colo320dm_qpcr_jq1_24h_ctrl_23.tif	Region of interest mask (metaphase spread, binary)	Manual	COLO320DM	qpcr_jq1_24h_ctrl	test
images/roi_mask/colo320dm_qpcr_jq1_24h_ctrl_25.png	images/rgb/colo320dm_qpcr_jq1_24h_ctrl_25.tif	Region of interest mask (metaphase spread, binary)	Manual	COLO320DM	qpcr_jq1_24h_ctrl	train
images/roi_mask/colo320dm_qpcr_jq1_24h_ctrl_26.png	images/rgb/colo320dm_qpcr_jq1_24h_ctrl_26.tif	Region of interest mask (metaphase spread, binary)	Manual	COLO320DM	qpcr_jq1_24h_ctrl	train
images/roi_mask/colo320dm_qpcr_jq1_24h_ctrl_27.png	images/rgb/colo320dm_qpcr_jq1_24h_ctrl_27.tif	Region of interest mask (metaphase spread, binary)	Manual	COLO320DM	qpcr_jq1_24h_ctrl	val
images/roi_mask/colo320dm_qpcr_jq1_24h_ctrl_28.png	images/rgb/colo320dm_qpcr_jq1_24h_ctrl_28.tif	Region of interest mask (metaphase spread, binary)	Manual	COLO320DM	qpcr_jq1_24h_ctrl	train
images/roi_mask/colo320dm_qpcr_jq1_24h_ctrl_3.png	images/rgb/colo320dm_qpcr_jq1_24h_ctrl_3.tif	Region of interest mask (metaphase spread, binary)	Manual	COLO320DM	qpcr_jq1_24h_ctrl	train
images/roi_mask/colo320dm_qpcr_jq1_24h_ctrl_31.png	images/rgb/colo320dm_qpcr_jq1_24h_ctrl_31.tif	Region of interest mask (metaphase spread, binary)	Manual	COLO320DM	qpcr_jq1_24h_ctrl	val
images/roi_mask/colo320dm_qpcr_jq1_24h_ctrl_33.png	images/rgb/colo320dm_qpcr_jq1_24h_ctrl_33.tif	Region of interest mask (metaphase spread, binary)	Manual	COLO320DM	qpcr_jq1_24h_ctrl	test
images/roi_mask/colo320dm_qpcr_jq1_24h_ctrl_35.png	images/rgb/colo320dm_qpcr_jq1_24h_ctrl_35.tif	Region of interest mask (metaphase spread, binary)	Manual	COLO320DM	qpcr_jq1_24h_ctrl	val
images/roi_mask/colo320dm_qpcr_jq1_24h_ctrl_36.png	images/rgb/colo320dm_qpcr_jq1_24h_ctrl_36.tif	Region of interest mask (metaphase spread, binary)	Manual	COLO320DM	qpcr_jq1_24h_ctrl	train
images/roi_mask/colo320dm_qpcr_jq1_24h_ctrl_37.png	images/rgb/colo320dm_qpcr_jq1_24h_ctrl_37.tif	Region of interest mask (metaphase spread, binary)	Manual	COLO320DM	qpcr_jq1_24h_ctrl	train
images/roi_mask/colo320dm_qpcr_jq1_24h_ctrl_38.png	images/rgb/colo320dm_qpcr_jq1_24h_ctrl_38.tif	Region of interest mask (metaphase spread, binary)	Manual	COLO320DM	qpcr_jq1_24h_ctrl	train
images/roi_mask/colo320dm_qpcr_jq1_24h_ctrl_39.png	images/rgb/colo320dm_qpcr_jq1_24h_ctrl_39.tif	Region of interest mask (metaphase spread, binary)	Manual	COLO320DM	qpcr_jq1_24h_ctrl	test
images/roi_mask/colo320dm_qpcr_jq1_24h_ctrl_4.png	images/rgb/colo320dm_qpcr_jq1_24h_ctrl_4.tif	Region of interest mask (metaphase spread, binary)	Manual	COLO320DM	qpcr_jq1_24h_ctrl	train
images/roi_mask/colo320dm_qpcr_jq1_24h_ctrl_41.png	images/rgb/colo320dm_qpcr_jq1_24h_ctrl_41.tif	Region of interest mask (metaphase spread, binary)	Manual	COLO320DM	qpcr_jq1_24h_ctrl	train
images/roi_mask/colo320dm_qpcr_jq1_24h_ctrl_43.png	images/rgb/colo320dm_qpcr_jq1_24h_ctrl_43.tif	Region of interest mask (metaphase spread, binary)	Manual	COLO320DM	qpcr_jq1_24h_ctrl	train
images/roi_mask/colo320dm_qpcr_jq1_24h_ctrl_47.png	images/rgb/colo320dm_qpcr_jq1_24h_ctrl_47.tif	Region of interest mask (metaphase spread, binary)	Manual	COLO320DM	qpcr_jq1_24h_ctrl	test
images/roi_mask/colo320dm_qpcr_jq1_24h_ctrl_48.png	images/rgb/colo320dm_qpcr_jq1_24h_ctrl_48.tif	Region of interest mask (metaphase spread, binary)	Manual	COLO320DM	qpcr_jq1_24h_ctrl	test
images/roi_mask/colo320dm_qpcr_jq1_24h_ctrl_49.png	images/rgb/colo320dm_qpcr_jq1_24h_ctrl_49.tif	Region of interest mask (metaphase spread, binary)	Manual	COLO320DM	qpcr_jq1_24h_ctrl	train
images/roi_mask/colo320dm_qpcr_jq1_24h_ctrl_50.png	images/rgb/colo320dm_qpcr_jq1_24h_ctrl_50.tif	Region of interest mask (metaphase spread, binary)	Manual	COLO320DM	qpcr_jq1_24h_ctrl	train
images/roi_mask/colo320dm_qpcr_jq1_24h_ctrl_55.png	images/rgb/colo320dm_qpcr_jq1_24h_ctrl_55.tif	Region of interest mask (metaphase spread, binary)	Manual	COLO320DM	qpcr_jq1_24h_ctrl	train
images/roi_mask/colo320dm_qpcr_jq1_24h_ctrl_58.png	images/rgb/colo320dm_qpcr_jq1_24h_ctrl_58.tif	Region of interest mask (metaphase spread, binary)	Manual	COLO320DM	qpcr_jq1_24h_ctrl	train
images/roi_mask/colo320dm_qpcr_jq1_24h_ctrl_65.png	images/rgb/colo320dm_qpcr_jq1_24h_ctrl_65.tif	Region of interest mask (metaphase spread, binary)	Manual	COLO320DM	qpcr_jq1_24h_ctrl	train
images/roi_mask/colo320dm_qpcr_jq1_24h_ctrl_66_a.png	images/rgb/colo320dm_qpcr_jq1_24h_ctrl_66_a.tif	Region of interest mask (metaphase spread, binary)	Manual	COLO320DM	qpcr_jq1_24h_ctrl	train
images/roi_mask/colo320dm_qpcr_jq1_24h_ctrl_67.png	images/rgb/colo320dm_qpcr_jq1_24h_ctrl_67.tif	Region of interest mask (metaphase spread, binary)	Manual	COLO320DM	qpcr_jq1_24h_ctrl	test
images/roi_mask/colo320dm_qpcr_jq1_24h_ctrl_69.png	images/rgb/colo320dm_qpcr_jq1_24h_ctrl_69.tif	Region of interest mask (metaphase spread, binary)	Manual	COLO320DM	qpcr_jq1_24h_ctrl	test
images/roi_mask/colo320dm_qpcr_jq1_24h_ctrl_72.png	images/rgb/colo320dm_qpcr_jq1_24h_ctrl_72.tif	Region of interest mask (metaphase spread, binary)	Manual	COLO320DM	qpcr_jq1_24h_ctrl	train
images/roi_mask/colo320dm_qpcr_jq1_24h_ctrl_75.png	images/rgb/colo320dm_qpcr_jq1_24h_ctrl_75.tif	Region of interest mask (metaphase spread, binary)	Manual	COLO320DM	qpcr_jq1_24h_ctrl	train
images/roi_mask/colo320dm_qpcr_jq1_24h_ctrl_78_a.png	images/rgb/colo320dm_qpcr_jq1_24h_ctrl_78_a.tif	Region of interest mask (metaphase spread, binary)	Manual	COLO320DM	qpcr_jq1_24h_ctrl	train
images/roi_mask/colo320dm_qpcr_jq1_24h_ctrl_78_b.png	images/rgb/colo320dm_qpcr_jq1_24h_ctrl_78_b.tif	Region of interest mask (metaphase spread, binary)	Manual	COLO320DM	qpcr_jq1_24h_ctrl	train
images/roi_mask/colo320dm_qpcr_jq1_24h_ctrl_79.png	images/rgb/colo320dm_qpcr_jq1_24h_ctrl_79.tif	Region of interest mask (metaphase spread, binary)	Manual	COLO320DM	qpcr_jq1_24h_ctrl	train
images/roi_mask/colo320dm_qpcr_jq1_24h_ctrl_8.png	images/rgb/colo320dm_qpcr_jq1_24h_ctrl_8.tif	Region of interest mask (metaphase spread, binary)	Manual	COLO320DM	qpcr_jq1_24h_ctrl	train
images/roi_mask/colo320dm_qpcr_jq1_24h_ctrl_81.png	images/rgb/colo320dm_qpcr_jq1_24h_ctrl_81.tif	Region of interest mask (metaphase spread, binary)	Manual	COLO320DM	qpcr_jq1_24h_ctrl	train
images/roi_mask/colo320dm_qpcr_jq1_24h_ctrl_82.png	images/rgb/colo320dm_qpcr_jq1_24h_ctrl_82.tif	Region of interest mask (metaphase spread, binary)	Manual	COLO320DM	qpcr_jq1_24h_ctrl	train
images/roi_mask/colo320dm_qpcr_jq1_24h_ctrl_87_a.png	images/rgb/colo320dm_qpcr_jq1_24h_ctrl_87_a.tif	Region of interest mask (metaphase spread, binary)	Manual	COLO320DM	qpcr_jq1_24h_ctrl	test
images/roi_mask/colo320dm_qpcr_jq1_24h_ctrl_87_b.png	images/rgb/colo320dm_qpcr_jq1_24h_ctrl_87_b.tif	Region of interest mask (metaphase spread, binary)	Manual	COLO320DM	qpcr_jq1_24h_ctrl	train
images/roi_mask/colo320dm_qpcr_jq1_24h_ctrl_88.png	images/rgb/colo320dm_qpcr_jq1_24h_ctrl_88.tif	Region of interest mask (metaphase spread, binary)	Manual	COLO320DM	qpcr_jq1_24h_ctrl	train
images/roi_mask/colo320dm_qpcr_jq1_24h_ctrl_89.png	images/rgb/colo320dm_qpcr_jq1_24h_ctrl_89.tif	Region of interest mask (metaphase spread, binary)	Manual	COLO320DM	qpcr_jq1_24h_ctrl	train
images/roi_mask/colo320dm_qpcr_jq1_24h_ctrl_9.png	images/rgb/colo320dm_qpcr_jq1_24h_ctrl_9.tif	Region of interest mask (metaphase spread, binary)	Manual	COLO320DM	qpcr_jq1_24h_ctrl	train
images/roi_mask/colo320dm_qpcr_jq1_24h_ctrl_90.png	images/rgb/colo320dm_qpcr_jq1_24h_ctrl_90.tif	Region of interest mask (metaphase spread, binary)	Manual	COLO320DM	qpcr_jq1_24h_ctrl	train
images/roi_mask/colo320dm_qpcr_jq1_24h_ctrl_92.png	images/rgb/colo320dm_qpcr_jq1_24h_ctrl_92.tif	Region of interest mask (metaphase spread, binary)	Manual	COLO320DM	qpcr_jq1_24h_ctrl	train
images/roi_mask/colo320dm_qpcr_jq1_24h_ctrl_95.png	images/rgb/colo320dm_qpcr_jq1_24h_ctrl_95.tif	Region of interest mask (metaphase spread, binary)	Manual	COLO320DM	qpcr_jq1_24h_ctrl	train
images/roi_mask/colo320dm_qpcr_jq1_24h_ctrl_96.png	images/rgb/colo320dm_qpcr_jq1_24h_ctrl_96.tif	Region of interest mask (metaphase spread, binary)	Manual	COLO320DM	qpcr_jq1_24h_ctrl	test
images/roi_mask/colo320dm_qpcr_jq1_24h_ctrl_97.png	images/rgb/colo320dm_qpcr_jq1_24h_ctrl_97.tif	Region of interest mask (metaphase spread, binary)	Manual	COLO320DM	qpcr_jq1_24h_ctrl	train
images/roi_mask/colo320dm_qpcr_jq1_24h_ctrl_99.png	images/rgb/colo320dm_qpcr_jq1_24h_ctrl_99.tif	Region of interest mask (metaphase spread, binary)	Manual	COLO320DM	qpcr_jq1_24h_ctrl	val
images/roi_mask/colo320dm_qpcr_jq1_24h_dmso_104.png	images/rgb/colo320dm_qpcr_jq1_24h_dmso_104.tif	Region of interest mask (metaphase spread, binary)	Manual	COLO320DM	qpcr_jq1_24h_dmso	train
images/roi_mask/colo320dm_qpcr_jq1_24h_dmso_111.png	images/rgb/colo320dm_qpcr_jq1_24h_dmso_111.tif	Region of interest mask (metaphase spread, binary)	Manual	COLO320DM	qpcr_jq1_24h_dmso	test
images/roi_mask/colo320dm_qpcr_jq1_24h_dmso_49.png	images/rgb/colo320dm_qpcr_jq1_24h_dmso_49.tif	Region of interest mask (metaphase spread, binary)	Manual	COLO320DM	qpcr_jq1_24h_dmso	train
images/roi_mask/colo320dm_qpcr_jq1_24h_dmso_6.png	images/rgb/colo320dm_qpcr_jq1_24h_dmso_6.tif	Region of interest mask (metaphase spread, binary)	Manual	COLO320DM	qpcr_jq1_24h_dmso	train
images/roi_mask/colo320dm_qpcr_jq1_24h_dmso_88.png	images/rgb/colo320dm_qpcr_jq1_24h_dmso_88.tif	Region of interest mask (metaphase spread, binary)	Manual	COLO320DM	qpcr_jq1_24h_dmso	val
images/roi_mask/ncih2170_antibiotics_blank_ctrl_1.png	images/rgb/ncih2170_antibiotics_blank_ctrl_1.tif	Region of interest mask (metaphase spread, binary)	Manual	NCI-H2170	antibiotics_blank_ctrl	train
images/roi_mask/ncih2170_antibiotics_blank_ctrl_100.png	images/rgb/ncih2170_antibiotics_blank_ctrl_100.tif	Region of interest mask (metaphase spread, binary)	Manual	NCI-H2170	antibiotics_blank_ctrl	test
images/roi_mask/ncih2170_antibiotics_blank_ctrl_101.png	images/rgb/ncih2170_antibiotics_blank_ctrl_101.tif	Region of interest mask (metaphase spread, binary)	Manual	NCI-H2170	antibiotics_blank_ctrl	val
images/roi_mask/ncih2170_antibiotics_blank_ctrl_102.png	images/rgb/ncih2170_antibiotics_blank_ctrl_102.tif	Region of interest mask (metaphase spread, binary)	Manual	NCI-H2170	antibiotics_blank_ctrl	train
images/roi_mask/ncih2170_antibiotics_blank_ctrl_103.png	images/rgb/ncih2170_antibiotics_blank_ctrl_103.tif	Region of interest mask (metaphase spread, binary)	Manual	NCI-H2170	antibiotics_blank_ctrl	val
images/roi_mask/ncih2170_antibiotics_blank_ctrl_104.png	images/rgb/ncih2170_antibiotics_blank_ctrl_104.tif	Region of interest mask (metaphase spread, binary)	Manual	NCI-H2170	antibiotics_blank_ctrl	test
images/roi_mask/ncih2170_antibiotics_blank_ctrl_105.png	images/rgb/ncih2170_antibiotics_blank_ctrl_105.tif	Region of interest mask (metaphase spread, binary)	Manual	NCI-H2170	antibiotics_blank_ctrl	test
images/roi_mask/ncih2170_antibiotics_blank_ctrl_106.png	images/rgb/ncih2170_antibiotics_blank_ctrl_106.tif	Region of interest mask (metaphase spread, binary)	Manual	NCI-H2170	antibiotics_blank_ctrl	train
images/roi_mask/ncih2170_antibiotics_blank_ctrl_107.png	images/rgb/ncih2170_antibiotics_blank_ctrl_107.tif	Region of interest mask (metaphase spread, binary)	Manual	NCI-H2170	antibiotics_blank_ctrl	test
images/roi_mask/ncih2170_antibiotics_blank_ctrl_109.png	images/rgb/ncih2170_antibiotics_blank_ctrl_109.tif	Region of interest mask (metaphase spread, binary)	Manual	NCI-H2170	antibiotics_blank_ctrl	test
images/roi_mask/ncih2170_antibiotics_blank_ctrl_11.png	images/rgb/ncih2170_antibiotics_blank_ctrl_11.tif	Region of interest mask (metaphase spread, binary)	Manual	NCI-H2170	antibiotics_blank_ctrl	val
images/roi_mask/ncih2170_antibiotics_blank_ctrl_110.png	images/rgb/ncih2170_antibiotics_blank_ctrl_110.tif	Region of interest mask (metaphase spread, binary)	Manual	NCI-H2170	antibiotics_blank_ctrl	test
images/roi_mask/ncih2170_antibiotics_blank_ctrl_111.png	images/rgb/ncih2170_antibiotics_blank_ctrl_111.tif	Region of interest mask (metaphase spread, binary)	Manual	NCI-H2170	antibiotics_blank_ctrl	train
images/roi_mask/ncih2170_antibiotics_blank_ctrl_113.png	images/rgb/ncih2170_antibiotics_blank_ctrl_113.tif	Region of interest mask (metaphase spread, binary)	Manual	NCI-H2170	antibiotics_blank_ctrl	test
images/roi_mask/ncih2170_antibiotics_blank_ctrl_114.png	images/rgb/ncih2170_antibiotics_blank_ctrl_114.tif	Region of interest mask (metaphase spread, binary)	Manual	NCI-H2170	antibiotics_blank_ctrl	train
images/roi_mask/ncih2170_antibiotics_blank_ctrl_115.png	images/rgb/ncih2170_antibiotics_blank_ctrl_115.tif	Region of interest mask (metaphase spread, binary)	Manual	NCI-H2170	antibiotics_blank_ctrl	val
images/roi_mask/ncih2170_antibiotics_blank_ctrl_116.png	images/rgb/ncih2170_antibiotics_blank_ctrl_116.tif	Region of interest mask (metaphase spread, binary)	Manual	NCI-H2170	antibiotics_blank_ctrl	train
images/roi_mask/ncih2170_antibiotics_blank_ctrl_117.png	images/rgb/ncih2170_antibiotics_blank_ctrl_117.tif	Region of interest mask (metaphase spread, binary)	Manual	NCI-H2170	antibiotics_blank_ctrl	train
images/roi_mask/ncih2170_antibiotics_blank_ctrl_118.png	images/rgb/ncih2170_antibiotics_blank_ctrl_118.tif	Region of interest mask (metaphase spread, binary)	Manual	NCI-H2170	antibiotics_blank_ctrl	train
images/roi_mask/ncih2170_antibiotics_blank_ctrl_12.png	images/rgb/ncih2170_antibiotics_blank_ctrl_12.tif	Region of interest mask (metaphase spread, binary)	Manual	NCI-H2170	antibiotics_blank_ctrl	train
images/roi_mask/ncih2170_antibiotics_blank_ctrl_13.png	images/rgb/ncih2170_antibiotics_blank_ctrl_13.tif	Region of interest mask (metaphase spread, binary)	Manual	NCI-H2170	antibiotics_blank_ctrl	train
images/roi_mask/ncih2170_antibiotics_blank_ctrl_14.png	images/rgb/ncih2170_antibiotics_blank_ctrl_14.tif	Region of interest mask (metaphase spread, binary)	Manual	NCI-H2170	antibiotics_blank_ctrl	train
images/roi_mask/ncih2170_antibiotics_blank_ctrl_15.png	images/rgb/ncih2170_antibiotics_blank_ctrl_15.tif	Region of interest mask (metaphase spread, binary)	Manual	NCI-H2170	antibiotics_blank_ctrl	train
images/roi_mask/ncih2170_antibiotics_blank_ctrl_16.png	images/rgb/ncih2170_antibiotics_blank_ctrl_16.tif	Region of interest mask (metaphase spread, binary)	Manual	NCI-H2170	antibiotics_blank_ctrl	train
images/roi_mask/ncih2170_antibiotics_blank_ctrl_17.png	images/rgb/ncih2170_antibiotics_blank_ctrl_17.tif	Region of interest mask (metaphase spread, binary)	Manual	NCI-H2170	antibiotics_blank_ctrl	train
images/roi_mask/ncih2170_antibiotics_blank_ctrl_18.png	images/rgb/ncih2170_antibiotics_blank_ctrl_18.tif	Region of interest mask (metaphase spread, binary)	Manual	NCI-H2170	antibiotics_blank_ctrl	val
images/roi_mask/ncih2170_antibiotics_blank_ctrl_19.png	images/rgb/ncih2170_antibiotics_blank_ctrl_19.tif	Region of interest mask (metaphase spread, binary)	Manual	NCI-H2170	antibiotics_blank_ctrl	train
images/roi_mask/ncih2170_antibiotics_blank_ctrl_2.png	images/rgb/ncih2170_antibiotics_blank_ctrl_2.tif	Region of interest mask (metaphase spread, binary)	Manual	NCI-H2170	antibiotics_blank_ctrl	train
images/roi_mask/ncih2170_antibiotics_blank_ctrl_20.png	images/rgb/ncih2170_antibiotics_blank_ctrl_20.tif	Region of interest mask (metaphase spread, binary)	Manual	NCI-H2170	antibiotics_blank_ctrl	train
images/roi_mask/ncih2170_antibiotics_blank_ctrl_21.png	images/rgb/ncih2170_antibiotics_blank_ctrl_21.tif	Region of interest mask (metaphase spread, binary)	Manual	NCI-H2170	antibiotics_blank_ctrl	train
images/roi_mask/ncih2170_antibiotics_blank_ctrl_22.png	images/rgb/ncih2170_antibiotics_blank_ctrl_22.tif	Region of interest mask (metaphase spread, binary)	Manual	NCI-H2170	antibiotics_blank_ctrl	train
images/roi_mask/ncih2170_antibiotics_blank_ctrl_23.png	images/rgb/ncih2170_antibiotics_blank_ctrl_23.tif	Region of interest mask (metaphase spread, binary)	Manual	NCI-H2170	antibiotics_blank_ctrl	val
images/roi_mask/ncih2170_antibiotics_blank_ctrl_24.png	images/rgb/ncih2170_antibiotics_blank_ctrl_24.tif	Region of interest mask (metaphase spread, binary)	Manual	NCI-H2170	antibiotics_blank_ctrl	train
images/roi_mask/ncih2170_antibiotics_blank_ctrl_25.png	images/rgb/ncih2170_antibiotics_blank_ctrl_25.tif	Region of interest mask (metaphase spread, binary)	Manual	NCI-H2170	antibiotics_blank_ctrl	train
images/roi_mask/ncih2170_antibiotics_blank_ctrl_27.png	images/rgb/ncih2170_antibiotics_blank_ctrl_27.tif	Region of interest mask (metaphase spread, binary)	Manual	NCI-H2170	antibiotics_blank_ctrl	train
images/roi_mask/ncih2170_antibiotics_blank_ctrl_28.png	images/rgb/ncih2170_antibiotics_blank_ctrl_28.tif	Region of interest mask (metaphase spread, binary)	Manual	NCI-H2170	antibiotics_blank_ctrl	train
images/roi_mask/ncih2170_antibiotics_blank_ctrl_29.png	images/rgb/ncih2170_antibiotics_blank_ctrl_29.tif	Region of interest mask (metaphase spread, binary)	Manual	NCI-H2170	antibiotics_blank_ctrl	train
images/roi_mask/ncih2170_antibiotics_blank_ctrl_30.png	images/rgb/ncih2170_antibiotics_blank_ctrl_30.tif	Region of interest mask (metaphase spread, binary)	Manual	NCI-H2170	antibiotics_blank_ctrl	train
images/roi_mask/ncih2170_antibiotics_blank_ctrl_31.png	images/rgb/ncih2170_antibiotics_blank_ctrl_31.tif	Region of interest mask (metaphase spread, binary)	Manual	NCI-H2170	antibiotics_blank_ctrl	train
images/roi_mask/ncih2170_antibiotics_blank_ctrl_32.png	images/rgb/ncih2170_antibiotics_blank_ctrl_32.tif	Region of interest mask (metaphase spread, binary)	Manual	NCI-H2170	antibiotics_blank_ctrl	train
images/roi_mask/ncih2170_antibiotics_blank_ctrl_33.png	images/rgb/ncih2170_antibiotics_blank_ctrl_33.tif	Region of interest mask (metaphase spread, binary)	Manual	NCI-H2170	antibiotics_blank_ctrl	train
images/roi_mask/ncih2170_antibiotics_blank_ctrl_34.png	images/rgb/ncih2170_antibiotics_blank_ctrl_34.tif	Region of interest mask (metaphase spread, binary)	Manual	NCI-H2170	antibiotics_blank_ctrl	val
images/roi_mask/ncih2170_antibiotics_blank_ctrl_35.png	images/rgb/ncih2170_antibiotics_blank_ctrl_35.tif	Region of interest mask (metaphase spread, binary)	Manual	NCI-H2170	antibiotics_blank_ctrl	test
images/roi_mask/ncih2170_antibiotics_blank_ctrl_37.png	images/rgb/ncih2170_antibiotics_blank_ctrl_37.tif	Region of interest mask (metaphase spread, binary)	Manual	NCI-H2170	antibiotics_blank_ctrl	test
images/roi_mask/ncih2170_antibiotics_blank_ctrl_38.png	images/rgb/ncih2170_antibiotics_blank_ctrl_38.tif	Region of interest mask (metaphase spread, binary)	Manual	NCI-H2170	antibiotics_blank_ctrl	train
images/roi_mask/ncih2170_antibiotics_blank_ctrl_39.png	images/rgb/ncih2170_antibiotics_blank_ctrl_39.tif	Region of interest mask (metaphase spread, binary)	Manual	NCI-H2170	antibiotics_blank_ctrl	train
images/roi_mask/ncih2170_antibiotics_blank_ctrl_40.png	images/rgb/ncih2170_antibiotics_blank_ctrl_40.tif	Region of interest mask (metaphase spread, binary)	Manual	NCI-H2170	antibiotics_blank_ctrl	test
images/roi_mask/ncih2170_antibiotics_blank_ctrl_41.png	images/rgb/ncih2170_antibiotics_blank_ctrl_41.tif	Region of interest mask (metaphase spread, binary)	Manual	NCI-H2170	antibiotics_blank_ctrl	train
images/roi_mask/ncih2170_antibiotics_blank_ctrl_42.png	images/rgb/ncih2170_antibiotics_blank_ctrl_42.tif	Region of interest mask (metaphase spread, binary)	Manual	NCI-H2170	antibiotics_blank_ctrl	train
images/roi_mask/ncih2170_antibiotics_blank_ctrl_43.png	images/rgb/ncih2170_antibiotics_blank_ctrl_43.tif	Region of interest mask (metaphase spread, binary)	Manual	NCI-H2170	antibiotics_blank_ctrl	test
images/roi_mask/ncih2170_antibiotics_blank_ctrl_44.png	images/rgb/ncih2170_antibiotics_blank_ctrl_44.tif	Region of interest mask (metaphase spread, binary)	Manual	NCI-H2170	antibiotics_blank_ctrl	train
images/roi_mask/ncih2170_antibiotics_blank_ctrl_47.png	images/rgb/ncih2170_antibiotics_blank_ctrl_47.tif	Region of interest mask (metaphase spread, binary)	Manual	NCI-H2170	antibiotics_blank_ctrl	test
images/roi_mask/ncih2170_antibiotics_blank_ctrl_48.png	images/rgb/ncih2170_antibiotics_blank_ctrl_48.tif	Region of interest mask (metaphase spread, binary)	Manual	NCI-H2170	antibiotics_blank_ctrl	train
images/roi_mask/ncih2170_antibiotics_blank_ctrl_5.png	images/rgb/ncih2170_antibiotics_blank_ctrl_5.tif	Region of interest mask (metaphase spread, binary)	Manual	NCI-H2170	antibiotics_blank_ctrl	train
images/roi_mask/ncih2170_antibiotics_blank_ctrl_50.png	images/rgb/ncih2170_antibiotics_blank_ctrl_50.tif	Region of interest mask (metaphase spread, binary)	Manual	NCI-H2170	antibiotics_blank_ctrl	train
images/roi_mask/ncih2170_antibiotics_blank_ctrl_51.png	images/rgb/ncih2170_antibiotics_blank_ctrl_51.tif	Region of interest mask (metaphase spread, binary)	Manual	NCI-H2170	antibiotics_blank_ctrl	val
images/roi_mask/ncih2170_antibiotics_blank_ctrl_52.png	images/rgb/ncih2170_antibiotics_blank_ctrl_52.tif	Region of interest mask (metaphase spread, binary)	Manual	NCI-H2170	antibiotics_blank_ctrl	val
images/roi_mask/ncih2170_antibiotics_blank_ctrl_53.png	images/rgb/ncih2170_antibiotics_blank_ctrl_53.tif	Region of interest mask (metaphase spread, binary)	Manual	NCI-H2170	antibiotics_blank_ctrl	test
images/roi_mask/ncih2170_antibiotics_blank_ctrl_55.png	images/rgb/ncih2170_antibiotics_blank_ctrl_55.tif	Region of interest mask (metaphase spread, binary)	Manual	NCI-H2170	antibiotics_blank_ctrl	train
images/roi_mask/ncih2170_antibiotics_blank_ctrl_56.png	images/rgb/ncih2170_antibiotics_blank_ctrl_56.tif	Region of interest mask (metaphase spread, binary)	Manual	NCI-H2170	antibiotics_blank_ctrl	train
images/roi_mask/ncih2170_antibiotics_blank_ctrl_57.png	images/rgb/ncih2170_antibiotics_blank_ctrl_57.tif	Region of interest mask (metaphase spread, binary)	Manual	NCI-H2170	antibiotics_blank_ctrl	train
images/roi_mask/ncih2170_antibiotics_blank_ctrl_58.png	images/rgb/ncih2170_antibiotics_blank_ctrl_58.tif	Region of interest mask (metaphase spread, binary)	Manual	NCI-H2170	antibiotics_blank_ctrl	train
images/roi_mask/ncih2170_antibiotics_blank_ctrl_59.png	images/rgb/ncih2170_antibiotics_blank_ctrl_59.tif	Region of interest mask (metaphase spread, binary)	Manual	NCI-H2170	antibiotics_blank_ctrl	train
images/roi_mask/ncih2170_antibiotics_blank_ctrl_6.png	images/rgb/ncih2170_antibiotics_blank_ctrl_6.tif	Region of interest mask (metaphase spread, binary)	Manual	NCI-H2170	antibiotics_blank_ctrl	val
images/roi_mask/ncih2170_antibiotics_blank_ctrl_60.png	images/rgb/ncih2170_antibiotics_blank_ctrl_60.tif	Region of interest mask (metaphase spread, binary)	Manual	NCI-H2170	antibiotics_blank_ctrl	train
images/roi_mask/ncih2170_antibiotics_blank_ctrl_61.png	images/rgb/ncih2170_antibiotics_blank_ctrl_61.tif	Region of interest mask (metaphase spread, binary)	Manual	NCI-H2170	antibiotics_blank_ctrl	train
images/roi_mask/ncih2170_antibiotics_blank_ctrl_62.png	images/rgb/ncih2170_antibiotics_blank_ctrl_62.tif	Region of interest mask (metaphase spread, binary)	Manual	NCI-H2170	antibiotics_blank_ctrl	train
images/roi_mask/ncih2170_antibiotics_blank_ctrl_63.png	images/rgb/ncih2170_antibiotics_blank_ctrl_63.tif	Region of interest mask (metaphase spread, binary)	Manual	NCI-H2170	antibiotics_blank_ctrl	val
images/roi_mask/ncih2170_antibiotics_blank_ctrl_64.png	images/rgb/ncih2170_antibiotics_blank_ctrl_64.tif	Region of interest mask (metaphase spread, binary)	Manual	NCI-H2170	antibiotics_blank_ctrl	train
images/roi_mask/ncih2170_antibiotics_blank_ctrl_65.png	images/rgb/ncih2170_antibiotics_blank_ctrl_65.tif	Region of interest mask (metaphase spread, binary)	Manual	NCI-H2170	antibiotics_blank_ctrl	train
images/roi_mask/ncih2170_antibiotics_blank_ctrl_66.png	images/rgb/ncih2170_antibiotics_blank_ctrl_66.tif	Region of interest mask (metaphase spread, binary)	Manual	NCI-H2170	antibiotics_blank_ctrl	train
images/roi_mask/ncih2170_antibiotics_blank_ctrl_67.png	images/rgb/ncih2170_antibiotics_blank_ctrl_67.tif	Region of interest mask (metaphase spread, binary)	Manual	NCI-H2170	antibiotics_blank_ctrl	train
images/roi_mask/ncih2170_antibiotics_blank_ctrl_69.png	images/rgb/ncih2170_antibiotics_blank_ctrl_69.tif	Region of interest mask (metaphase spread, binary)	Manual	NCI-H2170	antibiotics_blank_ctrl	train
images/roi_mask/ncih2170_antibiotics_blank_ctrl_7.png	images/rgb/ncih2170_antibiotics_blank_ctrl_7.tif	Region of interest mask (metaphase spread, binary)	Manual	NCI-H2170	antibiotics_blank_ctrl	train
images/roi_mask/ncih2170_antibiotics_blank_ctrl_70.png	images/rgb/ncih2170_antibiotics_blank_ctrl_70.tif	Region of interest mask (metaphase spread, binary)	Manual	NCI-H2170	antibiotics_blank_ctrl	test
images/roi_mask/ncih2170_antibiotics_blank_ctrl_71.png	images/rgb/ncih2170_antibiotics_blank_ctrl_71.tif	Region of interest mask (metaphase spread, binary)	Manual	NCI-H2170	antibiotics_blank_ctrl	test
images/roi_mask/ncih2170_antibiotics_blank_ctrl_74.png	images/rgb/ncih2170_antibiotics_blank_ctrl_74.tif	Region of interest mask (metaphase spread, binary)	Manual	NCI-H2170	antibiotics_blank_ctrl	train
images/roi_mask/ncih2170_antibiotics_blank_ctrl_75.png	images/rgb/ncih2170_antibiotics_blank_ctrl_75.tif	Region of interest mask (metaphase spread, binary)	Manual	NCI-H2170	antibiotics_blank_ctrl	train
images/roi_mask/ncih2170_antibiotics_blank_ctrl_76.png	images/rgb/ncih2170_antibiotics_blank_ctrl_76.tif	Region of interest mask (metaphase spread, binary)	Manual	NCI-H2170	antibiotics_blank_ctrl	train
images/roi_mask/ncih2170_antibiotics_blank_ctrl_77.png	images/rgb/ncih2170_antibiotics_blank_ctrl_77.tif	Region of interest mask (metaphase spread, binary)	Manual	NCI-H2170	antibiotics_blank_ctrl	train
images/roi_mask/ncih2170_antibiotics_blank_ctrl_78.png	images/rgb/ncih2170_antibiotics_blank_ctrl_78.tif	Region of interest mask (metaphase spread, binary)	Manual	NCI-H2170	antibiotics_blank_ctrl	test
images/roi_mask/ncih2170_antibiotics_blank_ctrl_79.png	images/rgb/ncih2170_antibiotics_blank_ctrl_79.tif	Region of interest mask (metaphase spread, binary)	Manual	NCI-H2170	antibiotics_blank_ctrl	train
images/roi_mask/ncih2170_antibiotics_blank_ctrl_80.png	images/rgb/ncih2170_antibiotics_blank_ctrl_80.tif	Region of interest mask (metaphase spread, binary)	Manual	NCI-H2170	antibiotics_blank_ctrl	train
images/roi_mask/ncih2170_antibiotics_blank_ctrl_81.png	images/rgb/ncih2170_antibiotics_blank_ctrl_81.tif	Region of interest mask (metaphase spread, binary)	Manual	NCI-H2170	antibiotics_blank_ctrl	train
images/roi_mask/ncih2170_antibiotics_blank_ctrl_82.png	images/rgb/ncih2170_antibiotics_blank_ctrl_82.tif	Region of interest mask (metaphase spread, binary)	Manual	NCI-H2170	antibiotics_blank_ctrl	train
images/roi_mask/ncih2170_antibiotics_blank_ctrl_84.png	images/rgb/ncih2170_antibiotics_blank_ctrl_84.tif	Region of interest mask (metaphase spread, binary)	Manual	NCI-H2170	antibiotics_blank_ctrl	val
images/roi_mask/ncih2170_antibiotics_blank_ctrl_86.png	images/rgb/ncih2170_antibiotics_blank_ctrl_86.tif	Region of interest mask (metaphase spread, binary)	Manual	NCI-H2170	antibiotics_blank_ctrl	train
images/roi_mask/ncih2170_antibiotics_blank_ctrl_87.png	images/rgb/ncih2170_antibiotics_blank_ctrl_87.tif	Region of interest mask (metaphase spread, binary)	Manual	NCI-H2170	antibiotics_blank_ctrl	train
images/roi_mask/ncih2170_antibiotics_blank_ctrl_88_a.png	images/rgb/ncih2170_antibiotics_blank_ctrl_88_a.tif	Region of interest mask (metaphase spread, binary)	Manual	NCI-H2170	antibiotics_blank_ctrl	val
images/roi_mask/ncih2170_antibiotics_blank_ctrl_89.png	images/rgb/ncih2170_antibiotics_blank_ctrl_89.tif	Region of interest mask (metaphase spread, binary)	Manual	NCI-H2170	antibiotics_blank_ctrl	val
images/roi_mask/ncih2170_antibiotics_blank_ctrl_9.png	images/rgb/ncih2170_antibiotics_blank_ctrl_9.tif	Region of interest mask (metaphase spread, binary)	Manual	NCI-H2170	antibiotics_blank_ctrl	train
images/roi_mask/ncih2170_antibiotics_blank_ctrl_96.png	images/rgb/ncih2170_antibiotics_blank_ctrl_96.tif	Region of interest mask (metaphase spread, binary)	Manual	NCI-H2170	antibiotics_blank_ctrl	train
images/roi_mask/ncih2170_antibiotics_blank_ctrl_97.png	images/rgb/ncih2170_antibiotics_blank_ctrl_97.tif	Region of interest mask (metaphase spread, binary)	Manual	NCI-H2170	antibiotics_blank_ctrl	train
images/roi_mask/ncih2170_antibiotics_blank_ctrl_98.png	images/rgb/ncih2170_antibiotics_blank_ctrl_98.tif	Region of interest mask (metaphase spread, binary)	Manual	NCI-H2170	antibiotics_blank_ctrl	train
images/roi_mask/ncih2170_antibiotics_ps_10.png	images/rgb/ncih2170_antibiotics_ps_10.tif	Region of interest mask (metaphase spread, binary)	Manual	NCI-H2170	antibiotics_ps	train
images/roi_mask/ncih2170_antibiotics_ps_102_b.png	images/rgb/ncih2170_antibiotics_ps_102_b.tif	Region of interest mask (metaphase spread, binary)	Manual	NCI-H2170	antibiotics_ps	test
images/roi_mask/ncih2170_antibiotics_ps_104.png	images/rgb/ncih2170_antibiotics_ps_104.tif	Region of interest mask (metaphase spread, binary)	Manual	NCI-H2170	antibiotics_ps	val
images/roi_mask/ncih2170_antibiotics_ps_105.png	images/rgb/ncih2170_antibiotics_ps_105.tif	Region of interest mask (metaphase spread, binary)	Manual	NCI-H2170	antibiotics_ps	test
images/roi_mask/ncih2170_antibiotics_ps_106.png	images/rgb/ncih2170_antibiotics_ps_106.tif	Region of interest mask (metaphase spread, binary)	Manual	NCI-H2170	antibiotics_ps	train
images/roi_mask/ncih2170_antibiotics_ps_107_a.png	images/rgb/ncih2170_antibiotics_ps_107_a.tif	Region of interest mask (metaphase spread, binary)	Manual	NCI-H2170	antibiotics_ps	test
images/roi_mask/ncih2170_antibiotics_ps_107_b.png	images/rgb/ncih2170_antibiotics_ps_107_b.tif	Region of interest mask (metaphase spread, binary)	Manual	NCI-H2170	antibiotics_ps	train
images/roi_mask/ncih2170_antibiotics_ps_111.png	images/rgb/ncih2170_antibiotics_ps_111.tif	Region of interest mask (metaphase spread, binary)	Manual	NCI-H2170	antibiotics_ps	train
images/roi_mask/ncih2170_antibiotics_ps_112.png	images/rgb/ncih2170_antibiotics_ps_112.tif	Region of interest mask (metaphase spread, binary)	Manual	NCI-H2170	antibiotics_ps	test
images/roi_mask/ncih2170_antibiotics_ps_113_a.png	images/rgb/ncih2170_antibiotics_ps_113_a.tif	Region of interest mask (metaphase spread, binary)	Manual	NCI-H2170	antibiotics_ps	val
images/roi_mask/ncih2170_antibiotics_ps_113_b.png	images/rgb/ncih2170_antibiotics_ps_113_b.tif	Region of interest mask (metaphase spread, binary)	Manual	NCI-H2170	antibiotics_ps	train
images/roi_mask/ncih2170_antibiotics_ps_12.png	images/rgb/ncih2170_antibiotics_ps_12.tif	Region of interest mask (metaphase spread, binary)	Manual	NCI-H2170	antibiotics_ps	val
images/roi_mask/ncih2170_antibiotics_ps_13.png	images/rgb/ncih2170_antibiotics_ps_13.tif	Region of interest mask (metaphase spread, binary)	Manual	NCI-H2170	antibiotics_ps	train
images/roi_mask/ncih2170_antibiotics_ps_14.png	images/rgb/ncih2170_antibiotics_ps_14.tif	Region of interest mask (metaphase spread, binary)	Manual	NCI-H2170	antibiotics_ps	train
images/roi_mask/ncih2170_antibiotics_ps_16.png	images/rgb/ncih2170_antibiotics_ps_16.tif	Region of interest mask (metaphase spread, binary)	Manual	NCI-H2170	antibiotics_ps	train
images/roi_mask/ncih2170_antibiotics_ps_17.png	images/rgb/ncih2170_antibiotics_ps_17.tif	Region of interest mask (metaphase spread, binary)	Manual	NCI-H2170	antibiotics_ps	train
images/roi_mask/ncih2170_antibiotics_ps_18.png	images/rgb/ncih2170_antibiotics_ps_18.tif	Region of interest mask (metaphase spread, binary)	Manual	NCI-H2170	antibiotics_ps	train
images/roi_mask/ncih2170_antibiotics_ps_19.png	images/rgb/ncih2170_antibiotics_ps_19.tif	Region of interest mask (metaphase spread, binary)	Manual	NCI-H2170	antibiotics_ps	train
images/roi_mask/ncih2170_antibiotics_ps_20.png	images/rgb/ncih2170_antibiotics_ps_20.tif	Region of interest mask (metaphase spread, binary)	Manual	NCI-H2170	antibiotics_ps	train
images/roi_mask/ncih2170_antibiotics_ps_21.png	images/rgb/ncih2170_antibiotics_ps_21.tif	Region of interest mask (metaphase spread, binary)	Manual	NCI-H2170	antibiotics_ps	train
images/roi_mask/ncih2170_antibiotics_ps_22.png	images/rgb/ncih2170_antibiotics_ps_22.tif	Region of interest mask (metaphase spread, binary)	Manual	NCI-H2170	antibiotics_ps	train
images/roi_mask/ncih2170_antibiotics_ps_23.png	images/rgb/ncih2170_antibiotics_ps_23.tif	Region of interest mask (metaphase spread, binary)	Manual	NCI-H2170	antibiotics_ps	train
images/roi_mask/ncih2170_antibiotics_ps_24.png	images/rgb/ncih2170_antibiotics_ps_24.tif	Region of interest mask (metaphase spread, binary)	Manual	NCI-H2170	antibiotics_ps	train
images/roi_mask/ncih2170_antibiotics_ps_25.png	images/rgb/ncih2170_antibiotics_ps_25.tif	Region of interest mask (metaphase spread, binary)	Manual	NCI-H2170	antibiotics_ps	test
images/roi_mask/ncih2170_antibiotics_ps_28.png	images/rgb/ncih2170_antibiotics_ps_28.tif	Region of interest mask (metaphase spread, binary)	Manual	NCI-H2170	antibiotics_ps	train
images/roi_mask/ncih2170_antibiotics_ps_29_a.png	images/rgb/ncih2170_antibiotics_ps_29_a.tif	Region of interest mask (metaphase spread, binary)	Manual	NCI-H2170	antibiotics_ps	train
images/roi_mask/ncih2170_antibiotics_ps_29_b.png	images/rgb/ncih2170_antibiotics_ps_29_b.tif	Region of interest mask (metaphase spread, binary)	Manual	NCI-H2170	antibiotics_ps	val
images/roi_mask/ncih2170_antibiotics_ps_3.png	images/rgb/ncih2170_antibiotics_ps_3.tif	Region of interest mask (metaphase spread, binary)	Manual	NCI-H2170	antibiotics_ps	val
images/roi_mask/ncih2170_antibiotics_ps_30.png	images/rgb/ncih2170_antibiotics_ps_30.tif	Region of interest mask (metaphase spread, binary)	Manual	NCI-H2170	antibiotics_ps	train
images/roi_mask/ncih2170_antibiotics_ps_31.png	images/rgb/ncih2170_antibiotics_ps_31.tif	Region of interest mask (metaphase spread, binary)	Manual	NCI-H2170	antibiotics_ps	train
images/roi_mask/ncih2170_antibiotics_ps_32.png	images/rgb/ncih2170_antibiotics_ps_32.tif	Region of interest mask (metaphase spread, binary)	Manual	NCI-H2170	antibiotics_ps	test
images/roi_mask/ncih2170_antibiotics_ps_33.png	images/rgb/ncih2170_antibiotics_ps_33.tif	Region of interest mask (metaphase spread, binary)	Manual	NCI-H2170	antibiotics_ps	train
images/roi_mask/ncih2170_antibiotics_ps_34_b.png	images/rgb/ncih2170_antibiotics_ps_34_b.tif	Region of interest mask (metaphase spread, binary)	Manual	NCI-H2170	antibiotics_ps	train
images/roi_mask/ncih2170_antibiotics_ps_34_c.png	images/rgb/ncih2170_antibiotics_ps_34_c.tif	Region of interest mask (metaphase spread, binary)	Manual	NCI-H2170	antibiotics_ps	val
images/roi_mask/ncih2170_antibiotics_ps_35.png	images/rgb/ncih2170_antibiotics_ps_35.tif	Region of interest mask (metaphase spread, binary)	Manual	NCI-H2170	antibiotics_ps	train
images/roi_mask/ncih2170_antibiotics_ps_36.png	images/rgb/ncih2170_antibiotics_ps_36.tif	Region of interest mask (metaphase spread, binary)	Manual	NCI-H2170	antibiotics_ps	test
images/roi_mask/ncih2170_antibiotics_ps_37.png	images/rgb/ncih2170_antibiotics_ps_37.tif	Region of interest mask (metaphase spread, binary)	Manual	NCI-H2170	antibiotics_ps	train
images/roi_mask/ncih2170_antibiotics_ps_38.png	images/rgb/ncih2170_antibiotics_ps_38.tif	Region of interest mask (metaphase spread, binary)	Manual	NCI-H2170	antibiotics_ps	train
images/roi_mask/ncih2170_antibiotics_ps_39.png	images/rgb/ncih2170_antibiotics_ps_39.tif	Region of interest mask (metaphase spread, binary)	Manual	NCI-H2170	antibiotics_ps	train
images/roi_mask/ncih2170_antibiotics_ps_4.png	images/rgb/ncih2170_antibiotics_ps_4.tif	Region of interest mask (metaphase spread, binary)	Manual	NCI-H2170	antibiotics_ps	test
images/roi_mask/ncih2170_antibiotics_ps_40.png	images/rgb/ncih2170_antibiotics_ps_40.tif	Region of interest mask (metaphase spread, binary)	Manual	NCI-H2170	antibiotics_ps	train
images/roi_mask/ncih2170_antibiotics_ps_41.png	images/rgb/ncih2170_antibiotics_ps_41.tif	Region of interest mask (metaphase spread, binary)	Manual	NCI-H2170	antibiotics_ps	train
images/roi_mask/ncih2170_antibiotics_ps_42.png	images/rgb/ncih2170_antibiotics_ps_42.tif	Region of interest mask (metaphase spread, binary)	Manual	NCI-H2170	antibiotics_ps	train
images/roi_mask/ncih2170_antibiotics_ps_43.png	images/rgb/ncih2170_antibiotics_ps_43.tif	Region of interest mask (metaphase spread, binary)	Manual	NCI-H2170	antibiotics_ps	train
images/roi_mask/ncih2170_antibiotics_ps_44.png	images/rgb/ncih2170_antibiotics_ps_44.tif	Region of interest mask (metaphase spread, binary)	Manual	NCI-H2170	antibiotics_ps	train
images/roi_mask/ncih2170_antibiotics_ps_45.png	images/rgb/ncih2170_antibiotics_ps_45.tif	Region of interest mask (metaphase spread, binary)	Manual	NCI-H2170	antibiotics_ps	train
images/roi_mask/ncih2170_antibiotics_ps_46.png	images/rgb/ncih2170_antibiotics_ps_46.tif	Region of interest mask (metaphase spread, binary)	Manual	NCI-H2170	antibiotics_ps	train
images/roi_mask/ncih2170_antibiotics_ps_47.png	images/rgb/ncih2170_antibiotics_ps_47.tif	Region of interest mask (metaphase spread, binary)	Manual	NCI-H2170	antibiotics_ps	train
images/roi_mask/ncih2170_antibiotics_ps_48.png	images/rgb/ncih2170_antibiotics_ps_48.tif	Region of interest mask (metaphase spread, binary)	Manual	NCI-H2170	antibiotics_ps	train
images/roi_mask/ncih2170_antibiotics_ps_49.png	images/rgb/ncih2170_antibiotics_ps_49.tif	Region of interest mask (metaphase spread, binary)	Manual	NCI-H2170	antibiotics_ps	train
images/roi_mask/ncih2170_antibiotics_ps_5.png	images/rgb/ncih2170_antibiotics_ps_5.tif	Region of interest mask (metaphase spread, binary)	Manual	NCI-H2170	antibiotics_ps	train
images/roi_mask/ncih2170_antibiotics_ps_50.png	images/rgb/ncih2170_antibiotics_ps_50.tif	Region of interest mask (metaphase spread, binary)	Manual	NCI-H2170	antibiotics_ps	train
images/roi_mask/ncih2170_antibiotics_ps_54.png	images/rgb/ncih2170_antibiotics_ps_54.tif	Region of interest mask (metaphase spread, binary)	Manual	NCI-H2170	antibiotics_ps	train
images/roi_mask/ncih2170_antibiotics_ps_55.png	images/rgb/ncih2170_antibiotics_ps_55.tif	Region of interest mask (metaphase spread, binary)	Manual	NCI-H2170	antibiotics_ps	val
images/roi_mask/ncih2170_antibiotics_ps_56_a.png	images/rgb/ncih2170_antibiotics_ps_56_a.tif	Region of interest mask (metaphase spread, binary)	Manual	NCI-H2170	antibiotics_ps	test
images/roi_mask/ncih2170_antibiotics_ps_56_b.png	images/rgb/ncih2170_antibiotics_ps_56_b.tif	Region of interest mask (metaphase spread, binary)	Manual	NCI-H2170	antibiotics_ps	train
images/roi_mask/ncih2170_antibiotics_ps_57.png	images/rgb/ncih2170_antibiotics_ps_57.tif	Region of interest mask (metaphase spread, binary)	Manual	NCI-H2170	antibiotics_ps	train
images/roi_mask/ncih2170_antibiotics_ps_58.png	images/rgb/ncih2170_antibiotics_ps_58.tif	Region of interest mask (metaphase spread, binary)	Manual	NCI-H2170	antibiotics_ps	train
images/roi_mask/ncih2170_antibiotics_ps_61.png	images/rgb/ncih2170_antibiotics_ps_61.tif	Region of interest mask (metaphase spread, binary)	Manual	NCI-H2170	antibiotics_ps	train
images/roi_mask/ncih2170_antibiotics_ps_62.png	images/rgb/ncih2170_antibiotics_ps_62.tif	Region of interest mask (metaphase spread, binary)	Manual	NCI-H2170	antibiotics_ps	train
images/roi_mask/ncih2170_antibiotics_ps_63.png	images/rgb/ncih2170_antibiotics_ps_63.tif	Region of interest mask (metaphase spread, binary)	Manual	NCI-H2170	antibiotics_ps	train
images/roi_mask/ncih2170_antibiotics_ps_64.png	images/rgb/ncih2170_antibiotics_ps_64.tif	Region of interest mask (metaphase spread, binary)	Manual	NCI-H2170	antibiotics_ps	val
images/roi_mask/ncih2170_antibiotics_ps_65.png	images/rgb/ncih2170_antibiotics_ps_65.tif	Region of interest mask (metaphase spread, binary)	Manual	NCI-H2170	antibiotics_ps	train
images/roi_mask/ncih2170_antibiotics_ps_67.png	images/rgb/ncih2170_antibiotics_ps_67.tif	Region of interest mask (metaphase spread, binary)	Manual	NCI-H2170	antibiotics_ps	train
images/roi_mask/ncih2170_antibiotics_ps_68.png	images/rgb/ncih2170_antibiotics_ps_68.tif	Region of interest mask (metaphase spread, binary)	Manual	NCI-H2170	antibiotics_ps	val
images/roi_mask/ncih2170_antibiotics_ps_69.png	images/rgb/ncih2170_antibiotics_ps_69.tif	Region of interest mask (metaphase spread, binary)	Manual	NCI-H2170	antibiotics_ps	train
images/roi_mask/ncih2170_antibiotics_ps_7.png	images/rgb/ncih2170_antibiotics_ps_7.tif	Region of interest mask (metaphase spread, binary)	Manual	NCI-H2170	antibiotics_ps	train
images/roi_mask/ncih2170_antibiotics_ps_70.png	images/rgb/ncih2170_antibiotics_ps_70.tif	Region of interest mask (metaphase spread, binary)	Manual	NCI-H2170	antibiotics_ps	val
images/roi_mask/ncih2170_antibiotics_ps_72.png	images/rgb/ncih2170_antibiotics_ps_72.tif	Region of interest mask (metaphase spread, binary)	Manual	NCI-H2170	antibiotics_ps	val
images/roi_mask/ncih2170_antibiotics_ps_73.png	images/rgb/ncih2170_antibiotics_ps_73.tif	Region of interest mask (metaphase spread, binary)	Manual	NCI-H2170	antibiotics_ps	train
images/roi_mask/ncih2170_antibiotics_ps_75.png	images/rgb/ncih2170_antibiotics_ps_75.tif	Region of interest mask (metaphase spread, binary)	Manual	NCI-H2170	antibiotics_ps	train
images/roi_mask/ncih2170_antibiotics_ps_76.png	images/rgb/ncih2170_antibiotics_ps_76.tif	Region of interest mask (metaphase spread, binary)	Manual	NCI-H2170	antibiotics_ps	train
images/roi_mask/ncih2170_antibiotics_ps_77.png	images/rgb/ncih2170_antibiotics_ps_77.tif	Region of interest mask (metaphase spread, binary)	Manual	NCI-H2170	antibiotics_ps	train
images/roi_mask/ncih2170_antibiotics_ps_78.png	images/rgb/ncih2170_antibiotics_ps_78.tif	Region of interest mask (metaphase spread, binary)	Manual	NCI-H2170	antibiotics_ps	test
images/roi_mask/ncih2170_antibiotics_ps_79.png	images/rgb/ncih2170_antibiotics_ps_79.tif	Region of interest mask (metaphase spread, binary)	Manual	NCI-H2170	antibiotics_ps	train
images/roi_mask/ncih2170_antibiotics_ps_8.png	images/rgb/ncih2170_antibiotics_ps_8.tif	Region of interest mask (metaphase spread, binary)	Manual	NCI-H2170	antibiotics_ps	train
images/roi_mask/ncih2170_antibiotics_ps_80.png	images/rgb/ncih2170_antibiotics_ps_80.tif	Region of interest mask (metaphase spread, binary)	Manual	NCI-H2170	antibiotics_ps	train
images/roi_mask/ncih2170_antibiotics_ps_81.png	images/rgb/ncih2170_antibiotics_ps_81.tif	Region of interest mask (metaphase spread, binary)	Manual	NCI-H2170	antibiotics_ps	train
images/roi_mask/ncih2170_antibiotics_ps_82.png	images/rgb/ncih2170_antibiotics_ps_82.tif	Region of interest mask (metaphase spread, binary)	Manual	NCI-H2170	antibiotics_ps	train
images/roi_mask/ncih2170_antibiotics_ps_83.png	images/rgb/ncih2170_antibiotics_ps_83.tif	Region of interest mask (metaphase spread, binary)	Manual	NCI-H2170	antibiotics_ps	train
images/roi_mask/ncih2170_antibiotics_ps_84.png	images/rgb/ncih2170_antibiotics_ps_84.tif	Region of interest mask (metaphase spread, binary)	Manual	NCI-H2170	antibiotics_ps	test
images/roi_mask/ncih2170_antibiotics_ps_85.png	images/rgb/ncih2170_antibiotics_ps_85.tif	Region of interest mask (metaphase spread, binary)	Manual	NCI-H2170	antibiotics_ps	train
images/roi_mask/ncih2170_antibiotics_ps_86.png	images/rgb/ncih2170_antibiotics_ps_86.tif	Region of interest mask (metaphase spread, binary)	Manual	NCI-H2170	antibiotics_ps	train
images/roi_mask/ncih2170_antibiotics_ps_87.png	images/rgb/ncih2170_antibiotics_ps_87.tif	Region of interest mask (metaphase spread, binary)	Manual	NCI-H2170	antibiotics_ps	train
images/roi_mask/ncih2170_antibiotics_ps_88.png	images/rgb/ncih2170_antibiotics_ps_88.tif	Region of interest mask (metaphase spread, binary)	Manual	NCI-H2170	antibiotics_ps	train
images/roi_mask/ncih2170_antibiotics_ps_89.png	images/rgb/ncih2170_antibiotics_ps_89.tif	Region of interest mask (metaphase spread, binary)	Manual	NCI-H2170	antibiotics_ps	train
images/roi_mask/ncih2170_antibiotics_ps_9.png	images/rgb/ncih2170_antibiotics_ps_9.tif	Region of interest mask (metaphase spread, binary)	Manual	NCI-H2170	antibiotics_ps	train
images/roi_mask/ncih2170_antibiotics_ps_90.png	images/rgb/ncih2170_antibiotics_ps_90.tif	Region of interest mask (metaphase spread, binary)	Manual	NCI-H2170	antibiotics_ps	test
images/roi_mask/ncih2170_antibiotics_ps_92.png	images/rgb/ncih2170_antibiotics_ps_92.tif	Region of interest mask (metaphase spread, binary)	Manual	NCI-H2170	antibiotics_ps	val
images/roi_mask/ncih2170_antibiotics_ps_94.png	images/rgb/ncih2170_antibiotics_ps_94.tif	Region of interest mask (metaphase spread, binary)	Manual	NCI-H2170	antibiotics_ps	train
images/roi_mask/ncih2170_antibiotics_ps_95.png	images/rgb/ncih2170_antibiotics_ps_95.tif	Region of interest mask (metaphase spread, binary)	Manual	NCI-H2170	antibiotics_ps	train
images/roi_mask/ncih2170_antibiotics_ps_97.png	images/rgb/ncih2170_antibiotics_ps_97.tif	Region of interest mask (metaphase spread, binary)	Manual	NCI-H2170	antibiotics_ps	train
images/roi_mask/ncih2170_antibiotics_ps_98_a.png	images/rgb/ncih2170_antibiotics_ps_98_a.tif	Region of interest mask (metaphase spread, binary)	Manual	NCI-H2170	antibiotics_ps	train
images/roi_mask/ncih2170_antibiotics_ps_98_b.png	images/rgb/ncih2170_antibiotics_ps_98_b.tif	Region of interest mask (metaphase spread, binary)	Manual	NCI-H2170	antibiotics_ps	train
images/roi_mask/ncih2170_antibiotics_ps_99.png	images/rgb/ncih2170_antibiotics_ps_99.tif	Region of interest mask (metaphase spread, binary)	Manual	NCI-H2170	antibiotics_ps	test
images/roi_mask/ncih2170_antibiotics_ps_g_100.png	images/rgb/ncih2170_antibiotics_ps_g_100.tif	Region of interest mask (metaphase spread, binary)	Manual	NCI-H2170	antibiotics_ps_g	train
images/roi_mask/ncih2170_antibiotics_ps_g_101.png	images/rgb/ncih2170_antibiotics_ps_g_101.tif	Region of interest mask (metaphase spread, binary)	Manual	NCI-H2170	antibiotics_ps_g	train
images/roi_mask/ncih2170_antibiotics_ps_g_102.png	images/rgb/ncih2170_antibiotics_ps_g_102.tif	Region of interest mask (metaphase spread, binary)	Manual	NCI-H2170	antibiotics_ps_g	test
images/roi_mask/ncih2170_antibiotics_ps_g_103.png	images/rgb/ncih2170_antibiotics_ps_g_103.tif	Region of interest mask (metaphase spread, binary)	Manual	NCI-H2170	antibiotics_ps_g	train
images/roi_mask/ncih2170_antibiotics_ps_g_104.png	images/rgb/ncih2170_antibiotics_ps_g_104.tif	Region of interest mask (metaphase spread, binary)	Manual	NCI-H2170	antibiotics_ps_g	val
images/roi_mask/ncih2170_antibiotics_ps_g_105.png	images/rgb/ncih2170_antibiotics_ps_g_105.tif	Region of interest mask (metaphase spread, binary)	Manual	NCI-H2170	antibiotics_ps_g	val
images/roi_mask/ncih2170_antibiotics_ps_g_106.png	images/rgb/ncih2170_antibiotics_ps_g_106.tif	Region of interest mask (metaphase spread, binary)	Manual	NCI-H2170	antibiotics_ps_g	train
images/roi_mask/ncih2170_antibiotics_ps_g_107_a.png	images/rgb/ncih2170_antibiotics_ps_g_107_a.tif	Region of interest mask (metaphase spread, binary)	Manual	NCI-H2170	antibiotics_ps_g	test
images/roi_mask/ncih2170_antibiotics_ps_g_108.png	images/rgb/ncih2170_antibiotics_ps_g_108.tif	Region of interest mask (metaphase spread, binary)	Manual	NCI-H2170	antibiotics_ps_g	train
images/roi_mask/ncih2170_antibiotics_ps_g_110.png	images/rgb/ncih2170_antibiotics_ps_g_110.tif	Region of interest mask (metaphase spread, binary)	Manual	NCI-H2170	antibiotics_ps_g	train
images/roi_mask/ncih2170_antibiotics_ps_g_111.png	images/rgb/ncih2170_antibiotics_ps_g_111.tif	Region of interest mask (metaphase spread, binary)	Manual	NCI-H2170	antibiotics_ps_g	train
images/roi_mask/ncih2170_antibiotics_ps_g_112.png	images/rgb/ncih2170_antibiotics_ps_g_112.tif	Region of interest mask (metaphase spread, binary)	Manual	NCI-H2170	antibiotics_ps_g	train
images/roi_mask/ncih2170_antibiotics_ps_g_113.png	images/rgb/ncih2170_antibiotics_ps_g_113.tif	Region of interest mask (metaphase spread, binary)	Manual	NCI-H2170	antibiotics_ps_g	val
images/roi_mask/ncih2170_antibiotics_ps_g_114.png	images/rgb/ncih2170_antibiotics_ps_g_114.tif	Region of interest mask (metaphase spread, binary)	Manual	NCI-H2170	antibiotics_ps_g	test
images/roi_mask/ncih2170_antibiotics_ps_g_115.png	images/rgb/ncih2170_antibiotics_ps_g_115.tif	Region of interest mask (metaphase spread, binary)	Manual	NCI-H2170	antibiotics_ps_g	test
images/roi_mask/ncih2170_antibiotics_ps_g_116.png	images/rgb/ncih2170_antibiotics_ps_g_116.tif	Region of interest mask (metaphase spread, binary)	Manual	NCI-H2170	antibiotics_ps_g	train
images/roi_mask/ncih2170_antibiotics_ps_g_36.png	images/rgb/ncih2170_antibiotics_ps_g_36.tif	Region of interest mask (metaphase spread, binary)	Manual	NCI-H2170	antibiotics_ps_g	test
images/roi_mask/ncih2170_antibiotics_ps_g_37.png	images/rgb/ncih2170_antibiotics_ps_g_37.tif	Region of interest mask (metaphase spread, binary)	Manual	NCI-H2170	antibiotics_ps_g	train
images/roi_mask/ncih2170_antibiotics_ps_g_38.png	images/rgb/ncih2170_antibiotics_ps_g_38.tif	Region of interest mask (metaphase spread, binary)	Manual	NCI-H2170	antibiotics_ps_g	val
images/roi_mask/ncih2170_antibiotics_ps_g_39.png	images/rgb/ncih2170_antibiotics_ps_g_39.tif	Region of interest mask (metaphase spread, binary)	Manual	NCI-H2170	antibiotics_ps_g	val
images/roi_mask/ncih2170_antibiotics_ps_g_40.png	images/rgb/ncih2170_antibiotics_ps_g_40.tif	Region of interest mask (metaphase spread, binary)	Manual	NCI-H2170	antibiotics_ps_g	train
images/roi_mask/ncih2170_antibiotics_ps_g_42.png	images/rgb/ncih2170_antibiotics_ps_g_42.tif	Region of interest mask (metaphase spread, binary)	Manual	NCI-H2170	antibiotics_ps_g	test
images/roi_mask/ncih2170_antibiotics_ps_g_43.png	images/rgb/ncih2170_antibiotics_ps_g_43.tif	Region of interest mask (metaphase spread, binary)	Manual	NCI-H2170	antibiotics_ps_g	train
images/roi_mask/ncih2170_antibiotics_ps_g_44_a.png	images/rgb/ncih2170_antibiotics_ps_g_44_a.tif	Region of interest mask (metaphase spread, binary)	Manual	NCI-H2170	antibiotics_ps_g	test
images/roi_mask/ncih2170_antibiotics_ps_g_45.png	images/rgb/ncih2170_antibiotics_ps_g_45.tif	Region of interest mask (metaphase spread, binary)	Manual	NCI-H2170	antibiotics_ps_g	val
images/roi_mask/ncih2170_antibiotics_ps_g_46.png	images/rgb/ncih2170_antibiotics_ps_g_46.tif	Region of interest mask (metaphase spread, binary)	Manual	NCI-H2170	antibiotics_ps_g	train
images/roi_mask/ncih2170_antibiotics_ps_g_47.png	images/rgb/ncih2170_antibiotics_ps_g_47.tif	Region of interest mask (metaphase spread, binary)	Manual	NCI-H2170	antibiotics_ps_g	train
images/roi_mask/ncih2170_antibiotics_ps_g_48.png	images/rgb/ncih2170_antibiotics_ps_g_48.tif	Region of interest mask (metaphase spread, binary)	Manual	NCI-H2170	antibiotics_ps_g	train
images/roi_mask/ncih2170_antibiotics_ps_g_49.png	images/rgb/ncih2170_antibiotics_ps_g_49.tif	Region of interest mask (metaphase spread, binary)	Manual	NCI-H2170	antibiotics_ps_g	train
images/roi_mask/ncih2170_antibiotics_ps_g_50.png	images/rgb/ncih2170_antibiotics_ps_g_50.tif	Region of interest mask (metaphase spread, binary)	Manual	NCI-H2170	antibiotics_ps_g	train
images/roi_mask/ncih2170_antibiotics_ps_g_51.png	images/rgb/ncih2170_antibiotics_ps_g_51.tif	Region of interest mask (metaphase spread, binary)	Manual	NCI-H2170	antibiotics_ps_g	val
images/roi_mask/ncih2170_antibiotics_ps_g_54.png	images/rgb/ncih2170_antibiotics_ps_g_54.tif	Region of interest mask (metaphase spread, binary)	Manual	NCI-H2170	antibiotics_ps_g	test
images/roi_mask/ncih2170_antibiotics_ps_g_55.png	images/rgb/ncih2170_antibiotics_ps_g_55.tif	Region of interest mask (metaphase spread, binary)	Manual	NCI-H2170	antibiotics_ps_g	train
images/roi_mask/ncih2170_antibiotics_ps_g_56.png	images/rgb/ncih2170_antibiotics_ps_g_56.tif	Region of interest mask (metaphase spread, binary)	Manual	NCI-H2170	antibiotics_ps_g	test
images/roi_mask/ncih2170_antibiotics_ps_g_60.png	images/rgb/ncih2170_antibiotics_ps_g_60.tif	Region of interest mask (metaphase spread, binary)	Manual	NCI-H2170	antibiotics_ps_g	train
images/roi_mask/ncih2170_antibiotics_ps_g_61.png	images/rgb/ncih2170_antibiotics_ps_g_61.tif	Region of interest mask (metaphase spread, binary)	Manual	NCI-H2170	antibiotics_ps_g	train
images/roi_mask/ncih2170_antibiotics_ps_g_62.png	images/rgb/ncih2170_antibiotics_ps_g_62.tif	Region of interest mask (metaphase spread, binary)	Manual	NCI-H2170	antibiotics_ps_g	train
images/roi_mask/ncih2170_antibiotics_ps_g_63.png	images/rgb/ncih2170_antibiotics_ps_g_63.tif	Region of interest mask (metaphase spread, binary)	Manual	NCI-H2170	antibiotics_ps_g	val
images/roi_mask/ncih2170_antibiotics_ps_g_64.png	images/rgb/ncih2170_antibiotics_ps_g_64.tif	Region of interest mask (metaphase spread, binary)	Manual	NCI-H2170	antibiotics_ps_g	test
images/roi_mask/ncih2170_antibiotics_ps_g_65.png	images/rgb/ncih2170_antibiotics_ps_g_65.tif	Region of interest mask (metaphase spread, binary)	Manual	NCI-H2170	antibiotics_ps_g	test
images/roi_mask/ncih2170_antibiotics_ps_g_66.png	images/rgb/ncih2170_antibiotics_ps_g_66.tif	Region of interest mask (metaphase spread, binary)	Manual	NCI-H2170	antibiotics_ps_g	train
images/roi_mask/ncih2170_antibiotics_ps_g_67.png	images/rgb/ncih2170_antibiotics_ps_g_67.tif	Region of interest mask (metaphase spread, binary)	Manual	NCI-H2170	antibiotics_ps_g	test
images/roi_mask/ncih2170_antibiotics_ps_g_68.png	images/rgb/ncih2170_antibiotics_ps_g_68.tif	Region of interest mask (metaphase spread, binary)	Manual	NCI-H2170	antibiotics_ps_g	test
images/roi_mask/ncih2170_antibiotics_ps_g_69.png	images/rgb/ncih2170_antibiotics_ps_g_69.tif	Region of interest mask (metaphase spread, binary)	Manual	NCI-H2170	antibiotics_ps_g	test
images/roi_mask/ncih2170_antibiotics_ps_g_71.png	images/rgb/ncih2170_antibiotics_ps_g_71.tif	Region of interest mask (metaphase spread, binary)	Manual	NCI-H2170	antibiotics_ps_g	train
images/roi_mask/ncih2170_antibiotics_ps_g_72.png	images/rgb/ncih2170_antibiotics_ps_g_72.tif	Region of interest mask (metaphase spread, binary)	Manual	NCI-H2170	antibiotics_ps_g	test
images/roi_mask/ncih2170_antibiotics_ps_g_74.png	images/rgb/ncih2170_antibiotics_ps_g_74.tif	Region of interest mask (metaphase spread, binary)	Manual	NCI-H2170	antibiotics_ps_g	train
images/roi_mask/ncih2170_antibiotics_ps_g_76.png	images/rgb/ncih2170_antibiotics_ps_g_76.tif	Region of interest mask (metaphase spread, binary)	Manual	NCI-H2170	antibiotics_ps_g	test
images/roi_mask/ncih2170_antibiotics_ps_g_77.png	images/rgb/ncih2170_antibiotics_ps_g_77.tif	Region of interest mask (metaphase spread, binary)	Manual	NCI-H2170	antibiotics_ps_g	train
images/roi_mask/ncih2170_antibiotics_ps_g_81.png	images/rgb/ncih2170_antibiotics_ps_g_81.tif	Region of interest mask (metaphase spread, binary)	Manual	NCI-H2170	antibiotics_ps_g	train
images/roi_mask/ncih2170_antibiotics_ps_g_85.png	images/rgb/ncih2170_antibiotics_ps_g_85.tif	Region of interest mask (metaphase spread, binary)	Manual	NCI-H2170	antibiotics_ps_g	train
images/roi_mask/ncih2170_antibiotics_ps_g_86.png	images/rgb/ncih2170_antibiotics_ps_g_86.tif	Region of interest mask (metaphase spread, binary)	Manual	NCI-H2170	antibiotics_ps_g	val
images/roi_mask/ncih2170_antibiotics_ps_g_88_a.png	images/rgb/ncih2170_antibiotics_ps_g_88_a.tif	Region of interest mask (metaphase spread, binary)	Manual	NCI-H2170	antibiotics_ps_g	train
images/roi_mask/ncih2170_antibiotics_ps_g_88_b.png	images/rgb/ncih2170_antibiotics_ps_g_88_b.tif	Region of interest mask (metaphase spread, binary)	Manual	NCI-H2170	antibiotics_ps_g	train
images/roi_mask/ncih2170_antibiotics_ps_g_89.png	images/rgb/ncih2170_antibiotics_ps_g_89.tif	Region of interest mask (metaphase spread, binary)	Manual	NCI-H2170	antibiotics_ps_g	val
images/roi_mask/ncih2170_antibiotics_ps_g_90.png	images/rgb/ncih2170_antibiotics_ps_g_90.tif	Region of interest mask (metaphase spread, binary)	Manual	NCI-H2170	antibiotics_ps_g	train
images/roi_mask/ncih2170_antibiotics_ps_g_91.png	images/rgb/ncih2170_antibiotics_ps_g_91.tif	Region of interest mask (metaphase spread, binary)	Manual	NCI-H2170	antibiotics_ps_g	train
images/roi_mask/ncih2170_antibiotics_ps_g_92.png	images/rgb/ncih2170_antibiotics_ps_g_92.tif	Region of interest mask (metaphase spread, binary)	Manual	NCI-H2170	antibiotics_ps_g	train
images/roi_mask/ncih2170_antibiotics_ps_g_94.png	images/rgb/ncih2170_antibiotics_ps_g_94.tif	Region of interest mask (metaphase spread, binary)	Manual	NCI-H2170	antibiotics_ps_g	train
images/roi_mask/ncih2170_antibiotics_ps_g_95.png	images/rgb/ncih2170_antibiotics_ps_g_95.tif	Region of interest mask (metaphase spread, binary)	Manual	NCI-H2170	antibiotics_ps_g	train
images/roi_mask/ncih2170_antibiotics_ps_g_96.png	images/rgb/ncih2170_antibiotics_ps_g_96.tif	Region of interest mask (metaphase spread, binary)	Manual	NCI-H2170	antibiotics_ps_g	test
images/roi_mask/ncih2170_antibiotics_ps_g_97.png	images/rgb/ncih2170_antibiotics_ps_g_97.tif	Region of interest mask (metaphase spread, binary)	Manual	NCI-H2170	antibiotics_ps_g	train
images/roi_mask/ncih2170_antibiotics_ps_g_98.png	images/rgb/ncih2170_antibiotics_ps_g_98.tif	Region of interest mask (metaphase spread, binary)	Manual	NCI-H2170	antibiotics_ps_g	train
images/roi_mask/ncih2170_antibiotics_ps_g_99.png	images/rgb/ncih2170_antibiotics_ps_g_99.tif	Region of interest mask (metaphase spread, binary)	Manual	NCI-H2170	antibiotics_ps_g	val
images/roi_mask/ncih2170_cart_72h_blank_ctrl_19.png	images/rgb/ncih2170_cart_72h_blank_ctrl_19.tif	Region of interest mask (metaphase spread, binary)	Manual	NCI-H2170	cart_72h_blank_ctrl	train
images/roi_mask/ncih2170_cart_72h_blank_ctrl_28.png	images/rgb/ncih2170_cart_72h_blank_ctrl_28.tif	Region of interest mask (metaphase spread, binary)	Manual	NCI-H2170	cart_72h_blank_ctrl	train
images/roi_mask/ncih2170_cart_72h_blank_ctrl_30.png	images/rgb/ncih2170_cart_72h_blank_ctrl_30.tif	Region of interest mask (metaphase spread, binary)	Manual	NCI-H2170	cart_72h_blank_ctrl	test
images/roi_mask/ncih2170_cart_72h_blank_ctrl_31.png	images/rgb/ncih2170_cart_72h_blank_ctrl_31.tif	Region of interest mask (metaphase spread, binary)	Manual	NCI-H2170	cart_72h_blank_ctrl	test
images/roi_mask/ncih2170_cart_72h_blank_ctrl_32.png	images/rgb/ncih2170_cart_72h_blank_ctrl_32.tif	Region of interest mask (metaphase spread, binary)	Manual	NCI-H2170	cart_72h_blank_ctrl	train
images/roi_mask/ncih2170_cart_72h_blank_ctrl_33.png	images/rgb/ncih2170_cart_72h_blank_ctrl_33.tif	Region of interest mask (metaphase spread, binary)	Manual	NCI-H2170	cart_72h_blank_ctrl	test
images/roi_mask/ncih2170_cart_72h_blank_ctrl_34.png	images/rgb/ncih2170_cart_72h_blank_ctrl_34.tif	Region of interest mask (metaphase spread, binary)	Manual	NCI-H2170	cart_72h_blank_ctrl	train
images/roi_mask/ncih2170_cart_72h_blank_ctrl_35.png	images/rgb/ncih2170_cart_72h_blank_ctrl_35.tif	Region of interest mask (metaphase spread, binary)	Manual	NCI-H2170	cart_72h_blank_ctrl	train
images/roi_mask/ncih2170_cart_72h_blank_ctrl_36.png	images/rgb/ncih2170_cart_72h_blank_ctrl_36.tif	Region of interest mask (metaphase spread, binary)	Manual	NCI-H2170	cart_72h_blank_ctrl	train
images/roi_mask/ncih2170_cart_72h_blank_ctrl_38.png	images/rgb/ncih2170_cart_72h_blank_ctrl_38.tif	Region of interest mask (metaphase spread, binary)	Manual	NCI-H2170	cart_72h_blank_ctrl	train
images/roi_mask/ncih2170_cart_72h_blank_ctrl_39.png	images/rgb/ncih2170_cart_72h_blank_ctrl_39.tif	Region of interest mask (metaphase spread, binary)	Manual	NCI-H2170	cart_72h_blank_ctrl	train
images/roi_mask/ncih2170_cart_72h_blank_ctrl_5.png	images/rgb/ncih2170_cart_72h_blank_ctrl_5.tif	Region of interest mask (metaphase spread, binary)	Manual	NCI-H2170	cart_72h_blank_ctrl	val
images/roi_mask/ncih2170_cart_72h_blank_ctrl_50.png	images/rgb/ncih2170_cart_72h_blank_ctrl_50.tif	Region of interest mask (metaphase spread, binary)	Manual	NCI-H2170	cart_72h_blank_ctrl	train
images/roi_mask/ncih2170_cart_72h_blank_ctrl_51.png	images/rgb/ncih2170_cart_72h_blank_ctrl_51.tif	Region of interest mask (metaphase spread, binary)	Manual	NCI-H2170	cart_72h_blank_ctrl	test
images/roi_mask/ncih2170_cart_72h_blank_ctrl_52.png	images/rgb/ncih2170_cart_72h_blank_ctrl_52.tif	Region of interest mask (metaphase spread, binary)	Manual	NCI-H2170	cart_72h_blank_ctrl	test
images/roi_mask/ncih2170_cart_72h_blank_ctrl_53.png	images/rgb/ncih2170_cart_72h_blank_ctrl_53.tif	Region of interest mask (metaphase spread, binary)	Manual	NCI-H2170	cart_72h_blank_ctrl	val
images/roi_mask/ncih2170_cart_72h_blank_ctrl_55.png	images/rgb/ncih2170_cart_72h_blank_ctrl_55.tif	Region of interest mask (metaphase spread, binary)	Manual	NCI-H2170	cart_72h_blank_ctrl	train
images/roi_mask/ncih2170_cart_72h_blank_ctrl_56.png	images/rgb/ncih2170_cart_72h_blank_ctrl_56.tif	Region of interest mask (metaphase spread, binary)	Manual	NCI-H2170	cart_72h_blank_ctrl	train
images/roi_mask/ncih2170_cart_72h_blank_ctrl_57.png	images/rgb/ncih2170_cart_72h_blank_ctrl_57.tif	Region of interest mask (metaphase spread, binary)	Manual	NCI-H2170	cart_72h_blank_ctrl	train
images/roi_mask/ncih2170_cart_72h_blank_ctrl_59.png	images/rgb/ncih2170_cart_72h_blank_ctrl_59.tif	Region of interest mask (metaphase spread, binary)	Manual	NCI-H2170	cart_72h_blank_ctrl	test
images/roi_mask/ncih2170_cart_72h_blank_ctrl_61.png	images/rgb/ncih2170_cart_72h_blank_ctrl_61.tif	Region of interest mask (metaphase spread, binary)	Manual	NCI-H2170	cart_72h_blank_ctrl	train
images/roi_mask/ncih2170_cart_72h_blank_ctrl_62.png	images/rgb/ncih2170_cart_72h_blank_ctrl_62.tif	Region of interest mask (metaphase spread, binary)	Manual	NCI-H2170	cart_72h_blank_ctrl	test
images/roi_mask/ncih2170_cart_72h_blank_ctrl_64.png	images/rgb/ncih2170_cart_72h_blank_ctrl_64.tif	Region of interest mask (metaphase spread, binary)	Manual	NCI-H2170	cart_72h_blank_ctrl	train
images/roi_mask/ncih2170_cart_72h_blank_ctrl_67.png	images/rgb/ncih2170_cart_72h_blank_ctrl_67.tif	Region of interest mask (metaphase spread, binary)	Manual	NCI-H2170	cart_72h_blank_ctrl	val
images/roi_mask/ncih2170_cart_72h_blank_ctrl_7.png	images/rgb/ncih2170_cart_72h_blank_ctrl_7.tif	Region of interest mask (metaphase spread, binary)	Manual	NCI-H2170	cart_72h_blank_ctrl	train
images/roi_mask/ncih2170_cart_72h_blank_ctrl_71.png	images/rgb/ncih2170_cart_72h_blank_ctrl_71.tif	Region of interest mask (metaphase spread, binary)	Manual	NCI-H2170	cart_72h_blank_ctrl	train
images/roi_mask/ncih2170_cart_72h_blank_ctrl_74.png	images/rgb/ncih2170_cart_72h_blank_ctrl_74.tif	Region of interest mask (metaphase spread, binary)	Manual	NCI-H2170	cart_72h_blank_ctrl	train
images/roi_mask/ncih2170_cart_72h_blank_ctrl_8.png	images/rgb/ncih2170_cart_72h_blank_ctrl_8.tif	Region of interest mask (metaphase spread, binary)	Manual	NCI-H2170	cart_72h_blank_ctrl	train
images/roi_mask/ncih2170_cart_72h_blank_ctrl_80.png	images/rgb/ncih2170_cart_72h_blank_ctrl_80.tif	Region of interest mask (metaphase spread, binary)	Manual	NCI-H2170	cart_72h_blank_ctrl	train
images/roi_mask/ncih2170_cart_72h_blank_ctrl_82.png	images/rgb/ncih2170_cart_72h_blank_ctrl_82.tif	Region of interest mask (metaphase spread, binary)	Manual	NCI-H2170	cart_72h_blank_ctrl	train
images/roi_mask/ncih2170_cart_72h_blank_ctrl_83.png	images/rgb/ncih2170_cart_72h_blank_ctrl_83.tif	Region of interest mask (metaphase spread, binary)	Manual	NCI-H2170	cart_72h_blank_ctrl	train
images/roi_mask/ncih2170_cart_72h_blank_ctrl_88.png	images/rgb/ncih2170_cart_72h_blank_ctrl_88.tif	Region of interest mask (metaphase spread, binary)	Manual	NCI-H2170	cart_72h_blank_ctrl	val
images/roi_mask/ncih2170_cart_72h_blank_ctrl_89.png	images/rgb/ncih2170_cart_72h_blank_ctrl_89.tif	Region of interest mask (metaphase spread, binary)	Manual	NCI-H2170	cart_72h_blank_ctrl	train
images/roi_mask/ncih2170_cart_72h_blank_ctrl_92.png	images/rgb/ncih2170_cart_72h_blank_ctrl_92.tif	Region of interest mask (metaphase spread, binary)	Manual	NCI-H2170	cart_72h_blank_ctrl	train
images/roi_mask/ncih2170_cart_72h_blank_ctrl_95.png	images/rgb/ncih2170_cart_72h_blank_ctrl_95.tif	Region of interest mask (metaphase spread, binary)	Manual	NCI-H2170	cart_72h_blank_ctrl	val
images/roi_mask/ncih2170_cart_72h_blank_ctrl_98.png	images/rgb/ncih2170_cart_72h_blank_ctrl_98.tif	Region of interest mask (metaphase spread, binary)	Manual	NCI-H2170	cart_72h_blank_ctrl	train
images/roi_mask/ncih2170_cart_72h_blank_ctrl_99.png	images/rgb/ncih2170_cart_72h_blank_ctrl_99.tif	Region of interest mask (metaphase spread, binary)	Manual	NCI-H2170	cart_72h_blank_ctrl	test
images/roi_mask/ncih2170_cart_72h_cart_1.png	images/rgb/ncih2170_cart_72h_cart_1.tif	Region of interest mask (metaphase spread, binary)	Manual	NCI-H2170	cart_72h_cart	train
images/roi_mask/ncih2170_cart_72h_cart_100.png	images/rgb/ncih2170_cart_72h_cart_100.tif	Region of interest mask (metaphase spread, binary)	Manual	NCI-H2170	cart_72h_cart	train
images/roi_mask/ncih2170_cart_72h_cart_16.png	images/rgb/ncih2170_cart_72h_cart_16.tif	Region of interest mask (metaphase spread, binary)	Manual	NCI-H2170	cart_72h_cart	train
images/roi_mask/ncih2170_cart_72h_cart_17.png	images/rgb/ncih2170_cart_72h_cart_17.tif	Region of interest mask (metaphase spread, binary)	Manual	NCI-H2170	cart_72h_cart	train
images/roi_mask/ncih2170_cart_72h_cart_20.png	images/rgb/ncih2170_cart_72h_cart_20.tif	Region of interest mask (metaphase spread, binary)	Manual	NCI-H2170	cart_72h_cart	train
images/roi_mask/ncih2170_cart_72h_cart_21.png	images/rgb/ncih2170_cart_72h_cart_21.tif	Region of interest mask (metaphase spread, binary)	Manual	NCI-H2170	cart_72h_cart	val
images/roi_mask/ncih2170_cart_72h_cart_22.png	images/rgb/ncih2170_cart_72h_cart_22.tif	Region of interest mask (metaphase spread, binary)	Manual	NCI-H2170	cart_72h_cart	train
images/roi_mask/ncih2170_cart_72h_cart_27.png	images/rgb/ncih2170_cart_72h_cart_27.tif	Region of interest mask (metaphase spread, binary)	Manual	NCI-H2170	cart_72h_cart	train
images/roi_mask/ncih2170_cart_72h_cart_31.png	images/rgb/ncih2170_cart_72h_cart_31.tif	Region of interest mask (metaphase spread, binary)	Manual	NCI-H2170	cart_72h_cart	train
images/roi_mask/ncih2170_cart_72h_cart_32.png	images/rgb/ncih2170_cart_72h_cart_32.tif	Region of interest mask (metaphase spread, binary)	Manual	NCI-H2170	cart_72h_cart	train
images/roi_mask/ncih2170_cart_72h_cart_33.png	images/rgb/ncih2170_cart_72h_cart_33.tif	Region of interest mask (metaphase spread, binary)	Manual	NCI-H2170	cart_72h_cart	train
images/roi_mask/ncih2170_cart_72h_cart_36.png	images/rgb/ncih2170_cart_72h_cart_36.tif	Region of interest mask (metaphase spread, binary)	Manual	NCI-H2170	cart_72h_cart	test
images/roi_mask/ncih2170_cart_72h_cart_38.png	images/rgb/ncih2170_cart_72h_cart_38.tif	Region of interest mask (metaphase spread, binary)	Manual	NCI-H2170	cart_72h_cart	val
images/roi_mask/ncih2170_cart_72h_cart_4.png	images/rgb/ncih2170_cart_72h_cart_4.tif	Region of interest mask (metaphase spread, binary)	Manual	NCI-H2170	cart_72h_cart	train
images/roi_mask/ncih2170_cart_72h_cart_40.png	images/rgb/ncih2170_cart_72h_cart_40.tif	Region of interest mask (metaphase spread, binary)	Manual	NCI-H2170	cart_72h_cart	train
images/roi_mask/ncih2170_cart_72h_cart_47.png	images/rgb/ncih2170_cart_72h_cart_47.tif	Region of interest mask (metaphase spread, binary)	Manual	NCI-H2170	cart_72h_cart	train
images/roi_mask/ncih2170_cart_72h_cart_49.png	images/rgb/ncih2170_cart_72h_cart_49.tif	Region of interest mask (metaphase spread, binary)	Manual	NCI-H2170	cart_72h_cart	train
images/roi_mask/ncih2170_cart_72h_cart_5.png	images/rgb/ncih2170_cart_72h_cart_5.tif	Region of interest mask (metaphase spread, binary)	Manual	NCI-H2170	cart_72h_cart	train
images/roi_mask/ncih2170_cart_72h_cart_55.png	images/rgb/ncih2170_cart_72h_cart_55.tif	Region of interest mask (metaphase spread, binary)	Manual	NCI-H2170	cart_72h_cart	test
images/roi_mask/ncih2170_cart_72h_cart_57.png	images/rgb/ncih2170_cart_72h_cart_57.tif	Region of interest mask (metaphase spread, binary)	Manual	NCI-H2170	cart_72h_cart	train
images/roi_mask/ncih2170_cart_72h_cart_60.png	images/rgb/ncih2170_cart_72h_cart_60.tif	Region of interest mask (metaphase spread, binary)	Manual	NCI-H2170	cart_72h_cart	train
images/roi_mask/ncih2170_cart_72h_cart_61.png	images/rgb/ncih2170_cart_72h_cart_61.tif	Region of interest mask (metaphase spread, binary)	Manual	NCI-H2170	cart_72h_cart	val
images/roi_mask/ncih2170_cart_72h_cart_62.png	images/rgb/ncih2170_cart_72h_cart_62.tif	Region of interest mask (metaphase spread, binary)	Manual	NCI-H2170	cart_72h_cart	test
images/roi_mask/ncih2170_cart_72h_cart_63.png	images/rgb/ncih2170_cart_72h_cart_63.tif	Region of interest mask (metaphase spread, binary)	Manual	NCI-H2170	cart_72h_cart	test
images/roi_mask/ncih2170_cart_72h_cart_64.png	images/rgb/ncih2170_cart_72h_cart_64.tif	Region of interest mask (metaphase spread, binary)	Manual	NCI-H2170	cart_72h_cart	train
images/roi_mask/ncih2170_cart_72h_cart_69.png	images/rgb/ncih2170_cart_72h_cart_69.tif	Region of interest mask (metaphase spread, binary)	Manual	NCI-H2170	cart_72h_cart	test
images/roi_mask/ncih2170_cart_72h_cart_73.png	images/rgb/ncih2170_cart_72h_cart_73.tif	Region of interest mask (metaphase spread, binary)	Manual	NCI-H2170	cart_72h_cart	train
images/roi_mask/ncih2170_cart_72h_cart_77.png	images/rgb/ncih2170_cart_72h_cart_77.tif	Region of interest mask (metaphase spread, binary)	Manual	NCI-H2170	cart_72h_cart	val
images/roi_mask/ncih2170_cart_72h_cart_78.png	images/rgb/ncih2170_cart_72h_cart_78.tif	Region of interest mask (metaphase spread, binary)	Manual	NCI-H2170	cart_72h_cart	train
images/roi_mask/ncih2170_cart_72h_cart_80.png	images/rgb/ncih2170_cart_72h_cart_80.tif	Region of interest mask (metaphase spread, binary)	Manual	NCI-H2170	cart_72h_cart	train
images/roi_mask/ncih2170_cart_72h_cart_81.png	images/rgb/ncih2170_cart_72h_cart_81.tif	Region of interest mask (metaphase spread, binary)	Manual	NCI-H2170	cart_72h_cart	val
images/roi_mask/ncih2170_cart_72h_cart_82.png	images/rgb/ncih2170_cart_72h_cart_82.tif	Region of interest mask (metaphase spread, binary)	Manual	NCI-H2170	cart_72h_cart	train
images/roi_mask/ncih2170_cart_72h_cart_83.png	images/rgb/ncih2170_cart_72h_cart_83.tif	Region of interest mask (metaphase spread, binary)	Manual	NCI-H2170	cart_72h_cart	train
images/roi_mask/ncih2170_cart_72h_cart_88.png	images/rgb/ncih2170_cart_72h_cart_88.tif	Region of interest mask (metaphase spread, binary)	Manual	NCI-H2170	cart_72h_cart	train
images/roi_mask/ncih2170_cart_72h_cart_89.png	images/rgb/ncih2170_cart_72h_cart_89.tif	Region of interest mask (metaphase spread, binary)	Manual	NCI-H2170	cart_72h_cart	train
images/roi_mask/ncih2170_cart_72h_cart_90.png	images/rgb/ncih2170_cart_72h_cart_90.tif	Region of interest mask (metaphase spread, binary)	Manual	NCI-H2170	cart_72h_cart	train
images/roi_mask/ncih2170_cart_72h_cart_91.png	images/rgb/ncih2170_cart_72h_cart_91.tif	Region of interest mask (metaphase spread, binary)	Manual	NCI-H2170	cart_72h_cart	train
images/roi_mask/ncih2170_cart_72h_cart_93.png	images/rgb/ncih2170_cart_72h_cart_93.tif	Region of interest mask (metaphase spread, binary)	Manual	NCI-H2170	cart_72h_cart	train
images/roi_mask/ncih2170_cart_72h_cart_95.png	images/rgb/ncih2170_cart_72h_cart_95.tif	Region of interest mask (metaphase spread, binary)	Manual	NCI-H2170	cart_72h_cart	train
images/roi_mask/ncih2170_cart_72h_cart_96.png	images/rgb/ncih2170_cart_72h_cart_96.tif	Region of interest mask (metaphase spread, binary)	Manual	NCI-H2170	cart_72h_cart	train
images/roi_mask/ncih2170_cart_72h_cart_97.png	images/rgb/ncih2170_cart_72h_cart_97.tif	Region of interest mask (metaphase spread, binary)	Manual	NCI-H2170	cart_72h_cart	train
images/roi_mask/ncih2170_cart_72h_cart_99.png	images/rgb/ncih2170_cart_72h_cart_99.tif	Region of interest mask (metaphase spread, binary)	Manual	NCI-H2170	cart_72h_cart	train
images/roi_mask/ncih2170_cart_72h_nt_ctrl_10.png	images/rgb/ncih2170_cart_72h_nt_ctrl_10.tif	Region of interest mask (metaphase spread, binary)	Manual	NCI-H2170	cart_72h_nt_ctrl	train
images/roi_mask/ncih2170_cart_72h_nt_ctrl_100.png	images/rgb/ncih2170_cart_72h_nt_ctrl_100.tif	Region of interest mask (metaphase spread, binary)	Manual	NCI-H2170	cart_72h_nt_ctrl	train
images/roi_mask/ncih2170_cart_72h_nt_ctrl_12.png	images/rgb/ncih2170_cart_72h_nt_ctrl_12.tif	Region of interest mask (metaphase spread, binary)	Manual	NCI-H2170	cart_72h_nt_ctrl	train
images/roi_mask/ncih2170_cart_72h_nt_ctrl_13.png	images/rgb/ncih2170_cart_72h_nt_ctrl_13.tif	Region of interest mask (metaphase spread, binary)	Manual	NCI-H2170	cart_72h_nt_ctrl	train
images/roi_mask/ncih2170_cart_72h_nt_ctrl_16.png	images/rgb/ncih2170_cart_72h_nt_ctrl_16.tif	Region of interest mask (metaphase spread, binary)	Manual	NCI-H2170	cart_72h_nt_ctrl	train
images/roi_mask/ncih2170_cart_72h_nt_ctrl_17.png	images/rgb/ncih2170_cart_72h_nt_ctrl_17.tif	Region of interest mask (metaphase spread, binary)	Manual	NCI-H2170	cart_72h_nt_ctrl	val
images/roi_mask/ncih2170_cart_72h_nt_ctrl_18.png	images/rgb/ncih2170_cart_72h_nt_ctrl_18.tif	Region of interest mask (metaphase spread, binary)	Manual	NCI-H2170	cart_72h_nt_ctrl	val
images/roi_mask/ncih2170_cart_72h_nt_ctrl_19.png	images/rgb/ncih2170_cart_72h_nt_ctrl_19.tif	Region of interest mask (metaphase spread, binary)	Manual	NCI-H2170	cart_72h_nt_ctrl	val
images/roi_mask/ncih2170_cart_72h_nt_ctrl_20.png	images/rgb/ncih2170_cart_72h_nt_ctrl_20.tif	Region of interest mask (metaphase spread, binary)	Manual	NCI-H2170	cart_72h_nt_ctrl	test
images/roi_mask/ncih2170_cart_72h_nt_ctrl_21.png	images/rgb/ncih2170_cart_72h_nt_ctrl_21.tif	Region of interest mask (metaphase spread, binary)	Manual	NCI-H2170	cart_72h_nt_ctrl	train
images/roi_mask/ncih2170_cart_72h_nt_ctrl_24.png	images/rgb/ncih2170_cart_72h_nt_ctrl_24.tif	Region of interest mask (metaphase spread, binary)	Manual	NCI-H2170	cart_72h_nt_ctrl	train
images/roi_mask/ncih2170_cart_72h_nt_ctrl_26.png	images/rgb/ncih2170_cart_72h_nt_ctrl_26.tif	Region of interest mask (metaphase spread, binary)	Manual	NCI-H2170	cart_72h_nt_ctrl	train
images/roi_mask/ncih2170_cart_72h_nt_ctrl_28.png	images/rgb/ncih2170_cart_72h_nt_ctrl_28.tif	Region of interest mask (metaphase spread, binary)	Manual	NCI-H2170	cart_72h_nt_ctrl	train
images/roi_mask/ncih2170_cart_72h_nt_ctrl_32.png	images/rgb/ncih2170_cart_72h_nt_ctrl_32.tif	Region of interest mask (metaphase spread, binary)	Manual	NCI-H2170	cart_72h_nt_ctrl	val
images/roi_mask/ncih2170_cart_72h_nt_ctrl_37.png	images/rgb/ncih2170_cart_72h_nt_ctrl_37.tif	Region of interest mask (metaphase spread, binary)	Manual	NCI-H2170	cart_72h_nt_ctrl	val
images/roi_mask/ncih2170_cart_72h_nt_ctrl_39.png	images/rgb/ncih2170_cart_72h_nt_ctrl_39.tif	Region of interest mask (metaphase spread, binary)	Manual	NCI-H2170	cart_72h_nt_ctrl	train
images/roi_mask/ncih2170_cart_72h_nt_ctrl_4.png	images/rgb/ncih2170_cart_72h_nt_ctrl_4.tif	Region of interest mask (metaphase spread, binary)	Manual	NCI-H2170	cart_72h_nt_ctrl	train
images/roi_mask/ncih2170_cart_72h_nt_ctrl_41.png	images/rgb/ncih2170_cart_72h_nt_ctrl_41.tif	Region of interest mask (metaphase spread, binary)	Manual	NCI-H2170	cart_72h_nt_ctrl	train
images/roi_mask/ncih2170_cart_72h_nt_ctrl_43.png	images/rgb/ncih2170_cart_72h_nt_ctrl_43.tif	Region of interest mask (metaphase spread, binary)	Manual	NCI-H2170	cart_72h_nt_ctrl	train
images/roi_mask/ncih2170_cart_72h_nt_ctrl_44.png	images/rgb/ncih2170_cart_72h_nt_ctrl_44.tif	Region of interest mask (metaphase spread, binary)	Manual	NCI-H2170	cart_72h_nt_ctrl	train
images/roi_mask/ncih2170_cart_72h_nt_ctrl_45.png	images/rgb/ncih2170_cart_72h_nt_ctrl_45.tif	Region of interest mask (metaphase spread, binary)	Manual	NCI-H2170	cart_72h_nt_ctrl	train
images/roi_mask/ncih2170_cart_72h_nt_ctrl_46.png	images/rgb/ncih2170_cart_72h_nt_ctrl_46.tif	Region of interest mask (metaphase spread, binary)	Manual	NCI-H2170	cart_72h_nt_ctrl	test
images/roi_mask/ncih2170_cart_72h_nt_ctrl_47.png	images/rgb/ncih2170_cart_72h_nt_ctrl_47.tif	Region of interest mask (metaphase spread, binary)	Manual	NCI-H2170	cart_72h_nt_ctrl	train
images/roi_mask/ncih2170_cart_72h_nt_ctrl_48.png	images/rgb/ncih2170_cart_72h_nt_ctrl_48.tif	Region of interest mask (metaphase spread, binary)	Manual	NCI-H2170	cart_72h_nt_ctrl	train
images/roi_mask/ncih2170_cart_72h_nt_ctrl_49.png	images/rgb/ncih2170_cart_72h_nt_ctrl_49.tif	Region of interest mask (metaphase spread, binary)	Manual	NCI-H2170	cart_72h_nt_ctrl	test
images/roi_mask/ncih2170_cart_72h_nt_ctrl_52.png	images/rgb/ncih2170_cart_72h_nt_ctrl_52.tif	Region of interest mask (metaphase spread, binary)	Manual	NCI-H2170	cart_72h_nt_ctrl	train
images/roi_mask/ncih2170_cart_72h_nt_ctrl_54.png	images/rgb/ncih2170_cart_72h_nt_ctrl_54.tif	Region of interest mask (metaphase spread, binary)	Manual	NCI-H2170	cart_72h_nt_ctrl	train
images/roi_mask/ncih2170_cart_72h_nt_ctrl_55.png	images/rgb/ncih2170_cart_72h_nt_ctrl_55.tif	Region of interest mask (metaphase spread, binary)	Manual	NCI-H2170	cart_72h_nt_ctrl	train
images/roi_mask/ncih2170_cart_72h_nt_ctrl_56.png	images/rgb/ncih2170_cart_72h_nt_ctrl_56.tif	Region of interest mask (metaphase spread, binary)	Manual	NCI-H2170	cart_72h_nt_ctrl	train
images/roi_mask/ncih2170_cart_72h_nt_ctrl_57.png	images/rgb/ncih2170_cart_72h_nt_ctrl_57.tif	Region of interest mask (metaphase spread, binary)	Manual	NCI-H2170	cart_72h_nt_ctrl	test
images/roi_mask/ncih2170_cart_72h_nt_ctrl_58.png	images/rgb/ncih2170_cart_72h_nt_ctrl_58.tif	Region of interest mask (metaphase spread, binary)	Manual	NCI-H2170	cart_72h_nt_ctrl	train
images/roi_mask/ncih2170_cart_72h_nt_ctrl_59.png	images/rgb/ncih2170_cart_72h_nt_ctrl_59.tif	Region of interest mask (metaphase spread, binary)	Manual	NCI-H2170	cart_72h_nt_ctrl	val
images/roi_mask/ncih2170_cart_72h_nt_ctrl_6.png	images/rgb/ncih2170_cart_72h_nt_ctrl_6.tif	Region of interest mask (metaphase spread, binary)	Manual	NCI-H2170	cart_72h_nt_ctrl	train
images/roi_mask/ncih2170_cart_72h_nt_ctrl_61.png	images/rgb/ncih2170_cart_72h_nt_ctrl_61.tif	Region of interest mask (metaphase spread, binary)	Manual	NCI-H2170	cart_72h_nt_ctrl	test
images/roi_mask/ncih2170_cart_72h_nt_ctrl_62.png	images/rgb/ncih2170_cart_72h_nt_ctrl_62.tif	Region of interest mask (metaphase spread, binary)	Manual	NCI-H2170	cart_72h_nt_ctrl	val
images/roi_mask/ncih2170_cart_72h_nt_ctrl_63.png	images/rgb/ncih2170_cart_72h_nt_ctrl_63.tif	Region of interest mask (metaphase spread, binary)	Manual	NCI-H2170	cart_72h_nt_ctrl	val
images/roi_mask/ncih2170_cart_72h_nt_ctrl_65.png	images/rgb/ncih2170_cart_72h_nt_ctrl_65.tif	Region of interest mask (metaphase spread, binary)	Manual	NCI-H2170	cart_72h_nt_ctrl	train
images/roi_mask/ncih2170_cart_72h_nt_ctrl_66.png	images/rgb/ncih2170_cart_72h_nt_ctrl_66.tif	Region of interest mask (metaphase spread, binary)	Manual	NCI-H2170	cart_72h_nt_ctrl	train
images/roi_mask/ncih2170_cart_72h_nt_ctrl_67.png	images/rgb/ncih2170_cart_72h_nt_ctrl_67.tif	Region of interest mask (metaphase spread, binary)	Manual	NCI-H2170	cart_72h_nt_ctrl	train
images/roi_mask/ncih2170_cart_72h_nt_ctrl_69.png	images/rgb/ncih2170_cart_72h_nt_ctrl_69.tif	Region of interest mask (metaphase spread, binary)	Manual	NCI-H2170	cart_72h_nt_ctrl	test
images/roi_mask/ncih2170_cart_72h_nt_ctrl_71.png	images/rgb/ncih2170_cart_72h_nt_ctrl_71.tif	Region of interest mask (metaphase spread, binary)	Manual	NCI-H2170	cart_72h_nt_ctrl	test
images/roi_mask/ncih2170_cart_72h_nt_ctrl_74.png	images/rgb/ncih2170_cart_72h_nt_ctrl_74.tif	Region of interest mask (metaphase spread, binary)	Manual	NCI-H2170	cart_72h_nt_ctrl	train
images/roi_mask/ncih2170_cart_72h_nt_ctrl_75.png	images/rgb/ncih2170_cart_72h_nt_ctrl_75.tif	Region of interest mask (metaphase spread, binary)	Manual	NCI-H2170	cart_72h_nt_ctrl	train
images/roi_mask/ncih2170_cart_72h_nt_ctrl_77.png	images/rgb/ncih2170_cart_72h_nt_ctrl_77.tif	Region of interest mask (metaphase spread, binary)	Manual	NCI-H2170	cart_72h_nt_ctrl	train
images/roi_mask/ncih2170_cart_72h_nt_ctrl_80.png	images/rgb/ncih2170_cart_72h_nt_ctrl_80.tif	Region of interest mask (metaphase spread, binary)	Manual	NCI-H2170	cart_72h_nt_ctrl	test
images/roi_mask/ncih2170_cart_72h_nt_ctrl_81.png	images/rgb/ncih2170_cart_72h_nt_ctrl_81.tif	Region of interest mask (metaphase spread, binary)	Manual	NCI-H2170	cart_72h_nt_ctrl	train
images/roi_mask/ncih2170_cart_72h_nt_ctrl_83.png	images/rgb/ncih2170_cart_72h_nt_ctrl_83.tif	Region of interest mask (metaphase spread, binary)	Manual	NCI-H2170	cart_72h_nt_ctrl	test
images/roi_mask/ncih2170_cart_72h_nt_ctrl_87.png	images/rgb/ncih2170_cart_72h_nt_ctrl_87.tif	Region of interest mask (metaphase spread, binary)	Manual	NCI-H2170	cart_72h_nt_ctrl	train
images/roi_mask/ncih2170_cart_72h_nt_ctrl_88.png	images/rgb/ncih2170_cart_72h_nt_ctrl_88.tif	Region of interest mask (metaphase spread, binary)	Manual	NCI-H2170	cart_72h_nt_ctrl	train
images/roi_mask/ncih2170_cart_72h_nt_ctrl_9.png	images/rgb/ncih2170_cart_72h_nt_ctrl_9.tif	Region of interest mask (metaphase spread, binary)	Manual	NCI-H2170	cart_72h_nt_ctrl	train
images/roi_mask/ncih2170_cart_72h_nt_ctrl_91.png	images/rgb/ncih2170_cart_72h_nt_ctrl_91.tif	Region of interest mask (metaphase spread, binary)	Manual	NCI-H2170	cart_72h_nt_ctrl	train
images/roi_mask/ncih2170_cart_72h_nt_ctrl_92.png	images/rgb/ncih2170_cart_72h_nt_ctrl_92.tif	Region of interest mask (metaphase spread, binary)	Manual	NCI-H2170	cart_72h_nt_ctrl	val
images/roi_mask/ncih2170_cart_72h_nt_ctrl_93.png	images/rgb/ncih2170_cart_72h_nt_ctrl_93.tif	Region of interest mask (metaphase spread, binary)	Manual	NCI-H2170	cart_72h_nt_ctrl	val
images/roi_mask/ncih2170_cart_72h_nt_ctrl_94.png	images/rgb/ncih2170_cart_72h_nt_ctrl_94.tif	Region of interest mask (metaphase spread, binary)	Manual	NCI-H2170	cart_72h_nt_ctrl	train
images/roi_mask/ncih2170_cart_72h_nt_ctrl_99.png	images/rgb/ncih2170_cart_72h_nt_ctrl_99.tif	Region of interest mask (metaphase spread, binary)	Manual	NCI-H2170	cart_72h_nt_ctrl	train
images/roi_mask/ncih2170_ctrl_1_24.png	images/rgb/ncih2170_ctrl_1_24.tif	Region of interest mask (metaphase spread, binary)	Manual	NCI-H2170	ctrl_1	train
images/roi_mask/ncih2170_ctrl_1_25.png	images/rgb/ncih2170_ctrl_1_25.tif	Region of interest mask (metaphase spread, binary)	Manual	NCI-H2170	ctrl_1	train
images/roi_mask/ncih2170_ctrl_1_27.png	images/rgb/ncih2170_ctrl_1_27.tif	Region of interest mask (metaphase spread, binary)	Manual	NCI-H2170	ctrl_1	train
images/roi_mask/ncih2170_ctrl_1_29.png	images/rgb/ncih2170_ctrl_1_29.tif	Region of interest mask (metaphase spread, binary)	Manual	NCI-H2170	ctrl_1	train
images/roi_mask/ncih2170_ctrl_1_30.png	images/rgb/ncih2170_ctrl_1_30.tif	Region of interest mask (metaphase spread, binary)	Manual	NCI-H2170	ctrl_1	test
images/roi_mask/ncih2170_ctrl_1_33.png	images/rgb/ncih2170_ctrl_1_33.tif	Region of interest mask (metaphase spread, binary)	Manual	NCI-H2170	ctrl_1	train
images/roi_mask/ncih2170_ctrl_1_37.png	images/rgb/ncih2170_ctrl_1_37.tif	Region of interest mask (metaphase spread, binary)	Manual	NCI-H2170	ctrl_1	train
images/roi_mask/ncih2170_ctrl_1_39.png	images/rgb/ncih2170_ctrl_1_39.tif	Region of interest mask (metaphase spread, binary)	Manual	NCI-H2170	ctrl_1	train
images/roi_mask/ncih2170_ctrl_1_41.png	images/rgb/ncih2170_ctrl_1_41.tif	Region of interest mask (metaphase spread, binary)	Manual	NCI-H2170	ctrl_1	train
images/roi_mask/ncih2170_ctrl_1_44.png	images/rgb/ncih2170_ctrl_1_44.tif	Region of interest mask (metaphase spread, binary)	Manual	NCI-H2170	ctrl_1	train
images/roi_mask/ncih2170_ctrl_1_45.png	images/rgb/ncih2170_ctrl_1_45.tif	Region of interest mask (metaphase spread, binary)	Manual	NCI-H2170	ctrl_1	val
images/roi_mask/ncih2170_ctrl_1_50.png	images/rgb/ncih2170_ctrl_1_50.tif	Region of interest mask (metaphase spread, binary)	Manual	NCI-H2170	ctrl_1	train
images/roi_mask/ncih2170_ctrl_1_51.png	images/rgb/ncih2170_ctrl_1_51.tif	Region of interest mask (metaphase spread, binary)	Manual	NCI-H2170	ctrl_1	train
images/roi_mask/ncih2170_ctrl_1_53.png	images/rgb/ncih2170_ctrl_1_53.tif	Region of interest mask (metaphase spread, binary)	Manual	NCI-H2170	ctrl_1	train
images/roi_mask/ncih2170_ctrl_1_54.png	images/rgb/ncih2170_ctrl_1_54.tif	Region of interest mask (metaphase spread, binary)	Manual	NCI-H2170	ctrl_1	test
images/roi_mask/ncih2170_ctrl_1_55.png	images/rgb/ncih2170_ctrl_1_55.tif	Region of interest mask (metaphase spread, binary)	Manual	NCI-H2170	ctrl_1	train
images/roi_mask/ncih2170_ctrl_1_58.png	images/rgb/ncih2170_ctrl_1_58.tif	Region of interest mask (metaphase spread, binary)	Manual	NCI-H2170	ctrl_1	test
images/roi_mask/ncih2170_ctrl_1_60.png	images/rgb/ncih2170_ctrl_1_60.tif	Region of interest mask (metaphase spread, binary)	Manual	NCI-H2170	ctrl_1	val
images/roi_mask/ncih2170_ctrl_1_61.png	images/rgb/ncih2170_ctrl_1_61.tif	Region of interest mask (metaphase spread, binary)	Manual	NCI-H2170	ctrl_1	test
images/roi_mask/ncih2170_ctrl_1_62.png	images/rgb/ncih2170_ctrl_1_62.tif	Region of interest mask (metaphase spread, binary)	Manual	NCI-H2170	ctrl_1	test
images/roi_mask/ncih2170_ctrl_1_65.png	images/rgb/ncih2170_ctrl_1_65.tif	Region of interest mask (metaphase spread, binary)	Manual	NCI-H2170	ctrl_1	train
images/roi_mask/ncih2170_ctrl_1_66.png	images/rgb/ncih2170_ctrl_1_66.tif	Region of interest mask (metaphase spread, binary)	Manual	NCI-H2170	ctrl_1	train
images/roi_mask/ncih2170_ctrl_1_68.png	images/rgb/ncih2170_ctrl_1_68.tif	Region of interest mask (metaphase spread, binary)	Manual	NCI-H2170	ctrl_1	train
images/roi_mask/ncih2170_ctrl_1_70.png	images/rgb/ncih2170_ctrl_1_70.tif	Region of interest mask (metaphase spread, binary)	Manual	NCI-H2170	ctrl_1	val
images/roi_mask/ncih2170_ctrl_1_82.png	images/rgb/ncih2170_ctrl_1_82.tif	Region of interest mask (metaphase spread, binary)	Manual	NCI-H2170	ctrl_1	train
images/roi_mask/ncih2170_ctrl_1_86.png	images/rgb/ncih2170_ctrl_1_86.tif	Region of interest mask (metaphase spread, binary)	Manual	NCI-H2170	ctrl_1	train
images/roi_mask/ncih2170_ctrl_1_88.png	images/rgb/ncih2170_ctrl_1_88.tif	Region of interest mask (metaphase spread, binary)	Manual	NCI-H2170	ctrl_1	test
images/roi_mask/ncih2170_ctrl_1_89.png	images/rgb/ncih2170_ctrl_1_89.tif	Region of interest mask (metaphase spread, binary)	Manual	NCI-H2170	ctrl_1	train
images/roi_mask/ncih2170_ctrl_1_90.png	images/rgb/ncih2170_ctrl_1_90.tif	Region of interest mask (metaphase spread, binary)	Manual	NCI-H2170	ctrl_1	test
images/roi_mask/ncih2170_ctrl_1_94.png	images/rgb/ncih2170_ctrl_1_94.tif	Region of interest mask (metaphase spread, binary)	Manual	NCI-H2170	ctrl_1	test
images/roi_mask/ncih2170_ctrl_1_95.png	images/rgb/ncih2170_ctrl_1_95.tif	Region of interest mask (metaphase spread, binary)	Manual	NCI-H2170	ctrl_1	train
images/roi_mask/ncih2170_ctrl_1_98.png	images/rgb/ncih2170_ctrl_1_98.tif	Region of interest mask (metaphase spread, binary)	Manual	NCI-H2170	ctrl_1	train
images/roi_mask/ncih2170_ctrl_1_99.png	images/rgb/ncih2170_ctrl_1_99.tif	Region of interest mask (metaphase spread, binary)	Manual	NCI-H2170	ctrl_1	train
images/roi_mask/ncih2170_ctrl_2_102.png	images/rgb/ncih2170_ctrl_2_102.tif	Region of interest mask (metaphase spread, binary)	Manual	NCI-H2170	ctrl_2	train
images/roi_mask/ncih2170_ctrl_2_103.png	images/rgb/ncih2170_ctrl_2_103.tif	Region of interest mask (metaphase spread, binary)	Manual	NCI-H2170	ctrl_2	train
images/roi_mask/ncih2170_ctrl_2_105.png	images/rgb/ncih2170_ctrl_2_105.tif	Region of interest mask (metaphase spread, binary)	Manual	NCI-H2170	ctrl_2	test
images/roi_mask/ncih2170_ctrl_2_106.png	images/rgb/ncih2170_ctrl_2_106.tif	Region of interest mask (metaphase spread, binary)	Manual	NCI-H2170	ctrl_2	train
images/roi_mask/ncih2170_ctrl_2_107.png	images/rgb/ncih2170_ctrl_2_107.tif	Region of interest mask (metaphase spread, binary)	Manual	NCI-H2170	ctrl_2	train
images/roi_mask/ncih2170_ctrl_2_110.png	images/rgb/ncih2170_ctrl_2_110.tif	Region of interest mask (metaphase spread, binary)	Manual	NCI-H2170	ctrl_2	val
images/roi_mask/ncih2170_ctrl_2_112.png	images/rgb/ncih2170_ctrl_2_112.tif	Region of interest mask (metaphase spread, binary)	Manual	NCI-H2170	ctrl_2	train
images/roi_mask/ncih2170_ctrl_2_114.png	images/rgb/ncih2170_ctrl_2_114.tif	Region of interest mask (metaphase spread, binary)	Manual	NCI-H2170	ctrl_2	train
images/roi_mask/ncih2170_ctrl_2_115.png	images/rgb/ncih2170_ctrl_2_115.tif	Region of interest mask (metaphase spread, binary)	Manual	NCI-H2170	ctrl_2	train
images/roi_mask/ncih2170_ctrl_2_116.png	images/rgb/ncih2170_ctrl_2_116.tif	Region of interest mask (metaphase spread, binary)	Manual	NCI-H2170	ctrl_2	train
images/roi_mask/ncih2170_ctrl_2_117.png	images/rgb/ncih2170_ctrl_2_117.tif	Region of interest mask (metaphase spread, binary)	Manual	NCI-H2170	ctrl_2	train
images/roi_mask/ncih2170_ctrl_2_118.png	images/rgb/ncih2170_ctrl_2_118.tif	Region of interest mask (metaphase spread, binary)	Manual	NCI-H2170	ctrl_2	train
images/roi_mask/ncih2170_ctrl_2_119.png	images/rgb/ncih2170_ctrl_2_119.tif	Region of interest mask (metaphase spread, binary)	Manual	NCI-H2170	ctrl_2	train
images/roi_mask/ncih2170_ctrl_2_121.png	images/rgb/ncih2170_ctrl_2_121.tif	Region of interest mask (metaphase spread, binary)	Manual	NCI-H2170	ctrl_2	train
images/roi_mask/ncih2170_ctrl_2_122.png	images/rgb/ncih2170_ctrl_2_122.tif	Region of interest mask (metaphase spread, binary)	Manual	NCI-H2170	ctrl_2	train
images/roi_mask/ncih2170_ctrl_2_123.png	images/rgb/ncih2170_ctrl_2_123.tif	Region of interest mask (metaphase spread, binary)	Manual	NCI-H2170	ctrl_2	val
images/roi_mask/ncih2170_ctrl_2_124.png	images/rgb/ncih2170_ctrl_2_124.tif	Region of interest mask (metaphase spread, binary)	Manual	NCI-H2170	ctrl_2	train
images/roi_mask/ncih2170_ctrl_2_125.png	images/rgb/ncih2170_ctrl_2_125.tif	Region of interest mask (metaphase spread, binary)	Manual	NCI-H2170	ctrl_2	train
images/roi_mask/ncih2170_ctrl_2_126.png	images/rgb/ncih2170_ctrl_2_126.tif	Region of interest mask (metaphase spread, binary)	Manual	NCI-H2170	ctrl_2	val
images/roi_mask/ncih2170_ctrl_2_127.png	images/rgb/ncih2170_ctrl_2_127.tif	Region of interest mask (metaphase spread, binary)	Manual	NCI-H2170	ctrl_2	train
images/roi_mask/ncih2170_ctrl_2_129.png	images/rgb/ncih2170_ctrl_2_129.tif	Region of interest mask (metaphase spread, binary)	Manual	NCI-H2170	ctrl_2	train
images/roi_mask/ncih2170_ctrl_2_130.png	images/rgb/ncih2170_ctrl_2_130.tif	Region of interest mask (metaphase spread, binary)	Manual	NCI-H2170	ctrl_2	train
images/roi_mask/ncih2170_ctrl_2_132.png	images/rgb/ncih2170_ctrl_2_132.tif	Region of interest mask (metaphase spread, binary)	Manual	NCI-H2170	ctrl_2	test
images/roi_mask/ncih2170_ctrl_2_133.png	images/rgb/ncih2170_ctrl_2_133.tif	Region of interest mask (metaphase spread, binary)	Manual	NCI-H2170	ctrl_2	val
images/roi_mask/ncih2170_ctrl_2_134.png	images/rgb/ncih2170_ctrl_2_134.tif	Region of interest mask (metaphase spread, binary)	Manual	NCI-H2170	ctrl_2	train
images/roi_mask/ncih2170_ctrl_2_136.png	images/rgb/ncih2170_ctrl_2_136.tif	Region of interest mask (metaphase spread, binary)	Manual	NCI-H2170	ctrl_2	train
images/roi_mask/ncih2170_ctrl_2_139.png	images/rgb/ncih2170_ctrl_2_139.tif	Region of interest mask (metaphase spread, binary)	Manual	NCI-H2170	ctrl_2	test
images/roi_mask/ncih2170_ctrl_2_141.png	images/rgb/ncih2170_ctrl_2_141.tif	Region of interest mask (metaphase spread, binary)	Manual	NCI-H2170	ctrl_2	train
images/roi_mask/ncih2170_ctrl_2_143.png	images/rgb/ncih2170_ctrl_2_143.tif	Region of interest mask (metaphase spread, binary)	Manual	NCI-H2170	ctrl_2	val
images/roi_mask/ncih2170_ctrl_2_22.png	images/rgb/ncih2170_ctrl_2_22.tif	Region of interest mask (metaphase spread, binary)	Manual	NCI-H2170	ctrl_2	train
images/roi_mask/ncih2170_ctrl_2_24.png	images/rgb/ncih2170_ctrl_2_24.tif	Region of interest mask (metaphase spread, binary)	Manual	NCI-H2170	ctrl_2	test
images/roi_mask/ncih2170_ctrl_2_27.png	images/rgb/ncih2170_ctrl_2_27.tif	Region of interest mask (metaphase spread, binary)	Manual	NCI-H2170	ctrl_2	val
images/roi_mask/ncih2170_ctrl_2_28.png	images/rgb/ncih2170_ctrl_2_28.tif	Region of interest mask (metaphase spread, binary)	Manual	NCI-H2170	ctrl_2	train
images/roi_mask/ncih2170_ctrl_2_29.png	images/rgb/ncih2170_ctrl_2_29.tif	Region of interest mask (metaphase spread, binary)	Manual	NCI-H2170	ctrl_2	train
images/roi_mask/ncih2170_ctrl_2_30.png	images/rgb/ncih2170_ctrl_2_30.tif	Region of interest mask (metaphase spread, binary)	Manual	NCI-H2170	ctrl_2	train
images/roi_mask/ncih2170_ctrl_2_31.png	images/rgb/ncih2170_ctrl_2_31.tif	Region of interest mask (metaphase spread, binary)	Manual	NCI-H2170	ctrl_2	val
images/roi_mask/ncih2170_ctrl_2_35.png	images/rgb/ncih2170_ctrl_2_35.tif	Region of interest mask (metaphase spread, binary)	Manual	NCI-H2170	ctrl_2	train
images/roi_mask/ncih2170_ctrl_2_40.png	images/rgb/ncih2170_ctrl_2_40.tif	Region of interest mask (metaphase spread, binary)	Manual	NCI-H2170	ctrl_2	train
images/roi_mask/ncih2170_ctrl_2_41.png	images/rgb/ncih2170_ctrl_2_41.tif	Region of interest mask (metaphase spread, binary)	Manual	NCI-H2170	ctrl_2	train
images/roi_mask/ncih2170_ctrl_2_92.png	images/rgb/ncih2170_ctrl_2_92.tif	Region of interest mask (metaphase spread, binary)	Manual	NCI-H2170	ctrl_2	train
images/roi_mask/ncih2170_ctrl_2_93.png	images/rgb/ncih2170_ctrl_2_93.tif	Region of interest mask (metaphase spread, binary)	Manual	NCI-H2170	ctrl_2	train
images/roi_mask/ncih2170_ctrl_2_94.png	images/rgb/ncih2170_ctrl_2_94.tif	Region of interest mask (metaphase spread, binary)	Manual	NCI-H2170	ctrl_2	train
images/roi_mask/ncih2170_ctrl_2_96.png	images/rgb/ncih2170_ctrl_2_96.tif	Region of interest mask (metaphase spread, binary)	Manual	NCI-H2170	ctrl_2	test
images/roi_mask/ncih2170_ctrl_2_99.png	images/rgb/ncih2170_ctrl_2_99.tif	Region of interest mask (metaphase spread, binary)	Manual	NCI-H2170	ctrl_2	train
images/roi_mask/ncih2170_facs_fish_0223_high_her2_10.png	images/rgb/ncih2170_facs_fish_0223_high_her2_10.tif	Region of interest mask (metaphase spread, binary)	Manual	NCI-H2170	facs_fish_0223_high_her2	train
images/roi_mask/ncih2170_facs_fish_0223_high_her2_11.png	images/rgb/ncih2170_facs_fish_0223_high_her2_11.tif	Region of interest mask (metaphase spread, binary)	Manual	NCI-H2170	facs_fish_0223_high_her2	train
images/roi_mask/ncih2170_facs_fish_0223_high_her2_13.png	images/rgb/ncih2170_facs_fish_0223_high_her2_13.tif	Region of interest mask (metaphase spread, binary)	Manual	NCI-H2170	facs_fish_0223_high_her2	test
images/roi_mask/ncih2170_facs_fish_0223_high_her2_16.png	images/rgb/ncih2170_facs_fish_0223_high_her2_16.tif	Region of interest mask (metaphase spread, binary)	Manual	NCI-H2170	facs_fish_0223_high_her2	train
images/roi_mask/ncih2170_facs_fish_0223_high_her2_18.png	images/rgb/ncih2170_facs_fish_0223_high_her2_18.tif	Region of interest mask (metaphase spread, binary)	Manual	NCI-H2170	facs_fish_0223_high_her2	train
images/roi_mask/ncih2170_facs_fish_0223_high_her2_19.png	images/rgb/ncih2170_facs_fish_0223_high_her2_19.tif	Region of interest mask (metaphase spread, binary)	Manual	NCI-H2170	facs_fish_0223_high_her2	val
images/roi_mask/ncih2170_facs_fish_0223_high_her2_2.png	images/rgb/ncih2170_facs_fish_0223_high_her2_2.tif	Region of interest mask (metaphase spread, binary)	Manual	NCI-H2170	facs_fish_0223_high_her2	train
images/roi_mask/ncih2170_facs_fish_0223_high_her2_20.png	images/rgb/ncih2170_facs_fish_0223_high_her2_20.tif	Region of interest mask (metaphase spread, binary)	Manual	NCI-H2170	facs_fish_0223_high_her2	val
images/roi_mask/ncih2170_facs_fish_0223_high_her2_3.png	images/rgb/ncih2170_facs_fish_0223_high_her2_3.tif	Region of interest mask (metaphase spread, binary)	Manual	NCI-H2170	facs_fish_0223_high_her2	train
images/roi_mask/ncih2170_facs_fish_0223_high_her2_4.png	images/rgb/ncih2170_facs_fish_0223_high_her2_4.tif	Region of interest mask (metaphase spread, binary)	Manual	NCI-H2170	facs_fish_0223_high_her2	train
images/roi_mask/ncih2170_facs_fish_0223_high_her2_5.png	images/rgb/ncih2170_facs_fish_0223_high_her2_5.tif	Region of interest mask (metaphase spread, binary)	Manual	NCI-H2170	facs_fish_0223_high_her2	train
images/roi_mask/ncih2170_facs_fish_0223_high_her2_6.png	images/rgb/ncih2170_facs_fish_0223_high_her2_6.tif	Region of interest mask (metaphase spread, binary)	Manual	NCI-H2170	facs_fish_0223_high_her2	train
images/roi_mask/ncih2170_facs_fish_0223_high_her2_7.png	images/rgb/ncih2170_facs_fish_0223_high_her2_7.tif	Region of interest mask (metaphase spread, binary)	Manual	NCI-H2170	facs_fish_0223_high_her2	test
images/roi_mask/ncih2170_facs_fish_0223_high_her2_8.png	images/rgb/ncih2170_facs_fish_0223_high_her2_8.tif	Region of interest mask (metaphase spread, binary)	Manual	NCI-H2170	facs_fish_0223_high_her2	train
images/roi_mask/ncih2170_facs_fish_0223_high_her2_9.png	images/rgb/ncih2170_facs_fish_0223_high_her2_9.tif	Region of interest mask (metaphase spread, binary)	Manual	NCI-H2170	facs_fish_0223_high_her2	train
images/roi_mask/ncih2170_facs_fish_0223_low_her2_10.png	images/rgb/ncih2170_facs_fish_0223_low_her2_10.tif	Region of interest mask (metaphase spread, binary)	Manual	NCI-H2170	facs_fish_0223_low_her2	train
images/roi_mask/ncih2170_facs_fish_0223_low_her2_12.png	images/rgb/ncih2170_facs_fish_0223_low_her2_12.tif	Region of interest mask (metaphase spread, binary)	Manual	NCI-H2170	facs_fish_0223_low_her2	val
images/roi_mask/ncih2170_facs_fish_0223_low_her2_19.png	images/rgb/ncih2170_facs_fish_0223_low_her2_19.tif	Region of interest mask (metaphase spread, binary)	Manual	NCI-H2170	facs_fish_0223_low_her2	test
images/roi_mask/ncih2170_facs_fish_0223_low_her2_2.png	images/rgb/ncih2170_facs_fish_0223_low_her2_2.tif	Region of interest mask (metaphase spread, binary)	Manual	NCI-H2170	facs_fish_0223_low_her2	test
images/roi_mask/ncih2170_facs_fish_0223_low_her2_6.png	images/rgb/ncih2170_facs_fish_0223_low_her2_6.tif	Region of interest mask (metaphase spread, binary)	Manual	NCI-H2170	facs_fish_0223_low_her2	test
images/roi_mask/ncih2170_facs_fish_0223_low_her2_9.png	images/rgb/ncih2170_facs_fish_0223_low_her2_9.tif	Region of interest mask (metaphase spread, binary)	Manual	NCI-H2170	facs_fish_0223_low_her2	train
images/roi_mask/ncih2170_facs_fish_0423_high_her2_21.png	images/rgb/ncih2170_facs_fish_0423_high_her2_21.tif	Region of interest mask (metaphase spread, binary)	Manual	NCI-H2170	facs_fish_0423_high_her2	train
images/roi_mask/ncih2170_facs_fish_0423_high_her2_23.png	images/rgb/ncih2170_facs_fish_0423_high_her2_23.tif	Region of interest mask (metaphase spread, binary)	Manual	NCI-H2170	facs_fish_0423_high_her2	train
images/roi_mask/ncih2170_facs_fish_0423_high_her2_24.png	images/rgb/ncih2170_facs_fish_0423_high_her2_24.tif	Region of interest mask (metaphase spread, binary)	Manual	NCI-H2170	facs_fish_0423_high_her2	train
images/roi_mask/ncih2170_facs_fish_0423_high_her2_25.png	images/rgb/ncih2170_facs_fish_0423_high_her2_25.tif	Region of interest mask (metaphase spread, binary)	Manual	NCI-H2170	facs_fish_0423_high_her2	train
images/roi_mask/ncih2170_facs_fish_0423_high_her2_27.png	images/rgb/ncih2170_facs_fish_0423_high_her2_27.tif	Region of interest mask (metaphase spread, binary)	Manual	NCI-H2170	facs_fish_0423_high_her2	test
images/roi_mask/ncih2170_facs_fish_0423_low_her2_10.png	images/rgb/ncih2170_facs_fish_0423_low_her2_10.tif	Region of interest mask (metaphase spread, binary)	Manual	NCI-H2170	facs_fish_0423_low_her2	test
images/roi_mask/ncih2170_facs_fish_0423_low_her2_101.png	images/rgb/ncih2170_facs_fish_0423_low_her2_101.tif	Region of interest mask (metaphase spread, binary)	Manual	NCI-H2170	facs_fish_0423_low_her2	train
images/roi_mask/ncih2170_facs_fish_0423_low_her2_104.png	images/rgb/ncih2170_facs_fish_0423_low_her2_104.tif	Region of interest mask (metaphase spread, binary)	Manual	NCI-H2170	facs_fish_0423_low_her2	train
images/roi_mask/ncih2170_facs_fish_0423_low_her2_105.png	images/rgb/ncih2170_facs_fish_0423_low_her2_105.tif	Region of interest mask (metaphase spread, binary)	Manual	NCI-H2170	facs_fish_0423_low_her2	train
images/roi_mask/ncih2170_facs_fish_0423_low_her2_109.png	images/rgb/ncih2170_facs_fish_0423_low_her2_109.tif	Region of interest mask (metaphase spread, binary)	Manual	NCI-H2170	facs_fish_0423_low_her2	train
images/roi_mask/ncih2170_facs_fish_0423_low_her2_11.png	images/rgb/ncih2170_facs_fish_0423_low_her2_11.tif	Region of interest mask (metaphase spread, binary)	Manual	NCI-H2170	facs_fish_0423_low_her2	test
images/roi_mask/ncih2170_facs_fish_0423_low_her2_111.png	images/rgb/ncih2170_facs_fish_0423_low_her2_111.tif	Region of interest mask (metaphase spread, binary)	Manual	NCI-H2170	facs_fish_0423_low_her2	train
images/roi_mask/ncih2170_facs_fish_0423_low_her2_115.png	images/rgb/ncih2170_facs_fish_0423_low_her2_115.tif	Region of interest mask (metaphase spread, binary)	Manual	NCI-H2170	facs_fish_0423_low_her2	val
images/roi_mask/ncih2170_facs_fish_0423_low_her2_118.png	images/rgb/ncih2170_facs_fish_0423_low_her2_118.tif	Region of interest mask (metaphase spread, binary)	Manual	NCI-H2170	facs_fish_0423_low_her2	train
images/roi_mask/ncih2170_facs_fish_0423_low_her2_14.png	images/rgb/ncih2170_facs_fish_0423_low_her2_14.tif	Region of interest mask (metaphase spread, binary)	Manual	NCI-H2170	facs_fish_0423_low_her2	val
images/roi_mask/ncih2170_facs_fish_0423_low_her2_16.png	images/rgb/ncih2170_facs_fish_0423_low_her2_16.tif	Region of interest mask (metaphase spread, binary)	Manual	NCI-H2170	facs_fish_0423_low_her2	train
images/roi_mask/ncih2170_facs_fish_0423_low_her2_18.png	images/rgb/ncih2170_facs_fish_0423_low_her2_18.tif	Region of interest mask (metaphase spread, binary)	Manual	NCI-H2170	facs_fish_0423_low_her2	train
images/roi_mask/ncih2170_facs_fish_0423_low_her2_20.png	images/rgb/ncih2170_facs_fish_0423_low_her2_20.tif	Region of interest mask (metaphase spread, binary)	Manual	NCI-H2170	facs_fish_0423_low_her2	train
images/roi_mask/ncih2170_facs_fish_0423_low_her2_21.png	images/rgb/ncih2170_facs_fish_0423_low_her2_21.tif	Region of interest mask (metaphase spread, binary)	Manual	NCI-H2170	facs_fish_0423_low_her2	val
images/roi_mask/ncih2170_facs_fish_0423_low_her2_22.png	images/rgb/ncih2170_facs_fish_0423_low_her2_22.tif	Region of interest mask (metaphase spread, binary)	Manual	NCI-H2170	facs_fish_0423_low_her2	train
images/roi_mask/ncih2170_facs_fish_0423_low_her2_28.png	images/rgb/ncih2170_facs_fish_0423_low_her2_28.tif	Region of interest mask (metaphase spread, binary)	Manual	NCI-H2170	facs_fish_0423_low_her2	test
images/roi_mask/ncih2170_facs_fish_0423_low_her2_3.png	images/rgb/ncih2170_facs_fish_0423_low_her2_3.tif	Region of interest mask (metaphase spread, binary)	Manual	NCI-H2170	facs_fish_0423_low_her2	train
images/roi_mask/ncih2170_facs_fish_0423_low_her2_30.png	images/rgb/ncih2170_facs_fish_0423_low_her2_30.tif	Region of interest mask (metaphase spread, binary)	Manual	NCI-H2170	facs_fish_0423_low_her2	train
images/roi_mask/ncih2170_facs_fish_0423_low_her2_31_b.png	images/rgb/ncih2170_facs_fish_0423_low_her2_31_b.tif	Region of interest mask (metaphase spread, binary)	Manual	NCI-H2170	facs_fish_0423_low_her2	train
images/roi_mask/ncih2170_facs_fish_0423_low_her2_35.png	images/rgb/ncih2170_facs_fish_0423_low_her2_35.tif	Region of interest mask (metaphase spread, binary)	Manual	NCI-H2170	facs_fish_0423_low_her2	train
images/roi_mask/ncih2170_facs_fish_0423_low_her2_37.png	images/rgb/ncih2170_facs_fish_0423_low_her2_37.tif	Region of interest mask (metaphase spread, binary)	Manual	NCI-H2170	facs_fish_0423_low_her2	train
images/roi_mask/ncih2170_facs_fish_0423_low_her2_4.png	images/rgb/ncih2170_facs_fish_0423_low_her2_4.tif	Region of interest mask (metaphase spread, binary)	Manual	NCI-H2170	facs_fish_0423_low_her2	train
images/roi_mask/ncih2170_facs_fish_0423_low_her2_43.png	images/rgb/ncih2170_facs_fish_0423_low_her2_43.tif	Region of interest mask (metaphase spread, binary)	Manual	NCI-H2170	facs_fish_0423_low_her2	test
images/roi_mask/ncih2170_facs_fish_0423_low_her2_44.png	images/rgb/ncih2170_facs_fish_0423_low_her2_44.tif	Region of interest mask (metaphase spread, binary)	Manual	NCI-H2170	facs_fish_0423_low_her2	train
images/roi_mask/ncih2170_facs_fish_0423_low_her2_46.png	images/rgb/ncih2170_facs_fish_0423_low_her2_46.tif	Region of interest mask (metaphase spread, binary)	Manual	NCI-H2170	facs_fish_0423_low_her2	train
images/roi_mask/ncih2170_facs_fish_0423_low_her2_48.png	images/rgb/ncih2170_facs_fish_0423_low_her2_48.tif	Region of interest mask (metaphase spread, binary)	Manual	NCI-H2170	facs_fish_0423_low_her2	train
images/roi_mask/ncih2170_facs_fish_0423_low_her2_49.png	images/rgb/ncih2170_facs_fish_0423_low_her2_49.tif	Region of interest mask (metaphase spread, binary)	Manual	NCI-H2170	facs_fish_0423_low_her2	val
images/roi_mask/ncih2170_facs_fish_0423_low_her2_56.png	images/rgb/ncih2170_facs_fish_0423_low_her2_56.tif	Region of interest mask (metaphase spread, binary)	Manual	NCI-H2170	facs_fish_0423_low_her2	test
images/roi_mask/ncih2170_facs_fish_0423_low_her2_59.png	images/rgb/ncih2170_facs_fish_0423_low_her2_59.tif	Region of interest mask (metaphase spread, binary)	Manual	NCI-H2170	facs_fish_0423_low_her2	train
images/roi_mask/ncih2170_facs_fish_0423_low_her2_64.png	images/rgb/ncih2170_facs_fish_0423_low_her2_64.tif	Region of interest mask (metaphase spread, binary)	Manual	NCI-H2170	facs_fish_0423_low_her2	val
images/roi_mask/ncih2170_facs_fish_0423_low_her2_65.png	images/rgb/ncih2170_facs_fish_0423_low_her2_65.tif	Region of interest mask (metaphase spread, binary)	Manual	NCI-H2170	facs_fish_0423_low_her2	val
images/roi_mask/ncih2170_facs_fish_0423_low_her2_66.png	images/rgb/ncih2170_facs_fish_0423_low_her2_66.tif	Region of interest mask (metaphase spread, binary)	Manual	NCI-H2170	facs_fish_0423_low_her2	train
images/roi_mask/ncih2170_facs_fish_0423_low_her2_68.png	images/rgb/ncih2170_facs_fish_0423_low_her2_68.tif	Region of interest mask (metaphase spread, binary)	Manual	NCI-H2170	facs_fish_0423_low_her2	train
images/roi_mask/ncih2170_facs_fish_0423_low_her2_7.png	images/rgb/ncih2170_facs_fish_0423_low_her2_7.tif	Region of interest mask (metaphase spread, binary)	Manual	NCI-H2170	facs_fish_0423_low_her2	train
images/roi_mask/ncih2170_facs_fish_0423_low_her2_71.png	images/rgb/ncih2170_facs_fish_0423_low_her2_71.tif	Region of interest mask (metaphase spread, binary)	Manual	NCI-H2170	facs_fish_0423_low_her2	train
images/roi_mask/ncih2170_facs_fish_0423_low_her2_72.png	images/rgb/ncih2170_facs_fish_0423_low_her2_72.tif	Region of interest mask (metaphase spread, binary)	Manual	NCI-H2170	facs_fish_0423_low_her2	train
images/roi_mask/ncih2170_facs_fish_0423_low_her2_74.png	images/rgb/ncih2170_facs_fish_0423_low_her2_74.tif	Region of interest mask (metaphase spread, binary)	Manual	NCI-H2170	facs_fish_0423_low_her2	train
images/roi_mask/ncih2170_facs_fish_0423_low_her2_75.png	images/rgb/ncih2170_facs_fish_0423_low_her2_75.tif	Region of interest mask (metaphase spread, binary)	Manual	NCI-H2170	facs_fish_0423_low_her2	train
images/roi_mask/ncih2170_facs_fish_0423_low_her2_76.png	images/rgb/ncih2170_facs_fish_0423_low_her2_76.tif	Region of interest mask (metaphase spread, binary)	Manual	NCI-H2170	facs_fish_0423_low_her2	train
images/roi_mask/ncih2170_facs_fish_0423_low_her2_8.png	images/rgb/ncih2170_facs_fish_0423_low_her2_8.tif	Region of interest mask (metaphase spread, binary)	Manual	NCI-H2170	facs_fish_0423_low_her2	test
images/roi_mask/ncih2170_facs_fish_0423_low_her2_83.png	images/rgb/ncih2170_facs_fish_0423_low_her2_83.tif	Region of interest mask (metaphase spread, binary)	Manual	NCI-H2170	facs_fish_0423_low_her2	val
images/roi_mask/ncih2170_facs_fish_0423_low_her2_87.png	images/rgb/ncih2170_facs_fish_0423_low_her2_87.tif	Region of interest mask (metaphase spread, binary)	Manual	NCI-H2170	facs_fish_0423_low_her2	test
images/roi_mask/ncih2170_facs_fish_0423_low_her2_9.png	images/rgb/ncih2170_facs_fish_0423_low_her2_9.tif	Region of interest mask (metaphase spread, binary)	Manual	NCI-H2170	facs_fish_0423_low_her2	train
images/roi_mask/ncih2170_facs_fish_0423_low_her2_91.png	images/rgb/ncih2170_facs_fish_0423_low_her2_91.tif	Region of interest mask (metaphase spread, binary)	Manual	NCI-H2170	facs_fish_0423_low_her2	test
images/roi_mask/ncih2170_facs_fish_0423_low_her2_94.png	images/rgb/ncih2170_facs_fish_0423_low_her2_94.tif	Region of interest mask (metaphase spread, binary)	Manual	NCI-H2170	facs_fish_0423_low_her2	test
images/roi_mask/ncih2170_facs_fish_0423_low_her2_95.png	images/rgb/ncih2170_facs_fish_0423_low_her2_95.tif	Region of interest mask (metaphase spread, binary)	Manual	NCI-H2170	facs_fish_0423_low_her2	train
images/roi_mask/ncih2170_facs_fish_0423_low_her2_97.png	images/rgb/ncih2170_facs_fish_0423_low_her2_97.tif	Region of interest mask (metaphase spread, binary)	Manual	NCI-H2170	facs_fish_0423_low_her2	train
images/roi_mask/ncih2170_facs_fish_0423_low_her2_98.png	images/rgb/ncih2170_facs_fish_0423_low_her2_98.tif	Region of interest mask (metaphase spread, binary)	Manual	NCI-H2170	facs_fish_0423_low_her2	train
images/roi_mask/ncih2170_facs_fish_0723_high_her2_1.png	images/rgb/ncih2170_facs_fish_0723_high_her2_1.tif	Region of interest mask (metaphase spread, binary)	Manual	NCI-H2170	facs_fish_0723_high_her2	val
images/roi_mask/ncih2170_facs_fish_0723_high_her2_10.png	images/rgb/ncih2170_facs_fish_0723_high_her2_10.tif	Region of interest mask (metaphase spread, binary)	Manual	NCI-H2170	facs_fish_0723_high_her2	train
images/roi_mask/ncih2170_facs_fish_0723_high_her2_102.png	images/rgb/ncih2170_facs_fish_0723_high_her2_102.tif	Region of interest mask (metaphase spread, binary)	Manual	NCI-H2170	facs_fish_0723_high_her2	train
images/roi_mask/ncih2170_facs_fish_0723_high_her2_103.png	images/rgb/ncih2170_facs_fish_0723_high_her2_103.tif	Region of interest mask (metaphase spread, binary)	Manual	NCI-H2170	facs_fish_0723_high_her2	train
images/roi_mask/ncih2170_facs_fish_0723_high_her2_104.png	images/rgb/ncih2170_facs_fish_0723_high_her2_104.tif	Region of interest mask (metaphase spread, binary)	Manual	NCI-H2170	facs_fish_0723_high_her2	train
images/roi_mask/ncih2170_facs_fish_0723_high_her2_108.png	images/rgb/ncih2170_facs_fish_0723_high_her2_108.tif	Region of interest mask (metaphase spread, binary)	Manual	NCI-H2170	facs_fish_0723_high_her2	test
images/roi_mask/ncih2170_facs_fish_0723_high_her2_109.png	images/rgb/ncih2170_facs_fish_0723_high_her2_109.tif	Region of interest mask (metaphase spread, binary)	Manual	NCI-H2170	facs_fish_0723_high_her2	train
images/roi_mask/ncih2170_facs_fish_0723_high_her2_11.png	images/rgb/ncih2170_facs_fish_0723_high_her2_11.tif	Region of interest mask (metaphase spread, binary)	Manual	NCI-H2170	facs_fish_0723_high_her2	val
images/roi_mask/ncih2170_facs_fish_0723_high_her2_110.png	images/rgb/ncih2170_facs_fish_0723_high_her2_110.tif	Region of interest mask (metaphase spread, binary)	Manual	NCI-H2170	facs_fish_0723_high_her2	test
images/roi_mask/ncih2170_facs_fish_0723_high_her2_111.png	images/rgb/ncih2170_facs_fish_0723_high_her2_111.tif	Region of interest mask (metaphase spread, binary)	Manual	NCI-H2170	facs_fish_0723_high_her2	test
images/roi_mask/ncih2170_facs_fish_0723_high_her2_113.png	images/rgb/ncih2170_facs_fish_0723_high_her2_113.tif	Region of interest mask (metaphase spread, binary)	Manual	NCI-H2170	facs_fish_0723_high_her2	train
images/roi_mask/ncih2170_facs_fish_0723_high_her2_114.png	images/rgb/ncih2170_facs_fish_0723_high_her2_114.tif	Region of interest mask (metaphase spread, binary)	Manual	NCI-H2170	facs_fish_0723_high_her2	train
images/roi_mask/ncih2170_facs_fish_0723_high_her2_116.png	images/rgb/ncih2170_facs_fish_0723_high_her2_116.tif	Region of interest mask (metaphase spread, binary)	Manual	NCI-H2170	facs_fish_0723_high_her2	train
images/roi_mask/ncih2170_facs_fish_0723_high_her2_12.png	images/rgb/ncih2170_facs_fish_0723_high_her2_12.tif	Region of interest mask (metaphase spread, binary)	Manual	NCI-H2170	facs_fish_0723_high_her2	train
images/roi_mask/ncih2170_facs_fish_0723_high_her2_120.png	images/rgb/ncih2170_facs_fish_0723_high_her2_120.tif	Region of interest mask (metaphase spread, binary)	Manual	NCI-H2170	facs_fish_0723_high_her2	train
images/roi_mask/ncih2170_facs_fish_0723_high_her2_121.png	images/rgb/ncih2170_facs_fish_0723_high_her2_121.tif	Region of interest mask (metaphase spread, binary)	Manual	NCI-H2170	facs_fish_0723_high_her2	train
images/roi_mask/ncih2170_facs_fish_0723_high_her2_122.png	images/rgb/ncih2170_facs_fish_0723_high_her2_122.tif	Region of interest mask (metaphase spread, binary)	Manual	NCI-H2170	facs_fish_0723_high_her2	train
images/roi_mask/ncih2170_facs_fish_0723_high_her2_123.png	images/rgb/ncih2170_facs_fish_0723_high_her2_123.tif	Region of interest mask (metaphase spread, binary)	Manual	NCI-H2170	facs_fish_0723_high_her2	train
images/roi_mask/ncih2170_facs_fish_0723_high_her2_124.png	images/rgb/ncih2170_facs_fish_0723_high_her2_124.tif	Region of interest mask (metaphase spread, binary)	Manual	NCI-H2170	facs_fish_0723_high_her2	train
images/roi_mask/ncih2170_facs_fish_0723_high_her2_125.png	images/rgb/ncih2170_facs_fish_0723_high_her2_125.tif	Region of interest mask (metaphase spread, binary)	Manual	NCI-H2170	facs_fish_0723_high_her2	val
images/roi_mask/ncih2170_facs_fish_0723_high_her2_13.png	images/rgb/ncih2170_facs_fish_0723_high_her2_13.tif	Region of interest mask (metaphase spread, binary)	Manual	NCI-H2170	facs_fish_0723_high_her2	train
images/roi_mask/ncih2170_facs_fish_0723_high_her2_17.png	images/rgb/ncih2170_facs_fish_0723_high_her2_17.tif	Region of interest mask (metaphase spread, binary)	Manual	NCI-H2170	facs_fish_0723_high_her2	val
images/roi_mask/ncih2170_facs_fish_0723_high_her2_18.png	images/rgb/ncih2170_facs_fish_0723_high_her2_18.tif	Region of interest mask (metaphase spread, binary)	Manual	NCI-H2170	facs_fish_0723_high_her2	train
images/roi_mask/ncih2170_facs_fish_0723_high_her2_21.png	images/rgb/ncih2170_facs_fish_0723_high_her2_21.tif	Region of interest mask (metaphase spread, binary)	Manual	NCI-H2170	facs_fish_0723_high_her2	test
images/roi_mask/ncih2170_facs_fish_0723_high_her2_24.png	images/rgb/ncih2170_facs_fish_0723_high_her2_24.tif	Region of interest mask (metaphase spread, binary)	Manual	NCI-H2170	facs_fish_0723_high_her2	train
images/roi_mask/ncih2170_facs_fish_0723_high_her2_27.png	images/rgb/ncih2170_facs_fish_0723_high_her2_27.tif	Region of interest mask (metaphase spread, binary)	Manual	NCI-H2170	facs_fish_0723_high_her2	train
images/roi_mask/ncih2170_facs_fish_0723_high_her2_28.png	images/rgb/ncih2170_facs_fish_0723_high_her2_28.tif	Region of interest mask (metaphase spread, binary)	Manual	NCI-H2170	facs_fish_0723_high_her2	train
images/roi_mask/ncih2170_facs_fish_0723_high_her2_3.png	images/rgb/ncih2170_facs_fish_0723_high_her2_3.tif	Region of interest mask (metaphase spread, binary)	Manual	NCI-H2170	facs_fish_0723_high_her2	train
images/roi_mask/ncih2170_facs_fish_0723_high_her2_30.png	images/rgb/ncih2170_facs_fish_0723_high_her2_30.tif	Region of interest mask (metaphase spread, binary)	Manual	NCI-H2170	facs_fish_0723_high_her2	train
images/roi_mask/ncih2170_facs_fish_0723_high_her2_33.png	images/rgb/ncih2170_facs_fish_0723_high_her2_33.tif	Region of interest mask (metaphase spread, binary)	Manual	NCI-H2170	facs_fish_0723_high_her2	val
images/roi_mask/ncih2170_facs_fish_0723_high_her2_36.png	images/rgb/ncih2170_facs_fish_0723_high_her2_36.tif	Region of interest mask (metaphase spread, binary)	Manual	NCI-H2170	facs_fish_0723_high_her2	train
images/roi_mask/ncih2170_facs_fish_0723_high_her2_37.png	images/rgb/ncih2170_facs_fish_0723_high_her2_37.tif	Region of interest mask (metaphase spread, binary)	Manual	NCI-H2170	facs_fish_0723_high_her2	val
images/roi_mask/ncih2170_facs_fish_0723_high_her2_4.png	images/rgb/ncih2170_facs_fish_0723_high_her2_4.tif	Region of interest mask (metaphase spread, binary)	Manual	NCI-H2170	facs_fish_0723_high_her2	train
images/roi_mask/ncih2170_facs_fish_0723_high_her2_40.png	images/rgb/ncih2170_facs_fish_0723_high_her2_40.tif	Region of interest mask (metaphase spread, binary)	Manual	NCI-H2170	facs_fish_0723_high_her2	train
images/roi_mask/ncih2170_facs_fish_0723_high_her2_41.png	images/rgb/ncih2170_facs_fish_0723_high_her2_41.tif	Region of interest mask (metaphase spread, binary)	Manual	NCI-H2170	facs_fish_0723_high_her2	train
images/roi_mask/ncih2170_facs_fish_0723_high_her2_42.png	images/rgb/ncih2170_facs_fish_0723_high_her2_42.tif	Region of interest mask (metaphase spread, binary)	Manual	NCI-H2170	facs_fish_0723_high_her2	train
images/roi_mask/ncih2170_facs_fish_0723_high_her2_54.png	images/rgb/ncih2170_facs_fish_0723_high_her2_54.tif	Region of interest mask (metaphase spread, binary)	Manual	NCI-H2170	facs_fish_0723_high_her2	train
images/roi_mask/ncih2170_facs_fish_0723_high_her2_55.png	images/rgb/ncih2170_facs_fish_0723_high_her2_55.tif	Region of interest mask (metaphase spread, binary)	Manual	NCI-H2170	facs_fish_0723_high_her2	train
images/roi_mask/ncih2170_facs_fish_0723_high_her2_56.png	images/rgb/ncih2170_facs_fish_0723_high_her2_56.tif	Region of interest mask (metaphase spread, binary)	Manual	NCI-H2170	facs_fish_0723_high_her2	train
images/roi_mask/ncih2170_facs_fish_0723_high_her2_64.png	images/rgb/ncih2170_facs_fish_0723_high_her2_64.tif	Region of interest mask (metaphase spread, binary)	Manual	NCI-H2170	facs_fish_0723_high_her2	train
images/roi_mask/ncih2170_facs_fish_0723_high_her2_7.png	images/rgb/ncih2170_facs_fish_0723_high_her2_7.tif	Region of interest mask (metaphase spread, binary)	Manual	NCI-H2170	facs_fish_0723_high_her2	train
images/roi_mask/ncih2170_facs_fish_0723_high_her2_71.png	images/rgb/ncih2170_facs_fish_0723_high_her2_71.tif	Region of interest mask (metaphase spread, binary)	Manual	NCI-H2170	facs_fish_0723_high_her2	val
images/roi_mask/ncih2170_facs_fish_0723_high_her2_80.png	images/rgb/ncih2170_facs_fish_0723_high_her2_80.tif	Region of interest mask (metaphase spread, binary)	Manual	NCI-H2170	facs_fish_0723_high_her2	test
images/roi_mask/ncih2170_facs_fish_0723_high_her2_82.png	images/rgb/ncih2170_facs_fish_0723_high_her2_82.tif	Region of interest mask (metaphase spread, binary)	Manual	NCI-H2170	facs_fish_0723_high_her2	train
images/roi_mask/ncih2170_facs_fish_0723_high_her2_83.png	images/rgb/ncih2170_facs_fish_0723_high_her2_83.tif	Region of interest mask (metaphase spread, binary)	Manual	NCI-H2170	facs_fish_0723_high_her2	train
images/roi_mask/ncih2170_facs_fish_0723_high_her2_84.png	images/rgb/ncih2170_facs_fish_0723_high_her2_84.tif	Region of interest mask (metaphase spread, binary)	Manual	NCI-H2170	facs_fish_0723_high_her2	train
images/roi_mask/ncih2170_facs_fish_0723_high_her2_86.png	images/rgb/ncih2170_facs_fish_0723_high_her2_86.tif	Region of interest mask (metaphase spread, binary)	Manual	NCI-H2170	facs_fish_0723_high_her2	train
images/roi_mask/ncih2170_facs_fish_0723_high_her2_87.png	images/rgb/ncih2170_facs_fish_0723_high_her2_87.tif	Region of interest mask (metaphase spread, binary)	Manual	NCI-H2170	facs_fish_0723_high_her2	train
images/roi_mask/ncih2170_facs_fish_0723_high_her2_9.png	images/rgb/ncih2170_facs_fish_0723_high_her2_9.tif	Region of interest mask (metaphase spread, binary)	Manual	NCI-H2170	facs_fish_0723_high_her2	train
images/roi_mask/ncih2170_facs_fish_0723_high_her2_92.png	images/rgb/ncih2170_facs_fish_0723_high_her2_92.tif	Region of interest mask (metaphase spread, binary)	Manual	NCI-H2170	facs_fish_0723_high_her2	train
images/roi_mask/ncih2170_facs_fish_0723_high_her2_96.png	images/rgb/ncih2170_facs_fish_0723_high_her2_96.tif	Region of interest mask (metaphase spread, binary)	Manual	NCI-H2170	facs_fish_0723_high_her2	train
images/roi_mask/ncih2170_facs_fish_0723_high_her2_98.png	images/rgb/ncih2170_facs_fish_0723_high_her2_98.tif	Region of interest mask (metaphase spread, binary)	Manual	NCI-H2170	facs_fish_0723_high_her2	train
images/roi_mask/ncih2170_facs_fish_0723_low_her2_1.png	images/rgb/ncih2170_facs_fish_0723_low_her2_1.tif	Region of interest mask (metaphase spread, binary)	Manual	NCI-H2170	facs_fish_0723_low_her2	test
images/roi_mask/ncih2170_facs_fish_0723_low_her2_10.png	images/rgb/ncih2170_facs_fish_0723_low_her2_10.tif	Region of interest mask (metaphase spread, binary)	Manual	NCI-H2170	facs_fish_0723_low_her2	train
images/roi_mask/ncih2170_facs_fish_0723_low_her2_101.png	images/rgb/ncih2170_facs_fish_0723_low_her2_101.tif	Region of interest mask (metaphase spread, binary)	Manual	NCI-H2170	facs_fish_0723_low_her2	val
images/roi_mask/ncih2170_facs_fish_0723_low_her2_103.png	images/rgb/ncih2170_facs_fish_0723_low_her2_103.tif	Region of interest mask (metaphase spread, binary)	Manual	NCI-H2170	facs_fish_0723_low_her2	train
images/roi_mask/ncih2170_facs_fish_0723_low_her2_106.png	images/rgb/ncih2170_facs_fish_0723_low_her2_106.tif	Region of interest mask (metaphase spread, binary)	Manual	NCI-H2170	facs_fish_0723_low_her2	train
images/roi_mask/ncih2170_facs_fish_0723_low_her2_108.png	images/rgb/ncih2170_facs_fish_0723_low_her2_108.tif	Region of interest mask (metaphase spread, binary)	Manual	NCI-H2170	facs_fish_0723_low_her2	train
images/roi_mask/ncih2170_facs_fish_0723_low_her2_11.png	images/rgb/ncih2170_facs_fish_0723_low_her2_11.tif	Region of interest mask (metaphase spread, binary)	Manual	NCI-H2170	facs_fish_0723_low_her2	val
images/roi_mask/ncih2170_facs_fish_0723_low_her2_112.png	images/rgb/ncih2170_facs_fish_0723_low_her2_112.tif	Region of interest mask (metaphase spread, binary)	Manual	NCI-H2170	facs_fish_0723_low_her2	train
images/roi_mask/ncih2170_facs_fish_0723_low_her2_115.png	images/rgb/ncih2170_facs_fish_0723_low_her2_115.tif	Region of interest mask (metaphase spread, binary)	Manual	NCI-H2170	facs_fish_0723_low_her2	test
images/roi_mask/ncih2170_facs_fish_0723_low_her2_116.png	images/rgb/ncih2170_facs_fish_0723_low_her2_116.tif	Region of interest mask (metaphase spread, binary)	Manual	NCI-H2170	facs_fish_0723_low_her2	val
images/roi_mask/ncih2170_facs_fish_0723_low_her2_117.png	images/rgb/ncih2170_facs_fish_0723_low_her2_117.tif	Region of interest mask (metaphase spread, binary)	Manual	NCI-H2170	facs_fish_0723_low_her2	val
images/roi_mask/ncih2170_facs_fish_0723_low_her2_118.png	images/rgb/ncih2170_facs_fish_0723_low_her2_118.tif	Region of interest mask (metaphase spread, binary)	Manual	NCI-H2170	facs_fish_0723_low_her2	train
images/roi_mask/ncih2170_facs_fish_0723_low_her2_12.png	images/rgb/ncih2170_facs_fish_0723_low_her2_12.tif	Region of interest mask (metaphase spread, binary)	Manual	NCI-H2170	facs_fish_0723_low_her2	val
images/roi_mask/ncih2170_facs_fish_0723_low_her2_124.png	images/rgb/ncih2170_facs_fish_0723_low_her2_124.tif	Region of interest mask (metaphase spread, binary)	Manual	NCI-H2170	facs_fish_0723_low_her2	train
images/roi_mask/ncih2170_facs_fish_0723_low_her2_125.png	images/rgb/ncih2170_facs_fish_0723_low_her2_125.tif	Region of interest mask (metaphase spread, binary)	Manual	NCI-H2170	facs_fish_0723_low_her2	train
images/roi_mask/ncih2170_facs_fish_0723_low_her2_126.png	images/rgb/ncih2170_facs_fish_0723_low_her2_126.tif	Region of interest mask (metaphase spread, binary)	Manual	NCI-H2170	facs_fish_0723_low_her2	train
images/roi_mask/ncih2170_facs_fish_0723_low_her2_13.png	images/rgb/ncih2170_facs_fish_0723_low_her2_13.tif	Region of interest mask (metaphase spread, binary)	Manual	NCI-H2170	facs_fish_0723_low_her2	train
images/roi_mask/ncih2170_facs_fish_0723_low_her2_15.png	images/rgb/ncih2170_facs_fish_0723_low_her2_15.tif	Region of interest mask (metaphase spread, binary)	Manual	NCI-H2170	facs_fish_0723_low_her2	train
images/roi_mask/ncih2170_facs_fish_0723_low_her2_20.png	images/rgb/ncih2170_facs_fish_0723_low_her2_20.tif	Region of interest mask (metaphase spread, binary)	Manual	NCI-H2170	facs_fish_0723_low_her2	train
images/roi_mask/ncih2170_facs_fish_0723_low_her2_21.png	images/rgb/ncih2170_facs_fish_0723_low_her2_21.tif	Region of interest mask (metaphase spread, binary)	Manual	NCI-H2170	facs_fish_0723_low_her2	train
images/roi_mask/ncih2170_facs_fish_0723_low_her2_22.png	images/rgb/ncih2170_facs_fish_0723_low_her2_22.tif	Region of interest mask (metaphase spread, binary)	Manual	NCI-H2170	facs_fish_0723_low_her2	test
images/roi_mask/ncih2170_facs_fish_0723_low_her2_23.png	images/rgb/ncih2170_facs_fish_0723_low_her2_23.tif	Region of interest mask (metaphase spread, binary)	Manual	NCI-H2170	facs_fish_0723_low_her2	test
images/roi_mask/ncih2170_facs_fish_0723_low_her2_25.png	images/rgb/ncih2170_facs_fish_0723_low_her2_25.tif	Region of interest mask (metaphase spread, binary)	Manual	NCI-H2170	facs_fish_0723_low_her2	train
images/roi_mask/ncih2170_facs_fish_0723_low_her2_27.png	images/rgb/ncih2170_facs_fish_0723_low_her2_27.tif	Region of interest mask (metaphase spread, binary)	Manual	NCI-H2170	facs_fish_0723_low_her2	val
images/roi_mask/ncih2170_facs_fish_0723_low_her2_28.png	images/rgb/ncih2170_facs_fish_0723_low_her2_28.tif	Region of interest mask (metaphase spread, binary)	Manual	NCI-H2170	facs_fish_0723_low_her2	val
images/roi_mask/ncih2170_facs_fish_0723_low_her2_3.png	images/rgb/ncih2170_facs_fish_0723_low_her2_3.tif	Region of interest mask (metaphase spread, binary)	Manual	NCI-H2170	facs_fish_0723_low_her2	train
images/roi_mask/ncih2170_facs_fish_0723_low_her2_32.png	images/rgb/ncih2170_facs_fish_0723_low_her2_32.tif	Region of interest mask (metaphase spread, binary)	Manual	NCI-H2170	facs_fish_0723_low_her2	train
images/roi_mask/ncih2170_facs_fish_0723_low_her2_34.png	images/rgb/ncih2170_facs_fish_0723_low_her2_34.tif	Region of interest mask (metaphase spread, binary)	Manual	NCI-H2170	facs_fish_0723_low_her2	train
images/roi_mask/ncih2170_facs_fish_0723_low_her2_38.png	images/rgb/ncih2170_facs_fish_0723_low_her2_38.tif	Region of interest mask (metaphase spread, binary)	Manual	NCI-H2170	facs_fish_0723_low_her2	train
images/roi_mask/ncih2170_facs_fish_0723_low_her2_39.png	images/rgb/ncih2170_facs_fish_0723_low_her2_39.tif	Region of interest mask (metaphase spread, binary)	Manual	NCI-H2170	facs_fish_0723_low_her2	train
images/roi_mask/ncih2170_facs_fish_0723_low_her2_40.png	images/rgb/ncih2170_facs_fish_0723_low_her2_40.tif	Region of interest mask (metaphase spread, binary)	Manual	NCI-H2170	facs_fish_0723_low_her2	train
images/roi_mask/ncih2170_facs_fish_0723_low_her2_42.png	images/rgb/ncih2170_facs_fish_0723_low_her2_42.tif	Region of interest mask (metaphase spread, binary)	Manual	NCI-H2170	facs_fish_0723_low_her2	train
images/roi_mask/ncih2170_facs_fish_0723_low_her2_43.png	images/rgb/ncih2170_facs_fish_0723_low_her2_43.tif	Region of interest mask (metaphase spread, binary)	Manual	NCI-H2170	facs_fish_0723_low_her2	train
images/roi_mask/ncih2170_facs_fish_0723_low_her2_44.png	images/rgb/ncih2170_facs_fish_0723_low_her2_44.tif	Region of interest mask (metaphase spread, binary)	Manual	NCI-H2170	facs_fish_0723_low_her2	train
images/roi_mask/ncih2170_facs_fish_0723_low_her2_45.png	images/rgb/ncih2170_facs_fish_0723_low_her2_45.tif	Region of interest mask (metaphase spread, binary)	Manual	NCI-H2170	facs_fish_0723_low_her2	val
images/roi_mask/ncih2170_facs_fish_0723_low_her2_51.png	images/rgb/ncih2170_facs_fish_0723_low_her2_51.tif	Region of interest mask (metaphase spread, binary)	Manual	NCI-H2170	facs_fish_0723_low_her2	train
images/roi_mask/ncih2170_facs_fish_0723_low_her2_52.png	images/rgb/ncih2170_facs_fish_0723_low_her2_52.tif	Region of interest mask (metaphase spread, binary)	Manual	NCI-H2170	facs_fish_0723_low_her2	test
images/roi_mask/ncih2170_facs_fish_0723_low_her2_53.png	images/rgb/ncih2170_facs_fish_0723_low_her2_53.tif	Region of interest mask (metaphase spread, binary)	Manual	NCI-H2170	facs_fish_0723_low_her2	train
images/roi_mask/ncih2170_facs_fish_0723_low_her2_54.png	images/rgb/ncih2170_facs_fish_0723_low_her2_54.tif	Region of interest mask (metaphase spread, binary)	Manual	NCI-H2170	facs_fish_0723_low_her2	train
images/roi_mask/ncih2170_facs_fish_0723_low_her2_57.png	images/rgb/ncih2170_facs_fish_0723_low_her2_57.tif	Region of interest mask (metaphase spread, binary)	Manual	NCI-H2170	facs_fish_0723_low_her2	train
images/roi_mask/ncih2170_facs_fish_0723_low_her2_6.png	images/rgb/ncih2170_facs_fish_0723_low_her2_6.tif	Region of interest mask (metaphase spread, binary)	Manual	NCI-H2170	facs_fish_0723_low_her2	train
images/roi_mask/ncih2170_facs_fish_0723_low_her2_60.png	images/rgb/ncih2170_facs_fish_0723_low_her2_60.tif	Region of interest mask (metaphase spread, binary)	Manual	NCI-H2170	facs_fish_0723_low_her2	test
images/roi_mask/ncih2170_facs_fish_0723_low_her2_62.png	images/rgb/ncih2170_facs_fish_0723_low_her2_62.tif	Region of interest mask (metaphase spread, binary)	Manual	NCI-H2170	facs_fish_0723_low_her2	train
images/roi_mask/ncih2170_facs_fish_0723_low_her2_68.png	images/rgb/ncih2170_facs_fish_0723_low_her2_68.tif	Region of interest mask (metaphase spread, binary)	Manual	NCI-H2170	facs_fish_0723_low_her2	train
images/roi_mask/ncih2170_facs_fish_0723_low_her2_70.png	images/rgb/ncih2170_facs_fish_0723_low_her2_70.tif	Region of interest mask (metaphase spread, binary)	Manual	NCI-H2170	facs_fish_0723_low_her2	train
images/roi_mask/ncih2170_facs_fish_0723_low_her2_75.png	images/rgb/ncih2170_facs_fish_0723_low_her2_75.tif	Region of interest mask (metaphase spread, binary)	Manual	NCI-H2170	facs_fish_0723_low_her2	train
images/roi_mask/ncih2170_facs_fish_0723_low_her2_77.png	images/rgb/ncih2170_facs_fish_0723_low_her2_77.tif	Region of interest mask (metaphase spread, binary)	Manual	NCI-H2170	facs_fish_0723_low_her2	val
images/roi_mask/ncih2170_facs_fish_0723_low_her2_83.png	images/rgb/ncih2170_facs_fish_0723_low_her2_83.tif	Region of interest mask (metaphase spread, binary)	Manual	NCI-H2170	facs_fish_0723_low_her2	train
images/roi_mask/ncih2170_facs_fish_0723_low_her2_86.png	images/rgb/ncih2170_facs_fish_0723_low_her2_86.tif	Region of interest mask (metaphase spread, binary)	Manual	NCI-H2170	facs_fish_0723_low_her2	val
images/roi_mask/ncih2170_facs_fish_0723_low_her2_87.png	images/rgb/ncih2170_facs_fish_0723_low_her2_87.tif	Region of interest mask (metaphase spread, binary)	Manual	NCI-H2170	facs_fish_0723_low_her2	train
images/roi_mask/ncih2170_facs_fish_0723_low_her2_88.png	images/rgb/ncih2170_facs_fish_0723_low_her2_88.tif	Region of interest mask (metaphase spread, binary)	Manual	NCI-H2170	facs_fish_0723_low_her2	train
images/roi_mask/ncih2170_facs_fish_0723_low_her2_89.png	images/rgb/ncih2170_facs_fish_0723_low_her2_89.tif	Region of interest mask (metaphase spread, binary)	Manual	NCI-H2170	facs_fish_0723_low_her2	train
images/roi_mask/ncih2170_facs_fish_0723_low_her2_90.png	images/rgb/ncih2170_facs_fish_0723_low_her2_90.tif	Region of interest mask (metaphase spread, binary)	Manual	NCI-H2170	facs_fish_0723_low_her2	val
images/roi_mask/ncih2170_facs_fish_0723_low_her2_92.png	images/rgb/ncih2170_facs_fish_0723_low_her2_92.tif	Region of interest mask (metaphase spread, binary)	Manual	NCI-H2170	facs_fish_0723_low_her2	train
images/roi_mask/ncih2170_facs_fish_0723_low_her2_93.png	images/rgb/ncih2170_facs_fish_0723_low_her2_93.tif	Region of interest mask (metaphase spread, binary)	Manual	NCI-H2170	facs_fish_0723_low_her2	train
images/roi_mask/ncih2170_facs_fish_0723_low_her2_94.png	images/rgb/ncih2170_facs_fish_0723_low_her2_94.tif	Region of interest mask (metaphase spread, binary)	Manual	NCI-H2170	facs_fish_0723_low_her2	train
images/roi_mask/ncih2170_facs_fish_0723_low_her2_98.png	images/rgb/ncih2170_facs_fish_0723_low_her2_98.tif	Region of interest mask (metaphase spread, binary)	Manual	NCI-H2170	facs_fish_0723_low_her2	train
images/roi_mask/ncih2170_facs_fish_0723_pre_sort_ctrl_1.png	images/rgb/ncih2170_facs_fish_0723_pre_sort_ctrl_1.tif	Region of interest mask (metaphase spread, binary)	Manual	NCI-H2170	facs_fish_0723_pre_sort_ctrl	train
images/roi_mask/ncih2170_facs_fish_0723_pre_sort_ctrl_12.png	images/rgb/ncih2170_facs_fish_0723_pre_sort_ctrl_12.tif	Region of interest mask (metaphase spread, binary)	Manual	NCI-H2170	facs_fish_0723_pre_sort_ctrl	train
images/roi_mask/ncih2170_facs_fish_0723_pre_sort_ctrl_14.png	images/rgb/ncih2170_facs_fish_0723_pre_sort_ctrl_14.tif	Region of interest mask (metaphase spread, binary)	Manual	NCI-H2170	facs_fish_0723_pre_sort_ctrl	train
images/roi_mask/ncih2170_facs_fish_0723_pre_sort_ctrl_15.png	images/rgb/ncih2170_facs_fish_0723_pre_sort_ctrl_15.tif	Region of interest mask (metaphase spread, binary)	Manual	NCI-H2170	facs_fish_0723_pre_sort_ctrl	val
images/roi_mask/ncih2170_facs_fish_0723_pre_sort_ctrl_16.png	images/rgb/ncih2170_facs_fish_0723_pre_sort_ctrl_16.tif	Region of interest mask (metaphase spread, binary)	Manual	NCI-H2170	facs_fish_0723_pre_sort_ctrl	train
images/roi_mask/ncih2170_facs_fish_0723_pre_sort_ctrl_17.png	images/rgb/ncih2170_facs_fish_0723_pre_sort_ctrl_17.tif	Region of interest mask (metaphase spread, binary)	Manual	NCI-H2170	facs_fish_0723_pre_sort_ctrl	train
images/roi_mask/ncih2170_facs_fish_0723_pre_sort_ctrl_18.png	images/rgb/ncih2170_facs_fish_0723_pre_sort_ctrl_18.tif	Region of interest mask (metaphase spread, binary)	Manual	NCI-H2170	facs_fish_0723_pre_sort_ctrl	train
images/roi_mask/ncih2170_facs_fish_0723_pre_sort_ctrl_19.png	images/rgb/ncih2170_facs_fish_0723_pre_sort_ctrl_19.tif	Region of interest mask (metaphase spread, binary)	Manual	NCI-H2170	facs_fish_0723_pre_sort_ctrl	train
images/roi_mask/ncih2170_facs_fish_0723_pre_sort_ctrl_2.png	images/rgb/ncih2170_facs_fish_0723_pre_sort_ctrl_2.tif	Region of interest mask (metaphase spread, binary)	Manual	NCI-H2170	facs_fish_0723_pre_sort_ctrl	train
images/roi_mask/ncih2170_facs_fish_0723_pre_sort_ctrl_21.png	images/rgb/ncih2170_facs_fish_0723_pre_sort_ctrl_21.tif	Region of interest mask (metaphase spread, binary)	Manual	NCI-H2170	facs_fish_0723_pre_sort_ctrl	train
images/roi_mask/ncih2170_facs_fish_0723_pre_sort_ctrl_24.png	images/rgb/ncih2170_facs_fish_0723_pre_sort_ctrl_24.tif	Region of interest mask (metaphase spread, binary)	Manual	NCI-H2170	facs_fish_0723_pre_sort_ctrl	train
images/roi_mask/ncih2170_facs_fish_0723_pre_sort_ctrl_29.png	images/rgb/ncih2170_facs_fish_0723_pre_sort_ctrl_29.tif	Region of interest mask (metaphase spread, binary)	Manual	NCI-H2170	facs_fish_0723_pre_sort_ctrl	test
images/roi_mask/ncih2170_facs_fish_0723_pre_sort_ctrl_31.png	images/rgb/ncih2170_facs_fish_0723_pre_sort_ctrl_31.tif	Region of interest mask (metaphase spread, binary)	Manual	NCI-H2170	facs_fish_0723_pre_sort_ctrl	val
images/roi_mask/ncih2170_facs_fish_0723_pre_sort_ctrl_6.png	images/rgb/ncih2170_facs_fish_0723_pre_sort_ctrl_6.tif	Region of interest mask (metaphase spread, binary)	Manual	NCI-H2170	facs_fish_0723_pre_sort_ctrl	val
images/roi_mask/ncih2170_facs_fish_0723_pre_sort_ctrl_7.png	images/rgb/ncih2170_facs_fish_0723_pre_sort_ctrl_7.tif	Region of interest mask (metaphase spread, binary)	Manual	NCI-H2170	facs_fish_0723_pre_sort_ctrl	val
images/roi_mask/ncih2170_facs_fish_0723_pre_sort_ctrl_8.png	images/rgb/ncih2170_facs_fish_0723_pre_sort_ctrl_8.tif	Region of interest mask (metaphase spread, binary)	Manual	NCI-H2170	facs_fish_0723_pre_sort_ctrl	train
images/roi_mask/ncih2170_facs_fish_0723_sorted_ctrl_100.png	images/rgb/ncih2170_facs_fish_0723_sorted_ctrl_100.tif	Region of interest mask (metaphase spread, binary)	Manual	NCI-H2170	facs_fish_0723_sorted_ctrl	val
images/roi_mask/ncih2170_facs_fish_0723_sorted_ctrl_11.png	images/rgb/ncih2170_facs_fish_0723_sorted_ctrl_11.tif	Region of interest mask (metaphase spread, binary)	Manual	NCI-H2170	facs_fish_0723_sorted_ctrl	train
images/roi_mask/ncih2170_facs_fish_0723_sorted_ctrl_18.png	images/rgb/ncih2170_facs_fish_0723_sorted_ctrl_18.tif	Region of interest mask (metaphase spread, binary)	Manual	NCI-H2170	facs_fish_0723_sorted_ctrl	train
images/roi_mask/ncih2170_facs_fish_0723_sorted_ctrl_21.png	images/rgb/ncih2170_facs_fish_0723_sorted_ctrl_21.tif	Region of interest mask (metaphase spread, binary)	Manual	NCI-H2170	facs_fish_0723_sorted_ctrl	train
images/roi_mask/ncih2170_facs_fish_0723_sorted_ctrl_22.png	images/rgb/ncih2170_facs_fish_0723_sorted_ctrl_22.tif	Region of interest mask (metaphase spread, binary)	Manual	NCI-H2170	facs_fish_0723_sorted_ctrl	train
images/roi_mask/ncih2170_facs_fish_0723_sorted_ctrl_25.png	images/rgb/ncih2170_facs_fish_0723_sorted_ctrl_25.tif	Region of interest mask (metaphase spread, binary)	Manual	NCI-H2170	facs_fish_0723_sorted_ctrl	train
images/roi_mask/ncih2170_facs_fish_0723_sorted_ctrl_31.png	images/rgb/ncih2170_facs_fish_0723_sorted_ctrl_31.tif	Region of interest mask (metaphase spread, binary)	Manual	NCI-H2170	facs_fish_0723_sorted_ctrl	train
images/roi_mask/ncih2170_facs_fish_0723_sorted_ctrl_32.png	images/rgb/ncih2170_facs_fish_0723_sorted_ctrl_32.tif	Region of interest mask (metaphase spread, binary)	Manual	NCI-H2170	facs_fish_0723_sorted_ctrl	train
images/roi_mask/ncih2170_facs_fish_0723_sorted_ctrl_33.png	images/rgb/ncih2170_facs_fish_0723_sorted_ctrl_33.tif	Region of interest mask (metaphase spread, binary)	Manual	NCI-H2170	facs_fish_0723_sorted_ctrl	train
images/roi_mask/ncih2170_facs_fish_0723_sorted_ctrl_36.png	images/rgb/ncih2170_facs_fish_0723_sorted_ctrl_36.tif	Region of interest mask (metaphase spread, binary)	Manual	NCI-H2170	facs_fish_0723_sorted_ctrl	train
images/roi_mask/ncih2170_facs_fish_0723_sorted_ctrl_37.png	images/rgb/ncih2170_facs_fish_0723_sorted_ctrl_37.tif	Region of interest mask (metaphase spread, binary)	Manual	NCI-H2170	facs_fish_0723_sorted_ctrl	train
images/roi_mask/ncih2170_facs_fish_0723_sorted_ctrl_4.png	images/rgb/ncih2170_facs_fish_0723_sorted_ctrl_4.tif	Region of interest mask (metaphase spread, binary)	Manual	NCI-H2170	facs_fish_0723_sorted_ctrl	train
images/roi_mask/ncih2170_facs_fish_0723_sorted_ctrl_40.png	images/rgb/ncih2170_facs_fish_0723_sorted_ctrl_40.tif	Region of interest mask (metaphase spread, binary)	Manual	NCI-H2170	facs_fish_0723_sorted_ctrl	train
images/roi_mask/ncih2170_facs_fish_0723_sorted_ctrl_41.png	images/rgb/ncih2170_facs_fish_0723_sorted_ctrl_41.tif	Region of interest mask (metaphase spread, binary)	Manual	NCI-H2170	facs_fish_0723_sorted_ctrl	train
images/roi_mask/ncih2170_facs_fish_0723_sorted_ctrl_43.png	images/rgb/ncih2170_facs_fish_0723_sorted_ctrl_43.tif	Region of interest mask (metaphase spread, binary)	Manual	NCI-H2170	facs_fish_0723_sorted_ctrl	train
images/roi_mask/ncih2170_facs_fish_0723_sorted_ctrl_45.png	images/rgb/ncih2170_facs_fish_0723_sorted_ctrl_45.tif	Region of interest mask (metaphase spread, binary)	Manual	NCI-H2170	facs_fish_0723_sorted_ctrl	test
images/roi_mask/ncih2170_facs_fish_0723_sorted_ctrl_46.png	images/rgb/ncih2170_facs_fish_0723_sorted_ctrl_46.tif	Region of interest mask (metaphase spread, binary)	Manual	NCI-H2170	facs_fish_0723_sorted_ctrl	test
images/roi_mask/ncih2170_facs_fish_0723_sorted_ctrl_48.png	images/rgb/ncih2170_facs_fish_0723_sorted_ctrl_48.tif	Region of interest mask (metaphase spread, binary)	Manual	NCI-H2170	facs_fish_0723_sorted_ctrl	train
images/roi_mask/ncih2170_facs_fish_0723_sorted_ctrl_49.png	images/rgb/ncih2170_facs_fish_0723_sorted_ctrl_49.tif	Region of interest mask (metaphase spread, binary)	Manual	NCI-H2170	facs_fish_0723_sorted_ctrl	test
images/roi_mask/ncih2170_facs_fish_0723_sorted_ctrl_51.png	images/rgb/ncih2170_facs_fish_0723_sorted_ctrl_51.tif	Region of interest mask (metaphase spread, binary)	Manual	NCI-H2170	facs_fish_0723_sorted_ctrl	val
images/roi_mask/ncih2170_facs_fish_0723_sorted_ctrl_52.png	images/rgb/ncih2170_facs_fish_0723_sorted_ctrl_52.tif	Region of interest mask (metaphase spread, binary)	Manual	NCI-H2170	facs_fish_0723_sorted_ctrl	train
images/roi_mask/ncih2170_facs_fish_0723_sorted_ctrl_54.png	images/rgb/ncih2170_facs_fish_0723_sorted_ctrl_54.tif	Region of interest mask (metaphase spread, binary)	Manual	NCI-H2170	facs_fish_0723_sorted_ctrl	train
images/roi_mask/ncih2170_facs_fish_0723_sorted_ctrl_55.png	images/rgb/ncih2170_facs_fish_0723_sorted_ctrl_55.tif	Region of interest mask (metaphase spread, binary)	Manual	NCI-H2170	facs_fish_0723_sorted_ctrl	train
images/roi_mask/ncih2170_facs_fish_0723_sorted_ctrl_57.png	images/rgb/ncih2170_facs_fish_0723_sorted_ctrl_57.tif	Region of interest mask (metaphase spread, binary)	Manual	NCI-H2170	facs_fish_0723_sorted_ctrl	train
images/roi_mask/ncih2170_facs_fish_0723_sorted_ctrl_58.png	images/rgb/ncih2170_facs_fish_0723_sorted_ctrl_58.tif	Region of interest mask (metaphase spread, binary)	Manual	NCI-H2170	facs_fish_0723_sorted_ctrl	val
images/roi_mask/ncih2170_facs_fish_0723_sorted_ctrl_59.png	images/rgb/ncih2170_facs_fish_0723_sorted_ctrl_59.tif	Region of interest mask (metaphase spread, binary)	Manual	NCI-H2170	facs_fish_0723_sorted_ctrl	train
images/roi_mask/ncih2170_facs_fish_0723_sorted_ctrl_60.png	images/rgb/ncih2170_facs_fish_0723_sorted_ctrl_60.tif	Region of interest mask (metaphase spread, binary)	Manual	NCI-H2170	facs_fish_0723_sorted_ctrl	test
images/roi_mask/ncih2170_facs_fish_0723_sorted_ctrl_63.png	images/rgb/ncih2170_facs_fish_0723_sorted_ctrl_63.tif	Region of interest mask (metaphase spread, binary)	Manual	NCI-H2170	facs_fish_0723_sorted_ctrl	val
images/roi_mask/ncih2170_facs_fish_0723_sorted_ctrl_64.png	images/rgb/ncih2170_facs_fish_0723_sorted_ctrl_64.tif	Region of interest mask (metaphase spread, binary)	Manual	NCI-H2170	facs_fish_0723_sorted_ctrl	train
images/roi_mask/ncih2170_facs_fish_0723_sorted_ctrl_65.png	images/rgb/ncih2170_facs_fish_0723_sorted_ctrl_65.tif	Region of interest mask (metaphase spread, binary)	Manual	NCI-H2170	facs_fish_0723_sorted_ctrl	train
images/roi_mask/ncih2170_facs_fish_0723_sorted_ctrl_66.png	images/rgb/ncih2170_facs_fish_0723_sorted_ctrl_66.tif	Region of interest mask (metaphase spread, binary)	Manual	NCI-H2170	facs_fish_0723_sorted_ctrl	train
images/roi_mask/ncih2170_facs_fish_0723_sorted_ctrl_68.png	images/rgb/ncih2170_facs_fish_0723_sorted_ctrl_68.tif	Region of interest mask (metaphase spread, binary)	Manual	NCI-H2170	facs_fish_0723_sorted_ctrl	train
images/roi_mask/ncih2170_facs_fish_0723_sorted_ctrl_72.png	images/rgb/ncih2170_facs_fish_0723_sorted_ctrl_72.tif	Region of interest mask (metaphase spread, binary)	Manual	NCI-H2170	facs_fish_0723_sorted_ctrl	train
images/roi_mask/ncih2170_facs_fish_0723_sorted_ctrl_74.png	images/rgb/ncih2170_facs_fish_0723_sorted_ctrl_74.tif	Region of interest mask (metaphase spread, binary)	Manual	NCI-H2170	facs_fish_0723_sorted_ctrl	train
images/roi_mask/ncih2170_facs_fish_0723_sorted_ctrl_75.png	images/rgb/ncih2170_facs_fish_0723_sorted_ctrl_75.tif	Region of interest mask (metaphase spread, binary)	Manual	NCI-H2170	facs_fish_0723_sorted_ctrl	train
images/roi_mask/ncih2170_facs_fish_0723_sorted_ctrl_76.png	images/rgb/ncih2170_facs_fish_0723_sorted_ctrl_76.tif	Region of interest mask (metaphase spread, binary)	Manual	NCI-H2170	facs_fish_0723_sorted_ctrl	train
images/roi_mask/ncih2170_facs_fish_0723_sorted_ctrl_77.png	images/rgb/ncih2170_facs_fish_0723_sorted_ctrl_77.tif	Region of interest mask (metaphase spread, binary)	Manual	NCI-H2170	facs_fish_0723_sorted_ctrl	train
images/roi_mask/ncih2170_facs_fish_0723_sorted_ctrl_79.png	images/rgb/ncih2170_facs_fish_0723_sorted_ctrl_79.tif	Region of interest mask (metaphase spread, binary)	Manual	NCI-H2170	facs_fish_0723_sorted_ctrl	train
images/roi_mask/ncih2170_facs_fish_0723_sorted_ctrl_80.png	images/rgb/ncih2170_facs_fish_0723_sorted_ctrl_80.tif	Region of interest mask (metaphase spread, binary)	Manual	NCI-H2170	facs_fish_0723_sorted_ctrl	val
images/roi_mask/ncih2170_facs_fish_0723_sorted_ctrl_85.png	images/rgb/ncih2170_facs_fish_0723_sorted_ctrl_85.tif	Region of interest mask (metaphase spread, binary)	Manual	NCI-H2170	facs_fish_0723_sorted_ctrl	train
images/roi_mask/ncih2170_facs_fish_0723_sorted_ctrl_87.png	images/rgb/ncih2170_facs_fish_0723_sorted_ctrl_87.tif	Region of interest mask (metaphase spread, binary)	Manual	NCI-H2170	facs_fish_0723_sorted_ctrl	train
images/roi_mask/ncih2170_facs_fish_0723_sorted_ctrl_9.png	images/rgb/ncih2170_facs_fish_0723_sorted_ctrl_9.tif	Region of interest mask (metaphase spread, binary)	Manual	NCI-H2170	facs_fish_0723_sorted_ctrl	train
images/roi_mask/ncih2170_facs_fish_0723_sorted_ctrl_91.png	images/rgb/ncih2170_facs_fish_0723_sorted_ctrl_91.tif	Region of interest mask (metaphase spread, binary)	Manual	NCI-H2170	facs_fish_0723_sorted_ctrl	val
images/roi_mask/ncih2170_facs_fish_0723_sorted_ctrl_96.png	images/rgb/ncih2170_facs_fish_0723_sorted_ctrl_96.tif	Region of interest mask (metaphase spread, binary)	Manual	NCI-H2170	facs_fish_0723_sorted_ctrl	val
images/roi_mask/ncih2170_facs_fish_0723_sorted_ctrl_99.png	images/rgb/ncih2170_facs_fish_0723_sorted_ctrl_99.tif	Region of interest mask (metaphase spread, binary)	Manual	NCI-H2170	facs_fish_0723_sorted_ctrl	train
images/roi_mask/ncih2170_jc_jq1_ic50_24h_1.png	images/rgb/ncih2170_jc_jq1_ic50_24h_1.tif	Region of interest mask (metaphase spread, binary)	Manual	NCI-H2170	jc_jq1_ic50_24h	train
images/roi_mask/ncih2170_jc_jq1_ic50_24h_100.png	images/rgb/ncih2170_jc_jq1_ic50_24h_100.tif	Region of interest mask (metaphase spread, binary)	Manual	NCI-H2170	jc_jq1_ic50_24h	test
images/roi_mask/ncih2170_jc_jq1_ic50_24h_101.png	images/rgb/ncih2170_jc_jq1_ic50_24h_101.tif	Region of interest mask (metaphase spread, binary)	Manual	NCI-H2170	jc_jq1_ic50_24h	train
images/roi_mask/ncih2170_jc_jq1_ic50_24h_104.png	images/rgb/ncih2170_jc_jq1_ic50_24h_104.tif	Region of interest mask (metaphase spread, binary)	Manual	NCI-H2170	jc_jq1_ic50_24h	train
images/roi_mask/ncih2170_jc_jq1_ic50_24h_106.png	images/rgb/ncih2170_jc_jq1_ic50_24h_106.tif	Region of interest mask (metaphase spread, binary)	Manual	NCI-H2170	jc_jq1_ic50_24h	train
images/roi_mask/ncih2170_jc_jq1_ic50_24h_108.png	images/rgb/ncih2170_jc_jq1_ic50_24h_108.tif	Region of interest mask (metaphase spread, binary)	Manual	NCI-H2170	jc_jq1_ic50_24h	val
images/roi_mask/ncih2170_jc_jq1_ic50_24h_111.png	images/rgb/ncih2170_jc_jq1_ic50_24h_111.tif	Region of interest mask (metaphase spread, binary)	Manual	NCI-H2170	jc_jq1_ic50_24h	train
images/roi_mask/ncih2170_jc_jq1_ic50_24h_112.png	images/rgb/ncih2170_jc_jq1_ic50_24h_112.tif	Region of interest mask (metaphase spread, binary)	Manual	NCI-H2170	jc_jq1_ic50_24h	train
images/roi_mask/ncih2170_jc_jq1_ic50_24h_113.png	images/rgb/ncih2170_jc_jq1_ic50_24h_113.tif	Region of interest mask (metaphase spread, binary)	Manual	NCI-H2170	jc_jq1_ic50_24h	train
images/roi_mask/ncih2170_jc_jq1_ic50_24h_114.png	images/rgb/ncih2170_jc_jq1_ic50_24h_114.tif	Region of interest mask (metaphase spread, binary)	Manual	NCI-H2170	jc_jq1_ic50_24h	train
images/roi_mask/ncih2170_jc_jq1_ic50_24h_115.png	images/rgb/ncih2170_jc_jq1_ic50_24h_115.tif	Region of interest mask (metaphase spread, binary)	Manual	NCI-H2170	jc_jq1_ic50_24h	train
images/roi_mask/ncih2170_jc_jq1_ic50_24h_117.png	images/rgb/ncih2170_jc_jq1_ic50_24h_117.tif	Region of interest mask (metaphase spread, binary)	Manual	NCI-H2170	jc_jq1_ic50_24h	train
images/roi_mask/ncih2170_jc_jq1_ic50_24h_118.png	images/rgb/ncih2170_jc_jq1_ic50_24h_118.tif	Region of interest mask (metaphase spread, binary)	Manual	NCI-H2170	jc_jq1_ic50_24h	train
images/roi_mask/ncih2170_jc_jq1_ic50_24h_119.png	images/rgb/ncih2170_jc_jq1_ic50_24h_119.tif	Region of interest mask (metaphase spread, binary)	Manual	NCI-H2170	jc_jq1_ic50_24h	train
images/roi_mask/ncih2170_jc_jq1_ic50_24h_120.png	images/rgb/ncih2170_jc_jq1_ic50_24h_120.tif	Region of interest mask (metaphase spread, binary)	Manual	NCI-H2170	jc_jq1_ic50_24h	train
images/roi_mask/ncih2170_jc_jq1_ic50_24h_17.png	images/rgb/ncih2170_jc_jq1_ic50_24h_17.tif	Region of interest mask (metaphase spread, binary)	Manual	NCI-H2170	jc_jq1_ic50_24h	val
images/roi_mask/ncih2170_jc_jq1_ic50_24h_2.png	images/rgb/ncih2170_jc_jq1_ic50_24h_2.tif	Region of interest mask (metaphase spread, binary)	Manual	NCI-H2170	jc_jq1_ic50_24h	train
images/roi_mask/ncih2170_jc_jq1_ic50_24h_21.png	images/rgb/ncih2170_jc_jq1_ic50_24h_21.tif	Region of interest mask (metaphase spread, binary)	Manual	NCI-H2170	jc_jq1_ic50_24h	train
images/roi_mask/ncih2170_jc_jq1_ic50_24h_23.png	images/rgb/ncih2170_jc_jq1_ic50_24h_23.tif	Region of interest mask (metaphase spread, binary)	Manual	NCI-H2170	jc_jq1_ic50_24h	val
images/roi_mask/ncih2170_jc_jq1_ic50_24h_24.png	images/rgb/ncih2170_jc_jq1_ic50_24h_24.tif	Region of interest mask (metaphase spread, binary)	Manual	NCI-H2170	jc_jq1_ic50_24h	train
images/roi_mask/ncih2170_jc_jq1_ic50_24h_25.png	images/rgb/ncih2170_jc_jq1_ic50_24h_25.tif	Region of interest mask (metaphase spread, binary)	Manual	NCI-H2170	jc_jq1_ic50_24h	train
images/roi_mask/ncih2170_jc_jq1_ic50_24h_26.png	images/rgb/ncih2170_jc_jq1_ic50_24h_26.tif	Region of interest mask (metaphase spread, binary)	Manual	NCI-H2170	jc_jq1_ic50_24h	train
images/roi_mask/ncih2170_jc_jq1_ic50_24h_27.png	images/rgb/ncih2170_jc_jq1_ic50_24h_27.tif	Region of interest mask (metaphase spread, binary)	Manual	NCI-H2170	jc_jq1_ic50_24h	train
images/roi_mask/ncih2170_jc_jq1_ic50_24h_29.png	images/rgb/ncih2170_jc_jq1_ic50_24h_29.tif	Region of interest mask (metaphase spread, binary)	Manual	NCI-H2170	jc_jq1_ic50_24h	train
images/roi_mask/ncih2170_jc_jq1_ic50_24h_30.png	images/rgb/ncih2170_jc_jq1_ic50_24h_30.tif	Region of interest mask (metaphase spread, binary)	Manual	NCI-H2170	jc_jq1_ic50_24h	train
images/roi_mask/ncih2170_jc_jq1_ic50_24h_31.png	images/rgb/ncih2170_jc_jq1_ic50_24h_31.tif	Region of interest mask (metaphase spread, binary)	Manual	NCI-H2170	jc_jq1_ic50_24h	train
images/roi_mask/ncih2170_jc_jq1_ic50_24h_33.png	images/rgb/ncih2170_jc_jq1_ic50_24h_33.tif	Region of interest mask (metaphase spread, binary)	Manual	NCI-H2170	jc_jq1_ic50_24h	train
images/roi_mask/ncih2170_jc_jq1_ic50_24h_36.png	images/rgb/ncih2170_jc_jq1_ic50_24h_36.tif	Region of interest mask (metaphase spread, binary)	Manual	NCI-H2170	jc_jq1_ic50_24h	val
images/roi_mask/ncih2170_jc_jq1_ic50_24h_38.png	images/rgb/ncih2170_jc_jq1_ic50_24h_38.tif	Region of interest mask (metaphase spread, binary)	Manual	NCI-H2170	jc_jq1_ic50_24h	test
images/roi_mask/ncih2170_jc_jq1_ic50_24h_40.png	images/rgb/ncih2170_jc_jq1_ic50_24h_40.tif	Region of interest mask (metaphase spread, binary)	Manual	NCI-H2170	jc_jq1_ic50_24h	train
images/roi_mask/ncih2170_jc_jq1_ic50_24h_41.png	images/rgb/ncih2170_jc_jq1_ic50_24h_41.tif	Region of interest mask (metaphase spread, binary)	Manual	NCI-H2170	jc_jq1_ic50_24h	train
images/roi_mask/ncih2170_jc_jq1_ic50_24h_42.png	images/rgb/ncih2170_jc_jq1_ic50_24h_42.tif	Region of interest mask (metaphase spread, binary)	Manual	NCI-H2170	jc_jq1_ic50_24h	train
images/roi_mask/ncih2170_jc_jq1_ic50_24h_47.png	images/rgb/ncih2170_jc_jq1_ic50_24h_47.tif	Region of interest mask (metaphase spread, binary)	Manual	NCI-H2170	jc_jq1_ic50_24h	train
images/roi_mask/ncih2170_jc_jq1_ic50_24h_48.png	images/rgb/ncih2170_jc_jq1_ic50_24h_48.tif	Region of interest mask (metaphase spread, binary)	Manual	NCI-H2170	jc_jq1_ic50_24h	test
images/roi_mask/ncih2170_jc_jq1_ic50_24h_5.png	images/rgb/ncih2170_jc_jq1_ic50_24h_5.tif	Region of interest mask (metaphase spread, binary)	Manual	NCI-H2170	jc_jq1_ic50_24h	train
images/roi_mask/ncih2170_jc_jq1_ic50_24h_50.png	images/rgb/ncih2170_jc_jq1_ic50_24h_50.tif	Region of interest mask (metaphase spread, binary)	Manual	NCI-H2170	jc_jq1_ic50_24h	test
images/roi_mask/ncih2170_jc_jq1_ic50_24h_51.png	images/rgb/ncih2170_jc_jq1_ic50_24h_51.tif	Region of interest mask (metaphase spread, binary)	Manual	NCI-H2170	jc_jq1_ic50_24h	train
images/roi_mask/ncih2170_jc_jq1_ic50_24h_53.png	images/rgb/ncih2170_jc_jq1_ic50_24h_53.tif	Region of interest mask (metaphase spread, binary)	Manual	NCI-H2170	jc_jq1_ic50_24h	train
images/roi_mask/ncih2170_jc_jq1_ic50_24h_54.png	images/rgb/ncih2170_jc_jq1_ic50_24h_54.tif	Region of interest mask (metaphase spread, binary)	Manual	NCI-H2170	jc_jq1_ic50_24h	train
images/roi_mask/ncih2170_jc_jq1_ic50_24h_56.png	images/rgb/ncih2170_jc_jq1_ic50_24h_56.tif	Region of interest mask (metaphase spread, binary)	Manual	NCI-H2170	jc_jq1_ic50_24h	train
images/roi_mask/ncih2170_jc_jq1_ic50_24h_61.png	images/rgb/ncih2170_jc_jq1_ic50_24h_61.tif	Region of interest mask (metaphase spread, binary)	Manual	NCI-H2170	jc_jq1_ic50_24h	train
images/roi_mask/ncih2170_jc_jq1_ic50_24h_62.png	images/rgb/ncih2170_jc_jq1_ic50_24h_62.tif	Region of interest mask (metaphase spread, binary)	Manual	NCI-H2170	jc_jq1_ic50_24h	train
images/roi_mask/ncih2170_jc_jq1_ic50_24h_64.png	images/rgb/ncih2170_jc_jq1_ic50_24h_64.tif	Region of interest mask (metaphase spread, binary)	Manual	NCI-H2170	jc_jq1_ic50_24h	train
images/roi_mask/ncih2170_jc_jq1_ic50_24h_66.png	images/rgb/ncih2170_jc_jq1_ic50_24h_66.tif	Region of interest mask (metaphase spread, binary)	Manual	NCI-H2170	jc_jq1_ic50_24h	train
images/roi_mask/ncih2170_jc_jq1_ic50_24h_67.png	images/rgb/ncih2170_jc_jq1_ic50_24h_67.tif	Region of interest mask (metaphase spread, binary)	Manual	NCI-H2170	jc_jq1_ic50_24h	train
images/roi_mask/ncih2170_jc_jq1_ic50_24h_68.png	images/rgb/ncih2170_jc_jq1_ic50_24h_68.tif	Region of interest mask (metaphase spread, binary)	Manual	NCI-H2170	jc_jq1_ic50_24h	train
images/roi_mask/ncih2170_jc_jq1_ic50_24h_69.png	images/rgb/ncih2170_jc_jq1_ic50_24h_69.tif	Region of interest mask (metaphase spread, binary)	Manual	NCI-H2170	jc_jq1_ic50_24h	train
images/roi_mask/ncih2170_jc_jq1_ic50_24h_7.png	images/rgb/ncih2170_jc_jq1_ic50_24h_7.tif	Region of interest mask (metaphase spread, binary)	Manual	NCI-H2170	jc_jq1_ic50_24h	test
images/roi_mask/ncih2170_jc_jq1_ic50_24h_72.png	images/rgb/ncih2170_jc_jq1_ic50_24h_72.tif	Region of interest mask (metaphase spread, binary)	Manual	NCI-H2170	jc_jq1_ic50_24h	train
images/roi_mask/ncih2170_jc_jq1_ic50_24h_73.png	images/rgb/ncih2170_jc_jq1_ic50_24h_73.tif	Region of interest mask (metaphase spread, binary)	Manual	NCI-H2170	jc_jq1_ic50_24h	train
images/roi_mask/ncih2170_jc_jq1_ic50_24h_74.png	images/rgb/ncih2170_jc_jq1_ic50_24h_74.tif	Region of interest mask (metaphase spread, binary)	Manual	NCI-H2170	jc_jq1_ic50_24h	train
images/roi_mask/ncih2170_jc_jq1_ic50_24h_75.png	images/rgb/ncih2170_jc_jq1_ic50_24h_75.tif	Region of interest mask (metaphase spread, binary)	Manual	NCI-H2170	jc_jq1_ic50_24h	train
images/roi_mask/ncih2170_jc_jq1_ic50_24h_76_a.png	images/rgb/ncih2170_jc_jq1_ic50_24h_76_a.tif	Region of interest mask (metaphase spread, binary)	Manual	NCI-H2170	jc_jq1_ic50_24h	train
images/roi_mask/ncih2170_jc_jq1_ic50_24h_79.png	images/rgb/ncih2170_jc_jq1_ic50_24h_79.tif	Region of interest mask (metaphase spread, binary)	Manual	NCI-H2170	jc_jq1_ic50_24h	train
images/roi_mask/ncih2170_jc_jq1_ic50_24h_84.png	images/rgb/ncih2170_jc_jq1_ic50_24h_84.tif	Region of interest mask (metaphase spread, binary)	Manual	NCI-H2170	jc_jq1_ic50_24h	test
images/roi_mask/ncih2170_jc_jq1_ic50_24h_86.png	images/rgb/ncih2170_jc_jq1_ic50_24h_86.tif	Region of interest mask (metaphase spread, binary)	Manual	NCI-H2170	jc_jq1_ic50_24h	test
images/roi_mask/ncih2170_jc_jq1_ic50_24h_89.png	images/rgb/ncih2170_jc_jq1_ic50_24h_89.tif	Region of interest mask (metaphase spread, binary)	Manual	NCI-H2170	jc_jq1_ic50_24h	train
images/roi_mask/ncih2170_jc_jq1_ic50_24h_90.png	images/rgb/ncih2170_jc_jq1_ic50_24h_90.tif	Region of interest mask (metaphase spread, binary)	Manual	NCI-H2170	jc_jq1_ic50_24h	val
images/roi_mask/ncih2170_jc_jq1_ic50_24h_91.png	images/rgb/ncih2170_jc_jq1_ic50_24h_91.tif	Region of interest mask (metaphase spread, binary)	Manual	NCI-H2170	jc_jq1_ic50_24h	train
images/roi_mask/ncih2170_jc_jq1_ic50_24h_92.png	images/rgb/ncih2170_jc_jq1_ic50_24h_92.tif	Region of interest mask (metaphase spread, binary)	Manual	NCI-H2170	jc_jq1_ic50_24h	train
images/roi_mask/ncih2170_jc_jq1_ic50_24h_93.png	images/rgb/ncih2170_jc_jq1_ic50_24h_93.tif	Region of interest mask (metaphase spread, binary)	Manual	NCI-H2170	jc_jq1_ic50_24h	train
images/roi_mask/ncih2170_jc_jq1_ic50_24h_94.png	images/rgb/ncih2170_jc_jq1_ic50_24h_94.tif	Region of interest mask (metaphase spread, binary)	Manual	NCI-H2170	jc_jq1_ic50_24h	train
images/roi_mask/ncih2170_jc_jq1_ic50_24h_95.png	images/rgb/ncih2170_jc_jq1_ic50_24h_95.tif	Region of interest mask (metaphase spread, binary)	Manual	NCI-H2170	jc_jq1_ic50_24h	train
images/roi_mask/ncih2170_jc_jq1_ic50_24h_96.png	images/rgb/ncih2170_jc_jq1_ic50_24h_96.tif	Region of interest mask (metaphase spread, binary)	Manual	NCI-H2170	jc_jq1_ic50_24h	train
images/roi_mask/ncih2170_jc_jq1_ic50_24h_97.png	images/rgb/ncih2170_jc_jq1_ic50_24h_97.tif	Region of interest mask (metaphase spread, binary)	Manual	NCI-H2170	jc_jq1_ic50_24h	train
images/roi_mask/ncih2170_jc_jq1_ic50_24h_98.png	images/rgb/ncih2170_jc_jq1_ic50_24h_98.tif	Region of interest mask (metaphase spread, binary)	Manual	NCI-H2170	jc_jq1_ic50_24h	test
images/roi_mask/ncih2170_jc_lap_ic50_24h_10.png	images/rgb/ncih2170_jc_lap_ic50_24h_10.tif	Region of interest mask (metaphase spread, binary)	Manual	NCI-H2170	jc_lap_ic50_24h	train
images/roi_mask/ncih2170_jc_lap_ic50_24h_101.png	images/rgb/ncih2170_jc_lap_ic50_24h_101.tif	Region of interest mask (metaphase spread, binary)	Manual	NCI-H2170	jc_lap_ic50_24h	train
images/roi_mask/ncih2170_jc_lap_ic50_24h_102.png	images/rgb/ncih2170_jc_lap_ic50_24h_102.tif	Region of interest mask (metaphase spread, binary)	Manual	NCI-H2170	jc_lap_ic50_24h	train
images/roi_mask/ncih2170_jc_lap_ic50_24h_104.png	images/rgb/ncih2170_jc_lap_ic50_24h_104.tif	Region of interest mask (metaphase spread, binary)	Manual	NCI-H2170	jc_lap_ic50_24h	train
images/roi_mask/ncih2170_jc_lap_ic50_24h_106.png	images/rgb/ncih2170_jc_lap_ic50_24h_106.tif	Region of interest mask (metaphase spread, binary)	Manual	NCI-H2170	jc_lap_ic50_24h	train
images/roi_mask/ncih2170_jc_lap_ic50_24h_108.png	images/rgb/ncih2170_jc_lap_ic50_24h_108.tif	Region of interest mask (metaphase spread, binary)	Manual	NCI-H2170	jc_lap_ic50_24h	train
images/roi_mask/ncih2170_jc_lap_ic50_24h_109.png	images/rgb/ncih2170_jc_lap_ic50_24h_109.tif	Region of interest mask (metaphase spread, binary)	Manual	NCI-H2170	jc_lap_ic50_24h	train
images/roi_mask/ncih2170_jc_lap_ic50_24h_11.png	images/rgb/ncih2170_jc_lap_ic50_24h_11.tif	Region of interest mask (metaphase spread, binary)	Manual	NCI-H2170	jc_lap_ic50_24h	test
images/roi_mask/ncih2170_jc_lap_ic50_24h_112.png	images/rgb/ncih2170_jc_lap_ic50_24h_112.tif	Region of interest mask (metaphase spread, binary)	Manual	NCI-H2170	jc_lap_ic50_24h	train
images/roi_mask/ncih2170_jc_lap_ic50_24h_114.png	images/rgb/ncih2170_jc_lap_ic50_24h_114.tif	Region of interest mask (metaphase spread, binary)	Manual	NCI-H2170	jc_lap_ic50_24h	train
images/roi_mask/ncih2170_jc_lap_ic50_24h_115.png	images/rgb/ncih2170_jc_lap_ic50_24h_115.tif	Region of interest mask (metaphase spread, binary)	Manual	NCI-H2170	jc_lap_ic50_24h	train
images/roi_mask/ncih2170_jc_lap_ic50_24h_116.png	images/rgb/ncih2170_jc_lap_ic50_24h_116.tif	Region of interest mask (metaphase spread, binary)	Manual	NCI-H2170	jc_lap_ic50_24h	train
images/roi_mask/ncih2170_jc_lap_ic50_24h_118.png	images/rgb/ncih2170_jc_lap_ic50_24h_118.tif	Region of interest mask (metaphase spread, binary)	Manual	NCI-H2170	jc_lap_ic50_24h	train
images/roi_mask/ncih2170_jc_lap_ic50_24h_119.png	images/rgb/ncih2170_jc_lap_ic50_24h_119.tif	Region of interest mask (metaphase spread, binary)	Manual	NCI-H2170	jc_lap_ic50_24h	train
images/roi_mask/ncih2170_jc_lap_ic50_24h_12.png	images/rgb/ncih2170_jc_lap_ic50_24h_12.tif	Region of interest mask (metaphase spread, binary)	Manual	NCI-H2170	jc_lap_ic50_24h	test
images/roi_mask/ncih2170_jc_lap_ic50_24h_13.png	images/rgb/ncih2170_jc_lap_ic50_24h_13.tif	Region of interest mask (metaphase spread, binary)	Manual	NCI-H2170	jc_lap_ic50_24h	val
images/roi_mask/ncih2170_jc_lap_ic50_24h_15.png	images/rgb/ncih2170_jc_lap_ic50_24h_15.tif	Region of interest mask (metaphase spread, binary)	Manual	NCI-H2170	jc_lap_ic50_24h	test
images/roi_mask/ncih2170_jc_lap_ic50_24h_16.png	images/rgb/ncih2170_jc_lap_ic50_24h_16.tif	Region of interest mask (metaphase spread, binary)	Manual	NCI-H2170	jc_lap_ic50_24h	val
images/roi_mask/ncih2170_jc_lap_ic50_24h_17.png	images/rgb/ncih2170_jc_lap_ic50_24h_17.tif	Region of interest mask (metaphase spread, binary)	Manual	NCI-H2170	jc_lap_ic50_24h	train
images/roi_mask/ncih2170_jc_lap_ic50_24h_18.png	images/rgb/ncih2170_jc_lap_ic50_24h_18.tif	Region of interest mask (metaphase spread, binary)	Manual	NCI-H2170	jc_lap_ic50_24h	test
images/roi_mask/ncih2170_jc_lap_ic50_24h_19.png	images/rgb/ncih2170_jc_lap_ic50_24h_19.tif	Region of interest mask (metaphase spread, binary)	Manual	NCI-H2170	jc_lap_ic50_24h	train
images/roi_mask/ncih2170_jc_lap_ic50_24h_2.png	images/rgb/ncih2170_jc_lap_ic50_24h_2.tif	Region of interest mask (metaphase spread, binary)	Manual	NCI-H2170	jc_lap_ic50_24h	val
images/roi_mask/ncih2170_jc_lap_ic50_24h_20.png	images/rgb/ncih2170_jc_lap_ic50_24h_20.tif	Region of interest mask (metaphase spread, binary)	Manual	NCI-H2170	jc_lap_ic50_24h	train
images/roi_mask/ncih2170_jc_lap_ic50_24h_21.png	images/rgb/ncih2170_jc_lap_ic50_24h_21.tif	Region of interest mask (metaphase spread, binary)	Manual	NCI-H2170	jc_lap_ic50_24h	train
images/roi_mask/ncih2170_jc_lap_ic50_24h_22.png	images/rgb/ncih2170_jc_lap_ic50_24h_22.tif	Region of interest mask (metaphase spread, binary)	Manual	NCI-H2170	jc_lap_ic50_24h	val
images/roi_mask/ncih2170_jc_lap_ic50_24h_24.png	images/rgb/ncih2170_jc_lap_ic50_24h_24.tif	Region of interest mask (metaphase spread, binary)	Manual	NCI-H2170	jc_lap_ic50_24h	train
images/roi_mask/ncih2170_jc_lap_ic50_24h_25.png	images/rgb/ncih2170_jc_lap_ic50_24h_25.tif	Region of interest mask (metaphase spread, binary)	Manual	NCI-H2170	jc_lap_ic50_24h	train
images/roi_mask/ncih2170_jc_lap_ic50_24h_27.png	images/rgb/ncih2170_jc_lap_ic50_24h_27.tif	Region of interest mask (metaphase spread, binary)	Manual	NCI-H2170	jc_lap_ic50_24h	train
images/roi_mask/ncih2170_jc_lap_ic50_24h_29f.png	images/rgb/ncih2170_jc_lap_ic50_24h_29f.tif	Region of interest mask (metaphase spread, binary)	Manual	NCI-H2170	jc_lap_ic50_24h	train
images/roi_mask/ncih2170_jc_lap_ic50_24h_3.png	images/rgb/ncih2170_jc_lap_ic50_24h_3.tif	Region of interest mask (metaphase spread, binary)	Manual	NCI-H2170	jc_lap_ic50_24h	val
images/roi_mask/ncih2170_jc_lap_ic50_24h_31.png	images/rgb/ncih2170_jc_lap_ic50_24h_31.tif	Region of interest mask (metaphase spread, binary)	Manual	NCI-H2170	jc_lap_ic50_24h	train
images/roi_mask/ncih2170_jc_lap_ic50_24h_32.png	images/rgb/ncih2170_jc_lap_ic50_24h_32.tif	Region of interest mask (metaphase spread, binary)	Manual	NCI-H2170	jc_lap_ic50_24h	train
images/roi_mask/ncih2170_jc_lap_ic50_24h_33.png	images/rgb/ncih2170_jc_lap_ic50_24h_33.tif	Region of interest mask (metaphase spread, binary)	Manual	NCI-H2170	jc_lap_ic50_24h	train
images/roi_mask/ncih2170_jc_lap_ic50_24h_34.png	images/rgb/ncih2170_jc_lap_ic50_24h_34.tif	Region of interest mask (metaphase spread, binary)	Manual	NCI-H2170	jc_lap_ic50_24h	val
images/roi_mask/ncih2170_jc_lap_ic50_24h_35.png	images/rgb/ncih2170_jc_lap_ic50_24h_35.tif	Region of interest mask (metaphase spread, binary)	Manual	NCI-H2170	jc_lap_ic50_24h	test
images/roi_mask/ncih2170_jc_lap_ic50_24h_36.png	images/rgb/ncih2170_jc_lap_ic50_24h_36.tif	Region of interest mask (metaphase spread, binary)	Manual	NCI-H2170	jc_lap_ic50_24h	train
images/roi_mask/ncih2170_jc_lap_ic50_24h_37.png	images/rgb/ncih2170_jc_lap_ic50_24h_37.tif	Region of interest mask (metaphase spread, binary)	Manual	NCI-H2170	jc_lap_ic50_24h	val
images/roi_mask/ncih2170_jc_lap_ic50_24h_39.png	images/rgb/ncih2170_jc_lap_ic50_24h_39.tif	Region of interest mask (metaphase spread, binary)	Manual	NCI-H2170	jc_lap_ic50_24h	train
images/roi_mask/ncih2170_jc_lap_ic50_24h_40.png	images/rgb/ncih2170_jc_lap_ic50_24h_40.tif	Region of interest mask (metaphase spread, binary)	Manual	NCI-H2170	jc_lap_ic50_24h	val
images/roi_mask/ncih2170_jc_lap_ic50_24h_41.png	images/rgb/ncih2170_jc_lap_ic50_24h_41.tif	Region of interest mask (metaphase spread, binary)	Manual	NCI-H2170	jc_lap_ic50_24h	train
images/roi_mask/ncih2170_jc_lap_ic50_24h_45.png	images/rgb/ncih2170_jc_lap_ic50_24h_45.tif	Region of interest mask (metaphase spread, binary)	Manual	NCI-H2170	jc_lap_ic50_24h	train
images/roi_mask/ncih2170_jc_lap_ic50_24h_46.png	images/rgb/ncih2170_jc_lap_ic50_24h_46.tif	Region of interest mask (metaphase spread, binary)	Manual	NCI-H2170	jc_lap_ic50_24h	test
images/roi_mask/ncih2170_jc_lap_ic50_24h_47.png	images/rgb/ncih2170_jc_lap_ic50_24h_47.tif	Region of interest mask (metaphase spread, binary)	Manual	NCI-H2170	jc_lap_ic50_24h	test
images/roi_mask/ncih2170_jc_lap_ic50_24h_48.png	images/rgb/ncih2170_jc_lap_ic50_24h_48.tif	Region of interest mask (metaphase spread, binary)	Manual	NCI-H2170	jc_lap_ic50_24h	train
images/roi_mask/ncih2170_jc_lap_ic50_24h_49.png	images/rgb/ncih2170_jc_lap_ic50_24h_49.tif	Region of interest mask (metaphase spread, binary)	Manual	NCI-H2170	jc_lap_ic50_24h	train
images/roi_mask/ncih2170_jc_lap_ic50_24h_4_s.png	images/rgb/ncih2170_jc_lap_ic50_24h_4_s.tif	Region of interest mask (metaphase spread, binary)	Manual	NCI-H2170	jc_lap_ic50_24h	train
images/roi_mask/ncih2170_jc_lap_ic50_24h_52.png	images/rgb/ncih2170_jc_lap_ic50_24h_52.tif	Region of interest mask (metaphase spread, binary)	Manual	NCI-H2170	jc_lap_ic50_24h	train
images/roi_mask/ncih2170_jc_lap_ic50_24h_54.png	images/rgb/ncih2170_jc_lap_ic50_24h_54.tif	Region of interest mask (metaphase spread, binary)	Manual	NCI-H2170	jc_lap_ic50_24h	train
images/roi_mask/ncih2170_jc_lap_ic50_24h_55.png	images/rgb/ncih2170_jc_lap_ic50_24h_55.tif	Region of interest mask (metaphase spread, binary)	Manual	NCI-H2170	jc_lap_ic50_24h	test
images/roi_mask/ncih2170_jc_lap_ic50_24h_56.png	images/rgb/ncih2170_jc_lap_ic50_24h_56.tif	Region of interest mask (metaphase spread, binary)	Manual	NCI-H2170	jc_lap_ic50_24h	train
images/roi_mask/ncih2170_jc_lap_ic50_24h_57.png	images/rgb/ncih2170_jc_lap_ic50_24h_57.tif	Region of interest mask (metaphase spread, binary)	Manual	NCI-H2170	jc_lap_ic50_24h	train
images/roi_mask/ncih2170_jc_lap_ic50_24h_58.png	images/rgb/ncih2170_jc_lap_ic50_24h_58.tif	Region of interest mask (metaphase spread, binary)	Manual	NCI-H2170	jc_lap_ic50_24h	train
images/roi_mask/ncih2170_jc_lap_ic50_24h_61.png	images/rgb/ncih2170_jc_lap_ic50_24h_61.tif	Region of interest mask (metaphase spread, binary)	Manual	NCI-H2170	jc_lap_ic50_24h	train
images/roi_mask/ncih2170_jc_lap_ic50_24h_64.png	images/rgb/ncih2170_jc_lap_ic50_24h_64.tif	Region of interest mask (metaphase spread, binary)	Manual	NCI-H2170	jc_lap_ic50_24h	val
images/roi_mask/ncih2170_jc_lap_ic50_24h_65.png	images/rgb/ncih2170_jc_lap_ic50_24h_65.tif	Region of interest mask (metaphase spread, binary)	Manual	NCI-H2170	jc_lap_ic50_24h	test
images/roi_mask/ncih2170_jc_lap_ic50_24h_66.png	images/rgb/ncih2170_jc_lap_ic50_24h_66.tif	Region of interest mask (metaphase spread, binary)	Manual	NCI-H2170	jc_lap_ic50_24h	val
images/roi_mask/ncih2170_jc_lap_ic50_24h_67.png	images/rgb/ncih2170_jc_lap_ic50_24h_67.tif	Region of interest mask (metaphase spread, binary)	Manual	NCI-H2170	jc_lap_ic50_24h	val
images/roi_mask/ncih2170_jc_lap_ic50_24h_7.png	images/rgb/ncih2170_jc_lap_ic50_24h_7.tif	Region of interest mask (metaphase spread, binary)	Manual	NCI-H2170	jc_lap_ic50_24h	val
images/roi_mask/ncih2170_jc_lap_ic50_24h_71.png	images/rgb/ncih2170_jc_lap_ic50_24h_71.tif	Region of interest mask (metaphase spread, binary)	Manual	NCI-H2170	jc_lap_ic50_24h	val
images/roi_mask/ncih2170_jc_lap_ic50_24h_74.png	images/rgb/ncih2170_jc_lap_ic50_24h_74.tif	Region of interest mask (metaphase spread, binary)	Manual	NCI-H2170	jc_lap_ic50_24h	train
images/roi_mask/ncih2170_jc_lap_ic50_24h_75.png	images/rgb/ncih2170_jc_lap_ic50_24h_75.tif	Region of interest mask (metaphase spread, binary)	Manual	NCI-H2170	jc_lap_ic50_24h	train
images/roi_mask/ncih2170_jc_lap_ic50_24h_76.png	images/rgb/ncih2170_jc_lap_ic50_24h_76.tif	Region of interest mask (metaphase spread, binary)	Manual	NCI-H2170	jc_lap_ic50_24h	train
images/roi_mask/ncih2170_jc_lap_ic50_24h_79.png	images/rgb/ncih2170_jc_lap_ic50_24h_79.tif	Region of interest mask (metaphase spread, binary)	Manual	NCI-H2170	jc_lap_ic50_24h	train
images/roi_mask/ncih2170_jc_lap_ic50_24h_8.png	images/rgb/ncih2170_jc_lap_ic50_24h_8.tif	Region of interest mask (metaphase spread, binary)	Manual	NCI-H2170	jc_lap_ic50_24h	train
images/roi_mask/ncih2170_jc_lap_ic50_24h_82.png	images/rgb/ncih2170_jc_lap_ic50_24h_82.tif	Region of interest mask (metaphase spread, binary)	Manual	NCI-H2170	jc_lap_ic50_24h	val
images/roi_mask/ncih2170_jc_lap_ic50_24h_83.png	images/rgb/ncih2170_jc_lap_ic50_24h_83.tif	Region of interest mask (metaphase spread, binary)	Manual	NCI-H2170	jc_lap_ic50_24h	train
images/roi_mask/ncih2170_jc_lap_ic50_24h_84.png	images/rgb/ncih2170_jc_lap_ic50_24h_84.tif	Region of interest mask (metaphase spread, binary)	Manual	NCI-H2170	jc_lap_ic50_24h	train
images/roi_mask/ncih2170_jc_lap_ic50_24h_88.png	images/rgb/ncih2170_jc_lap_ic50_24h_88.tif	Region of interest mask (metaphase spread, binary)	Manual	NCI-H2170	jc_lap_ic50_24h	train
images/roi_mask/ncih2170_jc_lap_ic50_24h_90.png	images/rgb/ncih2170_jc_lap_ic50_24h_90.tif	Region of interest mask (metaphase spread, binary)	Manual	NCI-H2170	jc_lap_ic50_24h	train
images/roi_mask/ncih2170_jc_lap_ic50_24h_91.png	images/rgb/ncih2170_jc_lap_ic50_24h_91.tif	Region of interest mask (metaphase spread, binary)	Manual	NCI-H2170	jc_lap_ic50_24h	val
images/roi_mask/ncih2170_jc_lap_ic50_24h_93.png	images/rgb/ncih2170_jc_lap_ic50_24h_93.tif	Region of interest mask (metaphase spread, binary)	Manual	NCI-H2170	jc_lap_ic50_24h	train
images/roi_mask/ncih2170_jc_lap_ic50_24h_96.png	images/rgb/ncih2170_jc_lap_ic50_24h_96.tif	Region of interest mask (metaphase spread, binary)	Manual	NCI-H2170	jc_lap_ic50_24h	train
images/roi_mask/ncih2170_jc_lap_ic50_24h_99.png	images/rgb/ncih2170_jc_lap_ic50_24h_99.tif	Region of interest mask (metaphase spread, binary)	Manual	NCI-H2170	jc_lap_ic50_24h	train
images/roi_mask/ncih2170_jc_ner_ic50_24h_1.png	images/rgb/ncih2170_jc_ner_ic50_24h_1.tif	Region of interest mask (metaphase spread, binary)	Manual	NCI-H2170	jc_ner_ic50_24h	test
images/roi_mask/ncih2170_jc_ner_ic50_24h_2.png	images/rgb/ncih2170_jc_ner_ic50_24h_2.tif	Region of interest mask (metaphase spread, binary)	Manual	NCI-H2170	jc_ner_ic50_24h	val
images/roi_mask/ncih2170_jc_ner_ic50_24h_21.png	images/rgb/ncih2170_jc_ner_ic50_24h_21.tif	Region of interest mask (metaphase spread, binary)	Manual	NCI-H2170	jc_ner_ic50_24h	train
images/roi_mask/ncih2170_jc_ner_ic50_24h_28.png	images/rgb/ncih2170_jc_ner_ic50_24h_28.tif	Region of interest mask (metaphase spread, binary)	Manual	NCI-H2170	jc_ner_ic50_24h	train
images/roi_mask/ncih2170_jc_ner_ic50_24h_3.png	images/rgb/ncih2170_jc_ner_ic50_24h_3.tif	Region of interest mask (metaphase spread, binary)	Manual	NCI-H2170	jc_ner_ic50_24h	train
images/roi_mask/ncih2170_jc_ner_ic50_24h_47.png	images/rgb/ncih2170_jc_ner_ic50_24h_47.tif	Region of interest mask (metaphase spread, binary)	Manual	NCI-H2170	jc_ner_ic50_24h	train
images/roi_mask/ncih2170_jc_ner_ic50_24h_50.png	images/rgb/ncih2170_jc_ner_ic50_24h_50.tif	Region of interest mask (metaphase spread, binary)	Manual	NCI-H2170	jc_ner_ic50_24h	test
images/roi_mask/ncih2170_jc_ner_ic50_24h_51.png	images/rgb/ncih2170_jc_ner_ic50_24h_51.tif	Region of interest mask (metaphase spread, binary)	Manual	NCI-H2170	jc_ner_ic50_24h	train
images/roi_mask/ncih2170_jc_ner_ic50_24h_53.png	images/rgb/ncih2170_jc_ner_ic50_24h_53.tif	Region of interest mask (metaphase spread, binary)	Manual	NCI-H2170	jc_ner_ic50_24h	train
images/roi_mask/ncih2170_jc_ner_ic50_24h_54.png	images/rgb/ncih2170_jc_ner_ic50_24h_54.tif	Region of interest mask (metaphase spread, binary)	Manual	NCI-H2170	jc_ner_ic50_24h	test
images/roi_mask/ncih2170_jc_ner_ic50_24h_6.png	images/rgb/ncih2170_jc_ner_ic50_24h_6.tif	Region of interest mask (metaphase spread, binary)	Manual	NCI-H2170	jc_ner_ic50_24h	train
images/roi_mask/ncih2170_jc_ner_ic50_24h_7.png	images/rgb/ncih2170_jc_ner_ic50_24h_7.tif	Region of interest mask (metaphase spread, binary)	Manual	NCI-H2170	jc_ner_ic50_24h	train
images/roi_mask/ncih2170_jc_ner_ic50_24h_72.png	images/rgb/ncih2170_jc_ner_ic50_24h_72.tif	Region of interest mask (metaphase spread, binary)	Manual	NCI-H2170	jc_ner_ic50_24h	train
images/roi_mask/ncih2170_jc_ner_ic50_24h_73.png	images/rgb/ncih2170_jc_ner_ic50_24h_73.tif	Region of interest mask (metaphase spread, binary)	Manual	NCI-H2170	jc_ner_ic50_24h	train
images/roi_mask/ncih2170_jc_ner_ic50_24h_80.png	images/rgb/ncih2170_jc_ner_ic50_24h_80.tif	Region of interest mask (metaphase spread, binary)	Manual	NCI-H2170	jc_ner_ic50_24h	train
images/roi_mask/ncih2170_jc_ner_ic50_24h_9.png	images/rgb/ncih2170_jc_ner_ic50_24h_9.tif	Region of interest mask (metaphase spread, binary)	Manual	NCI-H2170	jc_ner_ic50_24h	train
images/roi_mask/ncih2170_jc_ner_ic50_72h_32.png	images/rgb/ncih2170_jc_ner_ic50_72h_32.tif	Region of interest mask (metaphase spread, binary)	Manual	NCI-H2170	jc_ner_ic50_72h	val
images/roi_mask/ncih2170_jc_ner_ic50_72h_39.png	images/rgb/ncih2170_jc_ner_ic50_72h_39.tif	Region of interest mask (metaphase spread, binary)	Manual	NCI-H2170	jc_ner_ic50_72h	train
images/roi_mask/ncih2170_jc_ner_ic50_72h_40.png	images/rgb/ncih2170_jc_ner_ic50_72h_40.tif	Region of interest mask (metaphase spread, binary)	Manual	NCI-H2170	jc_ner_ic50_72h	train
images/roi_mask/ncih2170_jc_ner_ic50_72h_63.png	images/rgb/ncih2170_jc_ner_ic50_72h_63.tif	Region of interest mask (metaphase spread, binary)	Manual	NCI-H2170	jc_ner_ic50_72h	val
images/roi_mask/ncih2170_jc_ner_ic50_72h_66.png	images/rgb/ncih2170_jc_ner_ic50_72h_66.tif	Region of interest mask (metaphase spread, binary)	Manual	NCI-H2170	jc_ner_ic50_72h	train
images/roi_mask/ncih2170_jc_ner_ic50_72h_75.png	images/rgb/ncih2170_jc_ner_ic50_72h_75.tif	Region of interest mask (metaphase spread, binary)	Manual	NCI-H2170	jc_ner_ic50_72h	train
images/roi_mask/ncih2170_jc_ner_ic50_72h_89.png	images/rgb/ncih2170_jc_ner_ic50_72h_89.tif	Region of interest mask (metaphase spread, binary)	Manual	NCI-H2170	jc_ner_ic50_72h	train
images/roi_mask/ncih2170_jc_ner_ic50_72h_92.png	images/rgb/ncih2170_jc_ner_ic50_72h_92.tif	Region of interest mask (metaphase spread, binary)	Manual	NCI-H2170	jc_ner_ic50_72h	train
images/roi_mask/ncih2170_post_facs_fish_high_her2_g3_28.png	images/rgb/ncih2170_post_facs_fish_high_her2_g3_28.tif	Region of interest mask (metaphase spread, binary)	Manual	NCI-H2170	post_facs_fish_high_her2_g3	test
images/roi_mask/ncih2170_post_facs_fish_high_her2_g3_42.png	images/rgb/ncih2170_post_facs_fish_high_her2_g3_42.tif	Region of interest mask (metaphase spread, binary)	Manual	NCI-H2170	post_facs_fish_high_her2_g3	train
images/roi_mask/ncih2170_post_facs_fish_high_her2_g3_54.png	images/rgb/ncih2170_post_facs_fish_high_her2_g3_54.tif	Region of interest mask (metaphase spread, binary)	Manual	NCI-H2170	post_facs_fish_high_her2_g3	val
images/roi_mask/ncih2170_post_facs_fish_high_her2_g3_61.png	images/rgb/ncih2170_post_facs_fish_high_her2_g3_61.tif	Region of interest mask (metaphase spread, binary)	Manual	NCI-H2170	post_facs_fish_high_her2_g3	train
images/roi_mask/ncih2170_post_facs_fish_high_her2_g3_65.png	images/rgb/ncih2170_post_facs_fish_high_her2_g3_65.tif	Region of interest mask (metaphase spread, binary)	Manual	NCI-H2170	post_facs_fish_high_her2_g3	train
images/roi_mask/ncih2170_post_facs_fish_low_her2_g3_1.png	images/rgb/ncih2170_post_facs_fish_low_her2_g3_1.tif	Region of interest mask (metaphase spread, binary)	Manual	NCI-H2170	post_facs_fish_low_her2_g3	test
images/roi_mask/ncih2170_post_facs_fish_low_her2_g3_101.png	images/rgb/ncih2170_post_facs_fish_low_her2_g3_101.tif	Region of interest mask (metaphase spread, binary)	Manual	NCI-H2170	post_facs_fish_low_her2_g3	train
images/roi_mask/ncih2170_post_facs_fish_low_her2_g3_36.png	images/rgb/ncih2170_post_facs_fish_low_her2_g3_36.tif	Region of interest mask (metaphase spread, binary)	Manual	NCI-H2170	post_facs_fish_low_her2_g3	train
images/roi_mask/ncih2170_post_facs_fish_low_her2_g3_39.png	images/rgb/ncih2170_post_facs_fish_low_her2_g3_39.tif	Region of interest mask (metaphase spread, binary)	Manual	NCI-H2170	post_facs_fish_low_her2_g3	train
images/roi_mask/ncih2170_post_facs_fish_low_her2_g3_53.png	images/rgb/ncih2170_post_facs_fish_low_her2_g3_53.tif	Region of interest mask (metaphase spread, binary)	Manual	NCI-H2170	post_facs_fish_low_her2_g3	val
images/roi_mask/ncih2170_post_facs_fish_low_her2_g3_55.png	images/rgb/ncih2170_post_facs_fish_low_her2_g3_55.tif	Region of interest mask (metaphase spread, binary)	Manual	NCI-H2170	post_facs_fish_low_her2_g3	val
images/roi_mask/ncih2170_post_facs_fish_low_her2_g3_59.png	images/rgb/ncih2170_post_facs_fish_low_her2_g3_59.tif	Region of interest mask (metaphase spread, binary)	Manual	NCI-H2170	post_facs_fish_low_her2_g3	train
images/roi_mask/ncih2170_post_facs_fish_low_her2_g3_6.png	images/rgb/ncih2170_post_facs_fish_low_her2_g3_6.tif	Region of interest mask (metaphase spread, binary)	Manual	NCI-H2170	post_facs_fish_low_her2_g3	train
images/roi_mask/ncih2170_post_facs_fish_low_her2_g3_68.png	images/rgb/ncih2170_post_facs_fish_low_her2_g3_68.tif	Region of interest mask (metaphase spread, binary)	Manual	NCI-H2170	post_facs_fish_low_her2_g3	train
images/roi_mask/ncih2170_post_facs_fish_low_her2_g3_79.png	images/rgb/ncih2170_post_facs_fish_low_her2_g3_79.tif	Region of interest mask (metaphase spread, binary)	Manual	NCI-H2170	post_facs_fish_low_her2_g3	train
images/roi_mask/ncih2170_post_facs_fish_low_her2_g3_82.png	images/rgb/ncih2170_post_facs_fish_low_her2_g3_82.tif	Region of interest mask (metaphase spread, binary)	Manual	NCI-H2170	post_facs_fish_low_her2_g3	train
images/roi_mask/ncih2170_post_facs_fish_low_her2_g3_87.png	images/rgb/ncih2170_post_facs_fish_low_her2_g3_87.tif	Region of interest mask (metaphase spread, binary)	Manual	NCI-H2170	post_facs_fish_low_her2_g3	val
images/roi_mask/ncih716_jc_alo_8nm_24h_11.png	images/rgb/ncih716_jc_alo_8nm_24h_11.tif	Region of interest mask (metaphase spread, binary)	Manual	NCI-H716	jc_alo_8nm_24h	test
images/roi_mask/ncih716_jc_alo_8nm_24h_12.png	images/rgb/ncih716_jc_alo_8nm_24h_12.tif	Region of interest mask (metaphase spread, binary)	Manual	NCI-H716	jc_alo_8nm_24h	train
images/roi_mask/ncih716_jc_alo_8nm_24h_13.png	images/rgb/ncih716_jc_alo_8nm_24h_13.tif	Region of interest mask (metaphase spread, binary)	Manual	NCI-H716	jc_alo_8nm_24h	test
images/roi_mask/ncih716_jc_alo_8nm_24h_16.png	images/rgb/ncih716_jc_alo_8nm_24h_16.tif	Region of interest mask (metaphase spread, binary)	Manual	NCI-H716	jc_alo_8nm_24h	val
images/roi_mask/ncih716_jc_alo_8nm_24h_17.png	images/rgb/ncih716_jc_alo_8nm_24h_17.tif	Region of interest mask (metaphase spread, binary)	Manual	NCI-H716	jc_alo_8nm_24h	train
images/roi_mask/ncih716_jc_alo_8nm_24h_5.png	images/rgb/ncih716_jc_alo_8nm_24h_5.tif	Region of interest mask (metaphase spread, binary)	Manual	NCI-H716	jc_alo_8nm_24h	train
images/roi_mask/ncih716_jc_ctrl_1_10.png	images/rgb/ncih716_jc_ctrl_1_10.tif	Region of interest mask (metaphase spread, binary)	Manual	NCI-H716	jc_ctrl_1	train
images/roi_mask/ncih716_jc_ctrl_1_13.png	images/rgb/ncih716_jc_ctrl_1_13.tif	Region of interest mask (metaphase spread, binary)	Manual	NCI-H716	jc_ctrl_1	train
images/roi_mask/ncih716_jc_ctrl_1_16.png	images/rgb/ncih716_jc_ctrl_1_16.tif	Region of interest mask (metaphase spread, binary)	Manual	NCI-H716	jc_ctrl_1	train
images/roi_mask/ncih716_jc_ctrl_1_19.png	images/rgb/ncih716_jc_ctrl_1_19.tif	Region of interest mask (metaphase spread, binary)	Manual	NCI-H716	jc_ctrl_1	val
images/roi_mask/ncih716_jc_ctrl_1_2.png	images/rgb/ncih716_jc_ctrl_1_2.tif	Region of interest mask (metaphase spread, binary)	Manual	NCI-H716	jc_ctrl_1	train
images/roi_mask/ncih716_jc_ctrl_1_21.png	images/rgb/ncih716_jc_ctrl_1_21.tif	Region of interest mask (metaphase spread, binary)	Manual	NCI-H716	jc_ctrl_1	train
images/roi_mask/ncih716_jc_ctrl_1_23.png	images/rgb/ncih716_jc_ctrl_1_23.tif	Region of interest mask (metaphase spread, binary)	Manual	NCI-H716	jc_ctrl_1	test
images/roi_mask/ncih716_jc_ctrl_1_24.png	images/rgb/ncih716_jc_ctrl_1_24.tif	Region of interest mask (metaphase spread, binary)	Manual	NCI-H716	jc_ctrl_1	train
images/roi_mask/ncih716_jc_ctrl_1_27.png	images/rgb/ncih716_jc_ctrl_1_27.tif	Region of interest mask (metaphase spread, binary)	Manual	NCI-H716	jc_ctrl_1	train
images/roi_mask/ncih716_jc_ctrl_1_3.png	images/rgb/ncih716_jc_ctrl_1_3.tif	Region of interest mask (metaphase spread, binary)	Manual	NCI-H716	jc_ctrl_1	train
images/roi_mask/ncih716_jc_ctrl_1_42.png	images/rgb/ncih716_jc_ctrl_1_42.tif	Region of interest mask (metaphase spread, binary)	Manual	NCI-H716	jc_ctrl_1	train
images/roi_mask/ncih716_jc_ctrl_1_43.png	images/rgb/ncih716_jc_ctrl_1_43.tif	Region of interest mask (metaphase spread, binary)	Manual	NCI-H716	jc_ctrl_1	train
images/roi_mask/ncih716_jc_ctrl_1_44_a.png	images/rgb/ncih716_jc_ctrl_1_44_a.tif	Region of interest mask (metaphase spread, binary)	Manual	NCI-H716	jc_ctrl_1	val
images/roi_mask/ncih716_jc_ctrl_1_45.png	images/rgb/ncih716_jc_ctrl_1_45.tif	Region of interest mask (metaphase spread, binary)	Manual	NCI-H716	jc_ctrl_1	test
images/roi_mask/ncih716_jc_ctrl_1_46.png	images/rgb/ncih716_jc_ctrl_1_46.tif	Region of interest mask (metaphase spread, binary)	Manual	NCI-H716	jc_ctrl_1	val
images/roi_mask/ncih716_jc_ctrl_1_48.png	images/rgb/ncih716_jc_ctrl_1_48.tif	Region of interest mask (metaphase spread, binary)	Manual	NCI-H716	jc_ctrl_1	train
images/roi_mask/ncih716_jc_ctrl_1_5.png	images/rgb/ncih716_jc_ctrl_1_5.tif	Region of interest mask (metaphase spread, binary)	Manual	NCI-H716	jc_ctrl_1	train
images/roi_mask/ncih716_jc_ctrl_1_54.png	images/rgb/ncih716_jc_ctrl_1_54.tif	Region of interest mask (metaphase spread, binary)	Manual	NCI-H716	jc_ctrl_1	train
images/roi_mask/ncih716_jc_ctrl_1_55.png	images/rgb/ncih716_jc_ctrl_1_55.tif	Region of interest mask (metaphase spread, binary)	Manual	NCI-H716	jc_ctrl_1	train
images/roi_mask/ncih716_jc_ctrl_1_56.png	images/rgb/ncih716_jc_ctrl_1_56.tif	Region of interest mask (metaphase spread, binary)	Manual	NCI-H716	jc_ctrl_1	train
images/roi_mask/ncih716_jc_ctrl_1_57.png	images/rgb/ncih716_jc_ctrl_1_57.tif	Region of interest mask (metaphase spread, binary)	Manual	NCI-H716	jc_ctrl_1	train
images/roi_mask/ncih716_jc_ctrl_1_59.png	images/rgb/ncih716_jc_ctrl_1_59.tif	Region of interest mask (metaphase spread, binary)	Manual	NCI-H716	jc_ctrl_1	train
images/roi_mask/ncih716_jc_ctrl_1_62.png	images/rgb/ncih716_jc_ctrl_1_62.tif	Region of interest mask (metaphase spread, binary)	Manual	NCI-H716	jc_ctrl_1	train
images/roi_mask/ncih716_jc_ctrl_1_64.png	images/rgb/ncih716_jc_ctrl_1_64.tif	Region of interest mask (metaphase spread, binary)	Manual	NCI-H716	jc_ctrl_1	val
images/roi_mask/ncih716_jc_ctrl_1_66.png	images/rgb/ncih716_jc_ctrl_1_66.tif	Region of interest mask (metaphase spread, binary)	Manual	NCI-H716	jc_ctrl_1	test
images/roi_mask/ncih716_jc_ctrl_1_68.png	images/rgb/ncih716_jc_ctrl_1_68.tif	Region of interest mask (metaphase spread, binary)	Manual	NCI-H716	jc_ctrl_1	val
images/roi_mask/ncih716_jc_ctrl_1_72.png	images/rgb/ncih716_jc_ctrl_1_72.tif	Region of interest mask (metaphase spread, binary)	Manual	NCI-H716	jc_ctrl_1	test
images/roi_mask/ncih716_jc_ctrl_1_74.png	images/rgb/ncih716_jc_ctrl_1_74.tif	Region of interest mask (metaphase spread, binary)	Manual	NCI-H716	jc_ctrl_1	train
images/roi_mask/ncih716_jc_ctrl_1_76.png	images/rgb/ncih716_jc_ctrl_1_76.tif	Region of interest mask (metaphase spread, binary)	Manual	NCI-H716	jc_ctrl_1	train
images/roi_mask/ncih716_jc_ctrl_2_10.png	images/rgb/ncih716_jc_ctrl_2_10.tif	Region of interest mask (metaphase spread, binary)	Manual	NCI-H716	jc_ctrl_2	train
images/roi_mask/ncih716_jc_ctrl_2_11.png	images/rgb/ncih716_jc_ctrl_2_11.tif	Region of interest mask (metaphase spread, binary)	Manual	NCI-H716	jc_ctrl_2	test
images/roi_mask/ncih716_jc_ctrl_2_12.png	images/rgb/ncih716_jc_ctrl_2_12.tif	Region of interest mask (metaphase spread, binary)	Manual	NCI-H716	jc_ctrl_2	val
images/roi_mask/ncih716_jc_ctrl_2_16.png	images/rgb/ncih716_jc_ctrl_2_16.tif	Region of interest mask (metaphase spread, binary)	Manual	NCI-H716	jc_ctrl_2	train
images/roi_mask/ncih716_jc_ctrl_2_18.png	images/rgb/ncih716_jc_ctrl_2_18.tif	Region of interest mask (metaphase spread, binary)	Manual	NCI-H716	jc_ctrl_2	train
images/roi_mask/ncih716_jc_ctrl_2_22.png	images/rgb/ncih716_jc_ctrl_2_22.tif	Region of interest mask (metaphase spread, binary)	Manual	NCI-H716	jc_ctrl_2	train
images/roi_mask/ncih716_jc_ctrl_2_23.png	images/rgb/ncih716_jc_ctrl_2_23.tif	Region of interest mask (metaphase spread, binary)	Manual	NCI-H716	jc_ctrl_2	train
images/roi_mask/ncih716_jc_ctrl_2_24.png	images/rgb/ncih716_jc_ctrl_2_24.tif	Region of interest mask (metaphase spread, binary)	Manual	NCI-H716	jc_ctrl_2	val
images/roi_mask/ncih716_jc_ctrl_2_25.png	images/rgb/ncih716_jc_ctrl_2_25.tif	Region of interest mask (metaphase spread, binary)	Manual	NCI-H716	jc_ctrl_2	test
images/roi_mask/ncih716_jc_ctrl_2_27.png	images/rgb/ncih716_jc_ctrl_2_27.tif	Region of interest mask (metaphase spread, binary)	Manual	NCI-H716	jc_ctrl_2	train
images/roi_mask/ncih716_jc_ctrl_2_28.png	images/rgb/ncih716_jc_ctrl_2_28.tif	Region of interest mask (metaphase spread, binary)	Manual	NCI-H716	jc_ctrl_2	train
images/roi_mask/ncih716_jc_ctrl_2_29.png	images/rgb/ncih716_jc_ctrl_2_29.tif	Region of interest mask (metaphase spread, binary)	Manual	NCI-H716	jc_ctrl_2	val
images/roi_mask/ncih716_jc_ctrl_2_30.png	images/rgb/ncih716_jc_ctrl_2_30.tif	Region of interest mask (metaphase spread, binary)	Manual	NCI-H716	jc_ctrl_2	test
images/roi_mask/ncih716_jc_ctrl_2_32.png	images/rgb/ncih716_jc_ctrl_2_32.tif	Region of interest mask (metaphase spread, binary)	Manual	NCI-H716	jc_ctrl_2	train
images/roi_mask/ncih716_jc_ctrl_2_33.png	images/rgb/ncih716_jc_ctrl_2_33.tif	Region of interest mask (metaphase spread, binary)	Manual	NCI-H716	jc_ctrl_2	train
images/roi_mask/ncih716_jc_ctrl_2_36.png	images/rgb/ncih716_jc_ctrl_2_36.tif	Region of interest mask (metaphase spread, binary)	Manual	NCI-H716	jc_ctrl_2	train
images/roi_mask/ncih716_jc_ctrl_2_37.png	images/rgb/ncih716_jc_ctrl_2_37.tif	Region of interest mask (metaphase spread, binary)	Manual	NCI-H716	jc_ctrl_2	train
images/roi_mask/ncih716_jc_ctrl_2_39.png	images/rgb/ncih716_jc_ctrl_2_39.tif	Region of interest mask (metaphase spread, binary)	Manual	NCI-H716	jc_ctrl_2	train
images/roi_mask/ncih716_jc_ctrl_2_40.png	images/rgb/ncih716_jc_ctrl_2_40.tif	Region of interest mask (metaphase spread, binary)	Manual	NCI-H716	jc_ctrl_2	train
images/roi_mask/ncih716_jc_ctrl_2_41.png	images/rgb/ncih716_jc_ctrl_2_41.tif	Region of interest mask (metaphase spread, binary)	Manual	NCI-H716	jc_ctrl_2	train
images/roi_mask/ncih716_jc_ctrl_2_43.png	images/rgb/ncih716_jc_ctrl_2_43.tif	Region of interest mask (metaphase spread, binary)	Manual	NCI-H716	jc_ctrl_2	train
images/roi_mask/ncih716_jc_ctrl_2_45.png	images/rgb/ncih716_jc_ctrl_2_45.tif	Region of interest mask (metaphase spread, binary)	Manual	NCI-H716	jc_ctrl_2	train
images/roi_mask/ncih716_jc_ctrl_2_46.png	images/rgb/ncih716_jc_ctrl_2_46.tif	Region of interest mask (metaphase spread, binary)	Manual	NCI-H716	jc_ctrl_2	train
images/roi_mask/ncih716_jc_ctrl_2_47.png	images/rgb/ncih716_jc_ctrl_2_47.tif	Region of interest mask (metaphase spread, binary)	Manual	NCI-H716	jc_ctrl_2	train
images/roi_mask/ncih716_jc_ctrl_2_48.png	images/rgb/ncih716_jc_ctrl_2_48.tif	Region of interest mask (metaphase spread, binary)	Manual	NCI-H716	jc_ctrl_2	train
images/roi_mask/ncih716_jc_ctrl_2_49.png	images/rgb/ncih716_jc_ctrl_2_49.tif	Region of interest mask (metaphase spread, binary)	Manual	NCI-H716	jc_ctrl_2	val
images/roi_mask/ncih716_jc_ctrl_2_5.png	images/rgb/ncih716_jc_ctrl_2_5.tif	Region of interest mask (metaphase spread, binary)	Manual	NCI-H716	jc_ctrl_2	train
images/roi_mask/ncih716_jc_ctrl_2_50.png	images/rgb/ncih716_jc_ctrl_2_50.tif	Region of interest mask (metaphase spread, binary)	Manual	NCI-H716	jc_ctrl_2	train
images/roi_mask/ncih716_jc_ctrl_2_51.png	images/rgb/ncih716_jc_ctrl_2_51.tif	Region of interest mask (metaphase spread, binary)	Manual	NCI-H716	jc_ctrl_2	train
images/roi_mask/ncih716_jc_ctrl_2_54.png	images/rgb/ncih716_jc_ctrl_2_54.tif	Region of interest mask (metaphase spread, binary)	Manual	NCI-H716	jc_ctrl_2	train
images/roi_mask/ncih716_jc_ctrl_2_55.png	images/rgb/ncih716_jc_ctrl_2_55.tif	Region of interest mask (metaphase spread, binary)	Manual	NCI-H716	jc_ctrl_2	train
images/roi_mask/ncih716_jc_ctrl_2_56.png	images/rgb/ncih716_jc_ctrl_2_56.tif	Region of interest mask (metaphase spread, binary)	Manual	NCI-H716	jc_ctrl_2	train
images/roi_mask/ncih716_jc_ctrl_2_58.png	images/rgb/ncih716_jc_ctrl_2_58.tif	Region of interest mask (metaphase spread, binary)	Manual	NCI-H716	jc_ctrl_2	test
images/roi_mask/ncih716_jc_ctrl_2_8.png	images/rgb/ncih716_jc_ctrl_2_8.tif	Region of interest mask (metaphase spread, binary)	Manual	NCI-H716	jc_ctrl_2	test
images/roi_mask/ncih716_jc_ctrl_2_9.png	images/rgb/ncih716_jc_ctrl_2_9.tif	Region of interest mask (metaphase spread, binary)	Manual	NCI-H716	jc_ctrl_2	train
images/roi_mask/snu16_jc_arv771_800picom_24h_4.png	images/rgb/snu16_jc_arv771_800picom_24h_4.tif	Region of interest mask (metaphase spread, binary)	Manual	SNU16	jc_arv771_800picom_24h	train
images/roi_mask/snu16_jc_ctrl_10.png	images/rgb/snu16_jc_ctrl_10.tif	Region of interest mask (metaphase spread, binary)	Manual	SNU16	jc_ctrl	train
images/roi_mask/snu16_jc_ctrl_102.png	images/rgb/snu16_jc_ctrl_102.tif	Region of interest mask (metaphase spread, binary)	Manual	SNU16	jc_ctrl	train
images/roi_mask/snu16_jc_ctrl_103.png	images/rgb/snu16_jc_ctrl_103.tif	Region of interest mask (metaphase spread, binary)	Manual	SNU16	jc_ctrl	train
images/roi_mask/snu16_jc_ctrl_107.png	images/rgb/snu16_jc_ctrl_107.tif	Region of interest mask (metaphase spread, binary)	Manual	SNU16	jc_ctrl	train
images/roi_mask/snu16_jc_ctrl_108.png	images/rgb/snu16_jc_ctrl_108.tif	Region of interest mask (metaphase spread, binary)	Manual	SNU16	jc_ctrl	train
images/roi_mask/snu16_jc_ctrl_112.png	images/rgb/snu16_jc_ctrl_112.tif	Region of interest mask (metaphase spread, binary)	Manual	SNU16	jc_ctrl	train
images/roi_mask/snu16_jc_ctrl_114.png	images/rgb/snu16_jc_ctrl_114.tif	Region of interest mask (metaphase spread, binary)	Manual	SNU16	jc_ctrl	test
images/roi_mask/snu16_jc_ctrl_119.png	images/rgb/snu16_jc_ctrl_119.tif	Region of interest mask (metaphase spread, binary)	Manual	SNU16	jc_ctrl	val
images/roi_mask/snu16_jc_ctrl_120.png	images/rgb/snu16_jc_ctrl_120.tif	Region of interest mask (metaphase spread, binary)	Manual	SNU16	jc_ctrl	train
images/roi_mask/snu16_jc_ctrl_122.png	images/rgb/snu16_jc_ctrl_122.tif	Region of interest mask (metaphase spread, binary)	Manual	SNU16	jc_ctrl	train
images/roi_mask/snu16_jc_ctrl_124.png	images/rgb/snu16_jc_ctrl_124.tif	Region of interest mask (metaphase spread, binary)	Manual	SNU16	jc_ctrl	test
images/roi_mask/snu16_jc_ctrl_126.png	images/rgb/snu16_jc_ctrl_126.tif	Region of interest mask (metaphase spread, binary)	Manual	SNU16	jc_ctrl	train
images/roi_mask/snu16_jc_ctrl_127.png	images/rgb/snu16_jc_ctrl_127.tif	Region of interest mask (metaphase spread, binary)	Manual	SNU16	jc_ctrl	train
images/roi_mask/snu16_jc_ctrl_129.png	images/rgb/snu16_jc_ctrl_129.tif	Region of interest mask (metaphase spread, binary)	Manual	SNU16	jc_ctrl	train
images/roi_mask/snu16_jc_ctrl_13.png	images/rgb/snu16_jc_ctrl_13.tif	Region of interest mask (metaphase spread, binary)	Manual	SNU16	jc_ctrl	val
images/roi_mask/snu16_jc_ctrl_131.png	images/rgb/snu16_jc_ctrl_131.tif	Region of interest mask (metaphase spread, binary)	Manual	SNU16	jc_ctrl	train
images/roi_mask/snu16_jc_ctrl_132.png	images/rgb/snu16_jc_ctrl_132.tif	Region of interest mask (metaphase spread, binary)	Manual	SNU16	jc_ctrl	train
images/roi_mask/snu16_jc_ctrl_135.png	images/rgb/snu16_jc_ctrl_135.tif	Region of interest mask (metaphase spread, binary)	Manual	SNU16	jc_ctrl	val
images/roi_mask/snu16_jc_ctrl_136.png	images/rgb/snu16_jc_ctrl_136.tif	Region of interest mask (metaphase spread, binary)	Manual	SNU16	jc_ctrl	train
images/roi_mask/snu16_jc_ctrl_139.png	images/rgb/snu16_jc_ctrl_139.tif	Region of interest mask (metaphase spread, binary)	Manual	SNU16	jc_ctrl	val
images/roi_mask/snu16_jc_ctrl_144.png	images/rgb/snu16_jc_ctrl_144.tif	Region of interest mask (metaphase spread, binary)	Manual	SNU16	jc_ctrl	train
images/roi_mask/snu16_jc_ctrl_147.png	images/rgb/snu16_jc_ctrl_147.tif	Region of interest mask (metaphase spread, binary)	Manual	SNU16	jc_ctrl	train
images/roi_mask/snu16_jc_ctrl_15.png	images/rgb/snu16_jc_ctrl_15.tif	Region of interest mask (metaphase spread, binary)	Manual	SNU16	jc_ctrl	train
images/roi_mask/snu16_jc_ctrl_20.png	images/rgb/snu16_jc_ctrl_20.tif	Region of interest mask (metaphase spread, binary)	Manual	SNU16	jc_ctrl	train
images/roi_mask/snu16_jc_ctrl_23.png	images/rgb/snu16_jc_ctrl_23.tif	Region of interest mask (metaphase spread, binary)	Manual	SNU16	jc_ctrl	train
images/roi_mask/snu16_jc_ctrl_24.png	images/rgb/snu16_jc_ctrl_24.tif	Region of interest mask (metaphase spread, binary)	Manual	SNU16	jc_ctrl	train
images/roi_mask/snu16_jc_ctrl_25.png	images/rgb/snu16_jc_ctrl_25.tif	Region of interest mask (metaphase spread, binary)	Manual	SNU16	jc_ctrl	train
images/roi_mask/snu16_jc_ctrl_26.png	images/rgb/snu16_jc_ctrl_26.tif	Region of interest mask (metaphase spread, binary)	Manual	SNU16	jc_ctrl	train
images/roi_mask/snu16_jc_ctrl_30.png	images/rgb/snu16_jc_ctrl_30.tif	Region of interest mask (metaphase spread, binary)	Manual	SNU16	jc_ctrl	train
images/roi_mask/snu16_jc_ctrl_32.png	images/rgb/snu16_jc_ctrl_32.tif	Region of interest mask (metaphase spread, binary)	Manual	SNU16	jc_ctrl	train
images/roi_mask/snu16_jc_ctrl_35.png	images/rgb/snu16_jc_ctrl_35.tif	Region of interest mask (metaphase spread, binary)	Manual	SNU16	jc_ctrl	test
images/roi_mask/snu16_jc_ctrl_37.png	images/rgb/snu16_jc_ctrl_37.tif	Region of interest mask (metaphase spread, binary)	Manual	SNU16	jc_ctrl	train
images/roi_mask/snu16_jc_ctrl_38.png	images/rgb/snu16_jc_ctrl_38.tif	Region of interest mask (metaphase spread, binary)	Manual	SNU16	jc_ctrl	train
images/roi_mask/snu16_jc_ctrl_39.png	images/rgb/snu16_jc_ctrl_39.tif	Region of interest mask (metaphase spread, binary)	Manual	SNU16	jc_ctrl	train
images/roi_mask/snu16_jc_ctrl_40.png	images/rgb/snu16_jc_ctrl_40.tif	Region of interest mask (metaphase spread, binary)	Manual	SNU16	jc_ctrl	test
images/roi_mask/snu16_jc_ctrl_42.png	images/rgb/snu16_jc_ctrl_42.tif	Region of interest mask (metaphase spread, binary)	Manual	SNU16	jc_ctrl	train
images/roi_mask/snu16_jc_ctrl_43.png	images/rgb/snu16_jc_ctrl_43.tif	Region of interest mask (metaphase spread, binary)	Manual	SNU16	jc_ctrl	train
images/roi_mask/snu16_jc_ctrl_45.png	images/rgb/snu16_jc_ctrl_45.tif	Region of interest mask (metaphase spread, binary)	Manual	SNU16	jc_ctrl	test
images/roi_mask/snu16_jc_ctrl_46.png	images/rgb/snu16_jc_ctrl_46.tif	Region of interest mask (metaphase spread, binary)	Manual	SNU16	jc_ctrl	test
images/roi_mask/snu16_jc_ctrl_47.png	images/rgb/snu16_jc_ctrl_47.tif	Region of interest mask (metaphase spread, binary)	Manual	SNU16	jc_ctrl	train
images/roi_mask/snu16_jc_ctrl_48.png	images/rgb/snu16_jc_ctrl_48.tif	Region of interest mask (metaphase spread, binary)	Manual	SNU16	jc_ctrl	train
images/roi_mask/snu16_jc_ctrl_50.png	images/rgb/snu16_jc_ctrl_50.tif	Region of interest mask (metaphase spread, binary)	Manual	SNU16	jc_ctrl	test
images/roi_mask/snu16_jc_ctrl_52.png	images/rgb/snu16_jc_ctrl_52.tif	Region of interest mask (metaphase spread, binary)	Manual	SNU16	jc_ctrl	train
images/roi_mask/snu16_jc_ctrl_53.png	images/rgb/snu16_jc_ctrl_53.tif	Region of interest mask (metaphase spread, binary)	Manual	SNU16	jc_ctrl	train
images/roi_mask/snu16_jc_ctrl_54.png	images/rgb/snu16_jc_ctrl_54.tif	Region of interest mask (metaphase spread, binary)	Manual	SNU16	jc_ctrl	train
images/roi_mask/snu16_jc_ctrl_55.png	images/rgb/snu16_jc_ctrl_55.tif	Region of interest mask (metaphase spread, binary)	Manual	SNU16	jc_ctrl	train
images/roi_mask/snu16_jc_ctrl_56.png	images/rgb/snu16_jc_ctrl_56.tif	Region of interest mask (metaphase spread, binary)	Manual	SNU16	jc_ctrl	train
images/roi_mask/snu16_jc_ctrl_57.png	images/rgb/snu16_jc_ctrl_57.tif	Region of interest mask (metaphase spread, binary)	Manual	SNU16	jc_ctrl	train
images/roi_mask/snu16_jc_ctrl_59.png	images/rgb/snu16_jc_ctrl_59.tif	Region of interest mask (metaphase spread, binary)	Manual	SNU16	jc_ctrl	train
images/roi_mask/snu16_jc_ctrl_60.png	images/rgb/snu16_jc_ctrl_60.tif	Region of interest mask (metaphase spread, binary)	Manual	SNU16	jc_ctrl	val
images/roi_mask/snu16_jc_ctrl_61.png	images/rgb/snu16_jc_ctrl_61.tif	Region of interest mask (metaphase spread, binary)	Manual	SNU16	jc_ctrl	train
images/roi_mask/snu16_jc_ctrl_63.png	images/rgb/snu16_jc_ctrl_63.tif	Region of interest mask (metaphase spread, binary)	Manual	SNU16	jc_ctrl	train
images/roi_mask/snu16_jc_ctrl_65.png	images/rgb/snu16_jc_ctrl_65.tif	Region of interest mask (metaphase spread, binary)	Manual	SNU16	jc_ctrl	train
images/roi_mask/snu16_jc_ctrl_67.png	images/rgb/snu16_jc_ctrl_67.tif	Region of interest mask (metaphase spread, binary)	Manual	SNU16	jc_ctrl	train
images/roi_mask/snu16_jc_ctrl_69.png	images/rgb/snu16_jc_ctrl_69.tif	Region of interest mask (metaphase spread, binary)	Manual	SNU16	jc_ctrl	test
images/roi_mask/snu16_jc_ctrl_70.png	images/rgb/snu16_jc_ctrl_70.tif	Region of interest mask (metaphase spread, binary)	Manual	SNU16	jc_ctrl	test
images/roi_mask/snu16_jc_ctrl_72.png	images/rgb/snu16_jc_ctrl_72.tif	Region of interest mask (metaphase spread, binary)	Manual	SNU16	jc_ctrl	test
images/roi_mask/snu16_jc_ctrl_74.png	images/rgb/snu16_jc_ctrl_74.tif	Region of interest mask (metaphase spread, binary)	Manual	SNU16	jc_ctrl	val
images/roi_mask/snu16_jc_ctrl_76.png	images/rgb/snu16_jc_ctrl_76.tif	Region of interest mask (metaphase spread, binary)	Manual	SNU16	jc_ctrl	train
images/roi_mask/snu16_jc_ctrl_78.png	images/rgb/snu16_jc_ctrl_78.tif	Region of interest mask (metaphase spread, binary)	Manual	SNU16	jc_ctrl	train
images/roi_mask/snu16_jc_ctrl_79.png	images/rgb/snu16_jc_ctrl_79.tif	Region of interest mask (metaphase spread, binary)	Manual	SNU16	jc_ctrl	train
images/roi_mask/snu16_jc_ctrl_8.png	images/rgb/snu16_jc_ctrl_8.tif	Region of interest mask (metaphase spread, binary)	Manual	SNU16	jc_ctrl	val
images/roi_mask/snu16_jc_ctrl_83.png	images/rgb/snu16_jc_ctrl_83.tif	Region of interest mask (metaphase spread, binary)	Manual	SNU16	jc_ctrl	test
images/roi_mask/snu16_jc_ctrl_84.png	images/rgb/snu16_jc_ctrl_84.tif	Region of interest mask (metaphase spread, binary)	Manual	SNU16	jc_ctrl	train
images/roi_mask/snu16_jc_ctrl_86.png	images/rgb/snu16_jc_ctrl_86.tif	Region of interest mask (metaphase spread, binary)	Manual	SNU16	jc_ctrl	train
images/roi_mask/snu16_jc_ctrl_87.png	images/rgb/snu16_jc_ctrl_87.tif	Region of interest mask (metaphase spread, binary)	Manual	SNU16	jc_ctrl	train
images/roi_mask/snu16_jc_ctrl_89.png	images/rgb/snu16_jc_ctrl_89.tif	Region of interest mask (metaphase spread, binary)	Manual	SNU16	jc_ctrl	train
images/roi_mask/snu16_jc_ctrl_9.png	images/rgb/snu16_jc_ctrl_9.tif	Region of interest mask (metaphase spread, binary)	Manual	SNU16	jc_ctrl	val
images/roi_mask/snu16_jc_ctrl_91.png	images/rgb/snu16_jc_ctrl_91.tif	Region of interest mask (metaphase spread, binary)	Manual	SNU16	jc_ctrl	test
images/roi_mask/snu16_jc_ctrl_92.png	images/rgb/snu16_jc_ctrl_92.tif	Region of interest mask (metaphase spread, binary)	Manual	SNU16	jc_ctrl	val
images/roi_mask/snu16_jc_ctrl_95.png	images/rgb/snu16_jc_ctrl_95.tif	Region of interest mask (metaphase spread, binary)	Manual	SNU16	jc_ctrl	train
images/roi_mask/snu16_jc_ctrl_98.png	images/rgb/snu16_jc_ctrl_98.tif	Region of interest mask (metaphase spread, binary)	Manual	SNU16	jc_ctrl	train
images/roi_mask/snu16_jc_jq1_ic50_24h_10.png	images/rgb/snu16_jc_jq1_ic50_24h_10.tif	Region of interest mask (metaphase spread, binary)	Manual	SNU16	jc_jq1_ic50_24h	train
images/roi_mask/snu16_jc_jq1_ic50_24h_100.png	images/rgb/snu16_jc_jq1_ic50_24h_100.tif	Region of interest mask (metaphase spread, binary)	Manual	SNU16	jc_jq1_ic50_24h	train
images/roi_mask/snu16_jc_jq1_ic50_24h_102.png	images/rgb/snu16_jc_jq1_ic50_24h_102.tif	Region of interest mask (metaphase spread, binary)	Manual	SNU16	jc_jq1_ic50_24h	test
images/roi_mask/snu16_jc_jq1_ic50_24h_104.png	images/rgb/snu16_jc_jq1_ic50_24h_104.tif	Region of interest mask (metaphase spread, binary)	Manual	SNU16	jc_jq1_ic50_24h	train
images/roi_mask/snu16_jc_jq1_ic50_24h_109.png	images/rgb/snu16_jc_jq1_ic50_24h_109.tif	Region of interest mask (metaphase spread, binary)	Manual	SNU16	jc_jq1_ic50_24h	train
images/roi_mask/snu16_jc_jq1_ic50_24h_115.png	images/rgb/snu16_jc_jq1_ic50_24h_115.tif	Region of interest mask (metaphase spread, binary)	Manual	SNU16	jc_jq1_ic50_24h	train
images/roi_mask/snu16_jc_jq1_ic50_24h_117.png	images/rgb/snu16_jc_jq1_ic50_24h_117.tif	Region of interest mask (metaphase spread, binary)	Manual	SNU16	jc_jq1_ic50_24h	train
images/roi_mask/snu16_jc_jq1_ic50_24h_118.png	images/rgb/snu16_jc_jq1_ic50_24h_118.tif	Region of interest mask (metaphase spread, binary)	Manual	SNU16	jc_jq1_ic50_24h	val
images/roi_mask/snu16_jc_jq1_ic50_24h_120.png	images/rgb/snu16_jc_jq1_ic50_24h_120.tif	Region of interest mask (metaphase spread, binary)	Manual	SNU16	jc_jq1_ic50_24h	test
images/roi_mask/snu16_jc_jq1_ic50_24h_128.png	images/rgb/snu16_jc_jq1_ic50_24h_128.tif	Region of interest mask (metaphase spread, binary)	Manual	SNU16	jc_jq1_ic50_24h	train
images/roi_mask/snu16_jc_jq1_ic50_24h_16.png	images/rgb/snu16_jc_jq1_ic50_24h_16.tif	Region of interest mask (metaphase spread, binary)	Manual	SNU16	jc_jq1_ic50_24h	val
images/roi_mask/snu16_jc_jq1_ic50_24h_19.png	images/rgb/snu16_jc_jq1_ic50_24h_19.tif	Region of interest mask (metaphase spread, binary)	Manual	SNU16	jc_jq1_ic50_24h	test
images/roi_mask/snu16_jc_jq1_ic50_24h_2.png	images/rgb/snu16_jc_jq1_ic50_24h_2.tif	Region of interest mask (metaphase spread, binary)	Manual	SNU16	jc_jq1_ic50_24h	train
images/roi_mask/snu16_jc_jq1_ic50_24h_21.png	images/rgb/snu16_jc_jq1_ic50_24h_21.tif	Region of interest mask (metaphase spread, binary)	Manual	SNU16	jc_jq1_ic50_24h	train
images/roi_mask/snu16_jc_jq1_ic50_24h_26.png	images/rgb/snu16_jc_jq1_ic50_24h_26.tif	Region of interest mask (metaphase spread, binary)	Manual	SNU16	jc_jq1_ic50_24h	train
images/roi_mask/snu16_jc_jq1_ic50_24h_28.png	images/rgb/snu16_jc_jq1_ic50_24h_28.tif	Region of interest mask (metaphase spread, binary)	Manual	SNU16	jc_jq1_ic50_24h	train
images/roi_mask/snu16_jc_jq1_ic50_24h_29.png	images/rgb/snu16_jc_jq1_ic50_24h_29.tif	Region of interest mask (metaphase spread, binary)	Manual	SNU16	jc_jq1_ic50_24h	train
images/roi_mask/snu16_jc_jq1_ic50_24h_33_a.png	images/rgb/snu16_jc_jq1_ic50_24h_33_a.tif	Region of interest mask (metaphase spread, binary)	Manual	SNU16	jc_jq1_ic50_24h	train
images/roi_mask/snu16_jc_jq1_ic50_24h_40.png	images/rgb/snu16_jc_jq1_ic50_24h_40.tif	Region of interest mask (metaphase spread, binary)	Manual	SNU16	jc_jq1_ic50_24h	test
images/roi_mask/snu16_jc_jq1_ic50_24h_44.png	images/rgb/snu16_jc_jq1_ic50_24h_44.tif	Region of interest mask (metaphase spread, binary)	Manual	SNU16	jc_jq1_ic50_24h	val
images/roi_mask/snu16_jc_jq1_ic50_24h_45.png	images/rgb/snu16_jc_jq1_ic50_24h_45.tif	Region of interest mask (metaphase spread, binary)	Manual	SNU16	jc_jq1_ic50_24h	train
images/roi_mask/snu16_jc_jq1_ic50_24h_5.png	images/rgb/snu16_jc_jq1_ic50_24h_5.tif	Region of interest mask (metaphase spread, binary)	Manual	SNU16	jc_jq1_ic50_24h	train
images/roi_mask/snu16_jc_jq1_ic50_24h_51.png	images/rgb/snu16_jc_jq1_ic50_24h_51.tif	Region of interest mask (metaphase spread, binary)	Manual	SNU16	jc_jq1_ic50_24h	test
images/roi_mask/snu16_jc_jq1_ic50_24h_52.png	images/rgb/snu16_jc_jq1_ic50_24h_52.tif	Region of interest mask (metaphase spread, binary)	Manual	SNU16	jc_jq1_ic50_24h	train
images/roi_mask/snu16_jc_jq1_ic50_24h_54.png	images/rgb/snu16_jc_jq1_ic50_24h_54.tif	Region of interest mask (metaphase spread, binary)	Manual	SNU16	jc_jq1_ic50_24h	val
images/roi_mask/snu16_jc_jq1_ic50_24h_55.png	images/rgb/snu16_jc_jq1_ic50_24h_55.tif	Region of interest mask (metaphase spread, binary)	Manual	SNU16	jc_jq1_ic50_24h	val
images/roi_mask/snu16_jc_jq1_ic50_24h_56.png	images/rgb/snu16_jc_jq1_ic50_24h_56.tif	Region of interest mask (metaphase spread, binary)	Manual	SNU16	jc_jq1_ic50_24h	test
images/roi_mask/snu16_jc_jq1_ic50_24h_57.png	images/rgb/snu16_jc_jq1_ic50_24h_57.tif	Region of interest mask (metaphase spread, binary)	Manual	SNU16	jc_jq1_ic50_24h	train
images/roi_mask/snu16_jc_jq1_ic50_24h_6.png	images/rgb/snu16_jc_jq1_ic50_24h_6.tif	Region of interest mask (metaphase spread, binary)	Manual	SNU16	jc_jq1_ic50_24h	train
images/roi_mask/snu16_jc_jq1_ic50_24h_61_a.png	images/rgb/snu16_jc_jq1_ic50_24h_61_a.tif	Region of interest mask (metaphase spread, binary)	Manual	SNU16	jc_jq1_ic50_24h	train
images/roi_mask/snu16_jc_jq1_ic50_24h_66.png	images/rgb/snu16_jc_jq1_ic50_24h_66.tif	Region of interest mask (metaphase spread, binary)	Manual	SNU16	jc_jq1_ic50_24h	val
images/roi_mask/snu16_jc_jq1_ic50_24h_67.png	images/rgb/snu16_jc_jq1_ic50_24h_67.tif	Region of interest mask (metaphase spread, binary)	Manual	SNU16	jc_jq1_ic50_24h	test
images/roi_mask/snu16_jc_jq1_ic50_24h_68.png	images/rgb/snu16_jc_jq1_ic50_24h_68.tif	Region of interest mask (metaphase spread, binary)	Manual	SNU16	jc_jq1_ic50_24h	train
images/roi_mask/snu16_jc_jq1_ic50_24h_69.png	images/rgb/snu16_jc_jq1_ic50_24h_69.tif	Region of interest mask (metaphase spread, binary)	Manual	SNU16	jc_jq1_ic50_24h	train
images/roi_mask/snu16_jc_jq1_ic50_24h_70.png	images/rgb/snu16_jc_jq1_ic50_24h_70.tif	Region of interest mask (metaphase spread, binary)	Manual	SNU16	jc_jq1_ic50_24h	train
images/roi_mask/snu16_jc_jq1_ic50_24h_72.png	images/rgb/snu16_jc_jq1_ic50_24h_72.tif	Region of interest mask (metaphase spread, binary)	Manual	SNU16	jc_jq1_ic50_24h	train
images/roi_mask/snu16_jc_jq1_ic50_24h_75.png	images/rgb/snu16_jc_jq1_ic50_24h_75.tif	Region of interest mask (metaphase spread, binary)	Manual	SNU16	jc_jq1_ic50_24h	train
images/roi_mask/snu16_jc_jq1_ic50_24h_76.png	images/rgb/snu16_jc_jq1_ic50_24h_76.tif	Region of interest mask (metaphase spread, binary)	Manual	SNU16	jc_jq1_ic50_24h	train
images/roi_mask/snu16_jc_jq1_ic50_24h_8.png	images/rgb/snu16_jc_jq1_ic50_24h_8.tif	Region of interest mask (metaphase spread, binary)	Manual	SNU16	jc_jq1_ic50_24h	train
images/roi_mask/snu16_jc_jq1_ic50_24h_81.png	images/rgb/snu16_jc_jq1_ic50_24h_81.tif	Region of interest mask (metaphase spread, binary)	Manual	SNU16	jc_jq1_ic50_24h	train
images/roi_mask/snu16_jc_jq1_ic50_24h_87.png	images/rgb/snu16_jc_jq1_ic50_24h_87.tif	Region of interest mask (metaphase spread, binary)	Manual	SNU16	jc_jq1_ic50_24h	train
images/roi_mask/snu16_jc_jq1_ic50_24h_88.png	images/rgb/snu16_jc_jq1_ic50_24h_88.tif	Region of interest mask (metaphase spread, binary)	Manual	SNU16	jc_jq1_ic50_24h	train
images/roi_mask/snu16_jc_jq1_ic50_24h_89.png	images/rgb/snu16_jc_jq1_ic50_24h_89.tif	Region of interest mask (metaphase spread, binary)	Manual	SNU16	jc_jq1_ic50_24h	train
images/roi_mask/snu16_jc_jq1_ic50_24h_9.png	images/rgb/snu16_jc_jq1_ic50_24h_9.tif	Region of interest mask (metaphase spread, binary)	Manual	SNU16	jc_jq1_ic50_24h	val
images/roi_mask/snu16_jc_jq1_ic50_24h_90.png	images/rgb/snu16_jc_jq1_ic50_24h_90.tif	Region of interest mask (metaphase spread, binary)	Manual	SNU16	jc_jq1_ic50_24h	train
images/roi_mask/snu16_jc_jq1_ic50_24h_91.png	images/rgb/snu16_jc_jq1_ic50_24h_91.tif	Region of interest mask (metaphase spread, binary)	Manual	SNU16	jc_jq1_ic50_24h	train
images/roi_mask/snu16_jc_jq1_ic50_24h_94.png	images/rgb/snu16_jc_jq1_ic50_24h_94.tif	Region of interest mask (metaphase spread, binary)	Manual	SNU16	jc_jq1_ic50_24h	train
images/roi_mask/snu16_jc_jq1_ic50_24h_96.png	images/rgb/snu16_jc_jq1_ic50_24h_96.tif	Region of interest mask (metaphase spread, binary)	Manual	SNU16	jc_jq1_ic50_24h	val
images/roi_mask/snu16_jc_jq1_ic50_24h_97.png	images/rgb/snu16_jc_jq1_ic50_24h_97.tif	Region of interest mask (metaphase spread, binary)	Manual	SNU16	jc_jq1_ic50_24h	train
images/roi_mask/snu16_jc_jq1_ic50_24h_98.png	images/rgb/snu16_jc_jq1_ic50_24h_98.tif	Region of interest mask (metaphase spread, binary)	Manual	SNU16	jc_jq1_ic50_24h	val
