model,split,policy,d_max,iou_min,tp,fp,fn,ignored,precision,recall,f1
Classic (after opt),test,and,5.0,0.0,19477,11067,14151,47,0.6376702462022001,0.5791899607469966,0.607024870660101
Classic (after opt),test,and,5.0,0.05,18161,12396,15467,34,0.5943319043099781,0.5400559057927917,0.5658954584404456
Classic (after opt),test,and,5.0,0.1,14161,16417,19467,13,0.4631107332068808,0.4211074104912573,0.44111142260847896
Classic (after opt),test,and,5.0,0.2,7122,23465,26506,4,0.23284401870075522,0.21178779588438207,0.2218173323989722
Classic (after opt),test,and,5.0,0.3,3732,26857,29896,2,0.12200464219163752,0.11097894611633163,0.11623090458912749
Classic (after opt),test,and,5.0,0.4,2019,28572,31609,0,0.06599980386388153,0.060039253003449505,0.06287858733396658
Classic (after opt),test,and,5.0,0.5,1141,29450,32487,0,0.03729855186165866,0.0339300582847627,0.035534654852925146
Classic (after opt),test,and,10.0,0.0,21727,8798,11901,66,0.7117772317772317,0.6460984893541096,0.6773494614437361
Classic (after opt),test,and,10.0,0.05,18925,11628,14703,38,0.6194154420187871,0.5627750683953848,0.5897383960985338
Classic (after opt),test,and,10.0,0.1,14223,16353,19405,15,0.4651687598116169,0.42295111216843106,0.44305650738271757
Classic (after opt),test,and,10.0,0.2,7122,23463,26506,6,0.23285924472780775,0.21178779588438207,0.22182424119726535
Classic (after opt),test,and,10.0,0.3,3732,26857,29896,2,0.12200464219163752,0.11097894611633163,0.11623090458912749
Classic (after opt),test,and,10.0,0.4,2019,28572,31609,0,0.06599980386388153,0.060039253003449505,0.06287858733396658
Classic (after opt),test,and,10.0,0.5,1141,29450,32487,0,0.03729855186165866,0.0339300582847627,0.035534654852925146
Classic (after opt),test,and,15.0,0.0,21864,8659,11764,68,0.7163122890934704,0.6501724753181872,0.6816417514925722
Classic (after opt),test,and,15.0,0.05,18927,11626,14701,38,0.6194809020390797,0.5628345426430356,0.5898007198392048
Classic (after opt),test,and,15.0,0.1,14223,16353,19405,15,0.4651687598116169,0.42295111216843106,0.44305650738271757
Classic (after opt),test,and,15.0,0.2,7122,23463,26506,6,0.23285924472780775,0.21178779588438207,0.22182424119726535
Classic (after opt),test,and,15.0,0.3,3732,26857,29896,2,0.12200464219163752,0.11097894611633163,0.11623090458912749
Classic (after opt),test,and,15.0,0.4,2019,28572,31609,0,0.06599980386388153,0.060039253003449505,0.06287858733396658
Classic (after opt),test,and,15.0,0.5,1141,29450,32487,0,0.03729855186165866,0.0339300582847627,0.035534654852925146
Classic (after opt),test,and,20.0,0.0,21938,8581,11690,72,0.7188308922310692,0.6523730224812656,0.6839914571219231
Classic (after opt),test,and,20.0,0.05,18927,11626,14701,38,0.6194809020390797,0.5628345426430356,0.5898007198392048
Classic (after opt),test,and,20.0,0.1,14223,16353,19405,15,0.4651687598116169,0.42295111216843106,0.44305650738271757
Classic (after opt),test,and,20.0,0.2,7122,23463,26506,6,0.23285924472780775,0.21178779588438207,0.22182424119726535
Classic (after opt),test,and,20.0,0.3,3732,26857,29896,2,0.12200464219163752,0.11097894611633163,0.11623090458912749
Classic (after opt),test,and,20.0,0.4,2019,28572,31609,0,0.06599980386388153,0.060039253003449505,0.06287858733396658
Classic (after opt),test,and,20.0,0.5,1141,29450,32487,0,0.03729855186165866,0.0339300582847627,0.035534654852925146
Classic (after opt),test,and,25.0,0.0,22001,8516,11627,74,0.7209424255333093,0.6542464612822648,0.6859770831709409
Classic (after opt),test,and,25.0,0.05,18927,11626,14701,38,0.6194809020390797,0.5628345426430356,0.5898007198392048
Classic (after opt),test,and,25.0,0.1,14223,16353,19405,15,0.4651687598116169,0.42295111216843106,0.44305650738271757
Classic (after opt),test,and,25.0,0.2,7122,23463,26506,6,0.23285924472780775,0.21178779588438207,0.22182424119726535
Classic (after opt),test,and,25.0,0.3,3732,26857,29896,2,0.12200464219163752,0.11097894611633163,0.11623090458912749
Classic (after opt),test,and,25.0,0.4,2019,28572,31609,0,0.06599980386388153,0.060039253003449505,0.06287858733396658
Classic (after opt),test,and,25.0,0.5,1141,29450,32487,0,0.03729855186165866,0.0339300582847627,0.035534654852925146
Classic (after opt),test,and,30.0,0.0,22024,8493,11604,74,0.7216961038109906,0.6549304151302486,0.6866942084340166
Classic (after opt),test,and,30.0,0.05,18927,11626,14701,38,0.6194809020390797,0.5628345426430356,0.5898007198392048
Classic (after opt),test,and,30.0,0.1,14223,16353,19405,15,0.4651687598116169,0.42295111216843106,0.44305650738271757
Classic (after opt),test,and,30.0,0.2,7122,23463,26506,6,0.23285924472780775,0.21178779588438207,0.22182424119726535
Classic (after opt),test,and,30.0,0.3,3732,26857,29896,2,0.12200464219163752,0.11097894611633163,0.11623090458912749
Classic (after opt),test,and,30.0,0.4,2019,28572,31609,0,0.06599980386388153,0.060039253003449505,0.06287858733396658
Classic (after opt),test,and,30.0,0.5,1141,29450,32487,0,0.03729855186165866,0.0339300582847627,0.035534654852925146
Classic (after opt),test,and,40.0,0.0,22037,8476,11591,78,0.7222167600694785,0.6553169977399785,0.6871423894233017
Classic (after opt),test,and,40.0,0.05,18927,11626,14701,38,0.6194809020390797,0.5628345426430356,0.5898007198392048
Classic (after opt),test,and,40.0,0.1,14223,16353,19405,15,0.4651687598116169,0.42295111216843106,0.44305650738271757
Classic (after opt),test,and,40.0,0.2,7122,23463,26506,6,0.23285924472780775,0.21178779588438207,0.22182424119726535
Classic (after opt),test,and,40.0,0.3,3732,26857,29896,2,0.12200464219163752,0.11097894611633163,0.11623090458912749
Classic (after opt),test,and,40.0,0.4,2019,28572,31609,0,0.06599980386388153,0.060039253003449505,0.06287858733396658
Classic (after opt),test,and,40.0,0.5,1141,29450,32487,0,0.03729855186165866,0.0339300582847627,0.035534654852925146
Classic (after opt),test,and,50.0,0.0,22038,8475,11590,78,0.7222495329859404,0.655346734863804,0.6871735707269921
Classic (after opt),test,and,50.0,0.05,18927,11626,14701,38,0.6194809020390797,0.5628345426430356,0.5898007198392048
Classic (after opt),test,and,50.0,0.1,14223,16353,19405,15,0.4651687598116169,0.42295111216843106,0.44305650738271757
Classic (after opt),test,and,50.0,0.2,7122,23463,26506,6,0.23285924472780775,0.21178779588438207,0.22182424119726535
Classic (after opt),test,and,50.0,0.3,3732,26857,29896,2,0.12200464219163752,0.11097894611633163,0.11623090458912749
Classic (after opt),test,and,50.0,0.4,2019,28572,31609,0,0.06599980386388153,0.060039253003449505,0.06287858733396658
Classic (after opt),test,and,50.0,0.5,1141,29450,32487,0,0.03729855186165866,0.0339300582847627,0.035534654852925146
Classic (after opt),test,and,75.0,0.0,22038,8475,11590,78,0.7222495329859404,0.655346734863804,0.6871735707269921
Classic (after opt),test,and,75.0,0.05,18927,11626,14701,38,0.6194809020390797,0.5628345426430356,0.5898007198392048
Classic (after opt),test,and,75.0,0.1,14223,16353,19405,15,0.4651687598116169,0.42295111216843106,0.44305650738271757
Classic (after opt),test,and,75.0,0.2,7122,23463,26506,6,0.23285924472780775,0.21178779588438207,0.22182424119726535
Classic (after opt),test,and,75.0,0.3,3732,26857,29896,2,0.12200464219163752,0.11097894611633163,0.11623090458912749
Classic (after opt),test,and,75.0,0.4,2019,28572,31609,0,0.06599980386388153,0.060039253003449505,0.06287858733396658
Classic (after opt),test,and,75.0,0.5,1141,29450,32487,0,0.03729855186165866,0.0339300582847627,0.035534654852925146
Classic (after opt),test,and,100.0,0.0,22038,8475,11590,78,0.7222495329859404,0.655346734863804,0.6871735707269921
Classic (after opt),test,and,100.0,0.05,18927,11626,14701,38,0.6194809020390797,0.5628345426430356,0.5898007198392048
Classic (after opt),test,and,100.0,0.1,14223,16353,19405,15,0.4651687598116169,0.42295111216843106,0.44305650738271757
Classic (after opt),test,and,100.0,0.2,7122,23463,26506,6,0.23285924472780775,0.21178779588438207,0.22182424119726535
Classic (after opt),test,and,100.0,0.3,3732,26857,29896,2,0.12200464219163752,0.11097894611633163,0.11623090458912749
Classic (after opt),test,and,100.0,0.4,2019,28572,31609,0,0.06599980386388153,0.060039253003449505,0.06287858733396658
Classic (after opt),test,and,100.0,0.5,1141,29450,32487,0,0.03729855186165866,0.0339300582847627,0.035534654852925146
Classic (after opt),test,or,5.0,0.0,22481,7876,11147,234,0.7405540731956386,0.6685202807184489,0.7026959443619598
Classic (after opt),test,or,5.0,0.05,20688,9702,12940,201,0.6807502467917078,0.6152016176995361,0.6463182229997814
Classic (after opt),test,or,5.0,0.1,19985,10408,13643,198,0.6575527259566347,0.5942964196502915,0.6243263929023289
Classic (after opt),test,or,5.0,0.2,19927,10466,13701,198,0.6556443918007436,0.5925716664684192,0.6225144874338108
Classic (after opt),test,or,5.0,0.3,19927,10468,13701,196,0.6556012502056259,0.5925716664684192,0.6224950408446964
Classic (after opt),test,or,5.0,0.4,19927,10468,13701,196,0.6556012502056259,0.5925716664684192,0.6224950408446964
Classic (after opt),test,or,5.0,0.5,19927,10468,13701,196,0.6556012502056259,0.5925716664684192,0.6224950408446964
Classic (after opt),test,or,10.0,0.0,23641,6067,9987,883,0.7957789147704322,0.7030153443558939,0.7465264620437034
Classic (after opt),test,or,10.0,0.05,23338,6388,10290,865,0.7851039494045616,0.6940049958368026,0.7367490608327809
Classic (after opt),test,or,10.0,0.1,23336,6390,10292,865,0.7850366682365606,0.6939455215891519,0.7366859235407394
Classic (after opt),test,or,10.0,0.2,23336,6390,10292,865,0.7850366682365606,0.6939455215891519,0.7366859235407394
Classic (after opt),test,or,10.0,0.3,23336,6390,10292,865,0.7850366682365606,0.6939455215891519,0.7366859235407394
Classic (after opt),test,or,10.0,0.4,23336,6390,10292,865,0.7850366682365606,0.6939455215891519,0.7366859235407394
Classic (after opt),test,or,10.0,0.5,23336,6390,10292,865,0.7850366682365606,0.6939455215891519,0.7366859235407394
Classic (after opt),test,or,15.0,0.0,23989,5425,9639,1177,0.8155640171346977,0.7133638634471274,0.7610481900954918
Classic (after opt),test,or,15.0,0.05,23822,5606,9806,1163,0.80950115536224,0.7083977637682883,0.7555823395077391
Classic (after opt),test,or,15.0,0.1,23822,5606,9806,1163,0.80950115536224,0.7083977637682883,0.7555823395077391
Classic (after opt),test,or,15.0,0.2,23822,5606,9806,1163,0.80950115536224,0.7083977637682883,0.7555823395077391
Classic (after opt),test,or,15.0,0.3,23822,5606,9806,1163,0.80950115536224,0.7083977637682883,0.7555823395077391
Classic (after opt),test,or,15.0,0.4,23822,5606,9806,1163,0.80950115536224,0.7083977637682883,0.7555823395077391
Classic (after opt),test,or,15.0,0.5,23822,5606,9806,1163,0.80950115536224,0.7083977637682883,0.7555823395077391
Classic (after opt),test,or,20.0,0.0,24406,4715,9222,1470,0.838089351327221,0.7257642440823123,0.7778928747868492
Classic (after opt),test,or,20.0,0.05,24312,4819,9316,1460,0.8345748515327315,0.7229689544427264,0.7747733392820153
Classic (after opt),test,or,20.0,0.1,24312,4819,9316,1460,0.8345748515327315,0.7229689544427264,0.7747733392820153
Classic (after opt),test,or,20.0,0.2,24312,4819,9316,1460,0.8345748515327315,0.7229689544427264,0.7747733392820153
Classic (after opt),test,or,20.0,0.3,24312,4819,9316,1460,0.8345748515327315,0.7229689544427264,0.7747733392820153
Classic (after opt),test,or,20.0,0.4,24312,4819,9316,1460,0.8345748515327315,0.7229689544427264,0.7747733392820153
Classic (after opt),test,or,20.0,0.5,24312,4819,9316,1460,0.8345748515327315,0.7229689544427264,0.7747733392820153
Classic (after opt),test,or,25.0,0.0,24848,4030,8780,1713,0.8604473994043909,0.7389080528131319,0.79505967427127
Classic (after opt),test,or,25.0,0.05,24815,4067,8813,1709,0.8591856519631604,0.7379267277268943,0.793952967525196
Classic (after opt),test,or,25.0,0.1,24815,4067,8813,1709,0.8591856519631604,0.7379267277268943,0.793952967525196
Classic (after opt),test,or,25.0,0.2,24815,4067,8813,1709,0.8591856519631604,0.7379267277268943,0.793952967525196
Classic (after opt),test,or,25.0,0.3,24815,4067,8813,1709,0.8591856519631604,0.7379267277268943,0.793952967525196
Classic (after opt),test,or,25.0,0.4,24815,4067,8813,1709,0.8591856519631604,0.7379267277268943,0.793952967525196
Classic (after opt),test,or,25.0,0.5,24815,4067,8813,1709,0.8591856519631604,0.7379267277268943,0.793952967525196
Classic (after opt),test,or,30.0,0.0,25246,3394,8382,1951,0.8814944134078212,0.7507434280956345,0.8108819939615854
Classic (after opt),test,or,30.0,0.05,25233,3411,8395,1947,0.880917469627147,0.7503568454859046,0.8104123843782117
Classic (after opt),test,or,30.0,0.1,25233,3411,8395,1947,0.880917469627147,0.7503568454859046,0.8104123843782117
Classic (after opt),test,or,30.0,0.2,25233,3411,8395,1947,0.880917469627147,0.7503568454859046,0.8104123843782117
Classic (after opt),test,or,30.0,0.3,25233,3411,8395,1947,0.880917469627147,0.7503568454859046,0.8104123843782117
Classic (after opt),test,or,30.0,0.4,25233,3411,8395,1947,0.880917469627147,0.7503568454859046,0.8104123843782117
Classic (after opt),test,or,30.0,0.5,25233,3411,8395,1947,0.880917469627147,0.7503568454859046,0.8104123843782117
Classic (after opt),test,or,40.0,0.0,26021,2333,7607,2237,0.9177188403752558,0.7737896990603069,0.8396308605724242
Classic (after opt),test,or,40.0,0.05,26020,2334,7608,2237,0.917683571982789,0.7737599619364816,0.8395985931399439
Classic (after opt),test,or,40.0,0.1,26020,2334,7608,2237,0.917683571982789,0.7737599619364816,0.8395985931399439
Classic (after opt),test,or,40.0,0.2,26020,2334,7608,2237,0.917683571982789,0.7737599619364816,0.8395985931399439
Classic (after opt),test,or,40.0,0.3,26020,2334,7608,2237,0.917683571982789,0.7737599619364816,0.8395985931399439
Classic (after opt),test,or,40.0,0.4,26020,2334,7608,2237,0.917683571982789,0.7737599619364816,0.8395985931399439
Classic (after opt),test,or,40.0,0.5,26020,2334,7608,2237,0.917683571982789,0.7737599619364816,0.8395985931399439
Classic (after opt),test,or,50.0,0.0,26611,1663,7017,2317,0.9411827120322558,0.7913346021172832,0.859778359342186
Classic (after opt),test,or,50.0,0.05,26611,1663,7017,2317,0.9411827120322558,0.7913346021172832,0.859778359342186
Classic (after opt),test,or,50.0,0.1,26611,1663,7017,2317,0.9411827120322558,0.7913346021172832,0.859778359342186
Classic (after opt),test,or,50.0,0.2,26611,1663,7017,2317,0.9411827120322558,0.7913346021172832,0.859778359342186
Classic (after opt),test,or,50.0,0.3,26611,1663,7017,2317,0.9411827120322558,0.7913346021172832,0.859778359342186
Classic (after opt),test,or,50.0,0.4,26611,1663,7017,2317,0.9411827120322558,0.7913346021172832,0.859778359342186
Classic (after opt),test,or,50.0,0.5,26611,1663,7017,2317,0.9411827120322558,0.7913346021172832,0.859778359342186
Classic (after opt),test,or,75.0,0.0,27549,859,6079,2183,0.9697620388622923,0.819228024265493,0.8881617125540009
Classic (after opt),test,or,75.0,0.05,27549,859,6079,2183,0.9697620388622923,0.819228024265493,0.8881617125540009
Classic (after opt),test,or,75.0,0.1,27549,859,6079,2183,0.9697620388622923,0.819228024265493,0.8881617125540009
Classic (after opt),test,or,75.0,0.2,27549,859,6079,2183,0.9697620388622923,0.819228024265493,0.8881617125540009
Classic (after opt),test,or,75.0,0.3,27549,859,6079,2183,0.9697620388622923,0.819228024265493,0.8881617125540009
Classic (after opt),test,or,75.0,0.4,27549,859,6079,2183,0.9697620388622923,0.819228024265493,0.8881617125540009
Classic (after opt),test,or,75.0,0.5,27549,859,6079,2183,0.9697620388622923,0.819228024265493,0.8881617125540009
Classic (after opt),test,or,100.0,0.0,27990,495,5638,2106,0.9826224328593997,0.8323420958724872,0.9012606056703105
Classic (after opt),test,or,100.0,0.05,27990,495,5638,2106,0.9826224328593997,0.8323420958724872,0.9012606056703105
Classic (after opt),test,or,100.0,0.1,27990,495,5638,2106,0.9826224328593997,0.8323420958724872,0.9012606056703105
Classic (after opt),test,or,100.0,0.2,27990,495,5638,2106,0.9826224328593997,0.8323420958724872,0.9012606056703105
Classic (after opt),test,or,100.0,0.3,27990,495,5638,2106,0.9826224328593997,0.8323420958724872,0.9012606056703105
Classic (after opt),test,or,100.0,0.4,27990,495,5638,2106,0.9826224328593997,0.8323420958724872,0.9012606056703105
Classic (after opt),test,or,100.0,0.5,27990,495,5638,2106,0.9826224328593997,0.8323420958724872,0.9012606056703105
Classic (before opt),test,and,5.0,0.0,6261,2075,27367,1,0.7510796545105566,0.18618413227072678,0.2983986273949099
Classic (before opt),test,and,5.0,0.05,5623,2714,28005,0,0.6744632361760825,0.16721184727013202,0.2679852257833909
Classic (before opt),test,and,5.0,0.1,4280,4057,29348,0,0.5133741153892287,0.12727488997264186,0.20397950673180032
Classic (before opt),test,and,5.0,0.2,2213,6124,31415,0,0.2654432049898045,0.06580825502557393,0.10546884308352199
Classic (before opt),test,and,5.0,0.3,1182,7155,32446,0,0.14177761784814683,0.035149280361603426,0.056332658167520554
Classic (before opt),test,and,5.0,0.4,655,7682,32973,0,0.07856543121026749,0.019477816105626263,0.031216489932086262
Classic (before opt),test,and,5.0,0.5,375,7962,33253,0,0.04498020870816841,0.011151421434518853,0.017872036220660074
Classic (before opt),test,and,10.0,0.0,7027,1309,26601,1,0.8429702495201535,0.20896276912097062,0.3349061099990468
Classic (before opt),test,and,10.0,0.05,5836,2501,27792,0,0.7000119947223222,0.17354585464493874,0.27813654235672586
Classic (before opt),test,and,10.0,0.1,4295,4042,29333,0,0.5151733237375554,0.1277209468300226,0.2046943881806267
Classic (before opt),test,and,10.0,0.2,2213,6124,31415,0,0.2654432049898045,0.06580825502557393,0.10546884308352199
Classic (before opt),test,and,10.0,0.3,1182,7155,32446,0,0.14177761784814683,0.035149280361603426,0.056332658167520554
Classic (before opt),test,and,10.0,0.4,655,7682,32973,0,0.07856543121026749,0.019477816105626263,0.031216489932086262
Classic (before opt),test,and,10.0,0.5,375,7962,33253,0,0.04498020870816841,0.011151421434518853,0.017872036220660074
Classic (before opt),test,and,15.0,0.0,7099,1237,26529,1,0.8516074856046065,0.21110384203639823,0.33833762272423984
Classic (before opt),test,and,15.0,0.05,5836,2501,27792,0,0.7000119947223222,0.17354585464493874,0.27813654235672586
Classic (before opt),test,and,15.0,0.1,4295,4042,29333,0,0.5151733237375554,0.1277209468300226,0.2046943881806267
Classic (before opt),test,and,15.0,0.2,2213,6124,31415,0,0.2654432049898045,0.06580825502557393,0.10546884308352199
Classic (before opt),test,and,15.0,0.3,1182,7155,32446,0,0.14177761784814683,0.035149280361603426,0.056332658167520554
Classic (before opt),test,and,15.0,0.4,655,7682,32973,0,0.07856543121026749,0.019477816105626263,0.031216489932086262
Classic (before opt),test,and,15.0,0.5,375,7962,33253,0,0.04498020870816841,0.011151421434518853,0.017872036220660074
Classic (before opt),test,and,20.0,0.0,7115,1221,26513,1,0.8535268714011516,0.21157963601760438,0.339100181107616
Classic (before opt),test,and,20.0,0.05,5836,2501,27792,0,0.7000119947223222,0.17354585464493874,0.27813654235672586
Classic (before opt),test,and,20.0,0.1,4295,4042,29333,0,0.5151733237375554,0.1277209468300226,0.2046943881806267
Classic (before opt),test,and,20.0,0.2,2213,6124,31415,0,0.2654432049898045,0.06580825502557393,0.10546884308352199
Classic (before opt),test,and,20.0,0.3,1182,7155,32446,0,0.14177761784814683,0.035149280361603426,0.056332658167520554
Classic (before opt),test,and,20.0,0.4,655,7682,32973,0,0.07856543121026749,0.019477816105626263,0.031216489932086262
Classic (before opt),test,and,20.0,0.5,375,7962,33253,0,0.04498020870816841,0.011151421434518853,0.017872036220660074
Classic (before opt),test,and,25.0,0.0,7119,1217,26509,1,0.8540067178502879,0.2116985845129059,0.3392908207034601
Classic (before opt),test,and,25.0,0.05,5836,2501,27792,0,0.7000119947223222,0.17354585464493874,0.27813654235672586
Classic (before opt),test,and,25.0,0.1,4295,4042,29333,0,0.5151733237375554,0.1277209468300226,0.2046943881806267
Classic (before opt),test,and,25.0,0.2,2213,6124,31415,0,0.2654432049898045,0.06580825502557393,0.10546884308352199
Classic (before opt),test,and,25.0,0.3,1182,7155,32446,0,0.14177761784814683,0.035149280361603426,0.056332658167520554
Classic (before opt),test,and,25.0,0.4,655,7682,32973,0,0.07856543121026749,0.019477816105626263,0.031216489932086262
Classic (before opt),test,and,25.0,0.5,375,7962,33253,0,0.04498020870816841,0.011151421434518853,0.017872036220660074
Classic (before opt),test,and,30.0,0.0,7120,1216,26508,1,0.8541266794625719,0.2117283216367313,0.3393384806024211
Classic (before opt),test,and,30.0,0.05,5836,2501,27792,0,0.7000119947223222,0.17354585464493874,0.27813654235672586
Classic (before opt),test,and,30.0,0.1,4295,4042,29333,0,0.5151733237375554,0.1277209468300226,0.2046943881806267
Classic (before opt),test,and,30.0,0.2,2213,6124,31415,0,0.2654432049898045,0.06580825502557393,0.10546884308352199
Classic (before opt),test,and,30.0,0.3,1182,7155,32446,0,0.14177761784814683,0.035149280361603426,0.056332658167520554
Classic (before opt),test,and,30.0,0.4,655,7682,32973,0,0.07856543121026749,0.019477816105626263,0.031216489932086262
Classic (before opt),test,and,30.0,0.5,375,7962,33253,0,0.04498020870816841,0.011151421434518853,0.017872036220660074
Classic (before opt),test,and,40.0,0.0,7120,1216,26508,1,0.8541266794625719,0.2117283216367313,0.3393384806024211
Classic (before opt),test,and,40.0,0.05,5836,2501,27792,0,0.7000119947223222,0.17354585464493874,0.27813654235672586
Classic (before opt),test,and,40.0,0.1,4295,4042,29333,0,0.5151733237375554,0.1277209468300226,0.2046943881806267
Classic (before opt),test,and,40.0,0.2,2213,6124,31415,0,0.2654432049898045,0.06580825502557393,0.10546884308352199
Classic (before opt),test,and,40.0,0.3,1182,7155,32446,0,0.14177761784814683,0.035149280361603426,0.056332658167520554
Classic (before opt),test,and,40.0,0.4,655,7682,32973,0,0.07856543121026749,0.019477816105626263,0.031216489932086262
Classic (before opt),test,and,40.0,0.5,375,7962,33253,0,0.04498020870816841,0.011151421434518853,0.017872036220660074
Classic (before opt),test,and,50.0,0.0,7120,1216,26508,1,0.8541266794625719,0.2117283216367313,0.3393384806024211
Classic (before opt),test,and,50.0,0.05,5836,2501,27792,0,0.7000119947223222,0.17354585464493874,0.27813654235672586
Classic (before opt),test,and,50.0,0.1,4295,4042,29333,0,0.5151733237375554,0.1277209468300226,0.2046943881806267
Classic (before opt),test,and,50.0,0.2,2213,6124,31415,0,0.2654432049898045,0.06580825502557393,0.10546884308352199
Classic (before opt),test,and,50.0,0.3,1182,7155,32446,0,0.14177761784814683,0.035149280361603426,0.056332658167520554
Classic (before opt),test,and,50.0,0.4,655,7682,32973,0,0.07856543121026749,0.019477816105626263,0.031216489932086262
Classic (before opt),test,and,50.0,0.5,375,7962,33253,0,0.04498020870816841,0.011151421434518853,0.017872036220660074
Classic (before opt),test,and,75.0,0.0,7120,1216,26508,1,0.8541266794625719,0.2117283216367313,0.3393384806024211
Classic (before opt),test,and,75.0,0.05,5836,2501,27792,0,0.7000119947223222,0.17354585464493874,0.27813654235672586
Classic (before opt),test,and,75.0,0.1,4295,4042,29333,0,0.5151733237375554,0.1277209468300226,0.2046943881806267
Classic (before opt),test,and,75.0,0.2,2213,6124,31415,0,0.2654432049898045,0.06580825502557393,0.10546884308352199
Classic (before opt),test,and,75.0,0.3,1182,7155,32446,0,0.14177761784814683,0.035149280361603426,0.056332658167520554
Classic (before opt),test,and,75.0,0.4,655,7682,32973,0,0.07856543121026749,0.019477816105626263,0.031216489932086262
Classic (before opt),test,and,75.0,0.5,375,7962,33253,0,0.04498020870816841,0.011151421434518853,0.017872036220660074
Classic (before opt),test,and,100.0,0.0,7120,1216,26508,1,0.8541266794625719,0.2117283216367313,0.3393384806024211
Classic (before opt),test,and,100.0,0.05,5836,2501,27792,0,0.7000119947223222,0.17354585464493874,0.27813654235672586
Classic (before opt),test,and,100.0,0.1,4295,4042,29333,0,0.5151733237375554,0.1277209468300226,0.2046943881806267
Classic (before opt),test,and,100.0,0.2,2213,6124,31415,0,0.2654432049898045,0.06580825502557393,0.10546884308352199
Classic (before opt),test,and,100.0,0.3,1182,7155,32446,0,0.14177761784814683,0.035149280361603426,0.056332658167520554
Classic (before opt),test,and,100.0,0.4,655,7682,32973,0,0.07856543121026749,0.019477816105626263,0.031216489932086262
Classic (before opt),test,and,100.0,0.5,375,7962,33253,0,0.04498020870816841,0.011151421434518853,0.017872036220660074
Classic (before opt),test,or,5.0,0.0,7207,1128,26421,2,0.8646670665866827,0.21431545140953967,0.3434930772347068
Classic (before opt),test,or,5.0,0.05,6560,1775,27068,2,0.7870425914817036,0.19507553229451646,0.3126563877701785
Classic (before opt),test,or,5.0,0.1,6363,1972,27265,2,0.7634073185362927,0.1892173189009159,0.3032671639301289
Classic (before opt),test,or,5.0,0.2,6348,1987,27280,2,0.7616076784643071,0.18877126204353514,0.30255224840931294
Classic (before opt),test,or,5.0,0.3,6348,1987,27280,2,0.7616076784643071,0.18877126204353514,0.30255224840931294
Classic (before opt),test,or,5.0,0.4,6348,1987,27280,2,0.7616076784643071,0.18877126204353514,0.30255224840931294
Classic (before opt),test,or,5.0,0.5,6348,1987,27280,2,0.7616076784643071,0.18877126204353514,0.30255224840931294
Classic (before opt),test,or,10.0,0.0,7450,853,26178,34,0.8972660484162351,0.22154157249910789,0.3553456869619136
Classic (before opt),test,or,10.0,0.05,7357,946,26271,34,0.8860652776105022,0.2187760199833472,0.3509098280508454
Classic (before opt),test,or,10.0,0.1,7357,946,26271,34,0.8860652776105022,0.2187760199833472,0.3509098280508454
Classic (before opt),test,or,10.0,0.2,7357,946,26271,34,0.8860652776105022,0.2187760199833472,0.3509098280508454
Classic (before opt),test,or,10.0,0.3,7357,946,26271,34,0.8860652776105022,0.2187760199833472,0.3509098280508454
Classic (before opt),test,or,10.0,0.4,7357,946,26271,34,0.8860652776105022,0.2187760199833472,0.3509098280508454
Classic (before opt),test,or,10.0,0.5,7357,946,26271,34,0.8860652776105022,0.2187760199833472,0.3509098280508454
Classic (before opt),test,or,15.0,0.0,7484,794,26144,59,0.9040831118627688,0.22255263470917092,0.3571803560349353
Classic (before opt),test,or,15.0,0.05,7463,815,26165,59,0.901546267214303,0.22192815510883787,0.356178112919391
Classic (before opt),test,or,15.0,0.1,7463,815,26165,59,0.901546267214303,0.22192815510883787,0.356178112919391
Classic (before opt),test,or,15.0,0.2,7463,815,26165,59,0.901546267214303,0.22192815510883787,0.356178112919391
Classic (before opt),test,or,15.0,0.3,7463,815,26165,59,0.901546267214303,0.22192815510883787,0.356178112919391
Classic (before opt),test,or,15.0,0.4,7463,815,26165,59,0.901546267214303,0.22192815510883787,0.356178112919391
Classic (before opt),test,or,15.0,0.5,7463,815,26165,59,0.901546267214303,0.22192815510883787,0.356178112919391
Classic (before opt),test,or,20.0,0.0,7534,729,26094,74,0.911775384243011,0.22403949090044012,0.35969539996657995
Classic (before opt),test,or,20.0,0.05,7529,734,26099,74,0.9111702771390536,0.2238908052813132,0.3594566852068463
Classic (before opt),test,or,20.0,0.1,7529,734,26099,74,0.9111702771390536,0.2238908052813132,0.3594566852068463
Classic (before opt),test,or,20.0,0.2,7529,734,26099,74,0.9111702771390536,0.2238908052813132,0.3594566852068463
Classic (before opt),test,or,20.0,0.3,7529,734,26099,74,0.9111702771390536,0.2238908052813132,0.3594566852068463
Classic (before opt),test,or,20.0,0.4,7529,734,26099,74,0.9111702771390536,0.2238908052813132,0.3594566852068463
Classic (before opt),test,or,20.0,0.5,7529,734,26099,74,0.9111702771390536,0.2238908052813132,0.3594566852068463
Classic (before opt),test,or,25.0,0.0,7605,648,26023,84,0.9214830970556162,0.22615082669204234,0.36317184403428765
Classic (before opt),test,or,25.0,0.05,7604,649,26024,84,0.9213619289955168,0.22612108956821697,0.36312408968267235
Classic (before opt),test,or,25.0,0.1,7604,649,26024,84,0.9213619289955168,0.22612108956821697,0.36312408968267235
Classic (before opt),test,or,25.0,0.2,7604,649,26024,84,0.9213619289955168,0.22612108956821697,0.36312408968267235
Classic (before opt),test,or,25.0,0.3,7604,649,26024,84,0.9213619289955168,0.22612108956821697,0.36312408968267235
Classic (before opt),test,or,25.0,0.4,7604,649,26024,84,0.9213619289955168,0.22612108956821697,0.36312408968267235
Classic (before opt),test,or,25.0,0.5,7604,649,26024,84,0.9213619289955168,0.22612108956821697,0.36312408968267235
Classic (before opt),test,or,30.0,0.0,7674,569,25954,94,0.9309717335921388,0.22820268823599382,0.3665544171383535
Classic (before opt),test,or,30.0,0.05,7674,569,25954,94,0.9309717335921388,0.22820268823599382,0.3665544171383535
Classic (before opt),test,or,30.0,0.1,7674,569,25954,94,0.9309717335921388,0.22820268823599382,0.3665544171383535
Classic (before opt),test,or,30.0,0.2,7674,569,25954,94,0.9309717335921388,0.22820268823599382,0.3665544171383535
Classic (before opt),test,or,30.0,0.3,7674,569,25954,94,0.9309717335921388,0.22820268823599382,0.3665544171383535
Classic (before opt),test,or,30.0,0.4,7674,569,25954,94,0.9309717335921388,0.22820268823599382,0.3665544171383535
Classic (before opt),test,or,30.0,0.5,7674,569,25954,94,0.9309717335921388,0.22820268823599382,0.3665544171383535
Classic (before opt),test,or,40.0,0.0,7806,422,25822,109,0.9487117160913953,0.23212798858094444,0.37299311926605505
Classic (before opt),test,or,40.0,0.05,7806,422,25822,109,0.9487117160913953,0.23212798858094444,0.37299311926605505
Classic (before opt),test,or,40.0,0.1,7806,422,25822,109,0.9487117160913953,0.23212798858094444,0.37299311926605505
Classic (before opt),test,or,40.0,0.2,7806,422,25822,109,0.9487117160913953,0.23212798858094444,0.37299311926605505
Classic (before opt),test,or,40.0,0.3,7806,422,25822,109,0.9487117160913953,0.23212798858094444,0.37299311926605505
Classic (before opt),test,or,40.0,0.4,7806,422,25822,109,0.9487117160913953,0.23212798858094444,0.37299311926605505
Classic (before opt),test,or,40.0,0.5,7806,422,25822,109,0.9487117160913953,0.23212798858094444,0.37299311926605505
Classic (before opt),test,or,50.0,0.0,7905,329,25723,103,0.9600437211561816,0.23507196383965742,0.3776694854522001
Classic (before opt),test,or,50.0,0.05,7905,329,25723,103,0.9600437211561816,0.23507196383965742,0.3776694854522001
Classic (before opt),test,or,50.0,0.1,7905,329,25723,103,0.9600437211561816,0.23507196383965742,0.3776694854522001
Classic (before opt),test,or,50.0,0.2,7905,329,25723,103,0.9600437211561816,0.23507196383965742,0.3776694854522001
Classic (before opt),test,or,50.0,0.3,7905,329,25723,103,0.9600437211561816,0.23507196383965742,0.3776694854522001
Classic (before opt),test,or,50.0,0.4,7905,329,25723,103,0.9600437211561816,0.23507196383965742,0.3776694854522001
Classic (before opt),test,or,50.0,0.5,7905,329,25723,103,0.9600437211561816,0.23507196383965742,0.3776694854522001
Classic (before opt),test,or,75.0,0.0,8072,182,25556,83,0.9779500848073661,0.2400380635184965,0.3854639224487847
Classic (before opt),test,or,75.0,0.05,8072,182,25556,83,0.9779500848073661,0.2400380635184965,0.3854639224487847
Classic (before opt),test,or,75.0,0.1,8072,182,25556,83,0.9779500848073661,0.2400380635184965,0.3854639224487847
Classic (before opt),test,or,75.0,0.2,8072,182,25556,83,0.9779500848073661,0.2400380635184965,0.3854639224487847
Classic (before opt),test,or,75.0,0.3,8072,182,25556,83,0.9779500848073661,0.2400380635184965,0.3854639224487847
Classic (before opt),test,or,75.0,0.4,8072,182,25556,83,0.9779500848073661,0.2400380635184965,0.3854639224487847
Classic (before opt),test,or,75.0,0.5,8072,182,25556,83,0.9779500848073661,0.2400380635184965,0.3854639224487847
Classic (before opt),test,or,100.0,0.0,8165,108,25463,64,0.986945485313671,0.24280361603425718,0.3897281687787881
Classic (before opt),test,or,100.0,0.05,8165,108,25463,64,0.986945485313671,0.24280361603425718,0.3897281687787881
Classic (before opt),test,or,100.0,0.1,8165,108,25463,64,0.986945485313671,0.24280361603425718,0.3897281687787881
Classic (before opt),test,or,100.0,0.2,8165,108,25463,64,0.986945485313671,0.24280361603425718,0.3897281687787881
Classic (before opt),test,or,100.0,0.3,8165,108,25463,64,0.986945485313671,0.24280361603425718,0.3897281687787881
Classic (before opt),test,or,100.0,0.4,8165,108,25463,64,0.986945485313671,0.24280361603425718,0.3897281687787881
Classic (before opt),test,or,100.0,0.5,8165,108,25463,64,0.986945485313671,0.24280361603425718,0.3897281687787881
Label Engine,test,and,5.0,0.0,20103,8822,13525,1,0.6950043215211754,0.5978054002616867,0.6427509471967772
Label Engine,test,and,5.0,0.05,18531,10395,15097,0,0.6406347230864966,0.5510586416081836,0.5924800971960227
Label Engine,test,and,5.0,0.1,16582,12343,17046,1,0.5732757130509939,0.493100987272511,0.5301744120985404
Label Engine,test,and,5.0,0.2,11664,17262,21964,0,0.403235843186061,0.3468538122992744,0.3729257921156121
Label Engine,test,and,5.0,0.3,6530,22396,27098,0,0.22574846159164766,0.19418341857975496,0.20877961441314705
Label Engine,test,and,5.0,0.4,1521,27405,32107,0,0.052582451773490975,0.04523016533840847,0.04862998369408831
Label Engine,test,and,5.0,0.5,563,28363,33065,0,0.019463458480259974,0.01674200071369097,0.018000447613262142
Label Engine,test,and,10.0,0.0,21493,7417,12135,16,0.7434451746800415,0.63914000237897,0.6873580862835396
Label Engine,test,and,10.0,0.05,18852,10073,14776,1,0.6517545375972342,0.5606042583561318,0.6027528655699966
Label Engine,test,and,10.0,0.1,16830,12095,16798,1,0.5818496110630942,0.5004757939812061,0.5381036880725145
Label Engine,test,and,10.0,0.2,11667,17259,21961,0,0.40333955610869116,0.3469430236707506,0.3730217092432139
Label Engine,test,and,10.0,0.3,6530,22396,27098,0,0.22574846159164766,0.19418341857975496,0.20877961441314705
Label Engine,test,and,10.0,0.4,1521,27405,32107,0,0.052582451773490975,0.04523016533840847,0.04862998369408831
Label Engine,test,and,10.0,0.5,563,28363,33065,0,0.019463458480259974,0.01674200071369097,0.018000447613262142
Label Engine,test,and,15.0,0.0,21495,7415,12133,16,0.7435143548945001,0.6391994766266207,0.6874220473951838
Label Engine,test,and,15.0,0.05,18856,10069,14772,1,0.6518928262748488,0.5607232068514333,0.602880757117964
Label Engine,test,and,15.0,0.1,16832,12093,16796,1,0.5819187554019015,0.5005352682288569,0.5381676338464981
Label Engine,test,and,15.0,0.2,11667,17259,21961,0,0.40333955610869116,0.3469430236707506,0.3730217092432139
Label Engine,test,and,15.0,0.3,6530,22396,27098,0,0.22574846159164766,0.19418341857975496,0.20877961441314705
Label Engine,test,and,15.0,0.4,1521,27405,32107,0,0.052582451773490975,0.04523016533840847,0.04862998369408831
Label Engine,test,and,15.0,0.5,563,28363,33065,0,0.019463458480259974,0.01674200071369097,0.018000447613262142
Label Engine,test,and,20.0,0.0,21495,7415,12133,16,0.7435143548945001,0.6391994766266207,0.6874220473951838
Label Engine,test,and,20.0,0.05,18856,10069,14772,1,0.6518928262748488,0.5607232068514333,0.602880757117964
Label Engine,test,and,20.0,0.1,16832,12093,16796,1,0.5819187554019015,0.5005352682288569,0.5381676338464981
Label Engine,test,and,20.0,0.2,11667,17259,21961,0,0.40333955610869116,0.3469430236707506,0.3730217092432139
Label Engine,test,and,20.0,0.3,6530,22396,27098,0,0.22574846159164766,0.19418341857975496,0.20877961441314705
Label Engine,test,and,20.0,0.4,1521,27405,32107,0,0.052582451773490975,0.04523016533840847,0.04862998369408831
Label Engine,test,and,20.0,0.5,563,28363,33065,0,0.019463458480259974,0.01674200071369097,0.018000447613262142
Label Engine,test,and,25.0,0.0,21495,7415,12133,16,0.7435143548945001,0.6391994766266207,0.6874220473951838
Label Engine,test,and,25.0,0.05,18856,10069,14772,1,0.6518928262748488,0.5607232068514333,0.602880757117964
Label Engine,test,and,25.0,0.1,16832,12093,16796,1,0.5819187554019015,0.5005352682288569,0.5381676338464981
Label Engine,test,and,25.0,0.2,11667,17259,21961,0,0.40333955610869116,0.3469430236707506,0.3730217092432139
Label Engine,test,and,25.0,0.3,6530,22396,27098,0,0.22574846159164766,0.19418341857975496,0.20877961441314705
Label Engine,test,and,25.0,0.4,1521,27405,32107,0,0.052582451773490975,0.04523016533840847,0.04862998369408831
Label Engine,test,and,25.0,0.5,563,28363,33065,0,0.019463458480259974,0.01674200071369097,0.018000447613262142
Label Engine,test,and,30.0,0.0,21495,7415,12133,16,0.7435143548945001,0.6391994766266207,0.6874220473951838
Label Engine,test,and,30.0,0.05,18856,10069,14772,1,0.6518928262748488,0.5607232068514333,0.602880757117964
Label Engine,test,and,30.0,0.1,16832,12093,16796,1,0.5819187554019015,0.5005352682288569,0.5381676338464981
Label Engine,test,and,30.0,0.2,11667,17259,21961,0,0.40333955610869116,0.3469430236707506,0.3730217092432139
Label Engine,test,and,30.0,0.3,6530,22396,27098,0,0.22574846159164766,0.19418341857975496,0.20877961441314705
Label Engine,test,and,30.0,0.4,1521,27405,32107,0,0.052582451773490975,0.04523016533840847,0.04862998369408831
Label Engine,test,and,30.0,0.5,563,28363,33065,0,0.019463458480259974,0.01674200071369097,0.018000447613262142
Label Engine,test,and,40.0,0.0,21495,7415,12133,16,0.7435143548945001,0.6391994766266207,0.6874220473951838
Label Engine,test,and,40.0,0.05,18856,10069,14772,1,0.6518928262748488,0.5607232068514333,0.602880757117964
Label Engine,test,and,40.0,0.1,16832,12093,16796,1,0.5819187554019015,0.5005352682288569,0.5381676338464981
Label Engine,test,and,40.0,0.2,11667,17259,21961,0,0.40333955610869116,0.3469430236707506,0.3730217092432139
Label Engine,test,and,40.0,0.3,6530,22396,27098,0,0.22574846159164766,0.19418341857975496,0.20877961441314705
Label Engine,test,and,40.0,0.4,1521,27405,32107,0,0.052582451773490975,0.04523016533840847,0.04862998369408831
Label Engine,test,and,40.0,0.5,563,28363,33065,0,0.019463458480259974,0.01674200071369097,0.018000447613262142
Label Engine,test,and,50.0,0.0,21495,7415,12133,16,0.7435143548945001,0.6391994766266207,0.6874220473951838
Label Engine,test,and,50.0,0.05,18856,10069,14772,1,0.6518928262748488,0.5607232068514333,0.602880757117964
Label Engine,test,and,50.0,0.1,16832,12093,16796,1,0.5819187554019015,0.5005352682288569,0.5381676338464981
Label Engine,test,and,50.0,0.2,11667,17259,21961,0,0.40333955610869116,0.3469430236707506,0.3730217092432139
Label Engine,test,and,50.0,0.3,6530,22396,27098,0,0.22574846159164766,0.19418341857975496,0.20877961441314705
Label Engine,test,and,50.0,0.4,1521,27405,32107,0,0.052582451773490975,0.04523016533840847,0.04862998369408831
Label Engine,test,and,50.0,0.5,563,28363,33065,0,0.019463458480259974,0.01674200071369097,0.018000447613262142
Label Engine,test,and,75.0,0.0,21495,7415,12133,16,0.7435143548945001,0.6391994766266207,0.6874220473951838
Label Engine,test,and,75.0,0.05,18856,10069,14772,1,0.6518928262748488,0.5607232068514333,0.602880757117964
Label Engine,test,and,75.0,0.1,16832,12093,16796,1,0.5819187554019015,0.5005352682288569,0.5381676338464981
Label Engine,test,and,75.0,0.2,11667,17259,21961,0,0.40333955610869116,0.3469430236707506,0.3730217092432139
Label Engine,test,and,75.0,0.3,6530,22396,27098,0,0.22574846159164766,0.19418341857975496,0.20877961441314705
Label Engine,test,and,75.0,0.4,1521,27405,32107,0,0.052582451773490975,0.04523016533840847,0.04862998369408831
Label Engine,test,and,75.0,0.5,563,28363,33065,0,0.019463458480259974,0.01674200071369097,0.018000447613262142
Label Engine,test,and,100.0,0.0,21495,7415,12133,16,0.7435143548945001,0.6391994766266207,0.6874220473951838
Label Engine,test,and,100.0,0.05,18856,10069,14772,1,0.6518928262748488,0.5607232068514333,0.602880757117964
Label Engine,test,and,100.0,0.1,16832,12093,16796,1,0.5819187554019015,0.5005352682288569,0.5381676338464981
Label Engine,test,and,100.0,0.2,11667,17259,21961,0,0.40333955610869116,0.3469430236707506,0.3730217092432139
Label Engine,test,and,100.0,0.3,6530,22396,27098,0,0.22574846159164766,0.19418341857975496,0.20877961441314705
Label Engine,test,and,100.0,0.4,1521,27405,32107,0,0.052582451773490975,0.04523016533840847,0.04862998369408831
Label Engine,test,and,100.0,0.5,563,28363,33065,0,0.019463458480259974,0.01674200071369097,0.018000447613262142
Label Engine,test,or,5.0,0.0,21929,6976,11699,21,0.7586576716830998,0.6521053883668372,0.7013576831433004
Label Engine,test,or,5.0,0.05,20835,8085,12793,6,0.7204356846473029,0.6195729749018675,0.666208351985675
Label Engine,test,or,5.0,0.1,20737,8184,12891,5,0.7170222329794959,0.6166587367669799,0.6630641577003629
Label Engine,test,or,5.0,0.2,20540,8381,13088,5,0.7102105736316172,0.6108005233733793,0.656765096164607
Label Engine,test,or,5.0,0.3,20538,8383,13090,5,0.7101414197296082,0.6107410491257286,0.6567011463012998
Label Engine,test,or,5.0,0.4,20538,8383,13090,5,0.7101414197296082,0.6107410491257286,0.6567011463012998
Label Engine,test,or,5.0,0.5,20538,8383,13090,5,0.7101414197296082,0.6107410491257286,0.6567011463012998
Label Engine,test,or,10.0,0.0,24874,3845,8754,207,0.8661165082349664,0.7396812180325919,0.7979213113702344
Label Engine,test,or,10.0,0.05,24874,3845,8754,207,0.8661165082349664,0.7396812180325919,0.7979213113702344
Label Engine,test,or,10.0,0.1,24873,3846,8755,207,0.8660816880810613,0.7396514809087665,0.7978892328419972
Label Engine,test,or,10.0,0.2,24872,3847,8756,207,0.8660468679271562,0.7396217437849412,0.79785715431376
Label Engine,test,or,10.0,0.3,24872,3847,8756,207,0.8660468679271562,0.7396217437849412,0.79785715431376
Label Engine,test,or,10.0,0.4,24872,3847,8756,207,0.8660468679271562,0.7396217437849412,0.79785715431376
Label Engine,test,or,10.0,0.5,24872,3847,8756,207,0.8660468679271562,0.7396217437849412,0.79785715431376
Label Engine,test,or,15.0,0.0,25247,3184,8381,495,0.8880095670219127,0.75077316521946,0.8136450796822379
Label Engine,test,or,15.0,0.05,25247,3184,8381,495,0.8880095670219127,0.75077316521946,0.8136450796822379
Label Engine,test,or,15.0,0.1,25247,3184,8381,495,0.8880095670219127,0.75077316521946,0.8136450796822379
Label Engine,test,or,15.0,0.2,25247,3184,8381,495,0.8880095670219127,0.75077316521946,0.8136450796822379
Label Engine,test,or,15.0,0.3,25247,3184,8381,495,0.8880095670219127,0.75077316521946,0.8136450796822379
Label Engine,test,or,15.0,0.4,25247,3184,8381,495,0.8880095670219127,0.75077316521946,0.8136450796822379
Label Engine,test,or,15.0,0.5,25247,3184,8381,495,0.8880095670219127,0.75077316521946,0.8136450796822379
Label Engine,test,or,20.0,0.0,25498,2689,8130,739,0.904601411998439,0.7582371832996313,0.8249777562080401
Label Engine,test,or,20.0,0.05,25498,2689,8130,739,0.904601411998439,0.7582371832996313,0.8249777562080401
Label Engine,test,or,20.0,0.1,25498,2689,8130,739,0.904601411998439,0.7582371832996313,0.8249777562080401
Label Engine,test,or,20.0,0.2,25498,2689,8130,739,0.904601411998439,0.7582371832996313,0.8249777562080401
Label Engine,test,or,20.0,0.3,25498,2689,8130,739,0.904601411998439,0.7582371832996313,0.8249777562080401
Label Engine,test,or,20.0,0.4,25498,2689,8130,739,0.904601411998439,0.7582371832996313,0.8249777562080401
Label Engine,test,or,20.0,0.5,25498,2689,8130,739,0.904601411998439,0.7582371832996313,0.8249777562080401
Label Engine,test,or,25.0,0.0,25748,2319,7880,859,0.9173762781914704,0.7656714642559772,0.8346867655401572
Label Engine,test,or,25.0,0.05,25748,2319,7880,859,0.9173762781914704,0.7656714642559772,0.8346867655401572
Label Engine,test,or,25.0,0.1,25748,2319,7880,859,0.9173762781914704,0.7656714642559772,0.8346867655401572
Label Engine,test,or,25.0,0.2,25748,2319,7880,859,0.9173762781914704,0.7656714642559772,0.8346867655401572
Label Engine,test,or,25.0,0.3,25748,2319,7880,859,0.9173762781914704,0.7656714642559772,0.8346867655401572
Label Engine,test,or,25.0,0.4,25748,2319,7880,859,0.9173762781914704,0.7656714642559772,0.8346867655401572
Label Engine,test,or,25.0,0.5,25748,2319,7880,859,0.9173762781914704,0.7656714642559772,0.8346867655401572
Label Engine,test,or,30.0,0.0,25955,2028,7673,943,0.9275274273666154,0.7718270488878316,0.8425443508464397
Label Engine,test,or,30.0,0.05,25955,2028,7673,943,0.9275274273666154,0.7718270488878316,0.8425443508464397
Label Engine,test,or,30.0,0.1,25955,2028,7673,943,0.9275274273666154,0.7718270488878316,0.8425443508464397
Label Engine,test,or,30.0,0.2,25955,2028,7673,943,0.9275274273666154,0.7718270488878316,0.8425443508464397
Label Engine,test,or,30.0,0.3,25955,2028,7673,943,0.9275274273666154,0.7718270488878316,0.8425443508464397
Label Engine,test,or,30.0,0.4,25955,2028,7673,943,0.9275274273666154,0.7718270488878316,0.8425443508464397
Label Engine,test,or,30.0,0.5,25955,2028,7673,943,0.9275274273666154,0.7718270488878316,0.8425443508464397
Label Engine,test,or,40.0,0.0,26399,1530,7229,997,0.9452182319452899,0.7850303318663019,0.8577091151290673
Label Engine,test,or,40.0,0.05,26399,1530,7229,997,0.9452182319452899,0.7850303318663019,0.8577091151290673
Label Engine,test,or,40.0,0.1,26399,1530,7229,997,0.9452182319452899,0.7850303318663019,0.8577091151290673
Label Engine,test,or,40.0,0.2,26399,1530,7229,997,0.9452182319452899,0.7850303318663019,0.8577091151290673
Label Engine,test,or,40.0,0.3,26399,1530,7229,997,0.9452182319452899,0.7850303318663019,0.8577091151290673
Label Engine,test,or,40.0,0.4,26399,1530,7229,997,0.9452182319452899,0.7850303318663019,0.8577091151290673
Label Engine,test,or,40.0,0.5,26399,1530,7229,997,0.9452182319452899,0.7850303318663019,0.8577091151290673
Label Engine,test,or,50.0,0.0,26782,1210,6846,934,0.9567733638182337,0.7964196502914238,0.8692632262252515
Label Engine,test,or,50.0,0.05,26782,1210,6846,934,0.9567733638182337,0.7964196502914238,0.8692632262252515
Label Engine,test,or,50.0,0.1,26782,1210,6846,934,0.9567733638182337,0.7964196502914238,0.8692632262252515
Label Engine,test,or,50.0,0.2,26782,1210,6846,934,0.9567733638182337,0.7964196502914238,0.8692632262252515
Label Engine,test,or,50.0,0.3,26782,1210,6846,934,0.9567733638182337,0.7964196502914238,0.8692632262252515
Label Engine,test,or,50.0,0.4,26782,1210,6846,934,0.9567733638182337,0.7964196502914238,0.8692632262252515
Label Engine,test,or,50.0,0.5,26782,1210,6846,934,0.9567733638182337,0.7964196502914238,0.8692632262252515
Label Engine,test,or,75.0,0.0,27407,744,6221,775,0.9735710987176299,0.8150053526822886,0.8872594247236116
Label Engine,test,or,75.0,0.05,27407,744,6221,775,0.9735710987176299,0.8150053526822886,0.8872594247236116
Label Engine,test,or,75.0,0.1,27407,744,6221,775,0.9735710987176299,0.8150053526822886,0.8872594247236116
Label Engine,test,or,75.0,0.2,27407,744,6221,775,0.9735710987176299,0.8150053526822886,0.8872594247236116
Label Engine,test,or,75.0,0.3,27407,744,6221,775,0.9735710987176299,0.8150053526822886,0.8872594247236116
Label Engine,test,or,75.0,0.4,27407,744,6221,775,0.9735710987176299,0.8150053526822886,0.8872594247236116
Label Engine,test,or,75.0,0.5,27407,744,6221,775,0.9735710987176299,0.8150053526822886,0.8872594247236116
Label Engine,test,or,100.0,0.0,27712,496,5916,718,0.9824163357912649,0.8240751754490305,0.8963063587554175
Label Engine,test,or,100.0,0.05,27712,496,5916,718,0.9824163357912649,0.8240751754490305,0.8963063587554175
Label Engine,test,or,100.0,0.1,27712,496,5916,718,0.9824163357912649,0.8240751754490305,0.8963063587554175
Label Engine,test,or,100.0,0.2,27712,496,5916,718,0.9824163357912649,0.8240751754490305,0.8963063587554175
Label Engine,test,or,100.0,0.3,27712,496,5916,718,0.9824163357912649,0.8240751754490305,0.8963063587554175
Label Engine,test,or,100.0,0.4,27712,496,5916,718,0.9824163357912649,0.8240751754490305,0.8963063587554175
Label Engine,test,or,100.0,0.5,27712,496,5916,718,0.9824163357912649,0.8240751754490305,0.8963063587554175
MIA,test,and,5.0,0.0,18543,8827,15085,3,0.6774936061381074,0.5514154870940883,0.6079871471195777
MIA,test,and,5.0,0.05,17742,9631,15886,0,0.6481569429730026,0.527596050909956,0.5816953820429174
MIA,test,and,5.0,0.1,15403,11970,18225,0,0.5627077777371863,0.45804091828238375,0.5050081146210718
MIA,test,and,5.0,0.2,9811,17562,23817,0,0.3584188799181675,0.29175092185083856,0.321666857920362
MIA,test,and,5.0,0.3,1344,26029,32284,0,0.04909947758740365,0.03996669442131557,0.044064851395878755
MIA,test,and,5.0,0.4,380,26993,33248,0,0.013882292770248056,0.011300107053645772,0.012458812150620481
MIA,test,and,5.0,0.5,170,27203,33458,0,0.006210499397216235,0.005055311050315214,0.005573679120014426
MIA,test,and,10.0,0.0,21280,6061,12348,32,0.778318276580959,0.6328059950041632,0.698059669668192
MIA,test,and,10.0,0.05,18175,9197,15453,1,0.6639997077305275,0.5404722255263471,0.5959016393442623
MIA,test,and,10.0,0.1,15584,11789,18044,0,0.5693201329777517,0.46342333769477817,0.5109424435664989
MIA,test,and,10.0,0.2,9812,17561,23816,0,0.35845541226756295,0.291780658974664,0.32169964426812675
MIA,test,and,10.0,0.3,1344,26029,32284,0,0.04909947758740365,0.03996669442131557,0.044064851395878755
MIA,test,and,10.0,0.4,380,26993,33248,0,0.013882292770248056,0.011300107053645772,0.012458812150620481
MIA,test,and,10.0,0.5,170,27203,33458,0,0.006210499397216235,0.005055311050315214,0.005573679120014426
MIA,test,and,15.0,0.0,21283,6057,12345,33,0.7784564740307243,0.6328952063756393,0.6981695315575384
MIA,test,and,15.0,0.05,18180,9192,15448,1,0.664182376150811,0.5406209111454741,0.5960655737704919
MIA,test,and,15.0,0.1,15584,11789,18044,0,0.5693201329777517,0.46342333769477817,0.5109424435664989
MIA,test,and,15.0,0.2,9812,17561,23816,0,0.35845541226756295,0.291780658974664,0.32169964426812675
MIA,test,and,15.0,0.3,1344,26029,32284,0,0.04909947758740365,0.03996669442131557,0.044064851395878755
MIA,test,and,15.0,0.4,380,26993,33248,0,0.013882292770248056,0.011300107053645772,0.012458812150620481
MIA,test,and,15.0,0.5,170,27203,33458,0,0.006210499397216235,0.005055311050315214,0.005573679120014426
MIA,test,and,20.0,0.0,21283,6057,12345,33,0.7784564740307243,0.6328952063756393,0.6981695315575384
MIA,test,and,20.0,0.05,18180,9192,15448,1,0.664182376150811,0.5406209111454741,0.5960655737704919
MIA,test,and,20.0,0.1,15584,11789,18044,0,0.5693201329777517,0.46342333769477817,0.5109424435664989
MIA,test,and,20.0,0.2,9812,17561,23816,0,0.35845541226756295,0.291780658974664,0.32169964426812675
MIA,test,and,20.0,0.3,1344,26029,32284,0,0.04909947758740365,0.03996669442131557,0.044064851395878755
MIA,test,and,20.0,0.4,380,26993,33248,0,0.013882292770248056,0.011300107053645772,0.012458812150620481
MIA,test,and,20.0,0.5,170,27203,33458,0,0.006210499397216235,0.005055311050315214,0.005573679120014426
MIA,test,and,25.0,0.0,21283,6057,12345,33,0.7784564740307243,0.6328952063756393,0.6981695315575384
MIA,test,and,25.0,0.05,18180,9192,15448,1,0.664182376150811,0.5406209111454741,0.5960655737704919
MIA,test,and,25.0,0.1,15584,11789,18044,0,0.5693201329777517,0.46342333769477817,0.5109424435664989
MIA,test,and,25.0,0.2,9812,17561,23816,0,0.35845541226756295,0.291780658974664,0.32169964426812675
MIA,test,and,25.0,0.3,1344,26029,32284,0,0.04909947758740365,0.03996669442131557,0.044064851395878755
MIA,test,and,25.0,0.4,380,26993,33248,0,0.013882292770248056,0.011300107053645772,0.012458812150620481
MIA,test,and,25.0,0.5,170,27203,33458,0,0.006210499397216235,0.005055311050315214,0.005573679120014426
MIA,test,and,30.0,0.0,21283,6057,12345,33,0.7784564740307243,0.6328952063756393,0.6981695315575384
MIA,test,and,30.0,0.05,18180,9192,15448,1,0.664182376150811,0.5406209111454741,0.5960655737704919
MIA,test,and,30.0,0.1,15584,11789,18044,0,0.5693201329777517,0.46342333769477817,0.5109424435664989
MIA,test,and,30.0,0.2,9812,17561,23816,0,0.35845541226756295,0.291780658974664,0.32169964426812675
MIA,test,and,30.0,0.3,1344,26029,32284,0,0.04909947758740365,0.03996669442131557,0.044064851395878755
MIA,test,and,30.0,0.4,380,26993,33248,0,0.013882292770248056,0.011300107053645772,0.012458812150620481
MIA,test,and,30.0,0.5,170,27203,33458,0,0.006210499397216235,0.005055311050315214,0.005573679120014426
MIA,test,and,40.0,0.0,21283,6057,12345,33,0.7784564740307243,0.6328952063756393,0.6981695315575384
MIA,test,and,40.0,0.05,18180,9192,15448,1,0.664182376150811,0.5406209111454741,0.5960655737704919
MIA,test,and,40.0,0.1,15584,11789,18044,0,0.5693201329777517,0.46342333769477817,0.5109424435664989
MIA,test,and,40.0,0.2,9812,17561,23816,0,0.35845541226756295,0.291780658974664,0.32169964426812675
MIA,test,and,40.0,0.3,1344,26029,32284,0,0.04909947758740365,0.03996669442131557,0.044064851395878755
MIA,test,and,40.0,0.4,380,26993,33248,0,0.013882292770248056,0.011300107053645772,0.012458812150620481
MIA,test,and,40.0,0.5,170,27203,33458,0,0.006210499397216235,0.005055311050315214,0.005573679120014426
MIA,test,and,50.0,0.0,21283,6057,12345,33,0.7784564740307243,0.6328952063756393,0.6981695315575384
MIA,test,and,50.0,0.05,18180,9192,15448,1,0.664182376150811,0.5406209111454741,0.5960655737704919
MIA,test,and,50.0,0.1,15584,11789,18044,0,0.5693201329777517,0.46342333769477817,0.5109424435664989
MIA,test,and,50.0,0.2,9812,17561,23816,0,0.35845541226756295,0.291780658974664,0.32169964426812675
MIA,test,and,50.0,0.3,1344,26029,32284,0,0.04909947758740365,0.03996669442131557,0.044064851395878755
MIA,test,and,50.0,0.4,380,26993,33248,0,0.013882292770248056,0.011300107053645772,0.012458812150620481
MIA,test,and,50.0,0.5,170,27203,33458,0,0.006210499397216235,0.005055311050315214,0.005573679120014426
MIA,test,and,75.0,0.0,21283,6057,12345,33,0.7784564740307243,0.6328952063756393,0.6981695315575384
MIA,test,and,75.0,0.05,18180,9192,15448,1,0.664182376150811,0.5406209111454741,0.5960655737704919
MIA,test,and,75.0,0.1,15584,11789,18044,0,0.5693201329777517,0.46342333769477817,0.5109424435664989
MIA,test,and,75.0,0.2,9812,17561,23816,0,0.35845541226756295,0.291780658974664,0.32169964426812675
MIA,test,and,75.0,0.3,1344,26029,32284,0,0.04909947758740365,0.03996669442131557,0.044064851395878755
MIA,test,and,75.0,0.4,380,26993,33248,0,0.013882292770248056,0.011300107053645772,0.012458812150620481
MIA,test,and,75.0,0.5,170,27203,33458,0,0.006210499397216235,0.005055311050315214,0.005573679120014426
MIA,test,and,100.0,0.0,21283,6057,12345,33,0.7784564740307243,0.6328952063756393,0.6981695315575384
MIA,test,and,100.0,0.05,18180,9192,15448,1,0.664182376150811,0.5406209111454741,0.5960655737704919
MIA,test,and,100.0,0.1,15584,11789,18044,0,0.5693201329777517,0.46342333769477817,0.5109424435664989
MIA,test,and,100.0,0.2,9812,17561,23816,0,0.35845541226756295,0.291780658974664,0.32169964426812675
MIA,test,and,100.0,0.3,1344,26029,32284,0,0.04909947758740365,0.03996669442131557,0.044064851395878755
MIA,test,and,100.0,0.4,380,26993,33248,0,0.013882292770248056,0.011300107053645772,0.012458812150620481
MIA,test,and,100.0,0.5,170,27203,33458,0,0.006210499397216235,0.005055311050315214,0.005573679120014426
MIA,test,or,5.0,0.0,21402,5937,12226,34,0.7828377043783605,0.63643392411086,0.7020847343644923
MIA,test,or,5.0,0.05,19080,8288,14548,5,0.6971645717626425,0.5673843225883193,0.6256147944127484
MIA,test,or,5.0,0.1,18806,8563,14822,4,0.6871277722971245,0.5592363506601642,0.6166204895322721
MIA,test,or,5.0,0.2,18663,8706,14965,4,0.6819028828236325,0.5549839419531343,0.6119317343475908
MIA,test,or,5.0,0.3,18662,8707,14966,4,0.6818663451350068,0.5549542048293089,0.6118989458497959
MIA,test,or,5.0,0.4,18662,8707,14966,4,0.6818663451350068,0.5549542048293089,0.6118989458497959
MIA,test,or,5.0,0.5,18662,8707,14966,4,0.6818663451350068,0.5549542048293089,0.6118989458497959
MIA,test,or,10.0,0.0,23846,3287,9782,240,0.8788560056020345,0.7091114547400975,0.7849113740721845
MIA,test,or,10.0,0.05,23844,3289,9784,240,0.878782294622784,0.7090519804924468,0.7848455423709287
MIA,test,or,10.0,0.1,23842,3291,9786,240,0.8787085836435337,0.708992506244796,0.784779710669673
MIA,test,or,10.0,0.2,23842,3291,9786,240,0.8787085836435337,0.708992506244796,0.784779710669673
MIA,test,or,10.0,0.3,23842,3291,9786,240,0.8787085836435337,0.708992506244796,0.784779710669673
MIA,test,or,10.0,0.4,23842,3291,9786,240,0.8787085836435337,0.708992506244796,0.784779710669673
MIA,test,or,10.0,0.5,23842,3291,9786,240,0.8787085836435337,0.708992506244796,0.784779710669673
MIA,test,or,15.0,0.0,24249,2578,9379,546,0.9039027845081448,0.7210955156417271,0.8022165246877843
MIA,test,or,15.0,0.05,24249,2578,9379,546,0.9039027845081448,0.7210955156417271,0.8022165246877843
MIA,test,or,15.0,0.1,24249,2578,9379,546,0.9039027845081448,0.7210955156417271,0.8022165246877843
MIA,test,or,15.0,0.2,24249,2578,9379,546,0.9039027845081448,0.7210955156417271,0.8022165246877843
MIA,test,or,15.0,0.3,24249,2578,9379,546,0.9039027845081448,0.7210955156417271,0.8022165246877843
MIA,test,or,15.0,0.4,24249,2578,9379,546,0.9039027845081448,0.7210955156417271,0.8022165246877843
MIA,test,or,15.0,0.5,24249,2578,9379,546,0.9039027845081448,0.7210955156417271,0.8022165246877843
MIA,test,or,20.0,0.0,24482,2136,9146,755,0.9197535502291683,0.7280242654930416,0.8127344553995286
MIA,test,or,20.0,0.05,24482,2136,9146,755,0.9197535502291683,0.7280242654930416,0.8127344553995286
MIA,test,or,20.0,0.1,24482,2136,9146,755,0.9197535502291683,0.7280242654930416,0.8127344553995286
MIA,test,or,20.0,0.2,24482,2136,9146,755,0.9197535502291683,0.7280242654930416,0.8127344553995286
MIA,test,or,20.0,0.3,24482,2136,9146,755,0.9197535502291683,0.7280242654930416,0.8127344553995286
MIA,test,or,20.0,0.4,24482,2136,9146,755,0.9197535502291683,0.7280242654930416,0.8127344553995286
MIA,test,or,20.0,0.5,24482,2136,9146,755,0.9197535502291683,0.7280242654930416,0.8127344553995286
MIA,test,or,25.0,0.0,24696,1802,8932,875,0.9319948675371726,0.7343880099916736,0.8214749027043209
MIA,test,or,25.0,0.05,24696,1802,8932,875,0.9319948675371726,0.7343880099916736,0.8214749027043209
MIA,test,or,25.0,0.1,24696,1802,8932,875,0.9319948675371726,0.7343880099916736,0.8214749027043209
MIA,test,or,25.0,0.2,24696,1802,8932,875,0.9319948675371726,0.7343880099916736,0.8214749027043209
MIA,test,or,25.0,0.3,24696,1802,8932,875,0.9319948675371726,0.7343880099916736,0.8214749027043209
MIA,test,or,25.0,0.4,24696,1802,8932,875,0.9319948675371726,0.7343880099916736,0.8214749027043209
MIA,test,or,25.0,0.5,24696,1802,8932,875,0.9319948675371726,0.7343880099916736,0.8214749027043209
MIA,test,or,30.0,0.0,24923,1510,8705,940,0.9428744372564597,0.7411383371000357,0.8299229117064318
MIA,test,or,30.0,0.05,24923,1510,8705,940,0.9428744372564597,0.7411383371000357,0.8299229117064318
MIA,test,or,30.0,0.1,24923,1510,8705,940,0.9428744372564597,0.7411383371000357,0.8299229117064318
MIA,test,or,30.0,0.2,24923,1510,8705,940,0.9428744372564597,0.7411383371000357,0.8299229117064318
MIA,test,or,30.0,0.3,24923,1510,8705,940,0.9428744372564597,0.7411383371000357,0.8299229117064318
MIA,test,or,30.0,0.4,24923,1510,8705,940,0.9428744372564597,0.7411383371000357,0.8299229117064318
MIA,test,or,30.0,0.5,24923,1510,8705,940,0.9428744372564597,0.7411383371000357,0.8299229117064318
MIA,test,or,40.0,0.0,25334,1110,8294,929,0.958024504613523,0.7533602949922683,0.8434545212411773
MIA,test,or,40.0,0.05,25334,1110,8294,929,0.958024504613523,0.7533602949922683,0.8434545212411773
MIA,test,or,40.0,0.1,25334,1110,8294,929,0.958024504613523,0.7533602949922683,0.8434545212411773
MIA,test,or,40.0,0.2,25334,1110,8294,929,0.958024504613523,0.7533602949922683,0.8434545212411773
MIA,test,or,40.0,0.3,25334,1110,8294,929,0.958024504613523,0.7533602949922683,0.8434545212411773
MIA,test,or,40.0,0.4,25334,1110,8294,929,0.958024504613523,0.7533602949922683,0.8434545212411773
MIA,test,or,40.0,0.5,25334,1110,8294,929,0.958024504613523,0.7533602949922683,0.8434545212411773
MIA,test,or,50.0,0.0,25693,810,7935,870,0.9694374221786213,0.764035922445581,0.8545675275648168
MIA,test,or,50.0,0.05,25693,810,7935,870,0.9694374221786213,0.764035922445581,0.8545675275648168
MIA,test,or,50.0,0.1,25693,810,7935,870,0.9694374221786213,0.764035922445581,0.8545675275648168
MIA,test,or,50.0,0.2,25693,810,7935,870,0.9694374221786213,0.764035922445581,0.8545675275648168
MIA,test,or,50.0,0.3,25693,810,7935,870,0.9694374221786213,0.764035922445581,0.8545675275648168
MIA,test,or,50.0,0.4,25693,810,7935,870,0.9694374221786213,0.764035922445581,0.8545675275648168
MIA,test,or,50.0,0.5,25693,810,7935,870,0.9694374221786213,0.764035922445581,0.8545675275648168
MIA,test,or,75.0,0.0,26287,445,7341,641,0.9833532844530899,0.781699773997859,0.8710072895957588
MIA,test,or,75.0,0.05,26287,445,7341,641,0.9833532844530899,0.781699773997859,0.8710072895957588
MIA,test,or,75.0,0.1,26287,445,7341,641,0.9833532844530899,0.781699773997859,0.8710072895957588
MIA,test,or,75.0,0.2,26287,445,7341,641,0.9833532844530899,0.781699773997859,0.8710072895957588
MIA,test,or,75.0,0.3,26287,445,7341,641,0.9833532844530899,0.781699773997859,0.8710072895957588
MIA,test,or,75.0,0.4,26287,445,7341,641,0.9833532844530899,0.781699773997859,0.8710072895957588
MIA,test,or,75.0,0.5,26287,445,7341,641,0.9833532844530899,0.781699773997859,0.8710072895957588
MIA,test,or,100.0,0.0,26584,279,7044,510,0.9896139671667349,0.7905316997739978,0.8789406688598304
MIA,test,or,100.0,0.05,26584,279,7044,510,0.9896139671667349,0.7905316997739978,0.8789406688598304
MIA,test,or,100.0,0.1,26584,279,7044,510,0.9896139671667349,0.7905316997739978,0.8789406688598304
MIA,test,or,100.0,0.2,26584,279,7044,510,0.9896139671667349,0.7905316997739978,0.8789406688598304
MIA,test,or,100.0,0.3,26584,279,7044,510,0.9896139671667349,0.7905316997739978,0.8789406688598304
MIA,test,or,100.0,0.4,26584,279,7044,510,0.9896139671667349,0.7905316997739978,0.8789406688598304
MIA,test,or,100.0,0.5,26584,279,7044,510,0.9896139671667349,0.7905316997739978,0.8789406688598304
ecCount (peaks),test,and,5.0,0.0,27870,6051,5758,36,0.821614928805165,0.8287736410134412,0.825178759123007
ecCount (peaks),test,and,5.0,0.05,23943,10004,9685,10,0.7053053288950423,0.7119959557511597,0.7086348501664816
ecCount (peaks),test,and,5.0,0.1,23328,10624,10300,5,0.6870876531573987,0.6937076245985488,0.6903817697543652
ecCount (peaks),test,and,5.0,0.2,17993,15963,15635,1,0.5298916244551772,0.5350600689901273,0.5324633049242424
ecCount (peaks),test,and,5.0,0.3,10341,23616,23287,0,0.3045322024913862,0.3075115974782919,0.306014648220759
ecCount (peaks),test,and,5.0,0.4,10332,23625,23296,0,0.3042671614100185,0.30724396336386345,0.305748316934231
ecCount (peaks),test,and,5.0,0.5,5540,28417,28088,0,0.16314751008628559,0.1647436659926252,0.16394170304061553
ecCount (peaks),test,and,10.0,0.0,27875,6042,5753,40,0.8218592446265884,0.8289223266325682,0.8253756754756089
ecCount (peaks),test,and,10.0,0.05,23948,9996,9680,13,0.7055149658260664,0.7121446413702867,0.7088143017818032
ecCount (peaks),test,and,10.0,0.1,23333,10616,10295,8,0.6872956493563875,0.6938563102176758,0.6905603977684716
ecCount (peaks),test,and,10.0,0.2,17993,15963,15635,1,0.5298916244551772,0.5350600689901273,0.5324633049242424
ecCount (peaks),test,and,10.0,0.3,10341,23616,23287,0,0.3045322024913862,0.3075115974782919,0.306014648220759
ecCount (peaks),test,and,10.0,0.4,10332,23625,23296,0,0.3042671614100185,0.30724396336386345,0.305748316934231
ecCount (peaks),test,and,10.0,0.5,5540,28417,28088,0,0.16314751008628559,0.1647436659926252,0.16394170304061553
ecCount (peaks),test,and,15.0,0.0,27875,6042,5753,40,0.8218592446265884,0.8289223266325682,0.8253756754756089
ecCount (peaks),test,and,15.0,0.05,23948,9996,9680,13,0.7055149658260664,0.7121446413702867,0.7088143017818032
ecCount (peaks),test,and,15.0,0.1,23333,10616,10295,8,0.6872956493563875,0.6938563102176758,0.6905603977684716
ecCount (peaks),test,and,15.0,0.2,17993,15963,15635,1,0.5298916244551772,0.5350600689901273,0.5324633049242424
ecCount (peaks),test,and,15.0,0.3,10341,23616,23287,0,0.3045322024913862,0.3075115974782919,0.306014648220759
ecCount (peaks),test,and,15.0,0.4,10332,23625,23296,0,0.3042671614100185,0.30724396336386345,0.305748316934231
ecCount (peaks),test,and,15.0,0.5,5540,28417,28088,0,0.16314751008628559,0.1647436659926252,0.16394170304061553
ecCount (peaks),test,and,20.0,0.0,27875,6042,5753,40,0.8218592446265884,0.8289223266325682,0.8253756754756089
ecCount (peaks),test,and,20.0,0.05,23948,9996,9680,13,0.7055149658260664,0.7121446413702867,0.7088143017818032
ecCount (peaks),test,and,20.0,0.1,23333,10616,10295,8,0.6872956493563875,0.6938563102176758,0.6905603977684716
ecCount (peaks),test,and,20.0,0.2,17993,15963,15635,1,0.5298916244551772,0.5350600689901273,0.5324633049242424
ecCount (peaks),test,and,20.0,0.3,10341,23616,23287,0,0.3045322024913862,0.3075115974782919,0.306014648220759
ecCount (peaks),test,and,20.0,0.4,10332,23625,23296,0,0.3042671614100185,0.30724396336386345,0.305748316934231
ecCount (peaks),test,and,20.0,0.5,5540,28417,28088,0,0.16314751008628559,0.1647436659926252,0.16394170304061553
ecCount (peaks),test,and,25.0,0.0,27875,6042,5753,40,0.8218592446265884,0.8289223266325682,0.8253756754756089
ecCount (peaks),test,and,25.0,0.05,23948,9996,9680,13,0.7055149658260664,0.7121446413702867,0.7088143017818032
ecCount (peaks),test,and,25.0,0.1,23333,10616,10295,8,0.6872956493563875,0.6938563102176758,0.6905603977684716
ecCount (peaks),test,and,25.0,0.2,17993,15963,15635,1,0.5298916244551772,0.5350600689901273,0.5324633049242424
ecCount (peaks),test,and,25.0,0.3,10341,23616,23287,0,0.3045322024913862,0.3075115974782919,0.306014648220759
ecCount (peaks),test,and,25.0,0.4,10332,23625,23296,0,0.3042671614100185,0.30724396336386345,0.305748316934231
ecCount (peaks),test,and,25.0,0.5,5540,28417,28088,0,0.16314751008628559,0.1647436659926252,0.16394170304061553
ecCount (peaks),test,and,30.0,0.0,27875,6042,5753,40,0.8218592446265884,0.8289223266325682,0.8253756754756089
ecCount (peaks),test,and,30.0,0.05,23948,9996,9680,13,0.7055149658260664,0.7121446413702867,0.7088143017818032
ecCount (peaks),test,and,30.0,0.1,23333,10616,10295,8,0.6872956493563875,0.6938563102176758,0.6905603977684716
ecCount (peaks),test,and,30.0,0.2,17993,15963,15635,1,0.5298916244551772,0.5350600689901273,0.5324633049242424
ecCount (peaks),test,and,30.0,0.3,10341,23616,23287,0,0.3045322024913862,0.3075115974782919,0.306014648220759
ecCount (peaks),test,and,30.0,0.4,10332,23625,23296,0,0.3042671614100185,0.30724396336386345,0.305748316934231
ecCount (peaks),test,and,30.0,0.5,5540,28417,28088,0,0.16314751008628559,0.1647436659926252,0.16394170304061553
ecCount (peaks),test,and,40.0,0.0,27875,6042,5753,40,0.8218592446265884,0.8289223266325682,0.8253756754756089
ecCount (peaks),test,and,40.0,0.05,23948,9996,9680,13,0.7055149658260664,0.7121446413702867,0.7088143017818032
ecCount (peaks),test,and,40.0,0.1,23333,10616,10295,8,0.6872956493563875,0.6938563102176758,0.6905603977684716
ecCount (peaks),test,and,40.0,0.2,17993,15963,15635,1,0.5298916244551772,0.5350600689901273,0.5324633049242424
ecCount (peaks),test,and,40.0,0.3,10341,23616,23287,0,0.3045322024913862,0.3075115974782919,0.306014648220759
ecCount (peaks),test,and,40.0,0.4,10332,23625,23296,0,0.3042671614100185,0.30724396336386345,0.305748316934231
ecCount (peaks),test,and,40.0,0.5,5540,28417,28088,0,0.16314751008628559,0.1647436659926252,0.16394170304061553
ecCount (peaks),test,and,50.0,0.0,27875,6042,5753,40,0.8218592446265884,0.8289223266325682,0.8253756754756089
ecCount (peaks),test,and,50.0,0.05,23948,9996,9680,13,0.7055149658260664,0.7121446413702867,0.7088143017818032
ecCount (peaks),test,and,50.0,0.1,23333,10616,10295,8,0.6872956493563875,0.6938563102176758,0.6905603977684716
ecCount (peaks),test,and,50.0,0.2,17993,15963,15635,1,0.5298916244551772,0.5350600689901273,0.5324633049242424
ecCount (peaks),test,and,50.0,0.3,10341,23616,23287,0,0.3045322024913862,0.3075115974782919,0.306014648220759
ecCount (peaks),test,and,50.0,0.4,10332,23625,23296,0,0.3042671614100185,0.30724396336386345,0.305748316934231
ecCount (peaks),test,and,50.0,0.5,5540,28417,28088,0,0.16314751008628559,0.1647436659926252,0.16394170304061553
ecCount (peaks),test,and,75.0,0.0,27875,6042,5753,40,0.8218592446265884,0.8289223266325682,0.8253756754756089
ecCount (peaks),test,and,75.0,0.05,23948,9996,9680,13,0.7055149658260664,0.7121446413702867,0.7088143017818032
ecCount (peaks),test,and,75.0,0.1,23333,10616,10295,8,0.6872956493563875,0.6938563102176758,0.6905603977684716
ecCount (peaks),test,and,75.0,0.2,17993,15963,15635,1,0.5298916244551772,0.5350600689901273,0.5324633049242424
ecCount (peaks),test,and,75.0,0.3,10341,23616,23287,0,0.3045322024913862,0.3075115974782919,0.306014648220759
ecCount (peaks),test,and,75.0,0.4,10332,23625,23296,0,0.3042671614100185,0.30724396336386345,0.305748316934231
ecCount (peaks),test,and,75.0,0.5,5540,28417,28088,0,0.16314751008628559,0.1647436659926252,0.16394170304061553
ecCount (peaks),test,and,100.0,0.0,27875,6042,5753,40,0.8218592446265884,0.8289223266325682,0.8253756754756089
ecCount (peaks),test,and,100.0,0.05,23948,9996,9680,13,0.7055149658260664,0.7121446413702867,0.7088143017818032
ecCount (peaks),test,and,100.0,0.1,23333,10616,10295,8,0.6872956493563875,0.6938563102176758,0.6905603977684716
ecCount (peaks),test,and,100.0,0.2,17993,15963,15635,1,0.5298916244551772,0.5350600689901273,0.5324633049242424
ecCount (peaks),test,and,100.0,0.3,10341,23616,23287,0,0.3045322024913862,0.3075115974782919,0.306014648220759
ecCount (peaks),test,and,100.0,0.4,10332,23625,23296,0,0.3042671614100185,0.30724396336386345,0.305748316934231
ecCount (peaks),test,and,100.0,0.5,5540,28417,28088,0,0.16314751008628559,0.1647436659926252,0.16394170304061553
ecCount (peaks),test,or,5.0,0.0,28599,5288,5029,70,0.8439519579779856,0.8504520042821458,0.8471895134414574
ecCount (peaks),test,or,5.0,0.05,28599,5289,5029,69,0.8439270538243626,0.8504520042821458,0.8471769654600391
ecCount (peaks),test,or,5.0,0.1,28599,5289,5029,69,0.8439270538243626,0.8504520042821458,0.8471769654600391
ecCount (peaks),test,or,5.0,0.2,28595,5296,5033,66,0.843734324746983,0.8503330557868443,0.8470208385787704
ecCount (peaks),test,or,5.0,0.3,28595,5296,5033,66,0.843734324746983,0.8503330557868443,0.8470208385787704
ecCount (peaks),test,or,5.0,0.4,28595,5296,5033,66,0.843734324746983,0.8503330557868443,0.8470208385787704
ecCount (peaks),test,or,5.0,0.5,28595,5296,5033,66,0.843734324746983,0.8503330557868443,0.8470208385787704
ecCount (peaks),test,or,10.0,0.0,30915,2456,2713,586,0.9264031644242007,0.9193231830617342,0.9228495947700712
ecCount (peaks),test,or,10.0,0.05,30915,2456,2713,586,0.9264031644242007,0.9193231830617342,0.9228495947700712
ecCount (peaks),test,or,10.0,0.1,30915,2456,2713,586,0.9264031644242007,0.9193231830617342,0.9228495947700712
ecCount (peaks),test,or,10.0,0.2,30915,2456,2713,586,0.9264031644242007,0.9193231830617342,0.9228495947700712
ecCount (peaks),test,or,10.0,0.3,30915,2456,2713,586,0.9264031644242007,0.9193231830617342,0.9228495947700712
ecCount (peaks),test,or,10.0,0.4,30915,2456,2713,586,0.9264031644242007,0.9193231830617342,0.9228495947700712
ecCount (peaks),test,or,10.0,0.5,30915,2456,2713,586,0.9264031644242007,0.9193231830617342,0.9228495947700712
ecCount (peaks),test,or,15.0,0.0,31054,1876,2574,1027,0.9430306711205587,0.9234566432734626,0.9331410198623756
ecCount (peaks),test,or,15.0,0.05,31054,1876,2574,1027,0.9430306711205587,0.9234566432734626,0.9331410198623756
ecCount (peaks),test,or,15.0,0.1,31054,1876,2574,1027,0.9430306711205587,0.9234566432734626,0.9331410198623756
ecCount (peaks),test,or,15.0,0.2,31054,1876,2574,1027,0.9430306711205587,0.9234566432734626,0.9331410198623756
ecCount (peaks),test,or,15.0,0.3,31054,1876,2574,1027,0.9430306711205587,0.9234566432734626,0.9331410198623756
ecCount (peaks),test,or,15.0,0.4,31054,1876,2574,1027,0.9430306711205587,0.9234566432734626,0.9331410198623756
ecCount (peaks),test,or,15.0,0.5,31054,1876,2574,1027,0.9430306711205587,0.9234566432734626,0.9331410198623756
ecCount (peaks),test,or,20.0,0.0,31137,1545,2491,1275,0.9527262713420231,0.9259248245509695,0.9391343688734731
ecCount (peaks),test,or,20.0,0.05,31137,1545,2491,1275,0.9527262713420231,0.9259248245509695,0.9391343688734731
ecCount (peaks),test,or,20.0,0.1,31137,1545,2491,1275,0.9527262713420231,0.9259248245509695,0.9391343688734731
ecCount (peaks),test,or,20.0,0.2,31137,1545,2491,1275,0.9527262713420231,0.9259248245509695,0.9391343688734731
ecCount (peaks),test,or,20.0,0.3,31137,1545,2491,1275,0.9527262713420231,0.9259248245509695,0.9391343688734731
ecCount (peaks),test,or,20.0,0.4,31137,1545,2491,1275,0.9527262713420231,0.9259248245509695,0.9391343688734731
ecCount (peaks),test,or,20.0,0.5,31137,1545,2491,1275,0.9527262713420231,0.9259248245509695,0.9391343688734731
ecCount (peaks),test,or,25.0,0.0,31224,1303,2404,1430,0.9599409721154732,0.9285119543237778,0.9439649308442295
ecCount (peaks),test,or,25.0,0.05,31224,1303,2404,1430,0.9599409721154732,0.9285119543237778,0.9439649308442295
ecCount (peaks),test,or,25.0,0.1,31224,1303,2404,1430,0.9599409721154732,0.9285119543237778,0.9439649308442295
ecCount (peaks),test,or,25.0,0.2,31224,1303,2404,1430,0.9599409721154732,0.9285119543237778,0.9439649308442295
ecCount (peaks),test,or,25.0,0.3,31224,1303,2404,1430,0.9599409721154732,0.9285119543237778,0.9439649308442295
ecCount (peaks),test,or,25.0,0.4,31224,1303,2404,1430,0.9599409721154732,0.9285119543237778,0.9439649308442295
ecCount (peaks),test,or,25.0,0.5,31224,1303,2404,1430,0.9599409721154732,0.9285119543237778,0.9439649308442295
ecCount (peaks),test,or,30.0,0.0,31328,1121,2300,1508,0.9654534808468674,0.9316046152016177,0.9482270684201765
ecCount (peaks),test,or,30.0,0.05,31328,1121,2300,1508,0.9654534808468674,0.9316046152016177,0.9482270684201765
ecCount (peaks),test,or,30.0,0.1,31328,1121,2300,1508,0.9654534808468674,0.9316046152016177,0.9482270684201765
ecCount (peaks),test,or,30.0,0.2,31328,1121,2300,1508,0.9654534808468674,0.9316046152016177,0.9482270684201765
ecCount (peaks),test,or,30.0,0.3,31328,1121,2300,1508,0.9654534808468674,0.9316046152016177,0.9482270684201765
ecCount (peaks),test,or,30.0,0.4,31328,1121,2300,1508,0.9654534808468674,0.9316046152016177,0.9482270684201765
ecCount (peaks),test,or,30.0,0.5,31328,1121,2300,1508,0.9654534808468674,0.9316046152016177,0.9482270684201765
ecCount (peaks),test,or,40.0,0.0,31568,844,2060,1545,0.9739602616314945,0.9387415249197097,0.9560266505148395
ecCount (peaks),test,or,40.0,0.05,31568,844,2060,1545,0.9739602616314945,0.9387415249197097,0.9560266505148395
ecCount (peaks),test,or,40.0,0.1,31568,844,2060,1545,0.9739602616314945,0.9387415249197097,0.9560266505148395
ecCount (peaks),test,or,40.0,0.2,31568,844,2060,1545,0.9739602616314945,0.9387415249197097,0.9560266505148395
ecCount (peaks),test,or,40.0,0.3,31568,844,2060,1545,0.9739602616314945,0.9387415249197097,0.9560266505148395
ecCount (peaks),test,or,40.0,0.4,31568,844,2060,1545,0.9739602616314945,0.9387415249197097,0.9560266505148395
ecCount (peaks),test,or,40.0,0.5,31568,844,2060,1545,0.9739602616314945,0.9387415249197097,0.9560266505148395
ecCount (peaks),test,or,50.0,0.0,31794,656,1834,1507,0.9797842835130971,0.9454621149042465,0.9623172614183237
ecCount (peaks),test,or,50.0,0.05,31794,656,1834,1507,0.9797842835130971,0.9454621149042465,0.9623172614183237
ecCount (peaks),test,or,50.0,0.1,31794,656,1834,1507,0.9797842835130971,0.9454621149042465,0.9623172614183237
ecCount (peaks),test,or,50.0,0.2,31794,656,1834,1507,0.9797842835130971,0.9454621149042465,0.9623172614183237
ecCount (peaks),test,or,50.0,0.3,31794,656,1834,1507,0.9797842835130971,0.9454621149042465,0.9623172614183237
ecCount (peaks),test,or,50.0,0.4,31794,656,1834,1507,0.9797842835130971,0.9454621149042465,0.9623172614183237
ecCount (peaks),test,or,50.0,0.5,31794,656,1834,1507,0.9797842835130971,0.9454621149042465,0.9623172614183237
ecCount (peaks),test,or,75.0,0.0,32187,394,1441,1376,0.9879070623983303,0.9571488045676222,0.9722847347037412
ecCount (peaks),test,or,75.0,0.05,32187,394,1441,1376,0.9879070623983303,0.9571488045676222,0.9722847347037412
ecCount (peaks),test,or,75.0,0.1,32187,394,1441,1376,0.9879070623983303,0.9571488045676222,0.9722847347037412
ecCount (peaks),test,or,75.0,0.2,32187,394,1441,1376,0.9879070623983303,0.9571488045676222,0.9722847347037412
ecCount (peaks),test,or,75.0,0.3,32187,394,1441,1376,0.9879070623983303,0.9571488045676222,0.9722847347037412
ecCount (peaks),test,or,75.0,0.4,32187,394,1441,1376,0.9879070623983303,0.9571488045676222,0.9722847347037412
ecCount (peaks),test,or,75.0,0.5,32187,394,1441,1376,0.9879070623983303,0.9571488045676222,0.9722847347037412
ecCount (peaks),test,or,100.0,0.0,32378,265,1250,1314,0.9918818736023037,0.9628285952182705,0.97713932187533
ecCount (peaks),test,or,100.0,0.05,32378,265,1250,1314,0.9918818736023037,0.9628285952182705,0.97713932187533
ecCount (peaks),test,or,100.0,0.1,32378,265,1250,1314,0.9918818736023037,0.9628285952182705,0.97713932187533
ecCount (peaks),test,or,100.0,0.2,32378,265,1250,1314,0.9918818736023037,0.9628285952182705,0.97713932187533
ecCount (peaks),test,or,100.0,0.3,32378,265,1250,1314,0.9918818736023037,0.9628285952182705,0.97713932187533
ecCount (peaks),test,or,100.0,0.4,32378,265,1250,1314,0.9918818736023037,0.9628285952182705,0.97713932187533
ecCount (peaks),test,or,100.0,0.5,32378,265,1250,1314,0.9918818736023037,0.9628285952182705,0.97713932187533
ecCount (threshold mask),test,and,5.0,0.0,26646,5388,6982,1,0.8318037085596554,0.7923754014511717,0.8116109774298681
ecCount (threshold mask),test,and,5.0,0.05,26237,5798,7391,0,0.8190104573123147,0.7802129178065897,0.7991410687906432
ecCount (threshold mask),test,and,5.0,0.1,24248,7787,9380,0,0.7569221164351491,0.7210657785179018,0.738559005832813
ecCount (threshold mask),test,and,5.0,0.2,16862,15173,16766,0,0.5263617917902295,0.5014273819436185,0.5135921295097696
ecCount (threshold mask),test,and,5.0,0.3,3503,28532,30125,0,0.10934914936787889,0.10416914476031879,0.106696312992096
ecCount (threshold mask),test,and,5.0,0.4,574,31461,33054,0,0.01791790229436554,0.01706910907577019,0.017483209722370285
ecCount (threshold mask),test,and,5.0,0.5,282,31753,33346,0,0.008802871858904323,0.008385868918758178,0.008589312093568677
ecCount (threshold mask),test,and,10.0,0.0,28533,3481,5095,21,0.8912663209845693,0.8484893541096705,0.8693519393071509
ecCount (threshold mask),test,and,10.0,0.05,27036,4997,6592,2,0.8440046202353823,0.8039728797430713,0.8235025357518162
ecCount (threshold mask),test,and,10.0,0.1,24653,7382,8975,0,0.7695645387857032,0.7331093136671821,0.7508947200097468
ecCount (threshold mask),test,and,10.0,0.2,16865,15170,16763,0,0.5264554393631965,0.5015165933150946,0.5136835051703394
ecCount (threshold mask),test,and,10.0,0.3,3503,28532,30125,0,0.10934914936787889,0.10416914476031879,0.106696312992096
ecCount (threshold mask),test,and,10.0,0.4,574,31461,33054,0,0.01791790229436554,0.01706910907577019,0.017483209722370285
ecCount (threshold mask),test,and,10.0,0.5,282,31753,33346,0,0.008802871858904323,0.008385868918758178,0.008589312093568677
ecCount (threshold mask),test,and,15.0,0.0,28538,3475,5090,22,0.8914503482960048,0.8486380397287975,0.8695175271552841
ecCount (threshold mask),test,and,15.0,0.05,27040,4993,6588,2,0.8441294914619298,0.8040918282383728,0.8236243736769163
ecCount (threshold mask),test,and,15.0,0.1,24654,7381,8974,0,0.7695957546433588,0.7331390507910075,0.75092517856327
ecCount (threshold mask),test,and,15.0,0.2,16865,15170,16763,0,0.5264554393631965,0.5015165933150946,0.5136835051703394
ecCount (threshold mask),test,and,15.0,0.3,3503,28532,30125,0,0.10934914936787889,0.10416914476031879,0.106696312992096
ecCount (threshold mask),test,and,15.0,0.4,574,31461,33054,0,0.01791790229436554,0.01706910907577019,0.017483209722370285
ecCount (threshold mask),test,and,15.0,0.5,282,31753,33346,0,0.008802871858904323,0.008385868918758178,0.008589312093568677
ecCount (threshold mask),test,and,20.0,0.0,28538,3475,5090,22,0.8914503482960048,0.8486380397287975,0.8695175271552841
ecCount (threshold mask),test,and,20.0,0.05,27040,4993,6588,2,0.8441294914619298,0.8040918282383728,0.8236243736769163
ecCount (threshold mask),test,and,20.0,0.1,24654,7381,8974,0,0.7695957546433588,0.7331390507910075,0.75092517856327
ecCount (threshold mask),test,and,20.0,0.2,16865,15170,16763,0,0.5264554393631965,0.5015165933150946,0.5136835051703394
ecCount (threshold mask),test,and,20.0,0.3,3503,28532,30125,0,0.10934914936787889,0.10416914476031879,0.106696312992096
ecCount (threshold mask),test,and,20.0,0.4,574,31461,33054,0,0.01791790229436554,0.01706910907577019,0.017483209722370285
ecCount (threshold mask),test,and,20.0,0.5,282,31753,33346,0,0.008802871858904323,0.008385868918758178,0.008589312093568677
ecCount (threshold mask),test,and,25.0,0.0,28538,3475,5090,22,0.8914503482960048,0.8486380397287975,0.8695175271552841
ecCount (threshold mask),test,and,25.0,0.05,27040,4993,6588,2,0.8441294914619298,0.8040918282383728,0.8236243736769163
ecCount (threshold mask),test,and,25.0,0.1,24654,7381,8974,0,0.7695957546433588,0.7331390507910075,0.75092517856327
ecCount (threshold mask),test,and,25.0,0.2,16865,15170,16763,0,0.5264554393631965,0.5015165933150946,0.5136835051703394
ecCount (threshold mask),test,and,25.0,0.3,3503,28532,30125,0,0.10934914936787889,0.10416914476031879,0.106696312992096
ecCount (threshold mask),test,and,25.0,0.4,574,31461,33054,0,0.01791790229436554,0.01706910907577019,0.017483209722370285
ecCount (threshold mask),test,and,25.0,0.5,282,31753,33346,0,0.008802871858904323,0.008385868918758178,0.008589312093568677
ecCount (threshold mask),test,and,30.0,0.0,28538,3475,5090,22,0.8914503482960048,0.8486380397287975,0.8695175271552841
ecCount (threshold mask),test,and,30.0,0.05,27040,4993,6588,2,0.8441294914619298,0.8040918282383728,0.8236243736769163
ecCount (threshold mask),test,and,30.0,0.1,24654,7381,8974,0,0.7695957546433588,0.7331390507910075,0.75092517856327
ecCount (threshold mask),test,and,30.0,0.2,16865,15170,16763,0,0.5264554393631965,0.5015165933150946,0.5136835051703394
ecCount (threshold mask),test,and,30.0,0.3,3503,28532,30125,0,0.10934914936787889,0.10416914476031879,0.106696312992096
ecCount (threshold mask),test,and,30.0,0.4,574,31461,33054,0,0.01791790229436554,0.01706910907577019,0.017483209722370285
ecCount (threshold mask),test,and,30.0,0.5,282,31753,33346,0,0.008802871858904323,0.008385868918758178,0.008589312093568677
ecCount (threshold mask),test,and,40.0,0.0,28538,3475,5090,22,0.8914503482960048,0.8486380397287975,0.8695175271552841
ecCount (threshold mask),test,and,40.0,0.05,27040,4993,6588,2,0.8441294914619298,0.8040918282383728,0.8236243736769163
ecCount (threshold mask),test,and,40.0,0.1,24654,7381,8974,0,0.7695957546433588,0.7331390507910075,0.75092517856327
ecCount (threshold mask),test,and,40.0,0.2,16865,15170,16763,0,0.5264554393631965,0.5015165933150946,0.5136835051703394
ecCount (threshold mask),test,and,40.0,0.3,3503,28532,30125,0,0.10934914936787889,0.10416914476031879,0.106696312992096
ecCount (threshold mask),test,and,40.0,0.4,574,31461,33054,0,0.01791790229436554,0.01706910907577019,0.017483209722370285
ecCount (threshold mask),test,and,40.0,0.5,282,31753,33346,0,0.008802871858904323,0.008385868918758178,0.008589312093568677
ecCount (threshold mask),test,and,50.0,0.0,28538,3475,5090,22,0.8914503482960048,0.8486380397287975,0.8695175271552841
ecCount (threshold mask),test,and,50.0,0.05,27040,4993,6588,2,0.8441294914619298,0.8040918282383728,0.8236243736769163
ecCount (threshold mask),test,and,50.0,0.1,24654,7381,8974,0,0.7695957546433588,0.7331390507910075,0.75092517856327
ecCount (threshold mask),test,and,50.0,0.2,16865,15170,16763,0,0.5264554393631965,0.5015165933150946,0.5136835051703394
ecCount (threshold mask),test,and,50.0,0.3,3503,28532,30125,0,0.10934914936787889,0.10416914476031879,0.106696312992096
ecCount (threshold mask),test,and,50.0,0.4,574,31461,33054,0,0.01791790229436554,0.01706910907577019,0.017483209722370285
ecCount (threshold mask),test,and,50.0,0.5,282,31753,33346,0,0.008802871858904323,0.008385868918758178,0.008589312093568677
ecCount (threshold mask),test,and,75.0,0.0,28538,3475,5090,22,0.8914503482960048,0.8486380397287975,0.8695175271552841
ecCount (threshold mask),test,and,75.0,0.05,27040,4993,6588,2,0.8441294914619298,0.8040918282383728,0.8236243736769163
ecCount (threshold mask),test,and,75.0,0.1,24654,7381,8974,0,0.7695957546433588,0.7331390507910075,0.75092517856327
ecCount (threshold mask),test,and,75.0,0.2,16865,15170,16763,0,0.5264554393631965,0.5015165933150946,0.5136835051703394
ecCount (threshold mask),test,and,75.0,0.3,3503,28532,30125,0,0.10934914936787889,0.10416914476031879,0.106696312992096
ecCount (threshold mask),test,and,75.0,0.4,574,31461,33054,0,0.01791790229436554,0.01706910907577019,0.017483209722370285
ecCount (threshold mask),test,and,75.0,0.5,282,31753,33346,0,0.008802871858904323,0.008385868918758178,0.008589312093568677
ecCount (threshold mask),test,and,100.0,0.0,28538,3475,5090,22,0.8914503482960048,0.8486380397287975,0.8695175271552841
ecCount (threshold mask),test,and,100.0,0.05,27040,4993,6588,2,0.8441294914619298,0.8040918282383728,0.8236243736769163
ecCount (threshold mask),test,and,100.0,0.1,24654,7381,8974,0,0.7695957546433588,0.7331390507910075,0.75092517856327
ecCount (threshold mask),test,and,100.0,0.2,16865,15170,16763,0,0.5264554393631965,0.5015165933150946,0.5136835051703394
ecCount (threshold mask),test,and,100.0,0.3,3503,28532,30125,0,0.10934914936787889,0.10416914476031879,0.106696312992096
ecCount (threshold mask),test,and,100.0,0.4,574,31461,33054,0,0.01791790229436554,0.01706910907577019,0.017483209722370285
ecCount (threshold mask),test,and,100.0,0.5,282,31753,33346,0,0.008802871858904323,0.008385868918758178,0.008589312093568677
ecCount (threshold mask),test,or,5.0,0.0,28619,3390,5009,26,0.8940922865444094,0.8510467467586535,0.8720386367445191
ecCount (threshold mask),test,or,5.0,0.05,27497,4535,6131,3,0.8584228271728271,0.8176816938265731,0.8375571123971977
ecCount (threshold mask),test,or,5.0,0.1,27058,4976,6570,1,0.8446650433913966,0.8046270964672297,0.8241600925954129
ecCount (threshold mask),test,or,5.0,0.2,26734,5300,6894,1,0.8345507897858525,0.7949922683478055,0.8142913709603729
ecCount (threshold mask),test,or,5.0,0.3,26731,5303,6897,1,0.8344571392895049,0.7949030569763292,0.8141999939081965
ecCount (threshold mask),test,or,5.0,0.4,26731,5303,6897,1,0.8344571392895049,0.7949030569763292,0.8141999939081965
ecCount (threshold mask),test,or,5.0,0.5,26731,5303,6897,1,0.8344571392895049,0.7949030569763292,0.8141999939081965
ecCount (threshold mask),test,or,10.0,0.0,29440,2340,4188,255,0.9263687853996224,0.8754609254192934,0.9001956947162426
ecCount (threshold mask),test,or,10.0,0.05,29436,2345,4192,254,0.9262137755262578,0.875341976923992,0.9000596248222722
ecCount (threshold mask),test,or,10.0,0.1,29435,2346,4193,254,0.9261823101853308,0.8753122398001665,0.9000290479903377
ecCount (threshold mask),test,or,10.0,0.2,29435,2346,4193,254,0.9261823101853308,0.8753122398001665,0.9000290479903377
ecCount (threshold mask),test,or,10.0,0.3,29435,2346,4193,254,0.9261823101853308,0.8753122398001665,0.9000290479903377
ecCount (threshold mask),test,or,10.0,0.4,29435,2346,4193,254,0.9261823101853308,0.8753122398001665,0.9000290479903377
ecCount (threshold mask),test,or,10.0,0.5,29435,2346,4193,254,0.9261823101853308,0.8753122398001665,0.9000290479903377
ecCount (threshold mask),test,or,15.0,0.0,29585,1842,4043,608,0.9413879784898336,0.8797728083739741,0.9095380831604027
ecCount (threshold mask),test,or,15.0,0.05,29585,1842,4043,608,0.9413879784898336,0.8797728083739741,0.9095380831604027
ecCount (threshold mask),test,or,15.0,0.1,29585,1842,4043,608,0.9413879784898336,0.8797728083739741,0.9095380831604027
ecCount (threshold mask),test,or,15.0,0.2,29585,1842,4043,608,0.9413879784898336,0.8797728083739741,0.9095380831604027
ecCount (threshold mask),test,or,15.0,0.3,29585,1842,4043,608,0.9413879784898336,0.8797728083739741,0.9095380831604027
ecCount (threshold mask),test,or,15.0,0.4,29585,1842,4043,608,0.9413879784898336,0.8797728083739741,0.9095380831604027
ecCount (threshold mask),test,or,15.0,0.5,29585,1842,4043,608,0.9413879784898336,0.8797728083739741,0.9095380831604027
ecCount (threshold mask),test,or,20.0,0.0,29674,1512,3954,849,0.9515167062143269,0.8824194123944332,0.9156663683772025
ecCount (threshold mask),test,or,20.0,0.05,29674,1512,3954,849,0.9515167062143269,0.8824194123944332,0.9156663683772025
ecCount (threshold mask),test,or,20.0,0.1,29674,1512,3954,849,0.9515167062143269,0.8824194123944332,0.9156663683772025
ecCount (threshold mask),test,or,20.0,0.2,29674,1512,3954,849,0.9515167062143269,0.8824194123944332,0.9156663683772025
ecCount (threshold mask),test,or,20.0,0.3,29674,1512,3954,849,0.9515167062143269,0.8824194123944332,0.9156663683772025
ecCount (threshold mask),test,or,20.0,0.4,29674,1512,3954,849,0.9515167062143269,0.8824194123944332,0.9156663683772025
ecCount (threshold mask),test,or,20.0,0.5,29674,1512,3954,849,0.9515167062143269,0.8824194123944332,0.9156663683772025
ecCount (threshold mask),test,or,25.0,0.0,29769,1276,3859,990,0.9588983733290385,0.8852444391578447,0.9206005597389947
ecCount (threshold mask),test,or,25.0,0.05,29769,1276,3859,990,0.9588983733290385,0.8852444391578447,0.9206005597389947
ecCount (threshold mask),test,or,25.0,0.1,29769,1276,3859,990,0.9588983733290385,0.8852444391578447,0.9206005597389947
ecCount (threshold mask),test,or,25.0,0.2,29769,1276,3859,990,0.9588983733290385,0.8852444391578447,0.9206005597389947
ecCount (threshold mask),test,or,25.0,0.3,29769,1276,3859,990,0.9588983733290385,0.8852444391578447,0.9206005597389947
ecCount (threshold mask),test,or,25.0,0.4,29769,1276,3859,990,0.9588983733290385,0.8852444391578447,0.9206005597389947
ecCount (threshold mask),test,or,25.0,0.5,29769,1276,3859,990,0.9588983733290385,0.8852444391578447,0.9206005597389947
ecCount (threshold mask),test,or,30.0,0.0,29888,1092,3740,1055,0.9647514525500323,0.8887831568930653,0.9252105002476474
ecCount (threshold mask),test,or,30.0,0.05,29888,1092,3740,1055,0.9647514525500323,0.8887831568930653,0.9252105002476474
ecCount (threshold mask),test,or,30.0,0.1,29888,1092,3740,1055,0.9647514525500323,0.8887831568930653,0.9252105002476474
ecCount (threshold mask),test,or,30.0,0.2,29888,1092,3740,1055,0.9647514525500323,0.8887831568930653,0.9252105002476474
ecCount (threshold mask),test,or,30.0,0.3,29888,1092,3740,1055,0.9647514525500323,0.8887831568930653,0.9252105002476474
ecCount (threshold mask),test,or,30.0,0.4,29888,1092,3740,1055,0.9647514525500323,0.8887831568930653,0.9252105002476474
ecCount (threshold mask),test,or,30.0,0.5,29888,1092,3740,1055,0.9647514525500323,0.8887831568930653,0.9252105002476474
ecCount (threshold mask),test,or,40.0,0.0,30129,825,3499,1081,0.9733475479744137,0.8959498037349828,0.9330463596667802
ecCount (threshold mask),test,or,40.0,0.05,30129,825,3499,1081,0.9733475479744137,0.8959498037349828,0.9330463596667802
ecCount (threshold mask),test,or,40.0,0.1,30129,825,3499,1081,0.9733475479744137,0.8959498037349828,0.9330463596667802
ecCount (threshold mask),test,or,40.0,0.2,30129,825,3499,1081,0.9733475479744137,0.8959498037349828,0.9330463596667802
ecCount (threshold mask),test,or,40.0,0.3,30129,825,3499,1081,0.9733475479744137,0.8959498037349828,0.9330463596667802
ecCount (threshold mask),test,or,40.0,0.4,30129,825,3499,1081,0.9733475479744137,0.8959498037349828,0.9330463596667802
ecCount (threshold mask),test,or,40.0,0.5,30129,825,3499,1081,0.9733475479744137,0.8959498037349828,0.9330463596667802
ecCount (threshold mask),test,or,50.0,0.0,30373,643,3255,1019,0.9792687645086408,0.9032056619483764,0.9397005135820803
ecCount (threshold mask),test,or,50.0,0.05,30373,643,3255,1019,0.9792687645086408,0.9032056619483764,0.9397005135820803
ecCount (threshold mask),test,or,50.0,0.1,30373,643,3255,1019,0.9792687645086408,0.9032056619483764,0.9397005135820803
ecCount (threshold mask),test,or,50.0,0.2,30373,643,3255,1019,0.9792687645086408,0.9032056619483764,0.9397005135820803
ecCount (threshold mask),test,or,50.0,0.3,30373,643,3255,1019,0.9792687645086408,0.9032056619483764,0.9397005135820803
ecCount (threshold mask),test,or,50.0,0.4,30373,643,3255,1019,0.9792687645086408,0.9032056619483764,0.9397005135820803
ecCount (threshold mask),test,or,50.0,0.5,30373,643,3255,1019,0.9792687645086408,0.9032056619483764,0.9397005135820803
ecCount (threshold mask),test,or,75.0,0.0,30788,385,2840,862,0.9876495685368749,0.9155465683359105,0.9502322495023225
ecCount (threshold mask),test,or,75.0,0.05,30788,385,2840,862,0.9876495685368749,0.9155465683359105,0.9502322495023225
ecCount (threshold mask),test,or,75.0,0.1,30788,385,2840,862,0.9876495685368749,0.9155465683359105,0.9502322495023225
ecCount (threshold mask),test,or,75.0,0.2,30788,385,2840,862,0.9876495685368749,0.9155465683359105,0.9502322495023225
ecCount (threshold mask),test,or,75.0,0.3,30788,385,2840,862,0.9876495685368749,0.9155465683359105,0.9502322495023225
ecCount (threshold mask),test,or,75.0,0.4,30788,385,2840,862,0.9876495685368749,0.9155465683359105,0.9502322495023225
ecCount (threshold mask),test,or,75.0,0.5,30788,385,2840,862,0.9876495685368749,0.9155465683359105,0.9502322495023225
ecCount (threshold mask),test,or,100.0,0.0,30986,256,2642,793,0.9918059023109916,0.9214345188533365,0.9553260366887621
ecCount (threshold mask),test,or,100.0,0.05,30986,256,2642,793,0.9918059023109916,0.9214345188533365,0.9553260366887621
ecCount (threshold mask),test,or,100.0,0.1,30986,256,2642,793,0.9918059023109916,0.9214345188533365,0.9553260366887621
ecCount (threshold mask),test,or,100.0,0.2,30986,256,2642,793,0.9918059023109916,0.9214345188533365,0.9553260366887621
ecCount (threshold mask),test,or,100.0,0.3,30986,256,2642,793,0.9918059023109916,0.9214345188533365,0.9553260366887621
ecCount (threshold mask),test,or,100.0,0.4,30986,256,2642,793,0.9918059023109916,0.9214345188533365,0.9553260366887621
ecCount (threshold mask),test,or,100.0,0.5,30986,256,2642,793,0.9918059023109916,0.9214345188533365,0.9553260366887621
ecSeg,test,and,5.0,0.0,9613,5214,24015,3,0.6483442368651784,0.28586297133341265,0.3967805180063977
ecSeg,test,and,5.0,0.05,9105,5723,24523,2,0.6140410035068788,0.2707565124301178,0.3758048538880634
ecSeg,test,and,5.0,0.1,8107,6723,25521,0,0.5466621712744437,0.24107886285238492,0.33459903421519666
ecSeg,test,and,5.0,0.2,4021,10809,29607,0,0.2711395819285233,0.1195729749018675,0.16595814932518882
ecSeg,test,and,5.0,0.3,1279,13551,32349,0,0.08624409979770735,0.03803378137266564,0.05278798134466961
ecSeg,test,and,5.0,0.4,451,14379,33177,0,0.03041132838840189,0.013411442845248008,0.01861405753435965
ecSeg,test,and,5.0,0.5,201,14629,33427,0,0.013553607552258935,0.0059771618889021055,0.008295843823517272
ecSeg,test,and,10.0,0.0,10671,4152,22957,7,0.7198947581461242,0.3173248483406685,0.44048626447338546
ecSeg,test,and,10.0,0.05,9356,5472,24272,2,0.6309684380900998,0.27822053051028905,0.386164768036982
ecSeg,test,and,10.0,0.1,8179,6651,25449,0,0.5515171948752529,0.24321993576781253,0.33757067976391925
ecSeg,test,and,10.0,0.2,4021,10809,29607,0,0.2711395819285233,0.1195729749018675,0.16595814932518882
ecSeg,test,and,10.0,0.3,1279,13551,32349,0,0.08624409979770735,0.03803378137266564,0.05278798134466961
ecSeg,test,and,10.0,0.4,451,14379,33177,0,0.03041132838840189,0.013411442845248008,0.01861405753435965
ecSeg,test,and,10.0,0.5,201,14629,33427,0,0.013553607552258935,0.0059771618889021055,0.008295843823517272
ecSeg,test,and,15.0,0.0,10677,4146,22951,7,0.7202995345071848,0.3175032710836208,0.4407339373800334
ecSeg,test,and,15.0,0.05,9358,5470,24270,2,0.6311033180469382,0.2782800047579398,0.38624731715370647
ecSeg,test,and,15.0,0.1,8179,6651,25449,0,0.5515171948752529,0.24321993576781253,0.33757067976391925
ecSeg,test,and,15.0,0.2,4021,10809,29607,0,0.2711395819285233,0.1195729749018675,0.16595814932518882
ecSeg,test,and,15.0,0.3,1279,13551,32349,0,0.08624409979770735,0.03803378137266564,0.05278798134466961
ecSeg,test,and,15.0,0.4,451,14379,33177,0,0.03041132838840189,0.013411442845248008,0.01861405753435965
ecSeg,test,and,15.0,0.5,201,14629,33427,0,0.013553607552258935,0.0059771618889021055,0.008295843823517272
ecSeg,test,and,20.0,0.0,10678,4145,22950,7,0.7203669972340282,0.3175330082074462,0.4407752161978081
ecSeg,test,and,20.0,0.05,9358,5470,24270,2,0.6311033180469382,0.2782800047579398,0.38624731715370647
ecSeg,test,and,20.0,0.1,8179,6651,25449,0,0.5515171948752529,0.24321993576781253,0.33757067976391925
ecSeg,test,and,20.0,0.2,4021,10809,29607,0,0.2711395819285233,0.1195729749018675,0.16595814932518882
ecSeg,test,and,20.0,0.3,1279,13551,32349,0,0.08624409979770735,0.03803378137266564,0.05278798134466961
ecSeg,test,and,20.0,0.4,451,14379,33177,0,0.03041132838840189,0.013411442845248008,0.01861405753435965
ecSeg,test,and,20.0,0.5,201,14629,33427,0,0.013553607552258935,0.0059771618889021055,0.008295843823517272
ecSeg,test,and,25.0,0.0,10678,4144,22950,8,0.7204155984347591,0.3175330082074462,0.4407843137254902
ecSeg,test,and,25.0,0.05,9358,5470,24270,2,0.6311033180469382,0.2782800047579398,0.38624731715370647
ecSeg,test,and,25.0,0.1,8179,6651,25449,0,0.5515171948752529,0.24321993576781253,0.33757067976391925
ecSeg,test,and,25.0,0.2,4021,10809,29607,0,0.2711395819285233,0.1195729749018675,0.16595814932518882
ecSeg,test,and,25.0,0.3,1279,13551,32349,0,0.08624409979770735,0.03803378137266564,0.05278798134466961
ecSeg,test,and,25.0,0.4,451,14379,33177,0,0.03041132838840189,0.013411442845248008,0.01861405753435965
ecSeg,test,and,25.0,0.5,201,14629,33427,0,0.013553607552258935,0.0059771618889021055,0.008295843823517272
ecSeg,test,and,30.0,0.0,10679,4143,22949,8,0.7204830657131291,0.31756274533127155,0.44082559339525285
ecSeg,test,and,30.0,0.05,9358,5470,24270,2,0.6311033180469382,0.2782800047579398,0.38624731715370647
ecSeg,test,and,30.0,0.1,8179,6651,25449,0,0.5515171948752529,0.24321993576781253,0.33757067976391925
ecSeg,test,and,30.0,0.2,4021,10809,29607,0,0.2711395819285233,0.1195729749018675,0.16595814932518882
ecSeg,test,and,30.0,0.3,1279,13551,32349,0,0.08624409979770735,0.03803378137266564,0.05278798134466961
ecSeg,test,and,30.0,0.4,451,14379,33177,0,0.03041132838840189,0.013411442845248008,0.01861405753435965
ecSeg,test,and,30.0,0.5,201,14629,33427,0,0.013553607552258935,0.0059771618889021055,0.008295843823517272
ecSeg,test,and,40.0,0.0,10680,4142,22948,8,0.7205505329914991,0.31759248245509697,0.4408668730650155
ecSeg,test,and,40.0,0.05,9358,5470,24270,2,0.6311033180469382,0.2782800047579398,0.38624731715370647
ecSeg,test,and,40.0,0.1,8179,6651,25449,0,0.5515171948752529,0.24321993576781253,0.33757067976391925
ecSeg,test,and,40.0,0.2,4021,10809,29607,0,0.2711395819285233,0.1195729749018675,0.16595814932518882
ecSeg,test,and,40.0,0.3,1279,13551,32349,0,0.08624409979770735,0.03803378137266564,0.05278798134466961
ecSeg,test,and,40.0,0.4,451,14379,33177,0,0.03041132838840189,0.013411442845248008,0.01861405753435965
ecSeg,test,and,40.0,0.5,201,14629,33427,0,0.013553607552258935,0.0059771618889021055,0.008295843823517272
ecSeg,test,and,50.0,0.0,10680,4142,22948,8,0.7205505329914991,0.31759248245509697,0.4408668730650155
ecSeg,test,and,50.0,0.05,9358,5470,24270,2,0.6311033180469382,0.2782800047579398,0.38624731715370647
ecSeg,test,and,50.0,0.1,8179,6651,25449,0,0.5515171948752529,0.24321993576781253,0.33757067976391925
ecSeg,test,and,50.0,0.2,4021,10809,29607,0,0.2711395819285233,0.1195729749018675,0.16595814932518882
ecSeg,test,and,50.0,0.3,1279,13551,32349,0,0.08624409979770735,0.03803378137266564,0.05278798134466961
ecSeg,test,and,50.0,0.4,451,14379,33177,0,0.03041132838840189,0.013411442845248008,0.01861405753435965
ecSeg,test,and,50.0,0.5,201,14629,33427,0,0.013553607552258935,0.0059771618889021055,0.008295843823517272
ecSeg,test,and,75.0,0.0,10680,4142,22948,8,0.7205505329914991,0.31759248245509697,0.4408668730650155
ecSeg,test,and,75.0,0.05,9358,5470,24270,2,0.6311033180469382,0.2782800047579398,0.38624731715370647
ecSeg,test,and,75.0,0.1,8179,6651,25449,0,0.5515171948752529,0.24321993576781253,0.33757067976391925
ecSeg,test,and,75.0,0.2,4021,10809,29607,0,0.2711395819285233,0.1195729749018675,0.16595814932518882
ecSeg,test,and,75.0,0.3,1279,13551,32349,0,0.08624409979770735,0.03803378137266564,0.05278798134466961
ecSeg,test,and,75.0,0.4,451,14379,33177,0,0.03041132838840189,0.013411442845248008,0.01861405753435965
ecSeg,test,and,75.0,0.5,201,14629,33427,0,0.013553607552258935,0.0059771618889021055,0.008295843823517272
ecSeg,test,and,100.0,0.0,10681,4141,22947,8,0.7206180002698691,0.31762221957892234,0.4409081527347781
ecSeg,test,and,100.0,0.05,9358,5470,24270,2,0.6311033180469382,0.2782800047579398,0.38624731715370647
ecSeg,test,and,100.0,0.1,8179,6651,25449,0,0.5515171948752529,0.24321993576781253,0.33757067976391925
ecSeg,test,and,100.0,0.2,4021,10809,29607,0,0.2711395819285233,0.1195729749018675,0.16595814932518882
ecSeg,test,and,100.0,0.3,1279,13551,32349,0,0.08624409979770735,0.03803378137266564,0.05278798134466961
ecSeg,test,and,100.0,0.4,451,14379,33177,0,0.03041132838840189,0.013411442845248008,0.01861405753435965
ecSeg,test,and,100.0,0.5,201,14629,33427,0,0.013553607552258935,0.0059771618889021055,0.008295843823517272
ecSeg,test,or,5.0,0.0,10761,4061,22867,8,0.7260153825394684,0.32000118948495304,0.4442105263157895
ecSeg,test,or,5.0,0.05,9938,4889,23690,3,0.6702637081000877,0.2955275365766623,0.410195026313074
ecSeg,test,or,5.0,0.1,9759,5068,23869,3,0.6581911377891684,0.2902045914119186,0.40280672789185845
ecSeg,test,or,5.0,0.2,9693,5134,23935,3,0.6537397990153099,0.2882419412394433,0.40008255082034877
ecSeg,test,or,5.0,0.3,9693,5134,23935,3,0.6537397990153099,0.2882419412394433,0.40008255082034877
ecSeg,test,or,5.0,0.4,9693,5134,23935,3,0.6537397990153099,0.2882419412394433,0.40008255082034877
ecSeg,test,or,5.0,0.5,9693,5134,23935,3,0.6537397990153099,0.2882419412394433,0.40008255082034877
ecSeg,test,or,10.0,0.0,11911,2850,21717,69,0.8069236501592033,0.35419888188414417,0.49230196945586807
ecSeg,test,or,10.0,0.05,11901,2861,21727,68,0.8061915729575938,0.3539015106458903,0.49187848729076256
ecSeg,test,or,10.0,0.1,11901,2861,21727,68,0.8061915729575938,0.3539015106458903,0.49187848729076256
ecSeg,test,or,10.0,0.2,11901,2861,21727,68,0.8061915729575938,0.3539015106458903,0.49187848729076256
ecSeg,test,or,10.0,0.3,11901,2861,21727,68,0.8061915729575938,0.3539015106458903,0.49187848729076256
ecSeg,test,or,10.0,0.4,11901,2861,21727,68,0.8061915729575938,0.3539015106458903,0.49187848729076256
ecSeg,test,or,10.0,0.5,11901,2861,21727,68,0.8061915729575938,0.3539015106458903,0.49187848729076256
ecSeg,test,or,15.0,0.0,12101,2538,21527,191,0.8266275018785436,0.3598489354109671,0.501419189093998
ecSeg,test,or,15.0,0.05,12098,2543,21530,189,0.8263096783006625,0.3597597240394909,0.5012741096770184
ecSeg,test,or,15.0,0.1,12098,2543,21530,189,0.8263096783006625,0.3597597240394909,0.5012741096770184
ecSeg,test,or,15.0,0.2,12098,2543,21530,189,0.8263096783006625,0.3597597240394909,0.5012741096770184
ecSeg,test,or,15.0,0.3,12098,2543,21530,189,0.8263096783006625,0.3597597240394909,0.5012741096770184
ecSeg,test,or,15.0,0.4,12098,2543,21530,189,0.8263096783006625,0.3597597240394909,0.5012741096770184
ecSeg,test,or,15.0,0.5,12098,2543,21530,189,0.8263096783006625,0.3597597240394909,0.5012741096770184
ecSeg,test,or,20.0,0.0,12236,2277,21392,317,0.8431061806656102,0.3638634471273938,0.5083400843355975
ecSeg,test,or,20.0,0.05,12234,2281,21394,315,0.8428522218394764,0.3638039728797431,0.5082358806056956
ecSeg,test,or,20.0,0.1,12234,2281,21394,315,0.8428522218394764,0.3638039728797431,0.5082358806056956
ecSeg,test,or,20.0,0.2,12234,2281,21394,315,0.8428522218394764,0.3638039728797431,0.5082358806056956
ecSeg,test,or,20.0,0.3,12234,2281,21394,315,0.8428522218394764,0.3638039728797431,0.5082358806056956
ecSeg,test,or,20.0,0.4,12234,2281,21394,315,0.8428522218394764,0.3638039728797431,0.5082358806056956
ecSeg,test,or,20.0,0.5,12234,2281,21394,315,0.8428522218394764,0.3638039728797431,0.5082358806056956
ecSeg,test,or,25.0,0.0,12370,2029,21258,431,0.8590874366275436,0.36784822171999526,0.5151269077810399
ecSeg,test,or,25.0,0.05,12368,2032,21260,430,0.8588888888888889,0.36778874747234447,0.5150328974764721
ecSeg,test,or,25.0,0.1,12368,2032,21260,430,0.8588888888888889,0.36778874747234447,0.5150328974764721
ecSeg,test,or,25.0,0.2,12368,2032,21260,430,0.8588888888888889,0.36778874747234447,0.5150328974764721
ecSeg,test,or,25.0,0.3,12368,2032,21260,430,0.8588888888888889,0.36778874747234447,0.5150328974764721
ecSeg,test,or,25.0,0.4,12368,2032,21260,430,0.8588888888888889,0.36778874747234447,0.5150328974764721
ecSeg,test,or,25.0,0.5,12368,2032,21260,430,0.8588888888888889,0.36778874747234447,0.5150328974764721
ecSeg,test,or,30.0,0.0,12506,1782,21122,542,0.8752799552071668,0.37189247056024743,0.5219968277819518
ecSeg,test,or,30.0,0.05,12505,1784,21123,541,0.875148715795367,0.371862733436422,0.5219441951708162
ecSeg,test,or,30.0,0.1,12505,1784,21123,541,0.875148715795367,0.371862733436422,0.5219441951708162
ecSeg,test,or,30.0,0.2,12505,1784,21123,541,0.875148715795367,0.371862733436422,0.5219441951708162
ecSeg,test,or,30.0,0.3,12505,1784,21123,541,0.875148715795367,0.371862733436422,0.5219441951708162
ecSeg,test,or,30.0,0.4,12505,1784,21123,541,0.875148715795367,0.371862733436422,0.5219441951708162
ecSeg,test,or,30.0,0.5,12505,1784,21123,541,0.875148715795367,0.371862733436422,0.5219441951708162
ecSeg,test,or,40.0,0.0,12789,1368,20839,673,0.9033693579148124,0.38030807660283095,0.5352725750758607
ecSeg,test,or,40.0,0.05,12789,1369,20839,672,0.9033055516315864,0.38030807660283095,0.535261373624074
ecSeg,test,or,40.0,0.1,12789,1369,20839,672,0.9033055516315864,0.38030807660283095,0.535261373624074
ecSeg,test,or,40.0,0.2,12789,1369,20839,672,0.9033055516315864,0.38030807660283095,0.535261373624074
ecSeg,test,or,40.0,0.3,12789,1369,20839,672,0.9033055516315864,0.38030807660283095,0.535261373624074
ecSeg,test,or,40.0,0.4,12789,1369,20839,672,0.9033055516315864,0.38030807660283095,0.535261373624074
ecSeg,test,or,40.0,0.5,12789,1369,20839,672,0.9033055516315864,0.38030807660283095,0.535261373624074
ecSeg,test,or,50.0,0.0,13042,1047,20586,741,0.9256867059408049,0.387831568930653,0.5466395624201018
ecSeg,test,or,50.0,0.05,13042,1048,20586,740,0.9256210078069553,0.387831568930653,0.5466281067940819
ecSeg,test,or,50.0,0.1,13042,1048,20586,740,0.9256210078069553,0.387831568930653,0.5466281067940819
ecSeg,test,or,50.0,0.2,13042,1048,20586,740,0.9256210078069553,0.387831568930653,0.5466281067940819
ecSeg,test,or,50.0,0.3,13042,1048,20586,740,0.9256210078069553,0.387831568930653,0.5466281067940819
ecSeg,test,or,50.0,0.4,13042,1048,20586,740,0.9256210078069553,0.387831568930653,0.5466281067940819
ecSeg,test,or,50.0,0.5,13042,1048,20586,740,0.9256210078069553,0.387831568930653,0.5466281067940819
ecSeg,test,or,75.0,0.0,13607,548,20021,675,0.9612857647474391,0.4046330438919948,0.569533097545152
ecSeg,test,or,75.0,0.05,13607,548,20021,675,0.9612857647474391,0.4046330438919948,0.569533097545152
ecSeg,test,or,75.0,0.1,13607,548,20021,675,0.9612857647474391,0.4046330438919948,0.569533097545152
ecSeg,test,or,75.0,0.2,13607,548,20021,675,0.9612857647474391,0.4046330438919948,0.569533097545152
ecSeg,test,or,75.0,0.3,13607,548,20021,675,0.9612857647474391,0.4046330438919948,0.569533097545152
ecSeg,test,or,75.0,0.4,13607,548,20021,675,0.9612857647474391,0.4046330438919948,0.569533097545152
ecSeg,test,or,75.0,0.5,13607,548,20021,675,0.9612857647474391,0.4046330438919948,0.569533097545152
ecSeg,test,or,100.0,0.0,13950,285,19678,595,0.9799789251844047,0.41483287736410135,0.582913732946117
ecSeg,test,or,100.0,0.05,13950,285,19678,595,0.9799789251844047,0.41483287736410135,0.582913732946117
ecSeg,test,or,100.0,0.1,13950,285,19678,595,0.9799789251844047,0.41483287736410135,0.582913732946117
ecSeg,test,or,100.0,0.2,13950,285,19678,595,0.9799789251844047,0.41483287736410135,0.582913732946117
ecSeg,test,or,100.0,0.3,13950,285,19678,595,0.9799789251844047,0.41483287736410135,0.582913732946117
ecSeg,test,or,100.0,0.4,13950,285,19678,595,0.9799789251844047,0.41483287736410135,0.582913732946117
ecSeg,test,or,100.0,0.5,13950,285,19678,595,0.9799789251844047,0.41483287736410135,0.582913732946117
