unique_id,cell_line,gt_mask_relpath,coord_file_relpath,ecDNA_gt,coord_count_npy,count_delta,count_source
colo320dm_qpcr_jq1_24h_ctrl_1,COLO320DM,gt_image/colo320dm_qpcr_jq1_24h_ctrl_1.tif,gt_coords/colo320dm_qpcr_jq1_24h_ctrl_1.npy,129,129,0,gt_mask_cc_conn8_min3
colo320dm_qpcr_jq1_24h_ctrl_10,COLO320DM,gt_image/colo320dm_qpcr_jq1_24h_ctrl_10.tif,gt_coords/colo320dm_qpcr_jq1_24h_ctrl_10.npy,107,107,0,gt_mask_cc_conn8_min3
colo320dm_qpcr_jq1_24h_ctrl_100,COLO320DM,gt_image/colo320dm_qpcr_jq1_24h_ctrl_100.tif,gt_coords/colo320dm_qpcr_jq1_24h_ctrl_100.npy,63,63,0,gt_mask_cc_conn8_min3
colo320dm_qpcr_jq1_24h_ctrl_101,COLO320DM,gt_image/colo320dm_qpcr_jq1_24h_ctrl_101.tif,gt_coords/colo320dm_qpcr_jq1_24h_ctrl_101.npy,45,45,0,gt_mask_cc_conn8_min3
colo320dm_qpcr_jq1_24h_ctrl_102,COLO320DM,gt_image/colo320dm_qpcr_jq1_24h_ctrl_102.tif,gt_coords/colo320dm_qpcr_jq1_24h_ctrl_102.npy,9,9,0,gt_mask_cc_conn8_min3
colo320dm_qpcr_jq1_24h_ctrl_103,COLO320DM,gt_image/colo320dm_qpcr_jq1_24h_ctrl_103.tif,gt_coords/colo320dm_qpcr_jq1_24h_ctrl_103.npy,39,39,0,gt_mask_cc_conn8_min3
colo320dm_qpcr_jq1_24h_ctrl_104,COLO320DM,gt_image/colo320dm_qpcr_jq1_24h_ctrl_104.tif,gt_coords/colo320dm_qpcr_jq1_24h_ctrl_104.npy,73,73,0,gt_mask_cc_conn8_min3
colo320dm_qpcr_jq1_24h_ctrl_105,COLO320DM,gt_image/colo320dm_qpcr_jq1_24h_ctrl_105.tif,gt_coords/colo320dm_qpcr_jq1_24h_ctrl_105.npy,59,59,0,gt_mask_cc_conn8_min3
colo320dm_qpcr_jq1_24h_ctrl_106,COLO320DM,gt_image/colo320dm_qpcr_jq1_24h_ctrl_106.tif,gt_coords/colo320dm_qpcr_jq1_24h_ctrl_106.npy,12,12,0,gt_mask_cc_conn8_min3
colo320dm_qpcr_jq1_24h_ctrl_107,COLO320DM,gt_image/colo320dm_qpcr_jq1_24h_ctrl_107.tif,gt_coords/colo320dm_qpcr_jq1_24h_ctrl_107.npy,8,8,0,gt_mask_cc_conn8_min3
colo320dm_qpcr_jq1_24h_ctrl_108,COLO320DM,gt_image/colo320dm_qpcr_jq1_24h_ctrl_108.tif,gt_coords/colo320dm_qpcr_jq1_24h_ctrl_108.npy,6,6,0,gt_mask_cc_conn8_min3
colo320dm_qpcr_jq1_24h_ctrl_109,COLO320DM,gt_image/colo320dm_qpcr_jq1_24h_ctrl_109.tif,gt_coords/colo320dm_qpcr_jq1_24h_ctrl_109.npy,71,71,0,gt_mask_cc_conn8_min3
colo320dm_qpcr_jq1_24h_ctrl_11,COLO320DM,gt_image/colo320dm_qpcr_jq1_24h_ctrl_11.tif,gt_coords/colo320dm_qpcr_jq1_24h_ctrl_11.npy,4,4,0,gt_mask_cc_conn8_min3
colo320dm_qpcr_jq1_24h_ctrl_110,COLO320DM,gt_image/colo320dm_qpcr_jq1_24h_ctrl_110.tif,gt_coords/colo320dm_qpcr_jq1_24h_ctrl_110.npy,27,27,0,gt_mask_cc_conn8_min3
colo320dm_qpcr_jq1_24h_ctrl_111,COLO320DM,gt_image/colo320dm_qpcr_jq1_24h_ctrl_111.tif,gt_coords/colo320dm_qpcr_jq1_24h_ctrl_111.npy,80,80,0,gt_mask_cc_conn8_min3
colo320dm_qpcr_jq1_24h_ctrl_112,COLO320DM,gt_image/colo320dm_qpcr_jq1_24h_ctrl_112.tif,gt_coords/colo320dm_qpcr_jq1_24h_ctrl_112.npy,83,83,0,gt_mask_cc_conn8_min3
colo320dm_qpcr_jq1_24h_ctrl_113,COLO320DM,gt_image/colo320dm_qpcr_jq1_24h_ctrl_113.tif,gt_coords/colo320dm_qpcr_jq1_24h_ctrl_113.npy,20,20,0,gt_mask_cc_conn8_min3
colo320dm_qpcr_jq1_24h_ctrl_114,COLO320DM,gt_image/colo320dm_qpcr_jq1_24h_ctrl_114.tif,gt_coords/colo320dm_qpcr_jq1_24h_ctrl_114.npy,107,107,0,gt_mask_cc_conn8_min3
colo320dm_qpcr_jq1_24h_ctrl_115,COLO320DM,gt_image/colo320dm_qpcr_jq1_24h_ctrl_115.tif,gt_coords/colo320dm_qpcr_jq1_24h_ctrl_115.npy,15,15,0,gt_mask_cc_conn8_min3
colo320dm_qpcr_jq1_24h_ctrl_12,COLO320DM,gt_image/colo320dm_qpcr_jq1_24h_ctrl_12.tif,gt_coords/colo320dm_qpcr_jq1_24h_ctrl_12.npy,16,16,0,gt_mask_cc_conn8_min3
colo320dm_qpcr_jq1_24h_ctrl_13,COLO320DM,gt_image/colo320dm_qpcr_jq1_24h_ctrl_13.tif,gt_coords/colo320dm_qpcr_jq1_24h_ctrl_13.npy,49,49,0,gt_mask_cc_conn8_min3
colo320dm_qpcr_jq1_24h_ctrl_14,COLO320DM,gt_image/colo320dm_qpcr_jq1_24h_ctrl_14.tif,gt_coords/colo320dm_qpcr_jq1_24h_ctrl_14.npy,24,24,0,gt_mask_cc_conn8_min3
colo320dm_qpcr_jq1_24h_ctrl_15,COLO320DM,gt_image/colo320dm_qpcr_jq1_24h_ctrl_15.tif,gt_coords/colo320dm_qpcr_jq1_24h_ctrl_15.npy,13,13,0,gt_mask_cc_conn8_min3
colo320dm_qpcr_jq1_24h_ctrl_16,COLO320DM,gt_image/colo320dm_qpcr_jq1_24h_ctrl_16.tif,gt_coords/colo320dm_qpcr_jq1_24h_ctrl_16.npy,65,65,0,gt_mask_cc_conn8_min3
colo320dm_qpcr_jq1_24h_ctrl_17,COLO320DM,gt_image/colo320dm_qpcr_jq1_24h_ctrl_17.tif,gt_coords/colo320dm_qpcr_jq1_24h_ctrl_17.npy,13,13,0,gt_mask_cc_conn8_min3
colo320dm_qpcr_jq1_24h_ctrl_18,COLO320DM,gt_image/colo320dm_qpcr_jq1_24h_ctrl_18.tif,gt_coords/colo320dm_qpcr_jq1_24h_ctrl_18.npy,51,51,0,gt_mask_cc_conn8_min3
colo320dm_qpcr_jq1_24h_ctrl_19,COLO320DM,gt_image/colo320dm_qpcr_jq1_24h_ctrl_19.tif,gt_coords/colo320dm_qpcr_jq1_24h_ctrl_19.npy,31,31,0,gt_mask_cc_conn8_min3
colo320dm_qpcr_jq1_24h_ctrl_2,COLO320DM,gt_image/colo320dm_qpcr_jq1_24h_ctrl_2.tif,gt_coords/colo320dm_qpcr_jq1_24h_ctrl_2.npy,24,24,0,gt_mask_cc_conn8_min3
colo320dm_qpcr_jq1_24h_ctrl_21,COLO320DM,gt_image/colo320dm_qpcr_jq1_24h_ctrl_21.tif,gt_coords/colo320dm_qpcr_jq1_24h_ctrl_21.npy,40,40,0,gt_mask_cc_conn8_min3
colo320dm_qpcr_jq1_24h_ctrl_22,COLO320DM,gt_image/colo320dm_qpcr_jq1_24h_ctrl_22.tif,gt_coords/colo320dm_qpcr_jq1_24h_ctrl_22.npy,65,65,0,gt_mask_cc_conn8_min3
colo320dm_qpcr_jq1_24h_ctrl_23,COLO320DM,gt_image/colo320dm_qpcr_jq1_24h_ctrl_23.tif,gt_coords/colo320dm_qpcr_jq1_24h_ctrl_23.npy,57,57,0,gt_mask_cc_conn8_min3
colo320dm_qpcr_jq1_24h_ctrl_24,COLO320DM,gt_image/colo320dm_qpcr_jq1_24h_ctrl_24.tif,gt_coords/colo320dm_qpcr_jq1_24h_ctrl_24.npy,137,137,0,gt_mask_cc_conn8_min3
colo320dm_qpcr_jq1_24h_ctrl_25,COLO320DM,gt_image/colo320dm_qpcr_jq1_24h_ctrl_25.tif,gt_coords/colo320dm_qpcr_jq1_24h_ctrl_25.npy,53,53,0,gt_mask_cc_conn8_min3
colo320dm_qpcr_jq1_24h_ctrl_26,COLO320DM,gt_image/colo320dm_qpcr_jq1_24h_ctrl_26.tif,gt_coords/colo320dm_qpcr_jq1_24h_ctrl_26.npy,22,22,0,gt_mask_cc_conn8_min3
colo320dm_qpcr_jq1_24h_ctrl_27,COLO320DM,gt_image/colo320dm_qpcr_jq1_24h_ctrl_27.tif,gt_coords/colo320dm_qpcr_jq1_24h_ctrl_27.npy,18,18,0,gt_mask_cc_conn8_min3
colo320dm_qpcr_jq1_24h_ctrl_28,COLO320DM,gt_image/colo320dm_qpcr_jq1_24h_ctrl_28.tif,gt_coords/colo320dm_qpcr_jq1_24h_ctrl_28.npy,35,35,0,gt_mask_cc_conn8_min3
colo320dm_qpcr_jq1_24h_ctrl_29,COLO320DM,gt_image/colo320dm_qpcr_jq1_24h_ctrl_29.tif,gt_coords/colo320dm_qpcr_jq1_24h_ctrl_29.npy,23,23,0,gt_mask_cc_conn8_min3
colo320dm_qpcr_jq1_24h_ctrl_3,COLO320DM,gt_image/colo320dm_qpcr_jq1_24h_ctrl_3.tif,gt_coords/colo320dm_qpcr_jq1_24h_ctrl_3.npy,144,144,0,gt_mask_cc_conn8_min3
colo320dm_qpcr_jq1_24h_ctrl_30,COLO320DM,gt_image/colo320dm_qpcr_jq1_24h_ctrl_30.tif,gt_coords/colo320dm_qpcr_jq1_24h_ctrl_30.npy,40,40,0,gt_mask_cc_conn8_min3
colo320dm_qpcr_jq1_24h_ctrl_31,COLO320DM,gt_image/colo320dm_qpcr_jq1_24h_ctrl_31.tif,gt_coords/colo320dm_qpcr_jq1_24h_ctrl_31.npy,143,146,3,gt_mask_cc_conn8_min3
colo320dm_qpcr_jq1_24h_ctrl_32,COLO320DM,gt_image/colo320dm_qpcr_jq1_24h_ctrl_32.tif,gt_coords/colo320dm_qpcr_jq1_24h_ctrl_32.npy,61,61,0,gt_mask_cc_conn8_min3
colo320dm_qpcr_jq1_24h_ctrl_33,COLO320DM,gt_image/colo320dm_qpcr_jq1_24h_ctrl_33.tif,gt_coords/colo320dm_qpcr_jq1_24h_ctrl_33.npy,24,24,0,gt_mask_cc_conn8_min3
colo320dm_qpcr_jq1_24h_ctrl_34,COLO320DM,gt_image/colo320dm_qpcr_jq1_24h_ctrl_34.tif,gt_coords/colo320dm_qpcr_jq1_24h_ctrl_34.npy,55,55,0,gt_mask_cc_conn8_min3
colo320dm_qpcr_jq1_24h_ctrl_35,COLO320DM,gt_image/colo320dm_qpcr_jq1_24h_ctrl_35.tif,gt_coords/colo320dm_qpcr_jq1_24h_ctrl_35.npy,57,57,0,gt_mask_cc_conn8_min3
colo320dm_qpcr_jq1_24h_ctrl_36,COLO320DM,gt_image/colo320dm_qpcr_jq1_24h_ctrl_36.tif,gt_coords/colo320dm_qpcr_jq1_24h_ctrl_36.npy,59,59,0,gt_mask_cc_conn8_min3
colo320dm_qpcr_jq1_24h_ctrl_37,COLO320DM,gt_image/colo320dm_qpcr_jq1_24h_ctrl_37.tif,gt_coords/colo320dm_qpcr_jq1_24h_ctrl_37.npy,12,12,0,gt_mask_cc_conn8_min3
colo320dm_qpcr_jq1_24h_ctrl_38,COLO320DM,gt_image/colo320dm_qpcr_jq1_24h_ctrl_38.tif,gt_coords/colo320dm_qpcr_jq1_24h_ctrl_38.npy,41,41,0,gt_mask_cc_conn8_min3
colo320dm_qpcr_jq1_24h_ctrl_39,COLO320DM,gt_image/colo320dm_qpcr_jq1_24h_ctrl_39.tif,gt_coords/colo320dm_qpcr_jq1_24h_ctrl_39.npy,41,41,0,gt_mask_cc_conn8_min3
colo320dm_qpcr_jq1_24h_ctrl_4,COLO320DM,gt_image/colo320dm_qpcr_jq1_24h_ctrl_4.tif,gt_coords/colo320dm_qpcr_jq1_24h_ctrl_4.npy,46,46,0,gt_mask_cc_conn8_min3
colo320dm_qpcr_jq1_24h_ctrl_40,COLO320DM,gt_image/colo320dm_qpcr_jq1_24h_ctrl_40.tif,gt_coords/colo320dm_qpcr_jq1_24h_ctrl_40.npy,75,75,0,gt_mask_cc_conn8_min3
colo320dm_qpcr_jq1_24h_ctrl_41,COLO320DM,gt_image/colo320dm_qpcr_jq1_24h_ctrl_41.tif,gt_coords/colo320dm_qpcr_jq1_24h_ctrl_41.npy,101,101,0,gt_mask_cc_conn8_min3
colo320dm_qpcr_jq1_24h_ctrl_42,COLO320DM,gt_image/colo320dm_qpcr_jq1_24h_ctrl_42.tif,gt_coords/colo320dm_qpcr_jq1_24h_ctrl_42.npy,83,83,0,gt_mask_cc_conn8_min3
colo320dm_qpcr_jq1_24h_ctrl_43,COLO320DM,gt_image/colo320dm_qpcr_jq1_24h_ctrl_43.tif,gt_coords/colo320dm_qpcr_jq1_24h_ctrl_43.npy,44,44,0,gt_mask_cc_conn8_min3
colo320dm_qpcr_jq1_24h_ctrl_44,COLO320DM,gt_image/colo320dm_qpcr_jq1_24h_ctrl_44.tif,gt_coords/colo320dm_qpcr_jq1_24h_ctrl_44.npy,71,71,0,gt_mask_cc_conn8_min3
colo320dm_qpcr_jq1_24h_ctrl_45,COLO320DM,gt_image/colo320dm_qpcr_jq1_24h_ctrl_45.tif,gt_coords/colo320dm_qpcr_jq1_24h_ctrl_45.npy,130,130,0,gt_mask_cc_conn8_min3
colo320dm_qpcr_jq1_24h_ctrl_46,COLO320DM,gt_image/colo320dm_qpcr_jq1_24h_ctrl_46.tif,gt_coords/colo320dm_qpcr_jq1_24h_ctrl_46.npy,64,64,0,gt_mask_cc_conn8_min3
colo320dm_qpcr_jq1_24h_ctrl_47,COLO320DM,gt_image/colo320dm_qpcr_jq1_24h_ctrl_47.tif,gt_coords/colo320dm_qpcr_jq1_24h_ctrl_47.npy,22,22,0,gt_mask_cc_conn8_min3
colo320dm_qpcr_jq1_24h_ctrl_48,COLO320DM,gt_image/colo320dm_qpcr_jq1_24h_ctrl_48.tif,gt_coords/colo320dm_qpcr_jq1_24h_ctrl_48.npy,32,32,0,gt_mask_cc_conn8_min3
colo320dm_qpcr_jq1_24h_ctrl_49,COLO320DM,gt_image/colo320dm_qpcr_jq1_24h_ctrl_49.tif,gt_coords/colo320dm_qpcr_jq1_24h_ctrl_49.npy,74,74,0,gt_mask_cc_conn8_min3
colo320dm_qpcr_jq1_24h_ctrl_5,COLO320DM,gt_image/colo320dm_qpcr_jq1_24h_ctrl_5.tif,gt_coords/colo320dm_qpcr_jq1_24h_ctrl_5.npy,20,20,0,gt_mask_cc_conn8_min3
colo320dm_qpcr_jq1_24h_ctrl_50,COLO320DM,gt_image/colo320dm_qpcr_jq1_24h_ctrl_50.tif,gt_coords/colo320dm_qpcr_jq1_24h_ctrl_50.npy,7,7,0,gt_mask_cc_conn8_min3
colo320dm_qpcr_jq1_24h_ctrl_51,COLO320DM,gt_image/colo320dm_qpcr_jq1_24h_ctrl_51.tif,gt_coords/colo320dm_qpcr_jq1_24h_ctrl_51.npy,93,93,0,gt_mask_cc_conn8_min3
colo320dm_qpcr_jq1_24h_ctrl_52,COLO320DM,gt_image/colo320dm_qpcr_jq1_24h_ctrl_52.tif,gt_coords/colo320dm_qpcr_jq1_24h_ctrl_52.npy,26,26,0,gt_mask_cc_conn8_min3
colo320dm_qpcr_jq1_24h_ctrl_53_a,COLO320DM,gt_image/colo320dm_qpcr_jq1_24h_ctrl_53_a.tif,gt_coords/colo320dm_qpcr_jq1_24h_ctrl_53_a.npy,31,31,0,gt_mask_cc_conn8_min3
colo320dm_qpcr_jq1_24h_ctrl_53_b,COLO320DM,gt_image/colo320dm_qpcr_jq1_24h_ctrl_53_b.tif,gt_coords/colo320dm_qpcr_jq1_24h_ctrl_53_b.npy,10,10,0,gt_mask_cc_conn8_min3
colo320dm_qpcr_jq1_24h_ctrl_54_a,COLO320DM,gt_image/colo320dm_qpcr_jq1_24h_ctrl_54_a.tif,gt_coords/colo320dm_qpcr_jq1_24h_ctrl_54_a.npy,78,78,0,gt_mask_cc_conn8_min3
colo320dm_qpcr_jq1_24h_ctrl_54_b,COLO320DM,gt_image/colo320dm_qpcr_jq1_24h_ctrl_54_b.tif,gt_coords/colo320dm_qpcr_jq1_24h_ctrl_54_b.npy,29,29,0,gt_mask_cc_conn8_min3
colo320dm_qpcr_jq1_24h_ctrl_55,COLO320DM,gt_image/colo320dm_qpcr_jq1_24h_ctrl_55.tif,gt_coords/colo320dm_qpcr_jq1_24h_ctrl_55.npy,34,34,0,gt_mask_cc_conn8_min3
colo320dm_qpcr_jq1_24h_ctrl_56,COLO320DM,gt_image/colo320dm_qpcr_jq1_24h_ctrl_56.tif,gt_coords/colo320dm_qpcr_jq1_24h_ctrl_56.npy,3,3,0,gt_mask_cc_conn8_min3
colo320dm_qpcr_jq1_24h_ctrl_57_a,COLO320DM,gt_image/colo320dm_qpcr_jq1_24h_ctrl_57_a.tif,gt_coords/colo320dm_qpcr_jq1_24h_ctrl_57_a.npy,30,30,0,gt_mask_cc_conn8_min3
colo320dm_qpcr_jq1_24h_ctrl_57_b,COLO320DM,gt_image/colo320dm_qpcr_jq1_24h_ctrl_57_b.tif,gt_coords/colo320dm_qpcr_jq1_24h_ctrl_57_b.npy,3,3,0,gt_mask_cc_conn8_min3
colo320dm_qpcr_jq1_24h_ctrl_58,COLO320DM,gt_image/colo320dm_qpcr_jq1_24h_ctrl_58.tif,gt_coords/colo320dm_qpcr_jq1_24h_ctrl_58.npy,15,15,0,gt_mask_cc_conn8_min3
colo320dm_qpcr_jq1_24h_ctrl_59,COLO320DM,gt_image/colo320dm_qpcr_jq1_24h_ctrl_59.tif,gt_coords/colo320dm_qpcr_jq1_24h_ctrl_59.npy,35,35,0,gt_mask_cc_conn8_min3
colo320dm_qpcr_jq1_24h_ctrl_6,COLO320DM,gt_image/colo320dm_qpcr_jq1_24h_ctrl_6.tif,gt_coords/colo320dm_qpcr_jq1_24h_ctrl_6.npy,106,106,0,gt_mask_cc_conn8_min3
colo320dm_qpcr_jq1_24h_ctrl_60,COLO320DM,gt_image/colo320dm_qpcr_jq1_24h_ctrl_60.tif,gt_coords/colo320dm_qpcr_jq1_24h_ctrl_60.npy,79,79,0,gt_mask_cc_conn8_min3
colo320dm_qpcr_jq1_24h_ctrl_62,COLO320DM,gt_image/colo320dm_qpcr_jq1_24h_ctrl_62.tif,gt_coords/colo320dm_qpcr_jq1_24h_ctrl_62.npy,213,213,0,gt_mask_cc_conn8_min3
colo320dm_qpcr_jq1_24h_ctrl_63,COLO320DM,gt_image/colo320dm_qpcr_jq1_24h_ctrl_63.tif,gt_coords/colo320dm_qpcr_jq1_24h_ctrl_63.npy,94,94,0,gt_mask_cc_conn8_min3
colo320dm_qpcr_jq1_24h_ctrl_64,COLO320DM,gt_image/colo320dm_qpcr_jq1_24h_ctrl_64.tif,gt_coords/colo320dm_qpcr_jq1_24h_ctrl_64.npy,48,48,0,gt_mask_cc_conn8_min3
colo320dm_qpcr_jq1_24h_ctrl_65,COLO320DM,gt_image/colo320dm_qpcr_jq1_24h_ctrl_65.tif,gt_coords/colo320dm_qpcr_jq1_24h_ctrl_65.npy,30,30,0,gt_mask_cc_conn8_min3
colo320dm_qpcr_jq1_24h_ctrl_66_a,COLO320DM,gt_image/colo320dm_qpcr_jq1_24h_ctrl_66_a.tif,gt_coords/colo320dm_qpcr_jq1_24h_ctrl_66_a.npy,61,61,0,gt_mask_cc_conn8_min3
colo320dm_qpcr_jq1_24h_ctrl_66_b,COLO320DM,gt_image/colo320dm_qpcr_jq1_24h_ctrl_66_b.tif,gt_coords/colo320dm_qpcr_jq1_24h_ctrl_66_b.npy,6,6,0,gt_mask_cc_conn8_min3
colo320dm_qpcr_jq1_24h_ctrl_67,COLO320DM,gt_image/colo320dm_qpcr_jq1_24h_ctrl_67.tif,gt_coords/colo320dm_qpcr_jq1_24h_ctrl_67.npy,91,91,0,gt_mask_cc_conn8_min3
colo320dm_qpcr_jq1_24h_ctrl_68,COLO320DM,gt_image/colo320dm_qpcr_jq1_24h_ctrl_68.tif,gt_coords/colo320dm_qpcr_jq1_24h_ctrl_68.npy,9,9,0,gt_mask_cc_conn8_min3
colo320dm_qpcr_jq1_24h_ctrl_69,COLO320DM,gt_image/colo320dm_qpcr_jq1_24h_ctrl_69.tif,gt_coords/colo320dm_qpcr_jq1_24h_ctrl_69.npy,54,54,0,gt_mask_cc_conn8_min3
colo320dm_qpcr_jq1_24h_ctrl_7,COLO320DM,gt_image/colo320dm_qpcr_jq1_24h_ctrl_7.tif,gt_coords/colo320dm_qpcr_jq1_24h_ctrl_7.npy,27,27,0,gt_mask_cc_conn8_min3
colo320dm_qpcr_jq1_24h_ctrl_70,COLO320DM,gt_image/colo320dm_qpcr_jq1_24h_ctrl_70.tif,gt_coords/colo320dm_qpcr_jq1_24h_ctrl_70.npy,3,3,0,gt_mask_cc_conn8_min3
colo320dm_qpcr_jq1_24h_ctrl_71,COLO320DM,gt_image/colo320dm_qpcr_jq1_24h_ctrl_71.tif,gt_coords/colo320dm_qpcr_jq1_24h_ctrl_71.npy,5,5,0,gt_mask_cc_conn8_min3
colo320dm_qpcr_jq1_24h_ctrl_72,COLO320DM,gt_image/colo320dm_qpcr_jq1_24h_ctrl_72.tif,gt_coords/colo320dm_qpcr_jq1_24h_ctrl_72.npy,37,37,0,gt_mask_cc_conn8_min3
colo320dm_qpcr_jq1_24h_ctrl_73,COLO320DM,gt_image/colo320dm_qpcr_jq1_24h_ctrl_73.tif,gt_coords/colo320dm_qpcr_jq1_24h_ctrl_73.npy,19,19,0,gt_mask_cc_conn8_min3
colo320dm_qpcr_jq1_24h_ctrl_74,COLO320DM,gt_image/colo320dm_qpcr_jq1_24h_ctrl_74.tif,gt_coords/colo320dm_qpcr_jq1_24h_ctrl_74.npy,83,83,0,gt_mask_cc_conn8_min3
colo320dm_qpcr_jq1_24h_ctrl_75,COLO320DM,gt_image/colo320dm_qpcr_jq1_24h_ctrl_75.tif,gt_coords/colo320dm_qpcr_jq1_24h_ctrl_75.npy,47,47,0,gt_mask_cc_conn8_min3
colo320dm_qpcr_jq1_24h_ctrl_76,COLO320DM,gt_image/colo320dm_qpcr_jq1_24h_ctrl_76.tif,gt_coords/colo320dm_qpcr_jq1_24h_ctrl_76.npy,20,20,0,gt_mask_cc_conn8_min3
colo320dm_qpcr_jq1_24h_ctrl_77,COLO320DM,gt_image/colo320dm_qpcr_jq1_24h_ctrl_77.tif,gt_coords/colo320dm_qpcr_jq1_24h_ctrl_77.npy,57,57,0,gt_mask_cc_conn8_min3
colo320dm_qpcr_jq1_24h_ctrl_78_a,COLO320DM,gt_image/colo320dm_qpcr_jq1_24h_ctrl_78_a.tif,gt_coords/colo320dm_qpcr_jq1_24h_ctrl_78_a.npy,26,26,0,gt_mask_cc_conn8_min3
colo320dm_qpcr_jq1_24h_ctrl_78_b,COLO320DM,gt_image/colo320dm_qpcr_jq1_24h_ctrl_78_b.tif,gt_coords/colo320dm_qpcr_jq1_24h_ctrl_78_b.npy,52,53,1,gt_mask_cc_conn8_min3
colo320dm_qpcr_jq1_24h_ctrl_79,COLO320DM,gt_image/colo320dm_qpcr_jq1_24h_ctrl_79.tif,gt_coords/colo320dm_qpcr_jq1_24h_ctrl_79.npy,10,10,0,gt_mask_cc_conn8_min3
colo320dm_qpcr_jq1_24h_ctrl_8,COLO320DM,gt_image/colo320dm_qpcr_jq1_24h_ctrl_8.tif,gt_coords/colo320dm_qpcr_jq1_24h_ctrl_8.npy,36,36,0,gt_mask_cc_conn8_min3
colo320dm_qpcr_jq1_24h_ctrl_80,COLO320DM,gt_image/colo320dm_qpcr_jq1_24h_ctrl_80.tif,gt_coords/colo320dm_qpcr_jq1_24h_ctrl_80.npy,5,6,1,gt_mask_cc_conn8_min3
colo320dm_qpcr_jq1_24h_ctrl_81,COLO320DM,gt_image/colo320dm_qpcr_jq1_24h_ctrl_81.tif,gt_coords/colo320dm_qpcr_jq1_24h_ctrl_81.npy,59,59,0,gt_mask_cc_conn8_min3
colo320dm_qpcr_jq1_24h_ctrl_82,COLO320DM,gt_image/colo320dm_qpcr_jq1_24h_ctrl_82.tif,gt_coords/colo320dm_qpcr_jq1_24h_ctrl_82.npy,30,30,0,gt_mask_cc_conn8_min3
colo320dm_qpcr_jq1_24h_ctrl_83,COLO320DM,gt_image/colo320dm_qpcr_jq1_24h_ctrl_83.tif,gt_coords/colo320dm_qpcr_jq1_24h_ctrl_83.npy,17,17,0,gt_mask_cc_conn8_min3
colo320dm_qpcr_jq1_24h_ctrl_84,COLO320DM,gt_image/colo320dm_qpcr_jq1_24h_ctrl_84.tif,gt_coords/colo320dm_qpcr_jq1_24h_ctrl_84.npy,54,54,0,gt_mask_cc_conn8_min3
colo320dm_qpcr_jq1_24h_ctrl_85,COLO320DM,gt_image/colo320dm_qpcr_jq1_24h_ctrl_85.tif,gt_coords/colo320dm_qpcr_jq1_24h_ctrl_85.npy,7,7,0,gt_mask_cc_conn8_min3
colo320dm_qpcr_jq1_24h_ctrl_86,COLO320DM,gt_image/colo320dm_qpcr_jq1_24h_ctrl_86.tif,gt_coords/colo320dm_qpcr_jq1_24h_ctrl_86.npy,6,6,0,gt_mask_cc_conn8_min3
colo320dm_qpcr_jq1_24h_ctrl_87_a,COLO320DM,gt_image/colo320dm_qpcr_jq1_24h_ctrl_87_a.tif,gt_coords/colo320dm_qpcr_jq1_24h_ctrl_87_a.npy,31,31,0,gt_mask_cc_conn8_min3
colo320dm_qpcr_jq1_24h_ctrl_87_b,COLO320DM,gt_image/colo320dm_qpcr_jq1_24h_ctrl_87_b.tif,gt_coords/colo320dm_qpcr_jq1_24h_ctrl_87_b.npy,45,45,0,gt_mask_cc_conn8_min3
colo320dm_qpcr_jq1_24h_ctrl_88,COLO320DM,gt_image/colo320dm_qpcr_jq1_24h_ctrl_88.tif,gt_coords/colo320dm_qpcr_jq1_24h_ctrl_88.npy,53,53,0,gt_mask_cc_conn8_min3
colo320dm_qpcr_jq1_24h_ctrl_89,COLO320DM,gt_image/colo320dm_qpcr_jq1_24h_ctrl_89.tif,gt_coords/colo320dm_qpcr_jq1_24h_ctrl_89.npy,15,15,0,gt_mask_cc_conn8_min3
colo320dm_qpcr_jq1_24h_ctrl_9,COLO320DM,gt_image/colo320dm_qpcr_jq1_24h_ctrl_9.tif,gt_coords/colo320dm_qpcr_jq1_24h_ctrl_9.npy,23,23,0,gt_mask_cc_conn8_min3
colo320dm_qpcr_jq1_24h_ctrl_90,COLO320DM,gt_image/colo320dm_qpcr_jq1_24h_ctrl_90.tif,gt_coords/colo320dm_qpcr_jq1_24h_ctrl_90.npy,89,89,0,gt_mask_cc_conn8_min3
colo320dm_qpcr_jq1_24h_ctrl_91,COLO320DM,gt_image/colo320dm_qpcr_jq1_24h_ctrl_91.tif,gt_coords/colo320dm_qpcr_jq1_24h_ctrl_91.npy,5,5,0,gt_mask_cc_conn8_min3
colo320dm_qpcr_jq1_24h_ctrl_92,COLO320DM,gt_image/colo320dm_qpcr_jq1_24h_ctrl_92.tif,gt_coords/colo320dm_qpcr_jq1_24h_ctrl_92.npy,55,55,0,gt_mask_cc_conn8_min3
colo320dm_qpcr_jq1_24h_ctrl_93,COLO320DM,gt_image/colo320dm_qpcr_jq1_24h_ctrl_93.tif,gt_coords/colo320dm_qpcr_jq1_24h_ctrl_93.npy,24,24,0,gt_mask_cc_conn8_min3
colo320dm_qpcr_jq1_24h_ctrl_94_a,COLO320DM,gt_image/colo320dm_qpcr_jq1_24h_ctrl_94_a.tif,gt_coords/colo320dm_qpcr_jq1_24h_ctrl_94_a.npy,46,46,0,gt_mask_cc_conn8_min3
colo320dm_qpcr_jq1_24h_ctrl_94_b,COLO320DM,gt_image/colo320dm_qpcr_jq1_24h_ctrl_94_b.tif,gt_coords/colo320dm_qpcr_jq1_24h_ctrl_94_b.npy,23,35,12,gt_mask_cc_conn8_min3
colo320dm_qpcr_jq1_24h_ctrl_95,COLO320DM,gt_image/colo320dm_qpcr_jq1_24h_ctrl_95.tif,gt_coords/colo320dm_qpcr_jq1_24h_ctrl_95.npy,32,32,0,gt_mask_cc_conn8_min3
colo320dm_qpcr_jq1_24h_ctrl_96,COLO320DM,gt_image/colo320dm_qpcr_jq1_24h_ctrl_96.tif,gt_coords/colo320dm_qpcr_jq1_24h_ctrl_96.npy,49,49,0,gt_mask_cc_conn8_min3
colo320dm_qpcr_jq1_24h_ctrl_97,COLO320DM,gt_image/colo320dm_qpcr_jq1_24h_ctrl_97.tif,gt_coords/colo320dm_qpcr_jq1_24h_ctrl_97.npy,87,87,0,gt_mask_cc_conn8_min3
colo320dm_qpcr_jq1_24h_ctrl_98,COLO320DM,gt_image/colo320dm_qpcr_jq1_24h_ctrl_98.tif,gt_coords/colo320dm_qpcr_jq1_24h_ctrl_98.npy,19,19,0,gt_mask_cc_conn8_min3
colo320dm_qpcr_jq1_24h_ctrl_99,COLO320DM,gt_image/colo320dm_qpcr_jq1_24h_ctrl_99.tif,gt_coords/colo320dm_qpcr_jq1_24h_ctrl_99.npy,74,74,0,gt_mask_cc_conn8_min3
colo320dm_qpcr_jq1_24h_dmso_1,COLO320DM,gt_image/colo320dm_qpcr_jq1_24h_dmso_1.tif,gt_coords/colo320dm_qpcr_jq1_24h_dmso_1.npy,7,7,0,gt_mask_cc_conn8_min3
colo320dm_qpcr_jq1_24h_dmso_10,COLO320DM,gt_image/colo320dm_qpcr_jq1_24h_dmso_10.tif,gt_coords/colo320dm_qpcr_jq1_24h_dmso_10.npy,3,3,0,gt_mask_cc_conn8_min3
colo320dm_qpcr_jq1_24h_dmso_101_a,COLO320DM,gt_image/colo320dm_qpcr_jq1_24h_dmso_101_a.tif,gt_coords/colo320dm_qpcr_jq1_24h_dmso_101_a.npy,0,1,1,gt_mask_cc_conn8_min3
colo320dm_qpcr_jq1_24h_dmso_101_b,COLO320DM,gt_image/colo320dm_qpcr_jq1_24h_dmso_101_b.tif,gt_coords/colo320dm_qpcr_jq1_24h_dmso_101_b.npy,2,2,0,gt_mask_cc_conn8_min3
colo320dm_qpcr_jq1_24h_dmso_102,COLO320DM,gt_image/colo320dm_qpcr_jq1_24h_dmso_102.tif,gt_coords/colo320dm_qpcr_jq1_24h_dmso_102.npy,4,4,0,gt_mask_cc_conn8_min3
colo320dm_qpcr_jq1_24h_dmso_103,COLO320DM,gt_image/colo320dm_qpcr_jq1_24h_dmso_103.tif,gt_coords/colo320dm_qpcr_jq1_24h_dmso_103.npy,2,2,0,gt_mask_cc_conn8_min3
colo320dm_qpcr_jq1_24h_dmso_104,COLO320DM,gt_image/colo320dm_qpcr_jq1_24h_dmso_104.tif,gt_coords/colo320dm_qpcr_jq1_24h_dmso_104.npy,4,4,0,gt_mask_cc_conn8_min3
colo320dm_qpcr_jq1_24h_dmso_105,COLO320DM,gt_image/colo320dm_qpcr_jq1_24h_dmso_105.tif,gt_coords/colo320dm_qpcr_jq1_24h_dmso_105.npy,5,5,0,gt_mask_cc_conn8_min3
colo320dm_qpcr_jq1_24h_dmso_106,COLO320DM,gt_image/colo320dm_qpcr_jq1_24h_dmso_106.tif,gt_coords/colo320dm_qpcr_jq1_24h_dmso_106.npy,16,16,0,gt_mask_cc_conn8_min3
colo320dm_qpcr_jq1_24h_dmso_107,COLO320DM,gt_image/colo320dm_qpcr_jq1_24h_dmso_107.tif,gt_coords/colo320dm_qpcr_jq1_24h_dmso_107.npy,4,4,0,gt_mask_cc_conn8_min3
colo320dm_qpcr_jq1_24h_dmso_108,COLO320DM,gt_image/colo320dm_qpcr_jq1_24h_dmso_108.tif,gt_coords/colo320dm_qpcr_jq1_24h_dmso_108.npy,5,5,0,gt_mask_cc_conn8_min3
colo320dm_qpcr_jq1_24h_dmso_109,COLO320DM,gt_image/colo320dm_qpcr_jq1_24h_dmso_109.tif,gt_coords/colo320dm_qpcr_jq1_24h_dmso_109.npy,3,3,0,gt_mask_cc_conn8_min3
colo320dm_qpcr_jq1_24h_dmso_11,COLO320DM,gt_image/colo320dm_qpcr_jq1_24h_dmso_11.tif,gt_coords/colo320dm_qpcr_jq1_24h_dmso_11.npy,6,6,0,gt_mask_cc_conn8_min3
colo320dm_qpcr_jq1_24h_dmso_110_a,COLO320DM,gt_image/colo320dm_qpcr_jq1_24h_dmso_110_a.tif,gt_coords/colo320dm_qpcr_jq1_24h_dmso_110_a.npy,7,7,0,gt_mask_cc_conn8_min3
colo320dm_qpcr_jq1_24h_dmso_110_b,COLO320DM,gt_image/colo320dm_qpcr_jq1_24h_dmso_110_b.tif,gt_coords/colo320dm_qpcr_jq1_24h_dmso_110_b.npy,0,1,1,gt_mask_cc_conn8_min3
colo320dm_qpcr_jq1_24h_dmso_111,COLO320DM,gt_image/colo320dm_qpcr_jq1_24h_dmso_111.tif,gt_coords/colo320dm_qpcr_jq1_24h_dmso_111.npy,4,4,0,gt_mask_cc_conn8_min3
colo320dm_qpcr_jq1_24h_dmso_112,COLO320DM,gt_image/colo320dm_qpcr_jq1_24h_dmso_112.tif,gt_coords/colo320dm_qpcr_jq1_24h_dmso_112.npy,10,10,0,gt_mask_cc_conn8_min3
colo320dm_qpcr_jq1_24h_dmso_113,COLO320DM,gt_image/colo320dm_qpcr_jq1_24h_dmso_113.tif,gt_coords/colo320dm_qpcr_jq1_24h_dmso_113.npy,3,3,0,gt_mask_cc_conn8_min3
colo320dm_qpcr_jq1_24h_dmso_114,COLO320DM,gt_image/colo320dm_qpcr_jq1_24h_dmso_114.tif,gt_coords/colo320dm_qpcr_jq1_24h_dmso_114.npy,3,3,0,gt_mask_cc_conn8_min3
colo320dm_qpcr_jq1_24h_dmso_115,COLO320DM,gt_image/colo320dm_qpcr_jq1_24h_dmso_115.tif,gt_coords/colo320dm_qpcr_jq1_24h_dmso_115.npy,4,4,0,gt_mask_cc_conn8_min3
colo320dm_qpcr_jq1_24h_dmso_13,COLO320DM,gt_image/colo320dm_qpcr_jq1_24h_dmso_13.tif,gt_coords/colo320dm_qpcr_jq1_24h_dmso_13.npy,2,2,0,gt_mask_cc_conn8_min3
colo320dm_qpcr_jq1_24h_dmso_15,COLO320DM,gt_image/colo320dm_qpcr_jq1_24h_dmso_15.tif,gt_coords/colo320dm_qpcr_jq1_24h_dmso_15.npy,3,3,0,gt_mask_cc_conn8_min3
colo320dm_qpcr_jq1_24h_dmso_16,COLO320DM,gt_image/colo320dm_qpcr_jq1_24h_dmso_16.tif,gt_coords/colo320dm_qpcr_jq1_24h_dmso_16.npy,2,2,0,gt_mask_cc_conn8_min3
colo320dm_qpcr_jq1_24h_dmso_17,COLO320DM,gt_image/colo320dm_qpcr_jq1_24h_dmso_17.tif,gt_coords/colo320dm_qpcr_jq1_24h_dmso_17.npy,2,2,0,gt_mask_cc_conn8_min3
colo320dm_qpcr_jq1_24h_dmso_18,COLO320DM,gt_image/colo320dm_qpcr_jq1_24h_dmso_18.tif,gt_coords/colo320dm_qpcr_jq1_24h_dmso_18.npy,2,2,0,gt_mask_cc_conn8_min3
colo320dm_qpcr_jq1_24h_dmso_19,COLO320DM,gt_image/colo320dm_qpcr_jq1_24h_dmso_19.tif,gt_coords/colo320dm_qpcr_jq1_24h_dmso_19.npy,0,1,1,gt_mask_cc_conn8_min3
colo320dm_qpcr_jq1_24h_dmso_20,COLO320DM,gt_image/colo320dm_qpcr_jq1_24h_dmso_20.tif,gt_coords/colo320dm_qpcr_jq1_24h_dmso_20.npy,2,2,0,gt_mask_cc_conn8_min3
colo320dm_qpcr_jq1_24h_dmso_21,COLO320DM,gt_image/colo320dm_qpcr_jq1_24h_dmso_21.tif,gt_coords/colo320dm_qpcr_jq1_24h_dmso_21.npy,3,3,0,gt_mask_cc_conn8_min3
colo320dm_qpcr_jq1_24h_dmso_22,COLO320DM,gt_image/colo320dm_qpcr_jq1_24h_dmso_22.tif,gt_coords/colo320dm_qpcr_jq1_24h_dmso_22.npy,12,12,0,gt_mask_cc_conn8_min3
colo320dm_qpcr_jq1_24h_dmso_23,COLO320DM,gt_image/colo320dm_qpcr_jq1_24h_dmso_23.tif,gt_coords/colo320dm_qpcr_jq1_24h_dmso_23.npy,5,5,0,gt_mask_cc_conn8_min3
colo320dm_qpcr_jq1_24h_dmso_24,COLO320DM,gt_image/colo320dm_qpcr_jq1_24h_dmso_24.tif,gt_coords/colo320dm_qpcr_jq1_24h_dmso_24.npy,2,2,0,gt_mask_cc_conn8_min3
colo320dm_qpcr_jq1_24h_dmso_25,COLO320DM,gt_image/colo320dm_qpcr_jq1_24h_dmso_25.tif,gt_coords/colo320dm_qpcr_jq1_24h_dmso_25.npy,4,4,0,gt_mask_cc_conn8_min3
colo320dm_qpcr_jq1_24h_dmso_27,COLO320DM,gt_image/colo320dm_qpcr_jq1_24h_dmso_27.tif,gt_coords/colo320dm_qpcr_jq1_24h_dmso_27.npy,7,7,0,gt_mask_cc_conn8_min3
colo320dm_qpcr_jq1_24h_dmso_28,COLO320DM,gt_image/colo320dm_qpcr_jq1_24h_dmso_28.tif,gt_coords/colo320dm_qpcr_jq1_24h_dmso_28.npy,4,4,0,gt_mask_cc_conn8_min3
colo320dm_qpcr_jq1_24h_dmso_29,COLO320DM,gt_image/colo320dm_qpcr_jq1_24h_dmso_29.tif,gt_coords/colo320dm_qpcr_jq1_24h_dmso_29.npy,2,2,0,gt_mask_cc_conn8_min3
colo320dm_qpcr_jq1_24h_dmso_3,COLO320DM,gt_image/colo320dm_qpcr_jq1_24h_dmso_3.tif,gt_coords/colo320dm_qpcr_jq1_24h_dmso_3.npy,2,2,0,gt_mask_cc_conn8_min3
colo320dm_qpcr_jq1_24h_dmso_30,COLO320DM,gt_image/colo320dm_qpcr_jq1_24h_dmso_30.tif,gt_coords/colo320dm_qpcr_jq1_24h_dmso_30.npy,4,4,0,gt_mask_cc_conn8_min3
colo320dm_qpcr_jq1_24h_dmso_31,COLO320DM,gt_image/colo320dm_qpcr_jq1_24h_dmso_31.tif,gt_coords/colo320dm_qpcr_jq1_24h_dmso_31.npy,12,12,0,gt_mask_cc_conn8_min3
colo320dm_qpcr_jq1_24h_dmso_32_a,COLO320DM,gt_image/colo320dm_qpcr_jq1_24h_dmso_32_a.tif,gt_coords/colo320dm_qpcr_jq1_24h_dmso_32_a.npy,6,6,0,gt_mask_cc_conn8_min3
colo320dm_qpcr_jq1_24h_dmso_33,COLO320DM,gt_image/colo320dm_qpcr_jq1_24h_dmso_33.tif,gt_coords/colo320dm_qpcr_jq1_24h_dmso_33.npy,3,3,0,gt_mask_cc_conn8_min3
colo320dm_qpcr_jq1_24h_dmso_34,COLO320DM,gt_image/colo320dm_qpcr_jq1_24h_dmso_34.tif,gt_coords/colo320dm_qpcr_jq1_24h_dmso_34.npy,3,3,0,gt_mask_cc_conn8_min3
colo320dm_qpcr_jq1_24h_dmso_35,COLO320DM,gt_image/colo320dm_qpcr_jq1_24h_dmso_35.tif,gt_coords/colo320dm_qpcr_jq1_24h_dmso_35.npy,3,3,0,gt_mask_cc_conn8_min3
colo320dm_qpcr_jq1_24h_dmso_36,COLO320DM,gt_image/colo320dm_qpcr_jq1_24h_dmso_36.tif,gt_coords/colo320dm_qpcr_jq1_24h_dmso_36.npy,2,2,0,gt_mask_cc_conn8_min3
colo320dm_qpcr_jq1_24h_dmso_37,COLO320DM,gt_image/colo320dm_qpcr_jq1_24h_dmso_37.tif,gt_coords/colo320dm_qpcr_jq1_24h_dmso_37.npy,4,4,0,gt_mask_cc_conn8_min3
colo320dm_qpcr_jq1_24h_dmso_38_a,COLO320DM,gt_image/colo320dm_qpcr_jq1_24h_dmso_38_a.tif,gt_coords/colo320dm_qpcr_jq1_24h_dmso_38_a.npy,3,3,0,gt_mask_cc_conn8_min3
colo320dm_qpcr_jq1_24h_dmso_38_ab,COLO320DM,gt_image/colo320dm_qpcr_jq1_24h_dmso_38_ab.tif,gt_coords/colo320dm_qpcr_jq1_24h_dmso_38_ab.npy,2,2,0,gt_mask_cc_conn8_min3
colo320dm_qpcr_jq1_24h_dmso_4,COLO320DM,gt_image/colo320dm_qpcr_jq1_24h_dmso_4.tif,gt_coords/colo320dm_qpcr_jq1_24h_dmso_4.npy,5,5,0,gt_mask_cc_conn8_min3
colo320dm_qpcr_jq1_24h_dmso_40,COLO320DM,gt_image/colo320dm_qpcr_jq1_24h_dmso_40.tif,gt_coords/colo320dm_qpcr_jq1_24h_dmso_40.npy,4,4,0,gt_mask_cc_conn8_min3
colo320dm_qpcr_jq1_24h_dmso_41,COLO320DM,gt_image/colo320dm_qpcr_jq1_24h_dmso_41.tif,gt_coords/colo320dm_qpcr_jq1_24h_dmso_41.npy,4,4,0,gt_mask_cc_conn8_min3
colo320dm_qpcr_jq1_24h_dmso_42,COLO320DM,gt_image/colo320dm_qpcr_jq1_24h_dmso_42.tif,gt_coords/colo320dm_qpcr_jq1_24h_dmso_42.npy,9,9,0,gt_mask_cc_conn8_min3
colo320dm_qpcr_jq1_24h_dmso_43,COLO320DM,gt_image/colo320dm_qpcr_jq1_24h_dmso_43.tif,gt_coords/colo320dm_qpcr_jq1_24h_dmso_43.npy,0,1,1,gt_mask_cc_conn8_min3
colo320dm_qpcr_jq1_24h_dmso_44,COLO320DM,gt_image/colo320dm_qpcr_jq1_24h_dmso_44.tif,gt_coords/colo320dm_qpcr_jq1_24h_dmso_44.npy,4,4,0,gt_mask_cc_conn8_min3
colo320dm_qpcr_jq1_24h_dmso_45,COLO320DM,gt_image/colo320dm_qpcr_jq1_24h_dmso_45.tif,gt_coords/colo320dm_qpcr_jq1_24h_dmso_45.npy,14,14,0,gt_mask_cc_conn8_min3
colo320dm_qpcr_jq1_24h_dmso_46,COLO320DM,gt_image/colo320dm_qpcr_jq1_24h_dmso_46.tif,gt_coords/colo320dm_qpcr_jq1_24h_dmso_46.npy,4,4,0,gt_mask_cc_conn8_min3
colo320dm_qpcr_jq1_24h_dmso_48,COLO320DM,gt_image/colo320dm_qpcr_jq1_24h_dmso_48.tif,gt_coords/colo320dm_qpcr_jq1_24h_dmso_48.npy,2,2,0,gt_mask_cc_conn8_min3
colo320dm_qpcr_jq1_24h_dmso_49,COLO320DM,gt_image/colo320dm_qpcr_jq1_24h_dmso_49.tif,gt_coords/colo320dm_qpcr_jq1_24h_dmso_49.npy,1,1,0,gt_mask_cc_conn8_min3
colo320dm_qpcr_jq1_24h_dmso_5,COLO320DM,gt_image/colo320dm_qpcr_jq1_24h_dmso_5.tif,gt_coords/colo320dm_qpcr_jq1_24h_dmso_5.npy,3,3,0,gt_mask_cc_conn8_min3
colo320dm_qpcr_jq1_24h_dmso_51,COLO320DM,gt_image/colo320dm_qpcr_jq1_24h_dmso_51.tif,gt_coords/colo320dm_qpcr_jq1_24h_dmso_51.npy,0,1,1,gt_mask_cc_conn8_min3
colo320dm_qpcr_jq1_24h_dmso_52,COLO320DM,gt_image/colo320dm_qpcr_jq1_24h_dmso_52.tif,gt_coords/colo320dm_qpcr_jq1_24h_dmso_52.npy,2,2,0,gt_mask_cc_conn8_min3
colo320dm_qpcr_jq1_24h_dmso_53,COLO320DM,gt_image/colo320dm_qpcr_jq1_24h_dmso_53.tif,gt_coords/colo320dm_qpcr_jq1_24h_dmso_53.npy,8,8,0,gt_mask_cc_conn8_min3
colo320dm_qpcr_jq1_24h_dmso_54,COLO320DM,gt_image/colo320dm_qpcr_jq1_24h_dmso_54.tif,gt_coords/colo320dm_qpcr_jq1_24h_dmso_54.npy,4,4,0,gt_mask_cc_conn8_min3
colo320dm_qpcr_jq1_24h_dmso_55,COLO320DM,gt_image/colo320dm_qpcr_jq1_24h_dmso_55.tif,gt_coords/colo320dm_qpcr_jq1_24h_dmso_55.npy,2,2,0,gt_mask_cc_conn8_min3
colo320dm_qpcr_jq1_24h_dmso_56,COLO320DM,gt_image/colo320dm_qpcr_jq1_24h_dmso_56.tif,gt_coords/colo320dm_qpcr_jq1_24h_dmso_56.npy,0,1,1,gt_mask_cc_conn8_min3
colo320dm_qpcr_jq1_24h_dmso_57,COLO320DM,gt_image/colo320dm_qpcr_jq1_24h_dmso_57.tif,gt_coords/colo320dm_qpcr_jq1_24h_dmso_57.npy,5,5,0,gt_mask_cc_conn8_min3
colo320dm_qpcr_jq1_24h_dmso_58,COLO320DM,gt_image/colo320dm_qpcr_jq1_24h_dmso_58.tif,gt_coords/colo320dm_qpcr_jq1_24h_dmso_58.npy,0,1,1,gt_mask_cc_conn8_min3
colo320dm_qpcr_jq1_24h_dmso_59,COLO320DM,gt_image/colo320dm_qpcr_jq1_24h_dmso_59.tif,gt_coords/colo320dm_qpcr_jq1_24h_dmso_59.npy,0,1,1,gt_mask_cc_conn8_min3
colo320dm_qpcr_jq1_24h_dmso_6,COLO320DM,gt_image/colo320dm_qpcr_jq1_24h_dmso_6.tif,gt_coords/colo320dm_qpcr_jq1_24h_dmso_6.npy,4,4,0,gt_mask_cc_conn8_min3
colo320dm_qpcr_jq1_24h_dmso_60,COLO320DM,gt_image/colo320dm_qpcr_jq1_24h_dmso_60.tif,gt_coords/colo320dm_qpcr_jq1_24h_dmso_60.npy,4,4,0,gt_mask_cc_conn8_min3
colo320dm_qpcr_jq1_24h_dmso_62,COLO320DM,gt_image/colo320dm_qpcr_jq1_24h_dmso_62.tif,gt_coords/colo320dm_qpcr_jq1_24h_dmso_62.npy,3,3,0,gt_mask_cc_conn8_min3
colo320dm_qpcr_jq1_24h_dmso_63,COLO320DM,gt_image/colo320dm_qpcr_jq1_24h_dmso_63.tif,gt_coords/colo320dm_qpcr_jq1_24h_dmso_63.npy,2,2,0,gt_mask_cc_conn8_min3
colo320dm_qpcr_jq1_24h_dmso_64,COLO320DM,gt_image/colo320dm_qpcr_jq1_24h_dmso_64.tif,gt_coords/colo320dm_qpcr_jq1_24h_dmso_64.npy,4,4,0,gt_mask_cc_conn8_min3
colo320dm_qpcr_jq1_24h_dmso_65,COLO320DM,gt_image/colo320dm_qpcr_jq1_24h_dmso_65.tif,gt_coords/colo320dm_qpcr_jq1_24h_dmso_65.npy,0,1,1,gt_mask_cc_conn8_min3
colo320dm_qpcr_jq1_24h_dmso_66,COLO320DM,gt_image/colo320dm_qpcr_jq1_24h_dmso_66.tif,gt_coords/colo320dm_qpcr_jq1_24h_dmso_66.npy,0,1,1,gt_mask_cc_conn8_min3
colo320dm_qpcr_jq1_24h_dmso_67,COLO320DM,gt_image/colo320dm_qpcr_jq1_24h_dmso_67.tif,gt_coords/colo320dm_qpcr_jq1_24h_dmso_67.npy,3,3,0,gt_mask_cc_conn8_min3
colo320dm_qpcr_jq1_24h_dmso_68,COLO320DM,gt_image/colo320dm_qpcr_jq1_24h_dmso_68.tif,gt_coords/colo320dm_qpcr_jq1_24h_dmso_68.npy,3,3,0,gt_mask_cc_conn8_min3
colo320dm_qpcr_jq1_24h_dmso_69,COLO320DM,gt_image/colo320dm_qpcr_jq1_24h_dmso_69.tif,gt_coords/colo320dm_qpcr_jq1_24h_dmso_69.npy,6,6,0,gt_mask_cc_conn8_min3
colo320dm_qpcr_jq1_24h_dmso_7,COLO320DM,gt_image/colo320dm_qpcr_jq1_24h_dmso_7.tif,gt_coords/colo320dm_qpcr_jq1_24h_dmso_7.npy,4,4,0,gt_mask_cc_conn8_min3
colo320dm_qpcr_jq1_24h_dmso_70,COLO320DM,gt_image/colo320dm_qpcr_jq1_24h_dmso_70.tif,gt_coords/colo320dm_qpcr_jq1_24h_dmso_70.npy,2,2,0,gt_mask_cc_conn8_min3
colo320dm_qpcr_jq1_24h_dmso_71,COLO320DM,gt_image/colo320dm_qpcr_jq1_24h_dmso_71.tif,gt_coords/colo320dm_qpcr_jq1_24h_dmso_71.npy,4,4,0,gt_mask_cc_conn8_min3
colo320dm_qpcr_jq1_24h_dmso_72,COLO320DM,gt_image/colo320dm_qpcr_jq1_24h_dmso_72.tif,gt_coords/colo320dm_qpcr_jq1_24h_dmso_72.npy,3,3,0,gt_mask_cc_conn8_min3
colo320dm_qpcr_jq1_24h_dmso_74,COLO320DM,gt_image/colo320dm_qpcr_jq1_24h_dmso_74.tif,gt_coords/colo320dm_qpcr_jq1_24h_dmso_74.npy,2,2,0,gt_mask_cc_conn8_min3
colo320dm_qpcr_jq1_24h_dmso_75,COLO320DM,gt_image/colo320dm_qpcr_jq1_24h_dmso_75.tif,gt_coords/colo320dm_qpcr_jq1_24h_dmso_75.npy,2,2,0,gt_mask_cc_conn8_min3
colo320dm_qpcr_jq1_24h_dmso_76,COLO320DM,gt_image/colo320dm_qpcr_jq1_24h_dmso_76.tif,gt_coords/colo320dm_qpcr_jq1_24h_dmso_76.npy,5,5,0,gt_mask_cc_conn8_min3
colo320dm_qpcr_jq1_24h_dmso_77,COLO320DM,gt_image/colo320dm_qpcr_jq1_24h_dmso_77.tif,gt_coords/colo320dm_qpcr_jq1_24h_dmso_77.npy,2,2,0,gt_mask_cc_conn8_min3
colo320dm_qpcr_jq1_24h_dmso_78,COLO320DM,gt_image/colo320dm_qpcr_jq1_24h_dmso_78.tif,gt_coords/colo320dm_qpcr_jq1_24h_dmso_78.npy,22,22,0,gt_mask_cc_conn8_min3
colo320dm_qpcr_jq1_24h_dmso_79,COLO320DM,gt_image/colo320dm_qpcr_jq1_24h_dmso_79.tif,gt_coords/colo320dm_qpcr_jq1_24h_dmso_79.npy,0,1,1,gt_mask_cc_conn8_min3
colo320dm_qpcr_jq1_24h_dmso_8,COLO320DM,gt_image/colo320dm_qpcr_jq1_24h_dmso_8.tif,gt_coords/colo320dm_qpcr_jq1_24h_dmso_8.npy,7,7,0,gt_mask_cc_conn8_min3
colo320dm_qpcr_jq1_24h_dmso_80,COLO320DM,gt_image/colo320dm_qpcr_jq1_24h_dmso_80.tif,gt_coords/colo320dm_qpcr_jq1_24h_dmso_80.npy,3,3,0,gt_mask_cc_conn8_min3
colo320dm_qpcr_jq1_24h_dmso_81_a,COLO320DM,gt_image/colo320dm_qpcr_jq1_24h_dmso_81_a.tif,gt_coords/colo320dm_qpcr_jq1_24h_dmso_81_a.npy,6,6,0,gt_mask_cc_conn8_min3
colo320dm_qpcr_jq1_24h_dmso_81_b,COLO320DM,gt_image/colo320dm_qpcr_jq1_24h_dmso_81_b.tif,gt_coords/colo320dm_qpcr_jq1_24h_dmso_81_b.npy,2,3,1,gt_mask_cc_conn8_min3
colo320dm_qpcr_jq1_24h_dmso_82,COLO320DM,gt_image/colo320dm_qpcr_jq1_24h_dmso_82.tif,gt_coords/colo320dm_qpcr_jq1_24h_dmso_82.npy,3,3,0,gt_mask_cc_conn8_min3
colo320dm_qpcr_jq1_24h_dmso_84,COLO320DM,gt_image/colo320dm_qpcr_jq1_24h_dmso_84.tif,gt_coords/colo320dm_qpcr_jq1_24h_dmso_84.npy,0,1,1,gt_mask_cc_conn8_min3
colo320dm_qpcr_jq1_24h_dmso_85,COLO320DM,gt_image/colo320dm_qpcr_jq1_24h_dmso_85.tif,gt_coords/colo320dm_qpcr_jq1_24h_dmso_85.npy,10,10,0,gt_mask_cc_conn8_min3
colo320dm_qpcr_jq1_24h_dmso_86,COLO320DM,gt_image/colo320dm_qpcr_jq1_24h_dmso_86.tif,gt_coords/colo320dm_qpcr_jq1_24h_dmso_86.npy,2,2,0,gt_mask_cc_conn8_min3
colo320dm_qpcr_jq1_24h_dmso_87,COLO320DM,gt_image/colo320dm_qpcr_jq1_24h_dmso_87.tif,gt_coords/colo320dm_qpcr_jq1_24h_dmso_87.npy,2,2,0,gt_mask_cc_conn8_min3
colo320dm_qpcr_jq1_24h_dmso_88,COLO320DM,gt_image/colo320dm_qpcr_jq1_24h_dmso_88.tif,gt_coords/colo320dm_qpcr_jq1_24h_dmso_88.npy,4,4,0,gt_mask_cc_conn8_min3
colo320dm_qpcr_jq1_24h_dmso_9,COLO320DM,gt_image/colo320dm_qpcr_jq1_24h_dmso_9.tif,gt_coords/colo320dm_qpcr_jq1_24h_dmso_9.npy,4,4,0,gt_mask_cc_conn8_min3
colo320dm_qpcr_jq1_24h_dmso_90,COLO320DM,gt_image/colo320dm_qpcr_jq1_24h_dmso_90.tif,gt_coords/colo320dm_qpcr_jq1_24h_dmso_90.npy,2,2,0,gt_mask_cc_conn8_min3
colo320dm_qpcr_jq1_24h_dmso_91,COLO320DM,gt_image/colo320dm_qpcr_jq1_24h_dmso_91.tif,gt_coords/colo320dm_qpcr_jq1_24h_dmso_91.npy,2,2,0,gt_mask_cc_conn8_min3
colo320dm_qpcr_jq1_24h_dmso_92,COLO320DM,gt_image/colo320dm_qpcr_jq1_24h_dmso_92.tif,gt_coords/colo320dm_qpcr_jq1_24h_dmso_92.npy,0,1,1,gt_mask_cc_conn8_min3
colo320dm_qpcr_jq1_24h_dmso_93,COLO320DM,gt_image/colo320dm_qpcr_jq1_24h_dmso_93.tif,gt_coords/colo320dm_qpcr_jq1_24h_dmso_93.npy,8,8,0,gt_mask_cc_conn8_min3
colo320dm_qpcr_jq1_24h_dmso_94,COLO320DM,gt_image/colo320dm_qpcr_jq1_24h_dmso_94.tif,gt_coords/colo320dm_qpcr_jq1_24h_dmso_94.npy,9,9,0,gt_mask_cc_conn8_min3
colo320dm_qpcr_jq1_24h_dmso_95,COLO320DM,gt_image/colo320dm_qpcr_jq1_24h_dmso_95.tif,gt_coords/colo320dm_qpcr_jq1_24h_dmso_95.npy,7,7,0,gt_mask_cc_conn8_min3
colo320dm_qpcr_jq1_24h_dmso_97,COLO320DM,gt_image/colo320dm_qpcr_jq1_24h_dmso_97.tif,gt_coords/colo320dm_qpcr_jq1_24h_dmso_97.npy,2,2,0,gt_mask_cc_conn8_min3
colo320dm_qpcr_jq1_24h_dmso_98,COLO320DM,gt_image/colo320dm_qpcr_jq1_24h_dmso_98.tif,gt_coords/colo320dm_qpcr_jq1_24h_dmso_98.npy,2,2,0,gt_mask_cc_conn8_min3
ncih2170_antibiotics_blank_ctrl_1,NCI-H2170,gt_image/ncih2170_antibiotics_blank_ctrl_1.tif,gt_coords/ncih2170_antibiotics_blank_ctrl_1.npy,235,235,0,gt_mask_cc_conn8_min3
ncih2170_antibiotics_blank_ctrl_100,NCI-H2170,gt_image/ncih2170_antibiotics_blank_ctrl_100.tif,gt_coords/ncih2170_antibiotics_blank_ctrl_100.npy,102,102,0,gt_mask_cc_conn8_min3
ncih2170_antibiotics_blank_ctrl_101,NCI-H2170,gt_image/ncih2170_antibiotics_blank_ctrl_101.tif,gt_coords/ncih2170_antibiotics_blank_ctrl_101.npy,266,266,0,gt_mask_cc_conn8_min3
ncih2170_antibiotics_blank_ctrl_102,NCI-H2170,gt_image/ncih2170_antibiotics_blank_ctrl_102.tif,gt_coords/ncih2170_antibiotics_blank_ctrl_102.npy,402,407,5,gt_mask_cc_conn8_min3
ncih2170_antibiotics_blank_ctrl_103,NCI-H2170,gt_image/ncih2170_antibiotics_blank_ctrl_103.tif,gt_coords/ncih2170_antibiotics_blank_ctrl_103.npy,228,228,0,gt_mask_cc_conn8_min3
ncih2170_antibiotics_blank_ctrl_104,NCI-H2170,gt_image/ncih2170_antibiotics_blank_ctrl_104.tif,gt_coords/ncih2170_antibiotics_blank_ctrl_104.npy,316,316,0,gt_mask_cc_conn8_min3
ncih2170_antibiotics_blank_ctrl_105,NCI-H2170,gt_image/ncih2170_antibiotics_blank_ctrl_105.tif,gt_coords/ncih2170_antibiotics_blank_ctrl_105.npy,175,175,0,gt_mask_cc_conn8_min3
ncih2170_antibiotics_blank_ctrl_106,NCI-H2170,gt_image/ncih2170_antibiotics_blank_ctrl_106.tif,gt_coords/ncih2170_antibiotics_blank_ctrl_106.npy,101,102,1,gt_mask_cc_conn8_min3
ncih2170_antibiotics_blank_ctrl_107,NCI-H2170,gt_image/ncih2170_antibiotics_blank_ctrl_107.tif,gt_coords/ncih2170_antibiotics_blank_ctrl_107.npy,559,560,1,gt_mask_cc_conn8_min3
ncih2170_antibiotics_blank_ctrl_108,NCI-H2170,gt_image/ncih2170_antibiotics_blank_ctrl_108.tif,gt_coords/ncih2170_antibiotics_blank_ctrl_108.npy,196,196,0,gt_mask_cc_conn8_min3
ncih2170_antibiotics_blank_ctrl_109,NCI-H2170,gt_image/ncih2170_antibiotics_blank_ctrl_109.tif,gt_coords/ncih2170_antibiotics_blank_ctrl_109.npy,182,182,0,gt_mask_cc_conn8_min3
ncih2170_antibiotics_blank_ctrl_10_a,NCI-H2170,gt_image/ncih2170_antibiotics_blank_ctrl_10_a.tif,gt_coords/ncih2170_antibiotics_blank_ctrl_10_a.npy,111,111,0,gt_mask_cc_conn8_min3
ncih2170_antibiotics_blank_ctrl_10_b,NCI-H2170,gt_image/ncih2170_antibiotics_blank_ctrl_10_b.tif,gt_coords/ncih2170_antibiotics_blank_ctrl_10_b.npy,209,237,28,gt_mask_cc_conn8_min3
ncih2170_antibiotics_blank_ctrl_11,NCI-H2170,gt_image/ncih2170_antibiotics_blank_ctrl_11.tif,gt_coords/ncih2170_antibiotics_blank_ctrl_11.npy,181,181,0,gt_mask_cc_conn8_min3
ncih2170_antibiotics_blank_ctrl_110,NCI-H2170,gt_image/ncih2170_antibiotics_blank_ctrl_110.tif,gt_coords/ncih2170_antibiotics_blank_ctrl_110.npy,411,413,2,gt_mask_cc_conn8_min3
ncih2170_antibiotics_blank_ctrl_111,NCI-H2170,gt_image/ncih2170_antibiotics_blank_ctrl_111.tif,gt_coords/ncih2170_antibiotics_blank_ctrl_111.npy,108,108,0,gt_mask_cc_conn8_min3
ncih2170_antibiotics_blank_ctrl_112,NCI-H2170,gt_image/ncih2170_antibiotics_blank_ctrl_112.tif,gt_coords/ncih2170_antibiotics_blank_ctrl_112.npy,455,457,2,gt_mask_cc_conn8_min3
ncih2170_antibiotics_blank_ctrl_113,NCI-H2170,gt_image/ncih2170_antibiotics_blank_ctrl_113.tif,gt_coords/ncih2170_antibiotics_blank_ctrl_113.npy,341,341,0,gt_mask_cc_conn8_min3
ncih2170_antibiotics_blank_ctrl_114,NCI-H2170,gt_image/ncih2170_antibiotics_blank_ctrl_114.tif,gt_coords/ncih2170_antibiotics_blank_ctrl_114.npy,154,154,0,gt_mask_cc_conn8_min3
ncih2170_antibiotics_blank_ctrl_115,NCI-H2170,gt_image/ncih2170_antibiotics_blank_ctrl_115.tif,gt_coords/ncih2170_antibiotics_blank_ctrl_115.npy,125,125,0,gt_mask_cc_conn8_min3
ncih2170_antibiotics_blank_ctrl_116,NCI-H2170,gt_image/ncih2170_antibiotics_blank_ctrl_116.tif,gt_coords/ncih2170_antibiotics_blank_ctrl_116.npy,282,297,15,gt_mask_cc_conn8_min3
ncih2170_antibiotics_blank_ctrl_117,NCI-H2170,gt_image/ncih2170_antibiotics_blank_ctrl_117.tif,gt_coords/ncih2170_antibiotics_blank_ctrl_117.npy,307,310,3,gt_mask_cc_conn8_min3
ncih2170_antibiotics_blank_ctrl_118,NCI-H2170,gt_image/ncih2170_antibiotics_blank_ctrl_118.tif,gt_coords/ncih2170_antibiotics_blank_ctrl_118.npy,453,453,0,gt_mask_cc_conn8_min3
ncih2170_antibiotics_blank_ctrl_119,NCI-H2170,gt_image/ncih2170_antibiotics_blank_ctrl_119.tif,gt_coords/ncih2170_antibiotics_blank_ctrl_119.npy,149,153,4,gt_mask_cc_conn8_min3
ncih2170_antibiotics_blank_ctrl_12,NCI-H2170,gt_image/ncih2170_antibiotics_blank_ctrl_12.tif,gt_coords/ncih2170_antibiotics_blank_ctrl_12.npy,122,122,0,gt_mask_cc_conn8_min3
ncih2170_antibiotics_blank_ctrl_13,NCI-H2170,gt_image/ncih2170_antibiotics_blank_ctrl_13.tif,gt_coords/ncih2170_antibiotics_blank_ctrl_13.npy,86,86,0,gt_mask_cc_conn8_min3
ncih2170_antibiotics_blank_ctrl_14,NCI-H2170,gt_image/ncih2170_antibiotics_blank_ctrl_14.tif,gt_coords/ncih2170_antibiotics_blank_ctrl_14.npy,329,329,0,gt_mask_cc_conn8_min3
ncih2170_antibiotics_blank_ctrl_15,NCI-H2170,gt_image/ncih2170_antibiotics_blank_ctrl_15.tif,gt_coords/ncih2170_antibiotics_blank_ctrl_15.npy,210,211,1,gt_mask_cc_conn8_min3
ncih2170_antibiotics_blank_ctrl_16,NCI-H2170,gt_image/ncih2170_antibiotics_blank_ctrl_16.tif,gt_coords/ncih2170_antibiotics_blank_ctrl_16.npy,91,91,0,gt_mask_cc_conn8_min3
ncih2170_antibiotics_blank_ctrl_17,NCI-H2170,gt_image/ncih2170_antibiotics_blank_ctrl_17.tif,gt_coords/ncih2170_antibiotics_blank_ctrl_17.npy,604,609,5,gt_mask_cc_conn8_min3
ncih2170_antibiotics_blank_ctrl_18,NCI-H2170,gt_image/ncih2170_antibiotics_blank_ctrl_18.tif,gt_coords/ncih2170_antibiotics_blank_ctrl_18.npy,157,157,0,gt_mask_cc_conn8_min3
ncih2170_antibiotics_blank_ctrl_19,NCI-H2170,gt_image/ncih2170_antibiotics_blank_ctrl_19.tif,gt_coords/ncih2170_antibiotics_blank_ctrl_19.npy,92,92,0,gt_mask_cc_conn8_min3
ncih2170_antibiotics_blank_ctrl_2,NCI-H2170,gt_image/ncih2170_antibiotics_blank_ctrl_2.tif,gt_coords/ncih2170_antibiotics_blank_ctrl_2.npy,373,373,0,gt_mask_cc_conn8_min3
ncih2170_antibiotics_blank_ctrl_20,NCI-H2170,gt_image/ncih2170_antibiotics_blank_ctrl_20.tif,gt_coords/ncih2170_antibiotics_blank_ctrl_20.npy,128,129,1,gt_mask_cc_conn8_min3
ncih2170_antibiotics_blank_ctrl_21,NCI-H2170,gt_image/ncih2170_antibiotics_blank_ctrl_21.tif,gt_coords/ncih2170_antibiotics_blank_ctrl_21.npy,224,224,0,gt_mask_cc_conn8_min3
ncih2170_antibiotics_blank_ctrl_22,NCI-H2170,gt_image/ncih2170_antibiotics_blank_ctrl_22.tif,gt_coords/ncih2170_antibiotics_blank_ctrl_22.npy,375,377,2,gt_mask_cc_conn8_min3
ncih2170_antibiotics_blank_ctrl_23,NCI-H2170,gt_image/ncih2170_antibiotics_blank_ctrl_23.tif,gt_coords/ncih2170_antibiotics_blank_ctrl_23.npy,281,281,0,gt_mask_cc_conn8_min3
ncih2170_antibiotics_blank_ctrl_24,NCI-H2170,gt_image/ncih2170_antibiotics_blank_ctrl_24.tif,gt_coords/ncih2170_antibiotics_blank_ctrl_24.npy,153,153,0,gt_mask_cc_conn8_min3
ncih2170_antibiotics_blank_ctrl_25,NCI-H2170,gt_image/ncih2170_antibiotics_blank_ctrl_25.tif,gt_coords/ncih2170_antibiotics_blank_ctrl_25.npy,42,42,0,gt_mask_cc_conn8_min3
ncih2170_antibiotics_blank_ctrl_26,NCI-H2170,gt_image/ncih2170_antibiotics_blank_ctrl_26.tif,gt_coords/ncih2170_antibiotics_blank_ctrl_26.npy,72,72,0,gt_mask_cc_conn8_min3
ncih2170_antibiotics_blank_ctrl_27,NCI-H2170,gt_image/ncih2170_antibiotics_blank_ctrl_27.tif,gt_coords/ncih2170_antibiotics_blank_ctrl_27.npy,318,318,0,gt_mask_cc_conn8_min3
ncih2170_antibiotics_blank_ctrl_28,NCI-H2170,gt_image/ncih2170_antibiotics_blank_ctrl_28.tif,gt_coords/ncih2170_antibiotics_blank_ctrl_28.npy,256,265,9,gt_mask_cc_conn8_min3
ncih2170_antibiotics_blank_ctrl_29,NCI-H2170,gt_image/ncih2170_antibiotics_blank_ctrl_29.tif,gt_coords/ncih2170_antibiotics_blank_ctrl_29.npy,104,105,1,gt_mask_cc_conn8_min3
ncih2170_antibiotics_blank_ctrl_30,NCI-H2170,gt_image/ncih2170_antibiotics_blank_ctrl_30.tif,gt_coords/ncih2170_antibiotics_blank_ctrl_30.npy,339,339,0,gt_mask_cc_conn8_min3
ncih2170_antibiotics_blank_ctrl_31,NCI-H2170,gt_image/ncih2170_antibiotics_blank_ctrl_31.tif,gt_coords/ncih2170_antibiotics_blank_ctrl_31.npy,88,88,0,gt_mask_cc_conn8_min3
ncih2170_antibiotics_blank_ctrl_32,NCI-H2170,gt_image/ncih2170_antibiotics_blank_ctrl_32.tif,gt_coords/ncih2170_antibiotics_blank_ctrl_32.npy,138,138,0,gt_mask_cc_conn8_min3
ncih2170_antibiotics_blank_ctrl_33,NCI-H2170,gt_image/ncih2170_antibiotics_blank_ctrl_33.tif,gt_coords/ncih2170_antibiotics_blank_ctrl_33.npy,207,208,1,gt_mask_cc_conn8_min3
ncih2170_antibiotics_blank_ctrl_34,NCI-H2170,gt_image/ncih2170_antibiotics_blank_ctrl_34.tif,gt_coords/ncih2170_antibiotics_blank_ctrl_34.npy,91,91,0,gt_mask_cc_conn8_min3
ncih2170_antibiotics_blank_ctrl_35,NCI-H2170,gt_image/ncih2170_antibiotics_blank_ctrl_35.tif,gt_coords/ncih2170_antibiotics_blank_ctrl_35.npy,84,84,0,gt_mask_cc_conn8_min3
ncih2170_antibiotics_blank_ctrl_36,NCI-H2170,gt_image/ncih2170_antibiotics_blank_ctrl_36.tif,gt_coords/ncih2170_antibiotics_blank_ctrl_36.npy,121,121,0,gt_mask_cc_conn8_min3
ncih2170_antibiotics_blank_ctrl_37,NCI-H2170,gt_image/ncih2170_antibiotics_blank_ctrl_37.tif,gt_coords/ncih2170_antibiotics_blank_ctrl_37.npy,539,539,0,gt_mask_cc_conn8_min3
ncih2170_antibiotics_blank_ctrl_38,NCI-H2170,gt_image/ncih2170_antibiotics_blank_ctrl_38.tif,gt_coords/ncih2170_antibiotics_blank_ctrl_38.npy,402,402,0,gt_mask_cc_conn8_min3
ncih2170_antibiotics_blank_ctrl_39,NCI-H2170,gt_image/ncih2170_antibiotics_blank_ctrl_39.tif,gt_coords/ncih2170_antibiotics_blank_ctrl_39.npy,391,407,16,gt_mask_cc_conn8_min3
ncih2170_antibiotics_blank_ctrl_4,NCI-H2170,gt_image/ncih2170_antibiotics_blank_ctrl_4.tif,gt_coords/ncih2170_antibiotics_blank_ctrl_4.npy,292,292,0,gt_mask_cc_conn8_min3
ncih2170_antibiotics_blank_ctrl_40,NCI-H2170,gt_image/ncih2170_antibiotics_blank_ctrl_40.tif,gt_coords/ncih2170_antibiotics_blank_ctrl_40.npy,248,248,0,gt_mask_cc_conn8_min3
ncih2170_antibiotics_blank_ctrl_41,NCI-H2170,gt_image/ncih2170_antibiotics_blank_ctrl_41.tif,gt_coords/ncih2170_antibiotics_blank_ctrl_41.npy,76,76,0,gt_mask_cc_conn8_min3
ncih2170_antibiotics_blank_ctrl_42,NCI-H2170,gt_image/ncih2170_antibiotics_blank_ctrl_42.tif,gt_coords/ncih2170_antibiotics_blank_ctrl_42.npy,153,154,1,gt_mask_cc_conn8_min3
ncih2170_antibiotics_blank_ctrl_43,NCI-H2170,gt_image/ncih2170_antibiotics_blank_ctrl_43.tif,gt_coords/ncih2170_antibiotics_blank_ctrl_43.npy,239,243,4,gt_mask_cc_conn8_min3
ncih2170_antibiotics_blank_ctrl_44,NCI-H2170,gt_image/ncih2170_antibiotics_blank_ctrl_44.tif,gt_coords/ncih2170_antibiotics_blank_ctrl_44.npy,181,181,0,gt_mask_cc_conn8_min3
ncih2170_antibiotics_blank_ctrl_45,NCI-H2170,gt_image/ncih2170_antibiotics_blank_ctrl_45.tif,gt_coords/ncih2170_antibiotics_blank_ctrl_45.npy,297,298,1,gt_mask_cc_conn8_min3
ncih2170_antibiotics_blank_ctrl_46,NCI-H2170,gt_image/ncih2170_antibiotics_blank_ctrl_46.tif,gt_coords/ncih2170_antibiotics_blank_ctrl_46.npy,102,102,0,gt_mask_cc_conn8_min3
ncih2170_antibiotics_blank_ctrl_47,NCI-H2170,gt_image/ncih2170_antibiotics_blank_ctrl_47.tif,gt_coords/ncih2170_antibiotics_blank_ctrl_47.npy,296,297,1,gt_mask_cc_conn8_min3
ncih2170_antibiotics_blank_ctrl_48,NCI-H2170,gt_image/ncih2170_antibiotics_blank_ctrl_48.tif,gt_coords/ncih2170_antibiotics_blank_ctrl_48.npy,71,71,0,gt_mask_cc_conn8_min3
ncih2170_antibiotics_blank_ctrl_49,NCI-H2170,gt_image/ncih2170_antibiotics_blank_ctrl_49.tif,gt_coords/ncih2170_antibiotics_blank_ctrl_49.npy,126,126,0,gt_mask_cc_conn8_min3
ncih2170_antibiotics_blank_ctrl_5,NCI-H2170,gt_image/ncih2170_antibiotics_blank_ctrl_5.tif,gt_coords/ncih2170_antibiotics_blank_ctrl_5.npy,597,604,7,gt_mask_cc_conn8_min3
ncih2170_antibiotics_blank_ctrl_50,NCI-H2170,gt_image/ncih2170_antibiotics_blank_ctrl_50.tif,gt_coords/ncih2170_antibiotics_blank_ctrl_50.npy,197,197,0,gt_mask_cc_conn8_min3
ncih2170_antibiotics_blank_ctrl_51,NCI-H2170,gt_image/ncih2170_antibiotics_blank_ctrl_51.tif,gt_coords/ncih2170_antibiotics_blank_ctrl_51.npy,159,159,0,gt_mask_cc_conn8_min3
ncih2170_antibiotics_blank_ctrl_52,NCI-H2170,gt_image/ncih2170_antibiotics_blank_ctrl_52.tif,gt_coords/ncih2170_antibiotics_blank_ctrl_52.npy,324,324,0,gt_mask_cc_conn8_min3
ncih2170_antibiotics_blank_ctrl_53,NCI-H2170,gt_image/ncih2170_antibiotics_blank_ctrl_53.tif,gt_coords/ncih2170_antibiotics_blank_ctrl_53.npy,302,303,1,gt_mask_cc_conn8_min3
ncih2170_antibiotics_blank_ctrl_54,NCI-H2170,gt_image/ncih2170_antibiotics_blank_ctrl_54.tif,gt_coords/ncih2170_antibiotics_blank_ctrl_54.npy,417,419,2,gt_mask_cc_conn8_min3
ncih2170_antibiotics_blank_ctrl_55,NCI-H2170,gt_image/ncih2170_antibiotics_blank_ctrl_55.tif,gt_coords/ncih2170_antibiotics_blank_ctrl_55.npy,254,256,2,gt_mask_cc_conn8_min3
ncih2170_antibiotics_blank_ctrl_56,NCI-H2170,gt_image/ncih2170_antibiotics_blank_ctrl_56.tif,gt_coords/ncih2170_antibiotics_blank_ctrl_56.npy,240,241,1,gt_mask_cc_conn8_min3
ncih2170_antibiotics_blank_ctrl_57,NCI-H2170,gt_image/ncih2170_antibiotics_blank_ctrl_57.tif,gt_coords/ncih2170_antibiotics_blank_ctrl_57.npy,214,214,0,gt_mask_cc_conn8_min3
ncih2170_antibiotics_blank_ctrl_58,NCI-H2170,gt_image/ncih2170_antibiotics_blank_ctrl_58.tif,gt_coords/ncih2170_antibiotics_blank_ctrl_58.npy,181,182,1,gt_mask_cc_conn8_min3
ncih2170_antibiotics_blank_ctrl_59,NCI-H2170,gt_image/ncih2170_antibiotics_blank_ctrl_59.tif,gt_coords/ncih2170_antibiotics_blank_ctrl_59.npy,207,208,1,gt_mask_cc_conn8_min3
ncih2170_antibiotics_blank_ctrl_6,NCI-H2170,gt_image/ncih2170_antibiotics_blank_ctrl_6.tif,gt_coords/ncih2170_antibiotics_blank_ctrl_6.npy,402,405,3,gt_mask_cc_conn8_min3
ncih2170_antibiotics_blank_ctrl_60,NCI-H2170,gt_image/ncih2170_antibiotics_blank_ctrl_60.tif,gt_coords/ncih2170_antibiotics_blank_ctrl_60.npy,314,314,0,gt_mask_cc_conn8_min3
ncih2170_antibiotics_blank_ctrl_61,NCI-H2170,gt_image/ncih2170_antibiotics_blank_ctrl_61.tif,gt_coords/ncih2170_antibiotics_blank_ctrl_61.npy,259,260,1,gt_mask_cc_conn8_min3
ncih2170_antibiotics_blank_ctrl_62,NCI-H2170,gt_image/ncih2170_antibiotics_blank_ctrl_62.tif,gt_coords/ncih2170_antibiotics_blank_ctrl_62.npy,299,299,0,gt_mask_cc_conn8_min3
ncih2170_antibiotics_blank_ctrl_63,NCI-H2170,gt_image/ncih2170_antibiotics_blank_ctrl_63.tif,gt_coords/ncih2170_antibiotics_blank_ctrl_63.npy,763,766,3,gt_mask_cc_conn8_min3
ncih2170_antibiotics_blank_ctrl_64,NCI-H2170,gt_image/ncih2170_antibiotics_blank_ctrl_64.tif,gt_coords/ncih2170_antibiotics_blank_ctrl_64.npy,124,124,0,gt_mask_cc_conn8_min3
ncih2170_antibiotics_blank_ctrl_65,NCI-H2170,gt_image/ncih2170_antibiotics_blank_ctrl_65.tif,gt_coords/ncih2170_antibiotics_blank_ctrl_65.npy,139,139,0,gt_mask_cc_conn8_min3
ncih2170_antibiotics_blank_ctrl_66,NCI-H2170,gt_image/ncih2170_antibiotics_blank_ctrl_66.tif,gt_coords/ncih2170_antibiotics_blank_ctrl_66.npy,329,334,5,gt_mask_cc_conn8_min3
ncih2170_antibiotics_blank_ctrl_67,NCI-H2170,gt_image/ncih2170_antibiotics_blank_ctrl_67.tif,gt_coords/ncih2170_antibiotics_blank_ctrl_67.npy,250,253,3,gt_mask_cc_conn8_min3
ncih2170_antibiotics_blank_ctrl_68,NCI-H2170,gt_image/ncih2170_antibiotics_blank_ctrl_68.tif,gt_coords/ncih2170_antibiotics_blank_ctrl_68.npy,328,331,3,gt_mask_cc_conn8_min3
ncih2170_antibiotics_blank_ctrl_69,NCI-H2170,gt_image/ncih2170_antibiotics_blank_ctrl_69.tif,gt_coords/ncih2170_antibiotics_blank_ctrl_69.npy,335,349,14,gt_mask_cc_conn8_min3
ncih2170_antibiotics_blank_ctrl_7,NCI-H2170,gt_image/ncih2170_antibiotics_blank_ctrl_7.tif,gt_coords/ncih2170_antibiotics_blank_ctrl_7.npy,328,329,1,gt_mask_cc_conn8_min3
ncih2170_antibiotics_blank_ctrl_70,NCI-H2170,gt_image/ncih2170_antibiotics_blank_ctrl_70.tif,gt_coords/ncih2170_antibiotics_blank_ctrl_70.npy,446,461,15,gt_mask_cc_conn8_min3
ncih2170_antibiotics_blank_ctrl_71,NCI-H2170,gt_image/ncih2170_antibiotics_blank_ctrl_71.tif,gt_coords/ncih2170_antibiotics_blank_ctrl_71.npy,330,331,1,gt_mask_cc_conn8_min3
ncih2170_antibiotics_blank_ctrl_72,NCI-H2170,gt_image/ncih2170_antibiotics_blank_ctrl_72.tif,gt_coords/ncih2170_antibiotics_blank_ctrl_72.npy,472,476,4,gt_mask_cc_conn8_min3
ncih2170_antibiotics_blank_ctrl_73,NCI-H2170,gt_image/ncih2170_antibiotics_blank_ctrl_73.tif,gt_coords/ncih2170_antibiotics_blank_ctrl_73.npy,195,195,0,gt_mask_cc_conn8_min3
ncih2170_antibiotics_blank_ctrl_74,NCI-H2170,gt_image/ncih2170_antibiotics_blank_ctrl_74.tif,gt_coords/ncih2170_antibiotics_blank_ctrl_74.npy,375,377,2,gt_mask_cc_conn8_min3
ncih2170_antibiotics_blank_ctrl_75,NCI-H2170,gt_image/ncih2170_antibiotics_blank_ctrl_75.tif,gt_coords/ncih2170_antibiotics_blank_ctrl_75.npy,133,134,1,gt_mask_cc_conn8_min3
ncih2170_antibiotics_blank_ctrl_76,NCI-H2170,gt_image/ncih2170_antibiotics_blank_ctrl_76.tif,gt_coords/ncih2170_antibiotics_blank_ctrl_76.npy,456,456,0,gt_mask_cc_conn8_min3
ncih2170_antibiotics_blank_ctrl_77,NCI-H2170,gt_image/ncih2170_antibiotics_blank_ctrl_77.tif,gt_coords/ncih2170_antibiotics_blank_ctrl_77.npy,261,261,0,gt_mask_cc_conn8_min3
ncih2170_antibiotics_blank_ctrl_78,NCI-H2170,gt_image/ncih2170_antibiotics_blank_ctrl_78.tif,gt_coords/ncih2170_antibiotics_blank_ctrl_78.npy,300,301,1,gt_mask_cc_conn8_min3
ncih2170_antibiotics_blank_ctrl_79,NCI-H2170,gt_image/ncih2170_antibiotics_blank_ctrl_79.tif,gt_coords/ncih2170_antibiotics_blank_ctrl_79.npy,337,338,1,gt_mask_cc_conn8_min3
ncih2170_antibiotics_blank_ctrl_8,NCI-H2170,gt_image/ncih2170_antibiotics_blank_ctrl_8.tif,gt_coords/ncih2170_antibiotics_blank_ctrl_8.npy,307,307,0,gt_mask_cc_conn8_min3
ncih2170_antibiotics_blank_ctrl_80,NCI-H2170,gt_image/ncih2170_antibiotics_blank_ctrl_80.tif,gt_coords/ncih2170_antibiotics_blank_ctrl_80.npy,146,146,0,gt_mask_cc_conn8_min3
ncih2170_antibiotics_blank_ctrl_81,NCI-H2170,gt_image/ncih2170_antibiotics_blank_ctrl_81.tif,gt_coords/ncih2170_antibiotics_blank_ctrl_81.npy,93,93,0,gt_mask_cc_conn8_min3
ncih2170_antibiotics_blank_ctrl_82,NCI-H2170,gt_image/ncih2170_antibiotics_blank_ctrl_82.tif,gt_coords/ncih2170_antibiotics_blank_ctrl_82.npy,99,99,0,gt_mask_cc_conn8_min3
ncih2170_antibiotics_blank_ctrl_83,NCI-H2170,gt_image/ncih2170_antibiotics_blank_ctrl_83.tif,gt_coords/ncih2170_antibiotics_blank_ctrl_83.npy,280,280,0,gt_mask_cc_conn8_min3
ncih2170_antibiotics_blank_ctrl_84,NCI-H2170,gt_image/ncih2170_antibiotics_blank_ctrl_84.tif,gt_coords/ncih2170_antibiotics_blank_ctrl_84.npy,281,281,0,gt_mask_cc_conn8_min3
ncih2170_antibiotics_blank_ctrl_85,NCI-H2170,gt_image/ncih2170_antibiotics_blank_ctrl_85.tif,gt_coords/ncih2170_antibiotics_blank_ctrl_85.npy,276,276,0,gt_mask_cc_conn8_min3
ncih2170_antibiotics_blank_ctrl_86,NCI-H2170,gt_image/ncih2170_antibiotics_blank_ctrl_86.tif,gt_coords/ncih2170_antibiotics_blank_ctrl_86.npy,287,287,0,gt_mask_cc_conn8_min3
ncih2170_antibiotics_blank_ctrl_87,NCI-H2170,gt_image/ncih2170_antibiotics_blank_ctrl_87.tif,gt_coords/ncih2170_antibiotics_blank_ctrl_87.npy,90,90,0,gt_mask_cc_conn8_min3
ncih2170_antibiotics_blank_ctrl_88_a,NCI-H2170,gt_image/ncih2170_antibiotics_blank_ctrl_88_a.tif,gt_coords/ncih2170_antibiotics_blank_ctrl_88_a.npy,343,349,6,gt_mask_cc_conn8_min3
ncih2170_antibiotics_blank_ctrl_88_b,NCI-H2170,gt_image/ncih2170_antibiotics_blank_ctrl_88_b.tif,gt_coords/ncih2170_antibiotics_blank_ctrl_88_b.npy,310,315,5,gt_mask_cc_conn8_min3
ncih2170_antibiotics_blank_ctrl_89,NCI-H2170,gt_image/ncih2170_antibiotics_blank_ctrl_89.tif,gt_coords/ncih2170_antibiotics_blank_ctrl_89.npy,94,94,0,gt_mask_cc_conn8_min3
ncih2170_antibiotics_blank_ctrl_9,NCI-H2170,gt_image/ncih2170_antibiotics_blank_ctrl_9.tif,gt_coords/ncih2170_antibiotics_blank_ctrl_9.npy,769,777,8,gt_mask_cc_conn8_min3
ncih2170_antibiotics_blank_ctrl_90,NCI-H2170,gt_image/ncih2170_antibiotics_blank_ctrl_90.tif,gt_coords/ncih2170_antibiotics_blank_ctrl_90.npy,183,183,0,gt_mask_cc_conn8_min3
ncih2170_antibiotics_blank_ctrl_91,NCI-H2170,gt_image/ncih2170_antibiotics_blank_ctrl_91.tif,gt_coords/ncih2170_antibiotics_blank_ctrl_91.npy,271,274,3,gt_mask_cc_conn8_min3
ncih2170_antibiotics_blank_ctrl_92,NCI-H2170,gt_image/ncih2170_antibiotics_blank_ctrl_92.tif,gt_coords/ncih2170_antibiotics_blank_ctrl_92.npy,411,414,3,gt_mask_cc_conn8_min3
ncih2170_antibiotics_blank_ctrl_93,NCI-H2170,gt_image/ncih2170_antibiotics_blank_ctrl_93.tif,gt_coords/ncih2170_antibiotics_blank_ctrl_93.npy,304,307,3,gt_mask_cc_conn8_min3
ncih2170_antibiotics_blank_ctrl_94,NCI-H2170,gt_image/ncih2170_antibiotics_blank_ctrl_94.tif,gt_coords/ncih2170_antibiotics_blank_ctrl_94.npy,545,556,11,gt_mask_cc_conn8_min3
ncih2170_antibiotics_blank_ctrl_95,NCI-H2170,gt_image/ncih2170_antibiotics_blank_ctrl_95.tif,gt_coords/ncih2170_antibiotics_blank_ctrl_95.npy,238,240,2,gt_mask_cc_conn8_min3
ncih2170_antibiotics_blank_ctrl_96,NCI-H2170,gt_image/ncih2170_antibiotics_blank_ctrl_96.tif,gt_coords/ncih2170_antibiotics_blank_ctrl_96.npy,106,106,0,gt_mask_cc_conn8_min3
ncih2170_antibiotics_blank_ctrl_97,NCI-H2170,gt_image/ncih2170_antibiotics_blank_ctrl_97.tif,gt_coords/ncih2170_antibiotics_blank_ctrl_97.npy,146,151,5,gt_mask_cc_conn8_min3
ncih2170_antibiotics_blank_ctrl_98,NCI-H2170,gt_image/ncih2170_antibiotics_blank_ctrl_98.tif,gt_coords/ncih2170_antibiotics_blank_ctrl_98.npy,219,226,7,gt_mask_cc_conn8_min3
ncih2170_antibiotics_blank_ctrl_99,NCI-H2170,gt_image/ncih2170_antibiotics_blank_ctrl_99.tif,gt_coords/ncih2170_antibiotics_blank_ctrl_99.npy,219,219,0,gt_mask_cc_conn8_min3
ncih2170_antibiotics_ps_10,NCI-H2170,gt_image/ncih2170_antibiotics_ps_10.tif,gt_coords/ncih2170_antibiotics_ps_10.npy,160,165,5,gt_mask_cc_conn8_min3
ncih2170_antibiotics_ps_100,NCI-H2170,gt_image/ncih2170_antibiotics_ps_100.tif,gt_coords/ncih2170_antibiotics_ps_100.npy,162,162,0,gt_mask_cc_conn8_min3
ncih2170_antibiotics_ps_101,NCI-H2170,gt_image/ncih2170_antibiotics_ps_101.tif,gt_coords/ncih2170_antibiotics_ps_101.npy,211,211,0,gt_mask_cc_conn8_min3
ncih2170_antibiotics_ps_102_a,NCI-H2170,gt_image/ncih2170_antibiotics_ps_102_a.tif,gt_coords/ncih2170_antibiotics_ps_102_a.npy,107,107,0,gt_mask_cc_conn8_min3
ncih2170_antibiotics_ps_102_b,NCI-H2170,gt_image/ncih2170_antibiotics_ps_102_b.tif,gt_coords/ncih2170_antibiotics_ps_102_b.npy,252,252,0,gt_mask_cc_conn8_min3
ncih2170_antibiotics_ps_103,NCI-H2170,gt_image/ncih2170_antibiotics_ps_103.tif,gt_coords/ncih2170_antibiotics_ps_103.npy,187,188,1,gt_mask_cc_conn8_min3
ncih2170_antibiotics_ps_104,NCI-H2170,gt_image/ncih2170_antibiotics_ps_104.tif,gt_coords/ncih2170_antibiotics_ps_104.npy,158,158,0,gt_mask_cc_conn8_min3
ncih2170_antibiotics_ps_105,NCI-H2170,gt_image/ncih2170_antibiotics_ps_105.tif,gt_coords/ncih2170_antibiotics_ps_105.npy,237,238,1,gt_mask_cc_conn8_min3
ncih2170_antibiotics_ps_106,NCI-H2170,gt_image/ncih2170_antibiotics_ps_106.tif,gt_coords/ncih2170_antibiotics_ps_106.npy,122,123,1,gt_mask_cc_conn8_min3
ncih2170_antibiotics_ps_107_a,NCI-H2170,gt_image/ncih2170_antibiotics_ps_107_a.tif,gt_coords/ncih2170_antibiotics_ps_107_a.npy,246,248,2,gt_mask_cc_conn8_min3
ncih2170_antibiotics_ps_107_b,NCI-H2170,gt_image/ncih2170_antibiotics_ps_107_b.tif,gt_coords/ncih2170_antibiotics_ps_107_b.npy,205,213,8,gt_mask_cc_conn8_min3
ncih2170_antibiotics_ps_108_a,NCI-H2170,gt_image/ncih2170_antibiotics_ps_108_a.tif,gt_coords/ncih2170_antibiotics_ps_108_a.npy,944,957,13,gt_mask_cc_conn8_min3
ncih2170_antibiotics_ps_108_b,NCI-H2170,gt_image/ncih2170_antibiotics_ps_108_b.tif,gt_coords/ncih2170_antibiotics_ps_108_b.npy,112,114,2,gt_mask_cc_conn8_min3
ncih2170_antibiotics_ps_109,NCI-H2170,gt_image/ncih2170_antibiotics_ps_109.tif,gt_coords/ncih2170_antibiotics_ps_109.npy,199,199,0,gt_mask_cc_conn8_min3
ncih2170_antibiotics_ps_110,NCI-H2170,gt_image/ncih2170_antibiotics_ps_110.tif,gt_coords/ncih2170_antibiotics_ps_110.npy,230,230,0,gt_mask_cc_conn8_min3
ncih2170_antibiotics_ps_111,NCI-H2170,gt_image/ncih2170_antibiotics_ps_111.tif,gt_coords/ncih2170_antibiotics_ps_111.npy,186,186,0,gt_mask_cc_conn8_min3
ncih2170_antibiotics_ps_112,NCI-H2170,gt_image/ncih2170_antibiotics_ps_112.tif,gt_coords/ncih2170_antibiotics_ps_112.npy,79,79,0,gt_mask_cc_conn8_min3
ncih2170_antibiotics_ps_113_a,NCI-H2170,gt_image/ncih2170_antibiotics_ps_113_a.tif,gt_coords/ncih2170_antibiotics_ps_113_a.npy,121,121,0,gt_mask_cc_conn8_min3
ncih2170_antibiotics_ps_113_b,NCI-H2170,gt_image/ncih2170_antibiotics_ps_113_b.tif,gt_coords/ncih2170_antibiotics_ps_113_b.npy,142,142,0,gt_mask_cc_conn8_min3
ncih2170_antibiotics_ps_114,NCI-H2170,gt_image/ncih2170_antibiotics_ps_114.tif,gt_coords/ncih2170_antibiotics_ps_114.npy,287,293,6,gt_mask_cc_conn8_min3
ncih2170_antibiotics_ps_11_a,NCI-H2170,gt_image/ncih2170_antibiotics_ps_11_a.tif,gt_coords/ncih2170_antibiotics_ps_11_a.npy,99,99,0,gt_mask_cc_conn8_min3
ncih2170_antibiotics_ps_11_a_unfinished,NCI-H2170,gt_image/ncih2170_antibiotics_ps_11_a_unfinished.tif,gt_coords/ncih2170_antibiotics_ps_11_a_unfinished.npy,49,49,0,gt_mask_cc_conn8_min3
ncih2170_antibiotics_ps_11_b,NCI-H2170,gt_image/ncih2170_antibiotics_ps_11_b.tif,gt_coords/ncih2170_antibiotics_ps_11_b.npy,52,52,0,gt_mask_cc_conn8_min3
ncih2170_antibiotics_ps_12,NCI-H2170,gt_image/ncih2170_antibiotics_ps_12.tif,gt_coords/ncih2170_antibiotics_ps_12.npy,129,129,0,gt_mask_cc_conn8_min3
ncih2170_antibiotics_ps_13,NCI-H2170,gt_image/ncih2170_antibiotics_ps_13.tif,gt_coords/ncih2170_antibiotics_ps_13.npy,398,398,0,gt_mask_cc_conn8_min3
ncih2170_antibiotics_ps_14,NCI-H2170,gt_image/ncih2170_antibiotics_ps_14.tif,gt_coords/ncih2170_antibiotics_ps_14.npy,65,66,1,gt_mask_cc_conn8_min3
ncih2170_antibiotics_ps_16,NCI-H2170,gt_image/ncih2170_antibiotics_ps_16.tif,gt_coords/ncih2170_antibiotics_ps_16.npy,236,237,1,gt_mask_cc_conn8_min3
ncih2170_antibiotics_ps_17,NCI-H2170,gt_image/ncih2170_antibiotics_ps_17.tif,gt_coords/ncih2170_antibiotics_ps_17.npy,197,200,3,gt_mask_cc_conn8_min3
ncih2170_antibiotics_ps_18,NCI-H2170,gt_image/ncih2170_antibiotics_ps_18.tif,gt_coords/ncih2170_antibiotics_ps_18.npy,132,133,1,gt_mask_cc_conn8_min3
ncih2170_antibiotics_ps_19,NCI-H2170,gt_image/ncih2170_antibiotics_ps_19.tif,gt_coords/ncih2170_antibiotics_ps_19.npy,201,201,0,gt_mask_cc_conn8_min3
ncih2170_antibiotics_ps_20,NCI-H2170,gt_image/ncih2170_antibiotics_ps_20.tif,gt_coords/ncih2170_antibiotics_ps_20.npy,69,69,0,gt_mask_cc_conn8_min3
ncih2170_antibiotics_ps_21,NCI-H2170,gt_image/ncih2170_antibiotics_ps_21.tif,gt_coords/ncih2170_antibiotics_ps_21.npy,70,70,0,gt_mask_cc_conn8_min3
ncih2170_antibiotics_ps_22,NCI-H2170,gt_image/ncih2170_antibiotics_ps_22.tif,gt_coords/ncih2170_antibiotics_ps_22.npy,95,95,0,gt_mask_cc_conn8_min3
ncih2170_antibiotics_ps_23,NCI-H2170,gt_image/ncih2170_antibiotics_ps_23.tif,gt_coords/ncih2170_antibiotics_ps_23.npy,115,115,0,gt_mask_cc_conn8_min3
ncih2170_antibiotics_ps_24,NCI-H2170,gt_image/ncih2170_antibiotics_ps_24.tif,gt_coords/ncih2170_antibiotics_ps_24.npy,133,133,0,gt_mask_cc_conn8_min3
ncih2170_antibiotics_ps_25,NCI-H2170,gt_image/ncih2170_antibiotics_ps_25.tif,gt_coords/ncih2170_antibiotics_ps_25.npy,284,284,0,gt_mask_cc_conn8_min3
ncih2170_antibiotics_ps_26,NCI-H2170,gt_image/ncih2170_antibiotics_ps_26.tif,gt_coords/ncih2170_antibiotics_ps_26.npy,174,174,0,gt_mask_cc_conn8_min3
ncih2170_antibiotics_ps_27,NCI-H2170,gt_image/ncih2170_antibiotics_ps_27.tif,gt_coords/ncih2170_antibiotics_ps_27.npy,232,232,0,gt_mask_cc_conn8_min3
ncih2170_antibiotics_ps_28,NCI-H2170,gt_image/ncih2170_antibiotics_ps_28.tif,gt_coords/ncih2170_antibiotics_ps_28.npy,121,121,0,gt_mask_cc_conn8_min3
ncih2170_antibiotics_ps_29_a,NCI-H2170,gt_image/ncih2170_antibiotics_ps_29_a.tif,gt_coords/ncih2170_antibiotics_ps_29_a.npy,93,93,0,gt_mask_cc_conn8_min3
ncih2170_antibiotics_ps_29_b,NCI-H2170,gt_image/ncih2170_antibiotics_ps_29_b.tif,gt_coords/ncih2170_antibiotics_ps_29_b.npy,52,52,0,gt_mask_cc_conn8_min3
ncih2170_antibiotics_ps_3,NCI-H2170,gt_image/ncih2170_antibiotics_ps_3.tif,gt_coords/ncih2170_antibiotics_ps_3.npy,157,157,0,gt_mask_cc_conn8_min3
ncih2170_antibiotics_ps_30,NCI-H2170,gt_image/ncih2170_antibiotics_ps_30.tif,gt_coords/ncih2170_antibiotics_ps_30.npy,95,95,0,gt_mask_cc_conn8_min3
ncih2170_antibiotics_ps_31,NCI-H2170,gt_image/ncih2170_antibiotics_ps_31.tif,gt_coords/ncih2170_antibiotics_ps_31.npy,305,305,0,gt_mask_cc_conn8_min3
ncih2170_antibiotics_ps_32,NCI-H2170,gt_image/ncih2170_antibiotics_ps_32.tif,gt_coords/ncih2170_antibiotics_ps_32.npy,67,67,0,gt_mask_cc_conn8_min3
ncih2170_antibiotics_ps_33,NCI-H2170,gt_image/ncih2170_antibiotics_ps_33.tif,gt_coords/ncih2170_antibiotics_ps_33.npy,141,141,0,gt_mask_cc_conn8_min3
ncih2170_antibiotics_ps_34_a,NCI-H2170,gt_image/ncih2170_antibiotics_ps_34_a.tif,gt_coords/ncih2170_antibiotics_ps_34_a.npy,71,71,0,gt_mask_cc_conn8_min3
ncih2170_antibiotics_ps_34_b,NCI-H2170,gt_image/ncih2170_antibiotics_ps_34_b.tif,gt_coords/ncih2170_antibiotics_ps_34_b.npy,76,98,22,gt_mask_cc_conn8_min3
ncih2170_antibiotics_ps_34_c,NCI-H2170,gt_image/ncih2170_antibiotics_ps_34_c.tif,gt_coords/ncih2170_antibiotics_ps_34_c.npy,153,156,3,gt_mask_cc_conn8_min3
ncih2170_antibiotics_ps_35,NCI-H2170,gt_image/ncih2170_antibiotics_ps_35.tif,gt_coords/ncih2170_antibiotics_ps_35.npy,96,96,0,gt_mask_cc_conn8_min3
ncih2170_antibiotics_ps_36,NCI-H2170,gt_image/ncih2170_antibiotics_ps_36.tif,gt_coords/ncih2170_antibiotics_ps_36.npy,142,143,1,gt_mask_cc_conn8_min3
ncih2170_antibiotics_ps_37,NCI-H2170,gt_image/ncih2170_antibiotics_ps_37.tif,gt_coords/ncih2170_antibiotics_ps_37.npy,81,81,0,gt_mask_cc_conn8_min3
ncih2170_antibiotics_ps_38,NCI-H2170,gt_image/ncih2170_antibiotics_ps_38.tif,gt_coords/ncih2170_antibiotics_ps_38.npy,354,362,8,gt_mask_cc_conn8_min3
ncih2170_antibiotics_ps_39,NCI-H2170,gt_image/ncih2170_antibiotics_ps_39.tif,gt_coords/ncih2170_antibiotics_ps_39.npy,131,132,1,gt_mask_cc_conn8_min3
ncih2170_antibiotics_ps_4,NCI-H2170,gt_image/ncih2170_antibiotics_ps_4.tif,gt_coords/ncih2170_antibiotics_ps_4.npy,148,149,1,gt_mask_cc_conn8_min3
ncih2170_antibiotics_ps_40,NCI-H2170,gt_image/ncih2170_antibiotics_ps_40.tif,gt_coords/ncih2170_antibiotics_ps_40.npy,75,75,0,gt_mask_cc_conn8_min3
ncih2170_antibiotics_ps_41,NCI-H2170,gt_image/ncih2170_antibiotics_ps_41.tif,gt_coords/ncih2170_antibiotics_ps_41.npy,150,150,0,gt_mask_cc_conn8_min3
ncih2170_antibiotics_ps_42,NCI-H2170,gt_image/ncih2170_antibiotics_ps_42.tif,gt_coords/ncih2170_antibiotics_ps_42.npy,96,96,0,gt_mask_cc_conn8_min3
ncih2170_antibiotics_ps_43,NCI-H2170,gt_image/ncih2170_antibiotics_ps_43.tif,gt_coords/ncih2170_antibiotics_ps_43.npy,63,68,5,gt_mask_cc_conn8_min3
ncih2170_antibiotics_ps_44,NCI-H2170,gt_image/ncih2170_antibiotics_ps_44.tif,gt_coords/ncih2170_antibiotics_ps_44.npy,829,845,16,gt_mask_cc_conn8_min3
ncih2170_antibiotics_ps_45,NCI-H2170,gt_image/ncih2170_antibiotics_ps_45.tif,gt_coords/ncih2170_antibiotics_ps_45.npy,90,92,2,gt_mask_cc_conn8_min3
ncih2170_antibiotics_ps_46,NCI-H2170,gt_image/ncih2170_antibiotics_ps_46.tif,gt_coords/ncih2170_antibiotics_ps_46.npy,211,211,0,gt_mask_cc_conn8_min3
ncih2170_antibiotics_ps_47,NCI-H2170,gt_image/ncih2170_antibiotics_ps_47.tif,gt_coords/ncih2170_antibiotics_ps_47.npy,220,221,1,gt_mask_cc_conn8_min3
ncih2170_antibiotics_ps_48,NCI-H2170,gt_image/ncih2170_antibiotics_ps_48.tif,gt_coords/ncih2170_antibiotics_ps_48.npy,76,76,0,gt_mask_cc_conn8_min3
ncih2170_antibiotics_ps_49,NCI-H2170,gt_image/ncih2170_antibiotics_ps_49.tif,gt_coords/ncih2170_antibiotics_ps_49.npy,109,111,2,gt_mask_cc_conn8_min3
ncih2170_antibiotics_ps_5,NCI-H2170,gt_image/ncih2170_antibiotics_ps_5.tif,gt_coords/ncih2170_antibiotics_ps_5.npy,235,239,4,gt_mask_cc_conn8_min3
ncih2170_antibiotics_ps_50,NCI-H2170,gt_image/ncih2170_antibiotics_ps_50.tif,gt_coords/ncih2170_antibiotics_ps_50.npy,147,148,1,gt_mask_cc_conn8_min3
ncih2170_antibiotics_ps_54,NCI-H2170,gt_image/ncih2170_antibiotics_ps_54.tif,gt_coords/ncih2170_antibiotics_ps_54.npy,125,125,0,gt_mask_cc_conn8_min3
ncih2170_antibiotics_ps_55,NCI-H2170,gt_image/ncih2170_antibiotics_ps_55.tif,gt_coords/ncih2170_antibiotics_ps_55.npy,212,213,1,gt_mask_cc_conn8_min3
ncih2170_antibiotics_ps_56_a,NCI-H2170,gt_image/ncih2170_antibiotics_ps_56_a.tif,gt_coords/ncih2170_antibiotics_ps_56_a.npy,233,233,0,gt_mask_cc_conn8_min3
ncih2170_antibiotics_ps_56_b,NCI-H2170,gt_image/ncih2170_antibiotics_ps_56_b.tif,gt_coords/ncih2170_antibiotics_ps_56_b.npy,434,454,20,gt_mask_cc_conn8_min3
ncih2170_antibiotics_ps_57,NCI-H2170,gt_image/ncih2170_antibiotics_ps_57.tif,gt_coords/ncih2170_antibiotics_ps_57.npy,70,70,0,gt_mask_cc_conn8_min3
ncih2170_antibiotics_ps_58,NCI-H2170,gt_image/ncih2170_antibiotics_ps_58.tif,gt_coords/ncih2170_antibiotics_ps_58.npy,212,212,0,gt_mask_cc_conn8_min3
ncih2170_antibiotics_ps_59,NCI-H2170,gt_image/ncih2170_antibiotics_ps_59.tif,gt_coords/ncih2170_antibiotics_ps_59.npy,167,167,0,gt_mask_cc_conn8_min3
ncih2170_antibiotics_ps_6,NCI-H2170,gt_image/ncih2170_antibiotics_ps_6.tif,gt_coords/ncih2170_antibiotics_ps_6.npy,147,157,10,gt_mask_cc_conn8_min3
ncih2170_antibiotics_ps_61,NCI-H2170,gt_image/ncih2170_antibiotics_ps_61.tif,gt_coords/ncih2170_antibiotics_ps_61.npy,246,246,0,gt_mask_cc_conn8_min3
ncih2170_antibiotics_ps_62,NCI-H2170,gt_image/ncih2170_antibiotics_ps_62.tif,gt_coords/ncih2170_antibiotics_ps_62.npy,458,458,0,gt_mask_cc_conn8_min3
ncih2170_antibiotics_ps_63,NCI-H2170,gt_image/ncih2170_antibiotics_ps_63.tif,gt_coords/ncih2170_antibiotics_ps_63.npy,862,868,6,gt_mask_cc_conn8_min3
ncih2170_antibiotics_ps_64,NCI-H2170,gt_image/ncih2170_antibiotics_ps_64.tif,gt_coords/ncih2170_antibiotics_ps_64.npy,281,285,4,gt_mask_cc_conn8_min3
ncih2170_antibiotics_ps_65,NCI-H2170,gt_image/ncih2170_antibiotics_ps_65.tif,gt_coords/ncih2170_antibiotics_ps_65.npy,131,131,0,gt_mask_cc_conn8_min3
ncih2170_antibiotics_ps_67,NCI-H2170,gt_image/ncih2170_antibiotics_ps_67.tif,gt_coords/ncih2170_antibiotics_ps_67.npy,153,154,1,gt_mask_cc_conn8_min3
ncih2170_antibiotics_ps_68,NCI-H2170,gt_image/ncih2170_antibiotics_ps_68.tif,gt_coords/ncih2170_antibiotics_ps_68.npy,210,210,0,gt_mask_cc_conn8_min3
ncih2170_antibiotics_ps_69,NCI-H2170,gt_image/ncih2170_antibiotics_ps_69.tif,gt_coords/ncih2170_antibiotics_ps_69.npy,190,192,2,gt_mask_cc_conn8_min3
ncih2170_antibiotics_ps_7,NCI-H2170,gt_image/ncih2170_antibiotics_ps_7.tif,gt_coords/ncih2170_antibiotics_ps_7.npy,191,191,0,gt_mask_cc_conn8_min3
ncih2170_antibiotics_ps_70,NCI-H2170,gt_image/ncih2170_antibiotics_ps_70.tif,gt_coords/ncih2170_antibiotics_ps_70.npy,148,148,0,gt_mask_cc_conn8_min3
ncih2170_antibiotics_ps_71,NCI-H2170,gt_image/ncih2170_antibiotics_ps_71.tif,gt_coords/ncih2170_antibiotics_ps_71.npy,93,103,10,gt_mask_cc_conn8_min3
ncih2170_antibiotics_ps_72,NCI-H2170,gt_image/ncih2170_antibiotics_ps_72.tif,gt_coords/ncih2170_antibiotics_ps_72.npy,139,139,0,gt_mask_cc_conn8_min3
ncih2170_antibiotics_ps_73,NCI-H2170,gt_image/ncih2170_antibiotics_ps_73.tif,gt_coords/ncih2170_antibiotics_ps_73.npy,370,370,0,gt_mask_cc_conn8_min3
ncih2170_antibiotics_ps_74,NCI-H2170,gt_image/ncih2170_antibiotics_ps_74.tif,gt_coords/ncih2170_antibiotics_ps_74.npy,286,303,17,gt_mask_cc_conn8_min3
ncih2170_antibiotics_ps_75,NCI-H2170,gt_image/ncih2170_antibiotics_ps_75.tif,gt_coords/ncih2170_antibiotics_ps_75.npy,88,88,0,gt_mask_cc_conn8_min3
ncih2170_antibiotics_ps_76,NCI-H2170,gt_image/ncih2170_antibiotics_ps_76.tif,gt_coords/ncih2170_antibiotics_ps_76.npy,209,209,0,gt_mask_cc_conn8_min3
ncih2170_antibiotics_ps_77,NCI-H2170,gt_image/ncih2170_antibiotics_ps_77.tif,gt_coords/ncih2170_antibiotics_ps_77.npy,264,287,23,gt_mask_cc_conn8_min3
ncih2170_antibiotics_ps_78,NCI-H2170,gt_image/ncih2170_antibiotics_ps_78.tif,gt_coords/ncih2170_antibiotics_ps_78.npy,164,167,3,gt_mask_cc_conn8_min3
ncih2170_antibiotics_ps_79,NCI-H2170,gt_image/ncih2170_antibiotics_ps_79.tif,gt_coords/ncih2170_antibiotics_ps_79.npy,505,543,38,gt_mask_cc_conn8_min3
ncih2170_antibiotics_ps_8,NCI-H2170,gt_image/ncih2170_antibiotics_ps_8.tif,gt_coords/ncih2170_antibiotics_ps_8.npy,69,69,0,gt_mask_cc_conn8_min3
ncih2170_antibiotics_ps_80,NCI-H2170,gt_image/ncih2170_antibiotics_ps_80.tif,gt_coords/ncih2170_antibiotics_ps_80.npy,286,287,1,gt_mask_cc_conn8_min3
ncih2170_antibiotics_ps_81,NCI-H2170,gt_image/ncih2170_antibiotics_ps_81.tif,gt_coords/ncih2170_antibiotics_ps_81.npy,462,467,5,gt_mask_cc_conn8_min3
ncih2170_antibiotics_ps_82,NCI-H2170,gt_image/ncih2170_antibiotics_ps_82.tif,gt_coords/ncih2170_antibiotics_ps_82.npy,125,125,0,gt_mask_cc_conn8_min3
ncih2170_antibiotics_ps_83,NCI-H2170,gt_image/ncih2170_antibiotics_ps_83.tif,gt_coords/ncih2170_antibiotics_ps_83.npy,126,126,0,gt_mask_cc_conn8_min3
ncih2170_antibiotics_ps_84,NCI-H2170,gt_image/ncih2170_antibiotics_ps_84.tif,gt_coords/ncih2170_antibiotics_ps_84.npy,124,124,0,gt_mask_cc_conn8_min3
ncih2170_antibiotics_ps_85,NCI-H2170,gt_image/ncih2170_antibiotics_ps_85.tif,gt_coords/ncih2170_antibiotics_ps_85.npy,181,181,0,gt_mask_cc_conn8_min3
ncih2170_antibiotics_ps_86,NCI-H2170,gt_image/ncih2170_antibiotics_ps_86.tif,gt_coords/ncih2170_antibiotics_ps_86.npy,119,119,0,gt_mask_cc_conn8_min3
ncih2170_antibiotics_ps_87,NCI-H2170,gt_image/ncih2170_antibiotics_ps_87.tif,gt_coords/ncih2170_antibiotics_ps_87.npy,150,152,2,gt_mask_cc_conn8_min3
ncih2170_antibiotics_ps_88,NCI-H2170,gt_image/ncih2170_antibiotics_ps_88.tif,gt_coords/ncih2170_antibiotics_ps_88.npy,425,431,6,gt_mask_cc_conn8_min3
ncih2170_antibiotics_ps_89,NCI-H2170,gt_image/ncih2170_antibiotics_ps_89.tif,gt_coords/ncih2170_antibiotics_ps_89.npy,117,117,0,gt_mask_cc_conn8_min3
ncih2170_antibiotics_ps_9,NCI-H2170,gt_image/ncih2170_antibiotics_ps_9.tif,gt_coords/ncih2170_antibiotics_ps_9.npy,243,251,8,gt_mask_cc_conn8_min3
ncih2170_antibiotics_ps_90,NCI-H2170,gt_image/ncih2170_antibiotics_ps_90.tif,gt_coords/ncih2170_antibiotics_ps_90.npy,159,159,0,gt_mask_cc_conn8_min3
ncih2170_antibiotics_ps_91,NCI-H2170,gt_image/ncih2170_antibiotics_ps_91.tif,gt_coords/ncih2170_antibiotics_ps_91.npy,132,132,0,gt_mask_cc_conn8_min3
ncih2170_antibiotics_ps_92,NCI-H2170,gt_image/ncih2170_antibiotics_ps_92.tif,gt_coords/ncih2170_antibiotics_ps_92.npy,203,208,5,gt_mask_cc_conn8_min3
ncih2170_antibiotics_ps_93,NCI-H2170,gt_image/ncih2170_antibiotics_ps_93.tif,gt_coords/ncih2170_antibiotics_ps_93.npy,550,553,3,gt_mask_cc_conn8_min3
ncih2170_antibiotics_ps_94,NCI-H2170,gt_image/ncih2170_antibiotics_ps_94.tif,gt_coords/ncih2170_antibiotics_ps_94.npy,147,148,1,gt_mask_cc_conn8_min3
ncih2170_antibiotics_ps_95,NCI-H2170,gt_image/ncih2170_antibiotics_ps_95.tif,gt_coords/ncih2170_antibiotics_ps_95.npy,350,353,3,gt_mask_cc_conn8_min3
ncih2170_antibiotics_ps_96,NCI-H2170,gt_image/ncih2170_antibiotics_ps_96.tif,gt_coords/ncih2170_antibiotics_ps_96.npy,354,355,1,gt_mask_cc_conn8_min3
ncih2170_antibiotics_ps_97,NCI-H2170,gt_image/ncih2170_antibiotics_ps_97.tif,gt_coords/ncih2170_antibiotics_ps_97.npy,136,136,0,gt_mask_cc_conn8_min3
ncih2170_antibiotics_ps_98_a,NCI-H2170,gt_image/ncih2170_antibiotics_ps_98_a.tif,gt_coords/ncih2170_antibiotics_ps_98_a.npy,98,98,0,gt_mask_cc_conn8_min3
ncih2170_antibiotics_ps_98_b,NCI-H2170,gt_image/ncih2170_antibiotics_ps_98_b.tif,gt_coords/ncih2170_antibiotics_ps_98_b.npy,229,302,73,gt_mask_cc_conn8_min3
ncih2170_antibiotics_ps_99,NCI-H2170,gt_image/ncih2170_antibiotics_ps_99.tif,gt_coords/ncih2170_antibiotics_ps_99.npy,83,83,0,gt_mask_cc_conn8_min3
ncih2170_antibiotics_ps_g_100,NCI-H2170,gt_image/ncih2170_antibiotics_ps_g_100.tif,gt_coords/ncih2170_antibiotics_ps_g_100.npy,274,274,0,gt_mask_cc_conn8_min3
ncih2170_antibiotics_ps_g_101,NCI-H2170,gt_image/ncih2170_antibiotics_ps_g_101.tif,gt_coords/ncih2170_antibiotics_ps_g_101.npy,93,93,0,gt_mask_cc_conn8_min3
ncih2170_antibiotics_ps_g_102,NCI-H2170,gt_image/ncih2170_antibiotics_ps_g_102.tif,gt_coords/ncih2170_antibiotics_ps_g_102.npy,217,217,0,gt_mask_cc_conn8_min3
ncih2170_antibiotics_ps_g_103,NCI-H2170,gt_image/ncih2170_antibiotics_ps_g_103.tif,gt_coords/ncih2170_antibiotics_ps_g_103.npy,801,804,3,gt_mask_cc_conn8_min3
ncih2170_antibiotics_ps_g_104,NCI-H2170,gt_image/ncih2170_antibiotics_ps_g_104.tif,gt_coords/ncih2170_antibiotics_ps_g_104.npy,92,92,0,gt_mask_cc_conn8_min3
ncih2170_antibiotics_ps_g_105,NCI-H2170,gt_image/ncih2170_antibiotics_ps_g_105.tif,gt_coords/ncih2170_antibiotics_ps_g_105.npy,151,154,3,gt_mask_cc_conn8_min3
ncih2170_antibiotics_ps_g_106,NCI-H2170,gt_image/ncih2170_antibiotics_ps_g_106.tif,gt_coords/ncih2170_antibiotics_ps_g_106.npy,246,246,0,gt_mask_cc_conn8_min3
ncih2170_antibiotics_ps_g_107_a,NCI-H2170,gt_image/ncih2170_antibiotics_ps_g_107_a.tif,gt_coords/ncih2170_antibiotics_ps_g_107_a.npy,103,103,0,gt_mask_cc_conn8_min3
ncih2170_antibiotics_ps_g_107_b,NCI-H2170,gt_image/ncih2170_antibiotics_ps_g_107_b.tif,gt_coords/ncih2170_antibiotics_ps_g_107_b.npy,128,130,2,gt_mask_cc_conn8_min3
ncih2170_antibiotics_ps_g_108,NCI-H2170,gt_image/ncih2170_antibiotics_ps_g_108.tif,gt_coords/ncih2170_antibiotics_ps_g_108.npy,83,83,0,gt_mask_cc_conn8_min3
ncih2170_antibiotics_ps_g_109,NCI-H2170,gt_image/ncih2170_antibiotics_ps_g_109.tif,gt_coords/ncih2170_antibiotics_ps_g_109.npy,231,231,0,gt_mask_cc_conn8_min3
ncih2170_antibiotics_ps_g_110,NCI-H2170,gt_image/ncih2170_antibiotics_ps_g_110.tif,gt_coords/ncih2170_antibiotics_ps_g_110.npy,66,66,0,gt_mask_cc_conn8_min3
ncih2170_antibiotics_ps_g_111,NCI-H2170,gt_image/ncih2170_antibiotics_ps_g_111.tif,gt_coords/ncih2170_antibiotics_ps_g_111.npy,152,152,0,gt_mask_cc_conn8_min3
ncih2170_antibiotics_ps_g_112,NCI-H2170,gt_image/ncih2170_antibiotics_ps_g_112.tif,gt_coords/ncih2170_antibiotics_ps_g_112.npy,184,184,0,gt_mask_cc_conn8_min3
ncih2170_antibiotics_ps_g_113,NCI-H2170,gt_image/ncih2170_antibiotics_ps_g_113.tif,gt_coords/ncih2170_antibiotics_ps_g_113.npy,79,79,0,gt_mask_cc_conn8_min3
ncih2170_antibiotics_ps_g_114,NCI-H2170,gt_image/ncih2170_antibiotics_ps_g_114.tif,gt_coords/ncih2170_antibiotics_ps_g_114.npy,202,206,4,gt_mask_cc_conn8_min3
ncih2170_antibiotics_ps_g_115,NCI-H2170,gt_image/ncih2170_antibiotics_ps_g_115.tif,gt_coords/ncih2170_antibiotics_ps_g_115.npy,296,296,0,gt_mask_cc_conn8_min3
ncih2170_antibiotics_ps_g_116,NCI-H2170,gt_image/ncih2170_antibiotics_ps_g_116.tif,gt_coords/ncih2170_antibiotics_ps_g_116.npy,107,108,1,gt_mask_cc_conn8_min3
ncih2170_antibiotics_ps_g_36,NCI-H2170,gt_image/ncih2170_antibiotics_ps_g_36.tif,gt_coords/ncih2170_antibiotics_ps_g_36.npy,912,933,21,gt_mask_cc_conn8_min3
ncih2170_antibiotics_ps_g_37,NCI-H2170,gt_image/ncih2170_antibiotics_ps_g_37.tif,gt_coords/ncih2170_antibiotics_ps_g_37.npy,283,283,0,gt_mask_cc_conn8_min3
ncih2170_antibiotics_ps_g_38,NCI-H2170,gt_image/ncih2170_antibiotics_ps_g_38.tif,gt_coords/ncih2170_antibiotics_ps_g_38.npy,223,225,2,gt_mask_cc_conn8_min3
ncih2170_antibiotics_ps_g_39,NCI-H2170,gt_image/ncih2170_antibiotics_ps_g_39.tif,gt_coords/ncih2170_antibiotics_ps_g_39.npy,58,58,0,gt_mask_cc_conn8_min3
ncih2170_antibiotics_ps_g_40,NCI-H2170,gt_image/ncih2170_antibiotics_ps_g_40.tif,gt_coords/ncih2170_antibiotics_ps_g_40.npy,98,98,0,gt_mask_cc_conn8_min3
ncih2170_antibiotics_ps_g_41,NCI-H2170,gt_image/ncih2170_antibiotics_ps_g_41.tif,gt_coords/ncih2170_antibiotics_ps_g_41.npy,77,77,0,gt_mask_cc_conn8_min3
ncih2170_antibiotics_ps_g_42,NCI-H2170,gt_image/ncih2170_antibiotics_ps_g_42.tif,gt_coords/ncih2170_antibiotics_ps_g_42.npy,245,246,1,gt_mask_cc_conn8_min3
ncih2170_antibiotics_ps_g_43,NCI-H2170,gt_image/ncih2170_antibiotics_ps_g_43.tif,gt_coords/ncih2170_antibiotics_ps_g_43.npy,491,496,5,gt_mask_cc_conn8_min3
ncih2170_antibiotics_ps_g_44_a,NCI-H2170,gt_image/ncih2170_antibiotics_ps_g_44_a.tif,gt_coords/ncih2170_antibiotics_ps_g_44_a.npy,52,52,0,gt_mask_cc_conn8_min3
ncih2170_antibiotics_ps_g_44_b,NCI-H2170,gt_image/ncih2170_antibiotics_ps_g_44_b.tif,gt_coords/ncih2170_antibiotics_ps_g_44_b.npy,212,213,1,gt_mask_cc_conn8_min3
ncih2170_antibiotics_ps_g_45,NCI-H2170,gt_image/ncih2170_antibiotics_ps_g_45.tif,gt_coords/ncih2170_antibiotics_ps_g_45.npy,94,94,0,gt_mask_cc_conn8_min3
ncih2170_antibiotics_ps_g_46,NCI-H2170,gt_image/ncih2170_antibiotics_ps_g_46.tif,gt_coords/ncih2170_antibiotics_ps_g_46.npy,148,149,1,gt_mask_cc_conn8_min3
ncih2170_antibiotics_ps_g_47,NCI-H2170,gt_image/ncih2170_antibiotics_ps_g_47.tif,gt_coords/ncih2170_antibiotics_ps_g_47.npy,506,513,7,gt_mask_cc_conn8_min3
ncih2170_antibiotics_ps_g_48,NCI-H2170,gt_image/ncih2170_antibiotics_ps_g_48.tif,gt_coords/ncih2170_antibiotics_ps_g_48.npy,362,363,1,gt_mask_cc_conn8_min3
ncih2170_antibiotics_ps_g_49,NCI-H2170,gt_image/ncih2170_antibiotics_ps_g_49.tif,gt_coords/ncih2170_antibiotics_ps_g_49.npy,446,449,3,gt_mask_cc_conn8_min3
ncih2170_antibiotics_ps_g_50,NCI-H2170,gt_image/ncih2170_antibiotics_ps_g_50.tif,gt_coords/ncih2170_antibiotics_ps_g_50.npy,285,285,0,gt_mask_cc_conn8_min3
ncih2170_antibiotics_ps_g_51,NCI-H2170,gt_image/ncih2170_antibiotics_ps_g_51.tif,gt_coords/ncih2170_antibiotics_ps_g_51.npy,86,86,0,gt_mask_cc_conn8_min3
ncih2170_antibiotics_ps_g_52,NCI-H2170,gt_image/ncih2170_antibiotics_ps_g_52.tif,gt_coords/ncih2170_antibiotics_ps_g_52.npy,329,329,0,gt_mask_cc_conn8_min3
ncih2170_antibiotics_ps_g_53,NCI-H2170,gt_image/ncih2170_antibiotics_ps_g_53.tif,gt_coords/ncih2170_antibiotics_ps_g_53.npy,204,204,0,gt_mask_cc_conn8_min3
ncih2170_antibiotics_ps_g_54,NCI-H2170,gt_image/ncih2170_antibiotics_ps_g_54.tif,gt_coords/ncih2170_antibiotics_ps_g_54.npy,182,182,0,gt_mask_cc_conn8_min3
ncih2170_antibiotics_ps_g_55,NCI-H2170,gt_image/ncih2170_antibiotics_ps_g_55.tif,gt_coords/ncih2170_antibiotics_ps_g_55.npy,375,375,0,gt_mask_cc_conn8_min3
ncih2170_antibiotics_ps_g_56,NCI-H2170,gt_image/ncih2170_antibiotics_ps_g_56.tif,gt_coords/ncih2170_antibiotics_ps_g_56.npy,174,174,0,gt_mask_cc_conn8_min3
ncih2170_antibiotics_ps_g_57,NCI-H2170,gt_image/ncih2170_antibiotics_ps_g_57.tif,gt_coords/ncih2170_antibiotics_ps_g_57.npy,105,105,0,gt_mask_cc_conn8_min3
ncih2170_antibiotics_ps_g_58,NCI-H2170,gt_image/ncih2170_antibiotics_ps_g_58.tif,gt_coords/ncih2170_antibiotics_ps_g_58.npy,143,143,0,gt_mask_cc_conn8_min3
ncih2170_antibiotics_ps_g_59,NCI-H2170,gt_image/ncih2170_antibiotics_ps_g_59.tif,gt_coords/ncih2170_antibiotics_ps_g_59.npy,260,262,2,gt_mask_cc_conn8_min3
ncih2170_antibiotics_ps_g_60,NCI-H2170,gt_image/ncih2170_antibiotics_ps_g_60.tif,gt_coords/ncih2170_antibiotics_ps_g_60.npy,76,76,0,gt_mask_cc_conn8_min3
ncih2170_antibiotics_ps_g_61,NCI-H2170,gt_image/ncih2170_antibiotics_ps_g_61.tif,gt_coords/ncih2170_antibiotics_ps_g_61.npy,181,181,0,gt_mask_cc_conn8_min3
ncih2170_antibiotics_ps_g_62,NCI-H2170,gt_image/ncih2170_antibiotics_ps_g_62.tif,gt_coords/ncih2170_antibiotics_ps_g_62.npy,244,244,0,gt_mask_cc_conn8_min3
ncih2170_antibiotics_ps_g_63,NCI-H2170,gt_image/ncih2170_antibiotics_ps_g_63.tif,gt_coords/ncih2170_antibiotics_ps_g_63.npy,78,78,0,gt_mask_cc_conn8_min3
ncih2170_antibiotics_ps_g_64,NCI-H2170,gt_image/ncih2170_antibiotics_ps_g_64.tif,gt_coords/ncih2170_antibiotics_ps_g_64.npy,340,352,12,gt_mask_cc_conn8_min3
ncih2170_antibiotics_ps_g_65,NCI-H2170,gt_image/ncih2170_antibiotics_ps_g_65.tif,gt_coords/ncih2170_antibiotics_ps_g_65.npy,192,193,1,gt_mask_cc_conn8_min3
ncih2170_antibiotics_ps_g_66,NCI-H2170,gt_image/ncih2170_antibiotics_ps_g_66.tif,gt_coords/ncih2170_antibiotics_ps_g_66.npy,79,79,0,gt_mask_cc_conn8_min3
ncih2170_antibiotics_ps_g_67,NCI-H2170,gt_image/ncih2170_antibiotics_ps_g_67.tif,gt_coords/ncih2170_antibiotics_ps_g_67.npy,90,90,0,gt_mask_cc_conn8_min3
ncih2170_antibiotics_ps_g_68,NCI-H2170,gt_image/ncih2170_antibiotics_ps_g_68.tif,gt_coords/ncih2170_antibiotics_ps_g_68.npy,78,78,0,gt_mask_cc_conn8_min3
ncih2170_antibiotics_ps_g_69,NCI-H2170,gt_image/ncih2170_antibiotics_ps_g_69.tif,gt_coords/ncih2170_antibiotics_ps_g_69.npy,46,46,0,gt_mask_cc_conn8_min3
ncih2170_antibiotics_ps_g_70,NCI-H2170,gt_image/ncih2170_antibiotics_ps_g_70.tif,gt_coords/ncih2170_antibiotics_ps_g_70.npy,206,206,0,gt_mask_cc_conn8_min3
ncih2170_antibiotics_ps_g_71,NCI-H2170,gt_image/ncih2170_antibiotics_ps_g_71.tif,gt_coords/ncih2170_antibiotics_ps_g_71.npy,157,157,0,gt_mask_cc_conn8_min3
ncih2170_antibiotics_ps_g_72,NCI-H2170,gt_image/ncih2170_antibiotics_ps_g_72.tif,gt_coords/ncih2170_antibiotics_ps_g_72.npy,138,138,0,gt_mask_cc_conn8_min3
ncih2170_antibiotics_ps_g_73,NCI-H2170,gt_image/ncih2170_antibiotics_ps_g_73.tif,gt_coords/ncih2170_antibiotics_ps_g_73.npy,93,93,0,gt_mask_cc_conn8_min3
ncih2170_antibiotics_ps_g_74,NCI-H2170,gt_image/ncih2170_antibiotics_ps_g_74.tif,gt_coords/ncih2170_antibiotics_ps_g_74.npy,213,213,0,gt_mask_cc_conn8_min3
ncih2170_antibiotics_ps_g_75,NCI-H2170,gt_image/ncih2170_antibiotics_ps_g_75.tif,gt_coords/ncih2170_antibiotics_ps_g_75.npy,180,180,0,gt_mask_cc_conn8_min3
ncih2170_antibiotics_ps_g_76,NCI-H2170,gt_image/ncih2170_antibiotics_ps_g_76.tif,gt_coords/ncih2170_antibiotics_ps_g_76.npy,90,90,0,gt_mask_cc_conn8_min3
ncih2170_antibiotics_ps_g_77,NCI-H2170,gt_image/ncih2170_antibiotics_ps_g_77.tif,gt_coords/ncih2170_antibiotics_ps_g_77.npy,112,112,0,gt_mask_cc_conn8_min3
ncih2170_antibiotics_ps_g_78,NCI-H2170,gt_image/ncih2170_antibiotics_ps_g_78.tif,gt_coords/ncih2170_antibiotics_ps_g_78.npy,293,304,11,gt_mask_cc_conn8_min3
ncih2170_antibiotics_ps_g_79,NCI-H2170,gt_image/ncih2170_antibiotics_ps_g_79.tif,gt_coords/ncih2170_antibiotics_ps_g_79.npy,345,354,9,gt_mask_cc_conn8_min3
ncih2170_antibiotics_ps_g_80,NCI-H2170,gt_image/ncih2170_antibiotics_ps_g_80.tif,gt_coords/ncih2170_antibiotics_ps_g_80.npy,148,148,0,gt_mask_cc_conn8_min3
ncih2170_antibiotics_ps_g_81,NCI-H2170,gt_image/ncih2170_antibiotics_ps_g_81.tif,gt_coords/ncih2170_antibiotics_ps_g_81.npy,150,150,0,gt_mask_cc_conn8_min3
ncih2170_antibiotics_ps_g_82,NCI-H2170,gt_image/ncih2170_antibiotics_ps_g_82.tif,gt_coords/ncih2170_antibiotics_ps_g_82.npy,350,353,3,gt_mask_cc_conn8_min3
ncih2170_antibiotics_ps_g_83,NCI-H2170,gt_image/ncih2170_antibiotics_ps_g_83.tif,gt_coords/ncih2170_antibiotics_ps_g_83.npy,862,867,5,gt_mask_cc_conn8_min3
ncih2170_antibiotics_ps_g_84,NCI-H2170,gt_image/ncih2170_antibiotics_ps_g_84.tif,gt_coords/ncih2170_antibiotics_ps_g_84.npy,129,129,0,gt_mask_cc_conn8_min3
ncih2170_antibiotics_ps_g_85,NCI-H2170,gt_image/ncih2170_antibiotics_ps_g_85.tif,gt_coords/ncih2170_antibiotics_ps_g_85.npy,289,289,0,gt_mask_cc_conn8_min3
ncih2170_antibiotics_ps_g_86,NCI-H2170,gt_image/ncih2170_antibiotics_ps_g_86.tif,gt_coords/ncih2170_antibiotics_ps_g_86.npy,85,85,0,gt_mask_cc_conn8_min3
ncih2170_antibiotics_ps_g_87,NCI-H2170,gt_image/ncih2170_antibiotics_ps_g_87.tif,gt_coords/ncih2170_antibiotics_ps_g_87.npy,175,175,0,gt_mask_cc_conn8_min3
ncih2170_antibiotics_ps_g_88_a,NCI-H2170,gt_image/ncih2170_antibiotics_ps_g_88_a.tif,gt_coords/ncih2170_antibiotics_ps_g_88_a.npy,115,117,2,gt_mask_cc_conn8_min3
ncih2170_antibiotics_ps_g_88_b,NCI-H2170,gt_image/ncih2170_antibiotics_ps_g_88_b.tif,gt_coords/ncih2170_antibiotics_ps_g_88_b.npy,121,123,2,gt_mask_cc_conn8_min3
ncih2170_antibiotics_ps_g_89,NCI-H2170,gt_image/ncih2170_antibiotics_ps_g_89.tif,gt_coords/ncih2170_antibiotics_ps_g_89.npy,103,103,0,gt_mask_cc_conn8_min3
ncih2170_antibiotics_ps_g_90,NCI-H2170,gt_image/ncih2170_antibiotics_ps_g_90.tif,gt_coords/ncih2170_antibiotics_ps_g_90.npy,127,127,0,gt_mask_cc_conn8_min3
ncih2170_antibiotics_ps_g_91,NCI-H2170,gt_image/ncih2170_antibiotics_ps_g_91.tif,gt_coords/ncih2170_antibiotics_ps_g_91.npy,560,570,10,gt_mask_cc_conn8_min3
ncih2170_antibiotics_ps_g_92,NCI-H2170,gt_image/ncih2170_antibiotics_ps_g_92.tif,gt_coords/ncih2170_antibiotics_ps_g_92.npy,145,145,0,gt_mask_cc_conn8_min3
ncih2170_antibiotics_ps_g_93,NCI-H2170,gt_image/ncih2170_antibiotics_ps_g_93.tif,gt_coords/ncih2170_antibiotics_ps_g_93.npy,300,317,17,gt_mask_cc_conn8_min3
ncih2170_antibiotics_ps_g_94,NCI-H2170,gt_image/ncih2170_antibiotics_ps_g_94.tif,gt_coords/ncih2170_antibiotics_ps_g_94.npy,235,235,0,gt_mask_cc_conn8_min3
ncih2170_antibiotics_ps_g_95,NCI-H2170,gt_image/ncih2170_antibiotics_ps_g_95.tif,gt_coords/ncih2170_antibiotics_ps_g_95.npy,180,180,0,gt_mask_cc_conn8_min3
ncih2170_antibiotics_ps_g_96,NCI-H2170,gt_image/ncih2170_antibiotics_ps_g_96.tif,gt_coords/ncih2170_antibiotics_ps_g_96.npy,521,522,1,gt_mask_cc_conn8_min3
ncih2170_antibiotics_ps_g_97,NCI-H2170,gt_image/ncih2170_antibiotics_ps_g_97.tif,gt_coords/ncih2170_antibiotics_ps_g_97.npy,252,252,0,gt_mask_cc_conn8_min3
ncih2170_antibiotics_ps_g_98,NCI-H2170,gt_image/ncih2170_antibiotics_ps_g_98.tif,gt_coords/ncih2170_antibiotics_ps_g_98.npy,167,167,0,gt_mask_cc_conn8_min3
ncih2170_antibiotics_ps_g_99,NCI-H2170,gt_image/ncih2170_antibiotics_ps_g_99.tif,gt_coords/ncih2170_antibiotics_ps_g_99.npy,867,871,4,gt_mask_cc_conn8_min3
ncih2170_cart_72h_blank_ctrl_1,NCI-H2170,gt_image/ncih2170_cart_72h_blank_ctrl_1.tif,gt_coords/ncih2170_cart_72h_blank_ctrl_1.npy,316,317,1,gt_mask_cc_conn8_min3
ncih2170_cart_72h_blank_ctrl_10,NCI-H2170,gt_image/ncih2170_cart_72h_blank_ctrl_10.tif,gt_coords/ncih2170_cart_72h_blank_ctrl_10.npy,154,155,1,gt_mask_cc_conn8_min3
ncih2170_cart_72h_blank_ctrl_100,NCI-H2170,gt_image/ncih2170_cart_72h_blank_ctrl_100.tif,gt_coords/ncih2170_cart_72h_blank_ctrl_100.npy,109,109,0,gt_mask_cc_conn8_min3
ncih2170_cart_72h_blank_ctrl_11,NCI-H2170,gt_image/ncih2170_cart_72h_blank_ctrl_11.tif,gt_coords/ncih2170_cart_72h_blank_ctrl_11.npy,276,279,3,gt_mask_cc_conn8_min3
ncih2170_cart_72h_blank_ctrl_12,NCI-H2170,gt_image/ncih2170_cart_72h_blank_ctrl_12.tif,gt_coords/ncih2170_cart_72h_blank_ctrl_12.npy,153,157,4,gt_mask_cc_conn8_min3
ncih2170_cart_72h_blank_ctrl_13,NCI-H2170,gt_image/ncih2170_cart_72h_blank_ctrl_13.tif,gt_coords/ncih2170_cart_72h_blank_ctrl_13.npy,102,110,8,gt_mask_cc_conn8_min3
ncih2170_cart_72h_blank_ctrl_14,NCI-H2170,gt_image/ncih2170_cart_72h_blank_ctrl_14.tif,gt_coords/ncih2170_cart_72h_blank_ctrl_14.npy,148,151,3,gt_mask_cc_conn8_min3
ncih2170_cart_72h_blank_ctrl_15,NCI-H2170,gt_image/ncih2170_cart_72h_blank_ctrl_15.tif,gt_coords/ncih2170_cart_72h_blank_ctrl_15.npy,281,285,4,gt_mask_cc_conn8_min3
ncih2170_cart_72h_blank_ctrl_16,NCI-H2170,gt_image/ncih2170_cart_72h_blank_ctrl_16.tif,gt_coords/ncih2170_cart_72h_blank_ctrl_16.npy,186,198,12,gt_mask_cc_conn8_min3
ncih2170_cart_72h_blank_ctrl_17,NCI-H2170,gt_image/ncih2170_cart_72h_blank_ctrl_17.tif,gt_coords/ncih2170_cart_72h_blank_ctrl_17.npy,139,141,2,gt_mask_cc_conn8_min3
ncih2170_cart_72h_blank_ctrl_19,NCI-H2170,gt_image/ncih2170_cart_72h_blank_ctrl_19.tif,gt_coords/ncih2170_cart_72h_blank_ctrl_19.npy,210,211,1,gt_mask_cc_conn8_min3
ncih2170_cart_72h_blank_ctrl_2,NCI-H2170,gt_image/ncih2170_cart_72h_blank_ctrl_2.tif,gt_coords/ncih2170_cart_72h_blank_ctrl_2.npy,61,61,0,gt_mask_cc_conn8_min3
ncih2170_cart_72h_blank_ctrl_20,NCI-H2170,gt_image/ncih2170_cart_72h_blank_ctrl_20.tif,gt_coords/ncih2170_cart_72h_blank_ctrl_20.npy,220,220,0,gt_mask_cc_conn8_min3
ncih2170_cart_72h_blank_ctrl_21,NCI-H2170,gt_image/ncih2170_cart_72h_blank_ctrl_21.tif,gt_coords/ncih2170_cart_72h_blank_ctrl_21.npy,325,327,2,gt_mask_cc_conn8_min3
ncih2170_cart_72h_blank_ctrl_22,NCI-H2170,gt_image/ncih2170_cart_72h_blank_ctrl_22.tif,gt_coords/ncih2170_cart_72h_blank_ctrl_22.npy,116,117,1,gt_mask_cc_conn8_min3
ncih2170_cart_72h_blank_ctrl_23,NCI-H2170,gt_image/ncih2170_cart_72h_blank_ctrl_23.tif,gt_coords/ncih2170_cart_72h_blank_ctrl_23.npy,271,271,0,gt_mask_cc_conn8_min3
ncih2170_cart_72h_blank_ctrl_24,NCI-H2170,gt_image/ncih2170_cart_72h_blank_ctrl_24.tif,gt_coords/ncih2170_cart_72h_blank_ctrl_24.npy,136,148,12,gt_mask_cc_conn8_min3
ncih2170_cart_72h_blank_ctrl_25,NCI-H2170,gt_image/ncih2170_cart_72h_blank_ctrl_25.tif,gt_coords/ncih2170_cart_72h_blank_ctrl_25.npy,113,113,0,gt_mask_cc_conn8_min3
ncih2170_cart_72h_blank_ctrl_26,NCI-H2170,gt_image/ncih2170_cart_72h_blank_ctrl_26.tif,gt_coords/ncih2170_cart_72h_blank_ctrl_26.npy,162,166,4,gt_mask_cc_conn8_min3
ncih2170_cart_72h_blank_ctrl_27,NCI-H2170,gt_image/ncih2170_cart_72h_blank_ctrl_27.tif,gt_coords/ncih2170_cart_72h_blank_ctrl_27.npy,121,123,2,gt_mask_cc_conn8_min3
ncih2170_cart_72h_blank_ctrl_28,NCI-H2170,gt_image/ncih2170_cart_72h_blank_ctrl_28.tif,gt_coords/ncih2170_cart_72h_blank_ctrl_28.npy,191,200,9,gt_mask_cc_conn8_min3
ncih2170_cart_72h_blank_ctrl_29,NCI-H2170,gt_image/ncih2170_cart_72h_blank_ctrl_29.tif,gt_coords/ncih2170_cart_72h_blank_ctrl_29.npy,209,211,2,gt_mask_cc_conn8_min3
ncih2170_cart_72h_blank_ctrl_3,NCI-H2170,gt_image/ncih2170_cart_72h_blank_ctrl_3.tif,gt_coords/ncih2170_cart_72h_blank_ctrl_3.npy,125,125,0,gt_mask_cc_conn8_min3
ncih2170_cart_72h_blank_ctrl_30,NCI-H2170,gt_image/ncih2170_cart_72h_blank_ctrl_30.tif,gt_coords/ncih2170_cart_72h_blank_ctrl_30.npy,406,419,13,gt_mask_cc_conn8_min3
ncih2170_cart_72h_blank_ctrl_31,NCI-H2170,gt_image/ncih2170_cart_72h_blank_ctrl_31.tif,gt_coords/ncih2170_cart_72h_blank_ctrl_31.npy,103,103,0,gt_mask_cc_conn8_min3
ncih2170_cart_72h_blank_ctrl_32,NCI-H2170,gt_image/ncih2170_cart_72h_blank_ctrl_32.tif,gt_coords/ncih2170_cart_72h_blank_ctrl_32.npy,99,118,19,gt_mask_cc_conn8_min3
ncih2170_cart_72h_blank_ctrl_33,NCI-H2170,gt_image/ncih2170_cart_72h_blank_ctrl_33.tif,gt_coords/ncih2170_cart_72h_blank_ctrl_33.npy,80,83,3,gt_mask_cc_conn8_min3
ncih2170_cart_72h_blank_ctrl_34,NCI-H2170,gt_image/ncih2170_cart_72h_blank_ctrl_34.tif,gt_coords/ncih2170_cart_72h_blank_ctrl_34.npy,88,92,4,gt_mask_cc_conn8_min3
ncih2170_cart_72h_blank_ctrl_35,NCI-H2170,gt_image/ncih2170_cart_72h_blank_ctrl_35.tif,gt_coords/ncih2170_cart_72h_blank_ctrl_35.npy,168,173,5,gt_mask_cc_conn8_min3
ncih2170_cart_72h_blank_ctrl_36,NCI-H2170,gt_image/ncih2170_cart_72h_blank_ctrl_36.tif,gt_coords/ncih2170_cart_72h_blank_ctrl_36.npy,86,86,0,gt_mask_cc_conn8_min3
ncih2170_cart_72h_blank_ctrl_37,NCI-H2170,gt_image/ncih2170_cart_72h_blank_ctrl_37.tif,gt_coords/ncih2170_cart_72h_blank_ctrl_37.npy,50,50,0,gt_mask_cc_conn8_min3
ncih2170_cart_72h_blank_ctrl_38,NCI-H2170,gt_image/ncih2170_cart_72h_blank_ctrl_38.tif,gt_coords/ncih2170_cart_72h_blank_ctrl_38.npy,156,161,5,gt_mask_cc_conn8_min3
ncih2170_cart_72h_blank_ctrl_39,NCI-H2170,gt_image/ncih2170_cart_72h_blank_ctrl_39.tif,gt_coords/ncih2170_cart_72h_blank_ctrl_39.npy,189,197,8,gt_mask_cc_conn8_min3
ncih2170_cart_72h_blank_ctrl_4,NCI-H2170,gt_image/ncih2170_cart_72h_blank_ctrl_4.tif,gt_coords/ncih2170_cart_72h_blank_ctrl_4.npy,372,374,2,gt_mask_cc_conn8_min3
ncih2170_cart_72h_blank_ctrl_40,NCI-H2170,gt_image/ncih2170_cart_72h_blank_ctrl_40.tif,gt_coords/ncih2170_cart_72h_blank_ctrl_40.npy,94,106,12,gt_mask_cc_conn8_min3
ncih2170_cart_72h_blank_ctrl_41,NCI-H2170,gt_image/ncih2170_cart_72h_blank_ctrl_41.tif,gt_coords/ncih2170_cart_72h_blank_ctrl_41.npy,340,387,47,gt_mask_cc_conn8_min3
ncih2170_cart_72h_blank_ctrl_42,NCI-H2170,gt_image/ncih2170_cart_72h_blank_ctrl_42.tif,gt_coords/ncih2170_cart_72h_blank_ctrl_42.npy,246,256,10,gt_mask_cc_conn8_min3
ncih2170_cart_72h_blank_ctrl_43,NCI-H2170,gt_image/ncih2170_cart_72h_blank_ctrl_43.tif,gt_coords/ncih2170_cart_72h_blank_ctrl_43.npy,150,153,3,gt_mask_cc_conn8_min3
ncih2170_cart_72h_blank_ctrl_44,NCI-H2170,gt_image/ncih2170_cart_72h_blank_ctrl_44.tif,gt_coords/ncih2170_cart_72h_blank_ctrl_44.npy,91,93,2,gt_mask_cc_conn8_min3
ncih2170_cart_72h_blank_ctrl_45,NCI-H2170,gt_image/ncih2170_cart_72h_blank_ctrl_45.tif,gt_coords/ncih2170_cart_72h_blank_ctrl_45.npy,250,266,16,gt_mask_cc_conn8_min3
ncih2170_cart_72h_blank_ctrl_46,NCI-H2170,gt_image/ncih2170_cart_72h_blank_ctrl_46.tif,gt_coords/ncih2170_cart_72h_blank_ctrl_46.npy,137,143,6,gt_mask_cc_conn8_min3
ncih2170_cart_72h_blank_ctrl_47,NCI-H2170,gt_image/ncih2170_cart_72h_blank_ctrl_47.tif,gt_coords/ncih2170_cart_72h_blank_ctrl_47.npy,50,50,0,gt_mask_cc_conn8_min3
ncih2170_cart_72h_blank_ctrl_48,NCI-H2170,gt_image/ncih2170_cart_72h_blank_ctrl_48.tif,gt_coords/ncih2170_cart_72h_blank_ctrl_48.npy,168,178,10,gt_mask_cc_conn8_min3
ncih2170_cart_72h_blank_ctrl_49,NCI-H2170,gt_image/ncih2170_cart_72h_blank_ctrl_49.tif,gt_coords/ncih2170_cart_72h_blank_ctrl_49.npy,218,234,16,gt_mask_cc_conn8_min3
ncih2170_cart_72h_blank_ctrl_5,NCI-H2170,gt_image/ncih2170_cart_72h_blank_ctrl_5.tif,gt_coords/ncih2170_cart_72h_blank_ctrl_5.npy,94,94,0,gt_mask_cc_conn8_min3
ncih2170_cart_72h_blank_ctrl_50,NCI-H2170,gt_image/ncih2170_cart_72h_blank_ctrl_50.tif,gt_coords/ncih2170_cart_72h_blank_ctrl_50.npy,149,176,27,gt_mask_cc_conn8_min3
ncih2170_cart_72h_blank_ctrl_51,NCI-H2170,gt_image/ncih2170_cart_72h_blank_ctrl_51.tif,gt_coords/ncih2170_cart_72h_blank_ctrl_51.npy,48,48,0,gt_mask_cc_conn8_min3
ncih2170_cart_72h_blank_ctrl_52,NCI-H2170,gt_image/ncih2170_cart_72h_blank_ctrl_52.tif,gt_coords/ncih2170_cart_72h_blank_ctrl_52.npy,246,248,2,gt_mask_cc_conn8_min3
ncih2170_cart_72h_blank_ctrl_53,NCI-H2170,gt_image/ncih2170_cart_72h_blank_ctrl_53.tif,gt_coords/ncih2170_cart_72h_blank_ctrl_53.npy,56,56,0,gt_mask_cc_conn8_min3
ncih2170_cart_72h_blank_ctrl_54,NCI-H2170,gt_image/ncih2170_cart_72h_blank_ctrl_54.tif,gt_coords/ncih2170_cart_72h_blank_ctrl_54.npy,78,81,3,gt_mask_cc_conn8_min3
ncih2170_cart_72h_blank_ctrl_55,NCI-H2170,gt_image/ncih2170_cart_72h_blank_ctrl_55.tif,gt_coords/ncih2170_cart_72h_blank_ctrl_55.npy,56,56,0,gt_mask_cc_conn8_min3
ncih2170_cart_72h_blank_ctrl_56,NCI-H2170,gt_image/ncih2170_cart_72h_blank_ctrl_56.tif,gt_coords/ncih2170_cart_72h_blank_ctrl_56.npy,132,132,0,gt_mask_cc_conn8_min3
ncih2170_cart_72h_blank_ctrl_57,NCI-H2170,gt_image/ncih2170_cart_72h_blank_ctrl_57.tif,gt_coords/ncih2170_cart_72h_blank_ctrl_57.npy,75,77,2,gt_mask_cc_conn8_min3
ncih2170_cart_72h_blank_ctrl_58,NCI-H2170,gt_image/ncih2170_cart_72h_blank_ctrl_58.tif,gt_coords/ncih2170_cart_72h_blank_ctrl_58.npy,37,37,0,gt_mask_cc_conn8_min3
ncih2170_cart_72h_blank_ctrl_59,NCI-H2170,gt_image/ncih2170_cart_72h_blank_ctrl_59.tif,gt_coords/ncih2170_cart_72h_blank_ctrl_59.npy,55,55,0,gt_mask_cc_conn8_min3
ncih2170_cart_72h_blank_ctrl_6,NCI-H2170,gt_image/ncih2170_cart_72h_blank_ctrl_6.tif,gt_coords/ncih2170_cart_72h_blank_ctrl_6.npy,332,332,0,gt_mask_cc_conn8_min3
ncih2170_cart_72h_blank_ctrl_60,NCI-H2170,gt_image/ncih2170_cart_72h_blank_ctrl_60.tif,gt_coords/ncih2170_cart_72h_blank_ctrl_60.npy,75,75,0,gt_mask_cc_conn8_min3
ncih2170_cart_72h_blank_ctrl_61,NCI-H2170,gt_image/ncih2170_cart_72h_blank_ctrl_61.tif,gt_coords/ncih2170_cart_72h_blank_ctrl_61.npy,47,47,0,gt_mask_cc_conn8_min3
ncih2170_cart_72h_blank_ctrl_62,NCI-H2170,gt_image/ncih2170_cart_72h_blank_ctrl_62.tif,gt_coords/ncih2170_cart_72h_blank_ctrl_62.npy,184,186,2,gt_mask_cc_conn8_min3
ncih2170_cart_72h_blank_ctrl_63,NCI-H2170,gt_image/ncih2170_cart_72h_blank_ctrl_63.tif,gt_coords/ncih2170_cart_72h_blank_ctrl_63.npy,178,178,0,gt_mask_cc_conn8_min3
ncih2170_cart_72h_blank_ctrl_64,NCI-H2170,gt_image/ncih2170_cart_72h_blank_ctrl_64.tif,gt_coords/ncih2170_cart_72h_blank_ctrl_64.npy,47,47,0,gt_mask_cc_conn8_min3
ncih2170_cart_72h_blank_ctrl_65,NCI-H2170,gt_image/ncih2170_cart_72h_blank_ctrl_65.tif,gt_coords/ncih2170_cart_72h_blank_ctrl_65.npy,176,176,0,gt_mask_cc_conn8_min3
ncih2170_cart_72h_blank_ctrl_66,NCI-H2170,gt_image/ncih2170_cart_72h_blank_ctrl_66.tif,gt_coords/ncih2170_cart_72h_blank_ctrl_66.npy,44,44,0,gt_mask_cc_conn8_min3
ncih2170_cart_72h_blank_ctrl_67,NCI-H2170,gt_image/ncih2170_cart_72h_blank_ctrl_67.tif,gt_coords/ncih2170_cart_72h_blank_ctrl_67.npy,103,103,0,gt_mask_cc_conn8_min3
ncih2170_cart_72h_blank_ctrl_68,NCI-H2170,gt_image/ncih2170_cart_72h_blank_ctrl_68.tif,gt_coords/ncih2170_cart_72h_blank_ctrl_68.npy,132,132,0,gt_mask_cc_conn8_min3
ncih2170_cart_72h_blank_ctrl_7,NCI-H2170,gt_image/ncih2170_cart_72h_blank_ctrl_7.tif,gt_coords/ncih2170_cart_72h_blank_ctrl_7.npy,196,196,0,gt_mask_cc_conn8_min3
ncih2170_cart_72h_blank_ctrl_70,NCI-H2170,gt_image/ncih2170_cart_72h_blank_ctrl_70.tif,gt_coords/ncih2170_cart_72h_blank_ctrl_70.npy,92,92,0,gt_mask_cc_conn8_min3
ncih2170_cart_72h_blank_ctrl_71,NCI-H2170,gt_image/ncih2170_cart_72h_blank_ctrl_71.tif,gt_coords/ncih2170_cart_72h_blank_ctrl_71.npy,133,133,0,gt_mask_cc_conn8_min3
ncih2170_cart_72h_blank_ctrl_72,NCI-H2170,gt_image/ncih2170_cart_72h_blank_ctrl_72.tif,gt_coords/ncih2170_cart_72h_blank_ctrl_72.npy,69,71,2,gt_mask_cc_conn8_min3
ncih2170_cart_72h_blank_ctrl_73,NCI-H2170,gt_image/ncih2170_cart_72h_blank_ctrl_73.tif,gt_coords/ncih2170_cart_72h_blank_ctrl_73.npy,173,173,0,gt_mask_cc_conn8_min3
ncih2170_cart_72h_blank_ctrl_74,NCI-H2170,gt_image/ncih2170_cart_72h_blank_ctrl_74.tif,gt_coords/ncih2170_cart_72h_blank_ctrl_74.npy,43,43,0,gt_mask_cc_conn8_min3
ncih2170_cart_72h_blank_ctrl_75,NCI-H2170,gt_image/ncih2170_cart_72h_blank_ctrl_75.tif,gt_coords/ncih2170_cart_72h_blank_ctrl_75.npy,86,87,1,gt_mask_cc_conn8_min3
ncih2170_cart_72h_blank_ctrl_76,NCI-H2170,gt_image/ncih2170_cart_72h_blank_ctrl_76.tif,gt_coords/ncih2170_cart_72h_blank_ctrl_76.npy,160,160,0,gt_mask_cc_conn8_min3
ncih2170_cart_72h_blank_ctrl_77,NCI-H2170,gt_image/ncih2170_cart_72h_blank_ctrl_77.tif,gt_coords/ncih2170_cart_72h_blank_ctrl_77.npy,87,87,0,gt_mask_cc_conn8_min3
ncih2170_cart_72h_blank_ctrl_78,NCI-H2170,gt_image/ncih2170_cart_72h_blank_ctrl_78.tif,gt_coords/ncih2170_cart_72h_blank_ctrl_78.npy,43,43,0,gt_mask_cc_conn8_min3
ncih2170_cart_72h_blank_ctrl_79,NCI-H2170,gt_image/ncih2170_cart_72h_blank_ctrl_79.tif,gt_coords/ncih2170_cart_72h_blank_ctrl_79.npy,43,43,0,gt_mask_cc_conn8_min3
ncih2170_cart_72h_blank_ctrl_8,NCI-H2170,gt_image/ncih2170_cart_72h_blank_ctrl_8.tif,gt_coords/ncih2170_cart_72h_blank_ctrl_8.npy,132,136,4,gt_mask_cc_conn8_min3
ncih2170_cart_72h_blank_ctrl_80,NCI-H2170,gt_image/ncih2170_cart_72h_blank_ctrl_80.tif,gt_coords/ncih2170_cart_72h_blank_ctrl_80.npy,76,76,0,gt_mask_cc_conn8_min3
ncih2170_cart_72h_blank_ctrl_81,NCI-H2170,gt_image/ncih2170_cart_72h_blank_ctrl_81.tif,gt_coords/ncih2170_cart_72h_blank_ctrl_81.npy,104,104,0,gt_mask_cc_conn8_min3
ncih2170_cart_72h_blank_ctrl_82,NCI-H2170,gt_image/ncih2170_cart_72h_blank_ctrl_82.tif,gt_coords/ncih2170_cart_72h_blank_ctrl_82.npy,105,105,0,gt_mask_cc_conn8_min3
ncih2170_cart_72h_blank_ctrl_83,NCI-H2170,gt_image/ncih2170_cart_72h_blank_ctrl_83.tif,gt_coords/ncih2170_cart_72h_blank_ctrl_83.npy,35,35,0,gt_mask_cc_conn8_min3
ncih2170_cart_72h_blank_ctrl_84,NCI-H2170,gt_image/ncih2170_cart_72h_blank_ctrl_84.tif,gt_coords/ncih2170_cart_72h_blank_ctrl_84.npy,204,208,4,gt_mask_cc_conn8_min3
ncih2170_cart_72h_blank_ctrl_85,NCI-H2170,gt_image/ncih2170_cart_72h_blank_ctrl_85.tif,gt_coords/ncih2170_cart_72h_blank_ctrl_85.npy,180,180,0,gt_mask_cc_conn8_min3
ncih2170_cart_72h_blank_ctrl_86,NCI-H2170,gt_image/ncih2170_cart_72h_blank_ctrl_86.tif,gt_coords/ncih2170_cart_72h_blank_ctrl_86.npy,189,189,0,gt_mask_cc_conn8_min3
ncih2170_cart_72h_blank_ctrl_87,NCI-H2170,gt_image/ncih2170_cart_72h_blank_ctrl_87.tif,gt_coords/ncih2170_cart_72h_blank_ctrl_87.npy,126,127,1,gt_mask_cc_conn8_min3
ncih2170_cart_72h_blank_ctrl_88,NCI-H2170,gt_image/ncih2170_cart_72h_blank_ctrl_88.tif,gt_coords/ncih2170_cart_72h_blank_ctrl_88.npy,35,35,0,gt_mask_cc_conn8_min3
ncih2170_cart_72h_blank_ctrl_89,NCI-H2170,gt_image/ncih2170_cart_72h_blank_ctrl_89.tif,gt_coords/ncih2170_cart_72h_blank_ctrl_89.npy,238,238,0,gt_mask_cc_conn8_min3
ncih2170_cart_72h_blank_ctrl_9,NCI-H2170,gt_image/ncih2170_cart_72h_blank_ctrl_9.tif,gt_coords/ncih2170_cart_72h_blank_ctrl_9.npy,157,157,0,gt_mask_cc_conn8_min3
ncih2170_cart_72h_blank_ctrl_90,NCI-H2170,gt_image/ncih2170_cart_72h_blank_ctrl_90.tif,gt_coords/ncih2170_cart_72h_blank_ctrl_90.npy,63,63,0,gt_mask_cc_conn8_min3
ncih2170_cart_72h_blank_ctrl_92,NCI-H2170,gt_image/ncih2170_cart_72h_blank_ctrl_92.tif,gt_coords/ncih2170_cart_72h_blank_ctrl_92.npy,176,176,0,gt_mask_cc_conn8_min3
ncih2170_cart_72h_blank_ctrl_93,NCI-H2170,gt_image/ncih2170_cart_72h_blank_ctrl_93.tif,gt_coords/ncih2170_cart_72h_blank_ctrl_93.npy,222,222,0,gt_mask_cc_conn8_min3
ncih2170_cart_72h_blank_ctrl_94,NCI-H2170,gt_image/ncih2170_cart_72h_blank_ctrl_94.tif,gt_coords/ncih2170_cart_72h_blank_ctrl_94.npy,133,133,0,gt_mask_cc_conn8_min3
ncih2170_cart_72h_blank_ctrl_95,NCI-H2170,gt_image/ncih2170_cart_72h_blank_ctrl_95.tif,gt_coords/ncih2170_cart_72h_blank_ctrl_95.npy,17,17,0,gt_mask_cc_conn8_min3
ncih2170_cart_72h_blank_ctrl_96,NCI-H2170,gt_image/ncih2170_cart_72h_blank_ctrl_96.tif,gt_coords/ncih2170_cart_72h_blank_ctrl_96.npy,89,89,0,gt_mask_cc_conn8_min3
ncih2170_cart_72h_blank_ctrl_97,NCI-H2170,gt_image/ncih2170_cart_72h_blank_ctrl_97.tif,gt_coords/ncih2170_cart_72h_blank_ctrl_97.npy,18,18,0,gt_mask_cc_conn8_min3
ncih2170_cart_72h_blank_ctrl_98,NCI-H2170,gt_image/ncih2170_cart_72h_blank_ctrl_98.tif,gt_coords/ncih2170_cart_72h_blank_ctrl_98.npy,257,258,1,gt_mask_cc_conn8_min3
ncih2170_cart_72h_blank_ctrl_99,NCI-H2170,gt_image/ncih2170_cart_72h_blank_ctrl_99.tif,gt_coords/ncih2170_cart_72h_blank_ctrl_99.npy,51,51,0,gt_mask_cc_conn8_min3
ncih2170_cart_72h_cart_1,NCI-H2170,gt_image/ncih2170_cart_72h_cart_1.tif,gt_coords/ncih2170_cart_72h_cart_1.npy,75,75,0,gt_mask_cc_conn8_min3
ncih2170_cart_72h_cart_10,NCI-H2170,gt_image/ncih2170_cart_72h_cart_10.tif,gt_coords/ncih2170_cart_72h_cart_10.npy,41,41,0,gt_mask_cc_conn8_min3
ncih2170_cart_72h_cart_100,NCI-H2170,gt_image/ncih2170_cart_72h_cart_100.tif,gt_coords/ncih2170_cart_72h_cart_100.npy,664,671,7,gt_mask_cc_conn8_min3
ncih2170_cart_72h_cart_11,NCI-H2170,gt_image/ncih2170_cart_72h_cart_11.tif,gt_coords/ncih2170_cart_72h_cart_11.npy,280,280,0,gt_mask_cc_conn8_min3
ncih2170_cart_72h_cart_12,NCI-H2170,gt_image/ncih2170_cart_72h_cart_12.tif,gt_coords/ncih2170_cart_72h_cart_12.npy,50,50,0,gt_mask_cc_conn8_min3
ncih2170_cart_72h_cart_13,NCI-H2170,gt_image/ncih2170_cart_72h_cart_13.tif,gt_coords/ncih2170_cart_72h_cart_13.npy,14,14,0,gt_mask_cc_conn8_min3
ncih2170_cart_72h_cart_14,NCI-H2170,gt_image/ncih2170_cart_72h_cart_14.tif,gt_coords/ncih2170_cart_72h_cart_14.npy,43,43,0,gt_mask_cc_conn8_min3
ncih2170_cart_72h_cart_16,NCI-H2170,gt_image/ncih2170_cart_72h_cart_16.tif,gt_coords/ncih2170_cart_72h_cart_16.npy,16,16,0,gt_mask_cc_conn8_min3
ncih2170_cart_72h_cart_17,NCI-H2170,gt_image/ncih2170_cart_72h_cart_17.tif,gt_coords/ncih2170_cart_72h_cart_17.npy,44,44,0,gt_mask_cc_conn8_min3
ncih2170_cart_72h_cart_18,NCI-H2170,gt_image/ncih2170_cart_72h_cart_18.tif,gt_coords/ncih2170_cart_72h_cart_18.npy,22,22,0,gt_mask_cc_conn8_min3
ncih2170_cart_72h_cart_19,NCI-H2170,gt_image/ncih2170_cart_72h_cart_19.tif,gt_coords/ncih2170_cart_72h_cart_19.npy,48,48,0,gt_mask_cc_conn8_min3
ncih2170_cart_72h_cart_2,NCI-H2170,gt_image/ncih2170_cart_72h_cart_2.tif,gt_coords/ncih2170_cart_72h_cart_2.npy,345,345,0,gt_mask_cc_conn8_min3
ncih2170_cart_72h_cart_20,NCI-H2170,gt_image/ncih2170_cart_72h_cart_20.tif,gt_coords/ncih2170_cart_72h_cart_20.npy,53,53,0,gt_mask_cc_conn8_min3
ncih2170_cart_72h_cart_21,NCI-H2170,gt_image/ncih2170_cart_72h_cart_21.tif,gt_coords/ncih2170_cart_72h_cart_21.npy,71,71,0,gt_mask_cc_conn8_min3
ncih2170_cart_72h_cart_22,NCI-H2170,gt_image/ncih2170_cart_72h_cart_22.tif,gt_coords/ncih2170_cart_72h_cart_22.npy,15,15,0,gt_mask_cc_conn8_min3
ncih2170_cart_72h_cart_23,NCI-H2170,gt_image/ncih2170_cart_72h_cart_23.tif,gt_coords/ncih2170_cart_72h_cart_23.npy,154,154,0,gt_mask_cc_conn8_min3
ncih2170_cart_72h_cart_24,NCI-H2170,gt_image/ncih2170_cart_72h_cart_24.tif,gt_coords/ncih2170_cart_72h_cart_24.npy,100,101,1,gt_mask_cc_conn8_min3
ncih2170_cart_72h_cart_25,NCI-H2170,gt_image/ncih2170_cart_72h_cart_25.tif,gt_coords/ncih2170_cart_72h_cart_25.npy,30,30,0,gt_mask_cc_conn8_min3
ncih2170_cart_72h_cart_26,NCI-H2170,gt_image/ncih2170_cart_72h_cart_26.tif,gt_coords/ncih2170_cart_72h_cart_26.npy,57,57,0,gt_mask_cc_conn8_min3
ncih2170_cart_72h_cart_27,NCI-H2170,gt_image/ncih2170_cart_72h_cart_27.tif,gt_coords/ncih2170_cart_72h_cart_27.npy,71,71,0,gt_mask_cc_conn8_min3
ncih2170_cart_72h_cart_28,NCI-H2170,gt_image/ncih2170_cart_72h_cart_28.tif,gt_coords/ncih2170_cart_72h_cart_28.npy,182,182,0,gt_mask_cc_conn8_min3
ncih2170_cart_72h_cart_29,NCI-H2170,gt_image/ncih2170_cart_72h_cart_29.tif,gt_coords/ncih2170_cart_72h_cart_29.npy,55,55,0,gt_mask_cc_conn8_min3
ncih2170_cart_72h_cart_3,NCI-H2170,gt_image/ncih2170_cart_72h_cart_3.tif,gt_coords/ncih2170_cart_72h_cart_3.npy,58,58,0,gt_mask_cc_conn8_min3
ncih2170_cart_72h_cart_30,NCI-H2170,gt_image/ncih2170_cart_72h_cart_30.tif,gt_coords/ncih2170_cart_72h_cart_30.npy,99,99,0,gt_mask_cc_conn8_min3
ncih2170_cart_72h_cart_31,NCI-H2170,gt_image/ncih2170_cart_72h_cart_31.tif,gt_coords/ncih2170_cart_72h_cart_31.npy,119,119,0,gt_mask_cc_conn8_min3
ncih2170_cart_72h_cart_32,NCI-H2170,gt_image/ncih2170_cart_72h_cart_32.tif,gt_coords/ncih2170_cart_72h_cart_32.npy,74,75,1,gt_mask_cc_conn8_min3
ncih2170_cart_72h_cart_33,NCI-H2170,gt_image/ncih2170_cart_72h_cart_33.tif,gt_coords/ncih2170_cart_72h_cart_33.npy,117,117,0,gt_mask_cc_conn8_min3
ncih2170_cart_72h_cart_34,NCI-H2170,gt_image/ncih2170_cart_72h_cart_34.tif,gt_coords/ncih2170_cart_72h_cart_34.npy,142,143,1,gt_mask_cc_conn8_min3
ncih2170_cart_72h_cart_35,NCI-H2170,gt_image/ncih2170_cart_72h_cart_35.tif,gt_coords/ncih2170_cart_72h_cart_35.npy,92,92,0,gt_mask_cc_conn8_min3
ncih2170_cart_72h_cart_36,NCI-H2170,gt_image/ncih2170_cart_72h_cart_36.tif,gt_coords/ncih2170_cart_72h_cart_36.npy,71,71,0,gt_mask_cc_conn8_min3
ncih2170_cart_72h_cart_37,NCI-H2170,gt_image/ncih2170_cart_72h_cart_37.tif,gt_coords/ncih2170_cart_72h_cart_37.npy,168,168,0,gt_mask_cc_conn8_min3
ncih2170_cart_72h_cart_38,NCI-H2170,gt_image/ncih2170_cart_72h_cart_38.tif,gt_coords/ncih2170_cart_72h_cart_38.npy,46,46,0,gt_mask_cc_conn8_min3
ncih2170_cart_72h_cart_39,NCI-H2170,gt_image/ncih2170_cart_72h_cart_39.tif,gt_coords/ncih2170_cart_72h_cart_39.npy,41,41,0,gt_mask_cc_conn8_min3
ncih2170_cart_72h_cart_4,NCI-H2170,gt_image/ncih2170_cart_72h_cart_4.tif,gt_coords/ncih2170_cart_72h_cart_4.npy,41,44,3,gt_mask_cc_conn8_min3
ncih2170_cart_72h_cart_40,NCI-H2170,gt_image/ncih2170_cart_72h_cart_40.tif,gt_coords/ncih2170_cart_72h_cart_40.npy,22,22,0,gt_mask_cc_conn8_min3
ncih2170_cart_72h_cart_42,NCI-H2170,gt_image/ncih2170_cart_72h_cart_42.tif,gt_coords/ncih2170_cart_72h_cart_42.npy,34,34,0,gt_mask_cc_conn8_min3
ncih2170_cart_72h_cart_43,NCI-H2170,gt_image/ncih2170_cart_72h_cart_43.tif,gt_coords/ncih2170_cart_72h_cart_43.npy,134,134,0,gt_mask_cc_conn8_min3
ncih2170_cart_72h_cart_44,NCI-H2170,gt_image/ncih2170_cart_72h_cart_44.tif,gt_coords/ncih2170_cart_72h_cart_44.npy,147,149,2,gt_mask_cc_conn8_min3
ncih2170_cart_72h_cart_45,NCI-H2170,gt_image/ncih2170_cart_72h_cart_45.tif,gt_coords/ncih2170_cart_72h_cart_45.npy,281,281,0,gt_mask_cc_conn8_min3
ncih2170_cart_72h_cart_46,NCI-H2170,gt_image/ncih2170_cart_72h_cart_46.tif,gt_coords/ncih2170_cart_72h_cart_46.npy,121,123,2,gt_mask_cc_conn8_min3
ncih2170_cart_72h_cart_47,NCI-H2170,gt_image/ncih2170_cart_72h_cart_47.tif,gt_coords/ncih2170_cart_72h_cart_47.npy,81,81,0,gt_mask_cc_conn8_min3
ncih2170_cart_72h_cart_48,NCI-H2170,gt_image/ncih2170_cart_72h_cart_48.tif,gt_coords/ncih2170_cart_72h_cart_48.npy,91,91,0,gt_mask_cc_conn8_min3
ncih2170_cart_72h_cart_49,NCI-H2170,gt_image/ncih2170_cart_72h_cart_49.tif,gt_coords/ncih2170_cart_72h_cart_49.npy,18,18,0,gt_mask_cc_conn8_min3
ncih2170_cart_72h_cart_5,NCI-H2170,gt_image/ncih2170_cart_72h_cart_5.tif,gt_coords/ncih2170_cart_72h_cart_5.npy,27,27,0,gt_mask_cc_conn8_min3
ncih2170_cart_72h_cart_50,NCI-H2170,gt_image/ncih2170_cart_72h_cart_50.tif,gt_coords/ncih2170_cart_72h_cart_50.npy,100,102,2,gt_mask_cc_conn8_min3
ncih2170_cart_72h_cart_52,NCI-H2170,gt_image/ncih2170_cart_72h_cart_52.tif,gt_coords/ncih2170_cart_72h_cart_52.npy,71,71,0,gt_mask_cc_conn8_min3
ncih2170_cart_72h_cart_53,NCI-H2170,gt_image/ncih2170_cart_72h_cart_53.tif,gt_coords/ncih2170_cart_72h_cart_53.npy,84,84,0,gt_mask_cc_conn8_min3
ncih2170_cart_72h_cart_54,NCI-H2170,gt_image/ncih2170_cart_72h_cart_54.tif,gt_coords/ncih2170_cart_72h_cart_54.npy,110,110,0,gt_mask_cc_conn8_min3
ncih2170_cart_72h_cart_55,NCI-H2170,gt_image/ncih2170_cart_72h_cart_55.tif,gt_coords/ncih2170_cart_72h_cart_55.npy,61,61,0,gt_mask_cc_conn8_min3
ncih2170_cart_72h_cart_56,NCI-H2170,gt_image/ncih2170_cart_72h_cart_56.tif,gt_coords/ncih2170_cart_72h_cart_56.npy,221,226,5,gt_mask_cc_conn8_min3
ncih2170_cart_72h_cart_57,NCI-H2170,gt_image/ncih2170_cart_72h_cart_57.tif,gt_coords/ncih2170_cart_72h_cart_57.npy,99,99,0,gt_mask_cc_conn8_min3
ncih2170_cart_72h_cart_58,NCI-H2170,gt_image/ncih2170_cart_72h_cart_58.tif,gt_coords/ncih2170_cart_72h_cart_58.npy,145,145,0,gt_mask_cc_conn8_min3
ncih2170_cart_72h_cart_59,NCI-H2170,gt_image/ncih2170_cart_72h_cart_59.tif,gt_coords/ncih2170_cart_72h_cart_59.npy,213,213,0,gt_mask_cc_conn8_min3
ncih2170_cart_72h_cart_6,NCI-H2170,gt_image/ncih2170_cart_72h_cart_6.tif,gt_coords/ncih2170_cart_72h_cart_6.npy,135,136,1,gt_mask_cc_conn8_min3
ncih2170_cart_72h_cart_60,NCI-H2170,gt_image/ncih2170_cart_72h_cart_60.tif,gt_coords/ncih2170_cart_72h_cart_60.npy,30,30,0,gt_mask_cc_conn8_min3
ncih2170_cart_72h_cart_61,NCI-H2170,gt_image/ncih2170_cart_72h_cart_61.tif,gt_coords/ncih2170_cart_72h_cart_61.npy,9,9,0,gt_mask_cc_conn8_min3
ncih2170_cart_72h_cart_62,NCI-H2170,gt_image/ncih2170_cart_72h_cart_62.tif,gt_coords/ncih2170_cart_72h_cart_62.npy,93,94,1,gt_mask_cc_conn8_min3
ncih2170_cart_72h_cart_63,NCI-H2170,gt_image/ncih2170_cart_72h_cart_63.tif,gt_coords/ncih2170_cart_72h_cart_63.npy,85,85,0,gt_mask_cc_conn8_min3
ncih2170_cart_72h_cart_64,NCI-H2170,gt_image/ncih2170_cart_72h_cart_64.tif,gt_coords/ncih2170_cart_72h_cart_64.npy,78,78,0,gt_mask_cc_conn8_min3
ncih2170_cart_72h_cart_65,NCI-H2170,gt_image/ncih2170_cart_72h_cart_65.tif,gt_coords/ncih2170_cart_72h_cart_65.npy,42,42,0,gt_mask_cc_conn8_min3
ncih2170_cart_72h_cart_68,NCI-H2170,gt_image/ncih2170_cart_72h_cart_68.tif,gt_coords/ncih2170_cart_72h_cart_68.npy,102,102,0,gt_mask_cc_conn8_min3
ncih2170_cart_72h_cart_69,NCI-H2170,gt_image/ncih2170_cart_72h_cart_69.tif,gt_coords/ncih2170_cart_72h_cart_69.npy,52,52,0,gt_mask_cc_conn8_min3
ncih2170_cart_72h_cart_7,NCI-H2170,gt_image/ncih2170_cart_72h_cart_7.tif,gt_coords/ncih2170_cart_72h_cart_7.npy,44,44,0,gt_mask_cc_conn8_min3
ncih2170_cart_72h_cart_70,NCI-H2170,gt_image/ncih2170_cart_72h_cart_70.tif,gt_coords/ncih2170_cart_72h_cart_70.npy,31,31,0,gt_mask_cc_conn8_min3
ncih2170_cart_72h_cart_71,NCI-H2170,gt_image/ncih2170_cart_72h_cart_71.tif,gt_coords/ncih2170_cart_72h_cart_71.npy,29,29,0,gt_mask_cc_conn8_min3
ncih2170_cart_72h_cart_72,NCI-H2170,gt_image/ncih2170_cart_72h_cart_72.tif,gt_coords/ncih2170_cart_72h_cart_72.npy,79,79,0,gt_mask_cc_conn8_min3
ncih2170_cart_72h_cart_73,NCI-H2170,gt_image/ncih2170_cart_72h_cart_73.tif,gt_coords/ncih2170_cart_72h_cart_73.npy,73,73,0,gt_mask_cc_conn8_min3
ncih2170_cart_72h_cart_74,NCI-H2170,gt_image/ncih2170_cart_72h_cart_74.tif,gt_coords/ncih2170_cart_72h_cart_74.npy,67,67,0,gt_mask_cc_conn8_min3
ncih2170_cart_72h_cart_75,NCI-H2170,gt_image/ncih2170_cart_72h_cart_75.tif,gt_coords/ncih2170_cart_72h_cart_75.npy,253,257,4,gt_mask_cc_conn8_min3
ncih2170_cart_72h_cart_76,NCI-H2170,gt_image/ncih2170_cart_72h_cart_76.tif,gt_coords/ncih2170_cart_72h_cart_76.npy,134,134,0,gt_mask_cc_conn8_min3
ncih2170_cart_72h_cart_77,NCI-H2170,gt_image/ncih2170_cart_72h_cart_77.tif,gt_coords/ncih2170_cart_72h_cart_77.npy,75,75,0,gt_mask_cc_conn8_min3
ncih2170_cart_72h_cart_78,NCI-H2170,gt_image/ncih2170_cart_72h_cart_78.tif,gt_coords/ncih2170_cart_72h_cart_78.npy,112,112,0,gt_mask_cc_conn8_min3
ncih2170_cart_72h_cart_79,NCI-H2170,gt_image/ncih2170_cart_72h_cart_79.tif,gt_coords/ncih2170_cart_72h_cart_79.npy,126,126,0,gt_mask_cc_conn8_min3
ncih2170_cart_72h_cart_8,NCI-H2170,gt_image/ncih2170_cart_72h_cart_8.tif,gt_coords/ncih2170_cart_72h_cart_8.npy,87,88,1,gt_mask_cc_conn8_min3
ncih2170_cart_72h_cart_80,NCI-H2170,gt_image/ncih2170_cart_72h_cart_80.tif,gt_coords/ncih2170_cart_72h_cart_80.npy,244,245,1,gt_mask_cc_conn8_min3
ncih2170_cart_72h_cart_81,NCI-H2170,gt_image/ncih2170_cart_72h_cart_81.tif,gt_coords/ncih2170_cart_72h_cart_81.npy,58,58,0,gt_mask_cc_conn8_min3
ncih2170_cart_72h_cart_82,NCI-H2170,gt_image/ncih2170_cart_72h_cart_82.tif,gt_coords/ncih2170_cart_72h_cart_82.npy,69,69,0,gt_mask_cc_conn8_min3
ncih2170_cart_72h_cart_83,NCI-H2170,gt_image/ncih2170_cart_72h_cart_83.tif,gt_coords/ncih2170_cart_72h_cart_83.npy,102,102,0,gt_mask_cc_conn8_min3
ncih2170_cart_72h_cart_84,NCI-H2170,gt_image/ncih2170_cart_72h_cart_84.tif,gt_coords/ncih2170_cart_72h_cart_84.npy,84,84,0,gt_mask_cc_conn8_min3
ncih2170_cart_72h_cart_85,NCI-H2170,gt_image/ncih2170_cart_72h_cart_85.tif,gt_coords/ncih2170_cart_72h_cart_85.npy,89,91,2,gt_mask_cc_conn8_min3
ncih2170_cart_72h_cart_87,NCI-H2170,gt_image/ncih2170_cart_72h_cart_87.tif,gt_coords/ncih2170_cart_72h_cart_87.npy,237,239,2,gt_mask_cc_conn8_min3
ncih2170_cart_72h_cart_88,NCI-H2170,gt_image/ncih2170_cart_72h_cart_88.tif,gt_coords/ncih2170_cart_72h_cart_88.npy,111,112,1,gt_mask_cc_conn8_min3
ncih2170_cart_72h_cart_89,NCI-H2170,gt_image/ncih2170_cart_72h_cart_89.tif,gt_coords/ncih2170_cart_72h_cart_89.npy,497,511,14,gt_mask_cc_conn8_min3
ncih2170_cart_72h_cart_9,NCI-H2170,gt_image/ncih2170_cart_72h_cart_9.tif,gt_coords/ncih2170_cart_72h_cart_9.npy,58,58,0,gt_mask_cc_conn8_min3
ncih2170_cart_72h_cart_90,NCI-H2170,gt_image/ncih2170_cart_72h_cart_90.tif,gt_coords/ncih2170_cart_72h_cart_90.npy,175,187,12,gt_mask_cc_conn8_min3
ncih2170_cart_72h_cart_91,NCI-H2170,gt_image/ncih2170_cart_72h_cart_91.tif,gt_coords/ncih2170_cart_72h_cart_91.npy,382,390,8,gt_mask_cc_conn8_min3
ncih2170_cart_72h_cart_93,NCI-H2170,gt_image/ncih2170_cart_72h_cart_93.tif,gt_coords/ncih2170_cart_72h_cart_93.npy,184,188,4,gt_mask_cc_conn8_min3
ncih2170_cart_72h_cart_94,NCI-H2170,gt_image/ncih2170_cart_72h_cart_94.tif,gt_coords/ncih2170_cart_72h_cart_94.npy,670,704,34,gt_mask_cc_conn8_min3
ncih2170_cart_72h_cart_95,NCI-H2170,gt_image/ncih2170_cart_72h_cart_95.tif,gt_coords/ncih2170_cart_72h_cart_95.npy,318,325,7,gt_mask_cc_conn8_min3
ncih2170_cart_72h_cart_96,NCI-H2170,gt_image/ncih2170_cart_72h_cart_96.tif,gt_coords/ncih2170_cart_72h_cart_96.npy,105,105,0,gt_mask_cc_conn8_min3
ncih2170_cart_72h_cart_97,NCI-H2170,gt_image/ncih2170_cart_72h_cart_97.tif,gt_coords/ncih2170_cart_72h_cart_97.npy,181,183,2,gt_mask_cc_conn8_min3
ncih2170_cart_72h_cart_99,NCI-H2170,gt_image/ncih2170_cart_72h_cart_99.tif,gt_coords/ncih2170_cart_72h_cart_99.npy,179,184,5,gt_mask_cc_conn8_min3
ncih2170_cart_72h_nt_ctrl_1,NCI-H2170,gt_image/ncih2170_cart_72h_nt_ctrl_1.tif,gt_coords/ncih2170_cart_72h_nt_ctrl_1.npy,46,46,0,gt_mask_cc_conn8_min3
ncih2170_cart_72h_nt_ctrl_10,NCI-H2170,gt_image/ncih2170_cart_72h_nt_ctrl_10.tif,gt_coords/ncih2170_cart_72h_nt_ctrl_10.npy,76,76,0,gt_mask_cc_conn8_min3
ncih2170_cart_72h_nt_ctrl_100,NCI-H2170,gt_image/ncih2170_cart_72h_nt_ctrl_100.tif,gt_coords/ncih2170_cart_72h_nt_ctrl_100.npy,143,143,0,gt_mask_cc_conn8_min3
ncih2170_cart_72h_nt_ctrl_11,NCI-H2170,gt_image/ncih2170_cart_72h_nt_ctrl_11.tif,gt_coords/ncih2170_cart_72h_nt_ctrl_11.npy,214,214,0,gt_mask_cc_conn8_min3
ncih2170_cart_72h_nt_ctrl_12,NCI-H2170,gt_image/ncih2170_cart_72h_nt_ctrl_12.tif,gt_coords/ncih2170_cart_72h_nt_ctrl_12.npy,209,209,0,gt_mask_cc_conn8_min3
ncih2170_cart_72h_nt_ctrl_13,NCI-H2170,gt_image/ncih2170_cart_72h_nt_ctrl_13.tif,gt_coords/ncih2170_cart_72h_nt_ctrl_13.npy,78,78,0,gt_mask_cc_conn8_min3
ncih2170_cart_72h_nt_ctrl_14,NCI-H2170,gt_image/ncih2170_cart_72h_nt_ctrl_14.tif,gt_coords/ncih2170_cart_72h_nt_ctrl_14.npy,76,76,0,gt_mask_cc_conn8_min3
ncih2170_cart_72h_nt_ctrl_15,NCI-H2170,gt_image/ncih2170_cart_72h_nt_ctrl_15.tif,gt_coords/ncih2170_cart_72h_nt_ctrl_15.npy,146,146,0,gt_mask_cc_conn8_min3
ncih2170_cart_72h_nt_ctrl_16,NCI-H2170,gt_image/ncih2170_cart_72h_nt_ctrl_16.tif,gt_coords/ncih2170_cart_72h_nt_ctrl_16.npy,74,74,0,gt_mask_cc_conn8_min3
ncih2170_cart_72h_nt_ctrl_17,NCI-H2170,gt_image/ncih2170_cart_72h_nt_ctrl_17.tif,gt_coords/ncih2170_cart_72h_nt_ctrl_17.npy,188,188,0,gt_mask_cc_conn8_min3
ncih2170_cart_72h_nt_ctrl_18,NCI-H2170,gt_image/ncih2170_cart_72h_nt_ctrl_18.tif,gt_coords/ncih2170_cart_72h_nt_ctrl_18.npy,102,102,0,gt_mask_cc_conn8_min3
ncih2170_cart_72h_nt_ctrl_19,NCI-H2170,gt_image/ncih2170_cart_72h_nt_ctrl_19.tif,gt_coords/ncih2170_cart_72h_nt_ctrl_19.npy,33,33,0,gt_mask_cc_conn8_min3
ncih2170_cart_72h_nt_ctrl_2,NCI-H2170,gt_image/ncih2170_cart_72h_nt_ctrl_2.tif,gt_coords/ncih2170_cart_72h_nt_ctrl_2.npy,51,51,0,gt_mask_cc_conn8_min3
ncih2170_cart_72h_nt_ctrl_20,NCI-H2170,gt_image/ncih2170_cart_72h_nt_ctrl_20.tif,gt_coords/ncih2170_cart_72h_nt_ctrl_20.npy,126,126,0,gt_mask_cc_conn8_min3
ncih2170_cart_72h_nt_ctrl_21,NCI-H2170,gt_image/ncih2170_cart_72h_nt_ctrl_21.tif,gt_coords/ncih2170_cart_72h_nt_ctrl_21.npy,186,186,0,gt_mask_cc_conn8_min3
ncih2170_cart_72h_nt_ctrl_22,NCI-H2170,gt_image/ncih2170_cart_72h_nt_ctrl_22.tif,gt_coords/ncih2170_cart_72h_nt_ctrl_22.npy,42,42,0,gt_mask_cc_conn8_min3
ncih2170_cart_72h_nt_ctrl_24,NCI-H2170,gt_image/ncih2170_cart_72h_nt_ctrl_24.tif,gt_coords/ncih2170_cart_72h_nt_ctrl_24.npy,35,35,0,gt_mask_cc_conn8_min3
ncih2170_cart_72h_nt_ctrl_25,NCI-H2170,gt_image/ncih2170_cart_72h_nt_ctrl_25.tif,gt_coords/ncih2170_cart_72h_nt_ctrl_25.npy,169,169,0,gt_mask_cc_conn8_min3
ncih2170_cart_72h_nt_ctrl_26,NCI-H2170,gt_image/ncih2170_cart_72h_nt_ctrl_26.tif,gt_coords/ncih2170_cart_72h_nt_ctrl_26.npy,130,130,0,gt_mask_cc_conn8_min3
ncih2170_cart_72h_nt_ctrl_27,NCI-H2170,gt_image/ncih2170_cart_72h_nt_ctrl_27.tif,gt_coords/ncih2170_cart_72h_nt_ctrl_27.npy,256,256,0,gt_mask_cc_conn8_min3
ncih2170_cart_72h_nt_ctrl_28,NCI-H2170,gt_image/ncih2170_cart_72h_nt_ctrl_28.tif,gt_coords/ncih2170_cart_72h_nt_ctrl_28.npy,162,162,0,gt_mask_cc_conn8_min3
ncih2170_cart_72h_nt_ctrl_29,NCI-H2170,gt_image/ncih2170_cart_72h_nt_ctrl_29.tif,gt_coords/ncih2170_cart_72h_nt_ctrl_29.npy,87,87,0,gt_mask_cc_conn8_min3
ncih2170_cart_72h_nt_ctrl_3,NCI-H2170,gt_image/ncih2170_cart_72h_nt_ctrl_3.tif,gt_coords/ncih2170_cart_72h_nt_ctrl_3.npy,118,119,1,gt_mask_cc_conn8_min3
ncih2170_cart_72h_nt_ctrl_30,NCI-H2170,gt_image/ncih2170_cart_72h_nt_ctrl_30.tif,gt_coords/ncih2170_cart_72h_nt_ctrl_30.npy,55,55,0,gt_mask_cc_conn8_min3
ncih2170_cart_72h_nt_ctrl_31,NCI-H2170,gt_image/ncih2170_cart_72h_nt_ctrl_31.tif,gt_coords/ncih2170_cart_72h_nt_ctrl_31.npy,232,233,1,gt_mask_cc_conn8_min3
ncih2170_cart_72h_nt_ctrl_32,NCI-H2170,gt_image/ncih2170_cart_72h_nt_ctrl_32.tif,gt_coords/ncih2170_cart_72h_nt_ctrl_32.npy,201,201,0,gt_mask_cc_conn8_min3
ncih2170_cart_72h_nt_ctrl_33,NCI-H2170,gt_image/ncih2170_cart_72h_nt_ctrl_33.tif,gt_coords/ncih2170_cart_72h_nt_ctrl_33.npy,39,39,0,gt_mask_cc_conn8_min3
ncih2170_cart_72h_nt_ctrl_34,NCI-H2170,gt_image/ncih2170_cart_72h_nt_ctrl_34.tif,gt_coords/ncih2170_cart_72h_nt_ctrl_34.npy,128,128,0,gt_mask_cc_conn8_min3
ncih2170_cart_72h_nt_ctrl_35,NCI-H2170,gt_image/ncih2170_cart_72h_nt_ctrl_35.tif,gt_coords/ncih2170_cart_72h_nt_ctrl_35.npy,246,246,0,gt_mask_cc_conn8_min3
ncih2170_cart_72h_nt_ctrl_36,NCI-H2170,gt_image/ncih2170_cart_72h_nt_ctrl_36.tif,gt_coords/ncih2170_cart_72h_nt_ctrl_36.npy,257,258,1,gt_mask_cc_conn8_min3
ncih2170_cart_72h_nt_ctrl_37,NCI-H2170,gt_image/ncih2170_cart_72h_nt_ctrl_37.tif,gt_coords/ncih2170_cart_72h_nt_ctrl_37.npy,107,107,0,gt_mask_cc_conn8_min3
ncih2170_cart_72h_nt_ctrl_38,NCI-H2170,gt_image/ncih2170_cart_72h_nt_ctrl_38.tif,gt_coords/ncih2170_cart_72h_nt_ctrl_38.npy,106,106,0,gt_mask_cc_conn8_min3
ncih2170_cart_72h_nt_ctrl_39,NCI-H2170,gt_image/ncih2170_cart_72h_nt_ctrl_39.tif,gt_coords/ncih2170_cart_72h_nt_ctrl_39.npy,53,53,0,gt_mask_cc_conn8_min3
ncih2170_cart_72h_nt_ctrl_4,NCI-H2170,gt_image/ncih2170_cart_72h_nt_ctrl_4.tif,gt_coords/ncih2170_cart_72h_nt_ctrl_4.npy,77,77,0,gt_mask_cc_conn8_min3
ncih2170_cart_72h_nt_ctrl_40,NCI-H2170,gt_image/ncih2170_cart_72h_nt_ctrl_40.tif,gt_coords/ncih2170_cart_72h_nt_ctrl_40.npy,182,182,0,gt_mask_cc_conn8_min3
ncih2170_cart_72h_nt_ctrl_41,NCI-H2170,gt_image/ncih2170_cart_72h_nt_ctrl_41.tif,gt_coords/ncih2170_cart_72h_nt_ctrl_41.npy,142,142,0,gt_mask_cc_conn8_min3
ncih2170_cart_72h_nt_ctrl_42,NCI-H2170,gt_image/ncih2170_cart_72h_nt_ctrl_42.tif,gt_coords/ncih2170_cart_72h_nt_ctrl_42.npy,136,136,0,gt_mask_cc_conn8_min3
ncih2170_cart_72h_nt_ctrl_43,NCI-H2170,gt_image/ncih2170_cart_72h_nt_ctrl_43.tif,gt_coords/ncih2170_cart_72h_nt_ctrl_43.npy,142,142,0,gt_mask_cc_conn8_min3
ncih2170_cart_72h_nt_ctrl_44,NCI-H2170,gt_image/ncih2170_cart_72h_nt_ctrl_44.tif,gt_coords/ncih2170_cart_72h_nt_ctrl_44.npy,75,75,0,gt_mask_cc_conn8_min3
ncih2170_cart_72h_nt_ctrl_45,NCI-H2170,gt_image/ncih2170_cart_72h_nt_ctrl_45.tif,gt_coords/ncih2170_cart_72h_nt_ctrl_45.npy,188,188,0,gt_mask_cc_conn8_min3
ncih2170_cart_72h_nt_ctrl_46,NCI-H2170,gt_image/ncih2170_cart_72h_nt_ctrl_46.tif,gt_coords/ncih2170_cart_72h_nt_ctrl_46.npy,242,242,0,gt_mask_cc_conn8_min3
ncih2170_cart_72h_nt_ctrl_47,NCI-H2170,gt_image/ncih2170_cart_72h_nt_ctrl_47.tif,gt_coords/ncih2170_cart_72h_nt_ctrl_47.npy,157,157,0,gt_mask_cc_conn8_min3
ncih2170_cart_72h_nt_ctrl_48,NCI-H2170,gt_image/ncih2170_cart_72h_nt_ctrl_48.tif,gt_coords/ncih2170_cart_72h_nt_ctrl_48.npy,60,60,0,gt_mask_cc_conn8_min3
ncih2170_cart_72h_nt_ctrl_49,NCI-H2170,gt_image/ncih2170_cart_72h_nt_ctrl_49.tif,gt_coords/ncih2170_cart_72h_nt_ctrl_49.npy,65,65,0,gt_mask_cc_conn8_min3
ncih2170_cart_72h_nt_ctrl_5,NCI-H2170,gt_image/ncih2170_cart_72h_nt_ctrl_5.tif,gt_coords/ncih2170_cart_72h_nt_ctrl_5.npy,122,122,0,gt_mask_cc_conn8_min3
ncih2170_cart_72h_nt_ctrl_50,NCI-H2170,gt_image/ncih2170_cart_72h_nt_ctrl_50.tif,gt_coords/ncih2170_cart_72h_nt_ctrl_50.npy,91,91,0,gt_mask_cc_conn8_min3
ncih2170_cart_72h_nt_ctrl_51,NCI-H2170,gt_image/ncih2170_cart_72h_nt_ctrl_51.tif,gt_coords/ncih2170_cart_72h_nt_ctrl_51.npy,79,83,4,gt_mask_cc_conn8_min3
ncih2170_cart_72h_nt_ctrl_52,NCI-H2170,gt_image/ncih2170_cart_72h_nt_ctrl_52.tif,gt_coords/ncih2170_cart_72h_nt_ctrl_52.npy,136,138,2,gt_mask_cc_conn8_min3
ncih2170_cart_72h_nt_ctrl_53,NCI-H2170,gt_image/ncih2170_cart_72h_nt_ctrl_53.tif,gt_coords/ncih2170_cart_72h_nt_ctrl_53.npy,180,180,0,gt_mask_cc_conn8_min3
ncih2170_cart_72h_nt_ctrl_54,NCI-H2170,gt_image/ncih2170_cart_72h_nt_ctrl_54.tif,gt_coords/ncih2170_cart_72h_nt_ctrl_54.npy,245,251,6,gt_mask_cc_conn8_min3
ncih2170_cart_72h_nt_ctrl_55,NCI-H2170,gt_image/ncih2170_cart_72h_nt_ctrl_55.tif,gt_coords/ncih2170_cart_72h_nt_ctrl_55.npy,216,220,4,gt_mask_cc_conn8_min3
ncih2170_cart_72h_nt_ctrl_56,NCI-H2170,gt_image/ncih2170_cart_72h_nt_ctrl_56.tif,gt_coords/ncih2170_cart_72h_nt_ctrl_56.npy,246,248,2,gt_mask_cc_conn8_min3
ncih2170_cart_72h_nt_ctrl_57,NCI-H2170,gt_image/ncih2170_cart_72h_nt_ctrl_57.tif,gt_coords/ncih2170_cart_72h_nt_ctrl_57.npy,119,119,0,gt_mask_cc_conn8_min3
ncih2170_cart_72h_nt_ctrl_58,NCI-H2170,gt_image/ncih2170_cart_72h_nt_ctrl_58.tif,gt_coords/ncih2170_cart_72h_nt_ctrl_58.npy,211,224,13,gt_mask_cc_conn8_min3
ncih2170_cart_72h_nt_ctrl_59,NCI-H2170,gt_image/ncih2170_cart_72h_nt_ctrl_59.tif,gt_coords/ncih2170_cart_72h_nt_ctrl_59.npy,160,388,228,gt_mask_cc_conn8_min3
ncih2170_cart_72h_nt_ctrl_6,NCI-H2170,gt_image/ncih2170_cart_72h_nt_ctrl_6.tif,gt_coords/ncih2170_cart_72h_nt_ctrl_6.npy,51,51,0,gt_mask_cc_conn8_min3
ncih2170_cart_72h_nt_ctrl_60,NCI-H2170,gt_image/ncih2170_cart_72h_nt_ctrl_60.tif,gt_coords/ncih2170_cart_72h_nt_ctrl_60.npy,297,303,6,gt_mask_cc_conn8_min3
ncih2170_cart_72h_nt_ctrl_61,NCI-H2170,gt_image/ncih2170_cart_72h_nt_ctrl_61.tif,gt_coords/ncih2170_cart_72h_nt_ctrl_61.npy,223,235,12,gt_mask_cc_conn8_min3
ncih2170_cart_72h_nt_ctrl_62,NCI-H2170,gt_image/ncih2170_cart_72h_nt_ctrl_62.tif,gt_coords/ncih2170_cart_72h_nt_ctrl_62.npy,168,168,0,gt_mask_cc_conn8_min3
ncih2170_cart_72h_nt_ctrl_63,NCI-H2170,gt_image/ncih2170_cart_72h_nt_ctrl_63.tif,gt_coords/ncih2170_cart_72h_nt_ctrl_63.npy,160,166,6,gt_mask_cc_conn8_min3
ncih2170_cart_72h_nt_ctrl_64,NCI-H2170,gt_image/ncih2170_cart_72h_nt_ctrl_64.tif,gt_coords/ncih2170_cart_72h_nt_ctrl_64.npy,108,108,0,gt_mask_cc_conn8_min3
ncih2170_cart_72h_nt_ctrl_65,NCI-H2170,gt_image/ncih2170_cart_72h_nt_ctrl_65.tif,gt_coords/ncih2170_cart_72h_nt_ctrl_65.npy,74,74,0,gt_mask_cc_conn8_min3
ncih2170_cart_72h_nt_ctrl_66,NCI-H2170,gt_image/ncih2170_cart_72h_nt_ctrl_66.tif,gt_coords/ncih2170_cart_72h_nt_ctrl_66.npy,291,294,3,gt_mask_cc_conn8_min3
ncih2170_cart_72h_nt_ctrl_67,NCI-H2170,gt_image/ncih2170_cart_72h_nt_ctrl_67.tif,gt_coords/ncih2170_cart_72h_nt_ctrl_67.npy,87,87,0,gt_mask_cc_conn8_min3
ncih2170_cart_72h_nt_ctrl_68,NCI-H2170,gt_image/ncih2170_cart_72h_nt_ctrl_68.tif,gt_coords/ncih2170_cart_72h_nt_ctrl_68.npy,130,130,0,gt_mask_cc_conn8_min3
ncih2170_cart_72h_nt_ctrl_69,NCI-H2170,gt_image/ncih2170_cart_72h_nt_ctrl_69.tif,gt_coords/ncih2170_cart_72h_nt_ctrl_69.npy,110,116,6,gt_mask_cc_conn8_min3
ncih2170_cart_72h_nt_ctrl_7,NCI-H2170,gt_image/ncih2170_cart_72h_nt_ctrl_7.tif,gt_coords/ncih2170_cart_72h_nt_ctrl_7.npy,49,49,0,gt_mask_cc_conn8_min3
ncih2170_cart_72h_nt_ctrl_71,NCI-H2170,gt_image/ncih2170_cart_72h_nt_ctrl_71.tif,gt_coords/ncih2170_cart_72h_nt_ctrl_71.npy,126,126,0,gt_mask_cc_conn8_min3
ncih2170_cart_72h_nt_ctrl_72,NCI-H2170,gt_image/ncih2170_cart_72h_nt_ctrl_72.tif,gt_coords/ncih2170_cart_72h_nt_ctrl_72.npy,117,119,2,gt_mask_cc_conn8_min3
ncih2170_cart_72h_nt_ctrl_73,NCI-H2170,gt_image/ncih2170_cart_72h_nt_ctrl_73.tif,gt_coords/ncih2170_cart_72h_nt_ctrl_73.npy,60,62,2,gt_mask_cc_conn8_min3
ncih2170_cart_72h_nt_ctrl_74,NCI-H2170,gt_image/ncih2170_cart_72h_nt_ctrl_74.tif,gt_coords/ncih2170_cart_72h_nt_ctrl_74.npy,348,357,9,gt_mask_cc_conn8_min3
ncih2170_cart_72h_nt_ctrl_75,NCI-H2170,gt_image/ncih2170_cart_72h_nt_ctrl_75.tif,gt_coords/ncih2170_cart_72h_nt_ctrl_75.npy,99,101,2,gt_mask_cc_conn8_min3
ncih2170_cart_72h_nt_ctrl_76,NCI-H2170,gt_image/ncih2170_cart_72h_nt_ctrl_76.tif,gt_coords/ncih2170_cart_72h_nt_ctrl_76.npy,569,570,1,gt_mask_cc_conn8_min3
ncih2170_cart_72h_nt_ctrl_77,NCI-H2170,gt_image/ncih2170_cart_72h_nt_ctrl_77.tif,gt_coords/ncih2170_cart_72h_nt_ctrl_77.npy,159,162,3,gt_mask_cc_conn8_min3
ncih2170_cart_72h_nt_ctrl_78,NCI-H2170,gt_image/ncih2170_cart_72h_nt_ctrl_78.tif,gt_coords/ncih2170_cart_72h_nt_ctrl_78.npy,95,103,8,gt_mask_cc_conn8_min3
ncih2170_cart_72h_nt_ctrl_79,NCI-H2170,gt_image/ncih2170_cart_72h_nt_ctrl_79.tif,gt_coords/ncih2170_cart_72h_nt_ctrl_79.npy,169,187,18,gt_mask_cc_conn8_min3
ncih2170_cart_72h_nt_ctrl_8,NCI-H2170,gt_image/ncih2170_cart_72h_nt_ctrl_8.tif,gt_coords/ncih2170_cart_72h_nt_ctrl_8.npy,225,225,0,gt_mask_cc_conn8_min3
ncih2170_cart_72h_nt_ctrl_80,NCI-H2170,gt_image/ncih2170_cart_72h_nt_ctrl_80.tif,gt_coords/ncih2170_cart_72h_nt_ctrl_80.npy,400,443,43,gt_mask_cc_conn8_min3
ncih2170_cart_72h_nt_ctrl_81,NCI-H2170,gt_image/ncih2170_cart_72h_nt_ctrl_81.tif,gt_coords/ncih2170_cart_72h_nt_ctrl_81.npy,478,555,77,gt_mask_cc_conn8_min3
ncih2170_cart_72h_nt_ctrl_82,NCI-H2170,gt_image/ncih2170_cart_72h_nt_ctrl_82.tif,gt_coords/ncih2170_cart_72h_nt_ctrl_82.npy,492,536,44,gt_mask_cc_conn8_min3
ncih2170_cart_72h_nt_ctrl_83,NCI-H2170,gt_image/ncih2170_cart_72h_nt_ctrl_83.tif,gt_coords/ncih2170_cart_72h_nt_ctrl_83.npy,169,185,16,gt_mask_cc_conn8_min3
ncih2170_cart_72h_nt_ctrl_84,NCI-H2170,gt_image/ncih2170_cart_72h_nt_ctrl_84.tif,gt_coords/ncih2170_cart_72h_nt_ctrl_84.npy,439,571,132,gt_mask_cc_conn8_min3
ncih2170_cart_72h_nt_ctrl_85,NCI-H2170,gt_image/ncih2170_cart_72h_nt_ctrl_85.tif,gt_coords/ncih2170_cart_72h_nt_ctrl_85.npy,259,259,0,gt_mask_cc_conn8_min3
ncih2170_cart_72h_nt_ctrl_86,NCI-H2170,gt_image/ncih2170_cart_72h_nt_ctrl_86.tif,gt_coords/ncih2170_cart_72h_nt_ctrl_86.npy,200,203,3,gt_mask_cc_conn8_min3
ncih2170_cart_72h_nt_ctrl_87,NCI-H2170,gt_image/ncih2170_cart_72h_nt_ctrl_87.tif,gt_coords/ncih2170_cart_72h_nt_ctrl_87.npy,231,236,5,gt_mask_cc_conn8_min3
ncih2170_cart_72h_nt_ctrl_88,NCI-H2170,gt_image/ncih2170_cart_72h_nt_ctrl_88.tif,gt_coords/ncih2170_cart_72h_nt_ctrl_88.npy,534,538,4,gt_mask_cc_conn8_min3
ncih2170_cart_72h_nt_ctrl_89,NCI-H2170,gt_image/ncih2170_cart_72h_nt_ctrl_89.tif,gt_coords/ncih2170_cart_72h_nt_ctrl_89.npy,129,129,0,gt_mask_cc_conn8_min3
ncih2170_cart_72h_nt_ctrl_9,NCI-H2170,gt_image/ncih2170_cart_72h_nt_ctrl_9.tif,gt_coords/ncih2170_cart_72h_nt_ctrl_9.npy,84,84,0,gt_mask_cc_conn8_min3
ncih2170_cart_72h_nt_ctrl_90,NCI-H2170,gt_image/ncih2170_cart_72h_nt_ctrl_90.tif,gt_coords/ncih2170_cart_72h_nt_ctrl_90.npy,226,227,1,gt_mask_cc_conn8_min3
ncih2170_cart_72h_nt_ctrl_91,NCI-H2170,gt_image/ncih2170_cart_72h_nt_ctrl_91.tif,gt_coords/ncih2170_cart_72h_nt_ctrl_91.npy,113,115,2,gt_mask_cc_conn8_min3
ncih2170_cart_72h_nt_ctrl_92,NCI-H2170,gt_image/ncih2170_cart_72h_nt_ctrl_92.tif,gt_coords/ncih2170_cart_72h_nt_ctrl_92.npy,147,150,3,gt_mask_cc_conn8_min3
ncih2170_cart_72h_nt_ctrl_93,NCI-H2170,gt_image/ncih2170_cart_72h_nt_ctrl_93.tif,gt_coords/ncih2170_cart_72h_nt_ctrl_93.npy,451,460,9,gt_mask_cc_conn8_min3
ncih2170_cart_72h_nt_ctrl_94,NCI-H2170,gt_image/ncih2170_cart_72h_nt_ctrl_94.tif,gt_coords/ncih2170_cart_72h_nt_ctrl_94.npy,226,239,13,gt_mask_cc_conn8_min3
ncih2170_cart_72h_nt_ctrl_95,NCI-H2170,gt_image/ncih2170_cart_72h_nt_ctrl_95.tif,gt_coords/ncih2170_cart_72h_nt_ctrl_95.npy,421,429,8,gt_mask_cc_conn8_min3
ncih2170_cart_72h_nt_ctrl_96,NCI-H2170,gt_image/ncih2170_cart_72h_nt_ctrl_96.tif,gt_coords/ncih2170_cart_72h_nt_ctrl_96.npy,117,119,2,gt_mask_cc_conn8_min3
ncih2170_cart_72h_nt_ctrl_97,NCI-H2170,gt_image/ncih2170_cart_72h_nt_ctrl_97.tif,gt_coords/ncih2170_cart_72h_nt_ctrl_97.npy,94,94,0,gt_mask_cc_conn8_min3
ncih2170_cart_72h_nt_ctrl_98,NCI-H2170,gt_image/ncih2170_cart_72h_nt_ctrl_98.tif,gt_coords/ncih2170_cart_72h_nt_ctrl_98.npy,137,137,0,gt_mask_cc_conn8_min3
ncih2170_cart_72h_nt_ctrl_99,NCI-H2170,gt_image/ncih2170_cart_72h_nt_ctrl_99.tif,gt_coords/ncih2170_cart_72h_nt_ctrl_99.npy,66,66,0,gt_mask_cc_conn8_min3
ncih2170_ctrl_1_10,NCI-H2170,gt_image/ncih2170_ctrl_1_10.tif,gt_coords/ncih2170_ctrl_1_10.npy,317,317,0,gt_mask_cc_conn8_min3
ncih2170_ctrl_1_14,NCI-H2170,gt_image/ncih2170_ctrl_1_14.tif,gt_coords/ncih2170_ctrl_1_14.npy,194,194,0,gt_mask_cc_conn8_min3
ncih2170_ctrl_1_15,NCI-H2170,gt_image/ncih2170_ctrl_1_15.tif,gt_coords/ncih2170_ctrl_1_15.npy,230,243,13,gt_mask_cc_conn8_min3
ncih2170_ctrl_1_16,NCI-H2170,gt_image/ncih2170_ctrl_1_16.tif,gt_coords/ncih2170_ctrl_1_16.npy,171,174,3,gt_mask_cc_conn8_min3
ncih2170_ctrl_1_17,NCI-H2170,gt_image/ncih2170_ctrl_1_17.tif,gt_coords/ncih2170_ctrl_1_17.npy,395,395,0,gt_mask_cc_conn8_min3
ncih2170_ctrl_1_18,NCI-H2170,gt_image/ncih2170_ctrl_1_18.tif,gt_coords/ncih2170_ctrl_1_18.npy,153,161,8,gt_mask_cc_conn8_min3
ncih2170_ctrl_1_19,NCI-H2170,gt_image/ncih2170_ctrl_1_19.tif,gt_coords/ncih2170_ctrl_1_19.npy,238,242,4,gt_mask_cc_conn8_min3
ncih2170_ctrl_1_20,NCI-H2170,gt_image/ncih2170_ctrl_1_20.tif,gt_coords/ncih2170_ctrl_1_20.npy,239,241,2,gt_mask_cc_conn8_min3
ncih2170_ctrl_1_21,NCI-H2170,gt_image/ncih2170_ctrl_1_21.tif,gt_coords/ncih2170_ctrl_1_21.npy,235,236,1,gt_mask_cc_conn8_min3
ncih2170_ctrl_1_22,NCI-H2170,gt_image/ncih2170_ctrl_1_22.tif,gt_coords/ncih2170_ctrl_1_22.npy,104,106,2,gt_mask_cc_conn8_min3
ncih2170_ctrl_1_23,NCI-H2170,gt_image/ncih2170_ctrl_1_23.tif,gt_coords/ncih2170_ctrl_1_23.npy,236,236,0,gt_mask_cc_conn8_min3
ncih2170_ctrl_1_24,NCI-H2170,gt_image/ncih2170_ctrl_1_24.tif,gt_coords/ncih2170_ctrl_1_24.npy,355,356,1,gt_mask_cc_conn8_min3
ncih2170_ctrl_1_25,NCI-H2170,gt_image/ncih2170_ctrl_1_25.tif,gt_coords/ncih2170_ctrl_1_25.npy,441,452,11,gt_mask_cc_conn8_min3
ncih2170_ctrl_1_26,NCI-H2170,gt_image/ncih2170_ctrl_1_26.tif,gt_coords/ncih2170_ctrl_1_26.npy,318,319,1,gt_mask_cc_conn8_min3
ncih2170_ctrl_1_27,NCI-H2170,gt_image/ncih2170_ctrl_1_27.tif,gt_coords/ncih2170_ctrl_1_27.npy,504,505,1,gt_mask_cc_conn8_min3
ncih2170_ctrl_1_28,NCI-H2170,gt_image/ncih2170_ctrl_1_28.tif,gt_coords/ncih2170_ctrl_1_28.npy,232,232,0,gt_mask_cc_conn8_min3
ncih2170_ctrl_1_29,NCI-H2170,gt_image/ncih2170_ctrl_1_29.tif,gt_coords/ncih2170_ctrl_1_29.npy,226,228,2,gt_mask_cc_conn8_min3
ncih2170_ctrl_1_3,NCI-H2170,gt_image/ncih2170_ctrl_1_3.tif,gt_coords/ncih2170_ctrl_1_3.npy,318,319,1,gt_mask_cc_conn8_min3
ncih2170_ctrl_1_30,NCI-H2170,gt_image/ncih2170_ctrl_1_30.tif,gt_coords/ncih2170_ctrl_1_30.npy,229,230,1,gt_mask_cc_conn8_min3
ncih2170_ctrl_1_31,NCI-H2170,gt_image/ncih2170_ctrl_1_31.tif,gt_coords/ncih2170_ctrl_1_31.npy,396,399,3,gt_mask_cc_conn8_min3
ncih2170_ctrl_1_32,NCI-H2170,gt_image/ncih2170_ctrl_1_32.tif,gt_coords/ncih2170_ctrl_1_32.npy,169,178,9,gt_mask_cc_conn8_min3
ncih2170_ctrl_1_33,NCI-H2170,gt_image/ncih2170_ctrl_1_33.tif,gt_coords/ncih2170_ctrl_1_33.npy,431,434,3,gt_mask_cc_conn8_min3
ncih2170_ctrl_1_34,NCI-H2170,gt_image/ncih2170_ctrl_1_34.tif,gt_coords/ncih2170_ctrl_1_34.npy,321,321,0,gt_mask_cc_conn8_min3
ncih2170_ctrl_1_35,NCI-H2170,gt_image/ncih2170_ctrl_1_35.tif,gt_coords/ncih2170_ctrl_1_35.npy,234,239,5,gt_mask_cc_conn8_min3
ncih2170_ctrl_1_36,NCI-H2170,gt_image/ncih2170_ctrl_1_36.tif,gt_coords/ncih2170_ctrl_1_36.npy,378,388,10,gt_mask_cc_conn8_min3
ncih2170_ctrl_1_37,NCI-H2170,gt_image/ncih2170_ctrl_1_37.tif,gt_coords/ncih2170_ctrl_1_37.npy,223,231,8,gt_mask_cc_conn8_min3
ncih2170_ctrl_1_38,NCI-H2170,gt_image/ncih2170_ctrl_1_38.tif,gt_coords/ncih2170_ctrl_1_38.npy,451,456,5,gt_mask_cc_conn8_min3
ncih2170_ctrl_1_39,NCI-H2170,gt_image/ncih2170_ctrl_1_39.tif,gt_coords/ncih2170_ctrl_1_39.npy,194,194,0,gt_mask_cc_conn8_min3
ncih2170_ctrl_1_41,NCI-H2170,gt_image/ncih2170_ctrl_1_41.tif,gt_coords/ncih2170_ctrl_1_41.npy,489,493,4,gt_mask_cc_conn8_min3
ncih2170_ctrl_1_44,NCI-H2170,gt_image/ncih2170_ctrl_1_44.tif,gt_coords/ncih2170_ctrl_1_44.npy,178,192,14,gt_mask_cc_conn8_min3
ncih2170_ctrl_1_45,NCI-H2170,gt_image/ncih2170_ctrl_1_45.tif,gt_coords/ncih2170_ctrl_1_45.npy,141,144,3,gt_mask_cc_conn8_min3
ncih2170_ctrl_1_46,NCI-H2170,gt_image/ncih2170_ctrl_1_46.tif,gt_coords/ncih2170_ctrl_1_46.npy,603,606,3,gt_mask_cc_conn8_min3
ncih2170_ctrl_1_5,NCI-H2170,gt_image/ncih2170_ctrl_1_5.tif,gt_coords/ncih2170_ctrl_1_5.npy,363,363,0,gt_mask_cc_conn8_min3
ncih2170_ctrl_1_50,NCI-H2170,gt_image/ncih2170_ctrl_1_50.tif,gt_coords/ncih2170_ctrl_1_50.npy,243,247,4,gt_mask_cc_conn8_min3
ncih2170_ctrl_1_51,NCI-H2170,gt_image/ncih2170_ctrl_1_51.tif,gt_coords/ncih2170_ctrl_1_51.npy,280,281,1,gt_mask_cc_conn8_min3
ncih2170_ctrl_1_52,NCI-H2170,gt_image/ncih2170_ctrl_1_52.tif,gt_coords/ncih2170_ctrl_1_52.npy,459,468,9,gt_mask_cc_conn8_min3
ncih2170_ctrl_1_53,NCI-H2170,gt_image/ncih2170_ctrl_1_53.tif,gt_coords/ncih2170_ctrl_1_53.npy,613,613,0,gt_mask_cc_conn8_min3
ncih2170_ctrl_1_54,NCI-H2170,gt_image/ncih2170_ctrl_1_54.tif,gt_coords/ncih2170_ctrl_1_54.npy,235,241,6,gt_mask_cc_conn8_min3
ncih2170_ctrl_1_55,NCI-H2170,gt_image/ncih2170_ctrl_1_55.tif,gt_coords/ncih2170_ctrl_1_55.npy,589,595,6,gt_mask_cc_conn8_min3
ncih2170_ctrl_1_58,NCI-H2170,gt_image/ncih2170_ctrl_1_58.tif,gt_coords/ncih2170_ctrl_1_58.npy,179,179,0,gt_mask_cc_conn8_min3
ncih2170_ctrl_1_60,NCI-H2170,gt_image/ncih2170_ctrl_1_60.tif,gt_coords/ncih2170_ctrl_1_60.npy,567,568,1,gt_mask_cc_conn8_min3
ncih2170_ctrl_1_61,NCI-H2170,gt_image/ncih2170_ctrl_1_61.tif,gt_coords/ncih2170_ctrl_1_61.npy,251,259,8,gt_mask_cc_conn8_min3
ncih2170_ctrl_1_62,NCI-H2170,gt_image/ncih2170_ctrl_1_62.tif,gt_coords/ncih2170_ctrl_1_62.npy,478,481,3,gt_mask_cc_conn8_min3
ncih2170_ctrl_1_63,NCI-H2170,gt_image/ncih2170_ctrl_1_63.tif,gt_coords/ncih2170_ctrl_1_63.npy,92,92,0,gt_mask_cc_conn8_min3
ncih2170_ctrl_1_65,NCI-H2170,gt_image/ncih2170_ctrl_1_65.tif,gt_coords/ncih2170_ctrl_1_65.npy,230,236,6,gt_mask_cc_conn8_min3
ncih2170_ctrl_1_66,NCI-H2170,gt_image/ncih2170_ctrl_1_66.tif,gt_coords/ncih2170_ctrl_1_66.npy,283,299,16,gt_mask_cc_conn8_min3
ncih2170_ctrl_1_68,NCI-H2170,gt_image/ncih2170_ctrl_1_68.tif,gt_coords/ncih2170_ctrl_1_68.npy,226,229,3,gt_mask_cc_conn8_min3
ncih2170_ctrl_1_70,NCI-H2170,gt_image/ncih2170_ctrl_1_70.tif,gt_coords/ncih2170_ctrl_1_70.npy,115,115,0,gt_mask_cc_conn8_min3
ncih2170_ctrl_1_82,NCI-H2170,gt_image/ncih2170_ctrl_1_82.tif,gt_coords/ncih2170_ctrl_1_82.npy,404,404,0,gt_mask_cc_conn8_min3
ncih2170_ctrl_1_86,NCI-H2170,gt_image/ncih2170_ctrl_1_86.tif,gt_coords/ncih2170_ctrl_1_86.npy,359,360,1,gt_mask_cc_conn8_min3
ncih2170_ctrl_1_88,NCI-H2170,gt_image/ncih2170_ctrl_1_88.tif,gt_coords/ncih2170_ctrl_1_88.npy,341,350,9,gt_mask_cc_conn8_min3
ncih2170_ctrl_1_89,NCI-H2170,gt_image/ncih2170_ctrl_1_89.tif,gt_coords/ncih2170_ctrl_1_89.npy,832,845,13,gt_mask_cc_conn8_min3
ncih2170_ctrl_1_9,NCI-H2170,gt_image/ncih2170_ctrl_1_9.tif,gt_coords/ncih2170_ctrl_1_9.npy,482,496,14,gt_mask_cc_conn8_min3
ncih2170_ctrl_1_90,NCI-H2170,gt_image/ncih2170_ctrl_1_90.tif,gt_coords/ncih2170_ctrl_1_90.npy,87,87,0,gt_mask_cc_conn8_min3
ncih2170_ctrl_1_91,NCI-H2170,gt_image/ncih2170_ctrl_1_91.tif,gt_coords/ncih2170_ctrl_1_91.npy,671,692,21,gt_mask_cc_conn8_min3
ncih2170_ctrl_1_92,NCI-H2170,gt_image/ncih2170_ctrl_1_92.tif,gt_coords/ncih2170_ctrl_1_92.npy,298,302,4,gt_mask_cc_conn8_min3
ncih2170_ctrl_1_94,NCI-H2170,gt_image/ncih2170_ctrl_1_94.tif,gt_coords/ncih2170_ctrl_1_94.npy,299,300,1,gt_mask_cc_conn8_min3
ncih2170_ctrl_1_95,NCI-H2170,gt_image/ncih2170_ctrl_1_95.tif,gt_coords/ncih2170_ctrl_1_95.npy,215,218,3,gt_mask_cc_conn8_min3
ncih2170_ctrl_1_96,NCI-H2170,gt_image/ncih2170_ctrl_1_96.tif,gt_coords/ncih2170_ctrl_1_96.npy,525,528,3,gt_mask_cc_conn8_min3
ncih2170_ctrl_1_97,NCI-H2170,gt_image/ncih2170_ctrl_1_97.tif,gt_coords/ncih2170_ctrl_1_97.npy,248,253,5,gt_mask_cc_conn8_min3
ncih2170_ctrl_1_98,NCI-H2170,gt_image/ncih2170_ctrl_1_98.tif,gt_coords/ncih2170_ctrl_1_98.npy,119,121,2,gt_mask_cc_conn8_min3
ncih2170_ctrl_1_99,NCI-H2170,gt_image/ncih2170_ctrl_1_99.tif,gt_coords/ncih2170_ctrl_1_99.npy,221,221,0,gt_mask_cc_conn8_min3
ncih2170_ctrl_2_101,NCI-H2170,gt_image/ncih2170_ctrl_2_101.tif,gt_coords/ncih2170_ctrl_2_101.npy,152,156,4,gt_mask_cc_conn8_min3
ncih2170_ctrl_2_102,NCI-H2170,gt_image/ncih2170_ctrl_2_102.tif,gt_coords/ncih2170_ctrl_2_102.npy,257,257,0,gt_mask_cc_conn8_min3
ncih2170_ctrl_2_103,NCI-H2170,gt_image/ncih2170_ctrl_2_103.tif,gt_coords/ncih2170_ctrl_2_103.npy,107,107,0,gt_mask_cc_conn8_min3
ncih2170_ctrl_2_104,NCI-H2170,gt_image/ncih2170_ctrl_2_104.tif,gt_coords/ncih2170_ctrl_2_104.npy,275,277,2,gt_mask_cc_conn8_min3
ncih2170_ctrl_2_105,NCI-H2170,gt_image/ncih2170_ctrl_2_105.tif,gt_coords/ncih2170_ctrl_2_105.npy,184,186,2,gt_mask_cc_conn8_min3
ncih2170_ctrl_2_106,NCI-H2170,gt_image/ncih2170_ctrl_2_106.tif,gt_coords/ncih2170_ctrl_2_106.npy,909,925,16,gt_mask_cc_conn8_min3
ncih2170_ctrl_2_107,NCI-H2170,gt_image/ncih2170_ctrl_2_107.tif,gt_coords/ncih2170_ctrl_2_107.npy,116,118,2,gt_mask_cc_conn8_min3
ncih2170_ctrl_2_109,NCI-H2170,gt_image/ncih2170_ctrl_2_109.tif,gt_coords/ncih2170_ctrl_2_109.npy,457,459,2,gt_mask_cc_conn8_min3
ncih2170_ctrl_2_110,NCI-H2170,gt_image/ncih2170_ctrl_2_110.tif,gt_coords/ncih2170_ctrl_2_110.npy,526,528,2,gt_mask_cc_conn8_min3
ncih2170_ctrl_2_111,NCI-H2170,gt_image/ncih2170_ctrl_2_111.tif,gt_coords/ncih2170_ctrl_2_111.npy,166,169,3,gt_mask_cc_conn8_min3
ncih2170_ctrl_2_112,NCI-H2170,gt_image/ncih2170_ctrl_2_112.tif,gt_coords/ncih2170_ctrl_2_112.npy,217,217,0,gt_mask_cc_conn8_min3
ncih2170_ctrl_2_114,NCI-H2170,gt_image/ncih2170_ctrl_2_114.tif,gt_coords/ncih2170_ctrl_2_114.npy,503,508,5,gt_mask_cc_conn8_min3
ncih2170_ctrl_2_115,NCI-H2170,gt_image/ncih2170_ctrl_2_115.tif,gt_coords/ncih2170_ctrl_2_115.npy,371,378,7,gt_mask_cc_conn8_min3
ncih2170_ctrl_2_116,NCI-H2170,gt_image/ncih2170_ctrl_2_116.tif,gt_coords/ncih2170_ctrl_2_116.npy,94,97,3,gt_mask_cc_conn8_min3
ncih2170_ctrl_2_117,NCI-H2170,gt_image/ncih2170_ctrl_2_117.tif,gt_coords/ncih2170_ctrl_2_117.npy,172,172,0,gt_mask_cc_conn8_min3
ncih2170_ctrl_2_118,NCI-H2170,gt_image/ncih2170_ctrl_2_118.tif,gt_coords/ncih2170_ctrl_2_118.npy,523,525,2,gt_mask_cc_conn8_min3
ncih2170_ctrl_2_119,NCI-H2170,gt_image/ncih2170_ctrl_2_119.tif,gt_coords/ncih2170_ctrl_2_119.npy,282,285,3,gt_mask_cc_conn8_min3
ncih2170_ctrl_2_121,NCI-H2170,gt_image/ncih2170_ctrl_2_121.tif,gt_coords/ncih2170_ctrl_2_121.npy,418,418,0,gt_mask_cc_conn8_min3
ncih2170_ctrl_2_122,NCI-H2170,gt_image/ncih2170_ctrl_2_122.tif,gt_coords/ncih2170_ctrl_2_122.npy,194,194,0,gt_mask_cc_conn8_min3
ncih2170_ctrl_2_123,NCI-H2170,gt_image/ncih2170_ctrl_2_123.tif,gt_coords/ncih2170_ctrl_2_123.npy,430,434,4,gt_mask_cc_conn8_min3
ncih2170_ctrl_2_124,NCI-H2170,gt_image/ncih2170_ctrl_2_124.tif,gt_coords/ncih2170_ctrl_2_124.npy,163,163,0,gt_mask_cc_conn8_min3
ncih2170_ctrl_2_125,NCI-H2170,gt_image/ncih2170_ctrl_2_125.tif,gt_coords/ncih2170_ctrl_2_125.npy,413,415,2,gt_mask_cc_conn8_min3
ncih2170_ctrl_2_126,NCI-H2170,gt_image/ncih2170_ctrl_2_126.tif,gt_coords/ncih2170_ctrl_2_126.npy,196,196,0,gt_mask_cc_conn8_min3
ncih2170_ctrl_2_127,NCI-H2170,gt_image/ncih2170_ctrl_2_127.tif,gt_coords/ncih2170_ctrl_2_127.npy,378,380,2,gt_mask_cc_conn8_min3
ncih2170_ctrl_2_128,NCI-H2170,gt_image/ncih2170_ctrl_2_128.tif,gt_coords/ncih2170_ctrl_2_128.npy,197,197,0,gt_mask_cc_conn8_min3
ncih2170_ctrl_2_129,NCI-H2170,gt_image/ncih2170_ctrl_2_129.tif,gt_coords/ncih2170_ctrl_2_129.npy,220,220,0,gt_mask_cc_conn8_min3
ncih2170_ctrl_2_130,NCI-H2170,gt_image/ncih2170_ctrl_2_130.tif,gt_coords/ncih2170_ctrl_2_130.npy,228,229,1,gt_mask_cc_conn8_min3
ncih2170_ctrl_2_131,NCI-H2170,gt_image/ncih2170_ctrl_2_131.tif,gt_coords/ncih2170_ctrl_2_131.npy,322,324,2,gt_mask_cc_conn8_min3
ncih2170_ctrl_2_132,NCI-H2170,gt_image/ncih2170_ctrl_2_132.tif,gt_coords/ncih2170_ctrl_2_132.npy,274,275,1,gt_mask_cc_conn8_min3
ncih2170_ctrl_2_133,NCI-H2170,gt_image/ncih2170_ctrl_2_133.tif,gt_coords/ncih2170_ctrl_2_133.npy,557,563,6,gt_mask_cc_conn8_min3
ncih2170_ctrl_2_134,NCI-H2170,gt_image/ncih2170_ctrl_2_134.tif,gt_coords/ncih2170_ctrl_2_134.npy,390,392,2,gt_mask_cc_conn8_min3
ncih2170_ctrl_2_135,NCI-H2170,gt_image/ncih2170_ctrl_2_135.tif,gt_coords/ncih2170_ctrl_2_135.npy,88,88,0,gt_mask_cc_conn8_min3
ncih2170_ctrl_2_136,NCI-H2170,gt_image/ncih2170_ctrl_2_136.tif,gt_coords/ncih2170_ctrl_2_136.npy,314,322,8,gt_mask_cc_conn8_min3
ncih2170_ctrl_2_137,NCI-H2170,gt_image/ncih2170_ctrl_2_137.tif,gt_coords/ncih2170_ctrl_2_137.npy,208,211,3,gt_mask_cc_conn8_min3
ncih2170_ctrl_2_138,NCI-H2170,gt_image/ncih2170_ctrl_2_138.tif,gt_coords/ncih2170_ctrl_2_138.npy,279,286,7,gt_mask_cc_conn8_min3
ncih2170_ctrl_2_139,NCI-H2170,gt_image/ncih2170_ctrl_2_139.tif,gt_coords/ncih2170_ctrl_2_139.npy,246,246,0,gt_mask_cc_conn8_min3
ncih2170_ctrl_2_140,NCI-H2170,gt_image/ncih2170_ctrl_2_140.tif,gt_coords/ncih2170_ctrl_2_140.npy,154,154,0,gt_mask_cc_conn8_min3
ncih2170_ctrl_2_141,NCI-H2170,gt_image/ncih2170_ctrl_2_141.tif,gt_coords/ncih2170_ctrl_2_141.npy,114,115,1,gt_mask_cc_conn8_min3
ncih2170_ctrl_2_142,NCI-H2170,gt_image/ncih2170_ctrl_2_142.tif,gt_coords/ncih2170_ctrl_2_142.npy,406,407,1,gt_mask_cc_conn8_min3
ncih2170_ctrl_2_143,NCI-H2170,gt_image/ncih2170_ctrl_2_143.tif,gt_coords/ncih2170_ctrl_2_143.npy,191,192,1,gt_mask_cc_conn8_min3
ncih2170_ctrl_2_21,NCI-H2170,gt_image/ncih2170_ctrl_2_21.tif,gt_coords/ncih2170_ctrl_2_21.npy,302,302,0,gt_mask_cc_conn8_min3
ncih2170_ctrl_2_22,NCI-H2170,gt_image/ncih2170_ctrl_2_22.tif,gt_coords/ncih2170_ctrl_2_22.npy,438,442,4,gt_mask_cc_conn8_min3
ncih2170_ctrl_2_22_a,NCI-H2170,gt_image/ncih2170_ctrl_2_22_a.tif,gt_coords/ncih2170_ctrl_2_22_a.npy,111,114,3,gt_mask_cc_conn8_min3
ncih2170_ctrl_2_22_b,NCI-H2170,gt_image/ncih2170_ctrl_2_22_b.tif,gt_coords/ncih2170_ctrl_2_22_b.npy,218,220,2,gt_mask_cc_conn8_min3
ncih2170_ctrl_2_23,NCI-H2170,gt_image/ncih2170_ctrl_2_23.tif,gt_coords/ncih2170_ctrl_2_23.npy,405,408,3,gt_mask_cc_conn8_min3
ncih2170_ctrl_2_23_a,NCI-H2170,gt_image/ncih2170_ctrl_2_23_a.tif,gt_coords/ncih2170_ctrl_2_23_a.npy,79,109,30,gt_mask_cc_conn8_min3
ncih2170_ctrl_2_24,NCI-H2170,gt_image/ncih2170_ctrl_2_24.tif,gt_coords/ncih2170_ctrl_2_24.npy,642,643,1,gt_mask_cc_conn8_min3
ncih2170_ctrl_2_25,NCI-H2170,gt_image/ncih2170_ctrl_2_25.tif,gt_coords/ncih2170_ctrl_2_25.npy,148,148,0,gt_mask_cc_conn8_min3
ncih2170_ctrl_2_26,NCI-H2170,gt_image/ncih2170_ctrl_2_26.tif,gt_coords/ncih2170_ctrl_2_26.npy,493,505,12,gt_mask_cc_conn8_min3
ncih2170_ctrl_2_27,NCI-H2170,gt_image/ncih2170_ctrl_2_27.tif,gt_coords/ncih2170_ctrl_2_27.npy,520,539,19,gt_mask_cc_conn8_min3
ncih2170_ctrl_2_28,NCI-H2170,gt_image/ncih2170_ctrl_2_28.tif,gt_coords/ncih2170_ctrl_2_28.npy,259,259,0,gt_mask_cc_conn8_min3
ncih2170_ctrl_2_29,NCI-H2170,gt_image/ncih2170_ctrl_2_29.tif,gt_coords/ncih2170_ctrl_2_29.npy,170,172,2,gt_mask_cc_conn8_min3
ncih2170_ctrl_2_30,NCI-H2170,gt_image/ncih2170_ctrl_2_30.tif,gt_coords/ncih2170_ctrl_2_30.npy,572,581,9,gt_mask_cc_conn8_min3
ncih2170_ctrl_2_31,NCI-H2170,gt_image/ncih2170_ctrl_2_31.tif,gt_coords/ncih2170_ctrl_2_31.npy,89,89,0,gt_mask_cc_conn8_min3
ncih2170_ctrl_2_32,NCI-H2170,gt_image/ncih2170_ctrl_2_32.tif,gt_coords/ncih2170_ctrl_2_32.npy,301,301,0,gt_mask_cc_conn8_min3
ncih2170_ctrl_2_35,NCI-H2170,gt_image/ncih2170_ctrl_2_35.tif,gt_coords/ncih2170_ctrl_2_35.npy,604,644,40,gt_mask_cc_conn8_min3
ncih2170_ctrl_2_40,NCI-H2170,gt_image/ncih2170_ctrl_2_40.tif,gt_coords/ncih2170_ctrl_2_40.npy,297,299,2,gt_mask_cc_conn8_min3
ncih2170_ctrl_2_41,NCI-H2170,gt_image/ncih2170_ctrl_2_41.tif,gt_coords/ncih2170_ctrl_2_41.npy,742,751,9,gt_mask_cc_conn8_min3
ncih2170_ctrl_2_92,NCI-H2170,gt_image/ncih2170_ctrl_2_92.tif,gt_coords/ncih2170_ctrl_2_92.npy,436,439,3,gt_mask_cc_conn8_min3
ncih2170_ctrl_2_93,NCI-H2170,gt_image/ncih2170_ctrl_2_93.tif,gt_coords/ncih2170_ctrl_2_93.npy,287,288,1,gt_mask_cc_conn8_min3
ncih2170_ctrl_2_94,NCI-H2170,gt_image/ncih2170_ctrl_2_94.tif,gt_coords/ncih2170_ctrl_2_94.npy,146,148,2,gt_mask_cc_conn8_min3
ncih2170_ctrl_2_95,NCI-H2170,gt_image/ncih2170_ctrl_2_95.tif,gt_coords/ncih2170_ctrl_2_95.npy,461,464,3,gt_mask_cc_conn8_min3
ncih2170_ctrl_2_96,NCI-H2170,gt_image/ncih2170_ctrl_2_96.tif,gt_coords/ncih2170_ctrl_2_96.npy,96,99,3,gt_mask_cc_conn8_min3
ncih2170_ctrl_2_97,NCI-H2170,gt_image/ncih2170_ctrl_2_97.tif,gt_coords/ncih2170_ctrl_2_97.npy,334,336,2,gt_mask_cc_conn8_min3
ncih2170_ctrl_2_98,NCI-H2170,gt_image/ncih2170_ctrl_2_98.tif,gt_coords/ncih2170_ctrl_2_98.npy,303,329,26,gt_mask_cc_conn8_min3
ncih2170_ctrl_2_99,NCI-H2170,gt_image/ncih2170_ctrl_2_99.tif,gt_coords/ncih2170_ctrl_2_99.npy,290,292,2,gt_mask_cc_conn8_min3
ncih2170_facs_fish_0223_high_her2_1,NCI-H2170,gt_image/ncih2170_facs_fish_0223_high_her2_1.tif,gt_coords/ncih2170_facs_fish_0223_high_her2_1.npy,198,198,0,gt_mask_cc_conn8_min3
ncih2170_facs_fish_0223_high_her2_10,NCI-H2170,gt_image/ncih2170_facs_fish_0223_high_her2_10.tif,gt_coords/ncih2170_facs_fish_0223_high_her2_10.npy,138,138,0,gt_mask_cc_conn8_min3
ncih2170_facs_fish_0223_high_her2_11,NCI-H2170,gt_image/ncih2170_facs_fish_0223_high_her2_11.tif,gt_coords/ncih2170_facs_fish_0223_high_her2_11.npy,101,101,0,gt_mask_cc_conn8_min3
ncih2170_facs_fish_0223_high_her2_12,NCI-H2170,gt_image/ncih2170_facs_fish_0223_high_her2_12.tif,gt_coords/ncih2170_facs_fish_0223_high_her2_12.npy,150,150,0,gt_mask_cc_conn8_min3
ncih2170_facs_fish_0223_high_her2_13,NCI-H2170,gt_image/ncih2170_facs_fish_0223_high_her2_13.tif,gt_coords/ncih2170_facs_fish_0223_high_her2_13.npy,375,377,2,gt_mask_cc_conn8_min3
ncih2170_facs_fish_0223_high_her2_14,NCI-H2170,gt_image/ncih2170_facs_fish_0223_high_her2_14.tif,gt_coords/ncih2170_facs_fish_0223_high_her2_14.npy,206,206,0,gt_mask_cc_conn8_min3
ncih2170_facs_fish_0223_high_her2_15,NCI-H2170,gt_image/ncih2170_facs_fish_0223_high_her2_15.tif,gt_coords/ncih2170_facs_fish_0223_high_her2_15.npy,119,119,0,gt_mask_cc_conn8_min3
ncih2170_facs_fish_0223_high_her2_16,NCI-H2170,gt_image/ncih2170_facs_fish_0223_high_her2_16.tif,gt_coords/ncih2170_facs_fish_0223_high_her2_16.npy,130,130,0,gt_mask_cc_conn8_min3
ncih2170_facs_fish_0223_high_her2_17,NCI-H2170,gt_image/ncih2170_facs_fish_0223_high_her2_17.tif,gt_coords/ncih2170_facs_fish_0223_high_her2_17.npy,210,211,1,gt_mask_cc_conn8_min3
ncih2170_facs_fish_0223_high_her2_18,NCI-H2170,gt_image/ncih2170_facs_fish_0223_high_her2_18.tif,gt_coords/ncih2170_facs_fish_0223_high_her2_18.npy,46,46,0,gt_mask_cc_conn8_min3
ncih2170_facs_fish_0223_high_her2_19,NCI-H2170,gt_image/ncih2170_facs_fish_0223_high_her2_19.tif,gt_coords/ncih2170_facs_fish_0223_high_her2_19.npy,96,99,3,gt_mask_cc_conn8_min3
ncih2170_facs_fish_0223_high_her2_2,NCI-H2170,gt_image/ncih2170_facs_fish_0223_high_her2_2.tif,gt_coords/ncih2170_facs_fish_0223_high_her2_2.npy,86,88,2,gt_mask_cc_conn8_min3
ncih2170_facs_fish_0223_high_her2_20,NCI-H2170,gt_image/ncih2170_facs_fish_0223_high_her2_20.tif,gt_coords/ncih2170_facs_fish_0223_high_her2_20.npy,87,87,0,gt_mask_cc_conn8_min3
ncih2170_facs_fish_0223_high_her2_3,NCI-H2170,gt_image/ncih2170_facs_fish_0223_high_her2_3.tif,gt_coords/ncih2170_facs_fish_0223_high_her2_3.npy,116,116,0,gt_mask_cc_conn8_min3
ncih2170_facs_fish_0223_high_her2_4,NCI-H2170,gt_image/ncih2170_facs_fish_0223_high_her2_4.tif,gt_coords/ncih2170_facs_fish_0223_high_her2_4.npy,77,77,0,gt_mask_cc_conn8_min3
ncih2170_facs_fish_0223_high_her2_5,NCI-H2170,gt_image/ncih2170_facs_fish_0223_high_her2_5.tif,gt_coords/ncih2170_facs_fish_0223_high_her2_5.npy,152,152,0,gt_mask_cc_conn8_min3
ncih2170_facs_fish_0223_high_her2_6,NCI-H2170,gt_image/ncih2170_facs_fish_0223_high_her2_6.tif,gt_coords/ncih2170_facs_fish_0223_high_her2_6.npy,332,335,3,gt_mask_cc_conn8_min3
ncih2170_facs_fish_0223_high_her2_7,NCI-H2170,gt_image/ncih2170_facs_fish_0223_high_her2_7.tif,gt_coords/ncih2170_facs_fish_0223_high_her2_7.npy,62,62,0,gt_mask_cc_conn8_min3
ncih2170_facs_fish_0223_high_her2_8,NCI-H2170,gt_image/ncih2170_facs_fish_0223_high_her2_8.tif,gt_coords/ncih2170_facs_fish_0223_high_her2_8.npy,228,229,1,gt_mask_cc_conn8_min3
ncih2170_facs_fish_0223_high_her2_9,NCI-H2170,gt_image/ncih2170_facs_fish_0223_high_her2_9.tif,gt_coords/ncih2170_facs_fish_0223_high_her2_9.npy,94,94,0,gt_mask_cc_conn8_min3
ncih2170_facs_fish_0223_low_her2_1,NCI-H2170,gt_image/ncih2170_facs_fish_0223_low_her2_1.tif,gt_coords/ncih2170_facs_fish_0223_low_her2_1.npy,46,46,0,gt_mask_cc_conn8_min3
ncih2170_facs_fish_0223_low_her2_10,NCI-H2170,gt_image/ncih2170_facs_fish_0223_low_her2_10.tif,gt_coords/ncih2170_facs_fish_0223_low_her2_10.npy,24,24,0,gt_mask_cc_conn8_min3
ncih2170_facs_fish_0223_low_her2_11,NCI-H2170,gt_image/ncih2170_facs_fish_0223_low_her2_11.tif,gt_coords/ncih2170_facs_fish_0223_low_her2_11.npy,54,54,0,gt_mask_cc_conn8_min3
ncih2170_facs_fish_0223_low_her2_12,NCI-H2170,gt_image/ncih2170_facs_fish_0223_low_her2_12.tif,gt_coords/ncih2170_facs_fish_0223_low_her2_12.npy,77,77,0,gt_mask_cc_conn8_min3
ncih2170_facs_fish_0223_low_her2_13,NCI-H2170,gt_image/ncih2170_facs_fish_0223_low_her2_13.tif,gt_coords/ncih2170_facs_fish_0223_low_her2_13.npy,38,38,0,gt_mask_cc_conn8_min3
ncih2170_facs_fish_0223_low_her2_14,NCI-H2170,gt_image/ncih2170_facs_fish_0223_low_her2_14.tif,gt_coords/ncih2170_facs_fish_0223_low_her2_14.npy,61,61,0,gt_mask_cc_conn8_min3
ncih2170_facs_fish_0223_low_her2_15,NCI-H2170,gt_image/ncih2170_facs_fish_0223_low_her2_15.tif,gt_coords/ncih2170_facs_fish_0223_low_her2_15.npy,52,52,0,gt_mask_cc_conn8_min3
ncih2170_facs_fish_0223_low_her2_16,NCI-H2170,gt_image/ncih2170_facs_fish_0223_low_her2_16.tif,gt_coords/ncih2170_facs_fish_0223_low_her2_16.npy,64,64,0,gt_mask_cc_conn8_min3
ncih2170_facs_fish_0223_low_her2_17,NCI-H2170,gt_image/ncih2170_facs_fish_0223_low_her2_17.tif,gt_coords/ncih2170_facs_fish_0223_low_her2_17.npy,16,16,0,gt_mask_cc_conn8_min3
ncih2170_facs_fish_0223_low_her2_19,NCI-H2170,gt_image/ncih2170_facs_fish_0223_low_her2_19.tif,gt_coords/ncih2170_facs_fish_0223_low_her2_19.npy,40,40,0,gt_mask_cc_conn8_min3
ncih2170_facs_fish_0223_low_her2_2,NCI-H2170,gt_image/ncih2170_facs_fish_0223_low_her2_2.tif,gt_coords/ncih2170_facs_fish_0223_low_her2_2.npy,189,190,1,gt_mask_cc_conn8_min3
ncih2170_facs_fish_0223_low_her2_20,NCI-H2170,gt_image/ncih2170_facs_fish_0223_low_her2_20.tif,gt_coords/ncih2170_facs_fish_0223_low_her2_20.npy,31,31,0,gt_mask_cc_conn8_min3
ncih2170_facs_fish_0223_low_her2_21,NCI-H2170,gt_image/ncih2170_facs_fish_0223_low_her2_21.tif,gt_coords/ncih2170_facs_fish_0223_low_her2_21.npy,42,43,1,gt_mask_cc_conn8_min3
ncih2170_facs_fish_0223_low_her2_22,NCI-H2170,gt_image/ncih2170_facs_fish_0223_low_her2_22.tif,gt_coords/ncih2170_facs_fish_0223_low_her2_22.npy,39,39,0,gt_mask_cc_conn8_min3
ncih2170_facs_fish_0223_low_her2_23,NCI-H2170,gt_image/ncih2170_facs_fish_0223_low_her2_23.tif,gt_coords/ncih2170_facs_fish_0223_low_her2_23.npy,21,21,0,gt_mask_cc_conn8_min3
ncih2170_facs_fish_0223_low_her2_24,NCI-H2170,gt_image/ncih2170_facs_fish_0223_low_her2_24.tif,gt_coords/ncih2170_facs_fish_0223_low_her2_24.npy,23,23,0,gt_mask_cc_conn8_min3
ncih2170_facs_fish_0223_low_her2_25,NCI-H2170,gt_image/ncih2170_facs_fish_0223_low_her2_25.tif,gt_coords/ncih2170_facs_fish_0223_low_her2_25.npy,371,372,1,gt_mask_cc_conn8_min3
ncih2170_facs_fish_0223_low_her2_3,NCI-H2170,gt_image/ncih2170_facs_fish_0223_low_her2_3.tif,gt_coords/ncih2170_facs_fish_0223_low_her2_3.npy,51,51,0,gt_mask_cc_conn8_min3
ncih2170_facs_fish_0223_low_her2_4,NCI-H2170,gt_image/ncih2170_facs_fish_0223_low_her2_4.tif,gt_coords/ncih2170_facs_fish_0223_low_her2_4.npy,35,35,0,gt_mask_cc_conn8_min3
ncih2170_facs_fish_0223_low_her2_5,NCI-H2170,gt_image/ncih2170_facs_fish_0223_low_her2_5.tif,gt_coords/ncih2170_facs_fish_0223_low_her2_5.npy,9,9,0,gt_mask_cc_conn8_min3
ncih2170_facs_fish_0223_low_her2_6,NCI-H2170,gt_image/ncih2170_facs_fish_0223_low_her2_6.tif,gt_coords/ncih2170_facs_fish_0223_low_her2_6.npy,15,15,0,gt_mask_cc_conn8_min3
ncih2170_facs_fish_0223_low_her2_7,NCI-H2170,gt_image/ncih2170_facs_fish_0223_low_her2_7.tif,gt_coords/ncih2170_facs_fish_0223_low_her2_7.npy,103,104,1,gt_mask_cc_conn8_min3
ncih2170_facs_fish_0223_low_her2_8,NCI-H2170,gt_image/ncih2170_facs_fish_0223_low_her2_8.tif,gt_coords/ncih2170_facs_fish_0223_low_her2_8.npy,101,101,0,gt_mask_cc_conn8_min3
ncih2170_facs_fish_0223_low_her2_9,NCI-H2170,gt_image/ncih2170_facs_fish_0223_low_her2_9.tif,gt_coords/ncih2170_facs_fish_0223_low_her2_9.npy,24,24,0,gt_mask_cc_conn8_min3
ncih2170_facs_fish_0423_high_her2_21,NCI-H2170,gt_image/ncih2170_facs_fish_0423_high_her2_21.tif,gt_coords/ncih2170_facs_fish_0423_high_her2_21.npy,115,117,2,gt_mask_cc_conn8_min3
ncih2170_facs_fish_0423_high_her2_23,NCI-H2170,gt_image/ncih2170_facs_fish_0423_high_her2_23.tif,gt_coords/ncih2170_facs_fish_0423_high_her2_23.npy,187,187,0,gt_mask_cc_conn8_min3
ncih2170_facs_fish_0423_high_her2_24,NCI-H2170,gt_image/ncih2170_facs_fish_0423_high_her2_24.tif,gt_coords/ncih2170_facs_fish_0423_high_her2_24.npy,174,174,0,gt_mask_cc_conn8_min3
ncih2170_facs_fish_0423_high_her2_25,NCI-H2170,gt_image/ncih2170_facs_fish_0423_high_her2_25.tif,gt_coords/ncih2170_facs_fish_0423_high_her2_25.npy,97,97,0,gt_mask_cc_conn8_min3
ncih2170_facs_fish_0423_high_her2_26,NCI-H2170,gt_image/ncih2170_facs_fish_0423_high_her2_26.tif,gt_coords/ncih2170_facs_fish_0423_high_her2_26.npy,235,235,0,gt_mask_cc_conn8_min3
ncih2170_facs_fish_0423_high_her2_27,NCI-H2170,gt_image/ncih2170_facs_fish_0423_high_her2_27.tif,gt_coords/ncih2170_facs_fish_0423_high_her2_27.npy,396,396,0,gt_mask_cc_conn8_min3
ncih2170_facs_fish_0423_low_her2_1,NCI-H2170,gt_image/ncih2170_facs_fish_0423_low_her2_1.tif,gt_coords/ncih2170_facs_fish_0423_low_her2_1.npy,113,113,0,gt_mask_cc_conn8_min3
ncih2170_facs_fish_0423_low_her2_10,NCI-H2170,gt_image/ncih2170_facs_fish_0423_low_her2_10.tif,gt_coords/ncih2170_facs_fish_0423_low_her2_10.npy,191,192,1,gt_mask_cc_conn8_min3
ncih2170_facs_fish_0423_low_her2_100,NCI-H2170,gt_image/ncih2170_facs_fish_0423_low_her2_100.tif,gt_coords/ncih2170_facs_fish_0423_low_her2_100.npy,141,141,0,gt_mask_cc_conn8_min3
ncih2170_facs_fish_0423_low_her2_101,NCI-H2170,gt_image/ncih2170_facs_fish_0423_low_her2_101.tif,gt_coords/ncih2170_facs_fish_0423_low_her2_101.npy,104,105,1,gt_mask_cc_conn8_min3
ncih2170_facs_fish_0423_low_her2_102,NCI-H2170,gt_image/ncih2170_facs_fish_0423_low_her2_102.tif,gt_coords/ncih2170_facs_fish_0423_low_her2_102.npy,49,49,0,gt_mask_cc_conn8_min3
ncih2170_facs_fish_0423_low_her2_103,NCI-H2170,gt_image/ncih2170_facs_fish_0423_low_her2_103.tif,gt_coords/ncih2170_facs_fish_0423_low_her2_103.npy,56,56,0,gt_mask_cc_conn8_min3
ncih2170_facs_fish_0423_low_her2_104,NCI-H2170,gt_image/ncih2170_facs_fish_0423_low_her2_104.tif,gt_coords/ncih2170_facs_fish_0423_low_her2_104.npy,61,61,0,gt_mask_cc_conn8_min3
ncih2170_facs_fish_0423_low_her2_105,NCI-H2170,gt_image/ncih2170_facs_fish_0423_low_her2_105.tif,gt_coords/ncih2170_facs_fish_0423_low_her2_105.npy,62,62,0,gt_mask_cc_conn8_min3
ncih2170_facs_fish_0423_low_her2_106,NCI-H2170,gt_image/ncih2170_facs_fish_0423_low_her2_106.tif,gt_coords/ncih2170_facs_fish_0423_low_her2_106.npy,78,78,0,gt_mask_cc_conn8_min3
ncih2170_facs_fish_0423_low_her2_107,NCI-H2170,gt_image/ncih2170_facs_fish_0423_low_her2_107.tif,gt_coords/ncih2170_facs_fish_0423_low_her2_107.npy,90,90,0,gt_mask_cc_conn8_min3
ncih2170_facs_fish_0423_low_her2_108,NCI-H2170,gt_image/ncih2170_facs_fish_0423_low_her2_108.tif,gt_coords/ncih2170_facs_fish_0423_low_her2_108.npy,94,94,0,gt_mask_cc_conn8_min3
ncih2170_facs_fish_0423_low_her2_109,NCI-H2170,gt_image/ncih2170_facs_fish_0423_low_her2_109.tif,gt_coords/ncih2170_facs_fish_0423_low_her2_109.npy,109,109,0,gt_mask_cc_conn8_min3
ncih2170_facs_fish_0423_low_her2_11,NCI-H2170,gt_image/ncih2170_facs_fish_0423_low_her2_11.tif,gt_coords/ncih2170_facs_fish_0423_low_her2_11.npy,44,46,2,gt_mask_cc_conn8_min3
ncih2170_facs_fish_0423_low_her2_110,NCI-H2170,gt_image/ncih2170_facs_fish_0423_low_her2_110.tif,gt_coords/ncih2170_facs_fish_0423_low_her2_110.npy,89,89,0,gt_mask_cc_conn8_min3
ncih2170_facs_fish_0423_low_her2_111,NCI-H2170,gt_image/ncih2170_facs_fish_0423_low_her2_111.tif,gt_coords/ncih2170_facs_fish_0423_low_her2_111.npy,107,107,0,gt_mask_cc_conn8_min3
ncih2170_facs_fish_0423_low_her2_112,NCI-H2170,gt_image/ncih2170_facs_fish_0423_low_her2_112.tif,gt_coords/ncih2170_facs_fish_0423_low_her2_112.npy,47,47,0,gt_mask_cc_conn8_min3
ncih2170_facs_fish_0423_low_her2_113,NCI-H2170,gt_image/ncih2170_facs_fish_0423_low_her2_113.tif,gt_coords/ncih2170_facs_fish_0423_low_her2_113.npy,38,38,0,gt_mask_cc_conn8_min3
ncih2170_facs_fish_0423_low_her2_114,NCI-H2170,gt_image/ncih2170_facs_fish_0423_low_her2_114.tif,gt_coords/ncih2170_facs_fish_0423_low_her2_114.npy,64,64,0,gt_mask_cc_conn8_min3
ncih2170_facs_fish_0423_low_her2_115,NCI-H2170,gt_image/ncih2170_facs_fish_0423_low_her2_115.tif,gt_coords/ncih2170_facs_fish_0423_low_her2_115.npy,152,152,0,gt_mask_cc_conn8_min3
ncih2170_facs_fish_0423_low_her2_116,NCI-H2170,gt_image/ncih2170_facs_fish_0423_low_her2_116.tif,gt_coords/ncih2170_facs_fish_0423_low_her2_116.npy,48,48,0,gt_mask_cc_conn8_min3
ncih2170_facs_fish_0423_low_her2_117,NCI-H2170,gt_image/ncih2170_facs_fish_0423_low_her2_117.tif,gt_coords/ncih2170_facs_fish_0423_low_her2_117.npy,241,241,0,gt_mask_cc_conn8_min3
ncih2170_facs_fish_0423_low_her2_118,NCI-H2170,gt_image/ncih2170_facs_fish_0423_low_her2_118.tif,gt_coords/ncih2170_facs_fish_0423_low_her2_118.npy,43,43,0,gt_mask_cc_conn8_min3
ncih2170_facs_fish_0423_low_her2_119,NCI-H2170,gt_image/ncih2170_facs_fish_0423_low_her2_119.tif,gt_coords/ncih2170_facs_fish_0423_low_her2_119.npy,54,54,0,gt_mask_cc_conn8_min3
ncih2170_facs_fish_0423_low_her2_12,NCI-H2170,gt_image/ncih2170_facs_fish_0423_low_her2_12.tif,gt_coords/ncih2170_facs_fish_0423_low_her2_12.npy,54,54,0,gt_mask_cc_conn8_min3
ncih2170_facs_fish_0423_low_her2_120,NCI-H2170,gt_image/ncih2170_facs_fish_0423_low_her2_120.tif,gt_coords/ncih2170_facs_fish_0423_low_her2_120.npy,154,154,0,gt_mask_cc_conn8_min3
ncih2170_facs_fish_0423_low_her2_13,NCI-H2170,gt_image/ncih2170_facs_fish_0423_low_her2_13.tif,gt_coords/ncih2170_facs_fish_0423_low_her2_13.npy,116,117,1,gt_mask_cc_conn8_min3
ncih2170_facs_fish_0423_low_her2_14,NCI-H2170,gt_image/ncih2170_facs_fish_0423_low_her2_14.tif,gt_coords/ncih2170_facs_fish_0423_low_her2_14.npy,70,70,0,gt_mask_cc_conn8_min3
ncih2170_facs_fish_0423_low_her2_15,NCI-H2170,gt_image/ncih2170_facs_fish_0423_low_her2_15.tif,gt_coords/ncih2170_facs_fish_0423_low_her2_15.npy,102,102,0,gt_mask_cc_conn8_min3
ncih2170_facs_fish_0423_low_her2_16,NCI-H2170,gt_image/ncih2170_facs_fish_0423_low_her2_16.tif,gt_coords/ncih2170_facs_fish_0423_low_her2_16.npy,61,61,0,gt_mask_cc_conn8_min3
ncih2170_facs_fish_0423_low_her2_17,NCI-H2170,gt_image/ncih2170_facs_fish_0423_low_her2_17.tif,gt_coords/ncih2170_facs_fish_0423_low_her2_17.npy,227,228,1,gt_mask_cc_conn8_min3
ncih2170_facs_fish_0423_low_her2_18,NCI-H2170,gt_image/ncih2170_facs_fish_0423_low_her2_18.tif,gt_coords/ncih2170_facs_fish_0423_low_her2_18.npy,99,100,1,gt_mask_cc_conn8_min3
ncih2170_facs_fish_0423_low_her2_19,NCI-H2170,gt_image/ncih2170_facs_fish_0423_low_her2_19.tif,gt_coords/ncih2170_facs_fish_0423_low_her2_19.npy,170,170,0,gt_mask_cc_conn8_min3
ncih2170_facs_fish_0423_low_her2_2,NCI-H2170,gt_image/ncih2170_facs_fish_0423_low_her2_2.tif,gt_coords/ncih2170_facs_fish_0423_low_her2_2.npy,97,97,0,gt_mask_cc_conn8_min3
ncih2170_facs_fish_0423_low_her2_20,NCI-H2170,gt_image/ncih2170_facs_fish_0423_low_her2_20.tif,gt_coords/ncih2170_facs_fish_0423_low_her2_20.npy,213,213,0,gt_mask_cc_conn8_min3
ncih2170_facs_fish_0423_low_her2_21,NCI-H2170,gt_image/ncih2170_facs_fish_0423_low_her2_21.tif,gt_coords/ncih2170_facs_fish_0423_low_her2_21.npy,48,48,0,gt_mask_cc_conn8_min3
ncih2170_facs_fish_0423_low_her2_22,NCI-H2170,gt_image/ncih2170_facs_fish_0423_low_her2_22.tif,gt_coords/ncih2170_facs_fish_0423_low_her2_22.npy,64,64,0,gt_mask_cc_conn8_min3
ncih2170_facs_fish_0423_low_her2_23,NCI-H2170,gt_image/ncih2170_facs_fish_0423_low_her2_23.tif,gt_coords/ncih2170_facs_fish_0423_low_her2_23.npy,167,167,0,gt_mask_cc_conn8_min3
ncih2170_facs_fish_0423_low_her2_24,NCI-H2170,gt_image/ncih2170_facs_fish_0423_low_her2_24.tif,gt_coords/ncih2170_facs_fish_0423_low_her2_24.npy,113,113,0,gt_mask_cc_conn8_min3
ncih2170_facs_fish_0423_low_her2_25,NCI-H2170,gt_image/ncih2170_facs_fish_0423_low_her2_25.tif,gt_coords/ncih2170_facs_fish_0423_low_her2_25.npy,119,119,0,gt_mask_cc_conn8_min3
ncih2170_facs_fish_0423_low_her2_26,NCI-H2170,gt_image/ncih2170_facs_fish_0423_low_her2_26.tif,gt_coords/ncih2170_facs_fish_0423_low_her2_26.npy,83,83,0,gt_mask_cc_conn8_min3
ncih2170_facs_fish_0423_low_her2_27,NCI-H2170,gt_image/ncih2170_facs_fish_0423_low_her2_27.tif,gt_coords/ncih2170_facs_fish_0423_low_her2_27.npy,72,72,0,gt_mask_cc_conn8_min3
ncih2170_facs_fish_0423_low_her2_28,NCI-H2170,gt_image/ncih2170_facs_fish_0423_low_her2_28.tif,gt_coords/ncih2170_facs_fish_0423_low_her2_28.npy,174,175,1,gt_mask_cc_conn8_min3
ncih2170_facs_fish_0423_low_her2_29,NCI-H2170,gt_image/ncih2170_facs_fish_0423_low_her2_29.tif,gt_coords/ncih2170_facs_fish_0423_low_her2_29.npy,162,162,0,gt_mask_cc_conn8_min3
ncih2170_facs_fish_0423_low_her2_3,NCI-H2170,gt_image/ncih2170_facs_fish_0423_low_her2_3.tif,gt_coords/ncih2170_facs_fish_0423_low_her2_3.npy,128,128,0,gt_mask_cc_conn8_min3
ncih2170_facs_fish_0423_low_her2_30,NCI-H2170,gt_image/ncih2170_facs_fish_0423_low_her2_30.tif,gt_coords/ncih2170_facs_fish_0423_low_her2_30.npy,96,96,0,gt_mask_cc_conn8_min3
ncih2170_facs_fish_0423_low_her2_31_a,NCI-H2170,gt_image/ncih2170_facs_fish_0423_low_her2_31_a.tif,gt_coords/ncih2170_facs_fish_0423_low_her2_31_a.npy,34,34,0,gt_mask_cc_conn8_min3
ncih2170_facs_fish_0423_low_her2_31_b,NCI-H2170,gt_image/ncih2170_facs_fish_0423_low_her2_31_b.tif,gt_coords/ncih2170_facs_fish_0423_low_her2_31_b.npy,197,197,0,gt_mask_cc_conn8_min3
ncih2170_facs_fish_0423_low_her2_32,NCI-H2170,gt_image/ncih2170_facs_fish_0423_low_her2_32.tif,gt_coords/ncih2170_facs_fish_0423_low_her2_32.npy,128,128,0,gt_mask_cc_conn8_min3
ncih2170_facs_fish_0423_low_her2_33,NCI-H2170,gt_image/ncih2170_facs_fish_0423_low_her2_33.tif,gt_coords/ncih2170_facs_fish_0423_low_her2_33.npy,149,149,0,gt_mask_cc_conn8_min3
ncih2170_facs_fish_0423_low_her2_35,NCI-H2170,gt_image/ncih2170_facs_fish_0423_low_her2_35.tif,gt_coords/ncih2170_facs_fish_0423_low_her2_35.npy,211,211,0,gt_mask_cc_conn8_min3
ncih2170_facs_fish_0423_low_her2_37,NCI-H2170,gt_image/ncih2170_facs_fish_0423_low_her2_37.tif,gt_coords/ncih2170_facs_fish_0423_low_her2_37.npy,60,60,0,gt_mask_cc_conn8_min3
ncih2170_facs_fish_0423_low_her2_4,NCI-H2170,gt_image/ncih2170_facs_fish_0423_low_her2_4.tif,gt_coords/ncih2170_facs_fish_0423_low_her2_4.npy,117,117,0,gt_mask_cc_conn8_min3
ncih2170_facs_fish_0423_low_her2_41,NCI-H2170,gt_image/ncih2170_facs_fish_0423_low_her2_41.tif,gt_coords/ncih2170_facs_fish_0423_low_her2_41.npy,112,114,2,gt_mask_cc_conn8_min3
ncih2170_facs_fish_0423_low_her2_42,NCI-H2170,gt_image/ncih2170_facs_fish_0423_low_her2_42.tif,gt_coords/ncih2170_facs_fish_0423_low_her2_42.npy,196,196,0,gt_mask_cc_conn8_min3
ncih2170_facs_fish_0423_low_her2_43,NCI-H2170,gt_image/ncih2170_facs_fish_0423_low_her2_43.tif,gt_coords/ncih2170_facs_fish_0423_low_her2_43.npy,139,139,0,gt_mask_cc_conn8_min3
ncih2170_facs_fish_0423_low_her2_44,NCI-H2170,gt_image/ncih2170_facs_fish_0423_low_her2_44.tif,gt_coords/ncih2170_facs_fish_0423_low_her2_44.npy,115,115,0,gt_mask_cc_conn8_min3
ncih2170_facs_fish_0423_low_her2_45,NCI-H2170,gt_image/ncih2170_facs_fish_0423_low_her2_45.tif,gt_coords/ncih2170_facs_fish_0423_low_her2_45.npy,132,132,0,gt_mask_cc_conn8_min3
ncih2170_facs_fish_0423_low_her2_46,NCI-H2170,gt_image/ncih2170_facs_fish_0423_low_her2_46.tif,gt_coords/ncih2170_facs_fish_0423_low_her2_46.npy,167,167,0,gt_mask_cc_conn8_min3
ncih2170_facs_fish_0423_low_her2_47,NCI-H2170,gt_image/ncih2170_facs_fish_0423_low_her2_47.tif,gt_coords/ncih2170_facs_fish_0423_low_her2_47.npy,103,103,0,gt_mask_cc_conn8_min3
ncih2170_facs_fish_0423_low_her2_48,NCI-H2170,gt_image/ncih2170_facs_fish_0423_low_her2_48.tif,gt_coords/ncih2170_facs_fish_0423_low_her2_48.npy,99,99,0,gt_mask_cc_conn8_min3
ncih2170_facs_fish_0423_low_her2_49,NCI-H2170,gt_image/ncih2170_facs_fish_0423_low_her2_49.tif,gt_coords/ncih2170_facs_fish_0423_low_her2_49.npy,141,141,0,gt_mask_cc_conn8_min3
ncih2170_facs_fish_0423_low_her2_5,NCI-H2170,gt_image/ncih2170_facs_fish_0423_low_her2_5.tif,gt_coords/ncih2170_facs_fish_0423_low_her2_5.npy,171,171,0,gt_mask_cc_conn8_min3
ncih2170_facs_fish_0423_low_her2_50,NCI-H2170,gt_image/ncih2170_facs_fish_0423_low_her2_50.tif,gt_coords/ncih2170_facs_fish_0423_low_her2_50.npy,125,125,0,gt_mask_cc_conn8_min3
ncih2170_facs_fish_0423_low_her2_51,NCI-H2170,gt_image/ncih2170_facs_fish_0423_low_her2_51.tif,gt_coords/ncih2170_facs_fish_0423_low_her2_51.npy,132,132,0,gt_mask_cc_conn8_min3
ncih2170_facs_fish_0423_low_her2_52,NCI-H2170,gt_image/ncih2170_facs_fish_0423_low_her2_52.tif,gt_coords/ncih2170_facs_fish_0423_low_her2_52.npy,327,329,2,gt_mask_cc_conn8_min3
ncih2170_facs_fish_0423_low_her2_53,NCI-H2170,gt_image/ncih2170_facs_fish_0423_low_her2_53.tif,gt_coords/ncih2170_facs_fish_0423_low_her2_53.npy,69,69,0,gt_mask_cc_conn8_min3
ncih2170_facs_fish_0423_low_her2_54,NCI-H2170,gt_image/ncih2170_facs_fish_0423_low_her2_54.tif,gt_coords/ncih2170_facs_fish_0423_low_her2_54.npy,100,100,0,gt_mask_cc_conn8_min3
ncih2170_facs_fish_0423_low_her2_55,NCI-H2170,gt_image/ncih2170_facs_fish_0423_low_her2_55.tif,gt_coords/ncih2170_facs_fish_0423_low_her2_55.npy,83,83,0,gt_mask_cc_conn8_min3
ncih2170_facs_fish_0423_low_her2_56,NCI-H2170,gt_image/ncih2170_facs_fish_0423_low_her2_56.tif,gt_coords/ncih2170_facs_fish_0423_low_her2_56.npy,101,101,0,gt_mask_cc_conn8_min3
ncih2170_facs_fish_0423_low_her2_57,NCI-H2170,gt_image/ncih2170_facs_fish_0423_low_her2_57.tif,gt_coords/ncih2170_facs_fish_0423_low_her2_57.npy,136,136,0,gt_mask_cc_conn8_min3
ncih2170_facs_fish_0423_low_her2_58,NCI-H2170,gt_image/ncih2170_facs_fish_0423_low_her2_58.tif,gt_coords/ncih2170_facs_fish_0423_low_her2_58.npy,62,62,0,gt_mask_cc_conn8_min3
ncih2170_facs_fish_0423_low_her2_59,NCI-H2170,gt_image/ncih2170_facs_fish_0423_low_her2_59.tif,gt_coords/ncih2170_facs_fish_0423_low_her2_59.npy,170,170,0,gt_mask_cc_conn8_min3
ncih2170_facs_fish_0423_low_her2_60,NCI-H2170,gt_image/ncih2170_facs_fish_0423_low_her2_60.tif,gt_coords/ncih2170_facs_fish_0423_low_her2_60.npy,171,171,0,gt_mask_cc_conn8_min3
ncih2170_facs_fish_0423_low_her2_61,NCI-H2170,gt_image/ncih2170_facs_fish_0423_low_her2_61.tif,gt_coords/ncih2170_facs_fish_0423_low_her2_61.npy,59,59,0,gt_mask_cc_conn8_min3
ncih2170_facs_fish_0423_low_her2_62,NCI-H2170,gt_image/ncih2170_facs_fish_0423_low_her2_62.tif,gt_coords/ncih2170_facs_fish_0423_low_her2_62.npy,55,55,0,gt_mask_cc_conn8_min3
ncih2170_facs_fish_0423_low_her2_63,NCI-H2170,gt_image/ncih2170_facs_fish_0423_low_her2_63.tif,gt_coords/ncih2170_facs_fish_0423_low_her2_63.npy,101,101,0,gt_mask_cc_conn8_min3
ncih2170_facs_fish_0423_low_her2_64,NCI-H2170,gt_image/ncih2170_facs_fish_0423_low_her2_64.tif,gt_coords/ncih2170_facs_fish_0423_low_her2_64.npy,113,113,0,gt_mask_cc_conn8_min3
ncih2170_facs_fish_0423_low_her2_65,NCI-H2170,gt_image/ncih2170_facs_fish_0423_low_her2_65.tif,gt_coords/ncih2170_facs_fish_0423_low_her2_65.npy,89,89,0,gt_mask_cc_conn8_min3
ncih2170_facs_fish_0423_low_her2_66,NCI-H2170,gt_image/ncih2170_facs_fish_0423_low_her2_66.tif,gt_coords/ncih2170_facs_fish_0423_low_her2_66.npy,41,41,0,gt_mask_cc_conn8_min3
ncih2170_facs_fish_0423_low_her2_67,NCI-H2170,gt_image/ncih2170_facs_fish_0423_low_her2_67.tif,gt_coords/ncih2170_facs_fish_0423_low_her2_67.npy,62,62,0,gt_mask_cc_conn8_min3
ncih2170_facs_fish_0423_low_her2_68,NCI-H2170,gt_image/ncih2170_facs_fish_0423_low_her2_68.tif,gt_coords/ncih2170_facs_fish_0423_low_her2_68.npy,103,103,0,gt_mask_cc_conn8_min3
ncih2170_facs_fish_0423_low_her2_69,NCI-H2170,gt_image/ncih2170_facs_fish_0423_low_her2_69.tif,gt_coords/ncih2170_facs_fish_0423_low_her2_69.npy,38,38,0,gt_mask_cc_conn8_min3
ncih2170_facs_fish_0423_low_her2_6_tx,NCI-H2170,gt_image/ncih2170_facs_fish_0423_low_her2_6_tx.tif,gt_coords/ncih2170_facs_fish_0423_low_her2_6_tx.npy,43,43,0,gt_mask_cc_conn8_min3
ncih2170_facs_fish_0423_low_her2_7,NCI-H2170,gt_image/ncih2170_facs_fish_0423_low_her2_7.tif,gt_coords/ncih2170_facs_fish_0423_low_her2_7.npy,84,84,0,gt_mask_cc_conn8_min3
ncih2170_facs_fish_0423_low_her2_70,NCI-H2170,gt_image/ncih2170_facs_fish_0423_low_her2_70.tif,gt_coords/ncih2170_facs_fish_0423_low_her2_70.npy,58,58,0,gt_mask_cc_conn8_min3
ncih2170_facs_fish_0423_low_her2_71,NCI-H2170,gt_image/ncih2170_facs_fish_0423_low_her2_71.tif,gt_coords/ncih2170_facs_fish_0423_low_her2_71.npy,135,135,0,gt_mask_cc_conn8_min3
ncih2170_facs_fish_0423_low_her2_72,NCI-H2170,gt_image/ncih2170_facs_fish_0423_low_her2_72.tif,gt_coords/ncih2170_facs_fish_0423_low_her2_72.npy,142,142,0,gt_mask_cc_conn8_min3
ncih2170_facs_fish_0423_low_her2_73,NCI-H2170,gt_image/ncih2170_facs_fish_0423_low_her2_73.tif,gt_coords/ncih2170_facs_fish_0423_low_her2_73.npy,246,246,0,gt_mask_cc_conn8_min3
ncih2170_facs_fish_0423_low_her2_74,NCI-H2170,gt_image/ncih2170_facs_fish_0423_low_her2_74.tif,gt_coords/ncih2170_facs_fish_0423_low_her2_74.npy,97,97,0,gt_mask_cc_conn8_min3
ncih2170_facs_fish_0423_low_her2_75,NCI-H2170,gt_image/ncih2170_facs_fish_0423_low_her2_75.tif,gt_coords/ncih2170_facs_fish_0423_low_her2_75.npy,111,111,0,gt_mask_cc_conn8_min3
ncih2170_facs_fish_0423_low_her2_76,NCI-H2170,gt_image/ncih2170_facs_fish_0423_low_her2_76.tif,gt_coords/ncih2170_facs_fish_0423_low_her2_76.npy,204,204,0,gt_mask_cc_conn8_min3
ncih2170_facs_fish_0423_low_her2_77,NCI-H2170,gt_image/ncih2170_facs_fish_0423_low_her2_77.tif,gt_coords/ncih2170_facs_fish_0423_low_her2_77.npy,184,186,2,gt_mask_cc_conn8_min3
ncih2170_facs_fish_0423_low_her2_78,NCI-H2170,gt_image/ncih2170_facs_fish_0423_low_her2_78.tif,gt_coords/ncih2170_facs_fish_0423_low_her2_78.npy,83,83,0,gt_mask_cc_conn8_min3
ncih2170_facs_fish_0423_low_her2_79,NCI-H2170,gt_image/ncih2170_facs_fish_0423_low_her2_79.tif,gt_coords/ncih2170_facs_fish_0423_low_her2_79.npy,41,41,0,gt_mask_cc_conn8_min3
ncih2170_facs_fish_0423_low_her2_8,NCI-H2170,gt_image/ncih2170_facs_fish_0423_low_her2_8.tif,gt_coords/ncih2170_facs_fish_0423_low_her2_8.npy,87,87,0,gt_mask_cc_conn8_min3
ncih2170_facs_fish_0423_low_her2_80,NCI-H2170,gt_image/ncih2170_facs_fish_0423_low_her2_80.tif,gt_coords/ncih2170_facs_fish_0423_low_her2_80.npy,203,203,0,gt_mask_cc_conn8_min3
ncih2170_facs_fish_0423_low_her2_81,NCI-H2170,gt_image/ncih2170_facs_fish_0423_low_her2_81.tif,gt_coords/ncih2170_facs_fish_0423_low_her2_81.npy,69,69,0,gt_mask_cc_conn8_min3
ncih2170_facs_fish_0423_low_her2_82,NCI-H2170,gt_image/ncih2170_facs_fish_0423_low_her2_82.tif,gt_coords/ncih2170_facs_fish_0423_low_her2_82.npy,187,187,0,gt_mask_cc_conn8_min3
ncih2170_facs_fish_0423_low_her2_83,NCI-H2170,gt_image/ncih2170_facs_fish_0423_low_her2_83.tif,gt_coords/ncih2170_facs_fish_0423_low_her2_83.npy,51,51,0,gt_mask_cc_conn8_min3
ncih2170_facs_fish_0423_low_her2_84,NCI-H2170,gt_image/ncih2170_facs_fish_0423_low_her2_84.tif,gt_coords/ncih2170_facs_fish_0423_low_her2_84.npy,113,113,0,gt_mask_cc_conn8_min3
ncih2170_facs_fish_0423_low_her2_85,NCI-H2170,gt_image/ncih2170_facs_fish_0423_low_her2_85.tif,gt_coords/ncih2170_facs_fish_0423_low_her2_85.npy,23,23,0,gt_mask_cc_conn8_min3
ncih2170_facs_fish_0423_low_her2_86,NCI-H2170,gt_image/ncih2170_facs_fish_0423_low_her2_86.tif,gt_coords/ncih2170_facs_fish_0423_low_her2_86.npy,116,116,0,gt_mask_cc_conn8_min3
ncih2170_facs_fish_0423_low_her2_87,NCI-H2170,gt_image/ncih2170_facs_fish_0423_low_her2_87.tif,gt_coords/ncih2170_facs_fish_0423_low_her2_87.npy,67,67,0,gt_mask_cc_conn8_min3
ncih2170_facs_fish_0423_low_her2_88,NCI-H2170,gt_image/ncih2170_facs_fish_0423_low_her2_88.tif,gt_coords/ncih2170_facs_fish_0423_low_her2_88.npy,87,87,0,gt_mask_cc_conn8_min3
ncih2170_facs_fish_0423_low_her2_89,NCI-H2170,gt_image/ncih2170_facs_fish_0423_low_her2_89.tif,gt_coords/ncih2170_facs_fish_0423_low_her2_89.npy,86,86,0,gt_mask_cc_conn8_min3
ncih2170_facs_fish_0423_low_her2_9,NCI-H2170,gt_image/ncih2170_facs_fish_0423_low_her2_9.tif,gt_coords/ncih2170_facs_fish_0423_low_her2_9.npy,143,143,0,gt_mask_cc_conn8_min3
ncih2170_facs_fish_0423_low_her2_90,NCI-H2170,gt_image/ncih2170_facs_fish_0423_low_her2_90.tif,gt_coords/ncih2170_facs_fish_0423_low_her2_90.npy,52,52,0,gt_mask_cc_conn8_min3
ncih2170_facs_fish_0423_low_her2_91,NCI-H2170,gt_image/ncih2170_facs_fish_0423_low_her2_91.tif,gt_coords/ncih2170_facs_fish_0423_low_her2_91.npy,79,79,0,gt_mask_cc_conn8_min3
ncih2170_facs_fish_0423_low_her2_92,NCI-H2170,gt_image/ncih2170_facs_fish_0423_low_her2_92.tif,gt_coords/ncih2170_facs_fish_0423_low_her2_92.npy,43,43,0,gt_mask_cc_conn8_min3
ncih2170_facs_fish_0423_low_her2_93,NCI-H2170,gt_image/ncih2170_facs_fish_0423_low_her2_93.tif,gt_coords/ncih2170_facs_fish_0423_low_her2_93.npy,165,165,0,gt_mask_cc_conn8_min3
ncih2170_facs_fish_0423_low_her2_94,NCI-H2170,gt_image/ncih2170_facs_fish_0423_low_her2_94.tif,gt_coords/ncih2170_facs_fish_0423_low_her2_94.npy,132,132,0,gt_mask_cc_conn8_min3
ncih2170_facs_fish_0423_low_her2_95,NCI-H2170,gt_image/ncih2170_facs_fish_0423_low_her2_95.tif,gt_coords/ncih2170_facs_fish_0423_low_her2_95.npy,26,26,0,gt_mask_cc_conn8_min3
ncih2170_facs_fish_0423_low_her2_96,NCI-H2170,gt_image/ncih2170_facs_fish_0423_low_her2_96.tif,gt_coords/ncih2170_facs_fish_0423_low_her2_96.npy,98,98,0,gt_mask_cc_conn8_min3
ncih2170_facs_fish_0423_low_her2_97,NCI-H2170,gt_image/ncih2170_facs_fish_0423_low_her2_97.tif,gt_coords/ncih2170_facs_fish_0423_low_her2_97.npy,114,114,0,gt_mask_cc_conn8_min3
ncih2170_facs_fish_0423_low_her2_98,NCI-H2170,gt_image/ncih2170_facs_fish_0423_low_her2_98.tif,gt_coords/ncih2170_facs_fish_0423_low_her2_98.npy,125,125,0,gt_mask_cc_conn8_min3
ncih2170_facs_fish_0423_low_her2_99,NCI-H2170,gt_image/ncih2170_facs_fish_0423_low_her2_99.tif,gt_coords/ncih2170_facs_fish_0423_low_her2_99.npy,99,104,5,gt_mask_cc_conn8_min3
ncih2170_facs_fish_0723_high_her2_1,NCI-H2170,gt_image/ncih2170_facs_fish_0723_high_her2_1.tif,gt_coords/ncih2170_facs_fish_0723_high_her2_1.npy,368,369,1,gt_mask_cc_conn8_min3
ncih2170_facs_fish_0723_high_her2_10,NCI-H2170,gt_image/ncih2170_facs_fish_0723_high_her2_10.tif,gt_coords/ncih2170_facs_fish_0723_high_her2_10.npy,597,599,2,gt_mask_cc_conn8_min3
ncih2170_facs_fish_0723_high_her2_100,NCI-H2170,gt_image/ncih2170_facs_fish_0723_high_her2_100.tif,gt_coords/ncih2170_facs_fish_0723_high_her2_100.npy,145,145,0,gt_mask_cc_conn8_min3
ncih2170_facs_fish_0723_high_her2_102,NCI-H2170,gt_image/ncih2170_facs_fish_0723_high_her2_102.tif,gt_coords/ncih2170_facs_fish_0723_high_her2_102.npy,276,277,1,gt_mask_cc_conn8_min3
ncih2170_facs_fish_0723_high_her2_103,NCI-H2170,gt_image/ncih2170_facs_fish_0723_high_her2_103.tif,gt_coords/ncih2170_facs_fish_0723_high_her2_103.npy,199,199,0,gt_mask_cc_conn8_min3
ncih2170_facs_fish_0723_high_her2_104,NCI-H2170,gt_image/ncih2170_facs_fish_0723_high_her2_104.tif,gt_coords/ncih2170_facs_fish_0723_high_her2_104.npy,676,678,2,gt_mask_cc_conn8_min3
ncih2170_facs_fish_0723_high_her2_107,NCI-H2170,gt_image/ncih2170_facs_fish_0723_high_her2_107.tif,gt_coords/ncih2170_facs_fish_0723_high_her2_107.npy,560,561,1,gt_mask_cc_conn8_min3
ncih2170_facs_fish_0723_high_her2_108,NCI-H2170,gt_image/ncih2170_facs_fish_0723_high_her2_108.tif,gt_coords/ncih2170_facs_fish_0723_high_her2_108.npy,186,207,21,gt_mask_cc_conn8_min3
ncih2170_facs_fish_0723_high_her2_109,NCI-H2170,gt_image/ncih2170_facs_fish_0723_high_her2_109.tif,gt_coords/ncih2170_facs_fish_0723_high_her2_109.npy,292,293,1,gt_mask_cc_conn8_min3
ncih2170_facs_fish_0723_high_her2_11,NCI-H2170,gt_image/ncih2170_facs_fish_0723_high_her2_11.tif,gt_coords/ncih2170_facs_fish_0723_high_her2_11.npy,835,860,25,gt_mask_cc_conn8_min3
ncih2170_facs_fish_0723_high_her2_110,NCI-H2170,gt_image/ncih2170_facs_fish_0723_high_her2_110.tif,gt_coords/ncih2170_facs_fish_0723_high_her2_110.npy,358,358,0,gt_mask_cc_conn8_min3
ncih2170_facs_fish_0723_high_her2_111,NCI-H2170,gt_image/ncih2170_facs_fish_0723_high_her2_111.tif,gt_coords/ncih2170_facs_fish_0723_high_her2_111.npy,278,294,16,gt_mask_cc_conn8_min3
ncih2170_facs_fish_0723_high_her2_112,NCI-H2170,gt_image/ncih2170_facs_fish_0723_high_her2_112.tif,gt_coords/ncih2170_facs_fish_0723_high_her2_112.npy,279,280,1,gt_mask_cc_conn8_min3
ncih2170_facs_fish_0723_high_her2_113,NCI-H2170,gt_image/ncih2170_facs_fish_0723_high_her2_113.tif,gt_coords/ncih2170_facs_fish_0723_high_her2_113.npy,843,848,5,gt_mask_cc_conn8_min3
ncih2170_facs_fish_0723_high_her2_114,NCI-H2170,gt_image/ncih2170_facs_fish_0723_high_her2_114.tif,gt_coords/ncih2170_facs_fish_0723_high_her2_114.npy,329,331,2,gt_mask_cc_conn8_min3
ncih2170_facs_fish_0723_high_her2_115,NCI-H2170,gt_image/ncih2170_facs_fish_0723_high_her2_115.tif,gt_coords/ncih2170_facs_fish_0723_high_her2_115.npy,251,251,0,gt_mask_cc_conn8_min3
ncih2170_facs_fish_0723_high_her2_116,NCI-H2170,gt_image/ncih2170_facs_fish_0723_high_her2_116.tif,gt_coords/ncih2170_facs_fish_0723_high_her2_116.npy,395,395,0,gt_mask_cc_conn8_min3
ncih2170_facs_fish_0723_high_her2_117,NCI-H2170,gt_image/ncih2170_facs_fish_0723_high_her2_117.tif,gt_coords/ncih2170_facs_fish_0723_high_her2_117.npy,148,148,0,gt_mask_cc_conn8_min3
ncih2170_facs_fish_0723_high_her2_118,NCI-H2170,gt_image/ncih2170_facs_fish_0723_high_her2_118.tif,gt_coords/ncih2170_facs_fish_0723_high_her2_118.npy,497,500,3,gt_mask_cc_conn8_min3
ncih2170_facs_fish_0723_high_her2_12,NCI-H2170,gt_image/ncih2170_facs_fish_0723_high_her2_12.tif,gt_coords/ncih2170_facs_fish_0723_high_her2_12.npy,211,211,0,gt_mask_cc_conn8_min3
ncih2170_facs_fish_0723_high_her2_120,NCI-H2170,gt_image/ncih2170_facs_fish_0723_high_her2_120.tif,gt_coords/ncih2170_facs_fish_0723_high_her2_120.npy,250,250,0,gt_mask_cc_conn8_min3
ncih2170_facs_fish_0723_high_her2_121,NCI-H2170,gt_image/ncih2170_facs_fish_0723_high_her2_121.tif,gt_coords/ncih2170_facs_fish_0723_high_her2_121.npy,344,381,37,gt_mask_cc_conn8_min3
ncih2170_facs_fish_0723_high_her2_122,NCI-H2170,gt_image/ncih2170_facs_fish_0723_high_her2_122.tif,gt_coords/ncih2170_facs_fish_0723_high_her2_122.npy,245,245,0,gt_mask_cc_conn8_min3
ncih2170_facs_fish_0723_high_her2_123,NCI-H2170,gt_image/ncih2170_facs_fish_0723_high_her2_123.tif,gt_coords/ncih2170_facs_fish_0723_high_her2_123.npy,325,325,0,gt_mask_cc_conn8_min3
ncih2170_facs_fish_0723_high_her2_124,NCI-H2170,gt_image/ncih2170_facs_fish_0723_high_her2_124.tif,gt_coords/ncih2170_facs_fish_0723_high_her2_124.npy,165,165,0,gt_mask_cc_conn8_min3
ncih2170_facs_fish_0723_high_her2_125,NCI-H2170,gt_image/ncih2170_facs_fish_0723_high_her2_125.tif,gt_coords/ncih2170_facs_fish_0723_high_her2_125.npy,442,483,41,gt_mask_cc_conn8_min3
ncih2170_facs_fish_0723_high_her2_126,NCI-H2170,gt_image/ncih2170_facs_fish_0723_high_her2_126.tif,gt_coords/ncih2170_facs_fish_0723_high_her2_126.npy,659,667,8,gt_mask_cc_conn8_min3
ncih2170_facs_fish_0723_high_her2_13,NCI-H2170,gt_image/ncih2170_facs_fish_0723_high_her2_13.tif,gt_coords/ncih2170_facs_fish_0723_high_her2_13.npy,299,299,0,gt_mask_cc_conn8_min3
ncih2170_facs_fish_0723_high_her2_15,NCI-H2170,gt_image/ncih2170_facs_fish_0723_high_her2_15.tif,gt_coords/ncih2170_facs_fish_0723_high_her2_15.npy,274,274,0,gt_mask_cc_conn8_min3
ncih2170_facs_fish_0723_high_her2_16,NCI-H2170,gt_image/ncih2170_facs_fish_0723_high_her2_16.tif,gt_coords/ncih2170_facs_fish_0723_high_her2_16.npy,250,262,12,gt_mask_cc_conn8_min3
ncih2170_facs_fish_0723_high_her2_17,NCI-H2170,gt_image/ncih2170_facs_fish_0723_high_her2_17.tif,gt_coords/ncih2170_facs_fish_0723_high_her2_17.npy,473,473,0,gt_mask_cc_conn8_min3
ncih2170_facs_fish_0723_high_her2_18,NCI-H2170,gt_image/ncih2170_facs_fish_0723_high_her2_18.tif,gt_coords/ncih2170_facs_fish_0723_high_her2_18.npy,611,612,1,gt_mask_cc_conn8_min3
ncih2170_facs_fish_0723_high_her2_19,NCI-H2170,gt_image/ncih2170_facs_fish_0723_high_her2_19.tif,gt_coords/ncih2170_facs_fish_0723_high_her2_19.npy,580,581,1,gt_mask_cc_conn8_min3
ncih2170_facs_fish_0723_high_her2_2,NCI-H2170,gt_image/ncih2170_facs_fish_0723_high_her2_2.tif,gt_coords/ncih2170_facs_fish_0723_high_her2_2.npy,241,242,1,gt_mask_cc_conn8_min3
ncih2170_facs_fish_0723_high_her2_21,NCI-H2170,gt_image/ncih2170_facs_fish_0723_high_her2_21.tif,gt_coords/ncih2170_facs_fish_0723_high_her2_21.npy,180,180,0,gt_mask_cc_conn8_min3
ncih2170_facs_fish_0723_high_her2_24,NCI-H2170,gt_image/ncih2170_facs_fish_0723_high_her2_24.tif,gt_coords/ncih2170_facs_fish_0723_high_her2_24.npy,184,193,9,gt_mask_cc_conn8_min3
ncih2170_facs_fish_0723_high_her2_25,NCI-H2170,gt_image/ncih2170_facs_fish_0723_high_her2_25.tif,gt_coords/ncih2170_facs_fish_0723_high_her2_25.npy,191,198,7,gt_mask_cc_conn8_min3
ncih2170_facs_fish_0723_high_her2_26,NCI-H2170,gt_image/ncih2170_facs_fish_0723_high_her2_26.tif,gt_coords/ncih2170_facs_fish_0723_high_her2_26.npy,491,497,6,gt_mask_cc_conn8_min3
ncih2170_facs_fish_0723_high_her2_27,NCI-H2170,gt_image/ncih2170_facs_fish_0723_high_her2_27.tif,gt_coords/ncih2170_facs_fish_0723_high_her2_27.npy,319,321,2,gt_mask_cc_conn8_min3
ncih2170_facs_fish_0723_high_her2_28,NCI-H2170,gt_image/ncih2170_facs_fish_0723_high_her2_28.tif,gt_coords/ncih2170_facs_fish_0723_high_her2_28.npy,232,232,0,gt_mask_cc_conn8_min3
ncih2170_facs_fish_0723_high_her2_3,NCI-H2170,gt_image/ncih2170_facs_fish_0723_high_her2_3.tif,gt_coords/ncih2170_facs_fish_0723_high_her2_3.npy,460,460,0,gt_mask_cc_conn8_min3
ncih2170_facs_fish_0723_high_her2_30,NCI-H2170,gt_image/ncih2170_facs_fish_0723_high_her2_30.tif,gt_coords/ncih2170_facs_fish_0723_high_her2_30.npy,376,376,0,gt_mask_cc_conn8_min3
ncih2170_facs_fish_0723_high_her2_31,NCI-H2170,gt_image/ncih2170_facs_fish_0723_high_her2_31.tif,gt_coords/ncih2170_facs_fish_0723_high_her2_31.npy,293,294,1,gt_mask_cc_conn8_min3
ncih2170_facs_fish_0723_high_her2_33,NCI-H2170,gt_image/ncih2170_facs_fish_0723_high_her2_33.tif,gt_coords/ncih2170_facs_fish_0723_high_her2_33.npy,352,352,0,gt_mask_cc_conn8_min3
ncih2170_facs_fish_0723_high_her2_34,NCI-H2170,gt_image/ncih2170_facs_fish_0723_high_her2_34.tif,gt_coords/ncih2170_facs_fish_0723_high_her2_34.npy,424,424,0,gt_mask_cc_conn8_min3
ncih2170_facs_fish_0723_high_her2_35,NCI-H2170,gt_image/ncih2170_facs_fish_0723_high_her2_35.tif,gt_coords/ncih2170_facs_fish_0723_high_her2_35.npy,300,300,0,gt_mask_cc_conn8_min3
ncih2170_facs_fish_0723_high_her2_36,NCI-H2170,gt_image/ncih2170_facs_fish_0723_high_her2_36.tif,gt_coords/ncih2170_facs_fish_0723_high_her2_36.npy,236,237,1,gt_mask_cc_conn8_min3
ncih2170_facs_fish_0723_high_her2_37,NCI-H2170,gt_image/ncih2170_facs_fish_0723_high_her2_37.tif,gt_coords/ncih2170_facs_fish_0723_high_her2_37.npy,150,150,0,gt_mask_cc_conn8_min3
ncih2170_facs_fish_0723_high_her2_4,NCI-H2170,gt_image/ncih2170_facs_fish_0723_high_her2_4.tif,gt_coords/ncih2170_facs_fish_0723_high_her2_4.npy,396,397,1,gt_mask_cc_conn8_min3
ncih2170_facs_fish_0723_high_her2_40,NCI-H2170,gt_image/ncih2170_facs_fish_0723_high_her2_40.tif,gt_coords/ncih2170_facs_fish_0723_high_her2_40.npy,517,552,35,gt_mask_cc_conn8_min3
ncih2170_facs_fish_0723_high_her2_41,NCI-H2170,gt_image/ncih2170_facs_fish_0723_high_her2_41.tif,gt_coords/ncih2170_facs_fish_0723_high_her2_41.npy,265,265,0,gt_mask_cc_conn8_min3
ncih2170_facs_fish_0723_high_her2_42,NCI-H2170,gt_image/ncih2170_facs_fish_0723_high_her2_42.tif,gt_coords/ncih2170_facs_fish_0723_high_her2_42.npy,323,323,0,gt_mask_cc_conn8_min3
ncih2170_facs_fish_0723_high_her2_45,NCI-H2170,gt_image/ncih2170_facs_fish_0723_high_her2_45.tif,gt_coords/ncih2170_facs_fish_0723_high_her2_45.npy,300,302,2,gt_mask_cc_conn8_min3
ncih2170_facs_fish_0723_high_her2_5,NCI-H2170,gt_image/ncih2170_facs_fish_0723_high_her2_5.tif,gt_coords/ncih2170_facs_fish_0723_high_her2_5.npy,429,432,3,gt_mask_cc_conn8_min3
ncih2170_facs_fish_0723_high_her2_54,NCI-H2170,gt_image/ncih2170_facs_fish_0723_high_her2_54.tif,gt_coords/ncih2170_facs_fish_0723_high_her2_54.npy,120,120,0,gt_mask_cc_conn8_min3
ncih2170_facs_fish_0723_high_her2_55,NCI-H2170,gt_image/ncih2170_facs_fish_0723_high_her2_55.tif,gt_coords/ncih2170_facs_fish_0723_high_her2_55.npy,223,224,1,gt_mask_cc_conn8_min3
ncih2170_facs_fish_0723_high_her2_56,NCI-H2170,gt_image/ncih2170_facs_fish_0723_high_her2_56.tif,gt_coords/ncih2170_facs_fish_0723_high_her2_56.npy,252,254,2,gt_mask_cc_conn8_min3
ncih2170_facs_fish_0723_high_her2_58,NCI-H2170,gt_image/ncih2170_facs_fish_0723_high_her2_58.tif,gt_coords/ncih2170_facs_fish_0723_high_her2_58.npy,176,176,0,gt_mask_cc_conn8_min3
ncih2170_facs_fish_0723_high_her2_6,NCI-H2170,gt_image/ncih2170_facs_fish_0723_high_her2_6.tif,gt_coords/ncih2170_facs_fish_0723_high_her2_6.npy,207,207,0,gt_mask_cc_conn8_min3
ncih2170_facs_fish_0723_high_her2_64,NCI-H2170,gt_image/ncih2170_facs_fish_0723_high_her2_64.tif,gt_coords/ncih2170_facs_fish_0723_high_her2_64.npy,260,262,2,gt_mask_cc_conn8_min3
ncih2170_facs_fish_0723_high_her2_65,NCI-H2170,gt_image/ncih2170_facs_fish_0723_high_her2_65.tif,gt_coords/ncih2170_facs_fish_0723_high_her2_65.npy,173,173,0,gt_mask_cc_conn8_min3
ncih2170_facs_fish_0723_high_her2_69,NCI-H2170,gt_image/ncih2170_facs_fish_0723_high_her2_69.tif,gt_coords/ncih2170_facs_fish_0723_high_her2_69.npy,204,204,0,gt_mask_cc_conn8_min3
ncih2170_facs_fish_0723_high_her2_7,NCI-H2170,gt_image/ncih2170_facs_fish_0723_high_her2_7.tif,gt_coords/ncih2170_facs_fish_0723_high_her2_7.npy,495,495,0,gt_mask_cc_conn8_min3
ncih2170_facs_fish_0723_high_her2_71,NCI-H2170,gt_image/ncih2170_facs_fish_0723_high_her2_71.tif,gt_coords/ncih2170_facs_fish_0723_high_her2_71.npy,378,378,0,gt_mask_cc_conn8_min3
ncih2170_facs_fish_0723_high_her2_79,NCI-H2170,gt_image/ncih2170_facs_fish_0723_high_her2_79.tif,gt_coords/ncih2170_facs_fish_0723_high_her2_79.npy,275,283,8,gt_mask_cc_conn8_min3
ncih2170_facs_fish_0723_high_her2_8,NCI-H2170,gt_image/ncih2170_facs_fish_0723_high_her2_8.tif,gt_coords/ncih2170_facs_fish_0723_high_her2_8.npy,682,685,3,gt_mask_cc_conn8_min3
ncih2170_facs_fish_0723_high_her2_80,NCI-H2170,gt_image/ncih2170_facs_fish_0723_high_her2_80.tif,gt_coords/ncih2170_facs_fish_0723_high_her2_80.npy,403,412,9,gt_mask_cc_conn8_min3
ncih2170_facs_fish_0723_high_her2_82,NCI-H2170,gt_image/ncih2170_facs_fish_0723_high_her2_82.tif,gt_coords/ncih2170_facs_fish_0723_high_her2_82.npy,498,498,0,gt_mask_cc_conn8_min3
ncih2170_facs_fish_0723_high_her2_83,NCI-H2170,gt_image/ncih2170_facs_fish_0723_high_her2_83.tif,gt_coords/ncih2170_facs_fish_0723_high_her2_83.npy,307,308,1,gt_mask_cc_conn8_min3
ncih2170_facs_fish_0723_high_her2_84,NCI-H2170,gt_image/ncih2170_facs_fish_0723_high_her2_84.tif,gt_coords/ncih2170_facs_fish_0723_high_her2_84.npy,258,259,1,gt_mask_cc_conn8_min3
ncih2170_facs_fish_0723_high_her2_86,NCI-H2170,gt_image/ncih2170_facs_fish_0723_high_her2_86.tif,gt_coords/ncih2170_facs_fish_0723_high_her2_86.npy,164,164,0,gt_mask_cc_conn8_min3
ncih2170_facs_fish_0723_high_her2_87,NCI-H2170,gt_image/ncih2170_facs_fish_0723_high_her2_87.tif,gt_coords/ncih2170_facs_fish_0723_high_her2_87.npy,249,261,12,gt_mask_cc_conn8_min3
ncih2170_facs_fish_0723_high_her2_88,NCI-H2170,gt_image/ncih2170_facs_fish_0723_high_her2_88.tif,gt_coords/ncih2170_facs_fish_0723_high_her2_88.npy,329,333,4,gt_mask_cc_conn8_min3
ncih2170_facs_fish_0723_high_her2_89,NCI-H2170,gt_image/ncih2170_facs_fish_0723_high_her2_89.tif,gt_coords/ncih2170_facs_fish_0723_high_her2_89.npy,256,256,0,gt_mask_cc_conn8_min3
ncih2170_facs_fish_0723_high_her2_9,NCI-H2170,gt_image/ncih2170_facs_fish_0723_high_her2_9.tif,gt_coords/ncih2170_facs_fish_0723_high_her2_9.npy,262,262,0,gt_mask_cc_conn8_min3
ncih2170_facs_fish_0723_high_her2_91,NCI-H2170,gt_image/ncih2170_facs_fish_0723_high_her2_91.tif,gt_coords/ncih2170_facs_fish_0723_high_her2_91.npy,96,98,2,gt_mask_cc_conn8_min3
ncih2170_facs_fish_0723_high_her2_92,NCI-H2170,gt_image/ncih2170_facs_fish_0723_high_her2_92.tif,gt_coords/ncih2170_facs_fish_0723_high_her2_92.npy,147,148,1,gt_mask_cc_conn8_min3
ncih2170_facs_fish_0723_high_her2_93,NCI-H2170,gt_image/ncih2170_facs_fish_0723_high_her2_93.tif,gt_coords/ncih2170_facs_fish_0723_high_her2_93.npy,410,420,10,gt_mask_cc_conn8_min3
ncih2170_facs_fish_0723_high_her2_94,NCI-H2170,gt_image/ncih2170_facs_fish_0723_high_her2_94.tif,gt_coords/ncih2170_facs_fish_0723_high_her2_94.npy,395,398,3,gt_mask_cc_conn8_min3
ncih2170_facs_fish_0723_high_her2_96,NCI-H2170,gt_image/ncih2170_facs_fish_0723_high_her2_96.tif,gt_coords/ncih2170_facs_fish_0723_high_her2_96.npy,497,502,5,gt_mask_cc_conn8_min3
ncih2170_facs_fish_0723_high_her2_97,NCI-H2170,gt_image/ncih2170_facs_fish_0723_high_her2_97.tif,gt_coords/ncih2170_facs_fish_0723_high_her2_97.npy,409,411,2,gt_mask_cc_conn8_min3
ncih2170_facs_fish_0723_high_her2_98,NCI-H2170,gt_image/ncih2170_facs_fish_0723_high_her2_98.tif,gt_coords/ncih2170_facs_fish_0723_high_her2_98.npy,226,228,2,gt_mask_cc_conn8_min3
ncih2170_facs_fish_0723_high_her2_99_a,NCI-H2170,gt_image/ncih2170_facs_fish_0723_high_her2_99_a.tif,gt_coords/ncih2170_facs_fish_0723_high_her2_99_a.npy,267,285,18,gt_mask_cc_conn8_min3
ncih2170_facs_fish_0723_high_her2_99_b,NCI-H2170,gt_image/ncih2170_facs_fish_0723_high_her2_99_b.tif,gt_coords/ncih2170_facs_fish_0723_high_her2_99_b.npy,217,217,0,gt_mask_cc_conn8_min3
ncih2170_facs_fish_0723_low_her2_1,NCI-H2170,gt_image/ncih2170_facs_fish_0723_low_her2_1.tif,gt_coords/ncih2170_facs_fish_0723_low_her2_1.npy,36,36,0,gt_mask_cc_conn8_min3
ncih2170_facs_fish_0723_low_her2_10,NCI-H2170,gt_image/ncih2170_facs_fish_0723_low_her2_10.tif,gt_coords/ncih2170_facs_fish_0723_low_her2_10.npy,206,207,1,gt_mask_cc_conn8_min3
ncih2170_facs_fish_0723_low_her2_101,NCI-H2170,gt_image/ncih2170_facs_fish_0723_low_her2_101.tif,gt_coords/ncih2170_facs_fish_0723_low_her2_101.npy,91,91,0,gt_mask_cc_conn8_min3
ncih2170_facs_fish_0723_low_her2_102,NCI-H2170,gt_image/ncih2170_facs_fish_0723_low_her2_102.tif,gt_coords/ncih2170_facs_fish_0723_low_her2_102.npy,153,153,0,gt_mask_cc_conn8_min3
ncih2170_facs_fish_0723_low_her2_103,NCI-H2170,gt_image/ncih2170_facs_fish_0723_low_her2_103.tif,gt_coords/ncih2170_facs_fish_0723_low_her2_103.npy,207,207,0,gt_mask_cc_conn8_min3
ncih2170_facs_fish_0723_low_her2_104,NCI-H2170,gt_image/ncih2170_facs_fish_0723_low_her2_104.tif,gt_coords/ncih2170_facs_fish_0723_low_her2_104.npy,137,139,2,gt_mask_cc_conn8_min3
ncih2170_facs_fish_0723_low_her2_105,NCI-H2170,gt_image/ncih2170_facs_fish_0723_low_her2_105.tif,gt_coords/ncih2170_facs_fish_0723_low_her2_105.npy,81,81,0,gt_mask_cc_conn8_min3
ncih2170_facs_fish_0723_low_her2_106,NCI-H2170,gt_image/ncih2170_facs_fish_0723_low_her2_106.tif,gt_coords/ncih2170_facs_fish_0723_low_her2_106.npy,71,71,0,gt_mask_cc_conn8_min3
ncih2170_facs_fish_0723_low_her2_107,NCI-H2170,gt_image/ncih2170_facs_fish_0723_low_her2_107.tif,gt_coords/ncih2170_facs_fish_0723_low_her2_107.npy,112,112,0,gt_mask_cc_conn8_min3
ncih2170_facs_fish_0723_low_her2_108,NCI-H2170,gt_image/ncih2170_facs_fish_0723_low_her2_108.tif,gt_coords/ncih2170_facs_fish_0723_low_her2_108.npy,53,53,0,gt_mask_cc_conn8_min3
ncih2170_facs_fish_0723_low_her2_109,NCI-H2170,gt_image/ncih2170_facs_fish_0723_low_her2_109.tif,gt_coords/ncih2170_facs_fish_0723_low_her2_109.npy,57,57,0,gt_mask_cc_conn8_min3
ncih2170_facs_fish_0723_low_her2_11,NCI-H2170,gt_image/ncih2170_facs_fish_0723_low_her2_11.tif,gt_coords/ncih2170_facs_fish_0723_low_her2_11.npy,183,183,0,gt_mask_cc_conn8_min3
ncih2170_facs_fish_0723_low_her2_111,NCI-H2170,gt_image/ncih2170_facs_fish_0723_low_her2_111.tif,gt_coords/ncih2170_facs_fish_0723_low_her2_111.npy,66,66,0,gt_mask_cc_conn8_min3
ncih2170_facs_fish_0723_low_her2_112,NCI-H2170,gt_image/ncih2170_facs_fish_0723_low_her2_112.tif,gt_coords/ncih2170_facs_fish_0723_low_her2_112.npy,98,98,0,gt_mask_cc_conn8_min3
ncih2170_facs_fish_0723_low_her2_113,NCI-H2170,gt_image/ncih2170_facs_fish_0723_low_her2_113.tif,gt_coords/ncih2170_facs_fish_0723_low_her2_113.npy,121,121,0,gt_mask_cc_conn8_min3
ncih2170_facs_fish_0723_low_her2_114,NCI-H2170,gt_image/ncih2170_facs_fish_0723_low_her2_114.tif,gt_coords/ncih2170_facs_fish_0723_low_her2_114.npy,121,121,0,gt_mask_cc_conn8_min3
ncih2170_facs_fish_0723_low_her2_115,NCI-H2170,gt_image/ncih2170_facs_fish_0723_low_her2_115.tif,gt_coords/ncih2170_facs_fish_0723_low_her2_115.npy,63,63,0,gt_mask_cc_conn8_min3
ncih2170_facs_fish_0723_low_her2_116,NCI-H2170,gt_image/ncih2170_facs_fish_0723_low_her2_116.tif,gt_coords/ncih2170_facs_fish_0723_low_her2_116.npy,105,105,0,gt_mask_cc_conn8_min3
ncih2170_facs_fish_0723_low_her2_117,NCI-H2170,gt_image/ncih2170_facs_fish_0723_low_her2_117.tif,gt_coords/ncih2170_facs_fish_0723_low_her2_117.npy,237,237,0,gt_mask_cc_conn8_min3
ncih2170_facs_fish_0723_low_her2_118,NCI-H2170,gt_image/ncih2170_facs_fish_0723_low_her2_118.tif,gt_coords/ncih2170_facs_fish_0723_low_her2_118.npy,93,94,1,gt_mask_cc_conn8_min3
ncih2170_facs_fish_0723_low_her2_12,NCI-H2170,gt_image/ncih2170_facs_fish_0723_low_her2_12.tif,gt_coords/ncih2170_facs_fish_0723_low_her2_12.npy,104,104,0,gt_mask_cc_conn8_min3
ncih2170_facs_fish_0723_low_her2_123,NCI-H2170,gt_image/ncih2170_facs_fish_0723_low_her2_123.tif,gt_coords/ncih2170_facs_fish_0723_low_her2_123.npy,79,80,1,gt_mask_cc_conn8_min3
ncih2170_facs_fish_0723_low_her2_124,NCI-H2170,gt_image/ncih2170_facs_fish_0723_low_her2_124.tif,gt_coords/ncih2170_facs_fish_0723_low_her2_124.npy,152,153,1,gt_mask_cc_conn8_min3
ncih2170_facs_fish_0723_low_her2_125,NCI-H2170,gt_image/ncih2170_facs_fish_0723_low_her2_125.tif,gt_coords/ncih2170_facs_fish_0723_low_her2_125.npy,73,75,2,gt_mask_cc_conn8_min3
ncih2170_facs_fish_0723_low_her2_126,NCI-H2170,gt_image/ncih2170_facs_fish_0723_low_her2_126.tif,gt_coords/ncih2170_facs_fish_0723_low_her2_126.npy,124,124,0,gt_mask_cc_conn8_min3
ncih2170_facs_fish_0723_low_her2_13,NCI-H2170,gt_image/ncih2170_facs_fish_0723_low_her2_13.tif,gt_coords/ncih2170_facs_fish_0723_low_her2_13.npy,82,82,0,gt_mask_cc_conn8_min3
ncih2170_facs_fish_0723_low_her2_14,NCI-H2170,gt_image/ncih2170_facs_fish_0723_low_her2_14.tif,gt_coords/ncih2170_facs_fish_0723_low_her2_14.npy,329,329,0,gt_mask_cc_conn8_min3
ncih2170_facs_fish_0723_low_her2_15,NCI-H2170,gt_image/ncih2170_facs_fish_0723_low_her2_15.tif,gt_coords/ncih2170_facs_fish_0723_low_her2_15.npy,132,132,0,gt_mask_cc_conn8_min3
ncih2170_facs_fish_0723_low_her2_16,NCI-H2170,gt_image/ncih2170_facs_fish_0723_low_her2_16.tif,gt_coords/ncih2170_facs_fish_0723_low_her2_16.npy,139,139,0,gt_mask_cc_conn8_min3
ncih2170_facs_fish_0723_low_her2_17,NCI-H2170,gt_image/ncih2170_facs_fish_0723_low_her2_17.tif,gt_coords/ncih2170_facs_fish_0723_low_her2_17.npy,109,109,0,gt_mask_cc_conn8_min3
ncih2170_facs_fish_0723_low_her2_19,NCI-H2170,gt_image/ncih2170_facs_fish_0723_low_her2_19.tif,gt_coords/ncih2170_facs_fish_0723_low_her2_19.npy,154,154,0,gt_mask_cc_conn8_min3
ncih2170_facs_fish_0723_low_her2_20,NCI-H2170,gt_image/ncih2170_facs_fish_0723_low_her2_20.tif,gt_coords/ncih2170_facs_fish_0723_low_her2_20.npy,183,183,0,gt_mask_cc_conn8_min3
ncih2170_facs_fish_0723_low_her2_21,NCI-H2170,gt_image/ncih2170_facs_fish_0723_low_her2_21.tif,gt_coords/ncih2170_facs_fish_0723_low_her2_21.npy,260,260,0,gt_mask_cc_conn8_min3
ncih2170_facs_fish_0723_low_her2_22,NCI-H2170,gt_image/ncih2170_facs_fish_0723_low_her2_22.tif,gt_coords/ncih2170_facs_fish_0723_low_her2_22.npy,308,308,0,gt_mask_cc_conn8_min3
ncih2170_facs_fish_0723_low_her2_23,NCI-H2170,gt_image/ncih2170_facs_fish_0723_low_her2_23.tif,gt_coords/ncih2170_facs_fish_0723_low_her2_23.npy,85,85,0,gt_mask_cc_conn8_min3
ncih2170_facs_fish_0723_low_her2_24,NCI-H2170,gt_image/ncih2170_facs_fish_0723_low_her2_24.tif,gt_coords/ncih2170_facs_fish_0723_low_her2_24.npy,98,98,0,gt_mask_cc_conn8_min3
ncih2170_facs_fish_0723_low_her2_25,NCI-H2170,gt_image/ncih2170_facs_fish_0723_low_her2_25.tif,gt_coords/ncih2170_facs_fish_0723_low_her2_25.npy,54,54,0,gt_mask_cc_conn8_min3
ncih2170_facs_fish_0723_low_her2_27,NCI-H2170,gt_image/ncih2170_facs_fish_0723_low_her2_27.tif,gt_coords/ncih2170_facs_fish_0723_low_her2_27.npy,47,47,0,gt_mask_cc_conn8_min3
ncih2170_facs_fish_0723_low_her2_28,NCI-H2170,gt_image/ncih2170_facs_fish_0723_low_her2_28.tif,gt_coords/ncih2170_facs_fish_0723_low_her2_28.npy,81,81,0,gt_mask_cc_conn8_min3
ncih2170_facs_fish_0723_low_her2_3,NCI-H2170,gt_image/ncih2170_facs_fish_0723_low_her2_3.tif,gt_coords/ncih2170_facs_fish_0723_low_her2_3.npy,124,124,0,gt_mask_cc_conn8_min3
ncih2170_facs_fish_0723_low_her2_30,NCI-H2170,gt_image/ncih2170_facs_fish_0723_low_her2_30.tif,gt_coords/ncih2170_facs_fish_0723_low_her2_30.npy,75,75,0,gt_mask_cc_conn8_min3
ncih2170_facs_fish_0723_low_her2_32,NCI-H2170,gt_image/ncih2170_facs_fish_0723_low_her2_32.tif,gt_coords/ncih2170_facs_fish_0723_low_her2_32.npy,78,78,0,gt_mask_cc_conn8_min3
ncih2170_facs_fish_0723_low_her2_33,NCI-H2170,gt_image/ncih2170_facs_fish_0723_low_her2_33.tif,gt_coords/ncih2170_facs_fish_0723_low_her2_33.npy,26,26,0,gt_mask_cc_conn8_min3
ncih2170_facs_fish_0723_low_her2_34,NCI-H2170,gt_image/ncih2170_facs_fish_0723_low_her2_34.tif,gt_coords/ncih2170_facs_fish_0723_low_her2_34.npy,72,72,0,gt_mask_cc_conn8_min3
ncih2170_facs_fish_0723_low_her2_35,NCI-H2170,gt_image/ncih2170_facs_fish_0723_low_her2_35.tif,gt_coords/ncih2170_facs_fish_0723_low_her2_35.npy,48,48,0,gt_mask_cc_conn8_min3
ncih2170_facs_fish_0723_low_her2_36,NCI-H2170,gt_image/ncih2170_facs_fish_0723_low_her2_36.tif,gt_coords/ncih2170_facs_fish_0723_low_her2_36.npy,44,44,0,gt_mask_cc_conn8_min3
ncih2170_facs_fish_0723_low_her2_37,NCI-H2170,gt_image/ncih2170_facs_fish_0723_low_her2_37.tif,gt_coords/ncih2170_facs_fish_0723_low_her2_37.npy,106,107,1,gt_mask_cc_conn8_min3
ncih2170_facs_fish_0723_low_her2_38,NCI-H2170,gt_image/ncih2170_facs_fish_0723_low_her2_38.tif,gt_coords/ncih2170_facs_fish_0723_low_her2_38.npy,86,86,0,gt_mask_cc_conn8_min3
ncih2170_facs_fish_0723_low_her2_39,NCI-H2170,gt_image/ncih2170_facs_fish_0723_low_her2_39.tif,gt_coords/ncih2170_facs_fish_0723_low_her2_39.npy,100,100,0,gt_mask_cc_conn8_min3
ncih2170_facs_fish_0723_low_her2_40,NCI-H2170,gt_image/ncih2170_facs_fish_0723_low_her2_40.tif,gt_coords/ncih2170_facs_fish_0723_low_her2_40.npy,97,97,0,gt_mask_cc_conn8_min3
ncih2170_facs_fish_0723_low_her2_41,NCI-H2170,gt_image/ncih2170_facs_fish_0723_low_her2_41.tif,gt_coords/ncih2170_facs_fish_0723_low_her2_41.npy,80,80,0,gt_mask_cc_conn8_min3
ncih2170_facs_fish_0723_low_her2_42,NCI-H2170,gt_image/ncih2170_facs_fish_0723_low_her2_42.tif,gt_coords/ncih2170_facs_fish_0723_low_her2_42.npy,122,122,0,gt_mask_cc_conn8_min3
ncih2170_facs_fish_0723_low_her2_43,NCI-H2170,gt_image/ncih2170_facs_fish_0723_low_her2_43.tif,gt_coords/ncih2170_facs_fish_0723_low_her2_43.npy,71,71,0,gt_mask_cc_conn8_min3
ncih2170_facs_fish_0723_low_her2_44,NCI-H2170,gt_image/ncih2170_facs_fish_0723_low_her2_44.tif,gt_coords/ncih2170_facs_fish_0723_low_her2_44.npy,162,162,0,gt_mask_cc_conn8_min3
ncih2170_facs_fish_0723_low_her2_45,NCI-H2170,gt_image/ncih2170_facs_fish_0723_low_her2_45.tif,gt_coords/ncih2170_facs_fish_0723_low_her2_45.npy,156,156,0,gt_mask_cc_conn8_min3
ncih2170_facs_fish_0723_low_her2_46,NCI-H2170,gt_image/ncih2170_facs_fish_0723_low_her2_46.tif,gt_coords/ncih2170_facs_fish_0723_low_her2_46.npy,655,660,5,gt_mask_cc_conn8_min3
ncih2170_facs_fish_0723_low_her2_5,NCI-H2170,gt_image/ncih2170_facs_fish_0723_low_her2_5.tif,gt_coords/ncih2170_facs_fish_0723_low_her2_5.npy,107,107,0,gt_mask_cc_conn8_min3
ncih2170_facs_fish_0723_low_her2_51,NCI-H2170,gt_image/ncih2170_facs_fish_0723_low_her2_51.tif,gt_coords/ncih2170_facs_fish_0723_low_her2_51.npy,106,106,0,gt_mask_cc_conn8_min3
ncih2170_facs_fish_0723_low_her2_52,NCI-H2170,gt_image/ncih2170_facs_fish_0723_low_her2_52.tif,gt_coords/ncih2170_facs_fish_0723_low_her2_52.npy,116,116,0,gt_mask_cc_conn8_min3
ncih2170_facs_fish_0723_low_her2_53,NCI-H2170,gt_image/ncih2170_facs_fish_0723_low_her2_53.tif,gt_coords/ncih2170_facs_fish_0723_low_her2_53.npy,105,105,0,gt_mask_cc_conn8_min3
ncih2170_facs_fish_0723_low_her2_54,NCI-H2170,gt_image/ncih2170_facs_fish_0723_low_her2_54.tif,gt_coords/ncih2170_facs_fish_0723_low_her2_54.npy,106,106,0,gt_mask_cc_conn8_min3
ncih2170_facs_fish_0723_low_her2_56,NCI-H2170,gt_image/ncih2170_facs_fish_0723_low_her2_56.tif,gt_coords/ncih2170_facs_fish_0723_low_her2_56.npy,120,120,0,gt_mask_cc_conn8_min3
ncih2170_facs_fish_0723_low_her2_57,NCI-H2170,gt_image/ncih2170_facs_fish_0723_low_her2_57.tif,gt_coords/ncih2170_facs_fish_0723_low_her2_57.npy,236,237,1,gt_mask_cc_conn8_min3
ncih2170_facs_fish_0723_low_her2_58,NCI-H2170,gt_image/ncih2170_facs_fish_0723_low_her2_58.tif,gt_coords/ncih2170_facs_fish_0723_low_her2_58.npy,137,137,0,gt_mask_cc_conn8_min3
ncih2170_facs_fish_0723_low_her2_6,NCI-H2170,gt_image/ncih2170_facs_fish_0723_low_her2_6.tif,gt_coords/ncih2170_facs_fish_0723_low_her2_6.npy,66,66,0,gt_mask_cc_conn8_min3
ncih2170_facs_fish_0723_low_her2_60,NCI-H2170,gt_image/ncih2170_facs_fish_0723_low_her2_60.tif,gt_coords/ncih2170_facs_fish_0723_low_her2_60.npy,93,93,0,gt_mask_cc_conn8_min3
ncih2170_facs_fish_0723_low_her2_61,NCI-H2170,gt_image/ncih2170_facs_fish_0723_low_her2_61.tif,gt_coords/ncih2170_facs_fish_0723_low_her2_61.npy,57,57,0,gt_mask_cc_conn8_min3
ncih2170_facs_fish_0723_low_her2_62,NCI-H2170,gt_image/ncih2170_facs_fish_0723_low_her2_62.tif,gt_coords/ncih2170_facs_fish_0723_low_her2_62.npy,53,53,0,gt_mask_cc_conn8_min3
ncih2170_facs_fish_0723_low_her2_63,NCI-H2170,gt_image/ncih2170_facs_fish_0723_low_her2_63.tif,gt_coords/ncih2170_facs_fish_0723_low_her2_63.npy,43,43,0,gt_mask_cc_conn8_min3
ncih2170_facs_fish_0723_low_her2_64,NCI-H2170,gt_image/ncih2170_facs_fish_0723_low_her2_64.tif,gt_coords/ncih2170_facs_fish_0723_low_her2_64.npy,32,32,0,gt_mask_cc_conn8_min3
ncih2170_facs_fish_0723_low_her2_65,NCI-H2170,gt_image/ncih2170_facs_fish_0723_low_her2_65.tif,gt_coords/ncih2170_facs_fish_0723_low_her2_65.npy,95,95,0,gt_mask_cc_conn8_min3
ncih2170_facs_fish_0723_low_her2_67,NCI-H2170,gt_image/ncih2170_facs_fish_0723_low_her2_67.tif,gt_coords/ncih2170_facs_fish_0723_low_her2_67.npy,39,39,0,gt_mask_cc_conn8_min3
ncih2170_facs_fish_0723_low_her2_68,NCI-H2170,gt_image/ncih2170_facs_fish_0723_low_her2_68.tif,gt_coords/ncih2170_facs_fish_0723_low_her2_68.npy,32,32,0,gt_mask_cc_conn8_min3
ncih2170_facs_fish_0723_low_her2_70,NCI-H2170,gt_image/ncih2170_facs_fish_0723_low_her2_70.tif,gt_coords/ncih2170_facs_fish_0723_low_her2_70.npy,115,119,4,gt_mask_cc_conn8_min3
ncih2170_facs_fish_0723_low_her2_73,NCI-H2170,gt_image/ncih2170_facs_fish_0723_low_her2_73.tif,gt_coords/ncih2170_facs_fish_0723_low_her2_73.npy,72,73,1,gt_mask_cc_conn8_min3
ncih2170_facs_fish_0723_low_her2_74,NCI-H2170,gt_image/ncih2170_facs_fish_0723_low_her2_74.tif,gt_coords/ncih2170_facs_fish_0723_low_her2_74.npy,181,189,8,gt_mask_cc_conn8_min3
ncih2170_facs_fish_0723_low_her2_75,NCI-H2170,gt_image/ncih2170_facs_fish_0723_low_her2_75.tif,gt_coords/ncih2170_facs_fish_0723_low_her2_75.npy,43,43,0,gt_mask_cc_conn8_min3
ncih2170_facs_fish_0723_low_her2_77,NCI-H2170,gt_image/ncih2170_facs_fish_0723_low_her2_77.tif,gt_coords/ncih2170_facs_fish_0723_low_her2_77.npy,48,48,0,gt_mask_cc_conn8_min3
ncih2170_facs_fish_0723_low_her2_78,NCI-H2170,gt_image/ncih2170_facs_fish_0723_low_her2_78.tif,gt_coords/ncih2170_facs_fish_0723_low_her2_78.npy,46,46,0,gt_mask_cc_conn8_min3
ncih2170_facs_fish_0723_low_her2_79,NCI-H2170,gt_image/ncih2170_facs_fish_0723_low_her2_79.tif,gt_coords/ncih2170_facs_fish_0723_low_her2_79.npy,201,203,2,gt_mask_cc_conn8_min3
ncih2170_facs_fish_0723_low_her2_8,NCI-H2170,gt_image/ncih2170_facs_fish_0723_low_her2_8.tif,gt_coords/ncih2170_facs_fish_0723_low_her2_8.npy,77,77,0,gt_mask_cc_conn8_min3
ncih2170_facs_fish_0723_low_her2_80,NCI-H2170,gt_image/ncih2170_facs_fish_0723_low_her2_80.tif,gt_coords/ncih2170_facs_fish_0723_low_her2_80.npy,159,160,1,gt_mask_cc_conn8_min3
ncih2170_facs_fish_0723_low_her2_81,NCI-H2170,gt_image/ncih2170_facs_fish_0723_low_her2_81.tif,gt_coords/ncih2170_facs_fish_0723_low_her2_81.npy,66,66,0,gt_mask_cc_conn8_min3
ncih2170_facs_fish_0723_low_her2_82,NCI-H2170,gt_image/ncih2170_facs_fish_0723_low_her2_82.tif,gt_coords/ncih2170_facs_fish_0723_low_her2_82.npy,36,36,0,gt_mask_cc_conn8_min3
ncih2170_facs_fish_0723_low_her2_83,NCI-H2170,gt_image/ncih2170_facs_fish_0723_low_her2_83.tif,gt_coords/ncih2170_facs_fish_0723_low_her2_83.npy,78,79,1,gt_mask_cc_conn8_min3
ncih2170_facs_fish_0723_low_her2_84,NCI-H2170,gt_image/ncih2170_facs_fish_0723_low_her2_84.tif,gt_coords/ncih2170_facs_fish_0723_low_her2_84.npy,168,168,0,gt_mask_cc_conn8_min3
ncih2170_facs_fish_0723_low_her2_85,NCI-H2170,gt_image/ncih2170_facs_fish_0723_low_her2_85.tif,gt_coords/ncih2170_facs_fish_0723_low_her2_85.npy,115,119,4,gt_mask_cc_conn8_min3
ncih2170_facs_fish_0723_low_her2_86,NCI-H2170,gt_image/ncih2170_facs_fish_0723_low_her2_86.tif,gt_coords/ncih2170_facs_fish_0723_low_her2_86.npy,110,110,0,gt_mask_cc_conn8_min3
ncih2170_facs_fish_0723_low_her2_87,NCI-H2170,gt_image/ncih2170_facs_fish_0723_low_her2_87.tif,gt_coords/ncih2170_facs_fish_0723_low_her2_87.npy,64,66,2,gt_mask_cc_conn8_min3
ncih2170_facs_fish_0723_low_her2_88,NCI-H2170,gt_image/ncih2170_facs_fish_0723_low_her2_88.tif,gt_coords/ncih2170_facs_fish_0723_low_her2_88.npy,46,46,0,gt_mask_cc_conn8_min3
ncih2170_facs_fish_0723_low_her2_89,NCI-H2170,gt_image/ncih2170_facs_fish_0723_low_her2_89.tif,gt_coords/ncih2170_facs_fish_0723_low_her2_89.npy,79,79,0,gt_mask_cc_conn8_min3
ncih2170_facs_fish_0723_low_her2_9,NCI-H2170,gt_image/ncih2170_facs_fish_0723_low_her2_9.tif,gt_coords/ncih2170_facs_fish_0723_low_her2_9.npy,223,223,0,gt_mask_cc_conn8_min3
ncih2170_facs_fish_0723_low_her2_90,NCI-H2170,gt_image/ncih2170_facs_fish_0723_low_her2_90.tif,gt_coords/ncih2170_facs_fish_0723_low_her2_90.npy,106,108,2,gt_mask_cc_conn8_min3
ncih2170_facs_fish_0723_low_her2_91,NCI-H2170,gt_image/ncih2170_facs_fish_0723_low_her2_91.tif,gt_coords/ncih2170_facs_fish_0723_low_her2_91.npy,85,85,0,gt_mask_cc_conn8_min3
ncih2170_facs_fish_0723_low_her2_92,NCI-H2170,gt_image/ncih2170_facs_fish_0723_low_her2_92.tif,gt_coords/ncih2170_facs_fish_0723_low_her2_92.npy,130,130,0,gt_mask_cc_conn8_min3
ncih2170_facs_fish_0723_low_her2_93,NCI-H2170,gt_image/ncih2170_facs_fish_0723_low_her2_93.tif,gt_coords/ncih2170_facs_fish_0723_low_her2_93.npy,39,41,2,gt_mask_cc_conn8_min3
ncih2170_facs_fish_0723_low_her2_94,NCI-H2170,gt_image/ncih2170_facs_fish_0723_low_her2_94.tif,gt_coords/ncih2170_facs_fish_0723_low_her2_94.npy,93,95,2,gt_mask_cc_conn8_min3
ncih2170_facs_fish_0723_low_her2_96,NCI-H2170,gt_image/ncih2170_facs_fish_0723_low_her2_96.tif,gt_coords/ncih2170_facs_fish_0723_low_her2_96.npy,49,49,0,gt_mask_cc_conn8_min3
ncih2170_facs_fish_0723_low_her2_97,NCI-H2170,gt_image/ncih2170_facs_fish_0723_low_her2_97.tif,gt_coords/ncih2170_facs_fish_0723_low_her2_97.npy,52,52,0,gt_mask_cc_conn8_min3
ncih2170_facs_fish_0723_low_her2_98,NCI-H2170,gt_image/ncih2170_facs_fish_0723_low_her2_98.tif,gt_coords/ncih2170_facs_fish_0723_low_her2_98.npy,121,123,2,gt_mask_cc_conn8_min3
ncih2170_facs_fish_0723_low_her2_99,NCI-H2170,gt_image/ncih2170_facs_fish_0723_low_her2_99.tif,gt_coords/ncih2170_facs_fish_0723_low_her2_99.npy,88,89,1,gt_mask_cc_conn8_min3
ncih2170_facs_fish_0723_pre_sort_ctrl_1,NCI-H2170,gt_image/ncih2170_facs_fish_0723_pre_sort_ctrl_1.tif,gt_coords/ncih2170_facs_fish_0723_pre_sort_ctrl_1.npy,94,94,0,gt_mask_cc_conn8_min3
ncih2170_facs_fish_0723_pre_sort_ctrl_10,NCI-H2170,gt_image/ncih2170_facs_fish_0723_pre_sort_ctrl_10.tif,gt_coords/ncih2170_facs_fish_0723_pre_sort_ctrl_10.npy,463,472,9,gt_mask_cc_conn8_min3
ncih2170_facs_fish_0723_pre_sort_ctrl_11,NCI-H2170,gt_image/ncih2170_facs_fish_0723_pre_sort_ctrl_11.tif,gt_coords/ncih2170_facs_fish_0723_pre_sort_ctrl_11.npy,215,215,0,gt_mask_cc_conn8_min3
ncih2170_facs_fish_0723_pre_sort_ctrl_12,NCI-H2170,gt_image/ncih2170_facs_fish_0723_pre_sort_ctrl_12.tif,gt_coords/ncih2170_facs_fish_0723_pre_sort_ctrl_12.npy,173,173,0,gt_mask_cc_conn8_min3
ncih2170_facs_fish_0723_pre_sort_ctrl_13,NCI-H2170,gt_image/ncih2170_facs_fish_0723_pre_sort_ctrl_13.tif,gt_coords/ncih2170_facs_fish_0723_pre_sort_ctrl_13.npy,361,363,2,gt_mask_cc_conn8_min3
ncih2170_facs_fish_0723_pre_sort_ctrl_14,NCI-H2170,gt_image/ncih2170_facs_fish_0723_pre_sort_ctrl_14.tif,gt_coords/ncih2170_facs_fish_0723_pre_sort_ctrl_14.npy,179,179,0,gt_mask_cc_conn8_min3
ncih2170_facs_fish_0723_pre_sort_ctrl_15,NCI-H2170,gt_image/ncih2170_facs_fish_0723_pre_sort_ctrl_15.tif,gt_coords/ncih2170_facs_fish_0723_pre_sort_ctrl_15.npy,201,201,0,gt_mask_cc_conn8_min3
ncih2170_facs_fish_0723_pre_sort_ctrl_16,NCI-H2170,gt_image/ncih2170_facs_fish_0723_pre_sort_ctrl_16.tif,gt_coords/ncih2170_facs_fish_0723_pre_sort_ctrl_16.npy,85,85,0,gt_mask_cc_conn8_min3
ncih2170_facs_fish_0723_pre_sort_ctrl_17,NCI-H2170,gt_image/ncih2170_facs_fish_0723_pre_sort_ctrl_17.tif,gt_coords/ncih2170_facs_fish_0723_pre_sort_ctrl_17.npy,513,535,22,gt_mask_cc_conn8_min3
ncih2170_facs_fish_0723_pre_sort_ctrl_18,NCI-H2170,gt_image/ncih2170_facs_fish_0723_pre_sort_ctrl_18.tif,gt_coords/ncih2170_facs_fish_0723_pre_sort_ctrl_18.npy,255,255,0,gt_mask_cc_conn8_min3
ncih2170_facs_fish_0723_pre_sort_ctrl_19,NCI-H2170,gt_image/ncih2170_facs_fish_0723_pre_sort_ctrl_19.tif,gt_coords/ncih2170_facs_fish_0723_pre_sort_ctrl_19.npy,123,123,0,gt_mask_cc_conn8_min3
ncih2170_facs_fish_0723_pre_sort_ctrl_2,NCI-H2170,gt_image/ncih2170_facs_fish_0723_pre_sort_ctrl_2.tif,gt_coords/ncih2170_facs_fish_0723_pre_sort_ctrl_2.npy,520,520,0,gt_mask_cc_conn8_min3
ncih2170_facs_fish_0723_pre_sort_ctrl_20,NCI-H2170,gt_image/ncih2170_facs_fish_0723_pre_sort_ctrl_20.tif,gt_coords/ncih2170_facs_fish_0723_pre_sort_ctrl_20.npy,212,212,0,gt_mask_cc_conn8_min3
ncih2170_facs_fish_0723_pre_sort_ctrl_21,NCI-H2170,gt_image/ncih2170_facs_fish_0723_pre_sort_ctrl_21.tif,gt_coords/ncih2170_facs_fish_0723_pre_sort_ctrl_21.npy,250,250,0,gt_mask_cc_conn8_min3
ncih2170_facs_fish_0723_pre_sort_ctrl_22,NCI-H2170,gt_image/ncih2170_facs_fish_0723_pre_sort_ctrl_22.tif,gt_coords/ncih2170_facs_fish_0723_pre_sort_ctrl_22.npy,234,234,0,gt_mask_cc_conn8_min3
ncih2170_facs_fish_0723_pre_sort_ctrl_23,NCI-H2170,gt_image/ncih2170_facs_fish_0723_pre_sort_ctrl_23.tif,gt_coords/ncih2170_facs_fish_0723_pre_sort_ctrl_23.npy,89,89,0,gt_mask_cc_conn8_min3
ncih2170_facs_fish_0723_pre_sort_ctrl_24,NCI-H2170,gt_image/ncih2170_facs_fish_0723_pre_sort_ctrl_24.tif,gt_coords/ncih2170_facs_fish_0723_pre_sort_ctrl_24.npy,64,64,0,gt_mask_cc_conn8_min3
ncih2170_facs_fish_0723_pre_sort_ctrl_25,NCI-H2170,gt_image/ncih2170_facs_fish_0723_pre_sort_ctrl_25.tif,gt_coords/ncih2170_facs_fish_0723_pre_sort_ctrl_25.npy,300,300,0,gt_mask_cc_conn8_min3
ncih2170_facs_fish_0723_pre_sort_ctrl_26,NCI-H2170,gt_image/ncih2170_facs_fish_0723_pre_sort_ctrl_26.tif,gt_coords/ncih2170_facs_fish_0723_pre_sort_ctrl_26.npy,570,576,6,gt_mask_cc_conn8_min3
ncih2170_facs_fish_0723_pre_sort_ctrl_27,NCI-H2170,gt_image/ncih2170_facs_fish_0723_pre_sort_ctrl_27.tif,gt_coords/ncih2170_facs_fish_0723_pre_sort_ctrl_27.npy,357,360,3,gt_mask_cc_conn8_min3
ncih2170_facs_fish_0723_pre_sort_ctrl_28,NCI-H2170,gt_image/ncih2170_facs_fish_0723_pre_sort_ctrl_28.tif,gt_coords/ncih2170_facs_fish_0723_pre_sort_ctrl_28.npy,353,357,4,gt_mask_cc_conn8_min3
ncih2170_facs_fish_0723_pre_sort_ctrl_29,NCI-H2170,gt_image/ncih2170_facs_fish_0723_pre_sort_ctrl_29.tif,gt_coords/ncih2170_facs_fish_0723_pre_sort_ctrl_29.npy,225,235,10,gt_mask_cc_conn8_min3
ncih2170_facs_fish_0723_pre_sort_ctrl_3,NCI-H2170,gt_image/ncih2170_facs_fish_0723_pre_sort_ctrl_3.tif,gt_coords/ncih2170_facs_fish_0723_pre_sort_ctrl_3.npy,47,47,0,gt_mask_cc_conn8_min3
ncih2170_facs_fish_0723_pre_sort_ctrl_30,NCI-H2170,gt_image/ncih2170_facs_fish_0723_pre_sort_ctrl_30.tif,gt_coords/ncih2170_facs_fish_0723_pre_sort_ctrl_30.npy,351,352,1,gt_mask_cc_conn8_min3
ncih2170_facs_fish_0723_pre_sort_ctrl_31,NCI-H2170,gt_image/ncih2170_facs_fish_0723_pre_sort_ctrl_31.tif,gt_coords/ncih2170_facs_fish_0723_pre_sort_ctrl_31.npy,145,145,0,gt_mask_cc_conn8_min3
ncih2170_facs_fish_0723_pre_sort_ctrl_32,NCI-H2170,gt_image/ncih2170_facs_fish_0723_pre_sort_ctrl_32.tif,gt_coords/ncih2170_facs_fish_0723_pre_sort_ctrl_32.npy,287,287,0,gt_mask_cc_conn8_min3
ncih2170_facs_fish_0723_pre_sort_ctrl_33,NCI-H2170,gt_image/ncih2170_facs_fish_0723_pre_sort_ctrl_33.tif,gt_coords/ncih2170_facs_fish_0723_pre_sort_ctrl_33.npy,317,326,9,gt_mask_cc_conn8_min3
ncih2170_facs_fish_0723_pre_sort_ctrl_34,NCI-H2170,gt_image/ncih2170_facs_fish_0723_pre_sort_ctrl_34.tif,gt_coords/ncih2170_facs_fish_0723_pre_sort_ctrl_34.npy,178,182,4,gt_mask_cc_conn8_min3
ncih2170_facs_fish_0723_pre_sort_ctrl_35,NCI-H2170,gt_image/ncih2170_facs_fish_0723_pre_sort_ctrl_35.tif,gt_coords/ncih2170_facs_fish_0723_pre_sort_ctrl_35.npy,205,210,5,gt_mask_cc_conn8_min3
ncih2170_facs_fish_0723_pre_sort_ctrl_36,NCI-H2170,gt_image/ncih2170_facs_fish_0723_pre_sort_ctrl_36.tif,gt_coords/ncih2170_facs_fish_0723_pre_sort_ctrl_36.npy,133,133,0,gt_mask_cc_conn8_min3
ncih2170_facs_fish_0723_pre_sort_ctrl_4,NCI-H2170,gt_image/ncih2170_facs_fish_0723_pre_sort_ctrl_4.tif,gt_coords/ncih2170_facs_fish_0723_pre_sort_ctrl_4.npy,186,186,0,gt_mask_cc_conn8_min3
ncih2170_facs_fish_0723_pre_sort_ctrl_5,NCI-H2170,gt_image/ncih2170_facs_fish_0723_pre_sort_ctrl_5.tif,gt_coords/ncih2170_facs_fish_0723_pre_sort_ctrl_5.npy,82,82,0,gt_mask_cc_conn8_min3
ncih2170_facs_fish_0723_pre_sort_ctrl_6,NCI-H2170,gt_image/ncih2170_facs_fish_0723_pre_sort_ctrl_6.tif,gt_coords/ncih2170_facs_fish_0723_pre_sort_ctrl_6.npy,192,192,0,gt_mask_cc_conn8_min3
ncih2170_facs_fish_0723_pre_sort_ctrl_7,NCI-H2170,gt_image/ncih2170_facs_fish_0723_pre_sort_ctrl_7.tif,gt_coords/ncih2170_facs_fish_0723_pre_sort_ctrl_7.npy,81,81,0,gt_mask_cc_conn8_min3
ncih2170_facs_fish_0723_pre_sort_ctrl_8,NCI-H2170,gt_image/ncih2170_facs_fish_0723_pre_sort_ctrl_8.tif,gt_coords/ncih2170_facs_fish_0723_pre_sort_ctrl_8.npy,193,193,0,gt_mask_cc_conn8_min3
ncih2170_facs_fish_0723_pre_sort_ctrl_9,NCI-H2170,gt_image/ncih2170_facs_fish_0723_pre_sort_ctrl_9.tif,gt_coords/ncih2170_facs_fish_0723_pre_sort_ctrl_9.npy,41,41,0,gt_mask_cc_conn8_min3
ncih2170_facs_fish_0723_sorted_ctrl_1,NCI-H2170,gt_image/ncih2170_facs_fish_0723_sorted_ctrl_1.tif,gt_coords/ncih2170_facs_fish_0723_sorted_ctrl_1.npy,98,98,0,gt_mask_cc_conn8_min3
ncih2170_facs_fish_0723_sorted_ctrl_10,NCI-H2170,gt_image/ncih2170_facs_fish_0723_sorted_ctrl_10.tif,gt_coords/ncih2170_facs_fish_0723_sorted_ctrl_10.npy,89,89,0,gt_mask_cc_conn8_min3
ncih2170_facs_fish_0723_sorted_ctrl_100,NCI-H2170,gt_image/ncih2170_facs_fish_0723_sorted_ctrl_100.tif,gt_coords/ncih2170_facs_fish_0723_sorted_ctrl_100.npy,143,145,2,gt_mask_cc_conn8_min3
ncih2170_facs_fish_0723_sorted_ctrl_11,NCI-H2170,gt_image/ncih2170_facs_fish_0723_sorted_ctrl_11.tif,gt_coords/ncih2170_facs_fish_0723_sorted_ctrl_11.npy,34,34,0,gt_mask_cc_conn8_min3
ncih2170_facs_fish_0723_sorted_ctrl_12,NCI-H2170,gt_image/ncih2170_facs_fish_0723_sorted_ctrl_12.tif,gt_coords/ncih2170_facs_fish_0723_sorted_ctrl_12.npy,102,102,0,gt_mask_cc_conn8_min3
ncih2170_facs_fish_0723_sorted_ctrl_13,NCI-H2170,gt_image/ncih2170_facs_fish_0723_sorted_ctrl_13.tif,gt_coords/ncih2170_facs_fish_0723_sorted_ctrl_13.npy,60,60,0,gt_mask_cc_conn8_min3
ncih2170_facs_fish_0723_sorted_ctrl_15,NCI-H2170,gt_image/ncih2170_facs_fish_0723_sorted_ctrl_15.tif,gt_coords/ncih2170_facs_fish_0723_sorted_ctrl_15.npy,195,195,0,gt_mask_cc_conn8_min3
ncih2170_facs_fish_0723_sorted_ctrl_16,NCI-H2170,gt_image/ncih2170_facs_fish_0723_sorted_ctrl_16.tif,gt_coords/ncih2170_facs_fish_0723_sorted_ctrl_16.npy,110,110,0,gt_mask_cc_conn8_min3
ncih2170_facs_fish_0723_sorted_ctrl_17,NCI-H2170,gt_image/ncih2170_facs_fish_0723_sorted_ctrl_17.tif,gt_coords/ncih2170_facs_fish_0723_sorted_ctrl_17.npy,250,250,0,gt_mask_cc_conn8_min3
ncih2170_facs_fish_0723_sorted_ctrl_18,NCI-H2170,gt_image/ncih2170_facs_fish_0723_sorted_ctrl_18.tif,gt_coords/ncih2170_facs_fish_0723_sorted_ctrl_18.npy,292,296,4,gt_mask_cc_conn8_min3
ncih2170_facs_fish_0723_sorted_ctrl_19,NCI-H2170,gt_image/ncih2170_facs_fish_0723_sorted_ctrl_19.tif,gt_coords/ncih2170_facs_fish_0723_sorted_ctrl_19.npy,366,366,0,gt_mask_cc_conn8_min3
ncih2170_facs_fish_0723_sorted_ctrl_2,NCI-H2170,gt_image/ncih2170_facs_fish_0723_sorted_ctrl_2.tif,gt_coords/ncih2170_facs_fish_0723_sorted_ctrl_2.npy,172,172,0,gt_mask_cc_conn8_min3
ncih2170_facs_fish_0723_sorted_ctrl_20,NCI-H2170,gt_image/ncih2170_facs_fish_0723_sorted_ctrl_20.tif,gt_coords/ncih2170_facs_fish_0723_sorted_ctrl_20.npy,286,288,2,gt_mask_cc_conn8_min3
ncih2170_facs_fish_0723_sorted_ctrl_21,NCI-H2170,gt_image/ncih2170_facs_fish_0723_sorted_ctrl_21.tif,gt_coords/ncih2170_facs_fish_0723_sorted_ctrl_21.npy,407,408,1,gt_mask_cc_conn8_min3
ncih2170_facs_fish_0723_sorted_ctrl_22,NCI-H2170,gt_image/ncih2170_facs_fish_0723_sorted_ctrl_22.tif,gt_coords/ncih2170_facs_fish_0723_sorted_ctrl_22.npy,88,88,0,gt_mask_cc_conn8_min3
ncih2170_facs_fish_0723_sorted_ctrl_23,NCI-H2170,gt_image/ncih2170_facs_fish_0723_sorted_ctrl_23.tif,gt_coords/ncih2170_facs_fish_0723_sorted_ctrl_23.npy,136,136,0,gt_mask_cc_conn8_min3
ncih2170_facs_fish_0723_sorted_ctrl_24,NCI-H2170,gt_image/ncih2170_facs_fish_0723_sorted_ctrl_24.tif,gt_coords/ncih2170_facs_fish_0723_sorted_ctrl_24.npy,90,91,1,gt_mask_cc_conn8_min3
ncih2170_facs_fish_0723_sorted_ctrl_25,NCI-H2170,gt_image/ncih2170_facs_fish_0723_sorted_ctrl_25.tif,gt_coords/ncih2170_facs_fish_0723_sorted_ctrl_25.npy,138,138,0,gt_mask_cc_conn8_min3
ncih2170_facs_fish_0723_sorted_ctrl_26,NCI-H2170,gt_image/ncih2170_facs_fish_0723_sorted_ctrl_26.tif,gt_coords/ncih2170_facs_fish_0723_sorted_ctrl_26.npy,122,122,0,gt_mask_cc_conn8_min3
ncih2170_facs_fish_0723_sorted_ctrl_27,NCI-H2170,gt_image/ncih2170_facs_fish_0723_sorted_ctrl_27.tif,gt_coords/ncih2170_facs_fish_0723_sorted_ctrl_27.npy,136,136,0,gt_mask_cc_conn8_min3
ncih2170_facs_fish_0723_sorted_ctrl_29,NCI-H2170,gt_image/ncih2170_facs_fish_0723_sorted_ctrl_29.tif,gt_coords/ncih2170_facs_fish_0723_sorted_ctrl_29.npy,445,446,1,gt_mask_cc_conn8_min3
ncih2170_facs_fish_0723_sorted_ctrl_3,NCI-H2170,gt_image/ncih2170_facs_fish_0723_sorted_ctrl_3.tif,gt_coords/ncih2170_facs_fish_0723_sorted_ctrl_3.npy,204,204,0,gt_mask_cc_conn8_min3
ncih2170_facs_fish_0723_sorted_ctrl_30,NCI-H2170,gt_image/ncih2170_facs_fish_0723_sorted_ctrl_30.tif,gt_coords/ncih2170_facs_fish_0723_sorted_ctrl_30.npy,92,92,0,gt_mask_cc_conn8_min3
ncih2170_facs_fish_0723_sorted_ctrl_31,NCI-H2170,gt_image/ncih2170_facs_fish_0723_sorted_ctrl_31.tif,gt_coords/ncih2170_facs_fish_0723_sorted_ctrl_31.npy,78,84,6,gt_mask_cc_conn8_min3
ncih2170_facs_fish_0723_sorted_ctrl_32,NCI-H2170,gt_image/ncih2170_facs_fish_0723_sorted_ctrl_32.tif,gt_coords/ncih2170_facs_fish_0723_sorted_ctrl_32.npy,288,290,2,gt_mask_cc_conn8_min3
ncih2170_facs_fish_0723_sorted_ctrl_33,NCI-H2170,gt_image/ncih2170_facs_fish_0723_sorted_ctrl_33.tif,gt_coords/ncih2170_facs_fish_0723_sorted_ctrl_33.npy,168,168,0,gt_mask_cc_conn8_min3
ncih2170_facs_fish_0723_sorted_ctrl_34,NCI-H2170,gt_image/ncih2170_facs_fish_0723_sorted_ctrl_34.tif,gt_coords/ncih2170_facs_fish_0723_sorted_ctrl_34.npy,125,125,0,gt_mask_cc_conn8_min3
ncih2170_facs_fish_0723_sorted_ctrl_35,NCI-H2170,gt_image/ncih2170_facs_fish_0723_sorted_ctrl_35.tif,gt_coords/ncih2170_facs_fish_0723_sorted_ctrl_35.npy,141,141,0,gt_mask_cc_conn8_min3
ncih2170_facs_fish_0723_sorted_ctrl_36,NCI-H2170,gt_image/ncih2170_facs_fish_0723_sorted_ctrl_36.tif,gt_coords/ncih2170_facs_fish_0723_sorted_ctrl_36.npy,67,67,0,gt_mask_cc_conn8_min3
ncih2170_facs_fish_0723_sorted_ctrl_37,NCI-H2170,gt_image/ncih2170_facs_fish_0723_sorted_ctrl_37.tif,gt_coords/ncih2170_facs_fish_0723_sorted_ctrl_37.npy,239,241,2,gt_mask_cc_conn8_min3
ncih2170_facs_fish_0723_sorted_ctrl_38,NCI-H2170,gt_image/ncih2170_facs_fish_0723_sorted_ctrl_38.tif,gt_coords/ncih2170_facs_fish_0723_sorted_ctrl_38.npy,202,202,0,gt_mask_cc_conn8_min3
ncih2170_facs_fish_0723_sorted_ctrl_39,NCI-H2170,gt_image/ncih2170_facs_fish_0723_sorted_ctrl_39.tif,gt_coords/ncih2170_facs_fish_0723_sorted_ctrl_39.npy,275,275,0,gt_mask_cc_conn8_min3
ncih2170_facs_fish_0723_sorted_ctrl_4,NCI-H2170,gt_image/ncih2170_facs_fish_0723_sorted_ctrl_4.tif,gt_coords/ncih2170_facs_fish_0723_sorted_ctrl_4.npy,536,538,2,gt_mask_cc_conn8_min3
ncih2170_facs_fish_0723_sorted_ctrl_40,NCI-H2170,gt_image/ncih2170_facs_fish_0723_sorted_ctrl_40.tif,gt_coords/ncih2170_facs_fish_0723_sorted_ctrl_40.npy,65,65,0,gt_mask_cc_conn8_min3
ncih2170_facs_fish_0723_sorted_ctrl_41,NCI-H2170,gt_image/ncih2170_facs_fish_0723_sorted_ctrl_41.tif,gt_coords/ncih2170_facs_fish_0723_sorted_ctrl_41.npy,292,293,1,gt_mask_cc_conn8_min3
ncih2170_facs_fish_0723_sorted_ctrl_42,NCI-H2170,gt_image/ncih2170_facs_fish_0723_sorted_ctrl_42.tif,gt_coords/ncih2170_facs_fish_0723_sorted_ctrl_42.npy,116,116,0,gt_mask_cc_conn8_min3
ncih2170_facs_fish_0723_sorted_ctrl_43,NCI-H2170,gt_image/ncih2170_facs_fish_0723_sorted_ctrl_43.tif,gt_coords/ncih2170_facs_fish_0723_sorted_ctrl_43.npy,98,98,0,gt_mask_cc_conn8_min3
ncih2170_facs_fish_0723_sorted_ctrl_44,NCI-H2170,gt_image/ncih2170_facs_fish_0723_sorted_ctrl_44.tif,gt_coords/ncih2170_facs_fish_0723_sorted_ctrl_44.npy,202,202,0,gt_mask_cc_conn8_min3
ncih2170_facs_fish_0723_sorted_ctrl_45,NCI-H2170,gt_image/ncih2170_facs_fish_0723_sorted_ctrl_45.tif,gt_coords/ncih2170_facs_fish_0723_sorted_ctrl_45.npy,472,472,0,gt_mask_cc_conn8_min3
ncih2170_facs_fish_0723_sorted_ctrl_46,NCI-H2170,gt_image/ncih2170_facs_fish_0723_sorted_ctrl_46.tif,gt_coords/ncih2170_facs_fish_0723_sorted_ctrl_46.npy,178,178,0,gt_mask_cc_conn8_min3
ncih2170_facs_fish_0723_sorted_ctrl_47,NCI-H2170,gt_image/ncih2170_facs_fish_0723_sorted_ctrl_47.tif,gt_coords/ncih2170_facs_fish_0723_sorted_ctrl_47.npy,212,212,0,gt_mask_cc_conn8_min3
ncih2170_facs_fish_0723_sorted_ctrl_48,NCI-H2170,gt_image/ncih2170_facs_fish_0723_sorted_ctrl_48.tif,gt_coords/ncih2170_facs_fish_0723_sorted_ctrl_48.npy,274,278,4,gt_mask_cc_conn8_min3
ncih2170_facs_fish_0723_sorted_ctrl_49,NCI-H2170,gt_image/ncih2170_facs_fish_0723_sorted_ctrl_49.tif,gt_coords/ncih2170_facs_fish_0723_sorted_ctrl_49.npy,365,366,1,gt_mask_cc_conn8_min3
ncih2170_facs_fish_0723_sorted_ctrl_5,NCI-H2170,gt_image/ncih2170_facs_fish_0723_sorted_ctrl_5.tif,gt_coords/ncih2170_facs_fish_0723_sorted_ctrl_5.npy,165,166,1,gt_mask_cc_conn8_min3
ncih2170_facs_fish_0723_sorted_ctrl_50,NCI-H2170,gt_image/ncih2170_facs_fish_0723_sorted_ctrl_50.tif,gt_coords/ncih2170_facs_fish_0723_sorted_ctrl_50.npy,61,61,0,gt_mask_cc_conn8_min3
ncih2170_facs_fish_0723_sorted_ctrl_51,NCI-H2170,gt_image/ncih2170_facs_fish_0723_sorted_ctrl_51.tif,gt_coords/ncih2170_facs_fish_0723_sorted_ctrl_51.npy,302,305,3,gt_mask_cc_conn8_min3
ncih2170_facs_fish_0723_sorted_ctrl_52,NCI-H2170,gt_image/ncih2170_facs_fish_0723_sorted_ctrl_52.tif,gt_coords/ncih2170_facs_fish_0723_sorted_ctrl_52.npy,226,226,0,gt_mask_cc_conn8_min3
ncih2170_facs_fish_0723_sorted_ctrl_53,NCI-H2170,gt_image/ncih2170_facs_fish_0723_sorted_ctrl_53.tif,gt_coords/ncih2170_facs_fish_0723_sorted_ctrl_53.npy,118,118,0,gt_mask_cc_conn8_min3
ncih2170_facs_fish_0723_sorted_ctrl_54,NCI-H2170,gt_image/ncih2170_facs_fish_0723_sorted_ctrl_54.tif,gt_coords/ncih2170_facs_fish_0723_sorted_ctrl_54.npy,116,116,0,gt_mask_cc_conn8_min3
ncih2170_facs_fish_0723_sorted_ctrl_55,NCI-H2170,gt_image/ncih2170_facs_fish_0723_sorted_ctrl_55.tif,gt_coords/ncih2170_facs_fish_0723_sorted_ctrl_55.npy,262,262,0,gt_mask_cc_conn8_min3
ncih2170_facs_fish_0723_sorted_ctrl_56,NCI-H2170,gt_image/ncih2170_facs_fish_0723_sorted_ctrl_56.tif,gt_coords/ncih2170_facs_fish_0723_sorted_ctrl_56.npy,120,120,0,gt_mask_cc_conn8_min3
ncih2170_facs_fish_0723_sorted_ctrl_57,NCI-H2170,gt_image/ncih2170_facs_fish_0723_sorted_ctrl_57.tif,gt_coords/ncih2170_facs_fish_0723_sorted_ctrl_57.npy,284,301,17,gt_mask_cc_conn8_min3
ncih2170_facs_fish_0723_sorted_ctrl_58,NCI-H2170,gt_image/ncih2170_facs_fish_0723_sorted_ctrl_58.tif,gt_coords/ncih2170_facs_fish_0723_sorted_ctrl_58.npy,24,28,4,gt_mask_cc_conn8_min3
ncih2170_facs_fish_0723_sorted_ctrl_59,NCI-H2170,gt_image/ncih2170_facs_fish_0723_sorted_ctrl_59.tif,gt_coords/ncih2170_facs_fish_0723_sorted_ctrl_59.npy,277,284,7,gt_mask_cc_conn8_min3
ncih2170_facs_fish_0723_sorted_ctrl_6,NCI-H2170,gt_image/ncih2170_facs_fish_0723_sorted_ctrl_6.tif,gt_coords/ncih2170_facs_fish_0723_sorted_ctrl_6.npy,119,119,0,gt_mask_cc_conn8_min3
ncih2170_facs_fish_0723_sorted_ctrl_60,NCI-H2170,gt_image/ncih2170_facs_fish_0723_sorted_ctrl_60.tif,gt_coords/ncih2170_facs_fish_0723_sorted_ctrl_60.npy,187,197,10,gt_mask_cc_conn8_min3
ncih2170_facs_fish_0723_sorted_ctrl_61,NCI-H2170,gt_image/ncih2170_facs_fish_0723_sorted_ctrl_61.tif,gt_coords/ncih2170_facs_fish_0723_sorted_ctrl_61.npy,166,166,0,gt_mask_cc_conn8_min3
ncih2170_facs_fish_0723_sorted_ctrl_62,NCI-H2170,gt_image/ncih2170_facs_fish_0723_sorted_ctrl_62.tif,gt_coords/ncih2170_facs_fish_0723_sorted_ctrl_62.npy,636,657,21,gt_mask_cc_conn8_min3
ncih2170_facs_fish_0723_sorted_ctrl_63,NCI-H2170,gt_image/ncih2170_facs_fish_0723_sorted_ctrl_63.tif,gt_coords/ncih2170_facs_fish_0723_sorted_ctrl_63.npy,214,216,2,gt_mask_cc_conn8_min3
ncih2170_facs_fish_0723_sorted_ctrl_64,NCI-H2170,gt_image/ncih2170_facs_fish_0723_sorted_ctrl_64.tif,gt_coords/ncih2170_facs_fish_0723_sorted_ctrl_64.npy,333,335,2,gt_mask_cc_conn8_min3
ncih2170_facs_fish_0723_sorted_ctrl_65,NCI-H2170,gt_image/ncih2170_facs_fish_0723_sorted_ctrl_65.tif,gt_coords/ncih2170_facs_fish_0723_sorted_ctrl_65.npy,139,139,0,gt_mask_cc_conn8_min3
ncih2170_facs_fish_0723_sorted_ctrl_66,NCI-H2170,gt_image/ncih2170_facs_fish_0723_sorted_ctrl_66.tif,gt_coords/ncih2170_facs_fish_0723_sorted_ctrl_66.npy,58,58,0,gt_mask_cc_conn8_min3
ncih2170_facs_fish_0723_sorted_ctrl_67,NCI-H2170,gt_image/ncih2170_facs_fish_0723_sorted_ctrl_67.tif,gt_coords/ncih2170_facs_fish_0723_sorted_ctrl_67.npy,236,238,2,gt_mask_cc_conn8_min3
ncih2170_facs_fish_0723_sorted_ctrl_68,NCI-H2170,gt_image/ncih2170_facs_fish_0723_sorted_ctrl_68.tif,gt_coords/ncih2170_facs_fish_0723_sorted_ctrl_68.npy,266,266,0,gt_mask_cc_conn8_min3
ncih2170_facs_fish_0723_sorted_ctrl_69,NCI-H2170,gt_image/ncih2170_facs_fish_0723_sorted_ctrl_69.tif,gt_coords/ncih2170_facs_fish_0723_sorted_ctrl_69.npy,325,327,2,gt_mask_cc_conn8_min3
ncih2170_facs_fish_0723_sorted_ctrl_7,NCI-H2170,gt_image/ncih2170_facs_fish_0723_sorted_ctrl_7.tif,gt_coords/ncih2170_facs_fish_0723_sorted_ctrl_7.npy,88,88,0,gt_mask_cc_conn8_min3
ncih2170_facs_fish_0723_sorted_ctrl_70,NCI-H2170,gt_image/ncih2170_facs_fish_0723_sorted_ctrl_70.tif,gt_coords/ncih2170_facs_fish_0723_sorted_ctrl_70.npy,141,141,0,gt_mask_cc_conn8_min3
ncih2170_facs_fish_0723_sorted_ctrl_71,NCI-H2170,gt_image/ncih2170_facs_fish_0723_sorted_ctrl_71.tif,gt_coords/ncih2170_facs_fish_0723_sorted_ctrl_71.npy,300,300,0,gt_mask_cc_conn8_min3
ncih2170_facs_fish_0723_sorted_ctrl_72,NCI-H2170,gt_image/ncih2170_facs_fish_0723_sorted_ctrl_72.tif,gt_coords/ncih2170_facs_fish_0723_sorted_ctrl_72.npy,259,261,2,gt_mask_cc_conn8_min3
ncih2170_facs_fish_0723_sorted_ctrl_73,NCI-H2170,gt_image/ncih2170_facs_fish_0723_sorted_ctrl_73.tif,gt_coords/ncih2170_facs_fish_0723_sorted_ctrl_73.npy,163,163,0,gt_mask_cc_conn8_min3
ncih2170_facs_fish_0723_sorted_ctrl_74,NCI-H2170,gt_image/ncih2170_facs_fish_0723_sorted_ctrl_74.tif,gt_coords/ncih2170_facs_fish_0723_sorted_ctrl_74.npy,73,73,0,gt_mask_cc_conn8_min3
ncih2170_facs_fish_0723_sorted_ctrl_75,NCI-H2170,gt_image/ncih2170_facs_fish_0723_sorted_ctrl_75.tif,gt_coords/ncih2170_facs_fish_0723_sorted_ctrl_75.npy,205,205,0,gt_mask_cc_conn8_min3
ncih2170_facs_fish_0723_sorted_ctrl_76,NCI-H2170,gt_image/ncih2170_facs_fish_0723_sorted_ctrl_76.tif,gt_coords/ncih2170_facs_fish_0723_sorted_ctrl_76.npy,291,291,0,gt_mask_cc_conn8_min3
ncih2170_facs_fish_0723_sorted_ctrl_77,NCI-H2170,gt_image/ncih2170_facs_fish_0723_sorted_ctrl_77.tif,gt_coords/ncih2170_facs_fish_0723_sorted_ctrl_77.npy,199,202,3,gt_mask_cc_conn8_min3
ncih2170_facs_fish_0723_sorted_ctrl_78,NCI-H2170,gt_image/ncih2170_facs_fish_0723_sorted_ctrl_78.tif,gt_coords/ncih2170_facs_fish_0723_sorted_ctrl_78.npy,129,129,0,gt_mask_cc_conn8_min3
ncih2170_facs_fish_0723_sorted_ctrl_79,NCI-H2170,gt_image/ncih2170_facs_fish_0723_sorted_ctrl_79.tif,gt_coords/ncih2170_facs_fish_0723_sorted_ctrl_79.npy,27,27,0,gt_mask_cc_conn8_min3
ncih2170_facs_fish_0723_sorted_ctrl_8,NCI-H2170,gt_image/ncih2170_facs_fish_0723_sorted_ctrl_8.tif,gt_coords/ncih2170_facs_fish_0723_sorted_ctrl_8.npy,211,213,2,gt_mask_cc_conn8_min3
ncih2170_facs_fish_0723_sorted_ctrl_80,NCI-H2170,gt_image/ncih2170_facs_fish_0723_sorted_ctrl_80.tif,gt_coords/ncih2170_facs_fish_0723_sorted_ctrl_80.npy,296,344,48,gt_mask_cc_conn8_min3
ncih2170_facs_fish_0723_sorted_ctrl_81,NCI-H2170,gt_image/ncih2170_facs_fish_0723_sorted_ctrl_81.tif,gt_coords/ncih2170_facs_fish_0723_sorted_ctrl_81.npy,201,204,3,gt_mask_cc_conn8_min3
ncih2170_facs_fish_0723_sorted_ctrl_82,NCI-H2170,gt_image/ncih2170_facs_fish_0723_sorted_ctrl_82.tif,gt_coords/ncih2170_facs_fish_0723_sorted_ctrl_82.npy,58,58,0,gt_mask_cc_conn8_min3
ncih2170_facs_fish_0723_sorted_ctrl_83,NCI-H2170,gt_image/ncih2170_facs_fish_0723_sorted_ctrl_83.tif,gt_coords/ncih2170_facs_fish_0723_sorted_ctrl_83.npy,625,642,17,gt_mask_cc_conn8_min3
ncih2170_facs_fish_0723_sorted_ctrl_84,NCI-H2170,gt_image/ncih2170_facs_fish_0723_sorted_ctrl_84.tif,gt_coords/ncih2170_facs_fish_0723_sorted_ctrl_84.npy,470,479,9,gt_mask_cc_conn8_min3
ncih2170_facs_fish_0723_sorted_ctrl_85,NCI-H2170,gt_image/ncih2170_facs_fish_0723_sorted_ctrl_85.tif,gt_coords/ncih2170_facs_fish_0723_sorted_ctrl_85.npy,249,249,0,gt_mask_cc_conn8_min3
ncih2170_facs_fish_0723_sorted_ctrl_86,NCI-H2170,gt_image/ncih2170_facs_fish_0723_sorted_ctrl_86.tif,gt_coords/ncih2170_facs_fish_0723_sorted_ctrl_86.npy,175,179,4,gt_mask_cc_conn8_min3
ncih2170_facs_fish_0723_sorted_ctrl_87,NCI-H2170,gt_image/ncih2170_facs_fish_0723_sorted_ctrl_87.tif,gt_coords/ncih2170_facs_fish_0723_sorted_ctrl_87.npy,190,190,0,gt_mask_cc_conn8_min3
ncih2170_facs_fish_0723_sorted_ctrl_88,NCI-H2170,gt_image/ncih2170_facs_fish_0723_sorted_ctrl_88.tif,gt_coords/ncih2170_facs_fish_0723_sorted_ctrl_88.npy,148,149,1,gt_mask_cc_conn8_min3
ncih2170_facs_fish_0723_sorted_ctrl_89,NCI-H2170,gt_image/ncih2170_facs_fish_0723_sorted_ctrl_89.tif,gt_coords/ncih2170_facs_fish_0723_sorted_ctrl_89.npy,70,70,0,gt_mask_cc_conn8_min3
ncih2170_facs_fish_0723_sorted_ctrl_9,NCI-H2170,gt_image/ncih2170_facs_fish_0723_sorted_ctrl_9.tif,gt_coords/ncih2170_facs_fish_0723_sorted_ctrl_9.npy,87,87,0,gt_mask_cc_conn8_min3
ncih2170_facs_fish_0723_sorted_ctrl_90,NCI-H2170,gt_image/ncih2170_facs_fish_0723_sorted_ctrl_90.tif,gt_coords/ncih2170_facs_fish_0723_sorted_ctrl_90.npy,171,172,1,gt_mask_cc_conn8_min3
ncih2170_facs_fish_0723_sorted_ctrl_91,NCI-H2170,gt_image/ncih2170_facs_fish_0723_sorted_ctrl_91.tif,gt_coords/ncih2170_facs_fish_0723_sorted_ctrl_91.npy,213,213,0,gt_mask_cc_conn8_min3
ncih2170_facs_fish_0723_sorted_ctrl_92,NCI-H2170,gt_image/ncih2170_facs_fish_0723_sorted_ctrl_92.tif,gt_coords/ncih2170_facs_fish_0723_sorted_ctrl_92.npy,804,816,12,gt_mask_cc_conn8_min3
ncih2170_facs_fish_0723_sorted_ctrl_93,NCI-H2170,gt_image/ncih2170_facs_fish_0723_sorted_ctrl_93.tif,gt_coords/ncih2170_facs_fish_0723_sorted_ctrl_93.npy,116,117,1,gt_mask_cc_conn8_min3
ncih2170_facs_fish_0723_sorted_ctrl_94,NCI-H2170,gt_image/ncih2170_facs_fish_0723_sorted_ctrl_94.tif,gt_coords/ncih2170_facs_fish_0723_sorted_ctrl_94.npy,61,61,0,gt_mask_cc_conn8_min3
ncih2170_facs_fish_0723_sorted_ctrl_95,NCI-H2170,gt_image/ncih2170_facs_fish_0723_sorted_ctrl_95.tif,gt_coords/ncih2170_facs_fish_0723_sorted_ctrl_95.npy,120,120,0,gt_mask_cc_conn8_min3
ncih2170_facs_fish_0723_sorted_ctrl_96,NCI-H2170,gt_image/ncih2170_facs_fish_0723_sorted_ctrl_96.tif,gt_coords/ncih2170_facs_fish_0723_sorted_ctrl_96.npy,220,225,5,gt_mask_cc_conn8_min3
ncih2170_facs_fish_0723_sorted_ctrl_97,NCI-H2170,gt_image/ncih2170_facs_fish_0723_sorted_ctrl_97.tif,gt_coords/ncih2170_facs_fish_0723_sorted_ctrl_97.npy,246,247,1,gt_mask_cc_conn8_min3
ncih2170_facs_fish_0723_sorted_ctrl_98,NCI-H2170,gt_image/ncih2170_facs_fish_0723_sorted_ctrl_98.tif,gt_coords/ncih2170_facs_fish_0723_sorted_ctrl_98.npy,284,287,3,gt_mask_cc_conn8_min3
ncih2170_facs_fish_0723_sorted_ctrl_99,NCI-H2170,gt_image/ncih2170_facs_fish_0723_sorted_ctrl_99.tif,gt_coords/ncih2170_facs_fish_0723_sorted_ctrl_99.npy,203,205,2,gt_mask_cc_conn8_min3
ncih2170_jc_jq1_ic50_24h_1,NCI-H2170,gt_image/ncih2170_jc_jq1_ic50_24h_1.tif,gt_coords/ncih2170_jc_jq1_ic50_24h_1.npy,83,83,0,gt_mask_cc_conn8_min3
ncih2170_jc_jq1_ic50_24h_100,NCI-H2170,gt_image/ncih2170_jc_jq1_ic50_24h_100.tif,gt_coords/ncih2170_jc_jq1_ic50_24h_100.npy,38,38,0,gt_mask_cc_conn8_min3
ncih2170_jc_jq1_ic50_24h_101,NCI-H2170,gt_image/ncih2170_jc_jq1_ic50_24h_101.tif,gt_coords/ncih2170_jc_jq1_ic50_24h_101.npy,99,100,1,gt_mask_cc_conn8_min3
ncih2170_jc_jq1_ic50_24h_104,NCI-H2170,gt_image/ncih2170_jc_jq1_ic50_24h_104.tif,gt_coords/ncih2170_jc_jq1_ic50_24h_104.npy,74,75,1,gt_mask_cc_conn8_min3
ncih2170_jc_jq1_ic50_24h_105,NCI-H2170,gt_image/ncih2170_jc_jq1_ic50_24h_105.tif,gt_coords/ncih2170_jc_jq1_ic50_24h_105.npy,97,100,3,gt_mask_cc_conn8_min3
ncih2170_jc_jq1_ic50_24h_106,NCI-H2170,gt_image/ncih2170_jc_jq1_ic50_24h_106.tif,gt_coords/ncih2170_jc_jq1_ic50_24h_106.npy,239,246,7,gt_mask_cc_conn8_min3
ncih2170_jc_jq1_ic50_24h_107,NCI-H2170,gt_image/ncih2170_jc_jq1_ic50_24h_107.tif,gt_coords/ncih2170_jc_jq1_ic50_24h_107.npy,112,112,0,gt_mask_cc_conn8_min3
ncih2170_jc_jq1_ic50_24h_108,NCI-H2170,gt_image/ncih2170_jc_jq1_ic50_24h_108.tif,gt_coords/ncih2170_jc_jq1_ic50_24h_108.npy,211,211,0,gt_mask_cc_conn8_min3
ncih2170_jc_jq1_ic50_24h_109,NCI-H2170,gt_image/ncih2170_jc_jq1_ic50_24h_109.tif,gt_coords/ncih2170_jc_jq1_ic50_24h_109.npy,208,210,2,gt_mask_cc_conn8_min3
ncih2170_jc_jq1_ic50_24h_10_a,NCI-H2170,gt_image/ncih2170_jc_jq1_ic50_24h_10_a.tif,gt_coords/ncih2170_jc_jq1_ic50_24h_10_a.npy,69,69,0,gt_mask_cc_conn8_min3
ncih2170_jc_jq1_ic50_24h_10_b,NCI-H2170,gt_image/ncih2170_jc_jq1_ic50_24h_10_b.tif,gt_coords/ncih2170_jc_jq1_ic50_24h_10_b.npy,236,237,1,gt_mask_cc_conn8_min3
ncih2170_jc_jq1_ic50_24h_11,NCI-H2170,gt_image/ncih2170_jc_jq1_ic50_24h_11.tif,gt_coords/ncih2170_jc_jq1_ic50_24h_11.npy,111,112,1,gt_mask_cc_conn8_min3
ncih2170_jc_jq1_ic50_24h_111,NCI-H2170,gt_image/ncih2170_jc_jq1_ic50_24h_111.tif,gt_coords/ncih2170_jc_jq1_ic50_24h_111.npy,128,130,2,gt_mask_cc_conn8_min3
ncih2170_jc_jq1_ic50_24h_112,NCI-H2170,gt_image/ncih2170_jc_jq1_ic50_24h_112.tif,gt_coords/ncih2170_jc_jq1_ic50_24h_112.npy,308,319,11,gt_mask_cc_conn8_min3
ncih2170_jc_jq1_ic50_24h_113,NCI-H2170,gt_image/ncih2170_jc_jq1_ic50_24h_113.tif,gt_coords/ncih2170_jc_jq1_ic50_24h_113.npy,200,203,3,gt_mask_cc_conn8_min3
ncih2170_jc_jq1_ic50_24h_114,NCI-H2170,gt_image/ncih2170_jc_jq1_ic50_24h_114.tif,gt_coords/ncih2170_jc_jq1_ic50_24h_114.npy,250,253,3,gt_mask_cc_conn8_min3
ncih2170_jc_jq1_ic50_24h_115,NCI-H2170,gt_image/ncih2170_jc_jq1_ic50_24h_115.tif,gt_coords/ncih2170_jc_jq1_ic50_24h_115.npy,180,187,7,gt_mask_cc_conn8_min3
ncih2170_jc_jq1_ic50_24h_117,NCI-H2170,gt_image/ncih2170_jc_jq1_ic50_24h_117.tif,gt_coords/ncih2170_jc_jq1_ic50_24h_117.npy,135,137,2,gt_mask_cc_conn8_min3
ncih2170_jc_jq1_ic50_24h_118,NCI-H2170,gt_image/ncih2170_jc_jq1_ic50_24h_118.tif,gt_coords/ncih2170_jc_jq1_ic50_24h_118.npy,105,108,3,gt_mask_cc_conn8_min3
ncih2170_jc_jq1_ic50_24h_119,NCI-H2170,gt_image/ncih2170_jc_jq1_ic50_24h_119.tif,gt_coords/ncih2170_jc_jq1_ic50_24h_119.npy,177,178,1,gt_mask_cc_conn8_min3
ncih2170_jc_jq1_ic50_24h_12,NCI-H2170,gt_image/ncih2170_jc_jq1_ic50_24h_12.tif,gt_coords/ncih2170_jc_jq1_ic50_24h_12.npy,120,126,6,gt_mask_cc_conn8_min3
ncih2170_jc_jq1_ic50_24h_120,NCI-H2170,gt_image/ncih2170_jc_jq1_ic50_24h_120.tif,gt_coords/ncih2170_jc_jq1_ic50_24h_120.npy,143,154,11,gt_mask_cc_conn8_min3
ncih2170_jc_jq1_ic50_24h_14,NCI-H2170,gt_image/ncih2170_jc_jq1_ic50_24h_14.tif,gt_coords/ncih2170_jc_jq1_ic50_24h_14.npy,63,63,0,gt_mask_cc_conn8_min3
ncih2170_jc_jq1_ic50_24h_15,NCI-H2170,gt_image/ncih2170_jc_jq1_ic50_24h_15.tif,gt_coords/ncih2170_jc_jq1_ic50_24h_15.npy,247,253,6,gt_mask_cc_conn8_min3
ncih2170_jc_jq1_ic50_24h_17,NCI-H2170,gt_image/ncih2170_jc_jq1_ic50_24h_17.tif,gt_coords/ncih2170_jc_jq1_ic50_24h_17.npy,35,35,0,gt_mask_cc_conn8_min3
ncih2170_jc_jq1_ic50_24h_18,NCI-H2170,gt_image/ncih2170_jc_jq1_ic50_24h_18.tif,gt_coords/ncih2170_jc_jq1_ic50_24h_18.npy,187,193,6,gt_mask_cc_conn8_min3
ncih2170_jc_jq1_ic50_24h_19,NCI-H2170,gt_image/ncih2170_jc_jq1_ic50_24h_19.tif,gt_coords/ncih2170_jc_jq1_ic50_24h_19.npy,64,74,10,gt_mask_cc_conn8_min3
ncih2170_jc_jq1_ic50_24h_2,NCI-H2170,gt_image/ncih2170_jc_jq1_ic50_24h_2.tif,gt_coords/ncih2170_jc_jq1_ic50_24h_2.npy,783,791,8,gt_mask_cc_conn8_min3
ncih2170_jc_jq1_ic50_24h_20,NCI-H2170,gt_image/ncih2170_jc_jq1_ic50_24h_20.tif,gt_coords/ncih2170_jc_jq1_ic50_24h_20.npy,191,191,0,gt_mask_cc_conn8_min3
ncih2170_jc_jq1_ic50_24h_21,NCI-H2170,gt_image/ncih2170_jc_jq1_ic50_24h_21.tif,gt_coords/ncih2170_jc_jq1_ic50_24h_21.npy,180,186,6,gt_mask_cc_conn8_min3
ncih2170_jc_jq1_ic50_24h_23,NCI-H2170,gt_image/ncih2170_jc_jq1_ic50_24h_23.tif,gt_coords/ncih2170_jc_jq1_ic50_24h_23.npy,110,110,0,gt_mask_cc_conn8_min3
ncih2170_jc_jq1_ic50_24h_24,NCI-H2170,gt_image/ncih2170_jc_jq1_ic50_24h_24.tif,gt_coords/ncih2170_jc_jq1_ic50_24h_24.npy,99,99,0,gt_mask_cc_conn8_min3
ncih2170_jc_jq1_ic50_24h_25,NCI-H2170,gt_image/ncih2170_jc_jq1_ic50_24h_25.tif,gt_coords/ncih2170_jc_jq1_ic50_24h_25.npy,93,95,2,gt_mask_cc_conn8_min3
ncih2170_jc_jq1_ic50_24h_26,NCI-H2170,gt_image/ncih2170_jc_jq1_ic50_24h_26.tif,gt_coords/ncih2170_jc_jq1_ic50_24h_26.npy,142,143,1,gt_mask_cc_conn8_min3
ncih2170_jc_jq1_ic50_24h_27,NCI-H2170,gt_image/ncih2170_jc_jq1_ic50_24h_27.tif,gt_coords/ncih2170_jc_jq1_ic50_24h_27.npy,438,451,13,gt_mask_cc_conn8_min3
ncih2170_jc_jq1_ic50_24h_28,NCI-H2170,gt_image/ncih2170_jc_jq1_ic50_24h_28.tif,gt_coords/ncih2170_jc_jq1_ic50_24h_28.npy,133,137,4,gt_mask_cc_conn8_min3
ncih2170_jc_jq1_ic50_24h_29,NCI-H2170,gt_image/ncih2170_jc_jq1_ic50_24h_29.tif,gt_coords/ncih2170_jc_jq1_ic50_24h_29.npy,201,204,3,gt_mask_cc_conn8_min3
ncih2170_jc_jq1_ic50_24h_3,NCI-H2170,gt_image/ncih2170_jc_jq1_ic50_24h_3.tif,gt_coords/ncih2170_jc_jq1_ic50_24h_3.npy,97,97,0,gt_mask_cc_conn8_min3
ncih2170_jc_jq1_ic50_24h_30,NCI-H2170,gt_image/ncih2170_jc_jq1_ic50_24h_30.tif,gt_coords/ncih2170_jc_jq1_ic50_24h_30.npy,163,170,7,gt_mask_cc_conn8_min3
ncih2170_jc_jq1_ic50_24h_31,NCI-H2170,gt_image/ncih2170_jc_jq1_ic50_24h_31.tif,gt_coords/ncih2170_jc_jq1_ic50_24h_31.npy,274,283,9,gt_mask_cc_conn8_min3
ncih2170_jc_jq1_ic50_24h_32,NCI-H2170,gt_image/ncih2170_jc_jq1_ic50_24h_32.tif,gt_coords/ncih2170_jc_jq1_ic50_24h_32.npy,127,153,26,gt_mask_cc_conn8_min3
ncih2170_jc_jq1_ic50_24h_33,NCI-H2170,gt_image/ncih2170_jc_jq1_ic50_24h_33.tif,gt_coords/ncih2170_jc_jq1_ic50_24h_33.npy,121,123,2,gt_mask_cc_conn8_min3
ncih2170_jc_jq1_ic50_24h_34,NCI-H2170,gt_image/ncih2170_jc_jq1_ic50_24h_34.tif,gt_coords/ncih2170_jc_jq1_ic50_24h_34.npy,209,213,4,gt_mask_cc_conn8_min3
ncih2170_jc_jq1_ic50_24h_36,NCI-H2170,gt_image/ncih2170_jc_jq1_ic50_24h_36.tif,gt_coords/ncih2170_jc_jq1_ic50_24h_36.npy,273,281,8,gt_mask_cc_conn8_min3
ncih2170_jc_jq1_ic50_24h_37,NCI-H2170,gt_image/ncih2170_jc_jq1_ic50_24h_37.tif,gt_coords/ncih2170_jc_jq1_ic50_24h_37.npy,165,172,7,gt_mask_cc_conn8_min3
ncih2170_jc_jq1_ic50_24h_38,NCI-H2170,gt_image/ncih2170_jc_jq1_ic50_24h_38.tif,gt_coords/ncih2170_jc_jq1_ic50_24h_38.npy,59,59,0,gt_mask_cc_conn8_min3
ncih2170_jc_jq1_ic50_24h_39,NCI-H2170,gt_image/ncih2170_jc_jq1_ic50_24h_39.tif,gt_coords/ncih2170_jc_jq1_ic50_24h_39.npy,152,161,9,gt_mask_cc_conn8_min3
ncih2170_jc_jq1_ic50_24h_40,NCI-H2170,gt_image/ncih2170_jc_jq1_ic50_24h_40.tif,gt_coords/ncih2170_jc_jq1_ic50_24h_40.npy,406,418,12,gt_mask_cc_conn8_min3
ncih2170_jc_jq1_ic50_24h_41,NCI-H2170,gt_image/ncih2170_jc_jq1_ic50_24h_41.tif,gt_coords/ncih2170_jc_jq1_ic50_24h_41.npy,69,73,4,gt_mask_cc_conn8_min3
ncih2170_jc_jq1_ic50_24h_42,NCI-H2170,gt_image/ncih2170_jc_jq1_ic50_24h_42.tif,gt_coords/ncih2170_jc_jq1_ic50_24h_42.npy,51,51,0,gt_mask_cc_conn8_min3
ncih2170_jc_jq1_ic50_24h_45,NCI-H2170,gt_image/ncih2170_jc_jq1_ic50_24h_45.tif,gt_coords/ncih2170_jc_jq1_ic50_24h_45.npy,83,83,0,gt_mask_cc_conn8_min3
ncih2170_jc_jq1_ic50_24h_46,NCI-H2170,gt_image/ncih2170_jc_jq1_ic50_24h_46.tif,gt_coords/ncih2170_jc_jq1_ic50_24h_46.npy,86,88,2,gt_mask_cc_conn8_min3
ncih2170_jc_jq1_ic50_24h_47,NCI-H2170,gt_image/ncih2170_jc_jq1_ic50_24h_47.tif,gt_coords/ncih2170_jc_jq1_ic50_24h_47.npy,120,122,2,gt_mask_cc_conn8_min3
ncih2170_jc_jq1_ic50_24h_48,NCI-H2170,gt_image/ncih2170_jc_jq1_ic50_24h_48.tif,gt_coords/ncih2170_jc_jq1_ic50_24h_48.npy,223,231,8,gt_mask_cc_conn8_min3
ncih2170_jc_jq1_ic50_24h_49,NCI-H2170,gt_image/ncih2170_jc_jq1_ic50_24h_49.tif,gt_coords/ncih2170_jc_jq1_ic50_24h_49.npy,172,179,7,gt_mask_cc_conn8_min3
ncih2170_jc_jq1_ic50_24h_4_a,NCI-H2170,gt_image/ncih2170_jc_jq1_ic50_24h_4_a.tif,gt_coords/ncih2170_jc_jq1_ic50_24h_4_a.npy,229,231,2,gt_mask_cc_conn8_min3
ncih2170_jc_jq1_ic50_24h_4_b,NCI-H2170,gt_image/ncih2170_jc_jq1_ic50_24h_4_b.tif,gt_coords/ncih2170_jc_jq1_ic50_24h_4_b.npy,177,177,0,gt_mask_cc_conn8_min3
ncih2170_jc_jq1_ic50_24h_5,NCI-H2170,gt_image/ncih2170_jc_jq1_ic50_24h_5.tif,gt_coords/ncih2170_jc_jq1_ic50_24h_5.npy,86,86,0,gt_mask_cc_conn8_min3
ncih2170_jc_jq1_ic50_24h_50,NCI-H2170,gt_image/ncih2170_jc_jq1_ic50_24h_50.tif,gt_coords/ncih2170_jc_jq1_ic50_24h_50.npy,72,75,3,gt_mask_cc_conn8_min3
ncih2170_jc_jq1_ic50_24h_51,NCI-H2170,gt_image/ncih2170_jc_jq1_ic50_24h_51.tif,gt_coords/ncih2170_jc_jq1_ic50_24h_51.npy,323,323,0,gt_mask_cc_conn8_min3
ncih2170_jc_jq1_ic50_24h_52,NCI-H2170,gt_image/ncih2170_jc_jq1_ic50_24h_52.tif,gt_coords/ncih2170_jc_jq1_ic50_24h_52.npy,165,168,3,gt_mask_cc_conn8_min3
ncih2170_jc_jq1_ic50_24h_53,NCI-H2170,gt_image/ncih2170_jc_jq1_ic50_24h_53.tif,gt_coords/ncih2170_jc_jq1_ic50_24h_53.npy,127,134,7,gt_mask_cc_conn8_min3
ncih2170_jc_jq1_ic50_24h_54,NCI-H2170,gt_image/ncih2170_jc_jq1_ic50_24h_54.tif,gt_coords/ncih2170_jc_jq1_ic50_24h_54.npy,101,103,2,gt_mask_cc_conn8_min3
ncih2170_jc_jq1_ic50_24h_56,NCI-H2170,gt_image/ncih2170_jc_jq1_ic50_24h_56.tif,gt_coords/ncih2170_jc_jq1_ic50_24h_56.npy,265,265,0,gt_mask_cc_conn8_min3
ncih2170_jc_jq1_ic50_24h_57,NCI-H2170,gt_image/ncih2170_jc_jq1_ic50_24h_57.tif,gt_coords/ncih2170_jc_jq1_ic50_24h_57.npy,117,123,6,gt_mask_cc_conn8_min3
ncih2170_jc_jq1_ic50_24h_58,NCI-H2170,gt_image/ncih2170_jc_jq1_ic50_24h_58.tif,gt_coords/ncih2170_jc_jq1_ic50_24h_58.npy,110,110,0,gt_mask_cc_conn8_min3
ncih2170_jc_jq1_ic50_24h_59,NCI-H2170,gt_image/ncih2170_jc_jq1_ic50_24h_59.tif,gt_coords/ncih2170_jc_jq1_ic50_24h_59.npy,172,179,7,gt_mask_cc_conn8_min3
ncih2170_jc_jq1_ic50_24h_6,NCI-H2170,gt_image/ncih2170_jc_jq1_ic50_24h_6.tif,gt_coords/ncih2170_jc_jq1_ic50_24h_6.npy,103,105,2,gt_mask_cc_conn8_min3
ncih2170_jc_jq1_ic50_24h_61,NCI-H2170,gt_image/ncih2170_jc_jq1_ic50_24h_61.tif,gt_coords/ncih2170_jc_jq1_ic50_24h_61.npy,50,52,2,gt_mask_cc_conn8_min3
ncih2170_jc_jq1_ic50_24h_62,NCI-H2170,gt_image/ncih2170_jc_jq1_ic50_24h_62.tif,gt_coords/ncih2170_jc_jq1_ic50_24h_62.npy,155,163,8,gt_mask_cc_conn8_min3
ncih2170_jc_jq1_ic50_24h_64,NCI-H2170,gt_image/ncih2170_jc_jq1_ic50_24h_64.tif,gt_coords/ncih2170_jc_jq1_ic50_24h_64.npy,102,102,0,gt_mask_cc_conn8_min3
ncih2170_jc_jq1_ic50_24h_66,NCI-H2170,gt_image/ncih2170_jc_jq1_ic50_24h_66.tif,gt_coords/ncih2170_jc_jq1_ic50_24h_66.npy,246,249,3,gt_mask_cc_conn8_min3
ncih2170_jc_jq1_ic50_24h_67,NCI-H2170,gt_image/ncih2170_jc_jq1_ic50_24h_67.tif,gt_coords/ncih2170_jc_jq1_ic50_24h_67.npy,118,122,4,gt_mask_cc_conn8_min3
ncih2170_jc_jq1_ic50_24h_68,NCI-H2170,gt_image/ncih2170_jc_jq1_ic50_24h_68.tif,gt_coords/ncih2170_jc_jq1_ic50_24h_68.npy,160,162,2,gt_mask_cc_conn8_min3
ncih2170_jc_jq1_ic50_24h_69,NCI-H2170,gt_image/ncih2170_jc_jq1_ic50_24h_69.tif,gt_coords/ncih2170_jc_jq1_ic50_24h_69.npy,62,64,2,gt_mask_cc_conn8_min3
ncih2170_jc_jq1_ic50_24h_7,NCI-H2170,gt_image/ncih2170_jc_jq1_ic50_24h_7.tif,gt_coords/ncih2170_jc_jq1_ic50_24h_7.npy,328,331,3,gt_mask_cc_conn8_min3
ncih2170_jc_jq1_ic50_24h_70_a,NCI-H2170,gt_image/ncih2170_jc_jq1_ic50_24h_70_a.tif,gt_coords/ncih2170_jc_jq1_ic50_24h_70_a.npy,49,53,4,gt_mask_cc_conn8_min3
ncih2170_jc_jq1_ic50_24h_70_b,NCI-H2170,gt_image/ncih2170_jc_jq1_ic50_24h_70_b.tif,gt_coords/ncih2170_jc_jq1_ic50_24h_70_b.npy,177,178,1,gt_mask_cc_conn8_min3
ncih2170_jc_jq1_ic50_24h_72,NCI-H2170,gt_image/ncih2170_jc_jq1_ic50_24h_72.tif,gt_coords/ncih2170_jc_jq1_ic50_24h_72.npy,94,94,0,gt_mask_cc_conn8_min3
ncih2170_jc_jq1_ic50_24h_73,NCI-H2170,gt_image/ncih2170_jc_jq1_ic50_24h_73.tif,gt_coords/ncih2170_jc_jq1_ic50_24h_73.npy,123,123,0,gt_mask_cc_conn8_min3
ncih2170_jc_jq1_ic50_24h_74,NCI-H2170,gt_image/ncih2170_jc_jq1_ic50_24h_74.tif,gt_coords/ncih2170_jc_jq1_ic50_24h_74.npy,314,330,16,gt_mask_cc_conn8_min3
ncih2170_jc_jq1_ic50_24h_75,NCI-H2170,gt_image/ncih2170_jc_jq1_ic50_24h_75.tif,gt_coords/ncih2170_jc_jq1_ic50_24h_75.npy,111,119,8,gt_mask_cc_conn8_min3
ncih2170_jc_jq1_ic50_24h_76_a,NCI-H2170,gt_image/ncih2170_jc_jq1_ic50_24h_76_a.tif,gt_coords/ncih2170_jc_jq1_ic50_24h_76_a.npy,149,149,0,gt_mask_cc_conn8_min3
ncih2170_jc_jq1_ic50_24h_76_b,NCI-H2170,gt_image/ncih2170_jc_jq1_ic50_24h_76_b.tif,gt_coords/ncih2170_jc_jq1_ic50_24h_76_b.npy,152,152,0,gt_mask_cc_conn8_min3
ncih2170_jc_jq1_ic50_24h_77,NCI-H2170,gt_image/ncih2170_jc_jq1_ic50_24h_77.tif,gt_coords/ncih2170_jc_jq1_ic50_24h_77.npy,145,147,2,gt_mask_cc_conn8_min3
ncih2170_jc_jq1_ic50_24h_78,NCI-H2170,gt_image/ncih2170_jc_jq1_ic50_24h_78.tif,gt_coords/ncih2170_jc_jq1_ic50_24h_78.npy,97,97,0,gt_mask_cc_conn8_min3
ncih2170_jc_jq1_ic50_24h_79,NCI-H2170,gt_image/ncih2170_jc_jq1_ic50_24h_79.tif,gt_coords/ncih2170_jc_jq1_ic50_24h_79.npy,110,110,0,gt_mask_cc_conn8_min3
ncih2170_jc_jq1_ic50_24h_8,NCI-H2170,gt_image/ncih2170_jc_jq1_ic50_24h_8.tif,gt_coords/ncih2170_jc_jq1_ic50_24h_8.npy,527,551,24,gt_mask_cc_conn8_min3
ncih2170_jc_jq1_ic50_24h_80,NCI-H2170,gt_image/ncih2170_jc_jq1_ic50_24h_80.tif,gt_coords/ncih2170_jc_jq1_ic50_24h_80.npy,81,81,0,gt_mask_cc_conn8_min3
ncih2170_jc_jq1_ic50_24h_81,NCI-H2170,gt_image/ncih2170_jc_jq1_ic50_24h_81.tif,gt_coords/ncih2170_jc_jq1_ic50_24h_81.npy,162,166,4,gt_mask_cc_conn8_min3
ncih2170_jc_jq1_ic50_24h_84,NCI-H2170,gt_image/ncih2170_jc_jq1_ic50_24h_84.tif,gt_coords/ncih2170_jc_jq1_ic50_24h_84.npy,64,65,1,gt_mask_cc_conn8_min3
ncih2170_jc_jq1_ic50_24h_85,NCI-H2170,gt_image/ncih2170_jc_jq1_ic50_24h_85.tif,gt_coords/ncih2170_jc_jq1_ic50_24h_85.npy,61,67,6,gt_mask_cc_conn8_min3
ncih2170_jc_jq1_ic50_24h_86,NCI-H2170,gt_image/ncih2170_jc_jq1_ic50_24h_86.tif,gt_coords/ncih2170_jc_jq1_ic50_24h_86.npy,193,196,3,gt_mask_cc_conn8_min3
ncih2170_jc_jq1_ic50_24h_87,NCI-H2170,gt_image/ncih2170_jc_jq1_ic50_24h_87.tif,gt_coords/ncih2170_jc_jq1_ic50_24h_87.npy,239,243,4,gt_mask_cc_conn8_min3
ncih2170_jc_jq1_ic50_24h_88,NCI-H2170,gt_image/ncih2170_jc_jq1_ic50_24h_88.tif,gt_coords/ncih2170_jc_jq1_ic50_24h_88.npy,62,65,3,gt_mask_cc_conn8_min3
ncih2170_jc_jq1_ic50_24h_89,NCI-H2170,gt_image/ncih2170_jc_jq1_ic50_24h_89.tif,gt_coords/ncih2170_jc_jq1_ic50_24h_89.npy,134,136,2,gt_mask_cc_conn8_min3
ncih2170_jc_jq1_ic50_24h_9,NCI-H2170,gt_image/ncih2170_jc_jq1_ic50_24h_9.tif,gt_coords/ncih2170_jc_jq1_ic50_24h_9.npy,106,116,10,gt_mask_cc_conn8_min3
ncih2170_jc_jq1_ic50_24h_90,NCI-H2170,gt_image/ncih2170_jc_jq1_ic50_24h_90.tif,gt_coords/ncih2170_jc_jq1_ic50_24h_90.npy,134,139,5,gt_mask_cc_conn8_min3
ncih2170_jc_jq1_ic50_24h_91,NCI-H2170,gt_image/ncih2170_jc_jq1_ic50_24h_91.tif,gt_coords/ncih2170_jc_jq1_ic50_24h_91.npy,125,129,4,gt_mask_cc_conn8_min3
ncih2170_jc_jq1_ic50_24h_92,NCI-H2170,gt_image/ncih2170_jc_jq1_ic50_24h_92.tif,gt_coords/ncih2170_jc_jq1_ic50_24h_92.npy,141,142,1,gt_mask_cc_conn8_min3
ncih2170_jc_jq1_ic50_24h_93,NCI-H2170,gt_image/ncih2170_jc_jq1_ic50_24h_93.tif,gt_coords/ncih2170_jc_jq1_ic50_24h_93.npy,419,445,26,gt_mask_cc_conn8_min3
ncih2170_jc_jq1_ic50_24h_94,NCI-H2170,gt_image/ncih2170_jc_jq1_ic50_24h_94.tif,gt_coords/ncih2170_jc_jq1_ic50_24h_94.npy,135,135,0,gt_mask_cc_conn8_min3
ncih2170_jc_jq1_ic50_24h_95,NCI-H2170,gt_image/ncih2170_jc_jq1_ic50_24h_95.tif,gt_coords/ncih2170_jc_jq1_ic50_24h_95.npy,58,58,0,gt_mask_cc_conn8_min3
ncih2170_jc_jq1_ic50_24h_96,NCI-H2170,gt_image/ncih2170_jc_jq1_ic50_24h_96.tif,gt_coords/ncih2170_jc_jq1_ic50_24h_96.npy,69,69,0,gt_mask_cc_conn8_min3
ncih2170_jc_jq1_ic50_24h_97,NCI-H2170,gt_image/ncih2170_jc_jq1_ic50_24h_97.tif,gt_coords/ncih2170_jc_jq1_ic50_24h_97.npy,53,55,2,gt_mask_cc_conn8_min3
ncih2170_jc_jq1_ic50_24h_98,NCI-H2170,gt_image/ncih2170_jc_jq1_ic50_24h_98.tif,gt_coords/ncih2170_jc_jq1_ic50_24h_98.npy,97,103,6,gt_mask_cc_conn8_min3
ncih2170_jc_jq1_ic50_24h_99,NCI-H2170,gt_image/ncih2170_jc_jq1_ic50_24h_99.tif,gt_coords/ncih2170_jc_jq1_ic50_24h_99.npy,278,288,10,gt_mask_cc_conn8_min3
ncih2170_jc_lap_ic50_24h_1,NCI-H2170,gt_image/ncih2170_jc_lap_ic50_24h_1.tif,gt_coords/ncih2170_jc_lap_ic50_24h_1.npy,84,84,0,gt_mask_cc_conn8_min3
ncih2170_jc_lap_ic50_24h_10,NCI-H2170,gt_image/ncih2170_jc_lap_ic50_24h_10.tif,gt_coords/ncih2170_jc_lap_ic50_24h_10.npy,103,104,1,gt_mask_cc_conn8_min3
ncih2170_jc_lap_ic50_24h_100,NCI-H2170,gt_image/ncih2170_jc_lap_ic50_24h_100.tif,gt_coords/ncih2170_jc_lap_ic50_24h_100.npy,166,170,4,gt_mask_cc_conn8_min3
ncih2170_jc_lap_ic50_24h_101,NCI-H2170,gt_image/ncih2170_jc_lap_ic50_24h_101.tif,gt_coords/ncih2170_jc_lap_ic50_24h_101.npy,278,279,1,gt_mask_cc_conn8_min3
ncih2170_jc_lap_ic50_24h_102,NCI-H2170,gt_image/ncih2170_jc_lap_ic50_24h_102.tif,gt_coords/ncih2170_jc_lap_ic50_24h_102.npy,125,126,1,gt_mask_cc_conn8_min3
ncih2170_jc_lap_ic50_24h_103,NCI-H2170,gt_image/ncih2170_jc_lap_ic50_24h_103.tif,gt_coords/ncih2170_jc_lap_ic50_24h_103.npy,128,128,0,gt_mask_cc_conn8_min3
ncih2170_jc_lap_ic50_24h_104,NCI-H2170,gt_image/ncih2170_jc_lap_ic50_24h_104.tif,gt_coords/ncih2170_jc_lap_ic50_24h_104.npy,151,151,0,gt_mask_cc_conn8_min3
ncih2170_jc_lap_ic50_24h_105,NCI-H2170,gt_image/ncih2170_jc_lap_ic50_24h_105.tif,gt_coords/ncih2170_jc_lap_ic50_24h_105.npy,136,140,4,gt_mask_cc_conn8_min3
ncih2170_jc_lap_ic50_24h_106,NCI-H2170,gt_image/ncih2170_jc_lap_ic50_24h_106.tif,gt_coords/ncih2170_jc_lap_ic50_24h_106.npy,166,166,0,gt_mask_cc_conn8_min3
ncih2170_jc_lap_ic50_24h_107,NCI-H2170,gt_image/ncih2170_jc_lap_ic50_24h_107.tif,gt_coords/ncih2170_jc_lap_ic50_24h_107.npy,170,170,0,gt_mask_cc_conn8_min3
ncih2170_jc_lap_ic50_24h_108,NCI-H2170,gt_image/ncih2170_jc_lap_ic50_24h_108.tif,gt_coords/ncih2170_jc_lap_ic50_24h_108.npy,70,70,0,gt_mask_cc_conn8_min3
ncih2170_jc_lap_ic50_24h_109,NCI-H2170,gt_image/ncih2170_jc_lap_ic50_24h_109.tif,gt_coords/ncih2170_jc_lap_ic50_24h_109.npy,99,101,2,gt_mask_cc_conn8_min3
ncih2170_jc_lap_ic50_24h_11,NCI-H2170,gt_image/ncih2170_jc_lap_ic50_24h_11.tif,gt_coords/ncih2170_jc_lap_ic50_24h_11.npy,89,91,2,gt_mask_cc_conn8_min3
ncih2170_jc_lap_ic50_24h_110,NCI-H2170,gt_image/ncih2170_jc_lap_ic50_24h_110.tif,gt_coords/ncih2170_jc_lap_ic50_24h_110.npy,55,55,0,gt_mask_cc_conn8_min3
ncih2170_jc_lap_ic50_24h_111,NCI-H2170,gt_image/ncih2170_jc_lap_ic50_24h_111.tif,gt_coords/ncih2170_jc_lap_ic50_24h_111.npy,139,141,2,gt_mask_cc_conn8_min3
ncih2170_jc_lap_ic50_24h_112,NCI-H2170,gt_image/ncih2170_jc_lap_ic50_24h_112.tif,gt_coords/ncih2170_jc_lap_ic50_24h_112.npy,210,214,4,gt_mask_cc_conn8_min3
ncih2170_jc_lap_ic50_24h_113,NCI-H2170,gt_image/ncih2170_jc_lap_ic50_24h_113.tif,gt_coords/ncih2170_jc_lap_ic50_24h_113.npy,178,178,0,gt_mask_cc_conn8_min3
ncih2170_jc_lap_ic50_24h_114,NCI-H2170,gt_image/ncih2170_jc_lap_ic50_24h_114.tif,gt_coords/ncih2170_jc_lap_ic50_24h_114.npy,50,50,0,gt_mask_cc_conn8_min3
ncih2170_jc_lap_ic50_24h_115,NCI-H2170,gt_image/ncih2170_jc_lap_ic50_24h_115.tif,gt_coords/ncih2170_jc_lap_ic50_24h_115.npy,125,128,3,gt_mask_cc_conn8_min3
ncih2170_jc_lap_ic50_24h_116,NCI-H2170,gt_image/ncih2170_jc_lap_ic50_24h_116.tif,gt_coords/ncih2170_jc_lap_ic50_24h_116.npy,101,105,4,gt_mask_cc_conn8_min3
ncih2170_jc_lap_ic50_24h_117,NCI-H2170,gt_image/ncih2170_jc_lap_ic50_24h_117.tif,gt_coords/ncih2170_jc_lap_ic50_24h_117.npy,107,114,7,gt_mask_cc_conn8_min3
ncih2170_jc_lap_ic50_24h_118,NCI-H2170,gt_image/ncih2170_jc_lap_ic50_24h_118.tif,gt_coords/ncih2170_jc_lap_ic50_24h_118.npy,63,63,0,gt_mask_cc_conn8_min3
ncih2170_jc_lap_ic50_24h_119,NCI-H2170,gt_image/ncih2170_jc_lap_ic50_24h_119.tif,gt_coords/ncih2170_jc_lap_ic50_24h_119.npy,120,120,0,gt_mask_cc_conn8_min3
ncih2170_jc_lap_ic50_24h_12,NCI-H2170,gt_image/ncih2170_jc_lap_ic50_24h_12.tif,gt_coords/ncih2170_jc_lap_ic50_24h_12.npy,445,456,11,gt_mask_cc_conn8_min3
ncih2170_jc_lap_ic50_24h_120,NCI-H2170,gt_image/ncih2170_jc_lap_ic50_24h_120.tif,gt_coords/ncih2170_jc_lap_ic50_24h_120.npy,202,203,1,gt_mask_cc_conn8_min3
ncih2170_jc_lap_ic50_24h_13,NCI-H2170,gt_image/ncih2170_jc_lap_ic50_24h_13.tif,gt_coords/ncih2170_jc_lap_ic50_24h_13.npy,192,198,6,gt_mask_cc_conn8_min3
ncih2170_jc_lap_ic50_24h_14,NCI-H2170,gt_image/ncih2170_jc_lap_ic50_24h_14.tif,gt_coords/ncih2170_jc_lap_ic50_24h_14.npy,57,59,2,gt_mask_cc_conn8_min3
ncih2170_jc_lap_ic50_24h_15,NCI-H2170,gt_image/ncih2170_jc_lap_ic50_24h_15.tif,gt_coords/ncih2170_jc_lap_ic50_24h_15.npy,84,88,4,gt_mask_cc_conn8_min3
ncih2170_jc_lap_ic50_24h_16,NCI-H2170,gt_image/ncih2170_jc_lap_ic50_24h_16.tif,gt_coords/ncih2170_jc_lap_ic50_24h_16.npy,92,93,1,gt_mask_cc_conn8_min3
ncih2170_jc_lap_ic50_24h_17,NCI-H2170,gt_image/ncih2170_jc_lap_ic50_24h_17.tif,gt_coords/ncih2170_jc_lap_ic50_24h_17.npy,54,54,0,gt_mask_cc_conn8_min3
ncih2170_jc_lap_ic50_24h_18,NCI-H2170,gt_image/ncih2170_jc_lap_ic50_24h_18.tif,gt_coords/ncih2170_jc_lap_ic50_24h_18.npy,107,109,2,gt_mask_cc_conn8_min3
ncih2170_jc_lap_ic50_24h_19,NCI-H2170,gt_image/ncih2170_jc_lap_ic50_24h_19.tif,gt_coords/ncih2170_jc_lap_ic50_24h_19.npy,82,82,0,gt_mask_cc_conn8_min3
ncih2170_jc_lap_ic50_24h_2,NCI-H2170,gt_image/ncih2170_jc_lap_ic50_24h_2.tif,gt_coords/ncih2170_jc_lap_ic50_24h_2.npy,110,116,6,gt_mask_cc_conn8_min3
ncih2170_jc_lap_ic50_24h_20,NCI-H2170,gt_image/ncih2170_jc_lap_ic50_24h_20.tif,gt_coords/ncih2170_jc_lap_ic50_24h_20.npy,177,190,13,gt_mask_cc_conn8_min3
ncih2170_jc_lap_ic50_24h_21,NCI-H2170,gt_image/ncih2170_jc_lap_ic50_24h_21.tif,gt_coords/ncih2170_jc_lap_ic50_24h_21.npy,242,250,8,gt_mask_cc_conn8_min3
ncih2170_jc_lap_ic50_24h_22,NCI-H2170,gt_image/ncih2170_jc_lap_ic50_24h_22.tif,gt_coords/ncih2170_jc_lap_ic50_24h_22.npy,177,177,0,gt_mask_cc_conn8_min3
ncih2170_jc_lap_ic50_24h_23,NCI-H2170,gt_image/ncih2170_jc_lap_ic50_24h_23.tif,gt_coords/ncih2170_jc_lap_ic50_24h_23.npy,401,418,17,gt_mask_cc_conn8_min3
ncih2170_jc_lap_ic50_24h_24,NCI-H2170,gt_image/ncih2170_jc_lap_ic50_24h_24.tif,gt_coords/ncih2170_jc_lap_ic50_24h_24.npy,97,100,3,gt_mask_cc_conn8_min3
ncih2170_jc_lap_ic50_24h_25,NCI-H2170,gt_image/ncih2170_jc_lap_ic50_24h_25.tif,gt_coords/ncih2170_jc_lap_ic50_24h_25.npy,107,108,1,gt_mask_cc_conn8_min3
ncih2170_jc_lap_ic50_24h_26,NCI-H2170,gt_image/ncih2170_jc_lap_ic50_24h_26.tif,gt_coords/ncih2170_jc_lap_ic50_24h_26.npy,136,143,7,gt_mask_cc_conn8_min3
ncih2170_jc_lap_ic50_24h_27,NCI-H2170,gt_image/ncih2170_jc_lap_ic50_24h_27.tif,gt_coords/ncih2170_jc_lap_ic50_24h_27.npy,65,65,0,gt_mask_cc_conn8_min3
ncih2170_jc_lap_ic50_24h_28,NCI-H2170,gt_image/ncih2170_jc_lap_ic50_24h_28.tif,gt_coords/ncih2170_jc_lap_ic50_24h_28.npy,79,80,1,gt_mask_cc_conn8_min3
ncih2170_jc_lap_ic50_24h_29f,NCI-H2170,gt_image/ncih2170_jc_lap_ic50_24h_29f.tif,gt_coords/ncih2170_jc_lap_ic50_24h_29f.npy,101,101,0,gt_mask_cc_conn8_min3
ncih2170_jc_lap_ic50_24h_3,NCI-H2170,gt_image/ncih2170_jc_lap_ic50_24h_3.tif,gt_coords/ncih2170_jc_lap_ic50_24h_3.npy,108,108,0,gt_mask_cc_conn8_min3
ncih2170_jc_lap_ic50_24h_30,NCI-H2170,gt_image/ncih2170_jc_lap_ic50_24h_30.tif,gt_coords/ncih2170_jc_lap_ic50_24h_30.npy,80,81,1,gt_mask_cc_conn8_min3
ncih2170_jc_lap_ic50_24h_31,NCI-H2170,gt_image/ncih2170_jc_lap_ic50_24h_31.tif,gt_coords/ncih2170_jc_lap_ic50_24h_31.npy,132,135,3,gt_mask_cc_conn8_min3
ncih2170_jc_lap_ic50_24h_32,NCI-H2170,gt_image/ncih2170_jc_lap_ic50_24h_32.tif,gt_coords/ncih2170_jc_lap_ic50_24h_32.npy,54,54,0,gt_mask_cc_conn8_min3
ncih2170_jc_lap_ic50_24h_33,NCI-H2170,gt_image/ncih2170_jc_lap_ic50_24h_33.tif,gt_coords/ncih2170_jc_lap_ic50_24h_33.npy,185,187,2,gt_mask_cc_conn8_min3
ncih2170_jc_lap_ic50_24h_34,NCI-H2170,gt_image/ncih2170_jc_lap_ic50_24h_34.tif,gt_coords/ncih2170_jc_lap_ic50_24h_34.npy,123,130,7,gt_mask_cc_conn8_min3
ncih2170_jc_lap_ic50_24h_35,NCI-H2170,gt_image/ncih2170_jc_lap_ic50_24h_35.tif,gt_coords/ncih2170_jc_lap_ic50_24h_35.npy,135,138,3,gt_mask_cc_conn8_min3
ncih2170_jc_lap_ic50_24h_36,NCI-H2170,gt_image/ncih2170_jc_lap_ic50_24h_36.tif,gt_coords/ncih2170_jc_lap_ic50_24h_36.npy,36,36,0,gt_mask_cc_conn8_min3
ncih2170_jc_lap_ic50_24h_37,NCI-H2170,gt_image/ncih2170_jc_lap_ic50_24h_37.tif,gt_coords/ncih2170_jc_lap_ic50_24h_37.npy,147,149,2,gt_mask_cc_conn8_min3
ncih2170_jc_lap_ic50_24h_38,NCI-H2170,gt_image/ncih2170_jc_lap_ic50_24h_38.tif,gt_coords/ncih2170_jc_lap_ic50_24h_38.npy,116,116,0,gt_mask_cc_conn8_min3
ncih2170_jc_lap_ic50_24h_39,NCI-H2170,gt_image/ncih2170_jc_lap_ic50_24h_39.tif,gt_coords/ncih2170_jc_lap_ic50_24h_39.npy,122,124,2,gt_mask_cc_conn8_min3
ncih2170_jc_lap_ic50_24h_40,NCI-H2170,gt_image/ncih2170_jc_lap_ic50_24h_40.tif,gt_coords/ncih2170_jc_lap_ic50_24h_40.npy,173,176,3,gt_mask_cc_conn8_min3
ncih2170_jc_lap_ic50_24h_41,NCI-H2170,gt_image/ncih2170_jc_lap_ic50_24h_41.tif,gt_coords/ncih2170_jc_lap_ic50_24h_41.npy,185,189,4,gt_mask_cc_conn8_min3
ncih2170_jc_lap_ic50_24h_42,NCI-H2170,gt_image/ncih2170_jc_lap_ic50_24h_42.tif,gt_coords/ncih2170_jc_lap_ic50_24h_42.npy,500,538,38,gt_mask_cc_conn8_min3
ncih2170_jc_lap_ic50_24h_43_a,NCI-H2170,gt_image/ncih2170_jc_lap_ic50_24h_43_a.tif,gt_coords/ncih2170_jc_lap_ic50_24h_43_a.npy,119,123,4,gt_mask_cc_conn8_min3
ncih2170_jc_lap_ic50_24h_43_b,NCI-H2170,gt_image/ncih2170_jc_lap_ic50_24h_43_b.tif,gt_coords/ncih2170_jc_lap_ic50_24h_43_b.npy,211,238,27,gt_mask_cc_conn8_min3
ncih2170_jc_lap_ic50_24h_44,NCI-H2170,gt_image/ncih2170_jc_lap_ic50_24h_44.tif,gt_coords/ncih2170_jc_lap_ic50_24h_44.npy,171,174,3,gt_mask_cc_conn8_min3
ncih2170_jc_lap_ic50_24h_45,NCI-H2170,gt_image/ncih2170_jc_lap_ic50_24h_45.tif,gt_coords/ncih2170_jc_lap_ic50_24h_45.npy,145,145,0,gt_mask_cc_conn8_min3
ncih2170_jc_lap_ic50_24h_46,NCI-H2170,gt_image/ncih2170_jc_lap_ic50_24h_46.tif,gt_coords/ncih2170_jc_lap_ic50_24h_46.npy,151,151,0,gt_mask_cc_conn8_min3
ncih2170_jc_lap_ic50_24h_47,NCI-H2170,gt_image/ncih2170_jc_lap_ic50_24h_47.tif,gt_coords/ncih2170_jc_lap_ic50_24h_47.npy,175,179,4,gt_mask_cc_conn8_min3
ncih2170_jc_lap_ic50_24h_48,NCI-H2170,gt_image/ncih2170_jc_lap_ic50_24h_48.tif,gt_coords/ncih2170_jc_lap_ic50_24h_48.npy,97,101,4,gt_mask_cc_conn8_min3
ncih2170_jc_lap_ic50_24h_49,NCI-H2170,gt_image/ncih2170_jc_lap_ic50_24h_49.tif,gt_coords/ncih2170_jc_lap_ic50_24h_49.npy,40,40,0,gt_mask_cc_conn8_min3
ncih2170_jc_lap_ic50_24h_4_s,NCI-H2170,gt_image/ncih2170_jc_lap_ic50_24h_4_s.tif,gt_coords/ncih2170_jc_lap_ic50_24h_4_s.npy,41,41,0,gt_mask_cc_conn8_min3
ncih2170_jc_lap_ic50_24h_5,NCI-H2170,gt_image/ncih2170_jc_lap_ic50_24h_5.tif,gt_coords/ncih2170_jc_lap_ic50_24h_5.npy,29,30,1,gt_mask_cc_conn8_min3
ncih2170_jc_lap_ic50_24h_50,NCI-H2170,gt_image/ncih2170_jc_lap_ic50_24h_50.tif,gt_coords/ncih2170_jc_lap_ic50_24h_50.npy,176,179,3,gt_mask_cc_conn8_min3
ncih2170_jc_lap_ic50_24h_51_a,NCI-H2170,gt_image/ncih2170_jc_lap_ic50_24h_51_a.tif,gt_coords/ncih2170_jc_lap_ic50_24h_51_a.npy,92,97,5,gt_mask_cc_conn8_min3
ncih2170_jc_lap_ic50_24h_51_b,NCI-H2170,gt_image/ncih2170_jc_lap_ic50_24h_51_b.tif,gt_coords/ncih2170_jc_lap_ic50_24h_51_b.npy,163,183,20,gt_mask_cc_conn8_min3
ncih2170_jc_lap_ic50_24h_52,NCI-H2170,gt_image/ncih2170_jc_lap_ic50_24h_52.tif,gt_coords/ncih2170_jc_lap_ic50_24h_52.npy,150,153,3,gt_mask_cc_conn8_min3
ncih2170_jc_lap_ic50_24h_53,NCI-H2170,gt_image/ncih2170_jc_lap_ic50_24h_53.tif,gt_coords/ncih2170_jc_lap_ic50_24h_53.npy,91,92,1,gt_mask_cc_conn8_min3
ncih2170_jc_lap_ic50_24h_54,NCI-H2170,gt_image/ncih2170_jc_lap_ic50_24h_54.tif,gt_coords/ncih2170_jc_lap_ic50_24h_54.npy,75,76,1,gt_mask_cc_conn8_min3
ncih2170_jc_lap_ic50_24h_55,NCI-H2170,gt_image/ncih2170_jc_lap_ic50_24h_55.tif,gt_coords/ncih2170_jc_lap_ic50_24h_55.npy,55,55,0,gt_mask_cc_conn8_min3
ncih2170_jc_lap_ic50_24h_56,NCI-H2170,gt_image/ncih2170_jc_lap_ic50_24h_56.tif,gt_coords/ncih2170_jc_lap_ic50_24h_56.npy,70,70,0,gt_mask_cc_conn8_min3
ncih2170_jc_lap_ic50_24h_57,NCI-H2170,gt_image/ncih2170_jc_lap_ic50_24h_57.tif,gt_coords/ncih2170_jc_lap_ic50_24h_57.npy,202,203,1,gt_mask_cc_conn8_min3
ncih2170_jc_lap_ic50_24h_58,NCI-H2170,gt_image/ncih2170_jc_lap_ic50_24h_58.tif,gt_coords/ncih2170_jc_lap_ic50_24h_58.npy,390,404,14,gt_mask_cc_conn8_min3
ncih2170_jc_lap_ic50_24h_59,NCI-H2170,gt_image/ncih2170_jc_lap_ic50_24h_59.tif,gt_coords/ncih2170_jc_lap_ic50_24h_59.npy,518,521,3,gt_mask_cc_conn8_min3
ncih2170_jc_lap_ic50_24h_6,NCI-H2170,gt_image/ncih2170_jc_lap_ic50_24h_6.tif,gt_coords/ncih2170_jc_lap_ic50_24h_6.npy,190,198,8,gt_mask_cc_conn8_min3
ncih2170_jc_lap_ic50_24h_60,NCI-H2170,gt_image/ncih2170_jc_lap_ic50_24h_60.tif,gt_coords/ncih2170_jc_lap_ic50_24h_60.npy,104,128,24,gt_mask_cc_conn8_min3
ncih2170_jc_lap_ic50_24h_61,NCI-H2170,gt_image/ncih2170_jc_lap_ic50_24h_61.tif,gt_coords/ncih2170_jc_lap_ic50_24h_61.npy,165,167,2,gt_mask_cc_conn8_min3
ncih2170_jc_lap_ic50_24h_62,NCI-H2170,gt_image/ncih2170_jc_lap_ic50_24h_62.tif,gt_coords/ncih2170_jc_lap_ic50_24h_62.npy,174,176,2,gt_mask_cc_conn8_min3
ncih2170_jc_lap_ic50_24h_63,NCI-H2170,gt_image/ncih2170_jc_lap_ic50_24h_63.tif,gt_coords/ncih2170_jc_lap_ic50_24h_63.npy,212,218,6,gt_mask_cc_conn8_min3
ncih2170_jc_lap_ic50_24h_64,NCI-H2170,gt_image/ncih2170_jc_lap_ic50_24h_64.tif,gt_coords/ncih2170_jc_lap_ic50_24h_64.npy,195,199,4,gt_mask_cc_conn8_min3
ncih2170_jc_lap_ic50_24h_65,NCI-H2170,gt_image/ncih2170_jc_lap_ic50_24h_65.tif,gt_coords/ncih2170_jc_lap_ic50_24h_65.npy,318,322,4,gt_mask_cc_conn8_min3
ncih2170_jc_lap_ic50_24h_66,NCI-H2170,gt_image/ncih2170_jc_lap_ic50_24h_66.tif,gt_coords/ncih2170_jc_lap_ic50_24h_66.npy,102,102,0,gt_mask_cc_conn8_min3
ncih2170_jc_lap_ic50_24h_67,NCI-H2170,gt_image/ncih2170_jc_lap_ic50_24h_67.tif,gt_coords/ncih2170_jc_lap_ic50_24h_67.npy,303,313,10,gt_mask_cc_conn8_min3
ncih2170_jc_lap_ic50_24h_68,NCI-H2170,gt_image/ncih2170_jc_lap_ic50_24h_68.tif,gt_coords/ncih2170_jc_lap_ic50_24h_68.npy,227,247,20,gt_mask_cc_conn8_min3
ncih2170_jc_lap_ic50_24h_69,NCI-H2170,gt_image/ncih2170_jc_lap_ic50_24h_69.tif,gt_coords/ncih2170_jc_lap_ic50_24h_69.npy,285,289,4,gt_mask_cc_conn8_min3
ncih2170_jc_lap_ic50_24h_7,NCI-H2170,gt_image/ncih2170_jc_lap_ic50_24h_7.tif,gt_coords/ncih2170_jc_lap_ic50_24h_7.npy,152,155,3,gt_mask_cc_conn8_min3
ncih2170_jc_lap_ic50_24h_70,NCI-H2170,gt_image/ncih2170_jc_lap_ic50_24h_70.tif,gt_coords/ncih2170_jc_lap_ic50_24h_70.npy,200,202,2,gt_mask_cc_conn8_min3
ncih2170_jc_lap_ic50_24h_71,NCI-H2170,gt_image/ncih2170_jc_lap_ic50_24h_71.tif,gt_coords/ncih2170_jc_lap_ic50_24h_71.npy,236,236,0,gt_mask_cc_conn8_min3
ncih2170_jc_lap_ic50_24h_72,NCI-H2170,gt_image/ncih2170_jc_lap_ic50_24h_72.tif,gt_coords/ncih2170_jc_lap_ic50_24h_72.npy,291,293,2,gt_mask_cc_conn8_min3
ncih2170_jc_lap_ic50_24h_73,NCI-H2170,gt_image/ncih2170_jc_lap_ic50_24h_73.tif,gt_coords/ncih2170_jc_lap_ic50_24h_73.npy,104,104,0,gt_mask_cc_conn8_min3
ncih2170_jc_lap_ic50_24h_74,NCI-H2170,gt_image/ncih2170_jc_lap_ic50_24h_74.tif,gt_coords/ncih2170_jc_lap_ic50_24h_74.npy,152,152,0,gt_mask_cc_conn8_min3
ncih2170_jc_lap_ic50_24h_75,NCI-H2170,gt_image/ncih2170_jc_lap_ic50_24h_75.tif,gt_coords/ncih2170_jc_lap_ic50_24h_75.npy,177,179,2,gt_mask_cc_conn8_min3
ncih2170_jc_lap_ic50_24h_76,NCI-H2170,gt_image/ncih2170_jc_lap_ic50_24h_76.tif,gt_coords/ncih2170_jc_lap_ic50_24h_76.npy,258,261,3,gt_mask_cc_conn8_min3
ncih2170_jc_lap_ic50_24h_77,NCI-H2170,gt_image/ncih2170_jc_lap_ic50_24h_77.tif,gt_coords/ncih2170_jc_lap_ic50_24h_77.npy,133,135,2,gt_mask_cc_conn8_min3
ncih2170_jc_lap_ic50_24h_78,NCI-H2170,gt_image/ncih2170_jc_lap_ic50_24h_78.tif,gt_coords/ncih2170_jc_lap_ic50_24h_78.npy,266,267,1,gt_mask_cc_conn8_min3
ncih2170_jc_lap_ic50_24h_79,NCI-H2170,gt_image/ncih2170_jc_lap_ic50_24h_79.tif,gt_coords/ncih2170_jc_lap_ic50_24h_79.npy,110,111,1,gt_mask_cc_conn8_min3
ncih2170_jc_lap_ic50_24h_8,NCI-H2170,gt_image/ncih2170_jc_lap_ic50_24h_8.tif,gt_coords/ncih2170_jc_lap_ic50_24h_8.npy,68,70,2,gt_mask_cc_conn8_min3
ncih2170_jc_lap_ic50_24h_80,NCI-H2170,gt_image/ncih2170_jc_lap_ic50_24h_80.tif,gt_coords/ncih2170_jc_lap_ic50_24h_80.npy,149,153,4,gt_mask_cc_conn8_min3
ncih2170_jc_lap_ic50_24h_81,NCI-H2170,gt_image/ncih2170_jc_lap_ic50_24h_81.tif,gt_coords/ncih2170_jc_lap_ic50_24h_81.npy,238,239,1,gt_mask_cc_conn8_min3
ncih2170_jc_lap_ic50_24h_82,NCI-H2170,gt_image/ncih2170_jc_lap_ic50_24h_82.tif,gt_coords/ncih2170_jc_lap_ic50_24h_82.npy,233,237,4,gt_mask_cc_conn8_min3
ncih2170_jc_lap_ic50_24h_83,NCI-H2170,gt_image/ncih2170_jc_lap_ic50_24h_83.tif,gt_coords/ncih2170_jc_lap_ic50_24h_83.npy,111,111,0,gt_mask_cc_conn8_min3
ncih2170_jc_lap_ic50_24h_84,NCI-H2170,gt_image/ncih2170_jc_lap_ic50_24h_84.tif,gt_coords/ncih2170_jc_lap_ic50_24h_84.npy,161,163,2,gt_mask_cc_conn8_min3
ncih2170_jc_lap_ic50_24h_85,NCI-H2170,gt_image/ncih2170_jc_lap_ic50_24h_85.tif,gt_coords/ncih2170_jc_lap_ic50_24h_85.npy,122,123,1,gt_mask_cc_conn8_min3
ncih2170_jc_lap_ic50_24h_86,NCI-H2170,gt_image/ncih2170_jc_lap_ic50_24h_86.tif,gt_coords/ncih2170_jc_lap_ic50_24h_86.npy,121,122,1,gt_mask_cc_conn8_min3
ncih2170_jc_lap_ic50_24h_87,NCI-H2170,gt_image/ncih2170_jc_lap_ic50_24h_87.tif,gt_coords/ncih2170_jc_lap_ic50_24h_87.npy,261,265,4,gt_mask_cc_conn8_min3
ncih2170_jc_lap_ic50_24h_88,NCI-H2170,gt_image/ncih2170_jc_lap_ic50_24h_88.tif,gt_coords/ncih2170_jc_lap_ic50_24h_88.npy,239,240,1,gt_mask_cc_conn8_min3
ncih2170_jc_lap_ic50_24h_89,NCI-H2170,gt_image/ncih2170_jc_lap_ic50_24h_89.tif,gt_coords/ncih2170_jc_lap_ic50_24h_89.npy,223,223,0,gt_mask_cc_conn8_min3
ncih2170_jc_lap_ic50_24h_90,NCI-H2170,gt_image/ncih2170_jc_lap_ic50_24h_90.tif,gt_coords/ncih2170_jc_lap_ic50_24h_90.npy,283,285,2,gt_mask_cc_conn8_min3
ncih2170_jc_lap_ic50_24h_91,NCI-H2170,gt_image/ncih2170_jc_lap_ic50_24h_91.tif,gt_coords/ncih2170_jc_lap_ic50_24h_91.npy,123,124,1,gt_mask_cc_conn8_min3
ncih2170_jc_lap_ic50_24h_92,NCI-H2170,gt_image/ncih2170_jc_lap_ic50_24h_92.tif,gt_coords/ncih2170_jc_lap_ic50_24h_92.npy,352,355,3,gt_mask_cc_conn8_min3
ncih2170_jc_lap_ic50_24h_93,NCI-H2170,gt_image/ncih2170_jc_lap_ic50_24h_93.tif,gt_coords/ncih2170_jc_lap_ic50_24h_93.npy,259,261,2,gt_mask_cc_conn8_min3
ncih2170_jc_lap_ic50_24h_94,NCI-H2170,gt_image/ncih2170_jc_lap_ic50_24h_94.tif,gt_coords/ncih2170_jc_lap_ic50_24h_94.npy,262,267,5,gt_mask_cc_conn8_min3
ncih2170_jc_lap_ic50_24h_95,NCI-H2170,gt_image/ncih2170_jc_lap_ic50_24h_95.tif,gt_coords/ncih2170_jc_lap_ic50_24h_95.npy,164,164,0,gt_mask_cc_conn8_min3
ncih2170_jc_lap_ic50_24h_96,NCI-H2170,gt_image/ncih2170_jc_lap_ic50_24h_96.tif,gt_coords/ncih2170_jc_lap_ic50_24h_96.npy,261,264,3,gt_mask_cc_conn8_min3
ncih2170_jc_lap_ic50_24h_97,NCI-H2170,gt_image/ncih2170_jc_lap_ic50_24h_97.tif,gt_coords/ncih2170_jc_lap_ic50_24h_97.npy,96,98,2,gt_mask_cc_conn8_min3
ncih2170_jc_lap_ic50_24h_98,NCI-H2170,gt_image/ncih2170_jc_lap_ic50_24h_98.tif,gt_coords/ncih2170_jc_lap_ic50_24h_98.npy,318,322,4,gt_mask_cc_conn8_min3
ncih2170_jc_lap_ic50_24h_99,NCI-H2170,gt_image/ncih2170_jc_lap_ic50_24h_99.tif,gt_coords/ncih2170_jc_lap_ic50_24h_99.npy,89,89,0,gt_mask_cc_conn8_min3
ncih2170_jc_ner_ic50_24h_1,NCI-H2170,gt_image/ncih2170_jc_ner_ic50_24h_1.tif,gt_coords/ncih2170_jc_ner_ic50_24h_1.npy,61,63,2,gt_mask_cc_conn8_min3
ncih2170_jc_ner_ic50_24h_10,NCI-H2170,gt_image/ncih2170_jc_ner_ic50_24h_10.tif,gt_coords/ncih2170_jc_ner_ic50_24h_10.npy,184,188,4,gt_mask_cc_conn8_min3
ncih2170_jc_ner_ic50_24h_100,NCI-H2170,gt_image/ncih2170_jc_ner_ic50_24h_100.tif,gt_coords/ncih2170_jc_ner_ic50_24h_100.npy,203,207,4,gt_mask_cc_conn8_min3
ncih2170_jc_ner_ic50_24h_102,NCI-H2170,gt_image/ncih2170_jc_ner_ic50_24h_102.tif,gt_coords/ncih2170_jc_ner_ic50_24h_102.npy,145,152,7,gt_mask_cc_conn8_min3
ncih2170_jc_ner_ic50_24h_103,NCI-H2170,gt_image/ncih2170_jc_ner_ic50_24h_103.tif,gt_coords/ncih2170_jc_ner_ic50_24h_103.npy,126,126,0,gt_mask_cc_conn8_min3
ncih2170_jc_ner_ic50_24h_104,NCI-H2170,gt_image/ncih2170_jc_ner_ic50_24h_104.tif,gt_coords/ncih2170_jc_ner_ic50_24h_104.npy,148,150,2,gt_mask_cc_conn8_min3
ncih2170_jc_ner_ic50_24h_105,NCI-H2170,gt_image/ncih2170_jc_ner_ic50_24h_105.tif,gt_coords/ncih2170_jc_ner_ic50_24h_105.npy,45,47,2,gt_mask_cc_conn8_min3
ncih2170_jc_ner_ic50_24h_11,NCI-H2170,gt_image/ncih2170_jc_ner_ic50_24h_11.tif,gt_coords/ncih2170_jc_ner_ic50_24h_11.npy,138,139,1,gt_mask_cc_conn8_min3
ncih2170_jc_ner_ic50_24h_12,NCI-H2170,gt_image/ncih2170_jc_ner_ic50_24h_12.tif,gt_coords/ncih2170_jc_ner_ic50_24h_12.npy,74,77,3,gt_mask_cc_conn8_min3
ncih2170_jc_ner_ic50_24h_13,NCI-H2170,gt_image/ncih2170_jc_ner_ic50_24h_13.tif,gt_coords/ncih2170_jc_ner_ic50_24h_13.npy,101,103,2,gt_mask_cc_conn8_min3
ncih2170_jc_ner_ic50_24h_14,NCI-H2170,gt_image/ncih2170_jc_ner_ic50_24h_14.tif,gt_coords/ncih2170_jc_ner_ic50_24h_14.npy,65,70,5,gt_mask_cc_conn8_min3
ncih2170_jc_ner_ic50_24h_15,NCI-H2170,gt_image/ncih2170_jc_ner_ic50_24h_15.tif,gt_coords/ncih2170_jc_ner_ic50_24h_15.npy,106,109,3,gt_mask_cc_conn8_min3
ncih2170_jc_ner_ic50_24h_16,NCI-H2170,gt_image/ncih2170_jc_ner_ic50_24h_16.tif,gt_coords/ncih2170_jc_ner_ic50_24h_16.npy,193,196,3,gt_mask_cc_conn8_min3
ncih2170_jc_ner_ic50_24h_17,NCI-H2170,gt_image/ncih2170_jc_ner_ic50_24h_17.tif,gt_coords/ncih2170_jc_ner_ic50_24h_17.npy,480,481,1,gt_mask_cc_conn8_min3
ncih2170_jc_ner_ic50_24h_18,NCI-H2170,gt_image/ncih2170_jc_ner_ic50_24h_18.tif,gt_coords/ncih2170_jc_ner_ic50_24h_18.npy,67,67,0,gt_mask_cc_conn8_min3
ncih2170_jc_ner_ic50_24h_19,NCI-H2170,gt_image/ncih2170_jc_ner_ic50_24h_19.tif,gt_coords/ncih2170_jc_ner_ic50_24h_19.npy,217,218,1,gt_mask_cc_conn8_min3
ncih2170_jc_ner_ic50_24h_2,NCI-H2170,gt_image/ncih2170_jc_ner_ic50_24h_2.tif,gt_coords/ncih2170_jc_ner_ic50_24h_2.npy,314,320,6,gt_mask_cc_conn8_min3
ncih2170_jc_ner_ic50_24h_21,NCI-H2170,gt_image/ncih2170_jc_ner_ic50_24h_21.tif,gt_coords/ncih2170_jc_ner_ic50_24h_21.npy,475,490,15,gt_mask_cc_conn8_min3
ncih2170_jc_ner_ic50_24h_22,NCI-H2170,gt_image/ncih2170_jc_ner_ic50_24h_22.tif,gt_coords/ncih2170_jc_ner_ic50_24h_22.npy,130,130,0,gt_mask_cc_conn8_min3
ncih2170_jc_ner_ic50_24h_23,NCI-H2170,gt_image/ncih2170_jc_ner_ic50_24h_23.tif,gt_coords/ncih2170_jc_ner_ic50_24h_23.npy,216,218,2,gt_mask_cc_conn8_min3
ncih2170_jc_ner_ic50_24h_24,NCI-H2170,gt_image/ncih2170_jc_ner_ic50_24h_24.tif,gt_coords/ncih2170_jc_ner_ic50_24h_24.npy,241,243,2,gt_mask_cc_conn8_min3
ncih2170_jc_ner_ic50_24h_25,NCI-H2170,gt_image/ncih2170_jc_ner_ic50_24h_25.tif,gt_coords/ncih2170_jc_ner_ic50_24h_25.npy,212,215,3,gt_mask_cc_conn8_min3
ncih2170_jc_ner_ic50_24h_26,NCI-H2170,gt_image/ncih2170_jc_ner_ic50_24h_26.tif,gt_coords/ncih2170_jc_ner_ic50_24h_26.npy,108,108,0,gt_mask_cc_conn8_min3
ncih2170_jc_ner_ic50_24h_27,NCI-H2170,gt_image/ncih2170_jc_ner_ic50_24h_27.tif,gt_coords/ncih2170_jc_ner_ic50_24h_27.npy,74,74,0,gt_mask_cc_conn8_min3
ncih2170_jc_ner_ic50_24h_28,NCI-H2170,gt_image/ncih2170_jc_ner_ic50_24h_28.tif,gt_coords/ncih2170_jc_ner_ic50_24h_28.npy,62,62,0,gt_mask_cc_conn8_min3
ncih2170_jc_ner_ic50_24h_29,NCI-H2170,gt_image/ncih2170_jc_ner_ic50_24h_29.tif,gt_coords/ncih2170_jc_ner_ic50_24h_29.npy,86,87,1,gt_mask_cc_conn8_min3
ncih2170_jc_ner_ic50_24h_3,NCI-H2170,gt_image/ncih2170_jc_ner_ic50_24h_3.tif,gt_coords/ncih2170_jc_ner_ic50_24h_3.npy,574,586,12,gt_mask_cc_conn8_min3
ncih2170_jc_ner_ic50_24h_30,NCI-H2170,gt_image/ncih2170_jc_ner_ic50_24h_30.tif,gt_coords/ncih2170_jc_ner_ic50_24h_30.npy,208,214,6,gt_mask_cc_conn8_min3
ncih2170_jc_ner_ic50_24h_31,NCI-H2170,gt_image/ncih2170_jc_ner_ic50_24h_31.tif,gt_coords/ncih2170_jc_ner_ic50_24h_31.npy,184,187,3,gt_mask_cc_conn8_min3
ncih2170_jc_ner_ic50_24h_32,NCI-H2170,gt_image/ncih2170_jc_ner_ic50_24h_32.tif,gt_coords/ncih2170_jc_ner_ic50_24h_32.npy,19,19,0,gt_mask_cc_conn8_min3
ncih2170_jc_ner_ic50_24h_33,NCI-H2170,gt_image/ncih2170_jc_ner_ic50_24h_33.tif,gt_coords/ncih2170_jc_ner_ic50_24h_33.npy,77,77,0,gt_mask_cc_conn8_min3
ncih2170_jc_ner_ic50_24h_34,NCI-H2170,gt_image/ncih2170_jc_ner_ic50_24h_34.tif,gt_coords/ncih2170_jc_ner_ic50_24h_34.npy,114,115,1,gt_mask_cc_conn8_min3
ncih2170_jc_ner_ic50_24h_35,NCI-H2170,gt_image/ncih2170_jc_ner_ic50_24h_35.tif,gt_coords/ncih2170_jc_ner_ic50_24h_35.npy,87,87,0,gt_mask_cc_conn8_min3
ncih2170_jc_ner_ic50_24h_37,NCI-H2170,gt_image/ncih2170_jc_ner_ic50_24h_37.tif,gt_coords/ncih2170_jc_ner_ic50_24h_37.npy,160,161,1,gt_mask_cc_conn8_min3
ncih2170_jc_ner_ic50_24h_38,NCI-H2170,gt_image/ncih2170_jc_ner_ic50_24h_38.tif,gt_coords/ncih2170_jc_ner_ic50_24h_38.npy,112,113,1,gt_mask_cc_conn8_min3
ncih2170_jc_ner_ic50_24h_39,NCI-H2170,gt_image/ncih2170_jc_ner_ic50_24h_39.tif,gt_coords/ncih2170_jc_ner_ic50_24h_39.npy,106,106,0,gt_mask_cc_conn8_min3
ncih2170_jc_ner_ic50_24h_4,NCI-H2170,gt_image/ncih2170_jc_ner_ic50_24h_4.tif,gt_coords/ncih2170_jc_ner_ic50_24h_4.npy,76,77,1,gt_mask_cc_conn8_min3
ncih2170_jc_ner_ic50_24h_40,NCI-H2170,gt_image/ncih2170_jc_ner_ic50_24h_40.tif,gt_coords/ncih2170_jc_ner_ic50_24h_40.npy,75,75,0,gt_mask_cc_conn8_min3
ncih2170_jc_ner_ic50_24h_41,NCI-H2170,gt_image/ncih2170_jc_ner_ic50_24h_41.tif,gt_coords/ncih2170_jc_ner_ic50_24h_41.npy,104,105,1,gt_mask_cc_conn8_min3
ncih2170_jc_ner_ic50_24h_42,NCI-H2170,gt_image/ncih2170_jc_ner_ic50_24h_42.tif,gt_coords/ncih2170_jc_ner_ic50_24h_42.npy,121,121,0,gt_mask_cc_conn8_min3
ncih2170_jc_ner_ic50_24h_43,NCI-H2170,gt_image/ncih2170_jc_ner_ic50_24h_43.tif,gt_coords/ncih2170_jc_ner_ic50_24h_43.npy,71,71,0,gt_mask_cc_conn8_min3
ncih2170_jc_ner_ic50_24h_44,NCI-H2170,gt_image/ncih2170_jc_ner_ic50_24h_44.tif,gt_coords/ncih2170_jc_ner_ic50_24h_44.npy,130,130,0,gt_mask_cc_conn8_min3
ncih2170_jc_ner_ic50_24h_45,NCI-H2170,gt_image/ncih2170_jc_ner_ic50_24h_45.tif,gt_coords/ncih2170_jc_ner_ic50_24h_45.npy,132,136,4,gt_mask_cc_conn8_min3
ncih2170_jc_ner_ic50_24h_46,NCI-H2170,gt_image/ncih2170_jc_ner_ic50_24h_46.tif,gt_coords/ncih2170_jc_ner_ic50_24h_46.npy,227,230,3,gt_mask_cc_conn8_min3
ncih2170_jc_ner_ic50_24h_47,NCI-H2170,gt_image/ncih2170_jc_ner_ic50_24h_47.tif,gt_coords/ncih2170_jc_ner_ic50_24h_47.npy,212,214,2,gt_mask_cc_conn8_min3
ncih2170_jc_ner_ic50_24h_48,NCI-H2170,gt_image/ncih2170_jc_ner_ic50_24h_48.tif,gt_coords/ncih2170_jc_ner_ic50_24h_48.npy,253,257,4,gt_mask_cc_conn8_min3
ncih2170_jc_ner_ic50_24h_5,NCI-H2170,gt_image/ncih2170_jc_ner_ic50_24h_5.tif,gt_coords/ncih2170_jc_ner_ic50_24h_5.npy,247,251,4,gt_mask_cc_conn8_min3
ncih2170_jc_ner_ic50_24h_50,NCI-H2170,gt_image/ncih2170_jc_ner_ic50_24h_50.tif,gt_coords/ncih2170_jc_ner_ic50_24h_50.npy,105,105,0,gt_mask_cc_conn8_min3
ncih2170_jc_ner_ic50_24h_51,NCI-H2170,gt_image/ncih2170_jc_ner_ic50_24h_51.tif,gt_coords/ncih2170_jc_ner_ic50_24h_51.npy,166,167,1,gt_mask_cc_conn8_min3
ncih2170_jc_ner_ic50_24h_52,NCI-H2170,gt_image/ncih2170_jc_ner_ic50_24h_52.tif,gt_coords/ncih2170_jc_ner_ic50_24h_52.npy,128,129,1,gt_mask_cc_conn8_min3
ncih2170_jc_ner_ic50_24h_53,NCI-H2170,gt_image/ncih2170_jc_ner_ic50_24h_53.tif,gt_coords/ncih2170_jc_ner_ic50_24h_53.npy,182,183,1,gt_mask_cc_conn8_min3
ncih2170_jc_ner_ic50_24h_54,NCI-H2170,gt_image/ncih2170_jc_ner_ic50_24h_54.tif,gt_coords/ncih2170_jc_ner_ic50_24h_54.npy,86,86,0,gt_mask_cc_conn8_min3
ncih2170_jc_ner_ic50_24h_55,NCI-H2170,gt_image/ncih2170_jc_ner_ic50_24h_55.tif,gt_coords/ncih2170_jc_ner_ic50_24h_55.npy,154,156,2,gt_mask_cc_conn8_min3
ncih2170_jc_ner_ic50_24h_56,NCI-H2170,gt_image/ncih2170_jc_ner_ic50_24h_56.tif,gt_coords/ncih2170_jc_ner_ic50_24h_56.npy,41,41,0,gt_mask_cc_conn8_min3
ncih2170_jc_ner_ic50_24h_57,NCI-H2170,gt_image/ncih2170_jc_ner_ic50_24h_57.tif,gt_coords/ncih2170_jc_ner_ic50_24h_57.npy,220,224,4,gt_mask_cc_conn8_min3
ncih2170_jc_ner_ic50_24h_58,NCI-H2170,gt_image/ncih2170_jc_ner_ic50_24h_58.tif,gt_coords/ncih2170_jc_ner_ic50_24h_58.npy,40,40,0,gt_mask_cc_conn8_min3
ncih2170_jc_ner_ic50_24h_59,NCI-H2170,gt_image/ncih2170_jc_ner_ic50_24h_59.tif,gt_coords/ncih2170_jc_ner_ic50_24h_59.npy,129,129,0,gt_mask_cc_conn8_min3
ncih2170_jc_ner_ic50_24h_6,NCI-H2170,gt_image/ncih2170_jc_ner_ic50_24h_6.tif,gt_coords/ncih2170_jc_ner_ic50_24h_6.npy,109,110,1,gt_mask_cc_conn8_min3
ncih2170_jc_ner_ic50_24h_60,NCI-H2170,gt_image/ncih2170_jc_ner_ic50_24h_60.tif,gt_coords/ncih2170_jc_ner_ic50_24h_60.npy,222,229,7,gt_mask_cc_conn8_min3
ncih2170_jc_ner_ic50_24h_61,NCI-H2170,gt_image/ncih2170_jc_ner_ic50_24h_61.tif,gt_coords/ncih2170_jc_ner_ic50_24h_61.npy,376,380,4,gt_mask_cc_conn8_min3
ncih2170_jc_ner_ic50_24h_62,NCI-H2170,gt_image/ncih2170_jc_ner_ic50_24h_62.tif,gt_coords/ncih2170_jc_ner_ic50_24h_62.npy,289,291,2,gt_mask_cc_conn8_min3
ncih2170_jc_ner_ic50_24h_63,NCI-H2170,gt_image/ncih2170_jc_ner_ic50_24h_63.tif,gt_coords/ncih2170_jc_ner_ic50_24h_63.npy,239,239,0,gt_mask_cc_conn8_min3
ncih2170_jc_ner_ic50_24h_65,NCI-H2170,gt_image/ncih2170_jc_ner_ic50_24h_65.tif,gt_coords/ncih2170_jc_ner_ic50_24h_65.npy,212,219,7,gt_mask_cc_conn8_min3
ncih2170_jc_ner_ic50_24h_66,NCI-H2170,gt_image/ncih2170_jc_ner_ic50_24h_66.tif,gt_coords/ncih2170_jc_ner_ic50_24h_66.npy,150,151,1,gt_mask_cc_conn8_min3
ncih2170_jc_ner_ic50_24h_67,NCI-H2170,gt_image/ncih2170_jc_ner_ic50_24h_67.tif,gt_coords/ncih2170_jc_ner_ic50_24h_67.npy,123,123,0,gt_mask_cc_conn8_min3
ncih2170_jc_ner_ic50_24h_68,NCI-H2170,gt_image/ncih2170_jc_ner_ic50_24h_68.tif,gt_coords/ncih2170_jc_ner_ic50_24h_68.npy,132,132,0,gt_mask_cc_conn8_min3
ncih2170_jc_ner_ic50_24h_69,NCI-H2170,gt_image/ncih2170_jc_ner_ic50_24h_69.tif,gt_coords/ncih2170_jc_ner_ic50_24h_69.npy,149,152,3,gt_mask_cc_conn8_min3
ncih2170_jc_ner_ic50_24h_7,NCI-H2170,gt_image/ncih2170_jc_ner_ic50_24h_7.tif,gt_coords/ncih2170_jc_ner_ic50_24h_7.npy,137,138,1,gt_mask_cc_conn8_min3
ncih2170_jc_ner_ic50_24h_70,NCI-H2170,gt_image/ncih2170_jc_ner_ic50_24h_70.tif,gt_coords/ncih2170_jc_ner_ic50_24h_70.npy,52,52,0,gt_mask_cc_conn8_min3
ncih2170_jc_ner_ic50_24h_71,NCI-H2170,gt_image/ncih2170_jc_ner_ic50_24h_71.tif,gt_coords/ncih2170_jc_ner_ic50_24h_71.npy,190,190,0,gt_mask_cc_conn8_min3
ncih2170_jc_ner_ic50_24h_72,NCI-H2170,gt_image/ncih2170_jc_ner_ic50_24h_72.tif,gt_coords/ncih2170_jc_ner_ic50_24h_72.npy,143,147,4,gt_mask_cc_conn8_min3
ncih2170_jc_ner_ic50_24h_73,NCI-H2170,gt_image/ncih2170_jc_ner_ic50_24h_73.tif,gt_coords/ncih2170_jc_ner_ic50_24h_73.npy,78,80,2,gt_mask_cc_conn8_min3
ncih2170_jc_ner_ic50_24h_74,NCI-H2170,gt_image/ncih2170_jc_ner_ic50_24h_74.tif,gt_coords/ncih2170_jc_ner_ic50_24h_74.npy,99,99,0,gt_mask_cc_conn8_min3
ncih2170_jc_ner_ic50_24h_75,NCI-H2170,gt_image/ncih2170_jc_ner_ic50_24h_75.tif,gt_coords/ncih2170_jc_ner_ic50_24h_75.npy,265,267,2,gt_mask_cc_conn8_min3
ncih2170_jc_ner_ic50_24h_76,NCI-H2170,gt_image/ncih2170_jc_ner_ic50_24h_76.tif,gt_coords/ncih2170_jc_ner_ic50_24h_76.npy,128,130,2,gt_mask_cc_conn8_min3
ncih2170_jc_ner_ic50_24h_77,NCI-H2170,gt_image/ncih2170_jc_ner_ic50_24h_77.tif,gt_coords/ncih2170_jc_ner_ic50_24h_77.npy,30,31,1,gt_mask_cc_conn8_min3
ncih2170_jc_ner_ic50_24h_78,NCI-H2170,gt_image/ncih2170_jc_ner_ic50_24h_78.tif,gt_coords/ncih2170_jc_ner_ic50_24h_78.npy,175,180,5,gt_mask_cc_conn8_min3
ncih2170_jc_ner_ic50_24h_79,NCI-H2170,gt_image/ncih2170_jc_ner_ic50_24h_79.tif,gt_coords/ncih2170_jc_ner_ic50_24h_79.npy,81,81,0,gt_mask_cc_conn8_min3
ncih2170_jc_ner_ic50_24h_8,NCI-H2170,gt_image/ncih2170_jc_ner_ic50_24h_8.tif,gt_coords/ncih2170_jc_ner_ic50_24h_8.npy,107,110,3,gt_mask_cc_conn8_min3
ncih2170_jc_ner_ic50_24h_80,NCI-H2170,gt_image/ncih2170_jc_ner_ic50_24h_80.tif,gt_coords/ncih2170_jc_ner_ic50_24h_80.npy,129,129,0,gt_mask_cc_conn8_min3
ncih2170_jc_ner_ic50_24h_81,NCI-H2170,gt_image/ncih2170_jc_ner_ic50_24h_81.tif,gt_coords/ncih2170_jc_ner_ic50_24h_81.npy,74,76,2,gt_mask_cc_conn8_min3
ncih2170_jc_ner_ic50_24h_82,NCI-H2170,gt_image/ncih2170_jc_ner_ic50_24h_82.tif,gt_coords/ncih2170_jc_ner_ic50_24h_82.npy,314,322,8,gt_mask_cc_conn8_min3
ncih2170_jc_ner_ic50_24h_83,NCI-H2170,gt_image/ncih2170_jc_ner_ic50_24h_83.tif,gt_coords/ncih2170_jc_ner_ic50_24h_83.npy,632,640,8,gt_mask_cc_conn8_min3
ncih2170_jc_ner_ic50_24h_84,NCI-H2170,gt_image/ncih2170_jc_ner_ic50_24h_84.tif,gt_coords/ncih2170_jc_ner_ic50_24h_84.npy,341,348,7,gt_mask_cc_conn8_min3
ncih2170_jc_ner_ic50_24h_85,NCI-H2170,gt_image/ncih2170_jc_ner_ic50_24h_85.tif,gt_coords/ncih2170_jc_ner_ic50_24h_85.npy,95,95,0,gt_mask_cc_conn8_min3
ncih2170_jc_ner_ic50_24h_86,NCI-H2170,gt_image/ncih2170_jc_ner_ic50_24h_86.tif,gt_coords/ncih2170_jc_ner_ic50_24h_86.npy,94,97,3,gt_mask_cc_conn8_min3
ncih2170_jc_ner_ic50_24h_87,NCI-H2170,gt_image/ncih2170_jc_ner_ic50_24h_87.tif,gt_coords/ncih2170_jc_ner_ic50_24h_87.npy,96,98,2,gt_mask_cc_conn8_min3
ncih2170_jc_ner_ic50_24h_88,NCI-H2170,gt_image/ncih2170_jc_ner_ic50_24h_88.tif,gt_coords/ncih2170_jc_ner_ic50_24h_88.npy,383,394,11,gt_mask_cc_conn8_min3
ncih2170_jc_ner_ic50_24h_89,NCI-H2170,gt_image/ncih2170_jc_ner_ic50_24h_89.tif,gt_coords/ncih2170_jc_ner_ic50_24h_89.npy,190,192,2,gt_mask_cc_conn8_min3
ncih2170_jc_ner_ic50_24h_9,NCI-H2170,gt_image/ncih2170_jc_ner_ic50_24h_9.tif,gt_coords/ncih2170_jc_ner_ic50_24h_9.npy,168,172,4,gt_mask_cc_conn8_min3
ncih2170_jc_ner_ic50_24h_90,NCI-H2170,gt_image/ncih2170_jc_ner_ic50_24h_90.tif,gt_coords/ncih2170_jc_ner_ic50_24h_90.npy,212,217,5,gt_mask_cc_conn8_min3
ncih2170_jc_ner_ic50_24h_91,NCI-H2170,gt_image/ncih2170_jc_ner_ic50_24h_91.tif,gt_coords/ncih2170_jc_ner_ic50_24h_91.npy,57,57,0,gt_mask_cc_conn8_min3
ncih2170_jc_ner_ic50_24h_92_a,NCI-H2170,gt_image/ncih2170_jc_ner_ic50_24h_92_a.tif,gt_coords/ncih2170_jc_ner_ic50_24h_92_a.npy,88,91,3,gt_mask_cc_conn8_min3
ncih2170_jc_ner_ic50_24h_92_b,NCI-H2170,gt_image/ncih2170_jc_ner_ic50_24h_92_b.tif,gt_coords/ncih2170_jc_ner_ic50_24h_92_b.npy,76,79,3,gt_mask_cc_conn8_min3
ncih2170_jc_ner_ic50_24h_93,NCI-H2170,gt_image/ncih2170_jc_ner_ic50_24h_93.tif,gt_coords/ncih2170_jc_ner_ic50_24h_93.npy,179,181,2,gt_mask_cc_conn8_min3
ncih2170_jc_ner_ic50_24h_94,NCI-H2170,gt_image/ncih2170_jc_ner_ic50_24h_94.tif,gt_coords/ncih2170_jc_ner_ic50_24h_94.npy,115,119,4,gt_mask_cc_conn8_min3
ncih2170_jc_ner_ic50_24h_95,NCI-H2170,gt_image/ncih2170_jc_ner_ic50_24h_95.tif,gt_coords/ncih2170_jc_ner_ic50_24h_95.npy,96,97,1,gt_mask_cc_conn8_min3
ncih2170_jc_ner_ic50_24h_96,NCI-H2170,gt_image/ncih2170_jc_ner_ic50_24h_96.tif,gt_coords/ncih2170_jc_ner_ic50_24h_96.npy,265,271,6,gt_mask_cc_conn8_min3
ncih2170_jc_ner_ic50_24h_97_a,NCI-H2170,gt_image/ncih2170_jc_ner_ic50_24h_97_a.tif,gt_coords/ncih2170_jc_ner_ic50_24h_97_a.npy,57,57,0,gt_mask_cc_conn8_min3
ncih2170_jc_ner_ic50_24h_97_b,NCI-H2170,gt_image/ncih2170_jc_ner_ic50_24h_97_b.tif,gt_coords/ncih2170_jc_ner_ic50_24h_97_b.npy,123,135,12,gt_mask_cc_conn8_min3
ncih2170_jc_ner_ic50_24h_98,NCI-H2170,gt_image/ncih2170_jc_ner_ic50_24h_98.tif,gt_coords/ncih2170_jc_ner_ic50_24h_98.npy,189,194,5,gt_mask_cc_conn8_min3
ncih2170_jc_ner_ic50_24h_99,NCI-H2170,gt_image/ncih2170_jc_ner_ic50_24h_99.tif,gt_coords/ncih2170_jc_ner_ic50_24h_99.npy,136,138,2,gt_mask_cc_conn8_min3
ncih2170_jc_ner_ic50_72h_10,NCI-H2170,gt_image/ncih2170_jc_ner_ic50_72h_10.tif,gt_coords/ncih2170_jc_ner_ic50_72h_10.npy,665,667,2,gt_mask_cc_conn8_min3
ncih2170_jc_ner_ic50_72h_101,NCI-H2170,gt_image/ncih2170_jc_ner_ic50_72h_101.tif,gt_coords/ncih2170_jc_ner_ic50_72h_101.npy,255,260,5,gt_mask_cc_conn8_min3
ncih2170_jc_ner_ic50_72h_103,NCI-H2170,gt_image/ncih2170_jc_ner_ic50_72h_103.tif,gt_coords/ncih2170_jc_ner_ic50_72h_103.npy,179,179,0,gt_mask_cc_conn8_min3
ncih2170_jc_ner_ic50_72h_104,NCI-H2170,gt_image/ncih2170_jc_ner_ic50_72h_104.tif,gt_coords/ncih2170_jc_ner_ic50_72h_104.npy,937,939,2,gt_mask_cc_conn8_min3
ncih2170_jc_ner_ic50_72h_105,NCI-H2170,gt_image/ncih2170_jc_ner_ic50_72h_105.tif,gt_coords/ncih2170_jc_ner_ic50_72h_105.npy,420,420,0,gt_mask_cc_conn8_min3
ncih2170_jc_ner_ic50_72h_106,NCI-H2170,gt_image/ncih2170_jc_ner_ic50_72h_106.tif,gt_coords/ncih2170_jc_ner_ic50_72h_106.npy,242,245,3,gt_mask_cc_conn8_min3
ncih2170_jc_ner_ic50_72h_107,NCI-H2170,gt_image/ncih2170_jc_ner_ic50_72h_107.tif,gt_coords/ncih2170_jc_ner_ic50_72h_107.npy,186,186,0,gt_mask_cc_conn8_min3
ncih2170_jc_ner_ic50_72h_108,NCI-H2170,gt_image/ncih2170_jc_ner_ic50_72h_108.tif,gt_coords/ncih2170_jc_ner_ic50_72h_108.npy,370,370,0,gt_mask_cc_conn8_min3
ncih2170_jc_ner_ic50_72h_109,NCI-H2170,gt_image/ncih2170_jc_ner_ic50_72h_109.tif,gt_coords/ncih2170_jc_ner_ic50_72h_109.npy,308,316,8,gt_mask_cc_conn8_min3
ncih2170_jc_ner_ic50_72h_11,NCI-H2170,gt_image/ncih2170_jc_ner_ic50_72h_11.tif,gt_coords/ncih2170_jc_ner_ic50_72h_11.npy,371,371,0,gt_mask_cc_conn8_min3
ncih2170_jc_ner_ic50_72h_110,NCI-H2170,gt_image/ncih2170_jc_ner_ic50_72h_110.tif,gt_coords/ncih2170_jc_ner_ic50_72h_110.npy,424,429,5,gt_mask_cc_conn8_min3
ncih2170_jc_ner_ic50_72h_111,NCI-H2170,gt_image/ncih2170_jc_ner_ic50_72h_111.tif,gt_coords/ncih2170_jc_ner_ic50_72h_111.npy,260,260,0,gt_mask_cc_conn8_min3
ncih2170_jc_ner_ic50_72h_112,NCI-H2170,gt_image/ncih2170_jc_ner_ic50_72h_112.tif,gt_coords/ncih2170_jc_ner_ic50_72h_112.npy,352,352,0,gt_mask_cc_conn8_min3
ncih2170_jc_ner_ic50_72h_113_a,NCI-H2170,gt_image/ncih2170_jc_ner_ic50_72h_113_a.tif,gt_coords/ncih2170_jc_ner_ic50_72h_113_a.npy,224,226,2,gt_mask_cc_conn8_min3
ncih2170_jc_ner_ic50_72h_113_b,NCI-H2170,gt_image/ncih2170_jc_ner_ic50_72h_113_b.tif,gt_coords/ncih2170_jc_ner_ic50_72h_113_b.npy,76,76,0,gt_mask_cc_conn8_min3
ncih2170_jc_ner_ic50_72h_114,NCI-H2170,gt_image/ncih2170_jc_ner_ic50_72h_114.tif,gt_coords/ncih2170_jc_ner_ic50_72h_114.npy,323,324,1,gt_mask_cc_conn8_min3
ncih2170_jc_ner_ic50_72h_115,NCI-H2170,gt_image/ncih2170_jc_ner_ic50_72h_115.tif,gt_coords/ncih2170_jc_ner_ic50_72h_115.npy,320,320,0,gt_mask_cc_conn8_min3
ncih2170_jc_ner_ic50_72h_116,NCI-H2170,gt_image/ncih2170_jc_ner_ic50_72h_116.tif,gt_coords/ncih2170_jc_ner_ic50_72h_116.npy,192,193,1,gt_mask_cc_conn8_min3
ncih2170_jc_ner_ic50_72h_117,NCI-H2170,gt_image/ncih2170_jc_ner_ic50_72h_117.tif,gt_coords/ncih2170_jc_ner_ic50_72h_117.npy,408,412,4,gt_mask_cc_conn8_min3
ncih2170_jc_ner_ic50_72h_118,NCI-H2170,gt_image/ncih2170_jc_ner_ic50_72h_118.tif,gt_coords/ncih2170_jc_ner_ic50_72h_118.npy,598,610,12,gt_mask_cc_conn8_min3
ncih2170_jc_ner_ic50_72h_119,NCI-H2170,gt_image/ncih2170_jc_ner_ic50_72h_119.tif,gt_coords/ncih2170_jc_ner_ic50_72h_119.npy,151,153,2,gt_mask_cc_conn8_min3
ncih2170_jc_ner_ic50_72h_12,NCI-H2170,gt_image/ncih2170_jc_ner_ic50_72h_12.tif,gt_coords/ncih2170_jc_ner_ic50_72h_12.npy,508,510,2,gt_mask_cc_conn8_min3
ncih2170_jc_ner_ic50_72h_120,NCI-H2170,gt_image/ncih2170_jc_ner_ic50_72h_120.tif,gt_coords/ncih2170_jc_ner_ic50_72h_120.npy,137,137,0,gt_mask_cc_conn8_min3
ncih2170_jc_ner_ic50_72h_13,NCI-H2170,gt_image/ncih2170_jc_ner_ic50_72h_13.tif,gt_coords/ncih2170_jc_ner_ic50_72h_13.npy,460,461,1,gt_mask_cc_conn8_min3
ncih2170_jc_ner_ic50_72h_14,NCI-H2170,gt_image/ncih2170_jc_ner_ic50_72h_14.tif,gt_coords/ncih2170_jc_ner_ic50_72h_14.npy,444,445,1,gt_mask_cc_conn8_min3
ncih2170_jc_ner_ic50_72h_15,NCI-H2170,gt_image/ncih2170_jc_ner_ic50_72h_15.tif,gt_coords/ncih2170_jc_ner_ic50_72h_15.npy,220,224,4,gt_mask_cc_conn8_min3
ncih2170_jc_ner_ic50_72h_16,NCI-H2170,gt_image/ncih2170_jc_ner_ic50_72h_16.tif,gt_coords/ncih2170_jc_ner_ic50_72h_16.npy,383,388,5,gt_mask_cc_conn8_min3
ncih2170_jc_ner_ic50_72h_17,NCI-H2170,gt_image/ncih2170_jc_ner_ic50_72h_17.tif,gt_coords/ncih2170_jc_ner_ic50_72h_17.npy,115,116,1,gt_mask_cc_conn8_min3
ncih2170_jc_ner_ic50_72h_18,NCI-H2170,gt_image/ncih2170_jc_ner_ic50_72h_18.tif,gt_coords/ncih2170_jc_ner_ic50_72h_18.npy,176,178,2,gt_mask_cc_conn8_min3
ncih2170_jc_ner_ic50_72h_19,NCI-H2170,gt_image/ncih2170_jc_ner_ic50_72h_19.tif,gt_coords/ncih2170_jc_ner_ic50_72h_19.npy,157,159,2,gt_mask_cc_conn8_min3
ncih2170_jc_ner_ic50_72h_1_a,NCI-H2170,gt_image/ncih2170_jc_ner_ic50_72h_1_a.tif,gt_coords/ncih2170_jc_ner_ic50_72h_1_a.npy,226,234,8,gt_mask_cc_conn8_min3
ncih2170_jc_ner_ic50_72h_1_b,NCI-H2170,gt_image/ncih2170_jc_ner_ic50_72h_1_b.tif,gt_coords/ncih2170_jc_ner_ic50_72h_1_b.npy,189,192,3,gt_mask_cc_conn8_min3
ncih2170_jc_ner_ic50_72h_20,NCI-H2170,gt_image/ncih2170_jc_ner_ic50_72h_20.tif,gt_coords/ncih2170_jc_ner_ic50_72h_20.npy,274,276,2,gt_mask_cc_conn8_min3
ncih2170_jc_ner_ic50_72h_22,NCI-H2170,gt_image/ncih2170_jc_ner_ic50_72h_22.tif,gt_coords/ncih2170_jc_ner_ic50_72h_22.npy,364,368,4,gt_mask_cc_conn8_min3
ncih2170_jc_ner_ic50_72h_23,NCI-H2170,gt_image/ncih2170_jc_ner_ic50_72h_23.tif,gt_coords/ncih2170_jc_ner_ic50_72h_23.npy,98,98,0,gt_mask_cc_conn8_min3
ncih2170_jc_ner_ic50_72h_24,NCI-H2170,gt_image/ncih2170_jc_ner_ic50_72h_24.tif,gt_coords/ncih2170_jc_ner_ic50_72h_24.npy,418,419,1,gt_mask_cc_conn8_min3
ncih2170_jc_ner_ic50_72h_25,NCI-H2170,gt_image/ncih2170_jc_ner_ic50_72h_25.tif,gt_coords/ncih2170_jc_ner_ic50_72h_25.npy,163,163,0,gt_mask_cc_conn8_min3
ncih2170_jc_ner_ic50_72h_26,NCI-H2170,gt_image/ncih2170_jc_ner_ic50_72h_26.tif,gt_coords/ncih2170_jc_ner_ic50_72h_26.npy,147,147,0,gt_mask_cc_conn8_min3
ncih2170_jc_ner_ic50_72h_28,NCI-H2170,gt_image/ncih2170_jc_ner_ic50_72h_28.tif,gt_coords/ncih2170_jc_ner_ic50_72h_28.npy,137,137,0,gt_mask_cc_conn8_min3
ncih2170_jc_ner_ic50_72h_29,NCI-H2170,gt_image/ncih2170_jc_ner_ic50_72h_29.tif,gt_coords/ncih2170_jc_ner_ic50_72h_29.npy,98,99,1,gt_mask_cc_conn8_min3
ncih2170_jc_ner_ic50_72h_2_micro,NCI-H2170,gt_image/ncih2170_jc_ner_ic50_72h_2_micro.tif,gt_coords/ncih2170_jc_ner_ic50_72h_2_micro.npy,409,413,4,gt_mask_cc_conn8_min3
ncih2170_jc_ner_ic50_72h_3,NCI-H2170,gt_image/ncih2170_jc_ner_ic50_72h_3.tif,gt_coords/ncih2170_jc_ner_ic50_72h_3.npy,577,581,4,gt_mask_cc_conn8_min3
ncih2170_jc_ner_ic50_72h_30,NCI-H2170,gt_image/ncih2170_jc_ner_ic50_72h_30.tif,gt_coords/ncih2170_jc_ner_ic50_72h_30.npy,185,189,4,gt_mask_cc_conn8_min3
ncih2170_jc_ner_ic50_72h_31,NCI-H2170,gt_image/ncih2170_jc_ner_ic50_72h_31.tif,gt_coords/ncih2170_jc_ner_ic50_72h_31.npy,145,147,2,gt_mask_cc_conn8_min3
ncih2170_jc_ner_ic50_72h_32,NCI-H2170,gt_image/ncih2170_jc_ner_ic50_72h_32.tif,gt_coords/ncih2170_jc_ner_ic50_72h_32.npy,158,158,0,gt_mask_cc_conn8_min3
ncih2170_jc_ner_ic50_72h_33,NCI-H2170,gt_image/ncih2170_jc_ner_ic50_72h_33.tif,gt_coords/ncih2170_jc_ner_ic50_72h_33.npy,314,315,1,gt_mask_cc_conn8_min3
ncih2170_jc_ner_ic50_72h_34,NCI-H2170,gt_image/ncih2170_jc_ner_ic50_72h_34.tif,gt_coords/ncih2170_jc_ner_ic50_72h_34.npy,222,230,8,gt_mask_cc_conn8_min3
ncih2170_jc_ner_ic50_72h_35,NCI-H2170,gt_image/ncih2170_jc_ner_ic50_72h_35.tif,gt_coords/ncih2170_jc_ner_ic50_72h_35.npy,276,285,9,gt_mask_cc_conn8_min3
ncih2170_jc_ner_ic50_72h_36,NCI-H2170,gt_image/ncih2170_jc_ner_ic50_72h_36.tif,gt_coords/ncih2170_jc_ner_ic50_72h_36.npy,54,54,0,gt_mask_cc_conn8_min3
ncih2170_jc_ner_ic50_72h_37,NCI-H2170,gt_image/ncih2170_jc_ner_ic50_72h_37.tif,gt_coords/ncih2170_jc_ner_ic50_72h_37.npy,105,105,0,gt_mask_cc_conn8_min3
ncih2170_jc_ner_ic50_72h_38,NCI-H2170,gt_image/ncih2170_jc_ner_ic50_72h_38.tif,gt_coords/ncih2170_jc_ner_ic50_72h_38.npy,207,210,3,gt_mask_cc_conn8_min3
ncih2170_jc_ner_ic50_72h_39,NCI-H2170,gt_image/ncih2170_jc_ner_ic50_72h_39.tif,gt_coords/ncih2170_jc_ner_ic50_72h_39.npy,396,403,7,gt_mask_cc_conn8_min3
ncih2170_jc_ner_ic50_72h_4,NCI-H2170,gt_image/ncih2170_jc_ner_ic50_72h_4.tif,gt_coords/ncih2170_jc_ner_ic50_72h_4.npy,427,431,4,gt_mask_cc_conn8_min3
ncih2170_jc_ner_ic50_72h_40,NCI-H2170,gt_image/ncih2170_jc_ner_ic50_72h_40.tif,gt_coords/ncih2170_jc_ner_ic50_72h_40.npy,349,352,3,gt_mask_cc_conn8_min3
ncih2170_jc_ner_ic50_72h_41,NCI-H2170,gt_image/ncih2170_jc_ner_ic50_72h_41.tif,gt_coords/ncih2170_jc_ner_ic50_72h_41.npy,192,192,0,gt_mask_cc_conn8_min3
ncih2170_jc_ner_ic50_72h_42,NCI-H2170,gt_image/ncih2170_jc_ner_ic50_72h_42.tif,gt_coords/ncih2170_jc_ner_ic50_72h_42.npy,369,377,8,gt_mask_cc_conn8_min3
ncih2170_jc_ner_ic50_72h_43,NCI-H2170,gt_image/ncih2170_jc_ner_ic50_72h_43.tif,gt_coords/ncih2170_jc_ner_ic50_72h_43.npy,269,269,0,gt_mask_cc_conn8_min3
ncih2170_jc_ner_ic50_72h_44,NCI-H2170,gt_image/ncih2170_jc_ner_ic50_72h_44.tif,gt_coords/ncih2170_jc_ner_ic50_72h_44.npy,501,507,6,gt_mask_cc_conn8_min3
ncih2170_jc_ner_ic50_72h_45,NCI-H2170,gt_image/ncih2170_jc_ner_ic50_72h_45.tif,gt_coords/ncih2170_jc_ner_ic50_72h_45.npy,400,409,9,gt_mask_cc_conn8_min3
ncih2170_jc_ner_ic50_72h_46,NCI-H2170,gt_image/ncih2170_jc_ner_ic50_72h_46.tif,gt_coords/ncih2170_jc_ner_ic50_72h_46.npy,602,610,8,gt_mask_cc_conn8_min3
ncih2170_jc_ner_ic50_72h_47,NCI-H2170,gt_image/ncih2170_jc_ner_ic50_72h_47.tif,gt_coords/ncih2170_jc_ner_ic50_72h_47.npy,108,108,0,gt_mask_cc_conn8_min3
ncih2170_jc_ner_ic50_72h_48,NCI-H2170,gt_image/ncih2170_jc_ner_ic50_72h_48.tif,gt_coords/ncih2170_jc_ner_ic50_72h_48.npy,211,211,0,gt_mask_cc_conn8_min3
ncih2170_jc_ner_ic50_72h_49,NCI-H2170,gt_image/ncih2170_jc_ner_ic50_72h_49.tif,gt_coords/ncih2170_jc_ner_ic50_72h_49.npy,195,198,3,gt_mask_cc_conn8_min3
ncih2170_jc_ner_ic50_72h_5,NCI-H2170,gt_image/ncih2170_jc_ner_ic50_72h_5.tif,gt_coords/ncih2170_jc_ner_ic50_72h_5.npy,610,613,3,gt_mask_cc_conn8_min3
ncih2170_jc_ner_ic50_72h_50,NCI-H2170,gt_image/ncih2170_jc_ner_ic50_72h_50.tif,gt_coords/ncih2170_jc_ner_ic50_72h_50.npy,204,205,1,gt_mask_cc_conn8_min3
ncih2170_jc_ner_ic50_72h_51,NCI-H2170,gt_image/ncih2170_jc_ner_ic50_72h_51.tif,gt_coords/ncih2170_jc_ner_ic50_72h_51.npy,988,994,6,gt_mask_cc_conn8_min3
ncih2170_jc_ner_ic50_72h_53,NCI-H2170,gt_image/ncih2170_jc_ner_ic50_72h_53.tif,gt_coords/ncih2170_jc_ner_ic50_72h_53.npy,361,365,4,gt_mask_cc_conn8_min3
ncih2170_jc_ner_ic50_72h_54,NCI-H2170,gt_image/ncih2170_jc_ner_ic50_72h_54.tif,gt_coords/ncih2170_jc_ner_ic50_72h_54.npy,203,205,2,gt_mask_cc_conn8_min3
ncih2170_jc_ner_ic50_72h_55,NCI-H2170,gt_image/ncih2170_jc_ner_ic50_72h_55.tif,gt_coords/ncih2170_jc_ner_ic50_72h_55.npy,369,370,1,gt_mask_cc_conn8_min3
ncih2170_jc_ner_ic50_72h_56,NCI-H2170,gt_image/ncih2170_jc_ner_ic50_72h_56.tif,gt_coords/ncih2170_jc_ner_ic50_72h_56.npy,411,416,5,gt_mask_cc_conn8_min3
ncih2170_jc_ner_ic50_72h_57,NCI-H2170,gt_image/ncih2170_jc_ner_ic50_72h_57.tif,gt_coords/ncih2170_jc_ner_ic50_72h_57.npy,377,377,0,gt_mask_cc_conn8_min3
ncih2170_jc_ner_ic50_72h_58,NCI-H2170,gt_image/ncih2170_jc_ner_ic50_72h_58.tif,gt_coords/ncih2170_jc_ner_ic50_72h_58.npy,441,444,3,gt_mask_cc_conn8_min3
ncih2170_jc_ner_ic50_72h_59,NCI-H2170,gt_image/ncih2170_jc_ner_ic50_72h_59.tif,gt_coords/ncih2170_jc_ner_ic50_72h_59.npy,159,159,0,gt_mask_cc_conn8_min3
ncih2170_jc_ner_ic50_72h_6,NCI-H2170,gt_image/ncih2170_jc_ner_ic50_72h_6.tif,gt_coords/ncih2170_jc_ner_ic50_72h_6.npy,137,138,1,gt_mask_cc_conn8_min3
ncih2170_jc_ner_ic50_72h_60,NCI-H2170,gt_image/ncih2170_jc_ner_ic50_72h_60.tif,gt_coords/ncih2170_jc_ner_ic50_72h_60.npy,173,173,0,gt_mask_cc_conn8_min3
ncih2170_jc_ner_ic50_72h_61,NCI-H2170,gt_image/ncih2170_jc_ner_ic50_72h_61.tif,gt_coords/ncih2170_jc_ner_ic50_72h_61.npy,347,362,15,gt_mask_cc_conn8_min3
ncih2170_jc_ner_ic50_72h_62,NCI-H2170,gt_image/ncih2170_jc_ner_ic50_72h_62.tif,gt_coords/ncih2170_jc_ner_ic50_72h_62.npy,191,192,1,gt_mask_cc_conn8_min3
ncih2170_jc_ner_ic50_72h_63,NCI-H2170,gt_image/ncih2170_jc_ner_ic50_72h_63.tif,gt_coords/ncih2170_jc_ner_ic50_72h_63.npy,148,150,2,gt_mask_cc_conn8_min3
ncih2170_jc_ner_ic50_72h_64,NCI-H2170,gt_image/ncih2170_jc_ner_ic50_72h_64.tif,gt_coords/ncih2170_jc_ner_ic50_72h_64.npy,152,152,0,gt_mask_cc_conn8_min3
ncih2170_jc_ner_ic50_72h_65_a,NCI-H2170,gt_image/ncih2170_jc_ner_ic50_72h_65_a.tif,gt_coords/ncih2170_jc_ner_ic50_72h_65_a.npy,282,282,0,gt_mask_cc_conn8_min3
ncih2170_jc_ner_ic50_72h_65_b,NCI-H2170,gt_image/ncih2170_jc_ner_ic50_72h_65_b.tif,gt_coords/ncih2170_jc_ner_ic50_72h_65_b.npy,140,156,16,gt_mask_cc_conn8_min3
ncih2170_jc_ner_ic50_72h_66,NCI-H2170,gt_image/ncih2170_jc_ner_ic50_72h_66.tif,gt_coords/ncih2170_jc_ner_ic50_72h_66.npy,163,165,2,gt_mask_cc_conn8_min3
ncih2170_jc_ner_ic50_72h_67,NCI-H2170,gt_image/ncih2170_jc_ner_ic50_72h_67.tif,gt_coords/ncih2170_jc_ner_ic50_72h_67.npy,432,435,3,gt_mask_cc_conn8_min3
ncih2170_jc_ner_ic50_72h_68,NCI-H2170,gt_image/ncih2170_jc_ner_ic50_72h_68.tif,gt_coords/ncih2170_jc_ner_ic50_72h_68.npy,277,282,5,gt_mask_cc_conn8_min3
ncih2170_jc_ner_ic50_72h_69,NCI-H2170,gt_image/ncih2170_jc_ner_ic50_72h_69.tif,gt_coords/ncih2170_jc_ner_ic50_72h_69.npy,266,273,7,gt_mask_cc_conn8_min3
ncih2170_jc_ner_ic50_72h_7,NCI-H2170,gt_image/ncih2170_jc_ner_ic50_72h_7.tif,gt_coords/ncih2170_jc_ner_ic50_72h_7.npy,489,494,5,gt_mask_cc_conn8_min3
ncih2170_jc_ner_ic50_72h_70,NCI-H2170,gt_image/ncih2170_jc_ner_ic50_72h_70.tif,gt_coords/ncih2170_jc_ner_ic50_72h_70.npy,276,280,4,gt_mask_cc_conn8_min3
ncih2170_jc_ner_ic50_72h_71,NCI-H2170,gt_image/ncih2170_jc_ner_ic50_72h_71.tif,gt_coords/ncih2170_jc_ner_ic50_72h_71.npy,102,102,0,gt_mask_cc_conn8_min3
ncih2170_jc_ner_ic50_72h_72,NCI-H2170,gt_image/ncih2170_jc_ner_ic50_72h_72.tif,gt_coords/ncih2170_jc_ner_ic50_72h_72.npy,250,250,0,gt_mask_cc_conn8_min3
ncih2170_jc_ner_ic50_72h_73,NCI-H2170,gt_image/ncih2170_jc_ner_ic50_72h_73.tif,gt_coords/ncih2170_jc_ner_ic50_72h_73.npy,195,197,2,gt_mask_cc_conn8_min3
ncih2170_jc_ner_ic50_72h_74,NCI-H2170,gt_image/ncih2170_jc_ner_ic50_72h_74.tif,gt_coords/ncih2170_jc_ner_ic50_72h_74.npy,152,158,6,gt_mask_cc_conn8_min3
ncih2170_jc_ner_ic50_72h_75,NCI-H2170,gt_image/ncih2170_jc_ner_ic50_72h_75.tif,gt_coords/ncih2170_jc_ner_ic50_72h_75.npy,233,233,0,gt_mask_cc_conn8_min3
ncih2170_jc_ner_ic50_72h_76,NCI-H2170,gt_image/ncih2170_jc_ner_ic50_72h_76.tif,gt_coords/ncih2170_jc_ner_ic50_72h_76.npy,141,146,5,gt_mask_cc_conn8_min3
ncih2170_jc_ner_ic50_72h_77,NCI-H2170,gt_image/ncih2170_jc_ner_ic50_72h_77.tif,gt_coords/ncih2170_jc_ner_ic50_72h_77.npy,162,166,4,gt_mask_cc_conn8_min3
ncih2170_jc_ner_ic50_72h_78,NCI-H2170,gt_image/ncih2170_jc_ner_ic50_72h_78.tif,gt_coords/ncih2170_jc_ner_ic50_72h_78.npy,246,248,2,gt_mask_cc_conn8_min3
ncih2170_jc_ner_ic50_72h_79,NCI-H2170,gt_image/ncih2170_jc_ner_ic50_72h_79.tif,gt_coords/ncih2170_jc_ner_ic50_72h_79.npy,179,180,1,gt_mask_cc_conn8_min3
ncih2170_jc_ner_ic50_72h_8,NCI-H2170,gt_image/ncih2170_jc_ner_ic50_72h_8.tif,gt_coords/ncih2170_jc_ner_ic50_72h_8.npy,96,97,1,gt_mask_cc_conn8_min3
ncih2170_jc_ner_ic50_72h_81,NCI-H2170,gt_image/ncih2170_jc_ner_ic50_72h_81.tif,gt_coords/ncih2170_jc_ner_ic50_72h_81.npy,750,758,8,gt_mask_cc_conn8_min3
ncih2170_jc_ner_ic50_72h_82,NCI-H2170,gt_image/ncih2170_jc_ner_ic50_72h_82.tif,gt_coords/ncih2170_jc_ner_ic50_72h_82.npy,464,473,9,gt_mask_cc_conn8_min3
ncih2170_jc_ner_ic50_72h_83,NCI-H2170,gt_image/ncih2170_jc_ner_ic50_72h_83.tif,gt_coords/ncih2170_jc_ner_ic50_72h_83.npy,317,317,0,gt_mask_cc_conn8_min3
ncih2170_jc_ner_ic50_72h_84,NCI-H2170,gt_image/ncih2170_jc_ner_ic50_72h_84.tif,gt_coords/ncih2170_jc_ner_ic50_72h_84.npy,406,408,2,gt_mask_cc_conn8_min3
ncih2170_jc_ner_ic50_72h_85,NCI-H2170,gt_image/ncih2170_jc_ner_ic50_72h_85.tif,gt_coords/ncih2170_jc_ner_ic50_72h_85.npy,349,352,3,gt_mask_cc_conn8_min3
ncih2170_jc_ner_ic50_72h_86,NCI-H2170,gt_image/ncih2170_jc_ner_ic50_72h_86.tif,gt_coords/ncih2170_jc_ner_ic50_72h_86.npy,317,321,4,gt_mask_cc_conn8_min3
ncih2170_jc_ner_ic50_72h_87,NCI-H2170,gt_image/ncih2170_jc_ner_ic50_72h_87.tif,gt_coords/ncih2170_jc_ner_ic50_72h_87.npy,296,296,0,gt_mask_cc_conn8_min3
ncih2170_jc_ner_ic50_72h_88,NCI-H2170,gt_image/ncih2170_jc_ner_ic50_72h_88.tif,gt_coords/ncih2170_jc_ner_ic50_72h_88.npy,203,203,0,gt_mask_cc_conn8_min3
ncih2170_jc_ner_ic50_72h_89,NCI-H2170,gt_image/ncih2170_jc_ner_ic50_72h_89.tif,gt_coords/ncih2170_jc_ner_ic50_72h_89.npy,1687,1728,41,gt_mask_cc_conn8_min3
ncih2170_jc_ner_ic50_72h_9,NCI-H2170,gt_image/ncih2170_jc_ner_ic50_72h_9.tif,gt_coords/ncih2170_jc_ner_ic50_72h_9.npy,244,244,0,gt_mask_cc_conn8_min3
ncih2170_jc_ner_ic50_72h_90,NCI-H2170,gt_image/ncih2170_jc_ner_ic50_72h_90.tif,gt_coords/ncih2170_jc_ner_ic50_72h_90.npy,285,288,3,gt_mask_cc_conn8_min3
ncih2170_jc_ner_ic50_72h_91,NCI-H2170,gt_image/ncih2170_jc_ner_ic50_72h_91.tif,gt_coords/ncih2170_jc_ner_ic50_72h_91.npy,91,91,0,gt_mask_cc_conn8_min3
ncih2170_jc_ner_ic50_72h_92,NCI-H2170,gt_image/ncih2170_jc_ner_ic50_72h_92.tif,gt_coords/ncih2170_jc_ner_ic50_72h_92.npy,233,238,5,gt_mask_cc_conn8_min3
ncih2170_jc_ner_ic50_72h_93,NCI-H2170,gt_image/ncih2170_jc_ner_ic50_72h_93.tif,gt_coords/ncih2170_jc_ner_ic50_72h_93.npy,159,159,0,gt_mask_cc_conn8_min3
ncih2170_jc_ner_ic50_72h_94,NCI-H2170,gt_image/ncih2170_jc_ner_ic50_72h_94.tif,gt_coords/ncih2170_jc_ner_ic50_72h_94.npy,191,192,1,gt_mask_cc_conn8_min3
ncih2170_jc_ner_ic50_72h_95,NCI-H2170,gt_image/ncih2170_jc_ner_ic50_72h_95.tif,gt_coords/ncih2170_jc_ner_ic50_72h_95.npy,596,604,8,gt_mask_cc_conn8_min3
ncih2170_jc_ner_ic50_72h_96,NCI-H2170,gt_image/ncih2170_jc_ner_ic50_72h_96.tif,gt_coords/ncih2170_jc_ner_ic50_72h_96.npy,434,440,6,gt_mask_cc_conn8_min3
ncih2170_jc_ner_ic50_72h_97,NCI-H2170,gt_image/ncih2170_jc_ner_ic50_72h_97.tif,gt_coords/ncih2170_jc_ner_ic50_72h_97.npy,836,841,5,gt_mask_cc_conn8_min3
ncih2170_jc_ner_ic50_72h_98,NCI-H2170,gt_image/ncih2170_jc_ner_ic50_72h_98.tif,gt_coords/ncih2170_jc_ner_ic50_72h_98.npy,151,154,3,gt_mask_cc_conn8_min3
ncih2170_jc_ner_ic50_72h_99,NCI-H2170,gt_image/ncih2170_jc_ner_ic50_72h_99.tif,gt_coords/ncih2170_jc_ner_ic50_72h_99.npy,230,230,0,gt_mask_cc_conn8_min3
ncih2170_post_facs_fish_high_her2_g3_10,NCI-H2170,gt_image/ncih2170_post_facs_fish_high_her2_g3_10.tif,gt_coords/ncih2170_post_facs_fish_high_her2_g3_10.npy,15,15,0,gt_mask_cc_conn8_min3
ncih2170_post_facs_fish_high_her2_g3_100,NCI-H2170,gt_image/ncih2170_post_facs_fish_high_her2_g3_100.tif,gt_coords/ncih2170_post_facs_fish_high_her2_g3_100.npy,560,604,44,gt_mask_cc_conn8_min3
ncih2170_post_facs_fish_high_her2_g3_104,NCI-H2170,gt_image/ncih2170_post_facs_fish_high_her2_g3_104.tif,gt_coords/ncih2170_post_facs_fish_high_her2_g3_104.npy,138,138,0,gt_mask_cc_conn8_min3
ncih2170_post_facs_fish_high_her2_g3_105,NCI-H2170,gt_image/ncih2170_post_facs_fish_high_her2_g3_105.tif,gt_coords/ncih2170_post_facs_fish_high_her2_g3_105.npy,240,240,0,gt_mask_cc_conn8_min3
ncih2170_post_facs_fish_high_her2_g3_106,NCI-H2170,gt_image/ncih2170_post_facs_fish_high_her2_g3_106.tif,gt_coords/ncih2170_post_facs_fish_high_her2_g3_106.npy,87,87,0,gt_mask_cc_conn8_min3
ncih2170_post_facs_fish_high_her2_g3_107,NCI-H2170,gt_image/ncih2170_post_facs_fish_high_her2_g3_107.tif,gt_coords/ncih2170_post_facs_fish_high_her2_g3_107.npy,129,129,0,gt_mask_cc_conn8_min3
ncih2170_post_facs_fish_high_her2_g3_108,NCI-H2170,gt_image/ncih2170_post_facs_fish_high_her2_g3_108.tif,gt_coords/ncih2170_post_facs_fish_high_her2_g3_108.npy,177,178,1,gt_mask_cc_conn8_min3
ncih2170_post_facs_fish_high_her2_g3_11,NCI-H2170,gt_image/ncih2170_post_facs_fish_high_her2_g3_11.tif,gt_coords/ncih2170_post_facs_fish_high_her2_g3_11.npy,47,49,2,gt_mask_cc_conn8_min3
ncih2170_post_facs_fish_high_her2_g3_110,NCI-H2170,gt_image/ncih2170_post_facs_fish_high_her2_g3_110.tif,gt_coords/ncih2170_post_facs_fish_high_her2_g3_110.npy,332,339,7,gt_mask_cc_conn8_min3
ncih2170_post_facs_fish_high_her2_g3_12,NCI-H2170,gt_image/ncih2170_post_facs_fish_high_her2_g3_12.tif,gt_coords/ncih2170_post_facs_fish_high_her2_g3_12.npy,113,113,0,gt_mask_cc_conn8_min3
ncih2170_post_facs_fish_high_her2_g3_13,NCI-H2170,gt_image/ncih2170_post_facs_fish_high_her2_g3_13.tif,gt_coords/ncih2170_post_facs_fish_high_her2_g3_13.npy,44,44,0,gt_mask_cc_conn8_min3
ncih2170_post_facs_fish_high_her2_g3_14,NCI-H2170,gt_image/ncih2170_post_facs_fish_high_her2_g3_14.tif,gt_coords/ncih2170_post_facs_fish_high_her2_g3_14.npy,100,100,0,gt_mask_cc_conn8_min3
ncih2170_post_facs_fish_high_her2_g3_15,NCI-H2170,gt_image/ncih2170_post_facs_fish_high_her2_g3_15.tif,gt_coords/ncih2170_post_facs_fish_high_her2_g3_15.npy,327,327,0,gt_mask_cc_conn8_min3
ncih2170_post_facs_fish_high_her2_g3_16,NCI-H2170,gt_image/ncih2170_post_facs_fish_high_her2_g3_16.tif,gt_coords/ncih2170_post_facs_fish_high_her2_g3_16.npy,152,152,0,gt_mask_cc_conn8_min3
ncih2170_post_facs_fish_high_her2_g3_17,NCI-H2170,gt_image/ncih2170_post_facs_fish_high_her2_g3_17.tif,gt_coords/ncih2170_post_facs_fish_high_her2_g3_17.npy,150,150,0,gt_mask_cc_conn8_min3
ncih2170_post_facs_fish_high_her2_g3_18,NCI-H2170,gt_image/ncih2170_post_facs_fish_high_her2_g3_18.tif,gt_coords/ncih2170_post_facs_fish_high_her2_g3_18.npy,122,122,0,gt_mask_cc_conn8_min3
ncih2170_post_facs_fish_high_her2_g3_19,NCI-H2170,gt_image/ncih2170_post_facs_fish_high_her2_g3_19.tif,gt_coords/ncih2170_post_facs_fish_high_her2_g3_19.npy,297,297,0,gt_mask_cc_conn8_min3
ncih2170_post_facs_fish_high_her2_g3_20,NCI-H2170,gt_image/ncih2170_post_facs_fish_high_her2_g3_20.tif,gt_coords/ncih2170_post_facs_fish_high_her2_g3_20.npy,257,258,1,gt_mask_cc_conn8_min3
ncih2170_post_facs_fish_high_her2_g3_21,NCI-H2170,gt_image/ncih2170_post_facs_fish_high_her2_g3_21.tif,gt_coords/ncih2170_post_facs_fish_high_her2_g3_21.npy,187,187,0,gt_mask_cc_conn8_min3
ncih2170_post_facs_fish_high_her2_g3_22,NCI-H2170,gt_image/ncih2170_post_facs_fish_high_her2_g3_22.tif,gt_coords/ncih2170_post_facs_fish_high_her2_g3_22.npy,147,147,0,gt_mask_cc_conn8_min3
ncih2170_post_facs_fish_high_her2_g3_23,NCI-H2170,gt_image/ncih2170_post_facs_fish_high_her2_g3_23.tif,gt_coords/ncih2170_post_facs_fish_high_her2_g3_23.npy,97,97,0,gt_mask_cc_conn8_min3
ncih2170_post_facs_fish_high_her2_g3_24,NCI-H2170,gt_image/ncih2170_post_facs_fish_high_her2_g3_24.tif,gt_coords/ncih2170_post_facs_fish_high_her2_g3_24.npy,467,467,0,gt_mask_cc_conn8_min3
ncih2170_post_facs_fish_high_her2_g3_25,NCI-H2170,gt_image/ncih2170_post_facs_fish_high_her2_g3_25.tif,gt_coords/ncih2170_post_facs_fish_high_her2_g3_25.npy,143,143,0,gt_mask_cc_conn8_min3
ncih2170_post_facs_fish_high_her2_g3_26,NCI-H2170,gt_image/ncih2170_post_facs_fish_high_her2_g3_26.tif,gt_coords/ncih2170_post_facs_fish_high_her2_g3_26.npy,346,348,2,gt_mask_cc_conn8_min3
ncih2170_post_facs_fish_high_her2_g3_27,NCI-H2170,gt_image/ncih2170_post_facs_fish_high_her2_g3_27.tif,gt_coords/ncih2170_post_facs_fish_high_her2_g3_27.npy,86,86,0,gt_mask_cc_conn8_min3
ncih2170_post_facs_fish_high_her2_g3_28,NCI-H2170,gt_image/ncih2170_post_facs_fish_high_her2_g3_28.tif,gt_coords/ncih2170_post_facs_fish_high_her2_g3_28.npy,89,89,0,gt_mask_cc_conn8_min3
ncih2170_post_facs_fish_high_her2_g3_29,NCI-H2170,gt_image/ncih2170_post_facs_fish_high_her2_g3_29.tif,gt_coords/ncih2170_post_facs_fish_high_her2_g3_29.npy,200,200,0,gt_mask_cc_conn8_min3
ncih2170_post_facs_fish_high_her2_g3_30,NCI-H2170,gt_image/ncih2170_post_facs_fish_high_her2_g3_30.tif,gt_coords/ncih2170_post_facs_fish_high_her2_g3_30.npy,304,305,1,gt_mask_cc_conn8_min3
ncih2170_post_facs_fish_high_her2_g3_31,NCI-H2170,gt_image/ncih2170_post_facs_fish_high_her2_g3_31.tif,gt_coords/ncih2170_post_facs_fish_high_her2_g3_31.npy,219,219,0,gt_mask_cc_conn8_min3
ncih2170_post_facs_fish_high_her2_g3_32,NCI-H2170,gt_image/ncih2170_post_facs_fish_high_her2_g3_32.tif,gt_coords/ncih2170_post_facs_fish_high_her2_g3_32.npy,34,34,0,gt_mask_cc_conn8_min3
ncih2170_post_facs_fish_high_her2_g3_33,NCI-H2170,gt_image/ncih2170_post_facs_fish_high_her2_g3_33.tif,gt_coords/ncih2170_post_facs_fish_high_her2_g3_33.npy,157,157,0,gt_mask_cc_conn8_min3
ncih2170_post_facs_fish_high_her2_g3_34,NCI-H2170,gt_image/ncih2170_post_facs_fish_high_her2_g3_34.tif,gt_coords/ncih2170_post_facs_fish_high_her2_g3_34.npy,287,289,2,gt_mask_cc_conn8_min3
ncih2170_post_facs_fish_high_her2_g3_35,NCI-H2170,gt_image/ncih2170_post_facs_fish_high_her2_g3_35.tif,gt_coords/ncih2170_post_facs_fish_high_her2_g3_35.npy,88,89,1,gt_mask_cc_conn8_min3
ncih2170_post_facs_fish_high_her2_g3_36,NCI-H2170,gt_image/ncih2170_post_facs_fish_high_her2_g3_36.tif,gt_coords/ncih2170_post_facs_fish_high_her2_g3_36.npy,338,338,0,gt_mask_cc_conn8_min3
ncih2170_post_facs_fish_high_her2_g3_37,NCI-H2170,gt_image/ncih2170_post_facs_fish_high_her2_g3_37.tif,gt_coords/ncih2170_post_facs_fish_high_her2_g3_37.npy,171,171,0,gt_mask_cc_conn8_min3
ncih2170_post_facs_fish_high_her2_g3_38,NCI-H2170,gt_image/ncih2170_post_facs_fish_high_her2_g3_38.tif,gt_coords/ncih2170_post_facs_fish_high_her2_g3_38.npy,113,113,0,gt_mask_cc_conn8_min3
ncih2170_post_facs_fish_high_her2_g3_39,NCI-H2170,gt_image/ncih2170_post_facs_fish_high_her2_g3_39.tif,gt_coords/ncih2170_post_facs_fish_high_her2_g3_39.npy,119,119,0,gt_mask_cc_conn8_min3
ncih2170_post_facs_fish_high_her2_g3_4,NCI-H2170,gt_image/ncih2170_post_facs_fish_high_her2_g3_4.tif,gt_coords/ncih2170_post_facs_fish_high_her2_g3_4.npy,322,322,0,gt_mask_cc_conn8_min3
ncih2170_post_facs_fish_high_her2_g3_40,NCI-H2170,gt_image/ncih2170_post_facs_fish_high_her2_g3_40.tif,gt_coords/ncih2170_post_facs_fish_high_her2_g3_40.npy,295,295,0,gt_mask_cc_conn8_min3
ncih2170_post_facs_fish_high_her2_g3_41,NCI-H2170,gt_image/ncih2170_post_facs_fish_high_her2_g3_41.tif,gt_coords/ncih2170_post_facs_fish_high_her2_g3_41.npy,216,216,0,gt_mask_cc_conn8_min3
ncih2170_post_facs_fish_high_her2_g3_42,NCI-H2170,gt_image/ncih2170_post_facs_fish_high_her2_g3_42.tif,gt_coords/ncih2170_post_facs_fish_high_her2_g3_42.npy,611,613,2,gt_mask_cc_conn8_min3
ncih2170_post_facs_fish_high_her2_g3_43,NCI-H2170,gt_image/ncih2170_post_facs_fish_high_her2_g3_43.tif,gt_coords/ncih2170_post_facs_fish_high_her2_g3_43.npy,184,184,0,gt_mask_cc_conn8_min3
ncih2170_post_facs_fish_high_her2_g3_44,NCI-H2170,gt_image/ncih2170_post_facs_fish_high_her2_g3_44.tif,gt_coords/ncih2170_post_facs_fish_high_her2_g3_44.npy,361,364,3,gt_mask_cc_conn8_min3
ncih2170_post_facs_fish_high_her2_g3_45,NCI-H2170,gt_image/ncih2170_post_facs_fish_high_her2_g3_45.tif,gt_coords/ncih2170_post_facs_fish_high_her2_g3_45.npy,150,151,1,gt_mask_cc_conn8_min3
ncih2170_post_facs_fish_high_her2_g3_46,NCI-H2170,gt_image/ncih2170_post_facs_fish_high_her2_g3_46.tif,gt_coords/ncih2170_post_facs_fish_high_her2_g3_46.npy,142,142,0,gt_mask_cc_conn8_min3
ncih2170_post_facs_fish_high_her2_g3_47,NCI-H2170,gt_image/ncih2170_post_facs_fish_high_her2_g3_47.tif,gt_coords/ncih2170_post_facs_fish_high_her2_g3_47.npy,257,261,4,gt_mask_cc_conn8_min3
ncih2170_post_facs_fish_high_her2_g3_48,NCI-H2170,gt_image/ncih2170_post_facs_fish_high_her2_g3_48.tif,gt_coords/ncih2170_post_facs_fish_high_her2_g3_48.npy,661,666,5,gt_mask_cc_conn8_min3
ncih2170_post_facs_fish_high_her2_g3_49,NCI-H2170,gt_image/ncih2170_post_facs_fish_high_her2_g3_49.tif,gt_coords/ncih2170_post_facs_fish_high_her2_g3_49.npy,62,62,0,gt_mask_cc_conn8_min3
ncih2170_post_facs_fish_high_her2_g3_5,NCI-H2170,gt_image/ncih2170_post_facs_fish_high_her2_g3_5.tif,gt_coords/ncih2170_post_facs_fish_high_her2_g3_5.npy,81,81,0,gt_mask_cc_conn8_min3
ncih2170_post_facs_fish_high_her2_g3_50,NCI-H2170,gt_image/ncih2170_post_facs_fish_high_her2_g3_50.tif,gt_coords/ncih2170_post_facs_fish_high_her2_g3_50.npy,100,100,0,gt_mask_cc_conn8_min3
ncih2170_post_facs_fish_high_her2_g3_51,NCI-H2170,gt_image/ncih2170_post_facs_fish_high_her2_g3_51.tif,gt_coords/ncih2170_post_facs_fish_high_her2_g3_51.npy,105,105,0,gt_mask_cc_conn8_min3
ncih2170_post_facs_fish_high_her2_g3_52,NCI-H2170,gt_image/ncih2170_post_facs_fish_high_her2_g3_52.tif,gt_coords/ncih2170_post_facs_fish_high_her2_g3_52.npy,268,268,0,gt_mask_cc_conn8_min3
ncih2170_post_facs_fish_high_her2_g3_53,NCI-H2170,gt_image/ncih2170_post_facs_fish_high_her2_g3_53.tif,gt_coords/ncih2170_post_facs_fish_high_her2_g3_53.npy,492,504,12,gt_mask_cc_conn8_min3
ncih2170_post_facs_fish_high_her2_g3_54,NCI-H2170,gt_image/ncih2170_post_facs_fish_high_her2_g3_54.tif,gt_coords/ncih2170_post_facs_fish_high_her2_g3_54.npy,359,365,6,gt_mask_cc_conn8_min3
ncih2170_post_facs_fish_high_her2_g3_55,NCI-H2170,gt_image/ncih2170_post_facs_fish_high_her2_g3_55.tif,gt_coords/ncih2170_post_facs_fish_high_her2_g3_55.npy,286,287,1,gt_mask_cc_conn8_min3
ncih2170_post_facs_fish_high_her2_g3_56,NCI-H2170,gt_image/ncih2170_post_facs_fish_high_her2_g3_56.tif,gt_coords/ncih2170_post_facs_fish_high_her2_g3_56.npy,146,146,0,gt_mask_cc_conn8_min3
ncih2170_post_facs_fish_high_her2_g3_57,NCI-H2170,gt_image/ncih2170_post_facs_fish_high_her2_g3_57.tif,gt_coords/ncih2170_post_facs_fish_high_her2_g3_57.npy,139,139,0,gt_mask_cc_conn8_min3
ncih2170_post_facs_fish_high_her2_g3_58,NCI-H2170,gt_image/ncih2170_post_facs_fish_high_her2_g3_58.tif,gt_coords/ncih2170_post_facs_fish_high_her2_g3_58.npy,85,88,3,gt_mask_cc_conn8_min3
ncih2170_post_facs_fish_high_her2_g3_59,NCI-H2170,gt_image/ncih2170_post_facs_fish_high_her2_g3_59.tif,gt_coords/ncih2170_post_facs_fish_high_her2_g3_59.npy,379,384,5,gt_mask_cc_conn8_min3
ncih2170_post_facs_fish_high_her2_g3_6,NCI-H2170,gt_image/ncih2170_post_facs_fish_high_her2_g3_6.tif,gt_coords/ncih2170_post_facs_fish_high_her2_g3_6.npy,247,247,0,gt_mask_cc_conn8_min3
ncih2170_post_facs_fish_high_her2_g3_60,NCI-H2170,gt_image/ncih2170_post_facs_fish_high_her2_g3_60.tif,gt_coords/ncih2170_post_facs_fish_high_her2_g3_60.npy,92,92,0,gt_mask_cc_conn8_min3
ncih2170_post_facs_fish_high_her2_g3_61,NCI-H2170,gt_image/ncih2170_post_facs_fish_high_her2_g3_61.tif,gt_coords/ncih2170_post_facs_fish_high_her2_g3_61.npy,186,186,0,gt_mask_cc_conn8_min3
ncih2170_post_facs_fish_high_her2_g3_62,NCI-H2170,gt_image/ncih2170_post_facs_fish_high_her2_g3_62.tif,gt_coords/ncih2170_post_facs_fish_high_her2_g3_62.npy,14,14,0,gt_mask_cc_conn8_min3
ncih2170_post_facs_fish_high_her2_g3_63,NCI-H2170,gt_image/ncih2170_post_facs_fish_high_her2_g3_63.tif,gt_coords/ncih2170_post_facs_fish_high_her2_g3_63.npy,445,447,2,gt_mask_cc_conn8_min3
ncih2170_post_facs_fish_high_her2_g3_64,NCI-H2170,gt_image/ncih2170_post_facs_fish_high_her2_g3_64.tif,gt_coords/ncih2170_post_facs_fish_high_her2_g3_64.npy,115,116,1,gt_mask_cc_conn8_min3
ncih2170_post_facs_fish_high_her2_g3_65,NCI-H2170,gt_image/ncih2170_post_facs_fish_high_her2_g3_65.tif,gt_coords/ncih2170_post_facs_fish_high_her2_g3_65.npy,88,88,0,gt_mask_cc_conn8_min3
ncih2170_post_facs_fish_high_her2_g3_66,NCI-H2170,gt_image/ncih2170_post_facs_fish_high_her2_g3_66.tif,gt_coords/ncih2170_post_facs_fish_high_her2_g3_66.npy,104,105,1,gt_mask_cc_conn8_min3
ncih2170_post_facs_fish_high_her2_g3_67,NCI-H2170,gt_image/ncih2170_post_facs_fish_high_her2_g3_67.tif,gt_coords/ncih2170_post_facs_fish_high_her2_g3_67.npy,242,242,0,gt_mask_cc_conn8_min3
ncih2170_post_facs_fish_high_her2_g3_68,NCI-H2170,gt_image/ncih2170_post_facs_fish_high_her2_g3_68.tif,gt_coords/ncih2170_post_facs_fish_high_her2_g3_68.npy,102,103,1,gt_mask_cc_conn8_min3
ncih2170_post_facs_fish_high_her2_g3_69,NCI-H2170,gt_image/ncih2170_post_facs_fish_high_her2_g3_69.tif,gt_coords/ncih2170_post_facs_fish_high_her2_g3_69.npy,116,116,0,gt_mask_cc_conn8_min3
ncih2170_post_facs_fish_high_her2_g3_7,NCI-H2170,gt_image/ncih2170_post_facs_fish_high_her2_g3_7.tif,gt_coords/ncih2170_post_facs_fish_high_her2_g3_7.npy,309,309,0,gt_mask_cc_conn8_min3
ncih2170_post_facs_fish_high_her2_g3_70,NCI-H2170,gt_image/ncih2170_post_facs_fish_high_her2_g3_70.tif,gt_coords/ncih2170_post_facs_fish_high_her2_g3_70.npy,114,114,0,gt_mask_cc_conn8_min3
ncih2170_post_facs_fish_high_her2_g3_71,NCI-H2170,gt_image/ncih2170_post_facs_fish_high_her2_g3_71.tif,gt_coords/ncih2170_post_facs_fish_high_her2_g3_71.npy,253,255,2,gt_mask_cc_conn8_min3
ncih2170_post_facs_fish_high_her2_g3_72,NCI-H2170,gt_image/ncih2170_post_facs_fish_high_her2_g3_72.tif,gt_coords/ncih2170_post_facs_fish_high_her2_g3_72.npy,211,214,3,gt_mask_cc_conn8_min3
ncih2170_post_facs_fish_high_her2_g3_73,NCI-H2170,gt_image/ncih2170_post_facs_fish_high_her2_g3_73.tif,gt_coords/ncih2170_post_facs_fish_high_her2_g3_73.npy,125,125,0,gt_mask_cc_conn8_min3
ncih2170_post_facs_fish_high_her2_g3_74,NCI-H2170,gt_image/ncih2170_post_facs_fish_high_her2_g3_74.tif,gt_coords/ncih2170_post_facs_fish_high_her2_g3_74.npy,221,222,1,gt_mask_cc_conn8_min3
ncih2170_post_facs_fish_high_her2_g3_75,NCI-H2170,gt_image/ncih2170_post_facs_fish_high_her2_g3_75.tif,gt_coords/ncih2170_post_facs_fish_high_her2_g3_75.npy,90,90,0,gt_mask_cc_conn8_min3
ncih2170_post_facs_fish_high_her2_g3_76,NCI-H2170,gt_image/ncih2170_post_facs_fish_high_her2_g3_76.tif,gt_coords/ncih2170_post_facs_fish_high_her2_g3_76.npy,317,317,0,gt_mask_cc_conn8_min3
ncih2170_post_facs_fish_high_her2_g3_77,NCI-H2170,gt_image/ncih2170_post_facs_fish_high_her2_g3_77.tif,gt_coords/ncih2170_post_facs_fish_high_her2_g3_77.npy,60,60,0,gt_mask_cc_conn8_min3
ncih2170_post_facs_fish_high_her2_g3_78,NCI-H2170,gt_image/ncih2170_post_facs_fish_high_her2_g3_78.tif,gt_coords/ncih2170_post_facs_fish_high_her2_g3_78.npy,153,153,0,gt_mask_cc_conn8_min3
ncih2170_post_facs_fish_high_her2_g3_79,NCI-H2170,gt_image/ncih2170_post_facs_fish_high_her2_g3_79.tif,gt_coords/ncih2170_post_facs_fish_high_her2_g3_79.npy,86,87,1,gt_mask_cc_conn8_min3
ncih2170_post_facs_fish_high_her2_g3_8,NCI-H2170,gt_image/ncih2170_post_facs_fish_high_her2_g3_8.tif,gt_coords/ncih2170_post_facs_fish_high_her2_g3_8.npy,145,145,0,gt_mask_cc_conn8_min3
ncih2170_post_facs_fish_high_her2_g3_81,NCI-H2170,gt_image/ncih2170_post_facs_fish_high_her2_g3_81.tif,gt_coords/ncih2170_post_facs_fish_high_her2_g3_81.npy,70,70,0,gt_mask_cc_conn8_min3
ncih2170_post_facs_fish_high_her2_g3_82,NCI-H2170,gt_image/ncih2170_post_facs_fish_high_her2_g3_82.tif,gt_coords/ncih2170_post_facs_fish_high_her2_g3_82.npy,202,205,3,gt_mask_cc_conn8_min3
ncih2170_post_facs_fish_high_her2_g3_83,NCI-H2170,gt_image/ncih2170_post_facs_fish_high_her2_g3_83.tif,gt_coords/ncih2170_post_facs_fish_high_her2_g3_83.npy,131,131,0,gt_mask_cc_conn8_min3
ncih2170_post_facs_fish_high_her2_g3_84,NCI-H2170,gt_image/ncih2170_post_facs_fish_high_her2_g3_84.tif,gt_coords/ncih2170_post_facs_fish_high_her2_g3_84.npy,183,183,0,gt_mask_cc_conn8_min3
ncih2170_post_facs_fish_high_her2_g3_85,NCI-H2170,gt_image/ncih2170_post_facs_fish_high_her2_g3_85.tif,gt_coords/ncih2170_post_facs_fish_high_her2_g3_85.npy,68,68,0,gt_mask_cc_conn8_min3
ncih2170_post_facs_fish_high_her2_g3_87,NCI-H2170,gt_image/ncih2170_post_facs_fish_high_her2_g3_87.tif,gt_coords/ncih2170_post_facs_fish_high_her2_g3_87.npy,88,88,0,gt_mask_cc_conn8_min3
ncih2170_post_facs_fish_high_her2_g3_88,NCI-H2170,gt_image/ncih2170_post_facs_fish_high_her2_g3_88.tif,gt_coords/ncih2170_post_facs_fish_high_her2_g3_88.npy,150,150,0,gt_mask_cc_conn8_min3
ncih2170_post_facs_fish_high_her2_g3_89,NCI-H2170,gt_image/ncih2170_post_facs_fish_high_her2_g3_89.tif,gt_coords/ncih2170_post_facs_fish_high_her2_g3_89.npy,65,65,0,gt_mask_cc_conn8_min3
ncih2170_post_facs_fish_high_her2_g3_9,NCI-H2170,gt_image/ncih2170_post_facs_fish_high_her2_g3_9.tif,gt_coords/ncih2170_post_facs_fish_high_her2_g3_9.npy,115,115,0,gt_mask_cc_conn8_min3
ncih2170_post_facs_fish_high_her2_g3_90,NCI-H2170,gt_image/ncih2170_post_facs_fish_high_her2_g3_90.tif,gt_coords/ncih2170_post_facs_fish_high_her2_g3_90.npy,311,311,0,gt_mask_cc_conn8_min3
ncih2170_post_facs_fish_high_her2_g3_91,NCI-H2170,gt_image/ncih2170_post_facs_fish_high_her2_g3_91.tif,gt_coords/ncih2170_post_facs_fish_high_her2_g3_91.npy,108,108,0,gt_mask_cc_conn8_min3
ncih2170_post_facs_fish_high_her2_g3_92,NCI-H2170,gt_image/ncih2170_post_facs_fish_high_her2_g3_92.tif,gt_coords/ncih2170_post_facs_fish_high_her2_g3_92.npy,228,228,0,gt_mask_cc_conn8_min3
ncih2170_post_facs_fish_high_her2_g3_93,NCI-H2170,gt_image/ncih2170_post_facs_fish_high_her2_g3_93.tif,gt_coords/ncih2170_post_facs_fish_high_her2_g3_93.npy,175,175,0,gt_mask_cc_conn8_min3
ncih2170_post_facs_fish_high_her2_g3_94,NCI-H2170,gt_image/ncih2170_post_facs_fish_high_her2_g3_94.tif,gt_coords/ncih2170_post_facs_fish_high_her2_g3_94.npy,54,54,0,gt_mask_cc_conn8_min3
ncih2170_post_facs_fish_high_her2_g3_95,NCI-H2170,gt_image/ncih2170_post_facs_fish_high_her2_g3_95.tif,gt_coords/ncih2170_post_facs_fish_high_her2_g3_95.npy,164,165,1,gt_mask_cc_conn8_min3
ncih2170_post_facs_fish_high_her2_g3_96,NCI-H2170,gt_image/ncih2170_post_facs_fish_high_her2_g3_96.tif,gt_coords/ncih2170_post_facs_fish_high_her2_g3_96.npy,227,227,0,gt_mask_cc_conn8_min3
ncih2170_post_facs_fish_high_her2_g3_97,NCI-H2170,gt_image/ncih2170_post_facs_fish_high_her2_g3_97.tif,gt_coords/ncih2170_post_facs_fish_high_her2_g3_97.npy,65,65,0,gt_mask_cc_conn8_min3
ncih2170_post_facs_fish_high_her2_g3_98,NCI-H2170,gt_image/ncih2170_post_facs_fish_high_her2_g3_98.tif,gt_coords/ncih2170_post_facs_fish_high_her2_g3_98.npy,221,222,1,gt_mask_cc_conn8_min3
ncih2170_post_facs_fish_high_her2_g3_99,NCI-H2170,gt_image/ncih2170_post_facs_fish_high_her2_g3_99.tif,gt_coords/ncih2170_post_facs_fish_high_her2_g3_99.npy,107,107,0,gt_mask_cc_conn8_min3
ncih2170_post_facs_fish_low_her2_g3_1,NCI-H2170,gt_image/ncih2170_post_facs_fish_low_her2_g3_1.tif,gt_coords/ncih2170_post_facs_fish_low_her2_g3_1.npy,170,170,0,gt_mask_cc_conn8_min3
ncih2170_post_facs_fish_low_her2_g3_10,NCI-H2170,gt_image/ncih2170_post_facs_fish_low_her2_g3_10.tif,gt_coords/ncih2170_post_facs_fish_low_her2_g3_10.npy,64,64,0,gt_mask_cc_conn8_min3
ncih2170_post_facs_fish_low_her2_g3_100,NCI-H2170,gt_image/ncih2170_post_facs_fish_low_her2_g3_100.tif,gt_coords/ncih2170_post_facs_fish_low_her2_g3_100.npy,334,337,3,gt_mask_cc_conn8_min3
ncih2170_post_facs_fish_low_her2_g3_101,NCI-H2170,gt_image/ncih2170_post_facs_fish_low_her2_g3_101.tif,gt_coords/ncih2170_post_facs_fish_low_her2_g3_101.npy,153,153,0,gt_mask_cc_conn8_min3
ncih2170_post_facs_fish_low_her2_g3_102,NCI-H2170,gt_image/ncih2170_post_facs_fish_low_her2_g3_102.tif,gt_coords/ncih2170_post_facs_fish_low_her2_g3_102.npy,235,240,5,gt_mask_cc_conn8_min3
ncih2170_post_facs_fish_low_her2_g3_103,NCI-H2170,gt_image/ncih2170_post_facs_fish_low_her2_g3_103.tif,gt_coords/ncih2170_post_facs_fish_low_her2_g3_103.npy,275,275,0,gt_mask_cc_conn8_min3
ncih2170_post_facs_fish_low_her2_g3_104,NCI-H2170,gt_image/ncih2170_post_facs_fish_low_her2_g3_104.tif,gt_coords/ncih2170_post_facs_fish_low_her2_g3_104.npy,212,212,0,gt_mask_cc_conn8_min3
ncih2170_post_facs_fish_low_her2_g3_105_a,NCI-H2170,gt_image/ncih2170_post_facs_fish_low_her2_g3_105_a.tif,gt_coords/ncih2170_post_facs_fish_low_her2_g3_105_a.npy,241,241,0,gt_mask_cc_conn8_min3
ncih2170_post_facs_fish_low_her2_g3_105_b,NCI-H2170,gt_image/ncih2170_post_facs_fish_low_her2_g3_105_b.tif,gt_coords/ncih2170_post_facs_fish_low_her2_g3_105_b.npy,125,125,0,gt_mask_cc_conn8_min3
ncih2170_post_facs_fish_low_her2_g3_106,NCI-H2170,gt_image/ncih2170_post_facs_fish_low_her2_g3_106.tif,gt_coords/ncih2170_post_facs_fish_low_her2_g3_106.npy,202,204,2,gt_mask_cc_conn8_min3
ncih2170_post_facs_fish_low_her2_g3_107,NCI-H2170,gt_image/ncih2170_post_facs_fish_low_her2_g3_107.tif,gt_coords/ncih2170_post_facs_fish_low_her2_g3_107.npy,223,223,0,gt_mask_cc_conn8_min3
ncih2170_post_facs_fish_low_her2_g3_108,NCI-H2170,gt_image/ncih2170_post_facs_fish_low_her2_g3_108.tif,gt_coords/ncih2170_post_facs_fish_low_her2_g3_108.npy,43,43,0,gt_mask_cc_conn8_min3
ncih2170_post_facs_fish_low_her2_g3_109_a,NCI-H2170,gt_image/ncih2170_post_facs_fish_low_her2_g3_109_a.tif,gt_coords/ncih2170_post_facs_fish_low_her2_g3_109_a.npy,5,5,0,gt_mask_cc_conn8_min3
ncih2170_post_facs_fish_low_her2_g3_109_b,NCI-H2170,gt_image/ncih2170_post_facs_fish_low_her2_g3_109_b.tif,gt_coords/ncih2170_post_facs_fish_low_her2_g3_109_b.npy,70,70,0,gt_mask_cc_conn8_min3
ncih2170_post_facs_fish_low_her2_g3_11,NCI-H2170,gt_image/ncih2170_post_facs_fish_low_her2_g3_11.tif,gt_coords/ncih2170_post_facs_fish_low_her2_g3_11.npy,211,213,2,gt_mask_cc_conn8_min3
ncih2170_post_facs_fish_low_her2_g3_110,NCI-H2170,gt_image/ncih2170_post_facs_fish_low_her2_g3_110.tif,gt_coords/ncih2170_post_facs_fish_low_her2_g3_110.npy,189,189,0,gt_mask_cc_conn8_min3
ncih2170_post_facs_fish_low_her2_g3_111,NCI-H2170,gt_image/ncih2170_post_facs_fish_low_her2_g3_111.tif,gt_coords/ncih2170_post_facs_fish_low_her2_g3_111.npy,55,55,0,gt_mask_cc_conn8_min3
ncih2170_post_facs_fish_low_her2_g3_112,NCI-H2170,gt_image/ncih2170_post_facs_fish_low_her2_g3_112.tif,gt_coords/ncih2170_post_facs_fish_low_her2_g3_112.npy,165,165,0,gt_mask_cc_conn8_min3
ncih2170_post_facs_fish_low_her2_g3_113,NCI-H2170,gt_image/ncih2170_post_facs_fish_low_her2_g3_113.tif,gt_coords/ncih2170_post_facs_fish_low_her2_g3_113.npy,190,191,1,gt_mask_cc_conn8_min3
ncih2170_post_facs_fish_low_her2_g3_114,NCI-H2170,gt_image/ncih2170_post_facs_fish_low_her2_g3_114.tif,gt_coords/ncih2170_post_facs_fish_low_her2_g3_114.npy,191,191,0,gt_mask_cc_conn8_min3
ncih2170_post_facs_fish_low_her2_g3_115,NCI-H2170,gt_image/ncih2170_post_facs_fish_low_her2_g3_115.tif,gt_coords/ncih2170_post_facs_fish_low_her2_g3_115.npy,41,41,0,gt_mask_cc_conn8_min3
ncih2170_post_facs_fish_low_her2_g3_116,NCI-H2170,gt_image/ncih2170_post_facs_fish_low_her2_g3_116.tif,gt_coords/ncih2170_post_facs_fish_low_her2_g3_116.npy,322,326,4,gt_mask_cc_conn8_min3
ncih2170_post_facs_fish_low_her2_g3_117,NCI-H2170,gt_image/ncih2170_post_facs_fish_low_her2_g3_117.tif,gt_coords/ncih2170_post_facs_fish_low_her2_g3_117.npy,66,68,2,gt_mask_cc_conn8_min3
ncih2170_post_facs_fish_low_her2_g3_119,NCI-H2170,gt_image/ncih2170_post_facs_fish_low_her2_g3_119.tif,gt_coords/ncih2170_post_facs_fish_low_her2_g3_119.npy,353,364,11,gt_mask_cc_conn8_min3
ncih2170_post_facs_fish_low_her2_g3_12,NCI-H2170,gt_image/ncih2170_post_facs_fish_low_her2_g3_12.tif,gt_coords/ncih2170_post_facs_fish_low_her2_g3_12.npy,72,73,1,gt_mask_cc_conn8_min3
ncih2170_post_facs_fish_low_her2_g3_120,NCI-H2170,gt_image/ncih2170_post_facs_fish_low_her2_g3_120.tif,gt_coords/ncih2170_post_facs_fish_low_her2_g3_120.npy,326,336,10,gt_mask_cc_conn8_min3
ncih2170_post_facs_fish_low_her2_g3_13,NCI-H2170,gt_image/ncih2170_post_facs_fish_low_her2_g3_13.tif,gt_coords/ncih2170_post_facs_fish_low_her2_g3_13.npy,197,197,0,gt_mask_cc_conn8_min3
ncih2170_post_facs_fish_low_her2_g3_14,NCI-H2170,gt_image/ncih2170_post_facs_fish_low_her2_g3_14.tif,gt_coords/ncih2170_post_facs_fish_low_her2_g3_14.npy,178,178,0,gt_mask_cc_conn8_min3
ncih2170_post_facs_fish_low_her2_g3_15,NCI-H2170,gt_image/ncih2170_post_facs_fish_low_her2_g3_15.tif,gt_coords/ncih2170_post_facs_fish_low_her2_g3_15.npy,138,138,0,gt_mask_cc_conn8_min3
ncih2170_post_facs_fish_low_her2_g3_16,NCI-H2170,gt_image/ncih2170_post_facs_fish_low_her2_g3_16.tif,gt_coords/ncih2170_post_facs_fish_low_her2_g3_16.npy,146,146,0,gt_mask_cc_conn8_min3
ncih2170_post_facs_fish_low_her2_g3_17,NCI-H2170,gt_image/ncih2170_post_facs_fish_low_her2_g3_17.tif,gt_coords/ncih2170_post_facs_fish_low_her2_g3_17.npy,275,275,0,gt_mask_cc_conn8_min3
ncih2170_post_facs_fish_low_her2_g3_18,NCI-H2170,gt_image/ncih2170_post_facs_fish_low_her2_g3_18.tif,gt_coords/ncih2170_post_facs_fish_low_her2_g3_18.npy,211,213,2,gt_mask_cc_conn8_min3
ncih2170_post_facs_fish_low_her2_g3_19,NCI-H2170,gt_image/ncih2170_post_facs_fish_low_her2_g3_19.tif,gt_coords/ncih2170_post_facs_fish_low_her2_g3_19.npy,396,397,1,gt_mask_cc_conn8_min3
ncih2170_post_facs_fish_low_her2_g3_2,NCI-H2170,gt_image/ncih2170_post_facs_fish_low_her2_g3_2.tif,gt_coords/ncih2170_post_facs_fish_low_her2_g3_2.npy,230,230,0,gt_mask_cc_conn8_min3
ncih2170_post_facs_fish_low_her2_g3_20,NCI-H2170,gt_image/ncih2170_post_facs_fish_low_her2_g3_20.tif,gt_coords/ncih2170_post_facs_fish_low_her2_g3_20.npy,203,203,0,gt_mask_cc_conn8_min3
ncih2170_post_facs_fish_low_her2_g3_21,NCI-H2170,gt_image/ncih2170_post_facs_fish_low_her2_g3_21.tif,gt_coords/ncih2170_post_facs_fish_low_her2_g3_21.npy,78,78,0,gt_mask_cc_conn8_min3
ncih2170_post_facs_fish_low_her2_g3_22,NCI-H2170,gt_image/ncih2170_post_facs_fish_low_her2_g3_22.tif,gt_coords/ncih2170_post_facs_fish_low_her2_g3_22.npy,134,134,0,gt_mask_cc_conn8_min3
ncih2170_post_facs_fish_low_her2_g3_23,NCI-H2170,gt_image/ncih2170_post_facs_fish_low_her2_g3_23.tif,gt_coords/ncih2170_post_facs_fish_low_her2_g3_23.npy,44,44,0,gt_mask_cc_conn8_min3
ncih2170_post_facs_fish_low_her2_g3_23_a,NCI-H2170,gt_image/ncih2170_post_facs_fish_low_her2_g3_23_a.tif,gt_coords/ncih2170_post_facs_fish_low_her2_g3_23_a.npy,155,155,0,gt_mask_cc_conn8_min3
ncih2170_post_facs_fish_low_her2_g3_24,NCI-H2170,gt_image/ncih2170_post_facs_fish_low_her2_g3_24.tif,gt_coords/ncih2170_post_facs_fish_low_her2_g3_24.npy,316,320,4,gt_mask_cc_conn8_min3
ncih2170_post_facs_fish_low_her2_g3_25,NCI-H2170,gt_image/ncih2170_post_facs_fish_low_her2_g3_25.tif,gt_coords/ncih2170_post_facs_fish_low_her2_g3_25.npy,112,112,0,gt_mask_cc_conn8_min3
ncih2170_post_facs_fish_low_her2_g3_26,NCI-H2170,gt_image/ncih2170_post_facs_fish_low_her2_g3_26.tif,gt_coords/ncih2170_post_facs_fish_low_her2_g3_26.npy,111,111,0,gt_mask_cc_conn8_min3
ncih2170_post_facs_fish_low_her2_g3_27,NCI-H2170,gt_image/ncih2170_post_facs_fish_low_her2_g3_27.tif,gt_coords/ncih2170_post_facs_fish_low_her2_g3_27.npy,277,278,1,gt_mask_cc_conn8_min3
ncih2170_post_facs_fish_low_her2_g3_28,NCI-H2170,gt_image/ncih2170_post_facs_fish_low_her2_g3_28.tif,gt_coords/ncih2170_post_facs_fish_low_her2_g3_28.npy,61,61,0,gt_mask_cc_conn8_min3
ncih2170_post_facs_fish_low_her2_g3_29,NCI-H2170,gt_image/ncih2170_post_facs_fish_low_her2_g3_29.tif,gt_coords/ncih2170_post_facs_fish_low_her2_g3_29.npy,258,258,0,gt_mask_cc_conn8_min3
ncih2170_post_facs_fish_low_her2_g3_3,NCI-H2170,gt_image/ncih2170_post_facs_fish_low_her2_g3_3.tif,gt_coords/ncih2170_post_facs_fish_low_her2_g3_3.npy,129,129,0,gt_mask_cc_conn8_min3
ncih2170_post_facs_fish_low_her2_g3_30,NCI-H2170,gt_image/ncih2170_post_facs_fish_low_her2_g3_30.tif,gt_coords/ncih2170_post_facs_fish_low_her2_g3_30.npy,213,214,1,gt_mask_cc_conn8_min3
ncih2170_post_facs_fish_low_her2_g3_31,NCI-H2170,gt_image/ncih2170_post_facs_fish_low_her2_g3_31.tif,gt_coords/ncih2170_post_facs_fish_low_her2_g3_31.npy,276,276,0,gt_mask_cc_conn8_min3
ncih2170_post_facs_fish_low_her2_g3_32,NCI-H2170,gt_image/ncih2170_post_facs_fish_low_her2_g3_32.tif,gt_coords/ncih2170_post_facs_fish_low_her2_g3_32.npy,31,31,0,gt_mask_cc_conn8_min3
ncih2170_post_facs_fish_low_her2_g3_33,NCI-H2170,gt_image/ncih2170_post_facs_fish_low_her2_g3_33.tif,gt_coords/ncih2170_post_facs_fish_low_her2_g3_33.npy,238,238,0,gt_mask_cc_conn8_min3
ncih2170_post_facs_fish_low_her2_g3_34,NCI-H2170,gt_image/ncih2170_post_facs_fish_low_her2_g3_34.tif,gt_coords/ncih2170_post_facs_fish_low_her2_g3_34.npy,189,190,1,gt_mask_cc_conn8_min3
ncih2170_post_facs_fish_low_her2_g3_35,NCI-H2170,gt_image/ncih2170_post_facs_fish_low_her2_g3_35.tif,gt_coords/ncih2170_post_facs_fish_low_her2_g3_35.npy,118,118,0,gt_mask_cc_conn8_min3
ncih2170_post_facs_fish_low_her2_g3_36,NCI-H2170,gt_image/ncih2170_post_facs_fish_low_her2_g3_36.tif,gt_coords/ncih2170_post_facs_fish_low_her2_g3_36.npy,179,179,0,gt_mask_cc_conn8_min3
ncih2170_post_facs_fish_low_her2_g3_37,NCI-H2170,gt_image/ncih2170_post_facs_fish_low_her2_g3_37.tif,gt_coords/ncih2170_post_facs_fish_low_her2_g3_37.npy,154,160,6,gt_mask_cc_conn8_min3
ncih2170_post_facs_fish_low_her2_g3_38,NCI-H2170,gt_image/ncih2170_post_facs_fish_low_her2_g3_38.tif,gt_coords/ncih2170_post_facs_fish_low_her2_g3_38.npy,400,401,1,gt_mask_cc_conn8_min3
ncih2170_post_facs_fish_low_her2_g3_39,NCI-H2170,gt_image/ncih2170_post_facs_fish_low_her2_g3_39.tif,gt_coords/ncih2170_post_facs_fish_low_her2_g3_39.npy,191,191,0,gt_mask_cc_conn8_min3
ncih2170_post_facs_fish_low_her2_g3_4,NCI-H2170,gt_image/ncih2170_post_facs_fish_low_her2_g3_4.tif,gt_coords/ncih2170_post_facs_fish_low_her2_g3_4.npy,90,90,0,gt_mask_cc_conn8_min3
ncih2170_post_facs_fish_low_her2_g3_40,NCI-H2170,gt_image/ncih2170_post_facs_fish_low_her2_g3_40.tif,gt_coords/ncih2170_post_facs_fish_low_her2_g3_40.npy,378,380,2,gt_mask_cc_conn8_min3
ncih2170_post_facs_fish_low_her2_g3_41,NCI-H2170,gt_image/ncih2170_post_facs_fish_low_her2_g3_41.tif,gt_coords/ncih2170_post_facs_fish_low_her2_g3_41.npy,122,123,1,gt_mask_cc_conn8_min3
ncih2170_post_facs_fish_low_her2_g3_42,NCI-H2170,gt_image/ncih2170_post_facs_fish_low_her2_g3_42.tif,gt_coords/ncih2170_post_facs_fish_low_her2_g3_42.npy,66,66,0,gt_mask_cc_conn8_min3
ncih2170_post_facs_fish_low_her2_g3_43,NCI-H2170,gt_image/ncih2170_post_facs_fish_low_her2_g3_43.tif,gt_coords/ncih2170_post_facs_fish_low_her2_g3_43.npy,184,184,0,gt_mask_cc_conn8_min3
ncih2170_post_facs_fish_low_her2_g3_44,NCI-H2170,gt_image/ncih2170_post_facs_fish_low_her2_g3_44.tif,gt_coords/ncih2170_post_facs_fish_low_her2_g3_44.npy,342,342,0,gt_mask_cc_conn8_min3
ncih2170_post_facs_fish_low_her2_g3_45,NCI-H2170,gt_image/ncih2170_post_facs_fish_low_her2_g3_45.tif,gt_coords/ncih2170_post_facs_fish_low_her2_g3_45.npy,116,116,0,gt_mask_cc_conn8_min3
ncih2170_post_facs_fish_low_her2_g3_46,NCI-H2170,gt_image/ncih2170_post_facs_fish_low_her2_g3_46.tif,gt_coords/ncih2170_post_facs_fish_low_her2_g3_46.npy,661,669,8,gt_mask_cc_conn8_min3
ncih2170_post_facs_fish_low_her2_g3_47,NCI-H2170,gt_image/ncih2170_post_facs_fish_low_her2_g3_47.tif,gt_coords/ncih2170_post_facs_fish_low_her2_g3_47.npy,45,45,0,gt_mask_cc_conn8_min3
ncih2170_post_facs_fish_low_her2_g3_48,NCI-H2170,gt_image/ncih2170_post_facs_fish_low_her2_g3_48.tif,gt_coords/ncih2170_post_facs_fish_low_her2_g3_48.npy,170,172,2,gt_mask_cc_conn8_min3
ncih2170_post_facs_fish_low_her2_g3_49,NCI-H2170,gt_image/ncih2170_post_facs_fish_low_her2_g3_49.tif,gt_coords/ncih2170_post_facs_fish_low_her2_g3_49.npy,63,65,2,gt_mask_cc_conn8_min3
ncih2170_post_facs_fish_low_her2_g3_5,NCI-H2170,gt_image/ncih2170_post_facs_fish_low_her2_g3_5.tif,gt_coords/ncih2170_post_facs_fish_low_her2_g3_5.npy,193,193,0,gt_mask_cc_conn8_min3
ncih2170_post_facs_fish_low_her2_g3_50,NCI-H2170,gt_image/ncih2170_post_facs_fish_low_her2_g3_50.tif,gt_coords/ncih2170_post_facs_fish_low_her2_g3_50.npy,113,113,0,gt_mask_cc_conn8_min3
ncih2170_post_facs_fish_low_her2_g3_51,NCI-H2170,gt_image/ncih2170_post_facs_fish_low_her2_g3_51.tif,gt_coords/ncih2170_post_facs_fish_low_her2_g3_51.npy,335,340,5,gt_mask_cc_conn8_min3
ncih2170_post_facs_fish_low_her2_g3_52,NCI-H2170,gt_image/ncih2170_post_facs_fish_low_her2_g3_52.tif,gt_coords/ncih2170_post_facs_fish_low_her2_g3_52.npy,276,282,6,gt_mask_cc_conn8_min3
ncih2170_post_facs_fish_low_her2_g3_53,NCI-H2170,gt_image/ncih2170_post_facs_fish_low_her2_g3_53.tif,gt_coords/ncih2170_post_facs_fish_low_her2_g3_53.npy,61,61,0,gt_mask_cc_conn8_min3
ncih2170_post_facs_fish_low_her2_g3_54,NCI-H2170,gt_image/ncih2170_post_facs_fish_low_her2_g3_54.tif,gt_coords/ncih2170_post_facs_fish_low_her2_g3_54.npy,56,56,0,gt_mask_cc_conn8_min3
ncih2170_post_facs_fish_low_her2_g3_55,NCI-H2170,gt_image/ncih2170_post_facs_fish_low_her2_g3_55.tif,gt_coords/ncih2170_post_facs_fish_low_her2_g3_55.npy,54,54,0,gt_mask_cc_conn8_min3
ncih2170_post_facs_fish_low_her2_g3_56,NCI-H2170,gt_image/ncih2170_post_facs_fish_low_her2_g3_56.tif,gt_coords/ncih2170_post_facs_fish_low_her2_g3_56.npy,191,194,3,gt_mask_cc_conn8_min3
ncih2170_post_facs_fish_low_her2_g3_57,NCI-H2170,gt_image/ncih2170_post_facs_fish_low_her2_g3_57.tif,gt_coords/ncih2170_post_facs_fish_low_her2_g3_57.npy,148,148,0,gt_mask_cc_conn8_min3
ncih2170_post_facs_fish_low_her2_g3_58,NCI-H2170,gt_image/ncih2170_post_facs_fish_low_her2_g3_58.tif,gt_coords/ncih2170_post_facs_fish_low_her2_g3_58.npy,255,255,0,gt_mask_cc_conn8_min3
ncih2170_post_facs_fish_low_her2_g3_59,NCI-H2170,gt_image/ncih2170_post_facs_fish_low_her2_g3_59.tif,gt_coords/ncih2170_post_facs_fish_low_her2_g3_59.npy,45,45,0,gt_mask_cc_conn8_min3
ncih2170_post_facs_fish_low_her2_g3_6,NCI-H2170,gt_image/ncih2170_post_facs_fish_low_her2_g3_6.tif,gt_coords/ncih2170_post_facs_fish_low_her2_g3_6.npy,479,480,1,gt_mask_cc_conn8_min3
ncih2170_post_facs_fish_low_her2_g3_60_to,NCI-H2170,gt_image/ncih2170_post_facs_fish_low_her2_g3_60_to.tif,gt_coords/ncih2170_post_facs_fish_low_her2_g3_60_to.npy,70,70,0,gt_mask_cc_conn8_min3
ncih2170_post_facs_fish_low_her2_g3_61,NCI-H2170,gt_image/ncih2170_post_facs_fish_low_her2_g3_61.tif,gt_coords/ncih2170_post_facs_fish_low_her2_g3_61.npy,638,646,8,gt_mask_cc_conn8_min3
ncih2170_post_facs_fish_low_her2_g3_62,NCI-H2170,gt_image/ncih2170_post_facs_fish_low_her2_g3_62.tif,gt_coords/ncih2170_post_facs_fish_low_her2_g3_62.npy,190,190,0,gt_mask_cc_conn8_min3
ncih2170_post_facs_fish_low_her2_g3_63,NCI-H2170,gt_image/ncih2170_post_facs_fish_low_her2_g3_63.tif,gt_coords/ncih2170_post_facs_fish_low_her2_g3_63.npy,224,224,0,gt_mask_cc_conn8_min3
ncih2170_post_facs_fish_low_her2_g3_64,NCI-H2170,gt_image/ncih2170_post_facs_fish_low_her2_g3_64.tif,gt_coords/ncih2170_post_facs_fish_low_her2_g3_64.npy,410,411,1,gt_mask_cc_conn8_min3
ncih2170_post_facs_fish_low_her2_g3_65,NCI-H2170,gt_image/ncih2170_post_facs_fish_low_her2_g3_65.tif,gt_coords/ncih2170_post_facs_fish_low_her2_g3_65.npy,504,507,3,gt_mask_cc_conn8_min3
ncih2170_post_facs_fish_low_her2_g3_66,NCI-H2170,gt_image/ncih2170_post_facs_fish_low_her2_g3_66.tif,gt_coords/ncih2170_post_facs_fish_low_her2_g3_66.npy,230,230,0,gt_mask_cc_conn8_min3
ncih2170_post_facs_fish_low_her2_g3_67,NCI-H2170,gt_image/ncih2170_post_facs_fish_low_her2_g3_67.tif,gt_coords/ncih2170_post_facs_fish_low_her2_g3_67.npy,50,50,0,gt_mask_cc_conn8_min3
ncih2170_post_facs_fish_low_her2_g3_68,NCI-H2170,gt_image/ncih2170_post_facs_fish_low_her2_g3_68.tif,gt_coords/ncih2170_post_facs_fish_low_her2_g3_68.npy,49,49,0,gt_mask_cc_conn8_min3
ncih2170_post_facs_fish_low_her2_g3_69,NCI-H2170,gt_image/ncih2170_post_facs_fish_low_her2_g3_69.tif,gt_coords/ncih2170_post_facs_fish_low_her2_g3_69.npy,144,144,0,gt_mask_cc_conn8_min3
ncih2170_post_facs_fish_low_her2_g3_7,NCI-H2170,gt_image/ncih2170_post_facs_fish_low_her2_g3_7.tif,gt_coords/ncih2170_post_facs_fish_low_her2_g3_7.npy,365,366,1,gt_mask_cc_conn8_min3
ncih2170_post_facs_fish_low_her2_g3_70,NCI-H2170,gt_image/ncih2170_post_facs_fish_low_her2_g3_70.tif,gt_coords/ncih2170_post_facs_fish_low_her2_g3_70.npy,199,203,4,gt_mask_cc_conn8_min3
ncih2170_post_facs_fish_low_her2_g3_71,NCI-H2170,gt_image/ncih2170_post_facs_fish_low_her2_g3_71.tif,gt_coords/ncih2170_post_facs_fish_low_her2_g3_71.npy,247,251,4,gt_mask_cc_conn8_min3
ncih2170_post_facs_fish_low_her2_g3_72,NCI-H2170,gt_image/ncih2170_post_facs_fish_low_her2_g3_72.tif,gt_coords/ncih2170_post_facs_fish_low_her2_g3_72.npy,120,120,0,gt_mask_cc_conn8_min3
ncih2170_post_facs_fish_low_her2_g3_73,NCI-H2170,gt_image/ncih2170_post_facs_fish_low_her2_g3_73.tif,gt_coords/ncih2170_post_facs_fish_low_her2_g3_73.npy,204,204,0,gt_mask_cc_conn8_min3
ncih2170_post_facs_fish_low_her2_g3_74,NCI-H2170,gt_image/ncih2170_post_facs_fish_low_her2_g3_74.tif,gt_coords/ncih2170_post_facs_fish_low_her2_g3_74.npy,216,216,0,gt_mask_cc_conn8_min3
ncih2170_post_facs_fish_low_her2_g3_75,NCI-H2170,gt_image/ncih2170_post_facs_fish_low_her2_g3_75.tif,gt_coords/ncih2170_post_facs_fish_low_her2_g3_75.npy,288,288,0,gt_mask_cc_conn8_min3
ncih2170_post_facs_fish_low_her2_g3_76,NCI-H2170,gt_image/ncih2170_post_facs_fish_low_her2_g3_76.tif,gt_coords/ncih2170_post_facs_fish_low_her2_g3_76.npy,244,245,1,gt_mask_cc_conn8_min3
ncih2170_post_facs_fish_low_her2_g3_77,NCI-H2170,gt_image/ncih2170_post_facs_fish_low_her2_g3_77.tif,gt_coords/ncih2170_post_facs_fish_low_her2_g3_77.npy,269,279,10,gt_mask_cc_conn8_min3
ncih2170_post_facs_fish_low_her2_g3_78,NCI-H2170,gt_image/ncih2170_post_facs_fish_low_her2_g3_78.tif,gt_coords/ncih2170_post_facs_fish_low_her2_g3_78.npy,105,105,0,gt_mask_cc_conn8_min3
ncih2170_post_facs_fish_low_her2_g3_79,NCI-H2170,gt_image/ncih2170_post_facs_fish_low_her2_g3_79.tif,gt_coords/ncih2170_post_facs_fish_low_her2_g3_79.npy,209,214,5,gt_mask_cc_conn8_min3
ncih2170_post_facs_fish_low_her2_g3_8,NCI-H2170,gt_image/ncih2170_post_facs_fish_low_her2_g3_8.tif,gt_coords/ncih2170_post_facs_fish_low_her2_g3_8.npy,70,70,0,gt_mask_cc_conn8_min3
ncih2170_post_facs_fish_low_her2_g3_80,NCI-H2170,gt_image/ncih2170_post_facs_fish_low_her2_g3_80.tif,gt_coords/ncih2170_post_facs_fish_low_her2_g3_80.npy,52,52,0,gt_mask_cc_conn8_min3
ncih2170_post_facs_fish_low_her2_g3_81,NCI-H2170,gt_image/ncih2170_post_facs_fish_low_her2_g3_81.tif,gt_coords/ncih2170_post_facs_fish_low_her2_g3_81.npy,149,149,0,gt_mask_cc_conn8_min3
ncih2170_post_facs_fish_low_her2_g3_82,NCI-H2170,gt_image/ncih2170_post_facs_fish_low_her2_g3_82.tif,gt_coords/ncih2170_post_facs_fish_low_her2_g3_82.npy,75,75,0,gt_mask_cc_conn8_min3
ncih2170_post_facs_fish_low_her2_g3_83,NCI-H2170,gt_image/ncih2170_post_facs_fish_low_her2_g3_83.tif,gt_coords/ncih2170_post_facs_fish_low_her2_g3_83.npy,55,55,0,gt_mask_cc_conn8_min3
ncih2170_post_facs_fish_low_her2_g3_84,NCI-H2170,gt_image/ncih2170_post_facs_fish_low_her2_g3_84.tif,gt_coords/ncih2170_post_facs_fish_low_her2_g3_84.npy,167,167,0,gt_mask_cc_conn8_min3
ncih2170_post_facs_fish_low_her2_g3_85,NCI-H2170,gt_image/ncih2170_post_facs_fish_low_her2_g3_85.tif,gt_coords/ncih2170_post_facs_fish_low_her2_g3_85.npy,232,232,0,gt_mask_cc_conn8_min3
ncih2170_post_facs_fish_low_her2_g3_86,NCI-H2170,gt_image/ncih2170_post_facs_fish_low_her2_g3_86.tif,gt_coords/ncih2170_post_facs_fish_low_her2_g3_86.npy,198,198,0,gt_mask_cc_conn8_min3
ncih2170_post_facs_fish_low_her2_g3_87,NCI-H2170,gt_image/ncih2170_post_facs_fish_low_her2_g3_87.tif,gt_coords/ncih2170_post_facs_fish_low_her2_g3_87.npy,52,52,0,gt_mask_cc_conn8_min3
ncih2170_post_facs_fish_low_her2_g3_88,NCI-H2170,gt_image/ncih2170_post_facs_fish_low_her2_g3_88.tif,gt_coords/ncih2170_post_facs_fish_low_her2_g3_88.npy,52,52,0,gt_mask_cc_conn8_min3
ncih2170_post_facs_fish_low_her2_g3_89,NCI-H2170,gt_image/ncih2170_post_facs_fish_low_her2_g3_89.tif,gt_coords/ncih2170_post_facs_fish_low_her2_g3_89.npy,285,286,1,gt_mask_cc_conn8_min3
ncih2170_post_facs_fish_low_her2_g3_9,NCI-H2170,gt_image/ncih2170_post_facs_fish_low_her2_g3_9.tif,gt_coords/ncih2170_post_facs_fish_low_her2_g3_9.npy,102,102,0,gt_mask_cc_conn8_min3
ncih2170_post_facs_fish_low_her2_g3_90,NCI-H2170,gt_image/ncih2170_post_facs_fish_low_her2_g3_90.tif,gt_coords/ncih2170_post_facs_fish_low_her2_g3_90.npy,177,177,0,gt_mask_cc_conn8_min3
ncih2170_post_facs_fish_low_her2_g3_91,NCI-H2170,gt_image/ncih2170_post_facs_fish_low_her2_g3_91.tif,gt_coords/ncih2170_post_facs_fish_low_her2_g3_91.npy,133,135,2,gt_mask_cc_conn8_min3
ncih2170_post_facs_fish_low_her2_g3_92,NCI-H2170,gt_image/ncih2170_post_facs_fish_low_her2_g3_92.tif,gt_coords/ncih2170_post_facs_fish_low_her2_g3_92.npy,235,235,0,gt_mask_cc_conn8_min3
ncih2170_post_facs_fish_low_her2_g3_93,NCI-H2170,gt_image/ncih2170_post_facs_fish_low_her2_g3_93.tif,gt_coords/ncih2170_post_facs_fish_low_her2_g3_93.npy,201,204,3,gt_mask_cc_conn8_min3
ncih2170_post_facs_fish_low_her2_g3_94,NCI-H2170,gt_image/ncih2170_post_facs_fish_low_her2_g3_94.tif,gt_coords/ncih2170_post_facs_fish_low_her2_g3_94.npy,74,74,0,gt_mask_cc_conn8_min3
ncih2170_post_facs_fish_low_her2_g3_95,NCI-H2170,gt_image/ncih2170_post_facs_fish_low_her2_g3_95.tif,gt_coords/ncih2170_post_facs_fish_low_her2_g3_95.npy,85,85,0,gt_mask_cc_conn8_min3
ncih2170_post_facs_fish_low_her2_g3_96,NCI-H2170,gt_image/ncih2170_post_facs_fish_low_her2_g3_96.tif,gt_coords/ncih2170_post_facs_fish_low_her2_g3_96.npy,393,395,2,gt_mask_cc_conn8_min3
ncih2170_post_facs_fish_low_her2_g3_97,NCI-H2170,gt_image/ncih2170_post_facs_fish_low_her2_g3_97.tif,gt_coords/ncih2170_post_facs_fish_low_her2_g3_97.npy,258,259,1,gt_mask_cc_conn8_min3
ncih2170_post_facs_fish_low_her2_g3_98,NCI-H2170,gt_image/ncih2170_post_facs_fish_low_her2_g3_98.tif,gt_coords/ncih2170_post_facs_fish_low_her2_g3_98.npy,173,173,0,gt_mask_cc_conn8_min3
ncih2170_post_facs_fish_low_her2_g3_99,NCI-H2170,gt_image/ncih2170_post_facs_fish_low_her2_g3_99.tif,gt_coords/ncih2170_post_facs_fish_low_her2_g3_99.npy,156,156,0,gt_mask_cc_conn8_min3
ncih716_jc_alo_8nm_24h_1,NCI-H716,gt_image/ncih716_jc_alo_8nm_24h_1.tif,gt_coords/ncih716_jc_alo_8nm_24h_1.npy,204,204,0,gt_mask_cc_conn8_min3
ncih716_jc_alo_8nm_24h_10,NCI-H716,gt_image/ncih716_jc_alo_8nm_24h_10.tif,gt_coords/ncih716_jc_alo_8nm_24h_10.npy,243,243,0,gt_mask_cc_conn8_min3
ncih716_jc_alo_8nm_24h_11,NCI-H716,gt_image/ncih716_jc_alo_8nm_24h_11.tif,gt_coords/ncih716_jc_alo_8nm_24h_11.npy,210,210,0,gt_mask_cc_conn8_min3
ncih716_jc_alo_8nm_24h_12,NCI-H716,gt_image/ncih716_jc_alo_8nm_24h_12.tif,gt_coords/ncih716_jc_alo_8nm_24h_12.npy,191,191,0,gt_mask_cc_conn8_min3
ncih716_jc_alo_8nm_24h_13,NCI-H716,gt_image/ncih716_jc_alo_8nm_24h_13.tif,gt_coords/ncih716_jc_alo_8nm_24h_13.npy,163,163,0,gt_mask_cc_conn8_min3
ncih716_jc_alo_8nm_24h_14,NCI-H716,gt_image/ncih716_jc_alo_8nm_24h_14.tif,gt_coords/ncih716_jc_alo_8nm_24h_14.npy,169,171,2,gt_mask_cc_conn8_min3
ncih716_jc_alo_8nm_24h_15,NCI-H716,gt_image/ncih716_jc_alo_8nm_24h_15.tif,gt_coords/ncih716_jc_alo_8nm_24h_15.npy,308,309,1,gt_mask_cc_conn8_min3
ncih716_jc_alo_8nm_24h_16,NCI-H716,gt_image/ncih716_jc_alo_8nm_24h_16.tif,gt_coords/ncih716_jc_alo_8nm_24h_16.npy,152,152,0,gt_mask_cc_conn8_min3
ncih716_jc_alo_8nm_24h_17,NCI-H716,gt_image/ncih716_jc_alo_8nm_24h_17.tif,gt_coords/ncih716_jc_alo_8nm_24h_17.npy,231,232,1,gt_mask_cc_conn8_min3
ncih716_jc_alo_8nm_24h_18,NCI-H716,gt_image/ncih716_jc_alo_8nm_24h_18.tif,gt_coords/ncih716_jc_alo_8nm_24h_18.npy,539,542,3,gt_mask_cc_conn8_min3
ncih716_jc_alo_8nm_24h_2,NCI-H716,gt_image/ncih716_jc_alo_8nm_24h_2.tif,gt_coords/ncih716_jc_alo_8nm_24h_2.npy,239,239,0,gt_mask_cc_conn8_min3
ncih716_jc_alo_8nm_24h_3,NCI-H716,gt_image/ncih716_jc_alo_8nm_24h_3.tif,gt_coords/ncih716_jc_alo_8nm_24h_3.npy,130,135,5,gt_mask_cc_conn8_min3
ncih716_jc_alo_8nm_24h_4,NCI-H716,gt_image/ncih716_jc_alo_8nm_24h_4.tif,gt_coords/ncih716_jc_alo_8nm_24h_4.npy,142,142,0,gt_mask_cc_conn8_min3
ncih716_jc_alo_8nm_24h_5,NCI-H716,gt_image/ncih716_jc_alo_8nm_24h_5.tif,gt_coords/ncih716_jc_alo_8nm_24h_5.npy,128,128,0,gt_mask_cc_conn8_min3
ncih716_jc_alo_8nm_24h_6,NCI-H716,gt_image/ncih716_jc_alo_8nm_24h_6.tif,gt_coords/ncih716_jc_alo_8nm_24h_6.npy,279,279,0,gt_mask_cc_conn8_min3
ncih716_jc_alo_8nm_24h_7,NCI-H716,gt_image/ncih716_jc_alo_8nm_24h_7.tif,gt_coords/ncih716_jc_alo_8nm_24h_7.npy,212,212,0,gt_mask_cc_conn8_min3
ncih716_jc_alo_8nm_24h_8,NCI-H716,gt_image/ncih716_jc_alo_8nm_24h_8.tif,gt_coords/ncih716_jc_alo_8nm_24h_8.npy,74,74,0,gt_mask_cc_conn8_min3
ncih716_jc_alo_8nm_24h_9,NCI-H716,gt_image/ncih716_jc_alo_8nm_24h_9.tif,gt_coords/ncih716_jc_alo_8nm_24h_9.npy,229,229,0,gt_mask_cc_conn8_min3
ncih716_jc_ctrl_1_1,NCI-H716,gt_image/ncih716_jc_ctrl_1_1.tif,gt_coords/ncih716_jc_ctrl_1_1.npy,129,129,0,gt_mask_cc_conn8_min3
ncih716_jc_ctrl_1_10,NCI-H716,gt_image/ncih716_jc_ctrl_1_10.tif,gt_coords/ncih716_jc_ctrl_1_10.npy,386,386,0,gt_mask_cc_conn8_min3
ncih716_jc_ctrl_1_11,NCI-H716,gt_image/ncih716_jc_ctrl_1_11.tif,gt_coords/ncih716_jc_ctrl_1_11.npy,128,155,27,gt_mask_cc_conn8_min3
ncih716_jc_ctrl_1_12,NCI-H716,gt_image/ncih716_jc_ctrl_1_12.tif,gt_coords/ncih716_jc_ctrl_1_12.npy,347,350,3,gt_mask_cc_conn8_min3
ncih716_jc_ctrl_1_13,NCI-H716,gt_image/ncih716_jc_ctrl_1_13.tif,gt_coords/ncih716_jc_ctrl_1_13.npy,211,222,11,gt_mask_cc_conn8_min3
ncih716_jc_ctrl_1_14,NCI-H716,gt_image/ncih716_jc_ctrl_1_14.tif,gt_coords/ncih716_jc_ctrl_1_14.npy,340,352,12,gt_mask_cc_conn8_min3
ncih716_jc_ctrl_1_15,NCI-H716,gt_image/ncih716_jc_ctrl_1_15.tif,gt_coords/ncih716_jc_ctrl_1_15.npy,338,345,7,gt_mask_cc_conn8_min3
ncih716_jc_ctrl_1_16,NCI-H716,gt_image/ncih716_jc_ctrl_1_16.tif,gt_coords/ncih716_jc_ctrl_1_16.npy,182,187,5,gt_mask_cc_conn8_min3
ncih716_jc_ctrl_1_17,NCI-H716,gt_image/ncih716_jc_ctrl_1_17.tif,gt_coords/ncih716_jc_ctrl_1_17.npy,242,275,33,gt_mask_cc_conn8_min3
ncih716_jc_ctrl_1_18,NCI-H716,gt_image/ncih716_jc_ctrl_1_18.tif,gt_coords/ncih716_jc_ctrl_1_18.npy,166,172,6,gt_mask_cc_conn8_min3
ncih716_jc_ctrl_1_19,NCI-H716,gt_image/ncih716_jc_ctrl_1_19.tif,gt_coords/ncih716_jc_ctrl_1_19.npy,207,209,2,gt_mask_cc_conn8_min3
ncih716_jc_ctrl_1_2,NCI-H716,gt_image/ncih716_jc_ctrl_1_2.tif,gt_coords/ncih716_jc_ctrl_1_2.npy,131,135,4,gt_mask_cc_conn8_min3
ncih716_jc_ctrl_1_20,NCI-H716,gt_image/ncih716_jc_ctrl_1_20.tif,gt_coords/ncih716_jc_ctrl_1_20.npy,173,176,3,gt_mask_cc_conn8_min3
ncih716_jc_ctrl_1_21,NCI-H716,gt_image/ncih716_jc_ctrl_1_21.tif,gt_coords/ncih716_jc_ctrl_1_21.npy,195,197,2,gt_mask_cc_conn8_min3
ncih716_jc_ctrl_1_22,NCI-H716,gt_image/ncih716_jc_ctrl_1_22.tif,gt_coords/ncih716_jc_ctrl_1_22.npy,110,117,7,gt_mask_cc_conn8_min3
ncih716_jc_ctrl_1_23,NCI-H716,gt_image/ncih716_jc_ctrl_1_23.tif,gt_coords/ncih716_jc_ctrl_1_23.npy,185,185,0,gt_mask_cc_conn8_min3
ncih716_jc_ctrl_1_24,NCI-H716,gt_image/ncih716_jc_ctrl_1_24.tif,gt_coords/ncih716_jc_ctrl_1_24.npy,350,364,14,gt_mask_cc_conn8_min3
ncih716_jc_ctrl_1_25,NCI-H716,gt_image/ncih716_jc_ctrl_1_25.tif,gt_coords/ncih716_jc_ctrl_1_25.npy,305,305,0,gt_mask_cc_conn8_min3
ncih716_jc_ctrl_1_26,NCI-H716,gt_image/ncih716_jc_ctrl_1_26.tif,gt_coords/ncih716_jc_ctrl_1_26.npy,215,242,27,gt_mask_cc_conn8_min3
ncih716_jc_ctrl_1_27,NCI-H716,gt_image/ncih716_jc_ctrl_1_27.tif,gt_coords/ncih716_jc_ctrl_1_27.npy,281,282,1,gt_mask_cc_conn8_min3
ncih716_jc_ctrl_1_28,NCI-H716,gt_image/ncih716_jc_ctrl_1_28.tif,gt_coords/ncih716_jc_ctrl_1_28.npy,178,178,0,gt_mask_cc_conn8_min3
ncih716_jc_ctrl_1_3,NCI-H716,gt_image/ncih716_jc_ctrl_1_3.tif,gt_coords/ncih716_jc_ctrl_1_3.npy,127,129,2,gt_mask_cc_conn8_min3
ncih716_jc_ctrl_1_4,NCI-H716,gt_image/ncih716_jc_ctrl_1_4.tif,gt_coords/ncih716_jc_ctrl_1_4.npy,170,171,1,gt_mask_cc_conn8_min3
ncih716_jc_ctrl_1_42,NCI-H716,gt_image/ncih716_jc_ctrl_1_42.tif,gt_coords/ncih716_jc_ctrl_1_42.npy,178,178,0,gt_mask_cc_conn8_min3
ncih716_jc_ctrl_1_43,NCI-H716,gt_image/ncih716_jc_ctrl_1_43.tif,gt_coords/ncih716_jc_ctrl_1_43.npy,194,194,0,gt_mask_cc_conn8_min3
ncih716_jc_ctrl_1_44_a,NCI-H716,gt_image/ncih716_jc_ctrl_1_44_a.tif,gt_coords/ncih716_jc_ctrl_1_44_a.npy,132,133,1,gt_mask_cc_conn8_min3
ncih716_jc_ctrl_1_44_b,NCI-H716,gt_image/ncih716_jc_ctrl_1_44_b.tif,gt_coords/ncih716_jc_ctrl_1_44_b.npy,182,182,0,gt_mask_cc_conn8_min3
ncih716_jc_ctrl_1_45,NCI-H716,gt_image/ncih716_jc_ctrl_1_45.tif,gt_coords/ncih716_jc_ctrl_1_45.npy,101,101,0,gt_mask_cc_conn8_min3
ncih716_jc_ctrl_1_46,NCI-H716,gt_image/ncih716_jc_ctrl_1_46.tif,gt_coords/ncih716_jc_ctrl_1_46.npy,144,144,0,gt_mask_cc_conn8_min3
ncih716_jc_ctrl_1_47,NCI-H716,gt_image/ncih716_jc_ctrl_1_47.tif,gt_coords/ncih716_jc_ctrl_1_47.npy,79,79,0,gt_mask_cc_conn8_min3
ncih716_jc_ctrl_1_48,NCI-H716,gt_image/ncih716_jc_ctrl_1_48.tif,gt_coords/ncih716_jc_ctrl_1_48.npy,163,163,0,gt_mask_cc_conn8_min3
ncih716_jc_ctrl_1_49,NCI-H716,gt_image/ncih716_jc_ctrl_1_49.tif,gt_coords/ncih716_jc_ctrl_1_49.npy,211,211,0,gt_mask_cc_conn8_min3
ncih716_jc_ctrl_1_5,NCI-H716,gt_image/ncih716_jc_ctrl_1_5.tif,gt_coords/ncih716_jc_ctrl_1_5.npy,179,179,0,gt_mask_cc_conn8_min3
ncih716_jc_ctrl_1_50,NCI-H716,gt_image/ncih716_jc_ctrl_1_50.tif,gt_coords/ncih716_jc_ctrl_1_50.npy,254,254,0,gt_mask_cc_conn8_min3
ncih716_jc_ctrl_1_51,NCI-H716,gt_image/ncih716_jc_ctrl_1_51.tif,gt_coords/ncih716_jc_ctrl_1_51.npy,125,125,0,gt_mask_cc_conn8_min3
ncih716_jc_ctrl_1_52,NCI-H716,gt_image/ncih716_jc_ctrl_1_52.tif,gt_coords/ncih716_jc_ctrl_1_52.npy,112,112,0,gt_mask_cc_conn8_min3
ncih716_jc_ctrl_1_53,NCI-H716,gt_image/ncih716_jc_ctrl_1_53.tif,gt_coords/ncih716_jc_ctrl_1_53.npy,273,273,0,gt_mask_cc_conn8_min3
ncih716_jc_ctrl_1_54,NCI-H716,gt_image/ncih716_jc_ctrl_1_54.tif,gt_coords/ncih716_jc_ctrl_1_54.npy,134,134,0,gt_mask_cc_conn8_min3
ncih716_jc_ctrl_1_55,NCI-H716,gt_image/ncih716_jc_ctrl_1_55.tif,gt_coords/ncih716_jc_ctrl_1_55.npy,76,76,0,gt_mask_cc_conn8_min3
ncih716_jc_ctrl_1_56,NCI-H716,gt_image/ncih716_jc_ctrl_1_56.tif,gt_coords/ncih716_jc_ctrl_1_56.npy,239,239,0,gt_mask_cc_conn8_min3
ncih716_jc_ctrl_1_57,NCI-H716,gt_image/ncih716_jc_ctrl_1_57.tif,gt_coords/ncih716_jc_ctrl_1_57.npy,137,137,0,gt_mask_cc_conn8_min3
ncih716_jc_ctrl_1_58,NCI-H716,gt_image/ncih716_jc_ctrl_1_58.tif,gt_coords/ncih716_jc_ctrl_1_58.npy,262,262,0,gt_mask_cc_conn8_min3
ncih716_jc_ctrl_1_59,NCI-H716,gt_image/ncih716_jc_ctrl_1_59.tif,gt_coords/ncih716_jc_ctrl_1_59.npy,211,211,0,gt_mask_cc_conn8_min3
ncih716_jc_ctrl_1_6,NCI-H716,gt_image/ncih716_jc_ctrl_1_6.tif,gt_coords/ncih716_jc_ctrl_1_6.npy,121,127,6,gt_mask_cc_conn8_min3
ncih716_jc_ctrl_1_60,NCI-H716,gt_image/ncih716_jc_ctrl_1_60.tif,gt_coords/ncih716_jc_ctrl_1_60.npy,197,197,0,gt_mask_cc_conn8_min3
ncih716_jc_ctrl_1_61,NCI-H716,gt_image/ncih716_jc_ctrl_1_61.tif,gt_coords/ncih716_jc_ctrl_1_61.npy,251,251,0,gt_mask_cc_conn8_min3
ncih716_jc_ctrl_1_62,NCI-H716,gt_image/ncih716_jc_ctrl_1_62.tif,gt_coords/ncih716_jc_ctrl_1_62.npy,172,174,2,gt_mask_cc_conn8_min3
ncih716_jc_ctrl_1_63,NCI-H716,gt_image/ncih716_jc_ctrl_1_63.tif,gt_coords/ncih716_jc_ctrl_1_63.npy,77,81,4,gt_mask_cc_conn8_min3
ncih716_jc_ctrl_1_64,NCI-H716,gt_image/ncih716_jc_ctrl_1_64.tif,gt_coords/ncih716_jc_ctrl_1_64.npy,148,148,0,gt_mask_cc_conn8_min3
ncih716_jc_ctrl_1_65,NCI-H716,gt_image/ncih716_jc_ctrl_1_65.tif,gt_coords/ncih716_jc_ctrl_1_65.npy,261,261,0,gt_mask_cc_conn8_min3
ncih716_jc_ctrl_1_66,NCI-H716,gt_image/ncih716_jc_ctrl_1_66.tif,gt_coords/ncih716_jc_ctrl_1_66.npy,236,236,0,gt_mask_cc_conn8_min3
ncih716_jc_ctrl_1_68,NCI-H716,gt_image/ncih716_jc_ctrl_1_68.tif,gt_coords/ncih716_jc_ctrl_1_68.npy,202,202,0,gt_mask_cc_conn8_min3
ncih716_jc_ctrl_1_69,NCI-H716,gt_image/ncih716_jc_ctrl_1_69.tif,gt_coords/ncih716_jc_ctrl_1_69.npy,256,257,1,gt_mask_cc_conn8_min3
ncih716_jc_ctrl_1_7,NCI-H716,gt_image/ncih716_jc_ctrl_1_7.tif,gt_coords/ncih716_jc_ctrl_1_7.npy,195,227,32,gt_mask_cc_conn8_min3
ncih716_jc_ctrl_1_70,NCI-H716,gt_image/ncih716_jc_ctrl_1_70.tif,gt_coords/ncih716_jc_ctrl_1_70.npy,176,176,0,gt_mask_cc_conn8_min3
ncih716_jc_ctrl_1_71,NCI-H716,gt_image/ncih716_jc_ctrl_1_71.tif,gt_coords/ncih716_jc_ctrl_1_71.npy,177,177,0,gt_mask_cc_conn8_min3
ncih716_jc_ctrl_1_72,NCI-H716,gt_image/ncih716_jc_ctrl_1_72.tif,gt_coords/ncih716_jc_ctrl_1_72.npy,150,151,1,gt_mask_cc_conn8_min3
ncih716_jc_ctrl_1_73,NCI-H716,gt_image/ncih716_jc_ctrl_1_73.tif,gt_coords/ncih716_jc_ctrl_1_73.npy,58,58,0,gt_mask_cc_conn8_min3
ncih716_jc_ctrl_1_74,NCI-H716,gt_image/ncih716_jc_ctrl_1_74.tif,gt_coords/ncih716_jc_ctrl_1_74.npy,369,374,5,gt_mask_cc_conn8_min3
ncih716_jc_ctrl_1_75,NCI-H716,gt_image/ncih716_jc_ctrl_1_75.tif,gt_coords/ncih716_jc_ctrl_1_75.npy,165,165,0,gt_mask_cc_conn8_min3
ncih716_jc_ctrl_1_76,NCI-H716,gt_image/ncih716_jc_ctrl_1_76.tif,gt_coords/ncih716_jc_ctrl_1_76.npy,172,172,0,gt_mask_cc_conn8_min3
ncih716_jc_ctrl_1_8,NCI-H716,gt_image/ncih716_jc_ctrl_1_8.tif,gt_coords/ncih716_jc_ctrl_1_8.npy,310,312,2,gt_mask_cc_conn8_min3
ncih716_jc_ctrl_1_9,NCI-H716,gt_image/ncih716_jc_ctrl_1_9.tif,gt_coords/ncih716_jc_ctrl_1_9.npy,148,157,9,gt_mask_cc_conn8_min3
ncih716_jc_ctrl_2_1,NCI-H716,gt_image/ncih716_jc_ctrl_2_1.tif,gt_coords/ncih716_jc_ctrl_2_1.npy,422,437,15,gt_mask_cc_conn8_min3
ncih716_jc_ctrl_2_10,NCI-H716,gt_image/ncih716_jc_ctrl_2_10.tif,gt_coords/ncih716_jc_ctrl_2_10.npy,116,116,0,gt_mask_cc_conn8_min3
ncih716_jc_ctrl_2_11,NCI-H716,gt_image/ncih716_jc_ctrl_2_11.tif,gt_coords/ncih716_jc_ctrl_2_11.npy,139,139,0,gt_mask_cc_conn8_min3
ncih716_jc_ctrl_2_12,NCI-H716,gt_image/ncih716_jc_ctrl_2_12.tif,gt_coords/ncih716_jc_ctrl_2_12.npy,166,166,0,gt_mask_cc_conn8_min3
ncih716_jc_ctrl_2_13,NCI-H716,gt_image/ncih716_jc_ctrl_2_13.tif,gt_coords/ncih716_jc_ctrl_2_13.npy,369,372,3,gt_mask_cc_conn8_min3
ncih716_jc_ctrl_2_14,NCI-H716,gt_image/ncih716_jc_ctrl_2_14.tif,gt_coords/ncih716_jc_ctrl_2_14.npy,175,177,2,gt_mask_cc_conn8_min3
ncih716_jc_ctrl_2_15,NCI-H716,gt_image/ncih716_jc_ctrl_2_15.tif,gt_coords/ncih716_jc_ctrl_2_15.npy,309,312,3,gt_mask_cc_conn8_min3
ncih716_jc_ctrl_2_16,NCI-H716,gt_image/ncih716_jc_ctrl_2_16.tif,gt_coords/ncih716_jc_ctrl_2_16.npy,213,213,0,gt_mask_cc_conn8_min3
ncih716_jc_ctrl_2_17,NCI-H716,gt_image/ncih716_jc_ctrl_2_17.tif,gt_coords/ncih716_jc_ctrl_2_17.npy,101,101,0,gt_mask_cc_conn8_min3
ncih716_jc_ctrl_2_18,NCI-H716,gt_image/ncih716_jc_ctrl_2_18.tif,gt_coords/ncih716_jc_ctrl_2_18.npy,131,132,1,gt_mask_cc_conn8_min3
ncih716_jc_ctrl_2_19,NCI-H716,gt_image/ncih716_jc_ctrl_2_19.tif,gt_coords/ncih716_jc_ctrl_2_19.npy,108,108,0,gt_mask_cc_conn8_min3
ncih716_jc_ctrl_2_2,NCI-H716,gt_image/ncih716_jc_ctrl_2_2.tif,gt_coords/ncih716_jc_ctrl_2_2.npy,289,290,1,gt_mask_cc_conn8_min3
ncih716_jc_ctrl_2_20,NCI-H716,gt_image/ncih716_jc_ctrl_2_20.tif,gt_coords/ncih716_jc_ctrl_2_20.npy,219,219,0,gt_mask_cc_conn8_min3
ncih716_jc_ctrl_2_21,NCI-H716,gt_image/ncih716_jc_ctrl_2_21.tif,gt_coords/ncih716_jc_ctrl_2_21.npy,218,220,2,gt_mask_cc_conn8_min3
ncih716_jc_ctrl_2_22,NCI-H716,gt_image/ncih716_jc_ctrl_2_22.tif,gt_coords/ncih716_jc_ctrl_2_22.npy,135,135,0,gt_mask_cc_conn8_min3
ncih716_jc_ctrl_2_23,NCI-H716,gt_image/ncih716_jc_ctrl_2_23.tif,gt_coords/ncih716_jc_ctrl_2_23.npy,129,129,0,gt_mask_cc_conn8_min3
ncih716_jc_ctrl_2_24,NCI-H716,gt_image/ncih716_jc_ctrl_2_24.tif,gt_coords/ncih716_jc_ctrl_2_24.npy,166,167,1,gt_mask_cc_conn8_min3
ncih716_jc_ctrl_2_25,NCI-H716,gt_image/ncih716_jc_ctrl_2_25.tif,gt_coords/ncih716_jc_ctrl_2_25.npy,171,176,5,gt_mask_cc_conn8_min3
ncih716_jc_ctrl_2_26,NCI-H716,gt_image/ncih716_jc_ctrl_2_26.tif,gt_coords/ncih716_jc_ctrl_2_26.npy,193,193,0,gt_mask_cc_conn8_min3
ncih716_jc_ctrl_2_27,NCI-H716,gt_image/ncih716_jc_ctrl_2_27.tif,gt_coords/ncih716_jc_ctrl_2_27.npy,291,291,0,gt_mask_cc_conn8_min3
ncih716_jc_ctrl_2_28,NCI-H716,gt_image/ncih716_jc_ctrl_2_28.tif,gt_coords/ncih716_jc_ctrl_2_28.npy,223,223,0,gt_mask_cc_conn8_min3
ncih716_jc_ctrl_2_29,NCI-H716,gt_image/ncih716_jc_ctrl_2_29.tif,gt_coords/ncih716_jc_ctrl_2_29.npy,214,214,0,gt_mask_cc_conn8_min3
ncih716_jc_ctrl_2_3,NCI-H716,gt_image/ncih716_jc_ctrl_2_3.tif,gt_coords/ncih716_jc_ctrl_2_3.npy,398,398,0,gt_mask_cc_conn8_min3
ncih716_jc_ctrl_2_30,NCI-H716,gt_image/ncih716_jc_ctrl_2_30.tif,gt_coords/ncih716_jc_ctrl_2_30.npy,71,71,0,gt_mask_cc_conn8_min3
ncih716_jc_ctrl_2_31,NCI-H716,gt_image/ncih716_jc_ctrl_2_31.tif,gt_coords/ncih716_jc_ctrl_2_31.npy,148,148,0,gt_mask_cc_conn8_min3
ncih716_jc_ctrl_2_32,NCI-H716,gt_image/ncih716_jc_ctrl_2_32.tif,gt_coords/ncih716_jc_ctrl_2_32.npy,132,132,0,gt_mask_cc_conn8_min3
ncih716_jc_ctrl_2_33,NCI-H716,gt_image/ncih716_jc_ctrl_2_33.tif,gt_coords/ncih716_jc_ctrl_2_33.npy,176,176,0,gt_mask_cc_conn8_min3
ncih716_jc_ctrl_2_34,NCI-H716,gt_image/ncih716_jc_ctrl_2_34.tif,gt_coords/ncih716_jc_ctrl_2_34.npy,240,240,0,gt_mask_cc_conn8_min3
ncih716_jc_ctrl_2_35,NCI-H716,gt_image/ncih716_jc_ctrl_2_35.tif,gt_coords/ncih716_jc_ctrl_2_35.npy,375,381,6,gt_mask_cc_conn8_min3
ncih716_jc_ctrl_2_36,NCI-H716,gt_image/ncih716_jc_ctrl_2_36.tif,gt_coords/ncih716_jc_ctrl_2_36.npy,262,262,0,gt_mask_cc_conn8_min3
ncih716_jc_ctrl_2_37,NCI-H716,gt_image/ncih716_jc_ctrl_2_37.tif,gt_coords/ncih716_jc_ctrl_2_37.npy,468,469,1,gt_mask_cc_conn8_min3
ncih716_jc_ctrl_2_38,NCI-H716,gt_image/ncih716_jc_ctrl_2_38.tif,gt_coords/ncih716_jc_ctrl_2_38.npy,195,195,0,gt_mask_cc_conn8_min3
ncih716_jc_ctrl_2_39,NCI-H716,gt_image/ncih716_jc_ctrl_2_39.tif,gt_coords/ncih716_jc_ctrl_2_39.npy,273,273,0,gt_mask_cc_conn8_min3
ncih716_jc_ctrl_2_4,NCI-H716,gt_image/ncih716_jc_ctrl_2_4.tif,gt_coords/ncih716_jc_ctrl_2_4.npy,60,60,0,gt_mask_cc_conn8_min3
ncih716_jc_ctrl_2_40,NCI-H716,gt_image/ncih716_jc_ctrl_2_40.tif,gt_coords/ncih716_jc_ctrl_2_40.npy,89,92,3,gt_mask_cc_conn8_min3
ncih716_jc_ctrl_2_41,NCI-H716,gt_image/ncih716_jc_ctrl_2_41.tif,gt_coords/ncih716_jc_ctrl_2_41.npy,132,137,5,gt_mask_cc_conn8_min3
ncih716_jc_ctrl_2_42,NCI-H716,gt_image/ncih716_jc_ctrl_2_42.tif,gt_coords/ncih716_jc_ctrl_2_42.npy,203,205,2,gt_mask_cc_conn8_min3
ncih716_jc_ctrl_2_43,NCI-H716,gt_image/ncih716_jc_ctrl_2_43.tif,gt_coords/ncih716_jc_ctrl_2_43.npy,144,144,0,gt_mask_cc_conn8_min3
ncih716_jc_ctrl_2_44,NCI-H716,gt_image/ncih716_jc_ctrl_2_44.tif,gt_coords/ncih716_jc_ctrl_2_44.npy,145,145,0,gt_mask_cc_conn8_min3
ncih716_jc_ctrl_2_45,NCI-H716,gt_image/ncih716_jc_ctrl_2_45.tif,gt_coords/ncih716_jc_ctrl_2_45.npy,179,180,1,gt_mask_cc_conn8_min3
ncih716_jc_ctrl_2_46,NCI-H716,gt_image/ncih716_jc_ctrl_2_46.tif,gt_coords/ncih716_jc_ctrl_2_46.npy,72,72,0,gt_mask_cc_conn8_min3
ncih716_jc_ctrl_2_47,NCI-H716,gt_image/ncih716_jc_ctrl_2_47.tif,gt_coords/ncih716_jc_ctrl_2_47.npy,135,135,0,gt_mask_cc_conn8_min3
ncih716_jc_ctrl_2_48,NCI-H716,gt_image/ncih716_jc_ctrl_2_48.tif,gt_coords/ncih716_jc_ctrl_2_48.npy,322,322,0,gt_mask_cc_conn8_min3
ncih716_jc_ctrl_2_49,NCI-H716,gt_image/ncih716_jc_ctrl_2_49.tif,gt_coords/ncih716_jc_ctrl_2_49.npy,169,169,0,gt_mask_cc_conn8_min3
ncih716_jc_ctrl_2_5,NCI-H716,gt_image/ncih716_jc_ctrl_2_5.tif,gt_coords/ncih716_jc_ctrl_2_5.npy,368,371,3,gt_mask_cc_conn8_min3
ncih716_jc_ctrl_2_50,NCI-H716,gt_image/ncih716_jc_ctrl_2_50.tif,gt_coords/ncih716_jc_ctrl_2_50.npy,177,177,0,gt_mask_cc_conn8_min3
ncih716_jc_ctrl_2_51,NCI-H716,gt_image/ncih716_jc_ctrl_2_51.tif,gt_coords/ncih716_jc_ctrl_2_51.npy,181,182,1,gt_mask_cc_conn8_min3
ncih716_jc_ctrl_2_52,NCI-H716,gt_image/ncih716_jc_ctrl_2_52.tif,gt_coords/ncih716_jc_ctrl_2_52.npy,155,155,0,gt_mask_cc_conn8_min3
ncih716_jc_ctrl_2_53,NCI-H716,gt_image/ncih716_jc_ctrl_2_53.tif,gt_coords/ncih716_jc_ctrl_2_53.npy,243,244,1,gt_mask_cc_conn8_min3
ncih716_jc_ctrl_2_54,NCI-H716,gt_image/ncih716_jc_ctrl_2_54.tif,gt_coords/ncih716_jc_ctrl_2_54.npy,274,275,1,gt_mask_cc_conn8_min3
ncih716_jc_ctrl_2_55,NCI-H716,gt_image/ncih716_jc_ctrl_2_55.tif,gt_coords/ncih716_jc_ctrl_2_55.npy,120,120,0,gt_mask_cc_conn8_min3
ncih716_jc_ctrl_2_56,NCI-H716,gt_image/ncih716_jc_ctrl_2_56.tif,gt_coords/ncih716_jc_ctrl_2_56.npy,349,349,0,gt_mask_cc_conn8_min3
ncih716_jc_ctrl_2_57,NCI-H716,gt_image/ncih716_jc_ctrl_2_57.tif,gt_coords/ncih716_jc_ctrl_2_57.npy,336,338,2,gt_mask_cc_conn8_min3
ncih716_jc_ctrl_2_58,NCI-H716,gt_image/ncih716_jc_ctrl_2_58.tif,gt_coords/ncih716_jc_ctrl_2_58.npy,166,166,0,gt_mask_cc_conn8_min3
ncih716_jc_ctrl_2_6,NCI-H716,gt_image/ncih716_jc_ctrl_2_6.tif,gt_coords/ncih716_jc_ctrl_2_6.npy,142,142,0,gt_mask_cc_conn8_min3
ncih716_jc_ctrl_2_7,NCI-H716,gt_image/ncih716_jc_ctrl_2_7.tif,gt_coords/ncih716_jc_ctrl_2_7.npy,88,88,0,gt_mask_cc_conn8_min3
ncih716_jc_ctrl_2_8,NCI-H716,gt_image/ncih716_jc_ctrl_2_8.tif,gt_coords/ncih716_jc_ctrl_2_8.npy,110,110,0,gt_mask_cc_conn8_min3
ncih716_jc_ctrl_2_9,NCI-H716,gt_image/ncih716_jc_ctrl_2_9.tif,gt_coords/ncih716_jc_ctrl_2_9.npy,210,212,2,gt_mask_cc_conn8_min3
snu16_jc_arv771_800picom_24h_1,SNU16,gt_image/snu16_jc_arv771_800picom_24h_1.tif,gt_coords/snu16_jc_arv771_800picom_24h_1.npy,149,152,3,gt_mask_cc_conn8_min3
snu16_jc_arv771_800picom_24h_2,SNU16,gt_image/snu16_jc_arv771_800picom_24h_2.tif,gt_coords/snu16_jc_arv771_800picom_24h_2.npy,312,315,3,gt_mask_cc_conn8_min3
snu16_jc_arv771_800picom_24h_3,SNU16,gt_image/snu16_jc_arv771_800picom_24h_3.tif,gt_coords/snu16_jc_arv771_800picom_24h_3.npy,285,289,4,gt_mask_cc_conn8_min3
snu16_jc_arv771_800picom_24h_4,SNU16,gt_image/snu16_jc_arv771_800picom_24h_4.tif,gt_coords/snu16_jc_arv771_800picom_24h_4.npy,124,124,0,gt_mask_cc_conn8_min3
snu16_jc_ctrl_1,SNU16,gt_image/snu16_jc_ctrl_1.tif,gt_coords/snu16_jc_ctrl_1.npy,480,480,0,gt_mask_cc_conn8_min3
snu16_jc_ctrl_10,SNU16,gt_image/snu16_jc_ctrl_10.tif,gt_coords/snu16_jc_ctrl_10.npy,376,385,9,gt_mask_cc_conn8_min3
snu16_jc_ctrl_100,SNU16,gt_image/snu16_jc_ctrl_100.tif,gt_coords/snu16_jc_ctrl_100.npy,348,351,3,gt_mask_cc_conn8_min3
snu16_jc_ctrl_101,SNU16,gt_image/snu16_jc_ctrl_101.tif,gt_coords/snu16_jc_ctrl_101.npy,264,265,1,gt_mask_cc_conn8_min3
snu16_jc_ctrl_102,SNU16,gt_image/snu16_jc_ctrl_102.tif,gt_coords/snu16_jc_ctrl_102.npy,271,275,4,gt_mask_cc_conn8_min3
snu16_jc_ctrl_103,SNU16,gt_image/snu16_jc_ctrl_103.tif,gt_coords/snu16_jc_ctrl_103.npy,206,208,2,gt_mask_cc_conn8_min3
snu16_jc_ctrl_104,SNU16,gt_image/snu16_jc_ctrl_104.tif,gt_coords/snu16_jc_ctrl_104.npy,315,317,2,gt_mask_cc_conn8_min3
snu16_jc_ctrl_105,SNU16,gt_image/snu16_jc_ctrl_105.tif,gt_coords/snu16_jc_ctrl_105.npy,446,460,14,gt_mask_cc_conn8_min3
snu16_jc_ctrl_106,SNU16,gt_image/snu16_jc_ctrl_106.tif,gt_coords/snu16_jc_ctrl_106.npy,175,178,3,gt_mask_cc_conn8_min3
snu16_jc_ctrl_107,SNU16,gt_image/snu16_jc_ctrl_107.tif,gt_coords/snu16_jc_ctrl_107.npy,370,370,0,gt_mask_cc_conn8_min3
snu16_jc_ctrl_108,SNU16,gt_image/snu16_jc_ctrl_108.tif,gt_coords/snu16_jc_ctrl_108.npy,635,640,5,gt_mask_cc_conn8_min3
snu16_jc_ctrl_109,SNU16,gt_image/snu16_jc_ctrl_109.tif,gt_coords/snu16_jc_ctrl_109.npy,109,111,2,gt_mask_cc_conn8_min3
snu16_jc_ctrl_110,SNU16,gt_image/snu16_jc_ctrl_110.tif,gt_coords/snu16_jc_ctrl_110.npy,169,169,0,gt_mask_cc_conn8_min3
snu16_jc_ctrl_111,SNU16,gt_image/snu16_jc_ctrl_111.tif,gt_coords/snu16_jc_ctrl_111.npy,312,312,0,gt_mask_cc_conn8_min3
snu16_jc_ctrl_112,SNU16,gt_image/snu16_jc_ctrl_112.tif,gt_coords/snu16_jc_ctrl_112.npy,1231,1245,14,gt_mask_cc_conn8_min3
snu16_jc_ctrl_113,SNU16,gt_image/snu16_jc_ctrl_113.tif,gt_coords/snu16_jc_ctrl_113.npy,637,638,1,gt_mask_cc_conn8_min3
snu16_jc_ctrl_114,SNU16,gt_image/snu16_jc_ctrl_114.tif,gt_coords/snu16_jc_ctrl_114.npy,670,672,2,gt_mask_cc_conn8_min3
snu16_jc_ctrl_115,SNU16,gt_image/snu16_jc_ctrl_115.tif,gt_coords/snu16_jc_ctrl_115.npy,1099,1136,37,gt_mask_cc_conn8_min3
snu16_jc_ctrl_116,SNU16,gt_image/snu16_jc_ctrl_116.tif,gt_coords/snu16_jc_ctrl_116.npy,179,180,1,gt_mask_cc_conn8_min3
snu16_jc_ctrl_117,SNU16,gt_image/snu16_jc_ctrl_117.tif,gt_coords/snu16_jc_ctrl_117.npy,255,255,0,gt_mask_cc_conn8_min3
snu16_jc_ctrl_118,SNU16,gt_image/snu16_jc_ctrl_118.tif,gt_coords/snu16_jc_ctrl_118.npy,179,180,1,gt_mask_cc_conn8_min3
snu16_jc_ctrl_119,SNU16,gt_image/snu16_jc_ctrl_119.tif,gt_coords/snu16_jc_ctrl_119.npy,415,415,0,gt_mask_cc_conn8_min3
snu16_jc_ctrl_12,SNU16,gt_image/snu16_jc_ctrl_12.tif,gt_coords/snu16_jc_ctrl_12.npy,389,393,4,gt_mask_cc_conn8_min3
snu16_jc_ctrl_120,SNU16,gt_image/snu16_jc_ctrl_120.tif,gt_coords/snu16_jc_ctrl_120.npy,244,244,0,gt_mask_cc_conn8_min3
snu16_jc_ctrl_121,SNU16,gt_image/snu16_jc_ctrl_121.tif,gt_coords/snu16_jc_ctrl_121.npy,441,442,1,gt_mask_cc_conn8_min3
snu16_jc_ctrl_122,SNU16,gt_image/snu16_jc_ctrl_122.tif,gt_coords/snu16_jc_ctrl_122.npy,209,209,0,gt_mask_cc_conn8_min3
snu16_jc_ctrl_123,SNU16,gt_image/snu16_jc_ctrl_123.tif,gt_coords/snu16_jc_ctrl_123.npy,172,172,0,gt_mask_cc_conn8_min3
snu16_jc_ctrl_124,SNU16,gt_image/snu16_jc_ctrl_124.tif,gt_coords/snu16_jc_ctrl_124.npy,191,193,2,gt_mask_cc_conn8_min3
snu16_jc_ctrl_125,SNU16,gt_image/snu16_jc_ctrl_125.tif,gt_coords/snu16_jc_ctrl_125.npy,227,234,7,gt_mask_cc_conn8_min3
snu16_jc_ctrl_126,SNU16,gt_image/snu16_jc_ctrl_126.tif,gt_coords/snu16_jc_ctrl_126.npy,181,182,1,gt_mask_cc_conn8_min3
snu16_jc_ctrl_127,SNU16,gt_image/snu16_jc_ctrl_127.tif,gt_coords/snu16_jc_ctrl_127.npy,372,374,2,gt_mask_cc_conn8_min3
snu16_jc_ctrl_128,SNU16,gt_image/snu16_jc_ctrl_128.tif,gt_coords/snu16_jc_ctrl_128.npy,173,174,1,gt_mask_cc_conn8_min3
snu16_jc_ctrl_129,SNU16,gt_image/snu16_jc_ctrl_129.tif,gt_coords/snu16_jc_ctrl_129.npy,224,226,2,gt_mask_cc_conn8_min3
snu16_jc_ctrl_13,SNU16,gt_image/snu16_jc_ctrl_13.tif,gt_coords/snu16_jc_ctrl_13.npy,380,382,2,gt_mask_cc_conn8_min3
snu16_jc_ctrl_130,SNU16,gt_image/snu16_jc_ctrl_130.tif,gt_coords/snu16_jc_ctrl_130.npy,202,202,0,gt_mask_cc_conn8_min3
snu16_jc_ctrl_131,SNU16,gt_image/snu16_jc_ctrl_131.tif,gt_coords/snu16_jc_ctrl_131.npy,225,225,0,gt_mask_cc_conn8_min3
snu16_jc_ctrl_132,SNU16,gt_image/snu16_jc_ctrl_132.tif,gt_coords/snu16_jc_ctrl_132.npy,311,313,2,gt_mask_cc_conn8_min3
snu16_jc_ctrl_133,SNU16,gt_image/snu16_jc_ctrl_133.tif,gt_coords/snu16_jc_ctrl_133.npy,140,143,3,gt_mask_cc_conn8_min3
snu16_jc_ctrl_134,SNU16,gt_image/snu16_jc_ctrl_134.tif,gt_coords/snu16_jc_ctrl_134.npy,322,328,6,gt_mask_cc_conn8_min3
snu16_jc_ctrl_135,SNU16,gt_image/snu16_jc_ctrl_135.tif,gt_coords/snu16_jc_ctrl_135.npy,366,366,0,gt_mask_cc_conn8_min3
snu16_jc_ctrl_136,SNU16,gt_image/snu16_jc_ctrl_136.tif,gt_coords/snu16_jc_ctrl_136.npy,317,326,9,gt_mask_cc_conn8_min3
snu16_jc_ctrl_137,SNU16,gt_image/snu16_jc_ctrl_137.tif,gt_coords/snu16_jc_ctrl_137.npy,368,368,0,gt_mask_cc_conn8_min3
snu16_jc_ctrl_138,SNU16,gt_image/snu16_jc_ctrl_138.tif,gt_coords/snu16_jc_ctrl_138.npy,212,212,0,gt_mask_cc_conn8_min3
snu16_jc_ctrl_139,SNU16,gt_image/snu16_jc_ctrl_139.tif,gt_coords/snu16_jc_ctrl_139.npy,254,257,3,gt_mask_cc_conn8_min3
snu16_jc_ctrl_14,SNU16,gt_image/snu16_jc_ctrl_14.tif,gt_coords/snu16_jc_ctrl_14.npy,520,524,4,gt_mask_cc_conn8_min3
snu16_jc_ctrl_140,SNU16,gt_image/snu16_jc_ctrl_140.tif,gt_coords/snu16_jc_ctrl_140.npy,159,159,0,gt_mask_cc_conn8_min3
snu16_jc_ctrl_141,SNU16,gt_image/snu16_jc_ctrl_141.tif,gt_coords/snu16_jc_ctrl_141.npy,202,203,1,gt_mask_cc_conn8_min3
snu16_jc_ctrl_142,SNU16,gt_image/snu16_jc_ctrl_142.tif,gt_coords/snu16_jc_ctrl_142.npy,338,344,6,gt_mask_cc_conn8_min3
snu16_jc_ctrl_143,SNU16,gt_image/snu16_jc_ctrl_143.tif,gt_coords/snu16_jc_ctrl_143.npy,373,373,0,gt_mask_cc_conn8_min3
snu16_jc_ctrl_144,SNU16,gt_image/snu16_jc_ctrl_144.tif,gt_coords/snu16_jc_ctrl_144.npy,123,123,0,gt_mask_cc_conn8_min3
snu16_jc_ctrl_145,SNU16,gt_image/snu16_jc_ctrl_145.tif,gt_coords/snu16_jc_ctrl_145.npy,769,770,1,gt_mask_cc_conn8_min3
snu16_jc_ctrl_146,SNU16,gt_image/snu16_jc_ctrl_146.tif,gt_coords/snu16_jc_ctrl_146.npy,465,465,0,gt_mask_cc_conn8_min3
snu16_jc_ctrl_147,SNU16,gt_image/snu16_jc_ctrl_147.tif,gt_coords/snu16_jc_ctrl_147.npy,268,273,5,gt_mask_cc_conn8_min3
snu16_jc_ctrl_148,SNU16,gt_image/snu16_jc_ctrl_148.tif,gt_coords/snu16_jc_ctrl_148.npy,531,538,7,gt_mask_cc_conn8_min3
snu16_jc_ctrl_149,SNU16,gt_image/snu16_jc_ctrl_149.tif,gt_coords/snu16_jc_ctrl_149.npy,343,344,1,gt_mask_cc_conn8_min3
snu16_jc_ctrl_15,SNU16,gt_image/snu16_jc_ctrl_15.tif,gt_coords/snu16_jc_ctrl_15.npy,471,472,1,gt_mask_cc_conn8_min3
snu16_jc_ctrl_150,SNU16,gt_image/snu16_jc_ctrl_150.tif,gt_coords/snu16_jc_ctrl_150.npy,299,301,2,gt_mask_cc_conn8_min3
snu16_jc_ctrl_19,SNU16,gt_image/snu16_jc_ctrl_19.tif,gt_coords/snu16_jc_ctrl_19.npy,341,341,0,gt_mask_cc_conn8_min3
snu16_jc_ctrl_20,SNU16,gt_image/snu16_jc_ctrl_20.tif,gt_coords/snu16_jc_ctrl_20.npy,990,995,5,gt_mask_cc_conn8_min3
snu16_jc_ctrl_21,SNU16,gt_image/snu16_jc_ctrl_21.tif,gt_coords/snu16_jc_ctrl_21.npy,362,364,2,gt_mask_cc_conn8_min3
snu16_jc_ctrl_22tif,SNU16,gt_image/snu16_jc_ctrl_22tif.tif,gt_coords/snu16_jc_ctrl_22tif.npy,494,496,2,gt_mask_cc_conn8_min3
snu16_jc_ctrl_23,SNU16,gt_image/snu16_jc_ctrl_23.tif,gt_coords/snu16_jc_ctrl_23.npy,223,232,9,gt_mask_cc_conn8_min3
snu16_jc_ctrl_24,SNU16,gt_image/snu16_jc_ctrl_24.tif,gt_coords/snu16_jc_ctrl_24.npy,251,254,3,gt_mask_cc_conn8_min3
snu16_jc_ctrl_25,SNU16,gt_image/snu16_jc_ctrl_25.tif,gt_coords/snu16_jc_ctrl_25.npy,341,342,1,gt_mask_cc_conn8_min3
snu16_jc_ctrl_26,SNU16,gt_image/snu16_jc_ctrl_26.tif,gt_coords/snu16_jc_ctrl_26.npy,170,170,0,gt_mask_cc_conn8_min3
snu16_jc_ctrl_27,SNU16,gt_image/snu16_jc_ctrl_27.tif,gt_coords/snu16_jc_ctrl_27.npy,471,506,35,gt_mask_cc_conn8_min3
snu16_jc_ctrl_28,SNU16,gt_image/snu16_jc_ctrl_28.tif,gt_coords/snu16_jc_ctrl_28.npy,573,578,5,gt_mask_cc_conn8_min3
snu16_jc_ctrl_29,SNU16,gt_image/snu16_jc_ctrl_29.tif,gt_coords/snu16_jc_ctrl_29.npy,501,514,13,gt_mask_cc_conn8_min3
snu16_jc_ctrl_3,SNU16,gt_image/snu16_jc_ctrl_3.tif,gt_coords/snu16_jc_ctrl_3.npy,512,520,8,gt_mask_cc_conn8_min3
snu16_jc_ctrl_30,SNU16,gt_image/snu16_jc_ctrl_30.tif,gt_coords/snu16_jc_ctrl_30.npy,214,217,3,gt_mask_cc_conn8_min3
snu16_jc_ctrl_31,SNU16,gt_image/snu16_jc_ctrl_31.tif,gt_coords/snu16_jc_ctrl_31.npy,264,271,7,gt_mask_cc_conn8_min3
snu16_jc_ctrl_32,SNU16,gt_image/snu16_jc_ctrl_32.tif,gt_coords/snu16_jc_ctrl_32.npy,265,266,1,gt_mask_cc_conn8_min3
snu16_jc_ctrl_33,SNU16,gt_image/snu16_jc_ctrl_33.tif,gt_coords/snu16_jc_ctrl_33.npy,247,247,0,gt_mask_cc_conn8_min3
snu16_jc_ctrl_34,SNU16,gt_image/snu16_jc_ctrl_34.tif,gt_coords/snu16_jc_ctrl_34.npy,169,171,2,gt_mask_cc_conn8_min3
snu16_jc_ctrl_35,SNU16,gt_image/snu16_jc_ctrl_35.tif,gt_coords/snu16_jc_ctrl_35.npy,324,330,6,gt_mask_cc_conn8_min3
snu16_jc_ctrl_36,SNU16,gt_image/snu16_jc_ctrl_36.tif,gt_coords/snu16_jc_ctrl_36.npy,808,814,6,gt_mask_cc_conn8_min3
snu16_jc_ctrl_37,SNU16,gt_image/snu16_jc_ctrl_37.tif,gt_coords/snu16_jc_ctrl_37.npy,320,325,5,gt_mask_cc_conn8_min3
snu16_jc_ctrl_38,SNU16,gt_image/snu16_jc_ctrl_38.tif,gt_coords/snu16_jc_ctrl_38.npy,178,180,2,gt_mask_cc_conn8_min3
snu16_jc_ctrl_39,SNU16,gt_image/snu16_jc_ctrl_39.tif,gt_coords/snu16_jc_ctrl_39.npy,271,273,2,gt_mask_cc_conn8_min3
snu16_jc_ctrl_40,SNU16,gt_image/snu16_jc_ctrl_40.tif,gt_coords/snu16_jc_ctrl_40.npy,270,271,1,gt_mask_cc_conn8_min3
snu16_jc_ctrl_41,SNU16,gt_image/snu16_jc_ctrl_41.tif,gt_coords/snu16_jc_ctrl_41.npy,803,811,8,gt_mask_cc_conn8_min3
snu16_jc_ctrl_42,SNU16,gt_image/snu16_jc_ctrl_42.tif,gt_coords/snu16_jc_ctrl_42.npy,90,95,5,gt_mask_cc_conn8_min3
snu16_jc_ctrl_43,SNU16,gt_image/snu16_jc_ctrl_43.tif,gt_coords/snu16_jc_ctrl_43.npy,105,105,0,gt_mask_cc_conn8_min3
snu16_jc_ctrl_44,SNU16,gt_image/snu16_jc_ctrl_44.tif,gt_coords/snu16_jc_ctrl_44.npy,441,441,0,gt_mask_cc_conn8_min3
snu16_jc_ctrl_45,SNU16,gt_image/snu16_jc_ctrl_45.tif,gt_coords/snu16_jc_ctrl_45.npy,125,126,1,gt_mask_cc_conn8_min3
snu16_jc_ctrl_46,SNU16,gt_image/snu16_jc_ctrl_46.tif,gt_coords/snu16_jc_ctrl_46.npy,309,319,10,gt_mask_cc_conn8_min3
snu16_jc_ctrl_47,SNU16,gt_image/snu16_jc_ctrl_47.tif,gt_coords/snu16_jc_ctrl_47.npy,392,399,7,gt_mask_cc_conn8_min3
snu16_jc_ctrl_48,SNU16,gt_image/snu16_jc_ctrl_48.tif,gt_coords/snu16_jc_ctrl_48.npy,321,334,13,gt_mask_cc_conn8_min3
snu16_jc_ctrl_50,SNU16,gt_image/snu16_jc_ctrl_50.tif,gt_coords/snu16_jc_ctrl_50.npy,158,164,6,gt_mask_cc_conn8_min3
snu16_jc_ctrl_51,SNU16,gt_image/snu16_jc_ctrl_51.tif,gt_coords/snu16_jc_ctrl_51.npy,402,407,5,gt_mask_cc_conn8_min3
snu16_jc_ctrl_52,SNU16,gt_image/snu16_jc_ctrl_52.tif,gt_coords/snu16_jc_ctrl_52.npy,207,217,10,gt_mask_cc_conn8_min3
snu16_jc_ctrl_53,SNU16,gt_image/snu16_jc_ctrl_53.tif,gt_coords/snu16_jc_ctrl_53.npy,637,645,8,gt_mask_cc_conn8_min3
snu16_jc_ctrl_54,SNU16,gt_image/snu16_jc_ctrl_54.tif,gt_coords/snu16_jc_ctrl_54.npy,151,154,3,gt_mask_cc_conn8_min3
snu16_jc_ctrl_55,SNU16,gt_image/snu16_jc_ctrl_55.tif,gt_coords/snu16_jc_ctrl_55.npy,241,241,0,gt_mask_cc_conn8_min3
snu16_jc_ctrl_56,SNU16,gt_image/snu16_jc_ctrl_56.tif,gt_coords/snu16_jc_ctrl_56.npy,256,262,6,gt_mask_cc_conn8_min3
snu16_jc_ctrl_57,SNU16,gt_image/snu16_jc_ctrl_57.tif,gt_coords/snu16_jc_ctrl_57.npy,222,225,3,gt_mask_cc_conn8_min3
snu16_jc_ctrl_58,SNU16,gt_image/snu16_jc_ctrl_58.tif,gt_coords/snu16_jc_ctrl_58.npy,624,631,7,gt_mask_cc_conn8_min3
snu16_jc_ctrl_59,SNU16,gt_image/snu16_jc_ctrl_59.tif,gt_coords/snu16_jc_ctrl_59.npy,297,299,2,gt_mask_cc_conn8_min3
snu16_jc_ctrl_6,SNU16,gt_image/snu16_jc_ctrl_6.tif,gt_coords/snu16_jc_ctrl_6.npy,335,342,7,gt_mask_cc_conn8_min3
snu16_jc_ctrl_60,SNU16,gt_image/snu16_jc_ctrl_60.tif,gt_coords/snu16_jc_ctrl_60.npy,97,101,4,gt_mask_cc_conn8_min3
snu16_jc_ctrl_61,SNU16,gt_image/snu16_jc_ctrl_61.tif,gt_coords/snu16_jc_ctrl_61.npy,144,148,4,gt_mask_cc_conn8_min3
snu16_jc_ctrl_62,SNU16,gt_image/snu16_jc_ctrl_62.tif,gt_coords/snu16_jc_ctrl_62.npy,386,387,1,gt_mask_cc_conn8_min3
snu16_jc_ctrl_63,SNU16,gt_image/snu16_jc_ctrl_63.tif,gt_coords/snu16_jc_ctrl_63.npy,190,191,1,gt_mask_cc_conn8_min3
snu16_jc_ctrl_64,SNU16,gt_image/snu16_jc_ctrl_64.tif,gt_coords/snu16_jc_ctrl_64.npy,95,95,0,gt_mask_cc_conn8_min3
snu16_jc_ctrl_65,SNU16,gt_image/snu16_jc_ctrl_65.tif,gt_coords/snu16_jc_ctrl_65.npy,413,417,4,gt_mask_cc_conn8_min3
snu16_jc_ctrl_66,SNU16,gt_image/snu16_jc_ctrl_66.tif,gt_coords/snu16_jc_ctrl_66.npy,308,310,2,gt_mask_cc_conn8_min3
snu16_jc_ctrl_67,SNU16,gt_image/snu16_jc_ctrl_67.tif,gt_coords/snu16_jc_ctrl_67.npy,267,271,4,gt_mask_cc_conn8_min3
snu16_jc_ctrl_68,SNU16,gt_image/snu16_jc_ctrl_68.tif,gt_coords/snu16_jc_ctrl_68.npy,674,680,6,gt_mask_cc_conn8_min3
snu16_jc_ctrl_69,SNU16,gt_image/snu16_jc_ctrl_69.tif,gt_coords/snu16_jc_ctrl_69.npy,325,325,0,gt_mask_cc_conn8_min3
snu16_jc_ctrl_70,SNU16,gt_image/snu16_jc_ctrl_70.tif,gt_coords/snu16_jc_ctrl_70.npy,238,238,0,gt_mask_cc_conn8_min3
snu16_jc_ctrl_71,SNU16,gt_image/snu16_jc_ctrl_71.tif,gt_coords/snu16_jc_ctrl_71.npy,705,713,8,gt_mask_cc_conn8_min3
snu16_jc_ctrl_72,SNU16,gt_image/snu16_jc_ctrl_72.tif,gt_coords/snu16_jc_ctrl_72.npy,166,166,0,gt_mask_cc_conn8_min3
snu16_jc_ctrl_73,SNU16,gt_image/snu16_jc_ctrl_73.tif,gt_coords/snu16_jc_ctrl_73.npy,260,265,5,gt_mask_cc_conn8_min3
snu16_jc_ctrl_74,SNU16,gt_image/snu16_jc_ctrl_74.tif,gt_coords/snu16_jc_ctrl_74.npy,222,222,0,gt_mask_cc_conn8_min3
snu16_jc_ctrl_75,SNU16,gt_image/snu16_jc_ctrl_75.tif,gt_coords/snu16_jc_ctrl_75.npy,189,197,8,gt_mask_cc_conn8_min3
snu16_jc_ctrl_76,SNU16,gt_image/snu16_jc_ctrl_76.tif,gt_coords/snu16_jc_ctrl_76.npy,148,152,4,gt_mask_cc_conn8_min3
snu16_jc_ctrl_77,SNU16,gt_image/snu16_jc_ctrl_77.tif,gt_coords/snu16_jc_ctrl_77.npy,705,727,22,gt_mask_cc_conn8_min3
snu16_jc_ctrl_78,SNU16,gt_image/snu16_jc_ctrl_78.tif,gt_coords/snu16_jc_ctrl_78.npy,144,148,4,gt_mask_cc_conn8_min3
snu16_jc_ctrl_79,SNU16,gt_image/snu16_jc_ctrl_79.tif,gt_coords/snu16_jc_ctrl_79.npy,289,292,3,gt_mask_cc_conn8_min3
snu16_jc_ctrl_8,SNU16,gt_image/snu16_jc_ctrl_8.tif,gt_coords/snu16_jc_ctrl_8.npy,232,234,2,gt_mask_cc_conn8_min3
snu16_jc_ctrl_80,SNU16,gt_image/snu16_jc_ctrl_80.tif,gt_coords/snu16_jc_ctrl_80.npy,333,336,3,gt_mask_cc_conn8_min3
snu16_jc_ctrl_81,SNU16,gt_image/snu16_jc_ctrl_81.tif,gt_coords/snu16_jc_ctrl_81.npy,76,79,3,gt_mask_cc_conn8_min3
snu16_jc_ctrl_82,SNU16,gt_image/snu16_jc_ctrl_82.tif,gt_coords/snu16_jc_ctrl_82.npy,423,428,5,gt_mask_cc_conn8_min3
snu16_jc_ctrl_83,SNU16,gt_image/snu16_jc_ctrl_83.tif,gt_coords/snu16_jc_ctrl_83.npy,140,140,0,gt_mask_cc_conn8_min3
snu16_jc_ctrl_84,SNU16,gt_image/snu16_jc_ctrl_84.tif,gt_coords/snu16_jc_ctrl_84.npy,212,221,9,gt_mask_cc_conn8_min3
snu16_jc_ctrl_85,SNU16,gt_image/snu16_jc_ctrl_85.tif,gt_coords/snu16_jc_ctrl_85.npy,276,277,1,gt_mask_cc_conn8_min3
snu16_jc_ctrl_86,SNU16,gt_image/snu16_jc_ctrl_86.tif,gt_coords/snu16_jc_ctrl_86.npy,227,227,0,gt_mask_cc_conn8_min3
snu16_jc_ctrl_87,SNU16,gt_image/snu16_jc_ctrl_87.tif,gt_coords/snu16_jc_ctrl_87.npy,241,241,0,gt_mask_cc_conn8_min3
snu16_jc_ctrl_88,SNU16,gt_image/snu16_jc_ctrl_88.tif,gt_coords/snu16_jc_ctrl_88.npy,308,313,5,gt_mask_cc_conn8_min3
snu16_jc_ctrl_89,SNU16,gt_image/snu16_jc_ctrl_89.tif,gt_coords/snu16_jc_ctrl_89.npy,303,313,10,gt_mask_cc_conn8_min3
snu16_jc_ctrl_9,SNU16,gt_image/snu16_jc_ctrl_9.tif,gt_coords/snu16_jc_ctrl_9.npy,161,180,19,gt_mask_cc_conn8_min3
snu16_jc_ctrl_90,SNU16,gt_image/snu16_jc_ctrl_90.tif,gt_coords/snu16_jc_ctrl_90.npy,289,290,1,gt_mask_cc_conn8_min3
snu16_jc_ctrl_91,SNU16,gt_image/snu16_jc_ctrl_91.tif,gt_coords/snu16_jc_ctrl_91.npy,422,425,3,gt_mask_cc_conn8_min3
snu16_jc_ctrl_92,SNU16,gt_image/snu16_jc_ctrl_92.tif,gt_coords/snu16_jc_ctrl_92.npy,382,386,4,gt_mask_cc_conn8_min3
snu16_jc_ctrl_93,SNU16,gt_image/snu16_jc_ctrl_93.tif,gt_coords/snu16_jc_ctrl_93.npy,268,277,9,gt_mask_cc_conn8_min3
snu16_jc_ctrl_94,SNU16,gt_image/snu16_jc_ctrl_94.tif,gt_coords/snu16_jc_ctrl_94.npy,348,353,5,gt_mask_cc_conn8_min3
snu16_jc_ctrl_95,SNU16,gt_image/snu16_jc_ctrl_95.tif,gt_coords/snu16_jc_ctrl_95.npy,664,667,3,gt_mask_cc_conn8_min3
snu16_jc_ctrl_96,SNU16,gt_image/snu16_jc_ctrl_96.tif,gt_coords/snu16_jc_ctrl_96.npy,504,507,3,gt_mask_cc_conn8_min3
snu16_jc_ctrl_97,SNU16,gt_image/snu16_jc_ctrl_97.tif,gt_coords/snu16_jc_ctrl_97.npy,208,214,6,gt_mask_cc_conn8_min3
snu16_jc_ctrl_98,SNU16,gt_image/snu16_jc_ctrl_98.tif,gt_coords/snu16_jc_ctrl_98.npy,459,463,4,gt_mask_cc_conn8_min3
snu16_jc_ctrl_99,SNU16,gt_image/snu16_jc_ctrl_99.tif,gt_coords/snu16_jc_ctrl_99.npy,289,291,2,gt_mask_cc_conn8_min3
snu16_jc_jq1_ic50_24h_1,SNU16,gt_image/snu16_jc_jq1_ic50_24h_1.tif,gt_coords/snu16_jc_jq1_ic50_24h_1.npy,121,123,2,gt_mask_cc_conn8_min3
snu16_jc_jq1_ic50_24h_10,SNU16,gt_image/snu16_jc_jq1_ic50_24h_10.tif,gt_coords/snu16_jc_jq1_ic50_24h_10.npy,228,228,0,gt_mask_cc_conn8_min3
snu16_jc_jq1_ic50_24h_100,SNU16,gt_image/snu16_jc_jq1_ic50_24h_100.tif,gt_coords/snu16_jc_jq1_ic50_24h_100.npy,97,99,2,gt_mask_cc_conn8_min3
snu16_jc_jq1_ic50_24h_101,SNU16,gt_image/snu16_jc_jq1_ic50_24h_101.tif,gt_coords/snu16_jc_jq1_ic50_24h_101.npy,293,293,0,gt_mask_cc_conn8_min3
snu16_jc_jq1_ic50_24h_102,SNU16,gt_image/snu16_jc_jq1_ic50_24h_102.tif,gt_coords/snu16_jc_jq1_ic50_24h_102.npy,177,177,0,gt_mask_cc_conn8_min3
snu16_jc_jq1_ic50_24h_103,SNU16,gt_image/snu16_jc_jq1_ic50_24h_103.tif,gt_coords/snu16_jc_jq1_ic50_24h_103.npy,349,349,0,gt_mask_cc_conn8_min3
snu16_jc_jq1_ic50_24h_104,SNU16,gt_image/snu16_jc_jq1_ic50_24h_104.tif,gt_coords/snu16_jc_jq1_ic50_24h_104.npy,481,481,0,gt_mask_cc_conn8_min3
snu16_jc_jq1_ic50_24h_105,SNU16,gt_image/snu16_jc_jq1_ic50_24h_105.tif,gt_coords/snu16_jc_jq1_ic50_24h_105.npy,559,560,1,gt_mask_cc_conn8_min3
snu16_jc_jq1_ic50_24h_106,SNU16,gt_image/snu16_jc_jq1_ic50_24h_106.tif,gt_coords/snu16_jc_jq1_ic50_24h_106.npy,48,49,1,gt_mask_cc_conn8_min3
snu16_jc_jq1_ic50_24h_108,SNU16,gt_image/snu16_jc_jq1_ic50_24h_108.tif,gt_coords/snu16_jc_jq1_ic50_24h_108.npy,147,147,0,gt_mask_cc_conn8_min3
snu16_jc_jq1_ic50_24h_109,SNU16,gt_image/snu16_jc_jq1_ic50_24h_109.tif,gt_coords/snu16_jc_jq1_ic50_24h_109.npy,261,261,0,gt_mask_cc_conn8_min3
snu16_jc_jq1_ic50_24h_11,SNU16,gt_image/snu16_jc_jq1_ic50_24h_11.tif,gt_coords/snu16_jc_jq1_ic50_24h_11.npy,397,407,10,gt_mask_cc_conn8_min3
snu16_jc_jq1_ic50_24h_110,SNU16,gt_image/snu16_jc_jq1_ic50_24h_110.tif,gt_coords/snu16_jc_jq1_ic50_24h_110.npy,315,318,3,gt_mask_cc_conn8_min3
snu16_jc_jq1_ic50_24h_111,SNU16,gt_image/snu16_jc_jq1_ic50_24h_111.tif,gt_coords/snu16_jc_jq1_ic50_24h_111.npy,274,274,0,gt_mask_cc_conn8_min3
snu16_jc_jq1_ic50_24h_112_a,SNU16,gt_image/snu16_jc_jq1_ic50_24h_112_a.tif,gt_coords/snu16_jc_jq1_ic50_24h_112_a.npy,181,181,0,gt_mask_cc_conn8_min3
snu16_jc_jq1_ic50_24h_112_b,SNU16,gt_image/snu16_jc_jq1_ic50_24h_112_b.tif,gt_coords/snu16_jc_jq1_ic50_24h_112_b.npy,575,671,96,gt_mask_cc_conn8_min3
snu16_jc_jq1_ic50_24h_114,SNU16,gt_image/snu16_jc_jq1_ic50_24h_114.tif,gt_coords/snu16_jc_jq1_ic50_24h_114.npy,211,211,0,gt_mask_cc_conn8_min3
snu16_jc_jq1_ic50_24h_115,SNU16,gt_image/snu16_jc_jq1_ic50_24h_115.tif,gt_coords/snu16_jc_jq1_ic50_24h_115.npy,230,231,1,gt_mask_cc_conn8_min3
snu16_jc_jq1_ic50_24h_116,SNU16,gt_image/snu16_jc_jq1_ic50_24h_116.tif,gt_coords/snu16_jc_jq1_ic50_24h_116.npy,562,564,2,gt_mask_cc_conn8_min3
snu16_jc_jq1_ic50_24h_117,SNU16,gt_image/snu16_jc_jq1_ic50_24h_117.tif,gt_coords/snu16_jc_jq1_ic50_24h_117.npy,118,118,0,gt_mask_cc_conn8_min3
snu16_jc_jq1_ic50_24h_118,SNU16,gt_image/snu16_jc_jq1_ic50_24h_118.tif,gt_coords/snu16_jc_jq1_ic50_24h_118.npy,221,223,2,gt_mask_cc_conn8_min3
snu16_jc_jq1_ic50_24h_119,SNU16,gt_image/snu16_jc_jq1_ic50_24h_119.tif,gt_coords/snu16_jc_jq1_ic50_24h_119.npy,309,309,0,gt_mask_cc_conn8_min3
snu16_jc_jq1_ic50_24h_12,SNU16,gt_image/snu16_jc_jq1_ic50_24h_12.tif,gt_coords/snu16_jc_jq1_ic50_24h_12.npy,354,361,7,gt_mask_cc_conn8_min3
snu16_jc_jq1_ic50_24h_120,SNU16,gt_image/snu16_jc_jq1_ic50_24h_120.tif,gt_coords/snu16_jc_jq1_ic50_24h_120.npy,193,193,0,gt_mask_cc_conn8_min3
snu16_jc_jq1_ic50_24h_123,SNU16,gt_image/snu16_jc_jq1_ic50_24h_123.tif,gt_coords/snu16_jc_jq1_ic50_24h_123.npy,452,452,0,gt_mask_cc_conn8_min3
snu16_jc_jq1_ic50_24h_124,SNU16,gt_image/snu16_jc_jq1_ic50_24h_124.tif,gt_coords/snu16_jc_jq1_ic50_24h_124.npy,450,451,1,gt_mask_cc_conn8_min3
snu16_jc_jq1_ic50_24h_125,SNU16,gt_image/snu16_jc_jq1_ic50_24h_125.tif,gt_coords/snu16_jc_jq1_ic50_24h_125.npy,400,400,0,gt_mask_cc_conn8_min3
snu16_jc_jq1_ic50_24h_127,SNU16,gt_image/snu16_jc_jq1_ic50_24h_127.tif,gt_coords/snu16_jc_jq1_ic50_24h_127.npy,105,105,0,gt_mask_cc_conn8_min3
snu16_jc_jq1_ic50_24h_128,SNU16,gt_image/snu16_jc_jq1_ic50_24h_128.tif,gt_coords/snu16_jc_jq1_ic50_24h_128.npy,77,77,0,gt_mask_cc_conn8_min3
snu16_jc_jq1_ic50_24h_129,SNU16,gt_image/snu16_jc_jq1_ic50_24h_129.tif,gt_coords/snu16_jc_jq1_ic50_24h_129.npy,155,155,0,gt_mask_cc_conn8_min3
snu16_jc_jq1_ic50_24h_13,SNU16,gt_image/snu16_jc_jq1_ic50_24h_13.tif,gt_coords/snu16_jc_jq1_ic50_24h_13.npy,256,258,2,gt_mask_cc_conn8_min3
snu16_jc_jq1_ic50_24h_130,SNU16,gt_image/snu16_jc_jq1_ic50_24h_130.tif,gt_coords/snu16_jc_jq1_ic50_24h_130.npy,250,250,0,gt_mask_cc_conn8_min3
snu16_jc_jq1_ic50_24h_14,SNU16,gt_image/snu16_jc_jq1_ic50_24h_14.tif,gt_coords/snu16_jc_jq1_ic50_24h_14.npy,233,239,6,gt_mask_cc_conn8_min3
snu16_jc_jq1_ic50_24h_15,SNU16,gt_image/snu16_jc_jq1_ic50_24h_15.tif,gt_coords/snu16_jc_jq1_ic50_24h_15.npy,219,222,3,gt_mask_cc_conn8_min3
snu16_jc_jq1_ic50_24h_16,SNU16,gt_image/snu16_jc_jq1_ic50_24h_16.tif,gt_coords/snu16_jc_jq1_ic50_24h_16.npy,705,728,23,gt_mask_cc_conn8_min3
snu16_jc_jq1_ic50_24h_17,SNU16,gt_image/snu16_jc_jq1_ic50_24h_17.tif,gt_coords/snu16_jc_jq1_ic50_24h_17.npy,297,298,1,gt_mask_cc_conn8_min3
snu16_jc_jq1_ic50_24h_18,SNU16,gt_image/snu16_jc_jq1_ic50_24h_18.tif,gt_coords/snu16_jc_jq1_ic50_24h_18.npy,309,318,9,gt_mask_cc_conn8_min3
snu16_jc_jq1_ic50_24h_19,SNU16,gt_image/snu16_jc_jq1_ic50_24h_19.tif,gt_coords/snu16_jc_jq1_ic50_24h_19.npy,271,278,7,gt_mask_cc_conn8_min3
snu16_jc_jq1_ic50_24h_2,SNU16,gt_image/snu16_jc_jq1_ic50_24h_2.tif,gt_coords/snu16_jc_jq1_ic50_24h_2.npy,110,110,0,gt_mask_cc_conn8_min3
snu16_jc_jq1_ic50_24h_20,SNU16,gt_image/snu16_jc_jq1_ic50_24h_20.tif,gt_coords/snu16_jc_jq1_ic50_24h_20.npy,190,191,1,gt_mask_cc_conn8_min3
snu16_jc_jq1_ic50_24h_21,SNU16,gt_image/snu16_jc_jq1_ic50_24h_21.tif,gt_coords/snu16_jc_jq1_ic50_24h_21.npy,172,173,1,gt_mask_cc_conn8_min3
snu16_jc_jq1_ic50_24h_22,SNU16,gt_image/snu16_jc_jq1_ic50_24h_22.tif,gt_coords/snu16_jc_jq1_ic50_24h_22.npy,268,268,0,gt_mask_cc_conn8_min3
snu16_jc_jq1_ic50_24h_23,SNU16,gt_image/snu16_jc_jq1_ic50_24h_23.tif,gt_coords/snu16_jc_jq1_ic50_24h_23.npy,464,473,9,gt_mask_cc_conn8_min3
snu16_jc_jq1_ic50_24h_24,SNU16,gt_image/snu16_jc_jq1_ic50_24h_24.tif,gt_coords/snu16_jc_jq1_ic50_24h_24.npy,201,201,0,gt_mask_cc_conn8_min3
snu16_jc_jq1_ic50_24h_25,SNU16,gt_image/snu16_jc_jq1_ic50_24h_25.tif,gt_coords/snu16_jc_jq1_ic50_24h_25.npy,197,202,5,gt_mask_cc_conn8_min3
snu16_jc_jq1_ic50_24h_26,SNU16,gt_image/snu16_jc_jq1_ic50_24h_26.tif,gt_coords/snu16_jc_jq1_ic50_24h_26.npy,301,301,0,gt_mask_cc_conn8_min3
snu16_jc_jq1_ic50_24h_27,SNU16,gt_image/snu16_jc_jq1_ic50_24h_27.tif,gt_coords/snu16_jc_jq1_ic50_24h_27.npy,579,602,23,gt_mask_cc_conn8_min3
snu16_jc_jq1_ic50_24h_28,SNU16,gt_image/snu16_jc_jq1_ic50_24h_28.tif,gt_coords/snu16_jc_jq1_ic50_24h_28.npy,433,442,9,gt_mask_cc_conn8_min3
snu16_jc_jq1_ic50_24h_29,SNU16,gt_image/snu16_jc_jq1_ic50_24h_29.tif,gt_coords/snu16_jc_jq1_ic50_24h_29.npy,286,288,2,gt_mask_cc_conn8_min3
snu16_jc_jq1_ic50_24h_3,SNU16,gt_image/snu16_jc_jq1_ic50_24h_3.tif,gt_coords/snu16_jc_jq1_ic50_24h_3.npy,255,255,0,gt_mask_cc_conn8_min3
snu16_jc_jq1_ic50_24h_30,SNU16,gt_image/snu16_jc_jq1_ic50_24h_30.tif,gt_coords/snu16_jc_jq1_ic50_24h_30.npy,541,545,4,gt_mask_cc_conn8_min3
snu16_jc_jq1_ic50_24h_31,SNU16,gt_image/snu16_jc_jq1_ic50_24h_31.tif,gt_coords/snu16_jc_jq1_ic50_24h_31.npy,345,351,6,gt_mask_cc_conn8_min3
snu16_jc_jq1_ic50_24h_32,SNU16,gt_image/snu16_jc_jq1_ic50_24h_32.tif,gt_coords/snu16_jc_jq1_ic50_24h_32.npy,257,259,2,gt_mask_cc_conn8_min3
snu16_jc_jq1_ic50_24h_33_a,SNU16,gt_image/snu16_jc_jq1_ic50_24h_33_a.tif,gt_coords/snu16_jc_jq1_ic50_24h_33_a.npy,527,535,8,gt_mask_cc_conn8_min3
snu16_jc_jq1_ic50_24h_33_b,SNU16,gt_image/snu16_jc_jq1_ic50_24h_33_b.tif,gt_coords/snu16_jc_jq1_ic50_24h_33_b.npy,348,348,0,gt_mask_cc_conn8_min3
snu16_jc_jq1_ic50_24h_34,SNU16,gt_image/snu16_jc_jq1_ic50_24h_34.tif,gt_coords/snu16_jc_jq1_ic50_24h_34.npy,198,200,2,gt_mask_cc_conn8_min3
snu16_jc_jq1_ic50_24h_35,SNU16,gt_image/snu16_jc_jq1_ic50_24h_35.tif,gt_coords/snu16_jc_jq1_ic50_24h_35.npy,361,366,5,gt_mask_cc_conn8_min3
snu16_jc_jq1_ic50_24h_36,SNU16,gt_image/snu16_jc_jq1_ic50_24h_36.tif,gt_coords/snu16_jc_jq1_ic50_24h_36.npy,232,232,0,gt_mask_cc_conn8_min3
snu16_jc_jq1_ic50_24h_37,SNU16,gt_image/snu16_jc_jq1_ic50_24h_37.tif,gt_coords/snu16_jc_jq1_ic50_24h_37.npy,912,922,10,gt_mask_cc_conn8_min3
snu16_jc_jq1_ic50_24h_39,SNU16,gt_image/snu16_jc_jq1_ic50_24h_39.tif,gt_coords/snu16_jc_jq1_ic50_24h_39.npy,320,320,0,gt_mask_cc_conn8_min3
snu16_jc_jq1_ic50_24h_4,SNU16,gt_image/snu16_jc_jq1_ic50_24h_4.tif,gt_coords/snu16_jc_jq1_ic50_24h_4.npy,335,342,7,gt_mask_cc_conn8_min3
snu16_jc_jq1_ic50_24h_40,SNU16,gt_image/snu16_jc_jq1_ic50_24h_40.tif,gt_coords/snu16_jc_jq1_ic50_24h_40.npy,183,183,0,gt_mask_cc_conn8_min3
snu16_jc_jq1_ic50_24h_41,SNU16,gt_image/snu16_jc_jq1_ic50_24h_41.tif,gt_coords/snu16_jc_jq1_ic50_24h_41.npy,234,235,1,gt_mask_cc_conn8_min3
snu16_jc_jq1_ic50_24h_42,SNU16,gt_image/snu16_jc_jq1_ic50_24h_42.tif,gt_coords/snu16_jc_jq1_ic50_24h_42.npy,610,612,2,gt_mask_cc_conn8_min3
snu16_jc_jq1_ic50_24h_43,SNU16,gt_image/snu16_jc_jq1_ic50_24h_43.tif,gt_coords/snu16_jc_jq1_ic50_24h_43.npy,190,190,0,gt_mask_cc_conn8_min3
snu16_jc_jq1_ic50_24h_44,SNU16,gt_image/snu16_jc_jq1_ic50_24h_44.tif,gt_coords/snu16_jc_jq1_ic50_24h_44.npy,426,426,0,gt_mask_cc_conn8_min3
snu16_jc_jq1_ic50_24h_45,SNU16,gt_image/snu16_jc_jq1_ic50_24h_45.tif,gt_coords/snu16_jc_jq1_ic50_24h_45.npy,374,374,0,gt_mask_cc_conn8_min3
snu16_jc_jq1_ic50_24h_46,SNU16,gt_image/snu16_jc_jq1_ic50_24h_46.tif,gt_coords/snu16_jc_jq1_ic50_24h_46.npy,235,236,1,gt_mask_cc_conn8_min3
snu16_jc_jq1_ic50_24h_47,SNU16,gt_image/snu16_jc_jq1_ic50_24h_47.tif,gt_coords/snu16_jc_jq1_ic50_24h_47.npy,469,470,1,gt_mask_cc_conn8_min3
snu16_jc_jq1_ic50_24h_48,SNU16,gt_image/snu16_jc_jq1_ic50_24h_48.tif,gt_coords/snu16_jc_jq1_ic50_24h_48.npy,179,179,0,gt_mask_cc_conn8_min3
snu16_jc_jq1_ic50_24h_49,SNU16,gt_image/snu16_jc_jq1_ic50_24h_49.tif,gt_coords/snu16_jc_jq1_ic50_24h_49.npy,258,260,2,gt_mask_cc_conn8_min3
snu16_jc_jq1_ic50_24h_5,SNU16,gt_image/snu16_jc_jq1_ic50_24h_5.tif,gt_coords/snu16_jc_jq1_ic50_24h_5.npy,434,436,2,gt_mask_cc_conn8_min3
snu16_jc_jq1_ic50_24h_50,SNU16,gt_image/snu16_jc_jq1_ic50_24h_50.tif,gt_coords/snu16_jc_jq1_ic50_24h_50.npy,188,188,0,gt_mask_cc_conn8_min3
snu16_jc_jq1_ic50_24h_51,SNU16,gt_image/snu16_jc_jq1_ic50_24h_51.tif,gt_coords/snu16_jc_jq1_ic50_24h_51.npy,499,503,4,gt_mask_cc_conn8_min3
snu16_jc_jq1_ic50_24h_52,SNU16,gt_image/snu16_jc_jq1_ic50_24h_52.tif,gt_coords/snu16_jc_jq1_ic50_24h_52.npy,279,282,3,gt_mask_cc_conn8_min3
snu16_jc_jq1_ic50_24h_53,SNU16,gt_image/snu16_jc_jq1_ic50_24h_53.tif,gt_coords/snu16_jc_jq1_ic50_24h_53.npy,377,378,1,gt_mask_cc_conn8_min3
snu16_jc_jq1_ic50_24h_54,SNU16,gt_image/snu16_jc_jq1_ic50_24h_54.tif,gt_coords/snu16_jc_jq1_ic50_24h_54.npy,274,275,1,gt_mask_cc_conn8_min3
snu16_jc_jq1_ic50_24h_55,SNU16,gt_image/snu16_jc_jq1_ic50_24h_55.tif,gt_coords/snu16_jc_jq1_ic50_24h_55.npy,189,189,0,gt_mask_cc_conn8_min3
snu16_jc_jq1_ic50_24h_56,SNU16,gt_image/snu16_jc_jq1_ic50_24h_56.tif,gt_coords/snu16_jc_jq1_ic50_24h_56.npy,150,150,0,gt_mask_cc_conn8_min3
snu16_jc_jq1_ic50_24h_57,SNU16,gt_image/snu16_jc_jq1_ic50_24h_57.tif,gt_coords/snu16_jc_jq1_ic50_24h_57.npy,101,101,0,gt_mask_cc_conn8_min3
snu16_jc_jq1_ic50_24h_58,SNU16,gt_image/snu16_jc_jq1_ic50_24h_58.tif,gt_coords/snu16_jc_jq1_ic50_24h_58.npy,167,168,1,gt_mask_cc_conn8_min3
snu16_jc_jq1_ic50_24h_59,SNU16,gt_image/snu16_jc_jq1_ic50_24h_59.tif,gt_coords/snu16_jc_jq1_ic50_24h_59.npy,348,351,3,gt_mask_cc_conn8_min3
snu16_jc_jq1_ic50_24h_6,SNU16,gt_image/snu16_jc_jq1_ic50_24h_6.tif,gt_coords/snu16_jc_jq1_ic50_24h_6.npy,313,315,2,gt_mask_cc_conn8_min3
snu16_jc_jq1_ic50_24h_60,SNU16,gt_image/snu16_jc_jq1_ic50_24h_60.tif,gt_coords/snu16_jc_jq1_ic50_24h_60.npy,299,299,0,gt_mask_cc_conn8_min3
snu16_jc_jq1_ic50_24h_61_a,SNU16,gt_image/snu16_jc_jq1_ic50_24h_61_a.tif,gt_coords/snu16_jc_jq1_ic50_24h_61_a.npy,112,112,0,gt_mask_cc_conn8_min3
snu16_jc_jq1_ic50_24h_61_b,SNU16,gt_image/snu16_jc_jq1_ic50_24h_61_b.tif,gt_coords/snu16_jc_jq1_ic50_24h_61_b.npy,166,170,4,gt_mask_cc_conn8_min3
snu16_jc_jq1_ic50_24h_62,SNU16,gt_image/snu16_jc_jq1_ic50_24h_62.tif,gt_coords/snu16_jc_jq1_ic50_24h_62.npy,336,336,0,gt_mask_cc_conn8_min3
snu16_jc_jq1_ic50_24h_63,SNU16,gt_image/snu16_jc_jq1_ic50_24h_63.tif,gt_coords/snu16_jc_jq1_ic50_24h_63.npy,274,274,0,gt_mask_cc_conn8_min3
snu16_jc_jq1_ic50_24h_64,SNU16,gt_image/snu16_jc_jq1_ic50_24h_64.tif,gt_coords/snu16_jc_jq1_ic50_24h_64.npy,157,158,1,gt_mask_cc_conn8_min3
snu16_jc_jq1_ic50_24h_65,SNU16,gt_image/snu16_jc_jq1_ic50_24h_65.tif,gt_coords/snu16_jc_jq1_ic50_24h_65.npy,369,373,4,gt_mask_cc_conn8_min3
snu16_jc_jq1_ic50_24h_65_b,SNU16,gt_image/snu16_jc_jq1_ic50_24h_65_b.tif,gt_coords/snu16_jc_jq1_ic50_24h_65_b.npy,464,475,11,gt_mask_cc_conn8_min3
snu16_jc_jq1_ic50_24h_66,SNU16,gt_image/snu16_jc_jq1_ic50_24h_66.tif,gt_coords/snu16_jc_jq1_ic50_24h_66.npy,238,238,0,gt_mask_cc_conn8_min3
snu16_jc_jq1_ic50_24h_67,SNU16,gt_image/snu16_jc_jq1_ic50_24h_67.tif,gt_coords/snu16_jc_jq1_ic50_24h_67.npy,213,213,0,gt_mask_cc_conn8_min3
snu16_jc_jq1_ic50_24h_68,SNU16,gt_image/snu16_jc_jq1_ic50_24h_68.tif,gt_coords/snu16_jc_jq1_ic50_24h_68.npy,313,319,6,gt_mask_cc_conn8_min3
snu16_jc_jq1_ic50_24h_69,SNU16,gt_image/snu16_jc_jq1_ic50_24h_69.tif,gt_coords/snu16_jc_jq1_ic50_24h_69.npy,444,444,0,gt_mask_cc_conn8_min3
snu16_jc_jq1_ic50_24h_7,SNU16,gt_image/snu16_jc_jq1_ic50_24h_7.tif,gt_coords/snu16_jc_jq1_ic50_24h_7.npy,354,357,3,gt_mask_cc_conn8_min3
snu16_jc_jq1_ic50_24h_70,SNU16,gt_image/snu16_jc_jq1_ic50_24h_70.tif,gt_coords/snu16_jc_jq1_ic50_24h_70.npy,242,246,4,gt_mask_cc_conn8_min3
snu16_jc_jq1_ic50_24h_71,SNU16,gt_image/snu16_jc_jq1_ic50_24h_71.tif,gt_coords/snu16_jc_jq1_ic50_24h_71.npy,795,828,33,gt_mask_cc_conn8_min3
snu16_jc_jq1_ic50_24h_72,SNU16,gt_image/snu16_jc_jq1_ic50_24h_72.tif,gt_coords/snu16_jc_jq1_ic50_24h_72.npy,368,371,3,gt_mask_cc_conn8_min3
snu16_jc_jq1_ic50_24h_73,SNU16,gt_image/snu16_jc_jq1_ic50_24h_73.tif,gt_coords/snu16_jc_jq1_ic50_24h_73.npy,258,258,0,gt_mask_cc_conn8_min3
snu16_jc_jq1_ic50_24h_74,SNU16,gt_image/snu16_jc_jq1_ic50_24h_74.tif,gt_coords/snu16_jc_jq1_ic50_24h_74.npy,141,142,1,gt_mask_cc_conn8_min3
snu16_jc_jq1_ic50_24h_75,SNU16,gt_image/snu16_jc_jq1_ic50_24h_75.tif,gt_coords/snu16_jc_jq1_ic50_24h_75.npy,394,395,1,gt_mask_cc_conn8_min3
snu16_jc_jq1_ic50_24h_76,SNU16,gt_image/snu16_jc_jq1_ic50_24h_76.tif,gt_coords/snu16_jc_jq1_ic50_24h_76.npy,101,101,0,gt_mask_cc_conn8_min3
snu16_jc_jq1_ic50_24h_77,SNU16,gt_image/snu16_jc_jq1_ic50_24h_77.tif,gt_coords/snu16_jc_jq1_ic50_24h_77.npy,292,293,1,gt_mask_cc_conn8_min3
snu16_jc_jq1_ic50_24h_78,SNU16,gt_image/snu16_jc_jq1_ic50_24h_78.tif,gt_coords/snu16_jc_jq1_ic50_24h_78.npy,406,409,3,gt_mask_cc_conn8_min3
snu16_jc_jq1_ic50_24h_79,SNU16,gt_image/snu16_jc_jq1_ic50_24h_79.tif,gt_coords/snu16_jc_jq1_ic50_24h_79.npy,237,238,1,gt_mask_cc_conn8_min3
snu16_jc_jq1_ic50_24h_8,SNU16,gt_image/snu16_jc_jq1_ic50_24h_8.tif,gt_coords/snu16_jc_jq1_ic50_24h_8.npy,663,672,9,gt_mask_cc_conn8_min3
snu16_jc_jq1_ic50_24h_80,SNU16,gt_image/snu16_jc_jq1_ic50_24h_80.tif,gt_coords/snu16_jc_jq1_ic50_24h_80.npy,143,143,0,gt_mask_cc_conn8_min3
snu16_jc_jq1_ic50_24h_81,SNU16,gt_image/snu16_jc_jq1_ic50_24h_81.tif,gt_coords/snu16_jc_jq1_ic50_24h_81.npy,142,142,0,gt_mask_cc_conn8_min3
snu16_jc_jq1_ic50_24h_83,SNU16,gt_image/snu16_jc_jq1_ic50_24h_83.tif,gt_coords/snu16_jc_jq1_ic50_24h_83.npy,386,387,1,gt_mask_cc_conn8_min3
snu16_jc_jq1_ic50_24h_84,SNU16,gt_image/snu16_jc_jq1_ic50_24h_84.tif,gt_coords/snu16_jc_jq1_ic50_24h_84.npy,237,237,0,gt_mask_cc_conn8_min3
snu16_jc_jq1_ic50_24h_85,SNU16,gt_image/snu16_jc_jq1_ic50_24h_85.tif,gt_coords/snu16_jc_jq1_ic50_24h_85.npy,436,437,1,gt_mask_cc_conn8_min3
snu16_jc_jq1_ic50_24h_86_a,SNU16,gt_image/snu16_jc_jq1_ic50_24h_86_a.tif,gt_coords/snu16_jc_jq1_ic50_24h_86_a.npy,119,119,0,gt_mask_cc_conn8_min3
snu16_jc_jq1_ic50_24h_86_b,SNU16,gt_image/snu16_jc_jq1_ic50_24h_86_b.tif,gt_coords/snu16_jc_jq1_ic50_24h_86_b.npy,155,155,0,gt_mask_cc_conn8_min3
snu16_jc_jq1_ic50_24h_87,SNU16,gt_image/snu16_jc_jq1_ic50_24h_87.tif,gt_coords/snu16_jc_jq1_ic50_24h_87.npy,225,225,0,gt_mask_cc_conn8_min3
snu16_jc_jq1_ic50_24h_88,SNU16,gt_image/snu16_jc_jq1_ic50_24h_88.tif,gt_coords/snu16_jc_jq1_ic50_24h_88.npy,57,57,0,gt_mask_cc_conn8_min3
snu16_jc_jq1_ic50_24h_89,SNU16,gt_image/snu16_jc_jq1_ic50_24h_89.tif,gt_coords/snu16_jc_jq1_ic50_24h_89.npy,203,203,0,gt_mask_cc_conn8_min3
snu16_jc_jq1_ic50_24h_9,SNU16,gt_image/snu16_jc_jq1_ic50_24h_9.tif,gt_coords/snu16_jc_jq1_ic50_24h_9.npy,239,240,1,gt_mask_cc_conn8_min3
snu16_jc_jq1_ic50_24h_90,SNU16,gt_image/snu16_jc_jq1_ic50_24h_90.tif,gt_coords/snu16_jc_jq1_ic50_24h_90.npy,141,141,0,gt_mask_cc_conn8_min3
snu16_jc_jq1_ic50_24h_91,SNU16,gt_image/snu16_jc_jq1_ic50_24h_91.tif,gt_coords/snu16_jc_jq1_ic50_24h_91.npy,111,111,0,gt_mask_cc_conn8_min3
snu16_jc_jq1_ic50_24h_92,SNU16,gt_image/snu16_jc_jq1_ic50_24h_92.tif,gt_coords/snu16_jc_jq1_ic50_24h_92.npy,574,578,4,gt_mask_cc_conn8_min3
snu16_jc_jq1_ic50_24h_93,SNU16,gt_image/snu16_jc_jq1_ic50_24h_93.tif,gt_coords/snu16_jc_jq1_ic50_24h_93.npy,97,97,0,gt_mask_cc_conn8_min3
snu16_jc_jq1_ic50_24h_94,SNU16,gt_image/snu16_jc_jq1_ic50_24h_94.tif,gt_coords/snu16_jc_jq1_ic50_24h_94.npy,141,141,0,gt_mask_cc_conn8_min3
snu16_jc_jq1_ic50_24h_95,SNU16,gt_image/snu16_jc_jq1_ic50_24h_95.tif,gt_coords/snu16_jc_jq1_ic50_24h_95.npy,247,250,3,gt_mask_cc_conn8_min3
snu16_jc_jq1_ic50_24h_96,SNU16,gt_image/snu16_jc_jq1_ic50_24h_96.tif,gt_coords/snu16_jc_jq1_ic50_24h_96.npy,174,175,1,gt_mask_cc_conn8_min3
snu16_jc_jq1_ic50_24h_97,SNU16,gt_image/snu16_jc_jq1_ic50_24h_97.tif,gt_coords/snu16_jc_jq1_ic50_24h_97.npy,157,160,3,gt_mask_cc_conn8_min3
snu16_jc_jq1_ic50_24h_98,SNU16,gt_image/snu16_jc_jq1_ic50_24h_98.tif,gt_coords/snu16_jc_jq1_ic50_24h_98.npy,237,241,4,gt_mask_cc_conn8_min3
snu16_jc_jq1_ic50_24h_99,SNU16,gt_image/snu16_jc_jq1_ic50_24h_99.tif,gt_coords/snu16_jc_jq1_ic50_24h_99.npy,266,268,2,gt_mask_cc_conn8_min3
sum159pt_dc_ctrl_1,SUM159PT,gt_image/sum159pt_dc_ctrl_1.tif,gt_coords/sum159pt_dc_ctrl_1.npy,0,1,1,gt_mask_cc_conn8_min3
sum159pt_dc_ctrl_10,SUM159PT,gt_image/sum159pt_dc_ctrl_10.tif,gt_coords/sum159pt_dc_ctrl_10.npy,0,1,1,gt_mask_cc_conn8_min3
sum159pt_dc_ctrl_100_ab,SUM159PT,gt_image/sum159pt_dc_ctrl_100_ab.tif,gt_coords/sum159pt_dc_ctrl_100_ab.npy,9,9,0,gt_mask_cc_conn8_min3
sum159pt_dc_ctrl_101,SUM159PT,gt_image/sum159pt_dc_ctrl_101.tif,gt_coords/sum159pt_dc_ctrl_101.npy,3,3,0,gt_mask_cc_conn8_min3
sum159pt_dc_ctrl_102,SUM159PT,gt_image/sum159pt_dc_ctrl_102.tif,gt_coords/sum159pt_dc_ctrl_102.npy,9,9,0,gt_mask_cc_conn8_min3
sum159pt_dc_ctrl_103,SUM159PT,gt_image/sum159pt_dc_ctrl_103.tif,gt_coords/sum159pt_dc_ctrl_103.npy,10,10,0,gt_mask_cc_conn8_min3
sum159pt_dc_ctrl_104,SUM159PT,gt_image/sum159pt_dc_ctrl_104.tif,gt_coords/sum159pt_dc_ctrl_104.npy,8,8,0,gt_mask_cc_conn8_min3
sum159pt_dc_ctrl_105,SUM159PT,gt_image/sum159pt_dc_ctrl_105.tif,gt_coords/sum159pt_dc_ctrl_105.npy,2,2,0,gt_mask_cc_conn8_min3
sum159pt_dc_ctrl_106,SUM159PT,gt_image/sum159pt_dc_ctrl_106.tif,gt_coords/sum159pt_dc_ctrl_106.npy,3,3,0,gt_mask_cc_conn8_min3
sum159pt_dc_ctrl_107,SUM159PT,gt_image/sum159pt_dc_ctrl_107.tif,gt_coords/sum159pt_dc_ctrl_107.npy,3,3,0,gt_mask_cc_conn8_min3
sum159pt_dc_ctrl_108,SUM159PT,gt_image/sum159pt_dc_ctrl_108.tif,gt_coords/sum159pt_dc_ctrl_108.npy,3,3,0,gt_mask_cc_conn8_min3
sum159pt_dc_ctrl_109,SUM159PT,gt_image/sum159pt_dc_ctrl_109.tif,gt_coords/sum159pt_dc_ctrl_109.npy,2,2,0,gt_mask_cc_conn8_min3
sum159pt_dc_ctrl_11,SUM159PT,gt_image/sum159pt_dc_ctrl_11.tif,gt_coords/sum159pt_dc_ctrl_11.npy,2,2,0,gt_mask_cc_conn8_min3
sum159pt_dc_ctrl_110,SUM159PT,gt_image/sum159pt_dc_ctrl_110.tif,gt_coords/sum159pt_dc_ctrl_110.npy,4,4,0,gt_mask_cc_conn8_min3
sum159pt_dc_ctrl_111,SUM159PT,gt_image/sum159pt_dc_ctrl_111.tif,gt_coords/sum159pt_dc_ctrl_111.npy,8,8,0,gt_mask_cc_conn8_min3
sum159pt_dc_ctrl_112,SUM159PT,gt_image/sum159pt_dc_ctrl_112.tif,gt_coords/sum159pt_dc_ctrl_112.npy,5,5,0,gt_mask_cc_conn8_min3
sum159pt_dc_ctrl_113,SUM159PT,gt_image/sum159pt_dc_ctrl_113.tif,gt_coords/sum159pt_dc_ctrl_113.npy,6,6,0,gt_mask_cc_conn8_min3
sum159pt_dc_ctrl_114,SUM159PT,gt_image/sum159pt_dc_ctrl_114.tif,gt_coords/sum159pt_dc_ctrl_114.npy,5,5,0,gt_mask_cc_conn8_min3
sum159pt_dc_ctrl_115,SUM159PT,gt_image/sum159pt_dc_ctrl_115.tif,gt_coords/sum159pt_dc_ctrl_115.npy,2,2,0,gt_mask_cc_conn8_min3
sum159pt_dc_ctrl_116,SUM159PT,gt_image/sum159pt_dc_ctrl_116.tif,gt_coords/sum159pt_dc_ctrl_116.npy,2,2,0,gt_mask_cc_conn8_min3
sum159pt_dc_ctrl_117,SUM159PT,gt_image/sum159pt_dc_ctrl_117.tif,gt_coords/sum159pt_dc_ctrl_117.npy,3,3,0,gt_mask_cc_conn8_min3
sum159pt_dc_ctrl_118,SUM159PT,gt_image/sum159pt_dc_ctrl_118.tif,gt_coords/sum159pt_dc_ctrl_118.npy,7,7,0,gt_mask_cc_conn8_min3
sum159pt_dc_ctrl_119,SUM159PT,gt_image/sum159pt_dc_ctrl_119.tif,gt_coords/sum159pt_dc_ctrl_119.npy,2,2,0,gt_mask_cc_conn8_min3
sum159pt_dc_ctrl_12,SUM159PT,gt_image/sum159pt_dc_ctrl_12.tif,gt_coords/sum159pt_dc_ctrl_12.npy,2,2,0,gt_mask_cc_conn8_min3
sum159pt_dc_ctrl_120,SUM159PT,gt_image/sum159pt_dc_ctrl_120.tif,gt_coords/sum159pt_dc_ctrl_120.npy,12,12,0,gt_mask_cc_conn8_min3
sum159pt_dc_ctrl_13,SUM159PT,gt_image/sum159pt_dc_ctrl_13.tif,gt_coords/sum159pt_dc_ctrl_13.npy,0,1,1,gt_mask_cc_conn8_min3
sum159pt_dc_ctrl_14,SUM159PT,gt_image/sum159pt_dc_ctrl_14.tif,gt_coords/sum159pt_dc_ctrl_14.npy,0,1,1,gt_mask_cc_conn8_min3
sum159pt_dc_ctrl_15,SUM159PT,gt_image/sum159pt_dc_ctrl_15.tif,gt_coords/sum159pt_dc_ctrl_15.npy,22,22,0,gt_mask_cc_conn8_min3
sum159pt_dc_ctrl_16,SUM159PT,gt_image/sum159pt_dc_ctrl_16.tif,gt_coords/sum159pt_dc_ctrl_16.npy,4,4,0,gt_mask_cc_conn8_min3
sum159pt_dc_ctrl_17,SUM159PT,gt_image/sum159pt_dc_ctrl_17.tif,gt_coords/sum159pt_dc_ctrl_17.npy,0,1,1,gt_mask_cc_conn8_min3
sum159pt_dc_ctrl_18,SUM159PT,gt_image/sum159pt_dc_ctrl_18.tif,gt_coords/sum159pt_dc_ctrl_18.npy,0,1,1,gt_mask_cc_conn8_min3
sum159pt_dc_ctrl_19,SUM159PT,gt_image/sum159pt_dc_ctrl_19.tif,gt_coords/sum159pt_dc_ctrl_19.npy,7,7,0,gt_mask_cc_conn8_min3
sum159pt_dc_ctrl_2,SUM159PT,gt_image/sum159pt_dc_ctrl_2.tif,gt_coords/sum159pt_dc_ctrl_2.npy,2,2,0,gt_mask_cc_conn8_min3
sum159pt_dc_ctrl_20,SUM159PT,gt_image/sum159pt_dc_ctrl_20.tif,gt_coords/sum159pt_dc_ctrl_20.npy,8,8,0,gt_mask_cc_conn8_min3
sum159pt_dc_ctrl_21,SUM159PT,gt_image/sum159pt_dc_ctrl_21.tif,gt_coords/sum159pt_dc_ctrl_21.npy,11,11,0,gt_mask_cc_conn8_min3
sum159pt_dc_ctrl_22,SUM159PT,gt_image/sum159pt_dc_ctrl_22.tif,gt_coords/sum159pt_dc_ctrl_22.npy,0,1,1,gt_mask_cc_conn8_min3
sum159pt_dc_ctrl_23,SUM159PT,gt_image/sum159pt_dc_ctrl_23.tif,gt_coords/sum159pt_dc_ctrl_23.npy,5,5,0,gt_mask_cc_conn8_min3
sum159pt_dc_ctrl_24,SUM159PT,gt_image/sum159pt_dc_ctrl_24.tif,gt_coords/sum159pt_dc_ctrl_24.npy,4,4,0,gt_mask_cc_conn8_min3
sum159pt_dc_ctrl_25,SUM159PT,gt_image/sum159pt_dc_ctrl_25.tif,gt_coords/sum159pt_dc_ctrl_25.npy,33,33,0,gt_mask_cc_conn8_min3
sum159pt_dc_ctrl_26,SUM159PT,gt_image/sum159pt_dc_ctrl_26.tif,gt_coords/sum159pt_dc_ctrl_26.npy,26,26,0,gt_mask_cc_conn8_min3
sum159pt_dc_ctrl_27,SUM159PT,gt_image/sum159pt_dc_ctrl_27.tif,gt_coords/sum159pt_dc_ctrl_27.npy,26,26,0,gt_mask_cc_conn8_min3
sum159pt_dc_ctrl_28_ab,SUM159PT,gt_image/sum159pt_dc_ctrl_28_ab.tif,gt_coords/sum159pt_dc_ctrl_28_ab.npy,5,5,0,gt_mask_cc_conn8_min3
sum159pt_dc_ctrl_29,SUM159PT,gt_image/sum159pt_dc_ctrl_29.tif,gt_coords/sum159pt_dc_ctrl_29.npy,0,1,1,gt_mask_cc_conn8_min3
sum159pt_dc_ctrl_30,SUM159PT,gt_image/sum159pt_dc_ctrl_30.tif,gt_coords/sum159pt_dc_ctrl_30.npy,9,9,0,gt_mask_cc_conn8_min3
sum159pt_dc_ctrl_31,SUM159PT,gt_image/sum159pt_dc_ctrl_31.tif,gt_coords/sum159pt_dc_ctrl_31.npy,4,4,0,gt_mask_cc_conn8_min3
sum159pt_dc_ctrl_32,SUM159PT,gt_image/sum159pt_dc_ctrl_32.tif,gt_coords/sum159pt_dc_ctrl_32.npy,7,7,0,gt_mask_cc_conn8_min3
sum159pt_dc_ctrl_33,SUM159PT,gt_image/sum159pt_dc_ctrl_33.tif,gt_coords/sum159pt_dc_ctrl_33.npy,2,2,0,gt_mask_cc_conn8_min3
sum159pt_dc_ctrl_35,SUM159PT,gt_image/sum159pt_dc_ctrl_35.tif,gt_coords/sum159pt_dc_ctrl_35.npy,0,1,1,gt_mask_cc_conn8_min3
sum159pt_dc_ctrl_36,SUM159PT,gt_image/sum159pt_dc_ctrl_36.tif,gt_coords/sum159pt_dc_ctrl_36.npy,0,1,1,gt_mask_cc_conn8_min3
sum159pt_dc_ctrl_37,SUM159PT,gt_image/sum159pt_dc_ctrl_37.tif,gt_coords/sum159pt_dc_ctrl_37.npy,0,1,1,gt_mask_cc_conn8_min3
sum159pt_dc_ctrl_38,SUM159PT,gt_image/sum159pt_dc_ctrl_38.tif,gt_coords/sum159pt_dc_ctrl_38.npy,14,14,0,gt_mask_cc_conn8_min3
sum159pt_dc_ctrl_39,SUM159PT,gt_image/sum159pt_dc_ctrl_39.tif,gt_coords/sum159pt_dc_ctrl_39.npy,3,3,0,gt_mask_cc_conn8_min3
sum159pt_dc_ctrl_4,SUM159PT,gt_image/sum159pt_dc_ctrl_4.tif,gt_coords/sum159pt_dc_ctrl_4.npy,5,5,0,gt_mask_cc_conn8_min3
sum159pt_dc_ctrl_40,SUM159PT,gt_image/sum159pt_dc_ctrl_40.tif,gt_coords/sum159pt_dc_ctrl_40.npy,9,9,0,gt_mask_cc_conn8_min3
sum159pt_dc_ctrl_41,SUM159PT,gt_image/sum159pt_dc_ctrl_41.tif,gt_coords/sum159pt_dc_ctrl_41.npy,7,7,0,gt_mask_cc_conn8_min3
sum159pt_dc_ctrl_42,SUM159PT,gt_image/sum159pt_dc_ctrl_42.tif,gt_coords/sum159pt_dc_ctrl_42.npy,2,2,0,gt_mask_cc_conn8_min3
sum159pt_dc_ctrl_43,SUM159PT,gt_image/sum159pt_dc_ctrl_43.tif,gt_coords/sum159pt_dc_ctrl_43.npy,8,8,0,gt_mask_cc_conn8_min3
sum159pt_dc_ctrl_44,SUM159PT,gt_image/sum159pt_dc_ctrl_44.tif,gt_coords/sum159pt_dc_ctrl_44.npy,0,1,1,gt_mask_cc_conn8_min3
sum159pt_dc_ctrl_45,SUM159PT,gt_image/sum159pt_dc_ctrl_45.tif,gt_coords/sum159pt_dc_ctrl_45.npy,5,5,0,gt_mask_cc_conn8_min3
sum159pt_dc_ctrl_46,SUM159PT,gt_image/sum159pt_dc_ctrl_46.tif,gt_coords/sum159pt_dc_ctrl_46.npy,5,5,0,gt_mask_cc_conn8_min3
sum159pt_dc_ctrl_47,SUM159PT,gt_image/sum159pt_dc_ctrl_47.tif,gt_coords/sum159pt_dc_ctrl_47.npy,2,2,0,gt_mask_cc_conn8_min3
sum159pt_dc_ctrl_48,SUM159PT,gt_image/sum159pt_dc_ctrl_48.tif,gt_coords/sum159pt_dc_ctrl_48.npy,31,31,0,gt_mask_cc_conn8_min3
sum159pt_dc_ctrl_49,SUM159PT,gt_image/sum159pt_dc_ctrl_49.tif,gt_coords/sum159pt_dc_ctrl_49.npy,0,1,1,gt_mask_cc_conn8_min3
sum159pt_dc_ctrl_5,SUM159PT,gt_image/sum159pt_dc_ctrl_5.tif,gt_coords/sum159pt_dc_ctrl_5.npy,3,3,0,gt_mask_cc_conn8_min3
sum159pt_dc_ctrl_50,SUM159PT,gt_image/sum159pt_dc_ctrl_50.tif,gt_coords/sum159pt_dc_ctrl_50.npy,0,1,1,gt_mask_cc_conn8_min3
sum159pt_dc_ctrl_51,SUM159PT,gt_image/sum159pt_dc_ctrl_51.tif,gt_coords/sum159pt_dc_ctrl_51.npy,2,2,0,gt_mask_cc_conn8_min3
sum159pt_dc_ctrl_52_ab,SUM159PT,gt_image/sum159pt_dc_ctrl_52_ab.tif,gt_coords/sum159pt_dc_ctrl_52_ab.npy,8,8,0,gt_mask_cc_conn8_min3
sum159pt_dc_ctrl_53,SUM159PT,gt_image/sum159pt_dc_ctrl_53.tif,gt_coords/sum159pt_dc_ctrl_53.npy,5,5,0,gt_mask_cc_conn8_min3
sum159pt_dc_ctrl_54,SUM159PT,gt_image/sum159pt_dc_ctrl_54.tif,gt_coords/sum159pt_dc_ctrl_54.npy,0,1,1,gt_mask_cc_conn8_min3
sum159pt_dc_ctrl_55,SUM159PT,gt_image/sum159pt_dc_ctrl_55.tif,gt_coords/sum159pt_dc_ctrl_55.npy,2,2,0,gt_mask_cc_conn8_min3
sum159pt_dc_ctrl_56,SUM159PT,gt_image/sum159pt_dc_ctrl_56.tif,gt_coords/sum159pt_dc_ctrl_56.npy,2,2,0,gt_mask_cc_conn8_min3
sum159pt_dc_ctrl_58,SUM159PT,gt_image/sum159pt_dc_ctrl_58.tif,gt_coords/sum159pt_dc_ctrl_58.npy,10,10,0,gt_mask_cc_conn8_min3
sum159pt_dc_ctrl_59_ab,SUM159PT,gt_image/sum159pt_dc_ctrl_59_ab.tif,gt_coords/sum159pt_dc_ctrl_59_ab.npy,9,9,0,gt_mask_cc_conn8_min3
sum159pt_dc_ctrl_6,SUM159PT,gt_image/sum159pt_dc_ctrl_6.tif,gt_coords/sum159pt_dc_ctrl_6.npy,2,2,0,gt_mask_cc_conn8_min3
sum159pt_dc_ctrl_60,SUM159PT,gt_image/sum159pt_dc_ctrl_60.tif,gt_coords/sum159pt_dc_ctrl_60.npy,2,2,0,gt_mask_cc_conn8_min3
sum159pt_dc_ctrl_61,SUM159PT,gt_image/sum159pt_dc_ctrl_61.tif,gt_coords/sum159pt_dc_ctrl_61.npy,2,2,0,gt_mask_cc_conn8_min3
sum159pt_dc_ctrl_62,SUM159PT,gt_image/sum159pt_dc_ctrl_62.tif,gt_coords/sum159pt_dc_ctrl_62.npy,4,4,0,gt_mask_cc_conn8_min3
sum159pt_dc_ctrl_63,SUM159PT,gt_image/sum159pt_dc_ctrl_63.tif,gt_coords/sum159pt_dc_ctrl_63.npy,12,12,0,gt_mask_cc_conn8_min3
sum159pt_dc_ctrl_64,SUM159PT,gt_image/sum159pt_dc_ctrl_64.tif,gt_coords/sum159pt_dc_ctrl_64.npy,10,10,0,gt_mask_cc_conn8_min3
sum159pt_dc_ctrl_65,SUM159PT,gt_image/sum159pt_dc_ctrl_65.tif,gt_coords/sum159pt_dc_ctrl_65.npy,15,15,0,gt_mask_cc_conn8_min3
sum159pt_dc_ctrl_66,SUM159PT,gt_image/sum159pt_dc_ctrl_66.tif,gt_coords/sum159pt_dc_ctrl_66.npy,15,15,0,gt_mask_cc_conn8_min3
sum159pt_dc_ctrl_67,SUM159PT,gt_image/sum159pt_dc_ctrl_67.tif,gt_coords/sum159pt_dc_ctrl_67.npy,3,3,0,gt_mask_cc_conn8_min3
sum159pt_dc_ctrl_68,SUM159PT,gt_image/sum159pt_dc_ctrl_68.tif,gt_coords/sum159pt_dc_ctrl_68.npy,0,1,1,gt_mask_cc_conn8_min3
sum159pt_dc_ctrl_69,SUM159PT,gt_image/sum159pt_dc_ctrl_69.tif,gt_coords/sum159pt_dc_ctrl_69.npy,4,4,0,gt_mask_cc_conn8_min3
sum159pt_dc_ctrl_7,SUM159PT,gt_image/sum159pt_dc_ctrl_7.tif,gt_coords/sum159pt_dc_ctrl_7.npy,3,3,0,gt_mask_cc_conn8_min3
sum159pt_dc_ctrl_70,SUM159PT,gt_image/sum159pt_dc_ctrl_70.tif,gt_coords/sum159pt_dc_ctrl_70.npy,5,5,0,gt_mask_cc_conn8_min3
sum159pt_dc_ctrl_71,SUM159PT,gt_image/sum159pt_dc_ctrl_71.tif,gt_coords/sum159pt_dc_ctrl_71.npy,6,6,0,gt_mask_cc_conn8_min3
sum159pt_dc_ctrl_72,SUM159PT,gt_image/sum159pt_dc_ctrl_72.tif,gt_coords/sum159pt_dc_ctrl_72.npy,8,8,0,gt_mask_cc_conn8_min3
sum159pt_dc_ctrl_73,SUM159PT,gt_image/sum159pt_dc_ctrl_73.tif,gt_coords/sum159pt_dc_ctrl_73.npy,2,2,0,gt_mask_cc_conn8_min3
sum159pt_dc_ctrl_75,SUM159PT,gt_image/sum159pt_dc_ctrl_75.tif,gt_coords/sum159pt_dc_ctrl_75.npy,4,4,0,gt_mask_cc_conn8_min3
sum159pt_dc_ctrl_76,SUM159PT,gt_image/sum159pt_dc_ctrl_76.tif,gt_coords/sum159pt_dc_ctrl_76.npy,7,7,0,gt_mask_cc_conn8_min3
sum159pt_dc_ctrl_77,SUM159PT,gt_image/sum159pt_dc_ctrl_77.tif,gt_coords/sum159pt_dc_ctrl_77.npy,6,6,0,gt_mask_cc_conn8_min3
sum159pt_dc_ctrl_78,SUM159PT,gt_image/sum159pt_dc_ctrl_78.tif,gt_coords/sum159pt_dc_ctrl_78.npy,6,6,0,gt_mask_cc_conn8_min3
sum159pt_dc_ctrl_79,SUM159PT,gt_image/sum159pt_dc_ctrl_79.tif,gt_coords/sum159pt_dc_ctrl_79.npy,11,11,0,gt_mask_cc_conn8_min3
sum159pt_dc_ctrl_8,SUM159PT,gt_image/sum159pt_dc_ctrl_8.tif,gt_coords/sum159pt_dc_ctrl_8.npy,5,5,0,gt_mask_cc_conn8_min3
sum159pt_dc_ctrl_80,SUM159PT,gt_image/sum159pt_dc_ctrl_80.tif,gt_coords/sum159pt_dc_ctrl_80.npy,5,5,0,gt_mask_cc_conn8_min3
sum159pt_dc_ctrl_81,SUM159PT,gt_image/sum159pt_dc_ctrl_81.tif,gt_coords/sum159pt_dc_ctrl_81.npy,8,8,0,gt_mask_cc_conn8_min3
sum159pt_dc_ctrl_82,SUM159PT,gt_image/sum159pt_dc_ctrl_82.tif,gt_coords/sum159pt_dc_ctrl_82.npy,3,3,0,gt_mask_cc_conn8_min3
sum159pt_dc_ctrl_83,SUM159PT,gt_image/sum159pt_dc_ctrl_83.tif,gt_coords/sum159pt_dc_ctrl_83.npy,4,4,0,gt_mask_cc_conn8_min3
sum159pt_dc_ctrl_84,SUM159PT,gt_image/sum159pt_dc_ctrl_84.tif,gt_coords/sum159pt_dc_ctrl_84.npy,5,5,0,gt_mask_cc_conn8_min3
sum159pt_dc_ctrl_85,SUM159PT,gt_image/sum159pt_dc_ctrl_85.tif,gt_coords/sum159pt_dc_ctrl_85.npy,3,3,0,gt_mask_cc_conn8_min3
sum159pt_dc_ctrl_86,SUM159PT,gt_image/sum159pt_dc_ctrl_86.tif,gt_coords/sum159pt_dc_ctrl_86.npy,31,31,0,gt_mask_cc_conn8_min3
sum159pt_dc_ctrl_87,SUM159PT,gt_image/sum159pt_dc_ctrl_87.tif,gt_coords/sum159pt_dc_ctrl_87.npy,24,24,0,gt_mask_cc_conn8_min3
sum159pt_dc_ctrl_88,SUM159PT,gt_image/sum159pt_dc_ctrl_88.tif,gt_coords/sum159pt_dc_ctrl_88.npy,23,23,0,gt_mask_cc_conn8_min3
sum159pt_dc_ctrl_89,SUM159PT,gt_image/sum159pt_dc_ctrl_89.tif,gt_coords/sum159pt_dc_ctrl_89.npy,9,9,0,gt_mask_cc_conn8_min3
sum159pt_dc_ctrl_9,SUM159PT,gt_image/sum159pt_dc_ctrl_9.tif,gt_coords/sum159pt_dc_ctrl_9.npy,3,11,8,gt_mask_cc_conn8_min3
sum159pt_dc_ctrl_90,SUM159PT,gt_image/sum159pt_dc_ctrl_90.tif,gt_coords/sum159pt_dc_ctrl_90.npy,10,10,0,gt_mask_cc_conn8_min3
sum159pt_dc_ctrl_91,SUM159PT,gt_image/sum159pt_dc_ctrl_91.tif,gt_coords/sum159pt_dc_ctrl_91.npy,5,5,0,gt_mask_cc_conn8_min3
sum159pt_dc_ctrl_92,SUM159PT,gt_image/sum159pt_dc_ctrl_92.tif,gt_coords/sum159pt_dc_ctrl_92.npy,5,5,0,gt_mask_cc_conn8_min3
sum159pt_dc_ctrl_93,SUM159PT,gt_image/sum159pt_dc_ctrl_93.tif,gt_coords/sum159pt_dc_ctrl_93.npy,4,4,0,gt_mask_cc_conn8_min3
sum159pt_dc_ctrl_94,SUM159PT,gt_image/sum159pt_dc_ctrl_94.tif,gt_coords/sum159pt_dc_ctrl_94.npy,6,6,0,gt_mask_cc_conn8_min3
sum159pt_dc_ctrl_95,SUM159PT,gt_image/sum159pt_dc_ctrl_95.tif,gt_coords/sum159pt_dc_ctrl_95.npy,2,2,0,gt_mask_cc_conn8_min3
sum159pt_dc_ctrl_96,SUM159PT,gt_image/sum159pt_dc_ctrl_96.tif,gt_coords/sum159pt_dc_ctrl_96.npy,30,30,0,gt_mask_cc_conn8_min3
sum159pt_dc_ctrl_97,SUM159PT,gt_image/sum159pt_dc_ctrl_97.tif,gt_coords/sum159pt_dc_ctrl_97.npy,4,4,0,gt_mask_cc_conn8_min3
sum159pt_dc_ctrl_98,SUM159PT,gt_image/sum159pt_dc_ctrl_98.tif,gt_coords/sum159pt_dc_ctrl_98.npy,6,6,0,gt_mask_cc_conn8_min3
sum159pt_dc_ctrl_99,SUM159PT,gt_image/sum159pt_dc_ctrl_99.tif,gt_coords/sum159pt_dc_ctrl_99.npy,0,1,1,gt_mask_cc_conn8_min3
sum159pt_dc_ctrl_p13_2_1,SUM159PT,gt_image/sum159pt_dc_ctrl_p13_2_1.tif,gt_coords/sum159pt_dc_ctrl_p13_2_1.npy,0,1,1,gt_mask_cc_conn8_min3
sum159pt_dc_dmso_72hr_1,SUM159PT,gt_image/sum159pt_dc_dmso_72hr_1.tif,gt_coords/sum159pt_dc_dmso_72hr_1.npy,4,4,0,gt_mask_cc_conn8_min3
sum159pt_dc_dmso_72hr_10,SUM159PT,gt_image/sum159pt_dc_dmso_72hr_10.tif,gt_coords/sum159pt_dc_dmso_72hr_10.npy,0,1,1,gt_mask_cc_conn8_min3
sum159pt_dc_dmso_72hr_100,SUM159PT,gt_image/sum159pt_dc_dmso_72hr_100.tif,gt_coords/sum159pt_dc_dmso_72hr_100.npy,6,6,0,gt_mask_cc_conn8_min3
sum159pt_dc_dmso_72hr_101,SUM159PT,gt_image/sum159pt_dc_dmso_72hr_101.tif,gt_coords/sum159pt_dc_dmso_72hr_101.npy,6,6,0,gt_mask_cc_conn8_min3
sum159pt_dc_dmso_72hr_102,SUM159PT,gt_image/sum159pt_dc_dmso_72hr_102.tif,gt_coords/sum159pt_dc_dmso_72hr_102.npy,5,5,0,gt_mask_cc_conn8_min3
sum159pt_dc_dmso_72hr_103,SUM159PT,gt_image/sum159pt_dc_dmso_72hr_103.tif,gt_coords/sum159pt_dc_dmso_72hr_103.npy,4,4,0,gt_mask_cc_conn8_min3
sum159pt_dc_dmso_72hr_104,SUM159PT,gt_image/sum159pt_dc_dmso_72hr_104.tif,gt_coords/sum159pt_dc_dmso_72hr_104.npy,7,7,0,gt_mask_cc_conn8_min3
sum159pt_dc_dmso_72hr_105,SUM159PT,gt_image/sum159pt_dc_dmso_72hr_105.tif,gt_coords/sum159pt_dc_dmso_72hr_105.npy,5,5,0,gt_mask_cc_conn8_min3
sum159pt_dc_dmso_72hr_106,SUM159PT,gt_image/sum159pt_dc_dmso_72hr_106.tif,gt_coords/sum159pt_dc_dmso_72hr_106.npy,8,8,0,gt_mask_cc_conn8_min3
sum159pt_dc_dmso_72hr_107,SUM159PT,gt_image/sum159pt_dc_dmso_72hr_107.tif,gt_coords/sum159pt_dc_dmso_72hr_107.npy,7,7,0,gt_mask_cc_conn8_min3
sum159pt_dc_dmso_72hr_108,SUM159PT,gt_image/sum159pt_dc_dmso_72hr_108.tif,gt_coords/sum159pt_dc_dmso_72hr_108.npy,8,8,0,gt_mask_cc_conn8_min3
sum159pt_dc_dmso_72hr_109,SUM159PT,gt_image/sum159pt_dc_dmso_72hr_109.tif,gt_coords/sum159pt_dc_dmso_72hr_109.npy,8,8,0,gt_mask_cc_conn8_min3
sum159pt_dc_dmso_72hr_11,SUM159PT,gt_image/sum159pt_dc_dmso_72hr_11.tif,gt_coords/sum159pt_dc_dmso_72hr_11.npy,2,2,0,gt_mask_cc_conn8_min3
sum159pt_dc_dmso_72hr_110,SUM159PT,gt_image/sum159pt_dc_dmso_72hr_110.tif,gt_coords/sum159pt_dc_dmso_72hr_110.npy,6,6,0,gt_mask_cc_conn8_min3
sum159pt_dc_dmso_72hr_111,SUM159PT,gt_image/sum159pt_dc_dmso_72hr_111.tif,gt_coords/sum159pt_dc_dmso_72hr_111.npy,7,7,0,gt_mask_cc_conn8_min3
sum159pt_dc_dmso_72hr_112,SUM159PT,gt_image/sum159pt_dc_dmso_72hr_112.tif,gt_coords/sum159pt_dc_dmso_72hr_112.npy,3,3,0,gt_mask_cc_conn8_min3
sum159pt_dc_dmso_72hr_113,SUM159PT,gt_image/sum159pt_dc_dmso_72hr_113.tif,gt_coords/sum159pt_dc_dmso_72hr_113.npy,5,5,0,gt_mask_cc_conn8_min3
sum159pt_dc_dmso_72hr_114,SUM159PT,gt_image/sum159pt_dc_dmso_72hr_114.tif,gt_coords/sum159pt_dc_dmso_72hr_114.npy,4,4,0,gt_mask_cc_conn8_min3
sum159pt_dc_dmso_72hr_115,SUM159PT,gt_image/sum159pt_dc_dmso_72hr_115.tif,gt_coords/sum159pt_dc_dmso_72hr_115.npy,0,1,1,gt_mask_cc_conn8_min3
sum159pt_dc_dmso_72hr_116,SUM159PT,gt_image/sum159pt_dc_dmso_72hr_116.tif,gt_coords/sum159pt_dc_dmso_72hr_116.npy,2,2,0,gt_mask_cc_conn8_min3
sum159pt_dc_dmso_72hr_117,SUM159PT,gt_image/sum159pt_dc_dmso_72hr_117.tif,gt_coords/sum159pt_dc_dmso_72hr_117.npy,3,3,0,gt_mask_cc_conn8_min3
sum159pt_dc_dmso_72hr_118,SUM159PT,gt_image/sum159pt_dc_dmso_72hr_118.tif,gt_coords/sum159pt_dc_dmso_72hr_118.npy,3,3,0,gt_mask_cc_conn8_min3
sum159pt_dc_dmso_72hr_119,SUM159PT,gt_image/sum159pt_dc_dmso_72hr_119.tif,gt_coords/sum159pt_dc_dmso_72hr_119.npy,2,2,0,gt_mask_cc_conn8_min3
sum159pt_dc_dmso_72hr_12,SUM159PT,gt_image/sum159pt_dc_dmso_72hr_12.tif,gt_coords/sum159pt_dc_dmso_72hr_12.npy,2,2,0,gt_mask_cc_conn8_min3
sum159pt_dc_dmso_72hr_120,SUM159PT,gt_image/sum159pt_dc_dmso_72hr_120.tif,gt_coords/sum159pt_dc_dmso_72hr_120.npy,4,4,0,gt_mask_cc_conn8_min3
sum159pt_dc_dmso_72hr_13,SUM159PT,gt_image/sum159pt_dc_dmso_72hr_13.tif,gt_coords/sum159pt_dc_dmso_72hr_13.npy,4,4,0,gt_mask_cc_conn8_min3
sum159pt_dc_dmso_72hr_14,SUM159PT,gt_image/sum159pt_dc_dmso_72hr_14.tif,gt_coords/sum159pt_dc_dmso_72hr_14.npy,2,2,0,gt_mask_cc_conn8_min3
sum159pt_dc_dmso_72hr_15,SUM159PT,gt_image/sum159pt_dc_dmso_72hr_15.tif,gt_coords/sum159pt_dc_dmso_72hr_15.npy,3,3,0,gt_mask_cc_conn8_min3
sum159pt_dc_dmso_72hr_16,SUM159PT,gt_image/sum159pt_dc_dmso_72hr_16.tif,gt_coords/sum159pt_dc_dmso_72hr_16.npy,2,2,0,gt_mask_cc_conn8_min3
sum159pt_dc_dmso_72hr_17,SUM159PT,gt_image/sum159pt_dc_dmso_72hr_17.tif,gt_coords/sum159pt_dc_dmso_72hr_17.npy,14,14,0,gt_mask_cc_conn8_min3
sum159pt_dc_dmso_72hr_18,SUM159PT,gt_image/sum159pt_dc_dmso_72hr_18.tif,gt_coords/sum159pt_dc_dmso_72hr_18.npy,4,4,0,gt_mask_cc_conn8_min3
sum159pt_dc_dmso_72hr_19,SUM159PT,gt_image/sum159pt_dc_dmso_72hr_19.tif,gt_coords/sum159pt_dc_dmso_72hr_19.npy,13,13,0,gt_mask_cc_conn8_min3
sum159pt_dc_dmso_72hr_20,SUM159PT,gt_image/sum159pt_dc_dmso_72hr_20.tif,gt_coords/sum159pt_dc_dmso_72hr_20.npy,5,5,0,gt_mask_cc_conn8_min3
sum159pt_dc_dmso_72hr_21,SUM159PT,gt_image/sum159pt_dc_dmso_72hr_21.tif,gt_coords/sum159pt_dc_dmso_72hr_21.npy,7,7,0,gt_mask_cc_conn8_min3
sum159pt_dc_dmso_72hr_22,SUM159PT,gt_image/sum159pt_dc_dmso_72hr_22.tif,gt_coords/sum159pt_dc_dmso_72hr_22.npy,3,3,0,gt_mask_cc_conn8_min3
sum159pt_dc_dmso_72hr_23,SUM159PT,gt_image/sum159pt_dc_dmso_72hr_23.tif,gt_coords/sum159pt_dc_dmso_72hr_23.npy,5,5,0,gt_mask_cc_conn8_min3
sum159pt_dc_dmso_72hr_24,SUM159PT,gt_image/sum159pt_dc_dmso_72hr_24.tif,gt_coords/sum159pt_dc_dmso_72hr_24.npy,25,25,0,gt_mask_cc_conn8_min3
sum159pt_dc_dmso_72hr_25,SUM159PT,gt_image/sum159pt_dc_dmso_72hr_25.tif,gt_coords/sum159pt_dc_dmso_72hr_25.npy,0,1,1,gt_mask_cc_conn8_min3
sum159pt_dc_dmso_72hr_26,SUM159PT,gt_image/sum159pt_dc_dmso_72hr_26.tif,gt_coords/sum159pt_dc_dmso_72hr_26.npy,5,5,0,gt_mask_cc_conn8_min3
sum159pt_dc_dmso_72hr_27,SUM159PT,gt_image/sum159pt_dc_dmso_72hr_27.tif,gt_coords/sum159pt_dc_dmso_72hr_27.npy,2,2,0,gt_mask_cc_conn8_min3
sum159pt_dc_dmso_72hr_28,SUM159PT,gt_image/sum159pt_dc_dmso_72hr_28.tif,gt_coords/sum159pt_dc_dmso_72hr_28.npy,8,8,0,gt_mask_cc_conn8_min3
sum159pt_dc_dmso_72hr_29,SUM159PT,gt_image/sum159pt_dc_dmso_72hr_29.tif,gt_coords/sum159pt_dc_dmso_72hr_29.npy,3,3,0,gt_mask_cc_conn8_min3
sum159pt_dc_dmso_72hr_2_ab,SUM159PT,gt_image/sum159pt_dc_dmso_72hr_2_ab.tif,gt_coords/sum159pt_dc_dmso_72hr_2_ab.npy,2,2,0,gt_mask_cc_conn8_min3
sum159pt_dc_dmso_72hr_3,SUM159PT,gt_image/sum159pt_dc_dmso_72hr_3.tif,gt_coords/sum159pt_dc_dmso_72hr_3.npy,3,3,0,gt_mask_cc_conn8_min3
sum159pt_dc_dmso_72hr_30,SUM159PT,gt_image/sum159pt_dc_dmso_72hr_30.tif,gt_coords/sum159pt_dc_dmso_72hr_30.npy,3,3,0,gt_mask_cc_conn8_min3
sum159pt_dc_dmso_72hr_31,SUM159PT,gt_image/sum159pt_dc_dmso_72hr_31.tif,gt_coords/sum159pt_dc_dmso_72hr_31.npy,3,3,0,gt_mask_cc_conn8_min3
sum159pt_dc_dmso_72hr_32,SUM159PT,gt_image/sum159pt_dc_dmso_72hr_32.tif,gt_coords/sum159pt_dc_dmso_72hr_32.npy,4,4,0,gt_mask_cc_conn8_min3
sum159pt_dc_dmso_72hr_33,SUM159PT,gt_image/sum159pt_dc_dmso_72hr_33.tif,gt_coords/sum159pt_dc_dmso_72hr_33.npy,2,2,0,gt_mask_cc_conn8_min3
sum159pt_dc_dmso_72hr_34,SUM159PT,gt_image/sum159pt_dc_dmso_72hr_34.tif,gt_coords/sum159pt_dc_dmso_72hr_34.npy,3,3,0,gt_mask_cc_conn8_min3
sum159pt_dc_dmso_72hr_35,SUM159PT,gt_image/sum159pt_dc_dmso_72hr_35.tif,gt_coords/sum159pt_dc_dmso_72hr_35.npy,9,9,0,gt_mask_cc_conn8_min3
sum159pt_dc_dmso_72hr_36,SUM159PT,gt_image/sum159pt_dc_dmso_72hr_36.tif,gt_coords/sum159pt_dc_dmso_72hr_36.npy,0,1,1,gt_mask_cc_conn8_min3
sum159pt_dc_dmso_72hr_37,SUM159PT,gt_image/sum159pt_dc_dmso_72hr_37.tif,gt_coords/sum159pt_dc_dmso_72hr_37.npy,21,21,0,gt_mask_cc_conn8_min3
sum159pt_dc_dmso_72hr_38,SUM159PT,gt_image/sum159pt_dc_dmso_72hr_38.tif,gt_coords/sum159pt_dc_dmso_72hr_38.npy,4,4,0,gt_mask_cc_conn8_min3
sum159pt_dc_dmso_72hr_39,SUM159PT,gt_image/sum159pt_dc_dmso_72hr_39.tif,gt_coords/sum159pt_dc_dmso_72hr_39.npy,6,6,0,gt_mask_cc_conn8_min3
sum159pt_dc_dmso_72hr_4,SUM159PT,gt_image/sum159pt_dc_dmso_72hr_4.tif,gt_coords/sum159pt_dc_dmso_72hr_4.npy,3,3,0,gt_mask_cc_conn8_min3
sum159pt_dc_dmso_72hr_40_ab,SUM159PT,gt_image/sum159pt_dc_dmso_72hr_40_ab.tif,gt_coords/sum159pt_dc_dmso_72hr_40_ab.npy,3,3,0,gt_mask_cc_conn8_min3
sum159pt_dc_dmso_72hr_41,SUM159PT,gt_image/sum159pt_dc_dmso_72hr_41.tif,gt_coords/sum159pt_dc_dmso_72hr_41.npy,6,6,0,gt_mask_cc_conn8_min3
sum159pt_dc_dmso_72hr_42,SUM159PT,gt_image/sum159pt_dc_dmso_72hr_42.tif,gt_coords/sum159pt_dc_dmso_72hr_42.npy,3,3,0,gt_mask_cc_conn8_min3
sum159pt_dc_dmso_72hr_43,SUM159PT,gt_image/sum159pt_dc_dmso_72hr_43.tif,gt_coords/sum159pt_dc_dmso_72hr_43.npy,11,11,0,gt_mask_cc_conn8_min3
sum159pt_dc_dmso_72hr_44,SUM159PT,gt_image/sum159pt_dc_dmso_72hr_44.tif,gt_coords/sum159pt_dc_dmso_72hr_44.npy,8,8,0,gt_mask_cc_conn8_min3
sum159pt_dc_dmso_72hr_45,SUM159PT,gt_image/sum159pt_dc_dmso_72hr_45.tif,gt_coords/sum159pt_dc_dmso_72hr_45.npy,7,7,0,gt_mask_cc_conn8_min3
sum159pt_dc_dmso_72hr_46,SUM159PT,gt_image/sum159pt_dc_dmso_72hr_46.tif,gt_coords/sum159pt_dc_dmso_72hr_46.npy,11,13,2,gt_mask_cc_conn8_min3
sum159pt_dc_dmso_72hr_47,SUM159PT,gt_image/sum159pt_dc_dmso_72hr_47.tif,gt_coords/sum159pt_dc_dmso_72hr_47.npy,14,16,2,gt_mask_cc_conn8_min3
sum159pt_dc_dmso_72hr_48,SUM159PT,gt_image/sum159pt_dc_dmso_72hr_48.tif,gt_coords/sum159pt_dc_dmso_72hr_48.npy,16,16,0,gt_mask_cc_conn8_min3
sum159pt_dc_dmso_72hr_49,SUM159PT,gt_image/sum159pt_dc_dmso_72hr_49.tif,gt_coords/sum159pt_dc_dmso_72hr_49.npy,9,9,0,gt_mask_cc_conn8_min3
sum159pt_dc_dmso_72hr_5,SUM159PT,gt_image/sum159pt_dc_dmso_72hr_5.tif,gt_coords/sum159pt_dc_dmso_72hr_5.npy,3,3,0,gt_mask_cc_conn8_min3
sum159pt_dc_dmso_72hr_50,SUM159PT,gt_image/sum159pt_dc_dmso_72hr_50.tif,gt_coords/sum159pt_dc_dmso_72hr_50.npy,8,10,2,gt_mask_cc_conn8_min3
sum159pt_dc_dmso_72hr_51,SUM159PT,gt_image/sum159pt_dc_dmso_72hr_51.tif,gt_coords/sum159pt_dc_dmso_72hr_51.npy,4,4,0,gt_mask_cc_conn8_min3
sum159pt_dc_dmso_72hr_52,SUM159PT,gt_image/sum159pt_dc_dmso_72hr_52.tif,gt_coords/sum159pt_dc_dmso_72hr_52.npy,6,6,0,gt_mask_cc_conn8_min3
sum159pt_dc_dmso_72hr_53,SUM159PT,gt_image/sum159pt_dc_dmso_72hr_53.tif,gt_coords/sum159pt_dc_dmso_72hr_53.npy,10,10,0,gt_mask_cc_conn8_min3
sum159pt_dc_dmso_72hr_54,SUM159PT,gt_image/sum159pt_dc_dmso_72hr_54.tif,gt_coords/sum159pt_dc_dmso_72hr_54.npy,10,10,0,gt_mask_cc_conn8_min3
sum159pt_dc_dmso_72hr_55,SUM159PT,gt_image/sum159pt_dc_dmso_72hr_55.tif,gt_coords/sum159pt_dc_dmso_72hr_55.npy,9,9,0,gt_mask_cc_conn8_min3
sum159pt_dc_dmso_72hr_56,SUM159PT,gt_image/sum159pt_dc_dmso_72hr_56.tif,gt_coords/sum159pt_dc_dmso_72hr_56.npy,7,7,0,gt_mask_cc_conn8_min3
sum159pt_dc_dmso_72hr_57,SUM159PT,gt_image/sum159pt_dc_dmso_72hr_57.tif,gt_coords/sum159pt_dc_dmso_72hr_57.npy,6,7,1,gt_mask_cc_conn8_min3
sum159pt_dc_dmso_72hr_58,SUM159PT,gt_image/sum159pt_dc_dmso_72hr_58.tif,gt_coords/sum159pt_dc_dmso_72hr_58.npy,6,6,0,gt_mask_cc_conn8_min3
sum159pt_dc_dmso_72hr_59,SUM159PT,gt_image/sum159pt_dc_dmso_72hr_59.tif,gt_coords/sum159pt_dc_dmso_72hr_59.npy,3,3,0,gt_mask_cc_conn8_min3
sum159pt_dc_dmso_72hr_6,SUM159PT,gt_image/sum159pt_dc_dmso_72hr_6.tif,gt_coords/sum159pt_dc_dmso_72hr_6.npy,4,4,0,gt_mask_cc_conn8_min3
sum159pt_dc_dmso_72hr_60,SUM159PT,gt_image/sum159pt_dc_dmso_72hr_60.tif,gt_coords/sum159pt_dc_dmso_72hr_60.npy,2,2,0,gt_mask_cc_conn8_min3
sum159pt_dc_dmso_72hr_61,SUM159PT,gt_image/sum159pt_dc_dmso_72hr_61.tif,gt_coords/sum159pt_dc_dmso_72hr_61.npy,3,3,0,gt_mask_cc_conn8_min3
sum159pt_dc_dmso_72hr_62,SUM159PT,gt_image/sum159pt_dc_dmso_72hr_62.tif,gt_coords/sum159pt_dc_dmso_72hr_62.npy,3,3,0,gt_mask_cc_conn8_min3
sum159pt_dc_dmso_72hr_63,SUM159PT,gt_image/sum159pt_dc_dmso_72hr_63.tif,gt_coords/sum159pt_dc_dmso_72hr_63.npy,8,8,0,gt_mask_cc_conn8_min3
sum159pt_dc_dmso_72hr_65,SUM159PT,gt_image/sum159pt_dc_dmso_72hr_65.tif,gt_coords/sum159pt_dc_dmso_72hr_65.npy,4,4,0,gt_mask_cc_conn8_min3
sum159pt_dc_dmso_72hr_66,SUM159PT,gt_image/sum159pt_dc_dmso_72hr_66.tif,gt_coords/sum159pt_dc_dmso_72hr_66.npy,5,5,0,gt_mask_cc_conn8_min3
sum159pt_dc_dmso_72hr_67,SUM159PT,gt_image/sum159pt_dc_dmso_72hr_67.tif,gt_coords/sum159pt_dc_dmso_72hr_67.npy,4,4,0,gt_mask_cc_conn8_min3
sum159pt_dc_dmso_72hr_68,SUM159PT,gt_image/sum159pt_dc_dmso_72hr_68.tif,gt_coords/sum159pt_dc_dmso_72hr_68.npy,4,4,0,gt_mask_cc_conn8_min3
sum159pt_dc_dmso_72hr_69,SUM159PT,gt_image/sum159pt_dc_dmso_72hr_69.tif,gt_coords/sum159pt_dc_dmso_72hr_69.npy,0,1,1,gt_mask_cc_conn8_min3
sum159pt_dc_dmso_72hr_7,SUM159PT,gt_image/sum159pt_dc_dmso_72hr_7.tif,gt_coords/sum159pt_dc_dmso_72hr_7.npy,0,1,1,gt_mask_cc_conn8_min3
sum159pt_dc_dmso_72hr_70_ab,SUM159PT,gt_image/sum159pt_dc_dmso_72hr_70_ab.tif,gt_coords/sum159pt_dc_dmso_72hr_70_ab.npy,11,11,0,gt_mask_cc_conn8_min3
sum159pt_dc_dmso_72hr_71,SUM159PT,gt_image/sum159pt_dc_dmso_72hr_71.tif,gt_coords/sum159pt_dc_dmso_72hr_71.npy,5,5,0,gt_mask_cc_conn8_min3
sum159pt_dc_dmso_72hr_72,SUM159PT,gt_image/sum159pt_dc_dmso_72hr_72.tif,gt_coords/sum159pt_dc_dmso_72hr_72.npy,11,11,0,gt_mask_cc_conn8_min3
sum159pt_dc_dmso_72hr_73,SUM159PT,gt_image/sum159pt_dc_dmso_72hr_73.tif,gt_coords/sum159pt_dc_dmso_72hr_73.npy,9,9,0,gt_mask_cc_conn8_min3
sum159pt_dc_dmso_72hr_74,SUM159PT,gt_image/sum159pt_dc_dmso_72hr_74.tif,gt_coords/sum159pt_dc_dmso_72hr_74.npy,0,1,1,gt_mask_cc_conn8_min3
sum159pt_dc_dmso_72hr_75,SUM159PT,gt_image/sum159pt_dc_dmso_72hr_75.tif,gt_coords/sum159pt_dc_dmso_72hr_75.npy,7,7,0,gt_mask_cc_conn8_min3
sum159pt_dc_dmso_72hr_76,SUM159PT,gt_image/sum159pt_dc_dmso_72hr_76.tif,gt_coords/sum159pt_dc_dmso_72hr_76.npy,5,5,0,gt_mask_cc_conn8_min3
sum159pt_dc_dmso_72hr_77,SUM159PT,gt_image/sum159pt_dc_dmso_72hr_77.tif,gt_coords/sum159pt_dc_dmso_72hr_77.npy,3,3,0,gt_mask_cc_conn8_min3
sum159pt_dc_dmso_72hr_78,SUM159PT,gt_image/sum159pt_dc_dmso_72hr_78.tif,gt_coords/sum159pt_dc_dmso_72hr_78.npy,10,10,0,gt_mask_cc_conn8_min3
sum159pt_dc_dmso_72hr_79,SUM159PT,gt_image/sum159pt_dc_dmso_72hr_79.tif,gt_coords/sum159pt_dc_dmso_72hr_79.npy,10,10,0,gt_mask_cc_conn8_min3
sum159pt_dc_dmso_72hr_8,SUM159PT,gt_image/sum159pt_dc_dmso_72hr_8.tif,gt_coords/sum159pt_dc_dmso_72hr_8.npy,0,1,1,gt_mask_cc_conn8_min3
sum159pt_dc_dmso_72hr_80_ab,SUM159PT,gt_image/sum159pt_dc_dmso_72hr_80_ab.tif,gt_coords/sum159pt_dc_dmso_72hr_80_ab.npy,9,9,0,gt_mask_cc_conn8_min3
sum159pt_dc_dmso_72hr_81,SUM159PT,gt_image/sum159pt_dc_dmso_72hr_81.tif,gt_coords/sum159pt_dc_dmso_72hr_81.npy,2,2,0,gt_mask_cc_conn8_min3
sum159pt_dc_dmso_72hr_82,SUM159PT,gt_image/sum159pt_dc_dmso_72hr_82.tif,gt_coords/sum159pt_dc_dmso_72hr_82.npy,4,4,0,gt_mask_cc_conn8_min3
sum159pt_dc_dmso_72hr_83,SUM159PT,gt_image/sum159pt_dc_dmso_72hr_83.tif,gt_coords/sum159pt_dc_dmso_72hr_83.npy,3,3,0,gt_mask_cc_conn8_min3
sum159pt_dc_dmso_72hr_84,SUM159PT,gt_image/sum159pt_dc_dmso_72hr_84.tif,gt_coords/sum159pt_dc_dmso_72hr_84.npy,15,15,0,gt_mask_cc_conn8_min3
sum159pt_dc_dmso_72hr_85,SUM159PT,gt_image/sum159pt_dc_dmso_72hr_85.tif,gt_coords/sum159pt_dc_dmso_72hr_85.npy,6,6,0,gt_mask_cc_conn8_min3
sum159pt_dc_dmso_72hr_86,SUM159PT,gt_image/sum159pt_dc_dmso_72hr_86.tif,gt_coords/sum159pt_dc_dmso_72hr_86.npy,0,1,1,gt_mask_cc_conn8_min3
sum159pt_dc_dmso_72hr_87,SUM159PT,gt_image/sum159pt_dc_dmso_72hr_87.tif,gt_coords/sum159pt_dc_dmso_72hr_87.npy,3,3,0,gt_mask_cc_conn8_min3
sum159pt_dc_dmso_72hr_88,SUM159PT,gt_image/sum159pt_dc_dmso_72hr_88.tif,gt_coords/sum159pt_dc_dmso_72hr_88.npy,0,1,1,gt_mask_cc_conn8_min3
sum159pt_dc_dmso_72hr_89,SUM159PT,gt_image/sum159pt_dc_dmso_72hr_89.tif,gt_coords/sum159pt_dc_dmso_72hr_89.npy,7,7,0,gt_mask_cc_conn8_min3
sum159pt_dc_dmso_72hr_9,SUM159PT,gt_image/sum159pt_dc_dmso_72hr_9.tif,gt_coords/sum159pt_dc_dmso_72hr_9.npy,0,1,1,gt_mask_cc_conn8_min3
sum159pt_dc_dmso_72hr_90,SUM159PT,gt_image/sum159pt_dc_dmso_72hr_90.tif,gt_coords/sum159pt_dc_dmso_72hr_90.npy,3,3,0,gt_mask_cc_conn8_min3
sum159pt_dc_dmso_72hr_91,SUM159PT,gt_image/sum159pt_dc_dmso_72hr_91.tif,gt_coords/sum159pt_dc_dmso_72hr_91.npy,2,2,0,gt_mask_cc_conn8_min3
sum159pt_dc_dmso_72hr_92,SUM159PT,gt_image/sum159pt_dc_dmso_72hr_92.tif,gt_coords/sum159pt_dc_dmso_72hr_92.npy,2,2,0,gt_mask_cc_conn8_min3
sum159pt_dc_dmso_72hr_93,SUM159PT,gt_image/sum159pt_dc_dmso_72hr_93.tif,gt_coords/sum159pt_dc_dmso_72hr_93.npy,5,5,0,gt_mask_cc_conn8_min3
sum159pt_dc_dmso_72hr_94,SUM159PT,gt_image/sum159pt_dc_dmso_72hr_94.tif,gt_coords/sum159pt_dc_dmso_72hr_94.npy,7,7,0,gt_mask_cc_conn8_min3
sum159pt_dc_dmso_72hr_95,SUM159PT,gt_image/sum159pt_dc_dmso_72hr_95.tif,gt_coords/sum159pt_dc_dmso_72hr_95.npy,5,5,0,gt_mask_cc_conn8_min3
sum159pt_dc_dmso_72hr_96,SUM159PT,gt_image/sum159pt_dc_dmso_72hr_96.tif,gt_coords/sum159pt_dc_dmso_72hr_96.npy,4,4,0,gt_mask_cc_conn8_min3
sum159pt_dc_dmso_72hr_97,SUM159PT,gt_image/sum159pt_dc_dmso_72hr_97.tif,gt_coords/sum159pt_dc_dmso_72hr_97.npy,7,7,0,gt_mask_cc_conn8_min3
sum159pt_dc_dmso_72hr_98,SUM159PT,gt_image/sum159pt_dc_dmso_72hr_98.tif,gt_coords/sum159pt_dc_dmso_72hr_98.npy,3,3,0,gt_mask_cc_conn8_min3
sum159pt_dc_dmso_72hr_99,SUM159PT,gt_image/sum159pt_dc_dmso_72hr_99.tif,gt_coords/sum159pt_dc_dmso_72hr_99.npy,3,3,0,gt_mask_cc_conn8_min3
sum159pt_dc_jq1_24hr_1,SUM159PT,gt_image/sum159pt_dc_jq1_24hr_1.tif,gt_coords/sum159pt_dc_jq1_24hr_1.npy,17,17,0,gt_mask_cc_conn8_min3
sum159pt_dc_jq1_24hr_10,SUM159PT,gt_image/sum159pt_dc_jq1_24hr_10.tif,gt_coords/sum159pt_dc_jq1_24hr_10.npy,2,2,0,gt_mask_cc_conn8_min3
sum159pt_dc_jq1_24hr_100,SUM159PT,gt_image/sum159pt_dc_jq1_24hr_100.tif,gt_coords/sum159pt_dc_jq1_24hr_100.npy,3,3,0,gt_mask_cc_conn8_min3
sum159pt_dc_jq1_24hr_101,SUM159PT,gt_image/sum159pt_dc_jq1_24hr_101.tif,gt_coords/sum159pt_dc_jq1_24hr_101.npy,0,1,1,gt_mask_cc_conn8_min3
sum159pt_dc_jq1_24hr_102,SUM159PT,gt_image/sum159pt_dc_jq1_24hr_102.tif,gt_coords/sum159pt_dc_jq1_24hr_102.npy,3,3,0,gt_mask_cc_conn8_min3
sum159pt_dc_jq1_24hr_103,SUM159PT,gt_image/sum159pt_dc_jq1_24hr_103.tif,gt_coords/sum159pt_dc_jq1_24hr_103.npy,7,7,0,gt_mask_cc_conn8_min3
sum159pt_dc_jq1_24hr_104,SUM159PT,gt_image/sum159pt_dc_jq1_24hr_104.tif,gt_coords/sum159pt_dc_jq1_24hr_104.npy,4,4,0,gt_mask_cc_conn8_min3
sum159pt_dc_jq1_24hr_105,SUM159PT,gt_image/sum159pt_dc_jq1_24hr_105.tif,gt_coords/sum159pt_dc_jq1_24hr_105.npy,9,9,0,gt_mask_cc_conn8_min3
sum159pt_dc_jq1_24hr_106,SUM159PT,gt_image/sum159pt_dc_jq1_24hr_106.tif,gt_coords/sum159pt_dc_jq1_24hr_106.npy,4,4,0,gt_mask_cc_conn8_min3
sum159pt_dc_jq1_24hr_107,SUM159PT,gt_image/sum159pt_dc_jq1_24hr_107.tif,gt_coords/sum159pt_dc_jq1_24hr_107.npy,3,3,0,gt_mask_cc_conn8_min3
sum159pt_dc_jq1_24hr_108,SUM159PT,gt_image/sum159pt_dc_jq1_24hr_108.tif,gt_coords/sum159pt_dc_jq1_24hr_108.npy,3,3,0,gt_mask_cc_conn8_min3
sum159pt_dc_jq1_24hr_109,SUM159PT,gt_image/sum159pt_dc_jq1_24hr_109.tif,gt_coords/sum159pt_dc_jq1_24hr_109.npy,3,3,0,gt_mask_cc_conn8_min3
sum159pt_dc_jq1_24hr_11,SUM159PT,gt_image/sum159pt_dc_jq1_24hr_11.tif,gt_coords/sum159pt_dc_jq1_24hr_11.npy,0,1,1,gt_mask_cc_conn8_min3
sum159pt_dc_jq1_24hr_110,SUM159PT,gt_image/sum159pt_dc_jq1_24hr_110.tif,gt_coords/sum159pt_dc_jq1_24hr_110.npy,5,5,0,gt_mask_cc_conn8_min3
sum159pt_dc_jq1_24hr_111,SUM159PT,gt_image/sum159pt_dc_jq1_24hr_111.tif,gt_coords/sum159pt_dc_jq1_24hr_111.npy,6,6,0,gt_mask_cc_conn8_min3
sum159pt_dc_jq1_24hr_112,SUM159PT,gt_image/sum159pt_dc_jq1_24hr_112.tif,gt_coords/sum159pt_dc_jq1_24hr_112.npy,2,2,0,gt_mask_cc_conn8_min3
sum159pt_dc_jq1_24hr_113,SUM159PT,gt_image/sum159pt_dc_jq1_24hr_113.tif,gt_coords/sum159pt_dc_jq1_24hr_113.npy,4,4,0,gt_mask_cc_conn8_min3
sum159pt_dc_jq1_24hr_114,SUM159PT,gt_image/sum159pt_dc_jq1_24hr_114.tif,gt_coords/sum159pt_dc_jq1_24hr_114.npy,2,2,0,gt_mask_cc_conn8_min3
sum159pt_dc_jq1_24hr_115,SUM159PT,gt_image/sum159pt_dc_jq1_24hr_115.tif,gt_coords/sum159pt_dc_jq1_24hr_115.npy,3,3,0,gt_mask_cc_conn8_min3
sum159pt_dc_jq1_24hr_116,SUM159PT,gt_image/sum159pt_dc_jq1_24hr_116.tif,gt_coords/sum159pt_dc_jq1_24hr_116.npy,9,9,0,gt_mask_cc_conn8_min3
sum159pt_dc_jq1_24hr_117,SUM159PT,gt_image/sum159pt_dc_jq1_24hr_117.tif,gt_coords/sum159pt_dc_jq1_24hr_117.npy,3,3,0,gt_mask_cc_conn8_min3
sum159pt_dc_jq1_24hr_118,SUM159PT,gt_image/sum159pt_dc_jq1_24hr_118.tif,gt_coords/sum159pt_dc_jq1_24hr_118.npy,3,3,0,gt_mask_cc_conn8_min3
sum159pt_dc_jq1_24hr_119,SUM159PT,gt_image/sum159pt_dc_jq1_24hr_119.tif,gt_coords/sum159pt_dc_jq1_24hr_119.npy,4,4,0,gt_mask_cc_conn8_min3
sum159pt_dc_jq1_24hr_12,SUM159PT,gt_image/sum159pt_dc_jq1_24hr_12.tif,gt_coords/sum159pt_dc_jq1_24hr_12.npy,4,4,0,gt_mask_cc_conn8_min3
sum159pt_dc_jq1_24hr_120,SUM159PT,gt_image/sum159pt_dc_jq1_24hr_120.tif,gt_coords/sum159pt_dc_jq1_24hr_120.npy,3,3,0,gt_mask_cc_conn8_min3
sum159pt_dc_jq1_24hr_13,SUM159PT,gt_image/sum159pt_dc_jq1_24hr_13.tif,gt_coords/sum159pt_dc_jq1_24hr_13.npy,12,12,0,gt_mask_cc_conn8_min3
sum159pt_dc_jq1_24hr_14,SUM159PT,gt_image/sum159pt_dc_jq1_24hr_14.tif,gt_coords/sum159pt_dc_jq1_24hr_14.npy,2,2,0,gt_mask_cc_conn8_min3
sum159pt_dc_jq1_24hr_15,SUM159PT,gt_image/sum159pt_dc_jq1_24hr_15.tif,gt_coords/sum159pt_dc_jq1_24hr_15.npy,2,2,0,gt_mask_cc_conn8_min3
sum159pt_dc_jq1_24hr_16,SUM159PT,gt_image/sum159pt_dc_jq1_24hr_16.tif,gt_coords/sum159pt_dc_jq1_24hr_16.npy,8,8,0,gt_mask_cc_conn8_min3
sum159pt_dc_jq1_24hr_17,SUM159PT,gt_image/sum159pt_dc_jq1_24hr_17.tif,gt_coords/sum159pt_dc_jq1_24hr_17.npy,3,3,0,gt_mask_cc_conn8_min3
sum159pt_dc_jq1_24hr_18,SUM159PT,gt_image/sum159pt_dc_jq1_24hr_18.tif,gt_coords/sum159pt_dc_jq1_24hr_18.npy,4,4,0,gt_mask_cc_conn8_min3
sum159pt_dc_jq1_24hr_19_ab,SUM159PT,gt_image/sum159pt_dc_jq1_24hr_19_ab.tif,gt_coords/sum159pt_dc_jq1_24hr_19_ab.npy,3,3,0,gt_mask_cc_conn8_min3
sum159pt_dc_jq1_24hr_2,SUM159PT,gt_image/sum159pt_dc_jq1_24hr_2.tif,gt_coords/sum159pt_dc_jq1_24hr_2.npy,4,4,0,gt_mask_cc_conn8_min3
sum159pt_dc_jq1_24hr_20,SUM159PT,gt_image/sum159pt_dc_jq1_24hr_20.tif,gt_coords/sum159pt_dc_jq1_24hr_20.npy,3,3,0,gt_mask_cc_conn8_min3
sum159pt_dc_jq1_24hr_21,SUM159PT,gt_image/sum159pt_dc_jq1_24hr_21.tif,gt_coords/sum159pt_dc_jq1_24hr_21.npy,11,11,0,gt_mask_cc_conn8_min3
sum159pt_dc_jq1_24hr_22,SUM159PT,gt_image/sum159pt_dc_jq1_24hr_22.tif,gt_coords/sum159pt_dc_jq1_24hr_22.npy,6,6,0,gt_mask_cc_conn8_min3
sum159pt_dc_jq1_24hr_23,SUM159PT,gt_image/sum159pt_dc_jq1_24hr_23.tif,gt_coords/sum159pt_dc_jq1_24hr_23.npy,4,4,0,gt_mask_cc_conn8_min3
sum159pt_dc_jq1_24hr_24,SUM159PT,gt_image/sum159pt_dc_jq1_24hr_24.tif,gt_coords/sum159pt_dc_jq1_24hr_24.npy,4,4,0,gt_mask_cc_conn8_min3
sum159pt_dc_jq1_24hr_25,SUM159PT,gt_image/sum159pt_dc_jq1_24hr_25.tif,gt_coords/sum159pt_dc_jq1_24hr_25.npy,3,3,0,gt_mask_cc_conn8_min3
sum159pt_dc_jq1_24hr_26,SUM159PT,gt_image/sum159pt_dc_jq1_24hr_26.tif,gt_coords/sum159pt_dc_jq1_24hr_26.npy,2,2,0,gt_mask_cc_conn8_min3
sum159pt_dc_jq1_24hr_27,SUM159PT,gt_image/sum159pt_dc_jq1_24hr_27.tif,gt_coords/sum159pt_dc_jq1_24hr_27.npy,9,9,0,gt_mask_cc_conn8_min3
sum159pt_dc_jq1_24hr_28,SUM159PT,gt_image/sum159pt_dc_jq1_24hr_28.tif,gt_coords/sum159pt_dc_jq1_24hr_28.npy,2,2,0,gt_mask_cc_conn8_min3
sum159pt_dc_jq1_24hr_29,SUM159PT,gt_image/sum159pt_dc_jq1_24hr_29.tif,gt_coords/sum159pt_dc_jq1_24hr_29.npy,6,6,0,gt_mask_cc_conn8_min3
sum159pt_dc_jq1_24hr_3,SUM159PT,gt_image/sum159pt_dc_jq1_24hr_3.tif,gt_coords/sum159pt_dc_jq1_24hr_3.npy,0,1,1,gt_mask_cc_conn8_min3
sum159pt_dc_jq1_24hr_30,SUM159PT,gt_image/sum159pt_dc_jq1_24hr_30.tif,gt_coords/sum159pt_dc_jq1_24hr_30.npy,11,11,0,gt_mask_cc_conn8_min3
sum159pt_dc_jq1_24hr_31,SUM159PT,gt_image/sum159pt_dc_jq1_24hr_31.tif,gt_coords/sum159pt_dc_jq1_24hr_31.npy,2,2,0,gt_mask_cc_conn8_min3
sum159pt_dc_jq1_24hr_32,SUM159PT,gt_image/sum159pt_dc_jq1_24hr_32.tif,gt_coords/sum159pt_dc_jq1_24hr_32.npy,3,3,0,gt_mask_cc_conn8_min3
sum159pt_dc_jq1_24hr_33,SUM159PT,gt_image/sum159pt_dc_jq1_24hr_33.tif,gt_coords/sum159pt_dc_jq1_24hr_33.npy,2,2,0,gt_mask_cc_conn8_min3
sum159pt_dc_jq1_24hr_34,SUM159PT,gt_image/sum159pt_dc_jq1_24hr_34.tif,gt_coords/sum159pt_dc_jq1_24hr_34.npy,5,5,0,gt_mask_cc_conn8_min3
sum159pt_dc_jq1_24hr_35,SUM159PT,gt_image/sum159pt_dc_jq1_24hr_35.tif,gt_coords/sum159pt_dc_jq1_24hr_35.npy,4,4,0,gt_mask_cc_conn8_min3
sum159pt_dc_jq1_24hr_36,SUM159PT,gt_image/sum159pt_dc_jq1_24hr_36.tif,gt_coords/sum159pt_dc_jq1_24hr_36.npy,6,6,0,gt_mask_cc_conn8_min3
sum159pt_dc_jq1_24hr_37,SUM159PT,gt_image/sum159pt_dc_jq1_24hr_37.tif,gt_coords/sum159pt_dc_jq1_24hr_37.npy,4,4,0,gt_mask_cc_conn8_min3
sum159pt_dc_jq1_24hr_38,SUM159PT,gt_image/sum159pt_dc_jq1_24hr_38.tif,gt_coords/sum159pt_dc_jq1_24hr_38.npy,2,2,0,gt_mask_cc_conn8_min3
sum159pt_dc_jq1_24hr_39,SUM159PT,gt_image/sum159pt_dc_jq1_24hr_39.tif,gt_coords/sum159pt_dc_jq1_24hr_39.npy,3,3,0,gt_mask_cc_conn8_min3
sum159pt_dc_jq1_24hr_4,SUM159PT,gt_image/sum159pt_dc_jq1_24hr_4.tif,gt_coords/sum159pt_dc_jq1_24hr_4.npy,4,4,0,gt_mask_cc_conn8_min3
sum159pt_dc_jq1_24hr_40,SUM159PT,gt_image/sum159pt_dc_jq1_24hr_40.tif,gt_coords/sum159pt_dc_jq1_24hr_40.npy,3,3,0,gt_mask_cc_conn8_min3
sum159pt_dc_jq1_24hr_41,SUM159PT,gt_image/sum159pt_dc_jq1_24hr_41.tif,gt_coords/sum159pt_dc_jq1_24hr_41.npy,0,1,1,gt_mask_cc_conn8_min3
sum159pt_dc_jq1_24hr_42,SUM159PT,gt_image/sum159pt_dc_jq1_24hr_42.tif,gt_coords/sum159pt_dc_jq1_24hr_42.npy,5,5,0,gt_mask_cc_conn8_min3
sum159pt_dc_jq1_24hr_43,SUM159PT,gt_image/sum159pt_dc_jq1_24hr_43.tif,gt_coords/sum159pt_dc_jq1_24hr_43.npy,3,3,0,gt_mask_cc_conn8_min3
sum159pt_dc_jq1_24hr_44,SUM159PT,gt_image/sum159pt_dc_jq1_24hr_44.tif,gt_coords/sum159pt_dc_jq1_24hr_44.npy,2,2,0,gt_mask_cc_conn8_min3
sum159pt_dc_jq1_24hr_45,SUM159PT,gt_image/sum159pt_dc_jq1_24hr_45.tif,gt_coords/sum159pt_dc_jq1_24hr_45.npy,5,5,0,gt_mask_cc_conn8_min3
sum159pt_dc_jq1_24hr_46,SUM159PT,gt_image/sum159pt_dc_jq1_24hr_46.tif,gt_coords/sum159pt_dc_jq1_24hr_46.npy,2,2,0,gt_mask_cc_conn8_min3
sum159pt_dc_jq1_24hr_47,SUM159PT,gt_image/sum159pt_dc_jq1_24hr_47.tif,gt_coords/sum159pt_dc_jq1_24hr_47.npy,2,2,0,gt_mask_cc_conn8_min3
sum159pt_dc_jq1_24hr_48,SUM159PT,gt_image/sum159pt_dc_jq1_24hr_48.tif,gt_coords/sum159pt_dc_jq1_24hr_48.npy,2,2,0,gt_mask_cc_conn8_min3
sum159pt_dc_jq1_24hr_49,SUM159PT,gt_image/sum159pt_dc_jq1_24hr_49.tif,gt_coords/sum159pt_dc_jq1_24hr_49.npy,7,7,0,gt_mask_cc_conn8_min3
sum159pt_dc_jq1_24hr_5,SUM159PT,gt_image/sum159pt_dc_jq1_24hr_5.tif,gt_coords/sum159pt_dc_jq1_24hr_5.npy,0,1,1,gt_mask_cc_conn8_min3
sum159pt_dc_jq1_24hr_50,SUM159PT,gt_image/sum159pt_dc_jq1_24hr_50.tif,gt_coords/sum159pt_dc_jq1_24hr_50.npy,0,1,1,gt_mask_cc_conn8_min3
sum159pt_dc_jq1_24hr_51,SUM159PT,gt_image/sum159pt_dc_jq1_24hr_51.tif,gt_coords/sum159pt_dc_jq1_24hr_51.npy,3,3,0,gt_mask_cc_conn8_min3
sum159pt_dc_jq1_24hr_52,SUM159PT,gt_image/sum159pt_dc_jq1_24hr_52.tif,gt_coords/sum159pt_dc_jq1_24hr_52.npy,3,3,0,gt_mask_cc_conn8_min3
sum159pt_dc_jq1_24hr_53,SUM159PT,gt_image/sum159pt_dc_jq1_24hr_53.tif,gt_coords/sum159pt_dc_jq1_24hr_53.npy,2,2,0,gt_mask_cc_conn8_min3
sum159pt_dc_jq1_24hr_54,SUM159PT,gt_image/sum159pt_dc_jq1_24hr_54.tif,gt_coords/sum159pt_dc_jq1_24hr_54.npy,3,3,0,gt_mask_cc_conn8_min3
sum159pt_dc_jq1_24hr_55,SUM159PT,gt_image/sum159pt_dc_jq1_24hr_55.tif,gt_coords/sum159pt_dc_jq1_24hr_55.npy,5,6,1,gt_mask_cc_conn8_min3
sum159pt_dc_jq1_24hr_56,SUM159PT,gt_image/sum159pt_dc_jq1_24hr_56.tif,gt_coords/sum159pt_dc_jq1_24hr_56.npy,0,1,1,gt_mask_cc_conn8_min3
sum159pt_dc_jq1_24hr_57,SUM159PT,gt_image/sum159pt_dc_jq1_24hr_57.tif,gt_coords/sum159pt_dc_jq1_24hr_57.npy,4,4,0,gt_mask_cc_conn8_min3
sum159pt_dc_jq1_24hr_58,SUM159PT,gt_image/sum159pt_dc_jq1_24hr_58.tif,gt_coords/sum159pt_dc_jq1_24hr_58.npy,3,3,0,gt_mask_cc_conn8_min3
sum159pt_dc_jq1_24hr_59,SUM159PT,gt_image/sum159pt_dc_jq1_24hr_59.tif,gt_coords/sum159pt_dc_jq1_24hr_59.npy,4,4,0,gt_mask_cc_conn8_min3
sum159pt_dc_jq1_24hr_6,SUM159PT,gt_image/sum159pt_dc_jq1_24hr_6.tif,gt_coords/sum159pt_dc_jq1_24hr_6.npy,3,3,0,gt_mask_cc_conn8_min3
sum159pt_dc_jq1_24hr_60,SUM159PT,gt_image/sum159pt_dc_jq1_24hr_60.tif,gt_coords/sum159pt_dc_jq1_24hr_60.npy,10,10,0,gt_mask_cc_conn8_min3
sum159pt_dc_jq1_24hr_62,SUM159PT,gt_image/sum159pt_dc_jq1_24hr_62.tif,gt_coords/sum159pt_dc_jq1_24hr_62.npy,2,2,0,gt_mask_cc_conn8_min3
sum159pt_dc_jq1_24hr_63,SUM159PT,gt_image/sum159pt_dc_jq1_24hr_63.tif,gt_coords/sum159pt_dc_jq1_24hr_63.npy,5,5,0,gt_mask_cc_conn8_min3
sum159pt_dc_jq1_24hr_64,SUM159PT,gt_image/sum159pt_dc_jq1_24hr_64.tif,gt_coords/sum159pt_dc_jq1_24hr_64.npy,3,3,0,gt_mask_cc_conn8_min3
sum159pt_dc_jq1_24hr_65,SUM159PT,gt_image/sum159pt_dc_jq1_24hr_65.tif,gt_coords/sum159pt_dc_jq1_24hr_65.npy,0,1,1,gt_mask_cc_conn8_min3
sum159pt_dc_jq1_24hr_66,SUM159PT,gt_image/sum159pt_dc_jq1_24hr_66.tif,gt_coords/sum159pt_dc_jq1_24hr_66.npy,3,3,0,gt_mask_cc_conn8_min3
sum159pt_dc_jq1_24hr_67,SUM159PT,gt_image/sum159pt_dc_jq1_24hr_67.tif,gt_coords/sum159pt_dc_jq1_24hr_67.npy,6,6,0,gt_mask_cc_conn8_min3
sum159pt_dc_jq1_24hr_68,SUM159PT,gt_image/sum159pt_dc_jq1_24hr_68.tif,gt_coords/sum159pt_dc_jq1_24hr_68.npy,3,3,0,gt_mask_cc_conn8_min3
sum159pt_dc_jq1_24hr_69,SUM159PT,gt_image/sum159pt_dc_jq1_24hr_69.tif,gt_coords/sum159pt_dc_jq1_24hr_69.npy,4,4,0,gt_mask_cc_conn8_min3
sum159pt_dc_jq1_24hr_7,SUM159PT,gt_image/sum159pt_dc_jq1_24hr_7.tif,gt_coords/sum159pt_dc_jq1_24hr_7.npy,0,1,1,gt_mask_cc_conn8_min3
sum159pt_dc_jq1_24hr_70,SUM159PT,gt_image/sum159pt_dc_jq1_24hr_70.tif,gt_coords/sum159pt_dc_jq1_24hr_70.npy,12,12,0,gt_mask_cc_conn8_min3
sum159pt_dc_jq1_24hr_71,SUM159PT,gt_image/sum159pt_dc_jq1_24hr_71.tif,gt_coords/sum159pt_dc_jq1_24hr_71.npy,4,4,0,gt_mask_cc_conn8_min3
sum159pt_dc_jq1_24hr_72,SUM159PT,gt_image/sum159pt_dc_jq1_24hr_72.tif,gt_coords/sum159pt_dc_jq1_24hr_72.npy,5,5,0,gt_mask_cc_conn8_min3
sum159pt_dc_jq1_24hr_73,SUM159PT,gt_image/sum159pt_dc_jq1_24hr_73.tif,gt_coords/sum159pt_dc_jq1_24hr_73.npy,9,9,0,gt_mask_cc_conn8_min3
sum159pt_dc_jq1_24hr_74,SUM159PT,gt_image/sum159pt_dc_jq1_24hr_74.tif,gt_coords/sum159pt_dc_jq1_24hr_74.npy,8,8,0,gt_mask_cc_conn8_min3
sum159pt_dc_jq1_24hr_75,SUM159PT,gt_image/sum159pt_dc_jq1_24hr_75.tif,gt_coords/sum159pt_dc_jq1_24hr_75.npy,0,1,1,gt_mask_cc_conn8_min3
sum159pt_dc_jq1_24hr_76,SUM159PT,gt_image/sum159pt_dc_jq1_24hr_76.tif,gt_coords/sum159pt_dc_jq1_24hr_76.npy,0,1,1,gt_mask_cc_conn8_min3
sum159pt_dc_jq1_24hr_77,SUM159PT,gt_image/sum159pt_dc_jq1_24hr_77.tif,gt_coords/sum159pt_dc_jq1_24hr_77.npy,3,3,0,gt_mask_cc_conn8_min3
sum159pt_dc_jq1_24hr_78,SUM159PT,gt_image/sum159pt_dc_jq1_24hr_78.tif,gt_coords/sum159pt_dc_jq1_24hr_78.npy,5,5,0,gt_mask_cc_conn8_min3
sum159pt_dc_jq1_24hr_79,SUM159PT,gt_image/sum159pt_dc_jq1_24hr_79.tif,gt_coords/sum159pt_dc_jq1_24hr_79.npy,2,2,0,gt_mask_cc_conn8_min3
sum159pt_dc_jq1_24hr_8,SUM159PT,gt_image/sum159pt_dc_jq1_24hr_8.tif,gt_coords/sum159pt_dc_jq1_24hr_8.npy,3,3,0,gt_mask_cc_conn8_min3
sum159pt_dc_jq1_24hr_80,SUM159PT,gt_image/sum159pt_dc_jq1_24hr_80.tif,gt_coords/sum159pt_dc_jq1_24hr_80.npy,4,4,0,gt_mask_cc_conn8_min3
sum159pt_dc_jq1_24hr_81,SUM159PT,gt_image/sum159pt_dc_jq1_24hr_81.tif,gt_coords/sum159pt_dc_jq1_24hr_81.npy,3,3,0,gt_mask_cc_conn8_min3
sum159pt_dc_jq1_24hr_82,SUM159PT,gt_image/sum159pt_dc_jq1_24hr_82.tif,gt_coords/sum159pt_dc_jq1_24hr_82.npy,3,3,0,gt_mask_cc_conn8_min3
sum159pt_dc_jq1_24hr_83,SUM159PT,gt_image/sum159pt_dc_jq1_24hr_83.tif,gt_coords/sum159pt_dc_jq1_24hr_83.npy,5,5,0,gt_mask_cc_conn8_min3
sum159pt_dc_jq1_24hr_84,SUM159PT,gt_image/sum159pt_dc_jq1_24hr_84.tif,gt_coords/sum159pt_dc_jq1_24hr_84.npy,3,3,0,gt_mask_cc_conn8_min3
sum159pt_dc_jq1_24hr_85,SUM159PT,gt_image/sum159pt_dc_jq1_24hr_85.tif,gt_coords/sum159pt_dc_jq1_24hr_85.npy,5,5,0,gt_mask_cc_conn8_min3
sum159pt_dc_jq1_24hr_86,SUM159PT,gt_image/sum159pt_dc_jq1_24hr_86.tif,gt_coords/sum159pt_dc_jq1_24hr_86.npy,10,10,0,gt_mask_cc_conn8_min3
sum159pt_dc_jq1_24hr_87,SUM159PT,gt_image/sum159pt_dc_jq1_24hr_87.tif,gt_coords/sum159pt_dc_jq1_24hr_87.npy,6,6,0,gt_mask_cc_conn8_min3
sum159pt_dc_jq1_24hr_88,SUM159PT,gt_image/sum159pt_dc_jq1_24hr_88.tif,gt_coords/sum159pt_dc_jq1_24hr_88.npy,5,5,0,gt_mask_cc_conn8_min3
sum159pt_dc_jq1_24hr_89,SUM159PT,gt_image/sum159pt_dc_jq1_24hr_89.tif,gt_coords/sum159pt_dc_jq1_24hr_89.npy,3,3,0,gt_mask_cc_conn8_min3
sum159pt_dc_jq1_24hr_9,SUM159PT,gt_image/sum159pt_dc_jq1_24hr_9.tif,gt_coords/sum159pt_dc_jq1_24hr_9.npy,5,5,0,gt_mask_cc_conn8_min3
sum159pt_dc_jq1_24hr_90,SUM159PT,gt_image/sum159pt_dc_jq1_24hr_90.tif,gt_coords/sum159pt_dc_jq1_24hr_90.npy,2,2,0,gt_mask_cc_conn8_min3
sum159pt_dc_jq1_24hr_91,SUM159PT,gt_image/sum159pt_dc_jq1_24hr_91.tif,gt_coords/sum159pt_dc_jq1_24hr_91.npy,3,3,0,gt_mask_cc_conn8_min3
sum159pt_dc_jq1_24hr_92,SUM159PT,gt_image/sum159pt_dc_jq1_24hr_92.tif,gt_coords/sum159pt_dc_jq1_24hr_92.npy,6,6,0,gt_mask_cc_conn8_min3
sum159pt_dc_jq1_24hr_93,SUM159PT,gt_image/sum159pt_dc_jq1_24hr_93.tif,gt_coords/sum159pt_dc_jq1_24hr_93.npy,6,6,0,gt_mask_cc_conn8_min3
sum159pt_dc_jq1_24hr_94,SUM159PT,gt_image/sum159pt_dc_jq1_24hr_94.tif,gt_coords/sum159pt_dc_jq1_24hr_94.npy,4,4,0,gt_mask_cc_conn8_min3
sum159pt_dc_jq1_24hr_95,SUM159PT,gt_image/sum159pt_dc_jq1_24hr_95.tif,gt_coords/sum159pt_dc_jq1_24hr_95.npy,3,3,0,gt_mask_cc_conn8_min3
sum159pt_dc_jq1_24hr_96,SUM159PT,gt_image/sum159pt_dc_jq1_24hr_96.tif,gt_coords/sum159pt_dc_jq1_24hr_96.npy,6,6,0,gt_mask_cc_conn8_min3
sum159pt_dc_jq1_24hr_97,SUM159PT,gt_image/sum159pt_dc_jq1_24hr_97.tif,gt_coords/sum159pt_dc_jq1_24hr_97.npy,0,1,1,gt_mask_cc_conn8_min3
sum159pt_dc_jq1_24hr_98,SUM159PT,gt_image/sum159pt_dc_jq1_24hr_98.tif,gt_coords/sum159pt_dc_jq1_24hr_98.npy,2,2,0,gt_mask_cc_conn8_min3
sum159pt_dc_jq1_24hr_99,SUM159PT,gt_image/sum159pt_dc_jq1_24hr_99.tif,gt_coords/sum159pt_dc_jq1_24hr_99.npy,4,4,0,gt_mask_cc_conn8_min3
sum159pt_dc_jq1_72hr_100,SUM159PT,gt_image/sum159pt_dc_jq1_72hr_100.tif,gt_coords/sum159pt_dc_jq1_72hr_100.npy,2,2,0,gt_mask_cc_conn8_min3
sum159pt_dc_jq1_72hr_101,SUM159PT,gt_image/sum159pt_dc_jq1_72hr_101.tif,gt_coords/sum159pt_dc_jq1_72hr_101.npy,5,5,0,gt_mask_cc_conn8_min3
sum159pt_dc_jq1_72hr_102,SUM159PT,gt_image/sum159pt_dc_jq1_72hr_102.tif,gt_coords/sum159pt_dc_jq1_72hr_102.npy,6,6,0,gt_mask_cc_conn8_min3
sum159pt_dc_jq1_72hr_103,SUM159PT,gt_image/sum159pt_dc_jq1_72hr_103.tif,gt_coords/sum159pt_dc_jq1_72hr_103.npy,6,6,0,gt_mask_cc_conn8_min3
sum159pt_dc_jq1_72hr_104,SUM159PT,gt_image/sum159pt_dc_jq1_72hr_104.tif,gt_coords/sum159pt_dc_jq1_72hr_104.npy,5,5,0,gt_mask_cc_conn8_min3
sum159pt_dc_jq1_72hr_105,SUM159PT,gt_image/sum159pt_dc_jq1_72hr_105.tif,gt_coords/sum159pt_dc_jq1_72hr_105.npy,4,4,0,gt_mask_cc_conn8_min3
sum159pt_dc_jq1_72hr_106,SUM159PT,gt_image/sum159pt_dc_jq1_72hr_106.tif,gt_coords/sum159pt_dc_jq1_72hr_106.npy,3,3,0,gt_mask_cc_conn8_min3
sum159pt_dc_jq1_72hr_107,SUM159PT,gt_image/sum159pt_dc_jq1_72hr_107.tif,gt_coords/sum159pt_dc_jq1_72hr_107.npy,2,2,0,gt_mask_cc_conn8_min3
sum159pt_dc_jq1_72hr_108,SUM159PT,gt_image/sum159pt_dc_jq1_72hr_108.tif,gt_coords/sum159pt_dc_jq1_72hr_108.npy,0,1,1,gt_mask_cc_conn8_min3
sum159pt_dc_jq1_72hr_109,SUM159PT,gt_image/sum159pt_dc_jq1_72hr_109.tif,gt_coords/sum159pt_dc_jq1_72hr_109.npy,2,2,0,gt_mask_cc_conn8_min3
sum159pt_dc_jq1_72hr_11,SUM159PT,gt_image/sum159pt_dc_jq1_72hr_11.tif,gt_coords/sum159pt_dc_jq1_72hr_11.npy,0,1,1,gt_mask_cc_conn8_min3
sum159pt_dc_jq1_72hr_110,SUM159PT,gt_image/sum159pt_dc_jq1_72hr_110.tif,gt_coords/sum159pt_dc_jq1_72hr_110.npy,0,1,1,gt_mask_cc_conn8_min3
sum159pt_dc_jq1_72hr_111,SUM159PT,gt_image/sum159pt_dc_jq1_72hr_111.tif,gt_coords/sum159pt_dc_jq1_72hr_111.npy,4,4,0,gt_mask_cc_conn8_min3
sum159pt_dc_jq1_72hr_112,SUM159PT,gt_image/sum159pt_dc_jq1_72hr_112.tif,gt_coords/sum159pt_dc_jq1_72hr_112.npy,4,4,0,gt_mask_cc_conn8_min3
sum159pt_dc_jq1_72hr_113,SUM159PT,gt_image/sum159pt_dc_jq1_72hr_113.tif,gt_coords/sum159pt_dc_jq1_72hr_113.npy,5,5,0,gt_mask_cc_conn8_min3
sum159pt_dc_jq1_72hr_114,SUM159PT,gt_image/sum159pt_dc_jq1_72hr_114.tif,gt_coords/sum159pt_dc_jq1_72hr_114.npy,3,3,0,gt_mask_cc_conn8_min3
sum159pt_dc_jq1_72hr_115,SUM159PT,gt_image/sum159pt_dc_jq1_72hr_115.tif,gt_coords/sum159pt_dc_jq1_72hr_115.npy,4,4,0,gt_mask_cc_conn8_min3
sum159pt_dc_jq1_72hr_116,SUM159PT,gt_image/sum159pt_dc_jq1_72hr_116.tif,gt_coords/sum159pt_dc_jq1_72hr_116.npy,3,3,0,gt_mask_cc_conn8_min3
sum159pt_dc_jq1_72hr_117,SUM159PT,gt_image/sum159pt_dc_jq1_72hr_117.tif,gt_coords/sum159pt_dc_jq1_72hr_117.npy,0,1,1,gt_mask_cc_conn8_min3
sum159pt_dc_jq1_72hr_118,SUM159PT,gt_image/sum159pt_dc_jq1_72hr_118.tif,gt_coords/sum159pt_dc_jq1_72hr_118.npy,0,1,1,gt_mask_cc_conn8_min3
sum159pt_dc_jq1_72hr_119,SUM159PT,gt_image/sum159pt_dc_jq1_72hr_119.tif,gt_coords/sum159pt_dc_jq1_72hr_119.npy,0,1,1,gt_mask_cc_conn8_min3
sum159pt_dc_jq1_72hr_12,SUM159PT,gt_image/sum159pt_dc_jq1_72hr_12.tif,gt_coords/sum159pt_dc_jq1_72hr_12.npy,4,4,0,gt_mask_cc_conn8_min3
sum159pt_dc_jq1_72hr_120,SUM159PT,gt_image/sum159pt_dc_jq1_72hr_120.tif,gt_coords/sum159pt_dc_jq1_72hr_120.npy,4,4,0,gt_mask_cc_conn8_min3
sum159pt_dc_jq1_72hr_14,SUM159PT,gt_image/sum159pt_dc_jq1_72hr_14.tif,gt_coords/sum159pt_dc_jq1_72hr_14.npy,2,2,0,gt_mask_cc_conn8_min3
sum159pt_dc_jq1_72hr_16,SUM159PT,gt_image/sum159pt_dc_jq1_72hr_16.tif,gt_coords/sum159pt_dc_jq1_72hr_16.npy,0,1,1,gt_mask_cc_conn8_min3
sum159pt_dc_jq1_72hr_17,SUM159PT,gt_image/sum159pt_dc_jq1_72hr_17.tif,gt_coords/sum159pt_dc_jq1_72hr_17.npy,7,7,0,gt_mask_cc_conn8_min3
sum159pt_dc_jq1_72hr_23,SUM159PT,gt_image/sum159pt_dc_jq1_72hr_23.tif,gt_coords/sum159pt_dc_jq1_72hr_23.npy,16,16,0,gt_mask_cc_conn8_min3
sum159pt_dc_jq1_72hr_24,SUM159PT,gt_image/sum159pt_dc_jq1_72hr_24.tif,gt_coords/sum159pt_dc_jq1_72hr_24.npy,3,3,0,gt_mask_cc_conn8_min3
sum159pt_dc_jq1_72hr_25,SUM159PT,gt_image/sum159pt_dc_jq1_72hr_25.tif,gt_coords/sum159pt_dc_jq1_72hr_25.npy,4,4,0,gt_mask_cc_conn8_min3
sum159pt_dc_jq1_72hr_26,SUM159PT,gt_image/sum159pt_dc_jq1_72hr_26.tif,gt_coords/sum159pt_dc_jq1_72hr_26.npy,0,1,1,gt_mask_cc_conn8_min3
sum159pt_dc_jq1_72hr_27,SUM159PT,gt_image/sum159pt_dc_jq1_72hr_27.tif,gt_coords/sum159pt_dc_jq1_72hr_27.npy,0,1,1,gt_mask_cc_conn8_min3
sum159pt_dc_jq1_72hr_28,SUM159PT,gt_image/sum159pt_dc_jq1_72hr_28.tif,gt_coords/sum159pt_dc_jq1_72hr_28.npy,0,1,1,gt_mask_cc_conn8_min3
sum159pt_dc_jq1_72hr_29,SUM159PT,gt_image/sum159pt_dc_jq1_72hr_29.tif,gt_coords/sum159pt_dc_jq1_72hr_29.npy,2,2,0,gt_mask_cc_conn8_min3
sum159pt_dc_jq1_72hr_30,SUM159PT,gt_image/sum159pt_dc_jq1_72hr_30.tif,gt_coords/sum159pt_dc_jq1_72hr_30.npy,0,1,1,gt_mask_cc_conn8_min3
sum159pt_dc_jq1_72hr_31,SUM159PT,gt_image/sum159pt_dc_jq1_72hr_31.tif,gt_coords/sum159pt_dc_jq1_72hr_31.npy,7,7,0,gt_mask_cc_conn8_min3
sum159pt_dc_jq1_72hr_32,SUM159PT,gt_image/sum159pt_dc_jq1_72hr_32.tif,gt_coords/sum159pt_dc_jq1_72hr_32.npy,4,4,0,gt_mask_cc_conn8_min3
sum159pt_dc_jq1_72hr_33,SUM159PT,gt_image/sum159pt_dc_jq1_72hr_33.tif,gt_coords/sum159pt_dc_jq1_72hr_33.npy,2,2,0,gt_mask_cc_conn8_min3
sum159pt_dc_jq1_72hr_34,SUM159PT,gt_image/sum159pt_dc_jq1_72hr_34.tif,gt_coords/sum159pt_dc_jq1_72hr_34.npy,2,2,0,gt_mask_cc_conn8_min3
sum159pt_dc_jq1_72hr_35,SUM159PT,gt_image/sum159pt_dc_jq1_72hr_35.tif,gt_coords/sum159pt_dc_jq1_72hr_35.npy,4,4,0,gt_mask_cc_conn8_min3
sum159pt_dc_jq1_72hr_36,SUM159PT,gt_image/sum159pt_dc_jq1_72hr_36.tif,gt_coords/sum159pt_dc_jq1_72hr_36.npy,2,2,0,gt_mask_cc_conn8_min3
sum159pt_dc_jq1_72hr_37,SUM159PT,gt_image/sum159pt_dc_jq1_72hr_37.tif,gt_coords/sum159pt_dc_jq1_72hr_37.npy,3,3,0,gt_mask_cc_conn8_min3
sum159pt_dc_jq1_72hr_38,SUM159PT,gt_image/sum159pt_dc_jq1_72hr_38.tif,gt_coords/sum159pt_dc_jq1_72hr_38.npy,4,4,0,gt_mask_cc_conn8_min3
sum159pt_dc_jq1_72hr_39,SUM159PT,gt_image/sum159pt_dc_jq1_72hr_39.tif,gt_coords/sum159pt_dc_jq1_72hr_39.npy,0,1,1,gt_mask_cc_conn8_min3
sum159pt_dc_jq1_72hr_40,SUM159PT,gt_image/sum159pt_dc_jq1_72hr_40.tif,gt_coords/sum159pt_dc_jq1_72hr_40.npy,4,4,0,gt_mask_cc_conn8_min3
sum159pt_dc_jq1_72hr_41,SUM159PT,gt_image/sum159pt_dc_jq1_72hr_41.tif,gt_coords/sum159pt_dc_jq1_72hr_41.npy,8,8,0,gt_mask_cc_conn8_min3
sum159pt_dc_jq1_72hr_42,SUM159PT,gt_image/sum159pt_dc_jq1_72hr_42.tif,gt_coords/sum159pt_dc_jq1_72hr_42.npy,6,6,0,gt_mask_cc_conn8_min3
sum159pt_dc_jq1_72hr_43,SUM159PT,gt_image/sum159pt_dc_jq1_72hr_43.tif,gt_coords/sum159pt_dc_jq1_72hr_43.npy,6,6,0,gt_mask_cc_conn8_min3
sum159pt_dc_jq1_72hr_44,SUM159PT,gt_image/sum159pt_dc_jq1_72hr_44.tif,gt_coords/sum159pt_dc_jq1_72hr_44.npy,2,2,0,gt_mask_cc_conn8_min3
sum159pt_dc_jq1_72hr_45,SUM159PT,gt_image/sum159pt_dc_jq1_72hr_45.tif,gt_coords/sum159pt_dc_jq1_72hr_45.npy,3,3,0,gt_mask_cc_conn8_min3
sum159pt_dc_jq1_72hr_46,SUM159PT,gt_image/sum159pt_dc_jq1_72hr_46.tif,gt_coords/sum159pt_dc_jq1_72hr_46.npy,2,2,0,gt_mask_cc_conn8_min3
sum159pt_dc_jq1_72hr_47,SUM159PT,gt_image/sum159pt_dc_jq1_72hr_47.tif,gt_coords/sum159pt_dc_jq1_72hr_47.npy,0,1,1,gt_mask_cc_conn8_min3
sum159pt_dc_jq1_72hr_48,SUM159PT,gt_image/sum159pt_dc_jq1_72hr_48.tif,gt_coords/sum159pt_dc_jq1_72hr_48.npy,3,3,0,gt_mask_cc_conn8_min3
sum159pt_dc_jq1_72hr_49,SUM159PT,gt_image/sum159pt_dc_jq1_72hr_49.tif,gt_coords/sum159pt_dc_jq1_72hr_49.npy,0,1,1,gt_mask_cc_conn8_min3
sum159pt_dc_jq1_72hr_50,SUM159PT,gt_image/sum159pt_dc_jq1_72hr_50.tif,gt_coords/sum159pt_dc_jq1_72hr_50.npy,2,2,0,gt_mask_cc_conn8_min3
sum159pt_dc_jq1_72hr_51,SUM159PT,gt_image/sum159pt_dc_jq1_72hr_51.tif,gt_coords/sum159pt_dc_jq1_72hr_51.npy,0,1,1,gt_mask_cc_conn8_min3
sum159pt_dc_jq1_72hr_52,SUM159PT,gt_image/sum159pt_dc_jq1_72hr_52.tif,gt_coords/sum159pt_dc_jq1_72hr_52.npy,4,4,0,gt_mask_cc_conn8_min3
sum159pt_dc_jq1_72hr_53,SUM159PT,gt_image/sum159pt_dc_jq1_72hr_53.tif,gt_coords/sum159pt_dc_jq1_72hr_53.npy,4,4,0,gt_mask_cc_conn8_min3
sum159pt_dc_jq1_72hr_54,SUM159PT,gt_image/sum159pt_dc_jq1_72hr_54.tif,gt_coords/sum159pt_dc_jq1_72hr_54.npy,0,1,1,gt_mask_cc_conn8_min3
sum159pt_dc_jq1_72hr_55,SUM159PT,gt_image/sum159pt_dc_jq1_72hr_55.tif,gt_coords/sum159pt_dc_jq1_72hr_55.npy,2,2,0,gt_mask_cc_conn8_min3
sum159pt_dc_jq1_72hr_56,SUM159PT,gt_image/sum159pt_dc_jq1_72hr_56.tif,gt_coords/sum159pt_dc_jq1_72hr_56.npy,7,7,0,gt_mask_cc_conn8_min3
sum159pt_dc_jq1_72hr_57,SUM159PT,gt_image/sum159pt_dc_jq1_72hr_57.tif,gt_coords/sum159pt_dc_jq1_72hr_57.npy,6,6,0,gt_mask_cc_conn8_min3
sum159pt_dc_jq1_72hr_58,SUM159PT,gt_image/sum159pt_dc_jq1_72hr_58.tif,gt_coords/sum159pt_dc_jq1_72hr_58.npy,0,1,1,gt_mask_cc_conn8_min3
sum159pt_dc_jq1_72hr_59,SUM159PT,gt_image/sum159pt_dc_jq1_72hr_59.tif,gt_coords/sum159pt_dc_jq1_72hr_59.npy,3,3,0,gt_mask_cc_conn8_min3
sum159pt_dc_jq1_72hr_60,SUM159PT,gt_image/sum159pt_dc_jq1_72hr_60.tif,gt_coords/sum159pt_dc_jq1_72hr_60.npy,2,2,0,gt_mask_cc_conn8_min3
sum159pt_dc_jq1_72hr_61,SUM159PT,gt_image/sum159pt_dc_jq1_72hr_61.tif,gt_coords/sum159pt_dc_jq1_72hr_61.npy,0,1,1,gt_mask_cc_conn8_min3
sum159pt_dc_jq1_72hr_62,SUM159PT,gt_image/sum159pt_dc_jq1_72hr_62.tif,gt_coords/sum159pt_dc_jq1_72hr_62.npy,2,2,0,gt_mask_cc_conn8_min3
sum159pt_dc_jq1_72hr_63,SUM159PT,gt_image/sum159pt_dc_jq1_72hr_63.tif,gt_coords/sum159pt_dc_jq1_72hr_63.npy,2,2,0,gt_mask_cc_conn8_min3
sum159pt_dc_jq1_72hr_64,SUM159PT,gt_image/sum159pt_dc_jq1_72hr_64.tif,gt_coords/sum159pt_dc_jq1_72hr_64.npy,2,2,0,gt_mask_cc_conn8_min3
sum159pt_dc_jq1_72hr_65,SUM159PT,gt_image/sum159pt_dc_jq1_72hr_65.tif,gt_coords/sum159pt_dc_jq1_72hr_65.npy,3,3,0,gt_mask_cc_conn8_min3
sum159pt_dc_jq1_72hr_66,SUM159PT,gt_image/sum159pt_dc_jq1_72hr_66.tif,gt_coords/sum159pt_dc_jq1_72hr_66.npy,7,7,0,gt_mask_cc_conn8_min3
sum159pt_dc_jq1_72hr_67,SUM159PT,gt_image/sum159pt_dc_jq1_72hr_67.tif,gt_coords/sum159pt_dc_jq1_72hr_67.npy,0,1,1,gt_mask_cc_conn8_min3
sum159pt_dc_jq1_72hr_68,SUM159PT,gt_image/sum159pt_dc_jq1_72hr_68.tif,gt_coords/sum159pt_dc_jq1_72hr_68.npy,3,3,0,gt_mask_cc_conn8_min3
sum159pt_dc_jq1_72hr_69,SUM159PT,gt_image/sum159pt_dc_jq1_72hr_69.tif,gt_coords/sum159pt_dc_jq1_72hr_69.npy,4,4,0,gt_mask_cc_conn8_min3
sum159pt_dc_jq1_72hr_70,SUM159PT,gt_image/sum159pt_dc_jq1_72hr_70.tif,gt_coords/sum159pt_dc_jq1_72hr_70.npy,4,4,0,gt_mask_cc_conn8_min3
sum159pt_dc_jq1_72hr_71,SUM159PT,gt_image/sum159pt_dc_jq1_72hr_71.tif,gt_coords/sum159pt_dc_jq1_72hr_71.npy,3,3,0,gt_mask_cc_conn8_min3
sum159pt_dc_jq1_72hr_72,SUM159PT,gt_image/sum159pt_dc_jq1_72hr_72.tif,gt_coords/sum159pt_dc_jq1_72hr_72.npy,3,3,0,gt_mask_cc_conn8_min3
sum159pt_dc_jq1_72hr_73,SUM159PT,gt_image/sum159pt_dc_jq1_72hr_73.tif,gt_coords/sum159pt_dc_jq1_72hr_73.npy,4,4,0,gt_mask_cc_conn8_min3
sum159pt_dc_jq1_72hr_74,SUM159PT,gt_image/sum159pt_dc_jq1_72hr_74.tif,gt_coords/sum159pt_dc_jq1_72hr_74.npy,4,4,0,gt_mask_cc_conn8_min3
sum159pt_dc_jq1_72hr_75,SUM159PT,gt_image/sum159pt_dc_jq1_72hr_75.tif,gt_coords/sum159pt_dc_jq1_72hr_75.npy,5,5,0,gt_mask_cc_conn8_min3
sum159pt_dc_jq1_72hr_76,SUM159PT,gt_image/sum159pt_dc_jq1_72hr_76.tif,gt_coords/sum159pt_dc_jq1_72hr_76.npy,0,1,1,gt_mask_cc_conn8_min3
sum159pt_dc_jq1_72hr_77,SUM159PT,gt_image/sum159pt_dc_jq1_72hr_77.tif,gt_coords/sum159pt_dc_jq1_72hr_77.npy,4,4,0,gt_mask_cc_conn8_min3
sum159pt_dc_jq1_72hr_78,SUM159PT,gt_image/sum159pt_dc_jq1_72hr_78.tif,gt_coords/sum159pt_dc_jq1_72hr_78.npy,2,2,0,gt_mask_cc_conn8_min3
sum159pt_dc_jq1_72hr_79,SUM159PT,gt_image/sum159pt_dc_jq1_72hr_79.tif,gt_coords/sum159pt_dc_jq1_72hr_79.npy,0,1,1,gt_mask_cc_conn8_min3
sum159pt_dc_jq1_72hr_80,SUM159PT,gt_image/sum159pt_dc_jq1_72hr_80.tif,gt_coords/sum159pt_dc_jq1_72hr_80.npy,4,4,0,gt_mask_cc_conn8_min3
sum159pt_dc_jq1_72hr_81,SUM159PT,gt_image/sum159pt_dc_jq1_72hr_81.tif,gt_coords/sum159pt_dc_jq1_72hr_81.npy,7,7,0,gt_mask_cc_conn8_min3
sum159pt_dc_jq1_72hr_82,SUM159PT,gt_image/sum159pt_dc_jq1_72hr_82.tif,gt_coords/sum159pt_dc_jq1_72hr_82.npy,5,5,0,gt_mask_cc_conn8_min3
sum159pt_dc_jq1_72hr_83,SUM159PT,gt_image/sum159pt_dc_jq1_72hr_83.tif,gt_coords/sum159pt_dc_jq1_72hr_83.npy,0,1,1,gt_mask_cc_conn8_min3
sum159pt_dc_jq1_72hr_84,SUM159PT,gt_image/sum159pt_dc_jq1_72hr_84.tif,gt_coords/sum159pt_dc_jq1_72hr_84.npy,3,3,0,gt_mask_cc_conn8_min3
sum159pt_dc_jq1_72hr_85,SUM159PT,gt_image/sum159pt_dc_jq1_72hr_85.tif,gt_coords/sum159pt_dc_jq1_72hr_85.npy,2,2,0,gt_mask_cc_conn8_min3
sum159pt_dc_jq1_72hr_86,SUM159PT,gt_image/sum159pt_dc_jq1_72hr_86.tif,gt_coords/sum159pt_dc_jq1_72hr_86.npy,3,4,1,gt_mask_cc_conn8_min3
sum159pt_dc_jq1_72hr_87,SUM159PT,gt_image/sum159pt_dc_jq1_72hr_87.tif,gt_coords/sum159pt_dc_jq1_72hr_87.npy,2,2,0,gt_mask_cc_conn8_min3
sum159pt_dc_jq1_72hr_88,SUM159PT,gt_image/sum159pt_dc_jq1_72hr_88.tif,gt_coords/sum159pt_dc_jq1_72hr_88.npy,0,1,1,gt_mask_cc_conn8_min3
sum159pt_dc_jq1_72hr_89,SUM159PT,gt_image/sum159pt_dc_jq1_72hr_89.tif,gt_coords/sum159pt_dc_jq1_72hr_89.npy,0,1,1,gt_mask_cc_conn8_min3
sum159pt_dc_jq1_72hr_9,SUM159PT,gt_image/sum159pt_dc_jq1_72hr_9.tif,gt_coords/sum159pt_dc_jq1_72hr_9.npy,2,2,0,gt_mask_cc_conn8_min3
sum159pt_dc_jq1_72hr_90,SUM159PT,gt_image/sum159pt_dc_jq1_72hr_90.tif,gt_coords/sum159pt_dc_jq1_72hr_90.npy,0,1,1,gt_mask_cc_conn8_min3
sum159pt_dc_jq1_72hr_91,SUM159PT,gt_image/sum159pt_dc_jq1_72hr_91.tif,gt_coords/sum159pt_dc_jq1_72hr_91.npy,3,3,0,gt_mask_cc_conn8_min3
sum159pt_dc_jq1_72hr_92,SUM159PT,gt_image/sum159pt_dc_jq1_72hr_92.tif,gt_coords/sum159pt_dc_jq1_72hr_92.npy,3,3,0,gt_mask_cc_conn8_min3
sum159pt_dc_jq1_72hr_94,SUM159PT,gt_image/sum159pt_dc_jq1_72hr_94.tif,gt_coords/sum159pt_dc_jq1_72hr_94.npy,2,2,0,gt_mask_cc_conn8_min3
sum159pt_dc_jq1_72hr_95,SUM159PT,gt_image/sum159pt_dc_jq1_72hr_95.tif,gt_coords/sum159pt_dc_jq1_72hr_95.npy,4,4,0,gt_mask_cc_conn8_min3
sum159pt_dc_jq1_72hr_96,SUM159PT,gt_image/sum159pt_dc_jq1_72hr_96.tif,gt_coords/sum159pt_dc_jq1_72hr_96.npy,2,2,0,gt_mask_cc_conn8_min3
sum159pt_dc_jq1_72hr_97,SUM159PT,gt_image/sum159pt_dc_jq1_72hr_97.tif,gt_coords/sum159pt_dc_jq1_72hr_97.npy,10,10,0,gt_mask_cc_conn8_min3
sum159pt_dc_jq1_72hr_98,SUM159PT,gt_image/sum159pt_dc_jq1_72hr_98.tif,gt_coords/sum159pt_dc_jq1_72hr_98.npy,10,10,0,gt_mask_cc_conn8_min3
sum159pt_dc_jq1_72hr_99,SUM159PT,gt_image/sum159pt_dc_jq1_72hr_99.tif,gt_coords/sum159pt_dc_jq1_72hr_99.npy,2,2,0,gt_mask_cc_conn8_min3
