unique_id,cell_line,gt_mask_relpath,coord_file_relpath
colo320dm_qpcr_jq1_24h_ctrl_1,COLO320DM,gt_image/colo320dm_qpcr_jq1_24h_ctrl_1.tif,gt_coords/colo320dm_qpcr_jq1_24h_ctrl_1.npy
colo320dm_qpcr_jq1_24h_ctrl_10,COLO320DM,gt_image/colo320dm_qpcr_jq1_24h_ctrl_10.tif,gt_coords/colo320dm_qpcr_jq1_24h_ctrl_10.npy
colo320dm_qpcr_jq1_24h_ctrl_100,COLO320DM,gt_image/colo320dm_qpcr_jq1_24h_ctrl_100.tif,gt_coords/colo320dm_qpcr_jq1_24h_ctrl_100.npy
colo320dm_qpcr_jq1_24h_ctrl_101,COLO320DM,gt_image/colo320dm_qpcr_jq1_24h_ctrl_101.tif,gt_coords/colo320dm_qpcr_jq1_24h_ctrl_101.npy
colo320dm_qpcr_jq1_24h_ctrl_102,COLO320DM,gt_image/colo320dm_qpcr_jq1_24h_ctrl_102.tif,gt_coords/colo320dm_qpcr_jq1_24h_ctrl_102.npy
colo320dm_qpcr_jq1_24h_ctrl_103,COLO320DM,gt_image/colo320dm_qpcr_jq1_24h_ctrl_103.tif,gt_coords/colo320dm_qpcr_jq1_24h_ctrl_103.npy
colo320dm_qpcr_jq1_24h_ctrl_104,COLO320DM,gt_image/colo320dm_qpcr_jq1_24h_ctrl_104.tif,gt_coords/colo320dm_qpcr_jq1_24h_ctrl_104.npy
colo320dm_qpcr_jq1_24h_ctrl_105,COLO320DM,gt_image/colo320dm_qpcr_jq1_24h_ctrl_105.tif,gt_coords/colo320dm_qpcr_jq1_24h_ctrl_105.npy
colo320dm_qpcr_jq1_24h_ctrl_106,COLO320DM,gt_image/colo320dm_qpcr_jq1_24h_ctrl_106.tif,gt_coords/colo320dm_qpcr_jq1_24h_ctrl_106.npy
colo320dm_qpcr_jq1_24h_ctrl_107,COLO320DM,gt_image/colo320dm_qpcr_jq1_24h_ctrl_107.tif,gt_coords/colo320dm_qpcr_jq1_24h_ctrl_107.npy
colo320dm_qpcr_jq1_24h_ctrl_108,COLO320DM,gt_image/colo320dm_qpcr_jq1_24h_ctrl_108.tif,gt_coords/colo320dm_qpcr_jq1_24h_ctrl_108.npy
colo320dm_qpcr_jq1_24h_ctrl_109,COLO320DM,gt_image/colo320dm_qpcr_jq1_24h_ctrl_109.tif,gt_coords/colo320dm_qpcr_jq1_24h_ctrl_109.npy
colo320dm_qpcr_jq1_24h_ctrl_11,COLO320DM,gt_image/colo320dm_qpcr_jq1_24h_ctrl_11.tif,gt_coords/colo320dm_qpcr_jq1_24h_ctrl_11.npy
colo320dm_qpcr_jq1_24h_ctrl_110,COLO320DM,gt_image/colo320dm_qpcr_jq1_24h_ctrl_110.tif,gt_coords/colo320dm_qpcr_jq1_24h_ctrl_110.npy
colo320dm_qpcr_jq1_24h_ctrl_111,COLO320DM,gt_image/colo320dm_qpcr_jq1_24h_ctrl_111.tif,gt_coords/colo320dm_qpcr_jq1_24h_ctrl_111.npy
colo320dm_qpcr_jq1_24h_ctrl_112,COLO320DM,gt_image/colo320dm_qpcr_jq1_24h_ctrl_112.tif,gt_coords/colo320dm_qpcr_jq1_24h_ctrl_112.npy
colo320dm_qpcr_jq1_24h_ctrl_113,COLO320DM,gt_image/colo320dm_qpcr_jq1_24h_ctrl_113.tif,gt_coords/colo320dm_qpcr_jq1_24h_ctrl_113.npy
colo320dm_qpcr_jq1_24h_ctrl_114,COLO320DM,gt_image/colo320dm_qpcr_jq1_24h_ctrl_114.tif,gt_coords/colo320dm_qpcr_jq1_24h_ctrl_114.npy
colo320dm_qpcr_jq1_24h_ctrl_115,COLO320DM,gt_image/colo320dm_qpcr_jq1_24h_ctrl_115.tif,gt_coords/colo320dm_qpcr_jq1_24h_ctrl_115.npy
colo320dm_qpcr_jq1_24h_ctrl_12,COLO320DM,gt_image/colo320dm_qpcr_jq1_24h_ctrl_12.tif,gt_coords/colo320dm_qpcr_jq1_24h_ctrl_12.npy
colo320dm_qpcr_jq1_24h_ctrl_13,COLO320DM,gt_image/colo320dm_qpcr_jq1_24h_ctrl_13.tif,gt_coords/colo320dm_qpcr_jq1_24h_ctrl_13.npy
colo320dm_qpcr_jq1_24h_ctrl_14,COLO320DM,gt_image/colo320dm_qpcr_jq1_24h_ctrl_14.tif,gt_coords/colo320dm_qpcr_jq1_24h_ctrl_14.npy
colo320dm_qpcr_jq1_24h_ctrl_15,COLO320DM,gt_image/colo320dm_qpcr_jq1_24h_ctrl_15.tif,gt_coords/colo320dm_qpcr_jq1_24h_ctrl_15.npy
colo320dm_qpcr_jq1_24h_ctrl_16,COLO320DM,gt_image/colo320dm_qpcr_jq1_24h_ctrl_16.tif,gt_coords/colo320dm_qpcr_jq1_24h_ctrl_16.npy
colo320dm_qpcr_jq1_24h_ctrl_17,COLO320DM,gt_image/colo320dm_qpcr_jq1_24h_ctrl_17.tif,gt_coords/colo320dm_qpcr_jq1_24h_ctrl_17.npy
colo320dm_qpcr_jq1_24h_ctrl_18,COLO320DM,gt_image/colo320dm_qpcr_jq1_24h_ctrl_18.tif,gt_coords/colo320dm_qpcr_jq1_24h_ctrl_18.npy
colo320dm_qpcr_jq1_24h_ctrl_19,COLO320DM,gt_image/colo320dm_qpcr_jq1_24h_ctrl_19.tif,gt_coords/colo320dm_qpcr_jq1_24h_ctrl_19.npy
colo320dm_qpcr_jq1_24h_ctrl_2,COLO320DM,gt_image/colo320dm_qpcr_jq1_24h_ctrl_2.tif,gt_coords/colo320dm_qpcr_jq1_24h_ctrl_2.npy
colo320dm_qpcr_jq1_24h_ctrl_21,COLO320DM,gt_image/colo320dm_qpcr_jq1_24h_ctrl_21.tif,gt_coords/colo320dm_qpcr_jq1_24h_ctrl_21.npy
colo320dm_qpcr_jq1_24h_ctrl_22,COLO320DM,gt_image/colo320dm_qpcr_jq1_24h_ctrl_22.tif,gt_coords/colo320dm_qpcr_jq1_24h_ctrl_22.npy
colo320dm_qpcr_jq1_24h_ctrl_23,COLO320DM,gt_image/colo320dm_qpcr_jq1_24h_ctrl_23.tif,gt_coords/colo320dm_qpcr_jq1_24h_ctrl_23.npy
colo320dm_qpcr_jq1_24h_ctrl_24,COLO320DM,gt_image/colo320dm_qpcr_jq1_24h_ctrl_24.tif,gt_coords/colo320dm_qpcr_jq1_24h_ctrl_24.npy
colo320dm_qpcr_jq1_24h_ctrl_25,COLO320DM,gt_image/colo320dm_qpcr_jq1_24h_ctrl_25.tif,gt_coords/colo320dm_qpcr_jq1_24h_ctrl_25.npy
colo320dm_qpcr_jq1_24h_ctrl_26,COLO320DM,gt_image/colo320dm_qpcr_jq1_24h_ctrl_26.tif,gt_coords/colo320dm_qpcr_jq1_24h_ctrl_26.npy
colo320dm_qpcr_jq1_24h_ctrl_27,COLO320DM,gt_image/colo320dm_qpcr_jq1_24h_ctrl_27.tif,gt_coords/colo320dm_qpcr_jq1_24h_ctrl_27.npy
colo320dm_qpcr_jq1_24h_ctrl_28,COLO320DM,gt_image/colo320dm_qpcr_jq1_24h_ctrl_28.tif,gt_coords/colo320dm_qpcr_jq1_24h_ctrl_28.npy
colo320dm_qpcr_jq1_24h_ctrl_29,COLO320DM,gt_image/colo320dm_qpcr_jq1_24h_ctrl_29.tif,gt_coords/colo320dm_qpcr_jq1_24h_ctrl_29.npy
colo320dm_qpcr_jq1_24h_ctrl_3,COLO320DM,gt_image/colo320dm_qpcr_jq1_24h_ctrl_3.tif,gt_coords/colo320dm_qpcr_jq1_24h_ctrl_3.npy
colo320dm_qpcr_jq1_24h_ctrl_30,COLO320DM,gt_image/colo320dm_qpcr_jq1_24h_ctrl_30.tif,gt_coords/colo320dm_qpcr_jq1_24h_ctrl_30.npy
colo320dm_qpcr_jq1_24h_ctrl_31,COLO320DM,gt_image/colo320dm_qpcr_jq1_24h_ctrl_31.tif,gt_coords/colo320dm_qpcr_jq1_24h_ctrl_31.npy
colo320dm_qpcr_jq1_24h_ctrl_32,COLO320DM,gt_image/colo320dm_qpcr_jq1_24h_ctrl_32.tif,gt_coords/colo320dm_qpcr_jq1_24h_ctrl_32.npy
colo320dm_qpcr_jq1_24h_ctrl_33,COLO320DM,gt_image/colo320dm_qpcr_jq1_24h_ctrl_33.tif,gt_coords/colo320dm_qpcr_jq1_24h_ctrl_33.npy
colo320dm_qpcr_jq1_24h_ctrl_34,COLO320DM,gt_image/colo320dm_qpcr_jq1_24h_ctrl_34.tif,gt_coords/colo320dm_qpcr_jq1_24h_ctrl_34.npy
colo320dm_qpcr_jq1_24h_ctrl_35,COLO320DM,gt_image/colo320dm_qpcr_jq1_24h_ctrl_35.tif,gt_coords/colo320dm_qpcr_jq1_24h_ctrl_35.npy
colo320dm_qpcr_jq1_24h_ctrl_36,COLO320DM,gt_image/colo320dm_qpcr_jq1_24h_ctrl_36.tif,gt_coords/colo320dm_qpcr_jq1_24h_ctrl_36.npy
colo320dm_qpcr_jq1_24h_ctrl_37,COLO320DM,gt_image/colo320dm_qpcr_jq1_24h_ctrl_37.tif,gt_coords/colo320dm_qpcr_jq1_24h_ctrl_37.npy
colo320dm_qpcr_jq1_24h_ctrl_38,COLO320DM,gt_image/colo320dm_qpcr_jq1_24h_ctrl_38.tif,gt_coords/colo320dm_qpcr_jq1_24h_ctrl_38.npy
colo320dm_qpcr_jq1_24h_ctrl_39,COLO320DM,gt_image/colo320dm_qpcr_jq1_24h_ctrl_39.tif,gt_coords/colo320dm_qpcr_jq1_24h_ctrl_39.npy
colo320dm_qpcr_jq1_24h_ctrl_4,COLO320DM,gt_image/colo320dm_qpcr_jq1_24h_ctrl_4.tif,gt_coords/colo320dm_qpcr_jq1_24h_ctrl_4.npy
colo320dm_qpcr_jq1_24h_ctrl_40,COLO320DM,gt_image/colo320dm_qpcr_jq1_24h_ctrl_40.tif,gt_coords/colo320dm_qpcr_jq1_24h_ctrl_40.npy
colo320dm_qpcr_jq1_24h_ctrl_41,COLO320DM,gt_image/colo320dm_qpcr_jq1_24h_ctrl_41.tif,gt_coords/colo320dm_qpcr_jq1_24h_ctrl_41.npy
colo320dm_qpcr_jq1_24h_ctrl_42,COLO320DM,gt_image/colo320dm_qpcr_jq1_24h_ctrl_42.tif,gt_coords/colo320dm_qpcr_jq1_24h_ctrl_42.npy
colo320dm_qpcr_jq1_24h_ctrl_43,COLO320DM,gt_image/colo320dm_qpcr_jq1_24h_ctrl_43.tif,gt_coords/colo320dm_qpcr_jq1_24h_ctrl_43.npy
colo320dm_qpcr_jq1_24h_ctrl_44,COLO320DM,gt_image/colo320dm_qpcr_jq1_24h_ctrl_44.tif,gt_coords/colo320dm_qpcr_jq1_24h_ctrl_44.npy
colo320dm_qpcr_jq1_24h_ctrl_45,COLO320DM,gt_image/colo320dm_qpcr_jq1_24h_ctrl_45.tif,gt_coords/colo320dm_qpcr_jq1_24h_ctrl_45.npy
colo320dm_qpcr_jq1_24h_ctrl_46,COLO320DM,gt_image/colo320dm_qpcr_jq1_24h_ctrl_46.tif,gt_coords/colo320dm_qpcr_jq1_24h_ctrl_46.npy
colo320dm_qpcr_jq1_24h_ctrl_47,COLO320DM,gt_image/colo320dm_qpcr_jq1_24h_ctrl_47.tif,gt_coords/colo320dm_qpcr_jq1_24h_ctrl_47.npy
colo320dm_qpcr_jq1_24h_ctrl_48,COLO320DM,gt_image/colo320dm_qpcr_jq1_24h_ctrl_48.tif,gt_coords/colo320dm_qpcr_jq1_24h_ctrl_48.npy
colo320dm_qpcr_jq1_24h_ctrl_49,COLO320DM,gt_image/colo320dm_qpcr_jq1_24h_ctrl_49.tif,gt_coords/colo320dm_qpcr_jq1_24h_ctrl_49.npy
colo320dm_qpcr_jq1_24h_ctrl_5,COLO320DM,gt_image/colo320dm_qpcr_jq1_24h_ctrl_5.tif,gt_coords/colo320dm_qpcr_jq1_24h_ctrl_5.npy
colo320dm_qpcr_jq1_24h_ctrl_50,COLO320DM,gt_image/colo320dm_qpcr_jq1_24h_ctrl_50.tif,gt_coords/colo320dm_qpcr_jq1_24h_ctrl_50.npy
colo320dm_qpcr_jq1_24h_ctrl_51,COLO320DM,gt_image/colo320dm_qpcr_jq1_24h_ctrl_51.tif,gt_coords/colo320dm_qpcr_jq1_24h_ctrl_51.npy
colo320dm_qpcr_jq1_24h_ctrl_52,COLO320DM,gt_image/colo320dm_qpcr_jq1_24h_ctrl_52.tif,gt_coords/colo320dm_qpcr_jq1_24h_ctrl_52.npy
colo320dm_qpcr_jq1_24h_ctrl_53_a,COLO320DM,gt_image/colo320dm_qpcr_jq1_24h_ctrl_53_a.tif,gt_coords/colo320dm_qpcr_jq1_24h_ctrl_53_a.npy
colo320dm_qpcr_jq1_24h_ctrl_53_b,COLO320DM,gt_image/colo320dm_qpcr_jq1_24h_ctrl_53_b.tif,gt_coords/colo320dm_qpcr_jq1_24h_ctrl_53_b.npy
colo320dm_qpcr_jq1_24h_ctrl_54_a,COLO320DM,gt_image/colo320dm_qpcr_jq1_24h_ctrl_54_a.tif,gt_coords/colo320dm_qpcr_jq1_24h_ctrl_54_a.npy
colo320dm_qpcr_jq1_24h_ctrl_54_b,COLO320DM,gt_image/colo320dm_qpcr_jq1_24h_ctrl_54_b.tif,gt_coords/colo320dm_qpcr_jq1_24h_ctrl_54_b.npy
colo320dm_qpcr_jq1_24h_ctrl_55,COLO320DM,gt_image/colo320dm_qpcr_jq1_24h_ctrl_55.tif,gt_coords/colo320dm_qpcr_jq1_24h_ctrl_55.npy
colo320dm_qpcr_jq1_24h_ctrl_56,COLO320DM,gt_image/colo320dm_qpcr_jq1_24h_ctrl_56.tif,gt_coords/colo320dm_qpcr_jq1_24h_ctrl_56.npy
colo320dm_qpcr_jq1_24h_ctrl_57_a,COLO320DM,gt_image/colo320dm_qpcr_jq1_24h_ctrl_57_a.tif,gt_coords/colo320dm_qpcr_jq1_24h_ctrl_57_a.npy
colo320dm_qpcr_jq1_24h_ctrl_57_b,COLO320DM,gt_image/colo320dm_qpcr_jq1_24h_ctrl_57_b.tif,gt_coords/colo320dm_qpcr_jq1_24h_ctrl_57_b.npy
colo320dm_qpcr_jq1_24h_ctrl_58,COLO320DM,gt_image/colo320dm_qpcr_jq1_24h_ctrl_58.tif,gt_coords/colo320dm_qpcr_jq1_24h_ctrl_58.npy
colo320dm_qpcr_jq1_24h_ctrl_59,COLO320DM,gt_image/colo320dm_qpcr_jq1_24h_ctrl_59.tif,gt_coords/colo320dm_qpcr_jq1_24h_ctrl_59.npy
colo320dm_qpcr_jq1_24h_ctrl_6,COLO320DM,gt_image/colo320dm_qpcr_jq1_24h_ctrl_6.tif,gt_coords/colo320dm_qpcr_jq1_24h_ctrl_6.npy
colo320dm_qpcr_jq1_24h_ctrl_60,COLO320DM,gt_image/colo320dm_qpcr_jq1_24h_ctrl_60.tif,gt_coords/colo320dm_qpcr_jq1_24h_ctrl_60.npy
colo320dm_qpcr_jq1_24h_ctrl_62,COLO320DM,gt_image/colo320dm_qpcr_jq1_24h_ctrl_62.tif,gt_coords/colo320dm_qpcr_jq1_24h_ctrl_62.npy
colo320dm_qpcr_jq1_24h_ctrl_63,COLO320DM,gt_image/colo320dm_qpcr_jq1_24h_ctrl_63.tif,gt_coords/colo320dm_qpcr_jq1_24h_ctrl_63.npy
colo320dm_qpcr_jq1_24h_ctrl_64,COLO320DM,gt_image/colo320dm_qpcr_jq1_24h_ctrl_64.tif,gt_coords/colo320dm_qpcr_jq1_24h_ctrl_64.npy
colo320dm_qpcr_jq1_24h_ctrl_65,COLO320DM,gt_image/colo320dm_qpcr_jq1_24h_ctrl_65.tif,gt_coords/colo320dm_qpcr_jq1_24h_ctrl_65.npy
colo320dm_qpcr_jq1_24h_ctrl_66_a,COLO320DM,gt_image/colo320dm_qpcr_jq1_24h_ctrl_66_a.tif,gt_coords/colo320dm_qpcr_jq1_24h_ctrl_66_a.npy
colo320dm_qpcr_jq1_24h_ctrl_66_b,COLO320DM,gt_image/colo320dm_qpcr_jq1_24h_ctrl_66_b.tif,gt_coords/colo320dm_qpcr_jq1_24h_ctrl_66_b.npy
colo320dm_qpcr_jq1_24h_ctrl_67,COLO320DM,gt_image/colo320dm_qpcr_jq1_24h_ctrl_67.tif,gt_coords/colo320dm_qpcr_jq1_24h_ctrl_67.npy
colo320dm_qpcr_jq1_24h_ctrl_68,COLO320DM,gt_image/colo320dm_qpcr_jq1_24h_ctrl_68.tif,gt_coords/colo320dm_qpcr_jq1_24h_ctrl_68.npy
colo320dm_qpcr_jq1_24h_ctrl_69,COLO320DM,gt_image/colo320dm_qpcr_jq1_24h_ctrl_69.tif,gt_coords/colo320dm_qpcr_jq1_24h_ctrl_69.npy
colo320dm_qpcr_jq1_24h_ctrl_7,COLO320DM,gt_image/colo320dm_qpcr_jq1_24h_ctrl_7.tif,gt_coords/colo320dm_qpcr_jq1_24h_ctrl_7.npy
colo320dm_qpcr_jq1_24h_ctrl_70,COLO320DM,gt_image/colo320dm_qpcr_jq1_24h_ctrl_70.tif,gt_coords/colo320dm_qpcr_jq1_24h_ctrl_70.npy
colo320dm_qpcr_jq1_24h_ctrl_71,COLO320DM,gt_image/colo320dm_qpcr_jq1_24h_ctrl_71.tif,gt_coords/colo320dm_qpcr_jq1_24h_ctrl_71.npy
colo320dm_qpcr_jq1_24h_ctrl_72,COLO320DM,gt_image/colo320dm_qpcr_jq1_24h_ctrl_72.tif,gt_coords/colo320dm_qpcr_jq1_24h_ctrl_72.npy
colo320dm_qpcr_jq1_24h_ctrl_73,COLO320DM,gt_image/colo320dm_qpcr_jq1_24h_ctrl_73.tif,gt_coords/colo320dm_qpcr_jq1_24h_ctrl_73.npy
colo320dm_qpcr_jq1_24h_ctrl_74,COLO320DM,gt_image/colo320dm_qpcr_jq1_24h_ctrl_74.tif,gt_coords/colo320dm_qpcr_jq1_24h_ctrl_74.npy
colo320dm_qpcr_jq1_24h_ctrl_75,COLO320DM,gt_image/colo320dm_qpcr_jq1_24h_ctrl_75.tif,gt_coords/colo320dm_qpcr_jq1_24h_ctrl_75.npy
colo320dm_qpcr_jq1_24h_ctrl_76,COLO320DM,gt_image/colo320dm_qpcr_jq1_24h_ctrl_76.tif,gt_coords/colo320dm_qpcr_jq1_24h_ctrl_76.npy
colo320dm_qpcr_jq1_24h_ctrl_77,COLO320DM,gt_image/colo320dm_qpcr_jq1_24h_ctrl_77.tif,gt_coords/colo320dm_qpcr_jq1_24h_ctrl_77.npy
colo320dm_qpcr_jq1_24h_ctrl_78_a,COLO320DM,gt_image/colo320dm_qpcr_jq1_24h_ctrl_78_a.tif,gt_coords/colo320dm_qpcr_jq1_24h_ctrl_78_a.npy
colo320dm_qpcr_jq1_24h_ctrl_78_b,COLO320DM,gt_image/colo320dm_qpcr_jq1_24h_ctrl_78_b.tif,gt_coords/colo320dm_qpcr_jq1_24h_ctrl_78_b.npy
colo320dm_qpcr_jq1_24h_ctrl_79,COLO320DM,gt_image/colo320dm_qpcr_jq1_24h_ctrl_79.tif,gt_coords/colo320dm_qpcr_jq1_24h_ctrl_79.npy
colo320dm_qpcr_jq1_24h_ctrl_8,COLO320DM,gt_image/colo320dm_qpcr_jq1_24h_ctrl_8.tif,gt_coords/colo320dm_qpcr_jq1_24h_ctrl_8.npy
colo320dm_qpcr_jq1_24h_ctrl_80,COLO320DM,gt_image/colo320dm_qpcr_jq1_24h_ctrl_80.tif,gt_coords/colo320dm_qpcr_jq1_24h_ctrl_80.npy
colo320dm_qpcr_jq1_24h_ctrl_81,COLO320DM,gt_image/colo320dm_qpcr_jq1_24h_ctrl_81.tif,gt_coords/colo320dm_qpcr_jq1_24h_ctrl_81.npy
colo320dm_qpcr_jq1_24h_ctrl_82,COLO320DM,gt_image/colo320dm_qpcr_jq1_24h_ctrl_82.tif,gt_coords/colo320dm_qpcr_jq1_24h_ctrl_82.npy
colo320dm_qpcr_jq1_24h_ctrl_83,COLO320DM,gt_image/colo320dm_qpcr_jq1_24h_ctrl_83.tif,gt_coords/colo320dm_qpcr_jq1_24h_ctrl_83.npy
colo320dm_qpcr_jq1_24h_ctrl_84,COLO320DM,gt_image/colo320dm_qpcr_jq1_24h_ctrl_84.tif,gt_coords/colo320dm_qpcr_jq1_24h_ctrl_84.npy
colo320dm_qpcr_jq1_24h_ctrl_85,COLO320DM,gt_image/colo320dm_qpcr_jq1_24h_ctrl_85.tif,gt_coords/colo320dm_qpcr_jq1_24h_ctrl_85.npy
colo320dm_qpcr_jq1_24h_ctrl_86,COLO320DM,gt_image/colo320dm_qpcr_jq1_24h_ctrl_86.tif,gt_coords/colo320dm_qpcr_jq1_24h_ctrl_86.npy
colo320dm_qpcr_jq1_24h_ctrl_87_a,COLO320DM,gt_image/colo320dm_qpcr_jq1_24h_ctrl_87_a.tif,gt_coords/colo320dm_qpcr_jq1_24h_ctrl_87_a.npy
colo320dm_qpcr_jq1_24h_ctrl_87_b,COLO320DM,gt_image/colo320dm_qpcr_jq1_24h_ctrl_87_b.tif,gt_coords/colo320dm_qpcr_jq1_24h_ctrl_87_b.npy
colo320dm_qpcr_jq1_24h_ctrl_88,COLO320DM,gt_image/colo320dm_qpcr_jq1_24h_ctrl_88.tif,gt_coords/colo320dm_qpcr_jq1_24h_ctrl_88.npy
colo320dm_qpcr_jq1_24h_ctrl_89,COLO320DM,gt_image/colo320dm_qpcr_jq1_24h_ctrl_89.tif,gt_coords/colo320dm_qpcr_jq1_24h_ctrl_89.npy
colo320dm_qpcr_jq1_24h_ctrl_9,COLO320DM,gt_image/colo320dm_qpcr_jq1_24h_ctrl_9.tif,gt_coords/colo320dm_qpcr_jq1_24h_ctrl_9.npy
colo320dm_qpcr_jq1_24h_ctrl_90,COLO320DM,gt_image/colo320dm_qpcr_jq1_24h_ctrl_90.tif,gt_coords/colo320dm_qpcr_jq1_24h_ctrl_90.npy
colo320dm_qpcr_jq1_24h_ctrl_91,COLO320DM,gt_image/colo320dm_qpcr_jq1_24h_ctrl_91.tif,gt_coords/colo320dm_qpcr_jq1_24h_ctrl_91.npy
colo320dm_qpcr_jq1_24h_ctrl_92,COLO320DM,gt_image/colo320dm_qpcr_jq1_24h_ctrl_92.tif,gt_coords/colo320dm_qpcr_jq1_24h_ctrl_92.npy
colo320dm_qpcr_jq1_24h_ctrl_93,COLO320DM,gt_image/colo320dm_qpcr_jq1_24h_ctrl_93.tif,gt_coords/colo320dm_qpcr_jq1_24h_ctrl_93.npy
colo320dm_qpcr_jq1_24h_ctrl_94_a,COLO320DM,gt_image/colo320dm_qpcr_jq1_24h_ctrl_94_a.tif,gt_coords/colo320dm_qpcr_jq1_24h_ctrl_94_a.npy
colo320dm_qpcr_jq1_24h_ctrl_94_b,COLO320DM,gt_image/colo320dm_qpcr_jq1_24h_ctrl_94_b.tif,gt_coords/colo320dm_qpcr_jq1_24h_ctrl_94_b.npy
colo320dm_qpcr_jq1_24h_ctrl_95,COLO320DM,gt_image/colo320dm_qpcr_jq1_24h_ctrl_95.tif,gt_coords/colo320dm_qpcr_jq1_24h_ctrl_95.npy
colo320dm_qpcr_jq1_24h_ctrl_96,COLO320DM,gt_image/colo320dm_qpcr_jq1_24h_ctrl_96.tif,gt_coords/colo320dm_qpcr_jq1_24h_ctrl_96.npy
colo320dm_qpcr_jq1_24h_ctrl_97,COLO320DM,gt_image/colo320dm_qpcr_jq1_24h_ctrl_97.tif,gt_coords/colo320dm_qpcr_jq1_24h_ctrl_97.npy
colo320dm_qpcr_jq1_24h_ctrl_98,COLO320DM,gt_image/colo320dm_qpcr_jq1_24h_ctrl_98.tif,gt_coords/colo320dm_qpcr_jq1_24h_ctrl_98.npy
colo320dm_qpcr_jq1_24h_ctrl_99,COLO320DM,gt_image/colo320dm_qpcr_jq1_24h_ctrl_99.tif,gt_coords/colo320dm_qpcr_jq1_24h_ctrl_99.npy
colo320dm_qpcr_jq1_24h_dmso_1,COLO320DM,gt_image/colo320dm_qpcr_jq1_24h_dmso_1.tif,gt_coords/colo320dm_qpcr_jq1_24h_dmso_1.npy
colo320dm_qpcr_jq1_24h_dmso_10,COLO320DM,gt_image/colo320dm_qpcr_jq1_24h_dmso_10.tif,gt_coords/colo320dm_qpcr_jq1_24h_dmso_10.npy
colo320dm_qpcr_jq1_24h_dmso_101_a,COLO320DM,gt_image/colo320dm_qpcr_jq1_24h_dmso_101_a.tif,gt_coords/colo320dm_qpcr_jq1_24h_dmso_101_a.npy
colo320dm_qpcr_jq1_24h_dmso_101_b,COLO320DM,gt_image/colo320dm_qpcr_jq1_24h_dmso_101_b.tif,gt_coords/colo320dm_qpcr_jq1_24h_dmso_101_b.npy
colo320dm_qpcr_jq1_24h_dmso_102,COLO320DM,gt_image/colo320dm_qpcr_jq1_24h_dmso_102.tif,gt_coords/colo320dm_qpcr_jq1_24h_dmso_102.npy
colo320dm_qpcr_jq1_24h_dmso_103,COLO320DM,gt_image/colo320dm_qpcr_jq1_24h_dmso_103.tif,gt_coords/colo320dm_qpcr_jq1_24h_dmso_103.npy
colo320dm_qpcr_jq1_24h_dmso_104,COLO320DM,gt_image/colo320dm_qpcr_jq1_24h_dmso_104.tif,gt_coords/colo320dm_qpcr_jq1_24h_dmso_104.npy
colo320dm_qpcr_jq1_24h_dmso_105,COLO320DM,gt_image/colo320dm_qpcr_jq1_24h_dmso_105.tif,gt_coords/colo320dm_qpcr_jq1_24h_dmso_105.npy
colo320dm_qpcr_jq1_24h_dmso_106,COLO320DM,gt_image/colo320dm_qpcr_jq1_24h_dmso_106.tif,gt_coords/colo320dm_qpcr_jq1_24h_dmso_106.npy
colo320dm_qpcr_jq1_24h_dmso_107,COLO320DM,gt_image/colo320dm_qpcr_jq1_24h_dmso_107.tif,gt_coords/colo320dm_qpcr_jq1_24h_dmso_107.npy
colo320dm_qpcr_jq1_24h_dmso_108,COLO320DM,gt_image/colo320dm_qpcr_jq1_24h_dmso_108.tif,gt_coords/colo320dm_qpcr_jq1_24h_dmso_108.npy
colo320dm_qpcr_jq1_24h_dmso_109,COLO320DM,gt_image/colo320dm_qpcr_jq1_24h_dmso_109.tif,gt_coords/colo320dm_qpcr_jq1_24h_dmso_109.npy
colo320dm_qpcr_jq1_24h_dmso_11,COLO320DM,gt_image/colo320dm_qpcr_jq1_24h_dmso_11.tif,gt_coords/colo320dm_qpcr_jq1_24h_dmso_11.npy
colo320dm_qpcr_jq1_24h_dmso_110_a,COLO320DM,gt_image/colo320dm_qpcr_jq1_24h_dmso_110_a.tif,gt_coords/colo320dm_qpcr_jq1_24h_dmso_110_a.npy
colo320dm_qpcr_jq1_24h_dmso_110_b,COLO320DM,gt_image/colo320dm_qpcr_jq1_24h_dmso_110_b.tif,gt_coords/colo320dm_qpcr_jq1_24h_dmso_110_b.npy
colo320dm_qpcr_jq1_24h_dmso_111,COLO320DM,gt_image/colo320dm_qpcr_jq1_24h_dmso_111.tif,gt_coords/colo320dm_qpcr_jq1_24h_dmso_111.npy
colo320dm_qpcr_jq1_24h_dmso_112,COLO320DM,gt_image/colo320dm_qpcr_jq1_24h_dmso_112.tif,gt_coords/colo320dm_qpcr_jq1_24h_dmso_112.npy
colo320dm_qpcr_jq1_24h_dmso_113,COLO320DM,gt_image/colo320dm_qpcr_jq1_24h_dmso_113.tif,gt_coords/colo320dm_qpcr_jq1_24h_dmso_113.npy
colo320dm_qpcr_jq1_24h_dmso_114,COLO320DM,gt_image/colo320dm_qpcr_jq1_24h_dmso_114.tif,gt_coords/colo320dm_qpcr_jq1_24h_dmso_114.npy
colo320dm_qpcr_jq1_24h_dmso_115,COLO320DM,gt_image/colo320dm_qpcr_jq1_24h_dmso_115.tif,gt_coords/colo320dm_qpcr_jq1_24h_dmso_115.npy
colo320dm_qpcr_jq1_24h_dmso_13,COLO320DM,gt_image/colo320dm_qpcr_jq1_24h_dmso_13.tif,gt_coords/colo320dm_qpcr_jq1_24h_dmso_13.npy
colo320dm_qpcr_jq1_24h_dmso_15,COLO320DM,gt_image/colo320dm_qpcr_jq1_24h_dmso_15.tif,gt_coords/colo320dm_qpcr_jq1_24h_dmso_15.npy
colo320dm_qpcr_jq1_24h_dmso_16,COLO320DM,gt_image/colo320dm_qpcr_jq1_24h_dmso_16.tif,gt_coords/colo320dm_qpcr_jq1_24h_dmso_16.npy
colo320dm_qpcr_jq1_24h_dmso_17,COLO320DM,gt_image/colo320dm_qpcr_jq1_24h_dmso_17.tif,gt_coords/colo320dm_qpcr_jq1_24h_dmso_17.npy
colo320dm_qpcr_jq1_24h_dmso_18,COLO320DM,gt_image/colo320dm_qpcr_jq1_24h_dmso_18.tif,gt_coords/colo320dm_qpcr_jq1_24h_dmso_18.npy
colo320dm_qpcr_jq1_24h_dmso_19,COLO320DM,gt_image/colo320dm_qpcr_jq1_24h_dmso_19.tif,gt_coords/colo320dm_qpcr_jq1_24h_dmso_19.npy
colo320dm_qpcr_jq1_24h_dmso_20,COLO320DM,gt_image/colo320dm_qpcr_jq1_24h_dmso_20.tif,gt_coords/colo320dm_qpcr_jq1_24h_dmso_20.npy
colo320dm_qpcr_jq1_24h_dmso_21,COLO320DM,gt_image/colo320dm_qpcr_jq1_24h_dmso_21.tif,gt_coords/colo320dm_qpcr_jq1_24h_dmso_21.npy
colo320dm_qpcr_jq1_24h_dmso_22,COLO320DM,gt_image/colo320dm_qpcr_jq1_24h_dmso_22.tif,gt_coords/colo320dm_qpcr_jq1_24h_dmso_22.npy
colo320dm_qpcr_jq1_24h_dmso_23,COLO320DM,gt_image/colo320dm_qpcr_jq1_24h_dmso_23.tif,gt_coords/colo320dm_qpcr_jq1_24h_dmso_23.npy
colo320dm_qpcr_jq1_24h_dmso_24,COLO320DM,gt_image/colo320dm_qpcr_jq1_24h_dmso_24.tif,gt_coords/colo320dm_qpcr_jq1_24h_dmso_24.npy
colo320dm_qpcr_jq1_24h_dmso_25,COLO320DM,gt_image/colo320dm_qpcr_jq1_24h_dmso_25.tif,gt_coords/colo320dm_qpcr_jq1_24h_dmso_25.npy
colo320dm_qpcr_jq1_24h_dmso_27,COLO320DM,gt_image/colo320dm_qpcr_jq1_24h_dmso_27.tif,gt_coords/colo320dm_qpcr_jq1_24h_dmso_27.npy
colo320dm_qpcr_jq1_24h_dmso_28,COLO320DM,gt_image/colo320dm_qpcr_jq1_24h_dmso_28.tif,gt_coords/colo320dm_qpcr_jq1_24h_dmso_28.npy
colo320dm_qpcr_jq1_24h_dmso_29,COLO320DM,gt_image/colo320dm_qpcr_jq1_24h_dmso_29.tif,gt_coords/colo320dm_qpcr_jq1_24h_dmso_29.npy
colo320dm_qpcr_jq1_24h_dmso_3,COLO320DM,gt_image/colo320dm_qpcr_jq1_24h_dmso_3.tif,gt_coords/colo320dm_qpcr_jq1_24h_dmso_3.npy
colo320dm_qpcr_jq1_24h_dmso_30,COLO320DM,gt_image/colo320dm_qpcr_jq1_24h_dmso_30.tif,gt_coords/colo320dm_qpcr_jq1_24h_dmso_30.npy
colo320dm_qpcr_jq1_24h_dmso_31,COLO320DM,gt_image/colo320dm_qpcr_jq1_24h_dmso_31.tif,gt_coords/colo320dm_qpcr_jq1_24h_dmso_31.npy
colo320dm_qpcr_jq1_24h_dmso_32_a,COLO320DM,gt_image/colo320dm_qpcr_jq1_24h_dmso_32_a.tif,gt_coords/colo320dm_qpcr_jq1_24h_dmso_32_a.npy
colo320dm_qpcr_jq1_24h_dmso_33,COLO320DM,gt_image/colo320dm_qpcr_jq1_24h_dmso_33.tif,gt_coords/colo320dm_qpcr_jq1_24h_dmso_33.npy
colo320dm_qpcr_jq1_24h_dmso_34,COLO320DM,gt_image/colo320dm_qpcr_jq1_24h_dmso_34.tif,gt_coords/colo320dm_qpcr_jq1_24h_dmso_34.npy
colo320dm_qpcr_jq1_24h_dmso_35,COLO320DM,gt_image/colo320dm_qpcr_jq1_24h_dmso_35.tif,gt_coords/colo320dm_qpcr_jq1_24h_dmso_35.npy
colo320dm_qpcr_jq1_24h_dmso_36,COLO320DM,gt_image/colo320dm_qpcr_jq1_24h_dmso_36.tif,gt_coords/colo320dm_qpcr_jq1_24h_dmso_36.npy
colo320dm_qpcr_jq1_24h_dmso_37,COLO320DM,gt_image/colo320dm_qpcr_jq1_24h_dmso_37.tif,gt_coords/colo320dm_qpcr_jq1_24h_dmso_37.npy
colo320dm_qpcr_jq1_24h_dmso_38_a,COLO320DM,gt_image/colo320dm_qpcr_jq1_24h_dmso_38_a.tif,gt_coords/colo320dm_qpcr_jq1_24h_dmso_38_a.npy
colo320dm_qpcr_jq1_24h_dmso_38_ab,COLO320DM,gt_image/colo320dm_qpcr_jq1_24h_dmso_38_ab.tif,gt_coords/colo320dm_qpcr_jq1_24h_dmso_38_ab.npy
colo320dm_qpcr_jq1_24h_dmso_4,COLO320DM,gt_image/colo320dm_qpcr_jq1_24h_dmso_4.tif,gt_coords/colo320dm_qpcr_jq1_24h_dmso_4.npy
colo320dm_qpcr_jq1_24h_dmso_40,COLO320DM,gt_image/colo320dm_qpcr_jq1_24h_dmso_40.tif,gt_coords/colo320dm_qpcr_jq1_24h_dmso_40.npy
colo320dm_qpcr_jq1_24h_dmso_41,COLO320DM,gt_image/colo320dm_qpcr_jq1_24h_dmso_41.tif,gt_coords/colo320dm_qpcr_jq1_24h_dmso_41.npy
colo320dm_qpcr_jq1_24h_dmso_42,COLO320DM,gt_image/colo320dm_qpcr_jq1_24h_dmso_42.tif,gt_coords/colo320dm_qpcr_jq1_24h_dmso_42.npy
colo320dm_qpcr_jq1_24h_dmso_43,COLO320DM,gt_image/colo320dm_qpcr_jq1_24h_dmso_43.tif,gt_coords/colo320dm_qpcr_jq1_24h_dmso_43.npy
colo320dm_qpcr_jq1_24h_dmso_44,COLO320DM,gt_image/colo320dm_qpcr_jq1_24h_dmso_44.tif,gt_coords/colo320dm_qpcr_jq1_24h_dmso_44.npy
colo320dm_qpcr_jq1_24h_dmso_45,COLO320DM,gt_image/colo320dm_qpcr_jq1_24h_dmso_45.tif,gt_coords/colo320dm_qpcr_jq1_24h_dmso_45.npy
colo320dm_qpcr_jq1_24h_dmso_46,COLO320DM,gt_image/colo320dm_qpcr_jq1_24h_dmso_46.tif,gt_coords/colo320dm_qpcr_jq1_24h_dmso_46.npy
colo320dm_qpcr_jq1_24h_dmso_48,COLO320DM,gt_image/colo320dm_qpcr_jq1_24h_dmso_48.tif,gt_coords/colo320dm_qpcr_jq1_24h_dmso_48.npy
colo320dm_qpcr_jq1_24h_dmso_49,COLO320DM,gt_image/colo320dm_qpcr_jq1_24h_dmso_49.tif,gt_coords/colo320dm_qpcr_jq1_24h_dmso_49.npy
colo320dm_qpcr_jq1_24h_dmso_5,COLO320DM,gt_image/colo320dm_qpcr_jq1_24h_dmso_5.tif,gt_coords/colo320dm_qpcr_jq1_24h_dmso_5.npy
colo320dm_qpcr_jq1_24h_dmso_51,COLO320DM,gt_image/colo320dm_qpcr_jq1_24h_dmso_51.tif,gt_coords/colo320dm_qpcr_jq1_24h_dmso_51.npy
colo320dm_qpcr_jq1_24h_dmso_52,COLO320DM,gt_image/colo320dm_qpcr_jq1_24h_dmso_52.tif,gt_coords/colo320dm_qpcr_jq1_24h_dmso_52.npy
colo320dm_qpcr_jq1_24h_dmso_53,COLO320DM,gt_image/colo320dm_qpcr_jq1_24h_dmso_53.tif,gt_coords/colo320dm_qpcr_jq1_24h_dmso_53.npy
colo320dm_qpcr_jq1_24h_dmso_54,COLO320DM,gt_image/colo320dm_qpcr_jq1_24h_dmso_54.tif,gt_coords/colo320dm_qpcr_jq1_24h_dmso_54.npy
colo320dm_qpcr_jq1_24h_dmso_55,COLO320DM,gt_image/colo320dm_qpcr_jq1_24h_dmso_55.tif,gt_coords/colo320dm_qpcr_jq1_24h_dmso_55.npy
colo320dm_qpcr_jq1_24h_dmso_56,COLO320DM,gt_image/colo320dm_qpcr_jq1_24h_dmso_56.tif,gt_coords/colo320dm_qpcr_jq1_24h_dmso_56.npy
colo320dm_qpcr_jq1_24h_dmso_57,COLO320DM,gt_image/colo320dm_qpcr_jq1_24h_dmso_57.tif,gt_coords/colo320dm_qpcr_jq1_24h_dmso_57.npy
colo320dm_qpcr_jq1_24h_dmso_58,COLO320DM,gt_image/colo320dm_qpcr_jq1_24h_dmso_58.tif,gt_coords/colo320dm_qpcr_jq1_24h_dmso_58.npy
colo320dm_qpcr_jq1_24h_dmso_59,COLO320DM,gt_image/colo320dm_qpcr_jq1_24h_dmso_59.tif,gt_coords/colo320dm_qpcr_jq1_24h_dmso_59.npy
colo320dm_qpcr_jq1_24h_dmso_6,COLO320DM,gt_image/colo320dm_qpcr_jq1_24h_dmso_6.tif,gt_coords/colo320dm_qpcr_jq1_24h_dmso_6.npy
colo320dm_qpcr_jq1_24h_dmso_60,COLO320DM,gt_image/colo320dm_qpcr_jq1_24h_dmso_60.tif,gt_coords/colo320dm_qpcr_jq1_24h_dmso_60.npy
colo320dm_qpcr_jq1_24h_dmso_62,COLO320DM,gt_image/colo320dm_qpcr_jq1_24h_dmso_62.tif,gt_coords/colo320dm_qpcr_jq1_24h_dmso_62.npy
colo320dm_qpcr_jq1_24h_dmso_63,COLO320DM,gt_image/colo320dm_qpcr_jq1_24h_dmso_63.tif,gt_coords/colo320dm_qpcr_jq1_24h_dmso_63.npy
colo320dm_qpcr_jq1_24h_dmso_64,COLO320DM,gt_image/colo320dm_qpcr_jq1_24h_dmso_64.tif,gt_coords/colo320dm_qpcr_jq1_24h_dmso_64.npy
colo320dm_qpcr_jq1_24h_dmso_65,COLO320DM,gt_image/colo320dm_qpcr_jq1_24h_dmso_65.tif,gt_coords/colo320dm_qpcr_jq1_24h_dmso_65.npy
colo320dm_qpcr_jq1_24h_dmso_66,COLO320DM,gt_image/colo320dm_qpcr_jq1_24h_dmso_66.tif,gt_coords/colo320dm_qpcr_jq1_24h_dmso_66.npy
colo320dm_qpcr_jq1_24h_dmso_67,COLO320DM,gt_image/colo320dm_qpcr_jq1_24h_dmso_67.tif,gt_coords/colo320dm_qpcr_jq1_24h_dmso_67.npy
colo320dm_qpcr_jq1_24h_dmso_68,COLO320DM,gt_image/colo320dm_qpcr_jq1_24h_dmso_68.tif,gt_coords/colo320dm_qpcr_jq1_24h_dmso_68.npy
colo320dm_qpcr_jq1_24h_dmso_69,COLO320DM,gt_image/colo320dm_qpcr_jq1_24h_dmso_69.tif,gt_coords/colo320dm_qpcr_jq1_24h_dmso_69.npy
colo320dm_qpcr_jq1_24h_dmso_7,COLO320DM,gt_image/colo320dm_qpcr_jq1_24h_dmso_7.tif,gt_coords/colo320dm_qpcr_jq1_24h_dmso_7.npy
colo320dm_qpcr_jq1_24h_dmso_70,COLO320DM,gt_image/colo320dm_qpcr_jq1_24h_dmso_70.tif,gt_coords/colo320dm_qpcr_jq1_24h_dmso_70.npy
colo320dm_qpcr_jq1_24h_dmso_71,COLO320DM,gt_image/colo320dm_qpcr_jq1_24h_dmso_71.tif,gt_coords/colo320dm_qpcr_jq1_24h_dmso_71.npy
colo320dm_qpcr_jq1_24h_dmso_72,COLO320DM,gt_image/colo320dm_qpcr_jq1_24h_dmso_72.tif,gt_coords/colo320dm_qpcr_jq1_24h_dmso_72.npy
colo320dm_qpcr_jq1_24h_dmso_74,COLO320DM,gt_image/colo320dm_qpcr_jq1_24h_dmso_74.tif,gt_coords/colo320dm_qpcr_jq1_24h_dmso_74.npy
colo320dm_qpcr_jq1_24h_dmso_75,COLO320DM,gt_image/colo320dm_qpcr_jq1_24h_dmso_75.tif,gt_coords/colo320dm_qpcr_jq1_24h_dmso_75.npy
colo320dm_qpcr_jq1_24h_dmso_76,COLO320DM,gt_image/colo320dm_qpcr_jq1_24h_dmso_76.tif,gt_coords/colo320dm_qpcr_jq1_24h_dmso_76.npy
colo320dm_qpcr_jq1_24h_dmso_77,COLO320DM,gt_image/colo320dm_qpcr_jq1_24h_dmso_77.tif,gt_coords/colo320dm_qpcr_jq1_24h_dmso_77.npy
colo320dm_qpcr_jq1_24h_dmso_78,COLO320DM,gt_image/colo320dm_qpcr_jq1_24h_dmso_78.tif,gt_coords/colo320dm_qpcr_jq1_24h_dmso_78.npy
colo320dm_qpcr_jq1_24h_dmso_79,COLO320DM,gt_image/colo320dm_qpcr_jq1_24h_dmso_79.tif,gt_coords/colo320dm_qpcr_jq1_24h_dmso_79.npy
colo320dm_qpcr_jq1_24h_dmso_8,COLO320DM,gt_image/colo320dm_qpcr_jq1_24h_dmso_8.tif,gt_coords/colo320dm_qpcr_jq1_24h_dmso_8.npy
colo320dm_qpcr_jq1_24h_dmso_80,COLO320DM,gt_image/colo320dm_qpcr_jq1_24h_dmso_80.tif,gt_coords/colo320dm_qpcr_jq1_24h_dmso_80.npy
colo320dm_qpcr_jq1_24h_dmso_81_a,COLO320DM,gt_image/colo320dm_qpcr_jq1_24h_dmso_81_a.tif,gt_coords/colo320dm_qpcr_jq1_24h_dmso_81_a.npy
colo320dm_qpcr_jq1_24h_dmso_81_b,COLO320DM,gt_image/colo320dm_qpcr_jq1_24h_dmso_81_b.tif,gt_coords/colo320dm_qpcr_jq1_24h_dmso_81_b.npy
colo320dm_qpcr_jq1_24h_dmso_82,COLO320DM,gt_image/colo320dm_qpcr_jq1_24h_dmso_82.tif,gt_coords/colo320dm_qpcr_jq1_24h_dmso_82.npy
colo320dm_qpcr_jq1_24h_dmso_84,COLO320DM,gt_image/colo320dm_qpcr_jq1_24h_dmso_84.tif,gt_coords/colo320dm_qpcr_jq1_24h_dmso_84.npy
colo320dm_qpcr_jq1_24h_dmso_85,COLO320DM,gt_image/colo320dm_qpcr_jq1_24h_dmso_85.tif,gt_coords/colo320dm_qpcr_jq1_24h_dmso_85.npy
colo320dm_qpcr_jq1_24h_dmso_86,COLO320DM,gt_image/colo320dm_qpcr_jq1_24h_dmso_86.tif,gt_coords/colo320dm_qpcr_jq1_24h_dmso_86.npy
colo320dm_qpcr_jq1_24h_dmso_87,COLO320DM,gt_image/colo320dm_qpcr_jq1_24h_dmso_87.tif,gt_coords/colo320dm_qpcr_jq1_24h_dmso_87.npy
colo320dm_qpcr_jq1_24h_dmso_88,COLO320DM,gt_image/colo320dm_qpcr_jq1_24h_dmso_88.tif,gt_coords/colo320dm_qpcr_jq1_24h_dmso_88.npy
colo320dm_qpcr_jq1_24h_dmso_9,COLO320DM,gt_image/colo320dm_qpcr_jq1_24h_dmso_9.tif,gt_coords/colo320dm_qpcr_jq1_24h_dmso_9.npy
colo320dm_qpcr_jq1_24h_dmso_90,COLO320DM,gt_image/colo320dm_qpcr_jq1_24h_dmso_90.tif,gt_coords/colo320dm_qpcr_jq1_24h_dmso_90.npy
colo320dm_qpcr_jq1_24h_dmso_91,COLO320DM,gt_image/colo320dm_qpcr_jq1_24h_dmso_91.tif,gt_coords/colo320dm_qpcr_jq1_24h_dmso_91.npy
colo320dm_qpcr_jq1_24h_dmso_92,COLO320DM,gt_image/colo320dm_qpcr_jq1_24h_dmso_92.tif,gt_coords/colo320dm_qpcr_jq1_24h_dmso_92.npy
colo320dm_qpcr_jq1_24h_dmso_93,COLO320DM,gt_image/colo320dm_qpcr_jq1_24h_dmso_93.tif,gt_coords/colo320dm_qpcr_jq1_24h_dmso_93.npy
colo320dm_qpcr_jq1_24h_dmso_94,COLO320DM,gt_image/colo320dm_qpcr_jq1_24h_dmso_94.tif,gt_coords/colo320dm_qpcr_jq1_24h_dmso_94.npy
colo320dm_qpcr_jq1_24h_dmso_95,COLO320DM,gt_image/colo320dm_qpcr_jq1_24h_dmso_95.tif,gt_coords/colo320dm_qpcr_jq1_24h_dmso_95.npy
colo320dm_qpcr_jq1_24h_dmso_97,COLO320DM,gt_image/colo320dm_qpcr_jq1_24h_dmso_97.tif,gt_coords/colo320dm_qpcr_jq1_24h_dmso_97.npy
colo320dm_qpcr_jq1_24h_dmso_98,COLO320DM,gt_image/colo320dm_qpcr_jq1_24h_dmso_98.tif,gt_coords/colo320dm_qpcr_jq1_24h_dmso_98.npy
ncih2170_antibiotics_blank_ctrl_1,NCI-H2170,gt_image/ncih2170_antibiotics_blank_ctrl_1.tif,gt_coords/ncih2170_antibiotics_blank_ctrl_1.npy
ncih2170_antibiotics_blank_ctrl_100,NCI-H2170,gt_image/ncih2170_antibiotics_blank_ctrl_100.tif,gt_coords/ncih2170_antibiotics_blank_ctrl_100.npy
ncih2170_antibiotics_blank_ctrl_101,NCI-H2170,gt_image/ncih2170_antibiotics_blank_ctrl_101.tif,gt_coords/ncih2170_antibiotics_blank_ctrl_101.npy
ncih2170_antibiotics_blank_ctrl_102,NCI-H2170,gt_image/ncih2170_antibiotics_blank_ctrl_102.tif,gt_coords/ncih2170_antibiotics_blank_ctrl_102.npy
ncih2170_antibiotics_blank_ctrl_103,NCI-H2170,gt_image/ncih2170_antibiotics_blank_ctrl_103.tif,gt_coords/ncih2170_antibiotics_blank_ctrl_103.npy
ncih2170_antibiotics_blank_ctrl_104,NCI-H2170,gt_image/ncih2170_antibiotics_blank_ctrl_104.tif,gt_coords/ncih2170_antibiotics_blank_ctrl_104.npy
ncih2170_antibiotics_blank_ctrl_105,NCI-H2170,gt_image/ncih2170_antibiotics_blank_ctrl_105.tif,gt_coords/ncih2170_antibiotics_blank_ctrl_105.npy
ncih2170_antibiotics_blank_ctrl_106,NCI-H2170,gt_image/ncih2170_antibiotics_blank_ctrl_106.tif,gt_coords/ncih2170_antibiotics_blank_ctrl_106.npy
ncih2170_antibiotics_blank_ctrl_107,NCI-H2170,gt_image/ncih2170_antibiotics_blank_ctrl_107.tif,gt_coords/ncih2170_antibiotics_blank_ctrl_107.npy
ncih2170_antibiotics_blank_ctrl_108,NCI-H2170,gt_image/ncih2170_antibiotics_blank_ctrl_108.tif,gt_coords/ncih2170_antibiotics_blank_ctrl_108.npy
ncih2170_antibiotics_blank_ctrl_109,NCI-H2170,gt_image/ncih2170_antibiotics_blank_ctrl_109.tif,gt_coords/ncih2170_antibiotics_blank_ctrl_109.npy
ncih2170_antibiotics_blank_ctrl_10_a,NCI-H2170,gt_image/ncih2170_antibiotics_blank_ctrl_10_a.tif,gt_coords/ncih2170_antibiotics_blank_ctrl_10_a.npy
ncih2170_antibiotics_blank_ctrl_10_b,NCI-H2170,gt_image/ncih2170_antibiotics_blank_ctrl_10_b.tif,gt_coords/ncih2170_antibiotics_blank_ctrl_10_b.npy
ncih2170_antibiotics_blank_ctrl_11,NCI-H2170,gt_image/ncih2170_antibiotics_blank_ctrl_11.tif,gt_coords/ncih2170_antibiotics_blank_ctrl_11.npy
ncih2170_antibiotics_blank_ctrl_110,NCI-H2170,gt_image/ncih2170_antibiotics_blank_ctrl_110.tif,gt_coords/ncih2170_antibiotics_blank_ctrl_110.npy
ncih2170_antibiotics_blank_ctrl_111,NCI-H2170,gt_image/ncih2170_antibiotics_blank_ctrl_111.tif,gt_coords/ncih2170_antibiotics_blank_ctrl_111.npy
ncih2170_antibiotics_blank_ctrl_112,NCI-H2170,gt_image/ncih2170_antibiotics_blank_ctrl_112.tif,gt_coords/ncih2170_antibiotics_blank_ctrl_112.npy
ncih2170_antibiotics_blank_ctrl_113,NCI-H2170,gt_image/ncih2170_antibiotics_blank_ctrl_113.tif,gt_coords/ncih2170_antibiotics_blank_ctrl_113.npy
ncih2170_antibiotics_blank_ctrl_114,NCI-H2170,gt_image/ncih2170_antibiotics_blank_ctrl_114.tif,gt_coords/ncih2170_antibiotics_blank_ctrl_114.npy
ncih2170_antibiotics_blank_ctrl_115,NCI-H2170,gt_image/ncih2170_antibiotics_blank_ctrl_115.tif,gt_coords/ncih2170_antibiotics_blank_ctrl_115.npy
ncih2170_antibiotics_blank_ctrl_116,NCI-H2170,gt_image/ncih2170_antibiotics_blank_ctrl_116.tif,gt_coords/ncih2170_antibiotics_blank_ctrl_116.npy
ncih2170_antibiotics_blank_ctrl_117,NCI-H2170,gt_image/ncih2170_antibiotics_blank_ctrl_117.tif,gt_coords/ncih2170_antibiotics_blank_ctrl_117.npy
ncih2170_antibiotics_blank_ctrl_118,NCI-H2170,gt_image/ncih2170_antibiotics_blank_ctrl_118.tif,gt_coords/ncih2170_antibiotics_blank_ctrl_118.npy
ncih2170_antibiotics_blank_ctrl_119,NCI-H2170,gt_image/ncih2170_antibiotics_blank_ctrl_119.tif,gt_coords/ncih2170_antibiotics_blank_ctrl_119.npy
ncih2170_antibiotics_blank_ctrl_12,NCI-H2170,gt_image/ncih2170_antibiotics_blank_ctrl_12.tif,gt_coords/ncih2170_antibiotics_blank_ctrl_12.npy
ncih2170_antibiotics_blank_ctrl_13,NCI-H2170,gt_image/ncih2170_antibiotics_blank_ctrl_13.tif,gt_coords/ncih2170_antibiotics_blank_ctrl_13.npy
ncih2170_antibiotics_blank_ctrl_14,NCI-H2170,gt_image/ncih2170_antibiotics_blank_ctrl_14.tif,gt_coords/ncih2170_antibiotics_blank_ctrl_14.npy
ncih2170_antibiotics_blank_ctrl_15,NCI-H2170,gt_image/ncih2170_antibiotics_blank_ctrl_15.tif,gt_coords/ncih2170_antibiotics_blank_ctrl_15.npy
ncih2170_antibiotics_blank_ctrl_16,NCI-H2170,gt_image/ncih2170_antibiotics_blank_ctrl_16.tif,gt_coords/ncih2170_antibiotics_blank_ctrl_16.npy
ncih2170_antibiotics_blank_ctrl_17,NCI-H2170,gt_image/ncih2170_antibiotics_blank_ctrl_17.tif,gt_coords/ncih2170_antibiotics_blank_ctrl_17.npy
ncih2170_antibiotics_blank_ctrl_18,NCI-H2170,gt_image/ncih2170_antibiotics_blank_ctrl_18.tif,gt_coords/ncih2170_antibiotics_blank_ctrl_18.npy
ncih2170_antibiotics_blank_ctrl_19,NCI-H2170,gt_image/ncih2170_antibiotics_blank_ctrl_19.tif,gt_coords/ncih2170_antibiotics_blank_ctrl_19.npy
ncih2170_antibiotics_blank_ctrl_2,NCI-H2170,gt_image/ncih2170_antibiotics_blank_ctrl_2.tif,gt_coords/ncih2170_antibiotics_blank_ctrl_2.npy
ncih2170_antibiotics_blank_ctrl_20,NCI-H2170,gt_image/ncih2170_antibiotics_blank_ctrl_20.tif,gt_coords/ncih2170_antibiotics_blank_ctrl_20.npy
ncih2170_antibiotics_blank_ctrl_21,NCI-H2170,gt_image/ncih2170_antibiotics_blank_ctrl_21.tif,gt_coords/ncih2170_antibiotics_blank_ctrl_21.npy
ncih2170_antibiotics_blank_ctrl_22,NCI-H2170,gt_image/ncih2170_antibiotics_blank_ctrl_22.tif,gt_coords/ncih2170_antibiotics_blank_ctrl_22.npy
ncih2170_antibiotics_blank_ctrl_23,NCI-H2170,gt_image/ncih2170_antibiotics_blank_ctrl_23.tif,gt_coords/ncih2170_antibiotics_blank_ctrl_23.npy
ncih2170_antibiotics_blank_ctrl_24,NCI-H2170,gt_image/ncih2170_antibiotics_blank_ctrl_24.tif,gt_coords/ncih2170_antibiotics_blank_ctrl_24.npy
ncih2170_antibiotics_blank_ctrl_25,NCI-H2170,gt_image/ncih2170_antibiotics_blank_ctrl_25.tif,gt_coords/ncih2170_antibiotics_blank_ctrl_25.npy
ncih2170_antibiotics_blank_ctrl_26,NCI-H2170,gt_image/ncih2170_antibiotics_blank_ctrl_26.tif,gt_coords/ncih2170_antibiotics_blank_ctrl_26.npy
ncih2170_antibiotics_blank_ctrl_27,NCI-H2170,gt_image/ncih2170_antibiotics_blank_ctrl_27.tif,gt_coords/ncih2170_antibiotics_blank_ctrl_27.npy
ncih2170_antibiotics_blank_ctrl_28,NCI-H2170,gt_image/ncih2170_antibiotics_blank_ctrl_28.tif,gt_coords/ncih2170_antibiotics_blank_ctrl_28.npy
ncih2170_antibiotics_blank_ctrl_29,NCI-H2170,gt_image/ncih2170_antibiotics_blank_ctrl_29.tif,gt_coords/ncih2170_antibiotics_blank_ctrl_29.npy
ncih2170_antibiotics_blank_ctrl_30,NCI-H2170,gt_image/ncih2170_antibiotics_blank_ctrl_30.tif,gt_coords/ncih2170_antibiotics_blank_ctrl_30.npy
ncih2170_antibiotics_blank_ctrl_31,NCI-H2170,gt_image/ncih2170_antibiotics_blank_ctrl_31.tif,gt_coords/ncih2170_antibiotics_blank_ctrl_31.npy
ncih2170_antibiotics_blank_ctrl_32,NCI-H2170,gt_image/ncih2170_antibiotics_blank_ctrl_32.tif,gt_coords/ncih2170_antibiotics_blank_ctrl_32.npy
ncih2170_antibiotics_blank_ctrl_33,NCI-H2170,gt_image/ncih2170_antibiotics_blank_ctrl_33.tif,gt_coords/ncih2170_antibiotics_blank_ctrl_33.npy
ncih2170_antibiotics_blank_ctrl_34,NCI-H2170,gt_image/ncih2170_antibiotics_blank_ctrl_34.tif,gt_coords/ncih2170_antibiotics_blank_ctrl_34.npy
ncih2170_antibiotics_blank_ctrl_35,NCI-H2170,gt_image/ncih2170_antibiotics_blank_ctrl_35.tif,gt_coords/ncih2170_antibiotics_blank_ctrl_35.npy
ncih2170_antibiotics_blank_ctrl_36,NCI-H2170,gt_image/ncih2170_antibiotics_blank_ctrl_36.tif,gt_coords/ncih2170_antibiotics_blank_ctrl_36.npy
ncih2170_antibiotics_blank_ctrl_37,NCI-H2170,gt_image/ncih2170_antibiotics_blank_ctrl_37.tif,gt_coords/ncih2170_antibiotics_blank_ctrl_37.npy
ncih2170_antibiotics_blank_ctrl_38,NCI-H2170,gt_image/ncih2170_antibiotics_blank_ctrl_38.tif,gt_coords/ncih2170_antibiotics_blank_ctrl_38.npy
ncih2170_antibiotics_blank_ctrl_39,NCI-H2170,gt_image/ncih2170_antibiotics_blank_ctrl_39.tif,gt_coords/ncih2170_antibiotics_blank_ctrl_39.npy
ncih2170_antibiotics_blank_ctrl_4,NCI-H2170,gt_image/ncih2170_antibiotics_blank_ctrl_4.tif,gt_coords/ncih2170_antibiotics_blank_ctrl_4.npy
ncih2170_antibiotics_blank_ctrl_40,NCI-H2170,gt_image/ncih2170_antibiotics_blank_ctrl_40.tif,gt_coords/ncih2170_antibiotics_blank_ctrl_40.npy
ncih2170_antibiotics_blank_ctrl_41,NCI-H2170,gt_image/ncih2170_antibiotics_blank_ctrl_41.tif,gt_coords/ncih2170_antibiotics_blank_ctrl_41.npy
ncih2170_antibiotics_blank_ctrl_42,NCI-H2170,gt_image/ncih2170_antibiotics_blank_ctrl_42.tif,gt_coords/ncih2170_antibiotics_blank_ctrl_42.npy
ncih2170_antibiotics_blank_ctrl_43,NCI-H2170,gt_image/ncih2170_antibiotics_blank_ctrl_43.tif,gt_coords/ncih2170_antibiotics_blank_ctrl_43.npy
ncih2170_antibiotics_blank_ctrl_44,NCI-H2170,gt_image/ncih2170_antibiotics_blank_ctrl_44.tif,gt_coords/ncih2170_antibiotics_blank_ctrl_44.npy
ncih2170_antibiotics_blank_ctrl_45,NCI-H2170,gt_image/ncih2170_antibiotics_blank_ctrl_45.tif,gt_coords/ncih2170_antibiotics_blank_ctrl_45.npy
ncih2170_antibiotics_blank_ctrl_46,NCI-H2170,gt_image/ncih2170_antibiotics_blank_ctrl_46.tif,gt_coords/ncih2170_antibiotics_blank_ctrl_46.npy
ncih2170_antibiotics_blank_ctrl_47,NCI-H2170,gt_image/ncih2170_antibiotics_blank_ctrl_47.tif,gt_coords/ncih2170_antibiotics_blank_ctrl_47.npy
ncih2170_antibiotics_blank_ctrl_48,NCI-H2170,gt_image/ncih2170_antibiotics_blank_ctrl_48.tif,gt_coords/ncih2170_antibiotics_blank_ctrl_48.npy
ncih2170_antibiotics_blank_ctrl_49,NCI-H2170,gt_image/ncih2170_antibiotics_blank_ctrl_49.tif,gt_coords/ncih2170_antibiotics_blank_ctrl_49.npy
ncih2170_antibiotics_blank_ctrl_5,NCI-H2170,gt_image/ncih2170_antibiotics_blank_ctrl_5.tif,gt_coords/ncih2170_antibiotics_blank_ctrl_5.npy
ncih2170_antibiotics_blank_ctrl_50,NCI-H2170,gt_image/ncih2170_antibiotics_blank_ctrl_50.tif,gt_coords/ncih2170_antibiotics_blank_ctrl_50.npy
ncih2170_antibiotics_blank_ctrl_51,NCI-H2170,gt_image/ncih2170_antibiotics_blank_ctrl_51.tif,gt_coords/ncih2170_antibiotics_blank_ctrl_51.npy
ncih2170_antibiotics_blank_ctrl_52,NCI-H2170,gt_image/ncih2170_antibiotics_blank_ctrl_52.tif,gt_coords/ncih2170_antibiotics_blank_ctrl_52.npy
ncih2170_antibiotics_blank_ctrl_53,NCI-H2170,gt_image/ncih2170_antibiotics_blank_ctrl_53.tif,gt_coords/ncih2170_antibiotics_blank_ctrl_53.npy
ncih2170_antibiotics_blank_ctrl_54,NCI-H2170,gt_image/ncih2170_antibiotics_blank_ctrl_54.tif,gt_coords/ncih2170_antibiotics_blank_ctrl_54.npy
ncih2170_antibiotics_blank_ctrl_55,NCI-H2170,gt_image/ncih2170_antibiotics_blank_ctrl_55.tif,gt_coords/ncih2170_antibiotics_blank_ctrl_55.npy
ncih2170_antibiotics_blank_ctrl_56,NCI-H2170,gt_image/ncih2170_antibiotics_blank_ctrl_56.tif,gt_coords/ncih2170_antibiotics_blank_ctrl_56.npy
ncih2170_antibiotics_blank_ctrl_57,NCI-H2170,gt_image/ncih2170_antibiotics_blank_ctrl_57.tif,gt_coords/ncih2170_antibiotics_blank_ctrl_57.npy
ncih2170_antibiotics_blank_ctrl_58,NCI-H2170,gt_image/ncih2170_antibiotics_blank_ctrl_58.tif,gt_coords/ncih2170_antibiotics_blank_ctrl_58.npy
ncih2170_antibiotics_blank_ctrl_59,NCI-H2170,gt_image/ncih2170_antibiotics_blank_ctrl_59.tif,gt_coords/ncih2170_antibiotics_blank_ctrl_59.npy
ncih2170_antibiotics_blank_ctrl_6,NCI-H2170,gt_image/ncih2170_antibiotics_blank_ctrl_6.tif,gt_coords/ncih2170_antibiotics_blank_ctrl_6.npy
ncih2170_antibiotics_blank_ctrl_60,NCI-H2170,gt_image/ncih2170_antibiotics_blank_ctrl_60.tif,gt_coords/ncih2170_antibiotics_blank_ctrl_60.npy
ncih2170_antibiotics_blank_ctrl_61,NCI-H2170,gt_image/ncih2170_antibiotics_blank_ctrl_61.tif,gt_coords/ncih2170_antibiotics_blank_ctrl_61.npy
ncih2170_antibiotics_blank_ctrl_62,NCI-H2170,gt_image/ncih2170_antibiotics_blank_ctrl_62.tif,gt_coords/ncih2170_antibiotics_blank_ctrl_62.npy
ncih2170_antibiotics_blank_ctrl_63,NCI-H2170,gt_image/ncih2170_antibiotics_blank_ctrl_63.tif,gt_coords/ncih2170_antibiotics_blank_ctrl_63.npy
ncih2170_antibiotics_blank_ctrl_64,NCI-H2170,gt_image/ncih2170_antibiotics_blank_ctrl_64.tif,gt_coords/ncih2170_antibiotics_blank_ctrl_64.npy
ncih2170_antibiotics_blank_ctrl_65,NCI-H2170,gt_image/ncih2170_antibiotics_blank_ctrl_65.tif,gt_coords/ncih2170_antibiotics_blank_ctrl_65.npy
ncih2170_antibiotics_blank_ctrl_66,NCI-H2170,gt_image/ncih2170_antibiotics_blank_ctrl_66.tif,gt_coords/ncih2170_antibiotics_blank_ctrl_66.npy
ncih2170_antibiotics_blank_ctrl_67,NCI-H2170,gt_image/ncih2170_antibiotics_blank_ctrl_67.tif,gt_coords/ncih2170_antibiotics_blank_ctrl_67.npy
ncih2170_antibiotics_blank_ctrl_68,NCI-H2170,gt_image/ncih2170_antibiotics_blank_ctrl_68.tif,gt_coords/ncih2170_antibiotics_blank_ctrl_68.npy
ncih2170_antibiotics_blank_ctrl_69,NCI-H2170,gt_image/ncih2170_antibiotics_blank_ctrl_69.tif,gt_coords/ncih2170_antibiotics_blank_ctrl_69.npy
ncih2170_antibiotics_blank_ctrl_7,NCI-H2170,gt_image/ncih2170_antibiotics_blank_ctrl_7.tif,gt_coords/ncih2170_antibiotics_blank_ctrl_7.npy
ncih2170_antibiotics_blank_ctrl_70,NCI-H2170,gt_image/ncih2170_antibiotics_blank_ctrl_70.tif,gt_coords/ncih2170_antibiotics_blank_ctrl_70.npy
ncih2170_antibiotics_blank_ctrl_71,NCI-H2170,gt_image/ncih2170_antibiotics_blank_ctrl_71.tif,gt_coords/ncih2170_antibiotics_blank_ctrl_71.npy
ncih2170_antibiotics_blank_ctrl_72,NCI-H2170,gt_image/ncih2170_antibiotics_blank_ctrl_72.tif,gt_coords/ncih2170_antibiotics_blank_ctrl_72.npy
ncih2170_antibiotics_blank_ctrl_73,NCI-H2170,gt_image/ncih2170_antibiotics_blank_ctrl_73.tif,gt_coords/ncih2170_antibiotics_blank_ctrl_73.npy
ncih2170_antibiotics_blank_ctrl_74,NCI-H2170,gt_image/ncih2170_antibiotics_blank_ctrl_74.tif,gt_coords/ncih2170_antibiotics_blank_ctrl_74.npy
ncih2170_antibiotics_blank_ctrl_75,NCI-H2170,gt_image/ncih2170_antibiotics_blank_ctrl_75.tif,gt_coords/ncih2170_antibiotics_blank_ctrl_75.npy
ncih2170_antibiotics_blank_ctrl_76,NCI-H2170,gt_image/ncih2170_antibiotics_blank_ctrl_76.tif,gt_coords/ncih2170_antibiotics_blank_ctrl_76.npy
ncih2170_antibiotics_blank_ctrl_77,NCI-H2170,gt_image/ncih2170_antibiotics_blank_ctrl_77.tif,gt_coords/ncih2170_antibiotics_blank_ctrl_77.npy
ncih2170_antibiotics_blank_ctrl_78,NCI-H2170,gt_image/ncih2170_antibiotics_blank_ctrl_78.tif,gt_coords/ncih2170_antibiotics_blank_ctrl_78.npy
ncih2170_antibiotics_blank_ctrl_79,NCI-H2170,gt_image/ncih2170_antibiotics_blank_ctrl_79.tif,gt_coords/ncih2170_antibiotics_blank_ctrl_79.npy
ncih2170_antibiotics_blank_ctrl_8,NCI-H2170,gt_image/ncih2170_antibiotics_blank_ctrl_8.tif,gt_coords/ncih2170_antibiotics_blank_ctrl_8.npy
ncih2170_antibiotics_blank_ctrl_80,NCI-H2170,gt_image/ncih2170_antibiotics_blank_ctrl_80.tif,gt_coords/ncih2170_antibiotics_blank_ctrl_80.npy
ncih2170_antibiotics_blank_ctrl_81,NCI-H2170,gt_image/ncih2170_antibiotics_blank_ctrl_81.tif,gt_coords/ncih2170_antibiotics_blank_ctrl_81.npy
ncih2170_antibiotics_blank_ctrl_82,NCI-H2170,gt_image/ncih2170_antibiotics_blank_ctrl_82.tif,gt_coords/ncih2170_antibiotics_blank_ctrl_82.npy
ncih2170_antibiotics_blank_ctrl_83,NCI-H2170,gt_image/ncih2170_antibiotics_blank_ctrl_83.tif,gt_coords/ncih2170_antibiotics_blank_ctrl_83.npy
ncih2170_antibiotics_blank_ctrl_84,NCI-H2170,gt_image/ncih2170_antibiotics_blank_ctrl_84.tif,gt_coords/ncih2170_antibiotics_blank_ctrl_84.npy
ncih2170_antibiotics_blank_ctrl_85,NCI-H2170,gt_image/ncih2170_antibiotics_blank_ctrl_85.tif,gt_coords/ncih2170_antibiotics_blank_ctrl_85.npy
ncih2170_antibiotics_blank_ctrl_86,NCI-H2170,gt_image/ncih2170_antibiotics_blank_ctrl_86.tif,gt_coords/ncih2170_antibiotics_blank_ctrl_86.npy
ncih2170_antibiotics_blank_ctrl_87,NCI-H2170,gt_image/ncih2170_antibiotics_blank_ctrl_87.tif,gt_coords/ncih2170_antibiotics_blank_ctrl_87.npy
ncih2170_antibiotics_blank_ctrl_88_a,NCI-H2170,gt_image/ncih2170_antibiotics_blank_ctrl_88_a.tif,gt_coords/ncih2170_antibiotics_blank_ctrl_88_a.npy
ncih2170_antibiotics_blank_ctrl_88_b,NCI-H2170,gt_image/ncih2170_antibiotics_blank_ctrl_88_b.tif,gt_coords/ncih2170_antibiotics_blank_ctrl_88_b.npy
ncih2170_antibiotics_blank_ctrl_89,NCI-H2170,gt_image/ncih2170_antibiotics_blank_ctrl_89.tif,gt_coords/ncih2170_antibiotics_blank_ctrl_89.npy
ncih2170_antibiotics_blank_ctrl_9,NCI-H2170,gt_image/ncih2170_antibiotics_blank_ctrl_9.tif,gt_coords/ncih2170_antibiotics_blank_ctrl_9.npy
ncih2170_antibiotics_blank_ctrl_90,NCI-H2170,gt_image/ncih2170_antibiotics_blank_ctrl_90.tif,gt_coords/ncih2170_antibiotics_blank_ctrl_90.npy
ncih2170_antibiotics_blank_ctrl_91,NCI-H2170,gt_image/ncih2170_antibiotics_blank_ctrl_91.tif,gt_coords/ncih2170_antibiotics_blank_ctrl_91.npy
ncih2170_antibiotics_blank_ctrl_92,NCI-H2170,gt_image/ncih2170_antibiotics_blank_ctrl_92.tif,gt_coords/ncih2170_antibiotics_blank_ctrl_92.npy
ncih2170_antibiotics_blank_ctrl_93,NCI-H2170,gt_image/ncih2170_antibiotics_blank_ctrl_93.tif,gt_coords/ncih2170_antibiotics_blank_ctrl_93.npy
ncih2170_antibiotics_blank_ctrl_94,NCI-H2170,gt_image/ncih2170_antibiotics_blank_ctrl_94.tif,gt_coords/ncih2170_antibiotics_blank_ctrl_94.npy
ncih2170_antibiotics_blank_ctrl_95,NCI-H2170,gt_image/ncih2170_antibiotics_blank_ctrl_95.tif,gt_coords/ncih2170_antibiotics_blank_ctrl_95.npy
ncih2170_antibiotics_blank_ctrl_96,NCI-H2170,gt_image/ncih2170_antibiotics_blank_ctrl_96.tif,gt_coords/ncih2170_antibiotics_blank_ctrl_96.npy
ncih2170_antibiotics_blank_ctrl_97,NCI-H2170,gt_image/ncih2170_antibiotics_blank_ctrl_97.tif,gt_coords/ncih2170_antibiotics_blank_ctrl_97.npy
ncih2170_antibiotics_blank_ctrl_98,NCI-H2170,gt_image/ncih2170_antibiotics_blank_ctrl_98.tif,gt_coords/ncih2170_antibiotics_blank_ctrl_98.npy
ncih2170_antibiotics_blank_ctrl_99,NCI-H2170,gt_image/ncih2170_antibiotics_blank_ctrl_99.tif,gt_coords/ncih2170_antibiotics_blank_ctrl_99.npy
ncih2170_antibiotics_ps_10,NCI-H2170,gt_image/ncih2170_antibiotics_ps_10.tif,gt_coords/ncih2170_antibiotics_ps_10.npy
ncih2170_antibiotics_ps_100,NCI-H2170,gt_image/ncih2170_antibiotics_ps_100.tif,gt_coords/ncih2170_antibiotics_ps_100.npy
ncih2170_antibiotics_ps_101,NCI-H2170,gt_image/ncih2170_antibiotics_ps_101.tif,gt_coords/ncih2170_antibiotics_ps_101.npy
ncih2170_antibiotics_ps_102_a,NCI-H2170,gt_image/ncih2170_antibiotics_ps_102_a.tif,gt_coords/ncih2170_antibiotics_ps_102_a.npy
ncih2170_antibiotics_ps_102_b,NCI-H2170,gt_image/ncih2170_antibiotics_ps_102_b.tif,gt_coords/ncih2170_antibiotics_ps_102_b.npy
ncih2170_antibiotics_ps_103,NCI-H2170,gt_image/ncih2170_antibiotics_ps_103.tif,gt_coords/ncih2170_antibiotics_ps_103.npy
ncih2170_antibiotics_ps_104,NCI-H2170,gt_image/ncih2170_antibiotics_ps_104.tif,gt_coords/ncih2170_antibiotics_ps_104.npy
ncih2170_antibiotics_ps_105,NCI-H2170,gt_image/ncih2170_antibiotics_ps_105.tif,gt_coords/ncih2170_antibiotics_ps_105.npy
ncih2170_antibiotics_ps_106,NCI-H2170,gt_image/ncih2170_antibiotics_ps_106.tif,gt_coords/ncih2170_antibiotics_ps_106.npy
ncih2170_antibiotics_ps_107_a,NCI-H2170,gt_image/ncih2170_antibiotics_ps_107_a.tif,gt_coords/ncih2170_antibiotics_ps_107_a.npy
ncih2170_antibiotics_ps_107_b,NCI-H2170,gt_image/ncih2170_antibiotics_ps_107_b.tif,gt_coords/ncih2170_antibiotics_ps_107_b.npy
ncih2170_antibiotics_ps_108_a,NCI-H2170,gt_image/ncih2170_antibiotics_ps_108_a.tif,gt_coords/ncih2170_antibiotics_ps_108_a.npy
ncih2170_antibiotics_ps_108_b,NCI-H2170,gt_image/ncih2170_antibiotics_ps_108_b.tif,gt_coords/ncih2170_antibiotics_ps_108_b.npy
ncih2170_antibiotics_ps_109,NCI-H2170,gt_image/ncih2170_antibiotics_ps_109.tif,gt_coords/ncih2170_antibiotics_ps_109.npy
ncih2170_antibiotics_ps_110,NCI-H2170,gt_image/ncih2170_antibiotics_ps_110.tif,gt_coords/ncih2170_antibiotics_ps_110.npy
ncih2170_antibiotics_ps_111,NCI-H2170,gt_image/ncih2170_antibiotics_ps_111.tif,gt_coords/ncih2170_antibiotics_ps_111.npy
ncih2170_antibiotics_ps_112,NCI-H2170,gt_image/ncih2170_antibiotics_ps_112.tif,gt_coords/ncih2170_antibiotics_ps_112.npy
ncih2170_antibiotics_ps_113_a,NCI-H2170,gt_image/ncih2170_antibiotics_ps_113_a.tif,gt_coords/ncih2170_antibiotics_ps_113_a.npy
ncih2170_antibiotics_ps_113_b,NCI-H2170,gt_image/ncih2170_antibiotics_ps_113_b.tif,gt_coords/ncih2170_antibiotics_ps_113_b.npy
ncih2170_antibiotics_ps_114,NCI-H2170,gt_image/ncih2170_antibiotics_ps_114.tif,gt_coords/ncih2170_antibiotics_ps_114.npy
ncih2170_antibiotics_ps_11_a,NCI-H2170,gt_image/ncih2170_antibiotics_ps_11_a.tif,gt_coords/ncih2170_antibiotics_ps_11_a.npy
ncih2170_antibiotics_ps_11_a_unfinished,NCI-H2170,gt_image/ncih2170_antibiotics_ps_11_a_unfinished.tif,gt_coords/ncih2170_antibiotics_ps_11_a_unfinished.npy
ncih2170_antibiotics_ps_11_b,NCI-H2170,gt_image/ncih2170_antibiotics_ps_11_b.tif,gt_coords/ncih2170_antibiotics_ps_11_b.npy
ncih2170_antibiotics_ps_12,NCI-H2170,gt_image/ncih2170_antibiotics_ps_12.tif,gt_coords/ncih2170_antibiotics_ps_12.npy
ncih2170_antibiotics_ps_13,NCI-H2170,gt_image/ncih2170_antibiotics_ps_13.tif,gt_coords/ncih2170_antibiotics_ps_13.npy
ncih2170_antibiotics_ps_14,NCI-H2170,gt_image/ncih2170_antibiotics_ps_14.tif,gt_coords/ncih2170_antibiotics_ps_14.npy
ncih2170_antibiotics_ps_16,NCI-H2170,gt_image/ncih2170_antibiotics_ps_16.tif,gt_coords/ncih2170_antibiotics_ps_16.npy
ncih2170_antibiotics_ps_17,NCI-H2170,gt_image/ncih2170_antibiotics_ps_17.tif,gt_coords/ncih2170_antibiotics_ps_17.npy
ncih2170_antibiotics_ps_18,NCI-H2170,gt_image/ncih2170_antibiotics_ps_18.tif,gt_coords/ncih2170_antibiotics_ps_18.npy
ncih2170_antibiotics_ps_19,NCI-H2170,gt_image/ncih2170_antibiotics_ps_19.tif,gt_coords/ncih2170_antibiotics_ps_19.npy
ncih2170_antibiotics_ps_20,NCI-H2170,gt_image/ncih2170_antibiotics_ps_20.tif,gt_coords/ncih2170_antibiotics_ps_20.npy
ncih2170_antibiotics_ps_21,NCI-H2170,gt_image/ncih2170_antibiotics_ps_21.tif,gt_coords/ncih2170_antibiotics_ps_21.npy
ncih2170_antibiotics_ps_22,NCI-H2170,gt_image/ncih2170_antibiotics_ps_22.tif,gt_coords/ncih2170_antibiotics_ps_22.npy
ncih2170_antibiotics_ps_23,NCI-H2170,gt_image/ncih2170_antibiotics_ps_23.tif,gt_coords/ncih2170_antibiotics_ps_23.npy
ncih2170_antibiotics_ps_24,NCI-H2170,gt_image/ncih2170_antibiotics_ps_24.tif,gt_coords/ncih2170_antibiotics_ps_24.npy
ncih2170_antibiotics_ps_25,NCI-H2170,gt_image/ncih2170_antibiotics_ps_25.tif,gt_coords/ncih2170_antibiotics_ps_25.npy
ncih2170_antibiotics_ps_26,NCI-H2170,gt_image/ncih2170_antibiotics_ps_26.tif,gt_coords/ncih2170_antibiotics_ps_26.npy
ncih2170_antibiotics_ps_27,NCI-H2170,gt_image/ncih2170_antibiotics_ps_27.tif,gt_coords/ncih2170_antibiotics_ps_27.npy
ncih2170_antibiotics_ps_28,NCI-H2170,gt_image/ncih2170_antibiotics_ps_28.tif,gt_coords/ncih2170_antibiotics_ps_28.npy
ncih2170_antibiotics_ps_29_a,NCI-H2170,gt_image/ncih2170_antibiotics_ps_29_a.tif,gt_coords/ncih2170_antibiotics_ps_29_a.npy
ncih2170_antibiotics_ps_29_b,NCI-H2170,gt_image/ncih2170_antibiotics_ps_29_b.tif,gt_coords/ncih2170_antibiotics_ps_29_b.npy
ncih2170_antibiotics_ps_3,NCI-H2170,gt_image/ncih2170_antibiotics_ps_3.tif,gt_coords/ncih2170_antibiotics_ps_3.npy
ncih2170_antibiotics_ps_30,NCI-H2170,gt_image/ncih2170_antibiotics_ps_30.tif,gt_coords/ncih2170_antibiotics_ps_30.npy
ncih2170_antibiotics_ps_31,NCI-H2170,gt_image/ncih2170_antibiotics_ps_31.tif,gt_coords/ncih2170_antibiotics_ps_31.npy
ncih2170_antibiotics_ps_32,NCI-H2170,gt_image/ncih2170_antibiotics_ps_32.tif,gt_coords/ncih2170_antibiotics_ps_32.npy
ncih2170_antibiotics_ps_33,NCI-H2170,gt_image/ncih2170_antibiotics_ps_33.tif,gt_coords/ncih2170_antibiotics_ps_33.npy
ncih2170_antibiotics_ps_34_a,NCI-H2170,gt_image/ncih2170_antibiotics_ps_34_a.tif,gt_coords/ncih2170_antibiotics_ps_34_a.npy
ncih2170_antibiotics_ps_34_b,NCI-H2170,gt_image/ncih2170_antibiotics_ps_34_b.tif,gt_coords/ncih2170_antibiotics_ps_34_b.npy
ncih2170_antibiotics_ps_34_c,NCI-H2170,gt_image/ncih2170_antibiotics_ps_34_c.tif,gt_coords/ncih2170_antibiotics_ps_34_c.npy
ncih2170_antibiotics_ps_35,NCI-H2170,gt_image/ncih2170_antibiotics_ps_35.tif,gt_coords/ncih2170_antibiotics_ps_35.npy
ncih2170_antibiotics_ps_36,NCI-H2170,gt_image/ncih2170_antibiotics_ps_36.tif,gt_coords/ncih2170_antibiotics_ps_36.npy
ncih2170_antibiotics_ps_37,NCI-H2170,gt_image/ncih2170_antibiotics_ps_37.tif,gt_coords/ncih2170_antibiotics_ps_37.npy
ncih2170_antibiotics_ps_38,NCI-H2170,gt_image/ncih2170_antibiotics_ps_38.tif,gt_coords/ncih2170_antibiotics_ps_38.npy
ncih2170_antibiotics_ps_39,NCI-H2170,gt_image/ncih2170_antibiotics_ps_39.tif,gt_coords/ncih2170_antibiotics_ps_39.npy
ncih2170_antibiotics_ps_4,NCI-H2170,gt_image/ncih2170_antibiotics_ps_4.tif,gt_coords/ncih2170_antibiotics_ps_4.npy
ncih2170_antibiotics_ps_40,NCI-H2170,gt_image/ncih2170_antibiotics_ps_40.tif,gt_coords/ncih2170_antibiotics_ps_40.npy
ncih2170_antibiotics_ps_41,NCI-H2170,gt_image/ncih2170_antibiotics_ps_41.tif,gt_coords/ncih2170_antibiotics_ps_41.npy
ncih2170_antibiotics_ps_42,NCI-H2170,gt_image/ncih2170_antibiotics_ps_42.tif,gt_coords/ncih2170_antibiotics_ps_42.npy
ncih2170_antibiotics_ps_43,NCI-H2170,gt_image/ncih2170_antibiotics_ps_43.tif,gt_coords/ncih2170_antibiotics_ps_43.npy
ncih2170_antibiotics_ps_44,NCI-H2170,gt_image/ncih2170_antibiotics_ps_44.tif,gt_coords/ncih2170_antibiotics_ps_44.npy
ncih2170_antibiotics_ps_45,NCI-H2170,gt_image/ncih2170_antibiotics_ps_45.tif,gt_coords/ncih2170_antibiotics_ps_45.npy
ncih2170_antibiotics_ps_46,NCI-H2170,gt_image/ncih2170_antibiotics_ps_46.tif,gt_coords/ncih2170_antibiotics_ps_46.npy
ncih2170_antibiotics_ps_47,NCI-H2170,gt_image/ncih2170_antibiotics_ps_47.tif,gt_coords/ncih2170_antibiotics_ps_47.npy
ncih2170_antibiotics_ps_48,NCI-H2170,gt_image/ncih2170_antibiotics_ps_48.tif,gt_coords/ncih2170_antibiotics_ps_48.npy
ncih2170_antibiotics_ps_49,NCI-H2170,gt_image/ncih2170_antibiotics_ps_49.tif,gt_coords/ncih2170_antibiotics_ps_49.npy
ncih2170_antibiotics_ps_5,NCI-H2170,gt_image/ncih2170_antibiotics_ps_5.tif,gt_coords/ncih2170_antibiotics_ps_5.npy
ncih2170_antibiotics_ps_50,NCI-H2170,gt_image/ncih2170_antibiotics_ps_50.tif,gt_coords/ncih2170_antibiotics_ps_50.npy
ncih2170_antibiotics_ps_54,NCI-H2170,gt_image/ncih2170_antibiotics_ps_54.tif,gt_coords/ncih2170_antibiotics_ps_54.npy
ncih2170_antibiotics_ps_55,NCI-H2170,gt_image/ncih2170_antibiotics_ps_55.tif,gt_coords/ncih2170_antibiotics_ps_55.npy
ncih2170_antibiotics_ps_56_a,NCI-H2170,gt_image/ncih2170_antibiotics_ps_56_a.tif,gt_coords/ncih2170_antibiotics_ps_56_a.npy
ncih2170_antibiotics_ps_56_b,NCI-H2170,gt_image/ncih2170_antibiotics_ps_56_b.tif,gt_coords/ncih2170_antibiotics_ps_56_b.npy
ncih2170_antibiotics_ps_57,NCI-H2170,gt_image/ncih2170_antibiotics_ps_57.tif,gt_coords/ncih2170_antibiotics_ps_57.npy
ncih2170_antibiotics_ps_58,NCI-H2170,gt_image/ncih2170_antibiotics_ps_58.tif,gt_coords/ncih2170_antibiotics_ps_58.npy
ncih2170_antibiotics_ps_59,NCI-H2170,gt_image/ncih2170_antibiotics_ps_59.tif,gt_coords/ncih2170_antibiotics_ps_59.npy
ncih2170_antibiotics_ps_6,NCI-H2170,gt_image/ncih2170_antibiotics_ps_6.tif,gt_coords/ncih2170_antibiotics_ps_6.npy
ncih2170_antibiotics_ps_61,NCI-H2170,gt_image/ncih2170_antibiotics_ps_61.tif,gt_coords/ncih2170_antibiotics_ps_61.npy
ncih2170_antibiotics_ps_62,NCI-H2170,gt_image/ncih2170_antibiotics_ps_62.tif,gt_coords/ncih2170_antibiotics_ps_62.npy
ncih2170_antibiotics_ps_63,NCI-H2170,gt_image/ncih2170_antibiotics_ps_63.tif,gt_coords/ncih2170_antibiotics_ps_63.npy
ncih2170_antibiotics_ps_64,NCI-H2170,gt_image/ncih2170_antibiotics_ps_64.tif,gt_coords/ncih2170_antibiotics_ps_64.npy
ncih2170_antibiotics_ps_65,NCI-H2170,gt_image/ncih2170_antibiotics_ps_65.tif,gt_coords/ncih2170_antibiotics_ps_65.npy
ncih2170_antibiotics_ps_67,NCI-H2170,gt_image/ncih2170_antibiotics_ps_67.tif,gt_coords/ncih2170_antibiotics_ps_67.npy
ncih2170_antibiotics_ps_68,NCI-H2170,gt_image/ncih2170_antibiotics_ps_68.tif,gt_coords/ncih2170_antibiotics_ps_68.npy
ncih2170_antibiotics_ps_69,NCI-H2170,gt_image/ncih2170_antibiotics_ps_69.tif,gt_coords/ncih2170_antibiotics_ps_69.npy
ncih2170_antibiotics_ps_7,NCI-H2170,gt_image/ncih2170_antibiotics_ps_7.tif,gt_coords/ncih2170_antibiotics_ps_7.npy
ncih2170_antibiotics_ps_70,NCI-H2170,gt_image/ncih2170_antibiotics_ps_70.tif,gt_coords/ncih2170_antibiotics_ps_70.npy
ncih2170_antibiotics_ps_71,NCI-H2170,gt_image/ncih2170_antibiotics_ps_71.tif,gt_coords/ncih2170_antibiotics_ps_71.npy
ncih2170_antibiotics_ps_72,NCI-H2170,gt_image/ncih2170_antibiotics_ps_72.tif,gt_coords/ncih2170_antibiotics_ps_72.npy
ncih2170_antibiotics_ps_73,NCI-H2170,gt_image/ncih2170_antibiotics_ps_73.tif,gt_coords/ncih2170_antibiotics_ps_73.npy
ncih2170_antibiotics_ps_74,NCI-H2170,gt_image/ncih2170_antibiotics_ps_74.tif,gt_coords/ncih2170_antibiotics_ps_74.npy
ncih2170_antibiotics_ps_75,NCI-H2170,gt_image/ncih2170_antibiotics_ps_75.tif,gt_coords/ncih2170_antibiotics_ps_75.npy
ncih2170_antibiotics_ps_76,NCI-H2170,gt_image/ncih2170_antibiotics_ps_76.tif,gt_coords/ncih2170_antibiotics_ps_76.npy
ncih2170_antibiotics_ps_77,NCI-H2170,gt_image/ncih2170_antibiotics_ps_77.tif,gt_coords/ncih2170_antibiotics_ps_77.npy
ncih2170_antibiotics_ps_78,NCI-H2170,gt_image/ncih2170_antibiotics_ps_78.tif,gt_coords/ncih2170_antibiotics_ps_78.npy
ncih2170_antibiotics_ps_79,NCI-H2170,gt_image/ncih2170_antibiotics_ps_79.tif,gt_coords/ncih2170_antibiotics_ps_79.npy
ncih2170_antibiotics_ps_8,NCI-H2170,gt_image/ncih2170_antibiotics_ps_8.tif,gt_coords/ncih2170_antibiotics_ps_8.npy
ncih2170_antibiotics_ps_80,NCI-H2170,gt_image/ncih2170_antibiotics_ps_80.tif,gt_coords/ncih2170_antibiotics_ps_80.npy
ncih2170_antibiotics_ps_81,NCI-H2170,gt_image/ncih2170_antibiotics_ps_81.tif,gt_coords/ncih2170_antibiotics_ps_81.npy
ncih2170_antibiotics_ps_82,NCI-H2170,gt_image/ncih2170_antibiotics_ps_82.tif,gt_coords/ncih2170_antibiotics_ps_82.npy
ncih2170_antibiotics_ps_83,NCI-H2170,gt_image/ncih2170_antibiotics_ps_83.tif,gt_coords/ncih2170_antibiotics_ps_83.npy
ncih2170_antibiotics_ps_84,NCI-H2170,gt_image/ncih2170_antibiotics_ps_84.tif,gt_coords/ncih2170_antibiotics_ps_84.npy
ncih2170_antibiotics_ps_85,NCI-H2170,gt_image/ncih2170_antibiotics_ps_85.tif,gt_coords/ncih2170_antibiotics_ps_85.npy
ncih2170_antibiotics_ps_86,NCI-H2170,gt_image/ncih2170_antibiotics_ps_86.tif,gt_coords/ncih2170_antibiotics_ps_86.npy
ncih2170_antibiotics_ps_87,NCI-H2170,gt_image/ncih2170_antibiotics_ps_87.tif,gt_coords/ncih2170_antibiotics_ps_87.npy
ncih2170_antibiotics_ps_88,NCI-H2170,gt_image/ncih2170_antibiotics_ps_88.tif,gt_coords/ncih2170_antibiotics_ps_88.npy
ncih2170_antibiotics_ps_89,NCI-H2170,gt_image/ncih2170_antibiotics_ps_89.tif,gt_coords/ncih2170_antibiotics_ps_89.npy
ncih2170_antibiotics_ps_9,NCI-H2170,gt_image/ncih2170_antibiotics_ps_9.tif,gt_coords/ncih2170_antibiotics_ps_9.npy
ncih2170_antibiotics_ps_90,NCI-H2170,gt_image/ncih2170_antibiotics_ps_90.tif,gt_coords/ncih2170_antibiotics_ps_90.npy
ncih2170_antibiotics_ps_91,NCI-H2170,gt_image/ncih2170_antibiotics_ps_91.tif,gt_coords/ncih2170_antibiotics_ps_91.npy
ncih2170_antibiotics_ps_92,NCI-H2170,gt_image/ncih2170_antibiotics_ps_92.tif,gt_coords/ncih2170_antibiotics_ps_92.npy
ncih2170_antibiotics_ps_93,NCI-H2170,gt_image/ncih2170_antibiotics_ps_93.tif,gt_coords/ncih2170_antibiotics_ps_93.npy
ncih2170_antibiotics_ps_94,NCI-H2170,gt_image/ncih2170_antibiotics_ps_94.tif,gt_coords/ncih2170_antibiotics_ps_94.npy
ncih2170_antibiotics_ps_95,NCI-H2170,gt_image/ncih2170_antibiotics_ps_95.tif,gt_coords/ncih2170_antibiotics_ps_95.npy
ncih2170_antibiotics_ps_96,NCI-H2170,gt_image/ncih2170_antibiotics_ps_96.tif,gt_coords/ncih2170_antibiotics_ps_96.npy
ncih2170_antibiotics_ps_97,NCI-H2170,gt_image/ncih2170_antibiotics_ps_97.tif,gt_coords/ncih2170_antibiotics_ps_97.npy
ncih2170_antibiotics_ps_98_a,NCI-H2170,gt_image/ncih2170_antibiotics_ps_98_a.tif,gt_coords/ncih2170_antibiotics_ps_98_a.npy
ncih2170_antibiotics_ps_98_b,NCI-H2170,gt_image/ncih2170_antibiotics_ps_98_b.tif,gt_coords/ncih2170_antibiotics_ps_98_b.npy
ncih2170_antibiotics_ps_99,NCI-H2170,gt_image/ncih2170_antibiotics_ps_99.tif,gt_coords/ncih2170_antibiotics_ps_99.npy
ncih2170_antibiotics_ps_g_100,NCI-H2170,gt_image/ncih2170_antibiotics_ps_g_100.tif,gt_coords/ncih2170_antibiotics_ps_g_100.npy
ncih2170_antibiotics_ps_g_101,NCI-H2170,gt_image/ncih2170_antibiotics_ps_g_101.tif,gt_coords/ncih2170_antibiotics_ps_g_101.npy
ncih2170_antibiotics_ps_g_102,NCI-H2170,gt_image/ncih2170_antibiotics_ps_g_102.tif,gt_coords/ncih2170_antibiotics_ps_g_102.npy
ncih2170_antibiotics_ps_g_103,NCI-H2170,gt_image/ncih2170_antibiotics_ps_g_103.tif,gt_coords/ncih2170_antibiotics_ps_g_103.npy
ncih2170_antibiotics_ps_g_104,NCI-H2170,gt_image/ncih2170_antibiotics_ps_g_104.tif,gt_coords/ncih2170_antibiotics_ps_g_104.npy
ncih2170_antibiotics_ps_g_105,NCI-H2170,gt_image/ncih2170_antibiotics_ps_g_105.tif,gt_coords/ncih2170_antibiotics_ps_g_105.npy
ncih2170_antibiotics_ps_g_106,NCI-H2170,gt_image/ncih2170_antibiotics_ps_g_106.tif,gt_coords/ncih2170_antibiotics_ps_g_106.npy
ncih2170_antibiotics_ps_g_107_a,NCI-H2170,gt_image/ncih2170_antibiotics_ps_g_107_a.tif,gt_coords/ncih2170_antibiotics_ps_g_107_a.npy
ncih2170_antibiotics_ps_g_107_b,NCI-H2170,gt_image/ncih2170_antibiotics_ps_g_107_b.tif,gt_coords/ncih2170_antibiotics_ps_g_107_b.npy
ncih2170_antibiotics_ps_g_108,NCI-H2170,gt_image/ncih2170_antibiotics_ps_g_108.tif,gt_coords/ncih2170_antibiotics_ps_g_108.npy
ncih2170_antibiotics_ps_g_109,NCI-H2170,gt_image/ncih2170_antibiotics_ps_g_109.tif,gt_coords/ncih2170_antibiotics_ps_g_109.npy
ncih2170_antibiotics_ps_g_110,NCI-H2170,gt_image/ncih2170_antibiotics_ps_g_110.tif,gt_coords/ncih2170_antibiotics_ps_g_110.npy
ncih2170_antibiotics_ps_g_111,NCI-H2170,gt_image/ncih2170_antibiotics_ps_g_111.tif,gt_coords/ncih2170_antibiotics_ps_g_111.npy
ncih2170_antibiotics_ps_g_112,NCI-H2170,gt_image/ncih2170_antibiotics_ps_g_112.tif,gt_coords/ncih2170_antibiotics_ps_g_112.npy
ncih2170_antibiotics_ps_g_113,NCI-H2170,gt_image/ncih2170_antibiotics_ps_g_113.tif,gt_coords/ncih2170_antibiotics_ps_g_113.npy
ncih2170_antibiotics_ps_g_114,NCI-H2170,gt_image/ncih2170_antibiotics_ps_g_114.tif,gt_coords/ncih2170_antibiotics_ps_g_114.npy
ncih2170_antibiotics_ps_g_115,NCI-H2170,gt_image/ncih2170_antibiotics_ps_g_115.tif,gt_coords/ncih2170_antibiotics_ps_g_115.npy
ncih2170_antibiotics_ps_g_116,NCI-H2170,gt_image/ncih2170_antibiotics_ps_g_116.tif,gt_coords/ncih2170_antibiotics_ps_g_116.npy
ncih2170_antibiotics_ps_g_36,NCI-H2170,gt_image/ncih2170_antibiotics_ps_g_36.tif,gt_coords/ncih2170_antibiotics_ps_g_36.npy
ncih2170_antibiotics_ps_g_37,NCI-H2170,gt_image/ncih2170_antibiotics_ps_g_37.tif,gt_coords/ncih2170_antibiotics_ps_g_37.npy
ncih2170_antibiotics_ps_g_38,NCI-H2170,gt_image/ncih2170_antibiotics_ps_g_38.tif,gt_coords/ncih2170_antibiotics_ps_g_38.npy
ncih2170_antibiotics_ps_g_39,NCI-H2170,gt_image/ncih2170_antibiotics_ps_g_39.tif,gt_coords/ncih2170_antibiotics_ps_g_39.npy
ncih2170_antibiotics_ps_g_40,NCI-H2170,gt_image/ncih2170_antibiotics_ps_g_40.tif,gt_coords/ncih2170_antibiotics_ps_g_40.npy
ncih2170_antibiotics_ps_g_41,NCI-H2170,gt_image/ncih2170_antibiotics_ps_g_41.tif,gt_coords/ncih2170_antibiotics_ps_g_41.npy
ncih2170_antibiotics_ps_g_42,NCI-H2170,gt_image/ncih2170_antibiotics_ps_g_42.tif,gt_coords/ncih2170_antibiotics_ps_g_42.npy
ncih2170_antibiotics_ps_g_43,NCI-H2170,gt_image/ncih2170_antibiotics_ps_g_43.tif,gt_coords/ncih2170_antibiotics_ps_g_43.npy
ncih2170_antibiotics_ps_g_44_a,NCI-H2170,gt_image/ncih2170_antibiotics_ps_g_44_a.tif,gt_coords/ncih2170_antibiotics_ps_g_44_a.npy
ncih2170_antibiotics_ps_g_44_b,NCI-H2170,gt_image/ncih2170_antibiotics_ps_g_44_b.tif,gt_coords/ncih2170_antibiotics_ps_g_44_b.npy
ncih2170_antibiotics_ps_g_45,NCI-H2170,gt_image/ncih2170_antibiotics_ps_g_45.tif,gt_coords/ncih2170_antibiotics_ps_g_45.npy
ncih2170_antibiotics_ps_g_46,NCI-H2170,gt_image/ncih2170_antibiotics_ps_g_46.tif,gt_coords/ncih2170_antibiotics_ps_g_46.npy
ncih2170_antibiotics_ps_g_47,NCI-H2170,gt_image/ncih2170_antibiotics_ps_g_47.tif,gt_coords/ncih2170_antibiotics_ps_g_47.npy
ncih2170_antibiotics_ps_g_48,NCI-H2170,gt_image/ncih2170_antibiotics_ps_g_48.tif,gt_coords/ncih2170_antibiotics_ps_g_48.npy
ncih2170_antibiotics_ps_g_49,NCI-H2170,gt_image/ncih2170_antibiotics_ps_g_49.tif,gt_coords/ncih2170_antibiotics_ps_g_49.npy
ncih2170_antibiotics_ps_g_50,NCI-H2170,gt_image/ncih2170_antibiotics_ps_g_50.tif,gt_coords/ncih2170_antibiotics_ps_g_50.npy
ncih2170_antibiotics_ps_g_51,NCI-H2170,gt_image/ncih2170_antibiotics_ps_g_51.tif,gt_coords/ncih2170_antibiotics_ps_g_51.npy
ncih2170_antibiotics_ps_g_52,NCI-H2170,gt_image/ncih2170_antibiotics_ps_g_52.tif,gt_coords/ncih2170_antibiotics_ps_g_52.npy
ncih2170_antibiotics_ps_g_53,NCI-H2170,gt_image/ncih2170_antibiotics_ps_g_53.tif,gt_coords/ncih2170_antibiotics_ps_g_53.npy
ncih2170_antibiotics_ps_g_54,NCI-H2170,gt_image/ncih2170_antibiotics_ps_g_54.tif,gt_coords/ncih2170_antibiotics_ps_g_54.npy
ncih2170_antibiotics_ps_g_55,NCI-H2170,gt_image/ncih2170_antibiotics_ps_g_55.tif,gt_coords/ncih2170_antibiotics_ps_g_55.npy
ncih2170_antibiotics_ps_g_56,NCI-H2170,gt_image/ncih2170_antibiotics_ps_g_56.tif,gt_coords/ncih2170_antibiotics_ps_g_56.npy
ncih2170_antibiotics_ps_g_57,NCI-H2170,gt_image/ncih2170_antibiotics_ps_g_57.tif,gt_coords/ncih2170_antibiotics_ps_g_57.npy
ncih2170_antibiotics_ps_g_58,NCI-H2170,gt_image/ncih2170_antibiotics_ps_g_58.tif,gt_coords/ncih2170_antibiotics_ps_g_58.npy
ncih2170_antibiotics_ps_g_59,NCI-H2170,gt_image/ncih2170_antibiotics_ps_g_59.tif,gt_coords/ncih2170_antibiotics_ps_g_59.npy
ncih2170_antibiotics_ps_g_60,NCI-H2170,gt_image/ncih2170_antibiotics_ps_g_60.tif,gt_coords/ncih2170_antibiotics_ps_g_60.npy
ncih2170_antibiotics_ps_g_61,NCI-H2170,gt_image/ncih2170_antibiotics_ps_g_61.tif,gt_coords/ncih2170_antibiotics_ps_g_61.npy
ncih2170_antibiotics_ps_g_62,NCI-H2170,gt_image/ncih2170_antibiotics_ps_g_62.tif,gt_coords/ncih2170_antibiotics_ps_g_62.npy
ncih2170_antibiotics_ps_g_63,NCI-H2170,gt_image/ncih2170_antibiotics_ps_g_63.tif,gt_coords/ncih2170_antibiotics_ps_g_63.npy
ncih2170_antibiotics_ps_g_64,NCI-H2170,gt_image/ncih2170_antibiotics_ps_g_64.tif,gt_coords/ncih2170_antibiotics_ps_g_64.npy
ncih2170_antibiotics_ps_g_65,NCI-H2170,gt_image/ncih2170_antibiotics_ps_g_65.tif,gt_coords/ncih2170_antibiotics_ps_g_65.npy
ncih2170_antibiotics_ps_g_66,NCI-H2170,gt_image/ncih2170_antibiotics_ps_g_66.tif,gt_coords/ncih2170_antibiotics_ps_g_66.npy
ncih2170_antibiotics_ps_g_67,NCI-H2170,gt_image/ncih2170_antibiotics_ps_g_67.tif,gt_coords/ncih2170_antibiotics_ps_g_67.npy
ncih2170_antibiotics_ps_g_68,NCI-H2170,gt_image/ncih2170_antibiotics_ps_g_68.tif,gt_coords/ncih2170_antibiotics_ps_g_68.npy
ncih2170_antibiotics_ps_g_69,NCI-H2170,gt_image/ncih2170_antibiotics_ps_g_69.tif,gt_coords/ncih2170_antibiotics_ps_g_69.npy
ncih2170_antibiotics_ps_g_70,NCI-H2170,gt_image/ncih2170_antibiotics_ps_g_70.tif,gt_coords/ncih2170_antibiotics_ps_g_70.npy
ncih2170_antibiotics_ps_g_71,NCI-H2170,gt_image/ncih2170_antibiotics_ps_g_71.tif,gt_coords/ncih2170_antibiotics_ps_g_71.npy
ncih2170_antibiotics_ps_g_72,NCI-H2170,gt_image/ncih2170_antibiotics_ps_g_72.tif,gt_coords/ncih2170_antibiotics_ps_g_72.npy
ncih2170_antibiotics_ps_g_73,NCI-H2170,gt_image/ncih2170_antibiotics_ps_g_73.tif,gt_coords/ncih2170_antibiotics_ps_g_73.npy
ncih2170_antibiotics_ps_g_74,NCI-H2170,gt_image/ncih2170_antibiotics_ps_g_74.tif,gt_coords/ncih2170_antibiotics_ps_g_74.npy
ncih2170_antibiotics_ps_g_75,NCI-H2170,gt_image/ncih2170_antibiotics_ps_g_75.tif,gt_coords/ncih2170_antibiotics_ps_g_75.npy
ncih2170_antibiotics_ps_g_76,NCI-H2170,gt_image/ncih2170_antibiotics_ps_g_76.tif,gt_coords/ncih2170_antibiotics_ps_g_76.npy
ncih2170_antibiotics_ps_g_77,NCI-H2170,gt_image/ncih2170_antibiotics_ps_g_77.tif,gt_coords/ncih2170_antibiotics_ps_g_77.npy
ncih2170_antibiotics_ps_g_78,NCI-H2170,gt_image/ncih2170_antibiotics_ps_g_78.tif,gt_coords/ncih2170_antibiotics_ps_g_78.npy
ncih2170_antibiotics_ps_g_79,NCI-H2170,gt_image/ncih2170_antibiotics_ps_g_79.tif,gt_coords/ncih2170_antibiotics_ps_g_79.npy
ncih2170_antibiotics_ps_g_80,NCI-H2170,gt_image/ncih2170_antibiotics_ps_g_80.tif,gt_coords/ncih2170_antibiotics_ps_g_80.npy
ncih2170_antibiotics_ps_g_81,NCI-H2170,gt_image/ncih2170_antibiotics_ps_g_81.tif,gt_coords/ncih2170_antibiotics_ps_g_81.npy
ncih2170_antibiotics_ps_g_82,NCI-H2170,gt_image/ncih2170_antibiotics_ps_g_82.tif,gt_coords/ncih2170_antibiotics_ps_g_82.npy
ncih2170_antibiotics_ps_g_83,NCI-H2170,gt_image/ncih2170_antibiotics_ps_g_83.tif,gt_coords/ncih2170_antibiotics_ps_g_83.npy
ncih2170_antibiotics_ps_g_84,NCI-H2170,gt_image/ncih2170_antibiotics_ps_g_84.tif,gt_coords/ncih2170_antibiotics_ps_g_84.npy
ncih2170_antibiotics_ps_g_85,NCI-H2170,gt_image/ncih2170_antibiotics_ps_g_85.tif,gt_coords/ncih2170_antibiotics_ps_g_85.npy
ncih2170_antibiotics_ps_g_86,NCI-H2170,gt_image/ncih2170_antibiotics_ps_g_86.tif,gt_coords/ncih2170_antibiotics_ps_g_86.npy
ncih2170_antibiotics_ps_g_87,NCI-H2170,gt_image/ncih2170_antibiotics_ps_g_87.tif,gt_coords/ncih2170_antibiotics_ps_g_87.npy
ncih2170_antibiotics_ps_g_88_a,NCI-H2170,gt_image/ncih2170_antibiotics_ps_g_88_a.tif,gt_coords/ncih2170_antibiotics_ps_g_88_a.npy
ncih2170_antibiotics_ps_g_88_b,NCI-H2170,gt_image/ncih2170_antibiotics_ps_g_88_b.tif,gt_coords/ncih2170_antibiotics_ps_g_88_b.npy
ncih2170_antibiotics_ps_g_89,NCI-H2170,gt_image/ncih2170_antibiotics_ps_g_89.tif,gt_coords/ncih2170_antibiotics_ps_g_89.npy
ncih2170_antibiotics_ps_g_90,NCI-H2170,gt_image/ncih2170_antibiotics_ps_g_90.tif,gt_coords/ncih2170_antibiotics_ps_g_90.npy
ncih2170_antibiotics_ps_g_91,NCI-H2170,gt_image/ncih2170_antibiotics_ps_g_91.tif,gt_coords/ncih2170_antibiotics_ps_g_91.npy
ncih2170_antibiotics_ps_g_92,NCI-H2170,gt_image/ncih2170_antibiotics_ps_g_92.tif,gt_coords/ncih2170_antibiotics_ps_g_92.npy
ncih2170_antibiotics_ps_g_93,NCI-H2170,gt_image/ncih2170_antibiotics_ps_g_93.tif,gt_coords/ncih2170_antibiotics_ps_g_93.npy
ncih2170_antibiotics_ps_g_94,NCI-H2170,gt_image/ncih2170_antibiotics_ps_g_94.tif,gt_coords/ncih2170_antibiotics_ps_g_94.npy
ncih2170_antibiotics_ps_g_95,NCI-H2170,gt_image/ncih2170_antibiotics_ps_g_95.tif,gt_coords/ncih2170_antibiotics_ps_g_95.npy
ncih2170_antibiotics_ps_g_96,NCI-H2170,gt_image/ncih2170_antibiotics_ps_g_96.tif,gt_coords/ncih2170_antibiotics_ps_g_96.npy
ncih2170_antibiotics_ps_g_97,NCI-H2170,gt_image/ncih2170_antibiotics_ps_g_97.tif,gt_coords/ncih2170_antibiotics_ps_g_97.npy
ncih2170_antibiotics_ps_g_98,NCI-H2170,gt_image/ncih2170_antibiotics_ps_g_98.tif,gt_coords/ncih2170_antibiotics_ps_g_98.npy
ncih2170_antibiotics_ps_g_99,NCI-H2170,gt_image/ncih2170_antibiotics_ps_g_99.tif,gt_coords/ncih2170_antibiotics_ps_g_99.npy
ncih2170_cart_72h_blank_ctrl_1,NCI-H2170,gt_image/ncih2170_cart_72h_blank_ctrl_1.tif,gt_coords/ncih2170_cart_72h_blank_ctrl_1.npy
ncih2170_cart_72h_blank_ctrl_10,NCI-H2170,gt_image/ncih2170_cart_72h_blank_ctrl_10.tif,gt_coords/ncih2170_cart_72h_blank_ctrl_10.npy
ncih2170_cart_72h_blank_ctrl_100,NCI-H2170,gt_image/ncih2170_cart_72h_blank_ctrl_100.tif,gt_coords/ncih2170_cart_72h_blank_ctrl_100.npy
ncih2170_cart_72h_blank_ctrl_11,NCI-H2170,gt_image/ncih2170_cart_72h_blank_ctrl_11.tif,gt_coords/ncih2170_cart_72h_blank_ctrl_11.npy
ncih2170_cart_72h_blank_ctrl_12,NCI-H2170,gt_image/ncih2170_cart_72h_blank_ctrl_12.tif,gt_coords/ncih2170_cart_72h_blank_ctrl_12.npy
ncih2170_cart_72h_blank_ctrl_13,NCI-H2170,gt_image/ncih2170_cart_72h_blank_ctrl_13.tif,gt_coords/ncih2170_cart_72h_blank_ctrl_13.npy
ncih2170_cart_72h_blank_ctrl_14,NCI-H2170,gt_image/ncih2170_cart_72h_blank_ctrl_14.tif,gt_coords/ncih2170_cart_72h_blank_ctrl_14.npy
ncih2170_cart_72h_blank_ctrl_15,NCI-H2170,gt_image/ncih2170_cart_72h_blank_ctrl_15.tif,gt_coords/ncih2170_cart_72h_blank_ctrl_15.npy
ncih2170_cart_72h_blank_ctrl_16,NCI-H2170,gt_image/ncih2170_cart_72h_blank_ctrl_16.tif,gt_coords/ncih2170_cart_72h_blank_ctrl_16.npy
ncih2170_cart_72h_blank_ctrl_17,NCI-H2170,gt_image/ncih2170_cart_72h_blank_ctrl_17.tif,gt_coords/ncih2170_cart_72h_blank_ctrl_17.npy
ncih2170_cart_72h_blank_ctrl_19,NCI-H2170,gt_image/ncih2170_cart_72h_blank_ctrl_19.tif,gt_coords/ncih2170_cart_72h_blank_ctrl_19.npy
ncih2170_cart_72h_blank_ctrl_2,NCI-H2170,gt_image/ncih2170_cart_72h_blank_ctrl_2.tif,gt_coords/ncih2170_cart_72h_blank_ctrl_2.npy
ncih2170_cart_72h_blank_ctrl_20,NCI-H2170,gt_image/ncih2170_cart_72h_blank_ctrl_20.tif,gt_coords/ncih2170_cart_72h_blank_ctrl_20.npy
ncih2170_cart_72h_blank_ctrl_21,NCI-H2170,gt_image/ncih2170_cart_72h_blank_ctrl_21.tif,gt_coords/ncih2170_cart_72h_blank_ctrl_21.npy
ncih2170_cart_72h_blank_ctrl_22,NCI-H2170,gt_image/ncih2170_cart_72h_blank_ctrl_22.tif,gt_coords/ncih2170_cart_72h_blank_ctrl_22.npy
ncih2170_cart_72h_blank_ctrl_23,NCI-H2170,gt_image/ncih2170_cart_72h_blank_ctrl_23.tif,gt_coords/ncih2170_cart_72h_blank_ctrl_23.npy
ncih2170_cart_72h_blank_ctrl_24,NCI-H2170,gt_image/ncih2170_cart_72h_blank_ctrl_24.tif,gt_coords/ncih2170_cart_72h_blank_ctrl_24.npy
ncih2170_cart_72h_blank_ctrl_25,NCI-H2170,gt_image/ncih2170_cart_72h_blank_ctrl_25.tif,gt_coords/ncih2170_cart_72h_blank_ctrl_25.npy
ncih2170_cart_72h_blank_ctrl_26,NCI-H2170,gt_image/ncih2170_cart_72h_blank_ctrl_26.tif,gt_coords/ncih2170_cart_72h_blank_ctrl_26.npy
ncih2170_cart_72h_blank_ctrl_27,NCI-H2170,gt_image/ncih2170_cart_72h_blank_ctrl_27.tif,gt_coords/ncih2170_cart_72h_blank_ctrl_27.npy
ncih2170_cart_72h_blank_ctrl_28,NCI-H2170,gt_image/ncih2170_cart_72h_blank_ctrl_28.tif,gt_coords/ncih2170_cart_72h_blank_ctrl_28.npy
ncih2170_cart_72h_blank_ctrl_29,NCI-H2170,gt_image/ncih2170_cart_72h_blank_ctrl_29.tif,gt_coords/ncih2170_cart_72h_blank_ctrl_29.npy
ncih2170_cart_72h_blank_ctrl_3,NCI-H2170,gt_image/ncih2170_cart_72h_blank_ctrl_3.tif,gt_coords/ncih2170_cart_72h_blank_ctrl_3.npy
ncih2170_cart_72h_blank_ctrl_30,NCI-H2170,gt_image/ncih2170_cart_72h_blank_ctrl_30.tif,gt_coords/ncih2170_cart_72h_blank_ctrl_30.npy
ncih2170_cart_72h_blank_ctrl_31,NCI-H2170,gt_image/ncih2170_cart_72h_blank_ctrl_31.tif,gt_coords/ncih2170_cart_72h_blank_ctrl_31.npy
ncih2170_cart_72h_blank_ctrl_32,NCI-H2170,gt_image/ncih2170_cart_72h_blank_ctrl_32.tif,gt_coords/ncih2170_cart_72h_blank_ctrl_32.npy
ncih2170_cart_72h_blank_ctrl_33,NCI-H2170,gt_image/ncih2170_cart_72h_blank_ctrl_33.tif,gt_coords/ncih2170_cart_72h_blank_ctrl_33.npy
ncih2170_cart_72h_blank_ctrl_34,NCI-H2170,gt_image/ncih2170_cart_72h_blank_ctrl_34.tif,gt_coords/ncih2170_cart_72h_blank_ctrl_34.npy
ncih2170_cart_72h_blank_ctrl_35,NCI-H2170,gt_image/ncih2170_cart_72h_blank_ctrl_35.tif,gt_coords/ncih2170_cart_72h_blank_ctrl_35.npy
ncih2170_cart_72h_blank_ctrl_36,NCI-H2170,gt_image/ncih2170_cart_72h_blank_ctrl_36.tif,gt_coords/ncih2170_cart_72h_blank_ctrl_36.npy
ncih2170_cart_72h_blank_ctrl_37,NCI-H2170,gt_image/ncih2170_cart_72h_blank_ctrl_37.tif,gt_coords/ncih2170_cart_72h_blank_ctrl_37.npy
ncih2170_cart_72h_blank_ctrl_38,NCI-H2170,gt_image/ncih2170_cart_72h_blank_ctrl_38.tif,gt_coords/ncih2170_cart_72h_blank_ctrl_38.npy
ncih2170_cart_72h_blank_ctrl_39,NCI-H2170,gt_image/ncih2170_cart_72h_blank_ctrl_39.tif,gt_coords/ncih2170_cart_72h_blank_ctrl_39.npy
ncih2170_cart_72h_blank_ctrl_4,NCI-H2170,gt_image/ncih2170_cart_72h_blank_ctrl_4.tif,gt_coords/ncih2170_cart_72h_blank_ctrl_4.npy
ncih2170_cart_72h_blank_ctrl_40,NCI-H2170,gt_image/ncih2170_cart_72h_blank_ctrl_40.tif,gt_coords/ncih2170_cart_72h_blank_ctrl_40.npy
ncih2170_cart_72h_blank_ctrl_41,NCI-H2170,gt_image/ncih2170_cart_72h_blank_ctrl_41.tif,gt_coords/ncih2170_cart_72h_blank_ctrl_41.npy
ncih2170_cart_72h_blank_ctrl_42,NCI-H2170,gt_image/ncih2170_cart_72h_blank_ctrl_42.tif,gt_coords/ncih2170_cart_72h_blank_ctrl_42.npy
ncih2170_cart_72h_blank_ctrl_43,NCI-H2170,gt_image/ncih2170_cart_72h_blank_ctrl_43.tif,gt_coords/ncih2170_cart_72h_blank_ctrl_43.npy
ncih2170_cart_72h_blank_ctrl_44,NCI-H2170,gt_image/ncih2170_cart_72h_blank_ctrl_44.tif,gt_coords/ncih2170_cart_72h_blank_ctrl_44.npy
ncih2170_cart_72h_blank_ctrl_45,NCI-H2170,gt_image/ncih2170_cart_72h_blank_ctrl_45.tif,gt_coords/ncih2170_cart_72h_blank_ctrl_45.npy
ncih2170_cart_72h_blank_ctrl_46,NCI-H2170,gt_image/ncih2170_cart_72h_blank_ctrl_46.tif,gt_coords/ncih2170_cart_72h_blank_ctrl_46.npy
ncih2170_cart_72h_blank_ctrl_47,NCI-H2170,gt_image/ncih2170_cart_72h_blank_ctrl_47.tif,gt_coords/ncih2170_cart_72h_blank_ctrl_47.npy
ncih2170_cart_72h_blank_ctrl_48,NCI-H2170,gt_image/ncih2170_cart_72h_blank_ctrl_48.tif,gt_coords/ncih2170_cart_72h_blank_ctrl_48.npy
ncih2170_cart_72h_blank_ctrl_49,NCI-H2170,gt_image/ncih2170_cart_72h_blank_ctrl_49.tif,gt_coords/ncih2170_cart_72h_blank_ctrl_49.npy
ncih2170_cart_72h_blank_ctrl_5,NCI-H2170,gt_image/ncih2170_cart_72h_blank_ctrl_5.tif,gt_coords/ncih2170_cart_72h_blank_ctrl_5.npy
ncih2170_cart_72h_blank_ctrl_50,NCI-H2170,gt_image/ncih2170_cart_72h_blank_ctrl_50.tif,gt_coords/ncih2170_cart_72h_blank_ctrl_50.npy
ncih2170_cart_72h_blank_ctrl_51,NCI-H2170,gt_image/ncih2170_cart_72h_blank_ctrl_51.tif,gt_coords/ncih2170_cart_72h_blank_ctrl_51.npy
ncih2170_cart_72h_blank_ctrl_52,NCI-H2170,gt_image/ncih2170_cart_72h_blank_ctrl_52.tif,gt_coords/ncih2170_cart_72h_blank_ctrl_52.npy
ncih2170_cart_72h_blank_ctrl_53,NCI-H2170,gt_image/ncih2170_cart_72h_blank_ctrl_53.tif,gt_coords/ncih2170_cart_72h_blank_ctrl_53.npy
ncih2170_cart_72h_blank_ctrl_54,NCI-H2170,gt_image/ncih2170_cart_72h_blank_ctrl_54.tif,gt_coords/ncih2170_cart_72h_blank_ctrl_54.npy
ncih2170_cart_72h_blank_ctrl_55,NCI-H2170,gt_image/ncih2170_cart_72h_blank_ctrl_55.tif,gt_coords/ncih2170_cart_72h_blank_ctrl_55.npy
ncih2170_cart_72h_blank_ctrl_56,NCI-H2170,gt_image/ncih2170_cart_72h_blank_ctrl_56.tif,gt_coords/ncih2170_cart_72h_blank_ctrl_56.npy
ncih2170_cart_72h_blank_ctrl_57,NCI-H2170,gt_image/ncih2170_cart_72h_blank_ctrl_57.tif,gt_coords/ncih2170_cart_72h_blank_ctrl_57.npy
ncih2170_cart_72h_blank_ctrl_58,NCI-H2170,gt_image/ncih2170_cart_72h_blank_ctrl_58.tif,gt_coords/ncih2170_cart_72h_blank_ctrl_58.npy
ncih2170_cart_72h_blank_ctrl_59,NCI-H2170,gt_image/ncih2170_cart_72h_blank_ctrl_59.tif,gt_coords/ncih2170_cart_72h_blank_ctrl_59.npy
ncih2170_cart_72h_blank_ctrl_6,NCI-H2170,gt_image/ncih2170_cart_72h_blank_ctrl_6.tif,gt_coords/ncih2170_cart_72h_blank_ctrl_6.npy
ncih2170_cart_72h_blank_ctrl_60,NCI-H2170,gt_image/ncih2170_cart_72h_blank_ctrl_60.tif,gt_coords/ncih2170_cart_72h_blank_ctrl_60.npy
ncih2170_cart_72h_blank_ctrl_61,NCI-H2170,gt_image/ncih2170_cart_72h_blank_ctrl_61.tif,gt_coords/ncih2170_cart_72h_blank_ctrl_61.npy
ncih2170_cart_72h_blank_ctrl_62,NCI-H2170,gt_image/ncih2170_cart_72h_blank_ctrl_62.tif,gt_coords/ncih2170_cart_72h_blank_ctrl_62.npy
ncih2170_cart_72h_blank_ctrl_63,NCI-H2170,gt_image/ncih2170_cart_72h_blank_ctrl_63.tif,gt_coords/ncih2170_cart_72h_blank_ctrl_63.npy
ncih2170_cart_72h_blank_ctrl_64,NCI-H2170,gt_image/ncih2170_cart_72h_blank_ctrl_64.tif,gt_coords/ncih2170_cart_72h_blank_ctrl_64.npy
ncih2170_cart_72h_blank_ctrl_65,NCI-H2170,gt_image/ncih2170_cart_72h_blank_ctrl_65.tif,gt_coords/ncih2170_cart_72h_blank_ctrl_65.npy
ncih2170_cart_72h_blank_ctrl_66,NCI-H2170,gt_image/ncih2170_cart_72h_blank_ctrl_66.tif,gt_coords/ncih2170_cart_72h_blank_ctrl_66.npy
ncih2170_cart_72h_blank_ctrl_67,NCI-H2170,gt_image/ncih2170_cart_72h_blank_ctrl_67.tif,gt_coords/ncih2170_cart_72h_blank_ctrl_67.npy
ncih2170_cart_72h_blank_ctrl_68,NCI-H2170,gt_image/ncih2170_cart_72h_blank_ctrl_68.tif,gt_coords/ncih2170_cart_72h_blank_ctrl_68.npy
ncih2170_cart_72h_blank_ctrl_7,NCI-H2170,gt_image/ncih2170_cart_72h_blank_ctrl_7.tif,gt_coords/ncih2170_cart_72h_blank_ctrl_7.npy
ncih2170_cart_72h_blank_ctrl_70,NCI-H2170,gt_image/ncih2170_cart_72h_blank_ctrl_70.tif,gt_coords/ncih2170_cart_72h_blank_ctrl_70.npy
ncih2170_cart_72h_blank_ctrl_71,NCI-H2170,gt_image/ncih2170_cart_72h_blank_ctrl_71.tif,gt_coords/ncih2170_cart_72h_blank_ctrl_71.npy
ncih2170_cart_72h_blank_ctrl_72,NCI-H2170,gt_image/ncih2170_cart_72h_blank_ctrl_72.tif,gt_coords/ncih2170_cart_72h_blank_ctrl_72.npy
ncih2170_cart_72h_blank_ctrl_73,NCI-H2170,gt_image/ncih2170_cart_72h_blank_ctrl_73.tif,gt_coords/ncih2170_cart_72h_blank_ctrl_73.npy
ncih2170_cart_72h_blank_ctrl_74,NCI-H2170,gt_image/ncih2170_cart_72h_blank_ctrl_74.tif,gt_coords/ncih2170_cart_72h_blank_ctrl_74.npy
ncih2170_cart_72h_blank_ctrl_75,NCI-H2170,gt_image/ncih2170_cart_72h_blank_ctrl_75.tif,gt_coords/ncih2170_cart_72h_blank_ctrl_75.npy
ncih2170_cart_72h_blank_ctrl_76,NCI-H2170,gt_image/ncih2170_cart_72h_blank_ctrl_76.tif,gt_coords/ncih2170_cart_72h_blank_ctrl_76.npy
ncih2170_cart_72h_blank_ctrl_77,NCI-H2170,gt_image/ncih2170_cart_72h_blank_ctrl_77.tif,gt_coords/ncih2170_cart_72h_blank_ctrl_77.npy
ncih2170_cart_72h_blank_ctrl_78,NCI-H2170,gt_image/ncih2170_cart_72h_blank_ctrl_78.tif,gt_coords/ncih2170_cart_72h_blank_ctrl_78.npy
ncih2170_cart_72h_blank_ctrl_79,NCI-H2170,gt_image/ncih2170_cart_72h_blank_ctrl_79.tif,gt_coords/ncih2170_cart_72h_blank_ctrl_79.npy
ncih2170_cart_72h_blank_ctrl_8,NCI-H2170,gt_image/ncih2170_cart_72h_blank_ctrl_8.tif,gt_coords/ncih2170_cart_72h_blank_ctrl_8.npy
ncih2170_cart_72h_blank_ctrl_80,NCI-H2170,gt_image/ncih2170_cart_72h_blank_ctrl_80.tif,gt_coords/ncih2170_cart_72h_blank_ctrl_80.npy
ncih2170_cart_72h_blank_ctrl_81,NCI-H2170,gt_image/ncih2170_cart_72h_blank_ctrl_81.tif,gt_coords/ncih2170_cart_72h_blank_ctrl_81.npy
ncih2170_cart_72h_blank_ctrl_82,NCI-H2170,gt_image/ncih2170_cart_72h_blank_ctrl_82.tif,gt_coords/ncih2170_cart_72h_blank_ctrl_82.npy
ncih2170_cart_72h_blank_ctrl_83,NCI-H2170,gt_image/ncih2170_cart_72h_blank_ctrl_83.tif,gt_coords/ncih2170_cart_72h_blank_ctrl_83.npy
ncih2170_cart_72h_blank_ctrl_84,NCI-H2170,gt_image/ncih2170_cart_72h_blank_ctrl_84.tif,gt_coords/ncih2170_cart_72h_blank_ctrl_84.npy
ncih2170_cart_72h_blank_ctrl_85,NCI-H2170,gt_image/ncih2170_cart_72h_blank_ctrl_85.tif,gt_coords/ncih2170_cart_72h_blank_ctrl_85.npy
ncih2170_cart_72h_blank_ctrl_86,NCI-H2170,gt_image/ncih2170_cart_72h_blank_ctrl_86.tif,gt_coords/ncih2170_cart_72h_blank_ctrl_86.npy
ncih2170_cart_72h_blank_ctrl_87,NCI-H2170,gt_image/ncih2170_cart_72h_blank_ctrl_87.tif,gt_coords/ncih2170_cart_72h_blank_ctrl_87.npy
ncih2170_cart_72h_blank_ctrl_88,NCI-H2170,gt_image/ncih2170_cart_72h_blank_ctrl_88.tif,gt_coords/ncih2170_cart_72h_blank_ctrl_88.npy
ncih2170_cart_72h_blank_ctrl_89,NCI-H2170,gt_image/ncih2170_cart_72h_blank_ctrl_89.tif,gt_coords/ncih2170_cart_72h_blank_ctrl_89.npy
ncih2170_cart_72h_blank_ctrl_9,NCI-H2170,gt_image/ncih2170_cart_72h_blank_ctrl_9.tif,gt_coords/ncih2170_cart_72h_blank_ctrl_9.npy
ncih2170_cart_72h_blank_ctrl_90,NCI-H2170,gt_image/ncih2170_cart_72h_blank_ctrl_90.tif,gt_coords/ncih2170_cart_72h_blank_ctrl_90.npy
ncih2170_cart_72h_blank_ctrl_92,NCI-H2170,gt_image/ncih2170_cart_72h_blank_ctrl_92.tif,gt_coords/ncih2170_cart_72h_blank_ctrl_92.npy
ncih2170_cart_72h_blank_ctrl_93,NCI-H2170,gt_image/ncih2170_cart_72h_blank_ctrl_93.tif,gt_coords/ncih2170_cart_72h_blank_ctrl_93.npy
ncih2170_cart_72h_blank_ctrl_94,NCI-H2170,gt_image/ncih2170_cart_72h_blank_ctrl_94.tif,gt_coords/ncih2170_cart_72h_blank_ctrl_94.npy
ncih2170_cart_72h_blank_ctrl_95,NCI-H2170,gt_image/ncih2170_cart_72h_blank_ctrl_95.tif,gt_coords/ncih2170_cart_72h_blank_ctrl_95.npy
ncih2170_cart_72h_blank_ctrl_96,NCI-H2170,gt_image/ncih2170_cart_72h_blank_ctrl_96.tif,gt_coords/ncih2170_cart_72h_blank_ctrl_96.npy
ncih2170_cart_72h_blank_ctrl_97,NCI-H2170,gt_image/ncih2170_cart_72h_blank_ctrl_97.tif,gt_coords/ncih2170_cart_72h_blank_ctrl_97.npy
ncih2170_cart_72h_blank_ctrl_98,NCI-H2170,gt_image/ncih2170_cart_72h_blank_ctrl_98.tif,gt_coords/ncih2170_cart_72h_blank_ctrl_98.npy
ncih2170_cart_72h_blank_ctrl_99,NCI-H2170,gt_image/ncih2170_cart_72h_blank_ctrl_99.tif,gt_coords/ncih2170_cart_72h_blank_ctrl_99.npy
ncih2170_cart_72h_cart_1,NCI-H2170,gt_image/ncih2170_cart_72h_cart_1.tif,gt_coords/ncih2170_cart_72h_cart_1.npy
ncih2170_cart_72h_cart_10,NCI-H2170,gt_image/ncih2170_cart_72h_cart_10.tif,gt_coords/ncih2170_cart_72h_cart_10.npy
ncih2170_cart_72h_cart_100,NCI-H2170,gt_image/ncih2170_cart_72h_cart_100.tif,gt_coords/ncih2170_cart_72h_cart_100.npy
ncih2170_cart_72h_cart_11,NCI-H2170,gt_image/ncih2170_cart_72h_cart_11.tif,gt_coords/ncih2170_cart_72h_cart_11.npy
ncih2170_cart_72h_cart_12,NCI-H2170,gt_image/ncih2170_cart_72h_cart_12.tif,gt_coords/ncih2170_cart_72h_cart_12.npy
ncih2170_cart_72h_cart_13,NCI-H2170,gt_image/ncih2170_cart_72h_cart_13.tif,gt_coords/ncih2170_cart_72h_cart_13.npy
ncih2170_cart_72h_cart_14,NCI-H2170,gt_image/ncih2170_cart_72h_cart_14.tif,gt_coords/ncih2170_cart_72h_cart_14.npy
ncih2170_cart_72h_cart_16,NCI-H2170,gt_image/ncih2170_cart_72h_cart_16.tif,gt_coords/ncih2170_cart_72h_cart_16.npy
ncih2170_cart_72h_cart_17,NCI-H2170,gt_image/ncih2170_cart_72h_cart_17.tif,gt_coords/ncih2170_cart_72h_cart_17.npy
ncih2170_cart_72h_cart_18,NCI-H2170,gt_image/ncih2170_cart_72h_cart_18.tif,gt_coords/ncih2170_cart_72h_cart_18.npy
ncih2170_cart_72h_cart_19,NCI-H2170,gt_image/ncih2170_cart_72h_cart_19.tif,gt_coords/ncih2170_cart_72h_cart_19.npy
ncih2170_cart_72h_cart_2,NCI-H2170,gt_image/ncih2170_cart_72h_cart_2.tif,gt_coords/ncih2170_cart_72h_cart_2.npy
ncih2170_cart_72h_cart_20,NCI-H2170,gt_image/ncih2170_cart_72h_cart_20.tif,gt_coords/ncih2170_cart_72h_cart_20.npy
ncih2170_cart_72h_cart_21,NCI-H2170,gt_image/ncih2170_cart_72h_cart_21.tif,gt_coords/ncih2170_cart_72h_cart_21.npy
ncih2170_cart_72h_cart_22,NCI-H2170,gt_image/ncih2170_cart_72h_cart_22.tif,gt_coords/ncih2170_cart_72h_cart_22.npy
ncih2170_cart_72h_cart_23,NCI-H2170,gt_image/ncih2170_cart_72h_cart_23.tif,gt_coords/ncih2170_cart_72h_cart_23.npy
ncih2170_cart_72h_cart_24,NCI-H2170,gt_image/ncih2170_cart_72h_cart_24.tif,gt_coords/ncih2170_cart_72h_cart_24.npy
ncih2170_cart_72h_cart_25,NCI-H2170,gt_image/ncih2170_cart_72h_cart_25.tif,gt_coords/ncih2170_cart_72h_cart_25.npy
ncih2170_cart_72h_cart_26,NCI-H2170,gt_image/ncih2170_cart_72h_cart_26.tif,gt_coords/ncih2170_cart_72h_cart_26.npy
ncih2170_cart_72h_cart_27,NCI-H2170,gt_image/ncih2170_cart_72h_cart_27.tif,gt_coords/ncih2170_cart_72h_cart_27.npy
ncih2170_cart_72h_cart_28,NCI-H2170,gt_image/ncih2170_cart_72h_cart_28.tif,gt_coords/ncih2170_cart_72h_cart_28.npy
ncih2170_cart_72h_cart_29,NCI-H2170,gt_image/ncih2170_cart_72h_cart_29.tif,gt_coords/ncih2170_cart_72h_cart_29.npy
ncih2170_cart_72h_cart_3,NCI-H2170,gt_image/ncih2170_cart_72h_cart_3.tif,gt_coords/ncih2170_cart_72h_cart_3.npy
ncih2170_cart_72h_cart_30,NCI-H2170,gt_image/ncih2170_cart_72h_cart_30.tif,gt_coords/ncih2170_cart_72h_cart_30.npy
ncih2170_cart_72h_cart_31,NCI-H2170,gt_image/ncih2170_cart_72h_cart_31.tif,gt_coords/ncih2170_cart_72h_cart_31.npy
ncih2170_cart_72h_cart_32,NCI-H2170,gt_image/ncih2170_cart_72h_cart_32.tif,gt_coords/ncih2170_cart_72h_cart_32.npy
ncih2170_cart_72h_cart_33,NCI-H2170,gt_image/ncih2170_cart_72h_cart_33.tif,gt_coords/ncih2170_cart_72h_cart_33.npy
ncih2170_cart_72h_cart_34,NCI-H2170,gt_image/ncih2170_cart_72h_cart_34.tif,gt_coords/ncih2170_cart_72h_cart_34.npy
ncih2170_cart_72h_cart_35,NCI-H2170,gt_image/ncih2170_cart_72h_cart_35.tif,gt_coords/ncih2170_cart_72h_cart_35.npy
ncih2170_cart_72h_cart_36,NCI-H2170,gt_image/ncih2170_cart_72h_cart_36.tif,gt_coords/ncih2170_cart_72h_cart_36.npy
ncih2170_cart_72h_cart_37,NCI-H2170,gt_image/ncih2170_cart_72h_cart_37.tif,gt_coords/ncih2170_cart_72h_cart_37.npy
ncih2170_cart_72h_cart_38,NCI-H2170,gt_image/ncih2170_cart_72h_cart_38.tif,gt_coords/ncih2170_cart_72h_cart_38.npy
ncih2170_cart_72h_cart_39,NCI-H2170,gt_image/ncih2170_cart_72h_cart_39.tif,gt_coords/ncih2170_cart_72h_cart_39.npy
ncih2170_cart_72h_cart_4,NCI-H2170,gt_image/ncih2170_cart_72h_cart_4.tif,gt_coords/ncih2170_cart_72h_cart_4.npy
ncih2170_cart_72h_cart_40,NCI-H2170,gt_image/ncih2170_cart_72h_cart_40.tif,gt_coords/ncih2170_cart_72h_cart_40.npy
ncih2170_cart_72h_cart_42,NCI-H2170,gt_image/ncih2170_cart_72h_cart_42.tif,gt_coords/ncih2170_cart_72h_cart_42.npy
ncih2170_cart_72h_cart_43,NCI-H2170,gt_image/ncih2170_cart_72h_cart_43.tif,gt_coords/ncih2170_cart_72h_cart_43.npy
ncih2170_cart_72h_cart_44,NCI-H2170,gt_image/ncih2170_cart_72h_cart_44.tif,gt_coords/ncih2170_cart_72h_cart_44.npy
ncih2170_cart_72h_cart_45,NCI-H2170,gt_image/ncih2170_cart_72h_cart_45.tif,gt_coords/ncih2170_cart_72h_cart_45.npy
ncih2170_cart_72h_cart_46,NCI-H2170,gt_image/ncih2170_cart_72h_cart_46.tif,gt_coords/ncih2170_cart_72h_cart_46.npy
ncih2170_cart_72h_cart_47,NCI-H2170,gt_image/ncih2170_cart_72h_cart_47.tif,gt_coords/ncih2170_cart_72h_cart_47.npy
ncih2170_cart_72h_cart_48,NCI-H2170,gt_image/ncih2170_cart_72h_cart_48.tif,gt_coords/ncih2170_cart_72h_cart_48.npy
ncih2170_cart_72h_cart_49,NCI-H2170,gt_image/ncih2170_cart_72h_cart_49.tif,gt_coords/ncih2170_cart_72h_cart_49.npy
ncih2170_cart_72h_cart_5,NCI-H2170,gt_image/ncih2170_cart_72h_cart_5.tif,gt_coords/ncih2170_cart_72h_cart_5.npy
ncih2170_cart_72h_cart_50,NCI-H2170,gt_image/ncih2170_cart_72h_cart_50.tif,gt_coords/ncih2170_cart_72h_cart_50.npy
ncih2170_cart_72h_cart_52,NCI-H2170,gt_image/ncih2170_cart_72h_cart_52.tif,gt_coords/ncih2170_cart_72h_cart_52.npy
ncih2170_cart_72h_cart_53,NCI-H2170,gt_image/ncih2170_cart_72h_cart_53.tif,gt_coords/ncih2170_cart_72h_cart_53.npy
ncih2170_cart_72h_cart_54,NCI-H2170,gt_image/ncih2170_cart_72h_cart_54.tif,gt_coords/ncih2170_cart_72h_cart_54.npy
ncih2170_cart_72h_cart_55,NCI-H2170,gt_image/ncih2170_cart_72h_cart_55.tif,gt_coords/ncih2170_cart_72h_cart_55.npy
ncih2170_cart_72h_cart_56,NCI-H2170,gt_image/ncih2170_cart_72h_cart_56.tif,gt_coords/ncih2170_cart_72h_cart_56.npy
ncih2170_cart_72h_cart_57,NCI-H2170,gt_image/ncih2170_cart_72h_cart_57.tif,gt_coords/ncih2170_cart_72h_cart_57.npy
ncih2170_cart_72h_cart_58,NCI-H2170,gt_image/ncih2170_cart_72h_cart_58.tif,gt_coords/ncih2170_cart_72h_cart_58.npy
ncih2170_cart_72h_cart_59,NCI-H2170,gt_image/ncih2170_cart_72h_cart_59.tif,gt_coords/ncih2170_cart_72h_cart_59.npy
ncih2170_cart_72h_cart_6,NCI-H2170,gt_image/ncih2170_cart_72h_cart_6.tif,gt_coords/ncih2170_cart_72h_cart_6.npy
ncih2170_cart_72h_cart_60,NCI-H2170,gt_image/ncih2170_cart_72h_cart_60.tif,gt_coords/ncih2170_cart_72h_cart_60.npy
ncih2170_cart_72h_cart_61,NCI-H2170,gt_image/ncih2170_cart_72h_cart_61.tif,gt_coords/ncih2170_cart_72h_cart_61.npy
ncih2170_cart_72h_cart_62,NCI-H2170,gt_image/ncih2170_cart_72h_cart_62.tif,gt_coords/ncih2170_cart_72h_cart_62.npy
ncih2170_cart_72h_cart_63,NCI-H2170,gt_image/ncih2170_cart_72h_cart_63.tif,gt_coords/ncih2170_cart_72h_cart_63.npy
ncih2170_cart_72h_cart_64,NCI-H2170,gt_image/ncih2170_cart_72h_cart_64.tif,gt_coords/ncih2170_cart_72h_cart_64.npy
ncih2170_cart_72h_cart_65,NCI-H2170,gt_image/ncih2170_cart_72h_cart_65.tif,gt_coords/ncih2170_cart_72h_cart_65.npy
ncih2170_cart_72h_cart_68,NCI-H2170,gt_image/ncih2170_cart_72h_cart_68.tif,gt_coords/ncih2170_cart_72h_cart_68.npy
ncih2170_cart_72h_cart_69,NCI-H2170,gt_image/ncih2170_cart_72h_cart_69.tif,gt_coords/ncih2170_cart_72h_cart_69.npy
ncih2170_cart_72h_cart_7,NCI-H2170,gt_image/ncih2170_cart_72h_cart_7.tif,gt_coords/ncih2170_cart_72h_cart_7.npy
ncih2170_cart_72h_cart_70,NCI-H2170,gt_image/ncih2170_cart_72h_cart_70.tif,gt_coords/ncih2170_cart_72h_cart_70.npy
ncih2170_cart_72h_cart_71,NCI-H2170,gt_image/ncih2170_cart_72h_cart_71.tif,gt_coords/ncih2170_cart_72h_cart_71.npy
ncih2170_cart_72h_cart_72,NCI-H2170,gt_image/ncih2170_cart_72h_cart_72.tif,gt_coords/ncih2170_cart_72h_cart_72.npy
ncih2170_cart_72h_cart_73,NCI-H2170,gt_image/ncih2170_cart_72h_cart_73.tif,gt_coords/ncih2170_cart_72h_cart_73.npy
ncih2170_cart_72h_cart_74,NCI-H2170,gt_image/ncih2170_cart_72h_cart_74.tif,gt_coords/ncih2170_cart_72h_cart_74.npy
ncih2170_cart_72h_cart_75,NCI-H2170,gt_image/ncih2170_cart_72h_cart_75.tif,gt_coords/ncih2170_cart_72h_cart_75.npy
ncih2170_cart_72h_cart_76,NCI-H2170,gt_image/ncih2170_cart_72h_cart_76.tif,gt_coords/ncih2170_cart_72h_cart_76.npy
ncih2170_cart_72h_cart_77,NCI-H2170,gt_image/ncih2170_cart_72h_cart_77.tif,gt_coords/ncih2170_cart_72h_cart_77.npy
ncih2170_cart_72h_cart_78,NCI-H2170,gt_image/ncih2170_cart_72h_cart_78.tif,gt_coords/ncih2170_cart_72h_cart_78.npy
ncih2170_cart_72h_cart_79,NCI-H2170,gt_image/ncih2170_cart_72h_cart_79.tif,gt_coords/ncih2170_cart_72h_cart_79.npy
ncih2170_cart_72h_cart_8,NCI-H2170,gt_image/ncih2170_cart_72h_cart_8.tif,gt_coords/ncih2170_cart_72h_cart_8.npy
ncih2170_cart_72h_cart_80,NCI-H2170,gt_image/ncih2170_cart_72h_cart_80.tif,gt_coords/ncih2170_cart_72h_cart_80.npy
ncih2170_cart_72h_cart_81,NCI-H2170,gt_image/ncih2170_cart_72h_cart_81.tif,gt_coords/ncih2170_cart_72h_cart_81.npy
ncih2170_cart_72h_cart_82,NCI-H2170,gt_image/ncih2170_cart_72h_cart_82.tif,gt_coords/ncih2170_cart_72h_cart_82.npy
ncih2170_cart_72h_cart_83,NCI-H2170,gt_image/ncih2170_cart_72h_cart_83.tif,gt_coords/ncih2170_cart_72h_cart_83.npy
ncih2170_cart_72h_cart_84,NCI-H2170,gt_image/ncih2170_cart_72h_cart_84.tif,gt_coords/ncih2170_cart_72h_cart_84.npy
ncih2170_cart_72h_cart_85,NCI-H2170,gt_image/ncih2170_cart_72h_cart_85.tif,gt_coords/ncih2170_cart_72h_cart_85.npy
ncih2170_cart_72h_cart_87,NCI-H2170,gt_image/ncih2170_cart_72h_cart_87.tif,gt_coords/ncih2170_cart_72h_cart_87.npy
ncih2170_cart_72h_cart_88,NCI-H2170,gt_image/ncih2170_cart_72h_cart_88.tif,gt_coords/ncih2170_cart_72h_cart_88.npy
ncih2170_cart_72h_cart_89,NCI-H2170,gt_image/ncih2170_cart_72h_cart_89.tif,gt_coords/ncih2170_cart_72h_cart_89.npy
ncih2170_cart_72h_cart_9,NCI-H2170,gt_image/ncih2170_cart_72h_cart_9.tif,gt_coords/ncih2170_cart_72h_cart_9.npy
ncih2170_cart_72h_cart_90,NCI-H2170,gt_image/ncih2170_cart_72h_cart_90.tif,gt_coords/ncih2170_cart_72h_cart_90.npy
ncih2170_cart_72h_cart_91,NCI-H2170,gt_image/ncih2170_cart_72h_cart_91.tif,gt_coords/ncih2170_cart_72h_cart_91.npy
ncih2170_cart_72h_cart_93,NCI-H2170,gt_image/ncih2170_cart_72h_cart_93.tif,gt_coords/ncih2170_cart_72h_cart_93.npy
ncih2170_cart_72h_cart_94,NCI-H2170,gt_image/ncih2170_cart_72h_cart_94.tif,gt_coords/ncih2170_cart_72h_cart_94.npy
ncih2170_cart_72h_cart_95,NCI-H2170,gt_image/ncih2170_cart_72h_cart_95.tif,gt_coords/ncih2170_cart_72h_cart_95.npy
ncih2170_cart_72h_cart_96,NCI-H2170,gt_image/ncih2170_cart_72h_cart_96.tif,gt_coords/ncih2170_cart_72h_cart_96.npy
ncih2170_cart_72h_cart_97,NCI-H2170,gt_image/ncih2170_cart_72h_cart_97.tif,gt_coords/ncih2170_cart_72h_cart_97.npy
ncih2170_cart_72h_cart_99,NCI-H2170,gt_image/ncih2170_cart_72h_cart_99.tif,gt_coords/ncih2170_cart_72h_cart_99.npy
ncih2170_cart_72h_nt_ctrl_1,NCI-H2170,gt_image/ncih2170_cart_72h_nt_ctrl_1.tif,gt_coords/ncih2170_cart_72h_nt_ctrl_1.npy
ncih2170_cart_72h_nt_ctrl_10,NCI-H2170,gt_image/ncih2170_cart_72h_nt_ctrl_10.tif,gt_coords/ncih2170_cart_72h_nt_ctrl_10.npy
ncih2170_cart_72h_nt_ctrl_100,NCI-H2170,gt_image/ncih2170_cart_72h_nt_ctrl_100.tif,gt_coords/ncih2170_cart_72h_nt_ctrl_100.npy
ncih2170_cart_72h_nt_ctrl_11,NCI-H2170,gt_image/ncih2170_cart_72h_nt_ctrl_11.tif,gt_coords/ncih2170_cart_72h_nt_ctrl_11.npy
ncih2170_cart_72h_nt_ctrl_12,NCI-H2170,gt_image/ncih2170_cart_72h_nt_ctrl_12.tif,gt_coords/ncih2170_cart_72h_nt_ctrl_12.npy
ncih2170_cart_72h_nt_ctrl_13,NCI-H2170,gt_image/ncih2170_cart_72h_nt_ctrl_13.tif,gt_coords/ncih2170_cart_72h_nt_ctrl_13.npy
ncih2170_cart_72h_nt_ctrl_14,NCI-H2170,gt_image/ncih2170_cart_72h_nt_ctrl_14.tif,gt_coords/ncih2170_cart_72h_nt_ctrl_14.npy
ncih2170_cart_72h_nt_ctrl_15,NCI-H2170,gt_image/ncih2170_cart_72h_nt_ctrl_15.tif,gt_coords/ncih2170_cart_72h_nt_ctrl_15.npy
ncih2170_cart_72h_nt_ctrl_16,NCI-H2170,gt_image/ncih2170_cart_72h_nt_ctrl_16.tif,gt_coords/ncih2170_cart_72h_nt_ctrl_16.npy
ncih2170_cart_72h_nt_ctrl_17,NCI-H2170,gt_image/ncih2170_cart_72h_nt_ctrl_17.tif,gt_coords/ncih2170_cart_72h_nt_ctrl_17.npy
ncih2170_cart_72h_nt_ctrl_18,NCI-H2170,gt_image/ncih2170_cart_72h_nt_ctrl_18.tif,gt_coords/ncih2170_cart_72h_nt_ctrl_18.npy
ncih2170_cart_72h_nt_ctrl_19,NCI-H2170,gt_image/ncih2170_cart_72h_nt_ctrl_19.tif,gt_coords/ncih2170_cart_72h_nt_ctrl_19.npy
ncih2170_cart_72h_nt_ctrl_2,NCI-H2170,gt_image/ncih2170_cart_72h_nt_ctrl_2.tif,gt_coords/ncih2170_cart_72h_nt_ctrl_2.npy
ncih2170_cart_72h_nt_ctrl_20,NCI-H2170,gt_image/ncih2170_cart_72h_nt_ctrl_20.tif,gt_coords/ncih2170_cart_72h_nt_ctrl_20.npy
ncih2170_cart_72h_nt_ctrl_21,NCI-H2170,gt_image/ncih2170_cart_72h_nt_ctrl_21.tif,gt_coords/ncih2170_cart_72h_nt_ctrl_21.npy
ncih2170_cart_72h_nt_ctrl_22,NCI-H2170,gt_image/ncih2170_cart_72h_nt_ctrl_22.tif,gt_coords/ncih2170_cart_72h_nt_ctrl_22.npy
ncih2170_cart_72h_nt_ctrl_24,NCI-H2170,gt_image/ncih2170_cart_72h_nt_ctrl_24.tif,gt_coords/ncih2170_cart_72h_nt_ctrl_24.npy
ncih2170_cart_72h_nt_ctrl_25,NCI-H2170,gt_image/ncih2170_cart_72h_nt_ctrl_25.tif,gt_coords/ncih2170_cart_72h_nt_ctrl_25.npy
ncih2170_cart_72h_nt_ctrl_26,NCI-H2170,gt_image/ncih2170_cart_72h_nt_ctrl_26.tif,gt_coords/ncih2170_cart_72h_nt_ctrl_26.npy
ncih2170_cart_72h_nt_ctrl_27,NCI-H2170,gt_image/ncih2170_cart_72h_nt_ctrl_27.tif,gt_coords/ncih2170_cart_72h_nt_ctrl_27.npy
ncih2170_cart_72h_nt_ctrl_28,NCI-H2170,gt_image/ncih2170_cart_72h_nt_ctrl_28.tif,gt_coords/ncih2170_cart_72h_nt_ctrl_28.npy
ncih2170_cart_72h_nt_ctrl_29,NCI-H2170,gt_image/ncih2170_cart_72h_nt_ctrl_29.tif,gt_coords/ncih2170_cart_72h_nt_ctrl_29.npy
ncih2170_cart_72h_nt_ctrl_3,NCI-H2170,gt_image/ncih2170_cart_72h_nt_ctrl_3.tif,gt_coords/ncih2170_cart_72h_nt_ctrl_3.npy
ncih2170_cart_72h_nt_ctrl_30,NCI-H2170,gt_image/ncih2170_cart_72h_nt_ctrl_30.tif,gt_coords/ncih2170_cart_72h_nt_ctrl_30.npy
ncih2170_cart_72h_nt_ctrl_31,NCI-H2170,gt_image/ncih2170_cart_72h_nt_ctrl_31.tif,gt_coords/ncih2170_cart_72h_nt_ctrl_31.npy
ncih2170_cart_72h_nt_ctrl_32,NCI-H2170,gt_image/ncih2170_cart_72h_nt_ctrl_32.tif,gt_coords/ncih2170_cart_72h_nt_ctrl_32.npy
ncih2170_cart_72h_nt_ctrl_33,NCI-H2170,gt_image/ncih2170_cart_72h_nt_ctrl_33.tif,gt_coords/ncih2170_cart_72h_nt_ctrl_33.npy
ncih2170_cart_72h_nt_ctrl_34,NCI-H2170,gt_image/ncih2170_cart_72h_nt_ctrl_34.tif,gt_coords/ncih2170_cart_72h_nt_ctrl_34.npy
ncih2170_cart_72h_nt_ctrl_35,NCI-H2170,gt_image/ncih2170_cart_72h_nt_ctrl_35.tif,gt_coords/ncih2170_cart_72h_nt_ctrl_35.npy
ncih2170_cart_72h_nt_ctrl_36,NCI-H2170,gt_image/ncih2170_cart_72h_nt_ctrl_36.tif,gt_coords/ncih2170_cart_72h_nt_ctrl_36.npy
ncih2170_cart_72h_nt_ctrl_37,NCI-H2170,gt_image/ncih2170_cart_72h_nt_ctrl_37.tif,gt_coords/ncih2170_cart_72h_nt_ctrl_37.npy
ncih2170_cart_72h_nt_ctrl_38,NCI-H2170,gt_image/ncih2170_cart_72h_nt_ctrl_38.tif,gt_coords/ncih2170_cart_72h_nt_ctrl_38.npy
ncih2170_cart_72h_nt_ctrl_39,NCI-H2170,gt_image/ncih2170_cart_72h_nt_ctrl_39.tif,gt_coords/ncih2170_cart_72h_nt_ctrl_39.npy
ncih2170_cart_72h_nt_ctrl_4,NCI-H2170,gt_image/ncih2170_cart_72h_nt_ctrl_4.tif,gt_coords/ncih2170_cart_72h_nt_ctrl_4.npy
ncih2170_cart_72h_nt_ctrl_40,NCI-H2170,gt_image/ncih2170_cart_72h_nt_ctrl_40.tif,gt_coords/ncih2170_cart_72h_nt_ctrl_40.npy
ncih2170_cart_72h_nt_ctrl_41,NCI-H2170,gt_image/ncih2170_cart_72h_nt_ctrl_41.tif,gt_coords/ncih2170_cart_72h_nt_ctrl_41.npy
ncih2170_cart_72h_nt_ctrl_42,NCI-H2170,gt_image/ncih2170_cart_72h_nt_ctrl_42.tif,gt_coords/ncih2170_cart_72h_nt_ctrl_42.npy
ncih2170_cart_72h_nt_ctrl_43,NCI-H2170,gt_image/ncih2170_cart_72h_nt_ctrl_43.tif,gt_coords/ncih2170_cart_72h_nt_ctrl_43.npy
ncih2170_cart_72h_nt_ctrl_44,NCI-H2170,gt_image/ncih2170_cart_72h_nt_ctrl_44.tif,gt_coords/ncih2170_cart_72h_nt_ctrl_44.npy
ncih2170_cart_72h_nt_ctrl_45,NCI-H2170,gt_image/ncih2170_cart_72h_nt_ctrl_45.tif,gt_coords/ncih2170_cart_72h_nt_ctrl_45.npy
ncih2170_cart_72h_nt_ctrl_46,NCI-H2170,gt_image/ncih2170_cart_72h_nt_ctrl_46.tif,gt_coords/ncih2170_cart_72h_nt_ctrl_46.npy
ncih2170_cart_72h_nt_ctrl_47,NCI-H2170,gt_image/ncih2170_cart_72h_nt_ctrl_47.tif,gt_coords/ncih2170_cart_72h_nt_ctrl_47.npy
ncih2170_cart_72h_nt_ctrl_48,NCI-H2170,gt_image/ncih2170_cart_72h_nt_ctrl_48.tif,gt_coords/ncih2170_cart_72h_nt_ctrl_48.npy
ncih2170_cart_72h_nt_ctrl_49,NCI-H2170,gt_image/ncih2170_cart_72h_nt_ctrl_49.tif,gt_coords/ncih2170_cart_72h_nt_ctrl_49.npy
ncih2170_cart_72h_nt_ctrl_5,NCI-H2170,gt_image/ncih2170_cart_72h_nt_ctrl_5.tif,gt_coords/ncih2170_cart_72h_nt_ctrl_5.npy
ncih2170_cart_72h_nt_ctrl_50,NCI-H2170,gt_image/ncih2170_cart_72h_nt_ctrl_50.tif,gt_coords/ncih2170_cart_72h_nt_ctrl_50.npy
ncih2170_cart_72h_nt_ctrl_51,NCI-H2170,gt_image/ncih2170_cart_72h_nt_ctrl_51.tif,gt_coords/ncih2170_cart_72h_nt_ctrl_51.npy
ncih2170_cart_72h_nt_ctrl_52,NCI-H2170,gt_image/ncih2170_cart_72h_nt_ctrl_52.tif,gt_coords/ncih2170_cart_72h_nt_ctrl_52.npy
ncih2170_cart_72h_nt_ctrl_53,NCI-H2170,gt_image/ncih2170_cart_72h_nt_ctrl_53.tif,gt_coords/ncih2170_cart_72h_nt_ctrl_53.npy
ncih2170_cart_72h_nt_ctrl_54,NCI-H2170,gt_image/ncih2170_cart_72h_nt_ctrl_54.tif,gt_coords/ncih2170_cart_72h_nt_ctrl_54.npy
ncih2170_cart_72h_nt_ctrl_55,NCI-H2170,gt_image/ncih2170_cart_72h_nt_ctrl_55.tif,gt_coords/ncih2170_cart_72h_nt_ctrl_55.npy
ncih2170_cart_72h_nt_ctrl_56,NCI-H2170,gt_image/ncih2170_cart_72h_nt_ctrl_56.tif,gt_coords/ncih2170_cart_72h_nt_ctrl_56.npy
ncih2170_cart_72h_nt_ctrl_57,NCI-H2170,gt_image/ncih2170_cart_72h_nt_ctrl_57.tif,gt_coords/ncih2170_cart_72h_nt_ctrl_57.npy
ncih2170_cart_72h_nt_ctrl_58,NCI-H2170,gt_image/ncih2170_cart_72h_nt_ctrl_58.tif,gt_coords/ncih2170_cart_72h_nt_ctrl_58.npy
ncih2170_cart_72h_nt_ctrl_59,NCI-H2170,gt_image/ncih2170_cart_72h_nt_ctrl_59.tif,gt_coords/ncih2170_cart_72h_nt_ctrl_59.npy
ncih2170_cart_72h_nt_ctrl_6,NCI-H2170,gt_image/ncih2170_cart_72h_nt_ctrl_6.tif,gt_coords/ncih2170_cart_72h_nt_ctrl_6.npy
ncih2170_cart_72h_nt_ctrl_60,NCI-H2170,gt_image/ncih2170_cart_72h_nt_ctrl_60.tif,gt_coords/ncih2170_cart_72h_nt_ctrl_60.npy
ncih2170_cart_72h_nt_ctrl_61,NCI-H2170,gt_image/ncih2170_cart_72h_nt_ctrl_61.tif,gt_coords/ncih2170_cart_72h_nt_ctrl_61.npy
ncih2170_cart_72h_nt_ctrl_62,NCI-H2170,gt_image/ncih2170_cart_72h_nt_ctrl_62.tif,gt_coords/ncih2170_cart_72h_nt_ctrl_62.npy
ncih2170_cart_72h_nt_ctrl_63,NCI-H2170,gt_image/ncih2170_cart_72h_nt_ctrl_63.tif,gt_coords/ncih2170_cart_72h_nt_ctrl_63.npy
ncih2170_cart_72h_nt_ctrl_64,NCI-H2170,gt_image/ncih2170_cart_72h_nt_ctrl_64.tif,gt_coords/ncih2170_cart_72h_nt_ctrl_64.npy
ncih2170_cart_72h_nt_ctrl_65,NCI-H2170,gt_image/ncih2170_cart_72h_nt_ctrl_65.tif,gt_coords/ncih2170_cart_72h_nt_ctrl_65.npy
ncih2170_cart_72h_nt_ctrl_66,NCI-H2170,gt_image/ncih2170_cart_72h_nt_ctrl_66.tif,gt_coords/ncih2170_cart_72h_nt_ctrl_66.npy
ncih2170_cart_72h_nt_ctrl_67,NCI-H2170,gt_image/ncih2170_cart_72h_nt_ctrl_67.tif,gt_coords/ncih2170_cart_72h_nt_ctrl_67.npy
ncih2170_cart_72h_nt_ctrl_68,NCI-H2170,gt_image/ncih2170_cart_72h_nt_ctrl_68.tif,gt_coords/ncih2170_cart_72h_nt_ctrl_68.npy
ncih2170_cart_72h_nt_ctrl_69,NCI-H2170,gt_image/ncih2170_cart_72h_nt_ctrl_69.tif,gt_coords/ncih2170_cart_72h_nt_ctrl_69.npy
ncih2170_cart_72h_nt_ctrl_7,NCI-H2170,gt_image/ncih2170_cart_72h_nt_ctrl_7.tif,gt_coords/ncih2170_cart_72h_nt_ctrl_7.npy
ncih2170_cart_72h_nt_ctrl_71,NCI-H2170,gt_image/ncih2170_cart_72h_nt_ctrl_71.tif,gt_coords/ncih2170_cart_72h_nt_ctrl_71.npy
ncih2170_cart_72h_nt_ctrl_72,NCI-H2170,gt_image/ncih2170_cart_72h_nt_ctrl_72.tif,gt_coords/ncih2170_cart_72h_nt_ctrl_72.npy
ncih2170_cart_72h_nt_ctrl_73,NCI-H2170,gt_image/ncih2170_cart_72h_nt_ctrl_73.tif,gt_coords/ncih2170_cart_72h_nt_ctrl_73.npy
ncih2170_cart_72h_nt_ctrl_74,NCI-H2170,gt_image/ncih2170_cart_72h_nt_ctrl_74.tif,gt_coords/ncih2170_cart_72h_nt_ctrl_74.npy
ncih2170_cart_72h_nt_ctrl_75,NCI-H2170,gt_image/ncih2170_cart_72h_nt_ctrl_75.tif,gt_coords/ncih2170_cart_72h_nt_ctrl_75.npy
ncih2170_cart_72h_nt_ctrl_76,NCI-H2170,gt_image/ncih2170_cart_72h_nt_ctrl_76.tif,gt_coords/ncih2170_cart_72h_nt_ctrl_76.npy
ncih2170_cart_72h_nt_ctrl_77,NCI-H2170,gt_image/ncih2170_cart_72h_nt_ctrl_77.tif,gt_coords/ncih2170_cart_72h_nt_ctrl_77.npy
ncih2170_cart_72h_nt_ctrl_78,NCI-H2170,gt_image/ncih2170_cart_72h_nt_ctrl_78.tif,gt_coords/ncih2170_cart_72h_nt_ctrl_78.npy
ncih2170_cart_72h_nt_ctrl_79,NCI-H2170,gt_image/ncih2170_cart_72h_nt_ctrl_79.tif,gt_coords/ncih2170_cart_72h_nt_ctrl_79.npy
ncih2170_cart_72h_nt_ctrl_8,NCI-H2170,gt_image/ncih2170_cart_72h_nt_ctrl_8.tif,gt_coords/ncih2170_cart_72h_nt_ctrl_8.npy
ncih2170_cart_72h_nt_ctrl_80,NCI-H2170,gt_image/ncih2170_cart_72h_nt_ctrl_80.tif,gt_coords/ncih2170_cart_72h_nt_ctrl_80.npy
ncih2170_cart_72h_nt_ctrl_81,NCI-H2170,gt_image/ncih2170_cart_72h_nt_ctrl_81.tif,gt_coords/ncih2170_cart_72h_nt_ctrl_81.npy
ncih2170_cart_72h_nt_ctrl_82,NCI-H2170,gt_image/ncih2170_cart_72h_nt_ctrl_82.tif,gt_coords/ncih2170_cart_72h_nt_ctrl_82.npy
ncih2170_cart_72h_nt_ctrl_83,NCI-H2170,gt_image/ncih2170_cart_72h_nt_ctrl_83.tif,gt_coords/ncih2170_cart_72h_nt_ctrl_83.npy
ncih2170_cart_72h_nt_ctrl_84,NCI-H2170,gt_image/ncih2170_cart_72h_nt_ctrl_84.tif,gt_coords/ncih2170_cart_72h_nt_ctrl_84.npy
ncih2170_cart_72h_nt_ctrl_85,NCI-H2170,gt_image/ncih2170_cart_72h_nt_ctrl_85.tif,gt_coords/ncih2170_cart_72h_nt_ctrl_85.npy
ncih2170_cart_72h_nt_ctrl_86,NCI-H2170,gt_image/ncih2170_cart_72h_nt_ctrl_86.tif,gt_coords/ncih2170_cart_72h_nt_ctrl_86.npy
ncih2170_cart_72h_nt_ctrl_87,NCI-H2170,gt_image/ncih2170_cart_72h_nt_ctrl_87.tif,gt_coords/ncih2170_cart_72h_nt_ctrl_87.npy
ncih2170_cart_72h_nt_ctrl_88,NCI-H2170,gt_image/ncih2170_cart_72h_nt_ctrl_88.tif,gt_coords/ncih2170_cart_72h_nt_ctrl_88.npy
ncih2170_cart_72h_nt_ctrl_89,NCI-H2170,gt_image/ncih2170_cart_72h_nt_ctrl_89.tif,gt_coords/ncih2170_cart_72h_nt_ctrl_89.npy
ncih2170_cart_72h_nt_ctrl_9,NCI-H2170,gt_image/ncih2170_cart_72h_nt_ctrl_9.tif,gt_coords/ncih2170_cart_72h_nt_ctrl_9.npy
ncih2170_cart_72h_nt_ctrl_90,NCI-H2170,gt_image/ncih2170_cart_72h_nt_ctrl_90.tif,gt_coords/ncih2170_cart_72h_nt_ctrl_90.npy
ncih2170_cart_72h_nt_ctrl_91,NCI-H2170,gt_image/ncih2170_cart_72h_nt_ctrl_91.tif,gt_coords/ncih2170_cart_72h_nt_ctrl_91.npy
ncih2170_cart_72h_nt_ctrl_92,NCI-H2170,gt_image/ncih2170_cart_72h_nt_ctrl_92.tif,gt_coords/ncih2170_cart_72h_nt_ctrl_92.npy
ncih2170_cart_72h_nt_ctrl_93,NCI-H2170,gt_image/ncih2170_cart_72h_nt_ctrl_93.tif,gt_coords/ncih2170_cart_72h_nt_ctrl_93.npy
ncih2170_cart_72h_nt_ctrl_94,NCI-H2170,gt_image/ncih2170_cart_72h_nt_ctrl_94.tif,gt_coords/ncih2170_cart_72h_nt_ctrl_94.npy
ncih2170_cart_72h_nt_ctrl_95,NCI-H2170,gt_image/ncih2170_cart_72h_nt_ctrl_95.tif,gt_coords/ncih2170_cart_72h_nt_ctrl_95.npy
ncih2170_cart_72h_nt_ctrl_96,NCI-H2170,gt_image/ncih2170_cart_72h_nt_ctrl_96.tif,gt_coords/ncih2170_cart_72h_nt_ctrl_96.npy
ncih2170_cart_72h_nt_ctrl_97,NCI-H2170,gt_image/ncih2170_cart_72h_nt_ctrl_97.tif,gt_coords/ncih2170_cart_72h_nt_ctrl_97.npy
ncih2170_cart_72h_nt_ctrl_98,NCI-H2170,gt_image/ncih2170_cart_72h_nt_ctrl_98.tif,gt_coords/ncih2170_cart_72h_nt_ctrl_98.npy
ncih2170_cart_72h_nt_ctrl_99,NCI-H2170,gt_image/ncih2170_cart_72h_nt_ctrl_99.tif,gt_coords/ncih2170_cart_72h_nt_ctrl_99.npy
ncih2170_ctrl_1_10,NCI-H2170,gt_image/ncih2170_ctrl_1_10.tif,gt_coords/ncih2170_ctrl_1_10.npy
ncih2170_ctrl_1_14,NCI-H2170,gt_image/ncih2170_ctrl_1_14.tif,gt_coords/ncih2170_ctrl_1_14.npy
ncih2170_ctrl_1_15,NCI-H2170,gt_image/ncih2170_ctrl_1_15.tif,gt_coords/ncih2170_ctrl_1_15.npy
ncih2170_ctrl_1_16,NCI-H2170,gt_image/ncih2170_ctrl_1_16.tif,gt_coords/ncih2170_ctrl_1_16.npy
ncih2170_ctrl_1_17,NCI-H2170,gt_image/ncih2170_ctrl_1_17.tif,gt_coords/ncih2170_ctrl_1_17.npy
ncih2170_ctrl_1_18,NCI-H2170,gt_image/ncih2170_ctrl_1_18.tif,gt_coords/ncih2170_ctrl_1_18.npy
ncih2170_ctrl_1_19,NCI-H2170,gt_image/ncih2170_ctrl_1_19.tif,gt_coords/ncih2170_ctrl_1_19.npy
ncih2170_ctrl_1_20,NCI-H2170,gt_image/ncih2170_ctrl_1_20.tif,gt_coords/ncih2170_ctrl_1_20.npy
ncih2170_ctrl_1_21,NCI-H2170,gt_image/ncih2170_ctrl_1_21.tif,gt_coords/ncih2170_ctrl_1_21.npy
ncih2170_ctrl_1_22,NCI-H2170,gt_image/ncih2170_ctrl_1_22.tif,gt_coords/ncih2170_ctrl_1_22.npy
ncih2170_ctrl_1_23,NCI-H2170,gt_image/ncih2170_ctrl_1_23.tif,gt_coords/ncih2170_ctrl_1_23.npy
ncih2170_ctrl_1_24,NCI-H2170,gt_image/ncih2170_ctrl_1_24.tif,gt_coords/ncih2170_ctrl_1_24.npy
ncih2170_ctrl_1_25,NCI-H2170,gt_image/ncih2170_ctrl_1_25.tif,gt_coords/ncih2170_ctrl_1_25.npy
ncih2170_ctrl_1_26,NCI-H2170,gt_image/ncih2170_ctrl_1_26.tif,gt_coords/ncih2170_ctrl_1_26.npy
ncih2170_ctrl_1_27,NCI-H2170,gt_image/ncih2170_ctrl_1_27.tif,gt_coords/ncih2170_ctrl_1_27.npy
ncih2170_ctrl_1_28,NCI-H2170,gt_image/ncih2170_ctrl_1_28.tif,gt_coords/ncih2170_ctrl_1_28.npy
ncih2170_ctrl_1_29,NCI-H2170,gt_image/ncih2170_ctrl_1_29.tif,gt_coords/ncih2170_ctrl_1_29.npy
ncih2170_ctrl_1_3,NCI-H2170,gt_image/ncih2170_ctrl_1_3.tif,gt_coords/ncih2170_ctrl_1_3.npy
ncih2170_ctrl_1_30,NCI-H2170,gt_image/ncih2170_ctrl_1_30.tif,gt_coords/ncih2170_ctrl_1_30.npy
ncih2170_ctrl_1_31,NCI-H2170,gt_image/ncih2170_ctrl_1_31.tif,gt_coords/ncih2170_ctrl_1_31.npy
ncih2170_ctrl_1_32,NCI-H2170,gt_image/ncih2170_ctrl_1_32.tif,gt_coords/ncih2170_ctrl_1_32.npy
ncih2170_ctrl_1_33,NCI-H2170,gt_image/ncih2170_ctrl_1_33.tif,gt_coords/ncih2170_ctrl_1_33.npy
ncih2170_ctrl_1_34,NCI-H2170,gt_image/ncih2170_ctrl_1_34.tif,gt_coords/ncih2170_ctrl_1_34.npy
ncih2170_ctrl_1_35,NCI-H2170,gt_image/ncih2170_ctrl_1_35.tif,gt_coords/ncih2170_ctrl_1_35.npy
ncih2170_ctrl_1_36,NCI-H2170,gt_image/ncih2170_ctrl_1_36.tif,gt_coords/ncih2170_ctrl_1_36.npy
ncih2170_ctrl_1_37,NCI-H2170,gt_image/ncih2170_ctrl_1_37.tif,gt_coords/ncih2170_ctrl_1_37.npy
ncih2170_ctrl_1_38,NCI-H2170,gt_image/ncih2170_ctrl_1_38.tif,gt_coords/ncih2170_ctrl_1_38.npy
ncih2170_ctrl_1_39,NCI-H2170,gt_image/ncih2170_ctrl_1_39.tif,gt_coords/ncih2170_ctrl_1_39.npy
ncih2170_ctrl_1_41,NCI-H2170,gt_image/ncih2170_ctrl_1_41.tif,gt_coords/ncih2170_ctrl_1_41.npy
ncih2170_ctrl_1_44,NCI-H2170,gt_image/ncih2170_ctrl_1_44.tif,gt_coords/ncih2170_ctrl_1_44.npy
ncih2170_ctrl_1_45,NCI-H2170,gt_image/ncih2170_ctrl_1_45.tif,gt_coords/ncih2170_ctrl_1_45.npy
ncih2170_ctrl_1_46,NCI-H2170,gt_image/ncih2170_ctrl_1_46.tif,gt_coords/ncih2170_ctrl_1_46.npy
ncih2170_ctrl_1_5,NCI-H2170,gt_image/ncih2170_ctrl_1_5.tif,gt_coords/ncih2170_ctrl_1_5.npy
ncih2170_ctrl_1_50,NCI-H2170,gt_image/ncih2170_ctrl_1_50.tif,gt_coords/ncih2170_ctrl_1_50.npy
ncih2170_ctrl_1_51,NCI-H2170,gt_image/ncih2170_ctrl_1_51.tif,gt_coords/ncih2170_ctrl_1_51.npy
ncih2170_ctrl_1_52,NCI-H2170,gt_image/ncih2170_ctrl_1_52.tif,gt_coords/ncih2170_ctrl_1_52.npy
ncih2170_ctrl_1_53,NCI-H2170,gt_image/ncih2170_ctrl_1_53.tif,gt_coords/ncih2170_ctrl_1_53.npy
ncih2170_ctrl_1_54,NCI-H2170,gt_image/ncih2170_ctrl_1_54.tif,gt_coords/ncih2170_ctrl_1_54.npy
ncih2170_ctrl_1_55,NCI-H2170,gt_image/ncih2170_ctrl_1_55.tif,gt_coords/ncih2170_ctrl_1_55.npy
ncih2170_ctrl_1_58,NCI-H2170,gt_image/ncih2170_ctrl_1_58.tif,gt_coords/ncih2170_ctrl_1_58.npy
ncih2170_ctrl_1_60,NCI-H2170,gt_image/ncih2170_ctrl_1_60.tif,gt_coords/ncih2170_ctrl_1_60.npy
ncih2170_ctrl_1_61,NCI-H2170,gt_image/ncih2170_ctrl_1_61.tif,gt_coords/ncih2170_ctrl_1_61.npy
ncih2170_ctrl_1_62,NCI-H2170,gt_image/ncih2170_ctrl_1_62.tif,gt_coords/ncih2170_ctrl_1_62.npy
ncih2170_ctrl_1_63,NCI-H2170,gt_image/ncih2170_ctrl_1_63.tif,gt_coords/ncih2170_ctrl_1_63.npy
ncih2170_ctrl_1_65,NCI-H2170,gt_image/ncih2170_ctrl_1_65.tif,gt_coords/ncih2170_ctrl_1_65.npy
ncih2170_ctrl_1_66,NCI-H2170,gt_image/ncih2170_ctrl_1_66.tif,gt_coords/ncih2170_ctrl_1_66.npy
ncih2170_ctrl_1_68,NCI-H2170,gt_image/ncih2170_ctrl_1_68.tif,gt_coords/ncih2170_ctrl_1_68.npy
ncih2170_ctrl_1_70,NCI-H2170,gt_image/ncih2170_ctrl_1_70.tif,gt_coords/ncih2170_ctrl_1_70.npy
ncih2170_ctrl_1_82,NCI-H2170,gt_image/ncih2170_ctrl_1_82.tif,gt_coords/ncih2170_ctrl_1_82.npy
ncih2170_ctrl_1_86,NCI-H2170,gt_image/ncih2170_ctrl_1_86.tif,gt_coords/ncih2170_ctrl_1_86.npy
ncih2170_ctrl_1_88,NCI-H2170,gt_image/ncih2170_ctrl_1_88.tif,gt_coords/ncih2170_ctrl_1_88.npy
ncih2170_ctrl_1_89,NCI-H2170,gt_image/ncih2170_ctrl_1_89.tif,gt_coords/ncih2170_ctrl_1_89.npy
ncih2170_ctrl_1_9,NCI-H2170,gt_image/ncih2170_ctrl_1_9.tif,gt_coords/ncih2170_ctrl_1_9.npy
ncih2170_ctrl_1_90,NCI-H2170,gt_image/ncih2170_ctrl_1_90.tif,gt_coords/ncih2170_ctrl_1_90.npy
ncih2170_ctrl_1_91,NCI-H2170,gt_image/ncih2170_ctrl_1_91.tif,gt_coords/ncih2170_ctrl_1_91.npy
ncih2170_ctrl_1_92,NCI-H2170,gt_image/ncih2170_ctrl_1_92.tif,gt_coords/ncih2170_ctrl_1_92.npy
ncih2170_ctrl_1_94,NCI-H2170,gt_image/ncih2170_ctrl_1_94.tif,gt_coords/ncih2170_ctrl_1_94.npy
ncih2170_ctrl_1_95,NCI-H2170,gt_image/ncih2170_ctrl_1_95.tif,gt_coords/ncih2170_ctrl_1_95.npy
ncih2170_ctrl_1_96,NCI-H2170,gt_image/ncih2170_ctrl_1_96.tif,gt_coords/ncih2170_ctrl_1_96.npy
ncih2170_ctrl_1_97,NCI-H2170,gt_image/ncih2170_ctrl_1_97.tif,gt_coords/ncih2170_ctrl_1_97.npy
ncih2170_ctrl_1_98,NCI-H2170,gt_image/ncih2170_ctrl_1_98.tif,gt_coords/ncih2170_ctrl_1_98.npy
ncih2170_ctrl_1_99,NCI-H2170,gt_image/ncih2170_ctrl_1_99.tif,gt_coords/ncih2170_ctrl_1_99.npy
ncih2170_ctrl_2_101,NCI-H2170,gt_image/ncih2170_ctrl_2_101.tif,gt_coords/ncih2170_ctrl_2_101.npy
ncih2170_ctrl_2_102,NCI-H2170,gt_image/ncih2170_ctrl_2_102.tif,gt_coords/ncih2170_ctrl_2_102.npy
ncih2170_ctrl_2_103,NCI-H2170,gt_image/ncih2170_ctrl_2_103.tif,gt_coords/ncih2170_ctrl_2_103.npy
ncih2170_ctrl_2_104,NCI-H2170,gt_image/ncih2170_ctrl_2_104.tif,gt_coords/ncih2170_ctrl_2_104.npy
ncih2170_ctrl_2_105,NCI-H2170,gt_image/ncih2170_ctrl_2_105.tif,gt_coords/ncih2170_ctrl_2_105.npy
ncih2170_ctrl_2_106,NCI-H2170,gt_image/ncih2170_ctrl_2_106.tif,gt_coords/ncih2170_ctrl_2_106.npy
ncih2170_ctrl_2_107,NCI-H2170,gt_image/ncih2170_ctrl_2_107.tif,gt_coords/ncih2170_ctrl_2_107.npy
ncih2170_ctrl_2_109,NCI-H2170,gt_image/ncih2170_ctrl_2_109.tif,gt_coords/ncih2170_ctrl_2_109.npy
ncih2170_ctrl_2_110,NCI-H2170,gt_image/ncih2170_ctrl_2_110.tif,gt_coords/ncih2170_ctrl_2_110.npy
ncih2170_ctrl_2_111,NCI-H2170,gt_image/ncih2170_ctrl_2_111.tif,gt_coords/ncih2170_ctrl_2_111.npy
ncih2170_ctrl_2_112,NCI-H2170,gt_image/ncih2170_ctrl_2_112.tif,gt_coords/ncih2170_ctrl_2_112.npy
ncih2170_ctrl_2_114,NCI-H2170,gt_image/ncih2170_ctrl_2_114.tif,gt_coords/ncih2170_ctrl_2_114.npy
ncih2170_ctrl_2_115,NCI-H2170,gt_image/ncih2170_ctrl_2_115.tif,gt_coords/ncih2170_ctrl_2_115.npy
ncih2170_ctrl_2_116,NCI-H2170,gt_image/ncih2170_ctrl_2_116.tif,gt_coords/ncih2170_ctrl_2_116.npy
ncih2170_ctrl_2_117,NCI-H2170,gt_image/ncih2170_ctrl_2_117.tif,gt_coords/ncih2170_ctrl_2_117.npy
ncih2170_ctrl_2_118,NCI-H2170,gt_image/ncih2170_ctrl_2_118.tif,gt_coords/ncih2170_ctrl_2_118.npy
ncih2170_ctrl_2_119,NCI-H2170,gt_image/ncih2170_ctrl_2_119.tif,gt_coords/ncih2170_ctrl_2_119.npy
ncih2170_ctrl_2_121,NCI-H2170,gt_image/ncih2170_ctrl_2_121.tif,gt_coords/ncih2170_ctrl_2_121.npy
ncih2170_ctrl_2_122,NCI-H2170,gt_image/ncih2170_ctrl_2_122.tif,gt_coords/ncih2170_ctrl_2_122.npy
ncih2170_ctrl_2_123,NCI-H2170,gt_image/ncih2170_ctrl_2_123.tif,gt_coords/ncih2170_ctrl_2_123.npy
ncih2170_ctrl_2_124,NCI-H2170,gt_image/ncih2170_ctrl_2_124.tif,gt_coords/ncih2170_ctrl_2_124.npy
ncih2170_ctrl_2_125,NCI-H2170,gt_image/ncih2170_ctrl_2_125.tif,gt_coords/ncih2170_ctrl_2_125.npy
ncih2170_ctrl_2_126,NCI-H2170,gt_image/ncih2170_ctrl_2_126.tif,gt_coords/ncih2170_ctrl_2_126.npy
ncih2170_ctrl_2_127,NCI-H2170,gt_image/ncih2170_ctrl_2_127.tif,gt_coords/ncih2170_ctrl_2_127.npy
ncih2170_ctrl_2_128,NCI-H2170,gt_image/ncih2170_ctrl_2_128.tif,gt_coords/ncih2170_ctrl_2_128.npy
ncih2170_ctrl_2_129,NCI-H2170,gt_image/ncih2170_ctrl_2_129.tif,gt_coords/ncih2170_ctrl_2_129.npy
ncih2170_ctrl_2_130,NCI-H2170,gt_image/ncih2170_ctrl_2_130.tif,gt_coords/ncih2170_ctrl_2_130.npy
ncih2170_ctrl_2_131,NCI-H2170,gt_image/ncih2170_ctrl_2_131.tif,gt_coords/ncih2170_ctrl_2_131.npy
ncih2170_ctrl_2_132,NCI-H2170,gt_image/ncih2170_ctrl_2_132.tif,gt_coords/ncih2170_ctrl_2_132.npy
ncih2170_ctrl_2_133,NCI-H2170,gt_image/ncih2170_ctrl_2_133.tif,gt_coords/ncih2170_ctrl_2_133.npy
ncih2170_ctrl_2_134,NCI-H2170,gt_image/ncih2170_ctrl_2_134.tif,gt_coords/ncih2170_ctrl_2_134.npy
ncih2170_ctrl_2_135,NCI-H2170,gt_image/ncih2170_ctrl_2_135.tif,gt_coords/ncih2170_ctrl_2_135.npy
ncih2170_ctrl_2_136,NCI-H2170,gt_image/ncih2170_ctrl_2_136.tif,gt_coords/ncih2170_ctrl_2_136.npy
ncih2170_ctrl_2_137,NCI-H2170,gt_image/ncih2170_ctrl_2_137.tif,gt_coords/ncih2170_ctrl_2_137.npy
ncih2170_ctrl_2_138,NCI-H2170,gt_image/ncih2170_ctrl_2_138.tif,gt_coords/ncih2170_ctrl_2_138.npy
ncih2170_ctrl_2_139,NCI-H2170,gt_image/ncih2170_ctrl_2_139.tif,gt_coords/ncih2170_ctrl_2_139.npy
ncih2170_ctrl_2_140,NCI-H2170,gt_image/ncih2170_ctrl_2_140.tif,gt_coords/ncih2170_ctrl_2_140.npy
ncih2170_ctrl_2_141,NCI-H2170,gt_image/ncih2170_ctrl_2_141.tif,gt_coords/ncih2170_ctrl_2_141.npy
ncih2170_ctrl_2_142,NCI-H2170,gt_image/ncih2170_ctrl_2_142.tif,gt_coords/ncih2170_ctrl_2_142.npy
ncih2170_ctrl_2_143,NCI-H2170,gt_image/ncih2170_ctrl_2_143.tif,gt_coords/ncih2170_ctrl_2_143.npy
ncih2170_ctrl_2_21,NCI-H2170,gt_image/ncih2170_ctrl_2_21.tif,gt_coords/ncih2170_ctrl_2_21.npy
ncih2170_ctrl_2_22,NCI-H2170,gt_image/ncih2170_ctrl_2_22.tif,gt_coords/ncih2170_ctrl_2_22.npy
ncih2170_ctrl_2_22_a,NCI-H2170,gt_image/ncih2170_ctrl_2_22_a.tif,gt_coords/ncih2170_ctrl_2_22_a.npy
ncih2170_ctrl_2_22_b,NCI-H2170,gt_image/ncih2170_ctrl_2_22_b.tif,gt_coords/ncih2170_ctrl_2_22_b.npy
ncih2170_ctrl_2_23,NCI-H2170,gt_image/ncih2170_ctrl_2_23.tif,gt_coords/ncih2170_ctrl_2_23.npy
ncih2170_ctrl_2_23_a,NCI-H2170,gt_image/ncih2170_ctrl_2_23_a.tif,gt_coords/ncih2170_ctrl_2_23_a.npy
ncih2170_ctrl_2_24,NCI-H2170,gt_image/ncih2170_ctrl_2_24.tif,gt_coords/ncih2170_ctrl_2_24.npy
ncih2170_ctrl_2_25,NCI-H2170,gt_image/ncih2170_ctrl_2_25.tif,gt_coords/ncih2170_ctrl_2_25.npy
ncih2170_ctrl_2_26,NCI-H2170,gt_image/ncih2170_ctrl_2_26.tif,gt_coords/ncih2170_ctrl_2_26.npy
ncih2170_ctrl_2_27,NCI-H2170,gt_image/ncih2170_ctrl_2_27.tif,gt_coords/ncih2170_ctrl_2_27.npy
ncih2170_ctrl_2_28,NCI-H2170,gt_image/ncih2170_ctrl_2_28.tif,gt_coords/ncih2170_ctrl_2_28.npy
ncih2170_ctrl_2_29,NCI-H2170,gt_image/ncih2170_ctrl_2_29.tif,gt_coords/ncih2170_ctrl_2_29.npy
ncih2170_ctrl_2_30,NCI-H2170,gt_image/ncih2170_ctrl_2_30.tif,gt_coords/ncih2170_ctrl_2_30.npy
ncih2170_ctrl_2_31,NCI-H2170,gt_image/ncih2170_ctrl_2_31.tif,gt_coords/ncih2170_ctrl_2_31.npy
ncih2170_ctrl_2_32,NCI-H2170,gt_image/ncih2170_ctrl_2_32.tif,gt_coords/ncih2170_ctrl_2_32.npy
ncih2170_ctrl_2_35,NCI-H2170,gt_image/ncih2170_ctrl_2_35.tif,gt_coords/ncih2170_ctrl_2_35.npy
ncih2170_ctrl_2_40,NCI-H2170,gt_image/ncih2170_ctrl_2_40.tif,gt_coords/ncih2170_ctrl_2_40.npy
ncih2170_ctrl_2_41,NCI-H2170,gt_image/ncih2170_ctrl_2_41.tif,gt_coords/ncih2170_ctrl_2_41.npy
ncih2170_ctrl_2_92,NCI-H2170,gt_image/ncih2170_ctrl_2_92.tif,gt_coords/ncih2170_ctrl_2_92.npy
ncih2170_ctrl_2_93,NCI-H2170,gt_image/ncih2170_ctrl_2_93.tif,gt_coords/ncih2170_ctrl_2_93.npy
ncih2170_ctrl_2_94,NCI-H2170,gt_image/ncih2170_ctrl_2_94.tif,gt_coords/ncih2170_ctrl_2_94.npy
ncih2170_ctrl_2_95,NCI-H2170,gt_image/ncih2170_ctrl_2_95.tif,gt_coords/ncih2170_ctrl_2_95.npy
ncih2170_ctrl_2_96,NCI-H2170,gt_image/ncih2170_ctrl_2_96.tif,gt_coords/ncih2170_ctrl_2_96.npy
ncih2170_ctrl_2_97,NCI-H2170,gt_image/ncih2170_ctrl_2_97.tif,gt_coords/ncih2170_ctrl_2_97.npy
ncih2170_ctrl_2_98,NCI-H2170,gt_image/ncih2170_ctrl_2_98.tif,gt_coords/ncih2170_ctrl_2_98.npy
ncih2170_ctrl_2_99,NCI-H2170,gt_image/ncih2170_ctrl_2_99.tif,gt_coords/ncih2170_ctrl_2_99.npy
ncih2170_facs_fish_0223_high_her2_1,NCI-H2170,gt_image/ncih2170_facs_fish_0223_high_her2_1.tif,gt_coords/ncih2170_facs_fish_0223_high_her2_1.npy
ncih2170_facs_fish_0223_high_her2_10,NCI-H2170,gt_image/ncih2170_facs_fish_0223_high_her2_10.tif,gt_coords/ncih2170_facs_fish_0223_high_her2_10.npy
ncih2170_facs_fish_0223_high_her2_11,NCI-H2170,gt_image/ncih2170_facs_fish_0223_high_her2_11.tif,gt_coords/ncih2170_facs_fish_0223_high_her2_11.npy
ncih2170_facs_fish_0223_high_her2_12,NCI-H2170,gt_image/ncih2170_facs_fish_0223_high_her2_12.tif,gt_coords/ncih2170_facs_fish_0223_high_her2_12.npy
ncih2170_facs_fish_0223_high_her2_13,NCI-H2170,gt_image/ncih2170_facs_fish_0223_high_her2_13.tif,gt_coords/ncih2170_facs_fish_0223_high_her2_13.npy
ncih2170_facs_fish_0223_high_her2_14,NCI-H2170,gt_image/ncih2170_facs_fish_0223_high_her2_14.tif,gt_coords/ncih2170_facs_fish_0223_high_her2_14.npy
ncih2170_facs_fish_0223_high_her2_15,NCI-H2170,gt_image/ncih2170_facs_fish_0223_high_her2_15.tif,gt_coords/ncih2170_facs_fish_0223_high_her2_15.npy
ncih2170_facs_fish_0223_high_her2_16,NCI-H2170,gt_image/ncih2170_facs_fish_0223_high_her2_16.tif,gt_coords/ncih2170_facs_fish_0223_high_her2_16.npy
ncih2170_facs_fish_0223_high_her2_17,NCI-H2170,gt_image/ncih2170_facs_fish_0223_high_her2_17.tif,gt_coords/ncih2170_facs_fish_0223_high_her2_17.npy
ncih2170_facs_fish_0223_high_her2_18,NCI-H2170,gt_image/ncih2170_facs_fish_0223_high_her2_18.tif,gt_coords/ncih2170_facs_fish_0223_high_her2_18.npy
ncih2170_facs_fish_0223_high_her2_19,NCI-H2170,gt_image/ncih2170_facs_fish_0223_high_her2_19.tif,gt_coords/ncih2170_facs_fish_0223_high_her2_19.npy
ncih2170_facs_fish_0223_high_her2_2,NCI-H2170,gt_image/ncih2170_facs_fish_0223_high_her2_2.tif,gt_coords/ncih2170_facs_fish_0223_high_her2_2.npy
ncih2170_facs_fish_0223_high_her2_20,NCI-H2170,gt_image/ncih2170_facs_fish_0223_high_her2_20.tif,gt_coords/ncih2170_facs_fish_0223_high_her2_20.npy
ncih2170_facs_fish_0223_high_her2_3,NCI-H2170,gt_image/ncih2170_facs_fish_0223_high_her2_3.tif,gt_coords/ncih2170_facs_fish_0223_high_her2_3.npy
ncih2170_facs_fish_0223_high_her2_4,NCI-H2170,gt_image/ncih2170_facs_fish_0223_high_her2_4.tif,gt_coords/ncih2170_facs_fish_0223_high_her2_4.npy
ncih2170_facs_fish_0223_high_her2_5,NCI-H2170,gt_image/ncih2170_facs_fish_0223_high_her2_5.tif,gt_coords/ncih2170_facs_fish_0223_high_her2_5.npy
ncih2170_facs_fish_0223_high_her2_6,NCI-H2170,gt_image/ncih2170_facs_fish_0223_high_her2_6.tif,gt_coords/ncih2170_facs_fish_0223_high_her2_6.npy
ncih2170_facs_fish_0223_high_her2_7,NCI-H2170,gt_image/ncih2170_facs_fish_0223_high_her2_7.tif,gt_coords/ncih2170_facs_fish_0223_high_her2_7.npy
ncih2170_facs_fish_0223_high_her2_8,NCI-H2170,gt_image/ncih2170_facs_fish_0223_high_her2_8.tif,gt_coords/ncih2170_facs_fish_0223_high_her2_8.npy
ncih2170_facs_fish_0223_high_her2_9,NCI-H2170,gt_image/ncih2170_facs_fish_0223_high_her2_9.tif,gt_coords/ncih2170_facs_fish_0223_high_her2_9.npy
ncih2170_facs_fish_0223_low_her2_1,NCI-H2170,gt_image/ncih2170_facs_fish_0223_low_her2_1.tif,gt_coords/ncih2170_facs_fish_0223_low_her2_1.npy
ncih2170_facs_fish_0223_low_her2_10,NCI-H2170,gt_image/ncih2170_facs_fish_0223_low_her2_10.tif,gt_coords/ncih2170_facs_fish_0223_low_her2_10.npy
ncih2170_facs_fish_0223_low_her2_11,NCI-H2170,gt_image/ncih2170_facs_fish_0223_low_her2_11.tif,gt_coords/ncih2170_facs_fish_0223_low_her2_11.npy
ncih2170_facs_fish_0223_low_her2_12,NCI-H2170,gt_image/ncih2170_facs_fish_0223_low_her2_12.tif,gt_coords/ncih2170_facs_fish_0223_low_her2_12.npy
ncih2170_facs_fish_0223_low_her2_13,NCI-H2170,gt_image/ncih2170_facs_fish_0223_low_her2_13.tif,gt_coords/ncih2170_facs_fish_0223_low_her2_13.npy
ncih2170_facs_fish_0223_low_her2_14,NCI-H2170,gt_image/ncih2170_facs_fish_0223_low_her2_14.tif,gt_coords/ncih2170_facs_fish_0223_low_her2_14.npy
ncih2170_facs_fish_0223_low_her2_15,NCI-H2170,gt_image/ncih2170_facs_fish_0223_low_her2_15.tif,gt_coords/ncih2170_facs_fish_0223_low_her2_15.npy
ncih2170_facs_fish_0223_low_her2_16,NCI-H2170,gt_image/ncih2170_facs_fish_0223_low_her2_16.tif,gt_coords/ncih2170_facs_fish_0223_low_her2_16.npy
ncih2170_facs_fish_0223_low_her2_17,NCI-H2170,gt_image/ncih2170_facs_fish_0223_low_her2_17.tif,gt_coords/ncih2170_facs_fish_0223_low_her2_17.npy
ncih2170_facs_fish_0223_low_her2_19,NCI-H2170,gt_image/ncih2170_facs_fish_0223_low_her2_19.tif,gt_coords/ncih2170_facs_fish_0223_low_her2_19.npy
ncih2170_facs_fish_0223_low_her2_2,NCI-H2170,gt_image/ncih2170_facs_fish_0223_low_her2_2.tif,gt_coords/ncih2170_facs_fish_0223_low_her2_2.npy
ncih2170_facs_fish_0223_low_her2_20,NCI-H2170,gt_image/ncih2170_facs_fish_0223_low_her2_20.tif,gt_coords/ncih2170_facs_fish_0223_low_her2_20.npy
ncih2170_facs_fish_0223_low_her2_21,NCI-H2170,gt_image/ncih2170_facs_fish_0223_low_her2_21.tif,gt_coords/ncih2170_facs_fish_0223_low_her2_21.npy
ncih2170_facs_fish_0223_low_her2_22,NCI-H2170,gt_image/ncih2170_facs_fish_0223_low_her2_22.tif,gt_coords/ncih2170_facs_fish_0223_low_her2_22.npy
ncih2170_facs_fish_0223_low_her2_23,NCI-H2170,gt_image/ncih2170_facs_fish_0223_low_her2_23.tif,gt_coords/ncih2170_facs_fish_0223_low_her2_23.npy
ncih2170_facs_fish_0223_low_her2_24,NCI-H2170,gt_image/ncih2170_facs_fish_0223_low_her2_24.tif,gt_coords/ncih2170_facs_fish_0223_low_her2_24.npy
ncih2170_facs_fish_0223_low_her2_25,NCI-H2170,gt_image/ncih2170_facs_fish_0223_low_her2_25.tif,gt_coords/ncih2170_facs_fish_0223_low_her2_25.npy
ncih2170_facs_fish_0223_low_her2_3,NCI-H2170,gt_image/ncih2170_facs_fish_0223_low_her2_3.tif,gt_coords/ncih2170_facs_fish_0223_low_her2_3.npy
ncih2170_facs_fish_0223_low_her2_4,NCI-H2170,gt_image/ncih2170_facs_fish_0223_low_her2_4.tif,gt_coords/ncih2170_facs_fish_0223_low_her2_4.npy
ncih2170_facs_fish_0223_low_her2_5,NCI-H2170,gt_image/ncih2170_facs_fish_0223_low_her2_5.tif,gt_coords/ncih2170_facs_fish_0223_low_her2_5.npy
ncih2170_facs_fish_0223_low_her2_6,NCI-H2170,gt_image/ncih2170_facs_fish_0223_low_her2_6.tif,gt_coords/ncih2170_facs_fish_0223_low_her2_6.npy
ncih2170_facs_fish_0223_low_her2_7,NCI-H2170,gt_image/ncih2170_facs_fish_0223_low_her2_7.tif,gt_coords/ncih2170_facs_fish_0223_low_her2_7.npy
ncih2170_facs_fish_0223_low_her2_8,NCI-H2170,gt_image/ncih2170_facs_fish_0223_low_her2_8.tif,gt_coords/ncih2170_facs_fish_0223_low_her2_8.npy
ncih2170_facs_fish_0223_low_her2_9,NCI-H2170,gt_image/ncih2170_facs_fish_0223_low_her2_9.tif,gt_coords/ncih2170_facs_fish_0223_low_her2_9.npy
ncih2170_facs_fish_0423_high_her2_21,NCI-H2170,gt_image/ncih2170_facs_fish_0423_high_her2_21.tif,gt_coords/ncih2170_facs_fish_0423_high_her2_21.npy
ncih2170_facs_fish_0423_high_her2_23,NCI-H2170,gt_image/ncih2170_facs_fish_0423_high_her2_23.tif,gt_coords/ncih2170_facs_fish_0423_high_her2_23.npy
ncih2170_facs_fish_0423_high_her2_24,NCI-H2170,gt_image/ncih2170_facs_fish_0423_high_her2_24.tif,gt_coords/ncih2170_facs_fish_0423_high_her2_24.npy
ncih2170_facs_fish_0423_high_her2_25,NCI-H2170,gt_image/ncih2170_facs_fish_0423_high_her2_25.tif,gt_coords/ncih2170_facs_fish_0423_high_her2_25.npy
ncih2170_facs_fish_0423_high_her2_26,NCI-H2170,gt_image/ncih2170_facs_fish_0423_high_her2_26.tif,gt_coords/ncih2170_facs_fish_0423_high_her2_26.npy
ncih2170_facs_fish_0423_high_her2_27,NCI-H2170,gt_image/ncih2170_facs_fish_0423_high_her2_27.tif,gt_coords/ncih2170_facs_fish_0423_high_her2_27.npy
ncih2170_facs_fish_0423_low_her2_1,NCI-H2170,gt_image/ncih2170_facs_fish_0423_low_her2_1.tif,gt_coords/ncih2170_facs_fish_0423_low_her2_1.npy
ncih2170_facs_fish_0423_low_her2_10,NCI-H2170,gt_image/ncih2170_facs_fish_0423_low_her2_10.tif,gt_coords/ncih2170_facs_fish_0423_low_her2_10.npy
ncih2170_facs_fish_0423_low_her2_100,NCI-H2170,gt_image/ncih2170_facs_fish_0423_low_her2_100.tif,gt_coords/ncih2170_facs_fish_0423_low_her2_100.npy
ncih2170_facs_fish_0423_low_her2_101,NCI-H2170,gt_image/ncih2170_facs_fish_0423_low_her2_101.tif,gt_coords/ncih2170_facs_fish_0423_low_her2_101.npy
ncih2170_facs_fish_0423_low_her2_102,NCI-H2170,gt_image/ncih2170_facs_fish_0423_low_her2_102.tif,gt_coords/ncih2170_facs_fish_0423_low_her2_102.npy
ncih2170_facs_fish_0423_low_her2_103,NCI-H2170,gt_image/ncih2170_facs_fish_0423_low_her2_103.tif,gt_coords/ncih2170_facs_fish_0423_low_her2_103.npy
ncih2170_facs_fish_0423_low_her2_104,NCI-H2170,gt_image/ncih2170_facs_fish_0423_low_her2_104.tif,gt_coords/ncih2170_facs_fish_0423_low_her2_104.npy
ncih2170_facs_fish_0423_low_her2_105,NCI-H2170,gt_image/ncih2170_facs_fish_0423_low_her2_105.tif,gt_coords/ncih2170_facs_fish_0423_low_her2_105.npy
ncih2170_facs_fish_0423_low_her2_106,NCI-H2170,gt_image/ncih2170_facs_fish_0423_low_her2_106.tif,gt_coords/ncih2170_facs_fish_0423_low_her2_106.npy
ncih2170_facs_fish_0423_low_her2_107,NCI-H2170,gt_image/ncih2170_facs_fish_0423_low_her2_107.tif,gt_coords/ncih2170_facs_fish_0423_low_her2_107.npy
ncih2170_facs_fish_0423_low_her2_108,NCI-H2170,gt_image/ncih2170_facs_fish_0423_low_her2_108.tif,gt_coords/ncih2170_facs_fish_0423_low_her2_108.npy
ncih2170_facs_fish_0423_low_her2_109,NCI-H2170,gt_image/ncih2170_facs_fish_0423_low_her2_109.tif,gt_coords/ncih2170_facs_fish_0423_low_her2_109.npy
ncih2170_facs_fish_0423_low_her2_11,NCI-H2170,gt_image/ncih2170_facs_fish_0423_low_her2_11.tif,gt_coords/ncih2170_facs_fish_0423_low_her2_11.npy
ncih2170_facs_fish_0423_low_her2_110,NCI-H2170,gt_image/ncih2170_facs_fish_0423_low_her2_110.tif,gt_coords/ncih2170_facs_fish_0423_low_her2_110.npy
ncih2170_facs_fish_0423_low_her2_111,NCI-H2170,gt_image/ncih2170_facs_fish_0423_low_her2_111.tif,gt_coords/ncih2170_facs_fish_0423_low_her2_111.npy
ncih2170_facs_fish_0423_low_her2_112,NCI-H2170,gt_image/ncih2170_facs_fish_0423_low_her2_112.tif,gt_coords/ncih2170_facs_fish_0423_low_her2_112.npy
ncih2170_facs_fish_0423_low_her2_113,NCI-H2170,gt_image/ncih2170_facs_fish_0423_low_her2_113.tif,gt_coords/ncih2170_facs_fish_0423_low_her2_113.npy
ncih2170_facs_fish_0423_low_her2_114,NCI-H2170,gt_image/ncih2170_facs_fish_0423_low_her2_114.tif,gt_coords/ncih2170_facs_fish_0423_low_her2_114.npy
ncih2170_facs_fish_0423_low_her2_115,NCI-H2170,gt_image/ncih2170_facs_fish_0423_low_her2_115.tif,gt_coords/ncih2170_facs_fish_0423_low_her2_115.npy
ncih2170_facs_fish_0423_low_her2_116,NCI-H2170,gt_image/ncih2170_facs_fish_0423_low_her2_116.tif,gt_coords/ncih2170_facs_fish_0423_low_her2_116.npy
ncih2170_facs_fish_0423_low_her2_117,NCI-H2170,gt_image/ncih2170_facs_fish_0423_low_her2_117.tif,gt_coords/ncih2170_facs_fish_0423_low_her2_117.npy
ncih2170_facs_fish_0423_low_her2_118,NCI-H2170,gt_image/ncih2170_facs_fish_0423_low_her2_118.tif,gt_coords/ncih2170_facs_fish_0423_low_her2_118.npy
ncih2170_facs_fish_0423_low_her2_119,NCI-H2170,gt_image/ncih2170_facs_fish_0423_low_her2_119.tif,gt_coords/ncih2170_facs_fish_0423_low_her2_119.npy
ncih2170_facs_fish_0423_low_her2_12,NCI-H2170,gt_image/ncih2170_facs_fish_0423_low_her2_12.tif,gt_coords/ncih2170_facs_fish_0423_low_her2_12.npy
ncih2170_facs_fish_0423_low_her2_120,NCI-H2170,gt_image/ncih2170_facs_fish_0423_low_her2_120.tif,gt_coords/ncih2170_facs_fish_0423_low_her2_120.npy
ncih2170_facs_fish_0423_low_her2_13,NCI-H2170,gt_image/ncih2170_facs_fish_0423_low_her2_13.tif,gt_coords/ncih2170_facs_fish_0423_low_her2_13.npy
ncih2170_facs_fish_0423_low_her2_14,NCI-H2170,gt_image/ncih2170_facs_fish_0423_low_her2_14.tif,gt_coords/ncih2170_facs_fish_0423_low_her2_14.npy
ncih2170_facs_fish_0423_low_her2_15,NCI-H2170,gt_image/ncih2170_facs_fish_0423_low_her2_15.tif,gt_coords/ncih2170_facs_fish_0423_low_her2_15.npy
ncih2170_facs_fish_0423_low_her2_16,NCI-H2170,gt_image/ncih2170_facs_fish_0423_low_her2_16.tif,gt_coords/ncih2170_facs_fish_0423_low_her2_16.npy
ncih2170_facs_fish_0423_low_her2_17,NCI-H2170,gt_image/ncih2170_facs_fish_0423_low_her2_17.tif,gt_coords/ncih2170_facs_fish_0423_low_her2_17.npy
ncih2170_facs_fish_0423_low_her2_18,NCI-H2170,gt_image/ncih2170_facs_fish_0423_low_her2_18.tif,gt_coords/ncih2170_facs_fish_0423_low_her2_18.npy
ncih2170_facs_fish_0423_low_her2_19,NCI-H2170,gt_image/ncih2170_facs_fish_0423_low_her2_19.tif,gt_coords/ncih2170_facs_fish_0423_low_her2_19.npy
ncih2170_facs_fish_0423_low_her2_2,NCI-H2170,gt_image/ncih2170_facs_fish_0423_low_her2_2.tif,gt_coords/ncih2170_facs_fish_0423_low_her2_2.npy
ncih2170_facs_fish_0423_low_her2_20,NCI-H2170,gt_image/ncih2170_facs_fish_0423_low_her2_20.tif,gt_coords/ncih2170_facs_fish_0423_low_her2_20.npy
ncih2170_facs_fish_0423_low_her2_21,NCI-H2170,gt_image/ncih2170_facs_fish_0423_low_her2_21.tif,gt_coords/ncih2170_facs_fish_0423_low_her2_21.npy
ncih2170_facs_fish_0423_low_her2_22,NCI-H2170,gt_image/ncih2170_facs_fish_0423_low_her2_22.tif,gt_coords/ncih2170_facs_fish_0423_low_her2_22.npy
ncih2170_facs_fish_0423_low_her2_23,NCI-H2170,gt_image/ncih2170_facs_fish_0423_low_her2_23.tif,gt_coords/ncih2170_facs_fish_0423_low_her2_23.npy
ncih2170_facs_fish_0423_low_her2_24,NCI-H2170,gt_image/ncih2170_facs_fish_0423_low_her2_24.tif,gt_coords/ncih2170_facs_fish_0423_low_her2_24.npy
ncih2170_facs_fish_0423_low_her2_25,NCI-H2170,gt_image/ncih2170_facs_fish_0423_low_her2_25.tif,gt_coords/ncih2170_facs_fish_0423_low_her2_25.npy
ncih2170_facs_fish_0423_low_her2_26,NCI-H2170,gt_image/ncih2170_facs_fish_0423_low_her2_26.tif,gt_coords/ncih2170_facs_fish_0423_low_her2_26.npy
ncih2170_facs_fish_0423_low_her2_27,NCI-H2170,gt_image/ncih2170_facs_fish_0423_low_her2_27.tif,gt_coords/ncih2170_facs_fish_0423_low_her2_27.npy
ncih2170_facs_fish_0423_low_her2_28,NCI-H2170,gt_image/ncih2170_facs_fish_0423_low_her2_28.tif,gt_coords/ncih2170_facs_fish_0423_low_her2_28.npy
ncih2170_facs_fish_0423_low_her2_29,NCI-H2170,gt_image/ncih2170_facs_fish_0423_low_her2_29.tif,gt_coords/ncih2170_facs_fish_0423_low_her2_29.npy
ncih2170_facs_fish_0423_low_her2_3,NCI-H2170,gt_image/ncih2170_facs_fish_0423_low_her2_3.tif,gt_coords/ncih2170_facs_fish_0423_low_her2_3.npy
ncih2170_facs_fish_0423_low_her2_30,NCI-H2170,gt_image/ncih2170_facs_fish_0423_low_her2_30.tif,gt_coords/ncih2170_facs_fish_0423_low_her2_30.npy
ncih2170_facs_fish_0423_low_her2_31_a,NCI-H2170,gt_image/ncih2170_facs_fish_0423_low_her2_31_a.tif,gt_coords/ncih2170_facs_fish_0423_low_her2_31_a.npy
ncih2170_facs_fish_0423_low_her2_31_b,NCI-H2170,gt_image/ncih2170_facs_fish_0423_low_her2_31_b.tif,gt_coords/ncih2170_facs_fish_0423_low_her2_31_b.npy
ncih2170_facs_fish_0423_low_her2_32,NCI-H2170,gt_image/ncih2170_facs_fish_0423_low_her2_32.tif,gt_coords/ncih2170_facs_fish_0423_low_her2_32.npy
ncih2170_facs_fish_0423_low_her2_33,NCI-H2170,gt_image/ncih2170_facs_fish_0423_low_her2_33.tif,gt_coords/ncih2170_facs_fish_0423_low_her2_33.npy
ncih2170_facs_fish_0423_low_her2_35,NCI-H2170,gt_image/ncih2170_facs_fish_0423_low_her2_35.tif,gt_coords/ncih2170_facs_fish_0423_low_her2_35.npy
ncih2170_facs_fish_0423_low_her2_37,NCI-H2170,gt_image/ncih2170_facs_fish_0423_low_her2_37.tif,gt_coords/ncih2170_facs_fish_0423_low_her2_37.npy
ncih2170_facs_fish_0423_low_her2_4,NCI-H2170,gt_image/ncih2170_facs_fish_0423_low_her2_4.tif,gt_coords/ncih2170_facs_fish_0423_low_her2_4.npy
ncih2170_facs_fish_0423_low_her2_41,NCI-H2170,gt_image/ncih2170_facs_fish_0423_low_her2_41.tif,gt_coords/ncih2170_facs_fish_0423_low_her2_41.npy
ncih2170_facs_fish_0423_low_her2_42,NCI-H2170,gt_image/ncih2170_facs_fish_0423_low_her2_42.tif,gt_coords/ncih2170_facs_fish_0423_low_her2_42.npy
ncih2170_facs_fish_0423_low_her2_43,NCI-H2170,gt_image/ncih2170_facs_fish_0423_low_her2_43.tif,gt_coords/ncih2170_facs_fish_0423_low_her2_43.npy
ncih2170_facs_fish_0423_low_her2_44,NCI-H2170,gt_image/ncih2170_facs_fish_0423_low_her2_44.tif,gt_coords/ncih2170_facs_fish_0423_low_her2_44.npy
ncih2170_facs_fish_0423_low_her2_45,NCI-H2170,gt_image/ncih2170_facs_fish_0423_low_her2_45.tif,gt_coords/ncih2170_facs_fish_0423_low_her2_45.npy
ncih2170_facs_fish_0423_low_her2_46,NCI-H2170,gt_image/ncih2170_facs_fish_0423_low_her2_46.tif,gt_coords/ncih2170_facs_fish_0423_low_her2_46.npy
ncih2170_facs_fish_0423_low_her2_47,NCI-H2170,gt_image/ncih2170_facs_fish_0423_low_her2_47.tif,gt_coords/ncih2170_facs_fish_0423_low_her2_47.npy
ncih2170_facs_fish_0423_low_her2_48,NCI-H2170,gt_image/ncih2170_facs_fish_0423_low_her2_48.tif,gt_coords/ncih2170_facs_fish_0423_low_her2_48.npy
ncih2170_facs_fish_0423_low_her2_49,NCI-H2170,gt_image/ncih2170_facs_fish_0423_low_her2_49.tif,gt_coords/ncih2170_facs_fish_0423_low_her2_49.npy
ncih2170_facs_fish_0423_low_her2_5,NCI-H2170,gt_image/ncih2170_facs_fish_0423_low_her2_5.tif,gt_coords/ncih2170_facs_fish_0423_low_her2_5.npy
ncih2170_facs_fish_0423_low_her2_50,NCI-H2170,gt_image/ncih2170_facs_fish_0423_low_her2_50.tif,gt_coords/ncih2170_facs_fish_0423_low_her2_50.npy
ncih2170_facs_fish_0423_low_her2_51,NCI-H2170,gt_image/ncih2170_facs_fish_0423_low_her2_51.tif,gt_coords/ncih2170_facs_fish_0423_low_her2_51.npy
ncih2170_facs_fish_0423_low_her2_52,NCI-H2170,gt_image/ncih2170_facs_fish_0423_low_her2_52.tif,gt_coords/ncih2170_facs_fish_0423_low_her2_52.npy
ncih2170_facs_fish_0423_low_her2_53,NCI-H2170,gt_image/ncih2170_facs_fish_0423_low_her2_53.tif,gt_coords/ncih2170_facs_fish_0423_low_her2_53.npy
ncih2170_facs_fish_0423_low_her2_54,NCI-H2170,gt_image/ncih2170_facs_fish_0423_low_her2_54.tif,gt_coords/ncih2170_facs_fish_0423_low_her2_54.npy
ncih2170_facs_fish_0423_low_her2_55,NCI-H2170,gt_image/ncih2170_facs_fish_0423_low_her2_55.tif,gt_coords/ncih2170_facs_fish_0423_low_her2_55.npy
ncih2170_facs_fish_0423_low_her2_56,NCI-H2170,gt_image/ncih2170_facs_fish_0423_low_her2_56.tif,gt_coords/ncih2170_facs_fish_0423_low_her2_56.npy
ncih2170_facs_fish_0423_low_her2_57,NCI-H2170,gt_image/ncih2170_facs_fish_0423_low_her2_57.tif,gt_coords/ncih2170_facs_fish_0423_low_her2_57.npy
ncih2170_facs_fish_0423_low_her2_58,NCI-H2170,gt_image/ncih2170_facs_fish_0423_low_her2_58.tif,gt_coords/ncih2170_facs_fish_0423_low_her2_58.npy
ncih2170_facs_fish_0423_low_her2_59,NCI-H2170,gt_image/ncih2170_facs_fish_0423_low_her2_59.tif,gt_coords/ncih2170_facs_fish_0423_low_her2_59.npy
ncih2170_facs_fish_0423_low_her2_60,NCI-H2170,gt_image/ncih2170_facs_fish_0423_low_her2_60.tif,gt_coords/ncih2170_facs_fish_0423_low_her2_60.npy
ncih2170_facs_fish_0423_low_her2_61,NCI-H2170,gt_image/ncih2170_facs_fish_0423_low_her2_61.tif,gt_coords/ncih2170_facs_fish_0423_low_her2_61.npy
ncih2170_facs_fish_0423_low_her2_62,NCI-H2170,gt_image/ncih2170_facs_fish_0423_low_her2_62.tif,gt_coords/ncih2170_facs_fish_0423_low_her2_62.npy
ncih2170_facs_fish_0423_low_her2_63,NCI-H2170,gt_image/ncih2170_facs_fish_0423_low_her2_63.tif,gt_coords/ncih2170_facs_fish_0423_low_her2_63.npy
ncih2170_facs_fish_0423_low_her2_64,NCI-H2170,gt_image/ncih2170_facs_fish_0423_low_her2_64.tif,gt_coords/ncih2170_facs_fish_0423_low_her2_64.npy
ncih2170_facs_fish_0423_low_her2_65,NCI-H2170,gt_image/ncih2170_facs_fish_0423_low_her2_65.tif,gt_coords/ncih2170_facs_fish_0423_low_her2_65.npy
ncih2170_facs_fish_0423_low_her2_66,NCI-H2170,gt_image/ncih2170_facs_fish_0423_low_her2_66.tif,gt_coords/ncih2170_facs_fish_0423_low_her2_66.npy
ncih2170_facs_fish_0423_low_her2_67,NCI-H2170,gt_image/ncih2170_facs_fish_0423_low_her2_67.tif,gt_coords/ncih2170_facs_fish_0423_low_her2_67.npy
ncih2170_facs_fish_0423_low_her2_68,NCI-H2170,gt_image/ncih2170_facs_fish_0423_low_her2_68.tif,gt_coords/ncih2170_facs_fish_0423_low_her2_68.npy
ncih2170_facs_fish_0423_low_her2_69,NCI-H2170,gt_image/ncih2170_facs_fish_0423_low_her2_69.tif,gt_coords/ncih2170_facs_fish_0423_low_her2_69.npy
ncih2170_facs_fish_0423_low_her2_6_tx,NCI-H2170,gt_image/ncih2170_facs_fish_0423_low_her2_6_tx.tif,gt_coords/ncih2170_facs_fish_0423_low_her2_6_tx.npy
ncih2170_facs_fish_0423_low_her2_7,NCI-H2170,gt_image/ncih2170_facs_fish_0423_low_her2_7.tif,gt_coords/ncih2170_facs_fish_0423_low_her2_7.npy
ncih2170_facs_fish_0423_low_her2_70,NCI-H2170,gt_image/ncih2170_facs_fish_0423_low_her2_70.tif,gt_coords/ncih2170_facs_fish_0423_low_her2_70.npy
ncih2170_facs_fish_0423_low_her2_71,NCI-H2170,gt_image/ncih2170_facs_fish_0423_low_her2_71.tif,gt_coords/ncih2170_facs_fish_0423_low_her2_71.npy
ncih2170_facs_fish_0423_low_her2_72,NCI-H2170,gt_image/ncih2170_facs_fish_0423_low_her2_72.tif,gt_coords/ncih2170_facs_fish_0423_low_her2_72.npy
ncih2170_facs_fish_0423_low_her2_73,NCI-H2170,gt_image/ncih2170_facs_fish_0423_low_her2_73.tif,gt_coords/ncih2170_facs_fish_0423_low_her2_73.npy
ncih2170_facs_fish_0423_low_her2_74,NCI-H2170,gt_image/ncih2170_facs_fish_0423_low_her2_74.tif,gt_coords/ncih2170_facs_fish_0423_low_her2_74.npy
ncih2170_facs_fish_0423_low_her2_75,NCI-H2170,gt_image/ncih2170_facs_fish_0423_low_her2_75.tif,gt_coords/ncih2170_facs_fish_0423_low_her2_75.npy
ncih2170_facs_fish_0423_low_her2_76,NCI-H2170,gt_image/ncih2170_facs_fish_0423_low_her2_76.tif,gt_coords/ncih2170_facs_fish_0423_low_her2_76.npy
ncih2170_facs_fish_0423_low_her2_77,NCI-H2170,gt_image/ncih2170_facs_fish_0423_low_her2_77.tif,gt_coords/ncih2170_facs_fish_0423_low_her2_77.npy
ncih2170_facs_fish_0423_low_her2_78,NCI-H2170,gt_image/ncih2170_facs_fish_0423_low_her2_78.tif,gt_coords/ncih2170_facs_fish_0423_low_her2_78.npy
ncih2170_facs_fish_0423_low_her2_79,NCI-H2170,gt_image/ncih2170_facs_fish_0423_low_her2_79.tif,gt_coords/ncih2170_facs_fish_0423_low_her2_79.npy
ncih2170_facs_fish_0423_low_her2_8,NCI-H2170,gt_image/ncih2170_facs_fish_0423_low_her2_8.tif,gt_coords/ncih2170_facs_fish_0423_low_her2_8.npy
ncih2170_facs_fish_0423_low_her2_80,NCI-H2170,gt_image/ncih2170_facs_fish_0423_low_her2_80.tif,gt_coords/ncih2170_facs_fish_0423_low_her2_80.npy
ncih2170_facs_fish_0423_low_her2_81,NCI-H2170,gt_image/ncih2170_facs_fish_0423_low_her2_81.tif,gt_coords/ncih2170_facs_fish_0423_low_her2_81.npy
ncih2170_facs_fish_0423_low_her2_82,NCI-H2170,gt_image/ncih2170_facs_fish_0423_low_her2_82.tif,gt_coords/ncih2170_facs_fish_0423_low_her2_82.npy
ncih2170_facs_fish_0423_low_her2_83,NCI-H2170,gt_image/ncih2170_facs_fish_0423_low_her2_83.tif,gt_coords/ncih2170_facs_fish_0423_low_her2_83.npy
ncih2170_facs_fish_0423_low_her2_84,NCI-H2170,gt_image/ncih2170_facs_fish_0423_low_her2_84.tif,gt_coords/ncih2170_facs_fish_0423_low_her2_84.npy
ncih2170_facs_fish_0423_low_her2_85,NCI-H2170,gt_image/ncih2170_facs_fish_0423_low_her2_85.tif,gt_coords/ncih2170_facs_fish_0423_low_her2_85.npy
ncih2170_facs_fish_0423_low_her2_86,NCI-H2170,gt_image/ncih2170_facs_fish_0423_low_her2_86.tif,gt_coords/ncih2170_facs_fish_0423_low_her2_86.npy
ncih2170_facs_fish_0423_low_her2_87,NCI-H2170,gt_image/ncih2170_facs_fish_0423_low_her2_87.tif,gt_coords/ncih2170_facs_fish_0423_low_her2_87.npy
ncih2170_facs_fish_0423_low_her2_88,NCI-H2170,gt_image/ncih2170_facs_fish_0423_low_her2_88.tif,gt_coords/ncih2170_facs_fish_0423_low_her2_88.npy
ncih2170_facs_fish_0423_low_her2_89,NCI-H2170,gt_image/ncih2170_facs_fish_0423_low_her2_89.tif,gt_coords/ncih2170_facs_fish_0423_low_her2_89.npy
ncih2170_facs_fish_0423_low_her2_9,NCI-H2170,gt_image/ncih2170_facs_fish_0423_low_her2_9.tif,gt_coords/ncih2170_facs_fish_0423_low_her2_9.npy
ncih2170_facs_fish_0423_low_her2_90,NCI-H2170,gt_image/ncih2170_facs_fish_0423_low_her2_90.tif,gt_coords/ncih2170_facs_fish_0423_low_her2_90.npy
ncih2170_facs_fish_0423_low_her2_91,NCI-H2170,gt_image/ncih2170_facs_fish_0423_low_her2_91.tif,gt_coords/ncih2170_facs_fish_0423_low_her2_91.npy
ncih2170_facs_fish_0423_low_her2_92,NCI-H2170,gt_image/ncih2170_facs_fish_0423_low_her2_92.tif,gt_coords/ncih2170_facs_fish_0423_low_her2_92.npy
ncih2170_facs_fish_0423_low_her2_93,NCI-H2170,gt_image/ncih2170_facs_fish_0423_low_her2_93.tif,gt_coords/ncih2170_facs_fish_0423_low_her2_93.npy
ncih2170_facs_fish_0423_low_her2_94,NCI-H2170,gt_image/ncih2170_facs_fish_0423_low_her2_94.tif,gt_coords/ncih2170_facs_fish_0423_low_her2_94.npy
ncih2170_facs_fish_0423_low_her2_95,NCI-H2170,gt_image/ncih2170_facs_fish_0423_low_her2_95.tif,gt_coords/ncih2170_facs_fish_0423_low_her2_95.npy
ncih2170_facs_fish_0423_low_her2_96,NCI-H2170,gt_image/ncih2170_facs_fish_0423_low_her2_96.tif,gt_coords/ncih2170_facs_fish_0423_low_her2_96.npy
ncih2170_facs_fish_0423_low_her2_97,NCI-H2170,gt_image/ncih2170_facs_fish_0423_low_her2_97.tif,gt_coords/ncih2170_facs_fish_0423_low_her2_97.npy
ncih2170_facs_fish_0423_low_her2_98,NCI-H2170,gt_image/ncih2170_facs_fish_0423_low_her2_98.tif,gt_coords/ncih2170_facs_fish_0423_low_her2_98.npy
ncih2170_facs_fish_0423_low_her2_99,NCI-H2170,gt_image/ncih2170_facs_fish_0423_low_her2_99.tif,gt_coords/ncih2170_facs_fish_0423_low_her2_99.npy
ncih2170_facs_fish_0723_high_her2_1,NCI-H2170,gt_image/ncih2170_facs_fish_0723_high_her2_1.tif,gt_coords/ncih2170_facs_fish_0723_high_her2_1.npy
ncih2170_facs_fish_0723_high_her2_10,NCI-H2170,gt_image/ncih2170_facs_fish_0723_high_her2_10.tif,gt_coords/ncih2170_facs_fish_0723_high_her2_10.npy
ncih2170_facs_fish_0723_high_her2_100,NCI-H2170,gt_image/ncih2170_facs_fish_0723_high_her2_100.tif,gt_coords/ncih2170_facs_fish_0723_high_her2_100.npy
ncih2170_facs_fish_0723_high_her2_102,NCI-H2170,gt_image/ncih2170_facs_fish_0723_high_her2_102.tif,gt_coords/ncih2170_facs_fish_0723_high_her2_102.npy
ncih2170_facs_fish_0723_high_her2_103,NCI-H2170,gt_image/ncih2170_facs_fish_0723_high_her2_103.tif,gt_coords/ncih2170_facs_fish_0723_high_her2_103.npy
ncih2170_facs_fish_0723_high_her2_104,NCI-H2170,gt_image/ncih2170_facs_fish_0723_high_her2_104.tif,gt_coords/ncih2170_facs_fish_0723_high_her2_104.npy
ncih2170_facs_fish_0723_high_her2_107,NCI-H2170,gt_image/ncih2170_facs_fish_0723_high_her2_107.tif,gt_coords/ncih2170_facs_fish_0723_high_her2_107.npy
ncih2170_facs_fish_0723_high_her2_108,NCI-H2170,gt_image/ncih2170_facs_fish_0723_high_her2_108.tif,gt_coords/ncih2170_facs_fish_0723_high_her2_108.npy
ncih2170_facs_fish_0723_high_her2_109,NCI-H2170,gt_image/ncih2170_facs_fish_0723_high_her2_109.tif,gt_coords/ncih2170_facs_fish_0723_high_her2_109.npy
ncih2170_facs_fish_0723_high_her2_11,NCI-H2170,gt_image/ncih2170_facs_fish_0723_high_her2_11.tif,gt_coords/ncih2170_facs_fish_0723_high_her2_11.npy
ncih2170_facs_fish_0723_high_her2_110,NCI-H2170,gt_image/ncih2170_facs_fish_0723_high_her2_110.tif,gt_coords/ncih2170_facs_fish_0723_high_her2_110.npy
ncih2170_facs_fish_0723_high_her2_111,NCI-H2170,gt_image/ncih2170_facs_fish_0723_high_her2_111.tif,gt_coords/ncih2170_facs_fish_0723_high_her2_111.npy
ncih2170_facs_fish_0723_high_her2_112,NCI-H2170,gt_image/ncih2170_facs_fish_0723_high_her2_112.tif,gt_coords/ncih2170_facs_fish_0723_high_her2_112.npy
ncih2170_facs_fish_0723_high_her2_113,NCI-H2170,gt_image/ncih2170_facs_fish_0723_high_her2_113.tif,gt_coords/ncih2170_facs_fish_0723_high_her2_113.npy
ncih2170_facs_fish_0723_high_her2_114,NCI-H2170,gt_image/ncih2170_facs_fish_0723_high_her2_114.tif,gt_coords/ncih2170_facs_fish_0723_high_her2_114.npy
ncih2170_facs_fish_0723_high_her2_115,NCI-H2170,gt_image/ncih2170_facs_fish_0723_high_her2_115.tif,gt_coords/ncih2170_facs_fish_0723_high_her2_115.npy
ncih2170_facs_fish_0723_high_her2_116,NCI-H2170,gt_image/ncih2170_facs_fish_0723_high_her2_116.tif,gt_coords/ncih2170_facs_fish_0723_high_her2_116.npy
ncih2170_facs_fish_0723_high_her2_117,NCI-H2170,gt_image/ncih2170_facs_fish_0723_high_her2_117.tif,gt_coords/ncih2170_facs_fish_0723_high_her2_117.npy
ncih2170_facs_fish_0723_high_her2_118,NCI-H2170,gt_image/ncih2170_facs_fish_0723_high_her2_118.tif,gt_coords/ncih2170_facs_fish_0723_high_her2_118.npy
ncih2170_facs_fish_0723_high_her2_12,NCI-H2170,gt_image/ncih2170_facs_fish_0723_high_her2_12.tif,gt_coords/ncih2170_facs_fish_0723_high_her2_12.npy
ncih2170_facs_fish_0723_high_her2_120,NCI-H2170,gt_image/ncih2170_facs_fish_0723_high_her2_120.tif,gt_coords/ncih2170_facs_fish_0723_high_her2_120.npy
ncih2170_facs_fish_0723_high_her2_121,NCI-H2170,gt_image/ncih2170_facs_fish_0723_high_her2_121.tif,gt_coords/ncih2170_facs_fish_0723_high_her2_121.npy
ncih2170_facs_fish_0723_high_her2_122,NCI-H2170,gt_image/ncih2170_facs_fish_0723_high_her2_122.tif,gt_coords/ncih2170_facs_fish_0723_high_her2_122.npy
ncih2170_facs_fish_0723_high_her2_123,NCI-H2170,gt_image/ncih2170_facs_fish_0723_high_her2_123.tif,gt_coords/ncih2170_facs_fish_0723_high_her2_123.npy
ncih2170_facs_fish_0723_high_her2_124,NCI-H2170,gt_image/ncih2170_facs_fish_0723_high_her2_124.tif,gt_coords/ncih2170_facs_fish_0723_high_her2_124.npy
ncih2170_facs_fish_0723_high_her2_125,NCI-H2170,gt_image/ncih2170_facs_fish_0723_high_her2_125.tif,gt_coords/ncih2170_facs_fish_0723_high_her2_125.npy
ncih2170_facs_fish_0723_high_her2_126,NCI-H2170,gt_image/ncih2170_facs_fish_0723_high_her2_126.tif,gt_coords/ncih2170_facs_fish_0723_high_her2_126.npy
ncih2170_facs_fish_0723_high_her2_13,NCI-H2170,gt_image/ncih2170_facs_fish_0723_high_her2_13.tif,gt_coords/ncih2170_facs_fish_0723_high_her2_13.npy
ncih2170_facs_fish_0723_high_her2_15,NCI-H2170,gt_image/ncih2170_facs_fish_0723_high_her2_15.tif,gt_coords/ncih2170_facs_fish_0723_high_her2_15.npy
ncih2170_facs_fish_0723_high_her2_16,NCI-H2170,gt_image/ncih2170_facs_fish_0723_high_her2_16.tif,gt_coords/ncih2170_facs_fish_0723_high_her2_16.npy
ncih2170_facs_fish_0723_high_her2_17,NCI-H2170,gt_image/ncih2170_facs_fish_0723_high_her2_17.tif,gt_coords/ncih2170_facs_fish_0723_high_her2_17.npy
ncih2170_facs_fish_0723_high_her2_18,NCI-H2170,gt_image/ncih2170_facs_fish_0723_high_her2_18.tif,gt_coords/ncih2170_facs_fish_0723_high_her2_18.npy
ncih2170_facs_fish_0723_high_her2_19,NCI-H2170,gt_image/ncih2170_facs_fish_0723_high_her2_19.tif,gt_coords/ncih2170_facs_fish_0723_high_her2_19.npy
ncih2170_facs_fish_0723_high_her2_2,NCI-H2170,gt_image/ncih2170_facs_fish_0723_high_her2_2.tif,gt_coords/ncih2170_facs_fish_0723_high_her2_2.npy
ncih2170_facs_fish_0723_high_her2_21,NCI-H2170,gt_image/ncih2170_facs_fish_0723_high_her2_21.tif,gt_coords/ncih2170_facs_fish_0723_high_her2_21.npy
ncih2170_facs_fish_0723_high_her2_24,NCI-H2170,gt_image/ncih2170_facs_fish_0723_high_her2_24.tif,gt_coords/ncih2170_facs_fish_0723_high_her2_24.npy
ncih2170_facs_fish_0723_high_her2_25,NCI-H2170,gt_image/ncih2170_facs_fish_0723_high_her2_25.tif,gt_coords/ncih2170_facs_fish_0723_high_her2_25.npy
ncih2170_facs_fish_0723_high_her2_26,NCI-H2170,gt_image/ncih2170_facs_fish_0723_high_her2_26.tif,gt_coords/ncih2170_facs_fish_0723_high_her2_26.npy
ncih2170_facs_fish_0723_high_her2_27,NCI-H2170,gt_image/ncih2170_facs_fish_0723_high_her2_27.tif,gt_coords/ncih2170_facs_fish_0723_high_her2_27.npy
ncih2170_facs_fish_0723_high_her2_28,NCI-H2170,gt_image/ncih2170_facs_fish_0723_high_her2_28.tif,gt_coords/ncih2170_facs_fish_0723_high_her2_28.npy
ncih2170_facs_fish_0723_high_her2_3,NCI-H2170,gt_image/ncih2170_facs_fish_0723_high_her2_3.tif,gt_coords/ncih2170_facs_fish_0723_high_her2_3.npy
ncih2170_facs_fish_0723_high_her2_30,NCI-H2170,gt_image/ncih2170_facs_fish_0723_high_her2_30.tif,gt_coords/ncih2170_facs_fish_0723_high_her2_30.npy
ncih2170_facs_fish_0723_high_her2_31,NCI-H2170,gt_image/ncih2170_facs_fish_0723_high_her2_31.tif,gt_coords/ncih2170_facs_fish_0723_high_her2_31.npy
ncih2170_facs_fish_0723_high_her2_33,NCI-H2170,gt_image/ncih2170_facs_fish_0723_high_her2_33.tif,gt_coords/ncih2170_facs_fish_0723_high_her2_33.npy
ncih2170_facs_fish_0723_high_her2_34,NCI-H2170,gt_image/ncih2170_facs_fish_0723_high_her2_34.tif,gt_coords/ncih2170_facs_fish_0723_high_her2_34.npy
ncih2170_facs_fish_0723_high_her2_35,NCI-H2170,gt_image/ncih2170_facs_fish_0723_high_her2_35.tif,gt_coords/ncih2170_facs_fish_0723_high_her2_35.npy
ncih2170_facs_fish_0723_high_her2_36,NCI-H2170,gt_image/ncih2170_facs_fish_0723_high_her2_36.tif,gt_coords/ncih2170_facs_fish_0723_high_her2_36.npy
ncih2170_facs_fish_0723_high_her2_37,NCI-H2170,gt_image/ncih2170_facs_fish_0723_high_her2_37.tif,gt_coords/ncih2170_facs_fish_0723_high_her2_37.npy
ncih2170_facs_fish_0723_high_her2_4,NCI-H2170,gt_image/ncih2170_facs_fish_0723_high_her2_4.tif,gt_coords/ncih2170_facs_fish_0723_high_her2_4.npy
ncih2170_facs_fish_0723_high_her2_40,NCI-H2170,gt_image/ncih2170_facs_fish_0723_high_her2_40.tif,gt_coords/ncih2170_facs_fish_0723_high_her2_40.npy
ncih2170_facs_fish_0723_high_her2_41,NCI-H2170,gt_image/ncih2170_facs_fish_0723_high_her2_41.tif,gt_coords/ncih2170_facs_fish_0723_high_her2_41.npy
ncih2170_facs_fish_0723_high_her2_42,NCI-H2170,gt_image/ncih2170_facs_fish_0723_high_her2_42.tif,gt_coords/ncih2170_facs_fish_0723_high_her2_42.npy
ncih2170_facs_fish_0723_high_her2_45,NCI-H2170,gt_image/ncih2170_facs_fish_0723_high_her2_45.tif,gt_coords/ncih2170_facs_fish_0723_high_her2_45.npy
ncih2170_facs_fish_0723_high_her2_5,NCI-H2170,gt_image/ncih2170_facs_fish_0723_high_her2_5.tif,gt_coords/ncih2170_facs_fish_0723_high_her2_5.npy
ncih2170_facs_fish_0723_high_her2_54,NCI-H2170,gt_image/ncih2170_facs_fish_0723_high_her2_54.tif,gt_coords/ncih2170_facs_fish_0723_high_her2_54.npy
ncih2170_facs_fish_0723_high_her2_55,NCI-H2170,gt_image/ncih2170_facs_fish_0723_high_her2_55.tif,gt_coords/ncih2170_facs_fish_0723_high_her2_55.npy
ncih2170_facs_fish_0723_high_her2_56,NCI-H2170,gt_image/ncih2170_facs_fish_0723_high_her2_56.tif,gt_coords/ncih2170_facs_fish_0723_high_her2_56.npy
ncih2170_facs_fish_0723_high_her2_58,NCI-H2170,gt_image/ncih2170_facs_fish_0723_high_her2_58.tif,gt_coords/ncih2170_facs_fish_0723_high_her2_58.npy
ncih2170_facs_fish_0723_high_her2_6,NCI-H2170,gt_image/ncih2170_facs_fish_0723_high_her2_6.tif,gt_coords/ncih2170_facs_fish_0723_high_her2_6.npy
ncih2170_facs_fish_0723_high_her2_64,NCI-H2170,gt_image/ncih2170_facs_fish_0723_high_her2_64.tif,gt_coords/ncih2170_facs_fish_0723_high_her2_64.npy
ncih2170_facs_fish_0723_high_her2_65,NCI-H2170,gt_image/ncih2170_facs_fish_0723_high_her2_65.tif,gt_coords/ncih2170_facs_fish_0723_high_her2_65.npy
ncih2170_facs_fish_0723_high_her2_69,NCI-H2170,gt_image/ncih2170_facs_fish_0723_high_her2_69.tif,gt_coords/ncih2170_facs_fish_0723_high_her2_69.npy
ncih2170_facs_fish_0723_high_her2_7,NCI-H2170,gt_image/ncih2170_facs_fish_0723_high_her2_7.tif,gt_coords/ncih2170_facs_fish_0723_high_her2_7.npy
ncih2170_facs_fish_0723_high_her2_71,NCI-H2170,gt_image/ncih2170_facs_fish_0723_high_her2_71.tif,gt_coords/ncih2170_facs_fish_0723_high_her2_71.npy
ncih2170_facs_fish_0723_high_her2_79,NCI-H2170,gt_image/ncih2170_facs_fish_0723_high_her2_79.tif,gt_coords/ncih2170_facs_fish_0723_high_her2_79.npy
ncih2170_facs_fish_0723_high_her2_8,NCI-H2170,gt_image/ncih2170_facs_fish_0723_high_her2_8.tif,gt_coords/ncih2170_facs_fish_0723_high_her2_8.npy
ncih2170_facs_fish_0723_high_her2_80,NCI-H2170,gt_image/ncih2170_facs_fish_0723_high_her2_80.tif,gt_coords/ncih2170_facs_fish_0723_high_her2_80.npy
ncih2170_facs_fish_0723_high_her2_82,NCI-H2170,gt_image/ncih2170_facs_fish_0723_high_her2_82.tif,gt_coords/ncih2170_facs_fish_0723_high_her2_82.npy
ncih2170_facs_fish_0723_high_her2_83,NCI-H2170,gt_image/ncih2170_facs_fish_0723_high_her2_83.tif,gt_coords/ncih2170_facs_fish_0723_high_her2_83.npy
ncih2170_facs_fish_0723_high_her2_84,NCI-H2170,gt_image/ncih2170_facs_fish_0723_high_her2_84.tif,gt_coords/ncih2170_facs_fish_0723_high_her2_84.npy
ncih2170_facs_fish_0723_high_her2_86,NCI-H2170,gt_image/ncih2170_facs_fish_0723_high_her2_86.tif,gt_coords/ncih2170_facs_fish_0723_high_her2_86.npy
ncih2170_facs_fish_0723_high_her2_87,NCI-H2170,gt_image/ncih2170_facs_fish_0723_high_her2_87.tif,gt_coords/ncih2170_facs_fish_0723_high_her2_87.npy
ncih2170_facs_fish_0723_high_her2_88,NCI-H2170,gt_image/ncih2170_facs_fish_0723_high_her2_88.tif,gt_coords/ncih2170_facs_fish_0723_high_her2_88.npy
ncih2170_facs_fish_0723_high_her2_89,NCI-H2170,gt_image/ncih2170_facs_fish_0723_high_her2_89.tif,gt_coords/ncih2170_facs_fish_0723_high_her2_89.npy
ncih2170_facs_fish_0723_high_her2_9,NCI-H2170,gt_image/ncih2170_facs_fish_0723_high_her2_9.tif,gt_coords/ncih2170_facs_fish_0723_high_her2_9.npy
ncih2170_facs_fish_0723_high_her2_91,NCI-H2170,gt_image/ncih2170_facs_fish_0723_high_her2_91.tif,gt_coords/ncih2170_facs_fish_0723_high_her2_91.npy
ncih2170_facs_fish_0723_high_her2_92,NCI-H2170,gt_image/ncih2170_facs_fish_0723_high_her2_92.tif,gt_coords/ncih2170_facs_fish_0723_high_her2_92.npy
ncih2170_facs_fish_0723_high_her2_93,NCI-H2170,gt_image/ncih2170_facs_fish_0723_high_her2_93.tif,gt_coords/ncih2170_facs_fish_0723_high_her2_93.npy
ncih2170_facs_fish_0723_high_her2_94,NCI-H2170,gt_image/ncih2170_facs_fish_0723_high_her2_94.tif,gt_coords/ncih2170_facs_fish_0723_high_her2_94.npy
ncih2170_facs_fish_0723_high_her2_96,NCI-H2170,gt_image/ncih2170_facs_fish_0723_high_her2_96.tif,gt_coords/ncih2170_facs_fish_0723_high_her2_96.npy
ncih2170_facs_fish_0723_high_her2_97,NCI-H2170,gt_image/ncih2170_facs_fish_0723_high_her2_97.tif,gt_coords/ncih2170_facs_fish_0723_high_her2_97.npy
ncih2170_facs_fish_0723_high_her2_98,NCI-H2170,gt_image/ncih2170_facs_fish_0723_high_her2_98.tif,gt_coords/ncih2170_facs_fish_0723_high_her2_98.npy
ncih2170_facs_fish_0723_high_her2_99_a,NCI-H2170,gt_image/ncih2170_facs_fish_0723_high_her2_99_a.tif,gt_coords/ncih2170_facs_fish_0723_high_her2_99_a.npy
ncih2170_facs_fish_0723_high_her2_99_b,NCI-H2170,gt_image/ncih2170_facs_fish_0723_high_her2_99_b.tif,gt_coords/ncih2170_facs_fish_0723_high_her2_99_b.npy
ncih2170_facs_fish_0723_low_her2_1,NCI-H2170,gt_image/ncih2170_facs_fish_0723_low_her2_1.tif,gt_coords/ncih2170_facs_fish_0723_low_her2_1.npy
ncih2170_facs_fish_0723_low_her2_10,NCI-H2170,gt_image/ncih2170_facs_fish_0723_low_her2_10.tif,gt_coords/ncih2170_facs_fish_0723_low_her2_10.npy
ncih2170_facs_fish_0723_low_her2_101,NCI-H2170,gt_image/ncih2170_facs_fish_0723_low_her2_101.tif,gt_coords/ncih2170_facs_fish_0723_low_her2_101.npy
ncih2170_facs_fish_0723_low_her2_102,NCI-H2170,gt_image/ncih2170_facs_fish_0723_low_her2_102.tif,gt_coords/ncih2170_facs_fish_0723_low_her2_102.npy
ncih2170_facs_fish_0723_low_her2_103,NCI-H2170,gt_image/ncih2170_facs_fish_0723_low_her2_103.tif,gt_coords/ncih2170_facs_fish_0723_low_her2_103.npy
ncih2170_facs_fish_0723_low_her2_104,NCI-H2170,gt_image/ncih2170_facs_fish_0723_low_her2_104.tif,gt_coords/ncih2170_facs_fish_0723_low_her2_104.npy
ncih2170_facs_fish_0723_low_her2_105,NCI-H2170,gt_image/ncih2170_facs_fish_0723_low_her2_105.tif,gt_coords/ncih2170_facs_fish_0723_low_her2_105.npy
ncih2170_facs_fish_0723_low_her2_106,NCI-H2170,gt_image/ncih2170_facs_fish_0723_low_her2_106.tif,gt_coords/ncih2170_facs_fish_0723_low_her2_106.npy
ncih2170_facs_fish_0723_low_her2_107,NCI-H2170,gt_image/ncih2170_facs_fish_0723_low_her2_107.tif,gt_coords/ncih2170_facs_fish_0723_low_her2_107.npy
ncih2170_facs_fish_0723_low_her2_108,NCI-H2170,gt_image/ncih2170_facs_fish_0723_low_her2_108.tif,gt_coords/ncih2170_facs_fish_0723_low_her2_108.npy
ncih2170_facs_fish_0723_low_her2_109,NCI-H2170,gt_image/ncih2170_facs_fish_0723_low_her2_109.tif,gt_coords/ncih2170_facs_fish_0723_low_her2_109.npy
ncih2170_facs_fish_0723_low_her2_11,NCI-H2170,gt_image/ncih2170_facs_fish_0723_low_her2_11.tif,gt_coords/ncih2170_facs_fish_0723_low_her2_11.npy
ncih2170_facs_fish_0723_low_her2_111,NCI-H2170,gt_image/ncih2170_facs_fish_0723_low_her2_111.tif,gt_coords/ncih2170_facs_fish_0723_low_her2_111.npy
ncih2170_facs_fish_0723_low_her2_112,NCI-H2170,gt_image/ncih2170_facs_fish_0723_low_her2_112.tif,gt_coords/ncih2170_facs_fish_0723_low_her2_112.npy
ncih2170_facs_fish_0723_low_her2_113,NCI-H2170,gt_image/ncih2170_facs_fish_0723_low_her2_113.tif,gt_coords/ncih2170_facs_fish_0723_low_her2_113.npy
ncih2170_facs_fish_0723_low_her2_114,NCI-H2170,gt_image/ncih2170_facs_fish_0723_low_her2_114.tif,gt_coords/ncih2170_facs_fish_0723_low_her2_114.npy
ncih2170_facs_fish_0723_low_her2_115,NCI-H2170,gt_image/ncih2170_facs_fish_0723_low_her2_115.tif,gt_coords/ncih2170_facs_fish_0723_low_her2_115.npy
ncih2170_facs_fish_0723_low_her2_116,NCI-H2170,gt_image/ncih2170_facs_fish_0723_low_her2_116.tif,gt_coords/ncih2170_facs_fish_0723_low_her2_116.npy
ncih2170_facs_fish_0723_low_her2_117,NCI-H2170,gt_image/ncih2170_facs_fish_0723_low_her2_117.tif,gt_coords/ncih2170_facs_fish_0723_low_her2_117.npy
ncih2170_facs_fish_0723_low_her2_118,NCI-H2170,gt_image/ncih2170_facs_fish_0723_low_her2_118.tif,gt_coords/ncih2170_facs_fish_0723_low_her2_118.npy
ncih2170_facs_fish_0723_low_her2_12,NCI-H2170,gt_image/ncih2170_facs_fish_0723_low_her2_12.tif,gt_coords/ncih2170_facs_fish_0723_low_her2_12.npy
ncih2170_facs_fish_0723_low_her2_123,NCI-H2170,gt_image/ncih2170_facs_fish_0723_low_her2_123.tif,gt_coords/ncih2170_facs_fish_0723_low_her2_123.npy
ncih2170_facs_fish_0723_low_her2_124,NCI-H2170,gt_image/ncih2170_facs_fish_0723_low_her2_124.tif,gt_coords/ncih2170_facs_fish_0723_low_her2_124.npy
ncih2170_facs_fish_0723_low_her2_125,NCI-H2170,gt_image/ncih2170_facs_fish_0723_low_her2_125.tif,gt_coords/ncih2170_facs_fish_0723_low_her2_125.npy
ncih2170_facs_fish_0723_low_her2_126,NCI-H2170,gt_image/ncih2170_facs_fish_0723_low_her2_126.tif,gt_coords/ncih2170_facs_fish_0723_low_her2_126.npy
ncih2170_facs_fish_0723_low_her2_13,NCI-H2170,gt_image/ncih2170_facs_fish_0723_low_her2_13.tif,gt_coords/ncih2170_facs_fish_0723_low_her2_13.npy
ncih2170_facs_fish_0723_low_her2_14,NCI-H2170,gt_image/ncih2170_facs_fish_0723_low_her2_14.tif,gt_coords/ncih2170_facs_fish_0723_low_her2_14.npy
ncih2170_facs_fish_0723_low_her2_15,NCI-H2170,gt_image/ncih2170_facs_fish_0723_low_her2_15.tif,gt_coords/ncih2170_facs_fish_0723_low_her2_15.npy
ncih2170_facs_fish_0723_low_her2_16,NCI-H2170,gt_image/ncih2170_facs_fish_0723_low_her2_16.tif,gt_coords/ncih2170_facs_fish_0723_low_her2_16.npy
ncih2170_facs_fish_0723_low_her2_17,NCI-H2170,gt_image/ncih2170_facs_fish_0723_low_her2_17.tif,gt_coords/ncih2170_facs_fish_0723_low_her2_17.npy
ncih2170_facs_fish_0723_low_her2_19,NCI-H2170,gt_image/ncih2170_facs_fish_0723_low_her2_19.tif,gt_coords/ncih2170_facs_fish_0723_low_her2_19.npy
ncih2170_facs_fish_0723_low_her2_20,NCI-H2170,gt_image/ncih2170_facs_fish_0723_low_her2_20.tif,gt_coords/ncih2170_facs_fish_0723_low_her2_20.npy
ncih2170_facs_fish_0723_low_her2_21,NCI-H2170,gt_image/ncih2170_facs_fish_0723_low_her2_21.tif,gt_coords/ncih2170_facs_fish_0723_low_her2_21.npy
ncih2170_facs_fish_0723_low_her2_22,NCI-H2170,gt_image/ncih2170_facs_fish_0723_low_her2_22.tif,gt_coords/ncih2170_facs_fish_0723_low_her2_22.npy
ncih2170_facs_fish_0723_low_her2_23,NCI-H2170,gt_image/ncih2170_facs_fish_0723_low_her2_23.tif,gt_coords/ncih2170_facs_fish_0723_low_her2_23.npy
ncih2170_facs_fish_0723_low_her2_24,NCI-H2170,gt_image/ncih2170_facs_fish_0723_low_her2_24.tif,gt_coords/ncih2170_facs_fish_0723_low_her2_24.npy
ncih2170_facs_fish_0723_low_her2_25,NCI-H2170,gt_image/ncih2170_facs_fish_0723_low_her2_25.tif,gt_coords/ncih2170_facs_fish_0723_low_her2_25.npy
ncih2170_facs_fish_0723_low_her2_27,NCI-H2170,gt_image/ncih2170_facs_fish_0723_low_her2_27.tif,gt_coords/ncih2170_facs_fish_0723_low_her2_27.npy
ncih2170_facs_fish_0723_low_her2_28,NCI-H2170,gt_image/ncih2170_facs_fish_0723_low_her2_28.tif,gt_coords/ncih2170_facs_fish_0723_low_her2_28.npy
ncih2170_facs_fish_0723_low_her2_3,NCI-H2170,gt_image/ncih2170_facs_fish_0723_low_her2_3.tif,gt_coords/ncih2170_facs_fish_0723_low_her2_3.npy
ncih2170_facs_fish_0723_low_her2_30,NCI-H2170,gt_image/ncih2170_facs_fish_0723_low_her2_30.tif,gt_coords/ncih2170_facs_fish_0723_low_her2_30.npy
ncih2170_facs_fish_0723_low_her2_32,NCI-H2170,gt_image/ncih2170_facs_fish_0723_low_her2_32.tif,gt_coords/ncih2170_facs_fish_0723_low_her2_32.npy
ncih2170_facs_fish_0723_low_her2_33,NCI-H2170,gt_image/ncih2170_facs_fish_0723_low_her2_33.tif,gt_coords/ncih2170_facs_fish_0723_low_her2_33.npy
ncih2170_facs_fish_0723_low_her2_34,NCI-H2170,gt_image/ncih2170_facs_fish_0723_low_her2_34.tif,gt_coords/ncih2170_facs_fish_0723_low_her2_34.npy
ncih2170_facs_fish_0723_low_her2_35,NCI-H2170,gt_image/ncih2170_facs_fish_0723_low_her2_35.tif,gt_coords/ncih2170_facs_fish_0723_low_her2_35.npy
ncih2170_facs_fish_0723_low_her2_36,NCI-H2170,gt_image/ncih2170_facs_fish_0723_low_her2_36.tif,gt_coords/ncih2170_facs_fish_0723_low_her2_36.npy
ncih2170_facs_fish_0723_low_her2_37,NCI-H2170,gt_image/ncih2170_facs_fish_0723_low_her2_37.tif,gt_coords/ncih2170_facs_fish_0723_low_her2_37.npy
ncih2170_facs_fish_0723_low_her2_38,NCI-H2170,gt_image/ncih2170_facs_fish_0723_low_her2_38.tif,gt_coords/ncih2170_facs_fish_0723_low_her2_38.npy
ncih2170_facs_fish_0723_low_her2_39,NCI-H2170,gt_image/ncih2170_facs_fish_0723_low_her2_39.tif,gt_coords/ncih2170_facs_fish_0723_low_her2_39.npy
ncih2170_facs_fish_0723_low_her2_40,NCI-H2170,gt_image/ncih2170_facs_fish_0723_low_her2_40.tif,gt_coords/ncih2170_facs_fish_0723_low_her2_40.npy
ncih2170_facs_fish_0723_low_her2_41,NCI-H2170,gt_image/ncih2170_facs_fish_0723_low_her2_41.tif,gt_coords/ncih2170_facs_fish_0723_low_her2_41.npy
ncih2170_facs_fish_0723_low_her2_42,NCI-H2170,gt_image/ncih2170_facs_fish_0723_low_her2_42.tif,gt_coords/ncih2170_facs_fish_0723_low_her2_42.npy
ncih2170_facs_fish_0723_low_her2_43,NCI-H2170,gt_image/ncih2170_facs_fish_0723_low_her2_43.tif,gt_coords/ncih2170_facs_fish_0723_low_her2_43.npy
ncih2170_facs_fish_0723_low_her2_44,NCI-H2170,gt_image/ncih2170_facs_fish_0723_low_her2_44.tif,gt_coords/ncih2170_facs_fish_0723_low_her2_44.npy
ncih2170_facs_fish_0723_low_her2_45,NCI-H2170,gt_image/ncih2170_facs_fish_0723_low_her2_45.tif,gt_coords/ncih2170_facs_fish_0723_low_her2_45.npy
ncih2170_facs_fish_0723_low_her2_46,NCI-H2170,gt_image/ncih2170_facs_fish_0723_low_her2_46.tif,gt_coords/ncih2170_facs_fish_0723_low_her2_46.npy
ncih2170_facs_fish_0723_low_her2_5,NCI-H2170,gt_image/ncih2170_facs_fish_0723_low_her2_5.tif,gt_coords/ncih2170_facs_fish_0723_low_her2_5.npy
ncih2170_facs_fish_0723_low_her2_51,NCI-H2170,gt_image/ncih2170_facs_fish_0723_low_her2_51.tif,gt_coords/ncih2170_facs_fish_0723_low_her2_51.npy
ncih2170_facs_fish_0723_low_her2_52,NCI-H2170,gt_image/ncih2170_facs_fish_0723_low_her2_52.tif,gt_coords/ncih2170_facs_fish_0723_low_her2_52.npy
ncih2170_facs_fish_0723_low_her2_53,NCI-H2170,gt_image/ncih2170_facs_fish_0723_low_her2_53.tif,gt_coords/ncih2170_facs_fish_0723_low_her2_53.npy
ncih2170_facs_fish_0723_low_her2_54,NCI-H2170,gt_image/ncih2170_facs_fish_0723_low_her2_54.tif,gt_coords/ncih2170_facs_fish_0723_low_her2_54.npy
ncih2170_facs_fish_0723_low_her2_56,NCI-H2170,gt_image/ncih2170_facs_fish_0723_low_her2_56.tif,gt_coords/ncih2170_facs_fish_0723_low_her2_56.npy
ncih2170_facs_fish_0723_low_her2_57,NCI-H2170,gt_image/ncih2170_facs_fish_0723_low_her2_57.tif,gt_coords/ncih2170_facs_fish_0723_low_her2_57.npy
ncih2170_facs_fish_0723_low_her2_58,NCI-H2170,gt_image/ncih2170_facs_fish_0723_low_her2_58.tif,gt_coords/ncih2170_facs_fish_0723_low_her2_58.npy
ncih2170_facs_fish_0723_low_her2_6,NCI-H2170,gt_image/ncih2170_facs_fish_0723_low_her2_6.tif,gt_coords/ncih2170_facs_fish_0723_low_her2_6.npy
ncih2170_facs_fish_0723_low_her2_60,NCI-H2170,gt_image/ncih2170_facs_fish_0723_low_her2_60.tif,gt_coords/ncih2170_facs_fish_0723_low_her2_60.npy
ncih2170_facs_fish_0723_low_her2_61,NCI-H2170,gt_image/ncih2170_facs_fish_0723_low_her2_61.tif,gt_coords/ncih2170_facs_fish_0723_low_her2_61.npy
ncih2170_facs_fish_0723_low_her2_62,NCI-H2170,gt_image/ncih2170_facs_fish_0723_low_her2_62.tif,gt_coords/ncih2170_facs_fish_0723_low_her2_62.npy
ncih2170_facs_fish_0723_low_her2_63,NCI-H2170,gt_image/ncih2170_facs_fish_0723_low_her2_63.tif,gt_coords/ncih2170_facs_fish_0723_low_her2_63.npy
ncih2170_facs_fish_0723_low_her2_64,NCI-H2170,gt_image/ncih2170_facs_fish_0723_low_her2_64.tif,gt_coords/ncih2170_facs_fish_0723_low_her2_64.npy
ncih2170_facs_fish_0723_low_her2_65,NCI-H2170,gt_image/ncih2170_facs_fish_0723_low_her2_65.tif,gt_coords/ncih2170_facs_fish_0723_low_her2_65.npy
ncih2170_facs_fish_0723_low_her2_67,NCI-H2170,gt_image/ncih2170_facs_fish_0723_low_her2_67.tif,gt_coords/ncih2170_facs_fish_0723_low_her2_67.npy
ncih2170_facs_fish_0723_low_her2_68,NCI-H2170,gt_image/ncih2170_facs_fish_0723_low_her2_68.tif,gt_coords/ncih2170_facs_fish_0723_low_her2_68.npy
ncih2170_facs_fish_0723_low_her2_70,NCI-H2170,gt_image/ncih2170_facs_fish_0723_low_her2_70.tif,gt_coords/ncih2170_facs_fish_0723_low_her2_70.npy
ncih2170_facs_fish_0723_low_her2_73,NCI-H2170,gt_image/ncih2170_facs_fish_0723_low_her2_73.tif,gt_coords/ncih2170_facs_fish_0723_low_her2_73.npy
ncih2170_facs_fish_0723_low_her2_74,NCI-H2170,gt_image/ncih2170_facs_fish_0723_low_her2_74.tif,gt_coords/ncih2170_facs_fish_0723_low_her2_74.npy
ncih2170_facs_fish_0723_low_her2_75,NCI-H2170,gt_image/ncih2170_facs_fish_0723_low_her2_75.tif,gt_coords/ncih2170_facs_fish_0723_low_her2_75.npy
ncih2170_facs_fish_0723_low_her2_77,NCI-H2170,gt_image/ncih2170_facs_fish_0723_low_her2_77.tif,gt_coords/ncih2170_facs_fish_0723_low_her2_77.npy
ncih2170_facs_fish_0723_low_her2_78,NCI-H2170,gt_image/ncih2170_facs_fish_0723_low_her2_78.tif,gt_coords/ncih2170_facs_fish_0723_low_her2_78.npy
ncih2170_facs_fish_0723_low_her2_79,NCI-H2170,gt_image/ncih2170_facs_fish_0723_low_her2_79.tif,gt_coords/ncih2170_facs_fish_0723_low_her2_79.npy
ncih2170_facs_fish_0723_low_her2_8,NCI-H2170,gt_image/ncih2170_facs_fish_0723_low_her2_8.tif,gt_coords/ncih2170_facs_fish_0723_low_her2_8.npy
ncih2170_facs_fish_0723_low_her2_80,NCI-H2170,gt_image/ncih2170_facs_fish_0723_low_her2_80.tif,gt_coords/ncih2170_facs_fish_0723_low_her2_80.npy
ncih2170_facs_fish_0723_low_her2_81,NCI-H2170,gt_image/ncih2170_facs_fish_0723_low_her2_81.tif,gt_coords/ncih2170_facs_fish_0723_low_her2_81.npy
ncih2170_facs_fish_0723_low_her2_82,NCI-H2170,gt_image/ncih2170_facs_fish_0723_low_her2_82.tif,gt_coords/ncih2170_facs_fish_0723_low_her2_82.npy
ncih2170_facs_fish_0723_low_her2_83,NCI-H2170,gt_image/ncih2170_facs_fish_0723_low_her2_83.tif,gt_coords/ncih2170_facs_fish_0723_low_her2_83.npy
ncih2170_facs_fish_0723_low_her2_84,NCI-H2170,gt_image/ncih2170_facs_fish_0723_low_her2_84.tif,gt_coords/ncih2170_facs_fish_0723_low_her2_84.npy
ncih2170_facs_fish_0723_low_her2_85,NCI-H2170,gt_image/ncih2170_facs_fish_0723_low_her2_85.tif,gt_coords/ncih2170_facs_fish_0723_low_her2_85.npy
ncih2170_facs_fish_0723_low_her2_86,NCI-H2170,gt_image/ncih2170_facs_fish_0723_low_her2_86.tif,gt_coords/ncih2170_facs_fish_0723_low_her2_86.npy
ncih2170_facs_fish_0723_low_her2_87,NCI-H2170,gt_image/ncih2170_facs_fish_0723_low_her2_87.tif,gt_coords/ncih2170_facs_fish_0723_low_her2_87.npy
ncih2170_facs_fish_0723_low_her2_88,NCI-H2170,gt_image/ncih2170_facs_fish_0723_low_her2_88.tif,gt_coords/ncih2170_facs_fish_0723_low_her2_88.npy
ncih2170_facs_fish_0723_low_her2_89,NCI-H2170,gt_image/ncih2170_facs_fish_0723_low_her2_89.tif,gt_coords/ncih2170_facs_fish_0723_low_her2_89.npy
ncih2170_facs_fish_0723_low_her2_9,NCI-H2170,gt_image/ncih2170_facs_fish_0723_low_her2_9.tif,gt_coords/ncih2170_facs_fish_0723_low_her2_9.npy
ncih2170_facs_fish_0723_low_her2_90,NCI-H2170,gt_image/ncih2170_facs_fish_0723_low_her2_90.tif,gt_coords/ncih2170_facs_fish_0723_low_her2_90.npy
ncih2170_facs_fish_0723_low_her2_91,NCI-H2170,gt_image/ncih2170_facs_fish_0723_low_her2_91.tif,gt_coords/ncih2170_facs_fish_0723_low_her2_91.npy
ncih2170_facs_fish_0723_low_her2_92,NCI-H2170,gt_image/ncih2170_facs_fish_0723_low_her2_92.tif,gt_coords/ncih2170_facs_fish_0723_low_her2_92.npy
ncih2170_facs_fish_0723_low_her2_93,NCI-H2170,gt_image/ncih2170_facs_fish_0723_low_her2_93.tif,gt_coords/ncih2170_facs_fish_0723_low_her2_93.npy
ncih2170_facs_fish_0723_low_her2_94,NCI-H2170,gt_image/ncih2170_facs_fish_0723_low_her2_94.tif,gt_coords/ncih2170_facs_fish_0723_low_her2_94.npy
ncih2170_facs_fish_0723_low_her2_96,NCI-H2170,gt_image/ncih2170_facs_fish_0723_low_her2_96.tif,gt_coords/ncih2170_facs_fish_0723_low_her2_96.npy
ncih2170_facs_fish_0723_low_her2_97,NCI-H2170,gt_image/ncih2170_facs_fish_0723_low_her2_97.tif,gt_coords/ncih2170_facs_fish_0723_low_her2_97.npy
ncih2170_facs_fish_0723_low_her2_98,NCI-H2170,gt_image/ncih2170_facs_fish_0723_low_her2_98.tif,gt_coords/ncih2170_facs_fish_0723_low_her2_98.npy
ncih2170_facs_fish_0723_low_her2_99,NCI-H2170,gt_image/ncih2170_facs_fish_0723_low_her2_99.tif,gt_coords/ncih2170_facs_fish_0723_low_her2_99.npy
ncih2170_facs_fish_0723_pre_sort_ctrl_1,NCI-H2170,gt_image/ncih2170_facs_fish_0723_pre_sort_ctrl_1.tif,gt_coords/ncih2170_facs_fish_0723_pre_sort_ctrl_1.npy
ncih2170_facs_fish_0723_pre_sort_ctrl_10,NCI-H2170,gt_image/ncih2170_facs_fish_0723_pre_sort_ctrl_10.tif,gt_coords/ncih2170_facs_fish_0723_pre_sort_ctrl_10.npy
ncih2170_facs_fish_0723_pre_sort_ctrl_11,NCI-H2170,gt_image/ncih2170_facs_fish_0723_pre_sort_ctrl_11.tif,gt_coords/ncih2170_facs_fish_0723_pre_sort_ctrl_11.npy
ncih2170_facs_fish_0723_pre_sort_ctrl_12,NCI-H2170,gt_image/ncih2170_facs_fish_0723_pre_sort_ctrl_12.tif,gt_coords/ncih2170_facs_fish_0723_pre_sort_ctrl_12.npy
ncih2170_facs_fish_0723_pre_sort_ctrl_13,NCI-H2170,gt_image/ncih2170_facs_fish_0723_pre_sort_ctrl_13.tif,gt_coords/ncih2170_facs_fish_0723_pre_sort_ctrl_13.npy
ncih2170_facs_fish_0723_pre_sort_ctrl_14,NCI-H2170,gt_image/ncih2170_facs_fish_0723_pre_sort_ctrl_14.tif,gt_coords/ncih2170_facs_fish_0723_pre_sort_ctrl_14.npy
ncih2170_facs_fish_0723_pre_sort_ctrl_15,NCI-H2170,gt_image/ncih2170_facs_fish_0723_pre_sort_ctrl_15.tif,gt_coords/ncih2170_facs_fish_0723_pre_sort_ctrl_15.npy
ncih2170_facs_fish_0723_pre_sort_ctrl_16,NCI-H2170,gt_image/ncih2170_facs_fish_0723_pre_sort_ctrl_16.tif,gt_coords/ncih2170_facs_fish_0723_pre_sort_ctrl_16.npy
ncih2170_facs_fish_0723_pre_sort_ctrl_17,NCI-H2170,gt_image/ncih2170_facs_fish_0723_pre_sort_ctrl_17.tif,gt_coords/ncih2170_facs_fish_0723_pre_sort_ctrl_17.npy
ncih2170_facs_fish_0723_pre_sort_ctrl_18,NCI-H2170,gt_image/ncih2170_facs_fish_0723_pre_sort_ctrl_18.tif,gt_coords/ncih2170_facs_fish_0723_pre_sort_ctrl_18.npy
ncih2170_facs_fish_0723_pre_sort_ctrl_19,NCI-H2170,gt_image/ncih2170_facs_fish_0723_pre_sort_ctrl_19.tif,gt_coords/ncih2170_facs_fish_0723_pre_sort_ctrl_19.npy
ncih2170_facs_fish_0723_pre_sort_ctrl_2,NCI-H2170,gt_image/ncih2170_facs_fish_0723_pre_sort_ctrl_2.tif,gt_coords/ncih2170_facs_fish_0723_pre_sort_ctrl_2.npy
ncih2170_facs_fish_0723_pre_sort_ctrl_20,NCI-H2170,gt_image/ncih2170_facs_fish_0723_pre_sort_ctrl_20.tif,gt_coords/ncih2170_facs_fish_0723_pre_sort_ctrl_20.npy
ncih2170_facs_fish_0723_pre_sort_ctrl_21,NCI-H2170,gt_image/ncih2170_facs_fish_0723_pre_sort_ctrl_21.tif,gt_coords/ncih2170_facs_fish_0723_pre_sort_ctrl_21.npy
ncih2170_facs_fish_0723_pre_sort_ctrl_22,NCI-H2170,gt_image/ncih2170_facs_fish_0723_pre_sort_ctrl_22.tif,gt_coords/ncih2170_facs_fish_0723_pre_sort_ctrl_22.npy
ncih2170_facs_fish_0723_pre_sort_ctrl_23,NCI-H2170,gt_image/ncih2170_facs_fish_0723_pre_sort_ctrl_23.tif,gt_coords/ncih2170_facs_fish_0723_pre_sort_ctrl_23.npy
ncih2170_facs_fish_0723_pre_sort_ctrl_24,NCI-H2170,gt_image/ncih2170_facs_fish_0723_pre_sort_ctrl_24.tif,gt_coords/ncih2170_facs_fish_0723_pre_sort_ctrl_24.npy
ncih2170_facs_fish_0723_pre_sort_ctrl_25,NCI-H2170,gt_image/ncih2170_facs_fish_0723_pre_sort_ctrl_25.tif,gt_coords/ncih2170_facs_fish_0723_pre_sort_ctrl_25.npy
ncih2170_facs_fish_0723_pre_sort_ctrl_26,NCI-H2170,gt_image/ncih2170_facs_fish_0723_pre_sort_ctrl_26.tif,gt_coords/ncih2170_facs_fish_0723_pre_sort_ctrl_26.npy
ncih2170_facs_fish_0723_pre_sort_ctrl_27,NCI-H2170,gt_image/ncih2170_facs_fish_0723_pre_sort_ctrl_27.tif,gt_coords/ncih2170_facs_fish_0723_pre_sort_ctrl_27.npy
ncih2170_facs_fish_0723_pre_sort_ctrl_28,NCI-H2170,gt_image/ncih2170_facs_fish_0723_pre_sort_ctrl_28.tif,gt_coords/ncih2170_facs_fish_0723_pre_sort_ctrl_28.npy
ncih2170_facs_fish_0723_pre_sort_ctrl_29,NCI-H2170,gt_image/ncih2170_facs_fish_0723_pre_sort_ctrl_29.tif,gt_coords/ncih2170_facs_fish_0723_pre_sort_ctrl_29.npy
ncih2170_facs_fish_0723_pre_sort_ctrl_3,NCI-H2170,gt_image/ncih2170_facs_fish_0723_pre_sort_ctrl_3.tif,gt_coords/ncih2170_facs_fish_0723_pre_sort_ctrl_3.npy
ncih2170_facs_fish_0723_pre_sort_ctrl_30,NCI-H2170,gt_image/ncih2170_facs_fish_0723_pre_sort_ctrl_30.tif,gt_coords/ncih2170_facs_fish_0723_pre_sort_ctrl_30.npy
ncih2170_facs_fish_0723_pre_sort_ctrl_31,NCI-H2170,gt_image/ncih2170_facs_fish_0723_pre_sort_ctrl_31.tif,gt_coords/ncih2170_facs_fish_0723_pre_sort_ctrl_31.npy
ncih2170_facs_fish_0723_pre_sort_ctrl_32,NCI-H2170,gt_image/ncih2170_facs_fish_0723_pre_sort_ctrl_32.tif,gt_coords/ncih2170_facs_fish_0723_pre_sort_ctrl_32.npy
ncih2170_facs_fish_0723_pre_sort_ctrl_33,NCI-H2170,gt_image/ncih2170_facs_fish_0723_pre_sort_ctrl_33.tif,gt_coords/ncih2170_facs_fish_0723_pre_sort_ctrl_33.npy
ncih2170_facs_fish_0723_pre_sort_ctrl_34,NCI-H2170,gt_image/ncih2170_facs_fish_0723_pre_sort_ctrl_34.tif,gt_coords/ncih2170_facs_fish_0723_pre_sort_ctrl_34.npy
ncih2170_facs_fish_0723_pre_sort_ctrl_35,NCI-H2170,gt_image/ncih2170_facs_fish_0723_pre_sort_ctrl_35.tif,gt_coords/ncih2170_facs_fish_0723_pre_sort_ctrl_35.npy
ncih2170_facs_fish_0723_pre_sort_ctrl_36,NCI-H2170,gt_image/ncih2170_facs_fish_0723_pre_sort_ctrl_36.tif,gt_coords/ncih2170_facs_fish_0723_pre_sort_ctrl_36.npy
ncih2170_facs_fish_0723_pre_sort_ctrl_4,NCI-H2170,gt_image/ncih2170_facs_fish_0723_pre_sort_ctrl_4.tif,gt_coords/ncih2170_facs_fish_0723_pre_sort_ctrl_4.npy
ncih2170_facs_fish_0723_pre_sort_ctrl_5,NCI-H2170,gt_image/ncih2170_facs_fish_0723_pre_sort_ctrl_5.tif,gt_coords/ncih2170_facs_fish_0723_pre_sort_ctrl_5.npy
ncih2170_facs_fish_0723_pre_sort_ctrl_6,NCI-H2170,gt_image/ncih2170_facs_fish_0723_pre_sort_ctrl_6.tif,gt_coords/ncih2170_facs_fish_0723_pre_sort_ctrl_6.npy
ncih2170_facs_fish_0723_pre_sort_ctrl_7,NCI-H2170,gt_image/ncih2170_facs_fish_0723_pre_sort_ctrl_7.tif,gt_coords/ncih2170_facs_fish_0723_pre_sort_ctrl_7.npy
ncih2170_facs_fish_0723_pre_sort_ctrl_8,NCI-H2170,gt_image/ncih2170_facs_fish_0723_pre_sort_ctrl_8.tif,gt_coords/ncih2170_facs_fish_0723_pre_sort_ctrl_8.npy
ncih2170_facs_fish_0723_pre_sort_ctrl_9,NCI-H2170,gt_image/ncih2170_facs_fish_0723_pre_sort_ctrl_9.tif,gt_coords/ncih2170_facs_fish_0723_pre_sort_ctrl_9.npy
ncih2170_facs_fish_0723_sorted_ctrl_1,NCI-H2170,gt_image/ncih2170_facs_fish_0723_sorted_ctrl_1.tif,gt_coords/ncih2170_facs_fish_0723_sorted_ctrl_1.npy
ncih2170_facs_fish_0723_sorted_ctrl_10,NCI-H2170,gt_image/ncih2170_facs_fish_0723_sorted_ctrl_10.tif,gt_coords/ncih2170_facs_fish_0723_sorted_ctrl_10.npy
ncih2170_facs_fish_0723_sorted_ctrl_100,NCI-H2170,gt_image/ncih2170_facs_fish_0723_sorted_ctrl_100.tif,gt_coords/ncih2170_facs_fish_0723_sorted_ctrl_100.npy
ncih2170_facs_fish_0723_sorted_ctrl_11,NCI-H2170,gt_image/ncih2170_facs_fish_0723_sorted_ctrl_11.tif,gt_coords/ncih2170_facs_fish_0723_sorted_ctrl_11.npy
ncih2170_facs_fish_0723_sorted_ctrl_12,NCI-H2170,gt_image/ncih2170_facs_fish_0723_sorted_ctrl_12.tif,gt_coords/ncih2170_facs_fish_0723_sorted_ctrl_12.npy
ncih2170_facs_fish_0723_sorted_ctrl_13,NCI-H2170,gt_image/ncih2170_facs_fish_0723_sorted_ctrl_13.tif,gt_coords/ncih2170_facs_fish_0723_sorted_ctrl_13.npy
ncih2170_facs_fish_0723_sorted_ctrl_15,NCI-H2170,gt_image/ncih2170_facs_fish_0723_sorted_ctrl_15.tif,gt_coords/ncih2170_facs_fish_0723_sorted_ctrl_15.npy
ncih2170_facs_fish_0723_sorted_ctrl_16,NCI-H2170,gt_image/ncih2170_facs_fish_0723_sorted_ctrl_16.tif,gt_coords/ncih2170_facs_fish_0723_sorted_ctrl_16.npy
ncih2170_facs_fish_0723_sorted_ctrl_17,NCI-H2170,gt_image/ncih2170_facs_fish_0723_sorted_ctrl_17.tif,gt_coords/ncih2170_facs_fish_0723_sorted_ctrl_17.npy
ncih2170_facs_fish_0723_sorted_ctrl_18,NCI-H2170,gt_image/ncih2170_facs_fish_0723_sorted_ctrl_18.tif,gt_coords/ncih2170_facs_fish_0723_sorted_ctrl_18.npy
ncih2170_facs_fish_0723_sorted_ctrl_19,NCI-H2170,gt_image/ncih2170_facs_fish_0723_sorted_ctrl_19.tif,gt_coords/ncih2170_facs_fish_0723_sorted_ctrl_19.npy
ncih2170_facs_fish_0723_sorted_ctrl_2,NCI-H2170,gt_image/ncih2170_facs_fish_0723_sorted_ctrl_2.tif,gt_coords/ncih2170_facs_fish_0723_sorted_ctrl_2.npy
ncih2170_facs_fish_0723_sorted_ctrl_20,NCI-H2170,gt_image/ncih2170_facs_fish_0723_sorted_ctrl_20.tif,gt_coords/ncih2170_facs_fish_0723_sorted_ctrl_20.npy
ncih2170_facs_fish_0723_sorted_ctrl_21,NCI-H2170,gt_image/ncih2170_facs_fish_0723_sorted_ctrl_21.tif,gt_coords/ncih2170_facs_fish_0723_sorted_ctrl_21.npy
ncih2170_facs_fish_0723_sorted_ctrl_22,NCI-H2170,gt_image/ncih2170_facs_fish_0723_sorted_ctrl_22.tif,gt_coords/ncih2170_facs_fish_0723_sorted_ctrl_22.npy
ncih2170_facs_fish_0723_sorted_ctrl_23,NCI-H2170,gt_image/ncih2170_facs_fish_0723_sorted_ctrl_23.tif,gt_coords/ncih2170_facs_fish_0723_sorted_ctrl_23.npy
ncih2170_facs_fish_0723_sorted_ctrl_24,NCI-H2170,gt_image/ncih2170_facs_fish_0723_sorted_ctrl_24.tif,gt_coords/ncih2170_facs_fish_0723_sorted_ctrl_24.npy
ncih2170_facs_fish_0723_sorted_ctrl_25,NCI-H2170,gt_image/ncih2170_facs_fish_0723_sorted_ctrl_25.tif,gt_coords/ncih2170_facs_fish_0723_sorted_ctrl_25.npy
ncih2170_facs_fish_0723_sorted_ctrl_26,NCI-H2170,gt_image/ncih2170_facs_fish_0723_sorted_ctrl_26.tif,gt_coords/ncih2170_facs_fish_0723_sorted_ctrl_26.npy
ncih2170_facs_fish_0723_sorted_ctrl_27,NCI-H2170,gt_image/ncih2170_facs_fish_0723_sorted_ctrl_27.tif,gt_coords/ncih2170_facs_fish_0723_sorted_ctrl_27.npy
ncih2170_facs_fish_0723_sorted_ctrl_29,NCI-H2170,gt_image/ncih2170_facs_fish_0723_sorted_ctrl_29.tif,gt_coords/ncih2170_facs_fish_0723_sorted_ctrl_29.npy
ncih2170_facs_fish_0723_sorted_ctrl_3,NCI-H2170,gt_image/ncih2170_facs_fish_0723_sorted_ctrl_3.tif,gt_coords/ncih2170_facs_fish_0723_sorted_ctrl_3.npy
ncih2170_facs_fish_0723_sorted_ctrl_30,NCI-H2170,gt_image/ncih2170_facs_fish_0723_sorted_ctrl_30.tif,gt_coords/ncih2170_facs_fish_0723_sorted_ctrl_30.npy
ncih2170_facs_fish_0723_sorted_ctrl_31,NCI-H2170,gt_image/ncih2170_facs_fish_0723_sorted_ctrl_31.tif,gt_coords/ncih2170_facs_fish_0723_sorted_ctrl_31.npy
ncih2170_facs_fish_0723_sorted_ctrl_32,NCI-H2170,gt_image/ncih2170_facs_fish_0723_sorted_ctrl_32.tif,gt_coords/ncih2170_facs_fish_0723_sorted_ctrl_32.npy
ncih2170_facs_fish_0723_sorted_ctrl_33,NCI-H2170,gt_image/ncih2170_facs_fish_0723_sorted_ctrl_33.tif,gt_coords/ncih2170_facs_fish_0723_sorted_ctrl_33.npy
ncih2170_facs_fish_0723_sorted_ctrl_34,NCI-H2170,gt_image/ncih2170_facs_fish_0723_sorted_ctrl_34.tif,gt_coords/ncih2170_facs_fish_0723_sorted_ctrl_34.npy
ncih2170_facs_fish_0723_sorted_ctrl_35,NCI-H2170,gt_image/ncih2170_facs_fish_0723_sorted_ctrl_35.tif,gt_coords/ncih2170_facs_fish_0723_sorted_ctrl_35.npy
ncih2170_facs_fish_0723_sorted_ctrl_36,NCI-H2170,gt_image/ncih2170_facs_fish_0723_sorted_ctrl_36.tif,gt_coords/ncih2170_facs_fish_0723_sorted_ctrl_36.npy
ncih2170_facs_fish_0723_sorted_ctrl_37,NCI-H2170,gt_image/ncih2170_facs_fish_0723_sorted_ctrl_37.tif,gt_coords/ncih2170_facs_fish_0723_sorted_ctrl_37.npy
ncih2170_facs_fish_0723_sorted_ctrl_38,NCI-H2170,gt_image/ncih2170_facs_fish_0723_sorted_ctrl_38.tif,gt_coords/ncih2170_facs_fish_0723_sorted_ctrl_38.npy
ncih2170_facs_fish_0723_sorted_ctrl_39,NCI-H2170,gt_image/ncih2170_facs_fish_0723_sorted_ctrl_39.tif,gt_coords/ncih2170_facs_fish_0723_sorted_ctrl_39.npy
ncih2170_facs_fish_0723_sorted_ctrl_4,NCI-H2170,gt_image/ncih2170_facs_fish_0723_sorted_ctrl_4.tif,gt_coords/ncih2170_facs_fish_0723_sorted_ctrl_4.npy
ncih2170_facs_fish_0723_sorted_ctrl_40,NCI-H2170,gt_image/ncih2170_facs_fish_0723_sorted_ctrl_40.tif,gt_coords/ncih2170_facs_fish_0723_sorted_ctrl_40.npy
ncih2170_facs_fish_0723_sorted_ctrl_41,NCI-H2170,gt_image/ncih2170_facs_fish_0723_sorted_ctrl_41.tif,gt_coords/ncih2170_facs_fish_0723_sorted_ctrl_41.npy
ncih2170_facs_fish_0723_sorted_ctrl_42,NCI-H2170,gt_image/ncih2170_facs_fish_0723_sorted_ctrl_42.tif,gt_coords/ncih2170_facs_fish_0723_sorted_ctrl_42.npy
ncih2170_facs_fish_0723_sorted_ctrl_43,NCI-H2170,gt_image/ncih2170_facs_fish_0723_sorted_ctrl_43.tif,gt_coords/ncih2170_facs_fish_0723_sorted_ctrl_43.npy
ncih2170_facs_fish_0723_sorted_ctrl_44,NCI-H2170,gt_image/ncih2170_facs_fish_0723_sorted_ctrl_44.tif,gt_coords/ncih2170_facs_fish_0723_sorted_ctrl_44.npy
ncih2170_facs_fish_0723_sorted_ctrl_45,NCI-H2170,gt_image/ncih2170_facs_fish_0723_sorted_ctrl_45.tif,gt_coords/ncih2170_facs_fish_0723_sorted_ctrl_45.npy
ncih2170_facs_fish_0723_sorted_ctrl_46,NCI-H2170,gt_image/ncih2170_facs_fish_0723_sorted_ctrl_46.tif,gt_coords/ncih2170_facs_fish_0723_sorted_ctrl_46.npy
ncih2170_facs_fish_0723_sorted_ctrl_47,NCI-H2170,gt_image/ncih2170_facs_fish_0723_sorted_ctrl_47.tif,gt_coords/ncih2170_facs_fish_0723_sorted_ctrl_47.npy
ncih2170_facs_fish_0723_sorted_ctrl_48,NCI-H2170,gt_image/ncih2170_facs_fish_0723_sorted_ctrl_48.tif,gt_coords/ncih2170_facs_fish_0723_sorted_ctrl_48.npy
ncih2170_facs_fish_0723_sorted_ctrl_49,NCI-H2170,gt_image/ncih2170_facs_fish_0723_sorted_ctrl_49.tif,gt_coords/ncih2170_facs_fish_0723_sorted_ctrl_49.npy
ncih2170_facs_fish_0723_sorted_ctrl_5,NCI-H2170,gt_image/ncih2170_facs_fish_0723_sorted_ctrl_5.tif,gt_coords/ncih2170_facs_fish_0723_sorted_ctrl_5.npy
ncih2170_facs_fish_0723_sorted_ctrl_50,NCI-H2170,gt_image/ncih2170_facs_fish_0723_sorted_ctrl_50.tif,gt_coords/ncih2170_facs_fish_0723_sorted_ctrl_50.npy
ncih2170_facs_fish_0723_sorted_ctrl_51,NCI-H2170,gt_image/ncih2170_facs_fish_0723_sorted_ctrl_51.tif,gt_coords/ncih2170_facs_fish_0723_sorted_ctrl_51.npy
ncih2170_facs_fish_0723_sorted_ctrl_52,NCI-H2170,gt_image/ncih2170_facs_fish_0723_sorted_ctrl_52.tif,gt_coords/ncih2170_facs_fish_0723_sorted_ctrl_52.npy
ncih2170_facs_fish_0723_sorted_ctrl_53,NCI-H2170,gt_image/ncih2170_facs_fish_0723_sorted_ctrl_53.tif,gt_coords/ncih2170_facs_fish_0723_sorted_ctrl_53.npy
ncih2170_facs_fish_0723_sorted_ctrl_54,NCI-H2170,gt_image/ncih2170_facs_fish_0723_sorted_ctrl_54.tif,gt_coords/ncih2170_facs_fish_0723_sorted_ctrl_54.npy
ncih2170_facs_fish_0723_sorted_ctrl_55,NCI-H2170,gt_image/ncih2170_facs_fish_0723_sorted_ctrl_55.tif,gt_coords/ncih2170_facs_fish_0723_sorted_ctrl_55.npy
ncih2170_facs_fish_0723_sorted_ctrl_56,NCI-H2170,gt_image/ncih2170_facs_fish_0723_sorted_ctrl_56.tif,gt_coords/ncih2170_facs_fish_0723_sorted_ctrl_56.npy
ncih2170_facs_fish_0723_sorted_ctrl_57,NCI-H2170,gt_image/ncih2170_facs_fish_0723_sorted_ctrl_57.tif,gt_coords/ncih2170_facs_fish_0723_sorted_ctrl_57.npy
ncih2170_facs_fish_0723_sorted_ctrl_58,NCI-H2170,gt_image/ncih2170_facs_fish_0723_sorted_ctrl_58.tif,gt_coords/ncih2170_facs_fish_0723_sorted_ctrl_58.npy
ncih2170_facs_fish_0723_sorted_ctrl_59,NCI-H2170,gt_image/ncih2170_facs_fish_0723_sorted_ctrl_59.tif,gt_coords/ncih2170_facs_fish_0723_sorted_ctrl_59.npy
ncih2170_facs_fish_0723_sorted_ctrl_6,NCI-H2170,gt_image/ncih2170_facs_fish_0723_sorted_ctrl_6.tif,gt_coords/ncih2170_facs_fish_0723_sorted_ctrl_6.npy
ncih2170_facs_fish_0723_sorted_ctrl_60,NCI-H2170,gt_image/ncih2170_facs_fish_0723_sorted_ctrl_60.tif,gt_coords/ncih2170_facs_fish_0723_sorted_ctrl_60.npy
ncih2170_facs_fish_0723_sorted_ctrl_61,NCI-H2170,gt_image/ncih2170_facs_fish_0723_sorted_ctrl_61.tif,gt_coords/ncih2170_facs_fish_0723_sorted_ctrl_61.npy
ncih2170_facs_fish_0723_sorted_ctrl_62,NCI-H2170,gt_image/ncih2170_facs_fish_0723_sorted_ctrl_62.tif,gt_coords/ncih2170_facs_fish_0723_sorted_ctrl_62.npy
ncih2170_facs_fish_0723_sorted_ctrl_63,NCI-H2170,gt_image/ncih2170_facs_fish_0723_sorted_ctrl_63.tif,gt_coords/ncih2170_facs_fish_0723_sorted_ctrl_63.npy
ncih2170_facs_fish_0723_sorted_ctrl_64,NCI-H2170,gt_image/ncih2170_facs_fish_0723_sorted_ctrl_64.tif,gt_coords/ncih2170_facs_fish_0723_sorted_ctrl_64.npy
ncih2170_facs_fish_0723_sorted_ctrl_65,NCI-H2170,gt_image/ncih2170_facs_fish_0723_sorted_ctrl_65.tif,gt_coords/ncih2170_facs_fish_0723_sorted_ctrl_65.npy
ncih2170_facs_fish_0723_sorted_ctrl_66,NCI-H2170,gt_image/ncih2170_facs_fish_0723_sorted_ctrl_66.tif,gt_coords/ncih2170_facs_fish_0723_sorted_ctrl_66.npy
ncih2170_facs_fish_0723_sorted_ctrl_67,NCI-H2170,gt_image/ncih2170_facs_fish_0723_sorted_ctrl_67.tif,gt_coords/ncih2170_facs_fish_0723_sorted_ctrl_67.npy
ncih2170_facs_fish_0723_sorted_ctrl_68,NCI-H2170,gt_image/ncih2170_facs_fish_0723_sorted_ctrl_68.tif,gt_coords/ncih2170_facs_fish_0723_sorted_ctrl_68.npy
ncih2170_facs_fish_0723_sorted_ctrl_69,NCI-H2170,gt_image/ncih2170_facs_fish_0723_sorted_ctrl_69.tif,gt_coords/ncih2170_facs_fish_0723_sorted_ctrl_69.npy
ncih2170_facs_fish_0723_sorted_ctrl_7,NCI-H2170,gt_image/ncih2170_facs_fish_0723_sorted_ctrl_7.tif,gt_coords/ncih2170_facs_fish_0723_sorted_ctrl_7.npy
ncih2170_facs_fish_0723_sorted_ctrl_70,NCI-H2170,gt_image/ncih2170_facs_fish_0723_sorted_ctrl_70.tif,gt_coords/ncih2170_facs_fish_0723_sorted_ctrl_70.npy
ncih2170_facs_fish_0723_sorted_ctrl_71,NCI-H2170,gt_image/ncih2170_facs_fish_0723_sorted_ctrl_71.tif,gt_coords/ncih2170_facs_fish_0723_sorted_ctrl_71.npy
ncih2170_facs_fish_0723_sorted_ctrl_72,NCI-H2170,gt_image/ncih2170_facs_fish_0723_sorted_ctrl_72.tif,gt_coords/ncih2170_facs_fish_0723_sorted_ctrl_72.npy
ncih2170_facs_fish_0723_sorted_ctrl_73,NCI-H2170,gt_image/ncih2170_facs_fish_0723_sorted_ctrl_73.tif,gt_coords/ncih2170_facs_fish_0723_sorted_ctrl_73.npy
ncih2170_facs_fish_0723_sorted_ctrl_74,NCI-H2170,gt_image/ncih2170_facs_fish_0723_sorted_ctrl_74.tif,gt_coords/ncih2170_facs_fish_0723_sorted_ctrl_74.npy
ncih2170_facs_fish_0723_sorted_ctrl_75,NCI-H2170,gt_image/ncih2170_facs_fish_0723_sorted_ctrl_75.tif,gt_coords/ncih2170_facs_fish_0723_sorted_ctrl_75.npy
ncih2170_facs_fish_0723_sorted_ctrl_76,NCI-H2170,gt_image/ncih2170_facs_fish_0723_sorted_ctrl_76.tif,gt_coords/ncih2170_facs_fish_0723_sorted_ctrl_76.npy
ncih2170_facs_fish_0723_sorted_ctrl_77,NCI-H2170,gt_image/ncih2170_facs_fish_0723_sorted_ctrl_77.tif,gt_coords/ncih2170_facs_fish_0723_sorted_ctrl_77.npy
ncih2170_facs_fish_0723_sorted_ctrl_78,NCI-H2170,gt_image/ncih2170_facs_fish_0723_sorted_ctrl_78.tif,gt_coords/ncih2170_facs_fish_0723_sorted_ctrl_78.npy
ncih2170_facs_fish_0723_sorted_ctrl_79,NCI-H2170,gt_image/ncih2170_facs_fish_0723_sorted_ctrl_79.tif,gt_coords/ncih2170_facs_fish_0723_sorted_ctrl_79.npy
ncih2170_facs_fish_0723_sorted_ctrl_8,NCI-H2170,gt_image/ncih2170_facs_fish_0723_sorted_ctrl_8.tif,gt_coords/ncih2170_facs_fish_0723_sorted_ctrl_8.npy
ncih2170_facs_fish_0723_sorted_ctrl_80,NCI-H2170,gt_image/ncih2170_facs_fish_0723_sorted_ctrl_80.tif,gt_coords/ncih2170_facs_fish_0723_sorted_ctrl_80.npy
ncih2170_facs_fish_0723_sorted_ctrl_81,NCI-H2170,gt_image/ncih2170_facs_fish_0723_sorted_ctrl_81.tif,gt_coords/ncih2170_facs_fish_0723_sorted_ctrl_81.npy
ncih2170_facs_fish_0723_sorted_ctrl_82,NCI-H2170,gt_image/ncih2170_facs_fish_0723_sorted_ctrl_82.tif,gt_coords/ncih2170_facs_fish_0723_sorted_ctrl_82.npy
ncih2170_facs_fish_0723_sorted_ctrl_83,NCI-H2170,gt_image/ncih2170_facs_fish_0723_sorted_ctrl_83.tif,gt_coords/ncih2170_facs_fish_0723_sorted_ctrl_83.npy
ncih2170_facs_fish_0723_sorted_ctrl_84,NCI-H2170,gt_image/ncih2170_facs_fish_0723_sorted_ctrl_84.tif,gt_coords/ncih2170_facs_fish_0723_sorted_ctrl_84.npy
ncih2170_facs_fish_0723_sorted_ctrl_85,NCI-H2170,gt_image/ncih2170_facs_fish_0723_sorted_ctrl_85.tif,gt_coords/ncih2170_facs_fish_0723_sorted_ctrl_85.npy
ncih2170_facs_fish_0723_sorted_ctrl_86,NCI-H2170,gt_image/ncih2170_facs_fish_0723_sorted_ctrl_86.tif,gt_coords/ncih2170_facs_fish_0723_sorted_ctrl_86.npy
ncih2170_facs_fish_0723_sorted_ctrl_87,NCI-H2170,gt_image/ncih2170_facs_fish_0723_sorted_ctrl_87.tif,gt_coords/ncih2170_facs_fish_0723_sorted_ctrl_87.npy
ncih2170_facs_fish_0723_sorted_ctrl_88,NCI-H2170,gt_image/ncih2170_facs_fish_0723_sorted_ctrl_88.tif,gt_coords/ncih2170_facs_fish_0723_sorted_ctrl_88.npy
ncih2170_facs_fish_0723_sorted_ctrl_89,NCI-H2170,gt_image/ncih2170_facs_fish_0723_sorted_ctrl_89.tif,gt_coords/ncih2170_facs_fish_0723_sorted_ctrl_89.npy
ncih2170_facs_fish_0723_sorted_ctrl_9,NCI-H2170,gt_image/ncih2170_facs_fish_0723_sorted_ctrl_9.tif,gt_coords/ncih2170_facs_fish_0723_sorted_ctrl_9.npy
ncih2170_facs_fish_0723_sorted_ctrl_90,NCI-H2170,gt_image/ncih2170_facs_fish_0723_sorted_ctrl_90.tif,gt_coords/ncih2170_facs_fish_0723_sorted_ctrl_90.npy
ncih2170_facs_fish_0723_sorted_ctrl_91,NCI-H2170,gt_image/ncih2170_facs_fish_0723_sorted_ctrl_91.tif,gt_coords/ncih2170_facs_fish_0723_sorted_ctrl_91.npy
ncih2170_facs_fish_0723_sorted_ctrl_92,NCI-H2170,gt_image/ncih2170_facs_fish_0723_sorted_ctrl_92.tif,gt_coords/ncih2170_facs_fish_0723_sorted_ctrl_92.npy
ncih2170_facs_fish_0723_sorted_ctrl_93,NCI-H2170,gt_image/ncih2170_facs_fish_0723_sorted_ctrl_93.tif,gt_coords/ncih2170_facs_fish_0723_sorted_ctrl_93.npy
ncih2170_facs_fish_0723_sorted_ctrl_94,NCI-H2170,gt_image/ncih2170_facs_fish_0723_sorted_ctrl_94.tif,gt_coords/ncih2170_facs_fish_0723_sorted_ctrl_94.npy
ncih2170_facs_fish_0723_sorted_ctrl_95,NCI-H2170,gt_image/ncih2170_facs_fish_0723_sorted_ctrl_95.tif,gt_coords/ncih2170_facs_fish_0723_sorted_ctrl_95.npy
ncih2170_facs_fish_0723_sorted_ctrl_96,NCI-H2170,gt_image/ncih2170_facs_fish_0723_sorted_ctrl_96.tif,gt_coords/ncih2170_facs_fish_0723_sorted_ctrl_96.npy
ncih2170_facs_fish_0723_sorted_ctrl_97,NCI-H2170,gt_image/ncih2170_facs_fish_0723_sorted_ctrl_97.tif,gt_coords/ncih2170_facs_fish_0723_sorted_ctrl_97.npy
ncih2170_facs_fish_0723_sorted_ctrl_98,NCI-H2170,gt_image/ncih2170_facs_fish_0723_sorted_ctrl_98.tif,gt_coords/ncih2170_facs_fish_0723_sorted_ctrl_98.npy
ncih2170_facs_fish_0723_sorted_ctrl_99,NCI-H2170,gt_image/ncih2170_facs_fish_0723_sorted_ctrl_99.tif,gt_coords/ncih2170_facs_fish_0723_sorted_ctrl_99.npy
ncih2170_jc_jq1_ic50_24h_1,NCI-H2170,gt_image/ncih2170_jc_jq1_ic50_24h_1.tif,gt_coords/ncih2170_jc_jq1_ic50_24h_1.npy
ncih2170_jc_jq1_ic50_24h_100,NCI-H2170,gt_image/ncih2170_jc_jq1_ic50_24h_100.tif,gt_coords/ncih2170_jc_jq1_ic50_24h_100.npy
ncih2170_jc_jq1_ic50_24h_101,NCI-H2170,gt_image/ncih2170_jc_jq1_ic50_24h_101.tif,gt_coords/ncih2170_jc_jq1_ic50_24h_101.npy
ncih2170_jc_jq1_ic50_24h_104,NCI-H2170,gt_image/ncih2170_jc_jq1_ic50_24h_104.tif,gt_coords/ncih2170_jc_jq1_ic50_24h_104.npy
ncih2170_jc_jq1_ic50_24h_105,NCI-H2170,gt_image/ncih2170_jc_jq1_ic50_24h_105.tif,gt_coords/ncih2170_jc_jq1_ic50_24h_105.npy
ncih2170_jc_jq1_ic50_24h_106,NCI-H2170,gt_image/ncih2170_jc_jq1_ic50_24h_106.tif,gt_coords/ncih2170_jc_jq1_ic50_24h_106.npy
ncih2170_jc_jq1_ic50_24h_107,NCI-H2170,gt_image/ncih2170_jc_jq1_ic50_24h_107.tif,gt_coords/ncih2170_jc_jq1_ic50_24h_107.npy
ncih2170_jc_jq1_ic50_24h_108,NCI-H2170,gt_image/ncih2170_jc_jq1_ic50_24h_108.tif,gt_coords/ncih2170_jc_jq1_ic50_24h_108.npy
ncih2170_jc_jq1_ic50_24h_109,NCI-H2170,gt_image/ncih2170_jc_jq1_ic50_24h_109.tif,gt_coords/ncih2170_jc_jq1_ic50_24h_109.npy
ncih2170_jc_jq1_ic50_24h_10_a,NCI-H2170,gt_image/ncih2170_jc_jq1_ic50_24h_10_a.tif,gt_coords/ncih2170_jc_jq1_ic50_24h_10_a.npy
ncih2170_jc_jq1_ic50_24h_10_b,NCI-H2170,gt_image/ncih2170_jc_jq1_ic50_24h_10_b.tif,gt_coords/ncih2170_jc_jq1_ic50_24h_10_b.npy
ncih2170_jc_jq1_ic50_24h_11,NCI-H2170,gt_image/ncih2170_jc_jq1_ic50_24h_11.tif,gt_coords/ncih2170_jc_jq1_ic50_24h_11.npy
ncih2170_jc_jq1_ic50_24h_111,NCI-H2170,gt_image/ncih2170_jc_jq1_ic50_24h_111.tif,gt_coords/ncih2170_jc_jq1_ic50_24h_111.npy
ncih2170_jc_jq1_ic50_24h_112,NCI-H2170,gt_image/ncih2170_jc_jq1_ic50_24h_112.tif,gt_coords/ncih2170_jc_jq1_ic50_24h_112.npy
ncih2170_jc_jq1_ic50_24h_113,NCI-H2170,gt_image/ncih2170_jc_jq1_ic50_24h_113.tif,gt_coords/ncih2170_jc_jq1_ic50_24h_113.npy
ncih2170_jc_jq1_ic50_24h_114,NCI-H2170,gt_image/ncih2170_jc_jq1_ic50_24h_114.tif,gt_coords/ncih2170_jc_jq1_ic50_24h_114.npy
ncih2170_jc_jq1_ic50_24h_115,NCI-H2170,gt_image/ncih2170_jc_jq1_ic50_24h_115.tif,gt_coords/ncih2170_jc_jq1_ic50_24h_115.npy
ncih2170_jc_jq1_ic50_24h_117,NCI-H2170,gt_image/ncih2170_jc_jq1_ic50_24h_117.tif,gt_coords/ncih2170_jc_jq1_ic50_24h_117.npy
ncih2170_jc_jq1_ic50_24h_118,NCI-H2170,gt_image/ncih2170_jc_jq1_ic50_24h_118.tif,gt_coords/ncih2170_jc_jq1_ic50_24h_118.npy
ncih2170_jc_jq1_ic50_24h_119,NCI-H2170,gt_image/ncih2170_jc_jq1_ic50_24h_119.tif,gt_coords/ncih2170_jc_jq1_ic50_24h_119.npy
ncih2170_jc_jq1_ic50_24h_12,NCI-H2170,gt_image/ncih2170_jc_jq1_ic50_24h_12.tif,gt_coords/ncih2170_jc_jq1_ic50_24h_12.npy
ncih2170_jc_jq1_ic50_24h_120,NCI-H2170,gt_image/ncih2170_jc_jq1_ic50_24h_120.tif,gt_coords/ncih2170_jc_jq1_ic50_24h_120.npy
ncih2170_jc_jq1_ic50_24h_14,NCI-H2170,gt_image/ncih2170_jc_jq1_ic50_24h_14.tif,gt_coords/ncih2170_jc_jq1_ic50_24h_14.npy
ncih2170_jc_jq1_ic50_24h_15,NCI-H2170,gt_image/ncih2170_jc_jq1_ic50_24h_15.tif,gt_coords/ncih2170_jc_jq1_ic50_24h_15.npy
ncih2170_jc_jq1_ic50_24h_17,NCI-H2170,gt_image/ncih2170_jc_jq1_ic50_24h_17.tif,gt_coords/ncih2170_jc_jq1_ic50_24h_17.npy
ncih2170_jc_jq1_ic50_24h_18,NCI-H2170,gt_image/ncih2170_jc_jq1_ic50_24h_18.tif,gt_coords/ncih2170_jc_jq1_ic50_24h_18.npy
ncih2170_jc_jq1_ic50_24h_19,NCI-H2170,gt_image/ncih2170_jc_jq1_ic50_24h_19.tif,gt_coords/ncih2170_jc_jq1_ic50_24h_19.npy
ncih2170_jc_jq1_ic50_24h_2,NCI-H2170,gt_image/ncih2170_jc_jq1_ic50_24h_2.tif,gt_coords/ncih2170_jc_jq1_ic50_24h_2.npy
ncih2170_jc_jq1_ic50_24h_20,NCI-H2170,gt_image/ncih2170_jc_jq1_ic50_24h_20.tif,gt_coords/ncih2170_jc_jq1_ic50_24h_20.npy
ncih2170_jc_jq1_ic50_24h_21,NCI-H2170,gt_image/ncih2170_jc_jq1_ic50_24h_21.tif,gt_coords/ncih2170_jc_jq1_ic50_24h_21.npy
ncih2170_jc_jq1_ic50_24h_23,NCI-H2170,gt_image/ncih2170_jc_jq1_ic50_24h_23.tif,gt_coords/ncih2170_jc_jq1_ic50_24h_23.npy
ncih2170_jc_jq1_ic50_24h_24,NCI-H2170,gt_image/ncih2170_jc_jq1_ic50_24h_24.tif,gt_coords/ncih2170_jc_jq1_ic50_24h_24.npy
ncih2170_jc_jq1_ic50_24h_25,NCI-H2170,gt_image/ncih2170_jc_jq1_ic50_24h_25.tif,gt_coords/ncih2170_jc_jq1_ic50_24h_25.npy
ncih2170_jc_jq1_ic50_24h_26,NCI-H2170,gt_image/ncih2170_jc_jq1_ic50_24h_26.tif,gt_coords/ncih2170_jc_jq1_ic50_24h_26.npy
ncih2170_jc_jq1_ic50_24h_27,NCI-H2170,gt_image/ncih2170_jc_jq1_ic50_24h_27.tif,gt_coords/ncih2170_jc_jq1_ic50_24h_27.npy
ncih2170_jc_jq1_ic50_24h_28,NCI-H2170,gt_image/ncih2170_jc_jq1_ic50_24h_28.tif,gt_coords/ncih2170_jc_jq1_ic50_24h_28.npy
ncih2170_jc_jq1_ic50_24h_29,NCI-H2170,gt_image/ncih2170_jc_jq1_ic50_24h_29.tif,gt_coords/ncih2170_jc_jq1_ic50_24h_29.npy
ncih2170_jc_jq1_ic50_24h_3,NCI-H2170,gt_image/ncih2170_jc_jq1_ic50_24h_3.tif,gt_coords/ncih2170_jc_jq1_ic50_24h_3.npy
ncih2170_jc_jq1_ic50_24h_30,NCI-H2170,gt_image/ncih2170_jc_jq1_ic50_24h_30.tif,gt_coords/ncih2170_jc_jq1_ic50_24h_30.npy
ncih2170_jc_jq1_ic50_24h_31,NCI-H2170,gt_image/ncih2170_jc_jq1_ic50_24h_31.tif,gt_coords/ncih2170_jc_jq1_ic50_24h_31.npy
ncih2170_jc_jq1_ic50_24h_32,NCI-H2170,gt_image/ncih2170_jc_jq1_ic50_24h_32.tif,gt_coords/ncih2170_jc_jq1_ic50_24h_32.npy
ncih2170_jc_jq1_ic50_24h_33,NCI-H2170,gt_image/ncih2170_jc_jq1_ic50_24h_33.tif,gt_coords/ncih2170_jc_jq1_ic50_24h_33.npy
ncih2170_jc_jq1_ic50_24h_34,NCI-H2170,gt_image/ncih2170_jc_jq1_ic50_24h_34.tif,gt_coords/ncih2170_jc_jq1_ic50_24h_34.npy
ncih2170_jc_jq1_ic50_24h_36,NCI-H2170,gt_image/ncih2170_jc_jq1_ic50_24h_36.tif,gt_coords/ncih2170_jc_jq1_ic50_24h_36.npy
ncih2170_jc_jq1_ic50_24h_37,NCI-H2170,gt_image/ncih2170_jc_jq1_ic50_24h_37.tif,gt_coords/ncih2170_jc_jq1_ic50_24h_37.npy
ncih2170_jc_jq1_ic50_24h_38,NCI-H2170,gt_image/ncih2170_jc_jq1_ic50_24h_38.tif,gt_coords/ncih2170_jc_jq1_ic50_24h_38.npy
ncih2170_jc_jq1_ic50_24h_39,NCI-H2170,gt_image/ncih2170_jc_jq1_ic50_24h_39.tif,gt_coords/ncih2170_jc_jq1_ic50_24h_39.npy
ncih2170_jc_jq1_ic50_24h_40,NCI-H2170,gt_image/ncih2170_jc_jq1_ic50_24h_40.tif,gt_coords/ncih2170_jc_jq1_ic50_24h_40.npy
ncih2170_jc_jq1_ic50_24h_41,NCI-H2170,gt_image/ncih2170_jc_jq1_ic50_24h_41.tif,gt_coords/ncih2170_jc_jq1_ic50_24h_41.npy
ncih2170_jc_jq1_ic50_24h_42,NCI-H2170,gt_image/ncih2170_jc_jq1_ic50_24h_42.tif,gt_coords/ncih2170_jc_jq1_ic50_24h_42.npy
ncih2170_jc_jq1_ic50_24h_45,NCI-H2170,gt_image/ncih2170_jc_jq1_ic50_24h_45.tif,gt_coords/ncih2170_jc_jq1_ic50_24h_45.npy
ncih2170_jc_jq1_ic50_24h_46,NCI-H2170,gt_image/ncih2170_jc_jq1_ic50_24h_46.tif,gt_coords/ncih2170_jc_jq1_ic50_24h_46.npy
ncih2170_jc_jq1_ic50_24h_47,NCI-H2170,gt_image/ncih2170_jc_jq1_ic50_24h_47.tif,gt_coords/ncih2170_jc_jq1_ic50_24h_47.npy
ncih2170_jc_jq1_ic50_24h_48,NCI-H2170,gt_image/ncih2170_jc_jq1_ic50_24h_48.tif,gt_coords/ncih2170_jc_jq1_ic50_24h_48.npy
ncih2170_jc_jq1_ic50_24h_49,NCI-H2170,gt_image/ncih2170_jc_jq1_ic50_24h_49.tif,gt_coords/ncih2170_jc_jq1_ic50_24h_49.npy
ncih2170_jc_jq1_ic50_24h_4_a,NCI-H2170,gt_image/ncih2170_jc_jq1_ic50_24h_4_a.tif,gt_coords/ncih2170_jc_jq1_ic50_24h_4_a.npy
ncih2170_jc_jq1_ic50_24h_4_b,NCI-H2170,gt_image/ncih2170_jc_jq1_ic50_24h_4_b.tif,gt_coords/ncih2170_jc_jq1_ic50_24h_4_b.npy
ncih2170_jc_jq1_ic50_24h_5,NCI-H2170,gt_image/ncih2170_jc_jq1_ic50_24h_5.tif,gt_coords/ncih2170_jc_jq1_ic50_24h_5.npy
ncih2170_jc_jq1_ic50_24h_50,NCI-H2170,gt_image/ncih2170_jc_jq1_ic50_24h_50.tif,gt_coords/ncih2170_jc_jq1_ic50_24h_50.npy
ncih2170_jc_jq1_ic50_24h_51,NCI-H2170,gt_image/ncih2170_jc_jq1_ic50_24h_51.tif,gt_coords/ncih2170_jc_jq1_ic50_24h_51.npy
ncih2170_jc_jq1_ic50_24h_52,NCI-H2170,gt_image/ncih2170_jc_jq1_ic50_24h_52.tif,gt_coords/ncih2170_jc_jq1_ic50_24h_52.npy
ncih2170_jc_jq1_ic50_24h_53,NCI-H2170,gt_image/ncih2170_jc_jq1_ic50_24h_53.tif,gt_coords/ncih2170_jc_jq1_ic50_24h_53.npy
ncih2170_jc_jq1_ic50_24h_54,NCI-H2170,gt_image/ncih2170_jc_jq1_ic50_24h_54.tif,gt_coords/ncih2170_jc_jq1_ic50_24h_54.npy
ncih2170_jc_jq1_ic50_24h_56,NCI-H2170,gt_image/ncih2170_jc_jq1_ic50_24h_56.tif,gt_coords/ncih2170_jc_jq1_ic50_24h_56.npy
ncih2170_jc_jq1_ic50_24h_57,NCI-H2170,gt_image/ncih2170_jc_jq1_ic50_24h_57.tif,gt_coords/ncih2170_jc_jq1_ic50_24h_57.npy
ncih2170_jc_jq1_ic50_24h_58,NCI-H2170,gt_image/ncih2170_jc_jq1_ic50_24h_58.tif,gt_coords/ncih2170_jc_jq1_ic50_24h_58.npy
ncih2170_jc_jq1_ic50_24h_59,NCI-H2170,gt_image/ncih2170_jc_jq1_ic50_24h_59.tif,gt_coords/ncih2170_jc_jq1_ic50_24h_59.npy
ncih2170_jc_jq1_ic50_24h_6,NCI-H2170,gt_image/ncih2170_jc_jq1_ic50_24h_6.tif,gt_coords/ncih2170_jc_jq1_ic50_24h_6.npy
ncih2170_jc_jq1_ic50_24h_61,NCI-H2170,gt_image/ncih2170_jc_jq1_ic50_24h_61.tif,gt_coords/ncih2170_jc_jq1_ic50_24h_61.npy
ncih2170_jc_jq1_ic50_24h_62,NCI-H2170,gt_image/ncih2170_jc_jq1_ic50_24h_62.tif,gt_coords/ncih2170_jc_jq1_ic50_24h_62.npy
ncih2170_jc_jq1_ic50_24h_64,NCI-H2170,gt_image/ncih2170_jc_jq1_ic50_24h_64.tif,gt_coords/ncih2170_jc_jq1_ic50_24h_64.npy
ncih2170_jc_jq1_ic50_24h_66,NCI-H2170,gt_image/ncih2170_jc_jq1_ic50_24h_66.tif,gt_coords/ncih2170_jc_jq1_ic50_24h_66.npy
ncih2170_jc_jq1_ic50_24h_67,NCI-H2170,gt_image/ncih2170_jc_jq1_ic50_24h_67.tif,gt_coords/ncih2170_jc_jq1_ic50_24h_67.npy
ncih2170_jc_jq1_ic50_24h_68,NCI-H2170,gt_image/ncih2170_jc_jq1_ic50_24h_68.tif,gt_coords/ncih2170_jc_jq1_ic50_24h_68.npy
ncih2170_jc_jq1_ic50_24h_69,NCI-H2170,gt_image/ncih2170_jc_jq1_ic50_24h_69.tif,gt_coords/ncih2170_jc_jq1_ic50_24h_69.npy
ncih2170_jc_jq1_ic50_24h_7,NCI-H2170,gt_image/ncih2170_jc_jq1_ic50_24h_7.tif,gt_coords/ncih2170_jc_jq1_ic50_24h_7.npy
ncih2170_jc_jq1_ic50_24h_70_a,NCI-H2170,gt_image/ncih2170_jc_jq1_ic50_24h_70_a.tif,gt_coords/ncih2170_jc_jq1_ic50_24h_70_a.npy
ncih2170_jc_jq1_ic50_24h_70_b,NCI-H2170,gt_image/ncih2170_jc_jq1_ic50_24h_70_b.tif,gt_coords/ncih2170_jc_jq1_ic50_24h_70_b.npy
ncih2170_jc_jq1_ic50_24h_72,NCI-H2170,gt_image/ncih2170_jc_jq1_ic50_24h_72.tif,gt_coords/ncih2170_jc_jq1_ic50_24h_72.npy
ncih2170_jc_jq1_ic50_24h_73,NCI-H2170,gt_image/ncih2170_jc_jq1_ic50_24h_73.tif,gt_coords/ncih2170_jc_jq1_ic50_24h_73.npy
ncih2170_jc_jq1_ic50_24h_74,NCI-H2170,gt_image/ncih2170_jc_jq1_ic50_24h_74.tif,gt_coords/ncih2170_jc_jq1_ic50_24h_74.npy
ncih2170_jc_jq1_ic50_24h_75,NCI-H2170,gt_image/ncih2170_jc_jq1_ic50_24h_75.tif,gt_coords/ncih2170_jc_jq1_ic50_24h_75.npy
ncih2170_jc_jq1_ic50_24h_76_a,NCI-H2170,gt_image/ncih2170_jc_jq1_ic50_24h_76_a.tif,gt_coords/ncih2170_jc_jq1_ic50_24h_76_a.npy
ncih2170_jc_jq1_ic50_24h_76_b,NCI-H2170,gt_image/ncih2170_jc_jq1_ic50_24h_76_b.tif,gt_coords/ncih2170_jc_jq1_ic50_24h_76_b.npy
ncih2170_jc_jq1_ic50_24h_77,NCI-H2170,gt_image/ncih2170_jc_jq1_ic50_24h_77.tif,gt_coords/ncih2170_jc_jq1_ic50_24h_77.npy
ncih2170_jc_jq1_ic50_24h_78,NCI-H2170,gt_image/ncih2170_jc_jq1_ic50_24h_78.tif,gt_coords/ncih2170_jc_jq1_ic50_24h_78.npy
ncih2170_jc_jq1_ic50_24h_79,NCI-H2170,gt_image/ncih2170_jc_jq1_ic50_24h_79.tif,gt_coords/ncih2170_jc_jq1_ic50_24h_79.npy
ncih2170_jc_jq1_ic50_24h_8,NCI-H2170,gt_image/ncih2170_jc_jq1_ic50_24h_8.tif,gt_coords/ncih2170_jc_jq1_ic50_24h_8.npy
ncih2170_jc_jq1_ic50_24h_80,NCI-H2170,gt_image/ncih2170_jc_jq1_ic50_24h_80.tif,gt_coords/ncih2170_jc_jq1_ic50_24h_80.npy
ncih2170_jc_jq1_ic50_24h_81,NCI-H2170,gt_image/ncih2170_jc_jq1_ic50_24h_81.tif,gt_coords/ncih2170_jc_jq1_ic50_24h_81.npy
ncih2170_jc_jq1_ic50_24h_84,NCI-H2170,gt_image/ncih2170_jc_jq1_ic50_24h_84.tif,gt_coords/ncih2170_jc_jq1_ic50_24h_84.npy
ncih2170_jc_jq1_ic50_24h_85,NCI-H2170,gt_image/ncih2170_jc_jq1_ic50_24h_85.tif,gt_coords/ncih2170_jc_jq1_ic50_24h_85.npy
ncih2170_jc_jq1_ic50_24h_86,NCI-H2170,gt_image/ncih2170_jc_jq1_ic50_24h_86.tif,gt_coords/ncih2170_jc_jq1_ic50_24h_86.npy
ncih2170_jc_jq1_ic50_24h_87,NCI-H2170,gt_image/ncih2170_jc_jq1_ic50_24h_87.tif,gt_coords/ncih2170_jc_jq1_ic50_24h_87.npy
ncih2170_jc_jq1_ic50_24h_88,NCI-H2170,gt_image/ncih2170_jc_jq1_ic50_24h_88.tif,gt_coords/ncih2170_jc_jq1_ic50_24h_88.npy
ncih2170_jc_jq1_ic50_24h_89,NCI-H2170,gt_image/ncih2170_jc_jq1_ic50_24h_89.tif,gt_coords/ncih2170_jc_jq1_ic50_24h_89.npy
ncih2170_jc_jq1_ic50_24h_9,NCI-H2170,gt_image/ncih2170_jc_jq1_ic50_24h_9.tif,gt_coords/ncih2170_jc_jq1_ic50_24h_9.npy
ncih2170_jc_jq1_ic50_24h_90,NCI-H2170,gt_image/ncih2170_jc_jq1_ic50_24h_90.tif,gt_coords/ncih2170_jc_jq1_ic50_24h_90.npy
ncih2170_jc_jq1_ic50_24h_91,NCI-H2170,gt_image/ncih2170_jc_jq1_ic50_24h_91.tif,gt_coords/ncih2170_jc_jq1_ic50_24h_91.npy
ncih2170_jc_jq1_ic50_24h_92,NCI-H2170,gt_image/ncih2170_jc_jq1_ic50_24h_92.tif,gt_coords/ncih2170_jc_jq1_ic50_24h_92.npy
ncih2170_jc_jq1_ic50_24h_93,NCI-H2170,gt_image/ncih2170_jc_jq1_ic50_24h_93.tif,gt_coords/ncih2170_jc_jq1_ic50_24h_93.npy
ncih2170_jc_jq1_ic50_24h_94,NCI-H2170,gt_image/ncih2170_jc_jq1_ic50_24h_94.tif,gt_coords/ncih2170_jc_jq1_ic50_24h_94.npy
ncih2170_jc_jq1_ic50_24h_95,NCI-H2170,gt_image/ncih2170_jc_jq1_ic50_24h_95.tif,gt_coords/ncih2170_jc_jq1_ic50_24h_95.npy
ncih2170_jc_jq1_ic50_24h_96,NCI-H2170,gt_image/ncih2170_jc_jq1_ic50_24h_96.tif,gt_coords/ncih2170_jc_jq1_ic50_24h_96.npy
ncih2170_jc_jq1_ic50_24h_97,NCI-H2170,gt_image/ncih2170_jc_jq1_ic50_24h_97.tif,gt_coords/ncih2170_jc_jq1_ic50_24h_97.npy
ncih2170_jc_jq1_ic50_24h_98,NCI-H2170,gt_image/ncih2170_jc_jq1_ic50_24h_98.tif,gt_coords/ncih2170_jc_jq1_ic50_24h_98.npy
ncih2170_jc_jq1_ic50_24h_99,NCI-H2170,gt_image/ncih2170_jc_jq1_ic50_24h_99.tif,gt_coords/ncih2170_jc_jq1_ic50_24h_99.npy
ncih2170_jc_lap_ic50_24h_1,NCI-H2170,gt_image/ncih2170_jc_lap_ic50_24h_1.tif,gt_coords/ncih2170_jc_lap_ic50_24h_1.npy
ncih2170_jc_lap_ic50_24h_10,NCI-H2170,gt_image/ncih2170_jc_lap_ic50_24h_10.tif,gt_coords/ncih2170_jc_lap_ic50_24h_10.npy
ncih2170_jc_lap_ic50_24h_100,NCI-H2170,gt_image/ncih2170_jc_lap_ic50_24h_100.tif,gt_coords/ncih2170_jc_lap_ic50_24h_100.npy
ncih2170_jc_lap_ic50_24h_101,NCI-H2170,gt_image/ncih2170_jc_lap_ic50_24h_101.tif,gt_coords/ncih2170_jc_lap_ic50_24h_101.npy
ncih2170_jc_lap_ic50_24h_102,NCI-H2170,gt_image/ncih2170_jc_lap_ic50_24h_102.tif,gt_coords/ncih2170_jc_lap_ic50_24h_102.npy
ncih2170_jc_lap_ic50_24h_103,NCI-H2170,gt_image/ncih2170_jc_lap_ic50_24h_103.tif,gt_coords/ncih2170_jc_lap_ic50_24h_103.npy
ncih2170_jc_lap_ic50_24h_104,NCI-H2170,gt_image/ncih2170_jc_lap_ic50_24h_104.tif,gt_coords/ncih2170_jc_lap_ic50_24h_104.npy
ncih2170_jc_lap_ic50_24h_105,NCI-H2170,gt_image/ncih2170_jc_lap_ic50_24h_105.tif,gt_coords/ncih2170_jc_lap_ic50_24h_105.npy
ncih2170_jc_lap_ic50_24h_106,NCI-H2170,gt_image/ncih2170_jc_lap_ic50_24h_106.tif,gt_coords/ncih2170_jc_lap_ic50_24h_106.npy
ncih2170_jc_lap_ic50_24h_107,NCI-H2170,gt_image/ncih2170_jc_lap_ic50_24h_107.tif,gt_coords/ncih2170_jc_lap_ic50_24h_107.npy
ncih2170_jc_lap_ic50_24h_108,NCI-H2170,gt_image/ncih2170_jc_lap_ic50_24h_108.tif,gt_coords/ncih2170_jc_lap_ic50_24h_108.npy
ncih2170_jc_lap_ic50_24h_109,NCI-H2170,gt_image/ncih2170_jc_lap_ic50_24h_109.tif,gt_coords/ncih2170_jc_lap_ic50_24h_109.npy
ncih2170_jc_lap_ic50_24h_11,NCI-H2170,gt_image/ncih2170_jc_lap_ic50_24h_11.tif,gt_coords/ncih2170_jc_lap_ic50_24h_11.npy
ncih2170_jc_lap_ic50_24h_110,NCI-H2170,gt_image/ncih2170_jc_lap_ic50_24h_110.tif,gt_coords/ncih2170_jc_lap_ic50_24h_110.npy
ncih2170_jc_lap_ic50_24h_111,NCI-H2170,gt_image/ncih2170_jc_lap_ic50_24h_111.tif,gt_coords/ncih2170_jc_lap_ic50_24h_111.npy
ncih2170_jc_lap_ic50_24h_112,NCI-H2170,gt_image/ncih2170_jc_lap_ic50_24h_112.tif,gt_coords/ncih2170_jc_lap_ic50_24h_112.npy
ncih2170_jc_lap_ic50_24h_113,NCI-H2170,gt_image/ncih2170_jc_lap_ic50_24h_113.tif,gt_coords/ncih2170_jc_lap_ic50_24h_113.npy
ncih2170_jc_lap_ic50_24h_114,NCI-H2170,gt_image/ncih2170_jc_lap_ic50_24h_114.tif,gt_coords/ncih2170_jc_lap_ic50_24h_114.npy
ncih2170_jc_lap_ic50_24h_115,NCI-H2170,gt_image/ncih2170_jc_lap_ic50_24h_115.tif,gt_coords/ncih2170_jc_lap_ic50_24h_115.npy
ncih2170_jc_lap_ic50_24h_116,NCI-H2170,gt_image/ncih2170_jc_lap_ic50_24h_116.tif,gt_coords/ncih2170_jc_lap_ic50_24h_116.npy
ncih2170_jc_lap_ic50_24h_117,NCI-H2170,gt_image/ncih2170_jc_lap_ic50_24h_117.tif,gt_coords/ncih2170_jc_lap_ic50_24h_117.npy
ncih2170_jc_lap_ic50_24h_118,NCI-H2170,gt_image/ncih2170_jc_lap_ic50_24h_118.tif,gt_coords/ncih2170_jc_lap_ic50_24h_118.npy
ncih2170_jc_lap_ic50_24h_119,NCI-H2170,gt_image/ncih2170_jc_lap_ic50_24h_119.tif,gt_coords/ncih2170_jc_lap_ic50_24h_119.npy
ncih2170_jc_lap_ic50_24h_12,NCI-H2170,gt_image/ncih2170_jc_lap_ic50_24h_12.tif,gt_coords/ncih2170_jc_lap_ic50_24h_12.npy
ncih2170_jc_lap_ic50_24h_120,NCI-H2170,gt_image/ncih2170_jc_lap_ic50_24h_120.tif,gt_coords/ncih2170_jc_lap_ic50_24h_120.npy
ncih2170_jc_lap_ic50_24h_13,NCI-H2170,gt_image/ncih2170_jc_lap_ic50_24h_13.tif,gt_coords/ncih2170_jc_lap_ic50_24h_13.npy
ncih2170_jc_lap_ic50_24h_14,NCI-H2170,gt_image/ncih2170_jc_lap_ic50_24h_14.tif,gt_coords/ncih2170_jc_lap_ic50_24h_14.npy
ncih2170_jc_lap_ic50_24h_15,NCI-H2170,gt_image/ncih2170_jc_lap_ic50_24h_15.tif,gt_coords/ncih2170_jc_lap_ic50_24h_15.npy
ncih2170_jc_lap_ic50_24h_16,NCI-H2170,gt_image/ncih2170_jc_lap_ic50_24h_16.tif,gt_coords/ncih2170_jc_lap_ic50_24h_16.npy
ncih2170_jc_lap_ic50_24h_17,NCI-H2170,gt_image/ncih2170_jc_lap_ic50_24h_17.tif,gt_coords/ncih2170_jc_lap_ic50_24h_17.npy
ncih2170_jc_lap_ic50_24h_18,NCI-H2170,gt_image/ncih2170_jc_lap_ic50_24h_18.tif,gt_coords/ncih2170_jc_lap_ic50_24h_18.npy
ncih2170_jc_lap_ic50_24h_19,NCI-H2170,gt_image/ncih2170_jc_lap_ic50_24h_19.tif,gt_coords/ncih2170_jc_lap_ic50_24h_19.npy
ncih2170_jc_lap_ic50_24h_2,NCI-H2170,gt_image/ncih2170_jc_lap_ic50_24h_2.tif,gt_coords/ncih2170_jc_lap_ic50_24h_2.npy
ncih2170_jc_lap_ic50_24h_20,NCI-H2170,gt_image/ncih2170_jc_lap_ic50_24h_20.tif,gt_coords/ncih2170_jc_lap_ic50_24h_20.npy
ncih2170_jc_lap_ic50_24h_21,NCI-H2170,gt_image/ncih2170_jc_lap_ic50_24h_21.tif,gt_coords/ncih2170_jc_lap_ic50_24h_21.npy
ncih2170_jc_lap_ic50_24h_22,NCI-H2170,gt_image/ncih2170_jc_lap_ic50_24h_22.tif,gt_coords/ncih2170_jc_lap_ic50_24h_22.npy
ncih2170_jc_lap_ic50_24h_23,NCI-H2170,gt_image/ncih2170_jc_lap_ic50_24h_23.tif,gt_coords/ncih2170_jc_lap_ic50_24h_23.npy
ncih2170_jc_lap_ic50_24h_24,NCI-H2170,gt_image/ncih2170_jc_lap_ic50_24h_24.tif,gt_coords/ncih2170_jc_lap_ic50_24h_24.npy
ncih2170_jc_lap_ic50_24h_25,NCI-H2170,gt_image/ncih2170_jc_lap_ic50_24h_25.tif,gt_coords/ncih2170_jc_lap_ic50_24h_25.npy
ncih2170_jc_lap_ic50_24h_26,NCI-H2170,gt_image/ncih2170_jc_lap_ic50_24h_26.tif,gt_coords/ncih2170_jc_lap_ic50_24h_26.npy
ncih2170_jc_lap_ic50_24h_27,NCI-H2170,gt_image/ncih2170_jc_lap_ic50_24h_27.tif,gt_coords/ncih2170_jc_lap_ic50_24h_27.npy
ncih2170_jc_lap_ic50_24h_28,NCI-H2170,gt_image/ncih2170_jc_lap_ic50_24h_28.tif,gt_coords/ncih2170_jc_lap_ic50_24h_28.npy
ncih2170_jc_lap_ic50_24h_29f,NCI-H2170,gt_image/ncih2170_jc_lap_ic50_24h_29f.tif,gt_coords/ncih2170_jc_lap_ic50_24h_29f.npy
ncih2170_jc_lap_ic50_24h_3,NCI-H2170,gt_image/ncih2170_jc_lap_ic50_24h_3.tif,gt_coords/ncih2170_jc_lap_ic50_24h_3.npy
ncih2170_jc_lap_ic50_24h_30,NCI-H2170,gt_image/ncih2170_jc_lap_ic50_24h_30.tif,gt_coords/ncih2170_jc_lap_ic50_24h_30.npy
ncih2170_jc_lap_ic50_24h_31,NCI-H2170,gt_image/ncih2170_jc_lap_ic50_24h_31.tif,gt_coords/ncih2170_jc_lap_ic50_24h_31.npy
ncih2170_jc_lap_ic50_24h_32,NCI-H2170,gt_image/ncih2170_jc_lap_ic50_24h_32.tif,gt_coords/ncih2170_jc_lap_ic50_24h_32.npy
ncih2170_jc_lap_ic50_24h_33,NCI-H2170,gt_image/ncih2170_jc_lap_ic50_24h_33.tif,gt_coords/ncih2170_jc_lap_ic50_24h_33.npy
ncih2170_jc_lap_ic50_24h_34,NCI-H2170,gt_image/ncih2170_jc_lap_ic50_24h_34.tif,gt_coords/ncih2170_jc_lap_ic50_24h_34.npy
ncih2170_jc_lap_ic50_24h_35,NCI-H2170,gt_image/ncih2170_jc_lap_ic50_24h_35.tif,gt_coords/ncih2170_jc_lap_ic50_24h_35.npy
ncih2170_jc_lap_ic50_24h_36,NCI-H2170,gt_image/ncih2170_jc_lap_ic50_24h_36.tif,gt_coords/ncih2170_jc_lap_ic50_24h_36.npy
ncih2170_jc_lap_ic50_24h_37,NCI-H2170,gt_image/ncih2170_jc_lap_ic50_24h_37.tif,gt_coords/ncih2170_jc_lap_ic50_24h_37.npy
ncih2170_jc_lap_ic50_24h_38,NCI-H2170,gt_image/ncih2170_jc_lap_ic50_24h_38.tif,gt_coords/ncih2170_jc_lap_ic50_24h_38.npy
ncih2170_jc_lap_ic50_24h_39,NCI-H2170,gt_image/ncih2170_jc_lap_ic50_24h_39.tif,gt_coords/ncih2170_jc_lap_ic50_24h_39.npy
ncih2170_jc_lap_ic50_24h_40,NCI-H2170,gt_image/ncih2170_jc_lap_ic50_24h_40.tif,gt_coords/ncih2170_jc_lap_ic50_24h_40.npy
ncih2170_jc_lap_ic50_24h_41,NCI-H2170,gt_image/ncih2170_jc_lap_ic50_24h_41.tif,gt_coords/ncih2170_jc_lap_ic50_24h_41.npy
ncih2170_jc_lap_ic50_24h_42,NCI-H2170,gt_image/ncih2170_jc_lap_ic50_24h_42.tif,gt_coords/ncih2170_jc_lap_ic50_24h_42.npy
ncih2170_jc_lap_ic50_24h_43_a,NCI-H2170,gt_image/ncih2170_jc_lap_ic50_24h_43_a.tif,gt_coords/ncih2170_jc_lap_ic50_24h_43_a.npy
ncih2170_jc_lap_ic50_24h_43_b,NCI-H2170,gt_image/ncih2170_jc_lap_ic50_24h_43_b.tif,gt_coords/ncih2170_jc_lap_ic50_24h_43_b.npy
ncih2170_jc_lap_ic50_24h_44,NCI-H2170,gt_image/ncih2170_jc_lap_ic50_24h_44.tif,gt_coords/ncih2170_jc_lap_ic50_24h_44.npy
ncih2170_jc_lap_ic50_24h_45,NCI-H2170,gt_image/ncih2170_jc_lap_ic50_24h_45.tif,gt_coords/ncih2170_jc_lap_ic50_24h_45.npy
ncih2170_jc_lap_ic50_24h_46,NCI-H2170,gt_image/ncih2170_jc_lap_ic50_24h_46.tif,gt_coords/ncih2170_jc_lap_ic50_24h_46.npy
ncih2170_jc_lap_ic50_24h_47,NCI-H2170,gt_image/ncih2170_jc_lap_ic50_24h_47.tif,gt_coords/ncih2170_jc_lap_ic50_24h_47.npy
ncih2170_jc_lap_ic50_24h_48,NCI-H2170,gt_image/ncih2170_jc_lap_ic50_24h_48.tif,gt_coords/ncih2170_jc_lap_ic50_24h_48.npy
ncih2170_jc_lap_ic50_24h_49,NCI-H2170,gt_image/ncih2170_jc_lap_ic50_24h_49.tif,gt_coords/ncih2170_jc_lap_ic50_24h_49.npy
ncih2170_jc_lap_ic50_24h_4_s,NCI-H2170,gt_image/ncih2170_jc_lap_ic50_24h_4_s.tif,gt_coords/ncih2170_jc_lap_ic50_24h_4_s.npy
ncih2170_jc_lap_ic50_24h_5,NCI-H2170,gt_image/ncih2170_jc_lap_ic50_24h_5.tif,gt_coords/ncih2170_jc_lap_ic50_24h_5.npy
ncih2170_jc_lap_ic50_24h_50,NCI-H2170,gt_image/ncih2170_jc_lap_ic50_24h_50.tif,gt_coords/ncih2170_jc_lap_ic50_24h_50.npy
ncih2170_jc_lap_ic50_24h_51_a,NCI-H2170,gt_image/ncih2170_jc_lap_ic50_24h_51_a.tif,gt_coords/ncih2170_jc_lap_ic50_24h_51_a.npy
ncih2170_jc_lap_ic50_24h_51_b,NCI-H2170,gt_image/ncih2170_jc_lap_ic50_24h_51_b.tif,gt_coords/ncih2170_jc_lap_ic50_24h_51_b.npy
ncih2170_jc_lap_ic50_24h_52,NCI-H2170,gt_image/ncih2170_jc_lap_ic50_24h_52.tif,gt_coords/ncih2170_jc_lap_ic50_24h_52.npy
ncih2170_jc_lap_ic50_24h_53,NCI-H2170,gt_image/ncih2170_jc_lap_ic50_24h_53.tif,gt_coords/ncih2170_jc_lap_ic50_24h_53.npy
ncih2170_jc_lap_ic50_24h_54,NCI-H2170,gt_image/ncih2170_jc_lap_ic50_24h_54.tif,gt_coords/ncih2170_jc_lap_ic50_24h_54.npy
ncih2170_jc_lap_ic50_24h_55,NCI-H2170,gt_image/ncih2170_jc_lap_ic50_24h_55.tif,gt_coords/ncih2170_jc_lap_ic50_24h_55.npy
ncih2170_jc_lap_ic50_24h_56,NCI-H2170,gt_image/ncih2170_jc_lap_ic50_24h_56.tif,gt_coords/ncih2170_jc_lap_ic50_24h_56.npy
ncih2170_jc_lap_ic50_24h_57,NCI-H2170,gt_image/ncih2170_jc_lap_ic50_24h_57.tif,gt_coords/ncih2170_jc_lap_ic50_24h_57.npy
ncih2170_jc_lap_ic50_24h_58,NCI-H2170,gt_image/ncih2170_jc_lap_ic50_24h_58.tif,gt_coords/ncih2170_jc_lap_ic50_24h_58.npy
ncih2170_jc_lap_ic50_24h_59,NCI-H2170,gt_image/ncih2170_jc_lap_ic50_24h_59.tif,gt_coords/ncih2170_jc_lap_ic50_24h_59.npy
ncih2170_jc_lap_ic50_24h_6,NCI-H2170,gt_image/ncih2170_jc_lap_ic50_24h_6.tif,gt_coords/ncih2170_jc_lap_ic50_24h_6.npy
ncih2170_jc_lap_ic50_24h_60,NCI-H2170,gt_image/ncih2170_jc_lap_ic50_24h_60.tif,gt_coords/ncih2170_jc_lap_ic50_24h_60.npy
ncih2170_jc_lap_ic50_24h_61,NCI-H2170,gt_image/ncih2170_jc_lap_ic50_24h_61.tif,gt_coords/ncih2170_jc_lap_ic50_24h_61.npy
ncih2170_jc_lap_ic50_24h_62,NCI-H2170,gt_image/ncih2170_jc_lap_ic50_24h_62.tif,gt_coords/ncih2170_jc_lap_ic50_24h_62.npy
ncih2170_jc_lap_ic50_24h_63,NCI-H2170,gt_image/ncih2170_jc_lap_ic50_24h_63.tif,gt_coords/ncih2170_jc_lap_ic50_24h_63.npy
ncih2170_jc_lap_ic50_24h_64,NCI-H2170,gt_image/ncih2170_jc_lap_ic50_24h_64.tif,gt_coords/ncih2170_jc_lap_ic50_24h_64.npy
ncih2170_jc_lap_ic50_24h_65,NCI-H2170,gt_image/ncih2170_jc_lap_ic50_24h_65.tif,gt_coords/ncih2170_jc_lap_ic50_24h_65.npy
ncih2170_jc_lap_ic50_24h_66,NCI-H2170,gt_image/ncih2170_jc_lap_ic50_24h_66.tif,gt_coords/ncih2170_jc_lap_ic50_24h_66.npy
ncih2170_jc_lap_ic50_24h_67,NCI-H2170,gt_image/ncih2170_jc_lap_ic50_24h_67.tif,gt_coords/ncih2170_jc_lap_ic50_24h_67.npy
ncih2170_jc_lap_ic50_24h_68,NCI-H2170,gt_image/ncih2170_jc_lap_ic50_24h_68.tif,gt_coords/ncih2170_jc_lap_ic50_24h_68.npy
ncih2170_jc_lap_ic50_24h_69,NCI-H2170,gt_image/ncih2170_jc_lap_ic50_24h_69.tif,gt_coords/ncih2170_jc_lap_ic50_24h_69.npy
ncih2170_jc_lap_ic50_24h_7,NCI-H2170,gt_image/ncih2170_jc_lap_ic50_24h_7.tif,gt_coords/ncih2170_jc_lap_ic50_24h_7.npy
ncih2170_jc_lap_ic50_24h_70,NCI-H2170,gt_image/ncih2170_jc_lap_ic50_24h_70.tif,gt_coords/ncih2170_jc_lap_ic50_24h_70.npy
ncih2170_jc_lap_ic50_24h_71,NCI-H2170,gt_image/ncih2170_jc_lap_ic50_24h_71.tif,gt_coords/ncih2170_jc_lap_ic50_24h_71.npy
ncih2170_jc_lap_ic50_24h_72,NCI-H2170,gt_image/ncih2170_jc_lap_ic50_24h_72.tif,gt_coords/ncih2170_jc_lap_ic50_24h_72.npy
ncih2170_jc_lap_ic50_24h_73,NCI-H2170,gt_image/ncih2170_jc_lap_ic50_24h_73.tif,gt_coords/ncih2170_jc_lap_ic50_24h_73.npy
ncih2170_jc_lap_ic50_24h_74,NCI-H2170,gt_image/ncih2170_jc_lap_ic50_24h_74.tif,gt_coords/ncih2170_jc_lap_ic50_24h_74.npy
ncih2170_jc_lap_ic50_24h_75,NCI-H2170,gt_image/ncih2170_jc_lap_ic50_24h_75.tif,gt_coords/ncih2170_jc_lap_ic50_24h_75.npy
ncih2170_jc_lap_ic50_24h_76,NCI-H2170,gt_image/ncih2170_jc_lap_ic50_24h_76.tif,gt_coords/ncih2170_jc_lap_ic50_24h_76.npy
ncih2170_jc_lap_ic50_24h_77,NCI-H2170,gt_image/ncih2170_jc_lap_ic50_24h_77.tif,gt_coords/ncih2170_jc_lap_ic50_24h_77.npy
ncih2170_jc_lap_ic50_24h_78,NCI-H2170,gt_image/ncih2170_jc_lap_ic50_24h_78.tif,gt_coords/ncih2170_jc_lap_ic50_24h_78.npy
ncih2170_jc_lap_ic50_24h_79,NCI-H2170,gt_image/ncih2170_jc_lap_ic50_24h_79.tif,gt_coords/ncih2170_jc_lap_ic50_24h_79.npy
ncih2170_jc_lap_ic50_24h_8,NCI-H2170,gt_image/ncih2170_jc_lap_ic50_24h_8.tif,gt_coords/ncih2170_jc_lap_ic50_24h_8.npy
ncih2170_jc_lap_ic50_24h_80,NCI-H2170,gt_image/ncih2170_jc_lap_ic50_24h_80.tif,gt_coords/ncih2170_jc_lap_ic50_24h_80.npy
ncih2170_jc_lap_ic50_24h_81,NCI-H2170,gt_image/ncih2170_jc_lap_ic50_24h_81.tif,gt_coords/ncih2170_jc_lap_ic50_24h_81.npy
ncih2170_jc_lap_ic50_24h_82,NCI-H2170,gt_image/ncih2170_jc_lap_ic50_24h_82.tif,gt_coords/ncih2170_jc_lap_ic50_24h_82.npy
ncih2170_jc_lap_ic50_24h_83,NCI-H2170,gt_image/ncih2170_jc_lap_ic50_24h_83.tif,gt_coords/ncih2170_jc_lap_ic50_24h_83.npy
ncih2170_jc_lap_ic50_24h_84,NCI-H2170,gt_image/ncih2170_jc_lap_ic50_24h_84.tif,gt_coords/ncih2170_jc_lap_ic50_24h_84.npy
ncih2170_jc_lap_ic50_24h_85,NCI-H2170,gt_image/ncih2170_jc_lap_ic50_24h_85.tif,gt_coords/ncih2170_jc_lap_ic50_24h_85.npy
ncih2170_jc_lap_ic50_24h_86,NCI-H2170,gt_image/ncih2170_jc_lap_ic50_24h_86.tif,gt_coords/ncih2170_jc_lap_ic50_24h_86.npy
ncih2170_jc_lap_ic50_24h_87,NCI-H2170,gt_image/ncih2170_jc_lap_ic50_24h_87.tif,gt_coords/ncih2170_jc_lap_ic50_24h_87.npy
ncih2170_jc_lap_ic50_24h_88,NCI-H2170,gt_image/ncih2170_jc_lap_ic50_24h_88.tif,gt_coords/ncih2170_jc_lap_ic50_24h_88.npy
ncih2170_jc_lap_ic50_24h_89,NCI-H2170,gt_image/ncih2170_jc_lap_ic50_24h_89.tif,gt_coords/ncih2170_jc_lap_ic50_24h_89.npy
ncih2170_jc_lap_ic50_24h_90,NCI-H2170,gt_image/ncih2170_jc_lap_ic50_24h_90.tif,gt_coords/ncih2170_jc_lap_ic50_24h_90.npy
ncih2170_jc_lap_ic50_24h_91,NCI-H2170,gt_image/ncih2170_jc_lap_ic50_24h_91.tif,gt_coords/ncih2170_jc_lap_ic50_24h_91.npy
ncih2170_jc_lap_ic50_24h_92,NCI-H2170,gt_image/ncih2170_jc_lap_ic50_24h_92.tif,gt_coords/ncih2170_jc_lap_ic50_24h_92.npy
ncih2170_jc_lap_ic50_24h_93,NCI-H2170,gt_image/ncih2170_jc_lap_ic50_24h_93.tif,gt_coords/ncih2170_jc_lap_ic50_24h_93.npy
ncih2170_jc_lap_ic50_24h_94,NCI-H2170,gt_image/ncih2170_jc_lap_ic50_24h_94.tif,gt_coords/ncih2170_jc_lap_ic50_24h_94.npy
ncih2170_jc_lap_ic50_24h_95,NCI-H2170,gt_image/ncih2170_jc_lap_ic50_24h_95.tif,gt_coords/ncih2170_jc_lap_ic50_24h_95.npy
ncih2170_jc_lap_ic50_24h_96,NCI-H2170,gt_image/ncih2170_jc_lap_ic50_24h_96.tif,gt_coords/ncih2170_jc_lap_ic50_24h_96.npy
ncih2170_jc_lap_ic50_24h_97,NCI-H2170,gt_image/ncih2170_jc_lap_ic50_24h_97.tif,gt_coords/ncih2170_jc_lap_ic50_24h_97.npy
ncih2170_jc_lap_ic50_24h_98,NCI-H2170,gt_image/ncih2170_jc_lap_ic50_24h_98.tif,gt_coords/ncih2170_jc_lap_ic50_24h_98.npy
ncih2170_jc_lap_ic50_24h_99,NCI-H2170,gt_image/ncih2170_jc_lap_ic50_24h_99.tif,gt_coords/ncih2170_jc_lap_ic50_24h_99.npy
ncih2170_jc_ner_ic50_24h_1,NCI-H2170,gt_image/ncih2170_jc_ner_ic50_24h_1.tif,gt_coords/ncih2170_jc_ner_ic50_24h_1.npy
ncih2170_jc_ner_ic50_24h_10,NCI-H2170,gt_image/ncih2170_jc_ner_ic50_24h_10.tif,gt_coords/ncih2170_jc_ner_ic50_24h_10.npy
ncih2170_jc_ner_ic50_24h_100,NCI-H2170,gt_image/ncih2170_jc_ner_ic50_24h_100.tif,gt_coords/ncih2170_jc_ner_ic50_24h_100.npy
ncih2170_jc_ner_ic50_24h_102,NCI-H2170,gt_image/ncih2170_jc_ner_ic50_24h_102.tif,gt_coords/ncih2170_jc_ner_ic50_24h_102.npy
ncih2170_jc_ner_ic50_24h_103,NCI-H2170,gt_image/ncih2170_jc_ner_ic50_24h_103.tif,gt_coords/ncih2170_jc_ner_ic50_24h_103.npy
ncih2170_jc_ner_ic50_24h_104,NCI-H2170,gt_image/ncih2170_jc_ner_ic50_24h_104.tif,gt_coords/ncih2170_jc_ner_ic50_24h_104.npy
ncih2170_jc_ner_ic50_24h_105,NCI-H2170,gt_image/ncih2170_jc_ner_ic50_24h_105.tif,gt_coords/ncih2170_jc_ner_ic50_24h_105.npy
ncih2170_jc_ner_ic50_24h_11,NCI-H2170,gt_image/ncih2170_jc_ner_ic50_24h_11.tif,gt_coords/ncih2170_jc_ner_ic50_24h_11.npy
ncih2170_jc_ner_ic50_24h_12,NCI-H2170,gt_image/ncih2170_jc_ner_ic50_24h_12.tif,gt_coords/ncih2170_jc_ner_ic50_24h_12.npy
ncih2170_jc_ner_ic50_24h_13,NCI-H2170,gt_image/ncih2170_jc_ner_ic50_24h_13.tif,gt_coords/ncih2170_jc_ner_ic50_24h_13.npy
ncih2170_jc_ner_ic50_24h_14,NCI-H2170,gt_image/ncih2170_jc_ner_ic50_24h_14.tif,gt_coords/ncih2170_jc_ner_ic50_24h_14.npy
ncih2170_jc_ner_ic50_24h_15,NCI-H2170,gt_image/ncih2170_jc_ner_ic50_24h_15.tif,gt_coords/ncih2170_jc_ner_ic50_24h_15.npy
ncih2170_jc_ner_ic50_24h_16,NCI-H2170,gt_image/ncih2170_jc_ner_ic50_24h_16.tif,gt_coords/ncih2170_jc_ner_ic50_24h_16.npy
ncih2170_jc_ner_ic50_24h_17,NCI-H2170,gt_image/ncih2170_jc_ner_ic50_24h_17.tif,gt_coords/ncih2170_jc_ner_ic50_24h_17.npy
ncih2170_jc_ner_ic50_24h_18,NCI-H2170,gt_image/ncih2170_jc_ner_ic50_24h_18.tif,gt_coords/ncih2170_jc_ner_ic50_24h_18.npy
ncih2170_jc_ner_ic50_24h_19,NCI-H2170,gt_image/ncih2170_jc_ner_ic50_24h_19.tif,gt_coords/ncih2170_jc_ner_ic50_24h_19.npy
ncih2170_jc_ner_ic50_24h_2,NCI-H2170,gt_image/ncih2170_jc_ner_ic50_24h_2.tif,gt_coords/ncih2170_jc_ner_ic50_24h_2.npy
ncih2170_jc_ner_ic50_24h_21,NCI-H2170,gt_image/ncih2170_jc_ner_ic50_24h_21.tif,gt_coords/ncih2170_jc_ner_ic50_24h_21.npy
ncih2170_jc_ner_ic50_24h_22,NCI-H2170,gt_image/ncih2170_jc_ner_ic50_24h_22.tif,gt_coords/ncih2170_jc_ner_ic50_24h_22.npy
ncih2170_jc_ner_ic50_24h_23,NCI-H2170,gt_image/ncih2170_jc_ner_ic50_24h_23.tif,gt_coords/ncih2170_jc_ner_ic50_24h_23.npy
ncih2170_jc_ner_ic50_24h_24,NCI-H2170,gt_image/ncih2170_jc_ner_ic50_24h_24.tif,gt_coords/ncih2170_jc_ner_ic50_24h_24.npy
ncih2170_jc_ner_ic50_24h_25,NCI-H2170,gt_image/ncih2170_jc_ner_ic50_24h_25.tif,gt_coords/ncih2170_jc_ner_ic50_24h_25.npy
ncih2170_jc_ner_ic50_24h_26,NCI-H2170,gt_image/ncih2170_jc_ner_ic50_24h_26.tif,gt_coords/ncih2170_jc_ner_ic50_24h_26.npy
ncih2170_jc_ner_ic50_24h_27,NCI-H2170,gt_image/ncih2170_jc_ner_ic50_24h_27.tif,gt_coords/ncih2170_jc_ner_ic50_24h_27.npy
ncih2170_jc_ner_ic50_24h_28,NCI-H2170,gt_image/ncih2170_jc_ner_ic50_24h_28.tif,gt_coords/ncih2170_jc_ner_ic50_24h_28.npy
ncih2170_jc_ner_ic50_24h_29,NCI-H2170,gt_image/ncih2170_jc_ner_ic50_24h_29.tif,gt_coords/ncih2170_jc_ner_ic50_24h_29.npy
ncih2170_jc_ner_ic50_24h_3,NCI-H2170,gt_image/ncih2170_jc_ner_ic50_24h_3.tif,gt_coords/ncih2170_jc_ner_ic50_24h_3.npy
ncih2170_jc_ner_ic50_24h_30,NCI-H2170,gt_image/ncih2170_jc_ner_ic50_24h_30.tif,gt_coords/ncih2170_jc_ner_ic50_24h_30.npy
ncih2170_jc_ner_ic50_24h_31,NCI-H2170,gt_image/ncih2170_jc_ner_ic50_24h_31.tif,gt_coords/ncih2170_jc_ner_ic50_24h_31.npy
ncih2170_jc_ner_ic50_24h_32,NCI-H2170,gt_image/ncih2170_jc_ner_ic50_24h_32.tif,gt_coords/ncih2170_jc_ner_ic50_24h_32.npy
ncih2170_jc_ner_ic50_24h_33,NCI-H2170,gt_image/ncih2170_jc_ner_ic50_24h_33.tif,gt_coords/ncih2170_jc_ner_ic50_24h_33.npy
ncih2170_jc_ner_ic50_24h_34,NCI-H2170,gt_image/ncih2170_jc_ner_ic50_24h_34.tif,gt_coords/ncih2170_jc_ner_ic50_24h_34.npy
ncih2170_jc_ner_ic50_24h_35,NCI-H2170,gt_image/ncih2170_jc_ner_ic50_24h_35.tif,gt_coords/ncih2170_jc_ner_ic50_24h_35.npy
ncih2170_jc_ner_ic50_24h_37,NCI-H2170,gt_image/ncih2170_jc_ner_ic50_24h_37.tif,gt_coords/ncih2170_jc_ner_ic50_24h_37.npy
ncih2170_jc_ner_ic50_24h_38,NCI-H2170,gt_image/ncih2170_jc_ner_ic50_24h_38.tif,gt_coords/ncih2170_jc_ner_ic50_24h_38.npy
ncih2170_jc_ner_ic50_24h_39,NCI-H2170,gt_image/ncih2170_jc_ner_ic50_24h_39.tif,gt_coords/ncih2170_jc_ner_ic50_24h_39.npy
ncih2170_jc_ner_ic50_24h_4,NCI-H2170,gt_image/ncih2170_jc_ner_ic50_24h_4.tif,gt_coords/ncih2170_jc_ner_ic50_24h_4.npy
ncih2170_jc_ner_ic50_24h_40,NCI-H2170,gt_image/ncih2170_jc_ner_ic50_24h_40.tif,gt_coords/ncih2170_jc_ner_ic50_24h_40.npy
ncih2170_jc_ner_ic50_24h_41,NCI-H2170,gt_image/ncih2170_jc_ner_ic50_24h_41.tif,gt_coords/ncih2170_jc_ner_ic50_24h_41.npy
ncih2170_jc_ner_ic50_24h_42,NCI-H2170,gt_image/ncih2170_jc_ner_ic50_24h_42.tif,gt_coords/ncih2170_jc_ner_ic50_24h_42.npy
ncih2170_jc_ner_ic50_24h_43,NCI-H2170,gt_image/ncih2170_jc_ner_ic50_24h_43.tif,gt_coords/ncih2170_jc_ner_ic50_24h_43.npy
ncih2170_jc_ner_ic50_24h_44,NCI-H2170,gt_image/ncih2170_jc_ner_ic50_24h_44.tif,gt_coords/ncih2170_jc_ner_ic50_24h_44.npy
ncih2170_jc_ner_ic50_24h_45,NCI-H2170,gt_image/ncih2170_jc_ner_ic50_24h_45.tif,gt_coords/ncih2170_jc_ner_ic50_24h_45.npy
ncih2170_jc_ner_ic50_24h_46,NCI-H2170,gt_image/ncih2170_jc_ner_ic50_24h_46.tif,gt_coords/ncih2170_jc_ner_ic50_24h_46.npy
ncih2170_jc_ner_ic50_24h_47,NCI-H2170,gt_image/ncih2170_jc_ner_ic50_24h_47.tif,gt_coords/ncih2170_jc_ner_ic50_24h_47.npy
ncih2170_jc_ner_ic50_24h_48,NCI-H2170,gt_image/ncih2170_jc_ner_ic50_24h_48.tif,gt_coords/ncih2170_jc_ner_ic50_24h_48.npy
ncih2170_jc_ner_ic50_24h_5,NCI-H2170,gt_image/ncih2170_jc_ner_ic50_24h_5.tif,gt_coords/ncih2170_jc_ner_ic50_24h_5.npy
ncih2170_jc_ner_ic50_24h_50,NCI-H2170,gt_image/ncih2170_jc_ner_ic50_24h_50.tif,gt_coords/ncih2170_jc_ner_ic50_24h_50.npy
ncih2170_jc_ner_ic50_24h_51,NCI-H2170,gt_image/ncih2170_jc_ner_ic50_24h_51.tif,gt_coords/ncih2170_jc_ner_ic50_24h_51.npy
ncih2170_jc_ner_ic50_24h_52,NCI-H2170,gt_image/ncih2170_jc_ner_ic50_24h_52.tif,gt_coords/ncih2170_jc_ner_ic50_24h_52.npy
ncih2170_jc_ner_ic50_24h_53,NCI-H2170,gt_image/ncih2170_jc_ner_ic50_24h_53.tif,gt_coords/ncih2170_jc_ner_ic50_24h_53.npy
ncih2170_jc_ner_ic50_24h_54,NCI-H2170,gt_image/ncih2170_jc_ner_ic50_24h_54.tif,gt_coords/ncih2170_jc_ner_ic50_24h_54.npy
ncih2170_jc_ner_ic50_24h_55,NCI-H2170,gt_image/ncih2170_jc_ner_ic50_24h_55.tif,gt_coords/ncih2170_jc_ner_ic50_24h_55.npy
ncih2170_jc_ner_ic50_24h_56,NCI-H2170,gt_image/ncih2170_jc_ner_ic50_24h_56.tif,gt_coords/ncih2170_jc_ner_ic50_24h_56.npy
ncih2170_jc_ner_ic50_24h_57,NCI-H2170,gt_image/ncih2170_jc_ner_ic50_24h_57.tif,gt_coords/ncih2170_jc_ner_ic50_24h_57.npy
ncih2170_jc_ner_ic50_24h_58,NCI-H2170,gt_image/ncih2170_jc_ner_ic50_24h_58.tif,gt_coords/ncih2170_jc_ner_ic50_24h_58.npy
ncih2170_jc_ner_ic50_24h_59,NCI-H2170,gt_image/ncih2170_jc_ner_ic50_24h_59.tif,gt_coords/ncih2170_jc_ner_ic50_24h_59.npy
ncih2170_jc_ner_ic50_24h_6,NCI-H2170,gt_image/ncih2170_jc_ner_ic50_24h_6.tif,gt_coords/ncih2170_jc_ner_ic50_24h_6.npy
ncih2170_jc_ner_ic50_24h_60,NCI-H2170,gt_image/ncih2170_jc_ner_ic50_24h_60.tif,gt_coords/ncih2170_jc_ner_ic50_24h_60.npy
ncih2170_jc_ner_ic50_24h_61,NCI-H2170,gt_image/ncih2170_jc_ner_ic50_24h_61.tif,gt_coords/ncih2170_jc_ner_ic50_24h_61.npy
ncih2170_jc_ner_ic50_24h_62,NCI-H2170,gt_image/ncih2170_jc_ner_ic50_24h_62.tif,gt_coords/ncih2170_jc_ner_ic50_24h_62.npy
ncih2170_jc_ner_ic50_24h_63,NCI-H2170,gt_image/ncih2170_jc_ner_ic50_24h_63.tif,gt_coords/ncih2170_jc_ner_ic50_24h_63.npy
ncih2170_jc_ner_ic50_24h_65,NCI-H2170,gt_image/ncih2170_jc_ner_ic50_24h_65.tif,gt_coords/ncih2170_jc_ner_ic50_24h_65.npy
ncih2170_jc_ner_ic50_24h_66,NCI-H2170,gt_image/ncih2170_jc_ner_ic50_24h_66.tif,gt_coords/ncih2170_jc_ner_ic50_24h_66.npy
ncih2170_jc_ner_ic50_24h_67,NCI-H2170,gt_image/ncih2170_jc_ner_ic50_24h_67.tif,gt_coords/ncih2170_jc_ner_ic50_24h_67.npy
ncih2170_jc_ner_ic50_24h_68,NCI-H2170,gt_image/ncih2170_jc_ner_ic50_24h_68.tif,gt_coords/ncih2170_jc_ner_ic50_24h_68.npy
ncih2170_jc_ner_ic50_24h_69,NCI-H2170,gt_image/ncih2170_jc_ner_ic50_24h_69.tif,gt_coords/ncih2170_jc_ner_ic50_24h_69.npy
ncih2170_jc_ner_ic50_24h_7,NCI-H2170,gt_image/ncih2170_jc_ner_ic50_24h_7.tif,gt_coords/ncih2170_jc_ner_ic50_24h_7.npy
ncih2170_jc_ner_ic50_24h_70,NCI-H2170,gt_image/ncih2170_jc_ner_ic50_24h_70.tif,gt_coords/ncih2170_jc_ner_ic50_24h_70.npy
ncih2170_jc_ner_ic50_24h_71,NCI-H2170,gt_image/ncih2170_jc_ner_ic50_24h_71.tif,gt_coords/ncih2170_jc_ner_ic50_24h_71.npy
ncih2170_jc_ner_ic50_24h_72,NCI-H2170,gt_image/ncih2170_jc_ner_ic50_24h_72.tif,gt_coords/ncih2170_jc_ner_ic50_24h_72.npy
ncih2170_jc_ner_ic50_24h_73,NCI-H2170,gt_image/ncih2170_jc_ner_ic50_24h_73.tif,gt_coords/ncih2170_jc_ner_ic50_24h_73.npy
ncih2170_jc_ner_ic50_24h_74,NCI-H2170,gt_image/ncih2170_jc_ner_ic50_24h_74.tif,gt_coords/ncih2170_jc_ner_ic50_24h_74.npy
ncih2170_jc_ner_ic50_24h_75,NCI-H2170,gt_image/ncih2170_jc_ner_ic50_24h_75.tif,gt_coords/ncih2170_jc_ner_ic50_24h_75.npy
ncih2170_jc_ner_ic50_24h_76,NCI-H2170,gt_image/ncih2170_jc_ner_ic50_24h_76.tif,gt_coords/ncih2170_jc_ner_ic50_24h_76.npy
ncih2170_jc_ner_ic50_24h_77,NCI-H2170,gt_image/ncih2170_jc_ner_ic50_24h_77.tif,gt_coords/ncih2170_jc_ner_ic50_24h_77.npy
ncih2170_jc_ner_ic50_24h_78,NCI-H2170,gt_image/ncih2170_jc_ner_ic50_24h_78.tif,gt_coords/ncih2170_jc_ner_ic50_24h_78.npy
ncih2170_jc_ner_ic50_24h_79,NCI-H2170,gt_image/ncih2170_jc_ner_ic50_24h_79.tif,gt_coords/ncih2170_jc_ner_ic50_24h_79.npy
ncih2170_jc_ner_ic50_24h_8,NCI-H2170,gt_image/ncih2170_jc_ner_ic50_24h_8.tif,gt_coords/ncih2170_jc_ner_ic50_24h_8.npy
ncih2170_jc_ner_ic50_24h_80,NCI-H2170,gt_image/ncih2170_jc_ner_ic50_24h_80.tif,gt_coords/ncih2170_jc_ner_ic50_24h_80.npy
ncih2170_jc_ner_ic50_24h_81,NCI-H2170,gt_image/ncih2170_jc_ner_ic50_24h_81.tif,gt_coords/ncih2170_jc_ner_ic50_24h_81.npy
ncih2170_jc_ner_ic50_24h_82,NCI-H2170,gt_image/ncih2170_jc_ner_ic50_24h_82.tif,gt_coords/ncih2170_jc_ner_ic50_24h_82.npy
ncih2170_jc_ner_ic50_24h_83,NCI-H2170,gt_image/ncih2170_jc_ner_ic50_24h_83.tif,gt_coords/ncih2170_jc_ner_ic50_24h_83.npy
ncih2170_jc_ner_ic50_24h_84,NCI-H2170,gt_image/ncih2170_jc_ner_ic50_24h_84.tif,gt_coords/ncih2170_jc_ner_ic50_24h_84.npy
ncih2170_jc_ner_ic50_24h_85,NCI-H2170,gt_image/ncih2170_jc_ner_ic50_24h_85.tif,gt_coords/ncih2170_jc_ner_ic50_24h_85.npy
ncih2170_jc_ner_ic50_24h_86,NCI-H2170,gt_image/ncih2170_jc_ner_ic50_24h_86.tif,gt_coords/ncih2170_jc_ner_ic50_24h_86.npy
ncih2170_jc_ner_ic50_24h_87,NCI-H2170,gt_image/ncih2170_jc_ner_ic50_24h_87.tif,gt_coords/ncih2170_jc_ner_ic50_24h_87.npy
ncih2170_jc_ner_ic50_24h_88,NCI-H2170,gt_image/ncih2170_jc_ner_ic50_24h_88.tif,gt_coords/ncih2170_jc_ner_ic50_24h_88.npy
ncih2170_jc_ner_ic50_24h_89,NCI-H2170,gt_image/ncih2170_jc_ner_ic50_24h_89.tif,gt_coords/ncih2170_jc_ner_ic50_24h_89.npy
ncih2170_jc_ner_ic50_24h_9,NCI-H2170,gt_image/ncih2170_jc_ner_ic50_24h_9.tif,gt_coords/ncih2170_jc_ner_ic50_24h_9.npy
ncih2170_jc_ner_ic50_24h_90,NCI-H2170,gt_image/ncih2170_jc_ner_ic50_24h_90.tif,gt_coords/ncih2170_jc_ner_ic50_24h_90.npy
ncih2170_jc_ner_ic50_24h_91,NCI-H2170,gt_image/ncih2170_jc_ner_ic50_24h_91.tif,gt_coords/ncih2170_jc_ner_ic50_24h_91.npy
ncih2170_jc_ner_ic50_24h_92_a,NCI-H2170,gt_image/ncih2170_jc_ner_ic50_24h_92_a.tif,gt_coords/ncih2170_jc_ner_ic50_24h_92_a.npy
ncih2170_jc_ner_ic50_24h_92_b,NCI-H2170,gt_image/ncih2170_jc_ner_ic50_24h_92_b.tif,gt_coords/ncih2170_jc_ner_ic50_24h_92_b.npy
ncih2170_jc_ner_ic50_24h_93,NCI-H2170,gt_image/ncih2170_jc_ner_ic50_24h_93.tif,gt_coords/ncih2170_jc_ner_ic50_24h_93.npy
ncih2170_jc_ner_ic50_24h_94,NCI-H2170,gt_image/ncih2170_jc_ner_ic50_24h_94.tif,gt_coords/ncih2170_jc_ner_ic50_24h_94.npy
ncih2170_jc_ner_ic50_24h_95,NCI-H2170,gt_image/ncih2170_jc_ner_ic50_24h_95.tif,gt_coords/ncih2170_jc_ner_ic50_24h_95.npy
ncih2170_jc_ner_ic50_24h_96,NCI-H2170,gt_image/ncih2170_jc_ner_ic50_24h_96.tif,gt_coords/ncih2170_jc_ner_ic50_24h_96.npy
ncih2170_jc_ner_ic50_24h_97_a,NCI-H2170,gt_image/ncih2170_jc_ner_ic50_24h_97_a.tif,gt_coords/ncih2170_jc_ner_ic50_24h_97_a.npy
ncih2170_jc_ner_ic50_24h_97_b,NCI-H2170,gt_image/ncih2170_jc_ner_ic50_24h_97_b.tif,gt_coords/ncih2170_jc_ner_ic50_24h_97_b.npy
ncih2170_jc_ner_ic50_24h_98,NCI-H2170,gt_image/ncih2170_jc_ner_ic50_24h_98.tif,gt_coords/ncih2170_jc_ner_ic50_24h_98.npy
ncih2170_jc_ner_ic50_24h_99,NCI-H2170,gt_image/ncih2170_jc_ner_ic50_24h_99.tif,gt_coords/ncih2170_jc_ner_ic50_24h_99.npy
ncih2170_jc_ner_ic50_72h_10,NCI-H2170,gt_image/ncih2170_jc_ner_ic50_72h_10.tif,gt_coords/ncih2170_jc_ner_ic50_72h_10.npy
ncih2170_jc_ner_ic50_72h_101,NCI-H2170,gt_image/ncih2170_jc_ner_ic50_72h_101.tif,gt_coords/ncih2170_jc_ner_ic50_72h_101.npy
ncih2170_jc_ner_ic50_72h_103,NCI-H2170,gt_image/ncih2170_jc_ner_ic50_72h_103.tif,gt_coords/ncih2170_jc_ner_ic50_72h_103.npy
ncih2170_jc_ner_ic50_72h_104,NCI-H2170,gt_image/ncih2170_jc_ner_ic50_72h_104.tif,gt_coords/ncih2170_jc_ner_ic50_72h_104.npy
ncih2170_jc_ner_ic50_72h_105,NCI-H2170,gt_image/ncih2170_jc_ner_ic50_72h_105.tif,gt_coords/ncih2170_jc_ner_ic50_72h_105.npy
ncih2170_jc_ner_ic50_72h_106,NCI-H2170,gt_image/ncih2170_jc_ner_ic50_72h_106.tif,gt_coords/ncih2170_jc_ner_ic50_72h_106.npy
ncih2170_jc_ner_ic50_72h_107,NCI-H2170,gt_image/ncih2170_jc_ner_ic50_72h_107.tif,gt_coords/ncih2170_jc_ner_ic50_72h_107.npy
ncih2170_jc_ner_ic50_72h_108,NCI-H2170,gt_image/ncih2170_jc_ner_ic50_72h_108.tif,gt_coords/ncih2170_jc_ner_ic50_72h_108.npy
ncih2170_jc_ner_ic50_72h_109,NCI-H2170,gt_image/ncih2170_jc_ner_ic50_72h_109.tif,gt_coords/ncih2170_jc_ner_ic50_72h_109.npy
ncih2170_jc_ner_ic50_72h_11,NCI-H2170,gt_image/ncih2170_jc_ner_ic50_72h_11.tif,gt_coords/ncih2170_jc_ner_ic50_72h_11.npy
ncih2170_jc_ner_ic50_72h_110,NCI-H2170,gt_image/ncih2170_jc_ner_ic50_72h_110.tif,gt_coords/ncih2170_jc_ner_ic50_72h_110.npy
ncih2170_jc_ner_ic50_72h_111,NCI-H2170,gt_image/ncih2170_jc_ner_ic50_72h_111.tif,gt_coords/ncih2170_jc_ner_ic50_72h_111.npy
ncih2170_jc_ner_ic50_72h_112,NCI-H2170,gt_image/ncih2170_jc_ner_ic50_72h_112.tif,gt_coords/ncih2170_jc_ner_ic50_72h_112.npy
ncih2170_jc_ner_ic50_72h_113_a,NCI-H2170,gt_image/ncih2170_jc_ner_ic50_72h_113_a.tif,gt_coords/ncih2170_jc_ner_ic50_72h_113_a.npy
ncih2170_jc_ner_ic50_72h_113_b,NCI-H2170,gt_image/ncih2170_jc_ner_ic50_72h_113_b.tif,gt_coords/ncih2170_jc_ner_ic50_72h_113_b.npy
ncih2170_jc_ner_ic50_72h_114,NCI-H2170,gt_image/ncih2170_jc_ner_ic50_72h_114.tif,gt_coords/ncih2170_jc_ner_ic50_72h_114.npy
ncih2170_jc_ner_ic50_72h_115,NCI-H2170,gt_image/ncih2170_jc_ner_ic50_72h_115.tif,gt_coords/ncih2170_jc_ner_ic50_72h_115.npy
ncih2170_jc_ner_ic50_72h_116,NCI-H2170,gt_image/ncih2170_jc_ner_ic50_72h_116.tif,gt_coords/ncih2170_jc_ner_ic50_72h_116.npy
ncih2170_jc_ner_ic50_72h_117,NCI-H2170,gt_image/ncih2170_jc_ner_ic50_72h_117.tif,gt_coords/ncih2170_jc_ner_ic50_72h_117.npy
ncih2170_jc_ner_ic50_72h_118,NCI-H2170,gt_image/ncih2170_jc_ner_ic50_72h_118.tif,gt_coords/ncih2170_jc_ner_ic50_72h_118.npy
ncih2170_jc_ner_ic50_72h_119,NCI-H2170,gt_image/ncih2170_jc_ner_ic50_72h_119.tif,gt_coords/ncih2170_jc_ner_ic50_72h_119.npy
ncih2170_jc_ner_ic50_72h_12,NCI-H2170,gt_image/ncih2170_jc_ner_ic50_72h_12.tif,gt_coords/ncih2170_jc_ner_ic50_72h_12.npy
ncih2170_jc_ner_ic50_72h_120,NCI-H2170,gt_image/ncih2170_jc_ner_ic50_72h_120.tif,gt_coords/ncih2170_jc_ner_ic50_72h_120.npy
ncih2170_jc_ner_ic50_72h_13,NCI-H2170,gt_image/ncih2170_jc_ner_ic50_72h_13.tif,gt_coords/ncih2170_jc_ner_ic50_72h_13.npy
ncih2170_jc_ner_ic50_72h_14,NCI-H2170,gt_image/ncih2170_jc_ner_ic50_72h_14.tif,gt_coords/ncih2170_jc_ner_ic50_72h_14.npy
ncih2170_jc_ner_ic50_72h_15,NCI-H2170,gt_image/ncih2170_jc_ner_ic50_72h_15.tif,gt_coords/ncih2170_jc_ner_ic50_72h_15.npy
ncih2170_jc_ner_ic50_72h_16,NCI-H2170,gt_image/ncih2170_jc_ner_ic50_72h_16.tif,gt_coords/ncih2170_jc_ner_ic50_72h_16.npy
ncih2170_jc_ner_ic50_72h_17,NCI-H2170,gt_image/ncih2170_jc_ner_ic50_72h_17.tif,gt_coords/ncih2170_jc_ner_ic50_72h_17.npy
ncih2170_jc_ner_ic50_72h_18,NCI-H2170,gt_image/ncih2170_jc_ner_ic50_72h_18.tif,gt_coords/ncih2170_jc_ner_ic50_72h_18.npy
ncih2170_jc_ner_ic50_72h_19,NCI-H2170,gt_image/ncih2170_jc_ner_ic50_72h_19.tif,gt_coords/ncih2170_jc_ner_ic50_72h_19.npy
ncih2170_jc_ner_ic50_72h_1_a,NCI-H2170,gt_image/ncih2170_jc_ner_ic50_72h_1_a.tif,gt_coords/ncih2170_jc_ner_ic50_72h_1_a.npy
ncih2170_jc_ner_ic50_72h_1_b,NCI-H2170,gt_image/ncih2170_jc_ner_ic50_72h_1_b.tif,gt_coords/ncih2170_jc_ner_ic50_72h_1_b.npy
ncih2170_jc_ner_ic50_72h_20,NCI-H2170,gt_image/ncih2170_jc_ner_ic50_72h_20.tif,gt_coords/ncih2170_jc_ner_ic50_72h_20.npy
ncih2170_jc_ner_ic50_72h_22,NCI-H2170,gt_image/ncih2170_jc_ner_ic50_72h_22.tif,gt_coords/ncih2170_jc_ner_ic50_72h_22.npy
ncih2170_jc_ner_ic50_72h_23,NCI-H2170,gt_image/ncih2170_jc_ner_ic50_72h_23.tif,gt_coords/ncih2170_jc_ner_ic50_72h_23.npy
ncih2170_jc_ner_ic50_72h_24,NCI-H2170,gt_image/ncih2170_jc_ner_ic50_72h_24.tif,gt_coords/ncih2170_jc_ner_ic50_72h_24.npy
ncih2170_jc_ner_ic50_72h_25,NCI-H2170,gt_image/ncih2170_jc_ner_ic50_72h_25.tif,gt_coords/ncih2170_jc_ner_ic50_72h_25.npy
ncih2170_jc_ner_ic50_72h_26,NCI-H2170,gt_image/ncih2170_jc_ner_ic50_72h_26.tif,gt_coords/ncih2170_jc_ner_ic50_72h_26.npy
ncih2170_jc_ner_ic50_72h_28,NCI-H2170,gt_image/ncih2170_jc_ner_ic50_72h_28.tif,gt_coords/ncih2170_jc_ner_ic50_72h_28.npy
ncih2170_jc_ner_ic50_72h_29,NCI-H2170,gt_image/ncih2170_jc_ner_ic50_72h_29.tif,gt_coords/ncih2170_jc_ner_ic50_72h_29.npy
ncih2170_jc_ner_ic50_72h_2_micro,NCI-H2170,gt_image/ncih2170_jc_ner_ic50_72h_2_micro.tif,gt_coords/ncih2170_jc_ner_ic50_72h_2_micro.npy
ncih2170_jc_ner_ic50_72h_3,NCI-H2170,gt_image/ncih2170_jc_ner_ic50_72h_3.tif,gt_coords/ncih2170_jc_ner_ic50_72h_3.npy
ncih2170_jc_ner_ic50_72h_30,NCI-H2170,gt_image/ncih2170_jc_ner_ic50_72h_30.tif,gt_coords/ncih2170_jc_ner_ic50_72h_30.npy
ncih2170_jc_ner_ic50_72h_31,NCI-H2170,gt_image/ncih2170_jc_ner_ic50_72h_31.tif,gt_coords/ncih2170_jc_ner_ic50_72h_31.npy
ncih2170_jc_ner_ic50_72h_32,NCI-H2170,gt_image/ncih2170_jc_ner_ic50_72h_32.tif,gt_coords/ncih2170_jc_ner_ic50_72h_32.npy
ncih2170_jc_ner_ic50_72h_33,NCI-H2170,gt_image/ncih2170_jc_ner_ic50_72h_33.tif,gt_coords/ncih2170_jc_ner_ic50_72h_33.npy
ncih2170_jc_ner_ic50_72h_34,NCI-H2170,gt_image/ncih2170_jc_ner_ic50_72h_34.tif,gt_coords/ncih2170_jc_ner_ic50_72h_34.npy
ncih2170_jc_ner_ic50_72h_35,NCI-H2170,gt_image/ncih2170_jc_ner_ic50_72h_35.tif,gt_coords/ncih2170_jc_ner_ic50_72h_35.npy
ncih2170_jc_ner_ic50_72h_36,NCI-H2170,gt_image/ncih2170_jc_ner_ic50_72h_36.tif,gt_coords/ncih2170_jc_ner_ic50_72h_36.npy
ncih2170_jc_ner_ic50_72h_37,NCI-H2170,gt_image/ncih2170_jc_ner_ic50_72h_37.tif,gt_coords/ncih2170_jc_ner_ic50_72h_37.npy
ncih2170_jc_ner_ic50_72h_38,NCI-H2170,gt_image/ncih2170_jc_ner_ic50_72h_38.tif,gt_coords/ncih2170_jc_ner_ic50_72h_38.npy
ncih2170_jc_ner_ic50_72h_39,NCI-H2170,gt_image/ncih2170_jc_ner_ic50_72h_39.tif,gt_coords/ncih2170_jc_ner_ic50_72h_39.npy
ncih2170_jc_ner_ic50_72h_4,NCI-H2170,gt_image/ncih2170_jc_ner_ic50_72h_4.tif,gt_coords/ncih2170_jc_ner_ic50_72h_4.npy
ncih2170_jc_ner_ic50_72h_40,NCI-H2170,gt_image/ncih2170_jc_ner_ic50_72h_40.tif,gt_coords/ncih2170_jc_ner_ic50_72h_40.npy
ncih2170_jc_ner_ic50_72h_41,NCI-H2170,gt_image/ncih2170_jc_ner_ic50_72h_41.tif,gt_coords/ncih2170_jc_ner_ic50_72h_41.npy
ncih2170_jc_ner_ic50_72h_42,NCI-H2170,gt_image/ncih2170_jc_ner_ic50_72h_42.tif,gt_coords/ncih2170_jc_ner_ic50_72h_42.npy
ncih2170_jc_ner_ic50_72h_43,NCI-H2170,gt_image/ncih2170_jc_ner_ic50_72h_43.tif,gt_coords/ncih2170_jc_ner_ic50_72h_43.npy
ncih2170_jc_ner_ic50_72h_44,NCI-H2170,gt_image/ncih2170_jc_ner_ic50_72h_44.tif,gt_coords/ncih2170_jc_ner_ic50_72h_44.npy
ncih2170_jc_ner_ic50_72h_45,NCI-H2170,gt_image/ncih2170_jc_ner_ic50_72h_45.tif,gt_coords/ncih2170_jc_ner_ic50_72h_45.npy
ncih2170_jc_ner_ic50_72h_46,NCI-H2170,gt_image/ncih2170_jc_ner_ic50_72h_46.tif,gt_coords/ncih2170_jc_ner_ic50_72h_46.npy
ncih2170_jc_ner_ic50_72h_47,NCI-H2170,gt_image/ncih2170_jc_ner_ic50_72h_47.tif,gt_coords/ncih2170_jc_ner_ic50_72h_47.npy
ncih2170_jc_ner_ic50_72h_48,NCI-H2170,gt_image/ncih2170_jc_ner_ic50_72h_48.tif,gt_coords/ncih2170_jc_ner_ic50_72h_48.npy
ncih2170_jc_ner_ic50_72h_49,NCI-H2170,gt_image/ncih2170_jc_ner_ic50_72h_49.tif,gt_coords/ncih2170_jc_ner_ic50_72h_49.npy
ncih2170_jc_ner_ic50_72h_5,NCI-H2170,gt_image/ncih2170_jc_ner_ic50_72h_5.tif,gt_coords/ncih2170_jc_ner_ic50_72h_5.npy
ncih2170_jc_ner_ic50_72h_50,NCI-H2170,gt_image/ncih2170_jc_ner_ic50_72h_50.tif,gt_coords/ncih2170_jc_ner_ic50_72h_50.npy
ncih2170_jc_ner_ic50_72h_51,NCI-H2170,gt_image/ncih2170_jc_ner_ic50_72h_51.tif,gt_coords/ncih2170_jc_ner_ic50_72h_51.npy
ncih2170_jc_ner_ic50_72h_53,NCI-H2170,gt_image/ncih2170_jc_ner_ic50_72h_53.tif,gt_coords/ncih2170_jc_ner_ic50_72h_53.npy
ncih2170_jc_ner_ic50_72h_54,NCI-H2170,gt_image/ncih2170_jc_ner_ic50_72h_54.tif,gt_coords/ncih2170_jc_ner_ic50_72h_54.npy
ncih2170_jc_ner_ic50_72h_55,NCI-H2170,gt_image/ncih2170_jc_ner_ic50_72h_55.tif,gt_coords/ncih2170_jc_ner_ic50_72h_55.npy
ncih2170_jc_ner_ic50_72h_56,NCI-H2170,gt_image/ncih2170_jc_ner_ic50_72h_56.tif,gt_coords/ncih2170_jc_ner_ic50_72h_56.npy
ncih2170_jc_ner_ic50_72h_57,NCI-H2170,gt_image/ncih2170_jc_ner_ic50_72h_57.tif,gt_coords/ncih2170_jc_ner_ic50_72h_57.npy
ncih2170_jc_ner_ic50_72h_58,NCI-H2170,gt_image/ncih2170_jc_ner_ic50_72h_58.tif,gt_coords/ncih2170_jc_ner_ic50_72h_58.npy
ncih2170_jc_ner_ic50_72h_59,NCI-H2170,gt_image/ncih2170_jc_ner_ic50_72h_59.tif,gt_coords/ncih2170_jc_ner_ic50_72h_59.npy
ncih2170_jc_ner_ic50_72h_6,NCI-H2170,gt_image/ncih2170_jc_ner_ic50_72h_6.tif,gt_coords/ncih2170_jc_ner_ic50_72h_6.npy
ncih2170_jc_ner_ic50_72h_60,NCI-H2170,gt_image/ncih2170_jc_ner_ic50_72h_60.tif,gt_coords/ncih2170_jc_ner_ic50_72h_60.npy
ncih2170_jc_ner_ic50_72h_61,NCI-H2170,gt_image/ncih2170_jc_ner_ic50_72h_61.tif,gt_coords/ncih2170_jc_ner_ic50_72h_61.npy
ncih2170_jc_ner_ic50_72h_62,NCI-H2170,gt_image/ncih2170_jc_ner_ic50_72h_62.tif,gt_coords/ncih2170_jc_ner_ic50_72h_62.npy
ncih2170_jc_ner_ic50_72h_63,NCI-H2170,gt_image/ncih2170_jc_ner_ic50_72h_63.tif,gt_coords/ncih2170_jc_ner_ic50_72h_63.npy
ncih2170_jc_ner_ic50_72h_64,NCI-H2170,gt_image/ncih2170_jc_ner_ic50_72h_64.tif,gt_coords/ncih2170_jc_ner_ic50_72h_64.npy
ncih2170_jc_ner_ic50_72h_65_a,NCI-H2170,gt_image/ncih2170_jc_ner_ic50_72h_65_a.tif,gt_coords/ncih2170_jc_ner_ic50_72h_65_a.npy
ncih2170_jc_ner_ic50_72h_65_b,NCI-H2170,gt_image/ncih2170_jc_ner_ic50_72h_65_b.tif,gt_coords/ncih2170_jc_ner_ic50_72h_65_b.npy
ncih2170_jc_ner_ic50_72h_66,NCI-H2170,gt_image/ncih2170_jc_ner_ic50_72h_66.tif,gt_coords/ncih2170_jc_ner_ic50_72h_66.npy
ncih2170_jc_ner_ic50_72h_67,NCI-H2170,gt_image/ncih2170_jc_ner_ic50_72h_67.tif,gt_coords/ncih2170_jc_ner_ic50_72h_67.npy
ncih2170_jc_ner_ic50_72h_68,NCI-H2170,gt_image/ncih2170_jc_ner_ic50_72h_68.tif,gt_coords/ncih2170_jc_ner_ic50_72h_68.npy
ncih2170_jc_ner_ic50_72h_69,NCI-H2170,gt_image/ncih2170_jc_ner_ic50_72h_69.tif,gt_coords/ncih2170_jc_ner_ic50_72h_69.npy
ncih2170_jc_ner_ic50_72h_7,NCI-H2170,gt_image/ncih2170_jc_ner_ic50_72h_7.tif,gt_coords/ncih2170_jc_ner_ic50_72h_7.npy
ncih2170_jc_ner_ic50_72h_70,NCI-H2170,gt_image/ncih2170_jc_ner_ic50_72h_70.tif,gt_coords/ncih2170_jc_ner_ic50_72h_70.npy
ncih2170_jc_ner_ic50_72h_71,NCI-H2170,gt_image/ncih2170_jc_ner_ic50_72h_71.tif,gt_coords/ncih2170_jc_ner_ic50_72h_71.npy
ncih2170_jc_ner_ic50_72h_72,NCI-H2170,gt_image/ncih2170_jc_ner_ic50_72h_72.tif,gt_coords/ncih2170_jc_ner_ic50_72h_72.npy
ncih2170_jc_ner_ic50_72h_73,NCI-H2170,gt_image/ncih2170_jc_ner_ic50_72h_73.tif,gt_coords/ncih2170_jc_ner_ic50_72h_73.npy
ncih2170_jc_ner_ic50_72h_74,NCI-H2170,gt_image/ncih2170_jc_ner_ic50_72h_74.tif,gt_coords/ncih2170_jc_ner_ic50_72h_74.npy
ncih2170_jc_ner_ic50_72h_75,NCI-H2170,gt_image/ncih2170_jc_ner_ic50_72h_75.tif,gt_coords/ncih2170_jc_ner_ic50_72h_75.npy
ncih2170_jc_ner_ic50_72h_76,NCI-H2170,gt_image/ncih2170_jc_ner_ic50_72h_76.tif,gt_coords/ncih2170_jc_ner_ic50_72h_76.npy
ncih2170_jc_ner_ic50_72h_77,NCI-H2170,gt_image/ncih2170_jc_ner_ic50_72h_77.tif,gt_coords/ncih2170_jc_ner_ic50_72h_77.npy
ncih2170_jc_ner_ic50_72h_78,NCI-H2170,gt_image/ncih2170_jc_ner_ic50_72h_78.tif,gt_coords/ncih2170_jc_ner_ic50_72h_78.npy
ncih2170_jc_ner_ic50_72h_79,NCI-H2170,gt_image/ncih2170_jc_ner_ic50_72h_79.tif,gt_coords/ncih2170_jc_ner_ic50_72h_79.npy
ncih2170_jc_ner_ic50_72h_8,NCI-H2170,gt_image/ncih2170_jc_ner_ic50_72h_8.tif,gt_coords/ncih2170_jc_ner_ic50_72h_8.npy
ncih2170_jc_ner_ic50_72h_81,NCI-H2170,gt_image/ncih2170_jc_ner_ic50_72h_81.tif,gt_coords/ncih2170_jc_ner_ic50_72h_81.npy
ncih2170_jc_ner_ic50_72h_82,NCI-H2170,gt_image/ncih2170_jc_ner_ic50_72h_82.tif,gt_coords/ncih2170_jc_ner_ic50_72h_82.npy
ncih2170_jc_ner_ic50_72h_83,NCI-H2170,gt_image/ncih2170_jc_ner_ic50_72h_83.tif,gt_coords/ncih2170_jc_ner_ic50_72h_83.npy
ncih2170_jc_ner_ic50_72h_84,NCI-H2170,gt_image/ncih2170_jc_ner_ic50_72h_84.tif,gt_coords/ncih2170_jc_ner_ic50_72h_84.npy
ncih2170_jc_ner_ic50_72h_85,NCI-H2170,gt_image/ncih2170_jc_ner_ic50_72h_85.tif,gt_coords/ncih2170_jc_ner_ic50_72h_85.npy
ncih2170_jc_ner_ic50_72h_86,NCI-H2170,gt_image/ncih2170_jc_ner_ic50_72h_86.tif,gt_coords/ncih2170_jc_ner_ic50_72h_86.npy
ncih2170_jc_ner_ic50_72h_87,NCI-H2170,gt_image/ncih2170_jc_ner_ic50_72h_87.tif,gt_coords/ncih2170_jc_ner_ic50_72h_87.npy
ncih2170_jc_ner_ic50_72h_88,NCI-H2170,gt_image/ncih2170_jc_ner_ic50_72h_88.tif,gt_coords/ncih2170_jc_ner_ic50_72h_88.npy
ncih2170_jc_ner_ic50_72h_89,NCI-H2170,gt_image/ncih2170_jc_ner_ic50_72h_89.tif,gt_coords/ncih2170_jc_ner_ic50_72h_89.npy
ncih2170_jc_ner_ic50_72h_9,NCI-H2170,gt_image/ncih2170_jc_ner_ic50_72h_9.tif,gt_coords/ncih2170_jc_ner_ic50_72h_9.npy
ncih2170_jc_ner_ic50_72h_90,NCI-H2170,gt_image/ncih2170_jc_ner_ic50_72h_90.tif,gt_coords/ncih2170_jc_ner_ic50_72h_90.npy
ncih2170_jc_ner_ic50_72h_91,NCI-H2170,gt_image/ncih2170_jc_ner_ic50_72h_91.tif,gt_coords/ncih2170_jc_ner_ic50_72h_91.npy
ncih2170_jc_ner_ic50_72h_92,NCI-H2170,gt_image/ncih2170_jc_ner_ic50_72h_92.tif,gt_coords/ncih2170_jc_ner_ic50_72h_92.npy
ncih2170_jc_ner_ic50_72h_93,NCI-H2170,gt_image/ncih2170_jc_ner_ic50_72h_93.tif,gt_coords/ncih2170_jc_ner_ic50_72h_93.npy
ncih2170_jc_ner_ic50_72h_94,NCI-H2170,gt_image/ncih2170_jc_ner_ic50_72h_94.tif,gt_coords/ncih2170_jc_ner_ic50_72h_94.npy
ncih2170_jc_ner_ic50_72h_95,NCI-H2170,gt_image/ncih2170_jc_ner_ic50_72h_95.tif,gt_coords/ncih2170_jc_ner_ic50_72h_95.npy
ncih2170_jc_ner_ic50_72h_96,NCI-H2170,gt_image/ncih2170_jc_ner_ic50_72h_96.tif,gt_coords/ncih2170_jc_ner_ic50_72h_96.npy
ncih2170_jc_ner_ic50_72h_97,NCI-H2170,gt_image/ncih2170_jc_ner_ic50_72h_97.tif,gt_coords/ncih2170_jc_ner_ic50_72h_97.npy
ncih2170_jc_ner_ic50_72h_98,NCI-H2170,gt_image/ncih2170_jc_ner_ic50_72h_98.tif,gt_coords/ncih2170_jc_ner_ic50_72h_98.npy
ncih2170_jc_ner_ic50_72h_99,NCI-H2170,gt_image/ncih2170_jc_ner_ic50_72h_99.tif,gt_coords/ncih2170_jc_ner_ic50_72h_99.npy
ncih2170_post_facs_fish_high_her2_g3_10,NCI-H2170,gt_image/ncih2170_post_facs_fish_high_her2_g3_10.tif,gt_coords/ncih2170_post_facs_fish_high_her2_g3_10.npy
ncih2170_post_facs_fish_high_her2_g3_100,NCI-H2170,gt_image/ncih2170_post_facs_fish_high_her2_g3_100.tif,gt_coords/ncih2170_post_facs_fish_high_her2_g3_100.npy
ncih2170_post_facs_fish_high_her2_g3_104,NCI-H2170,gt_image/ncih2170_post_facs_fish_high_her2_g3_104.tif,gt_coords/ncih2170_post_facs_fish_high_her2_g3_104.npy
ncih2170_post_facs_fish_high_her2_g3_105,NCI-H2170,gt_image/ncih2170_post_facs_fish_high_her2_g3_105.tif,gt_coords/ncih2170_post_facs_fish_high_her2_g3_105.npy
ncih2170_post_facs_fish_high_her2_g3_106,NCI-H2170,gt_image/ncih2170_post_facs_fish_high_her2_g3_106.tif,gt_coords/ncih2170_post_facs_fish_high_her2_g3_106.npy
ncih2170_post_facs_fish_high_her2_g3_107,NCI-H2170,gt_image/ncih2170_post_facs_fish_high_her2_g3_107.tif,gt_coords/ncih2170_post_facs_fish_high_her2_g3_107.npy
ncih2170_post_facs_fish_high_her2_g3_108,NCI-H2170,gt_image/ncih2170_post_facs_fish_high_her2_g3_108.tif,gt_coords/ncih2170_post_facs_fish_high_her2_g3_108.npy
ncih2170_post_facs_fish_high_her2_g3_11,NCI-H2170,gt_image/ncih2170_post_facs_fish_high_her2_g3_11.tif,gt_coords/ncih2170_post_facs_fish_high_her2_g3_11.npy
ncih2170_post_facs_fish_high_her2_g3_110,NCI-H2170,gt_image/ncih2170_post_facs_fish_high_her2_g3_110.tif,gt_coords/ncih2170_post_facs_fish_high_her2_g3_110.npy
ncih2170_post_facs_fish_high_her2_g3_12,NCI-H2170,gt_image/ncih2170_post_facs_fish_high_her2_g3_12.tif,gt_coords/ncih2170_post_facs_fish_high_her2_g3_12.npy
ncih2170_post_facs_fish_high_her2_g3_13,NCI-H2170,gt_image/ncih2170_post_facs_fish_high_her2_g3_13.tif,gt_coords/ncih2170_post_facs_fish_high_her2_g3_13.npy
ncih2170_post_facs_fish_high_her2_g3_14,NCI-H2170,gt_image/ncih2170_post_facs_fish_high_her2_g3_14.tif,gt_coords/ncih2170_post_facs_fish_high_her2_g3_14.npy
ncih2170_post_facs_fish_high_her2_g3_15,NCI-H2170,gt_image/ncih2170_post_facs_fish_high_her2_g3_15.tif,gt_coords/ncih2170_post_facs_fish_high_her2_g3_15.npy
ncih2170_post_facs_fish_high_her2_g3_16,NCI-H2170,gt_image/ncih2170_post_facs_fish_high_her2_g3_16.tif,gt_coords/ncih2170_post_facs_fish_high_her2_g3_16.npy
ncih2170_post_facs_fish_high_her2_g3_17,NCI-H2170,gt_image/ncih2170_post_facs_fish_high_her2_g3_17.tif,gt_coords/ncih2170_post_facs_fish_high_her2_g3_17.npy
ncih2170_post_facs_fish_high_her2_g3_18,NCI-H2170,gt_image/ncih2170_post_facs_fish_high_her2_g3_18.tif,gt_coords/ncih2170_post_facs_fish_high_her2_g3_18.npy
ncih2170_post_facs_fish_high_her2_g3_19,NCI-H2170,gt_image/ncih2170_post_facs_fish_high_her2_g3_19.tif,gt_coords/ncih2170_post_facs_fish_high_her2_g3_19.npy
ncih2170_post_facs_fish_high_her2_g3_20,NCI-H2170,gt_image/ncih2170_post_facs_fish_high_her2_g3_20.tif,gt_coords/ncih2170_post_facs_fish_high_her2_g3_20.npy
ncih2170_post_facs_fish_high_her2_g3_21,NCI-H2170,gt_image/ncih2170_post_facs_fish_high_her2_g3_21.tif,gt_coords/ncih2170_post_facs_fish_high_her2_g3_21.npy
ncih2170_post_facs_fish_high_her2_g3_22,NCI-H2170,gt_image/ncih2170_post_facs_fish_high_her2_g3_22.tif,gt_coords/ncih2170_post_facs_fish_high_her2_g3_22.npy
ncih2170_post_facs_fish_high_her2_g3_23,NCI-H2170,gt_image/ncih2170_post_facs_fish_high_her2_g3_23.tif,gt_coords/ncih2170_post_facs_fish_high_her2_g3_23.npy
ncih2170_post_facs_fish_high_her2_g3_24,NCI-H2170,gt_image/ncih2170_post_facs_fish_high_her2_g3_24.tif,gt_coords/ncih2170_post_facs_fish_high_her2_g3_24.npy
ncih2170_post_facs_fish_high_her2_g3_25,NCI-H2170,gt_image/ncih2170_post_facs_fish_high_her2_g3_25.tif,gt_coords/ncih2170_post_facs_fish_high_her2_g3_25.npy
ncih2170_post_facs_fish_high_her2_g3_26,NCI-H2170,gt_image/ncih2170_post_facs_fish_high_her2_g3_26.tif,gt_coords/ncih2170_post_facs_fish_high_her2_g3_26.npy
ncih2170_post_facs_fish_high_her2_g3_27,NCI-H2170,gt_image/ncih2170_post_facs_fish_high_her2_g3_27.tif,gt_coords/ncih2170_post_facs_fish_high_her2_g3_27.npy
ncih2170_post_facs_fish_high_her2_g3_28,NCI-H2170,gt_image/ncih2170_post_facs_fish_high_her2_g3_28.tif,gt_coords/ncih2170_post_facs_fish_high_her2_g3_28.npy
ncih2170_post_facs_fish_high_her2_g3_29,NCI-H2170,gt_image/ncih2170_post_facs_fish_high_her2_g3_29.tif,gt_coords/ncih2170_post_facs_fish_high_her2_g3_29.npy
ncih2170_post_facs_fish_high_her2_g3_30,NCI-H2170,gt_image/ncih2170_post_facs_fish_high_her2_g3_30.tif,gt_coords/ncih2170_post_facs_fish_high_her2_g3_30.npy
ncih2170_post_facs_fish_high_her2_g3_31,NCI-H2170,gt_image/ncih2170_post_facs_fish_high_her2_g3_31.tif,gt_coords/ncih2170_post_facs_fish_high_her2_g3_31.npy
ncih2170_post_facs_fish_high_her2_g3_32,NCI-H2170,gt_image/ncih2170_post_facs_fish_high_her2_g3_32.tif,gt_coords/ncih2170_post_facs_fish_high_her2_g3_32.npy
ncih2170_post_facs_fish_high_her2_g3_33,NCI-H2170,gt_image/ncih2170_post_facs_fish_high_her2_g3_33.tif,gt_coords/ncih2170_post_facs_fish_high_her2_g3_33.npy
ncih2170_post_facs_fish_high_her2_g3_34,NCI-H2170,gt_image/ncih2170_post_facs_fish_high_her2_g3_34.tif,gt_coords/ncih2170_post_facs_fish_high_her2_g3_34.npy
ncih2170_post_facs_fish_high_her2_g3_35,NCI-H2170,gt_image/ncih2170_post_facs_fish_high_her2_g3_35.tif,gt_coords/ncih2170_post_facs_fish_high_her2_g3_35.npy
ncih2170_post_facs_fish_high_her2_g3_36,NCI-H2170,gt_image/ncih2170_post_facs_fish_high_her2_g3_36.tif,gt_coords/ncih2170_post_facs_fish_high_her2_g3_36.npy
ncih2170_post_facs_fish_high_her2_g3_37,NCI-H2170,gt_image/ncih2170_post_facs_fish_high_her2_g3_37.tif,gt_coords/ncih2170_post_facs_fish_high_her2_g3_37.npy
ncih2170_post_facs_fish_high_her2_g3_38,NCI-H2170,gt_image/ncih2170_post_facs_fish_high_her2_g3_38.tif,gt_coords/ncih2170_post_facs_fish_high_her2_g3_38.npy
ncih2170_post_facs_fish_high_her2_g3_39,NCI-H2170,gt_image/ncih2170_post_facs_fish_high_her2_g3_39.tif,gt_coords/ncih2170_post_facs_fish_high_her2_g3_39.npy
ncih2170_post_facs_fish_high_her2_g3_4,NCI-H2170,gt_image/ncih2170_post_facs_fish_high_her2_g3_4.tif,gt_coords/ncih2170_post_facs_fish_high_her2_g3_4.npy
ncih2170_post_facs_fish_high_her2_g3_40,NCI-H2170,gt_image/ncih2170_post_facs_fish_high_her2_g3_40.tif,gt_coords/ncih2170_post_facs_fish_high_her2_g3_40.npy
ncih2170_post_facs_fish_high_her2_g3_41,NCI-H2170,gt_image/ncih2170_post_facs_fish_high_her2_g3_41.tif,gt_coords/ncih2170_post_facs_fish_high_her2_g3_41.npy
ncih2170_post_facs_fish_high_her2_g3_42,NCI-H2170,gt_image/ncih2170_post_facs_fish_high_her2_g3_42.tif,gt_coords/ncih2170_post_facs_fish_high_her2_g3_42.npy
ncih2170_post_facs_fish_high_her2_g3_43,NCI-H2170,gt_image/ncih2170_post_facs_fish_high_her2_g3_43.tif,gt_coords/ncih2170_post_facs_fish_high_her2_g3_43.npy
ncih2170_post_facs_fish_high_her2_g3_44,NCI-H2170,gt_image/ncih2170_post_facs_fish_high_her2_g3_44.tif,gt_coords/ncih2170_post_facs_fish_high_her2_g3_44.npy
ncih2170_post_facs_fish_high_her2_g3_45,NCI-H2170,gt_image/ncih2170_post_facs_fish_high_her2_g3_45.tif,gt_coords/ncih2170_post_facs_fish_high_her2_g3_45.npy
ncih2170_post_facs_fish_high_her2_g3_46,NCI-H2170,gt_image/ncih2170_post_facs_fish_high_her2_g3_46.tif,gt_coords/ncih2170_post_facs_fish_high_her2_g3_46.npy
ncih2170_post_facs_fish_high_her2_g3_47,NCI-H2170,gt_image/ncih2170_post_facs_fish_high_her2_g3_47.tif,gt_coords/ncih2170_post_facs_fish_high_her2_g3_47.npy
ncih2170_post_facs_fish_high_her2_g3_48,NCI-H2170,gt_image/ncih2170_post_facs_fish_high_her2_g3_48.tif,gt_coords/ncih2170_post_facs_fish_high_her2_g3_48.npy
ncih2170_post_facs_fish_high_her2_g3_49,NCI-H2170,gt_image/ncih2170_post_facs_fish_high_her2_g3_49.tif,gt_coords/ncih2170_post_facs_fish_high_her2_g3_49.npy
ncih2170_post_facs_fish_high_her2_g3_5,NCI-H2170,gt_image/ncih2170_post_facs_fish_high_her2_g3_5.tif,gt_coords/ncih2170_post_facs_fish_high_her2_g3_5.npy
ncih2170_post_facs_fish_high_her2_g3_50,NCI-H2170,gt_image/ncih2170_post_facs_fish_high_her2_g3_50.tif,gt_coords/ncih2170_post_facs_fish_high_her2_g3_50.npy
ncih2170_post_facs_fish_high_her2_g3_51,NCI-H2170,gt_image/ncih2170_post_facs_fish_high_her2_g3_51.tif,gt_coords/ncih2170_post_facs_fish_high_her2_g3_51.npy
ncih2170_post_facs_fish_high_her2_g3_52,NCI-H2170,gt_image/ncih2170_post_facs_fish_high_her2_g3_52.tif,gt_coords/ncih2170_post_facs_fish_high_her2_g3_52.npy
ncih2170_post_facs_fish_high_her2_g3_53,NCI-H2170,gt_image/ncih2170_post_facs_fish_high_her2_g3_53.tif,gt_coords/ncih2170_post_facs_fish_high_her2_g3_53.npy
ncih2170_post_facs_fish_high_her2_g3_54,NCI-H2170,gt_image/ncih2170_post_facs_fish_high_her2_g3_54.tif,gt_coords/ncih2170_post_facs_fish_high_her2_g3_54.npy
ncih2170_post_facs_fish_high_her2_g3_55,NCI-H2170,gt_image/ncih2170_post_facs_fish_high_her2_g3_55.tif,gt_coords/ncih2170_post_facs_fish_high_her2_g3_55.npy
ncih2170_post_facs_fish_high_her2_g3_56,NCI-H2170,gt_image/ncih2170_post_facs_fish_high_her2_g3_56.tif,gt_coords/ncih2170_post_facs_fish_high_her2_g3_56.npy
ncih2170_post_facs_fish_high_her2_g3_57,NCI-H2170,gt_image/ncih2170_post_facs_fish_high_her2_g3_57.tif,gt_coords/ncih2170_post_facs_fish_high_her2_g3_57.npy
ncih2170_post_facs_fish_high_her2_g3_58,NCI-H2170,gt_image/ncih2170_post_facs_fish_high_her2_g3_58.tif,gt_coords/ncih2170_post_facs_fish_high_her2_g3_58.npy
ncih2170_post_facs_fish_high_her2_g3_59,NCI-H2170,gt_image/ncih2170_post_facs_fish_high_her2_g3_59.tif,gt_coords/ncih2170_post_facs_fish_high_her2_g3_59.npy
ncih2170_post_facs_fish_high_her2_g3_6,NCI-H2170,gt_image/ncih2170_post_facs_fish_high_her2_g3_6.tif,gt_coords/ncih2170_post_facs_fish_high_her2_g3_6.npy
ncih2170_post_facs_fish_high_her2_g3_60,NCI-H2170,gt_image/ncih2170_post_facs_fish_high_her2_g3_60.tif,gt_coords/ncih2170_post_facs_fish_high_her2_g3_60.npy
ncih2170_post_facs_fish_high_her2_g3_61,NCI-H2170,gt_image/ncih2170_post_facs_fish_high_her2_g3_61.tif,gt_coords/ncih2170_post_facs_fish_high_her2_g3_61.npy
ncih2170_post_facs_fish_high_her2_g3_62,NCI-H2170,gt_image/ncih2170_post_facs_fish_high_her2_g3_62.tif,gt_coords/ncih2170_post_facs_fish_high_her2_g3_62.npy
ncih2170_post_facs_fish_high_her2_g3_63,NCI-H2170,gt_image/ncih2170_post_facs_fish_high_her2_g3_63.tif,gt_coords/ncih2170_post_facs_fish_high_her2_g3_63.npy
ncih2170_post_facs_fish_high_her2_g3_64,NCI-H2170,gt_image/ncih2170_post_facs_fish_high_her2_g3_64.tif,gt_coords/ncih2170_post_facs_fish_high_her2_g3_64.npy
ncih2170_post_facs_fish_high_her2_g3_65,NCI-H2170,gt_image/ncih2170_post_facs_fish_high_her2_g3_65.tif,gt_coords/ncih2170_post_facs_fish_high_her2_g3_65.npy
ncih2170_post_facs_fish_high_her2_g3_66,NCI-H2170,gt_image/ncih2170_post_facs_fish_high_her2_g3_66.tif,gt_coords/ncih2170_post_facs_fish_high_her2_g3_66.npy
ncih2170_post_facs_fish_high_her2_g3_67,NCI-H2170,gt_image/ncih2170_post_facs_fish_high_her2_g3_67.tif,gt_coords/ncih2170_post_facs_fish_high_her2_g3_67.npy
ncih2170_post_facs_fish_high_her2_g3_68,NCI-H2170,gt_image/ncih2170_post_facs_fish_high_her2_g3_68.tif,gt_coords/ncih2170_post_facs_fish_high_her2_g3_68.npy
ncih2170_post_facs_fish_high_her2_g3_69,NCI-H2170,gt_image/ncih2170_post_facs_fish_high_her2_g3_69.tif,gt_coords/ncih2170_post_facs_fish_high_her2_g3_69.npy
ncih2170_post_facs_fish_high_her2_g3_7,NCI-H2170,gt_image/ncih2170_post_facs_fish_high_her2_g3_7.tif,gt_coords/ncih2170_post_facs_fish_high_her2_g3_7.npy
ncih2170_post_facs_fish_high_her2_g3_70,NCI-H2170,gt_image/ncih2170_post_facs_fish_high_her2_g3_70.tif,gt_coords/ncih2170_post_facs_fish_high_her2_g3_70.npy
ncih2170_post_facs_fish_high_her2_g3_71,NCI-H2170,gt_image/ncih2170_post_facs_fish_high_her2_g3_71.tif,gt_coords/ncih2170_post_facs_fish_high_her2_g3_71.npy
ncih2170_post_facs_fish_high_her2_g3_72,NCI-H2170,gt_image/ncih2170_post_facs_fish_high_her2_g3_72.tif,gt_coords/ncih2170_post_facs_fish_high_her2_g3_72.npy
ncih2170_post_facs_fish_high_her2_g3_73,NCI-H2170,gt_image/ncih2170_post_facs_fish_high_her2_g3_73.tif,gt_coords/ncih2170_post_facs_fish_high_her2_g3_73.npy
ncih2170_post_facs_fish_high_her2_g3_74,NCI-H2170,gt_image/ncih2170_post_facs_fish_high_her2_g3_74.tif,gt_coords/ncih2170_post_facs_fish_high_her2_g3_74.npy
ncih2170_post_facs_fish_high_her2_g3_75,NCI-H2170,gt_image/ncih2170_post_facs_fish_high_her2_g3_75.tif,gt_coords/ncih2170_post_facs_fish_high_her2_g3_75.npy
ncih2170_post_facs_fish_high_her2_g3_76,NCI-H2170,gt_image/ncih2170_post_facs_fish_high_her2_g3_76.tif,gt_coords/ncih2170_post_facs_fish_high_her2_g3_76.npy
ncih2170_post_facs_fish_high_her2_g3_77,NCI-H2170,gt_image/ncih2170_post_facs_fish_high_her2_g3_77.tif,gt_coords/ncih2170_post_facs_fish_high_her2_g3_77.npy
ncih2170_post_facs_fish_high_her2_g3_78,NCI-H2170,gt_image/ncih2170_post_facs_fish_high_her2_g3_78.tif,gt_coords/ncih2170_post_facs_fish_high_her2_g3_78.npy
ncih2170_post_facs_fish_high_her2_g3_79,NCI-H2170,gt_image/ncih2170_post_facs_fish_high_her2_g3_79.tif,gt_coords/ncih2170_post_facs_fish_high_her2_g3_79.npy
ncih2170_post_facs_fish_high_her2_g3_8,NCI-H2170,gt_image/ncih2170_post_facs_fish_high_her2_g3_8.tif,gt_coords/ncih2170_post_facs_fish_high_her2_g3_8.npy
ncih2170_post_facs_fish_high_her2_g3_81,NCI-H2170,gt_image/ncih2170_post_facs_fish_high_her2_g3_81.tif,gt_coords/ncih2170_post_facs_fish_high_her2_g3_81.npy
ncih2170_post_facs_fish_high_her2_g3_82,NCI-H2170,gt_image/ncih2170_post_facs_fish_high_her2_g3_82.tif,gt_coords/ncih2170_post_facs_fish_high_her2_g3_82.npy
ncih2170_post_facs_fish_high_her2_g3_83,NCI-H2170,gt_image/ncih2170_post_facs_fish_high_her2_g3_83.tif,gt_coords/ncih2170_post_facs_fish_high_her2_g3_83.npy
ncih2170_post_facs_fish_high_her2_g3_84,NCI-H2170,gt_image/ncih2170_post_facs_fish_high_her2_g3_84.tif,gt_coords/ncih2170_post_facs_fish_high_her2_g3_84.npy
ncih2170_post_facs_fish_high_her2_g3_85,NCI-H2170,gt_image/ncih2170_post_facs_fish_high_her2_g3_85.tif,gt_coords/ncih2170_post_facs_fish_high_her2_g3_85.npy
ncih2170_post_facs_fish_high_her2_g3_87,NCI-H2170,gt_image/ncih2170_post_facs_fish_high_her2_g3_87.tif,gt_coords/ncih2170_post_facs_fish_high_her2_g3_87.npy
ncih2170_post_facs_fish_high_her2_g3_88,NCI-H2170,gt_image/ncih2170_post_facs_fish_high_her2_g3_88.tif,gt_coords/ncih2170_post_facs_fish_high_her2_g3_88.npy
ncih2170_post_facs_fish_high_her2_g3_89,NCI-H2170,gt_image/ncih2170_post_facs_fish_high_her2_g3_89.tif,gt_coords/ncih2170_post_facs_fish_high_her2_g3_89.npy
ncih2170_post_facs_fish_high_her2_g3_9,NCI-H2170,gt_image/ncih2170_post_facs_fish_high_her2_g3_9.tif,gt_coords/ncih2170_post_facs_fish_high_her2_g3_9.npy
ncih2170_post_facs_fish_high_her2_g3_90,NCI-H2170,gt_image/ncih2170_post_facs_fish_high_her2_g3_90.tif,gt_coords/ncih2170_post_facs_fish_high_her2_g3_90.npy
ncih2170_post_facs_fish_high_her2_g3_91,NCI-H2170,gt_image/ncih2170_post_facs_fish_high_her2_g3_91.tif,gt_coords/ncih2170_post_facs_fish_high_her2_g3_91.npy
ncih2170_post_facs_fish_high_her2_g3_92,NCI-H2170,gt_image/ncih2170_post_facs_fish_high_her2_g3_92.tif,gt_coords/ncih2170_post_facs_fish_high_her2_g3_92.npy
ncih2170_post_facs_fish_high_her2_g3_93,NCI-H2170,gt_image/ncih2170_post_facs_fish_high_her2_g3_93.tif,gt_coords/ncih2170_post_facs_fish_high_her2_g3_93.npy
ncih2170_post_facs_fish_high_her2_g3_94,NCI-H2170,gt_image/ncih2170_post_facs_fish_high_her2_g3_94.tif,gt_coords/ncih2170_post_facs_fish_high_her2_g3_94.npy
ncih2170_post_facs_fish_high_her2_g3_95,NCI-H2170,gt_image/ncih2170_post_facs_fish_high_her2_g3_95.tif,gt_coords/ncih2170_post_facs_fish_high_her2_g3_95.npy
ncih2170_post_facs_fish_high_her2_g3_96,NCI-H2170,gt_image/ncih2170_post_facs_fish_high_her2_g3_96.tif,gt_coords/ncih2170_post_facs_fish_high_her2_g3_96.npy
ncih2170_post_facs_fish_high_her2_g3_97,NCI-H2170,gt_image/ncih2170_post_facs_fish_high_her2_g3_97.tif,gt_coords/ncih2170_post_facs_fish_high_her2_g3_97.npy
ncih2170_post_facs_fish_high_her2_g3_98,NCI-H2170,gt_image/ncih2170_post_facs_fish_high_her2_g3_98.tif,gt_coords/ncih2170_post_facs_fish_high_her2_g3_98.npy
ncih2170_post_facs_fish_high_her2_g3_99,NCI-H2170,gt_image/ncih2170_post_facs_fish_high_her2_g3_99.tif,gt_coords/ncih2170_post_facs_fish_high_her2_g3_99.npy
ncih2170_post_facs_fish_low_her2_g3_1,NCI-H2170,gt_image/ncih2170_post_facs_fish_low_her2_g3_1.tif,gt_coords/ncih2170_post_facs_fish_low_her2_g3_1.npy
ncih2170_post_facs_fish_low_her2_g3_10,NCI-H2170,gt_image/ncih2170_post_facs_fish_low_her2_g3_10.tif,gt_coords/ncih2170_post_facs_fish_low_her2_g3_10.npy
ncih2170_post_facs_fish_low_her2_g3_100,NCI-H2170,gt_image/ncih2170_post_facs_fish_low_her2_g3_100.tif,gt_coords/ncih2170_post_facs_fish_low_her2_g3_100.npy
ncih2170_post_facs_fish_low_her2_g3_101,NCI-H2170,gt_image/ncih2170_post_facs_fish_low_her2_g3_101.tif,gt_coords/ncih2170_post_facs_fish_low_her2_g3_101.npy
ncih2170_post_facs_fish_low_her2_g3_102,NCI-H2170,gt_image/ncih2170_post_facs_fish_low_her2_g3_102.tif,gt_coords/ncih2170_post_facs_fish_low_her2_g3_102.npy
ncih2170_post_facs_fish_low_her2_g3_103,NCI-H2170,gt_image/ncih2170_post_facs_fish_low_her2_g3_103.tif,gt_coords/ncih2170_post_facs_fish_low_her2_g3_103.npy
ncih2170_post_facs_fish_low_her2_g3_104,NCI-H2170,gt_image/ncih2170_post_facs_fish_low_her2_g3_104.tif,gt_coords/ncih2170_post_facs_fish_low_her2_g3_104.npy
ncih2170_post_facs_fish_low_her2_g3_105_a,NCI-H2170,gt_image/ncih2170_post_facs_fish_low_her2_g3_105_a.tif,gt_coords/ncih2170_post_facs_fish_low_her2_g3_105_a.npy
ncih2170_post_facs_fish_low_her2_g3_105_b,NCI-H2170,gt_image/ncih2170_post_facs_fish_low_her2_g3_105_b.tif,gt_coords/ncih2170_post_facs_fish_low_her2_g3_105_b.npy
ncih2170_post_facs_fish_low_her2_g3_106,NCI-H2170,gt_image/ncih2170_post_facs_fish_low_her2_g3_106.tif,gt_coords/ncih2170_post_facs_fish_low_her2_g3_106.npy
ncih2170_post_facs_fish_low_her2_g3_107,NCI-H2170,gt_image/ncih2170_post_facs_fish_low_her2_g3_107.tif,gt_coords/ncih2170_post_facs_fish_low_her2_g3_107.npy
ncih2170_post_facs_fish_low_her2_g3_108,NCI-H2170,gt_image/ncih2170_post_facs_fish_low_her2_g3_108.tif,gt_coords/ncih2170_post_facs_fish_low_her2_g3_108.npy
ncih2170_post_facs_fish_low_her2_g3_109_a,NCI-H2170,gt_image/ncih2170_post_facs_fish_low_her2_g3_109_a.tif,gt_coords/ncih2170_post_facs_fish_low_her2_g3_109_a.npy
ncih2170_post_facs_fish_low_her2_g3_109_b,NCI-H2170,gt_image/ncih2170_post_facs_fish_low_her2_g3_109_b.tif,gt_coords/ncih2170_post_facs_fish_low_her2_g3_109_b.npy
ncih2170_post_facs_fish_low_her2_g3_11,NCI-H2170,gt_image/ncih2170_post_facs_fish_low_her2_g3_11.tif,gt_coords/ncih2170_post_facs_fish_low_her2_g3_11.npy
ncih2170_post_facs_fish_low_her2_g3_110,NCI-H2170,gt_image/ncih2170_post_facs_fish_low_her2_g3_110.tif,gt_coords/ncih2170_post_facs_fish_low_her2_g3_110.npy
ncih2170_post_facs_fish_low_her2_g3_111,NCI-H2170,gt_image/ncih2170_post_facs_fish_low_her2_g3_111.tif,gt_coords/ncih2170_post_facs_fish_low_her2_g3_111.npy
ncih2170_post_facs_fish_low_her2_g3_112,NCI-H2170,gt_image/ncih2170_post_facs_fish_low_her2_g3_112.tif,gt_coords/ncih2170_post_facs_fish_low_her2_g3_112.npy
ncih2170_post_facs_fish_low_her2_g3_113,NCI-H2170,gt_image/ncih2170_post_facs_fish_low_her2_g3_113.tif,gt_coords/ncih2170_post_facs_fish_low_her2_g3_113.npy
ncih2170_post_facs_fish_low_her2_g3_114,NCI-H2170,gt_image/ncih2170_post_facs_fish_low_her2_g3_114.tif,gt_coords/ncih2170_post_facs_fish_low_her2_g3_114.npy
ncih2170_post_facs_fish_low_her2_g3_115,NCI-H2170,gt_image/ncih2170_post_facs_fish_low_her2_g3_115.tif,gt_coords/ncih2170_post_facs_fish_low_her2_g3_115.npy
ncih2170_post_facs_fish_low_her2_g3_116,NCI-H2170,gt_image/ncih2170_post_facs_fish_low_her2_g3_116.tif,gt_coords/ncih2170_post_facs_fish_low_her2_g3_116.npy
ncih2170_post_facs_fish_low_her2_g3_117,NCI-H2170,gt_image/ncih2170_post_facs_fish_low_her2_g3_117.tif,gt_coords/ncih2170_post_facs_fish_low_her2_g3_117.npy
ncih2170_post_facs_fish_low_her2_g3_119,NCI-H2170,gt_image/ncih2170_post_facs_fish_low_her2_g3_119.tif,gt_coords/ncih2170_post_facs_fish_low_her2_g3_119.npy
ncih2170_post_facs_fish_low_her2_g3_12,NCI-H2170,gt_image/ncih2170_post_facs_fish_low_her2_g3_12.tif,gt_coords/ncih2170_post_facs_fish_low_her2_g3_12.npy
ncih2170_post_facs_fish_low_her2_g3_120,NCI-H2170,gt_image/ncih2170_post_facs_fish_low_her2_g3_120.tif,gt_coords/ncih2170_post_facs_fish_low_her2_g3_120.npy
ncih2170_post_facs_fish_low_her2_g3_13,NCI-H2170,gt_image/ncih2170_post_facs_fish_low_her2_g3_13.tif,gt_coords/ncih2170_post_facs_fish_low_her2_g3_13.npy
ncih2170_post_facs_fish_low_her2_g3_14,NCI-H2170,gt_image/ncih2170_post_facs_fish_low_her2_g3_14.tif,gt_coords/ncih2170_post_facs_fish_low_her2_g3_14.npy
ncih2170_post_facs_fish_low_her2_g3_15,NCI-H2170,gt_image/ncih2170_post_facs_fish_low_her2_g3_15.tif,gt_coords/ncih2170_post_facs_fish_low_her2_g3_15.npy
ncih2170_post_facs_fish_low_her2_g3_16,NCI-H2170,gt_image/ncih2170_post_facs_fish_low_her2_g3_16.tif,gt_coords/ncih2170_post_facs_fish_low_her2_g3_16.npy
ncih2170_post_facs_fish_low_her2_g3_17,NCI-H2170,gt_image/ncih2170_post_facs_fish_low_her2_g3_17.tif,gt_coords/ncih2170_post_facs_fish_low_her2_g3_17.npy
ncih2170_post_facs_fish_low_her2_g3_18,NCI-H2170,gt_image/ncih2170_post_facs_fish_low_her2_g3_18.tif,gt_coords/ncih2170_post_facs_fish_low_her2_g3_18.npy
ncih2170_post_facs_fish_low_her2_g3_19,NCI-H2170,gt_image/ncih2170_post_facs_fish_low_her2_g3_19.tif,gt_coords/ncih2170_post_facs_fish_low_her2_g3_19.npy
ncih2170_post_facs_fish_low_her2_g3_2,NCI-H2170,gt_image/ncih2170_post_facs_fish_low_her2_g3_2.tif,gt_coords/ncih2170_post_facs_fish_low_her2_g3_2.npy
ncih2170_post_facs_fish_low_her2_g3_20,NCI-H2170,gt_image/ncih2170_post_facs_fish_low_her2_g3_20.tif,gt_coords/ncih2170_post_facs_fish_low_her2_g3_20.npy
ncih2170_post_facs_fish_low_her2_g3_21,NCI-H2170,gt_image/ncih2170_post_facs_fish_low_her2_g3_21.tif,gt_coords/ncih2170_post_facs_fish_low_her2_g3_21.npy
ncih2170_post_facs_fish_low_her2_g3_22,NCI-H2170,gt_image/ncih2170_post_facs_fish_low_her2_g3_22.tif,gt_coords/ncih2170_post_facs_fish_low_her2_g3_22.npy
ncih2170_post_facs_fish_low_her2_g3_23,NCI-H2170,gt_image/ncih2170_post_facs_fish_low_her2_g3_23.tif,gt_coords/ncih2170_post_facs_fish_low_her2_g3_23.npy
ncih2170_post_facs_fish_low_her2_g3_23_a,NCI-H2170,gt_image/ncih2170_post_facs_fish_low_her2_g3_23_a.tif,gt_coords/ncih2170_post_facs_fish_low_her2_g3_23_a.npy
ncih2170_post_facs_fish_low_her2_g3_24,NCI-H2170,gt_image/ncih2170_post_facs_fish_low_her2_g3_24.tif,gt_coords/ncih2170_post_facs_fish_low_her2_g3_24.npy
ncih2170_post_facs_fish_low_her2_g3_25,NCI-H2170,gt_image/ncih2170_post_facs_fish_low_her2_g3_25.tif,gt_coords/ncih2170_post_facs_fish_low_her2_g3_25.npy
ncih2170_post_facs_fish_low_her2_g3_26,NCI-H2170,gt_image/ncih2170_post_facs_fish_low_her2_g3_26.tif,gt_coords/ncih2170_post_facs_fish_low_her2_g3_26.npy
ncih2170_post_facs_fish_low_her2_g3_27,NCI-H2170,gt_image/ncih2170_post_facs_fish_low_her2_g3_27.tif,gt_coords/ncih2170_post_facs_fish_low_her2_g3_27.npy
ncih2170_post_facs_fish_low_her2_g3_28,NCI-H2170,gt_image/ncih2170_post_facs_fish_low_her2_g3_28.tif,gt_coords/ncih2170_post_facs_fish_low_her2_g3_28.npy
ncih2170_post_facs_fish_low_her2_g3_29,NCI-H2170,gt_image/ncih2170_post_facs_fish_low_her2_g3_29.tif,gt_coords/ncih2170_post_facs_fish_low_her2_g3_29.npy
ncih2170_post_facs_fish_low_her2_g3_3,NCI-H2170,gt_image/ncih2170_post_facs_fish_low_her2_g3_3.tif,gt_coords/ncih2170_post_facs_fish_low_her2_g3_3.npy
ncih2170_post_facs_fish_low_her2_g3_30,NCI-H2170,gt_image/ncih2170_post_facs_fish_low_her2_g3_30.tif,gt_coords/ncih2170_post_facs_fish_low_her2_g3_30.npy
ncih2170_post_facs_fish_low_her2_g3_31,NCI-H2170,gt_image/ncih2170_post_facs_fish_low_her2_g3_31.tif,gt_coords/ncih2170_post_facs_fish_low_her2_g3_31.npy
ncih2170_post_facs_fish_low_her2_g3_32,NCI-H2170,gt_image/ncih2170_post_facs_fish_low_her2_g3_32.tif,gt_coords/ncih2170_post_facs_fish_low_her2_g3_32.npy
ncih2170_post_facs_fish_low_her2_g3_33,NCI-H2170,gt_image/ncih2170_post_facs_fish_low_her2_g3_33.tif,gt_coords/ncih2170_post_facs_fish_low_her2_g3_33.npy
ncih2170_post_facs_fish_low_her2_g3_34,NCI-H2170,gt_image/ncih2170_post_facs_fish_low_her2_g3_34.tif,gt_coords/ncih2170_post_facs_fish_low_her2_g3_34.npy
ncih2170_post_facs_fish_low_her2_g3_35,NCI-H2170,gt_image/ncih2170_post_facs_fish_low_her2_g3_35.tif,gt_coords/ncih2170_post_facs_fish_low_her2_g3_35.npy
ncih2170_post_facs_fish_low_her2_g3_36,NCI-H2170,gt_image/ncih2170_post_facs_fish_low_her2_g3_36.tif,gt_coords/ncih2170_post_facs_fish_low_her2_g3_36.npy
ncih2170_post_facs_fish_low_her2_g3_37,NCI-H2170,gt_image/ncih2170_post_facs_fish_low_her2_g3_37.tif,gt_coords/ncih2170_post_facs_fish_low_her2_g3_37.npy
ncih2170_post_facs_fish_low_her2_g3_38,NCI-H2170,gt_image/ncih2170_post_facs_fish_low_her2_g3_38.tif,gt_coords/ncih2170_post_facs_fish_low_her2_g3_38.npy
ncih2170_post_facs_fish_low_her2_g3_39,NCI-H2170,gt_image/ncih2170_post_facs_fish_low_her2_g3_39.tif,gt_coords/ncih2170_post_facs_fish_low_her2_g3_39.npy
ncih2170_post_facs_fish_low_her2_g3_4,NCI-H2170,gt_image/ncih2170_post_facs_fish_low_her2_g3_4.tif,gt_coords/ncih2170_post_facs_fish_low_her2_g3_4.npy
ncih2170_post_facs_fish_low_her2_g3_40,NCI-H2170,gt_image/ncih2170_post_facs_fish_low_her2_g3_40.tif,gt_coords/ncih2170_post_facs_fish_low_her2_g3_40.npy
ncih2170_post_facs_fish_low_her2_g3_41,NCI-H2170,gt_image/ncih2170_post_facs_fish_low_her2_g3_41.tif,gt_coords/ncih2170_post_facs_fish_low_her2_g3_41.npy
ncih2170_post_facs_fish_low_her2_g3_42,NCI-H2170,gt_image/ncih2170_post_facs_fish_low_her2_g3_42.tif,gt_coords/ncih2170_post_facs_fish_low_her2_g3_42.npy
ncih2170_post_facs_fish_low_her2_g3_43,NCI-H2170,gt_image/ncih2170_post_facs_fish_low_her2_g3_43.tif,gt_coords/ncih2170_post_facs_fish_low_her2_g3_43.npy
ncih2170_post_facs_fish_low_her2_g3_44,NCI-H2170,gt_image/ncih2170_post_facs_fish_low_her2_g3_44.tif,gt_coords/ncih2170_post_facs_fish_low_her2_g3_44.npy
ncih2170_post_facs_fish_low_her2_g3_45,NCI-H2170,gt_image/ncih2170_post_facs_fish_low_her2_g3_45.tif,gt_coords/ncih2170_post_facs_fish_low_her2_g3_45.npy
ncih2170_post_facs_fish_low_her2_g3_46,NCI-H2170,gt_image/ncih2170_post_facs_fish_low_her2_g3_46.tif,gt_coords/ncih2170_post_facs_fish_low_her2_g3_46.npy
ncih2170_post_facs_fish_low_her2_g3_47,NCI-H2170,gt_image/ncih2170_post_facs_fish_low_her2_g3_47.tif,gt_coords/ncih2170_post_facs_fish_low_her2_g3_47.npy
ncih2170_post_facs_fish_low_her2_g3_48,NCI-H2170,gt_image/ncih2170_post_facs_fish_low_her2_g3_48.tif,gt_coords/ncih2170_post_facs_fish_low_her2_g3_48.npy
ncih2170_post_facs_fish_low_her2_g3_49,NCI-H2170,gt_image/ncih2170_post_facs_fish_low_her2_g3_49.tif,gt_coords/ncih2170_post_facs_fish_low_her2_g3_49.npy
ncih2170_post_facs_fish_low_her2_g3_5,NCI-H2170,gt_image/ncih2170_post_facs_fish_low_her2_g3_5.tif,gt_coords/ncih2170_post_facs_fish_low_her2_g3_5.npy
ncih2170_post_facs_fish_low_her2_g3_50,NCI-H2170,gt_image/ncih2170_post_facs_fish_low_her2_g3_50.tif,gt_coords/ncih2170_post_facs_fish_low_her2_g3_50.npy
ncih2170_post_facs_fish_low_her2_g3_51,NCI-H2170,gt_image/ncih2170_post_facs_fish_low_her2_g3_51.tif,gt_coords/ncih2170_post_facs_fish_low_her2_g3_51.npy
ncih2170_post_facs_fish_low_her2_g3_52,NCI-H2170,gt_image/ncih2170_post_facs_fish_low_her2_g3_52.tif,gt_coords/ncih2170_post_facs_fish_low_her2_g3_52.npy
ncih2170_post_facs_fish_low_her2_g3_53,NCI-H2170,gt_image/ncih2170_post_facs_fish_low_her2_g3_53.tif,gt_coords/ncih2170_post_facs_fish_low_her2_g3_53.npy
ncih2170_post_facs_fish_low_her2_g3_54,NCI-H2170,gt_image/ncih2170_post_facs_fish_low_her2_g3_54.tif,gt_coords/ncih2170_post_facs_fish_low_her2_g3_54.npy
ncih2170_post_facs_fish_low_her2_g3_55,NCI-H2170,gt_image/ncih2170_post_facs_fish_low_her2_g3_55.tif,gt_coords/ncih2170_post_facs_fish_low_her2_g3_55.npy
ncih2170_post_facs_fish_low_her2_g3_56,NCI-H2170,gt_image/ncih2170_post_facs_fish_low_her2_g3_56.tif,gt_coords/ncih2170_post_facs_fish_low_her2_g3_56.npy
ncih2170_post_facs_fish_low_her2_g3_57,NCI-H2170,gt_image/ncih2170_post_facs_fish_low_her2_g3_57.tif,gt_coords/ncih2170_post_facs_fish_low_her2_g3_57.npy
ncih2170_post_facs_fish_low_her2_g3_58,NCI-H2170,gt_image/ncih2170_post_facs_fish_low_her2_g3_58.tif,gt_coords/ncih2170_post_facs_fish_low_her2_g3_58.npy
ncih2170_post_facs_fish_low_her2_g3_59,NCI-H2170,gt_image/ncih2170_post_facs_fish_low_her2_g3_59.tif,gt_coords/ncih2170_post_facs_fish_low_her2_g3_59.npy
ncih2170_post_facs_fish_low_her2_g3_6,NCI-H2170,gt_image/ncih2170_post_facs_fish_low_her2_g3_6.tif,gt_coords/ncih2170_post_facs_fish_low_her2_g3_6.npy
ncih2170_post_facs_fish_low_her2_g3_60_to,NCI-H2170,gt_image/ncih2170_post_facs_fish_low_her2_g3_60_to.tif,gt_coords/ncih2170_post_facs_fish_low_her2_g3_60_to.npy
ncih2170_post_facs_fish_low_her2_g3_61,NCI-H2170,gt_image/ncih2170_post_facs_fish_low_her2_g3_61.tif,gt_coords/ncih2170_post_facs_fish_low_her2_g3_61.npy
ncih2170_post_facs_fish_low_her2_g3_62,NCI-H2170,gt_image/ncih2170_post_facs_fish_low_her2_g3_62.tif,gt_coords/ncih2170_post_facs_fish_low_her2_g3_62.npy
ncih2170_post_facs_fish_low_her2_g3_63,NCI-H2170,gt_image/ncih2170_post_facs_fish_low_her2_g3_63.tif,gt_coords/ncih2170_post_facs_fish_low_her2_g3_63.npy
ncih2170_post_facs_fish_low_her2_g3_64,NCI-H2170,gt_image/ncih2170_post_facs_fish_low_her2_g3_64.tif,gt_coords/ncih2170_post_facs_fish_low_her2_g3_64.npy
ncih2170_post_facs_fish_low_her2_g3_65,NCI-H2170,gt_image/ncih2170_post_facs_fish_low_her2_g3_65.tif,gt_coords/ncih2170_post_facs_fish_low_her2_g3_65.npy
ncih2170_post_facs_fish_low_her2_g3_66,NCI-H2170,gt_image/ncih2170_post_facs_fish_low_her2_g3_66.tif,gt_coords/ncih2170_post_facs_fish_low_her2_g3_66.npy
ncih2170_post_facs_fish_low_her2_g3_67,NCI-H2170,gt_image/ncih2170_post_facs_fish_low_her2_g3_67.tif,gt_coords/ncih2170_post_facs_fish_low_her2_g3_67.npy
ncih2170_post_facs_fish_low_her2_g3_68,NCI-H2170,gt_image/ncih2170_post_facs_fish_low_her2_g3_68.tif,gt_coords/ncih2170_post_facs_fish_low_her2_g3_68.npy
ncih2170_post_facs_fish_low_her2_g3_69,NCI-H2170,gt_image/ncih2170_post_facs_fish_low_her2_g3_69.tif,gt_coords/ncih2170_post_facs_fish_low_her2_g3_69.npy
ncih2170_post_facs_fish_low_her2_g3_7,NCI-H2170,gt_image/ncih2170_post_facs_fish_low_her2_g3_7.tif,gt_coords/ncih2170_post_facs_fish_low_her2_g3_7.npy
ncih2170_post_facs_fish_low_her2_g3_70,NCI-H2170,gt_image/ncih2170_post_facs_fish_low_her2_g3_70.tif,gt_coords/ncih2170_post_facs_fish_low_her2_g3_70.npy
ncih2170_post_facs_fish_low_her2_g3_71,NCI-H2170,gt_image/ncih2170_post_facs_fish_low_her2_g3_71.tif,gt_coords/ncih2170_post_facs_fish_low_her2_g3_71.npy
ncih2170_post_facs_fish_low_her2_g3_72,NCI-H2170,gt_image/ncih2170_post_facs_fish_low_her2_g3_72.tif,gt_coords/ncih2170_post_facs_fish_low_her2_g3_72.npy
ncih2170_post_facs_fish_low_her2_g3_73,NCI-H2170,gt_image/ncih2170_post_facs_fish_low_her2_g3_73.tif,gt_coords/ncih2170_post_facs_fish_low_her2_g3_73.npy
ncih2170_post_facs_fish_low_her2_g3_74,NCI-H2170,gt_image/ncih2170_post_facs_fish_low_her2_g3_74.tif,gt_coords/ncih2170_post_facs_fish_low_her2_g3_74.npy
ncih2170_post_facs_fish_low_her2_g3_75,NCI-H2170,gt_image/ncih2170_post_facs_fish_low_her2_g3_75.tif,gt_coords/ncih2170_post_facs_fish_low_her2_g3_75.npy
ncih2170_post_facs_fish_low_her2_g3_76,NCI-H2170,gt_image/ncih2170_post_facs_fish_low_her2_g3_76.tif,gt_coords/ncih2170_post_facs_fish_low_her2_g3_76.npy
ncih2170_post_facs_fish_low_her2_g3_77,NCI-H2170,gt_image/ncih2170_post_facs_fish_low_her2_g3_77.tif,gt_coords/ncih2170_post_facs_fish_low_her2_g3_77.npy
ncih2170_post_facs_fish_low_her2_g3_78,NCI-H2170,gt_image/ncih2170_post_facs_fish_low_her2_g3_78.tif,gt_coords/ncih2170_post_facs_fish_low_her2_g3_78.npy
ncih2170_post_facs_fish_low_her2_g3_79,NCI-H2170,gt_image/ncih2170_post_facs_fish_low_her2_g3_79.tif,gt_coords/ncih2170_post_facs_fish_low_her2_g3_79.npy
ncih2170_post_facs_fish_low_her2_g3_8,NCI-H2170,gt_image/ncih2170_post_facs_fish_low_her2_g3_8.tif,gt_coords/ncih2170_post_facs_fish_low_her2_g3_8.npy
ncih2170_post_facs_fish_low_her2_g3_80,NCI-H2170,gt_image/ncih2170_post_facs_fish_low_her2_g3_80.tif,gt_coords/ncih2170_post_facs_fish_low_her2_g3_80.npy
ncih2170_post_facs_fish_low_her2_g3_81,NCI-H2170,gt_image/ncih2170_post_facs_fish_low_her2_g3_81.tif,gt_coords/ncih2170_post_facs_fish_low_her2_g3_81.npy
ncih2170_post_facs_fish_low_her2_g3_82,NCI-H2170,gt_image/ncih2170_post_facs_fish_low_her2_g3_82.tif,gt_coords/ncih2170_post_facs_fish_low_her2_g3_82.npy
ncih2170_post_facs_fish_low_her2_g3_83,NCI-H2170,gt_image/ncih2170_post_facs_fish_low_her2_g3_83.tif,gt_coords/ncih2170_post_facs_fish_low_her2_g3_83.npy
ncih2170_post_facs_fish_low_her2_g3_84,NCI-H2170,gt_image/ncih2170_post_facs_fish_low_her2_g3_84.tif,gt_coords/ncih2170_post_facs_fish_low_her2_g3_84.npy
ncih2170_post_facs_fish_low_her2_g3_85,NCI-H2170,gt_image/ncih2170_post_facs_fish_low_her2_g3_85.tif,gt_coords/ncih2170_post_facs_fish_low_her2_g3_85.npy
ncih2170_post_facs_fish_low_her2_g3_86,NCI-H2170,gt_image/ncih2170_post_facs_fish_low_her2_g3_86.tif,gt_coords/ncih2170_post_facs_fish_low_her2_g3_86.npy
ncih2170_post_facs_fish_low_her2_g3_87,NCI-H2170,gt_image/ncih2170_post_facs_fish_low_her2_g3_87.tif,gt_coords/ncih2170_post_facs_fish_low_her2_g3_87.npy
ncih2170_post_facs_fish_low_her2_g3_88,NCI-H2170,gt_image/ncih2170_post_facs_fish_low_her2_g3_88.tif,gt_coords/ncih2170_post_facs_fish_low_her2_g3_88.npy
ncih2170_post_facs_fish_low_her2_g3_89,NCI-H2170,gt_image/ncih2170_post_facs_fish_low_her2_g3_89.tif,gt_coords/ncih2170_post_facs_fish_low_her2_g3_89.npy
ncih2170_post_facs_fish_low_her2_g3_9,NCI-H2170,gt_image/ncih2170_post_facs_fish_low_her2_g3_9.tif,gt_coords/ncih2170_post_facs_fish_low_her2_g3_9.npy
ncih2170_post_facs_fish_low_her2_g3_90,NCI-H2170,gt_image/ncih2170_post_facs_fish_low_her2_g3_90.tif,gt_coords/ncih2170_post_facs_fish_low_her2_g3_90.npy
ncih2170_post_facs_fish_low_her2_g3_91,NCI-H2170,gt_image/ncih2170_post_facs_fish_low_her2_g3_91.tif,gt_coords/ncih2170_post_facs_fish_low_her2_g3_91.npy
ncih2170_post_facs_fish_low_her2_g3_92,NCI-H2170,gt_image/ncih2170_post_facs_fish_low_her2_g3_92.tif,gt_coords/ncih2170_post_facs_fish_low_her2_g3_92.npy
ncih2170_post_facs_fish_low_her2_g3_93,NCI-H2170,gt_image/ncih2170_post_facs_fish_low_her2_g3_93.tif,gt_coords/ncih2170_post_facs_fish_low_her2_g3_93.npy
ncih2170_post_facs_fish_low_her2_g3_94,NCI-H2170,gt_image/ncih2170_post_facs_fish_low_her2_g3_94.tif,gt_coords/ncih2170_post_facs_fish_low_her2_g3_94.npy
ncih2170_post_facs_fish_low_her2_g3_95,NCI-H2170,gt_image/ncih2170_post_facs_fish_low_her2_g3_95.tif,gt_coords/ncih2170_post_facs_fish_low_her2_g3_95.npy
ncih2170_post_facs_fish_low_her2_g3_96,NCI-H2170,gt_image/ncih2170_post_facs_fish_low_her2_g3_96.tif,gt_coords/ncih2170_post_facs_fish_low_her2_g3_96.npy
ncih2170_post_facs_fish_low_her2_g3_97,NCI-H2170,gt_image/ncih2170_post_facs_fish_low_her2_g3_97.tif,gt_coords/ncih2170_post_facs_fish_low_her2_g3_97.npy
ncih2170_post_facs_fish_low_her2_g3_98,NCI-H2170,gt_image/ncih2170_post_facs_fish_low_her2_g3_98.tif,gt_coords/ncih2170_post_facs_fish_low_her2_g3_98.npy
ncih2170_post_facs_fish_low_her2_g3_99,NCI-H2170,gt_image/ncih2170_post_facs_fish_low_her2_g3_99.tif,gt_coords/ncih2170_post_facs_fish_low_her2_g3_99.npy
ncih716_jc_alo_8nm_24h_1,NCI-H716,gt_image/ncih716_jc_alo_8nm_24h_1.tif,gt_coords/ncih716_jc_alo_8nm_24h_1.npy
ncih716_jc_alo_8nm_24h_10,NCI-H716,gt_image/ncih716_jc_alo_8nm_24h_10.tif,gt_coords/ncih716_jc_alo_8nm_24h_10.npy
ncih716_jc_alo_8nm_24h_11,NCI-H716,gt_image/ncih716_jc_alo_8nm_24h_11.tif,gt_coords/ncih716_jc_alo_8nm_24h_11.npy
ncih716_jc_alo_8nm_24h_12,NCI-H716,gt_image/ncih716_jc_alo_8nm_24h_12.tif,gt_coords/ncih716_jc_alo_8nm_24h_12.npy
ncih716_jc_alo_8nm_24h_13,NCI-H716,gt_image/ncih716_jc_alo_8nm_24h_13.tif,gt_coords/ncih716_jc_alo_8nm_24h_13.npy
ncih716_jc_alo_8nm_24h_14,NCI-H716,gt_image/ncih716_jc_alo_8nm_24h_14.tif,gt_coords/ncih716_jc_alo_8nm_24h_14.npy
ncih716_jc_alo_8nm_24h_15,NCI-H716,gt_image/ncih716_jc_alo_8nm_24h_15.tif,gt_coords/ncih716_jc_alo_8nm_24h_15.npy
ncih716_jc_alo_8nm_24h_16,NCI-H716,gt_image/ncih716_jc_alo_8nm_24h_16.tif,gt_coords/ncih716_jc_alo_8nm_24h_16.npy
ncih716_jc_alo_8nm_24h_17,NCI-H716,gt_image/ncih716_jc_alo_8nm_24h_17.tif,gt_coords/ncih716_jc_alo_8nm_24h_17.npy
ncih716_jc_alo_8nm_24h_18,NCI-H716,gt_image/ncih716_jc_alo_8nm_24h_18.tif,gt_coords/ncih716_jc_alo_8nm_24h_18.npy
ncih716_jc_alo_8nm_24h_2,NCI-H716,gt_image/ncih716_jc_alo_8nm_24h_2.tif,gt_coords/ncih716_jc_alo_8nm_24h_2.npy
ncih716_jc_alo_8nm_24h_3,NCI-H716,gt_image/ncih716_jc_alo_8nm_24h_3.tif,gt_coords/ncih716_jc_alo_8nm_24h_3.npy
ncih716_jc_alo_8nm_24h_4,NCI-H716,gt_image/ncih716_jc_alo_8nm_24h_4.tif,gt_coords/ncih716_jc_alo_8nm_24h_4.npy
ncih716_jc_alo_8nm_24h_5,NCI-H716,gt_image/ncih716_jc_alo_8nm_24h_5.tif,gt_coords/ncih716_jc_alo_8nm_24h_5.npy
ncih716_jc_alo_8nm_24h_6,NCI-H716,gt_image/ncih716_jc_alo_8nm_24h_6.tif,gt_coords/ncih716_jc_alo_8nm_24h_6.npy
ncih716_jc_alo_8nm_24h_7,NCI-H716,gt_image/ncih716_jc_alo_8nm_24h_7.tif,gt_coords/ncih716_jc_alo_8nm_24h_7.npy
ncih716_jc_alo_8nm_24h_8,NCI-H716,gt_image/ncih716_jc_alo_8nm_24h_8.tif,gt_coords/ncih716_jc_alo_8nm_24h_8.npy
ncih716_jc_alo_8nm_24h_9,NCI-H716,gt_image/ncih716_jc_alo_8nm_24h_9.tif,gt_coords/ncih716_jc_alo_8nm_24h_9.npy
ncih716_jc_ctrl_1_1,NCI-H716,gt_image/ncih716_jc_ctrl_1_1.tif,gt_coords/ncih716_jc_ctrl_1_1.npy
ncih716_jc_ctrl_1_10,NCI-H716,gt_image/ncih716_jc_ctrl_1_10.tif,gt_coords/ncih716_jc_ctrl_1_10.npy
ncih716_jc_ctrl_1_11,NCI-H716,gt_image/ncih716_jc_ctrl_1_11.tif,gt_coords/ncih716_jc_ctrl_1_11.npy
ncih716_jc_ctrl_1_12,NCI-H716,gt_image/ncih716_jc_ctrl_1_12.tif,gt_coords/ncih716_jc_ctrl_1_12.npy
ncih716_jc_ctrl_1_13,NCI-H716,gt_image/ncih716_jc_ctrl_1_13.tif,gt_coords/ncih716_jc_ctrl_1_13.npy
ncih716_jc_ctrl_1_14,NCI-H716,gt_image/ncih716_jc_ctrl_1_14.tif,gt_coords/ncih716_jc_ctrl_1_14.npy
ncih716_jc_ctrl_1_15,NCI-H716,gt_image/ncih716_jc_ctrl_1_15.tif,gt_coords/ncih716_jc_ctrl_1_15.npy
ncih716_jc_ctrl_1_16,NCI-H716,gt_image/ncih716_jc_ctrl_1_16.tif,gt_coords/ncih716_jc_ctrl_1_16.npy
ncih716_jc_ctrl_1_17,NCI-H716,gt_image/ncih716_jc_ctrl_1_17.tif,gt_coords/ncih716_jc_ctrl_1_17.npy
ncih716_jc_ctrl_1_18,NCI-H716,gt_image/ncih716_jc_ctrl_1_18.tif,gt_coords/ncih716_jc_ctrl_1_18.npy
ncih716_jc_ctrl_1_19,NCI-H716,gt_image/ncih716_jc_ctrl_1_19.tif,gt_coords/ncih716_jc_ctrl_1_19.npy
ncih716_jc_ctrl_1_2,NCI-H716,gt_image/ncih716_jc_ctrl_1_2.tif,gt_coords/ncih716_jc_ctrl_1_2.npy
ncih716_jc_ctrl_1_20,NCI-H716,gt_image/ncih716_jc_ctrl_1_20.tif,gt_coords/ncih716_jc_ctrl_1_20.npy
ncih716_jc_ctrl_1_21,NCI-H716,gt_image/ncih716_jc_ctrl_1_21.tif,gt_coords/ncih716_jc_ctrl_1_21.npy
ncih716_jc_ctrl_1_22,NCI-H716,gt_image/ncih716_jc_ctrl_1_22.tif,gt_coords/ncih716_jc_ctrl_1_22.npy
ncih716_jc_ctrl_1_23,NCI-H716,gt_image/ncih716_jc_ctrl_1_23.tif,gt_coords/ncih716_jc_ctrl_1_23.npy
ncih716_jc_ctrl_1_24,NCI-H716,gt_image/ncih716_jc_ctrl_1_24.tif,gt_coords/ncih716_jc_ctrl_1_24.npy
ncih716_jc_ctrl_1_25,NCI-H716,gt_image/ncih716_jc_ctrl_1_25.tif,gt_coords/ncih716_jc_ctrl_1_25.npy
ncih716_jc_ctrl_1_26,NCI-H716,gt_image/ncih716_jc_ctrl_1_26.tif,gt_coords/ncih716_jc_ctrl_1_26.npy
ncih716_jc_ctrl_1_27,NCI-H716,gt_image/ncih716_jc_ctrl_1_27.tif,gt_coords/ncih716_jc_ctrl_1_27.npy
ncih716_jc_ctrl_1_28,NCI-H716,gt_image/ncih716_jc_ctrl_1_28.tif,gt_coords/ncih716_jc_ctrl_1_28.npy
ncih716_jc_ctrl_1_3,NCI-H716,gt_image/ncih716_jc_ctrl_1_3.tif,gt_coords/ncih716_jc_ctrl_1_3.npy
ncih716_jc_ctrl_1_4,NCI-H716,gt_image/ncih716_jc_ctrl_1_4.tif,gt_coords/ncih716_jc_ctrl_1_4.npy
ncih716_jc_ctrl_1_42,NCI-H716,gt_image/ncih716_jc_ctrl_1_42.tif,gt_coords/ncih716_jc_ctrl_1_42.npy
ncih716_jc_ctrl_1_43,NCI-H716,gt_image/ncih716_jc_ctrl_1_43.tif,gt_coords/ncih716_jc_ctrl_1_43.npy
ncih716_jc_ctrl_1_44_a,NCI-H716,gt_image/ncih716_jc_ctrl_1_44_a.tif,gt_coords/ncih716_jc_ctrl_1_44_a.npy
ncih716_jc_ctrl_1_44_b,NCI-H716,gt_image/ncih716_jc_ctrl_1_44_b.tif,gt_coords/ncih716_jc_ctrl_1_44_b.npy
ncih716_jc_ctrl_1_45,NCI-H716,gt_image/ncih716_jc_ctrl_1_45.tif,gt_coords/ncih716_jc_ctrl_1_45.npy
ncih716_jc_ctrl_1_46,NCI-H716,gt_image/ncih716_jc_ctrl_1_46.tif,gt_coords/ncih716_jc_ctrl_1_46.npy
ncih716_jc_ctrl_1_47,NCI-H716,gt_image/ncih716_jc_ctrl_1_47.tif,gt_coords/ncih716_jc_ctrl_1_47.npy
ncih716_jc_ctrl_1_48,NCI-H716,gt_image/ncih716_jc_ctrl_1_48.tif,gt_coords/ncih716_jc_ctrl_1_48.npy
ncih716_jc_ctrl_1_49,NCI-H716,gt_image/ncih716_jc_ctrl_1_49.tif,gt_coords/ncih716_jc_ctrl_1_49.npy
ncih716_jc_ctrl_1_5,NCI-H716,gt_image/ncih716_jc_ctrl_1_5.tif,gt_coords/ncih716_jc_ctrl_1_5.npy
ncih716_jc_ctrl_1_50,NCI-H716,gt_image/ncih716_jc_ctrl_1_50.tif,gt_coords/ncih716_jc_ctrl_1_50.npy
ncih716_jc_ctrl_1_51,NCI-H716,gt_image/ncih716_jc_ctrl_1_51.tif,gt_coords/ncih716_jc_ctrl_1_51.npy
ncih716_jc_ctrl_1_52,NCI-H716,gt_image/ncih716_jc_ctrl_1_52.tif,gt_coords/ncih716_jc_ctrl_1_52.npy
ncih716_jc_ctrl_1_53,NCI-H716,gt_image/ncih716_jc_ctrl_1_53.tif,gt_coords/ncih716_jc_ctrl_1_53.npy
ncih716_jc_ctrl_1_54,NCI-H716,gt_image/ncih716_jc_ctrl_1_54.tif,gt_coords/ncih716_jc_ctrl_1_54.npy
ncih716_jc_ctrl_1_55,NCI-H716,gt_image/ncih716_jc_ctrl_1_55.tif,gt_coords/ncih716_jc_ctrl_1_55.npy
ncih716_jc_ctrl_1_56,NCI-H716,gt_image/ncih716_jc_ctrl_1_56.tif,gt_coords/ncih716_jc_ctrl_1_56.npy
ncih716_jc_ctrl_1_57,NCI-H716,gt_image/ncih716_jc_ctrl_1_57.tif,gt_coords/ncih716_jc_ctrl_1_57.npy
ncih716_jc_ctrl_1_58,NCI-H716,gt_image/ncih716_jc_ctrl_1_58.tif,gt_coords/ncih716_jc_ctrl_1_58.npy
ncih716_jc_ctrl_1_59,NCI-H716,gt_image/ncih716_jc_ctrl_1_59.tif,gt_coords/ncih716_jc_ctrl_1_59.npy
ncih716_jc_ctrl_1_6,NCI-H716,gt_image/ncih716_jc_ctrl_1_6.tif,gt_coords/ncih716_jc_ctrl_1_6.npy
ncih716_jc_ctrl_1_60,NCI-H716,gt_image/ncih716_jc_ctrl_1_60.tif,gt_coords/ncih716_jc_ctrl_1_60.npy
ncih716_jc_ctrl_1_61,NCI-H716,gt_image/ncih716_jc_ctrl_1_61.tif,gt_coords/ncih716_jc_ctrl_1_61.npy
ncih716_jc_ctrl_1_62,NCI-H716,gt_image/ncih716_jc_ctrl_1_62.tif,gt_coords/ncih716_jc_ctrl_1_62.npy
ncih716_jc_ctrl_1_63,NCI-H716,gt_image/ncih716_jc_ctrl_1_63.tif,gt_coords/ncih716_jc_ctrl_1_63.npy
ncih716_jc_ctrl_1_64,NCI-H716,gt_image/ncih716_jc_ctrl_1_64.tif,gt_coords/ncih716_jc_ctrl_1_64.npy
ncih716_jc_ctrl_1_65,NCI-H716,gt_image/ncih716_jc_ctrl_1_65.tif,gt_coords/ncih716_jc_ctrl_1_65.npy
ncih716_jc_ctrl_1_66,NCI-H716,gt_image/ncih716_jc_ctrl_1_66.tif,gt_coords/ncih716_jc_ctrl_1_66.npy
ncih716_jc_ctrl_1_68,NCI-H716,gt_image/ncih716_jc_ctrl_1_68.tif,gt_coords/ncih716_jc_ctrl_1_68.npy
ncih716_jc_ctrl_1_69,NCI-H716,gt_image/ncih716_jc_ctrl_1_69.tif,gt_coords/ncih716_jc_ctrl_1_69.npy
ncih716_jc_ctrl_1_7,NCI-H716,gt_image/ncih716_jc_ctrl_1_7.tif,gt_coords/ncih716_jc_ctrl_1_7.npy
ncih716_jc_ctrl_1_70,NCI-H716,gt_image/ncih716_jc_ctrl_1_70.tif,gt_coords/ncih716_jc_ctrl_1_70.npy
ncih716_jc_ctrl_1_71,NCI-H716,gt_image/ncih716_jc_ctrl_1_71.tif,gt_coords/ncih716_jc_ctrl_1_71.npy
ncih716_jc_ctrl_1_72,NCI-H716,gt_image/ncih716_jc_ctrl_1_72.tif,gt_coords/ncih716_jc_ctrl_1_72.npy
ncih716_jc_ctrl_1_73,NCI-H716,gt_image/ncih716_jc_ctrl_1_73.tif,gt_coords/ncih716_jc_ctrl_1_73.npy
ncih716_jc_ctrl_1_74,NCI-H716,gt_image/ncih716_jc_ctrl_1_74.tif,gt_coords/ncih716_jc_ctrl_1_74.npy
ncih716_jc_ctrl_1_75,NCI-H716,gt_image/ncih716_jc_ctrl_1_75.tif,gt_coords/ncih716_jc_ctrl_1_75.npy
ncih716_jc_ctrl_1_76,NCI-H716,gt_image/ncih716_jc_ctrl_1_76.tif,gt_coords/ncih716_jc_ctrl_1_76.npy
ncih716_jc_ctrl_1_8,NCI-H716,gt_image/ncih716_jc_ctrl_1_8.tif,gt_coords/ncih716_jc_ctrl_1_8.npy
ncih716_jc_ctrl_1_9,NCI-H716,gt_image/ncih716_jc_ctrl_1_9.tif,gt_coords/ncih716_jc_ctrl_1_9.npy
ncih716_jc_ctrl_2_1,NCI-H716,gt_image/ncih716_jc_ctrl_2_1.tif,gt_coords/ncih716_jc_ctrl_2_1.npy
ncih716_jc_ctrl_2_10,NCI-H716,gt_image/ncih716_jc_ctrl_2_10.tif,gt_coords/ncih716_jc_ctrl_2_10.npy
ncih716_jc_ctrl_2_11,NCI-H716,gt_image/ncih716_jc_ctrl_2_11.tif,gt_coords/ncih716_jc_ctrl_2_11.npy
ncih716_jc_ctrl_2_12,NCI-H716,gt_image/ncih716_jc_ctrl_2_12.tif,gt_coords/ncih716_jc_ctrl_2_12.npy
ncih716_jc_ctrl_2_13,NCI-H716,gt_image/ncih716_jc_ctrl_2_13.tif,gt_coords/ncih716_jc_ctrl_2_13.npy
ncih716_jc_ctrl_2_14,NCI-H716,gt_image/ncih716_jc_ctrl_2_14.tif,gt_coords/ncih716_jc_ctrl_2_14.npy
ncih716_jc_ctrl_2_15,NCI-H716,gt_image/ncih716_jc_ctrl_2_15.tif,gt_coords/ncih716_jc_ctrl_2_15.npy
ncih716_jc_ctrl_2_16,NCI-H716,gt_image/ncih716_jc_ctrl_2_16.tif,gt_coords/ncih716_jc_ctrl_2_16.npy
ncih716_jc_ctrl_2_17,NCI-H716,gt_image/ncih716_jc_ctrl_2_17.tif,gt_coords/ncih716_jc_ctrl_2_17.npy
ncih716_jc_ctrl_2_18,NCI-H716,gt_image/ncih716_jc_ctrl_2_18.tif,gt_coords/ncih716_jc_ctrl_2_18.npy
ncih716_jc_ctrl_2_19,NCI-H716,gt_image/ncih716_jc_ctrl_2_19.tif,gt_coords/ncih716_jc_ctrl_2_19.npy
ncih716_jc_ctrl_2_2,NCI-H716,gt_image/ncih716_jc_ctrl_2_2.tif,gt_coords/ncih716_jc_ctrl_2_2.npy
ncih716_jc_ctrl_2_20,NCI-H716,gt_image/ncih716_jc_ctrl_2_20.tif,gt_coords/ncih716_jc_ctrl_2_20.npy
ncih716_jc_ctrl_2_21,NCI-H716,gt_image/ncih716_jc_ctrl_2_21.tif,gt_coords/ncih716_jc_ctrl_2_21.npy
ncih716_jc_ctrl_2_22,NCI-H716,gt_image/ncih716_jc_ctrl_2_22.tif,gt_coords/ncih716_jc_ctrl_2_22.npy
ncih716_jc_ctrl_2_23,NCI-H716,gt_image/ncih716_jc_ctrl_2_23.tif,gt_coords/ncih716_jc_ctrl_2_23.npy
ncih716_jc_ctrl_2_24,NCI-H716,gt_image/ncih716_jc_ctrl_2_24.tif,gt_coords/ncih716_jc_ctrl_2_24.npy
ncih716_jc_ctrl_2_25,NCI-H716,gt_image/ncih716_jc_ctrl_2_25.tif,gt_coords/ncih716_jc_ctrl_2_25.npy
ncih716_jc_ctrl_2_26,NCI-H716,gt_image/ncih716_jc_ctrl_2_26.tif,gt_coords/ncih716_jc_ctrl_2_26.npy
ncih716_jc_ctrl_2_27,NCI-H716,gt_image/ncih716_jc_ctrl_2_27.tif,gt_coords/ncih716_jc_ctrl_2_27.npy
ncih716_jc_ctrl_2_28,NCI-H716,gt_image/ncih716_jc_ctrl_2_28.tif,gt_coords/ncih716_jc_ctrl_2_28.npy
ncih716_jc_ctrl_2_29,NCI-H716,gt_image/ncih716_jc_ctrl_2_29.tif,gt_coords/ncih716_jc_ctrl_2_29.npy
ncih716_jc_ctrl_2_3,NCI-H716,gt_image/ncih716_jc_ctrl_2_3.tif,gt_coords/ncih716_jc_ctrl_2_3.npy
ncih716_jc_ctrl_2_30,NCI-H716,gt_image/ncih716_jc_ctrl_2_30.tif,gt_coords/ncih716_jc_ctrl_2_30.npy
ncih716_jc_ctrl_2_31,NCI-H716,gt_image/ncih716_jc_ctrl_2_31.tif,gt_coords/ncih716_jc_ctrl_2_31.npy
ncih716_jc_ctrl_2_32,NCI-H716,gt_image/ncih716_jc_ctrl_2_32.tif,gt_coords/ncih716_jc_ctrl_2_32.npy
ncih716_jc_ctrl_2_33,NCI-H716,gt_image/ncih716_jc_ctrl_2_33.tif,gt_coords/ncih716_jc_ctrl_2_33.npy
ncih716_jc_ctrl_2_34,NCI-H716,gt_image/ncih716_jc_ctrl_2_34.tif,gt_coords/ncih716_jc_ctrl_2_34.npy
ncih716_jc_ctrl_2_35,NCI-H716,gt_image/ncih716_jc_ctrl_2_35.tif,gt_coords/ncih716_jc_ctrl_2_35.npy
ncih716_jc_ctrl_2_36,NCI-H716,gt_image/ncih716_jc_ctrl_2_36.tif,gt_coords/ncih716_jc_ctrl_2_36.npy
ncih716_jc_ctrl_2_37,NCI-H716,gt_image/ncih716_jc_ctrl_2_37.tif,gt_coords/ncih716_jc_ctrl_2_37.npy
ncih716_jc_ctrl_2_38,NCI-H716,gt_image/ncih716_jc_ctrl_2_38.tif,gt_coords/ncih716_jc_ctrl_2_38.npy
ncih716_jc_ctrl_2_39,NCI-H716,gt_image/ncih716_jc_ctrl_2_39.tif,gt_coords/ncih716_jc_ctrl_2_39.npy
ncih716_jc_ctrl_2_4,NCI-H716,gt_image/ncih716_jc_ctrl_2_4.tif,gt_coords/ncih716_jc_ctrl_2_4.npy
ncih716_jc_ctrl_2_40,NCI-H716,gt_image/ncih716_jc_ctrl_2_40.tif,gt_coords/ncih716_jc_ctrl_2_40.npy
ncih716_jc_ctrl_2_41,NCI-H716,gt_image/ncih716_jc_ctrl_2_41.tif,gt_coords/ncih716_jc_ctrl_2_41.npy
ncih716_jc_ctrl_2_42,NCI-H716,gt_image/ncih716_jc_ctrl_2_42.tif,gt_coords/ncih716_jc_ctrl_2_42.npy
ncih716_jc_ctrl_2_43,NCI-H716,gt_image/ncih716_jc_ctrl_2_43.tif,gt_coords/ncih716_jc_ctrl_2_43.npy
ncih716_jc_ctrl_2_44,NCI-H716,gt_image/ncih716_jc_ctrl_2_44.tif,gt_coords/ncih716_jc_ctrl_2_44.npy
ncih716_jc_ctrl_2_45,NCI-H716,gt_image/ncih716_jc_ctrl_2_45.tif,gt_coords/ncih716_jc_ctrl_2_45.npy
ncih716_jc_ctrl_2_46,NCI-H716,gt_image/ncih716_jc_ctrl_2_46.tif,gt_coords/ncih716_jc_ctrl_2_46.npy
ncih716_jc_ctrl_2_47,NCI-H716,gt_image/ncih716_jc_ctrl_2_47.tif,gt_coords/ncih716_jc_ctrl_2_47.npy
ncih716_jc_ctrl_2_48,NCI-H716,gt_image/ncih716_jc_ctrl_2_48.tif,gt_coords/ncih716_jc_ctrl_2_48.npy
ncih716_jc_ctrl_2_49,NCI-H716,gt_image/ncih716_jc_ctrl_2_49.tif,gt_coords/ncih716_jc_ctrl_2_49.npy
ncih716_jc_ctrl_2_5,NCI-H716,gt_image/ncih716_jc_ctrl_2_5.tif,gt_coords/ncih716_jc_ctrl_2_5.npy
ncih716_jc_ctrl_2_50,NCI-H716,gt_image/ncih716_jc_ctrl_2_50.tif,gt_coords/ncih716_jc_ctrl_2_50.npy
ncih716_jc_ctrl_2_51,NCI-H716,gt_image/ncih716_jc_ctrl_2_51.tif,gt_coords/ncih716_jc_ctrl_2_51.npy
ncih716_jc_ctrl_2_52,NCI-H716,gt_image/ncih716_jc_ctrl_2_52.tif,gt_coords/ncih716_jc_ctrl_2_52.npy
ncih716_jc_ctrl_2_53,NCI-H716,gt_image/ncih716_jc_ctrl_2_53.tif,gt_coords/ncih716_jc_ctrl_2_53.npy
ncih716_jc_ctrl_2_54,NCI-H716,gt_image/ncih716_jc_ctrl_2_54.tif,gt_coords/ncih716_jc_ctrl_2_54.npy
ncih716_jc_ctrl_2_55,NCI-H716,gt_image/ncih716_jc_ctrl_2_55.tif,gt_coords/ncih716_jc_ctrl_2_55.npy
ncih716_jc_ctrl_2_56,NCI-H716,gt_image/ncih716_jc_ctrl_2_56.tif,gt_coords/ncih716_jc_ctrl_2_56.npy
ncih716_jc_ctrl_2_57,NCI-H716,gt_image/ncih716_jc_ctrl_2_57.tif,gt_coords/ncih716_jc_ctrl_2_57.npy
ncih716_jc_ctrl_2_58,NCI-H716,gt_image/ncih716_jc_ctrl_2_58.tif,gt_coords/ncih716_jc_ctrl_2_58.npy
ncih716_jc_ctrl_2_6,NCI-H716,gt_image/ncih716_jc_ctrl_2_6.tif,gt_coords/ncih716_jc_ctrl_2_6.npy
ncih716_jc_ctrl_2_7,NCI-H716,gt_image/ncih716_jc_ctrl_2_7.tif,gt_coords/ncih716_jc_ctrl_2_7.npy
ncih716_jc_ctrl_2_8,NCI-H716,gt_image/ncih716_jc_ctrl_2_8.tif,gt_coords/ncih716_jc_ctrl_2_8.npy
ncih716_jc_ctrl_2_9,NCI-H716,gt_image/ncih716_jc_ctrl_2_9.tif,gt_coords/ncih716_jc_ctrl_2_9.npy
snu16_jc_arv771_800picom_24h_1,SNU16,gt_image/snu16_jc_arv771_800picom_24h_1.tif,gt_coords/snu16_jc_arv771_800picom_24h_1.npy
snu16_jc_arv771_800picom_24h_2,SNU16,gt_image/snu16_jc_arv771_800picom_24h_2.tif,gt_coords/snu16_jc_arv771_800picom_24h_2.npy
snu16_jc_arv771_800picom_24h_3,SNU16,gt_image/snu16_jc_arv771_800picom_24h_3.tif,gt_coords/snu16_jc_arv771_800picom_24h_3.npy
snu16_jc_arv771_800picom_24h_4,SNU16,gt_image/snu16_jc_arv771_800picom_24h_4.tif,gt_coords/snu16_jc_arv771_800picom_24h_4.npy
snu16_jc_ctrl_1,SNU16,gt_image/snu16_jc_ctrl_1.tif,gt_coords/snu16_jc_ctrl_1.npy
snu16_jc_ctrl_10,SNU16,gt_image/snu16_jc_ctrl_10.tif,gt_coords/snu16_jc_ctrl_10.npy
snu16_jc_ctrl_100,SNU16,gt_image/snu16_jc_ctrl_100.tif,gt_coords/snu16_jc_ctrl_100.npy
snu16_jc_ctrl_101,SNU16,gt_image/snu16_jc_ctrl_101.tif,gt_coords/snu16_jc_ctrl_101.npy
snu16_jc_ctrl_102,SNU16,gt_image/snu16_jc_ctrl_102.tif,gt_coords/snu16_jc_ctrl_102.npy
snu16_jc_ctrl_103,SNU16,gt_image/snu16_jc_ctrl_103.tif,gt_coords/snu16_jc_ctrl_103.npy
snu16_jc_ctrl_104,SNU16,gt_image/snu16_jc_ctrl_104.tif,gt_coords/snu16_jc_ctrl_104.npy
snu16_jc_ctrl_105,SNU16,gt_image/snu16_jc_ctrl_105.tif,gt_coords/snu16_jc_ctrl_105.npy
snu16_jc_ctrl_106,SNU16,gt_image/snu16_jc_ctrl_106.tif,gt_coords/snu16_jc_ctrl_106.npy
snu16_jc_ctrl_107,SNU16,gt_image/snu16_jc_ctrl_107.tif,gt_coords/snu16_jc_ctrl_107.npy
snu16_jc_ctrl_108,SNU16,gt_image/snu16_jc_ctrl_108.tif,gt_coords/snu16_jc_ctrl_108.npy
snu16_jc_ctrl_109,SNU16,gt_image/snu16_jc_ctrl_109.tif,gt_coords/snu16_jc_ctrl_109.npy
snu16_jc_ctrl_110,SNU16,gt_image/snu16_jc_ctrl_110.tif,gt_coords/snu16_jc_ctrl_110.npy
snu16_jc_ctrl_111,SNU16,gt_image/snu16_jc_ctrl_111.tif,gt_coords/snu16_jc_ctrl_111.npy
snu16_jc_ctrl_112,SNU16,gt_image/snu16_jc_ctrl_112.tif,gt_coords/snu16_jc_ctrl_112.npy
snu16_jc_ctrl_113,SNU16,gt_image/snu16_jc_ctrl_113.tif,gt_coords/snu16_jc_ctrl_113.npy
snu16_jc_ctrl_114,SNU16,gt_image/snu16_jc_ctrl_114.tif,gt_coords/snu16_jc_ctrl_114.npy
snu16_jc_ctrl_115,SNU16,gt_image/snu16_jc_ctrl_115.tif,gt_coords/snu16_jc_ctrl_115.npy
snu16_jc_ctrl_116,SNU16,gt_image/snu16_jc_ctrl_116.tif,gt_coords/snu16_jc_ctrl_116.npy
snu16_jc_ctrl_117,SNU16,gt_image/snu16_jc_ctrl_117.tif,gt_coords/snu16_jc_ctrl_117.npy
snu16_jc_ctrl_118,SNU16,gt_image/snu16_jc_ctrl_118.tif,gt_coords/snu16_jc_ctrl_118.npy
snu16_jc_ctrl_119,SNU16,gt_image/snu16_jc_ctrl_119.tif,gt_coords/snu16_jc_ctrl_119.npy
snu16_jc_ctrl_12,SNU16,gt_image/snu16_jc_ctrl_12.tif,gt_coords/snu16_jc_ctrl_12.npy
snu16_jc_ctrl_120,SNU16,gt_image/snu16_jc_ctrl_120.tif,gt_coords/snu16_jc_ctrl_120.npy
snu16_jc_ctrl_121,SNU16,gt_image/snu16_jc_ctrl_121.tif,gt_coords/snu16_jc_ctrl_121.npy
snu16_jc_ctrl_122,SNU16,gt_image/snu16_jc_ctrl_122.tif,gt_coords/snu16_jc_ctrl_122.npy
snu16_jc_ctrl_123,SNU16,gt_image/snu16_jc_ctrl_123.tif,gt_coords/snu16_jc_ctrl_123.npy
snu16_jc_ctrl_124,SNU16,gt_image/snu16_jc_ctrl_124.tif,gt_coords/snu16_jc_ctrl_124.npy
snu16_jc_ctrl_125,SNU16,gt_image/snu16_jc_ctrl_125.tif,gt_coords/snu16_jc_ctrl_125.npy
snu16_jc_ctrl_126,SNU16,gt_image/snu16_jc_ctrl_126.tif,gt_coords/snu16_jc_ctrl_126.npy
snu16_jc_ctrl_127,SNU16,gt_image/snu16_jc_ctrl_127.tif,gt_coords/snu16_jc_ctrl_127.npy
snu16_jc_ctrl_128,SNU16,gt_image/snu16_jc_ctrl_128.tif,gt_coords/snu16_jc_ctrl_128.npy
snu16_jc_ctrl_129,SNU16,gt_image/snu16_jc_ctrl_129.tif,gt_coords/snu16_jc_ctrl_129.npy
snu16_jc_ctrl_13,SNU16,gt_image/snu16_jc_ctrl_13.tif,gt_coords/snu16_jc_ctrl_13.npy
snu16_jc_ctrl_130,SNU16,gt_image/snu16_jc_ctrl_130.tif,gt_coords/snu16_jc_ctrl_130.npy
snu16_jc_ctrl_131,SNU16,gt_image/snu16_jc_ctrl_131.tif,gt_coords/snu16_jc_ctrl_131.npy
snu16_jc_ctrl_132,SNU16,gt_image/snu16_jc_ctrl_132.tif,gt_coords/snu16_jc_ctrl_132.npy
snu16_jc_ctrl_133,SNU16,gt_image/snu16_jc_ctrl_133.tif,gt_coords/snu16_jc_ctrl_133.npy
snu16_jc_ctrl_134,SNU16,gt_image/snu16_jc_ctrl_134.tif,gt_coords/snu16_jc_ctrl_134.npy
snu16_jc_ctrl_135,SNU16,gt_image/snu16_jc_ctrl_135.tif,gt_coords/snu16_jc_ctrl_135.npy
snu16_jc_ctrl_136,SNU16,gt_image/snu16_jc_ctrl_136.tif,gt_coords/snu16_jc_ctrl_136.npy
snu16_jc_ctrl_137,SNU16,gt_image/snu16_jc_ctrl_137.tif,gt_coords/snu16_jc_ctrl_137.npy
snu16_jc_ctrl_138,SNU16,gt_image/snu16_jc_ctrl_138.tif,gt_coords/snu16_jc_ctrl_138.npy
snu16_jc_ctrl_139,SNU16,gt_image/snu16_jc_ctrl_139.tif,gt_coords/snu16_jc_ctrl_139.npy
snu16_jc_ctrl_14,SNU16,gt_image/snu16_jc_ctrl_14.tif,gt_coords/snu16_jc_ctrl_14.npy
snu16_jc_ctrl_140,SNU16,gt_image/snu16_jc_ctrl_140.tif,gt_coords/snu16_jc_ctrl_140.npy
snu16_jc_ctrl_141,SNU16,gt_image/snu16_jc_ctrl_141.tif,gt_coords/snu16_jc_ctrl_141.npy
snu16_jc_ctrl_142,SNU16,gt_image/snu16_jc_ctrl_142.tif,gt_coords/snu16_jc_ctrl_142.npy
snu16_jc_ctrl_143,SNU16,gt_image/snu16_jc_ctrl_143.tif,gt_coords/snu16_jc_ctrl_143.npy
snu16_jc_ctrl_144,SNU16,gt_image/snu16_jc_ctrl_144.tif,gt_coords/snu16_jc_ctrl_144.npy
snu16_jc_ctrl_145,SNU16,gt_image/snu16_jc_ctrl_145.tif,gt_coords/snu16_jc_ctrl_145.npy
snu16_jc_ctrl_146,SNU16,gt_image/snu16_jc_ctrl_146.tif,gt_coords/snu16_jc_ctrl_146.npy
snu16_jc_ctrl_147,SNU16,gt_image/snu16_jc_ctrl_147.tif,gt_coords/snu16_jc_ctrl_147.npy
snu16_jc_ctrl_148,SNU16,gt_image/snu16_jc_ctrl_148.tif,gt_coords/snu16_jc_ctrl_148.npy
snu16_jc_ctrl_149,SNU16,gt_image/snu16_jc_ctrl_149.tif,gt_coords/snu16_jc_ctrl_149.npy
snu16_jc_ctrl_15,SNU16,gt_image/snu16_jc_ctrl_15.tif,gt_coords/snu16_jc_ctrl_15.npy
snu16_jc_ctrl_150,SNU16,gt_image/snu16_jc_ctrl_150.tif,gt_coords/snu16_jc_ctrl_150.npy
snu16_jc_ctrl_19,SNU16,gt_image/snu16_jc_ctrl_19.tif,gt_coords/snu16_jc_ctrl_19.npy
snu16_jc_ctrl_20,SNU16,gt_image/snu16_jc_ctrl_20.tif,gt_coords/snu16_jc_ctrl_20.npy
snu16_jc_ctrl_21,SNU16,gt_image/snu16_jc_ctrl_21.tif,gt_coords/snu16_jc_ctrl_21.npy
snu16_jc_ctrl_22tif,SNU16,gt_image/snu16_jc_ctrl_22tif.tif,gt_coords/snu16_jc_ctrl_22tif.npy
snu16_jc_ctrl_23,SNU16,gt_image/snu16_jc_ctrl_23.tif,gt_coords/snu16_jc_ctrl_23.npy
snu16_jc_ctrl_24,SNU16,gt_image/snu16_jc_ctrl_24.tif,gt_coords/snu16_jc_ctrl_24.npy
snu16_jc_ctrl_25,SNU16,gt_image/snu16_jc_ctrl_25.tif,gt_coords/snu16_jc_ctrl_25.npy
snu16_jc_ctrl_26,SNU16,gt_image/snu16_jc_ctrl_26.tif,gt_coords/snu16_jc_ctrl_26.npy
snu16_jc_ctrl_27,SNU16,gt_image/snu16_jc_ctrl_27.tif,gt_coords/snu16_jc_ctrl_27.npy
snu16_jc_ctrl_28,SNU16,gt_image/snu16_jc_ctrl_28.tif,gt_coords/snu16_jc_ctrl_28.npy
snu16_jc_ctrl_29,SNU16,gt_image/snu16_jc_ctrl_29.tif,gt_coords/snu16_jc_ctrl_29.npy
snu16_jc_ctrl_3,SNU16,gt_image/snu16_jc_ctrl_3.tif,gt_coords/snu16_jc_ctrl_3.npy
snu16_jc_ctrl_30,SNU16,gt_image/snu16_jc_ctrl_30.tif,gt_coords/snu16_jc_ctrl_30.npy
snu16_jc_ctrl_31,SNU16,gt_image/snu16_jc_ctrl_31.tif,gt_coords/snu16_jc_ctrl_31.npy
snu16_jc_ctrl_32,SNU16,gt_image/snu16_jc_ctrl_32.tif,gt_coords/snu16_jc_ctrl_32.npy
snu16_jc_ctrl_33,SNU16,gt_image/snu16_jc_ctrl_33.tif,gt_coords/snu16_jc_ctrl_33.npy
snu16_jc_ctrl_34,SNU16,gt_image/snu16_jc_ctrl_34.tif,gt_coords/snu16_jc_ctrl_34.npy
snu16_jc_ctrl_35,SNU16,gt_image/snu16_jc_ctrl_35.tif,gt_coords/snu16_jc_ctrl_35.npy
snu16_jc_ctrl_36,SNU16,gt_image/snu16_jc_ctrl_36.tif,gt_coords/snu16_jc_ctrl_36.npy
snu16_jc_ctrl_37,SNU16,gt_image/snu16_jc_ctrl_37.tif,gt_coords/snu16_jc_ctrl_37.npy
snu16_jc_ctrl_38,SNU16,gt_image/snu16_jc_ctrl_38.tif,gt_coords/snu16_jc_ctrl_38.npy
snu16_jc_ctrl_39,SNU16,gt_image/snu16_jc_ctrl_39.tif,gt_coords/snu16_jc_ctrl_39.npy
snu16_jc_ctrl_40,SNU16,gt_image/snu16_jc_ctrl_40.tif,gt_coords/snu16_jc_ctrl_40.npy
snu16_jc_ctrl_41,SNU16,gt_image/snu16_jc_ctrl_41.tif,gt_coords/snu16_jc_ctrl_41.npy
snu16_jc_ctrl_42,SNU16,gt_image/snu16_jc_ctrl_42.tif,gt_coords/snu16_jc_ctrl_42.npy
snu16_jc_ctrl_43,SNU16,gt_image/snu16_jc_ctrl_43.tif,gt_coords/snu16_jc_ctrl_43.npy
snu16_jc_ctrl_44,SNU16,gt_image/snu16_jc_ctrl_44.tif,gt_coords/snu16_jc_ctrl_44.npy
snu16_jc_ctrl_45,SNU16,gt_image/snu16_jc_ctrl_45.tif,gt_coords/snu16_jc_ctrl_45.npy
snu16_jc_ctrl_46,SNU16,gt_image/snu16_jc_ctrl_46.tif,gt_coords/snu16_jc_ctrl_46.npy
snu16_jc_ctrl_47,SNU16,gt_image/snu16_jc_ctrl_47.tif,gt_coords/snu16_jc_ctrl_47.npy
snu16_jc_ctrl_48,SNU16,gt_image/snu16_jc_ctrl_48.tif,gt_coords/snu16_jc_ctrl_48.npy
snu16_jc_ctrl_50,SNU16,gt_image/snu16_jc_ctrl_50.tif,gt_coords/snu16_jc_ctrl_50.npy
snu16_jc_ctrl_51,SNU16,gt_image/snu16_jc_ctrl_51.tif,gt_coords/snu16_jc_ctrl_51.npy
snu16_jc_ctrl_52,SNU16,gt_image/snu16_jc_ctrl_52.tif,gt_coords/snu16_jc_ctrl_52.npy
snu16_jc_ctrl_53,SNU16,gt_image/snu16_jc_ctrl_53.tif,gt_coords/snu16_jc_ctrl_53.npy
snu16_jc_ctrl_54,SNU16,gt_image/snu16_jc_ctrl_54.tif,gt_coords/snu16_jc_ctrl_54.npy
snu16_jc_ctrl_55,SNU16,gt_image/snu16_jc_ctrl_55.tif,gt_coords/snu16_jc_ctrl_55.npy
snu16_jc_ctrl_56,SNU16,gt_image/snu16_jc_ctrl_56.tif,gt_coords/snu16_jc_ctrl_56.npy
snu16_jc_ctrl_57,SNU16,gt_image/snu16_jc_ctrl_57.tif,gt_coords/snu16_jc_ctrl_57.npy
snu16_jc_ctrl_58,SNU16,gt_image/snu16_jc_ctrl_58.tif,gt_coords/snu16_jc_ctrl_58.npy
snu16_jc_ctrl_59,SNU16,gt_image/snu16_jc_ctrl_59.tif,gt_coords/snu16_jc_ctrl_59.npy
snu16_jc_ctrl_6,SNU16,gt_image/snu16_jc_ctrl_6.tif,gt_coords/snu16_jc_ctrl_6.npy
snu16_jc_ctrl_60,SNU16,gt_image/snu16_jc_ctrl_60.tif,gt_coords/snu16_jc_ctrl_60.npy
snu16_jc_ctrl_61,SNU16,gt_image/snu16_jc_ctrl_61.tif,gt_coords/snu16_jc_ctrl_61.npy
snu16_jc_ctrl_62,SNU16,gt_image/snu16_jc_ctrl_62.tif,gt_coords/snu16_jc_ctrl_62.npy
snu16_jc_ctrl_63,SNU16,gt_image/snu16_jc_ctrl_63.tif,gt_coords/snu16_jc_ctrl_63.npy
snu16_jc_ctrl_64,SNU16,gt_image/snu16_jc_ctrl_64.tif,gt_coords/snu16_jc_ctrl_64.npy
snu16_jc_ctrl_65,SNU16,gt_image/snu16_jc_ctrl_65.tif,gt_coords/snu16_jc_ctrl_65.npy
snu16_jc_ctrl_66,SNU16,gt_image/snu16_jc_ctrl_66.tif,gt_coords/snu16_jc_ctrl_66.npy
snu16_jc_ctrl_67,SNU16,gt_image/snu16_jc_ctrl_67.tif,gt_coords/snu16_jc_ctrl_67.npy
snu16_jc_ctrl_68,SNU16,gt_image/snu16_jc_ctrl_68.tif,gt_coords/snu16_jc_ctrl_68.npy
snu16_jc_ctrl_69,SNU16,gt_image/snu16_jc_ctrl_69.tif,gt_coords/snu16_jc_ctrl_69.npy
snu16_jc_ctrl_70,SNU16,gt_image/snu16_jc_ctrl_70.tif,gt_coords/snu16_jc_ctrl_70.npy
snu16_jc_ctrl_71,SNU16,gt_image/snu16_jc_ctrl_71.tif,gt_coords/snu16_jc_ctrl_71.npy
snu16_jc_ctrl_72,SNU16,gt_image/snu16_jc_ctrl_72.tif,gt_coords/snu16_jc_ctrl_72.npy
snu16_jc_ctrl_73,SNU16,gt_image/snu16_jc_ctrl_73.tif,gt_coords/snu16_jc_ctrl_73.npy
snu16_jc_ctrl_74,SNU16,gt_image/snu16_jc_ctrl_74.tif,gt_coords/snu16_jc_ctrl_74.npy
snu16_jc_ctrl_75,SNU16,gt_image/snu16_jc_ctrl_75.tif,gt_coords/snu16_jc_ctrl_75.npy
snu16_jc_ctrl_76,SNU16,gt_image/snu16_jc_ctrl_76.tif,gt_coords/snu16_jc_ctrl_76.npy
snu16_jc_ctrl_77,SNU16,gt_image/snu16_jc_ctrl_77.tif,gt_coords/snu16_jc_ctrl_77.npy
snu16_jc_ctrl_78,SNU16,gt_image/snu16_jc_ctrl_78.tif,gt_coords/snu16_jc_ctrl_78.npy
snu16_jc_ctrl_79,SNU16,gt_image/snu16_jc_ctrl_79.tif,gt_coords/snu16_jc_ctrl_79.npy
snu16_jc_ctrl_8,SNU16,gt_image/snu16_jc_ctrl_8.tif,gt_coords/snu16_jc_ctrl_8.npy
snu16_jc_ctrl_80,SNU16,gt_image/snu16_jc_ctrl_80.tif,gt_coords/snu16_jc_ctrl_80.npy
snu16_jc_ctrl_81,SNU16,gt_image/snu16_jc_ctrl_81.tif,gt_coords/snu16_jc_ctrl_81.npy
snu16_jc_ctrl_82,SNU16,gt_image/snu16_jc_ctrl_82.tif,gt_coords/snu16_jc_ctrl_82.npy
snu16_jc_ctrl_83,SNU16,gt_image/snu16_jc_ctrl_83.tif,gt_coords/snu16_jc_ctrl_83.npy
snu16_jc_ctrl_84,SNU16,gt_image/snu16_jc_ctrl_84.tif,gt_coords/snu16_jc_ctrl_84.npy
snu16_jc_ctrl_85,SNU16,gt_image/snu16_jc_ctrl_85.tif,gt_coords/snu16_jc_ctrl_85.npy
snu16_jc_ctrl_86,SNU16,gt_image/snu16_jc_ctrl_86.tif,gt_coords/snu16_jc_ctrl_86.npy
snu16_jc_ctrl_87,SNU16,gt_image/snu16_jc_ctrl_87.tif,gt_coords/snu16_jc_ctrl_87.npy
snu16_jc_ctrl_88,SNU16,gt_image/snu16_jc_ctrl_88.tif,gt_coords/snu16_jc_ctrl_88.npy
snu16_jc_ctrl_89,SNU16,gt_image/snu16_jc_ctrl_89.tif,gt_coords/snu16_jc_ctrl_89.npy
snu16_jc_ctrl_9,SNU16,gt_image/snu16_jc_ctrl_9.tif,gt_coords/snu16_jc_ctrl_9.npy
snu16_jc_ctrl_90,SNU16,gt_image/snu16_jc_ctrl_90.tif,gt_coords/snu16_jc_ctrl_90.npy
snu16_jc_ctrl_91,SNU16,gt_image/snu16_jc_ctrl_91.tif,gt_coords/snu16_jc_ctrl_91.npy
snu16_jc_ctrl_92,SNU16,gt_image/snu16_jc_ctrl_92.tif,gt_coords/snu16_jc_ctrl_92.npy
snu16_jc_ctrl_93,SNU16,gt_image/snu16_jc_ctrl_93.tif,gt_coords/snu16_jc_ctrl_93.npy
snu16_jc_ctrl_94,SNU16,gt_image/snu16_jc_ctrl_94.tif,gt_coords/snu16_jc_ctrl_94.npy
snu16_jc_ctrl_95,SNU16,gt_image/snu16_jc_ctrl_95.tif,gt_coords/snu16_jc_ctrl_95.npy
snu16_jc_ctrl_96,SNU16,gt_image/snu16_jc_ctrl_96.tif,gt_coords/snu16_jc_ctrl_96.npy
snu16_jc_ctrl_97,SNU16,gt_image/snu16_jc_ctrl_97.tif,gt_coords/snu16_jc_ctrl_97.npy
snu16_jc_ctrl_98,SNU16,gt_image/snu16_jc_ctrl_98.tif,gt_coords/snu16_jc_ctrl_98.npy
snu16_jc_ctrl_99,SNU16,gt_image/snu16_jc_ctrl_99.tif,gt_coords/snu16_jc_ctrl_99.npy
snu16_jc_jq1_ic50_24h_1,SNU16,gt_image/snu16_jc_jq1_ic50_24h_1.tif,gt_coords/snu16_jc_jq1_ic50_24h_1.npy
snu16_jc_jq1_ic50_24h_10,SNU16,gt_image/snu16_jc_jq1_ic50_24h_10.tif,gt_coords/snu16_jc_jq1_ic50_24h_10.npy
snu16_jc_jq1_ic50_24h_100,SNU16,gt_image/snu16_jc_jq1_ic50_24h_100.tif,gt_coords/snu16_jc_jq1_ic50_24h_100.npy
snu16_jc_jq1_ic50_24h_101,SNU16,gt_image/snu16_jc_jq1_ic50_24h_101.tif,gt_coords/snu16_jc_jq1_ic50_24h_101.npy
snu16_jc_jq1_ic50_24h_102,SNU16,gt_image/snu16_jc_jq1_ic50_24h_102.tif,gt_coords/snu16_jc_jq1_ic50_24h_102.npy
snu16_jc_jq1_ic50_24h_103,SNU16,gt_image/snu16_jc_jq1_ic50_24h_103.tif,gt_coords/snu16_jc_jq1_ic50_24h_103.npy
snu16_jc_jq1_ic50_24h_104,SNU16,gt_image/snu16_jc_jq1_ic50_24h_104.tif,gt_coords/snu16_jc_jq1_ic50_24h_104.npy
snu16_jc_jq1_ic50_24h_105,SNU16,gt_image/snu16_jc_jq1_ic50_24h_105.tif,gt_coords/snu16_jc_jq1_ic50_24h_105.npy
snu16_jc_jq1_ic50_24h_106,SNU16,gt_image/snu16_jc_jq1_ic50_24h_106.tif,gt_coords/snu16_jc_jq1_ic50_24h_106.npy
snu16_jc_jq1_ic50_24h_108,SNU16,gt_image/snu16_jc_jq1_ic50_24h_108.tif,gt_coords/snu16_jc_jq1_ic50_24h_108.npy
snu16_jc_jq1_ic50_24h_109,SNU16,gt_image/snu16_jc_jq1_ic50_24h_109.tif,gt_coords/snu16_jc_jq1_ic50_24h_109.npy
snu16_jc_jq1_ic50_24h_11,SNU16,gt_image/snu16_jc_jq1_ic50_24h_11.tif,gt_coords/snu16_jc_jq1_ic50_24h_11.npy
snu16_jc_jq1_ic50_24h_110,SNU16,gt_image/snu16_jc_jq1_ic50_24h_110.tif,gt_coords/snu16_jc_jq1_ic50_24h_110.npy
snu16_jc_jq1_ic50_24h_111,SNU16,gt_image/snu16_jc_jq1_ic50_24h_111.tif,gt_coords/snu16_jc_jq1_ic50_24h_111.npy
snu16_jc_jq1_ic50_24h_112_a,SNU16,gt_image/snu16_jc_jq1_ic50_24h_112_a.tif,gt_coords/snu16_jc_jq1_ic50_24h_112_a.npy
snu16_jc_jq1_ic50_24h_112_b,SNU16,gt_image/snu16_jc_jq1_ic50_24h_112_b.tif,gt_coords/snu16_jc_jq1_ic50_24h_112_b.npy
snu16_jc_jq1_ic50_24h_114,SNU16,gt_image/snu16_jc_jq1_ic50_24h_114.tif,gt_coords/snu16_jc_jq1_ic50_24h_114.npy
snu16_jc_jq1_ic50_24h_115,SNU16,gt_image/snu16_jc_jq1_ic50_24h_115.tif,gt_coords/snu16_jc_jq1_ic50_24h_115.npy
snu16_jc_jq1_ic50_24h_116,SNU16,gt_image/snu16_jc_jq1_ic50_24h_116.tif,gt_coords/snu16_jc_jq1_ic50_24h_116.npy
snu16_jc_jq1_ic50_24h_117,SNU16,gt_image/snu16_jc_jq1_ic50_24h_117.tif,gt_coords/snu16_jc_jq1_ic50_24h_117.npy
snu16_jc_jq1_ic50_24h_118,SNU16,gt_image/snu16_jc_jq1_ic50_24h_118.tif,gt_coords/snu16_jc_jq1_ic50_24h_118.npy
snu16_jc_jq1_ic50_24h_119,SNU16,gt_image/snu16_jc_jq1_ic50_24h_119.tif,gt_coords/snu16_jc_jq1_ic50_24h_119.npy
snu16_jc_jq1_ic50_24h_12,SNU16,gt_image/snu16_jc_jq1_ic50_24h_12.tif,gt_coords/snu16_jc_jq1_ic50_24h_12.npy
snu16_jc_jq1_ic50_24h_120,SNU16,gt_image/snu16_jc_jq1_ic50_24h_120.tif,gt_coords/snu16_jc_jq1_ic50_24h_120.npy
snu16_jc_jq1_ic50_24h_123,SNU16,gt_image/snu16_jc_jq1_ic50_24h_123.tif,gt_coords/snu16_jc_jq1_ic50_24h_123.npy
snu16_jc_jq1_ic50_24h_124,SNU16,gt_image/snu16_jc_jq1_ic50_24h_124.tif,gt_coords/snu16_jc_jq1_ic50_24h_124.npy
snu16_jc_jq1_ic50_24h_125,SNU16,gt_image/snu16_jc_jq1_ic50_24h_125.tif,gt_coords/snu16_jc_jq1_ic50_24h_125.npy
snu16_jc_jq1_ic50_24h_127,SNU16,gt_image/snu16_jc_jq1_ic50_24h_127.tif,gt_coords/snu16_jc_jq1_ic50_24h_127.npy
snu16_jc_jq1_ic50_24h_128,SNU16,gt_image/snu16_jc_jq1_ic50_24h_128.tif,gt_coords/snu16_jc_jq1_ic50_24h_128.npy
snu16_jc_jq1_ic50_24h_129,SNU16,gt_image/snu16_jc_jq1_ic50_24h_129.tif,gt_coords/snu16_jc_jq1_ic50_24h_129.npy
snu16_jc_jq1_ic50_24h_13,SNU16,gt_image/snu16_jc_jq1_ic50_24h_13.tif,gt_coords/snu16_jc_jq1_ic50_24h_13.npy
snu16_jc_jq1_ic50_24h_130,SNU16,gt_image/snu16_jc_jq1_ic50_24h_130.tif,gt_coords/snu16_jc_jq1_ic50_24h_130.npy
snu16_jc_jq1_ic50_24h_14,SNU16,gt_image/snu16_jc_jq1_ic50_24h_14.tif,gt_coords/snu16_jc_jq1_ic50_24h_14.npy
snu16_jc_jq1_ic50_24h_15,SNU16,gt_image/snu16_jc_jq1_ic50_24h_15.tif,gt_coords/snu16_jc_jq1_ic50_24h_15.npy
snu16_jc_jq1_ic50_24h_16,SNU16,gt_image/snu16_jc_jq1_ic50_24h_16.tif,gt_coords/snu16_jc_jq1_ic50_24h_16.npy
snu16_jc_jq1_ic50_24h_17,SNU16,gt_image/snu16_jc_jq1_ic50_24h_17.tif,gt_coords/snu16_jc_jq1_ic50_24h_17.npy
snu16_jc_jq1_ic50_24h_18,SNU16,gt_image/snu16_jc_jq1_ic50_24h_18.tif,gt_coords/snu16_jc_jq1_ic50_24h_18.npy
snu16_jc_jq1_ic50_24h_19,SNU16,gt_image/snu16_jc_jq1_ic50_24h_19.tif,gt_coords/snu16_jc_jq1_ic50_24h_19.npy
snu16_jc_jq1_ic50_24h_2,SNU16,gt_image/snu16_jc_jq1_ic50_24h_2.tif,gt_coords/snu16_jc_jq1_ic50_24h_2.npy
snu16_jc_jq1_ic50_24h_20,SNU16,gt_image/snu16_jc_jq1_ic50_24h_20.tif,gt_coords/snu16_jc_jq1_ic50_24h_20.npy
snu16_jc_jq1_ic50_24h_21,SNU16,gt_image/snu16_jc_jq1_ic50_24h_21.tif,gt_coords/snu16_jc_jq1_ic50_24h_21.npy
snu16_jc_jq1_ic50_24h_22,SNU16,gt_image/snu16_jc_jq1_ic50_24h_22.tif,gt_coords/snu16_jc_jq1_ic50_24h_22.npy
snu16_jc_jq1_ic50_24h_23,SNU16,gt_image/snu16_jc_jq1_ic50_24h_23.tif,gt_coords/snu16_jc_jq1_ic50_24h_23.npy
snu16_jc_jq1_ic50_24h_24,SNU16,gt_image/snu16_jc_jq1_ic50_24h_24.tif,gt_coords/snu16_jc_jq1_ic50_24h_24.npy
snu16_jc_jq1_ic50_24h_25,SNU16,gt_image/snu16_jc_jq1_ic50_24h_25.tif,gt_coords/snu16_jc_jq1_ic50_24h_25.npy
snu16_jc_jq1_ic50_24h_26,SNU16,gt_image/snu16_jc_jq1_ic50_24h_26.tif,gt_coords/snu16_jc_jq1_ic50_24h_26.npy
snu16_jc_jq1_ic50_24h_27,SNU16,gt_image/snu16_jc_jq1_ic50_24h_27.tif,gt_coords/snu16_jc_jq1_ic50_24h_27.npy
snu16_jc_jq1_ic50_24h_28,SNU16,gt_image/snu16_jc_jq1_ic50_24h_28.tif,gt_coords/snu16_jc_jq1_ic50_24h_28.npy
snu16_jc_jq1_ic50_24h_29,SNU16,gt_image/snu16_jc_jq1_ic50_24h_29.tif,gt_coords/snu16_jc_jq1_ic50_24h_29.npy
snu16_jc_jq1_ic50_24h_3,SNU16,gt_image/snu16_jc_jq1_ic50_24h_3.tif,gt_coords/snu16_jc_jq1_ic50_24h_3.npy
snu16_jc_jq1_ic50_24h_30,SNU16,gt_image/snu16_jc_jq1_ic50_24h_30.tif,gt_coords/snu16_jc_jq1_ic50_24h_30.npy
snu16_jc_jq1_ic50_24h_31,SNU16,gt_image/snu16_jc_jq1_ic50_24h_31.tif,gt_coords/snu16_jc_jq1_ic50_24h_31.npy
snu16_jc_jq1_ic50_24h_32,SNU16,gt_image/snu16_jc_jq1_ic50_24h_32.tif,gt_coords/snu16_jc_jq1_ic50_24h_32.npy
snu16_jc_jq1_ic50_24h_33_a,SNU16,gt_image/snu16_jc_jq1_ic50_24h_33_a.tif,gt_coords/snu16_jc_jq1_ic50_24h_33_a.npy
snu16_jc_jq1_ic50_24h_33_b,SNU16,gt_image/snu16_jc_jq1_ic50_24h_33_b.tif,gt_coords/snu16_jc_jq1_ic50_24h_33_b.npy
snu16_jc_jq1_ic50_24h_34,SNU16,gt_image/snu16_jc_jq1_ic50_24h_34.tif,gt_coords/snu16_jc_jq1_ic50_24h_34.npy
snu16_jc_jq1_ic50_24h_35,SNU16,gt_image/snu16_jc_jq1_ic50_24h_35.tif,gt_coords/snu16_jc_jq1_ic50_24h_35.npy
snu16_jc_jq1_ic50_24h_36,SNU16,gt_image/snu16_jc_jq1_ic50_24h_36.tif,gt_coords/snu16_jc_jq1_ic50_24h_36.npy
snu16_jc_jq1_ic50_24h_37,SNU16,gt_image/snu16_jc_jq1_ic50_24h_37.tif,gt_coords/snu16_jc_jq1_ic50_24h_37.npy
snu16_jc_jq1_ic50_24h_39,SNU16,gt_image/snu16_jc_jq1_ic50_24h_39.tif,gt_coords/snu16_jc_jq1_ic50_24h_39.npy
snu16_jc_jq1_ic50_24h_4,SNU16,gt_image/snu16_jc_jq1_ic50_24h_4.tif,gt_coords/snu16_jc_jq1_ic50_24h_4.npy
snu16_jc_jq1_ic50_24h_40,SNU16,gt_image/snu16_jc_jq1_ic50_24h_40.tif,gt_coords/snu16_jc_jq1_ic50_24h_40.npy
snu16_jc_jq1_ic50_24h_41,SNU16,gt_image/snu16_jc_jq1_ic50_24h_41.tif,gt_coords/snu16_jc_jq1_ic50_24h_41.npy
snu16_jc_jq1_ic50_24h_42,SNU16,gt_image/snu16_jc_jq1_ic50_24h_42.tif,gt_coords/snu16_jc_jq1_ic50_24h_42.npy
snu16_jc_jq1_ic50_24h_43,SNU16,gt_image/snu16_jc_jq1_ic50_24h_43.tif,gt_coords/snu16_jc_jq1_ic50_24h_43.npy
snu16_jc_jq1_ic50_24h_44,SNU16,gt_image/snu16_jc_jq1_ic50_24h_44.tif,gt_coords/snu16_jc_jq1_ic50_24h_44.npy
snu16_jc_jq1_ic50_24h_45,SNU16,gt_image/snu16_jc_jq1_ic50_24h_45.tif,gt_coords/snu16_jc_jq1_ic50_24h_45.npy
snu16_jc_jq1_ic50_24h_46,SNU16,gt_image/snu16_jc_jq1_ic50_24h_46.tif,gt_coords/snu16_jc_jq1_ic50_24h_46.npy
snu16_jc_jq1_ic50_24h_47,SNU16,gt_image/snu16_jc_jq1_ic50_24h_47.tif,gt_coords/snu16_jc_jq1_ic50_24h_47.npy
snu16_jc_jq1_ic50_24h_48,SNU16,gt_image/snu16_jc_jq1_ic50_24h_48.tif,gt_coords/snu16_jc_jq1_ic50_24h_48.npy
snu16_jc_jq1_ic50_24h_49,SNU16,gt_image/snu16_jc_jq1_ic50_24h_49.tif,gt_coords/snu16_jc_jq1_ic50_24h_49.npy
snu16_jc_jq1_ic50_24h_5,SNU16,gt_image/snu16_jc_jq1_ic50_24h_5.tif,gt_coords/snu16_jc_jq1_ic50_24h_5.npy
snu16_jc_jq1_ic50_24h_50,SNU16,gt_image/snu16_jc_jq1_ic50_24h_50.tif,gt_coords/snu16_jc_jq1_ic50_24h_50.npy
snu16_jc_jq1_ic50_24h_51,SNU16,gt_image/snu16_jc_jq1_ic50_24h_51.tif,gt_coords/snu16_jc_jq1_ic50_24h_51.npy
snu16_jc_jq1_ic50_24h_52,SNU16,gt_image/snu16_jc_jq1_ic50_24h_52.tif,gt_coords/snu16_jc_jq1_ic50_24h_52.npy
snu16_jc_jq1_ic50_24h_53,SNU16,gt_image/snu16_jc_jq1_ic50_24h_53.tif,gt_coords/snu16_jc_jq1_ic50_24h_53.npy
snu16_jc_jq1_ic50_24h_54,SNU16,gt_image/snu16_jc_jq1_ic50_24h_54.tif,gt_coords/snu16_jc_jq1_ic50_24h_54.npy
snu16_jc_jq1_ic50_24h_55,SNU16,gt_image/snu16_jc_jq1_ic50_24h_55.tif,gt_coords/snu16_jc_jq1_ic50_24h_55.npy
snu16_jc_jq1_ic50_24h_56,SNU16,gt_image/snu16_jc_jq1_ic50_24h_56.tif,gt_coords/snu16_jc_jq1_ic50_24h_56.npy
snu16_jc_jq1_ic50_24h_57,SNU16,gt_image/snu16_jc_jq1_ic50_24h_57.tif,gt_coords/snu16_jc_jq1_ic50_24h_57.npy
snu16_jc_jq1_ic50_24h_58,SNU16,gt_image/snu16_jc_jq1_ic50_24h_58.tif,gt_coords/snu16_jc_jq1_ic50_24h_58.npy
snu16_jc_jq1_ic50_24h_59,SNU16,gt_image/snu16_jc_jq1_ic50_24h_59.tif,gt_coords/snu16_jc_jq1_ic50_24h_59.npy
snu16_jc_jq1_ic50_24h_6,SNU16,gt_image/snu16_jc_jq1_ic50_24h_6.tif,gt_coords/snu16_jc_jq1_ic50_24h_6.npy
snu16_jc_jq1_ic50_24h_60,SNU16,gt_image/snu16_jc_jq1_ic50_24h_60.tif,gt_coords/snu16_jc_jq1_ic50_24h_60.npy
snu16_jc_jq1_ic50_24h_61_a,SNU16,gt_image/snu16_jc_jq1_ic50_24h_61_a.tif,gt_coords/snu16_jc_jq1_ic50_24h_61_a.npy
snu16_jc_jq1_ic50_24h_61_b,SNU16,gt_image/snu16_jc_jq1_ic50_24h_61_b.tif,gt_coords/snu16_jc_jq1_ic50_24h_61_b.npy
snu16_jc_jq1_ic50_24h_62,SNU16,gt_image/snu16_jc_jq1_ic50_24h_62.tif,gt_coords/snu16_jc_jq1_ic50_24h_62.npy
snu16_jc_jq1_ic50_24h_63,SNU16,gt_image/snu16_jc_jq1_ic50_24h_63.tif,gt_coords/snu16_jc_jq1_ic50_24h_63.npy
snu16_jc_jq1_ic50_24h_64,SNU16,gt_image/snu16_jc_jq1_ic50_24h_64.tif,gt_coords/snu16_jc_jq1_ic50_24h_64.npy
snu16_jc_jq1_ic50_24h_65,SNU16,gt_image/snu16_jc_jq1_ic50_24h_65.tif,gt_coords/snu16_jc_jq1_ic50_24h_65.npy
snu16_jc_jq1_ic50_24h_65_b,SNU16,gt_image/snu16_jc_jq1_ic50_24h_65_b.tif,gt_coords/snu16_jc_jq1_ic50_24h_65_b.npy
snu16_jc_jq1_ic50_24h_66,SNU16,gt_image/snu16_jc_jq1_ic50_24h_66.tif,gt_coords/snu16_jc_jq1_ic50_24h_66.npy
snu16_jc_jq1_ic50_24h_67,SNU16,gt_image/snu16_jc_jq1_ic50_24h_67.tif,gt_coords/snu16_jc_jq1_ic50_24h_67.npy
snu16_jc_jq1_ic50_24h_68,SNU16,gt_image/snu16_jc_jq1_ic50_24h_68.tif,gt_coords/snu16_jc_jq1_ic50_24h_68.npy
snu16_jc_jq1_ic50_24h_69,SNU16,gt_image/snu16_jc_jq1_ic50_24h_69.tif,gt_coords/snu16_jc_jq1_ic50_24h_69.npy
snu16_jc_jq1_ic50_24h_7,SNU16,gt_image/snu16_jc_jq1_ic50_24h_7.tif,gt_coords/snu16_jc_jq1_ic50_24h_7.npy
snu16_jc_jq1_ic50_24h_70,SNU16,gt_image/snu16_jc_jq1_ic50_24h_70.tif,gt_coords/snu16_jc_jq1_ic50_24h_70.npy
snu16_jc_jq1_ic50_24h_71,SNU16,gt_image/snu16_jc_jq1_ic50_24h_71.tif,gt_coords/snu16_jc_jq1_ic50_24h_71.npy
snu16_jc_jq1_ic50_24h_72,SNU16,gt_image/snu16_jc_jq1_ic50_24h_72.tif,gt_coords/snu16_jc_jq1_ic50_24h_72.npy
snu16_jc_jq1_ic50_24h_73,SNU16,gt_image/snu16_jc_jq1_ic50_24h_73.tif,gt_coords/snu16_jc_jq1_ic50_24h_73.npy
snu16_jc_jq1_ic50_24h_74,SNU16,gt_image/snu16_jc_jq1_ic50_24h_74.tif,gt_coords/snu16_jc_jq1_ic50_24h_74.npy
snu16_jc_jq1_ic50_24h_75,SNU16,gt_image/snu16_jc_jq1_ic50_24h_75.tif,gt_coords/snu16_jc_jq1_ic50_24h_75.npy
snu16_jc_jq1_ic50_24h_76,SNU16,gt_image/snu16_jc_jq1_ic50_24h_76.tif,gt_coords/snu16_jc_jq1_ic50_24h_76.npy
snu16_jc_jq1_ic50_24h_77,SNU16,gt_image/snu16_jc_jq1_ic50_24h_77.tif,gt_coords/snu16_jc_jq1_ic50_24h_77.npy
snu16_jc_jq1_ic50_24h_78,SNU16,gt_image/snu16_jc_jq1_ic50_24h_78.tif,gt_coords/snu16_jc_jq1_ic50_24h_78.npy
snu16_jc_jq1_ic50_24h_79,SNU16,gt_image/snu16_jc_jq1_ic50_24h_79.tif,gt_coords/snu16_jc_jq1_ic50_24h_79.npy
snu16_jc_jq1_ic50_24h_8,SNU16,gt_image/snu16_jc_jq1_ic50_24h_8.tif,gt_coords/snu16_jc_jq1_ic50_24h_8.npy
snu16_jc_jq1_ic50_24h_80,SNU16,gt_image/snu16_jc_jq1_ic50_24h_80.tif,gt_coords/snu16_jc_jq1_ic50_24h_80.npy
snu16_jc_jq1_ic50_24h_81,SNU16,gt_image/snu16_jc_jq1_ic50_24h_81.tif,gt_coords/snu16_jc_jq1_ic50_24h_81.npy
snu16_jc_jq1_ic50_24h_83,SNU16,gt_image/snu16_jc_jq1_ic50_24h_83.tif,gt_coords/snu16_jc_jq1_ic50_24h_83.npy
snu16_jc_jq1_ic50_24h_84,SNU16,gt_image/snu16_jc_jq1_ic50_24h_84.tif,gt_coords/snu16_jc_jq1_ic50_24h_84.npy
snu16_jc_jq1_ic50_24h_85,SNU16,gt_image/snu16_jc_jq1_ic50_24h_85.tif,gt_coords/snu16_jc_jq1_ic50_24h_85.npy
snu16_jc_jq1_ic50_24h_86_a,SNU16,gt_image/snu16_jc_jq1_ic50_24h_86_a.tif,gt_coords/snu16_jc_jq1_ic50_24h_86_a.npy
snu16_jc_jq1_ic50_24h_86_b,SNU16,gt_image/snu16_jc_jq1_ic50_24h_86_b.tif,gt_coords/snu16_jc_jq1_ic50_24h_86_b.npy
snu16_jc_jq1_ic50_24h_87,SNU16,gt_image/snu16_jc_jq1_ic50_24h_87.tif,gt_coords/snu16_jc_jq1_ic50_24h_87.npy
snu16_jc_jq1_ic50_24h_88,SNU16,gt_image/snu16_jc_jq1_ic50_24h_88.tif,gt_coords/snu16_jc_jq1_ic50_24h_88.npy
snu16_jc_jq1_ic50_24h_89,SNU16,gt_image/snu16_jc_jq1_ic50_24h_89.tif,gt_coords/snu16_jc_jq1_ic50_24h_89.npy
snu16_jc_jq1_ic50_24h_9,SNU16,gt_image/snu16_jc_jq1_ic50_24h_9.tif,gt_coords/snu16_jc_jq1_ic50_24h_9.npy
snu16_jc_jq1_ic50_24h_90,SNU16,gt_image/snu16_jc_jq1_ic50_24h_90.tif,gt_coords/snu16_jc_jq1_ic50_24h_90.npy
snu16_jc_jq1_ic50_24h_91,SNU16,gt_image/snu16_jc_jq1_ic50_24h_91.tif,gt_coords/snu16_jc_jq1_ic50_24h_91.npy
snu16_jc_jq1_ic50_24h_92,SNU16,gt_image/snu16_jc_jq1_ic50_24h_92.tif,gt_coords/snu16_jc_jq1_ic50_24h_92.npy
snu16_jc_jq1_ic50_24h_93,SNU16,gt_image/snu16_jc_jq1_ic50_24h_93.tif,gt_coords/snu16_jc_jq1_ic50_24h_93.npy
snu16_jc_jq1_ic50_24h_94,SNU16,gt_image/snu16_jc_jq1_ic50_24h_94.tif,gt_coords/snu16_jc_jq1_ic50_24h_94.npy
snu16_jc_jq1_ic50_24h_95,SNU16,gt_image/snu16_jc_jq1_ic50_24h_95.tif,gt_coords/snu16_jc_jq1_ic50_24h_95.npy
snu16_jc_jq1_ic50_24h_96,SNU16,gt_image/snu16_jc_jq1_ic50_24h_96.tif,gt_coords/snu16_jc_jq1_ic50_24h_96.npy
snu16_jc_jq1_ic50_24h_97,SNU16,gt_image/snu16_jc_jq1_ic50_24h_97.tif,gt_coords/snu16_jc_jq1_ic50_24h_97.npy
snu16_jc_jq1_ic50_24h_98,SNU16,gt_image/snu16_jc_jq1_ic50_24h_98.tif,gt_coords/snu16_jc_jq1_ic50_24h_98.npy
snu16_jc_jq1_ic50_24h_99,SNU16,gt_image/snu16_jc_jq1_ic50_24h_99.tif,gt_coords/snu16_jc_jq1_ic50_24h_99.npy
sum159pt_dc_ctrl_1,SUM159PT,gt_image/sum159pt_dc_ctrl_1.tif,gt_coords/sum159pt_dc_ctrl_1.npy
sum159pt_dc_ctrl_10,SUM159PT,gt_image/sum159pt_dc_ctrl_10.tif,gt_coords/sum159pt_dc_ctrl_10.npy
sum159pt_dc_ctrl_100_ab,SUM159PT,gt_image/sum159pt_dc_ctrl_100_ab.tif,gt_coords/sum159pt_dc_ctrl_100_ab.npy
sum159pt_dc_ctrl_101,SUM159PT,gt_image/sum159pt_dc_ctrl_101.tif,gt_coords/sum159pt_dc_ctrl_101.npy
sum159pt_dc_ctrl_102,SUM159PT,gt_image/sum159pt_dc_ctrl_102.tif,gt_coords/sum159pt_dc_ctrl_102.npy
sum159pt_dc_ctrl_103,SUM159PT,gt_image/sum159pt_dc_ctrl_103.tif,gt_coords/sum159pt_dc_ctrl_103.npy
sum159pt_dc_ctrl_104,SUM159PT,gt_image/sum159pt_dc_ctrl_104.tif,gt_coords/sum159pt_dc_ctrl_104.npy
sum159pt_dc_ctrl_105,SUM159PT,gt_image/sum159pt_dc_ctrl_105.tif,gt_coords/sum159pt_dc_ctrl_105.npy
sum159pt_dc_ctrl_106,SUM159PT,gt_image/sum159pt_dc_ctrl_106.tif,gt_coords/sum159pt_dc_ctrl_106.npy
sum159pt_dc_ctrl_107,SUM159PT,gt_image/sum159pt_dc_ctrl_107.tif,gt_coords/sum159pt_dc_ctrl_107.npy
sum159pt_dc_ctrl_108,SUM159PT,gt_image/sum159pt_dc_ctrl_108.tif,gt_coords/sum159pt_dc_ctrl_108.npy
sum159pt_dc_ctrl_109,SUM159PT,gt_image/sum159pt_dc_ctrl_109.tif,gt_coords/sum159pt_dc_ctrl_109.npy
sum159pt_dc_ctrl_11,SUM159PT,gt_image/sum159pt_dc_ctrl_11.tif,gt_coords/sum159pt_dc_ctrl_11.npy
sum159pt_dc_ctrl_110,SUM159PT,gt_image/sum159pt_dc_ctrl_110.tif,gt_coords/sum159pt_dc_ctrl_110.npy
sum159pt_dc_ctrl_111,SUM159PT,gt_image/sum159pt_dc_ctrl_111.tif,gt_coords/sum159pt_dc_ctrl_111.npy
sum159pt_dc_ctrl_112,SUM159PT,gt_image/sum159pt_dc_ctrl_112.tif,gt_coords/sum159pt_dc_ctrl_112.npy
sum159pt_dc_ctrl_113,SUM159PT,gt_image/sum159pt_dc_ctrl_113.tif,gt_coords/sum159pt_dc_ctrl_113.npy
sum159pt_dc_ctrl_114,SUM159PT,gt_image/sum159pt_dc_ctrl_114.tif,gt_coords/sum159pt_dc_ctrl_114.npy
sum159pt_dc_ctrl_115,SUM159PT,gt_image/sum159pt_dc_ctrl_115.tif,gt_coords/sum159pt_dc_ctrl_115.npy
sum159pt_dc_ctrl_116,SUM159PT,gt_image/sum159pt_dc_ctrl_116.tif,gt_coords/sum159pt_dc_ctrl_116.npy
sum159pt_dc_ctrl_117,SUM159PT,gt_image/sum159pt_dc_ctrl_117.tif,gt_coords/sum159pt_dc_ctrl_117.npy
sum159pt_dc_ctrl_118,SUM159PT,gt_image/sum159pt_dc_ctrl_118.tif,gt_coords/sum159pt_dc_ctrl_118.npy
sum159pt_dc_ctrl_119,SUM159PT,gt_image/sum159pt_dc_ctrl_119.tif,gt_coords/sum159pt_dc_ctrl_119.npy
sum159pt_dc_ctrl_12,SUM159PT,gt_image/sum159pt_dc_ctrl_12.tif,gt_coords/sum159pt_dc_ctrl_12.npy
sum159pt_dc_ctrl_120,SUM159PT,gt_image/sum159pt_dc_ctrl_120.tif,gt_coords/sum159pt_dc_ctrl_120.npy
sum159pt_dc_ctrl_13,SUM159PT,gt_image/sum159pt_dc_ctrl_13.tif,gt_coords/sum159pt_dc_ctrl_13.npy
sum159pt_dc_ctrl_14,SUM159PT,gt_image/sum159pt_dc_ctrl_14.tif,gt_coords/sum159pt_dc_ctrl_14.npy
sum159pt_dc_ctrl_15,SUM159PT,gt_image/sum159pt_dc_ctrl_15.tif,gt_coords/sum159pt_dc_ctrl_15.npy
sum159pt_dc_ctrl_16,SUM159PT,gt_image/sum159pt_dc_ctrl_16.tif,gt_coords/sum159pt_dc_ctrl_16.npy
sum159pt_dc_ctrl_17,SUM159PT,gt_image/sum159pt_dc_ctrl_17.tif,gt_coords/sum159pt_dc_ctrl_17.npy
sum159pt_dc_ctrl_18,SUM159PT,gt_image/sum159pt_dc_ctrl_18.tif,gt_coords/sum159pt_dc_ctrl_18.npy
sum159pt_dc_ctrl_19,SUM159PT,gt_image/sum159pt_dc_ctrl_19.tif,gt_coords/sum159pt_dc_ctrl_19.npy
sum159pt_dc_ctrl_2,SUM159PT,gt_image/sum159pt_dc_ctrl_2.tif,gt_coords/sum159pt_dc_ctrl_2.npy
sum159pt_dc_ctrl_20,SUM159PT,gt_image/sum159pt_dc_ctrl_20.tif,gt_coords/sum159pt_dc_ctrl_20.npy
sum159pt_dc_ctrl_21,SUM159PT,gt_image/sum159pt_dc_ctrl_21.tif,gt_coords/sum159pt_dc_ctrl_21.npy
sum159pt_dc_ctrl_22,SUM159PT,gt_image/sum159pt_dc_ctrl_22.tif,gt_coords/sum159pt_dc_ctrl_22.npy
sum159pt_dc_ctrl_23,SUM159PT,gt_image/sum159pt_dc_ctrl_23.tif,gt_coords/sum159pt_dc_ctrl_23.npy
sum159pt_dc_ctrl_24,SUM159PT,gt_image/sum159pt_dc_ctrl_24.tif,gt_coords/sum159pt_dc_ctrl_24.npy
sum159pt_dc_ctrl_25,SUM159PT,gt_image/sum159pt_dc_ctrl_25.tif,gt_coords/sum159pt_dc_ctrl_25.npy
sum159pt_dc_ctrl_26,SUM159PT,gt_image/sum159pt_dc_ctrl_26.tif,gt_coords/sum159pt_dc_ctrl_26.npy
sum159pt_dc_ctrl_27,SUM159PT,gt_image/sum159pt_dc_ctrl_27.tif,gt_coords/sum159pt_dc_ctrl_27.npy
sum159pt_dc_ctrl_28_ab,SUM159PT,gt_image/sum159pt_dc_ctrl_28_ab.tif,gt_coords/sum159pt_dc_ctrl_28_ab.npy
sum159pt_dc_ctrl_29,SUM159PT,gt_image/sum159pt_dc_ctrl_29.tif,gt_coords/sum159pt_dc_ctrl_29.npy
sum159pt_dc_ctrl_30,SUM159PT,gt_image/sum159pt_dc_ctrl_30.tif,gt_coords/sum159pt_dc_ctrl_30.npy
sum159pt_dc_ctrl_31,SUM159PT,gt_image/sum159pt_dc_ctrl_31.tif,gt_coords/sum159pt_dc_ctrl_31.npy
sum159pt_dc_ctrl_32,SUM159PT,gt_image/sum159pt_dc_ctrl_32.tif,gt_coords/sum159pt_dc_ctrl_32.npy
sum159pt_dc_ctrl_33,SUM159PT,gt_image/sum159pt_dc_ctrl_33.tif,gt_coords/sum159pt_dc_ctrl_33.npy
sum159pt_dc_ctrl_35,SUM159PT,gt_image/sum159pt_dc_ctrl_35.tif,gt_coords/sum159pt_dc_ctrl_35.npy
sum159pt_dc_ctrl_36,SUM159PT,gt_image/sum159pt_dc_ctrl_36.tif,gt_coords/sum159pt_dc_ctrl_36.npy
sum159pt_dc_ctrl_37,SUM159PT,gt_image/sum159pt_dc_ctrl_37.tif,gt_coords/sum159pt_dc_ctrl_37.npy
sum159pt_dc_ctrl_38,SUM159PT,gt_image/sum159pt_dc_ctrl_38.tif,gt_coords/sum159pt_dc_ctrl_38.npy
sum159pt_dc_ctrl_39,SUM159PT,gt_image/sum159pt_dc_ctrl_39.tif,gt_coords/sum159pt_dc_ctrl_39.npy
sum159pt_dc_ctrl_4,SUM159PT,gt_image/sum159pt_dc_ctrl_4.tif,gt_coords/sum159pt_dc_ctrl_4.npy
sum159pt_dc_ctrl_40,SUM159PT,gt_image/sum159pt_dc_ctrl_40.tif,gt_coords/sum159pt_dc_ctrl_40.npy
sum159pt_dc_ctrl_41,SUM159PT,gt_image/sum159pt_dc_ctrl_41.tif,gt_coords/sum159pt_dc_ctrl_41.npy
sum159pt_dc_ctrl_42,SUM159PT,gt_image/sum159pt_dc_ctrl_42.tif,gt_coords/sum159pt_dc_ctrl_42.npy
sum159pt_dc_ctrl_43,SUM159PT,gt_image/sum159pt_dc_ctrl_43.tif,gt_coords/sum159pt_dc_ctrl_43.npy
sum159pt_dc_ctrl_44,SUM159PT,gt_image/sum159pt_dc_ctrl_44.tif,gt_coords/sum159pt_dc_ctrl_44.npy
sum159pt_dc_ctrl_45,SUM159PT,gt_image/sum159pt_dc_ctrl_45.tif,gt_coords/sum159pt_dc_ctrl_45.npy
sum159pt_dc_ctrl_46,SUM159PT,gt_image/sum159pt_dc_ctrl_46.tif,gt_coords/sum159pt_dc_ctrl_46.npy
sum159pt_dc_ctrl_47,SUM159PT,gt_image/sum159pt_dc_ctrl_47.tif,gt_coords/sum159pt_dc_ctrl_47.npy
sum159pt_dc_ctrl_48,SUM159PT,gt_image/sum159pt_dc_ctrl_48.tif,gt_coords/sum159pt_dc_ctrl_48.npy
sum159pt_dc_ctrl_49,SUM159PT,gt_image/sum159pt_dc_ctrl_49.tif,gt_coords/sum159pt_dc_ctrl_49.npy
sum159pt_dc_ctrl_5,SUM159PT,gt_image/sum159pt_dc_ctrl_5.tif,gt_coords/sum159pt_dc_ctrl_5.npy
sum159pt_dc_ctrl_50,SUM159PT,gt_image/sum159pt_dc_ctrl_50.tif,gt_coords/sum159pt_dc_ctrl_50.npy
sum159pt_dc_ctrl_51,SUM159PT,gt_image/sum159pt_dc_ctrl_51.tif,gt_coords/sum159pt_dc_ctrl_51.npy
sum159pt_dc_ctrl_52_ab,SUM159PT,gt_image/sum159pt_dc_ctrl_52_ab.tif,gt_coords/sum159pt_dc_ctrl_52_ab.npy
sum159pt_dc_ctrl_53,SUM159PT,gt_image/sum159pt_dc_ctrl_53.tif,gt_coords/sum159pt_dc_ctrl_53.npy
sum159pt_dc_ctrl_54,SUM159PT,gt_image/sum159pt_dc_ctrl_54.tif,gt_coords/sum159pt_dc_ctrl_54.npy
sum159pt_dc_ctrl_55,SUM159PT,gt_image/sum159pt_dc_ctrl_55.tif,gt_coords/sum159pt_dc_ctrl_55.npy
sum159pt_dc_ctrl_56,SUM159PT,gt_image/sum159pt_dc_ctrl_56.tif,gt_coords/sum159pt_dc_ctrl_56.npy
sum159pt_dc_ctrl_58,SUM159PT,gt_image/sum159pt_dc_ctrl_58.tif,gt_coords/sum159pt_dc_ctrl_58.npy
sum159pt_dc_ctrl_59_ab,SUM159PT,gt_image/sum159pt_dc_ctrl_59_ab.tif,gt_coords/sum159pt_dc_ctrl_59_ab.npy
sum159pt_dc_ctrl_6,SUM159PT,gt_image/sum159pt_dc_ctrl_6.tif,gt_coords/sum159pt_dc_ctrl_6.npy
sum159pt_dc_ctrl_60,SUM159PT,gt_image/sum159pt_dc_ctrl_60.tif,gt_coords/sum159pt_dc_ctrl_60.npy
sum159pt_dc_ctrl_61,SUM159PT,gt_image/sum159pt_dc_ctrl_61.tif,gt_coords/sum159pt_dc_ctrl_61.npy
sum159pt_dc_ctrl_62,SUM159PT,gt_image/sum159pt_dc_ctrl_62.tif,gt_coords/sum159pt_dc_ctrl_62.npy
sum159pt_dc_ctrl_63,SUM159PT,gt_image/sum159pt_dc_ctrl_63.tif,gt_coords/sum159pt_dc_ctrl_63.npy
sum159pt_dc_ctrl_64,SUM159PT,gt_image/sum159pt_dc_ctrl_64.tif,gt_coords/sum159pt_dc_ctrl_64.npy
sum159pt_dc_ctrl_65,SUM159PT,gt_image/sum159pt_dc_ctrl_65.tif,gt_coords/sum159pt_dc_ctrl_65.npy
sum159pt_dc_ctrl_66,SUM159PT,gt_image/sum159pt_dc_ctrl_66.tif,gt_coords/sum159pt_dc_ctrl_66.npy
sum159pt_dc_ctrl_67,SUM159PT,gt_image/sum159pt_dc_ctrl_67.tif,gt_coords/sum159pt_dc_ctrl_67.npy
sum159pt_dc_ctrl_68,SUM159PT,gt_image/sum159pt_dc_ctrl_68.tif,gt_coords/sum159pt_dc_ctrl_68.npy
sum159pt_dc_ctrl_69,SUM159PT,gt_image/sum159pt_dc_ctrl_69.tif,gt_coords/sum159pt_dc_ctrl_69.npy
sum159pt_dc_ctrl_7,SUM159PT,gt_image/sum159pt_dc_ctrl_7.tif,gt_coords/sum159pt_dc_ctrl_7.npy
sum159pt_dc_ctrl_70,SUM159PT,gt_image/sum159pt_dc_ctrl_70.tif,gt_coords/sum159pt_dc_ctrl_70.npy
sum159pt_dc_ctrl_71,SUM159PT,gt_image/sum159pt_dc_ctrl_71.tif,gt_coords/sum159pt_dc_ctrl_71.npy
sum159pt_dc_ctrl_72,SUM159PT,gt_image/sum159pt_dc_ctrl_72.tif,gt_coords/sum159pt_dc_ctrl_72.npy
sum159pt_dc_ctrl_73,SUM159PT,gt_image/sum159pt_dc_ctrl_73.tif,gt_coords/sum159pt_dc_ctrl_73.npy
sum159pt_dc_ctrl_75,SUM159PT,gt_image/sum159pt_dc_ctrl_75.tif,gt_coords/sum159pt_dc_ctrl_75.npy
sum159pt_dc_ctrl_76,SUM159PT,gt_image/sum159pt_dc_ctrl_76.tif,gt_coords/sum159pt_dc_ctrl_76.npy
sum159pt_dc_ctrl_77,SUM159PT,gt_image/sum159pt_dc_ctrl_77.tif,gt_coords/sum159pt_dc_ctrl_77.npy
sum159pt_dc_ctrl_78,SUM159PT,gt_image/sum159pt_dc_ctrl_78.tif,gt_coords/sum159pt_dc_ctrl_78.npy
sum159pt_dc_ctrl_79,SUM159PT,gt_image/sum159pt_dc_ctrl_79.tif,gt_coords/sum159pt_dc_ctrl_79.npy
sum159pt_dc_ctrl_8,SUM159PT,gt_image/sum159pt_dc_ctrl_8.tif,gt_coords/sum159pt_dc_ctrl_8.npy
sum159pt_dc_ctrl_80,SUM159PT,gt_image/sum159pt_dc_ctrl_80.tif,gt_coords/sum159pt_dc_ctrl_80.npy
sum159pt_dc_ctrl_81,SUM159PT,gt_image/sum159pt_dc_ctrl_81.tif,gt_coords/sum159pt_dc_ctrl_81.npy
sum159pt_dc_ctrl_82,SUM159PT,gt_image/sum159pt_dc_ctrl_82.tif,gt_coords/sum159pt_dc_ctrl_82.npy
sum159pt_dc_ctrl_83,SUM159PT,gt_image/sum159pt_dc_ctrl_83.tif,gt_coords/sum159pt_dc_ctrl_83.npy
sum159pt_dc_ctrl_84,SUM159PT,gt_image/sum159pt_dc_ctrl_84.tif,gt_coords/sum159pt_dc_ctrl_84.npy
sum159pt_dc_ctrl_85,SUM159PT,gt_image/sum159pt_dc_ctrl_85.tif,gt_coords/sum159pt_dc_ctrl_85.npy
sum159pt_dc_ctrl_86,SUM159PT,gt_image/sum159pt_dc_ctrl_86.tif,gt_coords/sum159pt_dc_ctrl_86.npy
sum159pt_dc_ctrl_87,SUM159PT,gt_image/sum159pt_dc_ctrl_87.tif,gt_coords/sum159pt_dc_ctrl_87.npy
sum159pt_dc_ctrl_88,SUM159PT,gt_image/sum159pt_dc_ctrl_88.tif,gt_coords/sum159pt_dc_ctrl_88.npy
sum159pt_dc_ctrl_89,SUM159PT,gt_image/sum159pt_dc_ctrl_89.tif,gt_coords/sum159pt_dc_ctrl_89.npy
sum159pt_dc_ctrl_9,SUM159PT,gt_image/sum159pt_dc_ctrl_9.tif,gt_coords/sum159pt_dc_ctrl_9.npy
sum159pt_dc_ctrl_90,SUM159PT,gt_image/sum159pt_dc_ctrl_90.tif,gt_coords/sum159pt_dc_ctrl_90.npy
sum159pt_dc_ctrl_91,SUM159PT,gt_image/sum159pt_dc_ctrl_91.tif,gt_coords/sum159pt_dc_ctrl_91.npy
sum159pt_dc_ctrl_92,SUM159PT,gt_image/sum159pt_dc_ctrl_92.tif,gt_coords/sum159pt_dc_ctrl_92.npy
sum159pt_dc_ctrl_93,SUM159PT,gt_image/sum159pt_dc_ctrl_93.tif,gt_coords/sum159pt_dc_ctrl_93.npy
sum159pt_dc_ctrl_94,SUM159PT,gt_image/sum159pt_dc_ctrl_94.tif,gt_coords/sum159pt_dc_ctrl_94.npy
sum159pt_dc_ctrl_95,SUM159PT,gt_image/sum159pt_dc_ctrl_95.tif,gt_coords/sum159pt_dc_ctrl_95.npy
sum159pt_dc_ctrl_96,SUM159PT,gt_image/sum159pt_dc_ctrl_96.tif,gt_coords/sum159pt_dc_ctrl_96.npy
sum159pt_dc_ctrl_97,SUM159PT,gt_image/sum159pt_dc_ctrl_97.tif,gt_coords/sum159pt_dc_ctrl_97.npy
sum159pt_dc_ctrl_98,SUM159PT,gt_image/sum159pt_dc_ctrl_98.tif,gt_coords/sum159pt_dc_ctrl_98.npy
sum159pt_dc_ctrl_99,SUM159PT,gt_image/sum159pt_dc_ctrl_99.tif,gt_coords/sum159pt_dc_ctrl_99.npy
sum159pt_dc_ctrl_p13_2_1,SUM159PT,gt_image/sum159pt_dc_ctrl_p13_2_1.tif,gt_coords/sum159pt_dc_ctrl_p13_2_1.npy
sum159pt_dc_dmso_72hr_1,SUM159PT,gt_image/sum159pt_dc_dmso_72hr_1.tif,gt_coords/sum159pt_dc_dmso_72hr_1.npy
sum159pt_dc_dmso_72hr_10,SUM159PT,gt_image/sum159pt_dc_dmso_72hr_10.tif,gt_coords/sum159pt_dc_dmso_72hr_10.npy
sum159pt_dc_dmso_72hr_100,SUM159PT,gt_image/sum159pt_dc_dmso_72hr_100.tif,gt_coords/sum159pt_dc_dmso_72hr_100.npy
sum159pt_dc_dmso_72hr_101,SUM159PT,gt_image/sum159pt_dc_dmso_72hr_101.tif,gt_coords/sum159pt_dc_dmso_72hr_101.npy
sum159pt_dc_dmso_72hr_102,SUM159PT,gt_image/sum159pt_dc_dmso_72hr_102.tif,gt_coords/sum159pt_dc_dmso_72hr_102.npy
sum159pt_dc_dmso_72hr_103,SUM159PT,gt_image/sum159pt_dc_dmso_72hr_103.tif,gt_coords/sum159pt_dc_dmso_72hr_103.npy
sum159pt_dc_dmso_72hr_104,SUM159PT,gt_image/sum159pt_dc_dmso_72hr_104.tif,gt_coords/sum159pt_dc_dmso_72hr_104.npy
sum159pt_dc_dmso_72hr_105,SUM159PT,gt_image/sum159pt_dc_dmso_72hr_105.tif,gt_coords/sum159pt_dc_dmso_72hr_105.npy
sum159pt_dc_dmso_72hr_106,SUM159PT,gt_image/sum159pt_dc_dmso_72hr_106.tif,gt_coords/sum159pt_dc_dmso_72hr_106.npy
sum159pt_dc_dmso_72hr_107,SUM159PT,gt_image/sum159pt_dc_dmso_72hr_107.tif,gt_coords/sum159pt_dc_dmso_72hr_107.npy
sum159pt_dc_dmso_72hr_108,SUM159PT,gt_image/sum159pt_dc_dmso_72hr_108.tif,gt_coords/sum159pt_dc_dmso_72hr_108.npy
sum159pt_dc_dmso_72hr_109,SUM159PT,gt_image/sum159pt_dc_dmso_72hr_109.tif,gt_coords/sum159pt_dc_dmso_72hr_109.npy
sum159pt_dc_dmso_72hr_11,SUM159PT,gt_image/sum159pt_dc_dmso_72hr_11.tif,gt_coords/sum159pt_dc_dmso_72hr_11.npy
sum159pt_dc_dmso_72hr_110,SUM159PT,gt_image/sum159pt_dc_dmso_72hr_110.tif,gt_coords/sum159pt_dc_dmso_72hr_110.npy
sum159pt_dc_dmso_72hr_111,SUM159PT,gt_image/sum159pt_dc_dmso_72hr_111.tif,gt_coords/sum159pt_dc_dmso_72hr_111.npy
sum159pt_dc_dmso_72hr_112,SUM159PT,gt_image/sum159pt_dc_dmso_72hr_112.tif,gt_coords/sum159pt_dc_dmso_72hr_112.npy
sum159pt_dc_dmso_72hr_113,SUM159PT,gt_image/sum159pt_dc_dmso_72hr_113.tif,gt_coords/sum159pt_dc_dmso_72hr_113.npy
sum159pt_dc_dmso_72hr_114,SUM159PT,gt_image/sum159pt_dc_dmso_72hr_114.tif,gt_coords/sum159pt_dc_dmso_72hr_114.npy
sum159pt_dc_dmso_72hr_115,SUM159PT,gt_image/sum159pt_dc_dmso_72hr_115.tif,gt_coords/sum159pt_dc_dmso_72hr_115.npy
sum159pt_dc_dmso_72hr_116,SUM159PT,gt_image/sum159pt_dc_dmso_72hr_116.tif,gt_coords/sum159pt_dc_dmso_72hr_116.npy
sum159pt_dc_dmso_72hr_117,SUM159PT,gt_image/sum159pt_dc_dmso_72hr_117.tif,gt_coords/sum159pt_dc_dmso_72hr_117.npy
sum159pt_dc_dmso_72hr_118,SUM159PT,gt_image/sum159pt_dc_dmso_72hr_118.tif,gt_coords/sum159pt_dc_dmso_72hr_118.npy
sum159pt_dc_dmso_72hr_119,SUM159PT,gt_image/sum159pt_dc_dmso_72hr_119.tif,gt_coords/sum159pt_dc_dmso_72hr_119.npy
sum159pt_dc_dmso_72hr_12,SUM159PT,gt_image/sum159pt_dc_dmso_72hr_12.tif,gt_coords/sum159pt_dc_dmso_72hr_12.npy
sum159pt_dc_dmso_72hr_120,SUM159PT,gt_image/sum159pt_dc_dmso_72hr_120.tif,gt_coords/sum159pt_dc_dmso_72hr_120.npy
sum159pt_dc_dmso_72hr_13,SUM159PT,gt_image/sum159pt_dc_dmso_72hr_13.tif,gt_coords/sum159pt_dc_dmso_72hr_13.npy
sum159pt_dc_dmso_72hr_14,SUM159PT,gt_image/sum159pt_dc_dmso_72hr_14.tif,gt_coords/sum159pt_dc_dmso_72hr_14.npy
sum159pt_dc_dmso_72hr_15,SUM159PT,gt_image/sum159pt_dc_dmso_72hr_15.tif,gt_coords/sum159pt_dc_dmso_72hr_15.npy
sum159pt_dc_dmso_72hr_16,SUM159PT,gt_image/sum159pt_dc_dmso_72hr_16.tif,gt_coords/sum159pt_dc_dmso_72hr_16.npy
sum159pt_dc_dmso_72hr_17,SUM159PT,gt_image/sum159pt_dc_dmso_72hr_17.tif,gt_coords/sum159pt_dc_dmso_72hr_17.npy
sum159pt_dc_dmso_72hr_18,SUM159PT,gt_image/sum159pt_dc_dmso_72hr_18.tif,gt_coords/sum159pt_dc_dmso_72hr_18.npy
sum159pt_dc_dmso_72hr_19,SUM159PT,gt_image/sum159pt_dc_dmso_72hr_19.tif,gt_coords/sum159pt_dc_dmso_72hr_19.npy
sum159pt_dc_dmso_72hr_20,SUM159PT,gt_image/sum159pt_dc_dmso_72hr_20.tif,gt_coords/sum159pt_dc_dmso_72hr_20.npy
sum159pt_dc_dmso_72hr_21,SUM159PT,gt_image/sum159pt_dc_dmso_72hr_21.tif,gt_coords/sum159pt_dc_dmso_72hr_21.npy
sum159pt_dc_dmso_72hr_22,SUM159PT,gt_image/sum159pt_dc_dmso_72hr_22.tif,gt_coords/sum159pt_dc_dmso_72hr_22.npy
sum159pt_dc_dmso_72hr_23,SUM159PT,gt_image/sum159pt_dc_dmso_72hr_23.tif,gt_coords/sum159pt_dc_dmso_72hr_23.npy
sum159pt_dc_dmso_72hr_24,SUM159PT,gt_image/sum159pt_dc_dmso_72hr_24.tif,gt_coords/sum159pt_dc_dmso_72hr_24.npy
sum159pt_dc_dmso_72hr_25,SUM159PT,gt_image/sum159pt_dc_dmso_72hr_25.tif,gt_coords/sum159pt_dc_dmso_72hr_25.npy
sum159pt_dc_dmso_72hr_26,SUM159PT,gt_image/sum159pt_dc_dmso_72hr_26.tif,gt_coords/sum159pt_dc_dmso_72hr_26.npy
sum159pt_dc_dmso_72hr_27,SUM159PT,gt_image/sum159pt_dc_dmso_72hr_27.tif,gt_coords/sum159pt_dc_dmso_72hr_27.npy
sum159pt_dc_dmso_72hr_28,SUM159PT,gt_image/sum159pt_dc_dmso_72hr_28.tif,gt_coords/sum159pt_dc_dmso_72hr_28.npy
sum159pt_dc_dmso_72hr_29,SUM159PT,gt_image/sum159pt_dc_dmso_72hr_29.tif,gt_coords/sum159pt_dc_dmso_72hr_29.npy
sum159pt_dc_dmso_72hr_2_ab,SUM159PT,gt_image/sum159pt_dc_dmso_72hr_2_ab.tif,gt_coords/sum159pt_dc_dmso_72hr_2_ab.npy
sum159pt_dc_dmso_72hr_3,SUM159PT,gt_image/sum159pt_dc_dmso_72hr_3.tif,gt_coords/sum159pt_dc_dmso_72hr_3.npy
sum159pt_dc_dmso_72hr_30,SUM159PT,gt_image/sum159pt_dc_dmso_72hr_30.tif,gt_coords/sum159pt_dc_dmso_72hr_30.npy
sum159pt_dc_dmso_72hr_31,SUM159PT,gt_image/sum159pt_dc_dmso_72hr_31.tif,gt_coords/sum159pt_dc_dmso_72hr_31.npy
sum159pt_dc_dmso_72hr_32,SUM159PT,gt_image/sum159pt_dc_dmso_72hr_32.tif,gt_coords/sum159pt_dc_dmso_72hr_32.npy
sum159pt_dc_dmso_72hr_33,SUM159PT,gt_image/sum159pt_dc_dmso_72hr_33.tif,gt_coords/sum159pt_dc_dmso_72hr_33.npy
sum159pt_dc_dmso_72hr_34,SUM159PT,gt_image/sum159pt_dc_dmso_72hr_34.tif,gt_coords/sum159pt_dc_dmso_72hr_34.npy
sum159pt_dc_dmso_72hr_35,SUM159PT,gt_image/sum159pt_dc_dmso_72hr_35.tif,gt_coords/sum159pt_dc_dmso_72hr_35.npy
sum159pt_dc_dmso_72hr_36,SUM159PT,gt_image/sum159pt_dc_dmso_72hr_36.tif,gt_coords/sum159pt_dc_dmso_72hr_36.npy
sum159pt_dc_dmso_72hr_37,SUM159PT,gt_image/sum159pt_dc_dmso_72hr_37.tif,gt_coords/sum159pt_dc_dmso_72hr_37.npy
sum159pt_dc_dmso_72hr_38,SUM159PT,gt_image/sum159pt_dc_dmso_72hr_38.tif,gt_coords/sum159pt_dc_dmso_72hr_38.npy
sum159pt_dc_dmso_72hr_39,SUM159PT,gt_image/sum159pt_dc_dmso_72hr_39.tif,gt_coords/sum159pt_dc_dmso_72hr_39.npy
sum159pt_dc_dmso_72hr_4,SUM159PT,gt_image/sum159pt_dc_dmso_72hr_4.tif,gt_coords/sum159pt_dc_dmso_72hr_4.npy
sum159pt_dc_dmso_72hr_40_ab,SUM159PT,gt_image/sum159pt_dc_dmso_72hr_40_ab.tif,gt_coords/sum159pt_dc_dmso_72hr_40_ab.npy
sum159pt_dc_dmso_72hr_41,SUM159PT,gt_image/sum159pt_dc_dmso_72hr_41.tif,gt_coords/sum159pt_dc_dmso_72hr_41.npy
sum159pt_dc_dmso_72hr_42,SUM159PT,gt_image/sum159pt_dc_dmso_72hr_42.tif,gt_coords/sum159pt_dc_dmso_72hr_42.npy
sum159pt_dc_dmso_72hr_43,SUM159PT,gt_image/sum159pt_dc_dmso_72hr_43.tif,gt_coords/sum159pt_dc_dmso_72hr_43.npy
sum159pt_dc_dmso_72hr_44,SUM159PT,gt_image/sum159pt_dc_dmso_72hr_44.tif,gt_coords/sum159pt_dc_dmso_72hr_44.npy
sum159pt_dc_dmso_72hr_45,SUM159PT,gt_image/sum159pt_dc_dmso_72hr_45.tif,gt_coords/sum159pt_dc_dmso_72hr_45.npy
sum159pt_dc_dmso_72hr_46,SUM159PT,gt_image/sum159pt_dc_dmso_72hr_46.tif,gt_coords/sum159pt_dc_dmso_72hr_46.npy
sum159pt_dc_dmso_72hr_47,SUM159PT,gt_image/sum159pt_dc_dmso_72hr_47.tif,gt_coords/sum159pt_dc_dmso_72hr_47.npy
sum159pt_dc_dmso_72hr_48,SUM159PT,gt_image/sum159pt_dc_dmso_72hr_48.tif,gt_coords/sum159pt_dc_dmso_72hr_48.npy
sum159pt_dc_dmso_72hr_49,SUM159PT,gt_image/sum159pt_dc_dmso_72hr_49.tif,gt_coords/sum159pt_dc_dmso_72hr_49.npy
sum159pt_dc_dmso_72hr_5,SUM159PT,gt_image/sum159pt_dc_dmso_72hr_5.tif,gt_coords/sum159pt_dc_dmso_72hr_5.npy
sum159pt_dc_dmso_72hr_50,SUM159PT,gt_image/sum159pt_dc_dmso_72hr_50.tif,gt_coords/sum159pt_dc_dmso_72hr_50.npy
sum159pt_dc_dmso_72hr_51,SUM159PT,gt_image/sum159pt_dc_dmso_72hr_51.tif,gt_coords/sum159pt_dc_dmso_72hr_51.npy
sum159pt_dc_dmso_72hr_52,SUM159PT,gt_image/sum159pt_dc_dmso_72hr_52.tif,gt_coords/sum159pt_dc_dmso_72hr_52.npy
sum159pt_dc_dmso_72hr_53,SUM159PT,gt_image/sum159pt_dc_dmso_72hr_53.tif,gt_coords/sum159pt_dc_dmso_72hr_53.npy
sum159pt_dc_dmso_72hr_54,SUM159PT,gt_image/sum159pt_dc_dmso_72hr_54.tif,gt_coords/sum159pt_dc_dmso_72hr_54.npy
sum159pt_dc_dmso_72hr_55,SUM159PT,gt_image/sum159pt_dc_dmso_72hr_55.tif,gt_coords/sum159pt_dc_dmso_72hr_55.npy
sum159pt_dc_dmso_72hr_56,SUM159PT,gt_image/sum159pt_dc_dmso_72hr_56.tif,gt_coords/sum159pt_dc_dmso_72hr_56.npy
sum159pt_dc_dmso_72hr_57,SUM159PT,gt_image/sum159pt_dc_dmso_72hr_57.tif,gt_coords/sum159pt_dc_dmso_72hr_57.npy
sum159pt_dc_dmso_72hr_58,SUM159PT,gt_image/sum159pt_dc_dmso_72hr_58.tif,gt_coords/sum159pt_dc_dmso_72hr_58.npy
sum159pt_dc_dmso_72hr_59,SUM159PT,gt_image/sum159pt_dc_dmso_72hr_59.tif,gt_coords/sum159pt_dc_dmso_72hr_59.npy
sum159pt_dc_dmso_72hr_6,SUM159PT,gt_image/sum159pt_dc_dmso_72hr_6.tif,gt_coords/sum159pt_dc_dmso_72hr_6.npy
sum159pt_dc_dmso_72hr_60,SUM159PT,gt_image/sum159pt_dc_dmso_72hr_60.tif,gt_coords/sum159pt_dc_dmso_72hr_60.npy
sum159pt_dc_dmso_72hr_61,SUM159PT,gt_image/sum159pt_dc_dmso_72hr_61.tif,gt_coords/sum159pt_dc_dmso_72hr_61.npy
sum159pt_dc_dmso_72hr_62,SUM159PT,gt_image/sum159pt_dc_dmso_72hr_62.tif,gt_coords/sum159pt_dc_dmso_72hr_62.npy
sum159pt_dc_dmso_72hr_63,SUM159PT,gt_image/sum159pt_dc_dmso_72hr_63.tif,gt_coords/sum159pt_dc_dmso_72hr_63.npy
sum159pt_dc_dmso_72hr_65,SUM159PT,gt_image/sum159pt_dc_dmso_72hr_65.tif,gt_coords/sum159pt_dc_dmso_72hr_65.npy
sum159pt_dc_dmso_72hr_66,SUM159PT,gt_image/sum159pt_dc_dmso_72hr_66.tif,gt_coords/sum159pt_dc_dmso_72hr_66.npy
sum159pt_dc_dmso_72hr_67,SUM159PT,gt_image/sum159pt_dc_dmso_72hr_67.tif,gt_coords/sum159pt_dc_dmso_72hr_67.npy
sum159pt_dc_dmso_72hr_68,SUM159PT,gt_image/sum159pt_dc_dmso_72hr_68.tif,gt_coords/sum159pt_dc_dmso_72hr_68.npy
sum159pt_dc_dmso_72hr_69,SUM159PT,gt_image/sum159pt_dc_dmso_72hr_69.tif,gt_coords/sum159pt_dc_dmso_72hr_69.npy
sum159pt_dc_dmso_72hr_7,SUM159PT,gt_image/sum159pt_dc_dmso_72hr_7.tif,gt_coords/sum159pt_dc_dmso_72hr_7.npy
sum159pt_dc_dmso_72hr_70_ab,SUM159PT,gt_image/sum159pt_dc_dmso_72hr_70_ab.tif,gt_coords/sum159pt_dc_dmso_72hr_70_ab.npy
sum159pt_dc_dmso_72hr_71,SUM159PT,gt_image/sum159pt_dc_dmso_72hr_71.tif,gt_coords/sum159pt_dc_dmso_72hr_71.npy
sum159pt_dc_dmso_72hr_72,SUM159PT,gt_image/sum159pt_dc_dmso_72hr_72.tif,gt_coords/sum159pt_dc_dmso_72hr_72.npy
sum159pt_dc_dmso_72hr_73,SUM159PT,gt_image/sum159pt_dc_dmso_72hr_73.tif,gt_coords/sum159pt_dc_dmso_72hr_73.npy
sum159pt_dc_dmso_72hr_74,SUM159PT,gt_image/sum159pt_dc_dmso_72hr_74.tif,gt_coords/sum159pt_dc_dmso_72hr_74.npy
sum159pt_dc_dmso_72hr_75,SUM159PT,gt_image/sum159pt_dc_dmso_72hr_75.tif,gt_coords/sum159pt_dc_dmso_72hr_75.npy
sum159pt_dc_dmso_72hr_76,SUM159PT,gt_image/sum159pt_dc_dmso_72hr_76.tif,gt_coords/sum159pt_dc_dmso_72hr_76.npy
sum159pt_dc_dmso_72hr_77,SUM159PT,gt_image/sum159pt_dc_dmso_72hr_77.tif,gt_coords/sum159pt_dc_dmso_72hr_77.npy
sum159pt_dc_dmso_72hr_78,SUM159PT,gt_image/sum159pt_dc_dmso_72hr_78.tif,gt_coords/sum159pt_dc_dmso_72hr_78.npy
sum159pt_dc_dmso_72hr_79,SUM159PT,gt_image/sum159pt_dc_dmso_72hr_79.tif,gt_coords/sum159pt_dc_dmso_72hr_79.npy
sum159pt_dc_dmso_72hr_8,SUM159PT,gt_image/sum159pt_dc_dmso_72hr_8.tif,gt_coords/sum159pt_dc_dmso_72hr_8.npy
sum159pt_dc_dmso_72hr_80_ab,SUM159PT,gt_image/sum159pt_dc_dmso_72hr_80_ab.tif,gt_coords/sum159pt_dc_dmso_72hr_80_ab.npy
sum159pt_dc_dmso_72hr_81,SUM159PT,gt_image/sum159pt_dc_dmso_72hr_81.tif,gt_coords/sum159pt_dc_dmso_72hr_81.npy
sum159pt_dc_dmso_72hr_82,SUM159PT,gt_image/sum159pt_dc_dmso_72hr_82.tif,gt_coords/sum159pt_dc_dmso_72hr_82.npy
sum159pt_dc_dmso_72hr_83,SUM159PT,gt_image/sum159pt_dc_dmso_72hr_83.tif,gt_coords/sum159pt_dc_dmso_72hr_83.npy
sum159pt_dc_dmso_72hr_84,SUM159PT,gt_image/sum159pt_dc_dmso_72hr_84.tif,gt_coords/sum159pt_dc_dmso_72hr_84.npy
sum159pt_dc_dmso_72hr_85,SUM159PT,gt_image/sum159pt_dc_dmso_72hr_85.tif,gt_coords/sum159pt_dc_dmso_72hr_85.npy
sum159pt_dc_dmso_72hr_86,SUM159PT,gt_image/sum159pt_dc_dmso_72hr_86.tif,gt_coords/sum159pt_dc_dmso_72hr_86.npy
sum159pt_dc_dmso_72hr_87,SUM159PT,gt_image/sum159pt_dc_dmso_72hr_87.tif,gt_coords/sum159pt_dc_dmso_72hr_87.npy
sum159pt_dc_dmso_72hr_88,SUM159PT,gt_image/sum159pt_dc_dmso_72hr_88.tif,gt_coords/sum159pt_dc_dmso_72hr_88.npy
sum159pt_dc_dmso_72hr_89,SUM159PT,gt_image/sum159pt_dc_dmso_72hr_89.tif,gt_coords/sum159pt_dc_dmso_72hr_89.npy
sum159pt_dc_dmso_72hr_9,SUM159PT,gt_image/sum159pt_dc_dmso_72hr_9.tif,gt_coords/sum159pt_dc_dmso_72hr_9.npy
sum159pt_dc_dmso_72hr_90,SUM159PT,gt_image/sum159pt_dc_dmso_72hr_90.tif,gt_coords/sum159pt_dc_dmso_72hr_90.npy
sum159pt_dc_dmso_72hr_91,SUM159PT,gt_image/sum159pt_dc_dmso_72hr_91.tif,gt_coords/sum159pt_dc_dmso_72hr_91.npy
sum159pt_dc_dmso_72hr_92,SUM159PT,gt_image/sum159pt_dc_dmso_72hr_92.tif,gt_coords/sum159pt_dc_dmso_72hr_92.npy
sum159pt_dc_dmso_72hr_93,SUM159PT,gt_image/sum159pt_dc_dmso_72hr_93.tif,gt_coords/sum159pt_dc_dmso_72hr_93.npy
sum159pt_dc_dmso_72hr_94,SUM159PT,gt_image/sum159pt_dc_dmso_72hr_94.tif,gt_coords/sum159pt_dc_dmso_72hr_94.npy
sum159pt_dc_dmso_72hr_95,SUM159PT,gt_image/sum159pt_dc_dmso_72hr_95.tif,gt_coords/sum159pt_dc_dmso_72hr_95.npy
sum159pt_dc_dmso_72hr_96,SUM159PT,gt_image/sum159pt_dc_dmso_72hr_96.tif,gt_coords/sum159pt_dc_dmso_72hr_96.npy
sum159pt_dc_dmso_72hr_97,SUM159PT,gt_image/sum159pt_dc_dmso_72hr_97.tif,gt_coords/sum159pt_dc_dmso_72hr_97.npy
sum159pt_dc_dmso_72hr_98,SUM159PT,gt_image/sum159pt_dc_dmso_72hr_98.tif,gt_coords/sum159pt_dc_dmso_72hr_98.npy
sum159pt_dc_dmso_72hr_99,SUM159PT,gt_image/sum159pt_dc_dmso_72hr_99.tif,gt_coords/sum159pt_dc_dmso_72hr_99.npy
sum159pt_dc_jq1_24hr_1,SUM159PT,gt_image/sum159pt_dc_jq1_24hr_1.tif,gt_coords/sum159pt_dc_jq1_24hr_1.npy
sum159pt_dc_jq1_24hr_10,SUM159PT,gt_image/sum159pt_dc_jq1_24hr_10.tif,gt_coords/sum159pt_dc_jq1_24hr_10.npy
sum159pt_dc_jq1_24hr_100,SUM159PT,gt_image/sum159pt_dc_jq1_24hr_100.tif,gt_coords/sum159pt_dc_jq1_24hr_100.npy
sum159pt_dc_jq1_24hr_101,SUM159PT,gt_image/sum159pt_dc_jq1_24hr_101.tif,gt_coords/sum159pt_dc_jq1_24hr_101.npy
sum159pt_dc_jq1_24hr_102,SUM159PT,gt_image/sum159pt_dc_jq1_24hr_102.tif,gt_coords/sum159pt_dc_jq1_24hr_102.npy
sum159pt_dc_jq1_24hr_103,SUM159PT,gt_image/sum159pt_dc_jq1_24hr_103.tif,gt_coords/sum159pt_dc_jq1_24hr_103.npy
sum159pt_dc_jq1_24hr_104,SUM159PT,gt_image/sum159pt_dc_jq1_24hr_104.tif,gt_coords/sum159pt_dc_jq1_24hr_104.npy
sum159pt_dc_jq1_24hr_105,SUM159PT,gt_image/sum159pt_dc_jq1_24hr_105.tif,gt_coords/sum159pt_dc_jq1_24hr_105.npy
sum159pt_dc_jq1_24hr_106,SUM159PT,gt_image/sum159pt_dc_jq1_24hr_106.tif,gt_coords/sum159pt_dc_jq1_24hr_106.npy
sum159pt_dc_jq1_24hr_107,SUM159PT,gt_image/sum159pt_dc_jq1_24hr_107.tif,gt_coords/sum159pt_dc_jq1_24hr_107.npy
sum159pt_dc_jq1_24hr_108,SUM159PT,gt_image/sum159pt_dc_jq1_24hr_108.tif,gt_coords/sum159pt_dc_jq1_24hr_108.npy
sum159pt_dc_jq1_24hr_109,SUM159PT,gt_image/sum159pt_dc_jq1_24hr_109.tif,gt_coords/sum159pt_dc_jq1_24hr_109.npy
sum159pt_dc_jq1_24hr_11,SUM159PT,gt_image/sum159pt_dc_jq1_24hr_11.tif,gt_coords/sum159pt_dc_jq1_24hr_11.npy
sum159pt_dc_jq1_24hr_110,SUM159PT,gt_image/sum159pt_dc_jq1_24hr_110.tif,gt_coords/sum159pt_dc_jq1_24hr_110.npy
sum159pt_dc_jq1_24hr_111,SUM159PT,gt_image/sum159pt_dc_jq1_24hr_111.tif,gt_coords/sum159pt_dc_jq1_24hr_111.npy
sum159pt_dc_jq1_24hr_112,SUM159PT,gt_image/sum159pt_dc_jq1_24hr_112.tif,gt_coords/sum159pt_dc_jq1_24hr_112.npy
sum159pt_dc_jq1_24hr_113,SUM159PT,gt_image/sum159pt_dc_jq1_24hr_113.tif,gt_coords/sum159pt_dc_jq1_24hr_113.npy
sum159pt_dc_jq1_24hr_114,SUM159PT,gt_image/sum159pt_dc_jq1_24hr_114.tif,gt_coords/sum159pt_dc_jq1_24hr_114.npy
sum159pt_dc_jq1_24hr_115,SUM159PT,gt_image/sum159pt_dc_jq1_24hr_115.tif,gt_coords/sum159pt_dc_jq1_24hr_115.npy
sum159pt_dc_jq1_24hr_116,SUM159PT,gt_image/sum159pt_dc_jq1_24hr_116.tif,gt_coords/sum159pt_dc_jq1_24hr_116.npy
sum159pt_dc_jq1_24hr_117,SUM159PT,gt_image/sum159pt_dc_jq1_24hr_117.tif,gt_coords/sum159pt_dc_jq1_24hr_117.npy
sum159pt_dc_jq1_24hr_118,SUM159PT,gt_image/sum159pt_dc_jq1_24hr_118.tif,gt_coords/sum159pt_dc_jq1_24hr_118.npy
sum159pt_dc_jq1_24hr_119,SUM159PT,gt_image/sum159pt_dc_jq1_24hr_119.tif,gt_coords/sum159pt_dc_jq1_24hr_119.npy
sum159pt_dc_jq1_24hr_12,SUM159PT,gt_image/sum159pt_dc_jq1_24hr_12.tif,gt_coords/sum159pt_dc_jq1_24hr_12.npy
sum159pt_dc_jq1_24hr_120,SUM159PT,gt_image/sum159pt_dc_jq1_24hr_120.tif,gt_coords/sum159pt_dc_jq1_24hr_120.npy
sum159pt_dc_jq1_24hr_13,SUM159PT,gt_image/sum159pt_dc_jq1_24hr_13.tif,gt_coords/sum159pt_dc_jq1_24hr_13.npy
sum159pt_dc_jq1_24hr_14,SUM159PT,gt_image/sum159pt_dc_jq1_24hr_14.tif,gt_coords/sum159pt_dc_jq1_24hr_14.npy
sum159pt_dc_jq1_24hr_15,SUM159PT,gt_image/sum159pt_dc_jq1_24hr_15.tif,gt_coords/sum159pt_dc_jq1_24hr_15.npy
sum159pt_dc_jq1_24hr_16,SUM159PT,gt_image/sum159pt_dc_jq1_24hr_16.tif,gt_coords/sum159pt_dc_jq1_24hr_16.npy
sum159pt_dc_jq1_24hr_17,SUM159PT,gt_image/sum159pt_dc_jq1_24hr_17.tif,gt_coords/sum159pt_dc_jq1_24hr_17.npy
sum159pt_dc_jq1_24hr_18,SUM159PT,gt_image/sum159pt_dc_jq1_24hr_18.tif,gt_coords/sum159pt_dc_jq1_24hr_18.npy
sum159pt_dc_jq1_24hr_19_ab,SUM159PT,gt_image/sum159pt_dc_jq1_24hr_19_ab.tif,gt_coords/sum159pt_dc_jq1_24hr_19_ab.npy
sum159pt_dc_jq1_24hr_2,SUM159PT,gt_image/sum159pt_dc_jq1_24hr_2.tif,gt_coords/sum159pt_dc_jq1_24hr_2.npy
sum159pt_dc_jq1_24hr_20,SUM159PT,gt_image/sum159pt_dc_jq1_24hr_20.tif,gt_coords/sum159pt_dc_jq1_24hr_20.npy
sum159pt_dc_jq1_24hr_21,SUM159PT,gt_image/sum159pt_dc_jq1_24hr_21.tif,gt_coords/sum159pt_dc_jq1_24hr_21.npy
sum159pt_dc_jq1_24hr_22,SUM159PT,gt_image/sum159pt_dc_jq1_24hr_22.tif,gt_coords/sum159pt_dc_jq1_24hr_22.npy
sum159pt_dc_jq1_24hr_23,SUM159PT,gt_image/sum159pt_dc_jq1_24hr_23.tif,gt_coords/sum159pt_dc_jq1_24hr_23.npy
sum159pt_dc_jq1_24hr_24,SUM159PT,gt_image/sum159pt_dc_jq1_24hr_24.tif,gt_coords/sum159pt_dc_jq1_24hr_24.npy
sum159pt_dc_jq1_24hr_25,SUM159PT,gt_image/sum159pt_dc_jq1_24hr_25.tif,gt_coords/sum159pt_dc_jq1_24hr_25.npy
sum159pt_dc_jq1_24hr_26,SUM159PT,gt_image/sum159pt_dc_jq1_24hr_26.tif,gt_coords/sum159pt_dc_jq1_24hr_26.npy
sum159pt_dc_jq1_24hr_27,SUM159PT,gt_image/sum159pt_dc_jq1_24hr_27.tif,gt_coords/sum159pt_dc_jq1_24hr_27.npy
sum159pt_dc_jq1_24hr_28,SUM159PT,gt_image/sum159pt_dc_jq1_24hr_28.tif,gt_coords/sum159pt_dc_jq1_24hr_28.npy
sum159pt_dc_jq1_24hr_29,SUM159PT,gt_image/sum159pt_dc_jq1_24hr_29.tif,gt_coords/sum159pt_dc_jq1_24hr_29.npy
sum159pt_dc_jq1_24hr_3,SUM159PT,gt_image/sum159pt_dc_jq1_24hr_3.tif,gt_coords/sum159pt_dc_jq1_24hr_3.npy
sum159pt_dc_jq1_24hr_30,SUM159PT,gt_image/sum159pt_dc_jq1_24hr_30.tif,gt_coords/sum159pt_dc_jq1_24hr_30.npy
sum159pt_dc_jq1_24hr_31,SUM159PT,gt_image/sum159pt_dc_jq1_24hr_31.tif,gt_coords/sum159pt_dc_jq1_24hr_31.npy
sum159pt_dc_jq1_24hr_32,SUM159PT,gt_image/sum159pt_dc_jq1_24hr_32.tif,gt_coords/sum159pt_dc_jq1_24hr_32.npy
sum159pt_dc_jq1_24hr_33,SUM159PT,gt_image/sum159pt_dc_jq1_24hr_33.tif,gt_coords/sum159pt_dc_jq1_24hr_33.npy
sum159pt_dc_jq1_24hr_34,SUM159PT,gt_image/sum159pt_dc_jq1_24hr_34.tif,gt_coords/sum159pt_dc_jq1_24hr_34.npy
sum159pt_dc_jq1_24hr_35,SUM159PT,gt_image/sum159pt_dc_jq1_24hr_35.tif,gt_coords/sum159pt_dc_jq1_24hr_35.npy
sum159pt_dc_jq1_24hr_36,SUM159PT,gt_image/sum159pt_dc_jq1_24hr_36.tif,gt_coords/sum159pt_dc_jq1_24hr_36.npy
sum159pt_dc_jq1_24hr_37,SUM159PT,gt_image/sum159pt_dc_jq1_24hr_37.tif,gt_coords/sum159pt_dc_jq1_24hr_37.npy
sum159pt_dc_jq1_24hr_38,SUM159PT,gt_image/sum159pt_dc_jq1_24hr_38.tif,gt_coords/sum159pt_dc_jq1_24hr_38.npy
sum159pt_dc_jq1_24hr_39,SUM159PT,gt_image/sum159pt_dc_jq1_24hr_39.tif,gt_coords/sum159pt_dc_jq1_24hr_39.npy
sum159pt_dc_jq1_24hr_4,SUM159PT,gt_image/sum159pt_dc_jq1_24hr_4.tif,gt_coords/sum159pt_dc_jq1_24hr_4.npy
sum159pt_dc_jq1_24hr_40,SUM159PT,gt_image/sum159pt_dc_jq1_24hr_40.tif,gt_coords/sum159pt_dc_jq1_24hr_40.npy
sum159pt_dc_jq1_24hr_41,SUM159PT,gt_image/sum159pt_dc_jq1_24hr_41.tif,gt_coords/sum159pt_dc_jq1_24hr_41.npy
sum159pt_dc_jq1_24hr_42,SUM159PT,gt_image/sum159pt_dc_jq1_24hr_42.tif,gt_coords/sum159pt_dc_jq1_24hr_42.npy
sum159pt_dc_jq1_24hr_43,SUM159PT,gt_image/sum159pt_dc_jq1_24hr_43.tif,gt_coords/sum159pt_dc_jq1_24hr_43.npy
sum159pt_dc_jq1_24hr_44,SUM159PT,gt_image/sum159pt_dc_jq1_24hr_44.tif,gt_coords/sum159pt_dc_jq1_24hr_44.npy
sum159pt_dc_jq1_24hr_45,SUM159PT,gt_image/sum159pt_dc_jq1_24hr_45.tif,gt_coords/sum159pt_dc_jq1_24hr_45.npy
sum159pt_dc_jq1_24hr_46,SUM159PT,gt_image/sum159pt_dc_jq1_24hr_46.tif,gt_coords/sum159pt_dc_jq1_24hr_46.npy
sum159pt_dc_jq1_24hr_47,SUM159PT,gt_image/sum159pt_dc_jq1_24hr_47.tif,gt_coords/sum159pt_dc_jq1_24hr_47.npy
sum159pt_dc_jq1_24hr_48,SUM159PT,gt_image/sum159pt_dc_jq1_24hr_48.tif,gt_coords/sum159pt_dc_jq1_24hr_48.npy
sum159pt_dc_jq1_24hr_49,SUM159PT,gt_image/sum159pt_dc_jq1_24hr_49.tif,gt_coords/sum159pt_dc_jq1_24hr_49.npy
sum159pt_dc_jq1_24hr_5,SUM159PT,gt_image/sum159pt_dc_jq1_24hr_5.tif,gt_coords/sum159pt_dc_jq1_24hr_5.npy
sum159pt_dc_jq1_24hr_50,SUM159PT,gt_image/sum159pt_dc_jq1_24hr_50.tif,gt_coords/sum159pt_dc_jq1_24hr_50.npy
sum159pt_dc_jq1_24hr_51,SUM159PT,gt_image/sum159pt_dc_jq1_24hr_51.tif,gt_coords/sum159pt_dc_jq1_24hr_51.npy
sum159pt_dc_jq1_24hr_52,SUM159PT,gt_image/sum159pt_dc_jq1_24hr_52.tif,gt_coords/sum159pt_dc_jq1_24hr_52.npy
sum159pt_dc_jq1_24hr_53,SUM159PT,gt_image/sum159pt_dc_jq1_24hr_53.tif,gt_coords/sum159pt_dc_jq1_24hr_53.npy
sum159pt_dc_jq1_24hr_54,SUM159PT,gt_image/sum159pt_dc_jq1_24hr_54.tif,gt_coords/sum159pt_dc_jq1_24hr_54.npy
sum159pt_dc_jq1_24hr_55,SUM159PT,gt_image/sum159pt_dc_jq1_24hr_55.tif,gt_coords/sum159pt_dc_jq1_24hr_55.npy
sum159pt_dc_jq1_24hr_56,SUM159PT,gt_image/sum159pt_dc_jq1_24hr_56.tif,gt_coords/sum159pt_dc_jq1_24hr_56.npy
sum159pt_dc_jq1_24hr_57,SUM159PT,gt_image/sum159pt_dc_jq1_24hr_57.tif,gt_coords/sum159pt_dc_jq1_24hr_57.npy
sum159pt_dc_jq1_24hr_58,SUM159PT,gt_image/sum159pt_dc_jq1_24hr_58.tif,gt_coords/sum159pt_dc_jq1_24hr_58.npy
sum159pt_dc_jq1_24hr_59,SUM159PT,gt_image/sum159pt_dc_jq1_24hr_59.tif,gt_coords/sum159pt_dc_jq1_24hr_59.npy
sum159pt_dc_jq1_24hr_6,SUM159PT,gt_image/sum159pt_dc_jq1_24hr_6.tif,gt_coords/sum159pt_dc_jq1_24hr_6.npy
sum159pt_dc_jq1_24hr_60,SUM159PT,gt_image/sum159pt_dc_jq1_24hr_60.tif,gt_coords/sum159pt_dc_jq1_24hr_60.npy
sum159pt_dc_jq1_24hr_62,SUM159PT,gt_image/sum159pt_dc_jq1_24hr_62.tif,gt_coords/sum159pt_dc_jq1_24hr_62.npy
sum159pt_dc_jq1_24hr_63,SUM159PT,gt_image/sum159pt_dc_jq1_24hr_63.tif,gt_coords/sum159pt_dc_jq1_24hr_63.npy
sum159pt_dc_jq1_24hr_64,SUM159PT,gt_image/sum159pt_dc_jq1_24hr_64.tif,gt_coords/sum159pt_dc_jq1_24hr_64.npy
sum159pt_dc_jq1_24hr_65,SUM159PT,gt_image/sum159pt_dc_jq1_24hr_65.tif,gt_coords/sum159pt_dc_jq1_24hr_65.npy
sum159pt_dc_jq1_24hr_66,SUM159PT,gt_image/sum159pt_dc_jq1_24hr_66.tif,gt_coords/sum159pt_dc_jq1_24hr_66.npy
sum159pt_dc_jq1_24hr_67,SUM159PT,gt_image/sum159pt_dc_jq1_24hr_67.tif,gt_coords/sum159pt_dc_jq1_24hr_67.npy
sum159pt_dc_jq1_24hr_68,SUM159PT,gt_image/sum159pt_dc_jq1_24hr_68.tif,gt_coords/sum159pt_dc_jq1_24hr_68.npy
sum159pt_dc_jq1_24hr_69,SUM159PT,gt_image/sum159pt_dc_jq1_24hr_69.tif,gt_coords/sum159pt_dc_jq1_24hr_69.npy
sum159pt_dc_jq1_24hr_7,SUM159PT,gt_image/sum159pt_dc_jq1_24hr_7.tif,gt_coords/sum159pt_dc_jq1_24hr_7.npy
sum159pt_dc_jq1_24hr_70,SUM159PT,gt_image/sum159pt_dc_jq1_24hr_70.tif,gt_coords/sum159pt_dc_jq1_24hr_70.npy
sum159pt_dc_jq1_24hr_71,SUM159PT,gt_image/sum159pt_dc_jq1_24hr_71.tif,gt_coords/sum159pt_dc_jq1_24hr_71.npy
sum159pt_dc_jq1_24hr_72,SUM159PT,gt_image/sum159pt_dc_jq1_24hr_72.tif,gt_coords/sum159pt_dc_jq1_24hr_72.npy
sum159pt_dc_jq1_24hr_73,SUM159PT,gt_image/sum159pt_dc_jq1_24hr_73.tif,gt_coords/sum159pt_dc_jq1_24hr_73.npy
sum159pt_dc_jq1_24hr_74,SUM159PT,gt_image/sum159pt_dc_jq1_24hr_74.tif,gt_coords/sum159pt_dc_jq1_24hr_74.npy
sum159pt_dc_jq1_24hr_75,SUM159PT,gt_image/sum159pt_dc_jq1_24hr_75.tif,gt_coords/sum159pt_dc_jq1_24hr_75.npy
sum159pt_dc_jq1_24hr_76,SUM159PT,gt_image/sum159pt_dc_jq1_24hr_76.tif,gt_coords/sum159pt_dc_jq1_24hr_76.npy
sum159pt_dc_jq1_24hr_77,SUM159PT,gt_image/sum159pt_dc_jq1_24hr_77.tif,gt_coords/sum159pt_dc_jq1_24hr_77.npy
sum159pt_dc_jq1_24hr_78,SUM159PT,gt_image/sum159pt_dc_jq1_24hr_78.tif,gt_coords/sum159pt_dc_jq1_24hr_78.npy
sum159pt_dc_jq1_24hr_79,SUM159PT,gt_image/sum159pt_dc_jq1_24hr_79.tif,gt_coords/sum159pt_dc_jq1_24hr_79.npy
sum159pt_dc_jq1_24hr_8,SUM159PT,gt_image/sum159pt_dc_jq1_24hr_8.tif,gt_coords/sum159pt_dc_jq1_24hr_8.npy
sum159pt_dc_jq1_24hr_80,SUM159PT,gt_image/sum159pt_dc_jq1_24hr_80.tif,gt_coords/sum159pt_dc_jq1_24hr_80.npy
sum159pt_dc_jq1_24hr_81,SUM159PT,gt_image/sum159pt_dc_jq1_24hr_81.tif,gt_coords/sum159pt_dc_jq1_24hr_81.npy
sum159pt_dc_jq1_24hr_82,SUM159PT,gt_image/sum159pt_dc_jq1_24hr_82.tif,gt_coords/sum159pt_dc_jq1_24hr_82.npy
sum159pt_dc_jq1_24hr_83,SUM159PT,gt_image/sum159pt_dc_jq1_24hr_83.tif,gt_coords/sum159pt_dc_jq1_24hr_83.npy
sum159pt_dc_jq1_24hr_84,SUM159PT,gt_image/sum159pt_dc_jq1_24hr_84.tif,gt_coords/sum159pt_dc_jq1_24hr_84.npy
sum159pt_dc_jq1_24hr_85,SUM159PT,gt_image/sum159pt_dc_jq1_24hr_85.tif,gt_coords/sum159pt_dc_jq1_24hr_85.npy
sum159pt_dc_jq1_24hr_86,SUM159PT,gt_image/sum159pt_dc_jq1_24hr_86.tif,gt_coords/sum159pt_dc_jq1_24hr_86.npy
sum159pt_dc_jq1_24hr_87,SUM159PT,gt_image/sum159pt_dc_jq1_24hr_87.tif,gt_coords/sum159pt_dc_jq1_24hr_87.npy
sum159pt_dc_jq1_24hr_88,SUM159PT,gt_image/sum159pt_dc_jq1_24hr_88.tif,gt_coords/sum159pt_dc_jq1_24hr_88.npy
sum159pt_dc_jq1_24hr_89,SUM159PT,gt_image/sum159pt_dc_jq1_24hr_89.tif,gt_coords/sum159pt_dc_jq1_24hr_89.npy
sum159pt_dc_jq1_24hr_9,SUM159PT,gt_image/sum159pt_dc_jq1_24hr_9.tif,gt_coords/sum159pt_dc_jq1_24hr_9.npy
sum159pt_dc_jq1_24hr_90,SUM159PT,gt_image/sum159pt_dc_jq1_24hr_90.tif,gt_coords/sum159pt_dc_jq1_24hr_90.npy
sum159pt_dc_jq1_24hr_91,SUM159PT,gt_image/sum159pt_dc_jq1_24hr_91.tif,gt_coords/sum159pt_dc_jq1_24hr_91.npy
sum159pt_dc_jq1_24hr_92,SUM159PT,gt_image/sum159pt_dc_jq1_24hr_92.tif,gt_coords/sum159pt_dc_jq1_24hr_92.npy
sum159pt_dc_jq1_24hr_93,SUM159PT,gt_image/sum159pt_dc_jq1_24hr_93.tif,gt_coords/sum159pt_dc_jq1_24hr_93.npy
sum159pt_dc_jq1_24hr_94,SUM159PT,gt_image/sum159pt_dc_jq1_24hr_94.tif,gt_coords/sum159pt_dc_jq1_24hr_94.npy
sum159pt_dc_jq1_24hr_95,SUM159PT,gt_image/sum159pt_dc_jq1_24hr_95.tif,gt_coords/sum159pt_dc_jq1_24hr_95.npy
sum159pt_dc_jq1_24hr_96,SUM159PT,gt_image/sum159pt_dc_jq1_24hr_96.tif,gt_coords/sum159pt_dc_jq1_24hr_96.npy
sum159pt_dc_jq1_24hr_97,SUM159PT,gt_image/sum159pt_dc_jq1_24hr_97.tif,gt_coords/sum159pt_dc_jq1_24hr_97.npy
sum159pt_dc_jq1_24hr_98,SUM159PT,gt_image/sum159pt_dc_jq1_24hr_98.tif,gt_coords/sum159pt_dc_jq1_24hr_98.npy
sum159pt_dc_jq1_24hr_99,SUM159PT,gt_image/sum159pt_dc_jq1_24hr_99.tif,gt_coords/sum159pt_dc_jq1_24hr_99.npy
sum159pt_dc_jq1_72hr_100,SUM159PT,gt_image/sum159pt_dc_jq1_72hr_100.tif,gt_coords/sum159pt_dc_jq1_72hr_100.npy
sum159pt_dc_jq1_72hr_101,SUM159PT,gt_image/sum159pt_dc_jq1_72hr_101.tif,gt_coords/sum159pt_dc_jq1_72hr_101.npy
sum159pt_dc_jq1_72hr_102,SUM159PT,gt_image/sum159pt_dc_jq1_72hr_102.tif,gt_coords/sum159pt_dc_jq1_72hr_102.npy
sum159pt_dc_jq1_72hr_103,SUM159PT,gt_image/sum159pt_dc_jq1_72hr_103.tif,gt_coords/sum159pt_dc_jq1_72hr_103.npy
sum159pt_dc_jq1_72hr_104,SUM159PT,gt_image/sum159pt_dc_jq1_72hr_104.tif,gt_coords/sum159pt_dc_jq1_72hr_104.npy
sum159pt_dc_jq1_72hr_105,SUM159PT,gt_image/sum159pt_dc_jq1_72hr_105.tif,gt_coords/sum159pt_dc_jq1_72hr_105.npy
sum159pt_dc_jq1_72hr_106,SUM159PT,gt_image/sum159pt_dc_jq1_72hr_106.tif,gt_coords/sum159pt_dc_jq1_72hr_106.npy
sum159pt_dc_jq1_72hr_107,SUM159PT,gt_image/sum159pt_dc_jq1_72hr_107.tif,gt_coords/sum159pt_dc_jq1_72hr_107.npy
sum159pt_dc_jq1_72hr_108,SUM159PT,gt_image/sum159pt_dc_jq1_72hr_108.tif,gt_coords/sum159pt_dc_jq1_72hr_108.npy
sum159pt_dc_jq1_72hr_109,SUM159PT,gt_image/sum159pt_dc_jq1_72hr_109.tif,gt_coords/sum159pt_dc_jq1_72hr_109.npy
sum159pt_dc_jq1_72hr_11,SUM159PT,gt_image/sum159pt_dc_jq1_72hr_11.tif,gt_coords/sum159pt_dc_jq1_72hr_11.npy
sum159pt_dc_jq1_72hr_110,SUM159PT,gt_image/sum159pt_dc_jq1_72hr_110.tif,gt_coords/sum159pt_dc_jq1_72hr_110.npy
sum159pt_dc_jq1_72hr_111,SUM159PT,gt_image/sum159pt_dc_jq1_72hr_111.tif,gt_coords/sum159pt_dc_jq1_72hr_111.npy
sum159pt_dc_jq1_72hr_112,SUM159PT,gt_image/sum159pt_dc_jq1_72hr_112.tif,gt_coords/sum159pt_dc_jq1_72hr_112.npy
sum159pt_dc_jq1_72hr_113,SUM159PT,gt_image/sum159pt_dc_jq1_72hr_113.tif,gt_coords/sum159pt_dc_jq1_72hr_113.npy
sum159pt_dc_jq1_72hr_114,SUM159PT,gt_image/sum159pt_dc_jq1_72hr_114.tif,gt_coords/sum159pt_dc_jq1_72hr_114.npy
sum159pt_dc_jq1_72hr_115,SUM159PT,gt_image/sum159pt_dc_jq1_72hr_115.tif,gt_coords/sum159pt_dc_jq1_72hr_115.npy
sum159pt_dc_jq1_72hr_116,SUM159PT,gt_image/sum159pt_dc_jq1_72hr_116.tif,gt_coords/sum159pt_dc_jq1_72hr_116.npy
sum159pt_dc_jq1_72hr_117,SUM159PT,gt_image/sum159pt_dc_jq1_72hr_117.tif,gt_coords/sum159pt_dc_jq1_72hr_117.npy
sum159pt_dc_jq1_72hr_118,SUM159PT,gt_image/sum159pt_dc_jq1_72hr_118.tif,gt_coords/sum159pt_dc_jq1_72hr_118.npy
sum159pt_dc_jq1_72hr_119,SUM159PT,gt_image/sum159pt_dc_jq1_72hr_119.tif,gt_coords/sum159pt_dc_jq1_72hr_119.npy
sum159pt_dc_jq1_72hr_12,SUM159PT,gt_image/sum159pt_dc_jq1_72hr_12.tif,gt_coords/sum159pt_dc_jq1_72hr_12.npy
sum159pt_dc_jq1_72hr_120,SUM159PT,gt_image/sum159pt_dc_jq1_72hr_120.tif,gt_coords/sum159pt_dc_jq1_72hr_120.npy
sum159pt_dc_jq1_72hr_14,SUM159PT,gt_image/sum159pt_dc_jq1_72hr_14.tif,gt_coords/sum159pt_dc_jq1_72hr_14.npy
sum159pt_dc_jq1_72hr_16,SUM159PT,gt_image/sum159pt_dc_jq1_72hr_16.tif,gt_coords/sum159pt_dc_jq1_72hr_16.npy
sum159pt_dc_jq1_72hr_17,SUM159PT,gt_image/sum159pt_dc_jq1_72hr_17.tif,gt_coords/sum159pt_dc_jq1_72hr_17.npy
sum159pt_dc_jq1_72hr_23,SUM159PT,gt_image/sum159pt_dc_jq1_72hr_23.tif,gt_coords/sum159pt_dc_jq1_72hr_23.npy
sum159pt_dc_jq1_72hr_24,SUM159PT,gt_image/sum159pt_dc_jq1_72hr_24.tif,gt_coords/sum159pt_dc_jq1_72hr_24.npy
sum159pt_dc_jq1_72hr_25,SUM159PT,gt_image/sum159pt_dc_jq1_72hr_25.tif,gt_coords/sum159pt_dc_jq1_72hr_25.npy
sum159pt_dc_jq1_72hr_26,SUM159PT,gt_image/sum159pt_dc_jq1_72hr_26.tif,gt_coords/sum159pt_dc_jq1_72hr_26.npy
sum159pt_dc_jq1_72hr_27,SUM159PT,gt_image/sum159pt_dc_jq1_72hr_27.tif,gt_coords/sum159pt_dc_jq1_72hr_27.npy
sum159pt_dc_jq1_72hr_28,SUM159PT,gt_image/sum159pt_dc_jq1_72hr_28.tif,gt_coords/sum159pt_dc_jq1_72hr_28.npy
sum159pt_dc_jq1_72hr_29,SUM159PT,gt_image/sum159pt_dc_jq1_72hr_29.tif,gt_coords/sum159pt_dc_jq1_72hr_29.npy
sum159pt_dc_jq1_72hr_30,SUM159PT,gt_image/sum159pt_dc_jq1_72hr_30.tif,gt_coords/sum159pt_dc_jq1_72hr_30.npy
sum159pt_dc_jq1_72hr_31,SUM159PT,gt_image/sum159pt_dc_jq1_72hr_31.tif,gt_coords/sum159pt_dc_jq1_72hr_31.npy
sum159pt_dc_jq1_72hr_32,SUM159PT,gt_image/sum159pt_dc_jq1_72hr_32.tif,gt_coords/sum159pt_dc_jq1_72hr_32.npy
sum159pt_dc_jq1_72hr_33,SUM159PT,gt_image/sum159pt_dc_jq1_72hr_33.tif,gt_coords/sum159pt_dc_jq1_72hr_33.npy
sum159pt_dc_jq1_72hr_34,SUM159PT,gt_image/sum159pt_dc_jq1_72hr_34.tif,gt_coords/sum159pt_dc_jq1_72hr_34.npy
sum159pt_dc_jq1_72hr_35,SUM159PT,gt_image/sum159pt_dc_jq1_72hr_35.tif,gt_coords/sum159pt_dc_jq1_72hr_35.npy
sum159pt_dc_jq1_72hr_36,SUM159PT,gt_image/sum159pt_dc_jq1_72hr_36.tif,gt_coords/sum159pt_dc_jq1_72hr_36.npy
sum159pt_dc_jq1_72hr_37,SUM159PT,gt_image/sum159pt_dc_jq1_72hr_37.tif,gt_coords/sum159pt_dc_jq1_72hr_37.npy
sum159pt_dc_jq1_72hr_38,SUM159PT,gt_image/sum159pt_dc_jq1_72hr_38.tif,gt_coords/sum159pt_dc_jq1_72hr_38.npy
sum159pt_dc_jq1_72hr_39,SUM159PT,gt_image/sum159pt_dc_jq1_72hr_39.tif,gt_coords/sum159pt_dc_jq1_72hr_39.npy
sum159pt_dc_jq1_72hr_40,SUM159PT,gt_image/sum159pt_dc_jq1_72hr_40.tif,gt_coords/sum159pt_dc_jq1_72hr_40.npy
sum159pt_dc_jq1_72hr_41,SUM159PT,gt_image/sum159pt_dc_jq1_72hr_41.tif,gt_coords/sum159pt_dc_jq1_72hr_41.npy
sum159pt_dc_jq1_72hr_42,SUM159PT,gt_image/sum159pt_dc_jq1_72hr_42.tif,gt_coords/sum159pt_dc_jq1_72hr_42.npy
sum159pt_dc_jq1_72hr_43,SUM159PT,gt_image/sum159pt_dc_jq1_72hr_43.tif,gt_coords/sum159pt_dc_jq1_72hr_43.npy
sum159pt_dc_jq1_72hr_44,SUM159PT,gt_image/sum159pt_dc_jq1_72hr_44.tif,gt_coords/sum159pt_dc_jq1_72hr_44.npy
sum159pt_dc_jq1_72hr_45,SUM159PT,gt_image/sum159pt_dc_jq1_72hr_45.tif,gt_coords/sum159pt_dc_jq1_72hr_45.npy
sum159pt_dc_jq1_72hr_46,SUM159PT,gt_image/sum159pt_dc_jq1_72hr_46.tif,gt_coords/sum159pt_dc_jq1_72hr_46.npy
sum159pt_dc_jq1_72hr_47,SUM159PT,gt_image/sum159pt_dc_jq1_72hr_47.tif,gt_coords/sum159pt_dc_jq1_72hr_47.npy
sum159pt_dc_jq1_72hr_48,SUM159PT,gt_image/sum159pt_dc_jq1_72hr_48.tif,gt_coords/sum159pt_dc_jq1_72hr_48.npy
sum159pt_dc_jq1_72hr_49,SUM159PT,gt_image/sum159pt_dc_jq1_72hr_49.tif,gt_coords/sum159pt_dc_jq1_72hr_49.npy
sum159pt_dc_jq1_72hr_50,SUM159PT,gt_image/sum159pt_dc_jq1_72hr_50.tif,gt_coords/sum159pt_dc_jq1_72hr_50.npy
sum159pt_dc_jq1_72hr_51,SUM159PT,gt_image/sum159pt_dc_jq1_72hr_51.tif,gt_coords/sum159pt_dc_jq1_72hr_51.npy
sum159pt_dc_jq1_72hr_52,SUM159PT,gt_image/sum159pt_dc_jq1_72hr_52.tif,gt_coords/sum159pt_dc_jq1_72hr_52.npy
sum159pt_dc_jq1_72hr_53,SUM159PT,gt_image/sum159pt_dc_jq1_72hr_53.tif,gt_coords/sum159pt_dc_jq1_72hr_53.npy
sum159pt_dc_jq1_72hr_54,SUM159PT,gt_image/sum159pt_dc_jq1_72hr_54.tif,gt_coords/sum159pt_dc_jq1_72hr_54.npy
sum159pt_dc_jq1_72hr_55,SUM159PT,gt_image/sum159pt_dc_jq1_72hr_55.tif,gt_coords/sum159pt_dc_jq1_72hr_55.npy
sum159pt_dc_jq1_72hr_56,SUM159PT,gt_image/sum159pt_dc_jq1_72hr_56.tif,gt_coords/sum159pt_dc_jq1_72hr_56.npy
sum159pt_dc_jq1_72hr_57,SUM159PT,gt_image/sum159pt_dc_jq1_72hr_57.tif,gt_coords/sum159pt_dc_jq1_72hr_57.npy
sum159pt_dc_jq1_72hr_58,SUM159PT,gt_image/sum159pt_dc_jq1_72hr_58.tif,gt_coords/sum159pt_dc_jq1_72hr_58.npy
sum159pt_dc_jq1_72hr_59,SUM159PT,gt_image/sum159pt_dc_jq1_72hr_59.tif,gt_coords/sum159pt_dc_jq1_72hr_59.npy
sum159pt_dc_jq1_72hr_60,SUM159PT,gt_image/sum159pt_dc_jq1_72hr_60.tif,gt_coords/sum159pt_dc_jq1_72hr_60.npy
sum159pt_dc_jq1_72hr_61,SUM159PT,gt_image/sum159pt_dc_jq1_72hr_61.tif,gt_coords/sum159pt_dc_jq1_72hr_61.npy
sum159pt_dc_jq1_72hr_62,SUM159PT,gt_image/sum159pt_dc_jq1_72hr_62.tif,gt_coords/sum159pt_dc_jq1_72hr_62.npy
sum159pt_dc_jq1_72hr_63,SUM159PT,gt_image/sum159pt_dc_jq1_72hr_63.tif,gt_coords/sum159pt_dc_jq1_72hr_63.npy
sum159pt_dc_jq1_72hr_64,SUM159PT,gt_image/sum159pt_dc_jq1_72hr_64.tif,gt_coords/sum159pt_dc_jq1_72hr_64.npy
sum159pt_dc_jq1_72hr_65,SUM159PT,gt_image/sum159pt_dc_jq1_72hr_65.tif,gt_coords/sum159pt_dc_jq1_72hr_65.npy
sum159pt_dc_jq1_72hr_66,SUM159PT,gt_image/sum159pt_dc_jq1_72hr_66.tif,gt_coords/sum159pt_dc_jq1_72hr_66.npy
sum159pt_dc_jq1_72hr_67,SUM159PT,gt_image/sum159pt_dc_jq1_72hr_67.tif,gt_coords/sum159pt_dc_jq1_72hr_67.npy
sum159pt_dc_jq1_72hr_68,SUM159PT,gt_image/sum159pt_dc_jq1_72hr_68.tif,gt_coords/sum159pt_dc_jq1_72hr_68.npy
sum159pt_dc_jq1_72hr_69,SUM159PT,gt_image/sum159pt_dc_jq1_72hr_69.tif,gt_coords/sum159pt_dc_jq1_72hr_69.npy
sum159pt_dc_jq1_72hr_70,SUM159PT,gt_image/sum159pt_dc_jq1_72hr_70.tif,gt_coords/sum159pt_dc_jq1_72hr_70.npy
sum159pt_dc_jq1_72hr_71,SUM159PT,gt_image/sum159pt_dc_jq1_72hr_71.tif,gt_coords/sum159pt_dc_jq1_72hr_71.npy
sum159pt_dc_jq1_72hr_72,SUM159PT,gt_image/sum159pt_dc_jq1_72hr_72.tif,gt_coords/sum159pt_dc_jq1_72hr_72.npy
sum159pt_dc_jq1_72hr_73,SUM159PT,gt_image/sum159pt_dc_jq1_72hr_73.tif,gt_coords/sum159pt_dc_jq1_72hr_73.npy
sum159pt_dc_jq1_72hr_74,SUM159PT,gt_image/sum159pt_dc_jq1_72hr_74.tif,gt_coords/sum159pt_dc_jq1_72hr_74.npy
sum159pt_dc_jq1_72hr_75,SUM159PT,gt_image/sum159pt_dc_jq1_72hr_75.tif,gt_coords/sum159pt_dc_jq1_72hr_75.npy
sum159pt_dc_jq1_72hr_76,SUM159PT,gt_image/sum159pt_dc_jq1_72hr_76.tif,gt_coords/sum159pt_dc_jq1_72hr_76.npy
sum159pt_dc_jq1_72hr_77,SUM159PT,gt_image/sum159pt_dc_jq1_72hr_77.tif,gt_coords/sum159pt_dc_jq1_72hr_77.npy
sum159pt_dc_jq1_72hr_78,SUM159PT,gt_image/sum159pt_dc_jq1_72hr_78.tif,gt_coords/sum159pt_dc_jq1_72hr_78.npy
sum159pt_dc_jq1_72hr_79,SUM159PT,gt_image/sum159pt_dc_jq1_72hr_79.tif,gt_coords/sum159pt_dc_jq1_72hr_79.npy
sum159pt_dc_jq1_72hr_80,SUM159PT,gt_image/sum159pt_dc_jq1_72hr_80.tif,gt_coords/sum159pt_dc_jq1_72hr_80.npy
sum159pt_dc_jq1_72hr_81,SUM159PT,gt_image/sum159pt_dc_jq1_72hr_81.tif,gt_coords/sum159pt_dc_jq1_72hr_81.npy
sum159pt_dc_jq1_72hr_82,SUM159PT,gt_image/sum159pt_dc_jq1_72hr_82.tif,gt_coords/sum159pt_dc_jq1_72hr_82.npy
sum159pt_dc_jq1_72hr_83,SUM159PT,gt_image/sum159pt_dc_jq1_72hr_83.tif,gt_coords/sum159pt_dc_jq1_72hr_83.npy
sum159pt_dc_jq1_72hr_84,SUM159PT,gt_image/sum159pt_dc_jq1_72hr_84.tif,gt_coords/sum159pt_dc_jq1_72hr_84.npy
sum159pt_dc_jq1_72hr_85,SUM159PT,gt_image/sum159pt_dc_jq1_72hr_85.tif,gt_coords/sum159pt_dc_jq1_72hr_85.npy
sum159pt_dc_jq1_72hr_86,SUM159PT,gt_image/sum159pt_dc_jq1_72hr_86.tif,gt_coords/sum159pt_dc_jq1_72hr_86.npy
sum159pt_dc_jq1_72hr_87,SUM159PT,gt_image/sum159pt_dc_jq1_72hr_87.tif,gt_coords/sum159pt_dc_jq1_72hr_87.npy
sum159pt_dc_jq1_72hr_88,SUM159PT,gt_image/sum159pt_dc_jq1_72hr_88.tif,gt_coords/sum159pt_dc_jq1_72hr_88.npy
sum159pt_dc_jq1_72hr_89,SUM159PT,gt_image/sum159pt_dc_jq1_72hr_89.tif,gt_coords/sum159pt_dc_jq1_72hr_89.npy
sum159pt_dc_jq1_72hr_9,SUM159PT,gt_image/sum159pt_dc_jq1_72hr_9.tif,gt_coords/sum159pt_dc_jq1_72hr_9.npy
sum159pt_dc_jq1_72hr_90,SUM159PT,gt_image/sum159pt_dc_jq1_72hr_90.tif,gt_coords/sum159pt_dc_jq1_72hr_90.npy
sum159pt_dc_jq1_72hr_91,SUM159PT,gt_image/sum159pt_dc_jq1_72hr_91.tif,gt_coords/sum159pt_dc_jq1_72hr_91.npy
sum159pt_dc_jq1_72hr_92,SUM159PT,gt_image/sum159pt_dc_jq1_72hr_92.tif,gt_coords/sum159pt_dc_jq1_72hr_92.npy
sum159pt_dc_jq1_72hr_94,SUM159PT,gt_image/sum159pt_dc_jq1_72hr_94.tif,gt_coords/sum159pt_dc_jq1_72hr_94.npy
sum159pt_dc_jq1_72hr_95,SUM159PT,gt_image/sum159pt_dc_jq1_72hr_95.tif,gt_coords/sum159pt_dc_jq1_72hr_95.npy
sum159pt_dc_jq1_72hr_96,SUM159PT,gt_image/sum159pt_dc_jq1_72hr_96.tif,gt_coords/sum159pt_dc_jq1_72hr_96.npy
sum159pt_dc_jq1_72hr_97,SUM159PT,gt_image/sum159pt_dc_jq1_72hr_97.tif,gt_coords/sum159pt_dc_jq1_72hr_97.npy
sum159pt_dc_jq1_72hr_98,SUM159PT,gt_image/sum159pt_dc_jq1_72hr_98.tif,gt_coords/sum159pt_dc_jq1_72hr_98.npy
sum159pt_dc_jq1_72hr_99,SUM159PT,gt_image/sum159pt_dc_jq1_72hr_99.tif,gt_coords/sum159pt_dc_jq1_72hr_99.npy
