unique_id,cell_line,split,split_from_id_csv,split_consistent,in_train_ids,in_val_ids,in_test_ids,n_split_flags,rgb_relpath,dapi_relpath,roi_mask_relpath,gt_mask_relpath,mia_mask_relpath,ecDNA_gt,coord_count_npy,has_rgb_relpath,has_dapi_relpath,has_roi_mask_relpath,has_gt_mask_relpath,original_rgb_name,original_dapi_name,original_roi_name,original_gt_name,original_mia_name,rgb_fullpath,dapi_fullpath,roi_fullpath,gt_fullpath
colo320dm_qpcr_jq1_24h_ctrl_100,COLO320DM,train,train,True,True,False,False,1,rgb/colo320dm_qpcr_jq1_24h_ctrl_100.tif,dapi/colo320dm_qpcr_jq1_24h_ctrl_100.tif,roi_mask/colo320dm_qpcr_jq1_24h_ctrl_100.png,gt_image/colo320dm_qpcr_jq1_24h_ctrl_100.tif,,63,63,True,True,True,True,colo320dm_qpcr_jq1_24h_ctrl_100.tif,colo320dm_qpcr_jq1_24h_ctrl_100.tif,colo320dm_qpcr_jq1_24h_ctrl_100.png,colo320dm_qpcr_jq1_24h_ctrl_100.tif,,/work/users/b/e/behnamie/ecDNA_Data/bioimage_archive/rgb/colo320dm_qpcr_jq1_24h_ctrl_100.tif,/work/users/b/e/behnamie/ecDNA_Data/bioimage_archive/dapi/colo320dm_qpcr_jq1_24h_ctrl_100.tif,/work/users/b/e/behnamie/ecDNA_Data/bioimage_archive/roi_mask/colo320dm_qpcr_jq1_24h_ctrl_100.png,/work/users/b/e/behnamie/ecDNA_Data/bioimage_archive/gt_image/colo320dm_qpcr_jq1_24h_ctrl_100.tif
colo320dm_qpcr_jq1_24h_ctrl_101,COLO320DM,train,train,True,True,False,False,1,rgb/colo320dm_qpcr_jq1_24h_ctrl_101.tif,dapi/colo320dm_qpcr_jq1_24h_ctrl_101.tif,roi_mask/colo320dm_qpcr_jq1_24h_ctrl_101.png,gt_image/colo320dm_qpcr_jq1_24h_ctrl_101.tif,,45,45,True,True,True,True,colo320dm_qpcr_jq1_24h_ctrl_101.tif,colo320dm_qpcr_jq1_24h_ctrl_101.tif,colo320dm_qpcr_jq1_24h_ctrl_101.png,colo320dm_qpcr_jq1_24h_ctrl_101.tif,,/work/users/b/e/behnamie/ecDNA_Data/bioimage_archive/rgb/colo320dm_qpcr_jq1_24h_ctrl_101.tif,/work/users/b/e/behnamie/ecDNA_Data/bioimage_archive/dapi/colo320dm_qpcr_jq1_24h_ctrl_101.tif,/work/users/b/e/behnamie/ecDNA_Data/bioimage_archive/roi_mask/colo320dm_qpcr_jq1_24h_ctrl_101.png,/work/users/b/e/behnamie/ecDNA_Data/bioimage_archive/gt_image/colo320dm_qpcr_jq1_24h_ctrl_101.tif
colo320dm_qpcr_jq1_24h_ctrl_103,COLO320DM,train,train,True,True,False,False,1,rgb/colo320dm_qpcr_jq1_24h_ctrl_103.tif,dapi/colo320dm_qpcr_jq1_24h_ctrl_103.tif,roi_mask/colo320dm_qpcr_jq1_24h_ctrl_103.png,gt_image/colo320dm_qpcr_jq1_24h_ctrl_103.tif,,39,39,True,True,True,True,colo320dm_qpcr_jq1_24h_ctrl_103.tif,colo320dm_qpcr_jq1_24h_ctrl_103.tif,colo320dm_qpcr_jq1_24h_ctrl_103.png,colo320dm_qpcr_jq1_24h_ctrl_103.tif,,/work/users/b/e/behnamie/ecDNA_Data/bioimage_archive/rgb/colo320dm_qpcr_jq1_24h_ctrl_103.tif,/work/users/b/e/behnamie/ecDNA_Data/bioimage_archive/dapi/colo320dm_qpcr_jq1_24h_ctrl_103.tif,/work/users/b/e/behnamie/ecDNA_Data/bioimage_archive/roi_mask/colo320dm_qpcr_jq1_24h_ctrl_103.png,/work/users/b/e/behnamie/ecDNA_Data/bioimage_archive/gt_image/colo320dm_qpcr_jq1_24h_ctrl_103.tif
colo320dm_qpcr_jq1_24h_ctrl_110,COLO320DM,train,train,True,True,False,False,1,rgb/colo320dm_qpcr_jq1_24h_ctrl_110.tif,dapi/colo320dm_qpcr_jq1_24h_ctrl_110.tif,roi_mask/colo320dm_qpcr_jq1_24h_ctrl_110.png,gt_image/colo320dm_qpcr_jq1_24h_ctrl_110.tif,,27,27,True,True,True,True,colo320dm_qpcr_jq1_24h_ctrl_110.tif,colo320dm_qpcr_jq1_24h_ctrl_110.tif,colo320dm_qpcr_jq1_24h_ctrl_110.png,colo320dm_qpcr_jq1_24h_ctrl_110.tif,,/work/users/b/e/behnamie/ecDNA_Data/bioimage_archive/rgb/colo320dm_qpcr_jq1_24h_ctrl_110.tif,/work/users/b/e/behnamie/ecDNA_Data/bioimage_archive/dapi/colo320dm_qpcr_jq1_24h_ctrl_110.tif,/work/users/b/e/behnamie/ecDNA_Data/bioimage_archive/roi_mask/colo320dm_qpcr_jq1_24h_ctrl_110.png,/work/users/b/e/behnamie/ecDNA_Data/bioimage_archive/gt_image/colo320dm_qpcr_jq1_24h_ctrl_110.tif
colo320dm_qpcr_jq1_24h_ctrl_111,COLO320DM,train,train,True,True,False,False,1,rgb/colo320dm_qpcr_jq1_24h_ctrl_111.tif,dapi/colo320dm_qpcr_jq1_24h_ctrl_111.tif,roi_mask/colo320dm_qpcr_jq1_24h_ctrl_111.png,gt_image/colo320dm_qpcr_jq1_24h_ctrl_111.tif,,80,80,True,True,True,True,colo320dm_qpcr_jq1_24h_ctrl_111.tif,colo320dm_qpcr_jq1_24h_ctrl_111.tif,colo320dm_qpcr_jq1_24h_ctrl_111.png,colo320dm_qpcr_jq1_24h_ctrl_111.tif,,/work/users/b/e/behnamie/ecDNA_Data/bioimage_archive/rgb/colo320dm_qpcr_jq1_24h_ctrl_111.tif,/work/users/b/e/behnamie/ecDNA_Data/bioimage_archive/dapi/colo320dm_qpcr_jq1_24h_ctrl_111.tif,/work/users/b/e/behnamie/ecDNA_Data/bioimage_archive/roi_mask/colo320dm_qpcr_jq1_24h_ctrl_111.png,/work/users/b/e/behnamie/ecDNA_Data/bioimage_archive/gt_image/colo320dm_qpcr_jq1_24h_ctrl_111.tif
colo320dm_qpcr_jq1_24h_ctrl_112,COLO320DM,train,train,True,True,False,False,1,rgb/colo320dm_qpcr_jq1_24h_ctrl_112.tif,dapi/colo320dm_qpcr_jq1_24h_ctrl_112.tif,roi_mask/colo320dm_qpcr_jq1_24h_ctrl_112.png,gt_image/colo320dm_qpcr_jq1_24h_ctrl_112.tif,,83,83,True,True,True,True,colo320dm_qpcr_jq1_24h_ctrl_112.tif,colo320dm_qpcr_jq1_24h_ctrl_112.tif,colo320dm_qpcr_jq1_24h_ctrl_112.png,colo320dm_qpcr_jq1_24h_ctrl_112.tif,,/work/users/b/e/behnamie/ecDNA_Data/bioimage_archive/rgb/colo320dm_qpcr_jq1_24h_ctrl_112.tif,/work/users/b/e/behnamie/ecDNA_Data/bioimage_archive/dapi/colo320dm_qpcr_jq1_24h_ctrl_112.tif,/work/users/b/e/behnamie/ecDNA_Data/bioimage_archive/roi_mask/colo320dm_qpcr_jq1_24h_ctrl_112.png,/work/users/b/e/behnamie/ecDNA_Data/bioimage_archive/gt_image/colo320dm_qpcr_jq1_24h_ctrl_112.tif
colo320dm_qpcr_jq1_24h_ctrl_12,COLO320DM,train,train,True,True,False,False,1,rgb/colo320dm_qpcr_jq1_24h_ctrl_12.tif,dapi/colo320dm_qpcr_jq1_24h_ctrl_12.tif,roi_mask/colo320dm_qpcr_jq1_24h_ctrl_12.png,gt_image/colo320dm_qpcr_jq1_24h_ctrl_12.tif,,16,16,True,True,True,True,colo320dm_qpcr_jq1_24h_ctrl_12.tif,colo320dm_qpcr_jq1_24h_ctrl_12.tif,colo320dm_qpcr_jq1_24h_ctrl_12.png,colo320dm_qpcr_jq1_24h_ctrl_12.tif,,/work/users/b/e/behnamie/ecDNA_Data/bioimage_archive/rgb/colo320dm_qpcr_jq1_24h_ctrl_12.tif,/work/users/b/e/behnamie/ecDNA_Data/bioimage_archive/dapi/colo320dm_qpcr_jq1_24h_ctrl_12.tif,/work/users/b/e/behnamie/ecDNA_Data/bioimage_archive/roi_mask/colo320dm_qpcr_jq1_24h_ctrl_12.png,/work/users/b/e/behnamie/ecDNA_Data/bioimage_archive/gt_image/colo320dm_qpcr_jq1_24h_ctrl_12.tif
colo320dm_qpcr_jq1_24h_ctrl_18,COLO320DM,train,train,True,True,False,False,1,rgb/colo320dm_qpcr_jq1_24h_ctrl_18.tif,dapi/colo320dm_qpcr_jq1_24h_ctrl_18.tif,roi_mask/colo320dm_qpcr_jq1_24h_ctrl_18.png,gt_image/colo320dm_qpcr_jq1_24h_ctrl_18.tif,,51,51,True,True,True,True,colo320dm_qpcr_jq1_24h_ctrl_18.tif,colo320dm_qpcr_jq1_24h_ctrl_18.tif,colo320dm_qpcr_jq1_24h_ctrl_18.png,colo320dm_qpcr_jq1_24h_ctrl_18.tif,,/work/users/b/e/behnamie/ecDNA_Data/bioimage_archive/rgb/colo320dm_qpcr_jq1_24h_ctrl_18.tif,/work/users/b/e/behnamie/ecDNA_Data/bioimage_archive/dapi/colo320dm_qpcr_jq1_24h_ctrl_18.tif,/work/users/b/e/behnamie/ecDNA_Data/bioimage_archive/roi_mask/colo320dm_qpcr_jq1_24h_ctrl_18.png,/work/users/b/e/behnamie/ecDNA_Data/bioimage_archive/gt_image/colo320dm_qpcr_jq1_24h_ctrl_18.tif
colo320dm_qpcr_jq1_24h_ctrl_22,COLO320DM,train,train,True,True,False,False,1,rgb/colo320dm_qpcr_jq1_24h_ctrl_22.tif,dapi/colo320dm_qpcr_jq1_24h_ctrl_22.tif,roi_mask/colo320dm_qpcr_jq1_24h_ctrl_22.png,gt_image/colo320dm_qpcr_jq1_24h_ctrl_22.tif,,65,65,True,True,True,True,colo320dm_qpcr_jq1_24h_ctrl_22.tif,colo320dm_qpcr_jq1_24h_ctrl_22.tif,colo320dm_qpcr_jq1_24h_ctrl_22.png,colo320dm_qpcr_jq1_24h_ctrl_22.tif,,/work/users/b/e/behnamie/ecDNA_Data/bioimage_archive/rgb/colo320dm_qpcr_jq1_24h_ctrl_22.tif,/work/users/b/e/behnamie/ecDNA_Data/bioimage_archive/dapi/colo320dm_qpcr_jq1_24h_ctrl_22.tif,/work/users/b/e/behnamie/ecDNA_Data/bioimage_archive/roi_mask/colo320dm_qpcr_jq1_24h_ctrl_22.png,/work/users/b/e/behnamie/ecDNA_Data/bioimage_archive/gt_image/colo320dm_qpcr_jq1_24h_ctrl_22.tif
colo320dm_qpcr_jq1_24h_ctrl_25,COLO320DM,train,train,True,True,False,False,1,rgb/colo320dm_qpcr_jq1_24h_ctrl_25.tif,dapi/colo320dm_qpcr_jq1_24h_ctrl_25.tif,roi_mask/colo320dm_qpcr_jq1_24h_ctrl_25.png,gt_image/colo320dm_qpcr_jq1_24h_ctrl_25.tif,,53,53,True,True,True,True,colo320dm_qpcr_jq1_24h_ctrl_25.tif,colo320dm_qpcr_jq1_24h_ctrl_25.tif,colo320dm_qpcr_jq1_24h_ctrl_25.png,colo320dm_qpcr_jq1_24h_ctrl_25.tif,,/work/users/b/e/behnamie/ecDNA_Data/bioimage_archive/rgb/colo320dm_qpcr_jq1_24h_ctrl_25.tif,/work/users/b/e/behnamie/ecDNA_Data/bioimage_archive/dapi/colo320dm_qpcr_jq1_24h_ctrl_25.tif,/work/users/b/e/behnamie/ecDNA_Data/bioimage_archive/roi_mask/colo320dm_qpcr_jq1_24h_ctrl_25.png,/work/users/b/e/behnamie/ecDNA_Data/bioimage_archive/gt_image/colo320dm_qpcr_jq1_24h_ctrl_25.tif
colo320dm_qpcr_jq1_24h_ctrl_26,COLO320DM,train,train,True,True,False,False,1,rgb/colo320dm_qpcr_jq1_24h_ctrl_26.tif,dapi/colo320dm_qpcr_jq1_24h_ctrl_26.tif,roi_mask/colo320dm_qpcr_jq1_24h_ctrl_26.png,gt_image/colo320dm_qpcr_jq1_24h_ctrl_26.tif,,22,22,True,True,True,True,colo320dm_qpcr_jq1_24h_ctrl_26.tif,colo320dm_qpcr_jq1_24h_ctrl_26.tif,colo320dm_qpcr_jq1_24h_ctrl_26.png,colo320dm_qpcr_jq1_24h_ctrl_26.tif,,/work/users/b/e/behnamie/ecDNA_Data/bioimage_archive/rgb/colo320dm_qpcr_jq1_24h_ctrl_26.tif,/work/users/b/e/behnamie/ecDNA_Data/bioimage_archive/dapi/colo320dm_qpcr_jq1_24h_ctrl_26.tif,/work/users/b/e/behnamie/ecDNA_Data/bioimage_archive/roi_mask/colo320dm_qpcr_jq1_24h_ctrl_26.png,/work/users/b/e/behnamie/ecDNA_Data/bioimage_archive/gt_image/colo320dm_qpcr_jq1_24h_ctrl_26.tif
colo320dm_qpcr_jq1_24h_ctrl_28,COLO320DM,train,train,True,True,False,False,1,rgb/colo320dm_qpcr_jq1_24h_ctrl_28.tif,dapi/colo320dm_qpcr_jq1_24h_ctrl_28.tif,roi_mask/colo320dm_qpcr_jq1_24h_ctrl_28.png,gt_image/colo320dm_qpcr_jq1_24h_ctrl_28.tif,,35,35,True,True,True,True,colo320dm_qpcr_jq1_24h_ctrl_28.tif,colo320dm_qpcr_jq1_24h_ctrl_28.tif,colo320dm_qpcr_jq1_24h_ctrl_28.png,colo320dm_qpcr_jq1_24h_ctrl_28.tif,,/work/users/b/e/behnamie/ecDNA_Data/bioimage_archive/rgb/colo320dm_qpcr_jq1_24h_ctrl_28.tif,/work/users/b/e/behnamie/ecDNA_Data/bioimage_archive/dapi/colo320dm_qpcr_jq1_24h_ctrl_28.tif,/work/users/b/e/behnamie/ecDNA_Data/bioimage_archive/roi_mask/colo320dm_qpcr_jq1_24h_ctrl_28.png,/work/users/b/e/behnamie/ecDNA_Data/bioimage_archive/gt_image/colo320dm_qpcr_jq1_24h_ctrl_28.tif
colo320dm_qpcr_jq1_24h_ctrl_3,COLO320DM,train,train,True,True,False,False,1,rgb/colo320dm_qpcr_jq1_24h_ctrl_3.tif,dapi/colo320dm_qpcr_jq1_24h_ctrl_3.tif,roi_mask/colo320dm_qpcr_jq1_24h_ctrl_3.png,gt_image/colo320dm_qpcr_jq1_24h_ctrl_3.tif,,144,144,True,True,True,True,colo320dm_qpcr_jq1_24h_ctrl_3.tif,colo320dm_qpcr_jq1_24h_ctrl_3.tif,colo320dm_qpcr_jq1_24h_ctrl_3.png,colo320dm_qpcr_jq1_24h_ctrl_3.tif,,/work/users/b/e/behnamie/ecDNA_Data/bioimage_archive/rgb/colo320dm_qpcr_jq1_24h_ctrl_3.tif,/work/users/b/e/behnamie/ecDNA_Data/bioimage_archive/dapi/colo320dm_qpcr_jq1_24h_ctrl_3.tif,/work/users/b/e/behnamie/ecDNA_Data/bioimage_archive/roi_mask/colo320dm_qpcr_jq1_24h_ctrl_3.png,/work/users/b/e/behnamie/ecDNA_Data/bioimage_archive/gt_image/colo320dm_qpcr_jq1_24h_ctrl_3.tif
colo320dm_qpcr_jq1_24h_ctrl_36,COLO320DM,train,train,True,True,False,False,1,rgb/colo320dm_qpcr_jq1_24h_ctrl_36.tif,dapi/colo320dm_qpcr_jq1_24h_ctrl_36.tif,roi_mask/colo320dm_qpcr_jq1_24h_ctrl_36.png,gt_image/colo320dm_qpcr_jq1_24h_ctrl_36.tif,,59,59,True,True,True,True,colo320dm_qpcr_jq1_24h_ctrl_36.tif,colo320dm_qpcr_jq1_24h_ctrl_36.tif,colo320dm_qpcr_jq1_24h_ctrl_36.png,colo320dm_qpcr_jq1_24h_ctrl_36.tif,,/work/users/b/e/behnamie/ecDNA_Data/bioimage_archive/rgb/colo320dm_qpcr_jq1_24h_ctrl_36.tif,/work/users/b/e/behnamie/ecDNA_Data/bioimage_archive/dapi/colo320dm_qpcr_jq1_24h_ctrl_36.tif,/work/users/b/e/behnamie/ecDNA_Data/bioimage_archive/roi_mask/colo320dm_qpcr_jq1_24h_ctrl_36.png,/work/users/b/e/behnamie/ecDNA_Data/bioimage_archive/gt_image/colo320dm_qpcr_jq1_24h_ctrl_36.tif
colo320dm_qpcr_jq1_24h_ctrl_37,COLO320DM,train,train,True,True,False,False,1,rgb/colo320dm_qpcr_jq1_24h_ctrl_37.tif,dapi/colo320dm_qpcr_jq1_24h_ctrl_37.tif,roi_mask/colo320dm_qpcr_jq1_24h_ctrl_37.png,gt_image/colo320dm_qpcr_jq1_24h_ctrl_37.tif,,12,12,True,True,True,True,colo320dm_qpcr_jq1_24h_ctrl_37.tif,colo320dm_qpcr_jq1_24h_ctrl_37.tif,colo320dm_qpcr_jq1_24h_ctrl_37.png,colo320dm_qpcr_jq1_24h_ctrl_37.tif,,/work/users/b/e/behnamie/ecDNA_Data/bioimage_archive/rgb/colo320dm_qpcr_jq1_24h_ctrl_37.tif,/work/users/b/e/behnamie/ecDNA_Data/bioimage_archive/dapi/colo320dm_qpcr_jq1_24h_ctrl_37.tif,/work/users/b/e/behnamie/ecDNA_Data/bioimage_archive/roi_mask/colo320dm_qpcr_jq1_24h_ctrl_37.png,/work/users/b/e/behnamie/ecDNA_Data/bioimage_archive/gt_image/colo320dm_qpcr_jq1_24h_ctrl_37.tif
colo320dm_qpcr_jq1_24h_ctrl_38,COLO320DM,train,train,True,True,False,False,1,rgb/colo320dm_qpcr_jq1_24h_ctrl_38.tif,dapi/colo320dm_qpcr_jq1_24h_ctrl_38.tif,roi_mask/colo320dm_qpcr_jq1_24h_ctrl_38.png,gt_image/colo320dm_qpcr_jq1_24h_ctrl_38.tif,,41,41,True,True,True,True,colo320dm_qpcr_jq1_24h_ctrl_38.tif,colo320dm_qpcr_jq1_24h_ctrl_38.tif,colo320dm_qpcr_jq1_24h_ctrl_38.png,colo320dm_qpcr_jq1_24h_ctrl_38.tif,,/work/users/b/e/behnamie/ecDNA_Data/bioimage_archive/rgb/colo320dm_qpcr_jq1_24h_ctrl_38.tif,/work/users/b/e/behnamie/ecDNA_Data/bioimage_archive/dapi/colo320dm_qpcr_jq1_24h_ctrl_38.tif,/work/users/b/e/behnamie/ecDNA_Data/bioimage_archive/roi_mask/colo320dm_qpcr_jq1_24h_ctrl_38.png,/work/users/b/e/behnamie/ecDNA_Data/bioimage_archive/gt_image/colo320dm_qpcr_jq1_24h_ctrl_38.tif
colo320dm_qpcr_jq1_24h_ctrl_4,COLO320DM,train,train,True,True,False,False,1,rgb/colo320dm_qpcr_jq1_24h_ctrl_4.tif,dapi/colo320dm_qpcr_jq1_24h_ctrl_4.tif,roi_mask/colo320dm_qpcr_jq1_24h_ctrl_4.png,gt_image/colo320dm_qpcr_jq1_24h_ctrl_4.tif,,46,46,True,True,True,True,colo320dm_qpcr_jq1_24h_ctrl_4.tif,colo320dm_qpcr_jq1_24h_ctrl_4.tif,colo320dm_qpcr_jq1_24h_ctrl_4.png,colo320dm_qpcr_jq1_24h_ctrl_4.tif,,/work/users/b/e/behnamie/ecDNA_Data/bioimage_archive/rgb/colo320dm_qpcr_jq1_24h_ctrl_4.tif,/work/users/b/e/behnamie/ecDNA_Data/bioimage_archive/dapi/colo320dm_qpcr_jq1_24h_ctrl_4.tif,/work/users/b/e/behnamie/ecDNA_Data/bioimage_archive/roi_mask/colo320dm_qpcr_jq1_24h_ctrl_4.png,/work/users/b/e/behnamie/ecDNA_Data/bioimage_archive/gt_image/colo320dm_qpcr_jq1_24h_ctrl_4.tif
colo320dm_qpcr_jq1_24h_ctrl_41,COLO320DM,train,train,True,True,False,False,1,rgb/colo320dm_qpcr_jq1_24h_ctrl_41.tif,dapi/colo320dm_qpcr_jq1_24h_ctrl_41.tif,roi_mask/colo320dm_qpcr_jq1_24h_ctrl_41.png,gt_image/colo320dm_qpcr_jq1_24h_ctrl_41.tif,,101,101,True,True,True,True,colo320dm_qpcr_jq1_24h_ctrl_41.tif,colo320dm_qpcr_jq1_24h_ctrl_41.tif,colo320dm_qpcr_jq1_24h_ctrl_41.png,colo320dm_qpcr_jq1_24h_ctrl_41.tif,,/work/users/b/e/behnamie/ecDNA_Data/bioimage_archive/rgb/colo320dm_qpcr_jq1_24h_ctrl_41.tif,/work/users/b/e/behnamie/ecDNA_Data/bioimage_archive/dapi/colo320dm_qpcr_jq1_24h_ctrl_41.tif,/work/users/b/e/behnamie/ecDNA_Data/bioimage_archive/roi_mask/colo320dm_qpcr_jq1_24h_ctrl_41.png,/work/users/b/e/behnamie/ecDNA_Data/bioimage_archive/gt_image/colo320dm_qpcr_jq1_24h_ctrl_41.tif
colo320dm_qpcr_jq1_24h_ctrl_43,COLO320DM,train,train,True,True,False,False,1,rgb/colo320dm_qpcr_jq1_24h_ctrl_43.tif,dapi/colo320dm_qpcr_jq1_24h_ctrl_43.tif,roi_mask/colo320dm_qpcr_jq1_24h_ctrl_43.png,gt_image/colo320dm_qpcr_jq1_24h_ctrl_43.tif,,44,44,True,True,True,True,colo320dm_qpcr_jq1_24h_ctrl_43.tif,colo320dm_qpcr_jq1_24h_ctrl_43.tif,colo320dm_qpcr_jq1_24h_ctrl_43.png,colo320dm_qpcr_jq1_24h_ctrl_43.tif,,/work/users/b/e/behnamie/ecDNA_Data/bioimage_archive/rgb/colo320dm_qpcr_jq1_24h_ctrl_43.tif,/work/users/b/e/behnamie/ecDNA_Data/bioimage_archive/dapi/colo320dm_qpcr_jq1_24h_ctrl_43.tif,/work/users/b/e/behnamie/ecDNA_Data/bioimage_archive/roi_mask/colo320dm_qpcr_jq1_24h_ctrl_43.png,/work/users/b/e/behnamie/ecDNA_Data/bioimage_archive/gt_image/colo320dm_qpcr_jq1_24h_ctrl_43.tif
colo320dm_qpcr_jq1_24h_ctrl_49,COLO320DM,train,train,True,True,False,False,1,rgb/colo320dm_qpcr_jq1_24h_ctrl_49.tif,dapi/colo320dm_qpcr_jq1_24h_ctrl_49.tif,roi_mask/colo320dm_qpcr_jq1_24h_ctrl_49.png,gt_image/colo320dm_qpcr_jq1_24h_ctrl_49.tif,,74,74,True,True,True,True,colo320dm_qpcr_jq1_24h_ctrl_49.tif,colo320dm_qpcr_jq1_24h_ctrl_49.tif,colo320dm_qpcr_jq1_24h_ctrl_49.png,colo320dm_qpcr_jq1_24h_ctrl_49.tif,,/work/users/b/e/behnamie/ecDNA_Data/bioimage_archive/rgb/colo320dm_qpcr_jq1_24h_ctrl_49.tif,/work/users/b/e/behnamie/ecDNA_Data/bioimage_archive/dapi/colo320dm_qpcr_jq1_24h_ctrl_49.tif,/work/users/b/e/behnamie/ecDNA_Data/bioimage_archive/roi_mask/colo320dm_qpcr_jq1_24h_ctrl_49.png,/work/users/b/e/behnamie/ecDNA_Data/bioimage_archive/gt_image/colo320dm_qpcr_jq1_24h_ctrl_49.tif
colo320dm_qpcr_jq1_24h_ctrl_50,COLO320DM,train,train,True,True,False,False,1,rgb/colo320dm_qpcr_jq1_24h_ctrl_50.tif,dapi/colo320dm_qpcr_jq1_24h_ctrl_50.tif,roi_mask/colo320dm_qpcr_jq1_24h_ctrl_50.png,gt_image/colo320dm_qpcr_jq1_24h_ctrl_50.tif,,7,7,True,True,True,True,colo320dm_qpcr_jq1_24h_ctrl_50.tif,colo320dm_qpcr_jq1_24h_ctrl_50.tif,colo320dm_qpcr_jq1_24h_ctrl_50.png,colo320dm_qpcr_jq1_24h_ctrl_50.tif,,/work/users/b/e/behnamie/ecDNA_Data/bioimage_archive/rgb/colo320dm_qpcr_jq1_24h_ctrl_50.tif,/work/users/b/e/behnamie/ecDNA_Data/bioimage_archive/dapi/colo320dm_qpcr_jq1_24h_ctrl_50.tif,/work/users/b/e/behnamie/ecDNA_Data/bioimage_archive/roi_mask/colo320dm_qpcr_jq1_24h_ctrl_50.png,/work/users/b/e/behnamie/ecDNA_Data/bioimage_archive/gt_image/colo320dm_qpcr_jq1_24h_ctrl_50.tif
colo320dm_qpcr_jq1_24h_ctrl_55,COLO320DM,train,train,True,True,False,False,1,rgb/colo320dm_qpcr_jq1_24h_ctrl_55.tif,dapi/colo320dm_qpcr_jq1_24h_ctrl_55.tif,roi_mask/colo320dm_qpcr_jq1_24h_ctrl_55.png,gt_image/colo320dm_qpcr_jq1_24h_ctrl_55.tif,,34,34,True,True,True,True,colo320dm_qpcr_jq1_24h_ctrl_55.tif,colo320dm_qpcr_jq1_24h_ctrl_55.tif,colo320dm_qpcr_jq1_24h_ctrl_55.png,colo320dm_qpcr_jq1_24h_ctrl_55.tif,,/work/users/b/e/behnamie/ecDNA_Data/bioimage_archive/rgb/colo320dm_qpcr_jq1_24h_ctrl_55.tif,/work/users/b/e/behnamie/ecDNA_Data/bioimage_archive/dapi/colo320dm_qpcr_jq1_24h_ctrl_55.tif,/work/users/b/e/behnamie/ecDNA_Data/bioimage_archive/roi_mask/colo320dm_qpcr_jq1_24h_ctrl_55.png,/work/users/b/e/behnamie/ecDNA_Data/bioimage_archive/gt_image/colo320dm_qpcr_jq1_24h_ctrl_55.tif
colo320dm_qpcr_jq1_24h_ctrl_58,COLO320DM,train,train,True,True,False,False,1,rgb/colo320dm_qpcr_jq1_24h_ctrl_58.tif,dapi/colo320dm_qpcr_jq1_24h_ctrl_58.tif,roi_mask/colo320dm_qpcr_jq1_24h_ctrl_58.png,gt_image/colo320dm_qpcr_jq1_24h_ctrl_58.tif,,15,15,True,True,True,True,colo320dm_qpcr_jq1_24h_ctrl_58.tif,colo320dm_qpcr_jq1_24h_ctrl_58.tif,colo320dm_qpcr_jq1_24h_ctrl_58.png,colo320dm_qpcr_jq1_24h_ctrl_58.tif,,/work/users/b/e/behnamie/ecDNA_Data/bioimage_archive/rgb/colo320dm_qpcr_jq1_24h_ctrl_58.tif,/work/users/b/e/behnamie/ecDNA_Data/bioimage_archive/dapi/colo320dm_qpcr_jq1_24h_ctrl_58.tif,/work/users/b/e/behnamie/ecDNA_Data/bioimage_archive/roi_mask/colo320dm_qpcr_jq1_24h_ctrl_58.png,/work/users/b/e/behnamie/ecDNA_Data/bioimage_archive/gt_image/colo320dm_qpcr_jq1_24h_ctrl_58.tif
colo320dm_qpcr_jq1_24h_ctrl_65,COLO320DM,train,train,True,True,False,False,1,rgb/colo320dm_qpcr_jq1_24h_ctrl_65.tif,dapi/colo320dm_qpcr_jq1_24h_ctrl_65.tif,roi_mask/colo320dm_qpcr_jq1_24h_ctrl_65.png,gt_image/colo320dm_qpcr_jq1_24h_ctrl_65.tif,,30,30,True,True,True,True,colo320dm_qpcr_jq1_24h_ctrl_65.tif,colo320dm_qpcr_jq1_24h_ctrl_65.tif,colo320dm_qpcr_jq1_24h_ctrl_65.png,colo320dm_qpcr_jq1_24h_ctrl_65.tif,,/work/users/b/e/behnamie/ecDNA_Data/bioimage_archive/rgb/colo320dm_qpcr_jq1_24h_ctrl_65.tif,/work/users/b/e/behnamie/ecDNA_Data/bioimage_archive/dapi/colo320dm_qpcr_jq1_24h_ctrl_65.tif,/work/users/b/e/behnamie/ecDNA_Data/bioimage_archive/roi_mask/colo320dm_qpcr_jq1_24h_ctrl_65.png,/work/users/b/e/behnamie/ecDNA_Data/bioimage_archive/gt_image/colo320dm_qpcr_jq1_24h_ctrl_65.tif
colo320dm_qpcr_jq1_24h_ctrl_66_a,COLO320DM,train,train,True,True,False,False,1,rgb/colo320dm_qpcr_jq1_24h_ctrl_66_a.tif,dapi/colo320dm_qpcr_jq1_24h_ctrl_66_a.tif,roi_mask/colo320dm_qpcr_jq1_24h_ctrl_66_a.png,gt_image/colo320dm_qpcr_jq1_24h_ctrl_66_a.tif,,61,61,True,True,True,True,colo320dm_qpcr_jq1_24h_ctrl_66_a.tif,colo320dm_qpcr_jq1_24h_ctrl_66_a.tif,colo320dm_qpcr_jq1_24h_ctrl_66_a.png,colo320dm_qpcr_jq1_24h_ctrl_66_a.tif,,/work/users/b/e/behnamie/ecDNA_Data/bioimage_archive/rgb/colo320dm_qpcr_jq1_24h_ctrl_66_a.tif,/work/users/b/e/behnamie/ecDNA_Data/bioimage_archive/dapi/colo320dm_qpcr_jq1_24h_ctrl_66_a.tif,/work/users/b/e/behnamie/ecDNA_Data/bioimage_archive/roi_mask/colo320dm_qpcr_jq1_24h_ctrl_66_a.png,/work/users/b/e/behnamie/ecDNA_Data/bioimage_archive/gt_image/colo320dm_qpcr_jq1_24h_ctrl_66_a.tif
colo320dm_qpcr_jq1_24h_ctrl_72,COLO320DM,train,train,True,True,False,False,1,rgb/colo320dm_qpcr_jq1_24h_ctrl_72.tif,dapi/colo320dm_qpcr_jq1_24h_ctrl_72.tif,roi_mask/colo320dm_qpcr_jq1_24h_ctrl_72.png,gt_image/colo320dm_qpcr_jq1_24h_ctrl_72.tif,,37,37,True,True,True,True,colo320dm_qpcr_jq1_24h_ctrl_72.tif,colo320dm_qpcr_jq1_24h_ctrl_72.tif,colo320dm_qpcr_jq1_24h_ctrl_72.png,colo320dm_qpcr_jq1_24h_ctrl_72.tif,,/work/users/b/e/behnamie/ecDNA_Data/bioimage_archive/rgb/colo320dm_qpcr_jq1_24h_ctrl_72.tif,/work/users/b/e/behnamie/ecDNA_Data/bioimage_archive/dapi/colo320dm_qpcr_jq1_24h_ctrl_72.tif,/work/users/b/e/behnamie/ecDNA_Data/bioimage_archive/roi_mask/colo320dm_qpcr_jq1_24h_ctrl_72.png,/work/users/b/e/behnamie/ecDNA_Data/bioimage_archive/gt_image/colo320dm_qpcr_jq1_24h_ctrl_72.tif
colo320dm_qpcr_jq1_24h_ctrl_75,COLO320DM,train,train,True,True,False,False,1,rgb/colo320dm_qpcr_jq1_24h_ctrl_75.tif,dapi/colo320dm_qpcr_jq1_24h_ctrl_75.tif,roi_mask/colo320dm_qpcr_jq1_24h_ctrl_75.png,gt_image/colo320dm_qpcr_jq1_24h_ctrl_75.tif,,47,47,True,True,True,True,colo320dm_qpcr_jq1_24h_ctrl_75.tif,colo320dm_qpcr_jq1_24h_ctrl_75.tif,colo320dm_qpcr_jq1_24h_ctrl_75.png,colo320dm_qpcr_jq1_24h_ctrl_75.tif,,/work/users/b/e/behnamie/ecDNA_Data/bioimage_archive/rgb/colo320dm_qpcr_jq1_24h_ctrl_75.tif,/work/users/b/e/behnamie/ecDNA_Data/bioimage_archive/dapi/colo320dm_qpcr_jq1_24h_ctrl_75.tif,/work/users/b/e/behnamie/ecDNA_Data/bioimage_archive/roi_mask/colo320dm_qpcr_jq1_24h_ctrl_75.png,/work/users/b/e/behnamie/ecDNA_Data/bioimage_archive/gt_image/colo320dm_qpcr_jq1_24h_ctrl_75.tif
colo320dm_qpcr_jq1_24h_ctrl_78_a,COLO320DM,train,train,True,True,False,False,1,rgb/colo320dm_qpcr_jq1_24h_ctrl_78_a.tif,dapi/colo320dm_qpcr_jq1_24h_ctrl_78_a.tif,roi_mask/colo320dm_qpcr_jq1_24h_ctrl_78_a.png,gt_image/colo320dm_qpcr_jq1_24h_ctrl_78_a.tif,,26,26,True,True,True,True,colo320dm_qpcr_jq1_24h_ctrl_78_a.tif,colo320dm_qpcr_jq1_24h_ctrl_78_a.tif,colo320dm_qpcr_jq1_24h_ctrl_78_a.png,colo320dm_qpcr_jq1_24h_ctrl_78_a.tif,,/work/users/b/e/behnamie/ecDNA_Data/bioimage_archive/rgb/colo320dm_qpcr_jq1_24h_ctrl_78_a.tif,/work/users/b/e/behnamie/ecDNA_Data/bioimage_archive/dapi/colo320dm_qpcr_jq1_24h_ctrl_78_a.tif,/work/users/b/e/behnamie/ecDNA_Data/bioimage_archive/roi_mask/colo320dm_qpcr_jq1_24h_ctrl_78_a.png,/work/users/b/e/behnamie/ecDNA_Data/bioimage_archive/gt_image/colo320dm_qpcr_jq1_24h_ctrl_78_a.tif
colo320dm_qpcr_jq1_24h_ctrl_78_b,COLO320DM,train,train,True,True,False,False,1,rgb/colo320dm_qpcr_jq1_24h_ctrl_78_b.tif,dapi/colo320dm_qpcr_jq1_24h_ctrl_78_b.tif,roi_mask/colo320dm_qpcr_jq1_24h_ctrl_78_b.png,gt_image/colo320dm_qpcr_jq1_24h_ctrl_78_b.tif,,52,53,True,True,True,True,colo320dm_qpcr_jq1_24h_ctrl_78_b.tif,colo320dm_qpcr_jq1_24h_ctrl_78_b.tif,colo320dm_qpcr_jq1_24h_ctrl_78_b.png,colo320dm_qpcr_jq1_24h_ctrl_78_b.tif,,/work/users/b/e/behnamie/ecDNA_Data/bioimage_archive/rgb/colo320dm_qpcr_jq1_24h_ctrl_78_b.tif,/work/users/b/e/behnamie/ecDNA_Data/bioimage_archive/dapi/colo320dm_qpcr_jq1_24h_ctrl_78_b.tif,/work/users/b/e/behnamie/ecDNA_Data/bioimage_archive/roi_mask/colo320dm_qpcr_jq1_24h_ctrl_78_b.png,/work/users/b/e/behnamie/ecDNA_Data/bioimage_archive/gt_image/colo320dm_qpcr_jq1_24h_ctrl_78_b.tif
colo320dm_qpcr_jq1_24h_ctrl_79,COLO320DM,train,train,True,True,False,False,1,rgb/colo320dm_qpcr_jq1_24h_ctrl_79.tif,dapi/colo320dm_qpcr_jq1_24h_ctrl_79.tif,roi_mask/colo320dm_qpcr_jq1_24h_ctrl_79.png,gt_image/colo320dm_qpcr_jq1_24h_ctrl_79.tif,,10,10,True,True,True,True,colo320dm_qpcr_jq1_24h_ctrl_79.tif,colo320dm_qpcr_jq1_24h_ctrl_79.tif,colo320dm_qpcr_jq1_24h_ctrl_79.png,colo320dm_qpcr_jq1_24h_ctrl_79.tif,,/work/users/b/e/behnamie/ecDNA_Data/bioimage_archive/rgb/colo320dm_qpcr_jq1_24h_ctrl_79.tif,/work/users/b/e/behnamie/ecDNA_Data/bioimage_archive/dapi/colo320dm_qpcr_jq1_24h_ctrl_79.tif,/work/users/b/e/behnamie/ecDNA_Data/bioimage_archive/roi_mask/colo320dm_qpcr_jq1_24h_ctrl_79.png,/work/users/b/e/behnamie/ecDNA_Data/bioimage_archive/gt_image/colo320dm_qpcr_jq1_24h_ctrl_79.tif
colo320dm_qpcr_jq1_24h_ctrl_8,COLO320DM,train,train,True,True,False,False,1,rgb/colo320dm_qpcr_jq1_24h_ctrl_8.tif,dapi/colo320dm_qpcr_jq1_24h_ctrl_8.tif,roi_mask/colo320dm_qpcr_jq1_24h_ctrl_8.png,gt_image/colo320dm_qpcr_jq1_24h_ctrl_8.tif,,36,36,True,True,True,True,colo320dm_qpcr_jq1_24h_ctrl_8.tif,colo320dm_qpcr_jq1_24h_ctrl_8.tif,colo320dm_qpcr_jq1_24h_ctrl_8.png,colo320dm_qpcr_jq1_24h_ctrl_8.tif,,/work/users/b/e/behnamie/ecDNA_Data/bioimage_archive/rgb/colo320dm_qpcr_jq1_24h_ctrl_8.tif,/work/users/b/e/behnamie/ecDNA_Data/bioimage_archive/dapi/colo320dm_qpcr_jq1_24h_ctrl_8.tif,/work/users/b/e/behnamie/ecDNA_Data/bioimage_archive/roi_mask/colo320dm_qpcr_jq1_24h_ctrl_8.png,/work/users/b/e/behnamie/ecDNA_Data/bioimage_archive/gt_image/colo320dm_qpcr_jq1_24h_ctrl_8.tif
colo320dm_qpcr_jq1_24h_ctrl_81,COLO320DM,train,train,True,True,False,False,1,rgb/colo320dm_qpcr_jq1_24h_ctrl_81.tif,dapi/colo320dm_qpcr_jq1_24h_ctrl_81.tif,roi_mask/colo320dm_qpcr_jq1_24h_ctrl_81.png,gt_image/colo320dm_qpcr_jq1_24h_ctrl_81.tif,,59,59,True,True,True,True,colo320dm_qpcr_jq1_24h_ctrl_81.tif,colo320dm_qpcr_jq1_24h_ctrl_81.tif,colo320dm_qpcr_jq1_24h_ctrl_81.png,colo320dm_qpcr_jq1_24h_ctrl_81.tif,,/work/users/b/e/behnamie/ecDNA_Data/bioimage_archive/rgb/colo320dm_qpcr_jq1_24h_ctrl_81.tif,/work/users/b/e/behnamie/ecDNA_Data/bioimage_archive/dapi/colo320dm_qpcr_jq1_24h_ctrl_81.tif,/work/users/b/e/behnamie/ecDNA_Data/bioimage_archive/roi_mask/colo320dm_qpcr_jq1_24h_ctrl_81.png,/work/users/b/e/behnamie/ecDNA_Data/bioimage_archive/gt_image/colo320dm_qpcr_jq1_24h_ctrl_81.tif
colo320dm_qpcr_jq1_24h_ctrl_82,COLO320DM,train,train,True,True,False,False,1,rgb/colo320dm_qpcr_jq1_24h_ctrl_82.tif,dapi/colo320dm_qpcr_jq1_24h_ctrl_82.tif,roi_mask/colo320dm_qpcr_jq1_24h_ctrl_82.png,gt_image/colo320dm_qpcr_jq1_24h_ctrl_82.tif,,30,30,True,True,True,True,colo320dm_qpcr_jq1_24h_ctrl_82.tif,colo320dm_qpcr_jq1_24h_ctrl_82.tif,colo320dm_qpcr_jq1_24h_ctrl_82.png,colo320dm_qpcr_jq1_24h_ctrl_82.tif,,/work/users/b/e/behnamie/ecDNA_Data/bioimage_archive/rgb/colo320dm_qpcr_jq1_24h_ctrl_82.tif,/work/users/b/e/behnamie/ecDNA_Data/bioimage_archive/dapi/colo320dm_qpcr_jq1_24h_ctrl_82.tif,/work/users/b/e/behnamie/ecDNA_Data/bioimage_archive/roi_mask/colo320dm_qpcr_jq1_24h_ctrl_82.png,/work/users/b/e/behnamie/ecDNA_Data/bioimage_archive/gt_image/colo320dm_qpcr_jq1_24h_ctrl_82.tif
colo320dm_qpcr_jq1_24h_ctrl_87_b,COLO320DM,train,train,True,True,False,False,1,rgb/colo320dm_qpcr_jq1_24h_ctrl_87_b.tif,dapi/colo320dm_qpcr_jq1_24h_ctrl_87_b.tif,roi_mask/colo320dm_qpcr_jq1_24h_ctrl_87_b.png,gt_image/colo320dm_qpcr_jq1_24h_ctrl_87_b.tif,,45,45,True,True,True,True,colo320dm_qpcr_jq1_24h_ctrl_87_b.tif,colo320dm_qpcr_jq1_24h_ctrl_87_b.tif,colo320dm_qpcr_jq1_24h_ctrl_87_b.png,colo320dm_qpcr_jq1_24h_ctrl_87_b.tif,,/work/users/b/e/behnamie/ecDNA_Data/bioimage_archive/rgb/colo320dm_qpcr_jq1_24h_ctrl_87_b.tif,/work/users/b/e/behnamie/ecDNA_Data/bioimage_archive/dapi/colo320dm_qpcr_jq1_24h_ctrl_87_b.tif,/work/users/b/e/behnamie/ecDNA_Data/bioimage_archive/roi_mask/colo320dm_qpcr_jq1_24h_ctrl_87_b.png,/work/users/b/e/behnamie/ecDNA_Data/bioimage_archive/gt_image/colo320dm_qpcr_jq1_24h_ctrl_87_b.tif
colo320dm_qpcr_jq1_24h_ctrl_88,COLO320DM,train,train,True,True,False,False,1,rgb/colo320dm_qpcr_jq1_24h_ctrl_88.tif,dapi/colo320dm_qpcr_jq1_24h_ctrl_88.tif,roi_mask/colo320dm_qpcr_jq1_24h_ctrl_88.png,gt_image/colo320dm_qpcr_jq1_24h_ctrl_88.tif,,53,53,True,True,True,True,colo320dm_qpcr_jq1_24h_ctrl_88.tif,colo320dm_qpcr_jq1_24h_ctrl_88.tif,colo320dm_qpcr_jq1_24h_ctrl_88.png,colo320dm_qpcr_jq1_24h_ctrl_88.tif,,/work/users/b/e/behnamie/ecDNA_Data/bioimage_archive/rgb/colo320dm_qpcr_jq1_24h_ctrl_88.tif,/work/users/b/e/behnamie/ecDNA_Data/bioimage_archive/dapi/colo320dm_qpcr_jq1_24h_ctrl_88.tif,/work/users/b/e/behnamie/ecDNA_Data/bioimage_archive/roi_mask/colo320dm_qpcr_jq1_24h_ctrl_88.png,/work/users/b/e/behnamie/ecDNA_Data/bioimage_archive/gt_image/colo320dm_qpcr_jq1_24h_ctrl_88.tif
colo320dm_qpcr_jq1_24h_ctrl_89,COLO320DM,train,train,True,True,False,False,1,rgb/colo320dm_qpcr_jq1_24h_ctrl_89.tif,dapi/colo320dm_qpcr_jq1_24h_ctrl_89.tif,roi_mask/colo320dm_qpcr_jq1_24h_ctrl_89.png,gt_image/colo320dm_qpcr_jq1_24h_ctrl_89.tif,,15,15,True,True,True,True,colo320dm_qpcr_jq1_24h_ctrl_89.tif,colo320dm_qpcr_jq1_24h_ctrl_89.tif,colo320dm_qpcr_jq1_24h_ctrl_89.png,colo320dm_qpcr_jq1_24h_ctrl_89.tif,,/work/users/b/e/behnamie/ecDNA_Data/bioimage_archive/rgb/colo320dm_qpcr_jq1_24h_ctrl_89.tif,/work/users/b/e/behnamie/ecDNA_Data/bioimage_archive/dapi/colo320dm_qpcr_jq1_24h_ctrl_89.tif,/work/users/b/e/behnamie/ecDNA_Data/bioimage_archive/roi_mask/colo320dm_qpcr_jq1_24h_ctrl_89.png,/work/users/b/e/behnamie/ecDNA_Data/bioimage_archive/gt_image/colo320dm_qpcr_jq1_24h_ctrl_89.tif
colo320dm_qpcr_jq1_24h_ctrl_9,COLO320DM,train,train,True,True,False,False,1,rgb/colo320dm_qpcr_jq1_24h_ctrl_9.tif,dapi/colo320dm_qpcr_jq1_24h_ctrl_9.tif,roi_mask/colo320dm_qpcr_jq1_24h_ctrl_9.png,gt_image/colo320dm_qpcr_jq1_24h_ctrl_9.tif,,23,23,True,True,True,True,colo320dm_qpcr_jq1_24h_ctrl_9.tif,colo320dm_qpcr_jq1_24h_ctrl_9.tif,colo320dm_qpcr_jq1_24h_ctrl_9.png,colo320dm_qpcr_jq1_24h_ctrl_9.tif,,/work/users/b/e/behnamie/ecDNA_Data/bioimage_archive/rgb/colo320dm_qpcr_jq1_24h_ctrl_9.tif,/work/users/b/e/behnamie/ecDNA_Data/bioimage_archive/dapi/colo320dm_qpcr_jq1_24h_ctrl_9.tif,/work/users/b/e/behnamie/ecDNA_Data/bioimage_archive/roi_mask/colo320dm_qpcr_jq1_24h_ctrl_9.png,/work/users/b/e/behnamie/ecDNA_Data/bioimage_archive/gt_image/colo320dm_qpcr_jq1_24h_ctrl_9.tif
colo320dm_qpcr_jq1_24h_ctrl_90,COLO320DM,train,train,True,True,False,False,1,rgb/colo320dm_qpcr_jq1_24h_ctrl_90.tif,dapi/colo320dm_qpcr_jq1_24h_ctrl_90.tif,roi_mask/colo320dm_qpcr_jq1_24h_ctrl_90.png,gt_image/colo320dm_qpcr_jq1_24h_ctrl_90.tif,,89,89,True,True,True,True,colo320dm_qpcr_jq1_24h_ctrl_90.tif,colo320dm_qpcr_jq1_24h_ctrl_90.tif,colo320dm_qpcr_jq1_24h_ctrl_90.png,colo320dm_qpcr_jq1_24h_ctrl_90.tif,,/work/users/b/e/behnamie/ecDNA_Data/bioimage_archive/rgb/colo320dm_qpcr_jq1_24h_ctrl_90.tif,/work/users/b/e/behnamie/ecDNA_Data/bioimage_archive/dapi/colo320dm_qpcr_jq1_24h_ctrl_90.tif,/work/users/b/e/behnamie/ecDNA_Data/bioimage_archive/roi_mask/colo320dm_qpcr_jq1_24h_ctrl_90.png,/work/users/b/e/behnamie/ecDNA_Data/bioimage_archive/gt_image/colo320dm_qpcr_jq1_24h_ctrl_90.tif
colo320dm_qpcr_jq1_24h_ctrl_92,COLO320DM,train,train,True,True,False,False,1,rgb/colo320dm_qpcr_jq1_24h_ctrl_92.tif,dapi/colo320dm_qpcr_jq1_24h_ctrl_92.tif,roi_mask/colo320dm_qpcr_jq1_24h_ctrl_92.png,gt_image/colo320dm_qpcr_jq1_24h_ctrl_92.tif,,55,55,True,True,True,True,colo320dm_qpcr_jq1_24h_ctrl_92.tif,colo320dm_qpcr_jq1_24h_ctrl_92.tif,colo320dm_qpcr_jq1_24h_ctrl_92.png,colo320dm_qpcr_jq1_24h_ctrl_92.tif,,/work/users/b/e/behnamie/ecDNA_Data/bioimage_archive/rgb/colo320dm_qpcr_jq1_24h_ctrl_92.tif,/work/users/b/e/behnamie/ecDNA_Data/bioimage_archive/dapi/colo320dm_qpcr_jq1_24h_ctrl_92.tif,/work/users/b/e/behnamie/ecDNA_Data/bioimage_archive/roi_mask/colo320dm_qpcr_jq1_24h_ctrl_92.png,/work/users/b/e/behnamie/ecDNA_Data/bioimage_archive/gt_image/colo320dm_qpcr_jq1_24h_ctrl_92.tif
colo320dm_qpcr_jq1_24h_ctrl_95,COLO320DM,train,train,True,True,False,False,1,rgb/colo320dm_qpcr_jq1_24h_ctrl_95.tif,dapi/colo320dm_qpcr_jq1_24h_ctrl_95.tif,roi_mask/colo320dm_qpcr_jq1_24h_ctrl_95.png,gt_image/colo320dm_qpcr_jq1_24h_ctrl_95.tif,,32,32,True,True,True,True,colo320dm_qpcr_jq1_24h_ctrl_95.tif,colo320dm_qpcr_jq1_24h_ctrl_95.tif,colo320dm_qpcr_jq1_24h_ctrl_95.png,colo320dm_qpcr_jq1_24h_ctrl_95.tif,,/work/users/b/e/behnamie/ecDNA_Data/bioimage_archive/rgb/colo320dm_qpcr_jq1_24h_ctrl_95.tif,/work/users/b/e/behnamie/ecDNA_Data/bioimage_archive/dapi/colo320dm_qpcr_jq1_24h_ctrl_95.tif,/work/users/b/e/behnamie/ecDNA_Data/bioimage_archive/roi_mask/colo320dm_qpcr_jq1_24h_ctrl_95.png,/work/users/b/e/behnamie/ecDNA_Data/bioimage_archive/gt_image/colo320dm_qpcr_jq1_24h_ctrl_95.tif
colo320dm_qpcr_jq1_24h_ctrl_97,COLO320DM,train,train,True,True,False,False,1,rgb/colo320dm_qpcr_jq1_24h_ctrl_97.tif,dapi/colo320dm_qpcr_jq1_24h_ctrl_97.tif,roi_mask/colo320dm_qpcr_jq1_24h_ctrl_97.png,gt_image/colo320dm_qpcr_jq1_24h_ctrl_97.tif,,87,87,True,True,True,True,colo320dm_qpcr_jq1_24h_ctrl_97.tif,colo320dm_qpcr_jq1_24h_ctrl_97.tif,colo320dm_qpcr_jq1_24h_ctrl_97.png,colo320dm_qpcr_jq1_24h_ctrl_97.tif,,/work/users/b/e/behnamie/ecDNA_Data/bioimage_archive/rgb/colo320dm_qpcr_jq1_24h_ctrl_97.tif,/work/users/b/e/behnamie/ecDNA_Data/bioimage_archive/dapi/colo320dm_qpcr_jq1_24h_ctrl_97.tif,/work/users/b/e/behnamie/ecDNA_Data/bioimage_archive/roi_mask/colo320dm_qpcr_jq1_24h_ctrl_97.png,/work/users/b/e/behnamie/ecDNA_Data/bioimage_archive/gt_image/colo320dm_qpcr_jq1_24h_ctrl_97.tif
colo320dm_qpcr_jq1_24h_dmso_104,COLO320DM,train,train,True,True,False,False,1,rgb/colo320dm_qpcr_jq1_24h_dmso_104.tif,dapi/colo320dm_qpcr_jq1_24h_dmso_104.tif,roi_mask/colo320dm_qpcr_jq1_24h_dmso_104.png,gt_image/colo320dm_qpcr_jq1_24h_dmso_104.tif,,4,4,True,True,True,True,colo320dm_qpcr_jq1_24h_dmso_104.tif,colo320dm_qpcr_jq1_24h_dmso_104.tif,colo320dm_qpcr_jq1_24h_dmso_104.png,colo320dm_qpcr_jq1_24h_dmso_104.tif,,/work/users/b/e/behnamie/ecDNA_Data/bioimage_archive/rgb/colo320dm_qpcr_jq1_24h_dmso_104.tif,/work/users/b/e/behnamie/ecDNA_Data/bioimage_archive/dapi/colo320dm_qpcr_jq1_24h_dmso_104.tif,/work/users/b/e/behnamie/ecDNA_Data/bioimage_archive/roi_mask/colo320dm_qpcr_jq1_24h_dmso_104.png,/work/users/b/e/behnamie/ecDNA_Data/bioimage_archive/gt_image/colo320dm_qpcr_jq1_24h_dmso_104.tif
colo320dm_qpcr_jq1_24h_dmso_49,COLO320DM,train,train,True,True,False,False,1,rgb/colo320dm_qpcr_jq1_24h_dmso_49.tif,dapi/colo320dm_qpcr_jq1_24h_dmso_49.tif,roi_mask/colo320dm_qpcr_jq1_24h_dmso_49.png,gt_image/colo320dm_qpcr_jq1_24h_dmso_49.tif,,1,1,True,True,True,True,colo320dm_qpcr_jq1_24h_dmso_49.tif,colo320dm_qpcr_jq1_24h_dmso_49.tif,colo320dm_qpcr_jq1_24h_dmso_49.png,colo320dm_qpcr_jq1_24h_dmso_49.tif,,/work/users/b/e/behnamie/ecDNA_Data/bioimage_archive/rgb/colo320dm_qpcr_jq1_24h_dmso_49.tif,/work/users/b/e/behnamie/ecDNA_Data/bioimage_archive/dapi/colo320dm_qpcr_jq1_24h_dmso_49.tif,/work/users/b/e/behnamie/ecDNA_Data/bioimage_archive/roi_mask/colo320dm_qpcr_jq1_24h_dmso_49.png,/work/users/b/e/behnamie/ecDNA_Data/bioimage_archive/gt_image/colo320dm_qpcr_jq1_24h_dmso_49.tif
colo320dm_qpcr_jq1_24h_dmso_6,COLO320DM,train,train,True,True,False,False,1,rgb/colo320dm_qpcr_jq1_24h_dmso_6.tif,dapi/colo320dm_qpcr_jq1_24h_dmso_6.tif,roi_mask/colo320dm_qpcr_jq1_24h_dmso_6.png,gt_image/colo320dm_qpcr_jq1_24h_dmso_6.tif,,4,4,True,True,True,True,colo320dm_qpcr_jq1_24h_dmso_6.tif,colo320dm_qpcr_jq1_24h_dmso_6.tif,colo320dm_qpcr_jq1_24h_dmso_6.png,colo320dm_qpcr_jq1_24h_dmso_6.tif,,/work/users/b/e/behnamie/ecDNA_Data/bioimage_archive/rgb/colo320dm_qpcr_jq1_24h_dmso_6.tif,/work/users/b/e/behnamie/ecDNA_Data/bioimage_archive/dapi/colo320dm_qpcr_jq1_24h_dmso_6.tif,/work/users/b/e/behnamie/ecDNA_Data/bioimage_archive/roi_mask/colo320dm_qpcr_jq1_24h_dmso_6.png,/work/users/b/e/behnamie/ecDNA_Data/bioimage_archive/gt_image/colo320dm_qpcr_jq1_24h_dmso_6.tif
ncih2170_antibiotics_blank_ctrl_1,NCI-H2170,train,train,True,True,False,False,1,rgb/ncih2170_antibiotics_blank_ctrl_1.tif,dapi/ncih2170_antibiotics_blank_ctrl_1.tif,roi_mask/ncih2170_antibiotics_blank_ctrl_1.png,gt_image/ncih2170_antibiotics_blank_ctrl_1.tif,,235,235,True,True,True,True,ncih2170_antibiotics_blank_ctrl_1.tif,ncih2170_antibiotics_blank_ctrl_1.tif,ncih2170_antibiotics_blank_ctrl_1.png,ncih2170_antibiotics_blank_ctrl_1.tif,,/work/users/b/e/behnamie/ecDNA_Data/bioimage_archive/rgb/ncih2170_antibiotics_blank_ctrl_1.tif,/work/users/b/e/behnamie/ecDNA_Data/bioimage_archive/dapi/ncih2170_antibiotics_blank_ctrl_1.tif,/work/users/b/e/behnamie/ecDNA_Data/bioimage_archive/roi_mask/ncih2170_antibiotics_blank_ctrl_1.png,/work/users/b/e/behnamie/ecDNA_Data/bioimage_archive/gt_image/ncih2170_antibiotics_blank_ctrl_1.tif
ncih2170_antibiotics_blank_ctrl_102,NCI-H2170,train,train,True,True,False,False,1,rgb/ncih2170_antibiotics_blank_ctrl_102.tif,dapi/ncih2170_antibiotics_blank_ctrl_102.tif,roi_mask/ncih2170_antibiotics_blank_ctrl_102.png,gt_image/ncih2170_antibiotics_blank_ctrl_102.tif,,402,407,True,True,True,True,ncih2170_antibiotics_blank_ctrl_102.tif,ncih2170_antibiotics_blank_ctrl_102.tif,ncih2170_antibiotics_blank_ctrl_102.png,ncih2170_antibiotics_blank_ctrl_102.tif,,/work/users/b/e/behnamie/ecDNA_Data/bioimage_archive/rgb/ncih2170_antibiotics_blank_ctrl_102.tif,/work/users/b/e/behnamie/ecDNA_Data/bioimage_archive/dapi/ncih2170_antibiotics_blank_ctrl_102.tif,/work/users/b/e/behnamie/ecDNA_Data/bioimage_archive/roi_mask/ncih2170_antibiotics_blank_ctrl_102.png,/work/users/b/e/behnamie/ecDNA_Data/bioimage_archive/gt_image/ncih2170_antibiotics_blank_ctrl_102.tif
ncih2170_antibiotics_blank_ctrl_106,NCI-H2170,train,train,True,True,False,False,1,rgb/ncih2170_antibiotics_blank_ctrl_106.tif,dapi/ncih2170_antibiotics_blank_ctrl_106.tif,roi_mask/ncih2170_antibiotics_blank_ctrl_106.png,gt_image/ncih2170_antibiotics_blank_ctrl_106.tif,,101,102,True,True,True,True,ncih2170_antibiotics_blank_ctrl_106.tif,ncih2170_antibiotics_blank_ctrl_106.tif,ncih2170_antibiotics_blank_ctrl_106.png,ncih2170_antibiotics_blank_ctrl_106.tif,,/work/users/b/e/behnamie/ecDNA_Data/bioimage_archive/rgb/ncih2170_antibiotics_blank_ctrl_106.tif,/work/users/b/e/behnamie/ecDNA_Data/bioimage_archive/dapi/ncih2170_antibiotics_blank_ctrl_106.tif,/work/users/b/e/behnamie/ecDNA_Data/bioimage_archive/roi_mask/ncih2170_antibiotics_blank_ctrl_106.png,/work/users/b/e/behnamie/ecDNA_Data/bioimage_archive/gt_image/ncih2170_antibiotics_blank_ctrl_106.tif
ncih2170_antibiotics_blank_ctrl_111,NCI-H2170,train,train,True,True,False,False,1,rgb/ncih2170_antibiotics_blank_ctrl_111.tif,dapi/ncih2170_antibiotics_blank_ctrl_111.tif,roi_mask/ncih2170_antibiotics_blank_ctrl_111.png,gt_image/ncih2170_antibiotics_blank_ctrl_111.tif,,108,108,True,True,True,True,ncih2170_antibiotics_blank_ctrl_111.tif,ncih2170_antibiotics_blank_ctrl_111.tif,ncih2170_antibiotics_blank_ctrl_111.png,ncih2170_antibiotics_blank_ctrl_111.tif,,/work/users/b/e/behnamie/ecDNA_Data/bioimage_archive/rgb/ncih2170_antibiotics_blank_ctrl_111.tif,/work/users/b/e/behnamie/ecDNA_Data/bioimage_archive/dapi/ncih2170_antibiotics_blank_ctrl_111.tif,/work/users/b/e/behnamie/ecDNA_Data/bioimage_archive/roi_mask/ncih2170_antibiotics_blank_ctrl_111.png,/work/users/b/e/behnamie/ecDNA_Data/bioimage_archive/gt_image/ncih2170_antibiotics_blank_ctrl_111.tif
ncih2170_antibiotics_blank_ctrl_114,NCI-H2170,train,train,True,True,False,False,1,rgb/ncih2170_antibiotics_blank_ctrl_114.tif,dapi/ncih2170_antibiotics_blank_ctrl_114.tif,roi_mask/ncih2170_antibiotics_blank_ctrl_114.png,gt_image/ncih2170_antibiotics_blank_ctrl_114.tif,,154,154,True,True,True,True,ncih2170_antibiotics_blank_ctrl_114.tif,ncih2170_antibiotics_blank_ctrl_114.tif,ncih2170_antibiotics_blank_ctrl_114.png,ncih2170_antibiotics_blank_ctrl_114.tif,,/work/users/b/e/behnamie/ecDNA_Data/bioimage_archive/rgb/ncih2170_antibiotics_blank_ctrl_114.tif,/work/users/b/e/behnamie/ecDNA_Data/bioimage_archive/dapi/ncih2170_antibiotics_blank_ctrl_114.tif,/work/users/b/e/behnamie/ecDNA_Data/bioimage_archive/roi_mask/ncih2170_antibiotics_blank_ctrl_114.png,/work/users/b/e/behnamie/ecDNA_Data/bioimage_archive/gt_image/ncih2170_antibiotics_blank_ctrl_114.tif
ncih2170_antibiotics_blank_ctrl_116,NCI-H2170,train,train,True,True,False,False,1,rgb/ncih2170_antibiotics_blank_ctrl_116.tif,dapi/ncih2170_antibiotics_blank_ctrl_116.tif,roi_mask/ncih2170_antibiotics_blank_ctrl_116.png,gt_image/ncih2170_antibiotics_blank_ctrl_116.tif,,282,297,True,True,True,True,ncih2170_antibiotics_blank_ctrl_116.tif,ncih2170_antibiotics_blank_ctrl_116.tif,ncih2170_antibiotics_blank_ctrl_116.png,ncih2170_antibiotics_blank_ctrl_116.tif,,/work/users/b/e/behnamie/ecDNA_Data/bioimage_archive/rgb/ncih2170_antibiotics_blank_ctrl_116.tif,/work/users/b/e/behnamie/ecDNA_Data/bioimage_archive/dapi/ncih2170_antibiotics_blank_ctrl_116.tif,/work/users/b/e/behnamie/ecDNA_Data/bioimage_archive/roi_mask/ncih2170_antibiotics_blank_ctrl_116.png,/work/users/b/e/behnamie/ecDNA_Data/bioimage_archive/gt_image/ncih2170_antibiotics_blank_ctrl_116.tif
ncih2170_antibiotics_blank_ctrl_117,NCI-H2170,train,train,True,True,False,False,1,rgb/ncih2170_antibiotics_blank_ctrl_117.tif,dapi/ncih2170_antibiotics_blank_ctrl_117.tif,roi_mask/ncih2170_antibiotics_blank_ctrl_117.png,gt_image/ncih2170_antibiotics_blank_ctrl_117.tif,,307,310,True,True,True,True,ncih2170_antibiotics_blank_ctrl_117.tif,ncih2170_antibiotics_blank_ctrl_117.tif,ncih2170_antibiotics_blank_ctrl_117.png,ncih2170_antibiotics_blank_ctrl_117.tif,,/work/users/b/e/behnamie/ecDNA_Data/bioimage_archive/rgb/ncih2170_antibiotics_blank_ctrl_117.tif,/work/users/b/e/behnamie/ecDNA_Data/bioimage_archive/dapi/ncih2170_antibiotics_blank_ctrl_117.tif,/work/users/b/e/behnamie/ecDNA_Data/bioimage_archive/roi_mask/ncih2170_antibiotics_blank_ctrl_117.png,/work/users/b/e/behnamie/ecDNA_Data/bioimage_archive/gt_image/ncih2170_antibiotics_blank_ctrl_117.tif
ncih2170_antibiotics_blank_ctrl_118,NCI-H2170,train,train,True,True,False,False,1,rgb/ncih2170_antibiotics_blank_ctrl_118.tif,dapi/ncih2170_antibiotics_blank_ctrl_118.tif,roi_mask/ncih2170_antibiotics_blank_ctrl_118.png,gt_image/ncih2170_antibiotics_blank_ctrl_118.tif,,453,453,True,True,True,True,ncih2170_antibiotics_blank_ctrl_118.tif,ncih2170_antibiotics_blank_ctrl_118.tif,ncih2170_antibiotics_blank_ctrl_118.png,ncih2170_antibiotics_blank_ctrl_118.tif,,/work/users/b/e/behnamie/ecDNA_Data/bioimage_archive/rgb/ncih2170_antibiotics_blank_ctrl_118.tif,/work/users/b/e/behnamie/ecDNA_Data/bioimage_archive/dapi/ncih2170_antibiotics_blank_ctrl_118.tif,/work/users/b/e/behnamie/ecDNA_Data/bioimage_archive/roi_mask/ncih2170_antibiotics_blank_ctrl_118.png,/work/users/b/e/behnamie/ecDNA_Data/bioimage_archive/gt_image/ncih2170_antibiotics_blank_ctrl_118.tif
ncih2170_antibiotics_blank_ctrl_12,NCI-H2170,train,train,True,True,False,False,1,rgb/ncih2170_antibiotics_blank_ctrl_12.tif,dapi/ncih2170_antibiotics_blank_ctrl_12.tif,roi_mask/ncih2170_antibiotics_blank_ctrl_12.png,gt_image/ncih2170_antibiotics_blank_ctrl_12.tif,,122,122,True,True,True,True,ncih2170_antibiotics_blank_ctrl_12.tif,ncih2170_antibiotics_blank_ctrl_12.tif,ncih2170_antibiotics_blank_ctrl_12.png,ncih2170_antibiotics_blank_ctrl_12.tif,,/work/users/b/e/behnamie/ecDNA_Data/bioimage_archive/rgb/ncih2170_antibiotics_blank_ctrl_12.tif,/work/users/b/e/behnamie/ecDNA_Data/bioimage_archive/dapi/ncih2170_antibiotics_blank_ctrl_12.tif,/work/users/b/e/behnamie/ecDNA_Data/bioimage_archive/roi_mask/ncih2170_antibiotics_blank_ctrl_12.png,/work/users/b/e/behnamie/ecDNA_Data/bioimage_archive/gt_image/ncih2170_antibiotics_blank_ctrl_12.tif
ncih2170_antibiotics_blank_ctrl_13,NCI-H2170,train,train,True,True,False,False,1,rgb/ncih2170_antibiotics_blank_ctrl_13.tif,dapi/ncih2170_antibiotics_blank_ctrl_13.tif,roi_mask/ncih2170_antibiotics_blank_ctrl_13.png,gt_image/ncih2170_antibiotics_blank_ctrl_13.tif,,86,86,True,True,True,True,ncih2170_antibiotics_blank_ctrl_13.tif,ncih2170_antibiotics_blank_ctrl_13.tif,ncih2170_antibiotics_blank_ctrl_13.png,ncih2170_antibiotics_blank_ctrl_13.tif,,/work/users/b/e/behnamie/ecDNA_Data/bioimage_archive/rgb/ncih2170_antibiotics_blank_ctrl_13.tif,/work/users/b/e/behnamie/ecDNA_Data/bioimage_archive/dapi/ncih2170_antibiotics_blank_ctrl_13.tif,/work/users/b/e/behnamie/ecDNA_Data/bioimage_archive/roi_mask/ncih2170_antibiotics_blank_ctrl_13.png,/work/users/b/e/behnamie/ecDNA_Data/bioimage_archive/gt_image/ncih2170_antibiotics_blank_ctrl_13.tif
ncih2170_antibiotics_blank_ctrl_14,NCI-H2170,train,train,True,True,False,False,1,rgb/ncih2170_antibiotics_blank_ctrl_14.tif,dapi/ncih2170_antibiotics_blank_ctrl_14.tif,roi_mask/ncih2170_antibiotics_blank_ctrl_14.png,gt_image/ncih2170_antibiotics_blank_ctrl_14.tif,,329,329,True,True,True,True,ncih2170_antibiotics_blank_ctrl_14.tif,ncih2170_antibiotics_blank_ctrl_14.tif,ncih2170_antibiotics_blank_ctrl_14.png,ncih2170_antibiotics_blank_ctrl_14.tif,,/work/users/b/e/behnamie/ecDNA_Data/bioimage_archive/rgb/ncih2170_antibiotics_blank_ctrl_14.tif,/work/users/b/e/behnamie/ecDNA_Data/bioimage_archive/dapi/ncih2170_antibiotics_blank_ctrl_14.tif,/work/users/b/e/behnamie/ecDNA_Data/bioimage_archive/roi_mask/ncih2170_antibiotics_blank_ctrl_14.png,/work/users/b/e/behnamie/ecDNA_Data/bioimage_archive/gt_image/ncih2170_antibiotics_blank_ctrl_14.tif
ncih2170_antibiotics_blank_ctrl_15,NCI-H2170,train,train,True,True,False,False,1,rgb/ncih2170_antibiotics_blank_ctrl_15.tif,dapi/ncih2170_antibiotics_blank_ctrl_15.tif,roi_mask/ncih2170_antibiotics_blank_ctrl_15.png,gt_image/ncih2170_antibiotics_blank_ctrl_15.tif,,210,211,True,True,True,True,ncih2170_antibiotics_blank_ctrl_15.tif,ncih2170_antibiotics_blank_ctrl_15.tif,ncih2170_antibiotics_blank_ctrl_15.png,ncih2170_antibiotics_blank_ctrl_15.tif,,/work/users/b/e/behnamie/ecDNA_Data/bioimage_archive/rgb/ncih2170_antibiotics_blank_ctrl_15.tif,/work/users/b/e/behnamie/ecDNA_Data/bioimage_archive/dapi/ncih2170_antibiotics_blank_ctrl_15.tif,/work/users/b/e/behnamie/ecDNA_Data/bioimage_archive/roi_mask/ncih2170_antibiotics_blank_ctrl_15.png,/work/users/b/e/behnamie/ecDNA_Data/bioimage_archive/gt_image/ncih2170_antibiotics_blank_ctrl_15.tif
ncih2170_antibiotics_blank_ctrl_16,NCI-H2170,train,train,True,True,False,False,1,rgb/ncih2170_antibiotics_blank_ctrl_16.tif,dapi/ncih2170_antibiotics_blank_ctrl_16.tif,roi_mask/ncih2170_antibiotics_blank_ctrl_16.png,gt_image/ncih2170_antibiotics_blank_ctrl_16.tif,,91,91,True,True,True,True,ncih2170_antibiotics_blank_ctrl_16.tif,ncih2170_antibiotics_blank_ctrl_16.tif,ncih2170_antibiotics_blank_ctrl_16.png,ncih2170_antibiotics_blank_ctrl_16.tif,,/work/users/b/e/behnamie/ecDNA_Data/bioimage_archive/rgb/ncih2170_antibiotics_blank_ctrl_16.tif,/work/users/b/e/behnamie/ecDNA_Data/bioimage_archive/dapi/ncih2170_antibiotics_blank_ctrl_16.tif,/work/users/b/e/behnamie/ecDNA_Data/bioimage_archive/roi_mask/ncih2170_antibiotics_blank_ctrl_16.png,/work/users/b/e/behnamie/ecDNA_Data/bioimage_archive/gt_image/ncih2170_antibiotics_blank_ctrl_16.tif
ncih2170_antibiotics_blank_ctrl_17,NCI-H2170,train,train,True,True,False,False,1,rgb/ncih2170_antibiotics_blank_ctrl_17.tif,dapi/ncih2170_antibiotics_blank_ctrl_17.tif,roi_mask/ncih2170_antibiotics_blank_ctrl_17.png,gt_image/ncih2170_antibiotics_blank_ctrl_17.tif,,604,609,True,True,True,True,ncih2170_antibiotics_blank_ctrl_17.tif,ncih2170_antibiotics_blank_ctrl_17.tif,ncih2170_antibiotics_blank_ctrl_17.png,ncih2170_antibiotics_blank_ctrl_17.tif,,/work/users/b/e/behnamie/ecDNA_Data/bioimage_archive/rgb/ncih2170_antibiotics_blank_ctrl_17.tif,/work/users/b/e/behnamie/ecDNA_Data/bioimage_archive/dapi/ncih2170_antibiotics_blank_ctrl_17.tif,/work/users/b/e/behnamie/ecDNA_Data/bioimage_archive/roi_mask/ncih2170_antibiotics_blank_ctrl_17.png,/work/users/b/e/behnamie/ecDNA_Data/bioimage_archive/gt_image/ncih2170_antibiotics_blank_ctrl_17.tif
ncih2170_antibiotics_blank_ctrl_19,NCI-H2170,train,train,True,True,False,False,1,rgb/ncih2170_antibiotics_blank_ctrl_19.tif,dapi/ncih2170_antibiotics_blank_ctrl_19.tif,roi_mask/ncih2170_antibiotics_blank_ctrl_19.png,gt_image/ncih2170_antibiotics_blank_ctrl_19.tif,,92,92,True,True,True,True,ncih2170_antibiotics_blank_ctrl_19.tif,ncih2170_antibiotics_blank_ctrl_19.tif,ncih2170_antibiotics_blank_ctrl_19.png,ncih2170_antibiotics_blank_ctrl_19.tif,,/work/users/b/e/behnamie/ecDNA_Data/bioimage_archive/rgb/ncih2170_antibiotics_blank_ctrl_19.tif,/work/users/b/e/behnamie/ecDNA_Data/bioimage_archive/dapi/ncih2170_antibiotics_blank_ctrl_19.tif,/work/users/b/e/behnamie/ecDNA_Data/bioimage_archive/roi_mask/ncih2170_antibiotics_blank_ctrl_19.png,/work/users/b/e/behnamie/ecDNA_Data/bioimage_archive/gt_image/ncih2170_antibiotics_blank_ctrl_19.tif
ncih2170_antibiotics_blank_ctrl_2,NCI-H2170,train,train,True,True,False,False,1,rgb/ncih2170_antibiotics_blank_ctrl_2.tif,dapi/ncih2170_antibiotics_blank_ctrl_2.tif,roi_mask/ncih2170_antibiotics_blank_ctrl_2.png,gt_image/ncih2170_antibiotics_blank_ctrl_2.tif,,373,373,True,True,True,True,ncih2170_antibiotics_blank_ctrl_2.tif,ncih2170_antibiotics_blank_ctrl_2.tif,ncih2170_antibiotics_blank_ctrl_2.png,ncih2170_antibiotics_blank_ctrl_2.tif,,/work/users/b/e/behnamie/ecDNA_Data/bioimage_archive/rgb/ncih2170_antibiotics_blank_ctrl_2.tif,/work/users/b/e/behnamie/ecDNA_Data/bioimage_archive/dapi/ncih2170_antibiotics_blank_ctrl_2.tif,/work/users/b/e/behnamie/ecDNA_Data/bioimage_archive/roi_mask/ncih2170_antibiotics_blank_ctrl_2.png,/work/users/b/e/behnamie/ecDNA_Data/bioimage_archive/gt_image/ncih2170_antibiotics_blank_ctrl_2.tif
ncih2170_antibiotics_blank_ctrl_20,NCI-H2170,train,train,True,True,False,False,1,rgb/ncih2170_antibiotics_blank_ctrl_20.tif,dapi/ncih2170_antibiotics_blank_ctrl_20.tif,roi_mask/ncih2170_antibiotics_blank_ctrl_20.png,gt_image/ncih2170_antibiotics_blank_ctrl_20.tif,,128,129,True,True,True,True,ncih2170_antibiotics_blank_ctrl_20.tif,ncih2170_antibiotics_blank_ctrl_20.tif,ncih2170_antibiotics_blank_ctrl_20.png,ncih2170_antibiotics_blank_ctrl_20.tif,,/work/users/b/e/behnamie/ecDNA_Data/bioimage_archive/rgb/ncih2170_antibiotics_blank_ctrl_20.tif,/work/users/b/e/behnamie/ecDNA_Data/bioimage_archive/dapi/ncih2170_antibiotics_blank_ctrl_20.tif,/work/users/b/e/behnamie/ecDNA_Data/bioimage_archive/roi_mask/ncih2170_antibiotics_blank_ctrl_20.png,/work/users/b/e/behnamie/ecDNA_Data/bioimage_archive/gt_image/ncih2170_antibiotics_blank_ctrl_20.tif
ncih2170_antibiotics_blank_ctrl_21,NCI-H2170,train,train,True,True,False,False,1,rgb/ncih2170_antibiotics_blank_ctrl_21.tif,dapi/ncih2170_antibiotics_blank_ctrl_21.tif,roi_mask/ncih2170_antibiotics_blank_ctrl_21.png,gt_image/ncih2170_antibiotics_blank_ctrl_21.tif,,224,224,True,True,True,True,ncih2170_antibiotics_blank_ctrl_21.tif,ncih2170_antibiotics_blank_ctrl_21.tif,ncih2170_antibiotics_blank_ctrl_21.png,ncih2170_antibiotics_blank_ctrl_21.tif,,/work/users/b/e/behnamie/ecDNA_Data/bioimage_archive/rgb/ncih2170_antibiotics_blank_ctrl_21.tif,/work/users/b/e/behnamie/ecDNA_Data/bioimage_archive/dapi/ncih2170_antibiotics_blank_ctrl_21.tif,/work/users/b/e/behnamie/ecDNA_Data/bioimage_archive/roi_mask/ncih2170_antibiotics_blank_ctrl_21.png,/work/users/b/e/behnamie/ecDNA_Data/bioimage_archive/gt_image/ncih2170_antibiotics_blank_ctrl_21.tif
ncih2170_antibiotics_blank_ctrl_22,NCI-H2170,train,train,True,True,False,False,1,rgb/ncih2170_antibiotics_blank_ctrl_22.tif,dapi/ncih2170_antibiotics_blank_ctrl_22.tif,roi_mask/ncih2170_antibiotics_blank_ctrl_22.png,gt_image/ncih2170_antibiotics_blank_ctrl_22.tif,,375,377,True,True,True,True,ncih2170_antibiotics_blank_ctrl_22.tif,ncih2170_antibiotics_blank_ctrl_22.tif,ncih2170_antibiotics_blank_ctrl_22.png,ncih2170_antibiotics_blank_ctrl_22.tif,,/work/users/b/e/behnamie/ecDNA_Data/bioimage_archive/rgb/ncih2170_antibiotics_blank_ctrl_22.tif,/work/users/b/e/behnamie/ecDNA_Data/bioimage_archive/dapi/ncih2170_antibiotics_blank_ctrl_22.tif,/work/users/b/e/behnamie/ecDNA_Data/bioimage_archive/roi_mask/ncih2170_antibiotics_blank_ctrl_22.png,/work/users/b/e/behnamie/ecDNA_Data/bioimage_archive/gt_image/ncih2170_antibiotics_blank_ctrl_22.tif
ncih2170_antibiotics_blank_ctrl_24,NCI-H2170,train,train,True,True,False,False,1,rgb/ncih2170_antibiotics_blank_ctrl_24.tif,dapi/ncih2170_antibiotics_blank_ctrl_24.tif,roi_mask/ncih2170_antibiotics_blank_ctrl_24.png,gt_image/ncih2170_antibiotics_blank_ctrl_24.tif,,153,153,True,True,True,True,ncih2170_antibiotics_blank_ctrl_24.tif,ncih2170_antibiotics_blank_ctrl_24.tif,ncih2170_antibiotics_blank_ctrl_24.png,ncih2170_antibiotics_blank_ctrl_24.tif,,/work/users/b/e/behnamie/ecDNA_Data/bioimage_archive/rgb/ncih2170_antibiotics_blank_ctrl_24.tif,/work/users/b/e/behnamie/ecDNA_Data/bioimage_archive/dapi/ncih2170_antibiotics_blank_ctrl_24.tif,/work/users/b/e/behnamie/ecDNA_Data/bioimage_archive/roi_mask/ncih2170_antibiotics_blank_ctrl_24.png,/work/users/b/e/behnamie/ecDNA_Data/bioimage_archive/gt_image/ncih2170_antibiotics_blank_ctrl_24.tif
ncih2170_antibiotics_blank_ctrl_25,NCI-H2170,train,train,True,True,False,False,1,rgb/ncih2170_antibiotics_blank_ctrl_25.tif,dapi/ncih2170_antibiotics_blank_ctrl_25.tif,roi_mask/ncih2170_antibiotics_blank_ctrl_25.png,gt_image/ncih2170_antibiotics_blank_ctrl_25.tif,,42,42,True,True,True,True,ncih2170_antibiotics_blank_ctrl_25.tif,ncih2170_antibiotics_blank_ctrl_25.tif,ncih2170_antibiotics_blank_ctrl_25.png,ncih2170_antibiotics_blank_ctrl_25.tif,,/work/users/b/e/behnamie/ecDNA_Data/bioimage_archive/rgb/ncih2170_antibiotics_blank_ctrl_25.tif,/work/users/b/e/behnamie/ecDNA_Data/bioimage_archive/dapi/ncih2170_antibiotics_blank_ctrl_25.tif,/work/users/b/e/behnamie/ecDNA_Data/bioimage_archive/roi_mask/ncih2170_antibiotics_blank_ctrl_25.png,/work/users/b/e/behnamie/ecDNA_Data/bioimage_archive/gt_image/ncih2170_antibiotics_blank_ctrl_25.tif
ncih2170_antibiotics_blank_ctrl_27,NCI-H2170,train,train,True,True,False,False,1,rgb/ncih2170_antibiotics_blank_ctrl_27.tif,dapi/ncih2170_antibiotics_blank_ctrl_27.tif,roi_mask/ncih2170_antibiotics_blank_ctrl_27.png,gt_image/ncih2170_antibiotics_blank_ctrl_27.tif,,318,318,True,True,True,True,ncih2170_antibiotics_blank_ctrl_27.tif,ncih2170_antibiotics_blank_ctrl_27.tif,ncih2170_antibiotics_blank_ctrl_27.png,ncih2170_antibiotics_blank_ctrl_27.tif,,/work/users/b/e/behnamie/ecDNA_Data/bioimage_archive/rgb/ncih2170_antibiotics_blank_ctrl_27.tif,/work/users/b/e/behnamie/ecDNA_Data/bioimage_archive/dapi/ncih2170_antibiotics_blank_ctrl_27.tif,/work/users/b/e/behnamie/ecDNA_Data/bioimage_archive/roi_mask/ncih2170_antibiotics_blank_ctrl_27.png,/work/users/b/e/behnamie/ecDNA_Data/bioimage_archive/gt_image/ncih2170_antibiotics_blank_ctrl_27.tif
ncih2170_antibiotics_blank_ctrl_28,NCI-H2170,train,train,True,True,False,False,1,rgb/ncih2170_antibiotics_blank_ctrl_28.tif,dapi/ncih2170_antibiotics_blank_ctrl_28.tif,roi_mask/ncih2170_antibiotics_blank_ctrl_28.png,gt_image/ncih2170_antibiotics_blank_ctrl_28.tif,,256,265,True,True,True,True,ncih2170_antibiotics_blank_ctrl_28.tif,ncih2170_antibiotics_blank_ctrl_28.tif,ncih2170_antibiotics_blank_ctrl_28.png,ncih2170_antibiotics_blank_ctrl_28.tif,,/work/users/b/e/behnamie/ecDNA_Data/bioimage_archive/rgb/ncih2170_antibiotics_blank_ctrl_28.tif,/work/users/b/e/behnamie/ecDNA_Data/bioimage_archive/dapi/ncih2170_antibiotics_blank_ctrl_28.tif,/work/users/b/e/behnamie/ecDNA_Data/bioimage_archive/roi_mask/ncih2170_antibiotics_blank_ctrl_28.png,/work/users/b/e/behnamie/ecDNA_Data/bioimage_archive/gt_image/ncih2170_antibiotics_blank_ctrl_28.tif
ncih2170_antibiotics_blank_ctrl_29,NCI-H2170,train,train,True,True,False,False,1,rgb/ncih2170_antibiotics_blank_ctrl_29.tif,dapi/ncih2170_antibiotics_blank_ctrl_29.tif,roi_mask/ncih2170_antibiotics_blank_ctrl_29.png,gt_image/ncih2170_antibiotics_blank_ctrl_29.tif,,104,105,True,True,True,True,ncih2170_antibiotics_blank_ctrl_29.tif,ncih2170_antibiotics_blank_ctrl_29.tif,ncih2170_antibiotics_blank_ctrl_29.png,ncih2170_antibiotics_blank_ctrl_29.tif,,/work/users/b/e/behnamie/ecDNA_Data/bioimage_archive/rgb/ncih2170_antibiotics_blank_ctrl_29.tif,/work/users/b/e/behnamie/ecDNA_Data/bioimage_archive/dapi/ncih2170_antibiotics_blank_ctrl_29.tif,/work/users/b/e/behnamie/ecDNA_Data/bioimage_archive/roi_mask/ncih2170_antibiotics_blank_ctrl_29.png,/work/users/b/e/behnamie/ecDNA_Data/bioimage_archive/gt_image/ncih2170_antibiotics_blank_ctrl_29.tif
ncih2170_antibiotics_blank_ctrl_30,NCI-H2170,train,train,True,True,False,False,1,rgb/ncih2170_antibiotics_blank_ctrl_30.tif,dapi/ncih2170_antibiotics_blank_ctrl_30.tif,roi_mask/ncih2170_antibiotics_blank_ctrl_30.png,gt_image/ncih2170_antibiotics_blank_ctrl_30.tif,,339,339,True,True,True,True,ncih2170_antibiotics_blank_ctrl_30.tif,ncih2170_antibiotics_blank_ctrl_30.tif,ncih2170_antibiotics_blank_ctrl_30.png,ncih2170_antibiotics_blank_ctrl_30.tif,,/work/users/b/e/behnamie/ecDNA_Data/bioimage_archive/rgb/ncih2170_antibiotics_blank_ctrl_30.tif,/work/users/b/e/behnamie/ecDNA_Data/bioimage_archive/dapi/ncih2170_antibiotics_blank_ctrl_30.tif,/work/users/b/e/behnamie/ecDNA_Data/bioimage_archive/roi_mask/ncih2170_antibiotics_blank_ctrl_30.png,/work/users/b/e/behnamie/ecDNA_Data/bioimage_archive/gt_image/ncih2170_antibiotics_blank_ctrl_30.tif
ncih2170_antibiotics_blank_ctrl_31,NCI-H2170,train,train,True,True,False,False,1,rgb/ncih2170_antibiotics_blank_ctrl_31.tif,dapi/ncih2170_antibiotics_blank_ctrl_31.tif,roi_mask/ncih2170_antibiotics_blank_ctrl_31.png,gt_image/ncih2170_antibiotics_blank_ctrl_31.tif,,88,88,True,True,True,True,ncih2170_antibiotics_blank_ctrl_31.tif,ncih2170_antibiotics_blank_ctrl_31.tif,ncih2170_antibiotics_blank_ctrl_31.png,ncih2170_antibiotics_blank_ctrl_31.tif,,/work/users/b/e/behnamie/ecDNA_Data/bioimage_archive/rgb/ncih2170_antibiotics_blank_ctrl_31.tif,/work/users/b/e/behnamie/ecDNA_Data/bioimage_archive/dapi/ncih2170_antibiotics_blank_ctrl_31.tif,/work/users/b/e/behnamie/ecDNA_Data/bioimage_archive/roi_mask/ncih2170_antibiotics_blank_ctrl_31.png,/work/users/b/e/behnamie/ecDNA_Data/bioimage_archive/gt_image/ncih2170_antibiotics_blank_ctrl_31.tif
ncih2170_antibiotics_blank_ctrl_32,NCI-H2170,train,train,True,True,False,False,1,rgb/ncih2170_antibiotics_blank_ctrl_32.tif,dapi/ncih2170_antibiotics_blank_ctrl_32.tif,roi_mask/ncih2170_antibiotics_blank_ctrl_32.png,gt_image/ncih2170_antibiotics_blank_ctrl_32.tif,,138,138,True,True,True,True,ncih2170_antibiotics_blank_ctrl_32.tif,ncih2170_antibiotics_blank_ctrl_32.tif,ncih2170_antibiotics_blank_ctrl_32.png,ncih2170_antibiotics_blank_ctrl_32.tif,,/work/users/b/e/behnamie/ecDNA_Data/bioimage_archive/rgb/ncih2170_antibiotics_blank_ctrl_32.tif,/work/users/b/e/behnamie/ecDNA_Data/bioimage_archive/dapi/ncih2170_antibiotics_blank_ctrl_32.tif,/work/users/b/e/behnamie/ecDNA_Data/bioimage_archive/roi_mask/ncih2170_antibiotics_blank_ctrl_32.png,/work/users/b/e/behnamie/ecDNA_Data/bioimage_archive/gt_image/ncih2170_antibiotics_blank_ctrl_32.tif
ncih2170_antibiotics_blank_ctrl_33,NCI-H2170,train,train,True,True,False,False,1,rgb/ncih2170_antibiotics_blank_ctrl_33.tif,dapi/ncih2170_antibiotics_blank_ctrl_33.tif,roi_mask/ncih2170_antibiotics_blank_ctrl_33.png,gt_image/ncih2170_antibiotics_blank_ctrl_33.tif,,207,208,True,True,True,True,ncih2170_antibiotics_blank_ctrl_33.tif,ncih2170_antibiotics_blank_ctrl_33.tif,ncih2170_antibiotics_blank_ctrl_33.png,ncih2170_antibiotics_blank_ctrl_33.tif,,/work/users/b/e/behnamie/ecDNA_Data/bioimage_archive/rgb/ncih2170_antibiotics_blank_ctrl_33.tif,/work/users/b/e/behnamie/ecDNA_Data/bioimage_archive/dapi/ncih2170_antibiotics_blank_ctrl_33.tif,/work/users/b/e/behnamie/ecDNA_Data/bioimage_archive/roi_mask/ncih2170_antibiotics_blank_ctrl_33.png,/work/users/b/e/behnamie/ecDNA_Data/bioimage_archive/gt_image/ncih2170_antibiotics_blank_ctrl_33.tif
ncih2170_antibiotics_blank_ctrl_38,NCI-H2170,train,train,True,True,False,False,1,rgb/ncih2170_antibiotics_blank_ctrl_38.tif,dapi/ncih2170_antibiotics_blank_ctrl_38.tif,roi_mask/ncih2170_antibiotics_blank_ctrl_38.png,gt_image/ncih2170_antibiotics_blank_ctrl_38.tif,,402,402,True,True,True,True,ncih2170_antibiotics_blank_ctrl_38.tif,ncih2170_antibiotics_blank_ctrl_38.tif,ncih2170_antibiotics_blank_ctrl_38.png,ncih2170_antibiotics_blank_ctrl_38.tif,,/work/users/b/e/behnamie/ecDNA_Data/bioimage_archive/rgb/ncih2170_antibiotics_blank_ctrl_38.tif,/work/users/b/e/behnamie/ecDNA_Data/bioimage_archive/dapi/ncih2170_antibiotics_blank_ctrl_38.tif,/work/users/b/e/behnamie/ecDNA_Data/bioimage_archive/roi_mask/ncih2170_antibiotics_blank_ctrl_38.png,/work/users/b/e/behnamie/ecDNA_Data/bioimage_archive/gt_image/ncih2170_antibiotics_blank_ctrl_38.tif
ncih2170_antibiotics_blank_ctrl_39,NCI-H2170,train,train,True,True,False,False,1,rgb/ncih2170_antibiotics_blank_ctrl_39.tif,dapi/ncih2170_antibiotics_blank_ctrl_39.tif,roi_mask/ncih2170_antibiotics_blank_ctrl_39.png,gt_image/ncih2170_antibiotics_blank_ctrl_39.tif,,391,407,True,True,True,True,ncih2170_antibiotics_blank_ctrl_39.tif,ncih2170_antibiotics_blank_ctrl_39.tif,ncih2170_antibiotics_blank_ctrl_39.png,ncih2170_antibiotics_blank_ctrl_39.tif,,/work/users/b/e/behnamie/ecDNA_Data/bioimage_archive/rgb/ncih2170_antibiotics_blank_ctrl_39.tif,/work/users/b/e/behnamie/ecDNA_Data/bioimage_archive/dapi/ncih2170_antibiotics_blank_ctrl_39.tif,/work/users/b/e/behnamie/ecDNA_Data/bioimage_archive/roi_mask/ncih2170_antibiotics_blank_ctrl_39.png,/work/users/b/e/behnamie/ecDNA_Data/bioimage_archive/gt_image/ncih2170_antibiotics_blank_ctrl_39.tif
ncih2170_antibiotics_blank_ctrl_41,NCI-H2170,train,train,True,True,False,False,1,rgb/ncih2170_antibiotics_blank_ctrl_41.tif,dapi/ncih2170_antibiotics_blank_ctrl_41.tif,roi_mask/ncih2170_antibiotics_blank_ctrl_41.png,gt_image/ncih2170_antibiotics_blank_ctrl_41.tif,,76,76,True,True,True,True,ncih2170_antibiotics_blank_ctrl_41.tif,ncih2170_antibiotics_blank_ctrl_41.tif,ncih2170_antibiotics_blank_ctrl_41.png,ncih2170_antibiotics_blank_ctrl_41.tif,,/work/users/b/e/behnamie/ecDNA_Data/bioimage_archive/rgb/ncih2170_antibiotics_blank_ctrl_41.tif,/work/users/b/e/behnamie/ecDNA_Data/bioimage_archive/dapi/ncih2170_antibiotics_blank_ctrl_41.tif,/work/users/b/e/behnamie/ecDNA_Data/bioimage_archive/roi_mask/ncih2170_antibiotics_blank_ctrl_41.png,/work/users/b/e/behnamie/ecDNA_Data/bioimage_archive/gt_image/ncih2170_antibiotics_blank_ctrl_41.tif
ncih2170_antibiotics_blank_ctrl_42,NCI-H2170,train,train,True,True,False,False,1,rgb/ncih2170_antibiotics_blank_ctrl_42.tif,dapi/ncih2170_antibiotics_blank_ctrl_42.tif,roi_mask/ncih2170_antibiotics_blank_ctrl_42.png,gt_image/ncih2170_antibiotics_blank_ctrl_42.tif,,153,154,True,True,True,True,ncih2170_antibiotics_blank_ctrl_42.tif,ncih2170_antibiotics_blank_ctrl_42.tif,ncih2170_antibiotics_blank_ctrl_42.png,ncih2170_antibiotics_blank_ctrl_42.tif,,/work/users/b/e/behnamie/ecDNA_Data/bioimage_archive/rgb/ncih2170_antibiotics_blank_ctrl_42.tif,/work/users/b/e/behnamie/ecDNA_Data/bioimage_archive/dapi/ncih2170_antibiotics_blank_ctrl_42.tif,/work/users/b/e/behnamie/ecDNA_Data/bioimage_archive/roi_mask/ncih2170_antibiotics_blank_ctrl_42.png,/work/users/b/e/behnamie/ecDNA_Data/bioimage_archive/gt_image/ncih2170_antibiotics_blank_ctrl_42.tif
ncih2170_antibiotics_blank_ctrl_44,NCI-H2170,train,train,True,True,False,False,1,rgb/ncih2170_antibiotics_blank_ctrl_44.tif,dapi/ncih2170_antibiotics_blank_ctrl_44.tif,roi_mask/ncih2170_antibiotics_blank_ctrl_44.png,gt_image/ncih2170_antibiotics_blank_ctrl_44.tif,,181,181,True,True,True,True,ncih2170_antibiotics_blank_ctrl_44.tif,ncih2170_antibiotics_blank_ctrl_44.tif,ncih2170_antibiotics_blank_ctrl_44.png,ncih2170_antibiotics_blank_ctrl_44.tif,,/work/users/b/e/behnamie/ecDNA_Data/bioimage_archive/rgb/ncih2170_antibiotics_blank_ctrl_44.tif,/work/users/b/e/behnamie/ecDNA_Data/bioimage_archive/dapi/ncih2170_antibiotics_blank_ctrl_44.tif,/work/users/b/e/behnamie/ecDNA_Data/bioimage_archive/roi_mask/ncih2170_antibiotics_blank_ctrl_44.png,/work/users/b/e/behnamie/ecDNA_Data/bioimage_archive/gt_image/ncih2170_antibiotics_blank_ctrl_44.tif
ncih2170_antibiotics_blank_ctrl_48,NCI-H2170,train,train,True,True,False,False,1,rgb/ncih2170_antibiotics_blank_ctrl_48.tif,dapi/ncih2170_antibiotics_blank_ctrl_48.tif,roi_mask/ncih2170_antibiotics_blank_ctrl_48.png,gt_image/ncih2170_antibiotics_blank_ctrl_48.tif,,71,71,True,True,True,True,ncih2170_antibiotics_blank_ctrl_48.tif,ncih2170_antibiotics_blank_ctrl_48.tif,ncih2170_antibiotics_blank_ctrl_48.png,ncih2170_antibiotics_blank_ctrl_48.tif,,/work/users/b/e/behnamie/ecDNA_Data/bioimage_archive/rgb/ncih2170_antibiotics_blank_ctrl_48.tif,/work/users/b/e/behnamie/ecDNA_Data/bioimage_archive/dapi/ncih2170_antibiotics_blank_ctrl_48.tif,/work/users/b/e/behnamie/ecDNA_Data/bioimage_archive/roi_mask/ncih2170_antibiotics_blank_ctrl_48.png,/work/users/b/e/behnamie/ecDNA_Data/bioimage_archive/gt_image/ncih2170_antibiotics_blank_ctrl_48.tif
ncih2170_antibiotics_blank_ctrl_5,NCI-H2170,train,train,True,True,False,False,1,rgb/ncih2170_antibiotics_blank_ctrl_5.tif,dapi/ncih2170_antibiotics_blank_ctrl_5.tif,roi_mask/ncih2170_antibiotics_blank_ctrl_5.png,gt_image/ncih2170_antibiotics_blank_ctrl_5.tif,,597,604,True,True,True,True,ncih2170_antibiotics_blank_ctrl_5.tif,ncih2170_antibiotics_blank_ctrl_5.tif,ncih2170_antibiotics_blank_ctrl_5.png,ncih2170_antibiotics_blank_ctrl_5.tif,,/work/users/b/e/behnamie/ecDNA_Data/bioimage_archive/rgb/ncih2170_antibiotics_blank_ctrl_5.tif,/work/users/b/e/behnamie/ecDNA_Data/bioimage_archive/dapi/ncih2170_antibiotics_blank_ctrl_5.tif,/work/users/b/e/behnamie/ecDNA_Data/bioimage_archive/roi_mask/ncih2170_antibiotics_blank_ctrl_5.png,/work/users/b/e/behnamie/ecDNA_Data/bioimage_archive/gt_image/ncih2170_antibiotics_blank_ctrl_5.tif
ncih2170_antibiotics_blank_ctrl_50,NCI-H2170,train,train,True,True,False,False,1,rgb/ncih2170_antibiotics_blank_ctrl_50.tif,dapi/ncih2170_antibiotics_blank_ctrl_50.tif,roi_mask/ncih2170_antibiotics_blank_ctrl_50.png,gt_image/ncih2170_antibiotics_blank_ctrl_50.tif,,197,197,True,True,True,True,ncih2170_antibiotics_blank_ctrl_50.tif,ncih2170_antibiotics_blank_ctrl_50.tif,ncih2170_antibiotics_blank_ctrl_50.png,ncih2170_antibiotics_blank_ctrl_50.tif,,/work/users/b/e/behnamie/ecDNA_Data/bioimage_archive/rgb/ncih2170_antibiotics_blank_ctrl_50.tif,/work/users/b/e/behnamie/ecDNA_Data/bioimage_archive/dapi/ncih2170_antibiotics_blank_ctrl_50.tif,/work/users/b/e/behnamie/ecDNA_Data/bioimage_archive/roi_mask/ncih2170_antibiotics_blank_ctrl_50.png,/work/users/b/e/behnamie/ecDNA_Data/bioimage_archive/gt_image/ncih2170_antibiotics_blank_ctrl_50.tif
ncih2170_antibiotics_blank_ctrl_55,NCI-H2170,train,train,True,True,False,False,1,rgb/ncih2170_antibiotics_blank_ctrl_55.tif,dapi/ncih2170_antibiotics_blank_ctrl_55.tif,roi_mask/ncih2170_antibiotics_blank_ctrl_55.png,gt_image/ncih2170_antibiotics_blank_ctrl_55.tif,,254,256,True,True,True,True,ncih2170_antibiotics_blank_ctrl_55.tif,ncih2170_antibiotics_blank_ctrl_55.tif,ncih2170_antibiotics_blank_ctrl_55.png,ncih2170_antibiotics_blank_ctrl_55.tif,,/work/users/b/e/behnamie/ecDNA_Data/bioimage_archive/rgb/ncih2170_antibiotics_blank_ctrl_55.tif,/work/users/b/e/behnamie/ecDNA_Data/bioimage_archive/dapi/ncih2170_antibiotics_blank_ctrl_55.tif,/work/users/b/e/behnamie/ecDNA_Data/bioimage_archive/roi_mask/ncih2170_antibiotics_blank_ctrl_55.png,/work/users/b/e/behnamie/ecDNA_Data/bioimage_archive/gt_image/ncih2170_antibiotics_blank_ctrl_55.tif
ncih2170_antibiotics_blank_ctrl_56,NCI-H2170,train,train,True,True,False,False,1,rgb/ncih2170_antibiotics_blank_ctrl_56.tif,dapi/ncih2170_antibiotics_blank_ctrl_56.tif,roi_mask/ncih2170_antibiotics_blank_ctrl_56.png,gt_image/ncih2170_antibiotics_blank_ctrl_56.tif,,240,241,True,True,True,True,ncih2170_antibiotics_blank_ctrl_56.tif,ncih2170_antibiotics_blank_ctrl_56.tif,ncih2170_antibiotics_blank_ctrl_56.png,ncih2170_antibiotics_blank_ctrl_56.tif,,/work/users/b/e/behnamie/ecDNA_Data/bioimage_archive/rgb/ncih2170_antibiotics_blank_ctrl_56.tif,/work/users/b/e/behnamie/ecDNA_Data/bioimage_archive/dapi/ncih2170_antibiotics_blank_ctrl_56.tif,/work/users/b/e/behnamie/ecDNA_Data/bioimage_archive/roi_mask/ncih2170_antibiotics_blank_ctrl_56.png,/work/users/b/e/behnamie/ecDNA_Data/bioimage_archive/gt_image/ncih2170_antibiotics_blank_ctrl_56.tif
ncih2170_antibiotics_blank_ctrl_57,NCI-H2170,train,train,True,True,False,False,1,rgb/ncih2170_antibiotics_blank_ctrl_57.tif,dapi/ncih2170_antibiotics_blank_ctrl_57.tif,roi_mask/ncih2170_antibiotics_blank_ctrl_57.png,gt_image/ncih2170_antibiotics_blank_ctrl_57.tif,,214,214,True,True,True,True,ncih2170_antibiotics_blank_ctrl_57.tif,ncih2170_antibiotics_blank_ctrl_57.tif,ncih2170_antibiotics_blank_ctrl_57.png,ncih2170_antibiotics_blank_ctrl_57.tif,,/work/users/b/e/behnamie/ecDNA_Data/bioimage_archive/rgb/ncih2170_antibiotics_blank_ctrl_57.tif,/work/users/b/e/behnamie/ecDNA_Data/bioimage_archive/dapi/ncih2170_antibiotics_blank_ctrl_57.tif,/work/users/b/e/behnamie/ecDNA_Data/bioimage_archive/roi_mask/ncih2170_antibiotics_blank_ctrl_57.png,/work/users/b/e/behnamie/ecDNA_Data/bioimage_archive/gt_image/ncih2170_antibiotics_blank_ctrl_57.tif
ncih2170_antibiotics_blank_ctrl_58,NCI-H2170,train,train,True,True,False,False,1,rgb/ncih2170_antibiotics_blank_ctrl_58.tif,dapi/ncih2170_antibiotics_blank_ctrl_58.tif,roi_mask/ncih2170_antibiotics_blank_ctrl_58.png,gt_image/ncih2170_antibiotics_blank_ctrl_58.tif,,181,182,True,True,True,True,ncih2170_antibiotics_blank_ctrl_58.tif,ncih2170_antibiotics_blank_ctrl_58.tif,ncih2170_antibiotics_blank_ctrl_58.png,ncih2170_antibiotics_blank_ctrl_58.tif,,/work/users/b/e/behnamie/ecDNA_Data/bioimage_archive/rgb/ncih2170_antibiotics_blank_ctrl_58.tif,/work/users/b/e/behnamie/ecDNA_Data/bioimage_archive/dapi/ncih2170_antibiotics_blank_ctrl_58.tif,/work/users/b/e/behnamie/ecDNA_Data/bioimage_archive/roi_mask/ncih2170_antibiotics_blank_ctrl_58.png,/work/users/b/e/behnamie/ecDNA_Data/bioimage_archive/gt_image/ncih2170_antibiotics_blank_ctrl_58.tif
ncih2170_antibiotics_blank_ctrl_59,NCI-H2170,train,train,True,True,False,False,1,rgb/ncih2170_antibiotics_blank_ctrl_59.tif,dapi/ncih2170_antibiotics_blank_ctrl_59.tif,roi_mask/ncih2170_antibiotics_blank_ctrl_59.png,gt_image/ncih2170_antibiotics_blank_ctrl_59.tif,,207,208,True,True,True,True,ncih2170_antibiotics_blank_ctrl_59.tif,ncih2170_antibiotics_blank_ctrl_59.tif,ncih2170_antibiotics_blank_ctrl_59.png,ncih2170_antibiotics_blank_ctrl_59.tif,,/work/users/b/e/behnamie/ecDNA_Data/bioimage_archive/rgb/ncih2170_antibiotics_blank_ctrl_59.tif,/work/users/b/e/behnamie/ecDNA_Data/bioimage_archive/dapi/ncih2170_antibiotics_blank_ctrl_59.tif,/work/users/b/e/behnamie/ecDNA_Data/bioimage_archive/roi_mask/ncih2170_antibiotics_blank_ctrl_59.png,/work/users/b/e/behnamie/ecDNA_Data/bioimage_archive/gt_image/ncih2170_antibiotics_blank_ctrl_59.tif
ncih2170_antibiotics_blank_ctrl_60,NCI-H2170,train,train,True,True,False,False,1,rgb/ncih2170_antibiotics_blank_ctrl_60.tif,dapi/ncih2170_antibiotics_blank_ctrl_60.tif,roi_mask/ncih2170_antibiotics_blank_ctrl_60.png,gt_image/ncih2170_antibiotics_blank_ctrl_60.tif,,314,314,True,True,True,True,ncih2170_antibiotics_blank_ctrl_60.tif,ncih2170_antibiotics_blank_ctrl_60.tif,ncih2170_antibiotics_blank_ctrl_60.png,ncih2170_antibiotics_blank_ctrl_60.tif,,/work/users/b/e/behnamie/ecDNA_Data/bioimage_archive/rgb/ncih2170_antibiotics_blank_ctrl_60.tif,/work/users/b/e/behnamie/ecDNA_Data/bioimage_archive/dapi/ncih2170_antibiotics_blank_ctrl_60.tif,/work/users/b/e/behnamie/ecDNA_Data/bioimage_archive/roi_mask/ncih2170_antibiotics_blank_ctrl_60.png,/work/users/b/e/behnamie/ecDNA_Data/bioimage_archive/gt_image/ncih2170_antibiotics_blank_ctrl_60.tif
ncih2170_antibiotics_blank_ctrl_61,NCI-H2170,train,train,True,True,False,False,1,rgb/ncih2170_antibiotics_blank_ctrl_61.tif,dapi/ncih2170_antibiotics_blank_ctrl_61.tif,roi_mask/ncih2170_antibiotics_blank_ctrl_61.png,gt_image/ncih2170_antibiotics_blank_ctrl_61.tif,,259,260,True,True,True,True,ncih2170_antibiotics_blank_ctrl_61.tif,ncih2170_antibiotics_blank_ctrl_61.tif,ncih2170_antibiotics_blank_ctrl_61.png,ncih2170_antibiotics_blank_ctrl_61.tif,,/work/users/b/e/behnamie/ecDNA_Data/bioimage_archive/rgb/ncih2170_antibiotics_blank_ctrl_61.tif,/work/users/b/e/behnamie/ecDNA_Data/bioimage_archive/dapi/ncih2170_antibiotics_blank_ctrl_61.tif,/work/users/b/e/behnamie/ecDNA_Data/bioimage_archive/roi_mask/ncih2170_antibiotics_blank_ctrl_61.png,/work/users/b/e/behnamie/ecDNA_Data/bioimage_archive/gt_image/ncih2170_antibiotics_blank_ctrl_61.tif
ncih2170_antibiotics_blank_ctrl_62,NCI-H2170,train,train,True,True,False,False,1,rgb/ncih2170_antibiotics_blank_ctrl_62.tif,dapi/ncih2170_antibiotics_blank_ctrl_62.tif,roi_mask/ncih2170_antibiotics_blank_ctrl_62.png,gt_image/ncih2170_antibiotics_blank_ctrl_62.tif,,299,299,True,True,True,True,ncih2170_antibiotics_blank_ctrl_62.tif,ncih2170_antibiotics_blank_ctrl_62.tif,ncih2170_antibiotics_blank_ctrl_62.png,ncih2170_antibiotics_blank_ctrl_62.tif,,/work/users/b/e/behnamie/ecDNA_Data/bioimage_archive/rgb/ncih2170_antibiotics_blank_ctrl_62.tif,/work/users/b/e/behnamie/ecDNA_Data/bioimage_archive/dapi/ncih2170_antibiotics_blank_ctrl_62.tif,/work/users/b/e/behnamie/ecDNA_Data/bioimage_archive/roi_mask/ncih2170_antibiotics_blank_ctrl_62.png,/work/users/b/e/behnamie/ecDNA_Data/bioimage_archive/gt_image/ncih2170_antibiotics_blank_ctrl_62.tif
ncih2170_antibiotics_blank_ctrl_64,NCI-H2170,train,train,True,True,False,False,1,rgb/ncih2170_antibiotics_blank_ctrl_64.tif,dapi/ncih2170_antibiotics_blank_ctrl_64.tif,roi_mask/ncih2170_antibiotics_blank_ctrl_64.png,gt_image/ncih2170_antibiotics_blank_ctrl_64.tif,,124,124,True,True,True,True,ncih2170_antibiotics_blank_ctrl_64.tif,ncih2170_antibiotics_blank_ctrl_64.tif,ncih2170_antibiotics_blank_ctrl_64.png,ncih2170_antibiotics_blank_ctrl_64.tif,,/work/users/b/e/behnamie/ecDNA_Data/bioimage_archive/rgb/ncih2170_antibiotics_blank_ctrl_64.tif,/work/users/b/e/behnamie/ecDNA_Data/bioimage_archive/dapi/ncih2170_antibiotics_blank_ctrl_64.tif,/work/users/b/e/behnamie/ecDNA_Data/bioimage_archive/roi_mask/ncih2170_antibiotics_blank_ctrl_64.png,/work/users/b/e/behnamie/ecDNA_Data/bioimage_archive/gt_image/ncih2170_antibiotics_blank_ctrl_64.tif
ncih2170_antibiotics_blank_ctrl_65,NCI-H2170,train,train,True,True,False,False,1,rgb/ncih2170_antibiotics_blank_ctrl_65.tif,dapi/ncih2170_antibiotics_blank_ctrl_65.tif,roi_mask/ncih2170_antibiotics_blank_ctrl_65.png,gt_image/ncih2170_antibiotics_blank_ctrl_65.tif,,139,139,True,True,True,True,ncih2170_antibiotics_blank_ctrl_65.tif,ncih2170_antibiotics_blank_ctrl_65.tif,ncih2170_antibiotics_blank_ctrl_65.png,ncih2170_antibiotics_blank_ctrl_65.tif,,/work/users/b/e/behnamie/ecDNA_Data/bioimage_archive/rgb/ncih2170_antibiotics_blank_ctrl_65.tif,/work/users/b/e/behnamie/ecDNA_Data/bioimage_archive/dapi/ncih2170_antibiotics_blank_ctrl_65.tif,/work/users/b/e/behnamie/ecDNA_Data/bioimage_archive/roi_mask/ncih2170_antibiotics_blank_ctrl_65.png,/work/users/b/e/behnamie/ecDNA_Data/bioimage_archive/gt_image/ncih2170_antibiotics_blank_ctrl_65.tif
ncih2170_antibiotics_blank_ctrl_66,NCI-H2170,train,train,True,True,False,False,1,rgb/ncih2170_antibiotics_blank_ctrl_66.tif,dapi/ncih2170_antibiotics_blank_ctrl_66.tif,roi_mask/ncih2170_antibiotics_blank_ctrl_66.png,gt_image/ncih2170_antibiotics_blank_ctrl_66.tif,,329,334,True,True,True,True,ncih2170_antibiotics_blank_ctrl_66.tif,ncih2170_antibiotics_blank_ctrl_66.tif,ncih2170_antibiotics_blank_ctrl_66.png,ncih2170_antibiotics_blank_ctrl_66.tif,,/work/users/b/e/behnamie/ecDNA_Data/bioimage_archive/rgb/ncih2170_antibiotics_blank_ctrl_66.tif,/work/users/b/e/behnamie/ecDNA_Data/bioimage_archive/dapi/ncih2170_antibiotics_blank_ctrl_66.tif,/work/users/b/e/behnamie/ecDNA_Data/bioimage_archive/roi_mask/ncih2170_antibiotics_blank_ctrl_66.png,/work/users/b/e/behnamie/ecDNA_Data/bioimage_archive/gt_image/ncih2170_antibiotics_blank_ctrl_66.tif
ncih2170_antibiotics_blank_ctrl_67,NCI-H2170,train,train,True,True,False,False,1,rgb/ncih2170_antibiotics_blank_ctrl_67.tif,dapi/ncih2170_antibiotics_blank_ctrl_67.tif,roi_mask/ncih2170_antibiotics_blank_ctrl_67.png,gt_image/ncih2170_antibiotics_blank_ctrl_67.tif,,250,253,True,True,True,True,ncih2170_antibiotics_blank_ctrl_67.tif,ncih2170_antibiotics_blank_ctrl_67.tif,ncih2170_antibiotics_blank_ctrl_67.png,ncih2170_antibiotics_blank_ctrl_67.tif,,/work/users/b/e/behnamie/ecDNA_Data/bioimage_archive/rgb/ncih2170_antibiotics_blank_ctrl_67.tif,/work/users/b/e/behnamie/ecDNA_Data/bioimage_archive/dapi/ncih2170_antibiotics_blank_ctrl_67.tif,/work/users/b/e/behnamie/ecDNA_Data/bioimage_archive/roi_mask/ncih2170_antibiotics_blank_ctrl_67.png,/work/users/b/e/behnamie/ecDNA_Data/bioimage_archive/gt_image/ncih2170_antibiotics_blank_ctrl_67.tif
ncih2170_antibiotics_blank_ctrl_69,NCI-H2170,train,train,True,True,False,False,1,rgb/ncih2170_antibiotics_blank_ctrl_69.tif,dapi/ncih2170_antibiotics_blank_ctrl_69.tif,roi_mask/ncih2170_antibiotics_blank_ctrl_69.png,gt_image/ncih2170_antibiotics_blank_ctrl_69.tif,,335,349,True,True,True,True,ncih2170_antibiotics_blank_ctrl_69.tif,ncih2170_antibiotics_blank_ctrl_69.tif,ncih2170_antibiotics_blank_ctrl_69.png,ncih2170_antibiotics_blank_ctrl_69.tif,,/work/users/b/e/behnamie/ecDNA_Data/bioimage_archive/rgb/ncih2170_antibiotics_blank_ctrl_69.tif,/work/users/b/e/behnamie/ecDNA_Data/bioimage_archive/dapi/ncih2170_antibiotics_blank_ctrl_69.tif,/work/users/b/e/behnamie/ecDNA_Data/bioimage_archive/roi_mask/ncih2170_antibiotics_blank_ctrl_69.png,/work/users/b/e/behnamie/ecDNA_Data/bioimage_archive/gt_image/ncih2170_antibiotics_blank_ctrl_69.tif
ncih2170_antibiotics_blank_ctrl_7,NCI-H2170,train,train,True,True,False,False,1,rgb/ncih2170_antibiotics_blank_ctrl_7.tif,dapi/ncih2170_antibiotics_blank_ctrl_7.tif,roi_mask/ncih2170_antibiotics_blank_ctrl_7.png,gt_image/ncih2170_antibiotics_blank_ctrl_7.tif,,328,329,True,True,True,True,ncih2170_antibiotics_blank_ctrl_7.tif,ncih2170_antibiotics_blank_ctrl_7.tif,ncih2170_antibiotics_blank_ctrl_7.png,ncih2170_antibiotics_blank_ctrl_7.tif,,/work/users/b/e/behnamie/ecDNA_Data/bioimage_archive/rgb/ncih2170_antibiotics_blank_ctrl_7.tif,/work/users/b/e/behnamie/ecDNA_Data/bioimage_archive/dapi/ncih2170_antibiotics_blank_ctrl_7.tif,/work/users/b/e/behnamie/ecDNA_Data/bioimage_archive/roi_mask/ncih2170_antibiotics_blank_ctrl_7.png,/work/users/b/e/behnamie/ecDNA_Data/bioimage_archive/gt_image/ncih2170_antibiotics_blank_ctrl_7.tif
ncih2170_antibiotics_blank_ctrl_74,NCI-H2170,train,train,True,True,False,False,1,rgb/ncih2170_antibiotics_blank_ctrl_74.tif,dapi/ncih2170_antibiotics_blank_ctrl_74.tif,roi_mask/ncih2170_antibiotics_blank_ctrl_74.png,gt_image/ncih2170_antibiotics_blank_ctrl_74.tif,,375,377,True,True,True,True,ncih2170_antibiotics_blank_ctrl_74.tif,ncih2170_antibiotics_blank_ctrl_74.tif,ncih2170_antibiotics_blank_ctrl_74.png,ncih2170_antibiotics_blank_ctrl_74.tif,,/work/users/b/e/behnamie/ecDNA_Data/bioimage_archive/rgb/ncih2170_antibiotics_blank_ctrl_74.tif,/work/users/b/e/behnamie/ecDNA_Data/bioimage_archive/dapi/ncih2170_antibiotics_blank_ctrl_74.tif,/work/users/b/e/behnamie/ecDNA_Data/bioimage_archive/roi_mask/ncih2170_antibiotics_blank_ctrl_74.png,/work/users/b/e/behnamie/ecDNA_Data/bioimage_archive/gt_image/ncih2170_antibiotics_blank_ctrl_74.tif
ncih2170_antibiotics_blank_ctrl_75,NCI-H2170,train,train,True,True,False,False,1,rgb/ncih2170_antibiotics_blank_ctrl_75.tif,dapi/ncih2170_antibiotics_blank_ctrl_75.tif,roi_mask/ncih2170_antibiotics_blank_ctrl_75.png,gt_image/ncih2170_antibiotics_blank_ctrl_75.tif,,133,134,True,True,True,True,ncih2170_antibiotics_blank_ctrl_75.tif,ncih2170_antibiotics_blank_ctrl_75.tif,ncih2170_antibiotics_blank_ctrl_75.png,ncih2170_antibiotics_blank_ctrl_75.tif,,/work/users/b/e/behnamie/ecDNA_Data/bioimage_archive/rgb/ncih2170_antibiotics_blank_ctrl_75.tif,/work/users/b/e/behnamie/ecDNA_Data/bioimage_archive/dapi/ncih2170_antibiotics_blank_ctrl_75.tif,/work/users/b/e/behnamie/ecDNA_Data/bioimage_archive/roi_mask/ncih2170_antibiotics_blank_ctrl_75.png,/work/users/b/e/behnamie/ecDNA_Data/bioimage_archive/gt_image/ncih2170_antibiotics_blank_ctrl_75.tif
ncih2170_antibiotics_blank_ctrl_76,NCI-H2170,train,train,True,True,False,False,1,rgb/ncih2170_antibiotics_blank_ctrl_76.tif,dapi/ncih2170_antibiotics_blank_ctrl_76.tif,roi_mask/ncih2170_antibiotics_blank_ctrl_76.png,gt_image/ncih2170_antibiotics_blank_ctrl_76.tif,,456,456,True,True,True,True,ncih2170_antibiotics_blank_ctrl_76.tif,ncih2170_antibiotics_blank_ctrl_76.tif,ncih2170_antibiotics_blank_ctrl_76.png,ncih2170_antibiotics_blank_ctrl_76.tif,,/work/users/b/e/behnamie/ecDNA_Data/bioimage_archive/rgb/ncih2170_antibiotics_blank_ctrl_76.tif,/work/users/b/e/behnamie/ecDNA_Data/bioimage_archive/dapi/ncih2170_antibiotics_blank_ctrl_76.tif,/work/users/b/e/behnamie/ecDNA_Data/bioimage_archive/roi_mask/ncih2170_antibiotics_blank_ctrl_76.png,/work/users/b/e/behnamie/ecDNA_Data/bioimage_archive/gt_image/ncih2170_antibiotics_blank_ctrl_76.tif
ncih2170_antibiotics_blank_ctrl_77,NCI-H2170,train,train,True,True,False,False,1,rgb/ncih2170_antibiotics_blank_ctrl_77.tif,dapi/ncih2170_antibiotics_blank_ctrl_77.tif,roi_mask/ncih2170_antibiotics_blank_ctrl_77.png,gt_image/ncih2170_antibiotics_blank_ctrl_77.tif,,261,261,True,True,True,True,ncih2170_antibiotics_blank_ctrl_77.tif,ncih2170_antibiotics_blank_ctrl_77.tif,ncih2170_antibiotics_blank_ctrl_77.png,ncih2170_antibiotics_blank_ctrl_77.tif,,/work/users/b/e/behnamie/ecDNA_Data/bioimage_archive/rgb/ncih2170_antibiotics_blank_ctrl_77.tif,/work/users/b/e/behnamie/ecDNA_Data/bioimage_archive/dapi/ncih2170_antibiotics_blank_ctrl_77.tif,/work/users/b/e/behnamie/ecDNA_Data/bioimage_archive/roi_mask/ncih2170_antibiotics_blank_ctrl_77.png,/work/users/b/e/behnamie/ecDNA_Data/bioimage_archive/gt_image/ncih2170_antibiotics_blank_ctrl_77.tif
ncih2170_antibiotics_blank_ctrl_79,NCI-H2170,train,train,True,True,False,False,1,rgb/ncih2170_antibiotics_blank_ctrl_79.tif,dapi/ncih2170_antibiotics_blank_ctrl_79.tif,roi_mask/ncih2170_antibiotics_blank_ctrl_79.png,gt_image/ncih2170_antibiotics_blank_ctrl_79.tif,,337,338,True,True,True,True,ncih2170_antibiotics_blank_ctrl_79.tif,ncih2170_antibiotics_blank_ctrl_79.tif,ncih2170_antibiotics_blank_ctrl_79.png,ncih2170_antibiotics_blank_ctrl_79.tif,,/work/users/b/e/behnamie/ecDNA_Data/bioimage_archive/rgb/ncih2170_antibiotics_blank_ctrl_79.tif,/work/users/b/e/behnamie/ecDNA_Data/bioimage_archive/dapi/ncih2170_antibiotics_blank_ctrl_79.tif,/work/users/b/e/behnamie/ecDNA_Data/bioimage_archive/roi_mask/ncih2170_antibiotics_blank_ctrl_79.png,/work/users/b/e/behnamie/ecDNA_Data/bioimage_archive/gt_image/ncih2170_antibiotics_blank_ctrl_79.tif
ncih2170_antibiotics_blank_ctrl_80,NCI-H2170,train,train,True,True,False,False,1,rgb/ncih2170_antibiotics_blank_ctrl_80.tif,dapi/ncih2170_antibiotics_blank_ctrl_80.tif,roi_mask/ncih2170_antibiotics_blank_ctrl_80.png,gt_image/ncih2170_antibiotics_blank_ctrl_80.tif,,146,146,True,True,True,True,ncih2170_antibiotics_blank_ctrl_80.tif,ncih2170_antibiotics_blank_ctrl_80.tif,ncih2170_antibiotics_blank_ctrl_80.png,ncih2170_antibiotics_blank_ctrl_80.tif,,/work/users/b/e/behnamie/ecDNA_Data/bioimage_archive/rgb/ncih2170_antibiotics_blank_ctrl_80.tif,/work/users/b/e/behnamie/ecDNA_Data/bioimage_archive/dapi/ncih2170_antibiotics_blank_ctrl_80.tif,/work/users/b/e/behnamie/ecDNA_Data/bioimage_archive/roi_mask/ncih2170_antibiotics_blank_ctrl_80.png,/work/users/b/e/behnamie/ecDNA_Data/bioimage_archive/gt_image/ncih2170_antibiotics_blank_ctrl_80.tif
ncih2170_antibiotics_blank_ctrl_81,NCI-H2170,train,train,True,True,False,False,1,rgb/ncih2170_antibiotics_blank_ctrl_81.tif,dapi/ncih2170_antibiotics_blank_ctrl_81.tif,roi_mask/ncih2170_antibiotics_blank_ctrl_81.png,gt_image/ncih2170_antibiotics_blank_ctrl_81.tif,,93,93,True,True,True,True,ncih2170_antibiotics_blank_ctrl_81.tif,ncih2170_antibiotics_blank_ctrl_81.tif,ncih2170_antibiotics_blank_ctrl_81.png,ncih2170_antibiotics_blank_ctrl_81.tif,,/work/users/b/e/behnamie/ecDNA_Data/bioimage_archive/rgb/ncih2170_antibiotics_blank_ctrl_81.tif,/work/users/b/e/behnamie/ecDNA_Data/bioimage_archive/dapi/ncih2170_antibiotics_blank_ctrl_81.tif,/work/users/b/e/behnamie/ecDNA_Data/bioimage_archive/roi_mask/ncih2170_antibiotics_blank_ctrl_81.png,/work/users/b/e/behnamie/ecDNA_Data/bioimage_archive/gt_image/ncih2170_antibiotics_blank_ctrl_81.tif
ncih2170_antibiotics_blank_ctrl_82,NCI-H2170,train,train,True,True,False,False,1,rgb/ncih2170_antibiotics_blank_ctrl_82.tif,dapi/ncih2170_antibiotics_blank_ctrl_82.tif,roi_mask/ncih2170_antibiotics_blank_ctrl_82.png,gt_image/ncih2170_antibiotics_blank_ctrl_82.tif,,99,99,True,True,True,True,ncih2170_antibiotics_blank_ctrl_82.tif,ncih2170_antibiotics_blank_ctrl_82.tif,ncih2170_antibiotics_blank_ctrl_82.png,ncih2170_antibiotics_blank_ctrl_82.tif,,/work/users/b/e/behnamie/ecDNA_Data/bioimage_archive/rgb/ncih2170_antibiotics_blank_ctrl_82.tif,/work/users/b/e/behnamie/ecDNA_Data/bioimage_archive/dapi/ncih2170_antibiotics_blank_ctrl_82.tif,/work/users/b/e/behnamie/ecDNA_Data/bioimage_archive/roi_mask/ncih2170_antibiotics_blank_ctrl_82.png,/work/users/b/e/behnamie/ecDNA_Data/bioimage_archive/gt_image/ncih2170_antibiotics_blank_ctrl_82.tif
ncih2170_antibiotics_blank_ctrl_86,NCI-H2170,train,train,True,True,False,False,1,rgb/ncih2170_antibiotics_blank_ctrl_86.tif,dapi/ncih2170_antibiotics_blank_ctrl_86.tif,roi_mask/ncih2170_antibiotics_blank_ctrl_86.png,gt_image/ncih2170_antibiotics_blank_ctrl_86.tif,,287,287,True,True,True,True,ncih2170_antibiotics_blank_ctrl_86.tif,ncih2170_antibiotics_blank_ctrl_86.tif,ncih2170_antibiotics_blank_ctrl_86.png,ncih2170_antibiotics_blank_ctrl_86.tif,,/work/users/b/e/behnamie/ecDNA_Data/bioimage_archive/rgb/ncih2170_antibiotics_blank_ctrl_86.tif,/work/users/b/e/behnamie/ecDNA_Data/bioimage_archive/dapi/ncih2170_antibiotics_blank_ctrl_86.tif,/work/users/b/e/behnamie/ecDNA_Data/bioimage_archive/roi_mask/ncih2170_antibiotics_blank_ctrl_86.png,/work/users/b/e/behnamie/ecDNA_Data/bioimage_archive/gt_image/ncih2170_antibiotics_blank_ctrl_86.tif
ncih2170_antibiotics_blank_ctrl_87,NCI-H2170,train,train,True,True,False,False,1,rgb/ncih2170_antibiotics_blank_ctrl_87.tif,dapi/ncih2170_antibiotics_blank_ctrl_87.tif,roi_mask/ncih2170_antibiotics_blank_ctrl_87.png,gt_image/ncih2170_antibiotics_blank_ctrl_87.tif,,90,90,True,True,True,True,ncih2170_antibiotics_blank_ctrl_87.tif,ncih2170_antibiotics_blank_ctrl_87.tif,ncih2170_antibiotics_blank_ctrl_87.png,ncih2170_antibiotics_blank_ctrl_87.tif,,/work/users/b/e/behnamie/ecDNA_Data/bioimage_archive/rgb/ncih2170_antibiotics_blank_ctrl_87.tif,/work/users/b/e/behnamie/ecDNA_Data/bioimage_archive/dapi/ncih2170_antibiotics_blank_ctrl_87.tif,/work/users/b/e/behnamie/ecDNA_Data/bioimage_archive/roi_mask/ncih2170_antibiotics_blank_ctrl_87.png,/work/users/b/e/behnamie/ecDNA_Data/bioimage_archive/gt_image/ncih2170_antibiotics_blank_ctrl_87.tif
ncih2170_antibiotics_blank_ctrl_9,NCI-H2170,train,train,True,True,False,False,1,rgb/ncih2170_antibiotics_blank_ctrl_9.tif,dapi/ncih2170_antibiotics_blank_ctrl_9.tif,roi_mask/ncih2170_antibiotics_blank_ctrl_9.png,gt_image/ncih2170_antibiotics_blank_ctrl_9.tif,,769,777,True,True,True,True,ncih2170_antibiotics_blank_ctrl_9.tif,ncih2170_antibiotics_blank_ctrl_9.tif,ncih2170_antibiotics_blank_ctrl_9.png,ncih2170_antibiotics_blank_ctrl_9.tif,,/work/users/b/e/behnamie/ecDNA_Data/bioimage_archive/rgb/ncih2170_antibiotics_blank_ctrl_9.tif,/work/users/b/e/behnamie/ecDNA_Data/bioimage_archive/dapi/ncih2170_antibiotics_blank_ctrl_9.tif,/work/users/b/e/behnamie/ecDNA_Data/bioimage_archive/roi_mask/ncih2170_antibiotics_blank_ctrl_9.png,/work/users/b/e/behnamie/ecDNA_Data/bioimage_archive/gt_image/ncih2170_antibiotics_blank_ctrl_9.tif
ncih2170_antibiotics_blank_ctrl_96,NCI-H2170,train,train,True,True,False,False,1,rgb/ncih2170_antibiotics_blank_ctrl_96.tif,dapi/ncih2170_antibiotics_blank_ctrl_96.tif,roi_mask/ncih2170_antibiotics_blank_ctrl_96.png,gt_image/ncih2170_antibiotics_blank_ctrl_96.tif,,106,106,True,True,True,True,ncih2170_antibiotics_blank_ctrl_96.tif,ncih2170_antibiotics_blank_ctrl_96.tif,ncih2170_antibiotics_blank_ctrl_96.png,ncih2170_antibiotics_blank_ctrl_96.tif,,/work/users/b/e/behnamie/ecDNA_Data/bioimage_archive/rgb/ncih2170_antibiotics_blank_ctrl_96.tif,/work/users/b/e/behnamie/ecDNA_Data/bioimage_archive/dapi/ncih2170_antibiotics_blank_ctrl_96.tif,/work/users/b/e/behnamie/ecDNA_Data/bioimage_archive/roi_mask/ncih2170_antibiotics_blank_ctrl_96.png,/work/users/b/e/behnamie/ecDNA_Data/bioimage_archive/gt_image/ncih2170_antibiotics_blank_ctrl_96.tif
ncih2170_antibiotics_blank_ctrl_97,NCI-H2170,train,train,True,True,False,False,1,rgb/ncih2170_antibiotics_blank_ctrl_97.tif,dapi/ncih2170_antibiotics_blank_ctrl_97.tif,roi_mask/ncih2170_antibiotics_blank_ctrl_97.png,gt_image/ncih2170_antibiotics_blank_ctrl_97.tif,,146,151,True,True,True,True,ncih2170_antibiotics_blank_ctrl_97.tif,ncih2170_antibiotics_blank_ctrl_97.tif,ncih2170_antibiotics_blank_ctrl_97.png,ncih2170_antibiotics_blank_ctrl_97.tif,,/work/users/b/e/behnamie/ecDNA_Data/bioimage_archive/rgb/ncih2170_antibiotics_blank_ctrl_97.tif,/work/users/b/e/behnamie/ecDNA_Data/bioimage_archive/dapi/ncih2170_antibiotics_blank_ctrl_97.tif,/work/users/b/e/behnamie/ecDNA_Data/bioimage_archive/roi_mask/ncih2170_antibiotics_blank_ctrl_97.png,/work/users/b/e/behnamie/ecDNA_Data/bioimage_archive/gt_image/ncih2170_antibiotics_blank_ctrl_97.tif
ncih2170_antibiotics_blank_ctrl_98,NCI-H2170,train,train,True,True,False,False,1,rgb/ncih2170_antibiotics_blank_ctrl_98.tif,dapi/ncih2170_antibiotics_blank_ctrl_98.tif,roi_mask/ncih2170_antibiotics_blank_ctrl_98.png,gt_image/ncih2170_antibiotics_blank_ctrl_98.tif,,219,226,True,True,True,True,ncih2170_antibiotics_blank_ctrl_98.tif,ncih2170_antibiotics_blank_ctrl_98.tif,ncih2170_antibiotics_blank_ctrl_98.png,ncih2170_antibiotics_blank_ctrl_98.tif,,/work/users/b/e/behnamie/ecDNA_Data/bioimage_archive/rgb/ncih2170_antibiotics_blank_ctrl_98.tif,/work/users/b/e/behnamie/ecDNA_Data/bioimage_archive/dapi/ncih2170_antibiotics_blank_ctrl_98.tif,/work/users/b/e/behnamie/ecDNA_Data/bioimage_archive/roi_mask/ncih2170_antibiotics_blank_ctrl_98.png,/work/users/b/e/behnamie/ecDNA_Data/bioimage_archive/gt_image/ncih2170_antibiotics_blank_ctrl_98.tif
ncih2170_antibiotics_ps_10,NCI-H2170,train,train,True,True,False,False,1,rgb/ncih2170_antibiotics_ps_10.tif,dapi/ncih2170_antibiotics_ps_10.tif,roi_mask/ncih2170_antibiotics_ps_10.png,gt_image/ncih2170_antibiotics_ps_10.tif,,160,165,True,True,True,True,ncih2170_antibiotics_ps_10.tif,ncih2170_antibiotics_ps_10.tif,ncih2170_antibiotics_ps_10.png,ncih2170_antibiotics_ps_10.tif,,/work/users/b/e/behnamie/ecDNA_Data/bioimage_archive/rgb/ncih2170_antibiotics_ps_10.tif,/work/users/b/e/behnamie/ecDNA_Data/bioimage_archive/dapi/ncih2170_antibiotics_ps_10.tif,/work/users/b/e/behnamie/ecDNA_Data/bioimage_archive/roi_mask/ncih2170_antibiotics_ps_10.png,/work/users/b/e/behnamie/ecDNA_Data/bioimage_archive/gt_image/ncih2170_antibiotics_ps_10.tif
ncih2170_antibiotics_ps_106,NCI-H2170,train,train,True,True,False,False,1,rgb/ncih2170_antibiotics_ps_106.tif,dapi/ncih2170_antibiotics_ps_106.tif,roi_mask/ncih2170_antibiotics_ps_106.png,gt_image/ncih2170_antibiotics_ps_106.tif,,122,123,True,True,True,True,ncih2170_antibiotics_ps_106.tif,ncih2170_antibiotics_ps_106.tif,ncih2170_antibiotics_ps_106.png,ncih2170_antibiotics_ps_106.tif,,/work/users/b/e/behnamie/ecDNA_Data/bioimage_archive/rgb/ncih2170_antibiotics_ps_106.tif,/work/users/b/e/behnamie/ecDNA_Data/bioimage_archive/dapi/ncih2170_antibiotics_ps_106.tif,/work/users/b/e/behnamie/ecDNA_Data/bioimage_archive/roi_mask/ncih2170_antibiotics_ps_106.png,/work/users/b/e/behnamie/ecDNA_Data/bioimage_archive/gt_image/ncih2170_antibiotics_ps_106.tif
ncih2170_antibiotics_ps_107_b,NCI-H2170,train,train,True,True,False,False,1,rgb/ncih2170_antibiotics_ps_107_b.tif,dapi/ncih2170_antibiotics_ps_107_b.tif,roi_mask/ncih2170_antibiotics_ps_107_b.png,gt_image/ncih2170_antibiotics_ps_107_b.tif,,205,213,True,True,True,True,ncih2170_antibiotics_ps_107_b.tif,ncih2170_antibiotics_ps_107_b.tif,ncih2170_antibiotics_ps_107_b.png,ncih2170_antibiotics_ps_107_b.tif,,/work/users/b/e/behnamie/ecDNA_Data/bioimage_archive/rgb/ncih2170_antibiotics_ps_107_b.tif,/work/users/b/e/behnamie/ecDNA_Data/bioimage_archive/dapi/ncih2170_antibiotics_ps_107_b.tif,/work/users/b/e/behnamie/ecDNA_Data/bioimage_archive/roi_mask/ncih2170_antibiotics_ps_107_b.png,/work/users/b/e/behnamie/ecDNA_Data/bioimage_archive/gt_image/ncih2170_antibiotics_ps_107_b.tif
ncih2170_antibiotics_ps_111,NCI-H2170,train,train,True,True,False,False,1,rgb/ncih2170_antibiotics_ps_111.tif,dapi/ncih2170_antibiotics_ps_111.tif,roi_mask/ncih2170_antibiotics_ps_111.png,gt_image/ncih2170_antibiotics_ps_111.tif,,186,186,True,True,True,True,ncih2170_antibiotics_ps_111.tif,ncih2170_antibiotics_ps_111.tif,ncih2170_antibiotics_ps_111.png,ncih2170_antibiotics_ps_111.tif,,/work/users/b/e/behnamie/ecDNA_Data/bioimage_archive/rgb/ncih2170_antibiotics_ps_111.tif,/work/users/b/e/behnamie/ecDNA_Data/bioimage_archive/dapi/ncih2170_antibiotics_ps_111.tif,/work/users/b/e/behnamie/ecDNA_Data/bioimage_archive/roi_mask/ncih2170_antibiotics_ps_111.png,/work/users/b/e/behnamie/ecDNA_Data/bioimage_archive/gt_image/ncih2170_antibiotics_ps_111.tif
ncih2170_antibiotics_ps_113_b,NCI-H2170,train,train,True,True,False,False,1,rgb/ncih2170_antibiotics_ps_113_b.tif,dapi/ncih2170_antibiotics_ps_113_b.tif,roi_mask/ncih2170_antibiotics_ps_113_b.png,gt_image/ncih2170_antibiotics_ps_113_b.tif,,142,142,True,True,True,True,ncih2170_antibiotics_ps_113_b.tif,ncih2170_antibiotics_ps_113_b.tif,ncih2170_antibiotics_ps_113_b.png,ncih2170_antibiotics_ps_113_b.tif,,/work/users/b/e/behnamie/ecDNA_Data/bioimage_archive/rgb/ncih2170_antibiotics_ps_113_b.tif,/work/users/b/e/behnamie/ecDNA_Data/bioimage_archive/dapi/ncih2170_antibiotics_ps_113_b.tif,/work/users/b/e/behnamie/ecDNA_Data/bioimage_archive/roi_mask/ncih2170_antibiotics_ps_113_b.png,/work/users/b/e/behnamie/ecDNA_Data/bioimage_archive/gt_image/ncih2170_antibiotics_ps_113_b.tif
ncih2170_antibiotics_ps_13,NCI-H2170,train,train,True,True,False,False,1,rgb/ncih2170_antibiotics_ps_13.tif,dapi/ncih2170_antibiotics_ps_13.tif,roi_mask/ncih2170_antibiotics_ps_13.png,gt_image/ncih2170_antibiotics_ps_13.tif,,398,398,True,True,True,True,ncih2170_antibiotics_ps_13.tif,ncih2170_antibiotics_ps_13.tif,ncih2170_antibiotics_ps_13.png,ncih2170_antibiotics_ps_13.tif,,/work/users/b/e/behnamie/ecDNA_Data/bioimage_archive/rgb/ncih2170_antibiotics_ps_13.tif,/work/users/b/e/behnamie/ecDNA_Data/bioimage_archive/dapi/ncih2170_antibiotics_ps_13.tif,/work/users/b/e/behnamie/ecDNA_Data/bioimage_archive/roi_mask/ncih2170_antibiotics_ps_13.png,/work/users/b/e/behnamie/ecDNA_Data/bioimage_archive/gt_image/ncih2170_antibiotics_ps_13.tif
ncih2170_antibiotics_ps_14,NCI-H2170,train,train,True,True,False,False,1,rgb/ncih2170_antibiotics_ps_14.tif,dapi/ncih2170_antibiotics_ps_14.tif,roi_mask/ncih2170_antibiotics_ps_14.png,gt_image/ncih2170_antibiotics_ps_14.tif,,65,66,True,True,True,True,ncih2170_antibiotics_ps_14.tif,ncih2170_antibiotics_ps_14.tif,ncih2170_antibiotics_ps_14.png,ncih2170_antibiotics_ps_14.tif,,/work/users/b/e/behnamie/ecDNA_Data/bioimage_archive/rgb/ncih2170_antibiotics_ps_14.tif,/work/users/b/e/behnamie/ecDNA_Data/bioimage_archive/dapi/ncih2170_antibiotics_ps_14.tif,/work/users/b/e/behnamie/ecDNA_Data/bioimage_archive/roi_mask/ncih2170_antibiotics_ps_14.png,/work/users/b/e/behnamie/ecDNA_Data/bioimage_archive/gt_image/ncih2170_antibiotics_ps_14.tif
ncih2170_antibiotics_ps_16,NCI-H2170,train,train,True,True,False,False,1,rgb/ncih2170_antibiotics_ps_16.tif,dapi/ncih2170_antibiotics_ps_16.tif,roi_mask/ncih2170_antibiotics_ps_16.png,gt_image/ncih2170_antibiotics_ps_16.tif,,236,237,True,True,True,True,ncih2170_antibiotics_ps_16.tif,ncih2170_antibiotics_ps_16.tif,ncih2170_antibiotics_ps_16.png,ncih2170_antibiotics_ps_16.tif,,/work/users/b/e/behnamie/ecDNA_Data/bioimage_archive/rgb/ncih2170_antibiotics_ps_16.tif,/work/users/b/e/behnamie/ecDNA_Data/bioimage_archive/dapi/ncih2170_antibiotics_ps_16.tif,/work/users/b/e/behnamie/ecDNA_Data/bioimage_archive/roi_mask/ncih2170_antibiotics_ps_16.png,/work/users/b/e/behnamie/ecDNA_Data/bioimage_archive/gt_image/ncih2170_antibiotics_ps_16.tif
ncih2170_antibiotics_ps_17,NCI-H2170,train,train,True,True,False,False,1,rgb/ncih2170_antibiotics_ps_17.tif,dapi/ncih2170_antibiotics_ps_17.tif,roi_mask/ncih2170_antibiotics_ps_17.png,gt_image/ncih2170_antibiotics_ps_17.tif,,197,200,True,True,True,True,ncih2170_antibiotics_ps_17.tif,ncih2170_antibiotics_ps_17.tif,ncih2170_antibiotics_ps_17.png,ncih2170_antibiotics_ps_17.tif,,/work/users/b/e/behnamie/ecDNA_Data/bioimage_archive/rgb/ncih2170_antibiotics_ps_17.tif,/work/users/b/e/behnamie/ecDNA_Data/bioimage_archive/dapi/ncih2170_antibiotics_ps_17.tif,/work/users/b/e/behnamie/ecDNA_Data/bioimage_archive/roi_mask/ncih2170_antibiotics_ps_17.png,/work/users/b/e/behnamie/ecDNA_Data/bioimage_archive/gt_image/ncih2170_antibiotics_ps_17.tif
ncih2170_antibiotics_ps_18,NCI-H2170,train,train,True,True,False,False,1,rgb/ncih2170_antibiotics_ps_18.tif,dapi/ncih2170_antibiotics_ps_18.tif,roi_mask/ncih2170_antibiotics_ps_18.png,gt_image/ncih2170_antibiotics_ps_18.tif,,132,133,True,True,True,True,ncih2170_antibiotics_ps_18.tif,ncih2170_antibiotics_ps_18.tif,ncih2170_antibiotics_ps_18.png,ncih2170_antibiotics_ps_18.tif,,/work/users/b/e/behnamie/ecDNA_Data/bioimage_archive/rgb/ncih2170_antibiotics_ps_18.tif,/work/users/b/e/behnamie/ecDNA_Data/bioimage_archive/dapi/ncih2170_antibiotics_ps_18.tif,/work/users/b/e/behnamie/ecDNA_Data/bioimage_archive/roi_mask/ncih2170_antibiotics_ps_18.png,/work/users/b/e/behnamie/ecDNA_Data/bioimage_archive/gt_image/ncih2170_antibiotics_ps_18.tif
ncih2170_antibiotics_ps_19,NCI-H2170,train,train,True,True,False,False,1,rgb/ncih2170_antibiotics_ps_19.tif,dapi/ncih2170_antibiotics_ps_19.tif,roi_mask/ncih2170_antibiotics_ps_19.png,gt_image/ncih2170_antibiotics_ps_19.tif,,201,201,True,True,True,True,ncih2170_antibiotics_ps_19.tif,ncih2170_antibiotics_ps_19.tif,ncih2170_antibiotics_ps_19.png,ncih2170_antibiotics_ps_19.tif,,/work/users/b/e/behnamie/ecDNA_Data/bioimage_archive/rgb/ncih2170_antibiotics_ps_19.tif,/work/users/b/e/behnamie/ecDNA_Data/bioimage_archive/dapi/ncih2170_antibiotics_ps_19.tif,/work/users/b/e/behnamie/ecDNA_Data/bioimage_archive/roi_mask/ncih2170_antibiotics_ps_19.png,/work/users/b/e/behnamie/ecDNA_Data/bioimage_archive/gt_image/ncih2170_antibiotics_ps_19.tif
ncih2170_antibiotics_ps_20,NCI-H2170,train,train,True,True,False,False,1,rgb/ncih2170_antibiotics_ps_20.tif,dapi/ncih2170_antibiotics_ps_20.tif,roi_mask/ncih2170_antibiotics_ps_20.png,gt_image/ncih2170_antibiotics_ps_20.tif,,69,69,True,True,True,True,ncih2170_antibiotics_ps_20.tif,ncih2170_antibiotics_ps_20.tif,ncih2170_antibiotics_ps_20.png,ncih2170_antibiotics_ps_20.tif,,/work/users/b/e/behnamie/ecDNA_Data/bioimage_archive/rgb/ncih2170_antibiotics_ps_20.tif,/work/users/b/e/behnamie/ecDNA_Data/bioimage_archive/dapi/ncih2170_antibiotics_ps_20.tif,/work/users/b/e/behnamie/ecDNA_Data/bioimage_archive/roi_mask/ncih2170_antibiotics_ps_20.png,/work/users/b/e/behnamie/ecDNA_Data/bioimage_archive/gt_image/ncih2170_antibiotics_ps_20.tif
ncih2170_antibiotics_ps_21,NCI-H2170,train,train,True,True,False,False,1,rgb/ncih2170_antibiotics_ps_21.tif,dapi/ncih2170_antibiotics_ps_21.tif,roi_mask/ncih2170_antibiotics_ps_21.png,gt_image/ncih2170_antibiotics_ps_21.tif,,70,70,True,True,True,True,ncih2170_antibiotics_ps_21.tif,ncih2170_antibiotics_ps_21.tif,ncih2170_antibiotics_ps_21.png,ncih2170_antibiotics_ps_21.tif,,/work/users/b/e/behnamie/ecDNA_Data/bioimage_archive/rgb/ncih2170_antibiotics_ps_21.tif,/work/users/b/e/behnamie/ecDNA_Data/bioimage_archive/dapi/ncih2170_antibiotics_ps_21.tif,/work/users/b/e/behnamie/ecDNA_Data/bioimage_archive/roi_mask/ncih2170_antibiotics_ps_21.png,/work/users/b/e/behnamie/ecDNA_Data/bioimage_archive/gt_image/ncih2170_antibiotics_ps_21.tif
ncih2170_antibiotics_ps_22,NCI-H2170,train,train,True,True,False,False,1,rgb/ncih2170_antibiotics_ps_22.tif,dapi/ncih2170_antibiotics_ps_22.tif,roi_mask/ncih2170_antibiotics_ps_22.png,gt_image/ncih2170_antibiotics_ps_22.tif,,95,95,True,True,True,True,ncih2170_antibiotics_ps_22.tif,ncih2170_antibiotics_ps_22.tif,ncih2170_antibiotics_ps_22.png,ncih2170_antibiotics_ps_22.tif,,/work/users/b/e/behnamie/ecDNA_Data/bioimage_archive/rgb/ncih2170_antibiotics_ps_22.tif,/work/users/b/e/behnamie/ecDNA_Data/bioimage_archive/dapi/ncih2170_antibiotics_ps_22.tif,/work/users/b/e/behnamie/ecDNA_Data/bioimage_archive/roi_mask/ncih2170_antibiotics_ps_22.png,/work/users/b/e/behnamie/ecDNA_Data/bioimage_archive/gt_image/ncih2170_antibiotics_ps_22.tif
ncih2170_antibiotics_ps_23,NCI-H2170,train,train,True,True,False,False,1,rgb/ncih2170_antibiotics_ps_23.tif,dapi/ncih2170_antibiotics_ps_23.tif,roi_mask/ncih2170_antibiotics_ps_23.png,gt_image/ncih2170_antibiotics_ps_23.tif,,115,115,True,True,True,True,ncih2170_antibiotics_ps_23.tif,ncih2170_antibiotics_ps_23.tif,ncih2170_antibiotics_ps_23.png,ncih2170_antibiotics_ps_23.tif,,/work/users/b/e/behnamie/ecDNA_Data/bioimage_archive/rgb/ncih2170_antibiotics_ps_23.tif,/work/users/b/e/behnamie/ecDNA_Data/bioimage_archive/dapi/ncih2170_antibiotics_ps_23.tif,/work/users/b/e/behnamie/ecDNA_Data/bioimage_archive/roi_mask/ncih2170_antibiotics_ps_23.png,/work/users/b/e/behnamie/ecDNA_Data/bioimage_archive/gt_image/ncih2170_antibiotics_ps_23.tif
ncih2170_antibiotics_ps_24,NCI-H2170,train,train,True,True,False,False,1,rgb/ncih2170_antibiotics_ps_24.tif,dapi/ncih2170_antibiotics_ps_24.tif,roi_mask/ncih2170_antibiotics_ps_24.png,gt_image/ncih2170_antibiotics_ps_24.tif,,133,133,True,True,True,True,ncih2170_antibiotics_ps_24.tif,ncih2170_antibiotics_ps_24.tif,ncih2170_antibiotics_ps_24.png,ncih2170_antibiotics_ps_24.tif,,/work/users/b/e/behnamie/ecDNA_Data/bioimage_archive/rgb/ncih2170_antibiotics_ps_24.tif,/work/users/b/e/behnamie/ecDNA_Data/bioimage_archive/dapi/ncih2170_antibiotics_ps_24.tif,/work/users/b/e/behnamie/ecDNA_Data/bioimage_archive/roi_mask/ncih2170_antibiotics_ps_24.png,/work/users/b/e/behnamie/ecDNA_Data/bioimage_archive/gt_image/ncih2170_antibiotics_ps_24.tif
ncih2170_antibiotics_ps_28,NCI-H2170,train,train,True,True,False,False,1,rgb/ncih2170_antibiotics_ps_28.tif,dapi/ncih2170_antibiotics_ps_28.tif,roi_mask/ncih2170_antibiotics_ps_28.png,gt_image/ncih2170_antibiotics_ps_28.tif,,121,121,True,True,True,True,ncih2170_antibiotics_ps_28.tif,ncih2170_antibiotics_ps_28.tif,ncih2170_antibiotics_ps_28.png,ncih2170_antibiotics_ps_28.tif,,/work/users/b/e/behnamie/ecDNA_Data/bioimage_archive/rgb/ncih2170_antibiotics_ps_28.tif,/work/users/b/e/behnamie/ecDNA_Data/bioimage_archive/dapi/ncih2170_antibiotics_ps_28.tif,/work/users/b/e/behnamie/ecDNA_Data/bioimage_archive/roi_mask/ncih2170_antibiotics_ps_28.png,/work/users/b/e/behnamie/ecDNA_Data/bioimage_archive/gt_image/ncih2170_antibiotics_ps_28.tif
ncih2170_antibiotics_ps_29_a,NCI-H2170,train,train,True,True,False,False,1,rgb/ncih2170_antibiotics_ps_29_a.tif,dapi/ncih2170_antibiotics_ps_29_a.tif,roi_mask/ncih2170_antibiotics_ps_29_a.png,gt_image/ncih2170_antibiotics_ps_29_a.tif,,93,93,True,True,True,True,ncih2170_antibiotics_ps_29_a.tif,ncih2170_antibiotics_ps_29_a.tif,ncih2170_antibiotics_ps_29_a.png,ncih2170_antibiotics_ps_29_a.tif,,/work/users/b/e/behnamie/ecDNA_Data/bioimage_archive/rgb/ncih2170_antibiotics_ps_29_a.tif,/work/users/b/e/behnamie/ecDNA_Data/bioimage_archive/dapi/ncih2170_antibiotics_ps_29_a.tif,/work/users/b/e/behnamie/ecDNA_Data/bioimage_archive/roi_mask/ncih2170_antibiotics_ps_29_a.png,/work/users/b/e/behnamie/ecDNA_Data/bioimage_archive/gt_image/ncih2170_antibiotics_ps_29_a.tif
ncih2170_antibiotics_ps_30,NCI-H2170,train,train,True,True,False,False,1,rgb/ncih2170_antibiotics_ps_30.tif,dapi/ncih2170_antibiotics_ps_30.tif,roi_mask/ncih2170_antibiotics_ps_30.png,gt_image/ncih2170_antibiotics_ps_30.tif,,95,95,True,True,True,True,ncih2170_antibiotics_ps_30.tif,ncih2170_antibiotics_ps_30.tif,ncih2170_antibiotics_ps_30.png,ncih2170_antibiotics_ps_30.tif,,/work/users/b/e/behnamie/ecDNA_Data/bioimage_archive/rgb/ncih2170_antibiotics_ps_30.tif,/work/users/b/e/behnamie/ecDNA_Data/bioimage_archive/dapi/ncih2170_antibiotics_ps_30.tif,/work/users/b/e/behnamie/ecDNA_Data/bioimage_archive/roi_mask/ncih2170_antibiotics_ps_30.png,/work/users/b/e/behnamie/ecDNA_Data/bioimage_archive/gt_image/ncih2170_antibiotics_ps_30.tif
ncih2170_antibiotics_ps_31,NCI-H2170,train,train,True,True,False,False,1,rgb/ncih2170_antibiotics_ps_31.tif,dapi/ncih2170_antibiotics_ps_31.tif,roi_mask/ncih2170_antibiotics_ps_31.png,gt_image/ncih2170_antibiotics_ps_31.tif,,305,305,True,True,True,True,ncih2170_antibiotics_ps_31.tif,ncih2170_antibiotics_ps_31.tif,ncih2170_antibiotics_ps_31.png,ncih2170_antibiotics_ps_31.tif,,/work/users/b/e/behnamie/ecDNA_Data/bioimage_archive/rgb/ncih2170_antibiotics_ps_31.tif,/work/users/b/e/behnamie/ecDNA_Data/bioimage_archive/dapi/ncih2170_antibiotics_ps_31.tif,/work/users/b/e/behnamie/ecDNA_Data/bioimage_archive/roi_mask/ncih2170_antibiotics_ps_31.png,/work/users/b/e/behnamie/ecDNA_Data/bioimage_archive/gt_image/ncih2170_antibiotics_ps_31.tif
ncih2170_antibiotics_ps_33,NCI-H2170,train,train,True,True,False,False,1,rgb/ncih2170_antibiotics_ps_33.tif,dapi/ncih2170_antibiotics_ps_33.tif,roi_mask/ncih2170_antibiotics_ps_33.png,gt_image/ncih2170_antibiotics_ps_33.tif,,141,141,True,True,True,True,ncih2170_antibiotics_ps_33.tif,ncih2170_antibiotics_ps_33.tif,ncih2170_antibiotics_ps_33.png,ncih2170_antibiotics_ps_33.tif,,/work/users/b/e/behnamie/ecDNA_Data/bioimage_archive/rgb/ncih2170_antibiotics_ps_33.tif,/work/users/b/e/behnamie/ecDNA_Data/bioimage_archive/dapi/ncih2170_antibiotics_ps_33.tif,/work/users/b/e/behnamie/ecDNA_Data/bioimage_archive/roi_mask/ncih2170_antibiotics_ps_33.png,/work/users/b/e/behnamie/ecDNA_Data/bioimage_archive/gt_image/ncih2170_antibiotics_ps_33.tif
ncih2170_antibiotics_ps_34_b,NCI-H2170,train,train,True,True,False,False,1,rgb/ncih2170_antibiotics_ps_34_b.tif,dapi/ncih2170_antibiotics_ps_34_b.tif,roi_mask/ncih2170_antibiotics_ps_34_b.png,gt_image/ncih2170_antibiotics_ps_34_b.tif,,76,98,True,True,True,True,ncih2170_antibiotics_ps_34_b.tif,ncih2170_antibiotics_ps_34_b.tif,ncih2170_antibiotics_ps_34_b.png,ncih2170_antibiotics_ps_34_b.tif,,/work/users/b/e/behnamie/ecDNA_Data/bioimage_archive/rgb/ncih2170_antibiotics_ps_34_b.tif,/work/users/b/e/behnamie/ecDNA_Data/bioimage_archive/dapi/ncih2170_antibiotics_ps_34_b.tif,/work/users/b/e/behnamie/ecDNA_Data/bioimage_archive/roi_mask/ncih2170_antibiotics_ps_34_b.png,/work/users/b/e/behnamie/ecDNA_Data/bioimage_archive/gt_image/ncih2170_antibiotics_ps_34_b.tif
ncih2170_antibiotics_ps_35,NCI-H2170,train,train,True,True,False,False,1,rgb/ncih2170_antibiotics_ps_35.tif,dapi/ncih2170_antibiotics_ps_35.tif,roi_mask/ncih2170_antibiotics_ps_35.png,gt_image/ncih2170_antibiotics_ps_35.tif,,96,96,True,True,True,True,ncih2170_antibiotics_ps_35.tif,ncih2170_antibiotics_ps_35.tif,ncih2170_antibiotics_ps_35.png,ncih2170_antibiotics_ps_35.tif,,/work/users/b/e/behnamie/ecDNA_Data/bioimage_archive/rgb/ncih2170_antibiotics_ps_35.tif,/work/users/b/e/behnamie/ecDNA_Data/bioimage_archive/dapi/ncih2170_antibiotics_ps_35.tif,/work/users/b/e/behnamie/ecDNA_Data/bioimage_archive/roi_mask/ncih2170_antibiotics_ps_35.png,/work/users/b/e/behnamie/ecDNA_Data/bioimage_archive/gt_image/ncih2170_antibiotics_ps_35.tif
ncih2170_antibiotics_ps_37,NCI-H2170,train,train,True,True,False,False,1,rgb/ncih2170_antibiotics_ps_37.tif,dapi/ncih2170_antibiotics_ps_37.tif,roi_mask/ncih2170_antibiotics_ps_37.png,gt_image/ncih2170_antibiotics_ps_37.tif,,81,81,True,True,True,True,ncih2170_antibiotics_ps_37.tif,ncih2170_antibiotics_ps_37.tif,ncih2170_antibiotics_ps_37.png,ncih2170_antibiotics_ps_37.tif,,/work/users/b/e/behnamie/ecDNA_Data/bioimage_archive/rgb/ncih2170_antibiotics_ps_37.tif,/work/users/b/e/behnamie/ecDNA_Data/bioimage_archive/dapi/ncih2170_antibiotics_ps_37.tif,/work/users/b/e/behnamie/ecDNA_Data/bioimage_archive/roi_mask/ncih2170_antibiotics_ps_37.png,/work/users/b/e/behnamie/ecDNA_Data/bioimage_archive/gt_image/ncih2170_antibiotics_ps_37.tif
ncih2170_antibiotics_ps_38,NCI-H2170,train,train,True,True,False,False,1,rgb/ncih2170_antibiotics_ps_38.tif,dapi/ncih2170_antibiotics_ps_38.tif,roi_mask/ncih2170_antibiotics_ps_38.png,gt_image/ncih2170_antibiotics_ps_38.tif,,354,362,True,True,True,True,ncih2170_antibiotics_ps_38.tif,ncih2170_antibiotics_ps_38.tif,ncih2170_antibiotics_ps_38.png,ncih2170_antibiotics_ps_38.tif,,/work/users/b/e/behnamie/ecDNA_Data/bioimage_archive/rgb/ncih2170_antibiotics_ps_38.tif,/work/users/b/e/behnamie/ecDNA_Data/bioimage_archive/dapi/ncih2170_antibiotics_ps_38.tif,/work/users/b/e/behnamie/ecDNA_Data/bioimage_archive/roi_mask/ncih2170_antibiotics_ps_38.png,/work/users/b/e/behnamie/ecDNA_Data/bioimage_archive/gt_image/ncih2170_antibiotics_ps_38.tif
ncih2170_antibiotics_ps_39,NCI-H2170,train,train,True,True,False,False,1,rgb/ncih2170_antibiotics_ps_39.tif,dapi/ncih2170_antibiotics_ps_39.tif,roi_mask/ncih2170_antibiotics_ps_39.png,gt_image/ncih2170_antibiotics_ps_39.tif,,131,132,True,True,True,True,ncih2170_antibiotics_ps_39.tif,ncih2170_antibiotics_ps_39.tif,ncih2170_antibiotics_ps_39.png,ncih2170_antibiotics_ps_39.tif,,/work/users/b/e/behnamie/ecDNA_Data/bioimage_archive/rgb/ncih2170_antibiotics_ps_39.tif,/work/users/b/e/behnamie/ecDNA_Data/bioimage_archive/dapi/ncih2170_antibiotics_ps_39.tif,/work/users/b/e/behnamie/ecDNA_Data/bioimage_archive/roi_mask/ncih2170_antibiotics_ps_39.png,/work/users/b/e/behnamie/ecDNA_Data/bioimage_archive/gt_image/ncih2170_antibiotics_ps_39.tif
ncih2170_antibiotics_ps_40,NCI-H2170,train,train,True,True,False,False,1,rgb/ncih2170_antibiotics_ps_40.tif,dapi/ncih2170_antibiotics_ps_40.tif,roi_mask/ncih2170_antibiotics_ps_40.png,gt_image/ncih2170_antibiotics_ps_40.tif,,75,75,True,True,True,True,ncih2170_antibiotics_ps_40.tif,ncih2170_antibiotics_ps_40.tif,ncih2170_antibiotics_ps_40.png,ncih2170_antibiotics_ps_40.tif,,/work/users/b/e/behnamie/ecDNA_Data/bioimage_archive/rgb/ncih2170_antibiotics_ps_40.tif,/work/users/b/e/behnamie/ecDNA_Data/bioimage_archive/dapi/ncih2170_antibiotics_ps_40.tif,/work/users/b/e/behnamie/ecDNA_Data/bioimage_archive/roi_mask/ncih2170_antibiotics_ps_40.png,/work/users/b/e/behnamie/ecDNA_Data/bioimage_archive/gt_image/ncih2170_antibiotics_ps_40.tif
ncih2170_antibiotics_ps_41,NCI-H2170,train,train,True,True,False,False,1,rgb/ncih2170_antibiotics_ps_41.tif,dapi/ncih2170_antibiotics_ps_41.tif,roi_mask/ncih2170_antibiotics_ps_41.png,gt_image/ncih2170_antibiotics_ps_41.tif,,150,150,True,True,True,True,ncih2170_antibiotics_ps_41.tif,ncih2170_antibiotics_ps_41.tif,ncih2170_antibiotics_ps_41.png,ncih2170_antibiotics_ps_41.tif,,/work/users/b/e/behnamie/ecDNA_Data/bioimage_archive/rgb/ncih2170_antibiotics_ps_41.tif,/work/users/b/e/behnamie/ecDNA_Data/bioimage_archive/dapi/ncih2170_antibiotics_ps_41.tif,/work/users/b/e/behnamie/ecDNA_Data/bioimage_archive/roi_mask/ncih2170_antibiotics_ps_41.png,/work/users/b/e/behnamie/ecDNA_Data/bioimage_archive/gt_image/ncih2170_antibiotics_ps_41.tif
ncih2170_antibiotics_ps_42,NCI-H2170,train,train,True,True,False,False,1,rgb/ncih2170_antibiotics_ps_42.tif,dapi/ncih2170_antibiotics_ps_42.tif,roi_mask/ncih2170_antibiotics_ps_42.png,gt_image/ncih2170_antibiotics_ps_42.tif,,96,96,True,True,True,True,ncih2170_antibiotics_ps_42.tif,ncih2170_antibiotics_ps_42.tif,ncih2170_antibiotics_ps_42.png,ncih2170_antibiotics_ps_42.tif,,/work/users/b/e/behnamie/ecDNA_Data/bioimage_archive/rgb/ncih2170_antibiotics_ps_42.tif,/work/users/b/e/behnamie/ecDNA_Data/bioimage_archive/dapi/ncih2170_antibiotics_ps_42.tif,/work/users/b/e/behnamie/ecDNA_Data/bioimage_archive/roi_mask/ncih2170_antibiotics_ps_42.png,/work/users/b/e/behnamie/ecDNA_Data/bioimage_archive/gt_image/ncih2170_antibiotics_ps_42.tif
ncih2170_antibiotics_ps_43,NCI-H2170,train,train,True,True,False,False,1,rgb/ncih2170_antibiotics_ps_43.tif,dapi/ncih2170_antibiotics_ps_43.tif,roi_mask/ncih2170_antibiotics_ps_43.png,gt_image/ncih2170_antibiotics_ps_43.tif,,63,68,True,True,True,True,ncih2170_antibiotics_ps_43.tif,ncih2170_antibiotics_ps_43.tif,ncih2170_antibiotics_ps_43.png,ncih2170_antibiotics_ps_43.tif,,/work/users/b/e/behnamie/ecDNA_Data/bioimage_archive/rgb/ncih2170_antibiotics_ps_43.tif,/work/users/b/e/behnamie/ecDNA_Data/bioimage_archive/dapi/ncih2170_antibiotics_ps_43.tif,/work/users/b/e/behnamie/ecDNA_Data/bioimage_archive/roi_mask/ncih2170_antibiotics_ps_43.png,/work/users/b/e/behnamie/ecDNA_Data/bioimage_archive/gt_image/ncih2170_antibiotics_ps_43.tif
ncih2170_antibiotics_ps_44,NCI-H2170,train,train,True,True,False,False,1,rgb/ncih2170_antibiotics_ps_44.tif,dapi/ncih2170_antibiotics_ps_44.tif,roi_mask/ncih2170_antibiotics_ps_44.png,gt_image/ncih2170_antibiotics_ps_44.tif,,829,845,True,True,True,True,ncih2170_antibiotics_ps_44.tif,ncih2170_antibiotics_ps_44.tif,ncih2170_antibiotics_ps_44.png,ncih2170_antibiotics_ps_44.tif,,/work/users/b/e/behnamie/ecDNA_Data/bioimage_archive/rgb/ncih2170_antibiotics_ps_44.tif,/work/users/b/e/behnamie/ecDNA_Data/bioimage_archive/dapi/ncih2170_antibiotics_ps_44.tif,/work/users/b/e/behnamie/ecDNA_Data/bioimage_archive/roi_mask/ncih2170_antibiotics_ps_44.png,/work/users/b/e/behnamie/ecDNA_Data/bioimage_archive/gt_image/ncih2170_antibiotics_ps_44.tif
ncih2170_antibiotics_ps_45,NCI-H2170,train,train,True,True,False,False,1,rgb/ncih2170_antibiotics_ps_45.tif,dapi/ncih2170_antibiotics_ps_45.tif,roi_mask/ncih2170_antibiotics_ps_45.png,gt_image/ncih2170_antibiotics_ps_45.tif,,90,92,True,True,True,True,ncih2170_antibiotics_ps_45.tif,ncih2170_antibiotics_ps_45.tif,ncih2170_antibiotics_ps_45.png,ncih2170_antibiotics_ps_45.tif,,/work/users/b/e/behnamie/ecDNA_Data/bioimage_archive/rgb/ncih2170_antibiotics_ps_45.tif,/work/users/b/e/behnamie/ecDNA_Data/bioimage_archive/dapi/ncih2170_antibiotics_ps_45.tif,/work/users/b/e/behnamie/ecDNA_Data/bioimage_archive/roi_mask/ncih2170_antibiotics_ps_45.png,/work/users/b/e/behnamie/ecDNA_Data/bioimage_archive/gt_image/ncih2170_antibiotics_ps_45.tif
ncih2170_antibiotics_ps_46,NCI-H2170,train,train,True,True,False,False,1,rgb/ncih2170_antibiotics_ps_46.tif,dapi/ncih2170_antibiotics_ps_46.tif,roi_mask/ncih2170_antibiotics_ps_46.png,gt_image/ncih2170_antibiotics_ps_46.tif,,211,211,True,True,True,True,ncih2170_antibiotics_ps_46.tif,ncih2170_antibiotics_ps_46.tif,ncih2170_antibiotics_ps_46.png,ncih2170_antibiotics_ps_46.tif,,/work/users/b/e/behnamie/ecDNA_Data/bioimage_archive/rgb/ncih2170_antibiotics_ps_46.tif,/work/users/b/e/behnamie/ecDNA_Data/bioimage_archive/dapi/ncih2170_antibiotics_ps_46.tif,/work/users/b/e/behnamie/ecDNA_Data/bioimage_archive/roi_mask/ncih2170_antibiotics_ps_46.png,/work/users/b/e/behnamie/ecDNA_Data/bioimage_archive/gt_image/ncih2170_antibiotics_ps_46.tif
ncih2170_antibiotics_ps_47,NCI-H2170,train,train,True,True,False,False,1,rgb/ncih2170_antibiotics_ps_47.tif,dapi/ncih2170_antibiotics_ps_47.tif,roi_mask/ncih2170_antibiotics_ps_47.png,gt_image/ncih2170_antibiotics_ps_47.tif,,220,221,True,True,True,True,ncih2170_antibiotics_ps_47.tif,ncih2170_antibiotics_ps_47.tif,ncih2170_antibiotics_ps_47.png,ncih2170_antibiotics_ps_47.tif,,/work/users/b/e/behnamie/ecDNA_Data/bioimage_archive/rgb/ncih2170_antibiotics_ps_47.tif,/work/users/b/e/behnamie/ecDNA_Data/bioimage_archive/dapi/ncih2170_antibiotics_ps_47.tif,/work/users/b/e/behnamie/ecDNA_Data/bioimage_archive/roi_mask/ncih2170_antibiotics_ps_47.png,/work/users/b/e/behnamie/ecDNA_Data/bioimage_archive/gt_image/ncih2170_antibiotics_ps_47.tif
ncih2170_antibiotics_ps_48,NCI-H2170,train,train,True,True,False,False,1,rgb/ncih2170_antibiotics_ps_48.tif,dapi/ncih2170_antibiotics_ps_48.tif,roi_mask/ncih2170_antibiotics_ps_48.png,gt_image/ncih2170_antibiotics_ps_48.tif,,76,76,True,True,True,True,ncih2170_antibiotics_ps_48.tif,ncih2170_antibiotics_ps_48.tif,ncih2170_antibiotics_ps_48.png,ncih2170_antibiotics_ps_48.tif,,/work/users/b/e/behnamie/ecDNA_Data/bioimage_archive/rgb/ncih2170_antibiotics_ps_48.tif,/work/users/b/e/behnamie/ecDNA_Data/bioimage_archive/dapi/ncih2170_antibiotics_ps_48.tif,/work/users/b/e/behnamie/ecDNA_Data/bioimage_archive/roi_mask/ncih2170_antibiotics_ps_48.png,/work/users/b/e/behnamie/ecDNA_Data/bioimage_archive/gt_image/ncih2170_antibiotics_ps_48.tif
ncih2170_antibiotics_ps_49,NCI-H2170,train,train,True,True,False,False,1,rgb/ncih2170_antibiotics_ps_49.tif,dapi/ncih2170_antibiotics_ps_49.tif,roi_mask/ncih2170_antibiotics_ps_49.png,gt_image/ncih2170_antibiotics_ps_49.tif,,109,111,True,True,True,True,ncih2170_antibiotics_ps_49.tif,ncih2170_antibiotics_ps_49.tif,ncih2170_antibiotics_ps_49.png,ncih2170_antibiotics_ps_49.tif,,/work/users/b/e/behnamie/ecDNA_Data/bioimage_archive/rgb/ncih2170_antibiotics_ps_49.tif,/work/users/b/e/behnamie/ecDNA_Data/bioimage_archive/dapi/ncih2170_antibiotics_ps_49.tif,/work/users/b/e/behnamie/ecDNA_Data/bioimage_archive/roi_mask/ncih2170_antibiotics_ps_49.png,/work/users/b/e/behnamie/ecDNA_Data/bioimage_archive/gt_image/ncih2170_antibiotics_ps_49.tif
ncih2170_antibiotics_ps_5,NCI-H2170,train,train,True,True,False,False,1,rgb/ncih2170_antibiotics_ps_5.tif,dapi/ncih2170_antibiotics_ps_5.tif,roi_mask/ncih2170_antibiotics_ps_5.png,gt_image/ncih2170_antibiotics_ps_5.tif,,235,239,True,True,True,True,ncih2170_antibiotics_ps_5.tif,ncih2170_antibiotics_ps_5.tif,ncih2170_antibiotics_ps_5.png,ncih2170_antibiotics_ps_5.tif,,/work/users/b/e/behnamie/ecDNA_Data/bioimage_archive/rgb/ncih2170_antibiotics_ps_5.tif,/work/users/b/e/behnamie/ecDNA_Data/bioimage_archive/dapi/ncih2170_antibiotics_ps_5.tif,/work/users/b/e/behnamie/ecDNA_Data/bioimage_archive/roi_mask/ncih2170_antibiotics_ps_5.png,/work/users/b/e/behnamie/ecDNA_Data/bioimage_archive/gt_image/ncih2170_antibiotics_ps_5.tif
ncih2170_antibiotics_ps_50,NCI-H2170,train,train,True,True,False,False,1,rgb/ncih2170_antibiotics_ps_50.tif,dapi/ncih2170_antibiotics_ps_50.tif,roi_mask/ncih2170_antibiotics_ps_50.png,gt_image/ncih2170_antibiotics_ps_50.tif,,147,148,True,True,True,True,ncih2170_antibiotics_ps_50.tif,ncih2170_antibiotics_ps_50.tif,ncih2170_antibiotics_ps_50.png,ncih2170_antibiotics_ps_50.tif,,/work/users/b/e/behnamie/ecDNA_Data/bioimage_archive/rgb/ncih2170_antibiotics_ps_50.tif,/work/users/b/e/behnamie/ecDNA_Data/bioimage_archive/dapi/ncih2170_antibiotics_ps_50.tif,/work/users/b/e/behnamie/ecDNA_Data/bioimage_archive/roi_mask/ncih2170_antibiotics_ps_50.png,/work/users/b/e/behnamie/ecDNA_Data/bioimage_archive/gt_image/ncih2170_antibiotics_ps_50.tif
ncih2170_antibiotics_ps_54,NCI-H2170,train,train,True,True,False,False,1,rgb/ncih2170_antibiotics_ps_54.tif,dapi/ncih2170_antibiotics_ps_54.tif,roi_mask/ncih2170_antibiotics_ps_54.png,gt_image/ncih2170_antibiotics_ps_54.tif,,125,125,True,True,True,True,ncih2170_antibiotics_ps_54.tif,ncih2170_antibiotics_ps_54.tif,ncih2170_antibiotics_ps_54.png,ncih2170_antibiotics_ps_54.tif,,/work/users/b/e/behnamie/ecDNA_Data/bioimage_archive/rgb/ncih2170_antibiotics_ps_54.tif,/work/users/b/e/behnamie/ecDNA_Data/bioimage_archive/dapi/ncih2170_antibiotics_ps_54.tif,/work/users/b/e/behnamie/ecDNA_Data/bioimage_archive/roi_mask/ncih2170_antibiotics_ps_54.png,/work/users/b/e/behnamie/ecDNA_Data/bioimage_archive/gt_image/ncih2170_antibiotics_ps_54.tif
ncih2170_antibiotics_ps_56_b,NCI-H2170,train,train,True,True,False,False,1,rgb/ncih2170_antibiotics_ps_56_b.tif,dapi/ncih2170_antibiotics_ps_56_b.tif,roi_mask/ncih2170_antibiotics_ps_56_b.png,gt_image/ncih2170_antibiotics_ps_56_b.tif,,434,454,True,True,True,True,ncih2170_antibiotics_ps_56_b.tif,ncih2170_antibiotics_ps_56_b.tif,ncih2170_antibiotics_ps_56_b.png,ncih2170_antibiotics_ps_56_b.tif,,/work/users/b/e/behnamie/ecDNA_Data/bioimage_archive/rgb/ncih2170_antibiotics_ps_56_b.tif,/work/users/b/e/behnamie/ecDNA_Data/bioimage_archive/dapi/ncih2170_antibiotics_ps_56_b.tif,/work/users/b/e/behnamie/ecDNA_Data/bioimage_archive/roi_mask/ncih2170_antibiotics_ps_56_b.png,/work/users/b/e/behnamie/ecDNA_Data/bioimage_archive/gt_image/ncih2170_antibiotics_ps_56_b.tif
ncih2170_antibiotics_ps_57,NCI-H2170,train,train,True,True,False,False,1,rgb/ncih2170_antibiotics_ps_57.tif,dapi/ncih2170_antibiotics_ps_57.tif,roi_mask/ncih2170_antibiotics_ps_57.png,gt_image/ncih2170_antibiotics_ps_57.tif,,70,70,True,True,True,True,ncih2170_antibiotics_ps_57.tif,ncih2170_antibiotics_ps_57.tif,ncih2170_antibiotics_ps_57.png,ncih2170_antibiotics_ps_57.tif,,/work/users/b/e/behnamie/ecDNA_Data/bioimage_archive/rgb/ncih2170_antibiotics_ps_57.tif,/work/users/b/e/behnamie/ecDNA_Data/bioimage_archive/dapi/ncih2170_antibiotics_ps_57.tif,/work/users/b/e/behnamie/ecDNA_Data/bioimage_archive/roi_mask/ncih2170_antibiotics_ps_57.png,/work/users/b/e/behnamie/ecDNA_Data/bioimage_archive/gt_image/ncih2170_antibiotics_ps_57.tif
ncih2170_antibiotics_ps_58,NCI-H2170,train,train,True,True,False,False,1,rgb/ncih2170_antibiotics_ps_58.tif,dapi/ncih2170_antibiotics_ps_58.tif,roi_mask/ncih2170_antibiotics_ps_58.png,gt_image/ncih2170_antibiotics_ps_58.tif,,212,212,True,True,True,True,ncih2170_antibiotics_ps_58.tif,ncih2170_antibiotics_ps_58.tif,ncih2170_antibiotics_ps_58.png,ncih2170_antibiotics_ps_58.tif,,/work/users/b/e/behnamie/ecDNA_Data/bioimage_archive/rgb/ncih2170_antibiotics_ps_58.tif,/work/users/b/e/behnamie/ecDNA_Data/bioimage_archive/dapi/ncih2170_antibiotics_ps_58.tif,/work/users/b/e/behnamie/ecDNA_Data/bioimage_archive/roi_mask/ncih2170_antibiotics_ps_58.png,/work/users/b/e/behnamie/ecDNA_Data/bioimage_archive/gt_image/ncih2170_antibiotics_ps_58.tif
ncih2170_antibiotics_ps_61,NCI-H2170,train,train,True,True,False,False,1,rgb/ncih2170_antibiotics_ps_61.tif,dapi/ncih2170_antibiotics_ps_61.tif,roi_mask/ncih2170_antibiotics_ps_61.png,gt_image/ncih2170_antibiotics_ps_61.tif,,246,246,True,True,True,True,ncih2170_antibiotics_ps_61.tif,ncih2170_antibiotics_ps_61.tif,ncih2170_antibiotics_ps_61.png,ncih2170_antibiotics_ps_61.tif,,/work/users/b/e/behnamie/ecDNA_Data/bioimage_archive/rgb/ncih2170_antibiotics_ps_61.tif,/work/users/b/e/behnamie/ecDNA_Data/bioimage_archive/dapi/ncih2170_antibiotics_ps_61.tif,/work/users/b/e/behnamie/ecDNA_Data/bioimage_archive/roi_mask/ncih2170_antibiotics_ps_61.png,/work/users/b/e/behnamie/ecDNA_Data/bioimage_archive/gt_image/ncih2170_antibiotics_ps_61.tif
ncih2170_antibiotics_ps_62,NCI-H2170,train,train,True,True,False,False,1,rgb/ncih2170_antibiotics_ps_62.tif,dapi/ncih2170_antibiotics_ps_62.tif,roi_mask/ncih2170_antibiotics_ps_62.png,gt_image/ncih2170_antibiotics_ps_62.tif,,458,458,True,True,True,True,ncih2170_antibiotics_ps_62.tif,ncih2170_antibiotics_ps_62.tif,ncih2170_antibiotics_ps_62.png,ncih2170_antibiotics_ps_62.tif,,/work/users/b/e/behnamie/ecDNA_Data/bioimage_archive/rgb/ncih2170_antibiotics_ps_62.tif,/work/users/b/e/behnamie/ecDNA_Data/bioimage_archive/dapi/ncih2170_antibiotics_ps_62.tif,/work/users/b/e/behnamie/ecDNA_Data/bioimage_archive/roi_mask/ncih2170_antibiotics_ps_62.png,/work/users/b/e/behnamie/ecDNA_Data/bioimage_archive/gt_image/ncih2170_antibiotics_ps_62.tif
ncih2170_antibiotics_ps_63,NCI-H2170,train,train,True,True,False,False,1,rgb/ncih2170_antibiotics_ps_63.tif,dapi/ncih2170_antibiotics_ps_63.tif,roi_mask/ncih2170_antibiotics_ps_63.png,gt_image/ncih2170_antibiotics_ps_63.tif,,862,868,True,True,True,True,ncih2170_antibiotics_ps_63.tif,ncih2170_antibiotics_ps_63.tif,ncih2170_antibiotics_ps_63.png,ncih2170_antibiotics_ps_63.tif,,/work/users/b/e/behnamie/ecDNA_Data/bioimage_archive/rgb/ncih2170_antibiotics_ps_63.tif,/work/users/b/e/behnamie/ecDNA_Data/bioimage_archive/dapi/ncih2170_antibiotics_ps_63.tif,/work/users/b/e/behnamie/ecDNA_Data/bioimage_archive/roi_mask/ncih2170_antibiotics_ps_63.png,/work/users/b/e/behnamie/ecDNA_Data/bioimage_archive/gt_image/ncih2170_antibiotics_ps_63.tif
ncih2170_antibiotics_ps_65,NCI-H2170,train,train,True,True,False,False,1,rgb/ncih2170_antibiotics_ps_65.tif,dapi/ncih2170_antibiotics_ps_65.tif,roi_mask/ncih2170_antibiotics_ps_65.png,gt_image/ncih2170_antibiotics_ps_65.tif,,131,131,True,True,True,True,ncih2170_antibiotics_ps_65.tif,ncih2170_antibiotics_ps_65.tif,ncih2170_antibiotics_ps_65.png,ncih2170_antibiotics_ps_65.tif,,/work/users/b/e/behnamie/ecDNA_Data/bioimage_archive/rgb/ncih2170_antibiotics_ps_65.tif,/work/users/b/e/behnamie/ecDNA_Data/bioimage_archive/dapi/ncih2170_antibiotics_ps_65.tif,/work/users/b/e/behnamie/ecDNA_Data/bioimage_archive/roi_mask/ncih2170_antibiotics_ps_65.png,/work/users/b/e/behnamie/ecDNA_Data/bioimage_archive/gt_image/ncih2170_antibiotics_ps_65.tif
ncih2170_antibiotics_ps_67,NCI-H2170,train,train,True,True,False,False,1,rgb/ncih2170_antibiotics_ps_67.tif,dapi/ncih2170_antibiotics_ps_67.tif,roi_mask/ncih2170_antibiotics_ps_67.png,gt_image/ncih2170_antibiotics_ps_67.tif,,153,154,True,True,True,True,ncih2170_antibiotics_ps_67.tif,ncih2170_antibiotics_ps_67.tif,ncih2170_antibiotics_ps_67.png,ncih2170_antibiotics_ps_67.tif,,/work/users/b/e/behnamie/ecDNA_Data/bioimage_archive/rgb/ncih2170_antibiotics_ps_67.tif,/work/users/b/e/behnamie/ecDNA_Data/bioimage_archive/dapi/ncih2170_antibiotics_ps_67.tif,/work/users/b/e/behnamie/ecDNA_Data/bioimage_archive/roi_mask/ncih2170_antibiotics_ps_67.png,/work/users/b/e/behnamie/ecDNA_Data/bioimage_archive/gt_image/ncih2170_antibiotics_ps_67.tif
ncih2170_antibiotics_ps_69,NCI-H2170,train,train,True,True,False,False,1,rgb/ncih2170_antibiotics_ps_69.tif,dapi/ncih2170_antibiotics_ps_69.tif,roi_mask/ncih2170_antibiotics_ps_69.png,gt_image/ncih2170_antibiotics_ps_69.tif,,190,192,True,True,True,True,ncih2170_antibiotics_ps_69.tif,ncih2170_antibiotics_ps_69.tif,ncih2170_antibiotics_ps_69.png,ncih2170_antibiotics_ps_69.tif,,/work/users/b/e/behnamie/ecDNA_Data/bioimage_archive/rgb/ncih2170_antibiotics_ps_69.tif,/work/users/b/e/behnamie/ecDNA_Data/bioimage_archive/dapi/ncih2170_antibiotics_ps_69.tif,/work/users/b/e/behnamie/ecDNA_Data/bioimage_archive/roi_mask/ncih2170_antibiotics_ps_69.png,/work/users/b/e/behnamie/ecDNA_Data/bioimage_archive/gt_image/ncih2170_antibiotics_ps_69.tif
ncih2170_antibiotics_ps_7,NCI-H2170,train,train,True,True,False,False,1,rgb/ncih2170_antibiotics_ps_7.tif,dapi/ncih2170_antibiotics_ps_7.tif,roi_mask/ncih2170_antibiotics_ps_7.png,gt_image/ncih2170_antibiotics_ps_7.tif,,191,191,True,True,True,True,ncih2170_antibiotics_ps_7.tif,ncih2170_antibiotics_ps_7.tif,ncih2170_antibiotics_ps_7.png,ncih2170_antibiotics_ps_7.tif,,/work/users/b/e/behnamie/ecDNA_Data/bioimage_archive/rgb/ncih2170_antibiotics_ps_7.tif,/work/users/b/e/behnamie/ecDNA_Data/bioimage_archive/dapi/ncih2170_antibiotics_ps_7.tif,/work/users/b/e/behnamie/ecDNA_Data/bioimage_archive/roi_mask/ncih2170_antibiotics_ps_7.png,/work/users/b/e/behnamie/ecDNA_Data/bioimage_archive/gt_image/ncih2170_antibiotics_ps_7.tif
ncih2170_antibiotics_ps_73,NCI-H2170,train,train,True,True,False,False,1,rgb/ncih2170_antibiotics_ps_73.tif,dapi/ncih2170_antibiotics_ps_73.tif,roi_mask/ncih2170_antibiotics_ps_73.png,gt_image/ncih2170_antibiotics_ps_73.tif,,370,370,True,True,True,True,ncih2170_antibiotics_ps_73.tif,ncih2170_antibiotics_ps_73.tif,ncih2170_antibiotics_ps_73.png,ncih2170_antibiotics_ps_73.tif,,/work/users/b/e/behnamie/ecDNA_Data/bioimage_archive/rgb/ncih2170_antibiotics_ps_73.tif,/work/users/b/e/behnamie/ecDNA_Data/bioimage_archive/dapi/ncih2170_antibiotics_ps_73.tif,/work/users/b/e/behnamie/ecDNA_Data/bioimage_archive/roi_mask/ncih2170_antibiotics_ps_73.png,/work/users/b/e/behnamie/ecDNA_Data/bioimage_archive/gt_image/ncih2170_antibiotics_ps_73.tif
ncih2170_antibiotics_ps_75,NCI-H2170,train,train,True,True,False,False,1,rgb/ncih2170_antibiotics_ps_75.tif,dapi/ncih2170_antibiotics_ps_75.tif,roi_mask/ncih2170_antibiotics_ps_75.png,gt_image/ncih2170_antibiotics_ps_75.tif,,88,88,True,True,True,True,ncih2170_antibiotics_ps_75.tif,ncih2170_antibiotics_ps_75.tif,ncih2170_antibiotics_ps_75.png,ncih2170_antibiotics_ps_75.tif,,/work/users/b/e/behnamie/ecDNA_Data/bioimage_archive/rgb/ncih2170_antibiotics_ps_75.tif,/work/users/b/e/behnamie/ecDNA_Data/bioimage_archive/dapi/ncih2170_antibiotics_ps_75.tif,/work/users/b/e/behnamie/ecDNA_Data/bioimage_archive/roi_mask/ncih2170_antibiotics_ps_75.png,/work/users/b/e/behnamie/ecDNA_Data/bioimage_archive/gt_image/ncih2170_antibiotics_ps_75.tif
ncih2170_antibiotics_ps_76,NCI-H2170,train,train,True,True,False,False,1,rgb/ncih2170_antibiotics_ps_76.tif,dapi/ncih2170_antibiotics_ps_76.tif,roi_mask/ncih2170_antibiotics_ps_76.png,gt_image/ncih2170_antibiotics_ps_76.tif,,209,209,True,True,True,True,ncih2170_antibiotics_ps_76.tif,ncih2170_antibiotics_ps_76.tif,ncih2170_antibiotics_ps_76.png,ncih2170_antibiotics_ps_76.tif,,/work/users/b/e/behnamie/ecDNA_Data/bioimage_archive/rgb/ncih2170_antibiotics_ps_76.tif,/work/users/b/e/behnamie/ecDNA_Data/bioimage_archive/dapi/ncih2170_antibiotics_ps_76.tif,/work/users/b/e/behnamie/ecDNA_Data/bioimage_archive/roi_mask/ncih2170_antibiotics_ps_76.png,/work/users/b/e/behnamie/ecDNA_Data/bioimage_archive/gt_image/ncih2170_antibiotics_ps_76.tif
ncih2170_antibiotics_ps_77,NCI-H2170,train,train,True,True,False,False,1,rgb/ncih2170_antibiotics_ps_77.tif,dapi/ncih2170_antibiotics_ps_77.tif,roi_mask/ncih2170_antibiotics_ps_77.png,gt_image/ncih2170_antibiotics_ps_77.tif,,264,287,True,True,True,True,ncih2170_antibiotics_ps_77.tif,ncih2170_antibiotics_ps_77.tif,ncih2170_antibiotics_ps_77.png,ncih2170_antibiotics_ps_77.tif,,/work/users/b/e/behnamie/ecDNA_Data/bioimage_archive/rgb/ncih2170_antibiotics_ps_77.tif,/work/users/b/e/behnamie/ecDNA_Data/bioimage_archive/dapi/ncih2170_antibiotics_ps_77.tif,/work/users/b/e/behnamie/ecDNA_Data/bioimage_archive/roi_mask/ncih2170_antibiotics_ps_77.png,/work/users/b/e/behnamie/ecDNA_Data/bioimage_archive/gt_image/ncih2170_antibiotics_ps_77.tif
ncih2170_antibiotics_ps_79,NCI-H2170,train,train,True,True,False,False,1,rgb/ncih2170_antibiotics_ps_79.tif,dapi/ncih2170_antibiotics_ps_79.tif,roi_mask/ncih2170_antibiotics_ps_79.png,gt_image/ncih2170_antibiotics_ps_79.tif,,505,543,True,True,True,True,ncih2170_antibiotics_ps_79.tif,ncih2170_antibiotics_ps_79.tif,ncih2170_antibiotics_ps_79.png,ncih2170_antibiotics_ps_79.tif,,/work/users/b/e/behnamie/ecDNA_Data/bioimage_archive/rgb/ncih2170_antibiotics_ps_79.tif,/work/users/b/e/behnamie/ecDNA_Data/bioimage_archive/dapi/ncih2170_antibiotics_ps_79.tif,/work/users/b/e/behnamie/ecDNA_Data/bioimage_archive/roi_mask/ncih2170_antibiotics_ps_79.png,/work/users/b/e/behnamie/ecDNA_Data/bioimage_archive/gt_image/ncih2170_antibiotics_ps_79.tif
ncih2170_antibiotics_ps_8,NCI-H2170,train,train,True,True,False,False,1,rgb/ncih2170_antibiotics_ps_8.tif,dapi/ncih2170_antibiotics_ps_8.tif,roi_mask/ncih2170_antibiotics_ps_8.png,gt_image/ncih2170_antibiotics_ps_8.tif,,69,69,True,True,True,True,ncih2170_antibiotics_ps_8.tif,ncih2170_antibiotics_ps_8.tif,ncih2170_antibiotics_ps_8.png,ncih2170_antibiotics_ps_8.tif,,/work/users/b/e/behnamie/ecDNA_Data/bioimage_archive/rgb/ncih2170_antibiotics_ps_8.tif,/work/users/b/e/behnamie/ecDNA_Data/bioimage_archive/dapi/ncih2170_antibiotics_ps_8.tif,/work/users/b/e/behnamie/ecDNA_Data/bioimage_archive/roi_mask/ncih2170_antibiotics_ps_8.png,/work/users/b/e/behnamie/ecDNA_Data/bioimage_archive/gt_image/ncih2170_antibiotics_ps_8.tif
ncih2170_antibiotics_ps_80,NCI-H2170,train,train,True,True,False,False,1,rgb/ncih2170_antibiotics_ps_80.tif,dapi/ncih2170_antibiotics_ps_80.tif,roi_mask/ncih2170_antibiotics_ps_80.png,gt_image/ncih2170_antibiotics_ps_80.tif,,286,287,True,True,True,True,ncih2170_antibiotics_ps_80.tif,ncih2170_antibiotics_ps_80.tif,ncih2170_antibiotics_ps_80.png,ncih2170_antibiotics_ps_80.tif,,/work/users/b/e/behnamie/ecDNA_Data/bioimage_archive/rgb/ncih2170_antibiotics_ps_80.tif,/work/users/b/e/behnamie/ecDNA_Data/bioimage_archive/dapi/ncih2170_antibiotics_ps_80.tif,/work/users/b/e/behnamie/ecDNA_Data/bioimage_archive/roi_mask/ncih2170_antibiotics_ps_80.png,/work/users/b/e/behnamie/ecDNA_Data/bioimage_archive/gt_image/ncih2170_antibiotics_ps_80.tif
ncih2170_antibiotics_ps_81,NCI-H2170,train,train,True,True,False,False,1,rgb/ncih2170_antibiotics_ps_81.tif,dapi/ncih2170_antibiotics_ps_81.tif,roi_mask/ncih2170_antibiotics_ps_81.png,gt_image/ncih2170_antibiotics_ps_81.tif,,462,467,True,True,True,True,ncih2170_antibiotics_ps_81.tif,ncih2170_antibiotics_ps_81.tif,ncih2170_antibiotics_ps_81.png,ncih2170_antibiotics_ps_81.tif,,/work/users/b/e/behnamie/ecDNA_Data/bioimage_archive/rgb/ncih2170_antibiotics_ps_81.tif,/work/users/b/e/behnamie/ecDNA_Data/bioimage_archive/dapi/ncih2170_antibiotics_ps_81.tif,/work/users/b/e/behnamie/ecDNA_Data/bioimage_archive/roi_mask/ncih2170_antibiotics_ps_81.png,/work/users/b/e/behnamie/ecDNA_Data/bioimage_archive/gt_image/ncih2170_antibiotics_ps_81.tif
ncih2170_antibiotics_ps_82,NCI-H2170,train,train,True,True,False,False,1,rgb/ncih2170_antibiotics_ps_82.tif,dapi/ncih2170_antibiotics_ps_82.tif,roi_mask/ncih2170_antibiotics_ps_82.png,gt_image/ncih2170_antibiotics_ps_82.tif,,125,125,True,True,True,True,ncih2170_antibiotics_ps_82.tif,ncih2170_antibiotics_ps_82.tif,ncih2170_antibiotics_ps_82.png,ncih2170_antibiotics_ps_82.tif,,/work/users/b/e/behnamie/ecDNA_Data/bioimage_archive/rgb/ncih2170_antibiotics_ps_82.tif,/work/users/b/e/behnamie/ecDNA_Data/bioimage_archive/dapi/ncih2170_antibiotics_ps_82.tif,/work/users/b/e/behnamie/ecDNA_Data/bioimage_archive/roi_mask/ncih2170_antibiotics_ps_82.png,/work/users/b/e/behnamie/ecDNA_Data/bioimage_archive/gt_image/ncih2170_antibiotics_ps_82.tif
ncih2170_antibiotics_ps_83,NCI-H2170,train,train,True,True,False,False,1,rgb/ncih2170_antibiotics_ps_83.tif,dapi/ncih2170_antibiotics_ps_83.tif,roi_mask/ncih2170_antibiotics_ps_83.png,gt_image/ncih2170_antibiotics_ps_83.tif,,126,126,True,True,True,True,ncih2170_antibiotics_ps_83.tif,ncih2170_antibiotics_ps_83.tif,ncih2170_antibiotics_ps_83.png,ncih2170_antibiotics_ps_83.tif,,/work/users/b/e/behnamie/ecDNA_Data/bioimage_archive/rgb/ncih2170_antibiotics_ps_83.tif,/work/users/b/e/behnamie/ecDNA_Data/bioimage_archive/dapi/ncih2170_antibiotics_ps_83.tif,/work/users/b/e/behnamie/ecDNA_Data/bioimage_archive/roi_mask/ncih2170_antibiotics_ps_83.png,/work/users/b/e/behnamie/ecDNA_Data/bioimage_archive/gt_image/ncih2170_antibiotics_ps_83.tif
ncih2170_antibiotics_ps_85,NCI-H2170,train,train,True,True,False,False,1,rgb/ncih2170_antibiotics_ps_85.tif,dapi/ncih2170_antibiotics_ps_85.tif,roi_mask/ncih2170_antibiotics_ps_85.png,gt_image/ncih2170_antibiotics_ps_85.tif,,181,181,True,True,True,True,ncih2170_antibiotics_ps_85.tif,ncih2170_antibiotics_ps_85.tif,ncih2170_antibiotics_ps_85.png,ncih2170_antibiotics_ps_85.tif,,/work/users/b/e/behnamie/ecDNA_Data/bioimage_archive/rgb/ncih2170_antibiotics_ps_85.tif,/work/users/b/e/behnamie/ecDNA_Data/bioimage_archive/dapi/ncih2170_antibiotics_ps_85.tif,/work/users/b/e/behnamie/ecDNA_Data/bioimage_archive/roi_mask/ncih2170_antibiotics_ps_85.png,/work/users/b/e/behnamie/ecDNA_Data/bioimage_archive/gt_image/ncih2170_antibiotics_ps_85.tif
ncih2170_antibiotics_ps_86,NCI-H2170,train,train,True,True,False,False,1,rgb/ncih2170_antibiotics_ps_86.tif,dapi/ncih2170_antibiotics_ps_86.tif,roi_mask/ncih2170_antibiotics_ps_86.png,gt_image/ncih2170_antibiotics_ps_86.tif,,119,119,True,True,True,True,ncih2170_antibiotics_ps_86.tif,ncih2170_antibiotics_ps_86.tif,ncih2170_antibiotics_ps_86.png,ncih2170_antibiotics_ps_86.tif,,/work/users/b/e/behnamie/ecDNA_Data/bioimage_archive/rgb/ncih2170_antibiotics_ps_86.tif,/work/users/b/e/behnamie/ecDNA_Data/bioimage_archive/dapi/ncih2170_antibiotics_ps_86.tif,/work/users/b/e/behnamie/ecDNA_Data/bioimage_archive/roi_mask/ncih2170_antibiotics_ps_86.png,/work/users/b/e/behnamie/ecDNA_Data/bioimage_archive/gt_image/ncih2170_antibiotics_ps_86.tif
ncih2170_antibiotics_ps_87,NCI-H2170,train,train,True,True,False,False,1,rgb/ncih2170_antibiotics_ps_87.tif,dapi/ncih2170_antibiotics_ps_87.tif,roi_mask/ncih2170_antibiotics_ps_87.png,gt_image/ncih2170_antibiotics_ps_87.tif,,150,152,True,True,True,True,ncih2170_antibiotics_ps_87.tif,ncih2170_antibiotics_ps_87.tif,ncih2170_antibiotics_ps_87.png,ncih2170_antibiotics_ps_87.tif,,/work/users/b/e/behnamie/ecDNA_Data/bioimage_archive/rgb/ncih2170_antibiotics_ps_87.tif,/work/users/b/e/behnamie/ecDNA_Data/bioimage_archive/dapi/ncih2170_antibiotics_ps_87.tif,/work/users/b/e/behnamie/ecDNA_Data/bioimage_archive/roi_mask/ncih2170_antibiotics_ps_87.png,/work/users/b/e/behnamie/ecDNA_Data/bioimage_archive/gt_image/ncih2170_antibiotics_ps_87.tif
ncih2170_antibiotics_ps_88,NCI-H2170,train,train,True,True,False,False,1,rgb/ncih2170_antibiotics_ps_88.tif,dapi/ncih2170_antibiotics_ps_88.tif,roi_mask/ncih2170_antibiotics_ps_88.png,gt_image/ncih2170_antibiotics_ps_88.tif,,425,431,True,True,True,True,ncih2170_antibiotics_ps_88.tif,ncih2170_antibiotics_ps_88.tif,ncih2170_antibiotics_ps_88.png,ncih2170_antibiotics_ps_88.tif,,/work/users/b/e/behnamie/ecDNA_Data/bioimage_archive/rgb/ncih2170_antibiotics_ps_88.tif,/work/users/b/e/behnamie/ecDNA_Data/bioimage_archive/dapi/ncih2170_antibiotics_ps_88.tif,/work/users/b/e/behnamie/ecDNA_Data/bioimage_archive/roi_mask/ncih2170_antibiotics_ps_88.png,/work/users/b/e/behnamie/ecDNA_Data/bioimage_archive/gt_image/ncih2170_antibiotics_ps_88.tif
ncih2170_antibiotics_ps_89,NCI-H2170,train,train,True,True,False,False,1,rgb/ncih2170_antibiotics_ps_89.tif,dapi/ncih2170_antibiotics_ps_89.tif,roi_mask/ncih2170_antibiotics_ps_89.png,gt_image/ncih2170_antibiotics_ps_89.tif,,117,117,True,True,True,True,ncih2170_antibiotics_ps_89.tif,ncih2170_antibiotics_ps_89.tif,ncih2170_antibiotics_ps_89.png,ncih2170_antibiotics_ps_89.tif,,/work/users/b/e/behnamie/ecDNA_Data/bioimage_archive/rgb/ncih2170_antibiotics_ps_89.tif,/work/users/b/e/behnamie/ecDNA_Data/bioimage_archive/dapi/ncih2170_antibiotics_ps_89.tif,/work/users/b/e/behnamie/ecDNA_Data/bioimage_archive/roi_mask/ncih2170_antibiotics_ps_89.png,/work/users/b/e/behnamie/ecDNA_Data/bioimage_archive/gt_image/ncih2170_antibiotics_ps_89.tif
ncih2170_antibiotics_ps_9,NCI-H2170,train,train,True,True,False,False,1,rgb/ncih2170_antibiotics_ps_9.tif,dapi/ncih2170_antibiotics_ps_9.tif,roi_mask/ncih2170_antibiotics_ps_9.png,gt_image/ncih2170_antibiotics_ps_9.tif,,243,251,True,True,True,True,ncih2170_antibiotics_ps_9.tif,ncih2170_antibiotics_ps_9.tif,ncih2170_antibiotics_ps_9.png,ncih2170_antibiotics_ps_9.tif,,/work/users/b/e/behnamie/ecDNA_Data/bioimage_archive/rgb/ncih2170_antibiotics_ps_9.tif,/work/users/b/e/behnamie/ecDNA_Data/bioimage_archive/dapi/ncih2170_antibiotics_ps_9.tif,/work/users/b/e/behnamie/ecDNA_Data/bioimage_archive/roi_mask/ncih2170_antibiotics_ps_9.png,/work/users/b/e/behnamie/ecDNA_Data/bioimage_archive/gt_image/ncih2170_antibiotics_ps_9.tif
ncih2170_antibiotics_ps_94,NCI-H2170,train,train,True,True,False,False,1,rgb/ncih2170_antibiotics_ps_94.tif,dapi/ncih2170_antibiotics_ps_94.tif,roi_mask/ncih2170_antibiotics_ps_94.png,gt_image/ncih2170_antibiotics_ps_94.tif,,147,148,True,True,True,True,ncih2170_antibiotics_ps_94.tif,ncih2170_antibiotics_ps_94.tif,ncih2170_antibiotics_ps_94.png,ncih2170_antibiotics_ps_94.tif,,/work/users/b/e/behnamie/ecDNA_Data/bioimage_archive/rgb/ncih2170_antibiotics_ps_94.tif,/work/users/b/e/behnamie/ecDNA_Data/bioimage_archive/dapi/ncih2170_antibiotics_ps_94.tif,/work/users/b/e/behnamie/ecDNA_Data/bioimage_archive/roi_mask/ncih2170_antibiotics_ps_94.png,/work/users/b/e/behnamie/ecDNA_Data/bioimage_archive/gt_image/ncih2170_antibiotics_ps_94.tif
ncih2170_antibiotics_ps_95,NCI-H2170,train,train,True,True,False,False,1,rgb/ncih2170_antibiotics_ps_95.tif,dapi/ncih2170_antibiotics_ps_95.tif,roi_mask/ncih2170_antibiotics_ps_95.png,gt_image/ncih2170_antibiotics_ps_95.tif,,350,353,True,True,True,True,ncih2170_antibiotics_ps_95.tif,ncih2170_antibiotics_ps_95.tif,ncih2170_antibiotics_ps_95.png,ncih2170_antibiotics_ps_95.tif,,/work/users/b/e/behnamie/ecDNA_Data/bioimage_archive/rgb/ncih2170_antibiotics_ps_95.tif,/work/users/b/e/behnamie/ecDNA_Data/bioimage_archive/dapi/ncih2170_antibiotics_ps_95.tif,/work/users/b/e/behnamie/ecDNA_Data/bioimage_archive/roi_mask/ncih2170_antibiotics_ps_95.png,/work/users/b/e/behnamie/ecDNA_Data/bioimage_archive/gt_image/ncih2170_antibiotics_ps_95.tif
ncih2170_antibiotics_ps_97,NCI-H2170,train,train,True,True,False,False,1,rgb/ncih2170_antibiotics_ps_97.tif,dapi/ncih2170_antibiotics_ps_97.tif,roi_mask/ncih2170_antibiotics_ps_97.png,gt_image/ncih2170_antibiotics_ps_97.tif,,136,136,True,True,True,True,ncih2170_antibiotics_ps_97.tif,ncih2170_antibiotics_ps_97.tif,ncih2170_antibiotics_ps_97.png,ncih2170_antibiotics_ps_97.tif,,/work/users/b/e/behnamie/ecDNA_Data/bioimage_archive/rgb/ncih2170_antibiotics_ps_97.tif,/work/users/b/e/behnamie/ecDNA_Data/bioimage_archive/dapi/ncih2170_antibiotics_ps_97.tif,/work/users/b/e/behnamie/ecDNA_Data/bioimage_archive/roi_mask/ncih2170_antibiotics_ps_97.png,/work/users/b/e/behnamie/ecDNA_Data/bioimage_archive/gt_image/ncih2170_antibiotics_ps_97.tif
ncih2170_antibiotics_ps_98_a,NCI-H2170,train,train,True,True,False,False,1,rgb/ncih2170_antibiotics_ps_98_a.tif,dapi/ncih2170_antibiotics_ps_98_a.tif,roi_mask/ncih2170_antibiotics_ps_98_a.png,gt_image/ncih2170_antibiotics_ps_98_a.tif,,98,98,True,True,True,True,ncih2170_antibiotics_ps_98_a.tif,ncih2170_antibiotics_ps_98_a.tif,ncih2170_antibiotics_ps_98_a.png,ncih2170_antibiotics_ps_98_a.tif,,/work/users/b/e/behnamie/ecDNA_Data/bioimage_archive/rgb/ncih2170_antibiotics_ps_98_a.tif,/work/users/b/e/behnamie/ecDNA_Data/bioimage_archive/dapi/ncih2170_antibiotics_ps_98_a.tif,/work/users/b/e/behnamie/ecDNA_Data/bioimage_archive/roi_mask/ncih2170_antibiotics_ps_98_a.png,/work/users/b/e/behnamie/ecDNA_Data/bioimage_archive/gt_image/ncih2170_antibiotics_ps_98_a.tif
ncih2170_antibiotics_ps_98_b,NCI-H2170,train,train,True,True,False,False,1,rgb/ncih2170_antibiotics_ps_98_b.tif,dapi/ncih2170_antibiotics_ps_98_b.tif,roi_mask/ncih2170_antibiotics_ps_98_b.png,gt_image/ncih2170_antibiotics_ps_98_b.tif,,229,302,True,True,True,True,ncih2170_antibiotics_ps_98_b.tif,ncih2170_antibiotics_ps_98_b.tif,ncih2170_antibiotics_ps_98_b.png,ncih2170_antibiotics_ps_98_b.tif,,/work/users/b/e/behnamie/ecDNA_Data/bioimage_archive/rgb/ncih2170_antibiotics_ps_98_b.tif,/work/users/b/e/behnamie/ecDNA_Data/bioimage_archive/dapi/ncih2170_antibiotics_ps_98_b.tif,/work/users/b/e/behnamie/ecDNA_Data/bioimage_archive/roi_mask/ncih2170_antibiotics_ps_98_b.png,/work/users/b/e/behnamie/ecDNA_Data/bioimage_archive/gt_image/ncih2170_antibiotics_ps_98_b.tif
ncih2170_antibiotics_ps_g_100,NCI-H2170,train,train,True,True,False,False,1,rgb/ncih2170_antibiotics_ps_g_100.tif,dapi/ncih2170_antibiotics_ps_g_100.tif,roi_mask/ncih2170_antibiotics_ps_g_100.png,gt_image/ncih2170_antibiotics_ps_g_100.tif,,274,274,True,True,True,True,ncih2170_antibiotics_ps_g_100.tif,ncih2170_antibiotics_ps_g_100.tif,ncih2170_antibiotics_ps_g_100.png,ncih2170_antibiotics_ps_g_100.tif,,/work/users/b/e/behnamie/ecDNA_Data/bioimage_archive/rgb/ncih2170_antibiotics_ps_g_100.tif,/work/users/b/e/behnamie/ecDNA_Data/bioimage_archive/dapi/ncih2170_antibiotics_ps_g_100.tif,/work/users/b/e/behnamie/ecDNA_Data/bioimage_archive/roi_mask/ncih2170_antibiotics_ps_g_100.png,/work/users/b/e/behnamie/ecDNA_Data/bioimage_archive/gt_image/ncih2170_antibiotics_ps_g_100.tif
ncih2170_antibiotics_ps_g_101,NCI-H2170,train,train,True,True,False,False,1,rgb/ncih2170_antibiotics_ps_g_101.tif,dapi/ncih2170_antibiotics_ps_g_101.tif,roi_mask/ncih2170_antibiotics_ps_g_101.png,gt_image/ncih2170_antibiotics_ps_g_101.tif,,93,93,True,True,True,True,ncih2170_antibiotics_ps_g_101.tif,ncih2170_antibiotics_ps_g_101.tif,ncih2170_antibiotics_ps_g_101.png,ncih2170_antibiotics_ps_g_101.tif,,/work/users/b/e/behnamie/ecDNA_Data/bioimage_archive/rgb/ncih2170_antibiotics_ps_g_101.tif,/work/users/b/e/behnamie/ecDNA_Data/bioimage_archive/dapi/ncih2170_antibiotics_ps_g_101.tif,/work/users/b/e/behnamie/ecDNA_Data/bioimage_archive/roi_mask/ncih2170_antibiotics_ps_g_101.png,/work/users/b/e/behnamie/ecDNA_Data/bioimage_archive/gt_image/ncih2170_antibiotics_ps_g_101.tif
ncih2170_antibiotics_ps_g_103,NCI-H2170,train,train,True,True,False,False,1,rgb/ncih2170_antibiotics_ps_g_103.tif,dapi/ncih2170_antibiotics_ps_g_103.tif,roi_mask/ncih2170_antibiotics_ps_g_103.png,gt_image/ncih2170_antibiotics_ps_g_103.tif,,801,804,True,True,True,True,ncih2170_antibiotics_ps_g_103.tif,ncih2170_antibiotics_ps_g_103.tif,ncih2170_antibiotics_ps_g_103.png,ncih2170_antibiotics_ps_g_103.tif,,/work/users/b/e/behnamie/ecDNA_Data/bioimage_archive/rgb/ncih2170_antibiotics_ps_g_103.tif,/work/users/b/e/behnamie/ecDNA_Data/bioimage_archive/dapi/ncih2170_antibiotics_ps_g_103.tif,/work/users/b/e/behnamie/ecDNA_Data/bioimage_archive/roi_mask/ncih2170_antibiotics_ps_g_103.png,/work/users/b/e/behnamie/ecDNA_Data/bioimage_archive/gt_image/ncih2170_antibiotics_ps_g_103.tif
ncih2170_antibiotics_ps_g_106,NCI-H2170,train,train,True,True,False,False,1,rgb/ncih2170_antibiotics_ps_g_106.tif,dapi/ncih2170_antibiotics_ps_g_106.tif,roi_mask/ncih2170_antibiotics_ps_g_106.png,gt_image/ncih2170_antibiotics_ps_g_106.tif,,246,246,True,True,True,True,ncih2170_antibiotics_ps_g_106.tif,ncih2170_antibiotics_ps_g_106.tif,ncih2170_antibiotics_ps_g_106.png,ncih2170_antibiotics_ps_g_106.tif,,/work/users/b/e/behnamie/ecDNA_Data/bioimage_archive/rgb/ncih2170_antibiotics_ps_g_106.tif,/work/users/b/e/behnamie/ecDNA_Data/bioimage_archive/dapi/ncih2170_antibiotics_ps_g_106.tif,/work/users/b/e/behnamie/ecDNA_Data/bioimage_archive/roi_mask/ncih2170_antibiotics_ps_g_106.png,/work/users/b/e/behnamie/ecDNA_Data/bioimage_archive/gt_image/ncih2170_antibiotics_ps_g_106.tif
ncih2170_antibiotics_ps_g_108,NCI-H2170,train,train,True,True,False,False,1,rgb/ncih2170_antibiotics_ps_g_108.tif,dapi/ncih2170_antibiotics_ps_g_108.tif,roi_mask/ncih2170_antibiotics_ps_g_108.png,gt_image/ncih2170_antibiotics_ps_g_108.tif,,83,83,True,True,True,True,ncih2170_antibiotics_ps_g_108.tif,ncih2170_antibiotics_ps_g_108.tif,ncih2170_antibiotics_ps_g_108.png,ncih2170_antibiotics_ps_g_108.tif,,/work/users/b/e/behnamie/ecDNA_Data/bioimage_archive/rgb/ncih2170_antibiotics_ps_g_108.tif,/work/users/b/e/behnamie/ecDNA_Data/bioimage_archive/dapi/ncih2170_antibiotics_ps_g_108.tif,/work/users/b/e/behnamie/ecDNA_Data/bioimage_archive/roi_mask/ncih2170_antibiotics_ps_g_108.png,/work/users/b/e/behnamie/ecDNA_Data/bioimage_archive/gt_image/ncih2170_antibiotics_ps_g_108.tif
ncih2170_antibiotics_ps_g_110,NCI-H2170,train,train,True,True,False,False,1,rgb/ncih2170_antibiotics_ps_g_110.tif,dapi/ncih2170_antibiotics_ps_g_110.tif,roi_mask/ncih2170_antibiotics_ps_g_110.png,gt_image/ncih2170_antibiotics_ps_g_110.tif,,66,66,True,True,True,True,ncih2170_antibiotics_ps_g_110.tif,ncih2170_antibiotics_ps_g_110.tif,ncih2170_antibiotics_ps_g_110.png,ncih2170_antibiotics_ps_g_110.tif,,/work/users/b/e/behnamie/ecDNA_Data/bioimage_archive/rgb/ncih2170_antibiotics_ps_g_110.tif,/work/users/b/e/behnamie/ecDNA_Data/bioimage_archive/dapi/ncih2170_antibiotics_ps_g_110.tif,/work/users/b/e/behnamie/ecDNA_Data/bioimage_archive/roi_mask/ncih2170_antibiotics_ps_g_110.png,/work/users/b/e/behnamie/ecDNA_Data/bioimage_archive/gt_image/ncih2170_antibiotics_ps_g_110.tif
ncih2170_antibiotics_ps_g_111,NCI-H2170,train,train,True,True,False,False,1,rgb/ncih2170_antibiotics_ps_g_111.tif,dapi/ncih2170_antibiotics_ps_g_111.tif,roi_mask/ncih2170_antibiotics_ps_g_111.png,gt_image/ncih2170_antibiotics_ps_g_111.tif,,152,152,True,True,True,True,ncih2170_antibiotics_ps_g_111.tif,ncih2170_antibiotics_ps_g_111.tif,ncih2170_antibiotics_ps_g_111.png,ncih2170_antibiotics_ps_g_111.tif,,/work/users/b/e/behnamie/ecDNA_Data/bioimage_archive/rgb/ncih2170_antibiotics_ps_g_111.tif,/work/users/b/e/behnamie/ecDNA_Data/bioimage_archive/dapi/ncih2170_antibiotics_ps_g_111.tif,/work/users/b/e/behnamie/ecDNA_Data/bioimage_archive/roi_mask/ncih2170_antibiotics_ps_g_111.png,/work/users/b/e/behnamie/ecDNA_Data/bioimage_archive/gt_image/ncih2170_antibiotics_ps_g_111.tif
ncih2170_antibiotics_ps_g_112,NCI-H2170,train,train,True,True,False,False,1,rgb/ncih2170_antibiotics_ps_g_112.tif,dapi/ncih2170_antibiotics_ps_g_112.tif,roi_mask/ncih2170_antibiotics_ps_g_112.png,gt_image/ncih2170_antibiotics_ps_g_112.tif,,184,184,True,True,True,True,ncih2170_antibiotics_ps_g_112.tif,ncih2170_antibiotics_ps_g_112.tif,ncih2170_antibiotics_ps_g_112.png,ncih2170_antibiotics_ps_g_112.tif,,/work/users/b/e/behnamie/ecDNA_Data/bioimage_archive/rgb/ncih2170_antibiotics_ps_g_112.tif,/work/users/b/e/behnamie/ecDNA_Data/bioimage_archive/dapi/ncih2170_antibiotics_ps_g_112.tif,/work/users/b/e/behnamie/ecDNA_Data/bioimage_archive/roi_mask/ncih2170_antibiotics_ps_g_112.png,/work/users/b/e/behnamie/ecDNA_Data/bioimage_archive/gt_image/ncih2170_antibiotics_ps_g_112.tif
ncih2170_antibiotics_ps_g_116,NCI-H2170,train,train,True,True,False,False,1,rgb/ncih2170_antibiotics_ps_g_116.tif,dapi/ncih2170_antibiotics_ps_g_116.tif,roi_mask/ncih2170_antibiotics_ps_g_116.png,gt_image/ncih2170_antibiotics_ps_g_116.tif,,107,108,True,True,True,True,ncih2170_antibiotics_ps_g_116.tif,ncih2170_antibiotics_ps_g_116.tif,ncih2170_antibiotics_ps_g_116.png,ncih2170_antibiotics_ps_g_116.tif,,/work/users/b/e/behnamie/ecDNA_Data/bioimage_archive/rgb/ncih2170_antibiotics_ps_g_116.tif,/work/users/b/e/behnamie/ecDNA_Data/bioimage_archive/dapi/ncih2170_antibiotics_ps_g_116.tif,/work/users/b/e/behnamie/ecDNA_Data/bioimage_archive/roi_mask/ncih2170_antibiotics_ps_g_116.png,/work/users/b/e/behnamie/ecDNA_Data/bioimage_archive/gt_image/ncih2170_antibiotics_ps_g_116.tif
ncih2170_antibiotics_ps_g_37,NCI-H2170,train,train,True,True,False,False,1,rgb/ncih2170_antibiotics_ps_g_37.tif,dapi/ncih2170_antibiotics_ps_g_37.tif,roi_mask/ncih2170_antibiotics_ps_g_37.png,gt_image/ncih2170_antibiotics_ps_g_37.tif,,283,283,True,True,True,True,ncih2170_antibiotics_ps_g_37.tif,ncih2170_antibiotics_ps_g_37.tif,ncih2170_antibiotics_ps_g_37.png,ncih2170_antibiotics_ps_g_37.tif,,/work/users/b/e/behnamie/ecDNA_Data/bioimage_archive/rgb/ncih2170_antibiotics_ps_g_37.tif,/work/users/b/e/behnamie/ecDNA_Data/bioimage_archive/dapi/ncih2170_antibiotics_ps_g_37.tif,/work/users/b/e/behnamie/ecDNA_Data/bioimage_archive/roi_mask/ncih2170_antibiotics_ps_g_37.png,/work/users/b/e/behnamie/ecDNA_Data/bioimage_archive/gt_image/ncih2170_antibiotics_ps_g_37.tif
ncih2170_antibiotics_ps_g_40,NCI-H2170,train,train,True,True,False,False,1,rgb/ncih2170_antibiotics_ps_g_40.tif,dapi/ncih2170_antibiotics_ps_g_40.tif,roi_mask/ncih2170_antibiotics_ps_g_40.png,gt_image/ncih2170_antibiotics_ps_g_40.tif,,98,98,True,True,True,True,ncih2170_antibiotics_ps_g_40.tif,ncih2170_antibiotics_ps_g_40.tif,ncih2170_antibiotics_ps_g_40.png,ncih2170_antibiotics_ps_g_40.tif,,/work/users/b/e/behnamie/ecDNA_Data/bioimage_archive/rgb/ncih2170_antibiotics_ps_g_40.tif,/work/users/b/e/behnamie/ecDNA_Data/bioimage_archive/dapi/ncih2170_antibiotics_ps_g_40.tif,/work/users/b/e/behnamie/ecDNA_Data/bioimage_archive/roi_mask/ncih2170_antibiotics_ps_g_40.png,/work/users/b/e/behnamie/ecDNA_Data/bioimage_archive/gt_image/ncih2170_antibiotics_ps_g_40.tif
ncih2170_antibiotics_ps_g_43,NCI-H2170,train,train,True,True,False,False,1,rgb/ncih2170_antibiotics_ps_g_43.tif,dapi/ncih2170_antibiotics_ps_g_43.tif,roi_mask/ncih2170_antibiotics_ps_g_43.png,gt_image/ncih2170_antibiotics_ps_g_43.tif,,491,496,True,True,True,True,ncih2170_antibiotics_ps_g_43.tif,ncih2170_antibiotics_ps_g_43.tif,ncih2170_antibiotics_ps_g_43.png,ncih2170_antibiotics_ps_g_43.tif,,/work/users/b/e/behnamie/ecDNA_Data/bioimage_archive/rgb/ncih2170_antibiotics_ps_g_43.tif,/work/users/b/e/behnamie/ecDNA_Data/bioimage_archive/dapi/ncih2170_antibiotics_ps_g_43.tif,/work/users/b/e/behnamie/ecDNA_Data/bioimage_archive/roi_mask/ncih2170_antibiotics_ps_g_43.png,/work/users/b/e/behnamie/ecDNA_Data/bioimage_archive/gt_image/ncih2170_antibiotics_ps_g_43.tif
ncih2170_antibiotics_ps_g_46,NCI-H2170,train,train,True,True,False,False,1,rgb/ncih2170_antibiotics_ps_g_46.tif,dapi/ncih2170_antibiotics_ps_g_46.tif,roi_mask/ncih2170_antibiotics_ps_g_46.png,gt_image/ncih2170_antibiotics_ps_g_46.tif,,148,149,True,True,True,True,ncih2170_antibiotics_ps_g_46.tif,ncih2170_antibiotics_ps_g_46.tif,ncih2170_antibiotics_ps_g_46.png,ncih2170_antibiotics_ps_g_46.tif,,/work/users/b/e/behnamie/ecDNA_Data/bioimage_archive/rgb/ncih2170_antibiotics_ps_g_46.tif,/work/users/b/e/behnamie/ecDNA_Data/bioimage_archive/dapi/ncih2170_antibiotics_ps_g_46.tif,/work/users/b/e/behnamie/ecDNA_Data/bioimage_archive/roi_mask/ncih2170_antibiotics_ps_g_46.png,/work/users/b/e/behnamie/ecDNA_Data/bioimage_archive/gt_image/ncih2170_antibiotics_ps_g_46.tif
ncih2170_antibiotics_ps_g_47,NCI-H2170,train,train,True,True,False,False,1,rgb/ncih2170_antibiotics_ps_g_47.tif,dapi/ncih2170_antibiotics_ps_g_47.tif,roi_mask/ncih2170_antibiotics_ps_g_47.png,gt_image/ncih2170_antibiotics_ps_g_47.tif,,506,513,True,True,True,True,ncih2170_antibiotics_ps_g_47.tif,ncih2170_antibiotics_ps_g_47.tif,ncih2170_antibiotics_ps_g_47.png,ncih2170_antibiotics_ps_g_47.tif,,/work/users/b/e/behnamie/ecDNA_Data/bioimage_archive/rgb/ncih2170_antibiotics_ps_g_47.tif,/work/users/b/e/behnamie/ecDNA_Data/bioimage_archive/dapi/ncih2170_antibiotics_ps_g_47.tif,/work/users/b/e/behnamie/ecDNA_Data/bioimage_archive/roi_mask/ncih2170_antibiotics_ps_g_47.png,/work/users/b/e/behnamie/ecDNA_Data/bioimage_archive/gt_image/ncih2170_antibiotics_ps_g_47.tif
ncih2170_antibiotics_ps_g_48,NCI-H2170,train,train,True,True,False,False,1,rgb/ncih2170_antibiotics_ps_g_48.tif,dapi/ncih2170_antibiotics_ps_g_48.tif,roi_mask/ncih2170_antibiotics_ps_g_48.png,gt_image/ncih2170_antibiotics_ps_g_48.tif,,362,363,True,True,True,True,ncih2170_antibiotics_ps_g_48.tif,ncih2170_antibiotics_ps_g_48.tif,ncih2170_antibiotics_ps_g_48.png,ncih2170_antibiotics_ps_g_48.tif,,/work/users/b/e/behnamie/ecDNA_Data/bioimage_archive/rgb/ncih2170_antibiotics_ps_g_48.tif,/work/users/b/e/behnamie/ecDNA_Data/bioimage_archive/dapi/ncih2170_antibiotics_ps_g_48.tif,/work/users/b/e/behnamie/ecDNA_Data/bioimage_archive/roi_mask/ncih2170_antibiotics_ps_g_48.png,/work/users/b/e/behnamie/ecDNA_Data/bioimage_archive/gt_image/ncih2170_antibiotics_ps_g_48.tif
ncih2170_antibiotics_ps_g_49,NCI-H2170,train,train,True,True,False,False,1,rgb/ncih2170_antibiotics_ps_g_49.tif,dapi/ncih2170_antibiotics_ps_g_49.tif,roi_mask/ncih2170_antibiotics_ps_g_49.png,gt_image/ncih2170_antibiotics_ps_g_49.tif,,446,449,True,True,True,True,ncih2170_antibiotics_ps_g_49.tif,ncih2170_antibiotics_ps_g_49.tif,ncih2170_antibiotics_ps_g_49.png,ncih2170_antibiotics_ps_g_49.tif,,/work/users/b/e/behnamie/ecDNA_Data/bioimage_archive/rgb/ncih2170_antibiotics_ps_g_49.tif,/work/users/b/e/behnamie/ecDNA_Data/bioimage_archive/dapi/ncih2170_antibiotics_ps_g_49.tif,/work/users/b/e/behnamie/ecDNA_Data/bioimage_archive/roi_mask/ncih2170_antibiotics_ps_g_49.png,/work/users/b/e/behnamie/ecDNA_Data/bioimage_archive/gt_image/ncih2170_antibiotics_ps_g_49.tif
ncih2170_antibiotics_ps_g_50,NCI-H2170,train,train,True,True,False,False,1,rgb/ncih2170_antibiotics_ps_g_50.tif,dapi/ncih2170_antibiotics_ps_g_50.tif,roi_mask/ncih2170_antibiotics_ps_g_50.png,gt_image/ncih2170_antibiotics_ps_g_50.tif,,285,285,True,True,True,True,ncih2170_antibiotics_ps_g_50.tif,ncih2170_antibiotics_ps_g_50.tif,ncih2170_antibiotics_ps_g_50.png,ncih2170_antibiotics_ps_g_50.tif,,/work/users/b/e/behnamie/ecDNA_Data/bioimage_archive/rgb/ncih2170_antibiotics_ps_g_50.tif,/work/users/b/e/behnamie/ecDNA_Data/bioimage_archive/dapi/ncih2170_antibiotics_ps_g_50.tif,/work/users/b/e/behnamie/ecDNA_Data/bioimage_archive/roi_mask/ncih2170_antibiotics_ps_g_50.png,/work/users/b/e/behnamie/ecDNA_Data/bioimage_archive/gt_image/ncih2170_antibiotics_ps_g_50.tif
ncih2170_antibiotics_ps_g_55,NCI-H2170,train,train,True,True,False,False,1,rgb/ncih2170_antibiotics_ps_g_55.tif,dapi/ncih2170_antibiotics_ps_g_55.tif,roi_mask/ncih2170_antibiotics_ps_g_55.png,gt_image/ncih2170_antibiotics_ps_g_55.tif,,375,375,True,True,True,True,ncih2170_antibiotics_ps_g_55.tif,ncih2170_antibiotics_ps_g_55.tif,ncih2170_antibiotics_ps_g_55.png,ncih2170_antibiotics_ps_g_55.tif,,/work/users/b/e/behnamie/ecDNA_Data/bioimage_archive/rgb/ncih2170_antibiotics_ps_g_55.tif,/work/users/b/e/behnamie/ecDNA_Data/bioimage_archive/dapi/ncih2170_antibiotics_ps_g_55.tif,/work/users/b/e/behnamie/ecDNA_Data/bioimage_archive/roi_mask/ncih2170_antibiotics_ps_g_55.png,/work/users/b/e/behnamie/ecDNA_Data/bioimage_archive/gt_image/ncih2170_antibiotics_ps_g_55.tif
ncih2170_antibiotics_ps_g_60,NCI-H2170,train,train,True,True,False,False,1,rgb/ncih2170_antibiotics_ps_g_60.tif,dapi/ncih2170_antibiotics_ps_g_60.tif,roi_mask/ncih2170_antibiotics_ps_g_60.png,gt_image/ncih2170_antibiotics_ps_g_60.tif,,76,76,True,True,True,True,ncih2170_antibiotics_ps_g_60.tif,ncih2170_antibiotics_ps_g_60.tif,ncih2170_antibiotics_ps_g_60.png,ncih2170_antibiotics_ps_g_60.tif,,/work/users/b/e/behnamie/ecDNA_Data/bioimage_archive/rgb/ncih2170_antibiotics_ps_g_60.tif,/work/users/b/e/behnamie/ecDNA_Data/bioimage_archive/dapi/ncih2170_antibiotics_ps_g_60.tif,/work/users/b/e/behnamie/ecDNA_Data/bioimage_archive/roi_mask/ncih2170_antibiotics_ps_g_60.png,/work/users/b/e/behnamie/ecDNA_Data/bioimage_archive/gt_image/ncih2170_antibiotics_ps_g_60.tif
ncih2170_antibiotics_ps_g_61,NCI-H2170,train,train,True,True,False,False,1,rgb/ncih2170_antibiotics_ps_g_61.tif,dapi/ncih2170_antibiotics_ps_g_61.tif,roi_mask/ncih2170_antibiotics_ps_g_61.png,gt_image/ncih2170_antibiotics_ps_g_61.tif,,181,181,True,True,True,True,ncih2170_antibiotics_ps_g_61.tif,ncih2170_antibiotics_ps_g_61.tif,ncih2170_antibiotics_ps_g_61.png,ncih2170_antibiotics_ps_g_61.tif,,/work/users/b/e/behnamie/ecDNA_Data/bioimage_archive/rgb/ncih2170_antibiotics_ps_g_61.tif,/work/users/b/e/behnamie/ecDNA_Data/bioimage_archive/dapi/ncih2170_antibiotics_ps_g_61.tif,/work/users/b/e/behnamie/ecDNA_Data/bioimage_archive/roi_mask/ncih2170_antibiotics_ps_g_61.png,/work/users/b/e/behnamie/ecDNA_Data/bioimage_archive/gt_image/ncih2170_antibiotics_ps_g_61.tif
ncih2170_antibiotics_ps_g_62,NCI-H2170,train,train,True,True,False,False,1,rgb/ncih2170_antibiotics_ps_g_62.tif,dapi/ncih2170_antibiotics_ps_g_62.tif,roi_mask/ncih2170_antibiotics_ps_g_62.png,gt_image/ncih2170_antibiotics_ps_g_62.tif,,244,244,True,True,True,True,ncih2170_antibiotics_ps_g_62.tif,ncih2170_antibiotics_ps_g_62.tif,ncih2170_antibiotics_ps_g_62.png,ncih2170_antibiotics_ps_g_62.tif,,/work/users/b/e/behnamie/ecDNA_Data/bioimage_archive/rgb/ncih2170_antibiotics_ps_g_62.tif,/work/users/b/e/behnamie/ecDNA_Data/bioimage_archive/dapi/ncih2170_antibiotics_ps_g_62.tif,/work/users/b/e/behnamie/ecDNA_Data/bioimage_archive/roi_mask/ncih2170_antibiotics_ps_g_62.png,/work/users/b/e/behnamie/ecDNA_Data/bioimage_archive/gt_image/ncih2170_antibiotics_ps_g_62.tif
ncih2170_antibiotics_ps_g_66,NCI-H2170,train,train,True,True,False,False,1,rgb/ncih2170_antibiotics_ps_g_66.tif,dapi/ncih2170_antibiotics_ps_g_66.tif,roi_mask/ncih2170_antibiotics_ps_g_66.png,gt_image/ncih2170_antibiotics_ps_g_66.tif,,79,79,True,True,True,True,ncih2170_antibiotics_ps_g_66.tif,ncih2170_antibiotics_ps_g_66.tif,ncih2170_antibiotics_ps_g_66.png,ncih2170_antibiotics_ps_g_66.tif,,/work/users/b/e/behnamie/ecDNA_Data/bioimage_archive/rgb/ncih2170_antibiotics_ps_g_66.tif,/work/users/b/e/behnamie/ecDNA_Data/bioimage_archive/dapi/ncih2170_antibiotics_ps_g_66.tif,/work/users/b/e/behnamie/ecDNA_Data/bioimage_archive/roi_mask/ncih2170_antibiotics_ps_g_66.png,/work/users/b/e/behnamie/ecDNA_Data/bioimage_archive/gt_image/ncih2170_antibiotics_ps_g_66.tif
ncih2170_antibiotics_ps_g_71,NCI-H2170,train,train,True,True,False,False,1,rgb/ncih2170_antibiotics_ps_g_71.tif,dapi/ncih2170_antibiotics_ps_g_71.tif,roi_mask/ncih2170_antibiotics_ps_g_71.png,gt_image/ncih2170_antibiotics_ps_g_71.tif,,157,157,True,True,True,True,ncih2170_antibiotics_ps_g_71.tif,ncih2170_antibiotics_ps_g_71.tif,ncih2170_antibiotics_ps_g_71.png,ncih2170_antibiotics_ps_g_71.tif,,/work/users/b/e/behnamie/ecDNA_Data/bioimage_archive/rgb/ncih2170_antibiotics_ps_g_71.tif,/work/users/b/e/behnamie/ecDNA_Data/bioimage_archive/dapi/ncih2170_antibiotics_ps_g_71.tif,/work/users/b/e/behnamie/ecDNA_Data/bioimage_archive/roi_mask/ncih2170_antibiotics_ps_g_71.png,/work/users/b/e/behnamie/ecDNA_Data/bioimage_archive/gt_image/ncih2170_antibiotics_ps_g_71.tif
ncih2170_antibiotics_ps_g_74,NCI-H2170,train,train,True,True,False,False,1,rgb/ncih2170_antibiotics_ps_g_74.tif,dapi/ncih2170_antibiotics_ps_g_74.tif,roi_mask/ncih2170_antibiotics_ps_g_74.png,gt_image/ncih2170_antibiotics_ps_g_74.tif,,213,213,True,True,True,True,ncih2170_antibiotics_ps_g_74.tif,ncih2170_antibiotics_ps_g_74.tif,ncih2170_antibiotics_ps_g_74.png,ncih2170_antibiotics_ps_g_74.tif,,/work/users/b/e/behnamie/ecDNA_Data/bioimage_archive/rgb/ncih2170_antibiotics_ps_g_74.tif,/work/users/b/e/behnamie/ecDNA_Data/bioimage_archive/dapi/ncih2170_antibiotics_ps_g_74.tif,/work/users/b/e/behnamie/ecDNA_Data/bioimage_archive/roi_mask/ncih2170_antibiotics_ps_g_74.png,/work/users/b/e/behnamie/ecDNA_Data/bioimage_archive/gt_image/ncih2170_antibiotics_ps_g_74.tif
ncih2170_antibiotics_ps_g_77,NCI-H2170,train,train,True,True,False,False,1,rgb/ncih2170_antibiotics_ps_g_77.tif,dapi/ncih2170_antibiotics_ps_g_77.tif,roi_mask/ncih2170_antibiotics_ps_g_77.png,gt_image/ncih2170_antibiotics_ps_g_77.tif,,112,112,True,True,True,True,ncih2170_antibiotics_ps_g_77.tif,ncih2170_antibiotics_ps_g_77.tif,ncih2170_antibiotics_ps_g_77.png,ncih2170_antibiotics_ps_g_77.tif,,/work/users/b/e/behnamie/ecDNA_Data/bioimage_archive/rgb/ncih2170_antibiotics_ps_g_77.tif,/work/users/b/e/behnamie/ecDNA_Data/bioimage_archive/dapi/ncih2170_antibiotics_ps_g_77.tif,/work/users/b/e/behnamie/ecDNA_Data/bioimage_archive/roi_mask/ncih2170_antibiotics_ps_g_77.png,/work/users/b/e/behnamie/ecDNA_Data/bioimage_archive/gt_image/ncih2170_antibiotics_ps_g_77.tif
ncih2170_antibiotics_ps_g_81,NCI-H2170,train,train,True,True,False,False,1,rgb/ncih2170_antibiotics_ps_g_81.tif,dapi/ncih2170_antibiotics_ps_g_81.tif,roi_mask/ncih2170_antibiotics_ps_g_81.png,gt_image/ncih2170_antibiotics_ps_g_81.tif,,150,150,True,True,True,True,ncih2170_antibiotics_ps_g_81.tif,ncih2170_antibiotics_ps_g_81.tif,ncih2170_antibiotics_ps_g_81.png,ncih2170_antibiotics_ps_g_81.tif,,/work/users/b/e/behnamie/ecDNA_Data/bioimage_archive/rgb/ncih2170_antibiotics_ps_g_81.tif,/work/users/b/e/behnamie/ecDNA_Data/bioimage_archive/dapi/ncih2170_antibiotics_ps_g_81.tif,/work/users/b/e/behnamie/ecDNA_Data/bioimage_archive/roi_mask/ncih2170_antibiotics_ps_g_81.png,/work/users/b/e/behnamie/ecDNA_Data/bioimage_archive/gt_image/ncih2170_antibiotics_ps_g_81.tif
ncih2170_antibiotics_ps_g_85,NCI-H2170,train,train,True,True,False,False,1,rgb/ncih2170_antibiotics_ps_g_85.tif,dapi/ncih2170_antibiotics_ps_g_85.tif,roi_mask/ncih2170_antibiotics_ps_g_85.png,gt_image/ncih2170_antibiotics_ps_g_85.tif,,289,289,True,True,True,True,ncih2170_antibiotics_ps_g_85.tif,ncih2170_antibiotics_ps_g_85.tif,ncih2170_antibiotics_ps_g_85.png,ncih2170_antibiotics_ps_g_85.tif,,/work/users/b/e/behnamie/ecDNA_Data/bioimage_archive/rgb/ncih2170_antibiotics_ps_g_85.tif,/work/users/b/e/behnamie/ecDNA_Data/bioimage_archive/dapi/ncih2170_antibiotics_ps_g_85.tif,/work/users/b/e/behnamie/ecDNA_Data/bioimage_archive/roi_mask/ncih2170_antibiotics_ps_g_85.png,/work/users/b/e/behnamie/ecDNA_Data/bioimage_archive/gt_image/ncih2170_antibiotics_ps_g_85.tif
ncih2170_antibiotics_ps_g_88_a,NCI-H2170,train,train,True,True,False,False,1,rgb/ncih2170_antibiotics_ps_g_88_a.tif,dapi/ncih2170_antibiotics_ps_g_88_a.tif,roi_mask/ncih2170_antibiotics_ps_g_88_a.png,gt_image/ncih2170_antibiotics_ps_g_88_a.tif,,115,117,True,True,True,True,ncih2170_antibiotics_ps_g_88_a.tif,ncih2170_antibiotics_ps_g_88_a.tif,ncih2170_antibiotics_ps_g_88_a.png,ncih2170_antibiotics_ps_g_88_a.tif,,/work/users/b/e/behnamie/ecDNA_Data/bioimage_archive/rgb/ncih2170_antibiotics_ps_g_88_a.tif,/work/users/b/e/behnamie/ecDNA_Data/bioimage_archive/dapi/ncih2170_antibiotics_ps_g_88_a.tif,/work/users/b/e/behnamie/ecDNA_Data/bioimage_archive/roi_mask/ncih2170_antibiotics_ps_g_88_a.png,/work/users/b/e/behnamie/ecDNA_Data/bioimage_archive/gt_image/ncih2170_antibiotics_ps_g_88_a.tif
ncih2170_antibiotics_ps_g_88_b,NCI-H2170,train,train,True,True,False,False,1,rgb/ncih2170_antibiotics_ps_g_88_b.tif,dapi/ncih2170_antibiotics_ps_g_88_b.tif,roi_mask/ncih2170_antibiotics_ps_g_88_b.png,gt_image/ncih2170_antibiotics_ps_g_88_b.tif,,121,123,True,True,True,True,ncih2170_antibiotics_ps_g_88_b.tif,ncih2170_antibiotics_ps_g_88_b.tif,ncih2170_antibiotics_ps_g_88_b.png,ncih2170_antibiotics_ps_g_88_b.tif,,/work/users/b/e/behnamie/ecDNA_Data/bioimage_archive/rgb/ncih2170_antibiotics_ps_g_88_b.tif,/work/users/b/e/behnamie/ecDNA_Data/bioimage_archive/dapi/ncih2170_antibiotics_ps_g_88_b.tif,/work/users/b/e/behnamie/ecDNA_Data/bioimage_archive/roi_mask/ncih2170_antibiotics_ps_g_88_b.png,/work/users/b/e/behnamie/ecDNA_Data/bioimage_archive/gt_image/ncih2170_antibiotics_ps_g_88_b.tif
ncih2170_antibiotics_ps_g_90,NCI-H2170,train,train,True,True,False,False,1,rgb/ncih2170_antibiotics_ps_g_90.tif,dapi/ncih2170_antibiotics_ps_g_90.tif,roi_mask/ncih2170_antibiotics_ps_g_90.png,gt_image/ncih2170_antibiotics_ps_g_90.tif,,127,127,True,True,True,True,ncih2170_antibiotics_ps_g_90.tif,ncih2170_antibiotics_ps_g_90.tif,ncih2170_antibiotics_ps_g_90.png,ncih2170_antibiotics_ps_g_90.tif,,/work/users/b/e/behnamie/ecDNA_Data/bioimage_archive/rgb/ncih2170_antibiotics_ps_g_90.tif,/work/users/b/e/behnamie/ecDNA_Data/bioimage_archive/dapi/ncih2170_antibiotics_ps_g_90.tif,/work/users/b/e/behnamie/ecDNA_Data/bioimage_archive/roi_mask/ncih2170_antibiotics_ps_g_90.png,/work/users/b/e/behnamie/ecDNA_Data/bioimage_archive/gt_image/ncih2170_antibiotics_ps_g_90.tif
ncih2170_antibiotics_ps_g_91,NCI-H2170,train,train,True,True,False,False,1,rgb/ncih2170_antibiotics_ps_g_91.tif,dapi/ncih2170_antibiotics_ps_g_91.tif,roi_mask/ncih2170_antibiotics_ps_g_91.png,gt_image/ncih2170_antibiotics_ps_g_91.tif,,560,570,True,True,True,True,ncih2170_antibiotics_ps_g_91.tif,ncih2170_antibiotics_ps_g_91.tif,ncih2170_antibiotics_ps_g_91.png,ncih2170_antibiotics_ps_g_91.tif,,/work/users/b/e/behnamie/ecDNA_Data/bioimage_archive/rgb/ncih2170_antibiotics_ps_g_91.tif,/work/users/b/e/behnamie/ecDNA_Data/bioimage_archive/dapi/ncih2170_antibiotics_ps_g_91.tif,/work/users/b/e/behnamie/ecDNA_Data/bioimage_archive/roi_mask/ncih2170_antibiotics_ps_g_91.png,/work/users/b/e/behnamie/ecDNA_Data/bioimage_archive/gt_image/ncih2170_antibiotics_ps_g_91.tif
ncih2170_antibiotics_ps_g_92,NCI-H2170,train,train,True,True,False,False,1,rgb/ncih2170_antibiotics_ps_g_92.tif,dapi/ncih2170_antibiotics_ps_g_92.tif,roi_mask/ncih2170_antibiotics_ps_g_92.png,gt_image/ncih2170_antibiotics_ps_g_92.tif,,145,145,True,True,True,True,ncih2170_antibiotics_ps_g_92.tif,ncih2170_antibiotics_ps_g_92.tif,ncih2170_antibiotics_ps_g_92.png,ncih2170_antibiotics_ps_g_92.tif,,/work/users/b/e/behnamie/ecDNA_Data/bioimage_archive/rgb/ncih2170_antibiotics_ps_g_92.tif,/work/users/b/e/behnamie/ecDNA_Data/bioimage_archive/dapi/ncih2170_antibiotics_ps_g_92.tif,/work/users/b/e/behnamie/ecDNA_Data/bioimage_archive/roi_mask/ncih2170_antibiotics_ps_g_92.png,/work/users/b/e/behnamie/ecDNA_Data/bioimage_archive/gt_image/ncih2170_antibiotics_ps_g_92.tif
ncih2170_antibiotics_ps_g_94,NCI-H2170,train,train,True,True,False,False,1,rgb/ncih2170_antibiotics_ps_g_94.tif,dapi/ncih2170_antibiotics_ps_g_94.tif,roi_mask/ncih2170_antibiotics_ps_g_94.png,gt_image/ncih2170_antibiotics_ps_g_94.tif,,235,235,True,True,True,True,ncih2170_antibiotics_ps_g_94.tif,ncih2170_antibiotics_ps_g_94.tif,ncih2170_antibiotics_ps_g_94.png,ncih2170_antibiotics_ps_g_94.tif,,/work/users/b/e/behnamie/ecDNA_Data/bioimage_archive/rgb/ncih2170_antibiotics_ps_g_94.tif,/work/users/b/e/behnamie/ecDNA_Data/bioimage_archive/dapi/ncih2170_antibiotics_ps_g_94.tif,/work/users/b/e/behnamie/ecDNA_Data/bioimage_archive/roi_mask/ncih2170_antibiotics_ps_g_94.png,/work/users/b/e/behnamie/ecDNA_Data/bioimage_archive/gt_image/ncih2170_antibiotics_ps_g_94.tif
ncih2170_antibiotics_ps_g_95,NCI-H2170,train,train,True,True,False,False,1,rgb/ncih2170_antibiotics_ps_g_95.tif,dapi/ncih2170_antibiotics_ps_g_95.tif,roi_mask/ncih2170_antibiotics_ps_g_95.png,gt_image/ncih2170_antibiotics_ps_g_95.tif,,180,180,True,True,True,True,ncih2170_antibiotics_ps_g_95.tif,ncih2170_antibiotics_ps_g_95.tif,ncih2170_antibiotics_ps_g_95.png,ncih2170_antibiotics_ps_g_95.tif,,/work/users/b/e/behnamie/ecDNA_Data/bioimage_archive/rgb/ncih2170_antibiotics_ps_g_95.tif,/work/users/b/e/behnamie/ecDNA_Data/bioimage_archive/dapi/ncih2170_antibiotics_ps_g_95.tif,/work/users/b/e/behnamie/ecDNA_Data/bioimage_archive/roi_mask/ncih2170_antibiotics_ps_g_95.png,/work/users/b/e/behnamie/ecDNA_Data/bioimage_archive/gt_image/ncih2170_antibiotics_ps_g_95.tif
ncih2170_antibiotics_ps_g_97,NCI-H2170,train,train,True,True,False,False,1,rgb/ncih2170_antibiotics_ps_g_97.tif,dapi/ncih2170_antibiotics_ps_g_97.tif,roi_mask/ncih2170_antibiotics_ps_g_97.png,gt_image/ncih2170_antibiotics_ps_g_97.tif,,252,252,True,True,True,True,ncih2170_antibiotics_ps_g_97.tif,ncih2170_antibiotics_ps_g_97.tif,ncih2170_antibiotics_ps_g_97.png,ncih2170_antibiotics_ps_g_97.tif,,/work/users/b/e/behnamie/ecDNA_Data/bioimage_archive/rgb/ncih2170_antibiotics_ps_g_97.tif,/work/users/b/e/behnamie/ecDNA_Data/bioimage_archive/dapi/ncih2170_antibiotics_ps_g_97.tif,/work/users/b/e/behnamie/ecDNA_Data/bioimage_archive/roi_mask/ncih2170_antibiotics_ps_g_97.png,/work/users/b/e/behnamie/ecDNA_Data/bioimage_archive/gt_image/ncih2170_antibiotics_ps_g_97.tif
ncih2170_antibiotics_ps_g_98,NCI-H2170,train,train,True,True,False,False,1,rgb/ncih2170_antibiotics_ps_g_98.tif,dapi/ncih2170_antibiotics_ps_g_98.tif,roi_mask/ncih2170_antibiotics_ps_g_98.png,gt_image/ncih2170_antibiotics_ps_g_98.tif,,167,167,True,True,True,True,ncih2170_antibiotics_ps_g_98.tif,ncih2170_antibiotics_ps_g_98.tif,ncih2170_antibiotics_ps_g_98.png,ncih2170_antibiotics_ps_g_98.tif,,/work/users/b/e/behnamie/ecDNA_Data/bioimage_archive/rgb/ncih2170_antibiotics_ps_g_98.tif,/work/users/b/e/behnamie/ecDNA_Data/bioimage_archive/dapi/ncih2170_antibiotics_ps_g_98.tif,/work/users/b/e/behnamie/ecDNA_Data/bioimage_archive/roi_mask/ncih2170_antibiotics_ps_g_98.png,/work/users/b/e/behnamie/ecDNA_Data/bioimage_archive/gt_image/ncih2170_antibiotics_ps_g_98.tif
ncih2170_cart_72h_blank_ctrl_19,NCI-H2170,train,train,True,True,False,False,1,rgb/ncih2170_cart_72h_blank_ctrl_19.tif,dapi/ncih2170_cart_72h_blank_ctrl_19.tif,roi_mask/ncih2170_cart_72h_blank_ctrl_19.png,gt_image/ncih2170_cart_72h_blank_ctrl_19.tif,,210,211,True,True,True,True,ncih2170_cart_72h_blank_ctrl_19.tif,ncih2170_cart_72h_blank_ctrl_19.tif,ncih2170_cart_72h_blank_ctrl_19.png,ncih2170_cart_72h_blank_ctrl_19.tif,,/work/users/b/e/behnamie/ecDNA_Data/bioimage_archive/rgb/ncih2170_cart_72h_blank_ctrl_19.tif,/work/users/b/e/behnamie/ecDNA_Data/bioimage_archive/dapi/ncih2170_cart_72h_blank_ctrl_19.tif,/work/users/b/e/behnamie/ecDNA_Data/bioimage_archive/roi_mask/ncih2170_cart_72h_blank_ctrl_19.png,/work/users/b/e/behnamie/ecDNA_Data/bioimage_archive/gt_image/ncih2170_cart_72h_blank_ctrl_19.tif
ncih2170_cart_72h_blank_ctrl_28,NCI-H2170,train,train,True,True,False,False,1,rgb/ncih2170_cart_72h_blank_ctrl_28.tif,dapi/ncih2170_cart_72h_blank_ctrl_28.tif,roi_mask/ncih2170_cart_72h_blank_ctrl_28.png,gt_image/ncih2170_cart_72h_blank_ctrl_28.tif,,191,200,True,True,True,True,ncih2170_cart_72h_blank_ctrl_28.tif,ncih2170_cart_72h_blank_ctrl_28.tif,ncih2170_cart_72h_blank_ctrl_28.png,ncih2170_cart_72h_blank_ctrl_28.tif,,/work/users/b/e/behnamie/ecDNA_Data/bioimage_archive/rgb/ncih2170_cart_72h_blank_ctrl_28.tif,/work/users/b/e/behnamie/ecDNA_Data/bioimage_archive/dapi/ncih2170_cart_72h_blank_ctrl_28.tif,/work/users/b/e/behnamie/ecDNA_Data/bioimage_archive/roi_mask/ncih2170_cart_72h_blank_ctrl_28.png,/work/users/b/e/behnamie/ecDNA_Data/bioimage_archive/gt_image/ncih2170_cart_72h_blank_ctrl_28.tif
ncih2170_cart_72h_blank_ctrl_32,NCI-H2170,train,train,True,True,False,False,1,rgb/ncih2170_cart_72h_blank_ctrl_32.tif,dapi/ncih2170_cart_72h_blank_ctrl_32.tif,roi_mask/ncih2170_cart_72h_blank_ctrl_32.png,gt_image/ncih2170_cart_72h_blank_ctrl_32.tif,,99,118,True,True,True,True,ncih2170_cart_72h_blank_ctrl_32.tif,ncih2170_cart_72h_blank_ctrl_32.tif,ncih2170_cart_72h_blank_ctrl_32.png,ncih2170_cart_72h_blank_ctrl_32.tif,,/work/users/b/e/behnamie/ecDNA_Data/bioimage_archive/rgb/ncih2170_cart_72h_blank_ctrl_32.tif,/work/users/b/e/behnamie/ecDNA_Data/bioimage_archive/dapi/ncih2170_cart_72h_blank_ctrl_32.tif,/work/users/b/e/behnamie/ecDNA_Data/bioimage_archive/roi_mask/ncih2170_cart_72h_blank_ctrl_32.png,/work/users/b/e/behnamie/ecDNA_Data/bioimage_archive/gt_image/ncih2170_cart_72h_blank_ctrl_32.tif
ncih2170_cart_72h_blank_ctrl_34,NCI-H2170,train,train,True,True,False,False,1,rgb/ncih2170_cart_72h_blank_ctrl_34.tif,dapi/ncih2170_cart_72h_blank_ctrl_34.tif,roi_mask/ncih2170_cart_72h_blank_ctrl_34.png,gt_image/ncih2170_cart_72h_blank_ctrl_34.tif,,88,92,True,True,True,True,ncih2170_cart_72h_blank_ctrl_34.tif,ncih2170_cart_72h_blank_ctrl_34.tif,ncih2170_cart_72h_blank_ctrl_34.png,ncih2170_cart_72h_blank_ctrl_34.tif,,/work/users/b/e/behnamie/ecDNA_Data/bioimage_archive/rgb/ncih2170_cart_72h_blank_ctrl_34.tif,/work/users/b/e/behnamie/ecDNA_Data/bioimage_archive/dapi/ncih2170_cart_72h_blank_ctrl_34.tif,/work/users/b/e/behnamie/ecDNA_Data/bioimage_archive/roi_mask/ncih2170_cart_72h_blank_ctrl_34.png,/work/users/b/e/behnamie/ecDNA_Data/bioimage_archive/gt_image/ncih2170_cart_72h_blank_ctrl_34.tif
ncih2170_cart_72h_blank_ctrl_35,NCI-H2170,train,train,True,True,False,False,1,rgb/ncih2170_cart_72h_blank_ctrl_35.tif,dapi/ncih2170_cart_72h_blank_ctrl_35.tif,roi_mask/ncih2170_cart_72h_blank_ctrl_35.png,gt_image/ncih2170_cart_72h_blank_ctrl_35.tif,,168,173,True,True,True,True,ncih2170_cart_72h_blank_ctrl_35.tif,ncih2170_cart_72h_blank_ctrl_35.tif,ncih2170_cart_72h_blank_ctrl_35.png,ncih2170_cart_72h_blank_ctrl_35.tif,,/work/users/b/e/behnamie/ecDNA_Data/bioimage_archive/rgb/ncih2170_cart_72h_blank_ctrl_35.tif,/work/users/b/e/behnamie/ecDNA_Data/bioimage_archive/dapi/ncih2170_cart_72h_blank_ctrl_35.tif,/work/users/b/e/behnamie/ecDNA_Data/bioimage_archive/roi_mask/ncih2170_cart_72h_blank_ctrl_35.png,/work/users/b/e/behnamie/ecDNA_Data/bioimage_archive/gt_image/ncih2170_cart_72h_blank_ctrl_35.tif
ncih2170_cart_72h_blank_ctrl_36,NCI-H2170,train,train,True,True,False,False,1,rgb/ncih2170_cart_72h_blank_ctrl_36.tif,dapi/ncih2170_cart_72h_blank_ctrl_36.tif,roi_mask/ncih2170_cart_72h_blank_ctrl_36.png,gt_image/ncih2170_cart_72h_blank_ctrl_36.tif,,86,86,True,True,True,True,ncih2170_cart_72h_blank_ctrl_36.tif,ncih2170_cart_72h_blank_ctrl_36.tif,ncih2170_cart_72h_blank_ctrl_36.png,ncih2170_cart_72h_blank_ctrl_36.tif,,/work/users/b/e/behnamie/ecDNA_Data/bioimage_archive/rgb/ncih2170_cart_72h_blank_ctrl_36.tif,/work/users/b/e/behnamie/ecDNA_Data/bioimage_archive/dapi/ncih2170_cart_72h_blank_ctrl_36.tif,/work/users/b/e/behnamie/ecDNA_Data/bioimage_archive/roi_mask/ncih2170_cart_72h_blank_ctrl_36.png,/work/users/b/e/behnamie/ecDNA_Data/bioimage_archive/gt_image/ncih2170_cart_72h_blank_ctrl_36.tif
ncih2170_cart_72h_blank_ctrl_38,NCI-H2170,train,train,True,True,False,False,1,rgb/ncih2170_cart_72h_blank_ctrl_38.tif,dapi/ncih2170_cart_72h_blank_ctrl_38.tif,roi_mask/ncih2170_cart_72h_blank_ctrl_38.png,gt_image/ncih2170_cart_72h_blank_ctrl_38.tif,,156,161,True,True,True,True,ncih2170_cart_72h_blank_ctrl_38.tif,ncih2170_cart_72h_blank_ctrl_38.tif,ncih2170_cart_72h_blank_ctrl_38.png,ncih2170_cart_72h_blank_ctrl_38.tif,,/work/users/b/e/behnamie/ecDNA_Data/bioimage_archive/rgb/ncih2170_cart_72h_blank_ctrl_38.tif,/work/users/b/e/behnamie/ecDNA_Data/bioimage_archive/dapi/ncih2170_cart_72h_blank_ctrl_38.tif,/work/users/b/e/behnamie/ecDNA_Data/bioimage_archive/roi_mask/ncih2170_cart_72h_blank_ctrl_38.png,/work/users/b/e/behnamie/ecDNA_Data/bioimage_archive/gt_image/ncih2170_cart_72h_blank_ctrl_38.tif
ncih2170_cart_72h_blank_ctrl_39,NCI-H2170,train,train,True,True,False,False,1,rgb/ncih2170_cart_72h_blank_ctrl_39.tif,dapi/ncih2170_cart_72h_blank_ctrl_39.tif,roi_mask/ncih2170_cart_72h_blank_ctrl_39.png,gt_image/ncih2170_cart_72h_blank_ctrl_39.tif,,189,197,True,True,True,True,ncih2170_cart_72h_blank_ctrl_39.tif,ncih2170_cart_72h_blank_ctrl_39.tif,ncih2170_cart_72h_blank_ctrl_39.png,ncih2170_cart_72h_blank_ctrl_39.tif,,/work/users/b/e/behnamie/ecDNA_Data/bioimage_archive/rgb/ncih2170_cart_72h_blank_ctrl_39.tif,/work/users/b/e/behnamie/ecDNA_Data/bioimage_archive/dapi/ncih2170_cart_72h_blank_ctrl_39.tif,/work/users/b/e/behnamie/ecDNA_Data/bioimage_archive/roi_mask/ncih2170_cart_72h_blank_ctrl_39.png,/work/users/b/e/behnamie/ecDNA_Data/bioimage_archive/gt_image/ncih2170_cart_72h_blank_ctrl_39.tif
ncih2170_cart_72h_blank_ctrl_50,NCI-H2170,train,train,True,True,False,False,1,rgb/ncih2170_cart_72h_blank_ctrl_50.tif,dapi/ncih2170_cart_72h_blank_ctrl_50.tif,roi_mask/ncih2170_cart_72h_blank_ctrl_50.png,gt_image/ncih2170_cart_72h_blank_ctrl_50.tif,,149,176,True,True,True,True,ncih2170_cart_72h_blank_ctrl_50.tif,ncih2170_cart_72h_blank_ctrl_50.tif,ncih2170_cart_72h_blank_ctrl_50.png,ncih2170_cart_72h_blank_ctrl_50.tif,,/work/users/b/e/behnamie/ecDNA_Data/bioimage_archive/rgb/ncih2170_cart_72h_blank_ctrl_50.tif,/work/users/b/e/behnamie/ecDNA_Data/bioimage_archive/dapi/ncih2170_cart_72h_blank_ctrl_50.tif,/work/users/b/e/behnamie/ecDNA_Data/bioimage_archive/roi_mask/ncih2170_cart_72h_blank_ctrl_50.png,/work/users/b/e/behnamie/ecDNA_Data/bioimage_archive/gt_image/ncih2170_cart_72h_blank_ctrl_50.tif
ncih2170_cart_72h_blank_ctrl_55,NCI-H2170,train,train,True,True,False,False,1,rgb/ncih2170_cart_72h_blank_ctrl_55.tif,dapi/ncih2170_cart_72h_blank_ctrl_55.tif,roi_mask/ncih2170_cart_72h_blank_ctrl_55.png,gt_image/ncih2170_cart_72h_blank_ctrl_55.tif,,56,56,True,True,True,True,ncih2170_cart_72h_blank_ctrl_55.tif,ncih2170_cart_72h_blank_ctrl_55.tif,ncih2170_cart_72h_blank_ctrl_55.png,ncih2170_cart_72h_blank_ctrl_55.tif,,/work/users/b/e/behnamie/ecDNA_Data/bioimage_archive/rgb/ncih2170_cart_72h_blank_ctrl_55.tif,/work/users/b/e/behnamie/ecDNA_Data/bioimage_archive/dapi/ncih2170_cart_72h_blank_ctrl_55.tif,/work/users/b/e/behnamie/ecDNA_Data/bioimage_archive/roi_mask/ncih2170_cart_72h_blank_ctrl_55.png,/work/users/b/e/behnamie/ecDNA_Data/bioimage_archive/gt_image/ncih2170_cart_72h_blank_ctrl_55.tif
ncih2170_cart_72h_blank_ctrl_56,NCI-H2170,train,train,True,True,False,False,1,rgb/ncih2170_cart_72h_blank_ctrl_56.tif,dapi/ncih2170_cart_72h_blank_ctrl_56.tif,roi_mask/ncih2170_cart_72h_blank_ctrl_56.png,gt_image/ncih2170_cart_72h_blank_ctrl_56.tif,,132,132,True,True,True,True,ncih2170_cart_72h_blank_ctrl_56.tif,ncih2170_cart_72h_blank_ctrl_56.tif,ncih2170_cart_72h_blank_ctrl_56.png,ncih2170_cart_72h_blank_ctrl_56.tif,,/work/users/b/e/behnamie/ecDNA_Data/bioimage_archive/rgb/ncih2170_cart_72h_blank_ctrl_56.tif,/work/users/b/e/behnamie/ecDNA_Data/bioimage_archive/dapi/ncih2170_cart_72h_blank_ctrl_56.tif,/work/users/b/e/behnamie/ecDNA_Data/bioimage_archive/roi_mask/ncih2170_cart_72h_blank_ctrl_56.png,/work/users/b/e/behnamie/ecDNA_Data/bioimage_archive/gt_image/ncih2170_cart_72h_blank_ctrl_56.tif
ncih2170_cart_72h_blank_ctrl_57,NCI-H2170,train,train,True,True,False,False,1,rgb/ncih2170_cart_72h_blank_ctrl_57.tif,dapi/ncih2170_cart_72h_blank_ctrl_57.tif,roi_mask/ncih2170_cart_72h_blank_ctrl_57.png,gt_image/ncih2170_cart_72h_blank_ctrl_57.tif,,75,77,True,True,True,True,ncih2170_cart_72h_blank_ctrl_57.tif,ncih2170_cart_72h_blank_ctrl_57.tif,ncih2170_cart_72h_blank_ctrl_57.png,ncih2170_cart_72h_blank_ctrl_57.tif,,/work/users/b/e/behnamie/ecDNA_Data/bioimage_archive/rgb/ncih2170_cart_72h_blank_ctrl_57.tif,/work/users/b/e/behnamie/ecDNA_Data/bioimage_archive/dapi/ncih2170_cart_72h_blank_ctrl_57.tif,/work/users/b/e/behnamie/ecDNA_Data/bioimage_archive/roi_mask/ncih2170_cart_72h_blank_ctrl_57.png,/work/users/b/e/behnamie/ecDNA_Data/bioimage_archive/gt_image/ncih2170_cart_72h_blank_ctrl_57.tif
ncih2170_cart_72h_blank_ctrl_61,NCI-H2170,train,train,True,True,False,False,1,rgb/ncih2170_cart_72h_blank_ctrl_61.tif,dapi/ncih2170_cart_72h_blank_ctrl_61.tif,roi_mask/ncih2170_cart_72h_blank_ctrl_61.png,gt_image/ncih2170_cart_72h_blank_ctrl_61.tif,,47,47,True,True,True,True,ncih2170_cart_72h_blank_ctrl_61.tif,ncih2170_cart_72h_blank_ctrl_61.tif,ncih2170_cart_72h_blank_ctrl_61.png,ncih2170_cart_72h_blank_ctrl_61.tif,,/work/users/b/e/behnamie/ecDNA_Data/bioimage_archive/rgb/ncih2170_cart_72h_blank_ctrl_61.tif,/work/users/b/e/behnamie/ecDNA_Data/bioimage_archive/dapi/ncih2170_cart_72h_blank_ctrl_61.tif,/work/users/b/e/behnamie/ecDNA_Data/bioimage_archive/roi_mask/ncih2170_cart_72h_blank_ctrl_61.png,/work/users/b/e/behnamie/ecDNA_Data/bioimage_archive/gt_image/ncih2170_cart_72h_blank_ctrl_61.tif
ncih2170_cart_72h_blank_ctrl_64,NCI-H2170,train,train,True,True,False,False,1,rgb/ncih2170_cart_72h_blank_ctrl_64.tif,dapi/ncih2170_cart_72h_blank_ctrl_64.tif,roi_mask/ncih2170_cart_72h_blank_ctrl_64.png,gt_image/ncih2170_cart_72h_blank_ctrl_64.tif,,47,47,True,True,True,True,ncih2170_cart_72h_blank_ctrl_64.tif,ncih2170_cart_72h_blank_ctrl_64.tif,ncih2170_cart_72h_blank_ctrl_64.png,ncih2170_cart_72h_blank_ctrl_64.tif,,/work/users/b/e/behnamie/ecDNA_Data/bioimage_archive/rgb/ncih2170_cart_72h_blank_ctrl_64.tif,/work/users/b/e/behnamie/ecDNA_Data/bioimage_archive/dapi/ncih2170_cart_72h_blank_ctrl_64.tif,/work/users/b/e/behnamie/ecDNA_Data/bioimage_archive/roi_mask/ncih2170_cart_72h_blank_ctrl_64.png,/work/users/b/e/behnamie/ecDNA_Data/bioimage_archive/gt_image/ncih2170_cart_72h_blank_ctrl_64.tif
ncih2170_cart_72h_blank_ctrl_7,NCI-H2170,train,train,True,True,False,False,1,rgb/ncih2170_cart_72h_blank_ctrl_7.tif,dapi/ncih2170_cart_72h_blank_ctrl_7.tif,roi_mask/ncih2170_cart_72h_blank_ctrl_7.png,gt_image/ncih2170_cart_72h_blank_ctrl_7.tif,,196,196,True,True,True,True,ncih2170_cart_72h_blank_ctrl_7.tif,ncih2170_cart_72h_blank_ctrl_7.tif,ncih2170_cart_72h_blank_ctrl_7.png,ncih2170_cart_72h_blank_ctrl_7.tif,,/work/users/b/e/behnamie/ecDNA_Data/bioimage_archive/rgb/ncih2170_cart_72h_blank_ctrl_7.tif,/work/users/b/e/behnamie/ecDNA_Data/bioimage_archive/dapi/ncih2170_cart_72h_blank_ctrl_7.tif,/work/users/b/e/behnamie/ecDNA_Data/bioimage_archive/roi_mask/ncih2170_cart_72h_blank_ctrl_7.png,/work/users/b/e/behnamie/ecDNA_Data/bioimage_archive/gt_image/ncih2170_cart_72h_blank_ctrl_7.tif
ncih2170_cart_72h_blank_ctrl_71,NCI-H2170,train,train,True,True,False,False,1,rgb/ncih2170_cart_72h_blank_ctrl_71.tif,dapi/ncih2170_cart_72h_blank_ctrl_71.tif,roi_mask/ncih2170_cart_72h_blank_ctrl_71.png,gt_image/ncih2170_cart_72h_blank_ctrl_71.tif,,133,133,True,True,True,True,ncih2170_cart_72h_blank_ctrl_71.tif,ncih2170_cart_72h_blank_ctrl_71.tif,ncih2170_cart_72h_blank_ctrl_71.png,ncih2170_cart_72h_blank_ctrl_71.tif,,/work/users/b/e/behnamie/ecDNA_Data/bioimage_archive/rgb/ncih2170_cart_72h_blank_ctrl_71.tif,/work/users/b/e/behnamie/ecDNA_Data/bioimage_archive/dapi/ncih2170_cart_72h_blank_ctrl_71.tif,/work/users/b/e/behnamie/ecDNA_Data/bioimage_archive/roi_mask/ncih2170_cart_72h_blank_ctrl_71.png,/work/users/b/e/behnamie/ecDNA_Data/bioimage_archive/gt_image/ncih2170_cart_72h_blank_ctrl_71.tif
ncih2170_cart_72h_blank_ctrl_74,NCI-H2170,train,train,True,True,False,False,1,rgb/ncih2170_cart_72h_blank_ctrl_74.tif,dapi/ncih2170_cart_72h_blank_ctrl_74.tif,roi_mask/ncih2170_cart_72h_blank_ctrl_74.png,gt_image/ncih2170_cart_72h_blank_ctrl_74.tif,,43,43,True,True,True,True,ncih2170_cart_72h_blank_ctrl_74.tif,ncih2170_cart_72h_blank_ctrl_74.tif,ncih2170_cart_72h_blank_ctrl_74.png,ncih2170_cart_72h_blank_ctrl_74.tif,,/work/users/b/e/behnamie/ecDNA_Data/bioimage_archive/rgb/ncih2170_cart_72h_blank_ctrl_74.tif,/work/users/b/e/behnamie/ecDNA_Data/bioimage_archive/dapi/ncih2170_cart_72h_blank_ctrl_74.tif,/work/users/b/e/behnamie/ecDNA_Data/bioimage_archive/roi_mask/ncih2170_cart_72h_blank_ctrl_74.png,/work/users/b/e/behnamie/ecDNA_Data/bioimage_archive/gt_image/ncih2170_cart_72h_blank_ctrl_74.tif
ncih2170_cart_72h_blank_ctrl_8,NCI-H2170,train,train,True,True,False,False,1,rgb/ncih2170_cart_72h_blank_ctrl_8.tif,dapi/ncih2170_cart_72h_blank_ctrl_8.tif,roi_mask/ncih2170_cart_72h_blank_ctrl_8.png,gt_image/ncih2170_cart_72h_blank_ctrl_8.tif,,132,136,True,True,True,True,ncih2170_cart_72h_blank_ctrl_8.tif,ncih2170_cart_72h_blank_ctrl_8.tif,ncih2170_cart_72h_blank_ctrl_8.png,ncih2170_cart_72h_blank_ctrl_8.tif,,/work/users/b/e/behnamie/ecDNA_Data/bioimage_archive/rgb/ncih2170_cart_72h_blank_ctrl_8.tif,/work/users/b/e/behnamie/ecDNA_Data/bioimage_archive/dapi/ncih2170_cart_72h_blank_ctrl_8.tif,/work/users/b/e/behnamie/ecDNA_Data/bioimage_archive/roi_mask/ncih2170_cart_72h_blank_ctrl_8.png,/work/users/b/e/behnamie/ecDNA_Data/bioimage_archive/gt_image/ncih2170_cart_72h_blank_ctrl_8.tif
ncih2170_cart_72h_blank_ctrl_80,NCI-H2170,train,train,True,True,False,False,1,rgb/ncih2170_cart_72h_blank_ctrl_80.tif,dapi/ncih2170_cart_72h_blank_ctrl_80.tif,roi_mask/ncih2170_cart_72h_blank_ctrl_80.png,gt_image/ncih2170_cart_72h_blank_ctrl_80.tif,,76,76,True,True,True,True,ncih2170_cart_72h_blank_ctrl_80.tif,ncih2170_cart_72h_blank_ctrl_80.tif,ncih2170_cart_72h_blank_ctrl_80.png,ncih2170_cart_72h_blank_ctrl_80.tif,,/work/users/b/e/behnamie/ecDNA_Data/bioimage_archive/rgb/ncih2170_cart_72h_blank_ctrl_80.tif,/work/users/b/e/behnamie/ecDNA_Data/bioimage_archive/dapi/ncih2170_cart_72h_blank_ctrl_80.tif,/work/users/b/e/behnamie/ecDNA_Data/bioimage_archive/roi_mask/ncih2170_cart_72h_blank_ctrl_80.png,/work/users/b/e/behnamie/ecDNA_Data/bioimage_archive/gt_image/ncih2170_cart_72h_blank_ctrl_80.tif
ncih2170_cart_72h_blank_ctrl_82,NCI-H2170,train,train,True,True,False,False,1,rgb/ncih2170_cart_72h_blank_ctrl_82.tif,dapi/ncih2170_cart_72h_blank_ctrl_82.tif,roi_mask/ncih2170_cart_72h_blank_ctrl_82.png,gt_image/ncih2170_cart_72h_blank_ctrl_82.tif,,105,105,True,True,True,True,ncih2170_cart_72h_blank_ctrl_82.tif,ncih2170_cart_72h_blank_ctrl_82.tif,ncih2170_cart_72h_blank_ctrl_82.png,ncih2170_cart_72h_blank_ctrl_82.tif,,/work/users/b/e/behnamie/ecDNA_Data/bioimage_archive/rgb/ncih2170_cart_72h_blank_ctrl_82.tif,/work/users/b/e/behnamie/ecDNA_Data/bioimage_archive/dapi/ncih2170_cart_72h_blank_ctrl_82.tif,/work/users/b/e/behnamie/ecDNA_Data/bioimage_archive/roi_mask/ncih2170_cart_72h_blank_ctrl_82.png,/work/users/b/e/behnamie/ecDNA_Data/bioimage_archive/gt_image/ncih2170_cart_72h_blank_ctrl_82.tif
ncih2170_cart_72h_blank_ctrl_83,NCI-H2170,train,train,True,True,False,False,1,rgb/ncih2170_cart_72h_blank_ctrl_83.tif,dapi/ncih2170_cart_72h_blank_ctrl_83.tif,roi_mask/ncih2170_cart_72h_blank_ctrl_83.png,gt_image/ncih2170_cart_72h_blank_ctrl_83.tif,,35,35,True,True,True,True,ncih2170_cart_72h_blank_ctrl_83.tif,ncih2170_cart_72h_blank_ctrl_83.tif,ncih2170_cart_72h_blank_ctrl_83.png,ncih2170_cart_72h_blank_ctrl_83.tif,,/work/users/b/e/behnamie/ecDNA_Data/bioimage_archive/rgb/ncih2170_cart_72h_blank_ctrl_83.tif,/work/users/b/e/behnamie/ecDNA_Data/bioimage_archive/dapi/ncih2170_cart_72h_blank_ctrl_83.tif,/work/users/b/e/behnamie/ecDNA_Data/bioimage_archive/roi_mask/ncih2170_cart_72h_blank_ctrl_83.png,/work/users/b/e/behnamie/ecDNA_Data/bioimage_archive/gt_image/ncih2170_cart_72h_blank_ctrl_83.tif
ncih2170_cart_72h_blank_ctrl_89,NCI-H2170,train,train,True,True,False,False,1,rgb/ncih2170_cart_72h_blank_ctrl_89.tif,dapi/ncih2170_cart_72h_blank_ctrl_89.tif,roi_mask/ncih2170_cart_72h_blank_ctrl_89.png,gt_image/ncih2170_cart_72h_blank_ctrl_89.tif,,238,238,True,True,True,True,ncih2170_cart_72h_blank_ctrl_89.tif,ncih2170_cart_72h_blank_ctrl_89.tif,ncih2170_cart_72h_blank_ctrl_89.png,ncih2170_cart_72h_blank_ctrl_89.tif,,/work/users/b/e/behnamie/ecDNA_Data/bioimage_archive/rgb/ncih2170_cart_72h_blank_ctrl_89.tif,/work/users/b/e/behnamie/ecDNA_Data/bioimage_archive/dapi/ncih2170_cart_72h_blank_ctrl_89.tif,/work/users/b/e/behnamie/ecDNA_Data/bioimage_archive/roi_mask/ncih2170_cart_72h_blank_ctrl_89.png,/work/users/b/e/behnamie/ecDNA_Data/bioimage_archive/gt_image/ncih2170_cart_72h_blank_ctrl_89.tif
ncih2170_cart_72h_blank_ctrl_92,NCI-H2170,train,train,True,True,False,False,1,rgb/ncih2170_cart_72h_blank_ctrl_92.tif,dapi/ncih2170_cart_72h_blank_ctrl_92.tif,roi_mask/ncih2170_cart_72h_blank_ctrl_92.png,gt_image/ncih2170_cart_72h_blank_ctrl_92.tif,,176,176,True,True,True,True,ncih2170_cart_72h_blank_ctrl_92.tif,ncih2170_cart_72h_blank_ctrl_92.tif,ncih2170_cart_72h_blank_ctrl_92.png,ncih2170_cart_72h_blank_ctrl_92.tif,,/work/users/b/e/behnamie/ecDNA_Data/bioimage_archive/rgb/ncih2170_cart_72h_blank_ctrl_92.tif,/work/users/b/e/behnamie/ecDNA_Data/bioimage_archive/dapi/ncih2170_cart_72h_blank_ctrl_92.tif,/work/users/b/e/behnamie/ecDNA_Data/bioimage_archive/roi_mask/ncih2170_cart_72h_blank_ctrl_92.png,/work/users/b/e/behnamie/ecDNA_Data/bioimage_archive/gt_image/ncih2170_cart_72h_blank_ctrl_92.tif
ncih2170_cart_72h_blank_ctrl_98,NCI-H2170,train,train,True,True,False,False,1,rgb/ncih2170_cart_72h_blank_ctrl_98.tif,dapi/ncih2170_cart_72h_blank_ctrl_98.tif,roi_mask/ncih2170_cart_72h_blank_ctrl_98.png,gt_image/ncih2170_cart_72h_blank_ctrl_98.tif,,257,258,True,True,True,True,ncih2170_cart_72h_blank_ctrl_98.tif,ncih2170_cart_72h_blank_ctrl_98.tif,ncih2170_cart_72h_blank_ctrl_98.png,ncih2170_cart_72h_blank_ctrl_98.tif,,/work/users/b/e/behnamie/ecDNA_Data/bioimage_archive/rgb/ncih2170_cart_72h_blank_ctrl_98.tif,/work/users/b/e/behnamie/ecDNA_Data/bioimage_archive/dapi/ncih2170_cart_72h_blank_ctrl_98.tif,/work/users/b/e/behnamie/ecDNA_Data/bioimage_archive/roi_mask/ncih2170_cart_72h_blank_ctrl_98.png,/work/users/b/e/behnamie/ecDNA_Data/bioimage_archive/gt_image/ncih2170_cart_72h_blank_ctrl_98.tif
ncih2170_cart_72h_cart_1,NCI-H2170,train,train,True,True,False,False,1,rgb/ncih2170_cart_72h_cart_1.tif,dapi/ncih2170_cart_72h_cart_1.tif,roi_mask/ncih2170_cart_72h_cart_1.png,gt_image/ncih2170_cart_72h_cart_1.tif,,75,75,True,True,True,True,ncih2170_cart_72h_cart_1.tif,ncih2170_cart_72h_cart_1.tif,ncih2170_cart_72h_cart_1.png,ncih2170_cart_72h_cart_1.tif,,/work/users/b/e/behnamie/ecDNA_Data/bioimage_archive/rgb/ncih2170_cart_72h_cart_1.tif,/work/users/b/e/behnamie/ecDNA_Data/bioimage_archive/dapi/ncih2170_cart_72h_cart_1.tif,/work/users/b/e/behnamie/ecDNA_Data/bioimage_archive/roi_mask/ncih2170_cart_72h_cart_1.png,/work/users/b/e/behnamie/ecDNA_Data/bioimage_archive/gt_image/ncih2170_cart_72h_cart_1.tif
ncih2170_cart_72h_cart_100,NCI-H2170,train,train,True,True,False,False,1,rgb/ncih2170_cart_72h_cart_100.tif,dapi/ncih2170_cart_72h_cart_100.tif,roi_mask/ncih2170_cart_72h_cart_100.png,gt_image/ncih2170_cart_72h_cart_100.tif,,664,671,True,True,True,True,ncih2170_cart_72h_cart_100.tif,ncih2170_cart_72h_cart_100.tif,ncih2170_cart_72h_cart_100.png,ncih2170_cart_72h_cart_100.tif,,/work/users/b/e/behnamie/ecDNA_Data/bioimage_archive/rgb/ncih2170_cart_72h_cart_100.tif,/work/users/b/e/behnamie/ecDNA_Data/bioimage_archive/dapi/ncih2170_cart_72h_cart_100.tif,/work/users/b/e/behnamie/ecDNA_Data/bioimage_archive/roi_mask/ncih2170_cart_72h_cart_100.png,/work/users/b/e/behnamie/ecDNA_Data/bioimage_archive/gt_image/ncih2170_cart_72h_cart_100.tif
ncih2170_cart_72h_cart_16,NCI-H2170,train,train,True,True,False,False,1,rgb/ncih2170_cart_72h_cart_16.tif,dapi/ncih2170_cart_72h_cart_16.tif,roi_mask/ncih2170_cart_72h_cart_16.png,gt_image/ncih2170_cart_72h_cart_16.tif,,16,16,True,True,True,True,ncih2170_cart_72h_cart_16.tif,ncih2170_cart_72h_cart_16.tif,ncih2170_cart_72h_cart_16.png,ncih2170_cart_72h_cart_16.tif,,/work/users/b/e/behnamie/ecDNA_Data/bioimage_archive/rgb/ncih2170_cart_72h_cart_16.tif,/work/users/b/e/behnamie/ecDNA_Data/bioimage_archive/dapi/ncih2170_cart_72h_cart_16.tif,/work/users/b/e/behnamie/ecDNA_Data/bioimage_archive/roi_mask/ncih2170_cart_72h_cart_16.png,/work/users/b/e/behnamie/ecDNA_Data/bioimage_archive/gt_image/ncih2170_cart_72h_cart_16.tif
ncih2170_cart_72h_cart_17,NCI-H2170,train,train,True,True,False,False,1,rgb/ncih2170_cart_72h_cart_17.tif,dapi/ncih2170_cart_72h_cart_17.tif,roi_mask/ncih2170_cart_72h_cart_17.png,gt_image/ncih2170_cart_72h_cart_17.tif,,44,44,True,True,True,True,ncih2170_cart_72h_cart_17.tif,ncih2170_cart_72h_cart_17.tif,ncih2170_cart_72h_cart_17.png,ncih2170_cart_72h_cart_17.tif,,/work/users/b/e/behnamie/ecDNA_Data/bioimage_archive/rgb/ncih2170_cart_72h_cart_17.tif,/work/users/b/e/behnamie/ecDNA_Data/bioimage_archive/dapi/ncih2170_cart_72h_cart_17.tif,/work/users/b/e/behnamie/ecDNA_Data/bioimage_archive/roi_mask/ncih2170_cart_72h_cart_17.png,/work/users/b/e/behnamie/ecDNA_Data/bioimage_archive/gt_image/ncih2170_cart_72h_cart_17.tif
ncih2170_cart_72h_cart_20,NCI-H2170,train,train,True,True,False,False,1,rgb/ncih2170_cart_72h_cart_20.tif,dapi/ncih2170_cart_72h_cart_20.tif,roi_mask/ncih2170_cart_72h_cart_20.png,gt_image/ncih2170_cart_72h_cart_20.tif,,53,53,True,True,True,True,ncih2170_cart_72h_cart_20.tif,ncih2170_cart_72h_cart_20.tif,ncih2170_cart_72h_cart_20.png,ncih2170_cart_72h_cart_20.tif,,/work/users/b/e/behnamie/ecDNA_Data/bioimage_archive/rgb/ncih2170_cart_72h_cart_20.tif,/work/users/b/e/behnamie/ecDNA_Data/bioimage_archive/dapi/ncih2170_cart_72h_cart_20.tif,/work/users/b/e/behnamie/ecDNA_Data/bioimage_archive/roi_mask/ncih2170_cart_72h_cart_20.png,/work/users/b/e/behnamie/ecDNA_Data/bioimage_archive/gt_image/ncih2170_cart_72h_cart_20.tif
ncih2170_cart_72h_cart_22,NCI-H2170,train,train,True,True,False,False,1,rgb/ncih2170_cart_72h_cart_22.tif,dapi/ncih2170_cart_72h_cart_22.tif,roi_mask/ncih2170_cart_72h_cart_22.png,gt_image/ncih2170_cart_72h_cart_22.tif,,15,15,True,True,True,True,ncih2170_cart_72h_cart_22.tif,ncih2170_cart_72h_cart_22.tif,ncih2170_cart_72h_cart_22.png,ncih2170_cart_72h_cart_22.tif,,/work/users/b/e/behnamie/ecDNA_Data/bioimage_archive/rgb/ncih2170_cart_72h_cart_22.tif,/work/users/b/e/behnamie/ecDNA_Data/bioimage_archive/dapi/ncih2170_cart_72h_cart_22.tif,/work/users/b/e/behnamie/ecDNA_Data/bioimage_archive/roi_mask/ncih2170_cart_72h_cart_22.png,/work/users/b/e/behnamie/ecDNA_Data/bioimage_archive/gt_image/ncih2170_cart_72h_cart_22.tif
ncih2170_cart_72h_cart_27,NCI-H2170,train,train,True,True,False,False,1,rgb/ncih2170_cart_72h_cart_27.tif,dapi/ncih2170_cart_72h_cart_27.tif,roi_mask/ncih2170_cart_72h_cart_27.png,gt_image/ncih2170_cart_72h_cart_27.tif,,71,71,True,True,True,True,ncih2170_cart_72h_cart_27.tif,ncih2170_cart_72h_cart_27.tif,ncih2170_cart_72h_cart_27.png,ncih2170_cart_72h_cart_27.tif,,/work/users/b/e/behnamie/ecDNA_Data/bioimage_archive/rgb/ncih2170_cart_72h_cart_27.tif,/work/users/b/e/behnamie/ecDNA_Data/bioimage_archive/dapi/ncih2170_cart_72h_cart_27.tif,/work/users/b/e/behnamie/ecDNA_Data/bioimage_archive/roi_mask/ncih2170_cart_72h_cart_27.png,/work/users/b/e/behnamie/ecDNA_Data/bioimage_archive/gt_image/ncih2170_cart_72h_cart_27.tif
ncih2170_cart_72h_cart_31,NCI-H2170,train,train,True,True,False,False,1,rgb/ncih2170_cart_72h_cart_31.tif,dapi/ncih2170_cart_72h_cart_31.tif,roi_mask/ncih2170_cart_72h_cart_31.png,gt_image/ncih2170_cart_72h_cart_31.tif,,119,119,True,True,True,True,ncih2170_cart_72h_cart_31.tif,ncih2170_cart_72h_cart_31.tif,ncih2170_cart_72h_cart_31.png,ncih2170_cart_72h_cart_31.tif,,/work/users/b/e/behnamie/ecDNA_Data/bioimage_archive/rgb/ncih2170_cart_72h_cart_31.tif,/work/users/b/e/behnamie/ecDNA_Data/bioimage_archive/dapi/ncih2170_cart_72h_cart_31.tif,/work/users/b/e/behnamie/ecDNA_Data/bioimage_archive/roi_mask/ncih2170_cart_72h_cart_31.png,/work/users/b/e/behnamie/ecDNA_Data/bioimage_archive/gt_image/ncih2170_cart_72h_cart_31.tif
ncih2170_cart_72h_cart_32,NCI-H2170,train,train,True,True,False,False,1,rgb/ncih2170_cart_72h_cart_32.tif,dapi/ncih2170_cart_72h_cart_32.tif,roi_mask/ncih2170_cart_72h_cart_32.png,gt_image/ncih2170_cart_72h_cart_32.tif,,74,75,True,True,True,True,ncih2170_cart_72h_cart_32.tif,ncih2170_cart_72h_cart_32.tif,ncih2170_cart_72h_cart_32.png,ncih2170_cart_72h_cart_32.tif,,/work/users/b/e/behnamie/ecDNA_Data/bioimage_archive/rgb/ncih2170_cart_72h_cart_32.tif,/work/users/b/e/behnamie/ecDNA_Data/bioimage_archive/dapi/ncih2170_cart_72h_cart_32.tif,/work/users/b/e/behnamie/ecDNA_Data/bioimage_archive/roi_mask/ncih2170_cart_72h_cart_32.png,/work/users/b/e/behnamie/ecDNA_Data/bioimage_archive/gt_image/ncih2170_cart_72h_cart_32.tif
ncih2170_cart_72h_cart_33,NCI-H2170,train,train,True,True,False,False,1,rgb/ncih2170_cart_72h_cart_33.tif,dapi/ncih2170_cart_72h_cart_33.tif,roi_mask/ncih2170_cart_72h_cart_33.png,gt_image/ncih2170_cart_72h_cart_33.tif,,117,117,True,True,True,True,ncih2170_cart_72h_cart_33.tif,ncih2170_cart_72h_cart_33.tif,ncih2170_cart_72h_cart_33.png,ncih2170_cart_72h_cart_33.tif,,/work/users/b/e/behnamie/ecDNA_Data/bioimage_archive/rgb/ncih2170_cart_72h_cart_33.tif,/work/users/b/e/behnamie/ecDNA_Data/bioimage_archive/dapi/ncih2170_cart_72h_cart_33.tif,/work/users/b/e/behnamie/ecDNA_Data/bioimage_archive/roi_mask/ncih2170_cart_72h_cart_33.png,/work/users/b/e/behnamie/ecDNA_Data/bioimage_archive/gt_image/ncih2170_cart_72h_cart_33.tif
ncih2170_cart_72h_cart_4,NCI-H2170,train,train,True,True,False,False,1,rgb/ncih2170_cart_72h_cart_4.tif,dapi/ncih2170_cart_72h_cart_4.tif,roi_mask/ncih2170_cart_72h_cart_4.png,gt_image/ncih2170_cart_72h_cart_4.tif,,41,44,True,True,True,True,ncih2170_cart_72h_cart_4.tif,ncih2170_cart_72h_cart_4.tif,ncih2170_cart_72h_cart_4.png,ncih2170_cart_72h_cart_4.tif,,/work/users/b/e/behnamie/ecDNA_Data/bioimage_archive/rgb/ncih2170_cart_72h_cart_4.tif,/work/users/b/e/behnamie/ecDNA_Data/bioimage_archive/dapi/ncih2170_cart_72h_cart_4.tif,/work/users/b/e/behnamie/ecDNA_Data/bioimage_archive/roi_mask/ncih2170_cart_72h_cart_4.png,/work/users/b/e/behnamie/ecDNA_Data/bioimage_archive/gt_image/ncih2170_cart_72h_cart_4.tif
ncih2170_cart_72h_cart_40,NCI-H2170,train,train,True,True,False,False,1,rgb/ncih2170_cart_72h_cart_40.tif,dapi/ncih2170_cart_72h_cart_40.tif,roi_mask/ncih2170_cart_72h_cart_40.png,gt_image/ncih2170_cart_72h_cart_40.tif,,22,22,True,True,True,True,ncih2170_cart_72h_cart_40.tif,ncih2170_cart_72h_cart_40.tif,ncih2170_cart_72h_cart_40.png,ncih2170_cart_72h_cart_40.tif,,/work/users/b/e/behnamie/ecDNA_Data/bioimage_archive/rgb/ncih2170_cart_72h_cart_40.tif,/work/users/b/e/behnamie/ecDNA_Data/bioimage_archive/dapi/ncih2170_cart_72h_cart_40.tif,/work/users/b/e/behnamie/ecDNA_Data/bioimage_archive/roi_mask/ncih2170_cart_72h_cart_40.png,/work/users/b/e/behnamie/ecDNA_Data/bioimage_archive/gt_image/ncih2170_cart_72h_cart_40.tif
ncih2170_cart_72h_cart_47,NCI-H2170,train,train,True,True,False,False,1,rgb/ncih2170_cart_72h_cart_47.tif,dapi/ncih2170_cart_72h_cart_47.tif,roi_mask/ncih2170_cart_72h_cart_47.png,gt_image/ncih2170_cart_72h_cart_47.tif,,81,81,True,True,True,True,ncih2170_cart_72h_cart_47.tif,ncih2170_cart_72h_cart_47.tif,ncih2170_cart_72h_cart_47.png,ncih2170_cart_72h_cart_47.tif,,/work/users/b/e/behnamie/ecDNA_Data/bioimage_archive/rgb/ncih2170_cart_72h_cart_47.tif,/work/users/b/e/behnamie/ecDNA_Data/bioimage_archive/dapi/ncih2170_cart_72h_cart_47.tif,/work/users/b/e/behnamie/ecDNA_Data/bioimage_archive/roi_mask/ncih2170_cart_72h_cart_47.png,/work/users/b/e/behnamie/ecDNA_Data/bioimage_archive/gt_image/ncih2170_cart_72h_cart_47.tif
ncih2170_cart_72h_cart_49,NCI-H2170,train,train,True,True,False,False,1,rgb/ncih2170_cart_72h_cart_49.tif,dapi/ncih2170_cart_72h_cart_49.tif,roi_mask/ncih2170_cart_72h_cart_49.png,gt_image/ncih2170_cart_72h_cart_49.tif,,18,18,True,True,True,True,ncih2170_cart_72h_cart_49.tif,ncih2170_cart_72h_cart_49.tif,ncih2170_cart_72h_cart_49.png,ncih2170_cart_72h_cart_49.tif,,/work/users/b/e/behnamie/ecDNA_Data/bioimage_archive/rgb/ncih2170_cart_72h_cart_49.tif,/work/users/b/e/behnamie/ecDNA_Data/bioimage_archive/dapi/ncih2170_cart_72h_cart_49.tif,/work/users/b/e/behnamie/ecDNA_Data/bioimage_archive/roi_mask/ncih2170_cart_72h_cart_49.png,/work/users/b/e/behnamie/ecDNA_Data/bioimage_archive/gt_image/ncih2170_cart_72h_cart_49.tif
ncih2170_cart_72h_cart_5,NCI-H2170,train,train,True,True,False,False,1,rgb/ncih2170_cart_72h_cart_5.tif,dapi/ncih2170_cart_72h_cart_5.tif,roi_mask/ncih2170_cart_72h_cart_5.png,gt_image/ncih2170_cart_72h_cart_5.tif,,27,27,True,True,True,True,ncih2170_cart_72h_cart_5.tif,ncih2170_cart_72h_cart_5.tif,ncih2170_cart_72h_cart_5.png,ncih2170_cart_72h_cart_5.tif,,/work/users/b/e/behnamie/ecDNA_Data/bioimage_archive/rgb/ncih2170_cart_72h_cart_5.tif,/work/users/b/e/behnamie/ecDNA_Data/bioimage_archive/dapi/ncih2170_cart_72h_cart_5.tif,/work/users/b/e/behnamie/ecDNA_Data/bioimage_archive/roi_mask/ncih2170_cart_72h_cart_5.png,/work/users/b/e/behnamie/ecDNA_Data/bioimage_archive/gt_image/ncih2170_cart_72h_cart_5.tif
ncih2170_cart_72h_cart_57,NCI-H2170,train,train,True,True,False,False,1,rgb/ncih2170_cart_72h_cart_57.tif,dapi/ncih2170_cart_72h_cart_57.tif,roi_mask/ncih2170_cart_72h_cart_57.png,gt_image/ncih2170_cart_72h_cart_57.tif,,99,99,True,True,True,True,ncih2170_cart_72h_cart_57.tif,ncih2170_cart_72h_cart_57.tif,ncih2170_cart_72h_cart_57.png,ncih2170_cart_72h_cart_57.tif,,/work/users/b/e/behnamie/ecDNA_Data/bioimage_archive/rgb/ncih2170_cart_72h_cart_57.tif,/work/users/b/e/behnamie/ecDNA_Data/bioimage_archive/dapi/ncih2170_cart_72h_cart_57.tif,/work/users/b/e/behnamie/ecDNA_Data/bioimage_archive/roi_mask/ncih2170_cart_72h_cart_57.png,/work/users/b/e/behnamie/ecDNA_Data/bioimage_archive/gt_image/ncih2170_cart_72h_cart_57.tif
ncih2170_cart_72h_cart_60,NCI-H2170,train,train,True,True,False,False,1,rgb/ncih2170_cart_72h_cart_60.tif,dapi/ncih2170_cart_72h_cart_60.tif,roi_mask/ncih2170_cart_72h_cart_60.png,gt_image/ncih2170_cart_72h_cart_60.tif,,30,30,True,True,True,True,ncih2170_cart_72h_cart_60.tif,ncih2170_cart_72h_cart_60.tif,ncih2170_cart_72h_cart_60.png,ncih2170_cart_72h_cart_60.tif,,/work/users/b/e/behnamie/ecDNA_Data/bioimage_archive/rgb/ncih2170_cart_72h_cart_60.tif,/work/users/b/e/behnamie/ecDNA_Data/bioimage_archive/dapi/ncih2170_cart_72h_cart_60.tif,/work/users/b/e/behnamie/ecDNA_Data/bioimage_archive/roi_mask/ncih2170_cart_72h_cart_60.png,/work/users/b/e/behnamie/ecDNA_Data/bioimage_archive/gt_image/ncih2170_cart_72h_cart_60.tif
ncih2170_cart_72h_cart_64,NCI-H2170,train,train,True,True,False,False,1,rgb/ncih2170_cart_72h_cart_64.tif,dapi/ncih2170_cart_72h_cart_64.tif,roi_mask/ncih2170_cart_72h_cart_64.png,gt_image/ncih2170_cart_72h_cart_64.tif,,78,78,True,True,True,True,ncih2170_cart_72h_cart_64.tif,ncih2170_cart_72h_cart_64.tif,ncih2170_cart_72h_cart_64.png,ncih2170_cart_72h_cart_64.tif,,/work/users/b/e/behnamie/ecDNA_Data/bioimage_archive/rgb/ncih2170_cart_72h_cart_64.tif,/work/users/b/e/behnamie/ecDNA_Data/bioimage_archive/dapi/ncih2170_cart_72h_cart_64.tif,/work/users/b/e/behnamie/ecDNA_Data/bioimage_archive/roi_mask/ncih2170_cart_72h_cart_64.png,/work/users/b/e/behnamie/ecDNA_Data/bioimage_archive/gt_image/ncih2170_cart_72h_cart_64.tif
ncih2170_cart_72h_cart_73,NCI-H2170,train,train,True,True,False,False,1,rgb/ncih2170_cart_72h_cart_73.tif,dapi/ncih2170_cart_72h_cart_73.tif,roi_mask/ncih2170_cart_72h_cart_73.png,gt_image/ncih2170_cart_72h_cart_73.tif,,73,73,True,True,True,True,ncih2170_cart_72h_cart_73.tif,ncih2170_cart_72h_cart_73.tif,ncih2170_cart_72h_cart_73.png,ncih2170_cart_72h_cart_73.tif,,/work/users/b/e/behnamie/ecDNA_Data/bioimage_archive/rgb/ncih2170_cart_72h_cart_73.tif,/work/users/b/e/behnamie/ecDNA_Data/bioimage_archive/dapi/ncih2170_cart_72h_cart_73.tif,/work/users/b/e/behnamie/ecDNA_Data/bioimage_archive/roi_mask/ncih2170_cart_72h_cart_73.png,/work/users/b/e/behnamie/ecDNA_Data/bioimage_archive/gt_image/ncih2170_cart_72h_cart_73.tif
ncih2170_cart_72h_cart_78,NCI-H2170,train,train,True,True,False,False,1,rgb/ncih2170_cart_72h_cart_78.tif,dapi/ncih2170_cart_72h_cart_78.tif,roi_mask/ncih2170_cart_72h_cart_78.png,gt_image/ncih2170_cart_72h_cart_78.tif,,112,112,True,True,True,True,ncih2170_cart_72h_cart_78.tif,ncih2170_cart_72h_cart_78.tif,ncih2170_cart_72h_cart_78.png,ncih2170_cart_72h_cart_78.tif,,/work/users/b/e/behnamie/ecDNA_Data/bioimage_archive/rgb/ncih2170_cart_72h_cart_78.tif,/work/users/b/e/behnamie/ecDNA_Data/bioimage_archive/dapi/ncih2170_cart_72h_cart_78.tif,/work/users/b/e/behnamie/ecDNA_Data/bioimage_archive/roi_mask/ncih2170_cart_72h_cart_78.png,/work/users/b/e/behnamie/ecDNA_Data/bioimage_archive/gt_image/ncih2170_cart_72h_cart_78.tif
ncih2170_cart_72h_cart_80,NCI-H2170,train,train,True,True,False,False,1,rgb/ncih2170_cart_72h_cart_80.tif,dapi/ncih2170_cart_72h_cart_80.tif,roi_mask/ncih2170_cart_72h_cart_80.png,gt_image/ncih2170_cart_72h_cart_80.tif,,244,245,True,True,True,True,ncih2170_cart_72h_cart_80.tif,ncih2170_cart_72h_cart_80.tif,ncih2170_cart_72h_cart_80.png,ncih2170_cart_72h_cart_80.tif,,/work/users/b/e/behnamie/ecDNA_Data/bioimage_archive/rgb/ncih2170_cart_72h_cart_80.tif,/work/users/b/e/behnamie/ecDNA_Data/bioimage_archive/dapi/ncih2170_cart_72h_cart_80.tif,/work/users/b/e/behnamie/ecDNA_Data/bioimage_archive/roi_mask/ncih2170_cart_72h_cart_80.png,/work/users/b/e/behnamie/ecDNA_Data/bioimage_archive/gt_image/ncih2170_cart_72h_cart_80.tif
ncih2170_cart_72h_cart_82,NCI-H2170,train,train,True,True,False,False,1,rgb/ncih2170_cart_72h_cart_82.tif,dapi/ncih2170_cart_72h_cart_82.tif,roi_mask/ncih2170_cart_72h_cart_82.png,gt_image/ncih2170_cart_72h_cart_82.tif,,69,69,True,True,True,True,ncih2170_cart_72h_cart_82.tif,ncih2170_cart_72h_cart_82.tif,ncih2170_cart_72h_cart_82.png,ncih2170_cart_72h_cart_82.tif,,/work/users/b/e/behnamie/ecDNA_Data/bioimage_archive/rgb/ncih2170_cart_72h_cart_82.tif,/work/users/b/e/behnamie/ecDNA_Data/bioimage_archive/dapi/ncih2170_cart_72h_cart_82.tif,/work/users/b/e/behnamie/ecDNA_Data/bioimage_archive/roi_mask/ncih2170_cart_72h_cart_82.png,/work/users/b/e/behnamie/ecDNA_Data/bioimage_archive/gt_image/ncih2170_cart_72h_cart_82.tif
ncih2170_cart_72h_cart_83,NCI-H2170,train,train,True,True,False,False,1,rgb/ncih2170_cart_72h_cart_83.tif,dapi/ncih2170_cart_72h_cart_83.tif,roi_mask/ncih2170_cart_72h_cart_83.png,gt_image/ncih2170_cart_72h_cart_83.tif,,102,102,True,True,True,True,ncih2170_cart_72h_cart_83.tif,ncih2170_cart_72h_cart_83.tif,ncih2170_cart_72h_cart_83.png,ncih2170_cart_72h_cart_83.tif,,/work/users/b/e/behnamie/ecDNA_Data/bioimage_archive/rgb/ncih2170_cart_72h_cart_83.tif,/work/users/b/e/behnamie/ecDNA_Data/bioimage_archive/dapi/ncih2170_cart_72h_cart_83.tif,/work/users/b/e/behnamie/ecDNA_Data/bioimage_archive/roi_mask/ncih2170_cart_72h_cart_83.png,/work/users/b/e/behnamie/ecDNA_Data/bioimage_archive/gt_image/ncih2170_cart_72h_cart_83.tif
ncih2170_cart_72h_cart_88,NCI-H2170,train,train,True,True,False,False,1,rgb/ncih2170_cart_72h_cart_88.tif,dapi/ncih2170_cart_72h_cart_88.tif,roi_mask/ncih2170_cart_72h_cart_88.png,gt_image/ncih2170_cart_72h_cart_88.tif,,111,112,True,True,True,True,ncih2170_cart_72h_cart_88.tif,ncih2170_cart_72h_cart_88.tif,ncih2170_cart_72h_cart_88.png,ncih2170_cart_72h_cart_88.tif,,/work/users/b/e/behnamie/ecDNA_Data/bioimage_archive/rgb/ncih2170_cart_72h_cart_88.tif,/work/users/b/e/behnamie/ecDNA_Data/bioimage_archive/dapi/ncih2170_cart_72h_cart_88.tif,/work/users/b/e/behnamie/ecDNA_Data/bioimage_archive/roi_mask/ncih2170_cart_72h_cart_88.png,/work/users/b/e/behnamie/ecDNA_Data/bioimage_archive/gt_image/ncih2170_cart_72h_cart_88.tif
ncih2170_cart_72h_cart_89,NCI-H2170,train,train,True,True,False,False,1,rgb/ncih2170_cart_72h_cart_89.tif,dapi/ncih2170_cart_72h_cart_89.tif,roi_mask/ncih2170_cart_72h_cart_89.png,gt_image/ncih2170_cart_72h_cart_89.tif,,497,511,True,True,True,True,ncih2170_cart_72h_cart_89.tif,ncih2170_cart_72h_cart_89.tif,ncih2170_cart_72h_cart_89.png,ncih2170_cart_72h_cart_89.tif,,/work/users/b/e/behnamie/ecDNA_Data/bioimage_archive/rgb/ncih2170_cart_72h_cart_89.tif,/work/users/b/e/behnamie/ecDNA_Data/bioimage_archive/dapi/ncih2170_cart_72h_cart_89.tif,/work/users/b/e/behnamie/ecDNA_Data/bioimage_archive/roi_mask/ncih2170_cart_72h_cart_89.png,/work/users/b/e/behnamie/ecDNA_Data/bioimage_archive/gt_image/ncih2170_cart_72h_cart_89.tif
ncih2170_cart_72h_cart_90,NCI-H2170,train,train,True,True,False,False,1,rgb/ncih2170_cart_72h_cart_90.tif,dapi/ncih2170_cart_72h_cart_90.tif,roi_mask/ncih2170_cart_72h_cart_90.png,gt_image/ncih2170_cart_72h_cart_90.tif,,175,187,True,True,True,True,ncih2170_cart_72h_cart_90.tif,ncih2170_cart_72h_cart_90.tif,ncih2170_cart_72h_cart_90.png,ncih2170_cart_72h_cart_90.tif,,/work/users/b/e/behnamie/ecDNA_Data/bioimage_archive/rgb/ncih2170_cart_72h_cart_90.tif,/work/users/b/e/behnamie/ecDNA_Data/bioimage_archive/dapi/ncih2170_cart_72h_cart_90.tif,/work/users/b/e/behnamie/ecDNA_Data/bioimage_archive/roi_mask/ncih2170_cart_72h_cart_90.png,/work/users/b/e/behnamie/ecDNA_Data/bioimage_archive/gt_image/ncih2170_cart_72h_cart_90.tif
ncih2170_cart_72h_cart_91,NCI-H2170,train,train,True,True,False,False,1,rgb/ncih2170_cart_72h_cart_91.tif,dapi/ncih2170_cart_72h_cart_91.tif,roi_mask/ncih2170_cart_72h_cart_91.png,gt_image/ncih2170_cart_72h_cart_91.tif,,382,390,True,True,True,True,ncih2170_cart_72h_cart_91.tif,ncih2170_cart_72h_cart_91.tif,ncih2170_cart_72h_cart_91.png,ncih2170_cart_72h_cart_91.tif,,/work/users/b/e/behnamie/ecDNA_Data/bioimage_archive/rgb/ncih2170_cart_72h_cart_91.tif,/work/users/b/e/behnamie/ecDNA_Data/bioimage_archive/dapi/ncih2170_cart_72h_cart_91.tif,/work/users/b/e/behnamie/ecDNA_Data/bioimage_archive/roi_mask/ncih2170_cart_72h_cart_91.png,/work/users/b/e/behnamie/ecDNA_Data/bioimage_archive/gt_image/ncih2170_cart_72h_cart_91.tif
ncih2170_cart_72h_cart_93,NCI-H2170,train,train,True,True,False,False,1,rgb/ncih2170_cart_72h_cart_93.tif,dapi/ncih2170_cart_72h_cart_93.tif,roi_mask/ncih2170_cart_72h_cart_93.png,gt_image/ncih2170_cart_72h_cart_93.tif,,184,188,True,True,True,True,ncih2170_cart_72h_cart_93.tif,ncih2170_cart_72h_cart_93.tif,ncih2170_cart_72h_cart_93.png,ncih2170_cart_72h_cart_93.tif,,/work/users/b/e/behnamie/ecDNA_Data/bioimage_archive/rgb/ncih2170_cart_72h_cart_93.tif,/work/users/b/e/behnamie/ecDNA_Data/bioimage_archive/dapi/ncih2170_cart_72h_cart_93.tif,/work/users/b/e/behnamie/ecDNA_Data/bioimage_archive/roi_mask/ncih2170_cart_72h_cart_93.png,/work/users/b/e/behnamie/ecDNA_Data/bioimage_archive/gt_image/ncih2170_cart_72h_cart_93.tif
ncih2170_cart_72h_cart_95,NCI-H2170,train,train,True,True,False,False,1,rgb/ncih2170_cart_72h_cart_95.tif,dapi/ncih2170_cart_72h_cart_95.tif,roi_mask/ncih2170_cart_72h_cart_95.png,gt_image/ncih2170_cart_72h_cart_95.tif,,318,325,True,True,True,True,ncih2170_cart_72h_cart_95.tif,ncih2170_cart_72h_cart_95.tif,ncih2170_cart_72h_cart_95.png,ncih2170_cart_72h_cart_95.tif,,/work/users/b/e/behnamie/ecDNA_Data/bioimage_archive/rgb/ncih2170_cart_72h_cart_95.tif,/work/users/b/e/behnamie/ecDNA_Data/bioimage_archive/dapi/ncih2170_cart_72h_cart_95.tif,/work/users/b/e/behnamie/ecDNA_Data/bioimage_archive/roi_mask/ncih2170_cart_72h_cart_95.png,/work/users/b/e/behnamie/ecDNA_Data/bioimage_archive/gt_image/ncih2170_cart_72h_cart_95.tif
ncih2170_cart_72h_cart_96,NCI-H2170,train,train,True,True,False,False,1,rgb/ncih2170_cart_72h_cart_96.tif,dapi/ncih2170_cart_72h_cart_96.tif,roi_mask/ncih2170_cart_72h_cart_96.png,gt_image/ncih2170_cart_72h_cart_96.tif,,105,105,True,True,True,True,ncih2170_cart_72h_cart_96.tif,ncih2170_cart_72h_cart_96.tif,ncih2170_cart_72h_cart_96.png,ncih2170_cart_72h_cart_96.tif,,/work/users/b/e/behnamie/ecDNA_Data/bioimage_archive/rgb/ncih2170_cart_72h_cart_96.tif,/work/users/b/e/behnamie/ecDNA_Data/bioimage_archive/dapi/ncih2170_cart_72h_cart_96.tif,/work/users/b/e/behnamie/ecDNA_Data/bioimage_archive/roi_mask/ncih2170_cart_72h_cart_96.png,/work/users/b/e/behnamie/ecDNA_Data/bioimage_archive/gt_image/ncih2170_cart_72h_cart_96.tif
ncih2170_cart_72h_cart_97,NCI-H2170,train,train,True,True,False,False,1,rgb/ncih2170_cart_72h_cart_97.tif,dapi/ncih2170_cart_72h_cart_97.tif,roi_mask/ncih2170_cart_72h_cart_97.png,gt_image/ncih2170_cart_72h_cart_97.tif,,181,183,True,True,True,True,ncih2170_cart_72h_cart_97.tif,ncih2170_cart_72h_cart_97.tif,ncih2170_cart_72h_cart_97.png,ncih2170_cart_72h_cart_97.tif,,/work/users/b/e/behnamie/ecDNA_Data/bioimage_archive/rgb/ncih2170_cart_72h_cart_97.tif,/work/users/b/e/behnamie/ecDNA_Data/bioimage_archive/dapi/ncih2170_cart_72h_cart_97.tif,/work/users/b/e/behnamie/ecDNA_Data/bioimage_archive/roi_mask/ncih2170_cart_72h_cart_97.png,/work/users/b/e/behnamie/ecDNA_Data/bioimage_archive/gt_image/ncih2170_cart_72h_cart_97.tif
ncih2170_cart_72h_cart_99,NCI-H2170,train,train,True,True,False,False,1,rgb/ncih2170_cart_72h_cart_99.tif,dapi/ncih2170_cart_72h_cart_99.tif,roi_mask/ncih2170_cart_72h_cart_99.png,gt_image/ncih2170_cart_72h_cart_99.tif,,179,184,True,True,True,True,ncih2170_cart_72h_cart_99.tif,ncih2170_cart_72h_cart_99.tif,ncih2170_cart_72h_cart_99.png,ncih2170_cart_72h_cart_99.tif,,/work/users/b/e/behnamie/ecDNA_Data/bioimage_archive/rgb/ncih2170_cart_72h_cart_99.tif,/work/users/b/e/behnamie/ecDNA_Data/bioimage_archive/dapi/ncih2170_cart_72h_cart_99.tif,/work/users/b/e/behnamie/ecDNA_Data/bioimage_archive/roi_mask/ncih2170_cart_72h_cart_99.png,/work/users/b/e/behnamie/ecDNA_Data/bioimage_archive/gt_image/ncih2170_cart_72h_cart_99.tif
ncih2170_cart_72h_nt_ctrl_10,NCI-H2170,train,train,True,True,False,False,1,rgb/ncih2170_cart_72h_nt_ctrl_10.tif,dapi/ncih2170_cart_72h_nt_ctrl_10.tif,roi_mask/ncih2170_cart_72h_nt_ctrl_10.png,gt_image/ncih2170_cart_72h_nt_ctrl_10.tif,,76,76,True,True,True,True,ncih2170_cart_72h_nt_ctrl_10.tif,ncih2170_cart_72h_nt_ctrl_10.tif,ncih2170_cart_72h_nt_ctrl_10.png,ncih2170_cart_72h_nt_ctrl_10.tif,,/work/users/b/e/behnamie/ecDNA_Data/bioimage_archive/rgb/ncih2170_cart_72h_nt_ctrl_10.tif,/work/users/b/e/behnamie/ecDNA_Data/bioimage_archive/dapi/ncih2170_cart_72h_nt_ctrl_10.tif,/work/users/b/e/behnamie/ecDNA_Data/bioimage_archive/roi_mask/ncih2170_cart_72h_nt_ctrl_10.png,/work/users/b/e/behnamie/ecDNA_Data/bioimage_archive/gt_image/ncih2170_cart_72h_nt_ctrl_10.tif
ncih2170_cart_72h_nt_ctrl_100,NCI-H2170,train,train,True,True,False,False,1,rgb/ncih2170_cart_72h_nt_ctrl_100.tif,dapi/ncih2170_cart_72h_nt_ctrl_100.tif,roi_mask/ncih2170_cart_72h_nt_ctrl_100.png,gt_image/ncih2170_cart_72h_nt_ctrl_100.tif,,143,143,True,True,True,True,ncih2170_cart_72h_nt_ctrl_100.tif,ncih2170_cart_72h_nt_ctrl_100.tif,ncih2170_cart_72h_nt_ctrl_100.png,ncih2170_cart_72h_nt_ctrl_100.tif,,/work/users/b/e/behnamie/ecDNA_Data/bioimage_archive/rgb/ncih2170_cart_72h_nt_ctrl_100.tif,/work/users/b/e/behnamie/ecDNA_Data/bioimage_archive/dapi/ncih2170_cart_72h_nt_ctrl_100.tif,/work/users/b/e/behnamie/ecDNA_Data/bioimage_archive/roi_mask/ncih2170_cart_72h_nt_ctrl_100.png,/work/users/b/e/behnamie/ecDNA_Data/bioimage_archive/gt_image/ncih2170_cart_72h_nt_ctrl_100.tif
ncih2170_cart_72h_nt_ctrl_12,NCI-H2170,train,train,True,True,False,False,1,rgb/ncih2170_cart_72h_nt_ctrl_12.tif,dapi/ncih2170_cart_72h_nt_ctrl_12.tif,roi_mask/ncih2170_cart_72h_nt_ctrl_12.png,gt_image/ncih2170_cart_72h_nt_ctrl_12.tif,,209,209,True,True,True,True,ncih2170_cart_72h_nt_ctrl_12.tif,ncih2170_cart_72h_nt_ctrl_12.tif,ncih2170_cart_72h_nt_ctrl_12.png,ncih2170_cart_72h_nt_ctrl_12.tif,,/work/users/b/e/behnamie/ecDNA_Data/bioimage_archive/rgb/ncih2170_cart_72h_nt_ctrl_12.tif,/work/users/b/e/behnamie/ecDNA_Data/bioimage_archive/dapi/ncih2170_cart_72h_nt_ctrl_12.tif,/work/users/b/e/behnamie/ecDNA_Data/bioimage_archive/roi_mask/ncih2170_cart_72h_nt_ctrl_12.png,/work/users/b/e/behnamie/ecDNA_Data/bioimage_archive/gt_image/ncih2170_cart_72h_nt_ctrl_12.tif
ncih2170_cart_72h_nt_ctrl_13,NCI-H2170,train,train,True,True,False,False,1,rgb/ncih2170_cart_72h_nt_ctrl_13.tif,dapi/ncih2170_cart_72h_nt_ctrl_13.tif,roi_mask/ncih2170_cart_72h_nt_ctrl_13.png,gt_image/ncih2170_cart_72h_nt_ctrl_13.tif,,78,78,True,True,True,True,ncih2170_cart_72h_nt_ctrl_13.tif,ncih2170_cart_72h_nt_ctrl_13.tif,ncih2170_cart_72h_nt_ctrl_13.png,ncih2170_cart_72h_nt_ctrl_13.tif,,/work/users/b/e/behnamie/ecDNA_Data/bioimage_archive/rgb/ncih2170_cart_72h_nt_ctrl_13.tif,/work/users/b/e/behnamie/ecDNA_Data/bioimage_archive/dapi/ncih2170_cart_72h_nt_ctrl_13.tif,/work/users/b/e/behnamie/ecDNA_Data/bioimage_archive/roi_mask/ncih2170_cart_72h_nt_ctrl_13.png,/work/users/b/e/behnamie/ecDNA_Data/bioimage_archive/gt_image/ncih2170_cart_72h_nt_ctrl_13.tif
ncih2170_cart_72h_nt_ctrl_16,NCI-H2170,train,train,True,True,False,False,1,rgb/ncih2170_cart_72h_nt_ctrl_16.tif,dapi/ncih2170_cart_72h_nt_ctrl_16.tif,roi_mask/ncih2170_cart_72h_nt_ctrl_16.png,gt_image/ncih2170_cart_72h_nt_ctrl_16.tif,,74,74,True,True,True,True,ncih2170_cart_72h_nt_ctrl_16.tif,ncih2170_cart_72h_nt_ctrl_16.tif,ncih2170_cart_72h_nt_ctrl_16.png,ncih2170_cart_72h_nt_ctrl_16.tif,,/work/users/b/e/behnamie/ecDNA_Data/bioimage_archive/rgb/ncih2170_cart_72h_nt_ctrl_16.tif,/work/users/b/e/behnamie/ecDNA_Data/bioimage_archive/dapi/ncih2170_cart_72h_nt_ctrl_16.tif,/work/users/b/e/behnamie/ecDNA_Data/bioimage_archive/roi_mask/ncih2170_cart_72h_nt_ctrl_16.png,/work/users/b/e/behnamie/ecDNA_Data/bioimage_archive/gt_image/ncih2170_cart_72h_nt_ctrl_16.tif
ncih2170_cart_72h_nt_ctrl_21,NCI-H2170,train,train,True,True,False,False,1,rgb/ncih2170_cart_72h_nt_ctrl_21.tif,dapi/ncih2170_cart_72h_nt_ctrl_21.tif,roi_mask/ncih2170_cart_72h_nt_ctrl_21.png,gt_image/ncih2170_cart_72h_nt_ctrl_21.tif,,186,186,True,True,True,True,ncih2170_cart_72h_nt_ctrl_21.tif,ncih2170_cart_72h_nt_ctrl_21.tif,ncih2170_cart_72h_nt_ctrl_21.png,ncih2170_cart_72h_nt_ctrl_21.tif,,/work/users/b/e/behnamie/ecDNA_Data/bioimage_archive/rgb/ncih2170_cart_72h_nt_ctrl_21.tif,/work/users/b/e/behnamie/ecDNA_Data/bioimage_archive/dapi/ncih2170_cart_72h_nt_ctrl_21.tif,/work/users/b/e/behnamie/ecDNA_Data/bioimage_archive/roi_mask/ncih2170_cart_72h_nt_ctrl_21.png,/work/users/b/e/behnamie/ecDNA_Data/bioimage_archive/gt_image/ncih2170_cart_72h_nt_ctrl_21.tif
ncih2170_cart_72h_nt_ctrl_24,NCI-H2170,train,train,True,True,False,False,1,rgb/ncih2170_cart_72h_nt_ctrl_24.tif,dapi/ncih2170_cart_72h_nt_ctrl_24.tif,roi_mask/ncih2170_cart_72h_nt_ctrl_24.png,gt_image/ncih2170_cart_72h_nt_ctrl_24.tif,,35,35,True,True,True,True,ncih2170_cart_72h_nt_ctrl_24.tif,ncih2170_cart_72h_nt_ctrl_24.tif,ncih2170_cart_72h_nt_ctrl_24.png,ncih2170_cart_72h_nt_ctrl_24.tif,,/work/users/b/e/behnamie/ecDNA_Data/bioimage_archive/rgb/ncih2170_cart_72h_nt_ctrl_24.tif,/work/users/b/e/behnamie/ecDNA_Data/bioimage_archive/dapi/ncih2170_cart_72h_nt_ctrl_24.tif,/work/users/b/e/behnamie/ecDNA_Data/bioimage_archive/roi_mask/ncih2170_cart_72h_nt_ctrl_24.png,/work/users/b/e/behnamie/ecDNA_Data/bioimage_archive/gt_image/ncih2170_cart_72h_nt_ctrl_24.tif
ncih2170_cart_72h_nt_ctrl_26,NCI-H2170,train,train,True,True,False,False,1,rgb/ncih2170_cart_72h_nt_ctrl_26.tif,dapi/ncih2170_cart_72h_nt_ctrl_26.tif,roi_mask/ncih2170_cart_72h_nt_ctrl_26.png,gt_image/ncih2170_cart_72h_nt_ctrl_26.tif,,130,130,True,True,True,True,ncih2170_cart_72h_nt_ctrl_26.tif,ncih2170_cart_72h_nt_ctrl_26.tif,ncih2170_cart_72h_nt_ctrl_26.png,ncih2170_cart_72h_nt_ctrl_26.tif,,/work/users/b/e/behnamie/ecDNA_Data/bioimage_archive/rgb/ncih2170_cart_72h_nt_ctrl_26.tif,/work/users/b/e/behnamie/ecDNA_Data/bioimage_archive/dapi/ncih2170_cart_72h_nt_ctrl_26.tif,/work/users/b/e/behnamie/ecDNA_Data/bioimage_archive/roi_mask/ncih2170_cart_72h_nt_ctrl_26.png,/work/users/b/e/behnamie/ecDNA_Data/bioimage_archive/gt_image/ncih2170_cart_72h_nt_ctrl_26.tif
ncih2170_cart_72h_nt_ctrl_28,NCI-H2170,train,train,True,True,False,False,1,rgb/ncih2170_cart_72h_nt_ctrl_28.tif,dapi/ncih2170_cart_72h_nt_ctrl_28.tif,roi_mask/ncih2170_cart_72h_nt_ctrl_28.png,gt_image/ncih2170_cart_72h_nt_ctrl_28.tif,,162,162,True,True,True,True,ncih2170_cart_72h_nt_ctrl_28.tif,ncih2170_cart_72h_nt_ctrl_28.tif,ncih2170_cart_72h_nt_ctrl_28.png,ncih2170_cart_72h_nt_ctrl_28.tif,,/work/users/b/e/behnamie/ecDNA_Data/bioimage_archive/rgb/ncih2170_cart_72h_nt_ctrl_28.tif,/work/users/b/e/behnamie/ecDNA_Data/bioimage_archive/dapi/ncih2170_cart_72h_nt_ctrl_28.tif,/work/users/b/e/behnamie/ecDNA_Data/bioimage_archive/roi_mask/ncih2170_cart_72h_nt_ctrl_28.png,/work/users/b/e/behnamie/ecDNA_Data/bioimage_archive/gt_image/ncih2170_cart_72h_nt_ctrl_28.tif
ncih2170_cart_72h_nt_ctrl_39,NCI-H2170,train,train,True,True,False,False,1,rgb/ncih2170_cart_72h_nt_ctrl_39.tif,dapi/ncih2170_cart_72h_nt_ctrl_39.tif,roi_mask/ncih2170_cart_72h_nt_ctrl_39.png,gt_image/ncih2170_cart_72h_nt_ctrl_39.tif,,53,53,True,True,True,True,ncih2170_cart_72h_nt_ctrl_39.tif,ncih2170_cart_72h_nt_ctrl_39.tif,ncih2170_cart_72h_nt_ctrl_39.png,ncih2170_cart_72h_nt_ctrl_39.tif,,/work/users/b/e/behnamie/ecDNA_Data/bioimage_archive/rgb/ncih2170_cart_72h_nt_ctrl_39.tif,/work/users/b/e/behnamie/ecDNA_Data/bioimage_archive/dapi/ncih2170_cart_72h_nt_ctrl_39.tif,/work/users/b/e/behnamie/ecDNA_Data/bioimage_archive/roi_mask/ncih2170_cart_72h_nt_ctrl_39.png,/work/users/b/e/behnamie/ecDNA_Data/bioimage_archive/gt_image/ncih2170_cart_72h_nt_ctrl_39.tif
ncih2170_cart_72h_nt_ctrl_4,NCI-H2170,train,train,True,True,False,False,1,rgb/ncih2170_cart_72h_nt_ctrl_4.tif,dapi/ncih2170_cart_72h_nt_ctrl_4.tif,roi_mask/ncih2170_cart_72h_nt_ctrl_4.png,gt_image/ncih2170_cart_72h_nt_ctrl_4.tif,,77,77,True,True,True,True,ncih2170_cart_72h_nt_ctrl_4.tif,ncih2170_cart_72h_nt_ctrl_4.tif,ncih2170_cart_72h_nt_ctrl_4.png,ncih2170_cart_72h_nt_ctrl_4.tif,,/work/users/b/e/behnamie/ecDNA_Data/bioimage_archive/rgb/ncih2170_cart_72h_nt_ctrl_4.tif,/work/users/b/e/behnamie/ecDNA_Data/bioimage_archive/dapi/ncih2170_cart_72h_nt_ctrl_4.tif,/work/users/b/e/behnamie/ecDNA_Data/bioimage_archive/roi_mask/ncih2170_cart_72h_nt_ctrl_4.png,/work/users/b/e/behnamie/ecDNA_Data/bioimage_archive/gt_image/ncih2170_cart_72h_nt_ctrl_4.tif
ncih2170_cart_72h_nt_ctrl_41,NCI-H2170,train,train,True,True,False,False,1,rgb/ncih2170_cart_72h_nt_ctrl_41.tif,dapi/ncih2170_cart_72h_nt_ctrl_41.tif,roi_mask/ncih2170_cart_72h_nt_ctrl_41.png,gt_image/ncih2170_cart_72h_nt_ctrl_41.tif,,142,142,True,True,True,True,ncih2170_cart_72h_nt_ctrl_41.tif,ncih2170_cart_72h_nt_ctrl_41.tif,ncih2170_cart_72h_nt_ctrl_41.png,ncih2170_cart_72h_nt_ctrl_41.tif,,/work/users/b/e/behnamie/ecDNA_Data/bioimage_archive/rgb/ncih2170_cart_72h_nt_ctrl_41.tif,/work/users/b/e/behnamie/ecDNA_Data/bioimage_archive/dapi/ncih2170_cart_72h_nt_ctrl_41.tif,/work/users/b/e/behnamie/ecDNA_Data/bioimage_archive/roi_mask/ncih2170_cart_72h_nt_ctrl_41.png,/work/users/b/e/behnamie/ecDNA_Data/bioimage_archive/gt_image/ncih2170_cart_72h_nt_ctrl_41.tif
ncih2170_cart_72h_nt_ctrl_43,NCI-H2170,train,train,True,True,False,False,1,rgb/ncih2170_cart_72h_nt_ctrl_43.tif,dapi/ncih2170_cart_72h_nt_ctrl_43.tif,roi_mask/ncih2170_cart_72h_nt_ctrl_43.png,gt_image/ncih2170_cart_72h_nt_ctrl_43.tif,,142,142,True,True,True,True,ncih2170_cart_72h_nt_ctrl_43.tif,ncih2170_cart_72h_nt_ctrl_43.tif,ncih2170_cart_72h_nt_ctrl_43.png,ncih2170_cart_72h_nt_ctrl_43.tif,,/work/users/b/e/behnamie/ecDNA_Data/bioimage_archive/rgb/ncih2170_cart_72h_nt_ctrl_43.tif,/work/users/b/e/behnamie/ecDNA_Data/bioimage_archive/dapi/ncih2170_cart_72h_nt_ctrl_43.tif,/work/users/b/e/behnamie/ecDNA_Data/bioimage_archive/roi_mask/ncih2170_cart_72h_nt_ctrl_43.png,/work/users/b/e/behnamie/ecDNA_Data/bioimage_archive/gt_image/ncih2170_cart_72h_nt_ctrl_43.tif
ncih2170_cart_72h_nt_ctrl_44,NCI-H2170,train,train,True,True,False,False,1,rgb/ncih2170_cart_72h_nt_ctrl_44.tif,dapi/ncih2170_cart_72h_nt_ctrl_44.tif,roi_mask/ncih2170_cart_72h_nt_ctrl_44.png,gt_image/ncih2170_cart_72h_nt_ctrl_44.tif,,75,75,True,True,True,True,ncih2170_cart_72h_nt_ctrl_44.tif,ncih2170_cart_72h_nt_ctrl_44.tif,ncih2170_cart_72h_nt_ctrl_44.png,ncih2170_cart_72h_nt_ctrl_44.tif,,/work/users/b/e/behnamie/ecDNA_Data/bioimage_archive/rgb/ncih2170_cart_72h_nt_ctrl_44.tif,/work/users/b/e/behnamie/ecDNA_Data/bioimage_archive/dapi/ncih2170_cart_72h_nt_ctrl_44.tif,/work/users/b/e/behnamie/ecDNA_Data/bioimage_archive/roi_mask/ncih2170_cart_72h_nt_ctrl_44.png,/work/users/b/e/behnamie/ecDNA_Data/bioimage_archive/gt_image/ncih2170_cart_72h_nt_ctrl_44.tif
ncih2170_cart_72h_nt_ctrl_45,NCI-H2170,train,train,True,True,False,False,1,rgb/ncih2170_cart_72h_nt_ctrl_45.tif,dapi/ncih2170_cart_72h_nt_ctrl_45.tif,roi_mask/ncih2170_cart_72h_nt_ctrl_45.png,gt_image/ncih2170_cart_72h_nt_ctrl_45.tif,,188,188,True,True,True,True,ncih2170_cart_72h_nt_ctrl_45.tif,ncih2170_cart_72h_nt_ctrl_45.tif,ncih2170_cart_72h_nt_ctrl_45.png,ncih2170_cart_72h_nt_ctrl_45.tif,,/work/users/b/e/behnamie/ecDNA_Data/bioimage_archive/rgb/ncih2170_cart_72h_nt_ctrl_45.tif,/work/users/b/e/behnamie/ecDNA_Data/bioimage_archive/dapi/ncih2170_cart_72h_nt_ctrl_45.tif,/work/users/b/e/behnamie/ecDNA_Data/bioimage_archive/roi_mask/ncih2170_cart_72h_nt_ctrl_45.png,/work/users/b/e/behnamie/ecDNA_Data/bioimage_archive/gt_image/ncih2170_cart_72h_nt_ctrl_45.tif
ncih2170_cart_72h_nt_ctrl_47,NCI-H2170,train,train,True,True,False,False,1,rgb/ncih2170_cart_72h_nt_ctrl_47.tif,dapi/ncih2170_cart_72h_nt_ctrl_47.tif,roi_mask/ncih2170_cart_72h_nt_ctrl_47.png,gt_image/ncih2170_cart_72h_nt_ctrl_47.tif,,157,157,True,True,True,True,ncih2170_cart_72h_nt_ctrl_47.tif,ncih2170_cart_72h_nt_ctrl_47.tif,ncih2170_cart_72h_nt_ctrl_47.png,ncih2170_cart_72h_nt_ctrl_47.tif,,/work/users/b/e/behnamie/ecDNA_Data/bioimage_archive/rgb/ncih2170_cart_72h_nt_ctrl_47.tif,/work/users/b/e/behnamie/ecDNA_Data/bioimage_archive/dapi/ncih2170_cart_72h_nt_ctrl_47.tif,/work/users/b/e/behnamie/ecDNA_Data/bioimage_archive/roi_mask/ncih2170_cart_72h_nt_ctrl_47.png,/work/users/b/e/behnamie/ecDNA_Data/bioimage_archive/gt_image/ncih2170_cart_72h_nt_ctrl_47.tif
ncih2170_cart_72h_nt_ctrl_48,NCI-H2170,train,train,True,True,False,False,1,rgb/ncih2170_cart_72h_nt_ctrl_48.tif,dapi/ncih2170_cart_72h_nt_ctrl_48.tif,roi_mask/ncih2170_cart_72h_nt_ctrl_48.png,gt_image/ncih2170_cart_72h_nt_ctrl_48.tif,,60,60,True,True,True,True,ncih2170_cart_72h_nt_ctrl_48.tif,ncih2170_cart_72h_nt_ctrl_48.tif,ncih2170_cart_72h_nt_ctrl_48.png,ncih2170_cart_72h_nt_ctrl_48.tif,,/work/users/b/e/behnamie/ecDNA_Data/bioimage_archive/rgb/ncih2170_cart_72h_nt_ctrl_48.tif,/work/users/b/e/behnamie/ecDNA_Data/bioimage_archive/dapi/ncih2170_cart_72h_nt_ctrl_48.tif,/work/users/b/e/behnamie/ecDNA_Data/bioimage_archive/roi_mask/ncih2170_cart_72h_nt_ctrl_48.png,/work/users/b/e/behnamie/ecDNA_Data/bioimage_archive/gt_image/ncih2170_cart_72h_nt_ctrl_48.tif
ncih2170_cart_72h_nt_ctrl_52,NCI-H2170,train,train,True,True,False,False,1,rgb/ncih2170_cart_72h_nt_ctrl_52.tif,dapi/ncih2170_cart_72h_nt_ctrl_52.tif,roi_mask/ncih2170_cart_72h_nt_ctrl_52.png,gt_image/ncih2170_cart_72h_nt_ctrl_52.tif,,136,138,True,True,True,True,ncih2170_cart_72h_nt_ctrl_52.tif,ncih2170_cart_72h_nt_ctrl_52.tif,ncih2170_cart_72h_nt_ctrl_52.png,ncih2170_cart_72h_nt_ctrl_52.tif,,/work/users/b/e/behnamie/ecDNA_Data/bioimage_archive/rgb/ncih2170_cart_72h_nt_ctrl_52.tif,/work/users/b/e/behnamie/ecDNA_Data/bioimage_archive/dapi/ncih2170_cart_72h_nt_ctrl_52.tif,/work/users/b/e/behnamie/ecDNA_Data/bioimage_archive/roi_mask/ncih2170_cart_72h_nt_ctrl_52.png,/work/users/b/e/behnamie/ecDNA_Data/bioimage_archive/gt_image/ncih2170_cart_72h_nt_ctrl_52.tif
ncih2170_cart_72h_nt_ctrl_54,NCI-H2170,train,train,True,True,False,False,1,rgb/ncih2170_cart_72h_nt_ctrl_54.tif,dapi/ncih2170_cart_72h_nt_ctrl_54.tif,roi_mask/ncih2170_cart_72h_nt_ctrl_54.png,gt_image/ncih2170_cart_72h_nt_ctrl_54.tif,,245,251,True,True,True,True,ncih2170_cart_72h_nt_ctrl_54.tif,ncih2170_cart_72h_nt_ctrl_54.tif,ncih2170_cart_72h_nt_ctrl_54.png,ncih2170_cart_72h_nt_ctrl_54.tif,,/work/users/b/e/behnamie/ecDNA_Data/bioimage_archive/rgb/ncih2170_cart_72h_nt_ctrl_54.tif,/work/users/b/e/behnamie/ecDNA_Data/bioimage_archive/dapi/ncih2170_cart_72h_nt_ctrl_54.tif,/work/users/b/e/behnamie/ecDNA_Data/bioimage_archive/roi_mask/ncih2170_cart_72h_nt_ctrl_54.png,/work/users/b/e/behnamie/ecDNA_Data/bioimage_archive/gt_image/ncih2170_cart_72h_nt_ctrl_54.tif
ncih2170_cart_72h_nt_ctrl_55,NCI-H2170,train,train,True,True,False,False,1,rgb/ncih2170_cart_72h_nt_ctrl_55.tif,dapi/ncih2170_cart_72h_nt_ctrl_55.tif,roi_mask/ncih2170_cart_72h_nt_ctrl_55.png,gt_image/ncih2170_cart_72h_nt_ctrl_55.tif,,216,220,True,True,True,True,ncih2170_cart_72h_nt_ctrl_55.tif,ncih2170_cart_72h_nt_ctrl_55.tif,ncih2170_cart_72h_nt_ctrl_55.png,ncih2170_cart_72h_nt_ctrl_55.tif,,/work/users/b/e/behnamie/ecDNA_Data/bioimage_archive/rgb/ncih2170_cart_72h_nt_ctrl_55.tif,/work/users/b/e/behnamie/ecDNA_Data/bioimage_archive/dapi/ncih2170_cart_72h_nt_ctrl_55.tif,/work/users/b/e/behnamie/ecDNA_Data/bioimage_archive/roi_mask/ncih2170_cart_72h_nt_ctrl_55.png,/work/users/b/e/behnamie/ecDNA_Data/bioimage_archive/gt_image/ncih2170_cart_72h_nt_ctrl_55.tif
ncih2170_cart_72h_nt_ctrl_56,NCI-H2170,train,train,True,True,False,False,1,rgb/ncih2170_cart_72h_nt_ctrl_56.tif,dapi/ncih2170_cart_72h_nt_ctrl_56.tif,roi_mask/ncih2170_cart_72h_nt_ctrl_56.png,gt_image/ncih2170_cart_72h_nt_ctrl_56.tif,,246,248,True,True,True,True,ncih2170_cart_72h_nt_ctrl_56.tif,ncih2170_cart_72h_nt_ctrl_56.tif,ncih2170_cart_72h_nt_ctrl_56.png,ncih2170_cart_72h_nt_ctrl_56.tif,,/work/users/b/e/behnamie/ecDNA_Data/bioimage_archive/rgb/ncih2170_cart_72h_nt_ctrl_56.tif,/work/users/b/e/behnamie/ecDNA_Data/bioimage_archive/dapi/ncih2170_cart_72h_nt_ctrl_56.tif,/work/users/b/e/behnamie/ecDNA_Data/bioimage_archive/roi_mask/ncih2170_cart_72h_nt_ctrl_56.png,/work/users/b/e/behnamie/ecDNA_Data/bioimage_archive/gt_image/ncih2170_cart_72h_nt_ctrl_56.tif
ncih2170_cart_72h_nt_ctrl_58,NCI-H2170,train,train,True,True,False,False,1,rgb/ncih2170_cart_72h_nt_ctrl_58.tif,dapi/ncih2170_cart_72h_nt_ctrl_58.tif,roi_mask/ncih2170_cart_72h_nt_ctrl_58.png,gt_image/ncih2170_cart_72h_nt_ctrl_58.tif,,211,224,True,True,True,True,ncih2170_cart_72h_nt_ctrl_58.tif,ncih2170_cart_72h_nt_ctrl_58.tif,ncih2170_cart_72h_nt_ctrl_58.png,ncih2170_cart_72h_nt_ctrl_58.tif,,/work/users/b/e/behnamie/ecDNA_Data/bioimage_archive/rgb/ncih2170_cart_72h_nt_ctrl_58.tif,/work/users/b/e/behnamie/ecDNA_Data/bioimage_archive/dapi/ncih2170_cart_72h_nt_ctrl_58.tif,/work/users/b/e/behnamie/ecDNA_Data/bioimage_archive/roi_mask/ncih2170_cart_72h_nt_ctrl_58.png,/work/users/b/e/behnamie/ecDNA_Data/bioimage_archive/gt_image/ncih2170_cart_72h_nt_ctrl_58.tif
ncih2170_cart_72h_nt_ctrl_6,NCI-H2170,train,train,True,True,False,False,1,rgb/ncih2170_cart_72h_nt_ctrl_6.tif,dapi/ncih2170_cart_72h_nt_ctrl_6.tif,roi_mask/ncih2170_cart_72h_nt_ctrl_6.png,gt_image/ncih2170_cart_72h_nt_ctrl_6.tif,,51,51,True,True,True,True,ncih2170_cart_72h_nt_ctrl_6.tif,ncih2170_cart_72h_nt_ctrl_6.tif,ncih2170_cart_72h_nt_ctrl_6.png,ncih2170_cart_72h_nt_ctrl_6.tif,,/work/users/b/e/behnamie/ecDNA_Data/bioimage_archive/rgb/ncih2170_cart_72h_nt_ctrl_6.tif,/work/users/b/e/behnamie/ecDNA_Data/bioimage_archive/dapi/ncih2170_cart_72h_nt_ctrl_6.tif,/work/users/b/e/behnamie/ecDNA_Data/bioimage_archive/roi_mask/ncih2170_cart_72h_nt_ctrl_6.png,/work/users/b/e/behnamie/ecDNA_Data/bioimage_archive/gt_image/ncih2170_cart_72h_nt_ctrl_6.tif
ncih2170_cart_72h_nt_ctrl_65,NCI-H2170,train,train,True,True,False,False,1,rgb/ncih2170_cart_72h_nt_ctrl_65.tif,dapi/ncih2170_cart_72h_nt_ctrl_65.tif,roi_mask/ncih2170_cart_72h_nt_ctrl_65.png,gt_image/ncih2170_cart_72h_nt_ctrl_65.tif,,74,74,True,True,True,True,ncih2170_cart_72h_nt_ctrl_65.tif,ncih2170_cart_72h_nt_ctrl_65.tif,ncih2170_cart_72h_nt_ctrl_65.png,ncih2170_cart_72h_nt_ctrl_65.tif,,/work/users/b/e/behnamie/ecDNA_Data/bioimage_archive/rgb/ncih2170_cart_72h_nt_ctrl_65.tif,/work/users/b/e/behnamie/ecDNA_Data/bioimage_archive/dapi/ncih2170_cart_72h_nt_ctrl_65.tif,/work/users/b/e/behnamie/ecDNA_Data/bioimage_archive/roi_mask/ncih2170_cart_72h_nt_ctrl_65.png,/work/users/b/e/behnamie/ecDNA_Data/bioimage_archive/gt_image/ncih2170_cart_72h_nt_ctrl_65.tif
ncih2170_cart_72h_nt_ctrl_66,NCI-H2170,train,train,True,True,False,False,1,rgb/ncih2170_cart_72h_nt_ctrl_66.tif,dapi/ncih2170_cart_72h_nt_ctrl_66.tif,roi_mask/ncih2170_cart_72h_nt_ctrl_66.png,gt_image/ncih2170_cart_72h_nt_ctrl_66.tif,,291,294,True,True,True,True,ncih2170_cart_72h_nt_ctrl_66.tif,ncih2170_cart_72h_nt_ctrl_66.tif,ncih2170_cart_72h_nt_ctrl_66.png,ncih2170_cart_72h_nt_ctrl_66.tif,,/work/users/b/e/behnamie/ecDNA_Data/bioimage_archive/rgb/ncih2170_cart_72h_nt_ctrl_66.tif,/work/users/b/e/behnamie/ecDNA_Data/bioimage_archive/dapi/ncih2170_cart_72h_nt_ctrl_66.tif,/work/users/b/e/behnamie/ecDNA_Data/bioimage_archive/roi_mask/ncih2170_cart_72h_nt_ctrl_66.png,/work/users/b/e/behnamie/ecDNA_Data/bioimage_archive/gt_image/ncih2170_cart_72h_nt_ctrl_66.tif
ncih2170_cart_72h_nt_ctrl_67,NCI-H2170,train,train,True,True,False,False,1,rgb/ncih2170_cart_72h_nt_ctrl_67.tif,dapi/ncih2170_cart_72h_nt_ctrl_67.tif,roi_mask/ncih2170_cart_72h_nt_ctrl_67.png,gt_image/ncih2170_cart_72h_nt_ctrl_67.tif,,87,87,True,True,True,True,ncih2170_cart_72h_nt_ctrl_67.tif,ncih2170_cart_72h_nt_ctrl_67.tif,ncih2170_cart_72h_nt_ctrl_67.png,ncih2170_cart_72h_nt_ctrl_67.tif,,/work/users/b/e/behnamie/ecDNA_Data/bioimage_archive/rgb/ncih2170_cart_72h_nt_ctrl_67.tif,/work/users/b/e/behnamie/ecDNA_Data/bioimage_archive/dapi/ncih2170_cart_72h_nt_ctrl_67.tif,/work/users/b/e/behnamie/ecDNA_Data/bioimage_archive/roi_mask/ncih2170_cart_72h_nt_ctrl_67.png,/work/users/b/e/behnamie/ecDNA_Data/bioimage_archive/gt_image/ncih2170_cart_72h_nt_ctrl_67.tif
ncih2170_cart_72h_nt_ctrl_74,NCI-H2170,train,train,True,True,False,False,1,rgb/ncih2170_cart_72h_nt_ctrl_74.tif,dapi/ncih2170_cart_72h_nt_ctrl_74.tif,roi_mask/ncih2170_cart_72h_nt_ctrl_74.png,gt_image/ncih2170_cart_72h_nt_ctrl_74.tif,,348,357,True,True,True,True,ncih2170_cart_72h_nt_ctrl_74.tif,ncih2170_cart_72h_nt_ctrl_74.tif,ncih2170_cart_72h_nt_ctrl_74.png,ncih2170_cart_72h_nt_ctrl_74.tif,,/work/users/b/e/behnamie/ecDNA_Data/bioimage_archive/rgb/ncih2170_cart_72h_nt_ctrl_74.tif,/work/users/b/e/behnamie/ecDNA_Data/bioimage_archive/dapi/ncih2170_cart_72h_nt_ctrl_74.tif,/work/users/b/e/behnamie/ecDNA_Data/bioimage_archive/roi_mask/ncih2170_cart_72h_nt_ctrl_74.png,/work/users/b/e/behnamie/ecDNA_Data/bioimage_archive/gt_image/ncih2170_cart_72h_nt_ctrl_74.tif
ncih2170_cart_72h_nt_ctrl_75,NCI-H2170,train,train,True,True,False,False,1,rgb/ncih2170_cart_72h_nt_ctrl_75.tif,dapi/ncih2170_cart_72h_nt_ctrl_75.tif,roi_mask/ncih2170_cart_72h_nt_ctrl_75.png,gt_image/ncih2170_cart_72h_nt_ctrl_75.tif,,99,101,True,True,True,True,ncih2170_cart_72h_nt_ctrl_75.tif,ncih2170_cart_72h_nt_ctrl_75.tif,ncih2170_cart_72h_nt_ctrl_75.png,ncih2170_cart_72h_nt_ctrl_75.tif,,/work/users/b/e/behnamie/ecDNA_Data/bioimage_archive/rgb/ncih2170_cart_72h_nt_ctrl_75.tif,/work/users/b/e/behnamie/ecDNA_Data/bioimage_archive/dapi/ncih2170_cart_72h_nt_ctrl_75.tif,/work/users/b/e/behnamie/ecDNA_Data/bioimage_archive/roi_mask/ncih2170_cart_72h_nt_ctrl_75.png,/work/users/b/e/behnamie/ecDNA_Data/bioimage_archive/gt_image/ncih2170_cart_72h_nt_ctrl_75.tif
ncih2170_cart_72h_nt_ctrl_77,NCI-H2170,train,train,True,True,False,False,1,rgb/ncih2170_cart_72h_nt_ctrl_77.tif,dapi/ncih2170_cart_72h_nt_ctrl_77.tif,roi_mask/ncih2170_cart_72h_nt_ctrl_77.png,gt_image/ncih2170_cart_72h_nt_ctrl_77.tif,,159,162,True,True,True,True,ncih2170_cart_72h_nt_ctrl_77.tif,ncih2170_cart_72h_nt_ctrl_77.tif,ncih2170_cart_72h_nt_ctrl_77.png,ncih2170_cart_72h_nt_ctrl_77.tif,,/work/users/b/e/behnamie/ecDNA_Data/bioimage_archive/rgb/ncih2170_cart_72h_nt_ctrl_77.tif,/work/users/b/e/behnamie/ecDNA_Data/bioimage_archive/dapi/ncih2170_cart_72h_nt_ctrl_77.tif,/work/users/b/e/behnamie/ecDNA_Data/bioimage_archive/roi_mask/ncih2170_cart_72h_nt_ctrl_77.png,/work/users/b/e/behnamie/ecDNA_Data/bioimage_archive/gt_image/ncih2170_cart_72h_nt_ctrl_77.tif
ncih2170_cart_72h_nt_ctrl_81,NCI-H2170,train,train,True,True,False,False,1,rgb/ncih2170_cart_72h_nt_ctrl_81.tif,dapi/ncih2170_cart_72h_nt_ctrl_81.tif,roi_mask/ncih2170_cart_72h_nt_ctrl_81.png,gt_image/ncih2170_cart_72h_nt_ctrl_81.tif,,478,555,True,True,True,True,ncih2170_cart_72h_nt_ctrl_81.tif,ncih2170_cart_72h_nt_ctrl_81.tif,ncih2170_cart_72h_nt_ctrl_81.png,ncih2170_cart_72h_nt_ctrl_81.tif,,/work/users/b/e/behnamie/ecDNA_Data/bioimage_archive/rgb/ncih2170_cart_72h_nt_ctrl_81.tif,/work/users/b/e/behnamie/ecDNA_Data/bioimage_archive/dapi/ncih2170_cart_72h_nt_ctrl_81.tif,/work/users/b/e/behnamie/ecDNA_Data/bioimage_archive/roi_mask/ncih2170_cart_72h_nt_ctrl_81.png,/work/users/b/e/behnamie/ecDNA_Data/bioimage_archive/gt_image/ncih2170_cart_72h_nt_ctrl_81.tif
ncih2170_cart_72h_nt_ctrl_87,NCI-H2170,train,train,True,True,False,False,1,rgb/ncih2170_cart_72h_nt_ctrl_87.tif,dapi/ncih2170_cart_72h_nt_ctrl_87.tif,roi_mask/ncih2170_cart_72h_nt_ctrl_87.png,gt_image/ncih2170_cart_72h_nt_ctrl_87.tif,,231,236,True,True,True,True,ncih2170_cart_72h_nt_ctrl_87.tif,ncih2170_cart_72h_nt_ctrl_87.tif,ncih2170_cart_72h_nt_ctrl_87.png,ncih2170_cart_72h_nt_ctrl_87.tif,,/work/users/b/e/behnamie/ecDNA_Data/bioimage_archive/rgb/ncih2170_cart_72h_nt_ctrl_87.tif,/work/users/b/e/behnamie/ecDNA_Data/bioimage_archive/dapi/ncih2170_cart_72h_nt_ctrl_87.tif,/work/users/b/e/behnamie/ecDNA_Data/bioimage_archive/roi_mask/ncih2170_cart_72h_nt_ctrl_87.png,/work/users/b/e/behnamie/ecDNA_Data/bioimage_archive/gt_image/ncih2170_cart_72h_nt_ctrl_87.tif
ncih2170_cart_72h_nt_ctrl_88,NCI-H2170,train,train,True,True,False,False,1,rgb/ncih2170_cart_72h_nt_ctrl_88.tif,dapi/ncih2170_cart_72h_nt_ctrl_88.tif,roi_mask/ncih2170_cart_72h_nt_ctrl_88.png,gt_image/ncih2170_cart_72h_nt_ctrl_88.tif,,534,538,True,True,True,True,ncih2170_cart_72h_nt_ctrl_88.tif,ncih2170_cart_72h_nt_ctrl_88.tif,ncih2170_cart_72h_nt_ctrl_88.png,ncih2170_cart_72h_nt_ctrl_88.tif,,/work/users/b/e/behnamie/ecDNA_Data/bioimage_archive/rgb/ncih2170_cart_72h_nt_ctrl_88.tif,/work/users/b/e/behnamie/ecDNA_Data/bioimage_archive/dapi/ncih2170_cart_72h_nt_ctrl_88.tif,/work/users/b/e/behnamie/ecDNA_Data/bioimage_archive/roi_mask/ncih2170_cart_72h_nt_ctrl_88.png,/work/users/b/e/behnamie/ecDNA_Data/bioimage_archive/gt_image/ncih2170_cart_72h_nt_ctrl_88.tif
ncih2170_cart_72h_nt_ctrl_9,NCI-H2170,train,train,True,True,False,False,1,rgb/ncih2170_cart_72h_nt_ctrl_9.tif,dapi/ncih2170_cart_72h_nt_ctrl_9.tif,roi_mask/ncih2170_cart_72h_nt_ctrl_9.png,gt_image/ncih2170_cart_72h_nt_ctrl_9.tif,,84,84,True,True,True,True,ncih2170_cart_72h_nt_ctrl_9.tif,ncih2170_cart_72h_nt_ctrl_9.tif,ncih2170_cart_72h_nt_ctrl_9.png,ncih2170_cart_72h_nt_ctrl_9.tif,,/work/users/b/e/behnamie/ecDNA_Data/bioimage_archive/rgb/ncih2170_cart_72h_nt_ctrl_9.tif,/work/users/b/e/behnamie/ecDNA_Data/bioimage_archive/dapi/ncih2170_cart_72h_nt_ctrl_9.tif,/work/users/b/e/behnamie/ecDNA_Data/bioimage_archive/roi_mask/ncih2170_cart_72h_nt_ctrl_9.png,/work/users/b/e/behnamie/ecDNA_Data/bioimage_archive/gt_image/ncih2170_cart_72h_nt_ctrl_9.tif
ncih2170_cart_72h_nt_ctrl_91,NCI-H2170,train,train,True,True,False,False,1,rgb/ncih2170_cart_72h_nt_ctrl_91.tif,dapi/ncih2170_cart_72h_nt_ctrl_91.tif,roi_mask/ncih2170_cart_72h_nt_ctrl_91.png,gt_image/ncih2170_cart_72h_nt_ctrl_91.tif,,113,115,True,True,True,True,ncih2170_cart_72h_nt_ctrl_91.tif,ncih2170_cart_72h_nt_ctrl_91.tif,ncih2170_cart_72h_nt_ctrl_91.png,ncih2170_cart_72h_nt_ctrl_91.tif,,/work/users/b/e/behnamie/ecDNA_Data/bioimage_archive/rgb/ncih2170_cart_72h_nt_ctrl_91.tif,/work/users/b/e/behnamie/ecDNA_Data/bioimage_archive/dapi/ncih2170_cart_72h_nt_ctrl_91.tif,/work/users/b/e/behnamie/ecDNA_Data/bioimage_archive/roi_mask/ncih2170_cart_72h_nt_ctrl_91.png,/work/users/b/e/behnamie/ecDNA_Data/bioimage_archive/gt_image/ncih2170_cart_72h_nt_ctrl_91.tif
ncih2170_cart_72h_nt_ctrl_94,NCI-H2170,train,train,True,True,False,False,1,rgb/ncih2170_cart_72h_nt_ctrl_94.tif,dapi/ncih2170_cart_72h_nt_ctrl_94.tif,roi_mask/ncih2170_cart_72h_nt_ctrl_94.png,gt_image/ncih2170_cart_72h_nt_ctrl_94.tif,,226,239,True,True,True,True,ncih2170_cart_72h_nt_ctrl_94.tif,ncih2170_cart_72h_nt_ctrl_94.tif,ncih2170_cart_72h_nt_ctrl_94.png,ncih2170_cart_72h_nt_ctrl_94.tif,,/work/users/b/e/behnamie/ecDNA_Data/bioimage_archive/rgb/ncih2170_cart_72h_nt_ctrl_94.tif,/work/users/b/e/behnamie/ecDNA_Data/bioimage_archive/dapi/ncih2170_cart_72h_nt_ctrl_94.tif,/work/users/b/e/behnamie/ecDNA_Data/bioimage_archive/roi_mask/ncih2170_cart_72h_nt_ctrl_94.png,/work/users/b/e/behnamie/ecDNA_Data/bioimage_archive/gt_image/ncih2170_cart_72h_nt_ctrl_94.tif
ncih2170_cart_72h_nt_ctrl_99,NCI-H2170,train,train,True,True,False,False,1,rgb/ncih2170_cart_72h_nt_ctrl_99.tif,dapi/ncih2170_cart_72h_nt_ctrl_99.tif,roi_mask/ncih2170_cart_72h_nt_ctrl_99.png,gt_image/ncih2170_cart_72h_nt_ctrl_99.tif,,66,66,True,True,True,True,ncih2170_cart_72h_nt_ctrl_99.tif,ncih2170_cart_72h_nt_ctrl_99.tif,ncih2170_cart_72h_nt_ctrl_99.png,ncih2170_cart_72h_nt_ctrl_99.tif,,/work/users/b/e/behnamie/ecDNA_Data/bioimage_archive/rgb/ncih2170_cart_72h_nt_ctrl_99.tif,/work/users/b/e/behnamie/ecDNA_Data/bioimage_archive/dapi/ncih2170_cart_72h_nt_ctrl_99.tif,/work/users/b/e/behnamie/ecDNA_Data/bioimage_archive/roi_mask/ncih2170_cart_72h_nt_ctrl_99.png,/work/users/b/e/behnamie/ecDNA_Data/bioimage_archive/gt_image/ncih2170_cart_72h_nt_ctrl_99.tif
ncih2170_ctrl_1_24,NCI-H2170,train,train,True,True,False,False,1,rgb/ncih2170_ctrl_1_24.tif,dapi/ncih2170_ctrl_1_24.tif,roi_mask/ncih2170_ctrl_1_24.png,gt_image/ncih2170_ctrl_1_24.tif,,355,356,True,True,True,True,ncih2170_ctrl_1_24.tif,ncih2170_ctrl_1_24.tif,ncih2170_ctrl_1_24.png,ncih2170_ctrl_1_24.tif,,/work/users/b/e/behnamie/ecDNA_Data/bioimage_archive/rgb/ncih2170_ctrl_1_24.tif,/work/users/b/e/behnamie/ecDNA_Data/bioimage_archive/dapi/ncih2170_ctrl_1_24.tif,/work/users/b/e/behnamie/ecDNA_Data/bioimage_archive/roi_mask/ncih2170_ctrl_1_24.png,/work/users/b/e/behnamie/ecDNA_Data/bioimage_archive/gt_image/ncih2170_ctrl_1_24.tif
ncih2170_ctrl_1_25,NCI-H2170,train,train,True,True,False,False,1,rgb/ncih2170_ctrl_1_25.tif,dapi/ncih2170_ctrl_1_25.tif,roi_mask/ncih2170_ctrl_1_25.png,gt_image/ncih2170_ctrl_1_25.tif,,441,452,True,True,True,True,ncih2170_ctrl_1_25.tif,ncih2170_ctrl_1_25.tif,ncih2170_ctrl_1_25.png,ncih2170_ctrl_1_25.tif,,/work/users/b/e/behnamie/ecDNA_Data/bioimage_archive/rgb/ncih2170_ctrl_1_25.tif,/work/users/b/e/behnamie/ecDNA_Data/bioimage_archive/dapi/ncih2170_ctrl_1_25.tif,/work/users/b/e/behnamie/ecDNA_Data/bioimage_archive/roi_mask/ncih2170_ctrl_1_25.png,/work/users/b/e/behnamie/ecDNA_Data/bioimage_archive/gt_image/ncih2170_ctrl_1_25.tif
ncih2170_ctrl_1_27,NCI-H2170,train,train,True,True,False,False,1,rgb/ncih2170_ctrl_1_27.tif,dapi/ncih2170_ctrl_1_27.tif,roi_mask/ncih2170_ctrl_1_27.png,gt_image/ncih2170_ctrl_1_27.tif,,504,505,True,True,True,True,ncih2170_ctrl_1_27.tif,ncih2170_ctrl_1_27.tif,ncih2170_ctrl_1_27.png,ncih2170_ctrl_1_27.tif,,/work/users/b/e/behnamie/ecDNA_Data/bioimage_archive/rgb/ncih2170_ctrl_1_27.tif,/work/users/b/e/behnamie/ecDNA_Data/bioimage_archive/dapi/ncih2170_ctrl_1_27.tif,/work/users/b/e/behnamie/ecDNA_Data/bioimage_archive/roi_mask/ncih2170_ctrl_1_27.png,/work/users/b/e/behnamie/ecDNA_Data/bioimage_archive/gt_image/ncih2170_ctrl_1_27.tif
ncih2170_ctrl_1_29,NCI-H2170,train,train,True,True,False,False,1,rgb/ncih2170_ctrl_1_29.tif,dapi/ncih2170_ctrl_1_29.tif,roi_mask/ncih2170_ctrl_1_29.png,gt_image/ncih2170_ctrl_1_29.tif,,226,228,True,True,True,True,ncih2170_ctrl_1_29.tif,ncih2170_ctrl_1_29.tif,ncih2170_ctrl_1_29.png,ncih2170_ctrl_1_29.tif,,/work/users/b/e/behnamie/ecDNA_Data/bioimage_archive/rgb/ncih2170_ctrl_1_29.tif,/work/users/b/e/behnamie/ecDNA_Data/bioimage_archive/dapi/ncih2170_ctrl_1_29.tif,/work/users/b/e/behnamie/ecDNA_Data/bioimage_archive/roi_mask/ncih2170_ctrl_1_29.png,/work/users/b/e/behnamie/ecDNA_Data/bioimage_archive/gt_image/ncih2170_ctrl_1_29.tif
ncih2170_ctrl_1_33,NCI-H2170,train,train,True,True,False,False,1,rgb/ncih2170_ctrl_1_33.tif,dapi/ncih2170_ctrl_1_33.tif,roi_mask/ncih2170_ctrl_1_33.png,gt_image/ncih2170_ctrl_1_33.tif,,431,434,True,True,True,True,ncih2170_ctrl_1_33.tif,ncih2170_ctrl_1_33.tif,ncih2170_ctrl_1_33.png,ncih2170_ctrl_1_33.tif,,/work/users/b/e/behnamie/ecDNA_Data/bioimage_archive/rgb/ncih2170_ctrl_1_33.tif,/work/users/b/e/behnamie/ecDNA_Data/bioimage_archive/dapi/ncih2170_ctrl_1_33.tif,/work/users/b/e/behnamie/ecDNA_Data/bioimage_archive/roi_mask/ncih2170_ctrl_1_33.png,/work/users/b/e/behnamie/ecDNA_Data/bioimage_archive/gt_image/ncih2170_ctrl_1_33.tif
ncih2170_ctrl_1_37,NCI-H2170,train,train,True,True,False,False,1,rgb/ncih2170_ctrl_1_37.tif,dapi/ncih2170_ctrl_1_37.tif,roi_mask/ncih2170_ctrl_1_37.png,gt_image/ncih2170_ctrl_1_37.tif,,223,231,True,True,True,True,ncih2170_ctrl_1_37.tif,ncih2170_ctrl_1_37.tif,ncih2170_ctrl_1_37.png,ncih2170_ctrl_1_37.tif,,/work/users/b/e/behnamie/ecDNA_Data/bioimage_archive/rgb/ncih2170_ctrl_1_37.tif,/work/users/b/e/behnamie/ecDNA_Data/bioimage_archive/dapi/ncih2170_ctrl_1_37.tif,/work/users/b/e/behnamie/ecDNA_Data/bioimage_archive/roi_mask/ncih2170_ctrl_1_37.png,/work/users/b/e/behnamie/ecDNA_Data/bioimage_archive/gt_image/ncih2170_ctrl_1_37.tif
ncih2170_ctrl_1_39,NCI-H2170,train,train,True,True,False,False,1,rgb/ncih2170_ctrl_1_39.tif,dapi/ncih2170_ctrl_1_39.tif,roi_mask/ncih2170_ctrl_1_39.png,gt_image/ncih2170_ctrl_1_39.tif,,194,194,True,True,True,True,ncih2170_ctrl_1_39.tif,ncih2170_ctrl_1_39.tif,ncih2170_ctrl_1_39.png,ncih2170_ctrl_1_39.tif,,/work/users/b/e/behnamie/ecDNA_Data/bioimage_archive/rgb/ncih2170_ctrl_1_39.tif,/work/users/b/e/behnamie/ecDNA_Data/bioimage_archive/dapi/ncih2170_ctrl_1_39.tif,/work/users/b/e/behnamie/ecDNA_Data/bioimage_archive/roi_mask/ncih2170_ctrl_1_39.png,/work/users/b/e/behnamie/ecDNA_Data/bioimage_archive/gt_image/ncih2170_ctrl_1_39.tif
ncih2170_ctrl_1_41,NCI-H2170,train,train,True,True,False,False,1,rgb/ncih2170_ctrl_1_41.tif,dapi/ncih2170_ctrl_1_41.tif,roi_mask/ncih2170_ctrl_1_41.png,gt_image/ncih2170_ctrl_1_41.tif,,489,493,True,True,True,True,ncih2170_ctrl_1_41.tif,ncih2170_ctrl_1_41.tif,ncih2170_ctrl_1_41.png,ncih2170_ctrl_1_41.tif,,/work/users/b/e/behnamie/ecDNA_Data/bioimage_archive/rgb/ncih2170_ctrl_1_41.tif,/work/users/b/e/behnamie/ecDNA_Data/bioimage_archive/dapi/ncih2170_ctrl_1_41.tif,/work/users/b/e/behnamie/ecDNA_Data/bioimage_archive/roi_mask/ncih2170_ctrl_1_41.png,/work/users/b/e/behnamie/ecDNA_Data/bioimage_archive/gt_image/ncih2170_ctrl_1_41.tif
ncih2170_ctrl_1_44,NCI-H2170,train,train,True,True,False,False,1,rgb/ncih2170_ctrl_1_44.tif,dapi/ncih2170_ctrl_1_44.tif,roi_mask/ncih2170_ctrl_1_44.png,gt_image/ncih2170_ctrl_1_44.tif,,178,192,True,True,True,True,ncih2170_ctrl_1_44.tif,ncih2170_ctrl_1_44.tif,ncih2170_ctrl_1_44.png,ncih2170_ctrl_1_44.tif,,/work/users/b/e/behnamie/ecDNA_Data/bioimage_archive/rgb/ncih2170_ctrl_1_44.tif,/work/users/b/e/behnamie/ecDNA_Data/bioimage_archive/dapi/ncih2170_ctrl_1_44.tif,/work/users/b/e/behnamie/ecDNA_Data/bioimage_archive/roi_mask/ncih2170_ctrl_1_44.png,/work/users/b/e/behnamie/ecDNA_Data/bioimage_archive/gt_image/ncih2170_ctrl_1_44.tif
ncih2170_ctrl_1_50,NCI-H2170,train,train,True,True,False,False,1,rgb/ncih2170_ctrl_1_50.tif,dapi/ncih2170_ctrl_1_50.tif,roi_mask/ncih2170_ctrl_1_50.png,gt_image/ncih2170_ctrl_1_50.tif,,243,247,True,True,True,True,ncih2170_ctrl_1_50.tif,ncih2170_ctrl_1_50.tif,ncih2170_ctrl_1_50.png,ncih2170_ctrl_1_50.tif,,/work/users/b/e/behnamie/ecDNA_Data/bioimage_archive/rgb/ncih2170_ctrl_1_50.tif,/work/users/b/e/behnamie/ecDNA_Data/bioimage_archive/dapi/ncih2170_ctrl_1_50.tif,/work/users/b/e/behnamie/ecDNA_Data/bioimage_archive/roi_mask/ncih2170_ctrl_1_50.png,/work/users/b/e/behnamie/ecDNA_Data/bioimage_archive/gt_image/ncih2170_ctrl_1_50.tif
ncih2170_ctrl_1_51,NCI-H2170,train,train,True,True,False,False,1,rgb/ncih2170_ctrl_1_51.tif,dapi/ncih2170_ctrl_1_51.tif,roi_mask/ncih2170_ctrl_1_51.png,gt_image/ncih2170_ctrl_1_51.tif,,280,281,True,True,True,True,ncih2170_ctrl_1_51.tif,ncih2170_ctrl_1_51.tif,ncih2170_ctrl_1_51.png,ncih2170_ctrl_1_51.tif,,/work/users/b/e/behnamie/ecDNA_Data/bioimage_archive/rgb/ncih2170_ctrl_1_51.tif,/work/users/b/e/behnamie/ecDNA_Data/bioimage_archive/dapi/ncih2170_ctrl_1_51.tif,/work/users/b/e/behnamie/ecDNA_Data/bioimage_archive/roi_mask/ncih2170_ctrl_1_51.png,/work/users/b/e/behnamie/ecDNA_Data/bioimage_archive/gt_image/ncih2170_ctrl_1_51.tif
ncih2170_ctrl_1_53,NCI-H2170,train,train,True,True,False,False,1,rgb/ncih2170_ctrl_1_53.tif,dapi/ncih2170_ctrl_1_53.tif,roi_mask/ncih2170_ctrl_1_53.png,gt_image/ncih2170_ctrl_1_53.tif,,613,613,True,True,True,True,ncih2170_ctrl_1_53.tif,ncih2170_ctrl_1_53.tif,ncih2170_ctrl_1_53.png,ncih2170_ctrl_1_53.tif,,/work/users/b/e/behnamie/ecDNA_Data/bioimage_archive/rgb/ncih2170_ctrl_1_53.tif,/work/users/b/e/behnamie/ecDNA_Data/bioimage_archive/dapi/ncih2170_ctrl_1_53.tif,/work/users/b/e/behnamie/ecDNA_Data/bioimage_archive/roi_mask/ncih2170_ctrl_1_53.png,/work/users/b/e/behnamie/ecDNA_Data/bioimage_archive/gt_image/ncih2170_ctrl_1_53.tif
ncih2170_ctrl_1_55,NCI-H2170,train,train,True,True,False,False,1,rgb/ncih2170_ctrl_1_55.tif,dapi/ncih2170_ctrl_1_55.tif,roi_mask/ncih2170_ctrl_1_55.png,gt_image/ncih2170_ctrl_1_55.tif,,589,595,True,True,True,True,ncih2170_ctrl_1_55.tif,ncih2170_ctrl_1_55.tif,ncih2170_ctrl_1_55.png,ncih2170_ctrl_1_55.tif,,/work/users/b/e/behnamie/ecDNA_Data/bioimage_archive/rgb/ncih2170_ctrl_1_55.tif,/work/users/b/e/behnamie/ecDNA_Data/bioimage_archive/dapi/ncih2170_ctrl_1_55.tif,/work/users/b/e/behnamie/ecDNA_Data/bioimage_archive/roi_mask/ncih2170_ctrl_1_55.png,/work/users/b/e/behnamie/ecDNA_Data/bioimage_archive/gt_image/ncih2170_ctrl_1_55.tif
ncih2170_ctrl_1_65,NCI-H2170,train,train,True,True,False,False,1,rgb/ncih2170_ctrl_1_65.tif,dapi/ncih2170_ctrl_1_65.tif,roi_mask/ncih2170_ctrl_1_65.png,gt_image/ncih2170_ctrl_1_65.tif,,230,236,True,True,True,True,ncih2170_ctrl_1_65.tif,ncih2170_ctrl_1_65.tif,ncih2170_ctrl_1_65.png,ncih2170_ctrl_1_65.tif,,/work/users/b/e/behnamie/ecDNA_Data/bioimage_archive/rgb/ncih2170_ctrl_1_65.tif,/work/users/b/e/behnamie/ecDNA_Data/bioimage_archive/dapi/ncih2170_ctrl_1_65.tif,/work/users/b/e/behnamie/ecDNA_Data/bioimage_archive/roi_mask/ncih2170_ctrl_1_65.png,/work/users/b/e/behnamie/ecDNA_Data/bioimage_archive/gt_image/ncih2170_ctrl_1_65.tif
ncih2170_ctrl_1_66,NCI-H2170,train,train,True,True,False,False,1,rgb/ncih2170_ctrl_1_66.tif,dapi/ncih2170_ctrl_1_66.tif,roi_mask/ncih2170_ctrl_1_66.png,gt_image/ncih2170_ctrl_1_66.tif,,283,299,True,True,True,True,ncih2170_ctrl_1_66.tif,ncih2170_ctrl_1_66.tif,ncih2170_ctrl_1_66.png,ncih2170_ctrl_1_66.tif,,/work/users/b/e/behnamie/ecDNA_Data/bioimage_archive/rgb/ncih2170_ctrl_1_66.tif,/work/users/b/e/behnamie/ecDNA_Data/bioimage_archive/dapi/ncih2170_ctrl_1_66.tif,/work/users/b/e/behnamie/ecDNA_Data/bioimage_archive/roi_mask/ncih2170_ctrl_1_66.png,/work/users/b/e/behnamie/ecDNA_Data/bioimage_archive/gt_image/ncih2170_ctrl_1_66.tif
ncih2170_ctrl_1_68,NCI-H2170,train,train,True,True,False,False,1,rgb/ncih2170_ctrl_1_68.tif,dapi/ncih2170_ctrl_1_68.tif,roi_mask/ncih2170_ctrl_1_68.png,gt_image/ncih2170_ctrl_1_68.tif,,226,229,True,True,True,True,ncih2170_ctrl_1_68.tif,ncih2170_ctrl_1_68.tif,ncih2170_ctrl_1_68.png,ncih2170_ctrl_1_68.tif,,/work/users/b/e/behnamie/ecDNA_Data/bioimage_archive/rgb/ncih2170_ctrl_1_68.tif,/work/users/b/e/behnamie/ecDNA_Data/bioimage_archive/dapi/ncih2170_ctrl_1_68.tif,/work/users/b/e/behnamie/ecDNA_Data/bioimage_archive/roi_mask/ncih2170_ctrl_1_68.png,/work/users/b/e/behnamie/ecDNA_Data/bioimage_archive/gt_image/ncih2170_ctrl_1_68.tif
ncih2170_ctrl_1_82,NCI-H2170,train,train,True,True,False,False,1,rgb/ncih2170_ctrl_1_82.tif,dapi/ncih2170_ctrl_1_82.tif,roi_mask/ncih2170_ctrl_1_82.png,gt_image/ncih2170_ctrl_1_82.tif,,404,404,True,True,True,True,ncih2170_ctrl_1_82.tif,ncih2170_ctrl_1_82.tif,ncih2170_ctrl_1_82.png,ncih2170_ctrl_1_82.tif,,/work/users/b/e/behnamie/ecDNA_Data/bioimage_archive/rgb/ncih2170_ctrl_1_82.tif,/work/users/b/e/behnamie/ecDNA_Data/bioimage_archive/dapi/ncih2170_ctrl_1_82.tif,/work/users/b/e/behnamie/ecDNA_Data/bioimage_archive/roi_mask/ncih2170_ctrl_1_82.png,/work/users/b/e/behnamie/ecDNA_Data/bioimage_archive/gt_image/ncih2170_ctrl_1_82.tif
ncih2170_ctrl_1_86,NCI-H2170,train,train,True,True,False,False,1,rgb/ncih2170_ctrl_1_86.tif,dapi/ncih2170_ctrl_1_86.tif,roi_mask/ncih2170_ctrl_1_86.png,gt_image/ncih2170_ctrl_1_86.tif,,359,360,True,True,True,True,ncih2170_ctrl_1_86.tif,ncih2170_ctrl_1_86.tif,ncih2170_ctrl_1_86.png,ncih2170_ctrl_1_86.tif,,/work/users/b/e/behnamie/ecDNA_Data/bioimage_archive/rgb/ncih2170_ctrl_1_86.tif,/work/users/b/e/behnamie/ecDNA_Data/bioimage_archive/dapi/ncih2170_ctrl_1_86.tif,/work/users/b/e/behnamie/ecDNA_Data/bioimage_archive/roi_mask/ncih2170_ctrl_1_86.png,/work/users/b/e/behnamie/ecDNA_Data/bioimage_archive/gt_image/ncih2170_ctrl_1_86.tif
ncih2170_ctrl_1_89,NCI-H2170,train,train,True,True,False,False,1,rgb/ncih2170_ctrl_1_89.tif,dapi/ncih2170_ctrl_1_89.tif,roi_mask/ncih2170_ctrl_1_89.png,gt_image/ncih2170_ctrl_1_89.tif,,832,845,True,True,True,True,ncih2170_ctrl_1_89.tif,ncih2170_ctrl_1_89.tif,ncih2170_ctrl_1_89.png,ncih2170_ctrl_1_89.tif,,/work/users/b/e/behnamie/ecDNA_Data/bioimage_archive/rgb/ncih2170_ctrl_1_89.tif,/work/users/b/e/behnamie/ecDNA_Data/bioimage_archive/dapi/ncih2170_ctrl_1_89.tif,/work/users/b/e/behnamie/ecDNA_Data/bioimage_archive/roi_mask/ncih2170_ctrl_1_89.png,/work/users/b/e/behnamie/ecDNA_Data/bioimage_archive/gt_image/ncih2170_ctrl_1_89.tif
ncih2170_ctrl_1_95,NCI-H2170,train,train,True,True,False,False,1,rgb/ncih2170_ctrl_1_95.tif,dapi/ncih2170_ctrl_1_95.tif,roi_mask/ncih2170_ctrl_1_95.png,gt_image/ncih2170_ctrl_1_95.tif,,215,218,True,True,True,True,ncih2170_ctrl_1_95.tif,ncih2170_ctrl_1_95.tif,ncih2170_ctrl_1_95.png,ncih2170_ctrl_1_95.tif,,/work/users/b/e/behnamie/ecDNA_Data/bioimage_archive/rgb/ncih2170_ctrl_1_95.tif,/work/users/b/e/behnamie/ecDNA_Data/bioimage_archive/dapi/ncih2170_ctrl_1_95.tif,/work/users/b/e/behnamie/ecDNA_Data/bioimage_archive/roi_mask/ncih2170_ctrl_1_95.png,/work/users/b/e/behnamie/ecDNA_Data/bioimage_archive/gt_image/ncih2170_ctrl_1_95.tif
ncih2170_ctrl_1_98,NCI-H2170,train,train,True,True,False,False,1,rgb/ncih2170_ctrl_1_98.tif,dapi/ncih2170_ctrl_1_98.tif,roi_mask/ncih2170_ctrl_1_98.png,gt_image/ncih2170_ctrl_1_98.tif,,119,121,True,True,True,True,ncih2170_ctrl_1_98.tif,ncih2170_ctrl_1_98.tif,ncih2170_ctrl_1_98.png,ncih2170_ctrl_1_98.tif,,/work/users/b/e/behnamie/ecDNA_Data/bioimage_archive/rgb/ncih2170_ctrl_1_98.tif,/work/users/b/e/behnamie/ecDNA_Data/bioimage_archive/dapi/ncih2170_ctrl_1_98.tif,/work/users/b/e/behnamie/ecDNA_Data/bioimage_archive/roi_mask/ncih2170_ctrl_1_98.png,/work/users/b/e/behnamie/ecDNA_Data/bioimage_archive/gt_image/ncih2170_ctrl_1_98.tif
ncih2170_ctrl_1_99,NCI-H2170,train,train,True,True,False,False,1,rgb/ncih2170_ctrl_1_99.tif,dapi/ncih2170_ctrl_1_99.tif,roi_mask/ncih2170_ctrl_1_99.png,gt_image/ncih2170_ctrl_1_99.tif,,221,221,True,True,True,True,ncih2170_ctrl_1_99.tif,ncih2170_ctrl_1_99.tif,ncih2170_ctrl_1_99.png,ncih2170_ctrl_1_99.tif,,/work/users/b/e/behnamie/ecDNA_Data/bioimage_archive/rgb/ncih2170_ctrl_1_99.tif,/work/users/b/e/behnamie/ecDNA_Data/bioimage_archive/dapi/ncih2170_ctrl_1_99.tif,/work/users/b/e/behnamie/ecDNA_Data/bioimage_archive/roi_mask/ncih2170_ctrl_1_99.png,/work/users/b/e/behnamie/ecDNA_Data/bioimage_archive/gt_image/ncih2170_ctrl_1_99.tif
ncih2170_ctrl_2_102,NCI-H2170,train,train,True,True,False,False,1,rgb/ncih2170_ctrl_2_102.tif,dapi/ncih2170_ctrl_2_102.tif,roi_mask/ncih2170_ctrl_2_102.png,gt_image/ncih2170_ctrl_2_102.tif,,257,257,True,True,True,True,ncih2170_ctrl_2_102.tif,ncih2170_ctrl_2_102.tif,ncih2170_ctrl_2_102.png,ncih2170_ctrl_2_102.tif,,/work/users/b/e/behnamie/ecDNA_Data/bioimage_archive/rgb/ncih2170_ctrl_2_102.tif,/work/users/b/e/behnamie/ecDNA_Data/bioimage_archive/dapi/ncih2170_ctrl_2_102.tif,/work/users/b/e/behnamie/ecDNA_Data/bioimage_archive/roi_mask/ncih2170_ctrl_2_102.png,/work/users/b/e/behnamie/ecDNA_Data/bioimage_archive/gt_image/ncih2170_ctrl_2_102.tif
ncih2170_ctrl_2_103,NCI-H2170,train,train,True,True,False,False,1,rgb/ncih2170_ctrl_2_103.tif,dapi/ncih2170_ctrl_2_103.tif,roi_mask/ncih2170_ctrl_2_103.png,gt_image/ncih2170_ctrl_2_103.tif,,107,107,True,True,True,True,ncih2170_ctrl_2_103.tif,ncih2170_ctrl_2_103.tif,ncih2170_ctrl_2_103.png,ncih2170_ctrl_2_103.tif,,/work/users/b/e/behnamie/ecDNA_Data/bioimage_archive/rgb/ncih2170_ctrl_2_103.tif,/work/users/b/e/behnamie/ecDNA_Data/bioimage_archive/dapi/ncih2170_ctrl_2_103.tif,/work/users/b/e/behnamie/ecDNA_Data/bioimage_archive/roi_mask/ncih2170_ctrl_2_103.png,/work/users/b/e/behnamie/ecDNA_Data/bioimage_archive/gt_image/ncih2170_ctrl_2_103.tif
ncih2170_ctrl_2_106,NCI-H2170,train,train,True,True,False,False,1,rgb/ncih2170_ctrl_2_106.tif,dapi/ncih2170_ctrl_2_106.tif,roi_mask/ncih2170_ctrl_2_106.png,gt_image/ncih2170_ctrl_2_106.tif,,909,925,True,True,True,True,ncih2170_ctrl_2_106.tif,ncih2170_ctrl_2_106.tif,ncih2170_ctrl_2_106.png,ncih2170_ctrl_2_106.tif,,/work/users/b/e/behnamie/ecDNA_Data/bioimage_archive/rgb/ncih2170_ctrl_2_106.tif,/work/users/b/e/behnamie/ecDNA_Data/bioimage_archive/dapi/ncih2170_ctrl_2_106.tif,/work/users/b/e/behnamie/ecDNA_Data/bioimage_archive/roi_mask/ncih2170_ctrl_2_106.png,/work/users/b/e/behnamie/ecDNA_Data/bioimage_archive/gt_image/ncih2170_ctrl_2_106.tif
ncih2170_ctrl_2_107,NCI-H2170,train,train,True,True,False,False,1,rgb/ncih2170_ctrl_2_107.tif,dapi/ncih2170_ctrl_2_107.tif,roi_mask/ncih2170_ctrl_2_107.png,gt_image/ncih2170_ctrl_2_107.tif,,116,118,True,True,True,True,ncih2170_ctrl_2_107.tif,ncih2170_ctrl_2_107.tif,ncih2170_ctrl_2_107.png,ncih2170_ctrl_2_107.tif,,/work/users/b/e/behnamie/ecDNA_Data/bioimage_archive/rgb/ncih2170_ctrl_2_107.tif,/work/users/b/e/behnamie/ecDNA_Data/bioimage_archive/dapi/ncih2170_ctrl_2_107.tif,/work/users/b/e/behnamie/ecDNA_Data/bioimage_archive/roi_mask/ncih2170_ctrl_2_107.png,/work/users/b/e/behnamie/ecDNA_Data/bioimage_archive/gt_image/ncih2170_ctrl_2_107.tif
ncih2170_ctrl_2_112,NCI-H2170,train,train,True,True,False,False,1,rgb/ncih2170_ctrl_2_112.tif,dapi/ncih2170_ctrl_2_112.tif,roi_mask/ncih2170_ctrl_2_112.png,gt_image/ncih2170_ctrl_2_112.tif,,217,217,True,True,True,True,ncih2170_ctrl_2_112.tif,ncih2170_ctrl_2_112.tif,ncih2170_ctrl_2_112.png,ncih2170_ctrl_2_112.tif,,/work/users/b/e/behnamie/ecDNA_Data/bioimage_archive/rgb/ncih2170_ctrl_2_112.tif,/work/users/b/e/behnamie/ecDNA_Data/bioimage_archive/dapi/ncih2170_ctrl_2_112.tif,/work/users/b/e/behnamie/ecDNA_Data/bioimage_archive/roi_mask/ncih2170_ctrl_2_112.png,/work/users/b/e/behnamie/ecDNA_Data/bioimage_archive/gt_image/ncih2170_ctrl_2_112.tif
ncih2170_ctrl_2_114,NCI-H2170,train,train,True,True,False,False,1,rgb/ncih2170_ctrl_2_114.tif,dapi/ncih2170_ctrl_2_114.tif,roi_mask/ncih2170_ctrl_2_114.png,gt_image/ncih2170_ctrl_2_114.tif,,503,508,True,True,True,True,ncih2170_ctrl_2_114.tif,ncih2170_ctrl_2_114.tif,ncih2170_ctrl_2_114.png,ncih2170_ctrl_2_114.tif,,/work/users/b/e/behnamie/ecDNA_Data/bioimage_archive/rgb/ncih2170_ctrl_2_114.tif,/work/users/b/e/behnamie/ecDNA_Data/bioimage_archive/dapi/ncih2170_ctrl_2_114.tif,/work/users/b/e/behnamie/ecDNA_Data/bioimage_archive/roi_mask/ncih2170_ctrl_2_114.png,/work/users/b/e/behnamie/ecDNA_Data/bioimage_archive/gt_image/ncih2170_ctrl_2_114.tif
ncih2170_ctrl_2_115,NCI-H2170,train,train,True,True,False,False,1,rgb/ncih2170_ctrl_2_115.tif,dapi/ncih2170_ctrl_2_115.tif,roi_mask/ncih2170_ctrl_2_115.png,gt_image/ncih2170_ctrl_2_115.tif,,371,378,True,True,True,True,ncih2170_ctrl_2_115.tif,ncih2170_ctrl_2_115.tif,ncih2170_ctrl_2_115.png,ncih2170_ctrl_2_115.tif,,/work/users/b/e/behnamie/ecDNA_Data/bioimage_archive/rgb/ncih2170_ctrl_2_115.tif,/work/users/b/e/behnamie/ecDNA_Data/bioimage_archive/dapi/ncih2170_ctrl_2_115.tif,/work/users/b/e/behnamie/ecDNA_Data/bioimage_archive/roi_mask/ncih2170_ctrl_2_115.png,/work/users/b/e/behnamie/ecDNA_Data/bioimage_archive/gt_image/ncih2170_ctrl_2_115.tif
ncih2170_ctrl_2_116,NCI-H2170,train,train,True,True,False,False,1,rgb/ncih2170_ctrl_2_116.tif,dapi/ncih2170_ctrl_2_116.tif,roi_mask/ncih2170_ctrl_2_116.png,gt_image/ncih2170_ctrl_2_116.tif,,94,97,True,True,True,True,ncih2170_ctrl_2_116.tif,ncih2170_ctrl_2_116.tif,ncih2170_ctrl_2_116.png,ncih2170_ctrl_2_116.tif,,/work/users/b/e/behnamie/ecDNA_Data/bioimage_archive/rgb/ncih2170_ctrl_2_116.tif,/work/users/b/e/behnamie/ecDNA_Data/bioimage_archive/dapi/ncih2170_ctrl_2_116.tif,/work/users/b/e/behnamie/ecDNA_Data/bioimage_archive/roi_mask/ncih2170_ctrl_2_116.png,/work/users/b/e/behnamie/ecDNA_Data/bioimage_archive/gt_image/ncih2170_ctrl_2_116.tif
ncih2170_ctrl_2_117,NCI-H2170,train,train,True,True,False,False,1,rgb/ncih2170_ctrl_2_117.tif,dapi/ncih2170_ctrl_2_117.tif,roi_mask/ncih2170_ctrl_2_117.png,gt_image/ncih2170_ctrl_2_117.tif,,172,172,True,True,True,True,ncih2170_ctrl_2_117.tif,ncih2170_ctrl_2_117.tif,ncih2170_ctrl_2_117.png,ncih2170_ctrl_2_117.tif,,/work/users/b/e/behnamie/ecDNA_Data/bioimage_archive/rgb/ncih2170_ctrl_2_117.tif,/work/users/b/e/behnamie/ecDNA_Data/bioimage_archive/dapi/ncih2170_ctrl_2_117.tif,/work/users/b/e/behnamie/ecDNA_Data/bioimage_archive/roi_mask/ncih2170_ctrl_2_117.png,/work/users/b/e/behnamie/ecDNA_Data/bioimage_archive/gt_image/ncih2170_ctrl_2_117.tif
ncih2170_ctrl_2_118,NCI-H2170,train,train,True,True,False,False,1,rgb/ncih2170_ctrl_2_118.tif,dapi/ncih2170_ctrl_2_118.tif,roi_mask/ncih2170_ctrl_2_118.png,gt_image/ncih2170_ctrl_2_118.tif,,523,525,True,True,True,True,ncih2170_ctrl_2_118.tif,ncih2170_ctrl_2_118.tif,ncih2170_ctrl_2_118.png,ncih2170_ctrl_2_118.tif,,/work/users/b/e/behnamie/ecDNA_Data/bioimage_archive/rgb/ncih2170_ctrl_2_118.tif,/work/users/b/e/behnamie/ecDNA_Data/bioimage_archive/dapi/ncih2170_ctrl_2_118.tif,/work/users/b/e/behnamie/ecDNA_Data/bioimage_archive/roi_mask/ncih2170_ctrl_2_118.png,/work/users/b/e/behnamie/ecDNA_Data/bioimage_archive/gt_image/ncih2170_ctrl_2_118.tif
ncih2170_ctrl_2_119,NCI-H2170,train,train,True,True,False,False,1,rgb/ncih2170_ctrl_2_119.tif,dapi/ncih2170_ctrl_2_119.tif,roi_mask/ncih2170_ctrl_2_119.png,gt_image/ncih2170_ctrl_2_119.tif,,282,285,True,True,True,True,ncih2170_ctrl_2_119.tif,ncih2170_ctrl_2_119.tif,ncih2170_ctrl_2_119.png,ncih2170_ctrl_2_119.tif,,/work/users/b/e/behnamie/ecDNA_Data/bioimage_archive/rgb/ncih2170_ctrl_2_119.tif,/work/users/b/e/behnamie/ecDNA_Data/bioimage_archive/dapi/ncih2170_ctrl_2_119.tif,/work/users/b/e/behnamie/ecDNA_Data/bioimage_archive/roi_mask/ncih2170_ctrl_2_119.png,/work/users/b/e/behnamie/ecDNA_Data/bioimage_archive/gt_image/ncih2170_ctrl_2_119.tif
ncih2170_ctrl_2_121,NCI-H2170,train,train,True,True,False,False,1,rgb/ncih2170_ctrl_2_121.tif,dapi/ncih2170_ctrl_2_121.tif,roi_mask/ncih2170_ctrl_2_121.png,gt_image/ncih2170_ctrl_2_121.tif,,418,418,True,True,True,True,ncih2170_ctrl_2_121.tif,ncih2170_ctrl_2_121.tif,ncih2170_ctrl_2_121.png,ncih2170_ctrl_2_121.tif,,/work/users/b/e/behnamie/ecDNA_Data/bioimage_archive/rgb/ncih2170_ctrl_2_121.tif,/work/users/b/e/behnamie/ecDNA_Data/bioimage_archive/dapi/ncih2170_ctrl_2_121.tif,/work/users/b/e/behnamie/ecDNA_Data/bioimage_archive/roi_mask/ncih2170_ctrl_2_121.png,/work/users/b/e/behnamie/ecDNA_Data/bioimage_archive/gt_image/ncih2170_ctrl_2_121.tif
ncih2170_ctrl_2_122,NCI-H2170,train,train,True,True,False,False,1,rgb/ncih2170_ctrl_2_122.tif,dapi/ncih2170_ctrl_2_122.tif,roi_mask/ncih2170_ctrl_2_122.png,gt_image/ncih2170_ctrl_2_122.tif,,194,194,True,True,True,True,ncih2170_ctrl_2_122.tif,ncih2170_ctrl_2_122.tif,ncih2170_ctrl_2_122.png,ncih2170_ctrl_2_122.tif,,/work/users/b/e/behnamie/ecDNA_Data/bioimage_archive/rgb/ncih2170_ctrl_2_122.tif,/work/users/b/e/behnamie/ecDNA_Data/bioimage_archive/dapi/ncih2170_ctrl_2_122.tif,/work/users/b/e/behnamie/ecDNA_Data/bioimage_archive/roi_mask/ncih2170_ctrl_2_122.png,/work/users/b/e/behnamie/ecDNA_Data/bioimage_archive/gt_image/ncih2170_ctrl_2_122.tif
ncih2170_ctrl_2_124,NCI-H2170,train,train,True,True,False,False,1,rgb/ncih2170_ctrl_2_124.tif,dapi/ncih2170_ctrl_2_124.tif,roi_mask/ncih2170_ctrl_2_124.png,gt_image/ncih2170_ctrl_2_124.tif,,163,163,True,True,True,True,ncih2170_ctrl_2_124.tif,ncih2170_ctrl_2_124.tif,ncih2170_ctrl_2_124.png,ncih2170_ctrl_2_124.tif,,/work/users/b/e/behnamie/ecDNA_Data/bioimage_archive/rgb/ncih2170_ctrl_2_124.tif,/work/users/b/e/behnamie/ecDNA_Data/bioimage_archive/dapi/ncih2170_ctrl_2_124.tif,/work/users/b/e/behnamie/ecDNA_Data/bioimage_archive/roi_mask/ncih2170_ctrl_2_124.png,/work/users/b/e/behnamie/ecDNA_Data/bioimage_archive/gt_image/ncih2170_ctrl_2_124.tif
ncih2170_ctrl_2_125,NCI-H2170,train,train,True,True,False,False,1,rgb/ncih2170_ctrl_2_125.tif,dapi/ncih2170_ctrl_2_125.tif,roi_mask/ncih2170_ctrl_2_125.png,gt_image/ncih2170_ctrl_2_125.tif,,413,415,True,True,True,True,ncih2170_ctrl_2_125.tif,ncih2170_ctrl_2_125.tif,ncih2170_ctrl_2_125.png,ncih2170_ctrl_2_125.tif,,/work/users/b/e/behnamie/ecDNA_Data/bioimage_archive/rgb/ncih2170_ctrl_2_125.tif,/work/users/b/e/behnamie/ecDNA_Data/bioimage_archive/dapi/ncih2170_ctrl_2_125.tif,/work/users/b/e/behnamie/ecDNA_Data/bioimage_archive/roi_mask/ncih2170_ctrl_2_125.png,/work/users/b/e/behnamie/ecDNA_Data/bioimage_archive/gt_image/ncih2170_ctrl_2_125.tif
ncih2170_ctrl_2_127,NCI-H2170,train,train,True,True,False,False,1,rgb/ncih2170_ctrl_2_127.tif,dapi/ncih2170_ctrl_2_127.tif,roi_mask/ncih2170_ctrl_2_127.png,gt_image/ncih2170_ctrl_2_127.tif,,378,380,True,True,True,True,ncih2170_ctrl_2_127.tif,ncih2170_ctrl_2_127.tif,ncih2170_ctrl_2_127.png,ncih2170_ctrl_2_127.tif,,/work/users/b/e/behnamie/ecDNA_Data/bioimage_archive/rgb/ncih2170_ctrl_2_127.tif,/work/users/b/e/behnamie/ecDNA_Data/bioimage_archive/dapi/ncih2170_ctrl_2_127.tif,/work/users/b/e/behnamie/ecDNA_Data/bioimage_archive/roi_mask/ncih2170_ctrl_2_127.png,/work/users/b/e/behnamie/ecDNA_Data/bioimage_archive/gt_image/ncih2170_ctrl_2_127.tif
ncih2170_ctrl_2_129,NCI-H2170,train,train,True,True,False,False,1,rgb/ncih2170_ctrl_2_129.tif,dapi/ncih2170_ctrl_2_129.tif,roi_mask/ncih2170_ctrl_2_129.png,gt_image/ncih2170_ctrl_2_129.tif,,220,220,True,True,True,True,ncih2170_ctrl_2_129.tif,ncih2170_ctrl_2_129.tif,ncih2170_ctrl_2_129.png,ncih2170_ctrl_2_129.tif,,/work/users/b/e/behnamie/ecDNA_Data/bioimage_archive/rgb/ncih2170_ctrl_2_129.tif,/work/users/b/e/behnamie/ecDNA_Data/bioimage_archive/dapi/ncih2170_ctrl_2_129.tif,/work/users/b/e/behnamie/ecDNA_Data/bioimage_archive/roi_mask/ncih2170_ctrl_2_129.png,/work/users/b/e/behnamie/ecDNA_Data/bioimage_archive/gt_image/ncih2170_ctrl_2_129.tif
ncih2170_ctrl_2_130,NCI-H2170,train,train,True,True,False,False,1,rgb/ncih2170_ctrl_2_130.tif,dapi/ncih2170_ctrl_2_130.tif,roi_mask/ncih2170_ctrl_2_130.png,gt_image/ncih2170_ctrl_2_130.tif,,228,229,True,True,True,True,ncih2170_ctrl_2_130.tif,ncih2170_ctrl_2_130.tif,ncih2170_ctrl_2_130.png,ncih2170_ctrl_2_130.tif,,/work/users/b/e/behnamie/ecDNA_Data/bioimage_archive/rgb/ncih2170_ctrl_2_130.tif,/work/users/b/e/behnamie/ecDNA_Data/bioimage_archive/dapi/ncih2170_ctrl_2_130.tif,/work/users/b/e/behnamie/ecDNA_Data/bioimage_archive/roi_mask/ncih2170_ctrl_2_130.png,/work/users/b/e/behnamie/ecDNA_Data/bioimage_archive/gt_image/ncih2170_ctrl_2_130.tif
ncih2170_ctrl_2_134,NCI-H2170,train,train,True,True,False,False,1,rgb/ncih2170_ctrl_2_134.tif,dapi/ncih2170_ctrl_2_134.tif,roi_mask/ncih2170_ctrl_2_134.png,gt_image/ncih2170_ctrl_2_134.tif,,390,392,True,True,True,True,ncih2170_ctrl_2_134.tif,ncih2170_ctrl_2_134.tif,ncih2170_ctrl_2_134.png,ncih2170_ctrl_2_134.tif,,/work/users/b/e/behnamie/ecDNA_Data/bioimage_archive/rgb/ncih2170_ctrl_2_134.tif,/work/users/b/e/behnamie/ecDNA_Data/bioimage_archive/dapi/ncih2170_ctrl_2_134.tif,/work/users/b/e/behnamie/ecDNA_Data/bioimage_archive/roi_mask/ncih2170_ctrl_2_134.png,/work/users/b/e/behnamie/ecDNA_Data/bioimage_archive/gt_image/ncih2170_ctrl_2_134.tif
ncih2170_ctrl_2_136,NCI-H2170,train,train,True,True,False,False,1,rgb/ncih2170_ctrl_2_136.tif,dapi/ncih2170_ctrl_2_136.tif,roi_mask/ncih2170_ctrl_2_136.png,gt_image/ncih2170_ctrl_2_136.tif,,314,322,True,True,True,True,ncih2170_ctrl_2_136.tif,ncih2170_ctrl_2_136.tif,ncih2170_ctrl_2_136.png,ncih2170_ctrl_2_136.tif,,/work/users/b/e/behnamie/ecDNA_Data/bioimage_archive/rgb/ncih2170_ctrl_2_136.tif,/work/users/b/e/behnamie/ecDNA_Data/bioimage_archive/dapi/ncih2170_ctrl_2_136.tif,/work/users/b/e/behnamie/ecDNA_Data/bioimage_archive/roi_mask/ncih2170_ctrl_2_136.png,/work/users/b/e/behnamie/ecDNA_Data/bioimage_archive/gt_image/ncih2170_ctrl_2_136.tif
ncih2170_ctrl_2_141,NCI-H2170,train,train,True,True,False,False,1,rgb/ncih2170_ctrl_2_141.tif,dapi/ncih2170_ctrl_2_141.tif,roi_mask/ncih2170_ctrl_2_141.png,gt_image/ncih2170_ctrl_2_141.tif,,114,115,True,True,True,True,ncih2170_ctrl_2_141.tif,ncih2170_ctrl_2_141.tif,ncih2170_ctrl_2_141.png,ncih2170_ctrl_2_141.tif,,/work/users/b/e/behnamie/ecDNA_Data/bioimage_archive/rgb/ncih2170_ctrl_2_141.tif,/work/users/b/e/behnamie/ecDNA_Data/bioimage_archive/dapi/ncih2170_ctrl_2_141.tif,/work/users/b/e/behnamie/ecDNA_Data/bioimage_archive/roi_mask/ncih2170_ctrl_2_141.png,/work/users/b/e/behnamie/ecDNA_Data/bioimage_archive/gt_image/ncih2170_ctrl_2_141.tif
ncih2170_ctrl_2_22,NCI-H2170,train,train,True,True,False,False,1,rgb/ncih2170_ctrl_2_22.tif,dapi/ncih2170_ctrl_2_22.tif,roi_mask/ncih2170_ctrl_2_22.png,gt_image/ncih2170_ctrl_2_22.tif,,438,442,True,True,True,True,ncih2170_ctrl_2_22.tif,ncih2170_ctrl_2_22.tif,ncih2170_ctrl_2_22.png,ncih2170_ctrl_2_22.tif,,/work/users/b/e/behnamie/ecDNA_Data/bioimage_archive/rgb/ncih2170_ctrl_2_22.tif,/work/users/b/e/behnamie/ecDNA_Data/bioimage_archive/dapi/ncih2170_ctrl_2_22.tif,/work/users/b/e/behnamie/ecDNA_Data/bioimage_archive/roi_mask/ncih2170_ctrl_2_22.png,/work/users/b/e/behnamie/ecDNA_Data/bioimage_archive/gt_image/ncih2170_ctrl_2_22.tif
ncih2170_ctrl_2_28,NCI-H2170,train,train,True,True,False,False,1,rgb/ncih2170_ctrl_2_28.tif,dapi/ncih2170_ctrl_2_28.tif,roi_mask/ncih2170_ctrl_2_28.png,gt_image/ncih2170_ctrl_2_28.tif,,259,259,True,True,True,True,ncih2170_ctrl_2_28.tif,ncih2170_ctrl_2_28.tif,ncih2170_ctrl_2_28.png,ncih2170_ctrl_2_28.tif,,/work/users/b/e/behnamie/ecDNA_Data/bioimage_archive/rgb/ncih2170_ctrl_2_28.tif,/work/users/b/e/behnamie/ecDNA_Data/bioimage_archive/dapi/ncih2170_ctrl_2_28.tif,/work/users/b/e/behnamie/ecDNA_Data/bioimage_archive/roi_mask/ncih2170_ctrl_2_28.png,/work/users/b/e/behnamie/ecDNA_Data/bioimage_archive/gt_image/ncih2170_ctrl_2_28.tif
ncih2170_ctrl_2_29,NCI-H2170,train,train,True,True,False,False,1,rgb/ncih2170_ctrl_2_29.tif,dapi/ncih2170_ctrl_2_29.tif,roi_mask/ncih2170_ctrl_2_29.png,gt_image/ncih2170_ctrl_2_29.tif,,170,172,True,True,True,True,ncih2170_ctrl_2_29.tif,ncih2170_ctrl_2_29.tif,ncih2170_ctrl_2_29.png,ncih2170_ctrl_2_29.tif,,/work/users/b/e/behnamie/ecDNA_Data/bioimage_archive/rgb/ncih2170_ctrl_2_29.tif,/work/users/b/e/behnamie/ecDNA_Data/bioimage_archive/dapi/ncih2170_ctrl_2_29.tif,/work/users/b/e/behnamie/ecDNA_Data/bioimage_archive/roi_mask/ncih2170_ctrl_2_29.png,/work/users/b/e/behnamie/ecDNA_Data/bioimage_archive/gt_image/ncih2170_ctrl_2_29.tif
ncih2170_ctrl_2_30,NCI-H2170,train,train,True,True,False,False,1,rgb/ncih2170_ctrl_2_30.tif,dapi/ncih2170_ctrl_2_30.tif,roi_mask/ncih2170_ctrl_2_30.png,gt_image/ncih2170_ctrl_2_30.tif,,572,581,True,True,True,True,ncih2170_ctrl_2_30.tif,ncih2170_ctrl_2_30.tif,ncih2170_ctrl_2_30.png,ncih2170_ctrl_2_30.tif,,/work/users/b/e/behnamie/ecDNA_Data/bioimage_archive/rgb/ncih2170_ctrl_2_30.tif,/work/users/b/e/behnamie/ecDNA_Data/bioimage_archive/dapi/ncih2170_ctrl_2_30.tif,/work/users/b/e/behnamie/ecDNA_Data/bioimage_archive/roi_mask/ncih2170_ctrl_2_30.png,/work/users/b/e/behnamie/ecDNA_Data/bioimage_archive/gt_image/ncih2170_ctrl_2_30.tif
ncih2170_ctrl_2_35,NCI-H2170,train,train,True,True,False,False,1,rgb/ncih2170_ctrl_2_35.tif,dapi/ncih2170_ctrl_2_35.tif,roi_mask/ncih2170_ctrl_2_35.png,gt_image/ncih2170_ctrl_2_35.tif,,604,644,True,True,True,True,ncih2170_ctrl_2_35.tif,ncih2170_ctrl_2_35.tif,ncih2170_ctrl_2_35.png,ncih2170_ctrl_2_35.tif,,/work/users/b/e/behnamie/ecDNA_Data/bioimage_archive/rgb/ncih2170_ctrl_2_35.tif,/work/users/b/e/behnamie/ecDNA_Data/bioimage_archive/dapi/ncih2170_ctrl_2_35.tif,/work/users/b/e/behnamie/ecDNA_Data/bioimage_archive/roi_mask/ncih2170_ctrl_2_35.png,/work/users/b/e/behnamie/ecDNA_Data/bioimage_archive/gt_image/ncih2170_ctrl_2_35.tif
ncih2170_ctrl_2_40,NCI-H2170,train,train,True,True,False,False,1,rgb/ncih2170_ctrl_2_40.tif,dapi/ncih2170_ctrl_2_40.tif,roi_mask/ncih2170_ctrl_2_40.png,gt_image/ncih2170_ctrl_2_40.tif,,297,299,True,True,True,True,ncih2170_ctrl_2_40.tif,ncih2170_ctrl_2_40.tif,ncih2170_ctrl_2_40.png,ncih2170_ctrl_2_40.tif,,/work/users/b/e/behnamie/ecDNA_Data/bioimage_archive/rgb/ncih2170_ctrl_2_40.tif,/work/users/b/e/behnamie/ecDNA_Data/bioimage_archive/dapi/ncih2170_ctrl_2_40.tif,/work/users/b/e/behnamie/ecDNA_Data/bioimage_archive/roi_mask/ncih2170_ctrl_2_40.png,/work/users/b/e/behnamie/ecDNA_Data/bioimage_archive/gt_image/ncih2170_ctrl_2_40.tif
ncih2170_ctrl_2_41,NCI-H2170,train,train,True,True,False,False,1,rgb/ncih2170_ctrl_2_41.tif,dapi/ncih2170_ctrl_2_41.tif,roi_mask/ncih2170_ctrl_2_41.png,gt_image/ncih2170_ctrl_2_41.tif,,742,751,True,True,True,True,ncih2170_ctrl_2_41.tif,ncih2170_ctrl_2_41.tif,ncih2170_ctrl_2_41.png,ncih2170_ctrl_2_41.tif,,/work/users/b/e/behnamie/ecDNA_Data/bioimage_archive/rgb/ncih2170_ctrl_2_41.tif,/work/users/b/e/behnamie/ecDNA_Data/bioimage_archive/dapi/ncih2170_ctrl_2_41.tif,/work/users/b/e/behnamie/ecDNA_Data/bioimage_archive/roi_mask/ncih2170_ctrl_2_41.png,/work/users/b/e/behnamie/ecDNA_Data/bioimage_archive/gt_image/ncih2170_ctrl_2_41.tif
ncih2170_ctrl_2_92,NCI-H2170,train,train,True,True,False,False,1,rgb/ncih2170_ctrl_2_92.tif,dapi/ncih2170_ctrl_2_92.tif,roi_mask/ncih2170_ctrl_2_92.png,gt_image/ncih2170_ctrl_2_92.tif,,436,439,True,True,True,True,ncih2170_ctrl_2_92.tif,ncih2170_ctrl_2_92.tif,ncih2170_ctrl_2_92.png,ncih2170_ctrl_2_92.tif,,/work/users/b/e/behnamie/ecDNA_Data/bioimage_archive/rgb/ncih2170_ctrl_2_92.tif,/work/users/b/e/behnamie/ecDNA_Data/bioimage_archive/dapi/ncih2170_ctrl_2_92.tif,/work/users/b/e/behnamie/ecDNA_Data/bioimage_archive/roi_mask/ncih2170_ctrl_2_92.png,/work/users/b/e/behnamie/ecDNA_Data/bioimage_archive/gt_image/ncih2170_ctrl_2_92.tif
ncih2170_ctrl_2_93,NCI-H2170,train,train,True,True,False,False,1,rgb/ncih2170_ctrl_2_93.tif,dapi/ncih2170_ctrl_2_93.tif,roi_mask/ncih2170_ctrl_2_93.png,gt_image/ncih2170_ctrl_2_93.tif,,287,288,True,True,True,True,ncih2170_ctrl_2_93.tif,ncih2170_ctrl_2_93.tif,ncih2170_ctrl_2_93.png,ncih2170_ctrl_2_93.tif,,/work/users/b/e/behnamie/ecDNA_Data/bioimage_archive/rgb/ncih2170_ctrl_2_93.tif,/work/users/b/e/behnamie/ecDNA_Data/bioimage_archive/dapi/ncih2170_ctrl_2_93.tif,/work/users/b/e/behnamie/ecDNA_Data/bioimage_archive/roi_mask/ncih2170_ctrl_2_93.png,/work/users/b/e/behnamie/ecDNA_Data/bioimage_archive/gt_image/ncih2170_ctrl_2_93.tif
ncih2170_ctrl_2_94,NCI-H2170,train,train,True,True,False,False,1,rgb/ncih2170_ctrl_2_94.tif,dapi/ncih2170_ctrl_2_94.tif,roi_mask/ncih2170_ctrl_2_94.png,gt_image/ncih2170_ctrl_2_94.tif,,146,148,True,True,True,True,ncih2170_ctrl_2_94.tif,ncih2170_ctrl_2_94.tif,ncih2170_ctrl_2_94.png,ncih2170_ctrl_2_94.tif,,/work/users/b/e/behnamie/ecDNA_Data/bioimage_archive/rgb/ncih2170_ctrl_2_94.tif,/work/users/b/e/behnamie/ecDNA_Data/bioimage_archive/dapi/ncih2170_ctrl_2_94.tif,/work/users/b/e/behnamie/ecDNA_Data/bioimage_archive/roi_mask/ncih2170_ctrl_2_94.png,/work/users/b/e/behnamie/ecDNA_Data/bioimage_archive/gt_image/ncih2170_ctrl_2_94.tif
ncih2170_ctrl_2_99,NCI-H2170,train,train,True,True,False,False,1,rgb/ncih2170_ctrl_2_99.tif,dapi/ncih2170_ctrl_2_99.tif,roi_mask/ncih2170_ctrl_2_99.png,gt_image/ncih2170_ctrl_2_99.tif,,290,292,True,True,True,True,ncih2170_ctrl_2_99.tif,ncih2170_ctrl_2_99.tif,ncih2170_ctrl_2_99.png,ncih2170_ctrl_2_99.tif,,/work/users/b/e/behnamie/ecDNA_Data/bioimage_archive/rgb/ncih2170_ctrl_2_99.tif,/work/users/b/e/behnamie/ecDNA_Data/bioimage_archive/dapi/ncih2170_ctrl_2_99.tif,/work/users/b/e/behnamie/ecDNA_Data/bioimage_archive/roi_mask/ncih2170_ctrl_2_99.png,/work/users/b/e/behnamie/ecDNA_Data/bioimage_archive/gt_image/ncih2170_ctrl_2_99.tif
ncih2170_facs_fish_0223_high_her2_10,NCI-H2170,train,train,True,True,False,False,1,rgb/ncih2170_facs_fish_0223_high_her2_10.tif,dapi/ncih2170_facs_fish_0223_high_her2_10.tif,roi_mask/ncih2170_facs_fish_0223_high_her2_10.png,gt_image/ncih2170_facs_fish_0223_high_her2_10.tif,,138,138,True,True,True,True,ncih2170_facs_fish_0223_high_her2_10.tif,ncih2170_facs_fish_0223_high_her2_10.tif,ncih2170_facs_fish_0223_high_her2_10.png,ncih2170_facs_fish_0223_high_her2_10.tif,,/work/users/b/e/behnamie/ecDNA_Data/bioimage_archive/rgb/ncih2170_facs_fish_0223_high_her2_10.tif,/work/users/b/e/behnamie/ecDNA_Data/bioimage_archive/dapi/ncih2170_facs_fish_0223_high_her2_10.tif,/work/users/b/e/behnamie/ecDNA_Data/bioimage_archive/roi_mask/ncih2170_facs_fish_0223_high_her2_10.png,/work/users/b/e/behnamie/ecDNA_Data/bioimage_archive/gt_image/ncih2170_facs_fish_0223_high_her2_10.tif
ncih2170_facs_fish_0223_high_her2_11,NCI-H2170,train,train,True,True,False,False,1,rgb/ncih2170_facs_fish_0223_high_her2_11.tif,dapi/ncih2170_facs_fish_0223_high_her2_11.tif,roi_mask/ncih2170_facs_fish_0223_high_her2_11.png,gt_image/ncih2170_facs_fish_0223_high_her2_11.tif,,101,101,True,True,True,True,ncih2170_facs_fish_0223_high_her2_11.tif,ncih2170_facs_fish_0223_high_her2_11.tif,ncih2170_facs_fish_0223_high_her2_11.png,ncih2170_facs_fish_0223_high_her2_11.tif,,/work/users/b/e/behnamie/ecDNA_Data/bioimage_archive/rgb/ncih2170_facs_fish_0223_high_her2_11.tif,/work/users/b/e/behnamie/ecDNA_Data/bioimage_archive/dapi/ncih2170_facs_fish_0223_high_her2_11.tif,/work/users/b/e/behnamie/ecDNA_Data/bioimage_archive/roi_mask/ncih2170_facs_fish_0223_high_her2_11.png,/work/users/b/e/behnamie/ecDNA_Data/bioimage_archive/gt_image/ncih2170_facs_fish_0223_high_her2_11.tif
ncih2170_facs_fish_0223_high_her2_16,NCI-H2170,train,train,True,True,False,False,1,rgb/ncih2170_facs_fish_0223_high_her2_16.tif,dapi/ncih2170_facs_fish_0223_high_her2_16.tif,roi_mask/ncih2170_facs_fish_0223_high_her2_16.png,gt_image/ncih2170_facs_fish_0223_high_her2_16.tif,,130,130,True,True,True,True,ncih2170_facs_fish_0223_high_her2_16.tif,ncih2170_facs_fish_0223_high_her2_16.tif,ncih2170_facs_fish_0223_high_her2_16.png,ncih2170_facs_fish_0223_high_her2_16.tif,,/work/users/b/e/behnamie/ecDNA_Data/bioimage_archive/rgb/ncih2170_facs_fish_0223_high_her2_16.tif,/work/users/b/e/behnamie/ecDNA_Data/bioimage_archive/dapi/ncih2170_facs_fish_0223_high_her2_16.tif,/work/users/b/e/behnamie/ecDNA_Data/bioimage_archive/roi_mask/ncih2170_facs_fish_0223_high_her2_16.png,/work/users/b/e/behnamie/ecDNA_Data/bioimage_archive/gt_image/ncih2170_facs_fish_0223_high_her2_16.tif
ncih2170_facs_fish_0223_high_her2_18,NCI-H2170,train,train,True,True,False,False,1,rgb/ncih2170_facs_fish_0223_high_her2_18.tif,dapi/ncih2170_facs_fish_0223_high_her2_18.tif,roi_mask/ncih2170_facs_fish_0223_high_her2_18.png,gt_image/ncih2170_facs_fish_0223_high_her2_18.tif,,46,46,True,True,True,True,ncih2170_facs_fish_0223_high_her2_18.tif,ncih2170_facs_fish_0223_high_her2_18.tif,ncih2170_facs_fish_0223_high_her2_18.png,ncih2170_facs_fish_0223_high_her2_18.tif,,/work/users/b/e/behnamie/ecDNA_Data/bioimage_archive/rgb/ncih2170_facs_fish_0223_high_her2_18.tif,/work/users/b/e/behnamie/ecDNA_Data/bioimage_archive/dapi/ncih2170_facs_fish_0223_high_her2_18.tif,/work/users/b/e/behnamie/ecDNA_Data/bioimage_archive/roi_mask/ncih2170_facs_fish_0223_high_her2_18.png,/work/users/b/e/behnamie/ecDNA_Data/bioimage_archive/gt_image/ncih2170_facs_fish_0223_high_her2_18.tif
ncih2170_facs_fish_0223_high_her2_2,NCI-H2170,train,train,True,True,False,False,1,rgb/ncih2170_facs_fish_0223_high_her2_2.tif,dapi/ncih2170_facs_fish_0223_high_her2_2.tif,roi_mask/ncih2170_facs_fish_0223_high_her2_2.png,gt_image/ncih2170_facs_fish_0223_high_her2_2.tif,,86,88,True,True,True,True,ncih2170_facs_fish_0223_high_her2_2.tif,ncih2170_facs_fish_0223_high_her2_2.tif,ncih2170_facs_fish_0223_high_her2_2.png,ncih2170_facs_fish_0223_high_her2_2.tif,,/work/users/b/e/behnamie/ecDNA_Data/bioimage_archive/rgb/ncih2170_facs_fish_0223_high_her2_2.tif,/work/users/b/e/behnamie/ecDNA_Data/bioimage_archive/dapi/ncih2170_facs_fish_0223_high_her2_2.tif,/work/users/b/e/behnamie/ecDNA_Data/bioimage_archive/roi_mask/ncih2170_facs_fish_0223_high_her2_2.png,/work/users/b/e/behnamie/ecDNA_Data/bioimage_archive/gt_image/ncih2170_facs_fish_0223_high_her2_2.tif
ncih2170_facs_fish_0223_high_her2_3,NCI-H2170,train,train,True,True,False,False,1,rgb/ncih2170_facs_fish_0223_high_her2_3.tif,dapi/ncih2170_facs_fish_0223_high_her2_3.tif,roi_mask/ncih2170_facs_fish_0223_high_her2_3.png,gt_image/ncih2170_facs_fish_0223_high_her2_3.tif,,116,116,True,True,True,True,ncih2170_facs_fish_0223_high_her2_3.tif,ncih2170_facs_fish_0223_high_her2_3.tif,ncih2170_facs_fish_0223_high_her2_3.png,ncih2170_facs_fish_0223_high_her2_3.tif,,/work/users/b/e/behnamie/ecDNA_Data/bioimage_archive/rgb/ncih2170_facs_fish_0223_high_her2_3.tif,/work/users/b/e/behnamie/ecDNA_Data/bioimage_archive/dapi/ncih2170_facs_fish_0223_high_her2_3.tif,/work/users/b/e/behnamie/ecDNA_Data/bioimage_archive/roi_mask/ncih2170_facs_fish_0223_high_her2_3.png,/work/users/b/e/behnamie/ecDNA_Data/bioimage_archive/gt_image/ncih2170_facs_fish_0223_high_her2_3.tif
ncih2170_facs_fish_0223_high_her2_4,NCI-H2170,train,train,True,True,False,False,1,rgb/ncih2170_facs_fish_0223_high_her2_4.tif,dapi/ncih2170_facs_fish_0223_high_her2_4.tif,roi_mask/ncih2170_facs_fish_0223_high_her2_4.png,gt_image/ncih2170_facs_fish_0223_high_her2_4.tif,,77,77,True,True,True,True,ncih2170_facs_fish_0223_high_her2_4.tif,ncih2170_facs_fish_0223_high_her2_4.tif,ncih2170_facs_fish_0223_high_her2_4.png,ncih2170_facs_fish_0223_high_her2_4.tif,,/work/users/b/e/behnamie/ecDNA_Data/bioimage_archive/rgb/ncih2170_facs_fish_0223_high_her2_4.tif,/work/users/b/e/behnamie/ecDNA_Data/bioimage_archive/dapi/ncih2170_facs_fish_0223_high_her2_4.tif,/work/users/b/e/behnamie/ecDNA_Data/bioimage_archive/roi_mask/ncih2170_facs_fish_0223_high_her2_4.png,/work/users/b/e/behnamie/ecDNA_Data/bioimage_archive/gt_image/ncih2170_facs_fish_0223_high_her2_4.tif
ncih2170_facs_fish_0223_high_her2_5,NCI-H2170,train,train,True,True,False,False,1,rgb/ncih2170_facs_fish_0223_high_her2_5.tif,dapi/ncih2170_facs_fish_0223_high_her2_5.tif,roi_mask/ncih2170_facs_fish_0223_high_her2_5.png,gt_image/ncih2170_facs_fish_0223_high_her2_5.tif,,152,152,True,True,True,True,ncih2170_facs_fish_0223_high_her2_5.tif,ncih2170_facs_fish_0223_high_her2_5.tif,ncih2170_facs_fish_0223_high_her2_5.png,ncih2170_facs_fish_0223_high_her2_5.tif,,/work/users/b/e/behnamie/ecDNA_Data/bioimage_archive/rgb/ncih2170_facs_fish_0223_high_her2_5.tif,/work/users/b/e/behnamie/ecDNA_Data/bioimage_archive/dapi/ncih2170_facs_fish_0223_high_her2_5.tif,/work/users/b/e/behnamie/ecDNA_Data/bioimage_archive/roi_mask/ncih2170_facs_fish_0223_high_her2_5.png,/work/users/b/e/behnamie/ecDNA_Data/bioimage_archive/gt_image/ncih2170_facs_fish_0223_high_her2_5.tif
ncih2170_facs_fish_0223_high_her2_6,NCI-H2170,train,train,True,True,False,False,1,rgb/ncih2170_facs_fish_0223_high_her2_6.tif,dapi/ncih2170_facs_fish_0223_high_her2_6.tif,roi_mask/ncih2170_facs_fish_0223_high_her2_6.png,gt_image/ncih2170_facs_fish_0223_high_her2_6.tif,,332,335,True,True,True,True,ncih2170_facs_fish_0223_high_her2_6.tif,ncih2170_facs_fish_0223_high_her2_6.tif,ncih2170_facs_fish_0223_high_her2_6.png,ncih2170_facs_fish_0223_high_her2_6.tif,,/work/users/b/e/behnamie/ecDNA_Data/bioimage_archive/rgb/ncih2170_facs_fish_0223_high_her2_6.tif,/work/users/b/e/behnamie/ecDNA_Data/bioimage_archive/dapi/ncih2170_facs_fish_0223_high_her2_6.tif,/work/users/b/e/behnamie/ecDNA_Data/bioimage_archive/roi_mask/ncih2170_facs_fish_0223_high_her2_6.png,/work/users/b/e/behnamie/ecDNA_Data/bioimage_archive/gt_image/ncih2170_facs_fish_0223_high_her2_6.tif
ncih2170_facs_fish_0223_high_her2_8,NCI-H2170,train,train,True,True,False,False,1,rgb/ncih2170_facs_fish_0223_high_her2_8.tif,dapi/ncih2170_facs_fish_0223_high_her2_8.tif,roi_mask/ncih2170_facs_fish_0223_high_her2_8.png,gt_image/ncih2170_facs_fish_0223_high_her2_8.tif,,228,229,True,True,True,True,ncih2170_facs_fish_0223_high_her2_8.tif,ncih2170_facs_fish_0223_high_her2_8.tif,ncih2170_facs_fish_0223_high_her2_8.png,ncih2170_facs_fish_0223_high_her2_8.tif,,/work/users/b/e/behnamie/ecDNA_Data/bioimage_archive/rgb/ncih2170_facs_fish_0223_high_her2_8.tif,/work/users/b/e/behnamie/ecDNA_Data/bioimage_archive/dapi/ncih2170_facs_fish_0223_high_her2_8.tif,/work/users/b/e/behnamie/ecDNA_Data/bioimage_archive/roi_mask/ncih2170_facs_fish_0223_high_her2_8.png,/work/users/b/e/behnamie/ecDNA_Data/bioimage_archive/gt_image/ncih2170_facs_fish_0223_high_her2_8.tif
ncih2170_facs_fish_0223_high_her2_9,NCI-H2170,train,train,True,True,False,False,1,rgb/ncih2170_facs_fish_0223_high_her2_9.tif,dapi/ncih2170_facs_fish_0223_high_her2_9.tif,roi_mask/ncih2170_facs_fish_0223_high_her2_9.png,gt_image/ncih2170_facs_fish_0223_high_her2_9.tif,,94,94,True,True,True,True,ncih2170_facs_fish_0223_high_her2_9.tif,ncih2170_facs_fish_0223_high_her2_9.tif,ncih2170_facs_fish_0223_high_her2_9.png,ncih2170_facs_fish_0223_high_her2_9.tif,,/work/users/b/e/behnamie/ecDNA_Data/bioimage_archive/rgb/ncih2170_facs_fish_0223_high_her2_9.tif,/work/users/b/e/behnamie/ecDNA_Data/bioimage_archive/dapi/ncih2170_facs_fish_0223_high_her2_9.tif,/work/users/b/e/behnamie/ecDNA_Data/bioimage_archive/roi_mask/ncih2170_facs_fish_0223_high_her2_9.png,/work/users/b/e/behnamie/ecDNA_Data/bioimage_archive/gt_image/ncih2170_facs_fish_0223_high_her2_9.tif
ncih2170_facs_fish_0223_low_her2_10,NCI-H2170,train,train,True,True,False,False,1,rgb/ncih2170_facs_fish_0223_low_her2_10.tif,dapi/ncih2170_facs_fish_0223_low_her2_10.tif,roi_mask/ncih2170_facs_fish_0223_low_her2_10.png,gt_image/ncih2170_facs_fish_0223_low_her2_10.tif,,24,24,True,True,True,True,ncih2170_facs_fish_0223_low_her2_10.tif,ncih2170_facs_fish_0223_low_her2_10.tif,ncih2170_facs_fish_0223_low_her2_10.png,ncih2170_facs_fish_0223_low_her2_10.tif,,/work/users/b/e/behnamie/ecDNA_Data/bioimage_archive/rgb/ncih2170_facs_fish_0223_low_her2_10.tif,/work/users/b/e/behnamie/ecDNA_Data/bioimage_archive/dapi/ncih2170_facs_fish_0223_low_her2_10.tif,/work/users/b/e/behnamie/ecDNA_Data/bioimage_archive/roi_mask/ncih2170_facs_fish_0223_low_her2_10.png,/work/users/b/e/behnamie/ecDNA_Data/bioimage_archive/gt_image/ncih2170_facs_fish_0223_low_her2_10.tif
ncih2170_facs_fish_0223_low_her2_9,NCI-H2170,train,train,True,True,False,False,1,rgb/ncih2170_facs_fish_0223_low_her2_9.tif,dapi/ncih2170_facs_fish_0223_low_her2_9.tif,roi_mask/ncih2170_facs_fish_0223_low_her2_9.png,gt_image/ncih2170_facs_fish_0223_low_her2_9.tif,,24,24,True,True,True,True,ncih2170_facs_fish_0223_low_her2_9.tif,ncih2170_facs_fish_0223_low_her2_9.tif,ncih2170_facs_fish_0223_low_her2_9.png,ncih2170_facs_fish_0223_low_her2_9.tif,,/work/users/b/e/behnamie/ecDNA_Data/bioimage_archive/rgb/ncih2170_facs_fish_0223_low_her2_9.tif,/work/users/b/e/behnamie/ecDNA_Data/bioimage_archive/dapi/ncih2170_facs_fish_0223_low_her2_9.tif,/work/users/b/e/behnamie/ecDNA_Data/bioimage_archive/roi_mask/ncih2170_facs_fish_0223_low_her2_9.png,/work/users/b/e/behnamie/ecDNA_Data/bioimage_archive/gt_image/ncih2170_facs_fish_0223_low_her2_9.tif
ncih2170_facs_fish_0423_high_her2_21,NCI-H2170,train,train,True,True,False,False,1,rgb/ncih2170_facs_fish_0423_high_her2_21.tif,dapi/ncih2170_facs_fish_0423_high_her2_21.tif,roi_mask/ncih2170_facs_fish_0423_high_her2_21.png,gt_image/ncih2170_facs_fish_0423_high_her2_21.tif,,115,117,True,True,True,True,ncih2170_facs_fish_0423_high_her2_21.tif,ncih2170_facs_fish_0423_high_her2_21.tif,ncih2170_facs_fish_0423_high_her2_21.png,ncih2170_facs_fish_0423_high_her2_21.tif,,/work/users/b/e/behnamie/ecDNA_Data/bioimage_archive/rgb/ncih2170_facs_fish_0423_high_her2_21.tif,/work/users/b/e/behnamie/ecDNA_Data/bioimage_archive/dapi/ncih2170_facs_fish_0423_high_her2_21.tif,/work/users/b/e/behnamie/ecDNA_Data/bioimage_archive/roi_mask/ncih2170_facs_fish_0423_high_her2_21.png,/work/users/b/e/behnamie/ecDNA_Data/bioimage_archive/gt_image/ncih2170_facs_fish_0423_high_her2_21.tif
ncih2170_facs_fish_0423_high_her2_23,NCI-H2170,train,train,True,True,False,False,1,rgb/ncih2170_facs_fish_0423_high_her2_23.tif,dapi/ncih2170_facs_fish_0423_high_her2_23.tif,roi_mask/ncih2170_facs_fish_0423_high_her2_23.png,gt_image/ncih2170_facs_fish_0423_high_her2_23.tif,,187,187,True,True,True,True,ncih2170_facs_fish_0423_high_her2_23.tif,ncih2170_facs_fish_0423_high_her2_23.tif,ncih2170_facs_fish_0423_high_her2_23.png,ncih2170_facs_fish_0423_high_her2_23.tif,,/work/users/b/e/behnamie/ecDNA_Data/bioimage_archive/rgb/ncih2170_facs_fish_0423_high_her2_23.tif,/work/users/b/e/behnamie/ecDNA_Data/bioimage_archive/dapi/ncih2170_facs_fish_0423_high_her2_23.tif,/work/users/b/e/behnamie/ecDNA_Data/bioimage_archive/roi_mask/ncih2170_facs_fish_0423_high_her2_23.png,/work/users/b/e/behnamie/ecDNA_Data/bioimage_archive/gt_image/ncih2170_facs_fish_0423_high_her2_23.tif
ncih2170_facs_fish_0423_high_her2_24,NCI-H2170,train,train,True,True,False,False,1,rgb/ncih2170_facs_fish_0423_high_her2_24.tif,dapi/ncih2170_facs_fish_0423_high_her2_24.tif,roi_mask/ncih2170_facs_fish_0423_high_her2_24.png,gt_image/ncih2170_facs_fish_0423_high_her2_24.tif,,174,174,True,True,True,True,ncih2170_facs_fish_0423_high_her2_24.tif,ncih2170_facs_fish_0423_high_her2_24.tif,ncih2170_facs_fish_0423_high_her2_24.png,ncih2170_facs_fish_0423_high_her2_24.tif,,/work/users/b/e/behnamie/ecDNA_Data/bioimage_archive/rgb/ncih2170_facs_fish_0423_high_her2_24.tif,/work/users/b/e/behnamie/ecDNA_Data/bioimage_archive/dapi/ncih2170_facs_fish_0423_high_her2_24.tif,/work/users/b/e/behnamie/ecDNA_Data/bioimage_archive/roi_mask/ncih2170_facs_fish_0423_high_her2_24.png,/work/users/b/e/behnamie/ecDNA_Data/bioimage_archive/gt_image/ncih2170_facs_fish_0423_high_her2_24.tif
ncih2170_facs_fish_0423_high_her2_25,NCI-H2170,train,train,True,True,False,False,1,rgb/ncih2170_facs_fish_0423_high_her2_25.tif,dapi/ncih2170_facs_fish_0423_high_her2_25.tif,roi_mask/ncih2170_facs_fish_0423_high_her2_25.png,gt_image/ncih2170_facs_fish_0423_high_her2_25.tif,,97,97,True,True,True,True,ncih2170_facs_fish_0423_high_her2_25.tif,ncih2170_facs_fish_0423_high_her2_25.tif,ncih2170_facs_fish_0423_high_her2_25.png,ncih2170_facs_fish_0423_high_her2_25.tif,,/work/users/b/e/behnamie/ecDNA_Data/bioimage_archive/rgb/ncih2170_facs_fish_0423_high_her2_25.tif,/work/users/b/e/behnamie/ecDNA_Data/bioimage_archive/dapi/ncih2170_facs_fish_0423_high_her2_25.tif,/work/users/b/e/behnamie/ecDNA_Data/bioimage_archive/roi_mask/ncih2170_facs_fish_0423_high_her2_25.png,/work/users/b/e/behnamie/ecDNA_Data/bioimage_archive/gt_image/ncih2170_facs_fish_0423_high_her2_25.tif
ncih2170_facs_fish_0423_low_her2_101,NCI-H2170,train,train,True,True,False,False,1,rgb/ncih2170_facs_fish_0423_low_her2_101.tif,dapi/ncih2170_facs_fish_0423_low_her2_101.tif,roi_mask/ncih2170_facs_fish_0423_low_her2_101.png,gt_image/ncih2170_facs_fish_0423_low_her2_101.tif,,104,105,True,True,True,True,ncih2170_facs_fish_0423_low_her2_101.tif,ncih2170_facs_fish_0423_low_her2_101.tif,ncih2170_facs_fish_0423_low_her2_101.png,ncih2170_facs_fish_0423_low_her2_101.tif,,/work/users/b/e/behnamie/ecDNA_Data/bioimage_archive/rgb/ncih2170_facs_fish_0423_low_her2_101.tif,/work/users/b/e/behnamie/ecDNA_Data/bioimage_archive/dapi/ncih2170_facs_fish_0423_low_her2_101.tif,/work/users/b/e/behnamie/ecDNA_Data/bioimage_archive/roi_mask/ncih2170_facs_fish_0423_low_her2_101.png,/work/users/b/e/behnamie/ecDNA_Data/bioimage_archive/gt_image/ncih2170_facs_fish_0423_low_her2_101.tif
ncih2170_facs_fish_0423_low_her2_104,NCI-H2170,train,train,True,True,False,False,1,rgb/ncih2170_facs_fish_0423_low_her2_104.tif,dapi/ncih2170_facs_fish_0423_low_her2_104.tif,roi_mask/ncih2170_facs_fish_0423_low_her2_104.png,gt_image/ncih2170_facs_fish_0423_low_her2_104.tif,,61,61,True,True,True,True,ncih2170_facs_fish_0423_low_her2_104.tif,ncih2170_facs_fish_0423_low_her2_104.tif,ncih2170_facs_fish_0423_low_her2_104.png,ncih2170_facs_fish_0423_low_her2_104.tif,,/work/users/b/e/behnamie/ecDNA_Data/bioimage_archive/rgb/ncih2170_facs_fish_0423_low_her2_104.tif,/work/users/b/e/behnamie/ecDNA_Data/bioimage_archive/dapi/ncih2170_facs_fish_0423_low_her2_104.tif,/work/users/b/e/behnamie/ecDNA_Data/bioimage_archive/roi_mask/ncih2170_facs_fish_0423_low_her2_104.png,/work/users/b/e/behnamie/ecDNA_Data/bioimage_archive/gt_image/ncih2170_facs_fish_0423_low_her2_104.tif
ncih2170_facs_fish_0423_low_her2_105,NCI-H2170,train,train,True,True,False,False,1,rgb/ncih2170_facs_fish_0423_low_her2_105.tif,dapi/ncih2170_facs_fish_0423_low_her2_105.tif,roi_mask/ncih2170_facs_fish_0423_low_her2_105.png,gt_image/ncih2170_facs_fish_0423_low_her2_105.tif,,62,62,True,True,True,True,ncih2170_facs_fish_0423_low_her2_105.tif,ncih2170_facs_fish_0423_low_her2_105.tif,ncih2170_facs_fish_0423_low_her2_105.png,ncih2170_facs_fish_0423_low_her2_105.tif,,/work/users/b/e/behnamie/ecDNA_Data/bioimage_archive/rgb/ncih2170_facs_fish_0423_low_her2_105.tif,/work/users/b/e/behnamie/ecDNA_Data/bioimage_archive/dapi/ncih2170_facs_fish_0423_low_her2_105.tif,/work/users/b/e/behnamie/ecDNA_Data/bioimage_archive/roi_mask/ncih2170_facs_fish_0423_low_her2_105.png,/work/users/b/e/behnamie/ecDNA_Data/bioimage_archive/gt_image/ncih2170_facs_fish_0423_low_her2_105.tif
ncih2170_facs_fish_0423_low_her2_109,NCI-H2170,train,train,True,True,False,False,1,rgb/ncih2170_facs_fish_0423_low_her2_109.tif,dapi/ncih2170_facs_fish_0423_low_her2_109.tif,roi_mask/ncih2170_facs_fish_0423_low_her2_109.png,gt_image/ncih2170_facs_fish_0423_low_her2_109.tif,,109,109,True,True,True,True,ncih2170_facs_fish_0423_low_her2_109.tif,ncih2170_facs_fish_0423_low_her2_109.tif,ncih2170_facs_fish_0423_low_her2_109.png,ncih2170_facs_fish_0423_low_her2_109.tif,,/work/users/b/e/behnamie/ecDNA_Data/bioimage_archive/rgb/ncih2170_facs_fish_0423_low_her2_109.tif,/work/users/b/e/behnamie/ecDNA_Data/bioimage_archive/dapi/ncih2170_facs_fish_0423_low_her2_109.tif,/work/users/b/e/behnamie/ecDNA_Data/bioimage_archive/roi_mask/ncih2170_facs_fish_0423_low_her2_109.png,/work/users/b/e/behnamie/ecDNA_Data/bioimage_archive/gt_image/ncih2170_facs_fish_0423_low_her2_109.tif
ncih2170_facs_fish_0423_low_her2_111,NCI-H2170,train,train,True,True,False,False,1,rgb/ncih2170_facs_fish_0423_low_her2_111.tif,dapi/ncih2170_facs_fish_0423_low_her2_111.tif,roi_mask/ncih2170_facs_fish_0423_low_her2_111.png,gt_image/ncih2170_facs_fish_0423_low_her2_111.tif,,107,107,True,True,True,True,ncih2170_facs_fish_0423_low_her2_111.tif,ncih2170_facs_fish_0423_low_her2_111.tif,ncih2170_facs_fish_0423_low_her2_111.png,ncih2170_facs_fish_0423_low_her2_111.tif,,/work/users/b/e/behnamie/ecDNA_Data/bioimage_archive/rgb/ncih2170_facs_fish_0423_low_her2_111.tif,/work/users/b/e/behnamie/ecDNA_Data/bioimage_archive/dapi/ncih2170_facs_fish_0423_low_her2_111.tif,/work/users/b/e/behnamie/ecDNA_Data/bioimage_archive/roi_mask/ncih2170_facs_fish_0423_low_her2_111.png,/work/users/b/e/behnamie/ecDNA_Data/bioimage_archive/gt_image/ncih2170_facs_fish_0423_low_her2_111.tif
ncih2170_facs_fish_0423_low_her2_118,NCI-H2170,train,train,True,True,False,False,1,rgb/ncih2170_facs_fish_0423_low_her2_118.tif,dapi/ncih2170_facs_fish_0423_low_her2_118.tif,roi_mask/ncih2170_facs_fish_0423_low_her2_118.png,gt_image/ncih2170_facs_fish_0423_low_her2_118.tif,,43,43,True,True,True,True,ncih2170_facs_fish_0423_low_her2_118.tif,ncih2170_facs_fish_0423_low_her2_118.tif,ncih2170_facs_fish_0423_low_her2_118.png,ncih2170_facs_fish_0423_low_her2_118.tif,,/work/users/b/e/behnamie/ecDNA_Data/bioimage_archive/rgb/ncih2170_facs_fish_0423_low_her2_118.tif,/work/users/b/e/behnamie/ecDNA_Data/bioimage_archive/dapi/ncih2170_facs_fish_0423_low_her2_118.tif,/work/users/b/e/behnamie/ecDNA_Data/bioimage_archive/roi_mask/ncih2170_facs_fish_0423_low_her2_118.png,/work/users/b/e/behnamie/ecDNA_Data/bioimage_archive/gt_image/ncih2170_facs_fish_0423_low_her2_118.tif
ncih2170_facs_fish_0423_low_her2_16,NCI-H2170,train,train,True,True,False,False,1,rgb/ncih2170_facs_fish_0423_low_her2_16.tif,dapi/ncih2170_facs_fish_0423_low_her2_16.tif,roi_mask/ncih2170_facs_fish_0423_low_her2_16.png,gt_image/ncih2170_facs_fish_0423_low_her2_16.tif,,61,61,True,True,True,True,ncih2170_facs_fish_0423_low_her2_16.tif,ncih2170_facs_fish_0423_low_her2_16.tif,ncih2170_facs_fish_0423_low_her2_16.png,ncih2170_facs_fish_0423_low_her2_16.tif,,/work/users/b/e/behnamie/ecDNA_Data/bioimage_archive/rgb/ncih2170_facs_fish_0423_low_her2_16.tif,/work/users/b/e/behnamie/ecDNA_Data/bioimage_archive/dapi/ncih2170_facs_fish_0423_low_her2_16.tif,/work/users/b/e/behnamie/ecDNA_Data/bioimage_archive/roi_mask/ncih2170_facs_fish_0423_low_her2_16.png,/work/users/b/e/behnamie/ecDNA_Data/bioimage_archive/gt_image/ncih2170_facs_fish_0423_low_her2_16.tif
ncih2170_facs_fish_0423_low_her2_18,NCI-H2170,train,train,True,True,False,False,1,rgb/ncih2170_facs_fish_0423_low_her2_18.tif,dapi/ncih2170_facs_fish_0423_low_her2_18.tif,roi_mask/ncih2170_facs_fish_0423_low_her2_18.png,gt_image/ncih2170_facs_fish_0423_low_her2_18.tif,,99,100,True,True,True,True,ncih2170_facs_fish_0423_low_her2_18.tif,ncih2170_facs_fish_0423_low_her2_18.tif,ncih2170_facs_fish_0423_low_her2_18.png,ncih2170_facs_fish_0423_low_her2_18.tif,,/work/users/b/e/behnamie/ecDNA_Data/bioimage_archive/rgb/ncih2170_facs_fish_0423_low_her2_18.tif,/work/users/b/e/behnamie/ecDNA_Data/bioimage_archive/dapi/ncih2170_facs_fish_0423_low_her2_18.tif,/work/users/b/e/behnamie/ecDNA_Data/bioimage_archive/roi_mask/ncih2170_facs_fish_0423_low_her2_18.png,/work/users/b/e/behnamie/ecDNA_Data/bioimage_archive/gt_image/ncih2170_facs_fish_0423_low_her2_18.tif
ncih2170_facs_fish_0423_low_her2_20,NCI-H2170,train,train,True,True,False,False,1,rgb/ncih2170_facs_fish_0423_low_her2_20.tif,dapi/ncih2170_facs_fish_0423_low_her2_20.tif,roi_mask/ncih2170_facs_fish_0423_low_her2_20.png,gt_image/ncih2170_facs_fish_0423_low_her2_20.tif,,213,213,True,True,True,True,ncih2170_facs_fish_0423_low_her2_20.tif,ncih2170_facs_fish_0423_low_her2_20.tif,ncih2170_facs_fish_0423_low_her2_20.png,ncih2170_facs_fish_0423_low_her2_20.tif,,/work/users/b/e/behnamie/ecDNA_Data/bioimage_archive/rgb/ncih2170_facs_fish_0423_low_her2_20.tif,/work/users/b/e/behnamie/ecDNA_Data/bioimage_archive/dapi/ncih2170_facs_fish_0423_low_her2_20.tif,/work/users/b/e/behnamie/ecDNA_Data/bioimage_archive/roi_mask/ncih2170_facs_fish_0423_low_her2_20.png,/work/users/b/e/behnamie/ecDNA_Data/bioimage_archive/gt_image/ncih2170_facs_fish_0423_low_her2_20.tif
ncih2170_facs_fish_0423_low_her2_22,NCI-H2170,train,train,True,True,False,False,1,rgb/ncih2170_facs_fish_0423_low_her2_22.tif,dapi/ncih2170_facs_fish_0423_low_her2_22.tif,roi_mask/ncih2170_facs_fish_0423_low_her2_22.png,gt_image/ncih2170_facs_fish_0423_low_her2_22.tif,,64,64,True,True,True,True,ncih2170_facs_fish_0423_low_her2_22.tif,ncih2170_facs_fish_0423_low_her2_22.tif,ncih2170_facs_fish_0423_low_her2_22.png,ncih2170_facs_fish_0423_low_her2_22.tif,,/work/users/b/e/behnamie/ecDNA_Data/bioimage_archive/rgb/ncih2170_facs_fish_0423_low_her2_22.tif,/work/users/b/e/behnamie/ecDNA_Data/bioimage_archive/dapi/ncih2170_facs_fish_0423_low_her2_22.tif,/work/users/b/e/behnamie/ecDNA_Data/bioimage_archive/roi_mask/ncih2170_facs_fish_0423_low_her2_22.png,/work/users/b/e/behnamie/ecDNA_Data/bioimage_archive/gt_image/ncih2170_facs_fish_0423_low_her2_22.tif
ncih2170_facs_fish_0423_low_her2_3,NCI-H2170,train,train,True,True,False,False,1,rgb/ncih2170_facs_fish_0423_low_her2_3.tif,dapi/ncih2170_facs_fish_0423_low_her2_3.tif,roi_mask/ncih2170_facs_fish_0423_low_her2_3.png,gt_image/ncih2170_facs_fish_0423_low_her2_3.tif,,128,128,True,True,True,True,ncih2170_facs_fish_0423_low_her2_3.tif,ncih2170_facs_fish_0423_low_her2_3.tif,ncih2170_facs_fish_0423_low_her2_3.png,ncih2170_facs_fish_0423_low_her2_3.tif,,/work/users/b/e/behnamie/ecDNA_Data/bioimage_archive/rgb/ncih2170_facs_fish_0423_low_her2_3.tif,/work/users/b/e/behnamie/ecDNA_Data/bioimage_archive/dapi/ncih2170_facs_fish_0423_low_her2_3.tif,/work/users/b/e/behnamie/ecDNA_Data/bioimage_archive/roi_mask/ncih2170_facs_fish_0423_low_her2_3.png,/work/users/b/e/behnamie/ecDNA_Data/bioimage_archive/gt_image/ncih2170_facs_fish_0423_low_her2_3.tif
ncih2170_facs_fish_0423_low_her2_30,NCI-H2170,train,train,True,True,False,False,1,rgb/ncih2170_facs_fish_0423_low_her2_30.tif,dapi/ncih2170_facs_fish_0423_low_her2_30.tif,roi_mask/ncih2170_facs_fish_0423_low_her2_30.png,gt_image/ncih2170_facs_fish_0423_low_her2_30.tif,,96,96,True,True,True,True,ncih2170_facs_fish_0423_low_her2_30.tif,ncih2170_facs_fish_0423_low_her2_30.tif,ncih2170_facs_fish_0423_low_her2_30.png,ncih2170_facs_fish_0423_low_her2_30.tif,,/work/users/b/e/behnamie/ecDNA_Data/bioimage_archive/rgb/ncih2170_facs_fish_0423_low_her2_30.tif,/work/users/b/e/behnamie/ecDNA_Data/bioimage_archive/dapi/ncih2170_facs_fish_0423_low_her2_30.tif,/work/users/b/e/behnamie/ecDNA_Data/bioimage_archive/roi_mask/ncih2170_facs_fish_0423_low_her2_30.png,/work/users/b/e/behnamie/ecDNA_Data/bioimage_archive/gt_image/ncih2170_facs_fish_0423_low_her2_30.tif
ncih2170_facs_fish_0423_low_her2_31_b,NCI-H2170,train,train,True,True,False,False,1,rgb/ncih2170_facs_fish_0423_low_her2_31_b.tif,dapi/ncih2170_facs_fish_0423_low_her2_31_b.tif,roi_mask/ncih2170_facs_fish_0423_low_her2_31_b.png,gt_image/ncih2170_facs_fish_0423_low_her2_31_b.tif,,197,197,True,True,True,True,ncih2170_facs_fish_0423_low_her2_31_b.tif,ncih2170_facs_fish_0423_low_her2_31_b.tif,ncih2170_facs_fish_0423_low_her2_31_b.png,ncih2170_facs_fish_0423_low_her2_31_b.tif,,/work/users/b/e/behnamie/ecDNA_Data/bioimage_archive/rgb/ncih2170_facs_fish_0423_low_her2_31_b.tif,/work/users/b/e/behnamie/ecDNA_Data/bioimage_archive/dapi/ncih2170_facs_fish_0423_low_her2_31_b.tif,/work/users/b/e/behnamie/ecDNA_Data/bioimage_archive/roi_mask/ncih2170_facs_fish_0423_low_her2_31_b.png,/work/users/b/e/behnamie/ecDNA_Data/bioimage_archive/gt_image/ncih2170_facs_fish_0423_low_her2_31_b.tif
ncih2170_facs_fish_0423_low_her2_35,NCI-H2170,train,train,True,True,False,False,1,rgb/ncih2170_facs_fish_0423_low_her2_35.tif,dapi/ncih2170_facs_fish_0423_low_her2_35.tif,roi_mask/ncih2170_facs_fish_0423_low_her2_35.png,gt_image/ncih2170_facs_fish_0423_low_her2_35.tif,,211,211,True,True,True,True,ncih2170_facs_fish_0423_low_her2_35.tif,ncih2170_facs_fish_0423_low_her2_35.tif,ncih2170_facs_fish_0423_low_her2_35.png,ncih2170_facs_fish_0423_low_her2_35.tif,,/work/users/b/e/behnamie/ecDNA_Data/bioimage_archive/rgb/ncih2170_facs_fish_0423_low_her2_35.tif,/work/users/b/e/behnamie/ecDNA_Data/bioimage_archive/dapi/ncih2170_facs_fish_0423_low_her2_35.tif,/work/users/b/e/behnamie/ecDNA_Data/bioimage_archive/roi_mask/ncih2170_facs_fish_0423_low_her2_35.png,/work/users/b/e/behnamie/ecDNA_Data/bioimage_archive/gt_image/ncih2170_facs_fish_0423_low_her2_35.tif
ncih2170_facs_fish_0423_low_her2_37,NCI-H2170,train,train,True,True,False,False,1,rgb/ncih2170_facs_fish_0423_low_her2_37.tif,dapi/ncih2170_facs_fish_0423_low_her2_37.tif,roi_mask/ncih2170_facs_fish_0423_low_her2_37.png,gt_image/ncih2170_facs_fish_0423_low_her2_37.tif,,60,60,True,True,True,True,ncih2170_facs_fish_0423_low_her2_37.tif,ncih2170_facs_fish_0423_low_her2_37.tif,ncih2170_facs_fish_0423_low_her2_37.png,ncih2170_facs_fish_0423_low_her2_37.tif,,/work/users/b/e/behnamie/ecDNA_Data/bioimage_archive/rgb/ncih2170_facs_fish_0423_low_her2_37.tif,/work/users/b/e/behnamie/ecDNA_Data/bioimage_archive/dapi/ncih2170_facs_fish_0423_low_her2_37.tif,/work/users/b/e/behnamie/ecDNA_Data/bioimage_archive/roi_mask/ncih2170_facs_fish_0423_low_her2_37.png,/work/users/b/e/behnamie/ecDNA_Data/bioimage_archive/gt_image/ncih2170_facs_fish_0423_low_her2_37.tif
ncih2170_facs_fish_0423_low_her2_4,NCI-H2170,train,train,True,True,False,False,1,rgb/ncih2170_facs_fish_0423_low_her2_4.tif,dapi/ncih2170_facs_fish_0423_low_her2_4.tif,roi_mask/ncih2170_facs_fish_0423_low_her2_4.png,gt_image/ncih2170_facs_fish_0423_low_her2_4.tif,,117,117,True,True,True,True,ncih2170_facs_fish_0423_low_her2_4.tif,ncih2170_facs_fish_0423_low_her2_4.tif,ncih2170_facs_fish_0423_low_her2_4.png,ncih2170_facs_fish_0423_low_her2_4.tif,,/work/users/b/e/behnamie/ecDNA_Data/bioimage_archive/rgb/ncih2170_facs_fish_0423_low_her2_4.tif,/work/users/b/e/behnamie/ecDNA_Data/bioimage_archive/dapi/ncih2170_facs_fish_0423_low_her2_4.tif,/work/users/b/e/behnamie/ecDNA_Data/bioimage_archive/roi_mask/ncih2170_facs_fish_0423_low_her2_4.png,/work/users/b/e/behnamie/ecDNA_Data/bioimage_archive/gt_image/ncih2170_facs_fish_0423_low_her2_4.tif
ncih2170_facs_fish_0423_low_her2_44,NCI-H2170,train,train,True,True,False,False,1,rgb/ncih2170_facs_fish_0423_low_her2_44.tif,dapi/ncih2170_facs_fish_0423_low_her2_44.tif,roi_mask/ncih2170_facs_fish_0423_low_her2_44.png,gt_image/ncih2170_facs_fish_0423_low_her2_44.tif,,115,115,True,True,True,True,ncih2170_facs_fish_0423_low_her2_44.tif,ncih2170_facs_fish_0423_low_her2_44.tif,ncih2170_facs_fish_0423_low_her2_44.png,ncih2170_facs_fish_0423_low_her2_44.tif,,/work/users/b/e/behnamie/ecDNA_Data/bioimage_archive/rgb/ncih2170_facs_fish_0423_low_her2_44.tif,/work/users/b/e/behnamie/ecDNA_Data/bioimage_archive/dapi/ncih2170_facs_fish_0423_low_her2_44.tif,/work/users/b/e/behnamie/ecDNA_Data/bioimage_archive/roi_mask/ncih2170_facs_fish_0423_low_her2_44.png,/work/users/b/e/behnamie/ecDNA_Data/bioimage_archive/gt_image/ncih2170_facs_fish_0423_low_her2_44.tif
ncih2170_facs_fish_0423_low_her2_46,NCI-H2170,train,train,True,True,False,False,1,rgb/ncih2170_facs_fish_0423_low_her2_46.tif,dapi/ncih2170_facs_fish_0423_low_her2_46.tif,roi_mask/ncih2170_facs_fish_0423_low_her2_46.png,gt_image/ncih2170_facs_fish_0423_low_her2_46.tif,,167,167,True,True,True,True,ncih2170_facs_fish_0423_low_her2_46.tif,ncih2170_facs_fish_0423_low_her2_46.tif,ncih2170_facs_fish_0423_low_her2_46.png,ncih2170_facs_fish_0423_low_her2_46.tif,,/work/users/b/e/behnamie/ecDNA_Data/bioimage_archive/rgb/ncih2170_facs_fish_0423_low_her2_46.tif,/work/users/b/e/behnamie/ecDNA_Data/bioimage_archive/dapi/ncih2170_facs_fish_0423_low_her2_46.tif,/work/users/b/e/behnamie/ecDNA_Data/bioimage_archive/roi_mask/ncih2170_facs_fish_0423_low_her2_46.png,/work/users/b/e/behnamie/ecDNA_Data/bioimage_archive/gt_image/ncih2170_facs_fish_0423_low_her2_46.tif
ncih2170_facs_fish_0423_low_her2_48,NCI-H2170,train,train,True,True,False,False,1,rgb/ncih2170_facs_fish_0423_low_her2_48.tif,dapi/ncih2170_facs_fish_0423_low_her2_48.tif,roi_mask/ncih2170_facs_fish_0423_low_her2_48.png,gt_image/ncih2170_facs_fish_0423_low_her2_48.tif,,99,99,True,True,True,True,ncih2170_facs_fish_0423_low_her2_48.tif,ncih2170_facs_fish_0423_low_her2_48.tif,ncih2170_facs_fish_0423_low_her2_48.png,ncih2170_facs_fish_0423_low_her2_48.tif,,/work/users/b/e/behnamie/ecDNA_Data/bioimage_archive/rgb/ncih2170_facs_fish_0423_low_her2_48.tif,/work/users/b/e/behnamie/ecDNA_Data/bioimage_archive/dapi/ncih2170_facs_fish_0423_low_her2_48.tif,/work/users/b/e/behnamie/ecDNA_Data/bioimage_archive/roi_mask/ncih2170_facs_fish_0423_low_her2_48.png,/work/users/b/e/behnamie/ecDNA_Data/bioimage_archive/gt_image/ncih2170_facs_fish_0423_low_her2_48.tif
ncih2170_facs_fish_0423_low_her2_59,NCI-H2170,train,train,True,True,False,False,1,rgb/ncih2170_facs_fish_0423_low_her2_59.tif,dapi/ncih2170_facs_fish_0423_low_her2_59.tif,roi_mask/ncih2170_facs_fish_0423_low_her2_59.png,gt_image/ncih2170_facs_fish_0423_low_her2_59.tif,,170,170,True,True,True,True,ncih2170_facs_fish_0423_low_her2_59.tif,ncih2170_facs_fish_0423_low_her2_59.tif,ncih2170_facs_fish_0423_low_her2_59.png,ncih2170_facs_fish_0423_low_her2_59.tif,,/work/users/b/e/behnamie/ecDNA_Data/bioimage_archive/rgb/ncih2170_facs_fish_0423_low_her2_59.tif,/work/users/b/e/behnamie/ecDNA_Data/bioimage_archive/dapi/ncih2170_facs_fish_0423_low_her2_59.tif,/work/users/b/e/behnamie/ecDNA_Data/bioimage_archive/roi_mask/ncih2170_facs_fish_0423_low_her2_59.png,/work/users/b/e/behnamie/ecDNA_Data/bioimage_archive/gt_image/ncih2170_facs_fish_0423_low_her2_59.tif
ncih2170_facs_fish_0423_low_her2_66,NCI-H2170,train,train,True,True,False,False,1,rgb/ncih2170_facs_fish_0423_low_her2_66.tif,dapi/ncih2170_facs_fish_0423_low_her2_66.tif,roi_mask/ncih2170_facs_fish_0423_low_her2_66.png,gt_image/ncih2170_facs_fish_0423_low_her2_66.tif,,41,41,True,True,True,True,ncih2170_facs_fish_0423_low_her2_66.tif,ncih2170_facs_fish_0423_low_her2_66.tif,ncih2170_facs_fish_0423_low_her2_66.png,ncih2170_facs_fish_0423_low_her2_66.tif,,/work/users/b/e/behnamie/ecDNA_Data/bioimage_archive/rgb/ncih2170_facs_fish_0423_low_her2_66.tif,/work/users/b/e/behnamie/ecDNA_Data/bioimage_archive/dapi/ncih2170_facs_fish_0423_low_her2_66.tif,/work/users/b/e/behnamie/ecDNA_Data/bioimage_archive/roi_mask/ncih2170_facs_fish_0423_low_her2_66.png,/work/users/b/e/behnamie/ecDNA_Data/bioimage_archive/gt_image/ncih2170_facs_fish_0423_low_her2_66.tif
ncih2170_facs_fish_0423_low_her2_68,NCI-H2170,train,train,True,True,False,False,1,rgb/ncih2170_facs_fish_0423_low_her2_68.tif,dapi/ncih2170_facs_fish_0423_low_her2_68.tif,roi_mask/ncih2170_facs_fish_0423_low_her2_68.png,gt_image/ncih2170_facs_fish_0423_low_her2_68.tif,,103,103,True,True,True,True,ncih2170_facs_fish_0423_low_her2_68.tif,ncih2170_facs_fish_0423_low_her2_68.tif,ncih2170_facs_fish_0423_low_her2_68.png,ncih2170_facs_fish_0423_low_her2_68.tif,,/work/users/b/e/behnamie/ecDNA_Data/bioimage_archive/rgb/ncih2170_facs_fish_0423_low_her2_68.tif,/work/users/b/e/behnamie/ecDNA_Data/bioimage_archive/dapi/ncih2170_facs_fish_0423_low_her2_68.tif,/work/users/b/e/behnamie/ecDNA_Data/bioimage_archive/roi_mask/ncih2170_facs_fish_0423_low_her2_68.png,/work/users/b/e/behnamie/ecDNA_Data/bioimage_archive/gt_image/ncih2170_facs_fish_0423_low_her2_68.tif
ncih2170_facs_fish_0423_low_her2_7,NCI-H2170,train,train,True,True,False,False,1,rgb/ncih2170_facs_fish_0423_low_her2_7.tif,dapi/ncih2170_facs_fish_0423_low_her2_7.tif,roi_mask/ncih2170_facs_fish_0423_low_her2_7.png,gt_image/ncih2170_facs_fish_0423_low_her2_7.tif,,84,84,True,True,True,True,ncih2170_facs_fish_0423_low_her2_7.tif,ncih2170_facs_fish_0423_low_her2_7.tif,ncih2170_facs_fish_0423_low_her2_7.png,ncih2170_facs_fish_0423_low_her2_7.tif,,/work/users/b/e/behnamie/ecDNA_Data/bioimage_archive/rgb/ncih2170_facs_fish_0423_low_her2_7.tif,/work/users/b/e/behnamie/ecDNA_Data/bioimage_archive/dapi/ncih2170_facs_fish_0423_low_her2_7.tif,/work/users/b/e/behnamie/ecDNA_Data/bioimage_archive/roi_mask/ncih2170_facs_fish_0423_low_her2_7.png,/work/users/b/e/behnamie/ecDNA_Data/bioimage_archive/gt_image/ncih2170_facs_fish_0423_low_her2_7.tif
ncih2170_facs_fish_0423_low_her2_71,NCI-H2170,train,train,True,True,False,False,1,rgb/ncih2170_facs_fish_0423_low_her2_71.tif,dapi/ncih2170_facs_fish_0423_low_her2_71.tif,roi_mask/ncih2170_facs_fish_0423_low_her2_71.png,gt_image/ncih2170_facs_fish_0423_low_her2_71.tif,,135,135,True,True,True,True,ncih2170_facs_fish_0423_low_her2_71.tif,ncih2170_facs_fish_0423_low_her2_71.tif,ncih2170_facs_fish_0423_low_her2_71.png,ncih2170_facs_fish_0423_low_her2_71.tif,,/work/users/b/e/behnamie/ecDNA_Data/bioimage_archive/rgb/ncih2170_facs_fish_0423_low_her2_71.tif,/work/users/b/e/behnamie/ecDNA_Data/bioimage_archive/dapi/ncih2170_facs_fish_0423_low_her2_71.tif,/work/users/b/e/behnamie/ecDNA_Data/bioimage_archive/roi_mask/ncih2170_facs_fish_0423_low_her2_71.png,/work/users/b/e/behnamie/ecDNA_Data/bioimage_archive/gt_image/ncih2170_facs_fish_0423_low_her2_71.tif
ncih2170_facs_fish_0423_low_her2_72,NCI-H2170,train,train,True,True,False,False,1,rgb/ncih2170_facs_fish_0423_low_her2_72.tif,dapi/ncih2170_facs_fish_0423_low_her2_72.tif,roi_mask/ncih2170_facs_fish_0423_low_her2_72.png,gt_image/ncih2170_facs_fish_0423_low_her2_72.tif,,142,142,True,True,True,True,ncih2170_facs_fish_0423_low_her2_72.tif,ncih2170_facs_fish_0423_low_her2_72.tif,ncih2170_facs_fish_0423_low_her2_72.png,ncih2170_facs_fish_0423_low_her2_72.tif,,/work/users/b/e/behnamie/ecDNA_Data/bioimage_archive/rgb/ncih2170_facs_fish_0423_low_her2_72.tif,/work/users/b/e/behnamie/ecDNA_Data/bioimage_archive/dapi/ncih2170_facs_fish_0423_low_her2_72.tif,/work/users/b/e/behnamie/ecDNA_Data/bioimage_archive/roi_mask/ncih2170_facs_fish_0423_low_her2_72.png,/work/users/b/e/behnamie/ecDNA_Data/bioimage_archive/gt_image/ncih2170_facs_fish_0423_low_her2_72.tif
ncih2170_facs_fish_0423_low_her2_74,NCI-H2170,train,train,True,True,False,False,1,rgb/ncih2170_facs_fish_0423_low_her2_74.tif,dapi/ncih2170_facs_fish_0423_low_her2_74.tif,roi_mask/ncih2170_facs_fish_0423_low_her2_74.png,gt_image/ncih2170_facs_fish_0423_low_her2_74.tif,,97,97,True,True,True,True,ncih2170_facs_fish_0423_low_her2_74.tif,ncih2170_facs_fish_0423_low_her2_74.tif,ncih2170_facs_fish_0423_low_her2_74.png,ncih2170_facs_fish_0423_low_her2_74.tif,,/work/users/b/e/behnamie/ecDNA_Data/bioimage_archive/rgb/ncih2170_facs_fish_0423_low_her2_74.tif,/work/users/b/e/behnamie/ecDNA_Data/bioimage_archive/dapi/ncih2170_facs_fish_0423_low_her2_74.tif,/work/users/b/e/behnamie/ecDNA_Data/bioimage_archive/roi_mask/ncih2170_facs_fish_0423_low_her2_74.png,/work/users/b/e/behnamie/ecDNA_Data/bioimage_archive/gt_image/ncih2170_facs_fish_0423_low_her2_74.tif
ncih2170_facs_fish_0423_low_her2_75,NCI-H2170,train,train,True,True,False,False,1,rgb/ncih2170_facs_fish_0423_low_her2_75.tif,dapi/ncih2170_facs_fish_0423_low_her2_75.tif,roi_mask/ncih2170_facs_fish_0423_low_her2_75.png,gt_image/ncih2170_facs_fish_0423_low_her2_75.tif,,111,111,True,True,True,True,ncih2170_facs_fish_0423_low_her2_75.tif,ncih2170_facs_fish_0423_low_her2_75.tif,ncih2170_facs_fish_0423_low_her2_75.png,ncih2170_facs_fish_0423_low_her2_75.tif,,/work/users/b/e/behnamie/ecDNA_Data/bioimage_archive/rgb/ncih2170_facs_fish_0423_low_her2_75.tif,/work/users/b/e/behnamie/ecDNA_Data/bioimage_archive/dapi/ncih2170_facs_fish_0423_low_her2_75.tif,/work/users/b/e/behnamie/ecDNA_Data/bioimage_archive/roi_mask/ncih2170_facs_fish_0423_low_her2_75.png,/work/users/b/e/behnamie/ecDNA_Data/bioimage_archive/gt_image/ncih2170_facs_fish_0423_low_her2_75.tif
ncih2170_facs_fish_0423_low_her2_76,NCI-H2170,train,train,True,True,False,False,1,rgb/ncih2170_facs_fish_0423_low_her2_76.tif,dapi/ncih2170_facs_fish_0423_low_her2_76.tif,roi_mask/ncih2170_facs_fish_0423_low_her2_76.png,gt_image/ncih2170_facs_fish_0423_low_her2_76.tif,,204,204,True,True,True,True,ncih2170_facs_fish_0423_low_her2_76.tif,ncih2170_facs_fish_0423_low_her2_76.tif,ncih2170_facs_fish_0423_low_her2_76.png,ncih2170_facs_fish_0423_low_her2_76.tif,,/work/users/b/e/behnamie/ecDNA_Data/bioimage_archive/rgb/ncih2170_facs_fish_0423_low_her2_76.tif,/work/users/b/e/behnamie/ecDNA_Data/bioimage_archive/dapi/ncih2170_facs_fish_0423_low_her2_76.tif,/work/users/b/e/behnamie/ecDNA_Data/bioimage_archive/roi_mask/ncih2170_facs_fish_0423_low_her2_76.png,/work/users/b/e/behnamie/ecDNA_Data/bioimage_archive/gt_image/ncih2170_facs_fish_0423_low_her2_76.tif
ncih2170_facs_fish_0423_low_her2_9,NCI-H2170,train,train,True,True,False,False,1,rgb/ncih2170_facs_fish_0423_low_her2_9.tif,dapi/ncih2170_facs_fish_0423_low_her2_9.tif,roi_mask/ncih2170_facs_fish_0423_low_her2_9.png,gt_image/ncih2170_facs_fish_0423_low_her2_9.tif,,143,143,True,True,True,True,ncih2170_facs_fish_0423_low_her2_9.tif,ncih2170_facs_fish_0423_low_her2_9.tif,ncih2170_facs_fish_0423_low_her2_9.png,ncih2170_facs_fish_0423_low_her2_9.tif,,/work/users/b/e/behnamie/ecDNA_Data/bioimage_archive/rgb/ncih2170_facs_fish_0423_low_her2_9.tif,/work/users/b/e/behnamie/ecDNA_Data/bioimage_archive/dapi/ncih2170_facs_fish_0423_low_her2_9.tif,/work/users/b/e/behnamie/ecDNA_Data/bioimage_archive/roi_mask/ncih2170_facs_fish_0423_low_her2_9.png,/work/users/b/e/behnamie/ecDNA_Data/bioimage_archive/gt_image/ncih2170_facs_fish_0423_low_her2_9.tif
ncih2170_facs_fish_0423_low_her2_95,NCI-H2170,train,train,True,True,False,False,1,rgb/ncih2170_facs_fish_0423_low_her2_95.tif,dapi/ncih2170_facs_fish_0423_low_her2_95.tif,roi_mask/ncih2170_facs_fish_0423_low_her2_95.png,gt_image/ncih2170_facs_fish_0423_low_her2_95.tif,,26,26,True,True,True,True,ncih2170_facs_fish_0423_low_her2_95.tif,ncih2170_facs_fish_0423_low_her2_95.tif,ncih2170_facs_fish_0423_low_her2_95.png,ncih2170_facs_fish_0423_low_her2_95.tif,,/work/users/b/e/behnamie/ecDNA_Data/bioimage_archive/rgb/ncih2170_facs_fish_0423_low_her2_95.tif,/work/users/b/e/behnamie/ecDNA_Data/bioimage_archive/dapi/ncih2170_facs_fish_0423_low_her2_95.tif,/work/users/b/e/behnamie/ecDNA_Data/bioimage_archive/roi_mask/ncih2170_facs_fish_0423_low_her2_95.png,/work/users/b/e/behnamie/ecDNA_Data/bioimage_archive/gt_image/ncih2170_facs_fish_0423_low_her2_95.tif
ncih2170_facs_fish_0423_low_her2_97,NCI-H2170,train,train,True,True,False,False,1,rgb/ncih2170_facs_fish_0423_low_her2_97.tif,dapi/ncih2170_facs_fish_0423_low_her2_97.tif,roi_mask/ncih2170_facs_fish_0423_low_her2_97.png,gt_image/ncih2170_facs_fish_0423_low_her2_97.tif,,114,114,True,True,True,True,ncih2170_facs_fish_0423_low_her2_97.tif,ncih2170_facs_fish_0423_low_her2_97.tif,ncih2170_facs_fish_0423_low_her2_97.png,ncih2170_facs_fish_0423_low_her2_97.tif,,/work/users/b/e/behnamie/ecDNA_Data/bioimage_archive/rgb/ncih2170_facs_fish_0423_low_her2_97.tif,/work/users/b/e/behnamie/ecDNA_Data/bioimage_archive/dapi/ncih2170_facs_fish_0423_low_her2_97.tif,/work/users/b/e/behnamie/ecDNA_Data/bioimage_archive/roi_mask/ncih2170_facs_fish_0423_low_her2_97.png,/work/users/b/e/behnamie/ecDNA_Data/bioimage_archive/gt_image/ncih2170_facs_fish_0423_low_her2_97.tif
ncih2170_facs_fish_0423_low_her2_98,NCI-H2170,train,train,True,True,False,False,1,rgb/ncih2170_facs_fish_0423_low_her2_98.tif,dapi/ncih2170_facs_fish_0423_low_her2_98.tif,roi_mask/ncih2170_facs_fish_0423_low_her2_98.png,gt_image/ncih2170_facs_fish_0423_low_her2_98.tif,,125,125,True,True,True,True,ncih2170_facs_fish_0423_low_her2_98.tif,ncih2170_facs_fish_0423_low_her2_98.tif,ncih2170_facs_fish_0423_low_her2_98.png,ncih2170_facs_fish_0423_low_her2_98.tif,,/work/users/b/e/behnamie/ecDNA_Data/bioimage_archive/rgb/ncih2170_facs_fish_0423_low_her2_98.tif,/work/users/b/e/behnamie/ecDNA_Data/bioimage_archive/dapi/ncih2170_facs_fish_0423_low_her2_98.tif,/work/users/b/e/behnamie/ecDNA_Data/bioimage_archive/roi_mask/ncih2170_facs_fish_0423_low_her2_98.png,/work/users/b/e/behnamie/ecDNA_Data/bioimage_archive/gt_image/ncih2170_facs_fish_0423_low_her2_98.tif
ncih2170_facs_fish_0723_high_her2_10,NCI-H2170,train,train,True,True,False,False,1,rgb/ncih2170_facs_fish_0723_high_her2_10.tif,dapi/ncih2170_facs_fish_0723_high_her2_10.tif,roi_mask/ncih2170_facs_fish_0723_high_her2_10.png,gt_image/ncih2170_facs_fish_0723_high_her2_10.tif,,597,599,True,True,True,True,ncih2170_facs_fish_0723_high_her2_10.tif,ncih2170_facs_fish_0723_high_her2_10.tif,ncih2170_facs_fish_0723_high_her2_10.png,ncih2170_facs_fish_0723_high_her2_10.tif,,/work/users/b/e/behnamie/ecDNA_Data/bioimage_archive/rgb/ncih2170_facs_fish_0723_high_her2_10.tif,/work/users/b/e/behnamie/ecDNA_Data/bioimage_archive/dapi/ncih2170_facs_fish_0723_high_her2_10.tif,/work/users/b/e/behnamie/ecDNA_Data/bioimage_archive/roi_mask/ncih2170_facs_fish_0723_high_her2_10.png,/work/users/b/e/behnamie/ecDNA_Data/bioimage_archive/gt_image/ncih2170_facs_fish_0723_high_her2_10.tif
ncih2170_facs_fish_0723_high_her2_102,NCI-H2170,train,train,True,True,False,False,1,rgb/ncih2170_facs_fish_0723_high_her2_102.tif,dapi/ncih2170_facs_fish_0723_high_her2_102.tif,roi_mask/ncih2170_facs_fish_0723_high_her2_102.png,gt_image/ncih2170_facs_fish_0723_high_her2_102.tif,,276,277,True,True,True,True,ncih2170_facs_fish_0723_high_her2_102.tif,ncih2170_facs_fish_0723_high_her2_102.tif,ncih2170_facs_fish_0723_high_her2_102.png,ncih2170_facs_fish_0723_high_her2_102.tif,,/work/users/b/e/behnamie/ecDNA_Data/bioimage_archive/rgb/ncih2170_facs_fish_0723_high_her2_102.tif,/work/users/b/e/behnamie/ecDNA_Data/bioimage_archive/dapi/ncih2170_facs_fish_0723_high_her2_102.tif,/work/users/b/e/behnamie/ecDNA_Data/bioimage_archive/roi_mask/ncih2170_facs_fish_0723_high_her2_102.png,/work/users/b/e/behnamie/ecDNA_Data/bioimage_archive/gt_image/ncih2170_facs_fish_0723_high_her2_102.tif
ncih2170_facs_fish_0723_high_her2_103,NCI-H2170,train,train,True,True,False,False,1,rgb/ncih2170_facs_fish_0723_high_her2_103.tif,dapi/ncih2170_facs_fish_0723_high_her2_103.tif,roi_mask/ncih2170_facs_fish_0723_high_her2_103.png,gt_image/ncih2170_facs_fish_0723_high_her2_103.tif,,199,199,True,True,True,True,ncih2170_facs_fish_0723_high_her2_103.tif,ncih2170_facs_fish_0723_high_her2_103.tif,ncih2170_facs_fish_0723_high_her2_103.png,ncih2170_facs_fish_0723_high_her2_103.tif,,/work/users/b/e/behnamie/ecDNA_Data/bioimage_archive/rgb/ncih2170_facs_fish_0723_high_her2_103.tif,/work/users/b/e/behnamie/ecDNA_Data/bioimage_archive/dapi/ncih2170_facs_fish_0723_high_her2_103.tif,/work/users/b/e/behnamie/ecDNA_Data/bioimage_archive/roi_mask/ncih2170_facs_fish_0723_high_her2_103.png,/work/users/b/e/behnamie/ecDNA_Data/bioimage_archive/gt_image/ncih2170_facs_fish_0723_high_her2_103.tif
ncih2170_facs_fish_0723_high_her2_104,NCI-H2170,train,train,True,True,False,False,1,rgb/ncih2170_facs_fish_0723_high_her2_104.tif,dapi/ncih2170_facs_fish_0723_high_her2_104.tif,roi_mask/ncih2170_facs_fish_0723_high_her2_104.png,gt_image/ncih2170_facs_fish_0723_high_her2_104.tif,,676,678,True,True,True,True,ncih2170_facs_fish_0723_high_her2_104.tif,ncih2170_facs_fish_0723_high_her2_104.tif,ncih2170_facs_fish_0723_high_her2_104.png,ncih2170_facs_fish_0723_high_her2_104.tif,,/work/users/b/e/behnamie/ecDNA_Data/bioimage_archive/rgb/ncih2170_facs_fish_0723_high_her2_104.tif,/work/users/b/e/behnamie/ecDNA_Data/bioimage_archive/dapi/ncih2170_facs_fish_0723_high_her2_104.tif,/work/users/b/e/behnamie/ecDNA_Data/bioimage_archive/roi_mask/ncih2170_facs_fish_0723_high_her2_104.png,/work/users/b/e/behnamie/ecDNA_Data/bioimage_archive/gt_image/ncih2170_facs_fish_0723_high_her2_104.tif
ncih2170_facs_fish_0723_high_her2_109,NCI-H2170,train,train,True,True,False,False,1,rgb/ncih2170_facs_fish_0723_high_her2_109.tif,dapi/ncih2170_facs_fish_0723_high_her2_109.tif,roi_mask/ncih2170_facs_fish_0723_high_her2_109.png,gt_image/ncih2170_facs_fish_0723_high_her2_109.tif,,292,293,True,True,True,True,ncih2170_facs_fish_0723_high_her2_109.tif,ncih2170_facs_fish_0723_high_her2_109.tif,ncih2170_facs_fish_0723_high_her2_109.png,ncih2170_facs_fish_0723_high_her2_109.tif,,/work/users/b/e/behnamie/ecDNA_Data/bioimage_archive/rgb/ncih2170_facs_fish_0723_high_her2_109.tif,/work/users/b/e/behnamie/ecDNA_Data/bioimage_archive/dapi/ncih2170_facs_fish_0723_high_her2_109.tif,/work/users/b/e/behnamie/ecDNA_Data/bioimage_archive/roi_mask/ncih2170_facs_fish_0723_high_her2_109.png,/work/users/b/e/behnamie/ecDNA_Data/bioimage_archive/gt_image/ncih2170_facs_fish_0723_high_her2_109.tif
ncih2170_facs_fish_0723_high_her2_113,NCI-H2170,train,train,True,True,False,False,1,rgb/ncih2170_facs_fish_0723_high_her2_113.tif,dapi/ncih2170_facs_fish_0723_high_her2_113.tif,roi_mask/ncih2170_facs_fish_0723_high_her2_113.png,gt_image/ncih2170_facs_fish_0723_high_her2_113.tif,,843,848,True,True,True,True,ncih2170_facs_fish_0723_high_her2_113.tif,ncih2170_facs_fish_0723_high_her2_113.tif,ncih2170_facs_fish_0723_high_her2_113.png,ncih2170_facs_fish_0723_high_her2_113.tif,,/work/users/b/e/behnamie/ecDNA_Data/bioimage_archive/rgb/ncih2170_facs_fish_0723_high_her2_113.tif,/work/users/b/e/behnamie/ecDNA_Data/bioimage_archive/dapi/ncih2170_facs_fish_0723_high_her2_113.tif,/work/users/b/e/behnamie/ecDNA_Data/bioimage_archive/roi_mask/ncih2170_facs_fish_0723_high_her2_113.png,/work/users/b/e/behnamie/ecDNA_Data/bioimage_archive/gt_image/ncih2170_facs_fish_0723_high_her2_113.tif
ncih2170_facs_fish_0723_high_her2_114,NCI-H2170,train,train,True,True,False,False,1,rgb/ncih2170_facs_fish_0723_high_her2_114.tif,dapi/ncih2170_facs_fish_0723_high_her2_114.tif,roi_mask/ncih2170_facs_fish_0723_high_her2_114.png,gt_image/ncih2170_facs_fish_0723_high_her2_114.tif,,329,331,True,True,True,True,ncih2170_facs_fish_0723_high_her2_114.tif,ncih2170_facs_fish_0723_high_her2_114.tif,ncih2170_facs_fish_0723_high_her2_114.png,ncih2170_facs_fish_0723_high_her2_114.tif,,/work/users/b/e/behnamie/ecDNA_Data/bioimage_archive/rgb/ncih2170_facs_fish_0723_high_her2_114.tif,/work/users/b/e/behnamie/ecDNA_Data/bioimage_archive/dapi/ncih2170_facs_fish_0723_high_her2_114.tif,/work/users/b/e/behnamie/ecDNA_Data/bioimage_archive/roi_mask/ncih2170_facs_fish_0723_high_her2_114.png,/work/users/b/e/behnamie/ecDNA_Data/bioimage_archive/gt_image/ncih2170_facs_fish_0723_high_her2_114.tif
ncih2170_facs_fish_0723_high_her2_116,NCI-H2170,train,train,True,True,False,False,1,rgb/ncih2170_facs_fish_0723_high_her2_116.tif,dapi/ncih2170_facs_fish_0723_high_her2_116.tif,roi_mask/ncih2170_facs_fish_0723_high_her2_116.png,gt_image/ncih2170_facs_fish_0723_high_her2_116.tif,,395,395,True,True,True,True,ncih2170_facs_fish_0723_high_her2_116.tif,ncih2170_facs_fish_0723_high_her2_116.tif,ncih2170_facs_fish_0723_high_her2_116.png,ncih2170_facs_fish_0723_high_her2_116.tif,,/work/users/b/e/behnamie/ecDNA_Data/bioimage_archive/rgb/ncih2170_facs_fish_0723_high_her2_116.tif,/work/users/b/e/behnamie/ecDNA_Data/bioimage_archive/dapi/ncih2170_facs_fish_0723_high_her2_116.tif,/work/users/b/e/behnamie/ecDNA_Data/bioimage_archive/roi_mask/ncih2170_facs_fish_0723_high_her2_116.png,/work/users/b/e/behnamie/ecDNA_Data/bioimage_archive/gt_image/ncih2170_facs_fish_0723_high_her2_116.tif
ncih2170_facs_fish_0723_high_her2_12,NCI-H2170,train,train,True,True,False,False,1,rgb/ncih2170_facs_fish_0723_high_her2_12.tif,dapi/ncih2170_facs_fish_0723_high_her2_12.tif,roi_mask/ncih2170_facs_fish_0723_high_her2_12.png,gt_image/ncih2170_facs_fish_0723_high_her2_12.tif,,211,211,True,True,True,True,ncih2170_facs_fish_0723_high_her2_12.tif,ncih2170_facs_fish_0723_high_her2_12.tif,ncih2170_facs_fish_0723_high_her2_12.png,ncih2170_facs_fish_0723_high_her2_12.tif,,/work/users/b/e/behnamie/ecDNA_Data/bioimage_archive/rgb/ncih2170_facs_fish_0723_high_her2_12.tif,/work/users/b/e/behnamie/ecDNA_Data/bioimage_archive/dapi/ncih2170_facs_fish_0723_high_her2_12.tif,/work/users/b/e/behnamie/ecDNA_Data/bioimage_archive/roi_mask/ncih2170_facs_fish_0723_high_her2_12.png,/work/users/b/e/behnamie/ecDNA_Data/bioimage_archive/gt_image/ncih2170_facs_fish_0723_high_her2_12.tif
ncih2170_facs_fish_0723_high_her2_120,NCI-H2170,train,train,True,True,False,False,1,rgb/ncih2170_facs_fish_0723_high_her2_120.tif,dapi/ncih2170_facs_fish_0723_high_her2_120.tif,roi_mask/ncih2170_facs_fish_0723_high_her2_120.png,gt_image/ncih2170_facs_fish_0723_high_her2_120.tif,,250,250,True,True,True,True,ncih2170_facs_fish_0723_high_her2_120.tif,ncih2170_facs_fish_0723_high_her2_120.tif,ncih2170_facs_fish_0723_high_her2_120.png,ncih2170_facs_fish_0723_high_her2_120.tif,,/work/users/b/e/behnamie/ecDNA_Data/bioimage_archive/rgb/ncih2170_facs_fish_0723_high_her2_120.tif,/work/users/b/e/behnamie/ecDNA_Data/bioimage_archive/dapi/ncih2170_facs_fish_0723_high_her2_120.tif,/work/users/b/e/behnamie/ecDNA_Data/bioimage_archive/roi_mask/ncih2170_facs_fish_0723_high_her2_120.png,/work/users/b/e/behnamie/ecDNA_Data/bioimage_archive/gt_image/ncih2170_facs_fish_0723_high_her2_120.tif
ncih2170_facs_fish_0723_high_her2_121,NCI-H2170,train,train,True,True,False,False,1,rgb/ncih2170_facs_fish_0723_high_her2_121.tif,dapi/ncih2170_facs_fish_0723_high_her2_121.tif,roi_mask/ncih2170_facs_fish_0723_high_her2_121.png,gt_image/ncih2170_facs_fish_0723_high_her2_121.tif,,344,381,True,True,True,True,ncih2170_facs_fish_0723_high_her2_121.tif,ncih2170_facs_fish_0723_high_her2_121.tif,ncih2170_facs_fish_0723_high_her2_121.png,ncih2170_facs_fish_0723_high_her2_121.tif,,/work/users/b/e/behnamie/ecDNA_Data/bioimage_archive/rgb/ncih2170_facs_fish_0723_high_her2_121.tif,/work/users/b/e/behnamie/ecDNA_Data/bioimage_archive/dapi/ncih2170_facs_fish_0723_high_her2_121.tif,/work/users/b/e/behnamie/ecDNA_Data/bioimage_archive/roi_mask/ncih2170_facs_fish_0723_high_her2_121.png,/work/users/b/e/behnamie/ecDNA_Data/bioimage_archive/gt_image/ncih2170_facs_fish_0723_high_her2_121.tif
ncih2170_facs_fish_0723_high_her2_122,NCI-H2170,train,train,True,True,False,False,1,rgb/ncih2170_facs_fish_0723_high_her2_122.tif,dapi/ncih2170_facs_fish_0723_high_her2_122.tif,roi_mask/ncih2170_facs_fish_0723_high_her2_122.png,gt_image/ncih2170_facs_fish_0723_high_her2_122.tif,,245,245,True,True,True,True,ncih2170_facs_fish_0723_high_her2_122.tif,ncih2170_facs_fish_0723_high_her2_122.tif,ncih2170_facs_fish_0723_high_her2_122.png,ncih2170_facs_fish_0723_high_her2_122.tif,,/work/users/b/e/behnamie/ecDNA_Data/bioimage_archive/rgb/ncih2170_facs_fish_0723_high_her2_122.tif,/work/users/b/e/behnamie/ecDNA_Data/bioimage_archive/dapi/ncih2170_facs_fish_0723_high_her2_122.tif,/work/users/b/e/behnamie/ecDNA_Data/bioimage_archive/roi_mask/ncih2170_facs_fish_0723_high_her2_122.png,/work/users/b/e/behnamie/ecDNA_Data/bioimage_archive/gt_image/ncih2170_facs_fish_0723_high_her2_122.tif
ncih2170_facs_fish_0723_high_her2_123,NCI-H2170,train,train,True,True,False,False,1,rgb/ncih2170_facs_fish_0723_high_her2_123.tif,dapi/ncih2170_facs_fish_0723_high_her2_123.tif,roi_mask/ncih2170_facs_fish_0723_high_her2_123.png,gt_image/ncih2170_facs_fish_0723_high_her2_123.tif,,325,325,True,True,True,True,ncih2170_facs_fish_0723_high_her2_123.tif,ncih2170_facs_fish_0723_high_her2_123.tif,ncih2170_facs_fish_0723_high_her2_123.png,ncih2170_facs_fish_0723_high_her2_123.tif,,/work/users/b/e/behnamie/ecDNA_Data/bioimage_archive/rgb/ncih2170_facs_fish_0723_high_her2_123.tif,/work/users/b/e/behnamie/ecDNA_Data/bioimage_archive/dapi/ncih2170_facs_fish_0723_high_her2_123.tif,/work/users/b/e/behnamie/ecDNA_Data/bioimage_archive/roi_mask/ncih2170_facs_fish_0723_high_her2_123.png,/work/users/b/e/behnamie/ecDNA_Data/bioimage_archive/gt_image/ncih2170_facs_fish_0723_high_her2_123.tif
ncih2170_facs_fish_0723_high_her2_124,NCI-H2170,train,train,True,True,False,False,1,rgb/ncih2170_facs_fish_0723_high_her2_124.tif,dapi/ncih2170_facs_fish_0723_high_her2_124.tif,roi_mask/ncih2170_facs_fish_0723_high_her2_124.png,gt_image/ncih2170_facs_fish_0723_high_her2_124.tif,,165,165,True,True,True,True,ncih2170_facs_fish_0723_high_her2_124.tif,ncih2170_facs_fish_0723_high_her2_124.tif,ncih2170_facs_fish_0723_high_her2_124.png,ncih2170_facs_fish_0723_high_her2_124.tif,,/work/users/b/e/behnamie/ecDNA_Data/bioimage_archive/rgb/ncih2170_facs_fish_0723_high_her2_124.tif,/work/users/b/e/behnamie/ecDNA_Data/bioimage_archive/dapi/ncih2170_facs_fish_0723_high_her2_124.tif,/work/users/b/e/behnamie/ecDNA_Data/bioimage_archive/roi_mask/ncih2170_facs_fish_0723_high_her2_124.png,/work/users/b/e/behnamie/ecDNA_Data/bioimage_archive/gt_image/ncih2170_facs_fish_0723_high_her2_124.tif
ncih2170_facs_fish_0723_high_her2_13,NCI-H2170,train,train,True,True,False,False,1,rgb/ncih2170_facs_fish_0723_high_her2_13.tif,dapi/ncih2170_facs_fish_0723_high_her2_13.tif,roi_mask/ncih2170_facs_fish_0723_high_her2_13.png,gt_image/ncih2170_facs_fish_0723_high_her2_13.tif,,299,299,True,True,True,True,ncih2170_facs_fish_0723_high_her2_13.tif,ncih2170_facs_fish_0723_high_her2_13.tif,ncih2170_facs_fish_0723_high_her2_13.png,ncih2170_facs_fish_0723_high_her2_13.tif,,/work/users/b/e/behnamie/ecDNA_Data/bioimage_archive/rgb/ncih2170_facs_fish_0723_high_her2_13.tif,/work/users/b/e/behnamie/ecDNA_Data/bioimage_archive/dapi/ncih2170_facs_fish_0723_high_her2_13.tif,/work/users/b/e/behnamie/ecDNA_Data/bioimage_archive/roi_mask/ncih2170_facs_fish_0723_high_her2_13.png,/work/users/b/e/behnamie/ecDNA_Data/bioimage_archive/gt_image/ncih2170_facs_fish_0723_high_her2_13.tif
ncih2170_facs_fish_0723_high_her2_18,NCI-H2170,train,train,True,True,False,False,1,rgb/ncih2170_facs_fish_0723_high_her2_18.tif,dapi/ncih2170_facs_fish_0723_high_her2_18.tif,roi_mask/ncih2170_facs_fish_0723_high_her2_18.png,gt_image/ncih2170_facs_fish_0723_high_her2_18.tif,,611,612,True,True,True,True,ncih2170_facs_fish_0723_high_her2_18.tif,ncih2170_facs_fish_0723_high_her2_18.tif,ncih2170_facs_fish_0723_high_her2_18.png,ncih2170_facs_fish_0723_high_her2_18.tif,,/work/users/b/e/behnamie/ecDNA_Data/bioimage_archive/rgb/ncih2170_facs_fish_0723_high_her2_18.tif,/work/users/b/e/behnamie/ecDNA_Data/bioimage_archive/dapi/ncih2170_facs_fish_0723_high_her2_18.tif,/work/users/b/e/behnamie/ecDNA_Data/bioimage_archive/roi_mask/ncih2170_facs_fish_0723_high_her2_18.png,/work/users/b/e/behnamie/ecDNA_Data/bioimage_archive/gt_image/ncih2170_facs_fish_0723_high_her2_18.tif
ncih2170_facs_fish_0723_high_her2_24,NCI-H2170,train,train,True,True,False,False,1,rgb/ncih2170_facs_fish_0723_high_her2_24.tif,dapi/ncih2170_facs_fish_0723_high_her2_24.tif,roi_mask/ncih2170_facs_fish_0723_high_her2_24.png,gt_image/ncih2170_facs_fish_0723_high_her2_24.tif,,184,193,True,True,True,True,ncih2170_facs_fish_0723_high_her2_24.tif,ncih2170_facs_fish_0723_high_her2_24.tif,ncih2170_facs_fish_0723_high_her2_24.png,ncih2170_facs_fish_0723_high_her2_24.tif,,/work/users/b/e/behnamie/ecDNA_Data/bioimage_archive/rgb/ncih2170_facs_fish_0723_high_her2_24.tif,/work/users/b/e/behnamie/ecDNA_Data/bioimage_archive/dapi/ncih2170_facs_fish_0723_high_her2_24.tif,/work/users/b/e/behnamie/ecDNA_Data/bioimage_archive/roi_mask/ncih2170_facs_fish_0723_high_her2_24.png,/work/users/b/e/behnamie/ecDNA_Data/bioimage_archive/gt_image/ncih2170_facs_fish_0723_high_her2_24.tif
ncih2170_facs_fish_0723_high_her2_27,NCI-H2170,train,train,True,True,False,False,1,rgb/ncih2170_facs_fish_0723_high_her2_27.tif,dapi/ncih2170_facs_fish_0723_high_her2_27.tif,roi_mask/ncih2170_facs_fish_0723_high_her2_27.png,gt_image/ncih2170_facs_fish_0723_high_her2_27.tif,,319,321,True,True,True,True,ncih2170_facs_fish_0723_high_her2_27.tif,ncih2170_facs_fish_0723_high_her2_27.tif,ncih2170_facs_fish_0723_high_her2_27.png,ncih2170_facs_fish_0723_high_her2_27.tif,,/work/users/b/e/behnamie/ecDNA_Data/bioimage_archive/rgb/ncih2170_facs_fish_0723_high_her2_27.tif,/work/users/b/e/behnamie/ecDNA_Data/bioimage_archive/dapi/ncih2170_facs_fish_0723_high_her2_27.tif,/work/users/b/e/behnamie/ecDNA_Data/bioimage_archive/roi_mask/ncih2170_facs_fish_0723_high_her2_27.png,/work/users/b/e/behnamie/ecDNA_Data/bioimage_archive/gt_image/ncih2170_facs_fish_0723_high_her2_27.tif
ncih2170_facs_fish_0723_high_her2_28,NCI-H2170,train,train,True,True,False,False,1,rgb/ncih2170_facs_fish_0723_high_her2_28.tif,dapi/ncih2170_facs_fish_0723_high_her2_28.tif,roi_mask/ncih2170_facs_fish_0723_high_her2_28.png,gt_image/ncih2170_facs_fish_0723_high_her2_28.tif,,232,232,True,True,True,True,ncih2170_facs_fish_0723_high_her2_28.tif,ncih2170_facs_fish_0723_high_her2_28.tif,ncih2170_facs_fish_0723_high_her2_28.png,ncih2170_facs_fish_0723_high_her2_28.tif,,/work/users/b/e/behnamie/ecDNA_Data/bioimage_archive/rgb/ncih2170_facs_fish_0723_high_her2_28.tif,/work/users/b/e/behnamie/ecDNA_Data/bioimage_archive/dapi/ncih2170_facs_fish_0723_high_her2_28.tif,/work/users/b/e/behnamie/ecDNA_Data/bioimage_archive/roi_mask/ncih2170_facs_fish_0723_high_her2_28.png,/work/users/b/e/behnamie/ecDNA_Data/bioimage_archive/gt_image/ncih2170_facs_fish_0723_high_her2_28.tif
ncih2170_facs_fish_0723_high_her2_3,NCI-H2170,train,train,True,True,False,False,1,rgb/ncih2170_facs_fish_0723_high_her2_3.tif,dapi/ncih2170_facs_fish_0723_high_her2_3.tif,roi_mask/ncih2170_facs_fish_0723_high_her2_3.png,gt_image/ncih2170_facs_fish_0723_high_her2_3.tif,,460,460,True,True,True,True,ncih2170_facs_fish_0723_high_her2_3.tif,ncih2170_facs_fish_0723_high_her2_3.tif,ncih2170_facs_fish_0723_high_her2_3.png,ncih2170_facs_fish_0723_high_her2_3.tif,,/work/users/b/e/behnamie/ecDNA_Data/bioimage_archive/rgb/ncih2170_facs_fish_0723_high_her2_3.tif,/work/users/b/e/behnamie/ecDNA_Data/bioimage_archive/dapi/ncih2170_facs_fish_0723_high_her2_3.tif,/work/users/b/e/behnamie/ecDNA_Data/bioimage_archive/roi_mask/ncih2170_facs_fish_0723_high_her2_3.png,/work/users/b/e/behnamie/ecDNA_Data/bioimage_archive/gt_image/ncih2170_facs_fish_0723_high_her2_3.tif
ncih2170_facs_fish_0723_high_her2_30,NCI-H2170,train,train,True,True,False,False,1,rgb/ncih2170_facs_fish_0723_high_her2_30.tif,dapi/ncih2170_facs_fish_0723_high_her2_30.tif,roi_mask/ncih2170_facs_fish_0723_high_her2_30.png,gt_image/ncih2170_facs_fish_0723_high_her2_30.tif,,376,376,True,True,True,True,ncih2170_facs_fish_0723_high_her2_30.tif,ncih2170_facs_fish_0723_high_her2_30.tif,ncih2170_facs_fish_0723_high_her2_30.png,ncih2170_facs_fish_0723_high_her2_30.tif,,/work/users/b/e/behnamie/ecDNA_Data/bioimage_archive/rgb/ncih2170_facs_fish_0723_high_her2_30.tif,/work/users/b/e/behnamie/ecDNA_Data/bioimage_archive/dapi/ncih2170_facs_fish_0723_high_her2_30.tif,/work/users/b/e/behnamie/ecDNA_Data/bioimage_archive/roi_mask/ncih2170_facs_fish_0723_high_her2_30.png,/work/users/b/e/behnamie/ecDNA_Data/bioimage_archive/gt_image/ncih2170_facs_fish_0723_high_her2_30.tif
ncih2170_facs_fish_0723_high_her2_36,NCI-H2170,train,train,True,True,False,False,1,rgb/ncih2170_facs_fish_0723_high_her2_36.tif,dapi/ncih2170_facs_fish_0723_high_her2_36.tif,roi_mask/ncih2170_facs_fish_0723_high_her2_36.png,gt_image/ncih2170_facs_fish_0723_high_her2_36.tif,,236,237,True,True,True,True,ncih2170_facs_fish_0723_high_her2_36.tif,ncih2170_facs_fish_0723_high_her2_36.tif,ncih2170_facs_fish_0723_high_her2_36.png,ncih2170_facs_fish_0723_high_her2_36.tif,,/work/users/b/e/behnamie/ecDNA_Data/bioimage_archive/rgb/ncih2170_facs_fish_0723_high_her2_36.tif,/work/users/b/e/behnamie/ecDNA_Data/bioimage_archive/dapi/ncih2170_facs_fish_0723_high_her2_36.tif,/work/users/b/e/behnamie/ecDNA_Data/bioimage_archive/roi_mask/ncih2170_facs_fish_0723_high_her2_36.png,/work/users/b/e/behnamie/ecDNA_Data/bioimage_archive/gt_image/ncih2170_facs_fish_0723_high_her2_36.tif
ncih2170_facs_fish_0723_high_her2_4,NCI-H2170,train,train,True,True,False,False,1,rgb/ncih2170_facs_fish_0723_high_her2_4.tif,dapi/ncih2170_facs_fish_0723_high_her2_4.tif,roi_mask/ncih2170_facs_fish_0723_high_her2_4.png,gt_image/ncih2170_facs_fish_0723_high_her2_4.tif,,396,397,True,True,True,True,ncih2170_facs_fish_0723_high_her2_4.tif,ncih2170_facs_fish_0723_high_her2_4.tif,ncih2170_facs_fish_0723_high_her2_4.png,ncih2170_facs_fish_0723_high_her2_4.tif,,/work/users/b/e/behnamie/ecDNA_Data/bioimage_archive/rgb/ncih2170_facs_fish_0723_high_her2_4.tif,/work/users/b/e/behnamie/ecDNA_Data/bioimage_archive/dapi/ncih2170_facs_fish_0723_high_her2_4.tif,/work/users/b/e/behnamie/ecDNA_Data/bioimage_archive/roi_mask/ncih2170_facs_fish_0723_high_her2_4.png,/work/users/b/e/behnamie/ecDNA_Data/bioimage_archive/gt_image/ncih2170_facs_fish_0723_high_her2_4.tif
ncih2170_facs_fish_0723_high_her2_40,NCI-H2170,train,train,True,True,False,False,1,rgb/ncih2170_facs_fish_0723_high_her2_40.tif,dapi/ncih2170_facs_fish_0723_high_her2_40.tif,roi_mask/ncih2170_facs_fish_0723_high_her2_40.png,gt_image/ncih2170_facs_fish_0723_high_her2_40.tif,,517,552,True,True,True,True,ncih2170_facs_fish_0723_high_her2_40.tif,ncih2170_facs_fish_0723_high_her2_40.tif,ncih2170_facs_fish_0723_high_her2_40.png,ncih2170_facs_fish_0723_high_her2_40.tif,,/work/users/b/e/behnamie/ecDNA_Data/bioimage_archive/rgb/ncih2170_facs_fish_0723_high_her2_40.tif,/work/users/b/e/behnamie/ecDNA_Data/bioimage_archive/dapi/ncih2170_facs_fish_0723_high_her2_40.tif,/work/users/b/e/behnamie/ecDNA_Data/bioimage_archive/roi_mask/ncih2170_facs_fish_0723_high_her2_40.png,/work/users/b/e/behnamie/ecDNA_Data/bioimage_archive/gt_image/ncih2170_facs_fish_0723_high_her2_40.tif
ncih2170_facs_fish_0723_high_her2_41,NCI-H2170,train,train,True,True,False,False,1,rgb/ncih2170_facs_fish_0723_high_her2_41.tif,dapi/ncih2170_facs_fish_0723_high_her2_41.tif,roi_mask/ncih2170_facs_fish_0723_high_her2_41.png,gt_image/ncih2170_facs_fish_0723_high_her2_41.tif,,265,265,True,True,True,True,ncih2170_facs_fish_0723_high_her2_41.tif,ncih2170_facs_fish_0723_high_her2_41.tif,ncih2170_facs_fish_0723_high_her2_41.png,ncih2170_facs_fish_0723_high_her2_41.tif,,/work/users/b/e/behnamie/ecDNA_Data/bioimage_archive/rgb/ncih2170_facs_fish_0723_high_her2_41.tif,/work/users/b/e/behnamie/ecDNA_Data/bioimage_archive/dapi/ncih2170_facs_fish_0723_high_her2_41.tif,/work/users/b/e/behnamie/ecDNA_Data/bioimage_archive/roi_mask/ncih2170_facs_fish_0723_high_her2_41.png,/work/users/b/e/behnamie/ecDNA_Data/bioimage_archive/gt_image/ncih2170_facs_fish_0723_high_her2_41.tif
ncih2170_facs_fish_0723_high_her2_42,NCI-H2170,train,train,True,True,False,False,1,rgb/ncih2170_facs_fish_0723_high_her2_42.tif,dapi/ncih2170_facs_fish_0723_high_her2_42.tif,roi_mask/ncih2170_facs_fish_0723_high_her2_42.png,gt_image/ncih2170_facs_fish_0723_high_her2_42.tif,,323,323,True,True,True,True,ncih2170_facs_fish_0723_high_her2_42.tif,ncih2170_facs_fish_0723_high_her2_42.tif,ncih2170_facs_fish_0723_high_her2_42.png,ncih2170_facs_fish_0723_high_her2_42.tif,,/work/users/b/e/behnamie/ecDNA_Data/bioimage_archive/rgb/ncih2170_facs_fish_0723_high_her2_42.tif,/work/users/b/e/behnamie/ecDNA_Data/bioimage_archive/dapi/ncih2170_facs_fish_0723_high_her2_42.tif,/work/users/b/e/behnamie/ecDNA_Data/bioimage_archive/roi_mask/ncih2170_facs_fish_0723_high_her2_42.png,/work/users/b/e/behnamie/ecDNA_Data/bioimage_archive/gt_image/ncih2170_facs_fish_0723_high_her2_42.tif
ncih2170_facs_fish_0723_high_her2_54,NCI-H2170,train,train,True,True,False,False,1,rgb/ncih2170_facs_fish_0723_high_her2_54.tif,dapi/ncih2170_facs_fish_0723_high_her2_54.tif,roi_mask/ncih2170_facs_fish_0723_high_her2_54.png,gt_image/ncih2170_facs_fish_0723_high_her2_54.tif,,120,120,True,True,True,True,ncih2170_facs_fish_0723_high_her2_54.tif,ncih2170_facs_fish_0723_high_her2_54.tif,ncih2170_facs_fish_0723_high_her2_54.png,ncih2170_facs_fish_0723_high_her2_54.tif,,/work/users/b/e/behnamie/ecDNA_Data/bioimage_archive/rgb/ncih2170_facs_fish_0723_high_her2_54.tif,/work/users/b/e/behnamie/ecDNA_Data/bioimage_archive/dapi/ncih2170_facs_fish_0723_high_her2_54.tif,/work/users/b/e/behnamie/ecDNA_Data/bioimage_archive/roi_mask/ncih2170_facs_fish_0723_high_her2_54.png,/work/users/b/e/behnamie/ecDNA_Data/bioimage_archive/gt_image/ncih2170_facs_fish_0723_high_her2_54.tif
ncih2170_facs_fish_0723_high_her2_55,NCI-H2170,train,train,True,True,False,False,1,rgb/ncih2170_facs_fish_0723_high_her2_55.tif,dapi/ncih2170_facs_fish_0723_high_her2_55.tif,roi_mask/ncih2170_facs_fish_0723_high_her2_55.png,gt_image/ncih2170_facs_fish_0723_high_her2_55.tif,,223,224,True,True,True,True,ncih2170_facs_fish_0723_high_her2_55.tif,ncih2170_facs_fish_0723_high_her2_55.tif,ncih2170_facs_fish_0723_high_her2_55.png,ncih2170_facs_fish_0723_high_her2_55.tif,,/work/users/b/e/behnamie/ecDNA_Data/bioimage_archive/rgb/ncih2170_facs_fish_0723_high_her2_55.tif,/work/users/b/e/behnamie/ecDNA_Data/bioimage_archive/dapi/ncih2170_facs_fish_0723_high_her2_55.tif,/work/users/b/e/behnamie/ecDNA_Data/bioimage_archive/roi_mask/ncih2170_facs_fish_0723_high_her2_55.png,/work/users/b/e/behnamie/ecDNA_Data/bioimage_archive/gt_image/ncih2170_facs_fish_0723_high_her2_55.tif
ncih2170_facs_fish_0723_high_her2_56,NCI-H2170,train,train,True,True,False,False,1,rgb/ncih2170_facs_fish_0723_high_her2_56.tif,dapi/ncih2170_facs_fish_0723_high_her2_56.tif,roi_mask/ncih2170_facs_fish_0723_high_her2_56.png,gt_image/ncih2170_facs_fish_0723_high_her2_56.tif,,252,254,True,True,True,True,ncih2170_facs_fish_0723_high_her2_56.tif,ncih2170_facs_fish_0723_high_her2_56.tif,ncih2170_facs_fish_0723_high_her2_56.png,ncih2170_facs_fish_0723_high_her2_56.tif,,/work/users/b/e/behnamie/ecDNA_Data/bioimage_archive/rgb/ncih2170_facs_fish_0723_high_her2_56.tif,/work/users/b/e/behnamie/ecDNA_Data/bioimage_archive/dapi/ncih2170_facs_fish_0723_high_her2_56.tif,/work/users/b/e/behnamie/ecDNA_Data/bioimage_archive/roi_mask/ncih2170_facs_fish_0723_high_her2_56.png,/work/users/b/e/behnamie/ecDNA_Data/bioimage_archive/gt_image/ncih2170_facs_fish_0723_high_her2_56.tif
ncih2170_facs_fish_0723_high_her2_64,NCI-H2170,train,train,True,True,False,False,1,rgb/ncih2170_facs_fish_0723_high_her2_64.tif,dapi/ncih2170_facs_fish_0723_high_her2_64.tif,roi_mask/ncih2170_facs_fish_0723_high_her2_64.png,gt_image/ncih2170_facs_fish_0723_high_her2_64.tif,,260,262,True,True,True,True,ncih2170_facs_fish_0723_high_her2_64.tif,ncih2170_facs_fish_0723_high_her2_64.tif,ncih2170_facs_fish_0723_high_her2_64.png,ncih2170_facs_fish_0723_high_her2_64.tif,,/work/users/b/e/behnamie/ecDNA_Data/bioimage_archive/rgb/ncih2170_facs_fish_0723_high_her2_64.tif,/work/users/b/e/behnamie/ecDNA_Data/bioimage_archive/dapi/ncih2170_facs_fish_0723_high_her2_64.tif,/work/users/b/e/behnamie/ecDNA_Data/bioimage_archive/roi_mask/ncih2170_facs_fish_0723_high_her2_64.png,/work/users/b/e/behnamie/ecDNA_Data/bioimage_archive/gt_image/ncih2170_facs_fish_0723_high_her2_64.tif
ncih2170_facs_fish_0723_high_her2_7,NCI-H2170,train,train,True,True,False,False,1,rgb/ncih2170_facs_fish_0723_high_her2_7.tif,dapi/ncih2170_facs_fish_0723_high_her2_7.tif,roi_mask/ncih2170_facs_fish_0723_high_her2_7.png,gt_image/ncih2170_facs_fish_0723_high_her2_7.tif,,495,495,True,True,True,True,ncih2170_facs_fish_0723_high_her2_7.tif,ncih2170_facs_fish_0723_high_her2_7.tif,ncih2170_facs_fish_0723_high_her2_7.png,ncih2170_facs_fish_0723_high_her2_7.tif,,/work/users/b/e/behnamie/ecDNA_Data/bioimage_archive/rgb/ncih2170_facs_fish_0723_high_her2_7.tif,/work/users/b/e/behnamie/ecDNA_Data/bioimage_archive/dapi/ncih2170_facs_fish_0723_high_her2_7.tif,/work/users/b/e/behnamie/ecDNA_Data/bioimage_archive/roi_mask/ncih2170_facs_fish_0723_high_her2_7.png,/work/users/b/e/behnamie/ecDNA_Data/bioimage_archive/gt_image/ncih2170_facs_fish_0723_high_her2_7.tif
ncih2170_facs_fish_0723_high_her2_82,NCI-H2170,train,train,True,True,False,False,1,rgb/ncih2170_facs_fish_0723_high_her2_82.tif,dapi/ncih2170_facs_fish_0723_high_her2_82.tif,roi_mask/ncih2170_facs_fish_0723_high_her2_82.png,gt_image/ncih2170_facs_fish_0723_high_her2_82.tif,,498,498,True,True,True,True,ncih2170_facs_fish_0723_high_her2_82.tif,ncih2170_facs_fish_0723_high_her2_82.tif,ncih2170_facs_fish_0723_high_her2_82.png,ncih2170_facs_fish_0723_high_her2_82.tif,,/work/users/b/e/behnamie/ecDNA_Data/bioimage_archive/rgb/ncih2170_facs_fish_0723_high_her2_82.tif,/work/users/b/e/behnamie/ecDNA_Data/bioimage_archive/dapi/ncih2170_facs_fish_0723_high_her2_82.tif,/work/users/b/e/behnamie/ecDNA_Data/bioimage_archive/roi_mask/ncih2170_facs_fish_0723_high_her2_82.png,/work/users/b/e/behnamie/ecDNA_Data/bioimage_archive/gt_image/ncih2170_facs_fish_0723_high_her2_82.tif
ncih2170_facs_fish_0723_high_her2_83,NCI-H2170,train,train,True,True,False,False,1,rgb/ncih2170_facs_fish_0723_high_her2_83.tif,dapi/ncih2170_facs_fish_0723_high_her2_83.tif,roi_mask/ncih2170_facs_fish_0723_high_her2_83.png,gt_image/ncih2170_facs_fish_0723_high_her2_83.tif,,307,308,True,True,True,True,ncih2170_facs_fish_0723_high_her2_83.tif,ncih2170_facs_fish_0723_high_her2_83.tif,ncih2170_facs_fish_0723_high_her2_83.png,ncih2170_facs_fish_0723_high_her2_83.tif,,/work/users/b/e/behnamie/ecDNA_Data/bioimage_archive/rgb/ncih2170_facs_fish_0723_high_her2_83.tif,/work/users/b/e/behnamie/ecDNA_Data/bioimage_archive/dapi/ncih2170_facs_fish_0723_high_her2_83.tif,/work/users/b/e/behnamie/ecDNA_Data/bioimage_archive/roi_mask/ncih2170_facs_fish_0723_high_her2_83.png,/work/users/b/e/behnamie/ecDNA_Data/bioimage_archive/gt_image/ncih2170_facs_fish_0723_high_her2_83.tif
ncih2170_facs_fish_0723_high_her2_84,NCI-H2170,train,train,True,True,False,False,1,rgb/ncih2170_facs_fish_0723_high_her2_84.tif,dapi/ncih2170_facs_fish_0723_high_her2_84.tif,roi_mask/ncih2170_facs_fish_0723_high_her2_84.png,gt_image/ncih2170_facs_fish_0723_high_her2_84.tif,,258,259,True,True,True,True,ncih2170_facs_fish_0723_high_her2_84.tif,ncih2170_facs_fish_0723_high_her2_84.tif,ncih2170_facs_fish_0723_high_her2_84.png,ncih2170_facs_fish_0723_high_her2_84.tif,,/work/users/b/e/behnamie/ecDNA_Data/bioimage_archive/rgb/ncih2170_facs_fish_0723_high_her2_84.tif,/work/users/b/e/behnamie/ecDNA_Data/bioimage_archive/dapi/ncih2170_facs_fish_0723_high_her2_84.tif,/work/users/b/e/behnamie/ecDNA_Data/bioimage_archive/roi_mask/ncih2170_facs_fish_0723_high_her2_84.png,/work/users/b/e/behnamie/ecDNA_Data/bioimage_archive/gt_image/ncih2170_facs_fish_0723_high_her2_84.tif
ncih2170_facs_fish_0723_high_her2_86,NCI-H2170,train,train,True,True,False,False,1,rgb/ncih2170_facs_fish_0723_high_her2_86.tif,dapi/ncih2170_facs_fish_0723_high_her2_86.tif,roi_mask/ncih2170_facs_fish_0723_high_her2_86.png,gt_image/ncih2170_facs_fish_0723_high_her2_86.tif,,164,164,True,True,True,True,ncih2170_facs_fish_0723_high_her2_86.tif,ncih2170_facs_fish_0723_high_her2_86.tif,ncih2170_facs_fish_0723_high_her2_86.png,ncih2170_facs_fish_0723_high_her2_86.tif,,/work/users/b/e/behnamie/ecDNA_Data/bioimage_archive/rgb/ncih2170_facs_fish_0723_high_her2_86.tif,/work/users/b/e/behnamie/ecDNA_Data/bioimage_archive/dapi/ncih2170_facs_fish_0723_high_her2_86.tif,/work/users/b/e/behnamie/ecDNA_Data/bioimage_archive/roi_mask/ncih2170_facs_fish_0723_high_her2_86.png,/work/users/b/e/behnamie/ecDNA_Data/bioimage_archive/gt_image/ncih2170_facs_fish_0723_high_her2_86.tif
ncih2170_facs_fish_0723_high_her2_87,NCI-H2170,train,train,True,True,False,False,1,rgb/ncih2170_facs_fish_0723_high_her2_87.tif,dapi/ncih2170_facs_fish_0723_high_her2_87.tif,roi_mask/ncih2170_facs_fish_0723_high_her2_87.png,gt_image/ncih2170_facs_fish_0723_high_her2_87.tif,,249,261,True,True,True,True,ncih2170_facs_fish_0723_high_her2_87.tif,ncih2170_facs_fish_0723_high_her2_87.tif,ncih2170_facs_fish_0723_high_her2_87.png,ncih2170_facs_fish_0723_high_her2_87.tif,,/work/users/b/e/behnamie/ecDNA_Data/bioimage_archive/rgb/ncih2170_facs_fish_0723_high_her2_87.tif,/work/users/b/e/behnamie/ecDNA_Data/bioimage_archive/dapi/ncih2170_facs_fish_0723_high_her2_87.tif,/work/users/b/e/behnamie/ecDNA_Data/bioimage_archive/roi_mask/ncih2170_facs_fish_0723_high_her2_87.png,/work/users/b/e/behnamie/ecDNA_Data/bioimage_archive/gt_image/ncih2170_facs_fish_0723_high_her2_87.tif
ncih2170_facs_fish_0723_high_her2_9,NCI-H2170,train,train,True,True,False,False,1,rgb/ncih2170_facs_fish_0723_high_her2_9.tif,dapi/ncih2170_facs_fish_0723_high_her2_9.tif,roi_mask/ncih2170_facs_fish_0723_high_her2_9.png,gt_image/ncih2170_facs_fish_0723_high_her2_9.tif,,262,262,True,True,True,True,ncih2170_facs_fish_0723_high_her2_9.tif,ncih2170_facs_fish_0723_high_her2_9.tif,ncih2170_facs_fish_0723_high_her2_9.png,ncih2170_facs_fish_0723_high_her2_9.tif,,/work/users/b/e/behnamie/ecDNA_Data/bioimage_archive/rgb/ncih2170_facs_fish_0723_high_her2_9.tif,/work/users/b/e/behnamie/ecDNA_Data/bioimage_archive/dapi/ncih2170_facs_fish_0723_high_her2_9.tif,/work/users/b/e/behnamie/ecDNA_Data/bioimage_archive/roi_mask/ncih2170_facs_fish_0723_high_her2_9.png,/work/users/b/e/behnamie/ecDNA_Data/bioimage_archive/gt_image/ncih2170_facs_fish_0723_high_her2_9.tif
ncih2170_facs_fish_0723_high_her2_92,NCI-H2170,train,train,True,True,False,False,1,rgb/ncih2170_facs_fish_0723_high_her2_92.tif,dapi/ncih2170_facs_fish_0723_high_her2_92.tif,roi_mask/ncih2170_facs_fish_0723_high_her2_92.png,gt_image/ncih2170_facs_fish_0723_high_her2_92.tif,,147,148,True,True,True,True,ncih2170_facs_fish_0723_high_her2_92.tif,ncih2170_facs_fish_0723_high_her2_92.tif,ncih2170_facs_fish_0723_high_her2_92.png,ncih2170_facs_fish_0723_high_her2_92.tif,,/work/users/b/e/behnamie/ecDNA_Data/bioimage_archive/rgb/ncih2170_facs_fish_0723_high_her2_92.tif,/work/users/b/e/behnamie/ecDNA_Data/bioimage_archive/dapi/ncih2170_facs_fish_0723_high_her2_92.tif,/work/users/b/e/behnamie/ecDNA_Data/bioimage_archive/roi_mask/ncih2170_facs_fish_0723_high_her2_92.png,/work/users/b/e/behnamie/ecDNA_Data/bioimage_archive/gt_image/ncih2170_facs_fish_0723_high_her2_92.tif
ncih2170_facs_fish_0723_high_her2_96,NCI-H2170,train,train,True,True,False,False,1,rgb/ncih2170_facs_fish_0723_high_her2_96.tif,dapi/ncih2170_facs_fish_0723_high_her2_96.tif,roi_mask/ncih2170_facs_fish_0723_high_her2_96.png,gt_image/ncih2170_facs_fish_0723_high_her2_96.tif,,497,502,True,True,True,True,ncih2170_facs_fish_0723_high_her2_96.tif,ncih2170_facs_fish_0723_high_her2_96.tif,ncih2170_facs_fish_0723_high_her2_96.png,ncih2170_facs_fish_0723_high_her2_96.tif,,/work/users/b/e/behnamie/ecDNA_Data/bioimage_archive/rgb/ncih2170_facs_fish_0723_high_her2_96.tif,/work/users/b/e/behnamie/ecDNA_Data/bioimage_archive/dapi/ncih2170_facs_fish_0723_high_her2_96.tif,/work/users/b/e/behnamie/ecDNA_Data/bioimage_archive/roi_mask/ncih2170_facs_fish_0723_high_her2_96.png,/work/users/b/e/behnamie/ecDNA_Data/bioimage_archive/gt_image/ncih2170_facs_fish_0723_high_her2_96.tif
ncih2170_facs_fish_0723_high_her2_98,NCI-H2170,train,train,True,True,False,False,1,rgb/ncih2170_facs_fish_0723_high_her2_98.tif,dapi/ncih2170_facs_fish_0723_high_her2_98.tif,roi_mask/ncih2170_facs_fish_0723_high_her2_98.png,gt_image/ncih2170_facs_fish_0723_high_her2_98.tif,,226,228,True,True,True,True,ncih2170_facs_fish_0723_high_her2_98.tif,ncih2170_facs_fish_0723_high_her2_98.tif,ncih2170_facs_fish_0723_high_her2_98.png,ncih2170_facs_fish_0723_high_her2_98.tif,,/work/users/b/e/behnamie/ecDNA_Data/bioimage_archive/rgb/ncih2170_facs_fish_0723_high_her2_98.tif,/work/users/b/e/behnamie/ecDNA_Data/bioimage_archive/dapi/ncih2170_facs_fish_0723_high_her2_98.tif,/work/users/b/e/behnamie/ecDNA_Data/bioimage_archive/roi_mask/ncih2170_facs_fish_0723_high_her2_98.png,/work/users/b/e/behnamie/ecDNA_Data/bioimage_archive/gt_image/ncih2170_facs_fish_0723_high_her2_98.tif
ncih2170_facs_fish_0723_low_her2_10,NCI-H2170,train,train,True,True,False,False,1,rgb/ncih2170_facs_fish_0723_low_her2_10.tif,dapi/ncih2170_facs_fish_0723_low_her2_10.tif,roi_mask/ncih2170_facs_fish_0723_low_her2_10.png,gt_image/ncih2170_facs_fish_0723_low_her2_10.tif,,206,207,True,True,True,True,ncih2170_facs_fish_0723_low_her2_10.tif,ncih2170_facs_fish_0723_low_her2_10.tif,ncih2170_facs_fish_0723_low_her2_10.png,ncih2170_facs_fish_0723_low_her2_10.tif,,/work/users/b/e/behnamie/ecDNA_Data/bioimage_archive/rgb/ncih2170_facs_fish_0723_low_her2_10.tif,/work/users/b/e/behnamie/ecDNA_Data/bioimage_archive/dapi/ncih2170_facs_fish_0723_low_her2_10.tif,/work/users/b/e/behnamie/ecDNA_Data/bioimage_archive/roi_mask/ncih2170_facs_fish_0723_low_her2_10.png,/work/users/b/e/behnamie/ecDNA_Data/bioimage_archive/gt_image/ncih2170_facs_fish_0723_low_her2_10.tif
ncih2170_facs_fish_0723_low_her2_103,NCI-H2170,train,train,True,True,False,False,1,rgb/ncih2170_facs_fish_0723_low_her2_103.tif,dapi/ncih2170_facs_fish_0723_low_her2_103.tif,roi_mask/ncih2170_facs_fish_0723_low_her2_103.png,gt_image/ncih2170_facs_fish_0723_low_her2_103.tif,,207,207,True,True,True,True,ncih2170_facs_fish_0723_low_her2_103.tif,ncih2170_facs_fish_0723_low_her2_103.tif,ncih2170_facs_fish_0723_low_her2_103.png,ncih2170_facs_fish_0723_low_her2_103.tif,,/work/users/b/e/behnamie/ecDNA_Data/bioimage_archive/rgb/ncih2170_facs_fish_0723_low_her2_103.tif,/work/users/b/e/behnamie/ecDNA_Data/bioimage_archive/dapi/ncih2170_facs_fish_0723_low_her2_103.tif,/work/users/b/e/behnamie/ecDNA_Data/bioimage_archive/roi_mask/ncih2170_facs_fish_0723_low_her2_103.png,/work/users/b/e/behnamie/ecDNA_Data/bioimage_archive/gt_image/ncih2170_facs_fish_0723_low_her2_103.tif
ncih2170_facs_fish_0723_low_her2_106,NCI-H2170,train,train,True,True,False,False,1,rgb/ncih2170_facs_fish_0723_low_her2_106.tif,dapi/ncih2170_facs_fish_0723_low_her2_106.tif,roi_mask/ncih2170_facs_fish_0723_low_her2_106.png,gt_image/ncih2170_facs_fish_0723_low_her2_106.tif,,71,71,True,True,True,True,ncih2170_facs_fish_0723_low_her2_106.tif,ncih2170_facs_fish_0723_low_her2_106.tif,ncih2170_facs_fish_0723_low_her2_106.png,ncih2170_facs_fish_0723_low_her2_106.tif,,/work/users/b/e/behnamie/ecDNA_Data/bioimage_archive/rgb/ncih2170_facs_fish_0723_low_her2_106.tif,/work/users/b/e/behnamie/ecDNA_Data/bioimage_archive/dapi/ncih2170_facs_fish_0723_low_her2_106.tif,/work/users/b/e/behnamie/ecDNA_Data/bioimage_archive/roi_mask/ncih2170_facs_fish_0723_low_her2_106.png,/work/users/b/e/behnamie/ecDNA_Data/bioimage_archive/gt_image/ncih2170_facs_fish_0723_low_her2_106.tif
ncih2170_facs_fish_0723_low_her2_108,NCI-H2170,train,train,True,True,False,False,1,rgb/ncih2170_facs_fish_0723_low_her2_108.tif,dapi/ncih2170_facs_fish_0723_low_her2_108.tif,roi_mask/ncih2170_facs_fish_0723_low_her2_108.png,gt_image/ncih2170_facs_fish_0723_low_her2_108.tif,,53,53,True,True,True,True,ncih2170_facs_fish_0723_low_her2_108.tif,ncih2170_facs_fish_0723_low_her2_108.tif,ncih2170_facs_fish_0723_low_her2_108.png,ncih2170_facs_fish_0723_low_her2_108.tif,,/work/users/b/e/behnamie/ecDNA_Data/bioimage_archive/rgb/ncih2170_facs_fish_0723_low_her2_108.tif,/work/users/b/e/behnamie/ecDNA_Data/bioimage_archive/dapi/ncih2170_facs_fish_0723_low_her2_108.tif,/work/users/b/e/behnamie/ecDNA_Data/bioimage_archive/roi_mask/ncih2170_facs_fish_0723_low_her2_108.png,/work/users/b/e/behnamie/ecDNA_Data/bioimage_archive/gt_image/ncih2170_facs_fish_0723_low_her2_108.tif
ncih2170_facs_fish_0723_low_her2_112,NCI-H2170,train,train,True,True,False,False,1,rgb/ncih2170_facs_fish_0723_low_her2_112.tif,dapi/ncih2170_facs_fish_0723_low_her2_112.tif,roi_mask/ncih2170_facs_fish_0723_low_her2_112.png,gt_image/ncih2170_facs_fish_0723_low_her2_112.tif,,98,98,True,True,True,True,ncih2170_facs_fish_0723_low_her2_112.tif,ncih2170_facs_fish_0723_low_her2_112.tif,ncih2170_facs_fish_0723_low_her2_112.png,ncih2170_facs_fish_0723_low_her2_112.tif,,/work/users/b/e/behnamie/ecDNA_Data/bioimage_archive/rgb/ncih2170_facs_fish_0723_low_her2_112.tif,/work/users/b/e/behnamie/ecDNA_Data/bioimage_archive/dapi/ncih2170_facs_fish_0723_low_her2_112.tif,/work/users/b/e/behnamie/ecDNA_Data/bioimage_archive/roi_mask/ncih2170_facs_fish_0723_low_her2_112.png,/work/users/b/e/behnamie/ecDNA_Data/bioimage_archive/gt_image/ncih2170_facs_fish_0723_low_her2_112.tif
ncih2170_facs_fish_0723_low_her2_118,NCI-H2170,train,train,True,True,False,False,1,rgb/ncih2170_facs_fish_0723_low_her2_118.tif,dapi/ncih2170_facs_fish_0723_low_her2_118.tif,roi_mask/ncih2170_facs_fish_0723_low_her2_118.png,gt_image/ncih2170_facs_fish_0723_low_her2_118.tif,,93,94,True,True,True,True,ncih2170_facs_fish_0723_low_her2_118.tif,ncih2170_facs_fish_0723_low_her2_118.tif,ncih2170_facs_fish_0723_low_her2_118.png,ncih2170_facs_fish_0723_low_her2_118.tif,,/work/users/b/e/behnamie/ecDNA_Data/bioimage_archive/rgb/ncih2170_facs_fish_0723_low_her2_118.tif,/work/users/b/e/behnamie/ecDNA_Data/bioimage_archive/dapi/ncih2170_facs_fish_0723_low_her2_118.tif,/work/users/b/e/behnamie/ecDNA_Data/bioimage_archive/roi_mask/ncih2170_facs_fish_0723_low_her2_118.png,/work/users/b/e/behnamie/ecDNA_Data/bioimage_archive/gt_image/ncih2170_facs_fish_0723_low_her2_118.tif
ncih2170_facs_fish_0723_low_her2_124,NCI-H2170,train,train,True,True,False,False,1,rgb/ncih2170_facs_fish_0723_low_her2_124.tif,dapi/ncih2170_facs_fish_0723_low_her2_124.tif,roi_mask/ncih2170_facs_fish_0723_low_her2_124.png,gt_image/ncih2170_facs_fish_0723_low_her2_124.tif,,152,153,True,True,True,True,ncih2170_facs_fish_0723_low_her2_124.tif,ncih2170_facs_fish_0723_low_her2_124.tif,ncih2170_facs_fish_0723_low_her2_124.png,ncih2170_facs_fish_0723_low_her2_124.tif,,/work/users/b/e/behnamie/ecDNA_Data/bioimage_archive/rgb/ncih2170_facs_fish_0723_low_her2_124.tif,/work/users/b/e/behnamie/ecDNA_Data/bioimage_archive/dapi/ncih2170_facs_fish_0723_low_her2_124.tif,/work/users/b/e/behnamie/ecDNA_Data/bioimage_archive/roi_mask/ncih2170_facs_fish_0723_low_her2_124.png,/work/users/b/e/behnamie/ecDNA_Data/bioimage_archive/gt_image/ncih2170_facs_fish_0723_low_her2_124.tif
ncih2170_facs_fish_0723_low_her2_125,NCI-H2170,train,train,True,True,False,False,1,rgb/ncih2170_facs_fish_0723_low_her2_125.tif,dapi/ncih2170_facs_fish_0723_low_her2_125.tif,roi_mask/ncih2170_facs_fish_0723_low_her2_125.png,gt_image/ncih2170_facs_fish_0723_low_her2_125.tif,,73,75,True,True,True,True,ncih2170_facs_fish_0723_low_her2_125.tif,ncih2170_facs_fish_0723_low_her2_125.tif,ncih2170_facs_fish_0723_low_her2_125.png,ncih2170_facs_fish_0723_low_her2_125.tif,,/work/users/b/e/behnamie/ecDNA_Data/bioimage_archive/rgb/ncih2170_facs_fish_0723_low_her2_125.tif,/work/users/b/e/behnamie/ecDNA_Data/bioimage_archive/dapi/ncih2170_facs_fish_0723_low_her2_125.tif,/work/users/b/e/behnamie/ecDNA_Data/bioimage_archive/roi_mask/ncih2170_facs_fish_0723_low_her2_125.png,/work/users/b/e/behnamie/ecDNA_Data/bioimage_archive/gt_image/ncih2170_facs_fish_0723_low_her2_125.tif
ncih2170_facs_fish_0723_low_her2_126,NCI-H2170,train,train,True,True,False,False,1,rgb/ncih2170_facs_fish_0723_low_her2_126.tif,dapi/ncih2170_facs_fish_0723_low_her2_126.tif,roi_mask/ncih2170_facs_fish_0723_low_her2_126.png,gt_image/ncih2170_facs_fish_0723_low_her2_126.tif,,124,124,True,True,True,True,ncih2170_facs_fish_0723_low_her2_126.tif,ncih2170_facs_fish_0723_low_her2_126.tif,ncih2170_facs_fish_0723_low_her2_126.png,ncih2170_facs_fish_0723_low_her2_126.tif,,/work/users/b/e/behnamie/ecDNA_Data/bioimage_archive/rgb/ncih2170_facs_fish_0723_low_her2_126.tif,/work/users/b/e/behnamie/ecDNA_Data/bioimage_archive/dapi/ncih2170_facs_fish_0723_low_her2_126.tif,/work/users/b/e/behnamie/ecDNA_Data/bioimage_archive/roi_mask/ncih2170_facs_fish_0723_low_her2_126.png,/work/users/b/e/behnamie/ecDNA_Data/bioimage_archive/gt_image/ncih2170_facs_fish_0723_low_her2_126.tif
ncih2170_facs_fish_0723_low_her2_13,NCI-H2170,train,train,True,True,False,False,1,rgb/ncih2170_facs_fish_0723_low_her2_13.tif,dapi/ncih2170_facs_fish_0723_low_her2_13.tif,roi_mask/ncih2170_facs_fish_0723_low_her2_13.png,gt_image/ncih2170_facs_fish_0723_low_her2_13.tif,,82,82,True,True,True,True,ncih2170_facs_fish_0723_low_her2_13.tif,ncih2170_facs_fish_0723_low_her2_13.tif,ncih2170_facs_fish_0723_low_her2_13.png,ncih2170_facs_fish_0723_low_her2_13.tif,,/work/users/b/e/behnamie/ecDNA_Data/bioimage_archive/rgb/ncih2170_facs_fish_0723_low_her2_13.tif,/work/users/b/e/behnamie/ecDNA_Data/bioimage_archive/dapi/ncih2170_facs_fish_0723_low_her2_13.tif,/work/users/b/e/behnamie/ecDNA_Data/bioimage_archive/roi_mask/ncih2170_facs_fish_0723_low_her2_13.png,/work/users/b/e/behnamie/ecDNA_Data/bioimage_archive/gt_image/ncih2170_facs_fish_0723_low_her2_13.tif
ncih2170_facs_fish_0723_low_her2_15,NCI-H2170,train,train,True,True,False,False,1,rgb/ncih2170_facs_fish_0723_low_her2_15.tif,dapi/ncih2170_facs_fish_0723_low_her2_15.tif,roi_mask/ncih2170_facs_fish_0723_low_her2_15.png,gt_image/ncih2170_facs_fish_0723_low_her2_15.tif,,132,132,True,True,True,True,ncih2170_facs_fish_0723_low_her2_15.tif,ncih2170_facs_fish_0723_low_her2_15.tif,ncih2170_facs_fish_0723_low_her2_15.png,ncih2170_facs_fish_0723_low_her2_15.tif,,/work/users/b/e/behnamie/ecDNA_Data/bioimage_archive/rgb/ncih2170_facs_fish_0723_low_her2_15.tif,/work/users/b/e/behnamie/ecDNA_Data/bioimage_archive/dapi/ncih2170_facs_fish_0723_low_her2_15.tif,/work/users/b/e/behnamie/ecDNA_Data/bioimage_archive/roi_mask/ncih2170_facs_fish_0723_low_her2_15.png,/work/users/b/e/behnamie/ecDNA_Data/bioimage_archive/gt_image/ncih2170_facs_fish_0723_low_her2_15.tif
ncih2170_facs_fish_0723_low_her2_20,NCI-H2170,train,train,True,True,False,False,1,rgb/ncih2170_facs_fish_0723_low_her2_20.tif,dapi/ncih2170_facs_fish_0723_low_her2_20.tif,roi_mask/ncih2170_facs_fish_0723_low_her2_20.png,gt_image/ncih2170_facs_fish_0723_low_her2_20.tif,,183,183,True,True,True,True,ncih2170_facs_fish_0723_low_her2_20.tif,ncih2170_facs_fish_0723_low_her2_20.tif,ncih2170_facs_fish_0723_low_her2_20.png,ncih2170_facs_fish_0723_low_her2_20.tif,,/work/users/b/e/behnamie/ecDNA_Data/bioimage_archive/rgb/ncih2170_facs_fish_0723_low_her2_20.tif,/work/users/b/e/behnamie/ecDNA_Data/bioimage_archive/dapi/ncih2170_facs_fish_0723_low_her2_20.tif,/work/users/b/e/behnamie/ecDNA_Data/bioimage_archive/roi_mask/ncih2170_facs_fish_0723_low_her2_20.png,/work/users/b/e/behnamie/ecDNA_Data/bioimage_archive/gt_image/ncih2170_facs_fish_0723_low_her2_20.tif
ncih2170_facs_fish_0723_low_her2_21,NCI-H2170,train,train,True,True,False,False,1,rgb/ncih2170_facs_fish_0723_low_her2_21.tif,dapi/ncih2170_facs_fish_0723_low_her2_21.tif,roi_mask/ncih2170_facs_fish_0723_low_her2_21.png,gt_image/ncih2170_facs_fish_0723_low_her2_21.tif,,260,260,True,True,True,True,ncih2170_facs_fish_0723_low_her2_21.tif,ncih2170_facs_fish_0723_low_her2_21.tif,ncih2170_facs_fish_0723_low_her2_21.png,ncih2170_facs_fish_0723_low_her2_21.tif,,/work/users/b/e/behnamie/ecDNA_Data/bioimage_archive/rgb/ncih2170_facs_fish_0723_low_her2_21.tif,/work/users/b/e/behnamie/ecDNA_Data/bioimage_archive/dapi/ncih2170_facs_fish_0723_low_her2_21.tif,/work/users/b/e/behnamie/ecDNA_Data/bioimage_archive/roi_mask/ncih2170_facs_fish_0723_low_her2_21.png,/work/users/b/e/behnamie/ecDNA_Data/bioimage_archive/gt_image/ncih2170_facs_fish_0723_low_her2_21.tif
ncih2170_facs_fish_0723_low_her2_25,NCI-H2170,train,train,True,True,False,False,1,rgb/ncih2170_facs_fish_0723_low_her2_25.tif,dapi/ncih2170_facs_fish_0723_low_her2_25.tif,roi_mask/ncih2170_facs_fish_0723_low_her2_25.png,gt_image/ncih2170_facs_fish_0723_low_her2_25.tif,,54,54,True,True,True,True,ncih2170_facs_fish_0723_low_her2_25.tif,ncih2170_facs_fish_0723_low_her2_25.tif,ncih2170_facs_fish_0723_low_her2_25.png,ncih2170_facs_fish_0723_low_her2_25.tif,,/work/users/b/e/behnamie/ecDNA_Data/bioimage_archive/rgb/ncih2170_facs_fish_0723_low_her2_25.tif,/work/users/b/e/behnamie/ecDNA_Data/bioimage_archive/dapi/ncih2170_facs_fish_0723_low_her2_25.tif,/work/users/b/e/behnamie/ecDNA_Data/bioimage_archive/roi_mask/ncih2170_facs_fish_0723_low_her2_25.png,/work/users/b/e/behnamie/ecDNA_Data/bioimage_archive/gt_image/ncih2170_facs_fish_0723_low_her2_25.tif
ncih2170_facs_fish_0723_low_her2_3,NCI-H2170,train,train,True,True,False,False,1,rgb/ncih2170_facs_fish_0723_low_her2_3.tif,dapi/ncih2170_facs_fish_0723_low_her2_3.tif,roi_mask/ncih2170_facs_fish_0723_low_her2_3.png,gt_image/ncih2170_facs_fish_0723_low_her2_3.tif,,124,124,True,True,True,True,ncih2170_facs_fish_0723_low_her2_3.tif,ncih2170_facs_fish_0723_low_her2_3.tif,ncih2170_facs_fish_0723_low_her2_3.png,ncih2170_facs_fish_0723_low_her2_3.tif,,/work/users/b/e/behnamie/ecDNA_Data/bioimage_archive/rgb/ncih2170_facs_fish_0723_low_her2_3.tif,/work/users/b/e/behnamie/ecDNA_Data/bioimage_archive/dapi/ncih2170_facs_fish_0723_low_her2_3.tif,/work/users/b/e/behnamie/ecDNA_Data/bioimage_archive/roi_mask/ncih2170_facs_fish_0723_low_her2_3.png,/work/users/b/e/behnamie/ecDNA_Data/bioimage_archive/gt_image/ncih2170_facs_fish_0723_low_her2_3.tif
ncih2170_facs_fish_0723_low_her2_32,NCI-H2170,train,train,True,True,False,False,1,rgb/ncih2170_facs_fish_0723_low_her2_32.tif,dapi/ncih2170_facs_fish_0723_low_her2_32.tif,roi_mask/ncih2170_facs_fish_0723_low_her2_32.png,gt_image/ncih2170_facs_fish_0723_low_her2_32.tif,,78,78,True,True,True,True,ncih2170_facs_fish_0723_low_her2_32.tif,ncih2170_facs_fish_0723_low_her2_32.tif,ncih2170_facs_fish_0723_low_her2_32.png,ncih2170_facs_fish_0723_low_her2_32.tif,,/work/users/b/e/behnamie/ecDNA_Data/bioimage_archive/rgb/ncih2170_facs_fish_0723_low_her2_32.tif,/work/users/b/e/behnamie/ecDNA_Data/bioimage_archive/dapi/ncih2170_facs_fish_0723_low_her2_32.tif,/work/users/b/e/behnamie/ecDNA_Data/bioimage_archive/roi_mask/ncih2170_facs_fish_0723_low_her2_32.png,/work/users/b/e/behnamie/ecDNA_Data/bioimage_archive/gt_image/ncih2170_facs_fish_0723_low_her2_32.tif
ncih2170_facs_fish_0723_low_her2_34,NCI-H2170,train,train,True,True,False,False,1,rgb/ncih2170_facs_fish_0723_low_her2_34.tif,dapi/ncih2170_facs_fish_0723_low_her2_34.tif,roi_mask/ncih2170_facs_fish_0723_low_her2_34.png,gt_image/ncih2170_facs_fish_0723_low_her2_34.tif,,72,72,True,True,True,True,ncih2170_facs_fish_0723_low_her2_34.tif,ncih2170_facs_fish_0723_low_her2_34.tif,ncih2170_facs_fish_0723_low_her2_34.png,ncih2170_facs_fish_0723_low_her2_34.tif,,/work/users/b/e/behnamie/ecDNA_Data/bioimage_archive/rgb/ncih2170_facs_fish_0723_low_her2_34.tif,/work/users/b/e/behnamie/ecDNA_Data/bioimage_archive/dapi/ncih2170_facs_fish_0723_low_her2_34.tif,/work/users/b/e/behnamie/ecDNA_Data/bioimage_archive/roi_mask/ncih2170_facs_fish_0723_low_her2_34.png,/work/users/b/e/behnamie/ecDNA_Data/bioimage_archive/gt_image/ncih2170_facs_fish_0723_low_her2_34.tif
ncih2170_facs_fish_0723_low_her2_38,NCI-H2170,train,train,True,True,False,False,1,rgb/ncih2170_facs_fish_0723_low_her2_38.tif,dapi/ncih2170_facs_fish_0723_low_her2_38.tif,roi_mask/ncih2170_facs_fish_0723_low_her2_38.png,gt_image/ncih2170_facs_fish_0723_low_her2_38.tif,,86,86,True,True,True,True,ncih2170_facs_fish_0723_low_her2_38.tif,ncih2170_facs_fish_0723_low_her2_38.tif,ncih2170_facs_fish_0723_low_her2_38.png,ncih2170_facs_fish_0723_low_her2_38.tif,,/work/users/b/e/behnamie/ecDNA_Data/bioimage_archive/rgb/ncih2170_facs_fish_0723_low_her2_38.tif,/work/users/b/e/behnamie/ecDNA_Data/bioimage_archive/dapi/ncih2170_facs_fish_0723_low_her2_38.tif,/work/users/b/e/behnamie/ecDNA_Data/bioimage_archive/roi_mask/ncih2170_facs_fish_0723_low_her2_38.png,/work/users/b/e/behnamie/ecDNA_Data/bioimage_archive/gt_image/ncih2170_facs_fish_0723_low_her2_38.tif
ncih2170_facs_fish_0723_low_her2_39,NCI-H2170,train,train,True,True,False,False,1,rgb/ncih2170_facs_fish_0723_low_her2_39.tif,dapi/ncih2170_facs_fish_0723_low_her2_39.tif,roi_mask/ncih2170_facs_fish_0723_low_her2_39.png,gt_image/ncih2170_facs_fish_0723_low_her2_39.tif,,100,100,True,True,True,True,ncih2170_facs_fish_0723_low_her2_39.tif,ncih2170_facs_fish_0723_low_her2_39.tif,ncih2170_facs_fish_0723_low_her2_39.png,ncih2170_facs_fish_0723_low_her2_39.tif,,/work/users/b/e/behnamie/ecDNA_Data/bioimage_archive/rgb/ncih2170_facs_fish_0723_low_her2_39.tif,/work/users/b/e/behnamie/ecDNA_Data/bioimage_archive/dapi/ncih2170_facs_fish_0723_low_her2_39.tif,/work/users/b/e/behnamie/ecDNA_Data/bioimage_archive/roi_mask/ncih2170_facs_fish_0723_low_her2_39.png,/work/users/b/e/behnamie/ecDNA_Data/bioimage_archive/gt_image/ncih2170_facs_fish_0723_low_her2_39.tif
ncih2170_facs_fish_0723_low_her2_40,NCI-H2170,train,train,True,True,False,False,1,rgb/ncih2170_facs_fish_0723_low_her2_40.tif,dapi/ncih2170_facs_fish_0723_low_her2_40.tif,roi_mask/ncih2170_facs_fish_0723_low_her2_40.png,gt_image/ncih2170_facs_fish_0723_low_her2_40.tif,,97,97,True,True,True,True,ncih2170_facs_fish_0723_low_her2_40.tif,ncih2170_facs_fish_0723_low_her2_40.tif,ncih2170_facs_fish_0723_low_her2_40.png,ncih2170_facs_fish_0723_low_her2_40.tif,,/work/users/b/e/behnamie/ecDNA_Data/bioimage_archive/rgb/ncih2170_facs_fish_0723_low_her2_40.tif,/work/users/b/e/behnamie/ecDNA_Data/bioimage_archive/dapi/ncih2170_facs_fish_0723_low_her2_40.tif,/work/users/b/e/behnamie/ecDNA_Data/bioimage_archive/roi_mask/ncih2170_facs_fish_0723_low_her2_40.png,/work/users/b/e/behnamie/ecDNA_Data/bioimage_archive/gt_image/ncih2170_facs_fish_0723_low_her2_40.tif
ncih2170_facs_fish_0723_low_her2_42,NCI-H2170,train,train,True,True,False,False,1,rgb/ncih2170_facs_fish_0723_low_her2_42.tif,dapi/ncih2170_facs_fish_0723_low_her2_42.tif,roi_mask/ncih2170_facs_fish_0723_low_her2_42.png,gt_image/ncih2170_facs_fish_0723_low_her2_42.tif,,122,122,True,True,True,True,ncih2170_facs_fish_0723_low_her2_42.tif,ncih2170_facs_fish_0723_low_her2_42.tif,ncih2170_facs_fish_0723_low_her2_42.png,ncih2170_facs_fish_0723_low_her2_42.tif,,/work/users/b/e/behnamie/ecDNA_Data/bioimage_archive/rgb/ncih2170_facs_fish_0723_low_her2_42.tif,/work/users/b/e/behnamie/ecDNA_Data/bioimage_archive/dapi/ncih2170_facs_fish_0723_low_her2_42.tif,/work/users/b/e/behnamie/ecDNA_Data/bioimage_archive/roi_mask/ncih2170_facs_fish_0723_low_her2_42.png,/work/users/b/e/behnamie/ecDNA_Data/bioimage_archive/gt_image/ncih2170_facs_fish_0723_low_her2_42.tif
ncih2170_facs_fish_0723_low_her2_43,NCI-H2170,train,train,True,True,False,False,1,rgb/ncih2170_facs_fish_0723_low_her2_43.tif,dapi/ncih2170_facs_fish_0723_low_her2_43.tif,roi_mask/ncih2170_facs_fish_0723_low_her2_43.png,gt_image/ncih2170_facs_fish_0723_low_her2_43.tif,,71,71,True,True,True,True,ncih2170_facs_fish_0723_low_her2_43.tif,ncih2170_facs_fish_0723_low_her2_43.tif,ncih2170_facs_fish_0723_low_her2_43.png,ncih2170_facs_fish_0723_low_her2_43.tif,,/work/users/b/e/behnamie/ecDNA_Data/bioimage_archive/rgb/ncih2170_facs_fish_0723_low_her2_43.tif,/work/users/b/e/behnamie/ecDNA_Data/bioimage_archive/dapi/ncih2170_facs_fish_0723_low_her2_43.tif,/work/users/b/e/behnamie/ecDNA_Data/bioimage_archive/roi_mask/ncih2170_facs_fish_0723_low_her2_43.png,/work/users/b/e/behnamie/ecDNA_Data/bioimage_archive/gt_image/ncih2170_facs_fish_0723_low_her2_43.tif
ncih2170_facs_fish_0723_low_her2_44,NCI-H2170,train,train,True,True,False,False,1,rgb/ncih2170_facs_fish_0723_low_her2_44.tif,dapi/ncih2170_facs_fish_0723_low_her2_44.tif,roi_mask/ncih2170_facs_fish_0723_low_her2_44.png,gt_image/ncih2170_facs_fish_0723_low_her2_44.tif,,162,162,True,True,True,True,ncih2170_facs_fish_0723_low_her2_44.tif,ncih2170_facs_fish_0723_low_her2_44.tif,ncih2170_facs_fish_0723_low_her2_44.png,ncih2170_facs_fish_0723_low_her2_44.tif,,/work/users/b/e/behnamie/ecDNA_Data/bioimage_archive/rgb/ncih2170_facs_fish_0723_low_her2_44.tif,/work/users/b/e/behnamie/ecDNA_Data/bioimage_archive/dapi/ncih2170_facs_fish_0723_low_her2_44.tif,/work/users/b/e/behnamie/ecDNA_Data/bioimage_archive/roi_mask/ncih2170_facs_fish_0723_low_her2_44.png,/work/users/b/e/behnamie/ecDNA_Data/bioimage_archive/gt_image/ncih2170_facs_fish_0723_low_her2_44.tif
ncih2170_facs_fish_0723_low_her2_51,NCI-H2170,train,train,True,True,False,False,1,rgb/ncih2170_facs_fish_0723_low_her2_51.tif,dapi/ncih2170_facs_fish_0723_low_her2_51.tif,roi_mask/ncih2170_facs_fish_0723_low_her2_51.png,gt_image/ncih2170_facs_fish_0723_low_her2_51.tif,,106,106,True,True,True,True,ncih2170_facs_fish_0723_low_her2_51.tif,ncih2170_facs_fish_0723_low_her2_51.tif,ncih2170_facs_fish_0723_low_her2_51.png,ncih2170_facs_fish_0723_low_her2_51.tif,,/work/users/b/e/behnamie/ecDNA_Data/bioimage_archive/rgb/ncih2170_facs_fish_0723_low_her2_51.tif,/work/users/b/e/behnamie/ecDNA_Data/bioimage_archive/dapi/ncih2170_facs_fish_0723_low_her2_51.tif,/work/users/b/e/behnamie/ecDNA_Data/bioimage_archive/roi_mask/ncih2170_facs_fish_0723_low_her2_51.png,/work/users/b/e/behnamie/ecDNA_Data/bioimage_archive/gt_image/ncih2170_facs_fish_0723_low_her2_51.tif
ncih2170_facs_fish_0723_low_her2_53,NCI-H2170,train,train,True,True,False,False,1,rgb/ncih2170_facs_fish_0723_low_her2_53.tif,dapi/ncih2170_facs_fish_0723_low_her2_53.tif,roi_mask/ncih2170_facs_fish_0723_low_her2_53.png,gt_image/ncih2170_facs_fish_0723_low_her2_53.tif,,105,105,True,True,True,True,ncih2170_facs_fish_0723_low_her2_53.tif,ncih2170_facs_fish_0723_low_her2_53.tif,ncih2170_facs_fish_0723_low_her2_53.png,ncih2170_facs_fish_0723_low_her2_53.tif,,/work/users/b/e/behnamie/ecDNA_Data/bioimage_archive/rgb/ncih2170_facs_fish_0723_low_her2_53.tif,/work/users/b/e/behnamie/ecDNA_Data/bioimage_archive/dapi/ncih2170_facs_fish_0723_low_her2_53.tif,/work/users/b/e/behnamie/ecDNA_Data/bioimage_archive/roi_mask/ncih2170_facs_fish_0723_low_her2_53.png,/work/users/b/e/behnamie/ecDNA_Data/bioimage_archive/gt_image/ncih2170_facs_fish_0723_low_her2_53.tif
ncih2170_facs_fish_0723_low_her2_54,NCI-H2170,train,train,True,True,False,False,1,rgb/ncih2170_facs_fish_0723_low_her2_54.tif,dapi/ncih2170_facs_fish_0723_low_her2_54.tif,roi_mask/ncih2170_facs_fish_0723_low_her2_54.png,gt_image/ncih2170_facs_fish_0723_low_her2_54.tif,,106,106,True,True,True,True,ncih2170_facs_fish_0723_low_her2_54.tif,ncih2170_facs_fish_0723_low_her2_54.tif,ncih2170_facs_fish_0723_low_her2_54.png,ncih2170_facs_fish_0723_low_her2_54.tif,,/work/users/b/e/behnamie/ecDNA_Data/bioimage_archive/rgb/ncih2170_facs_fish_0723_low_her2_54.tif,/work/users/b/e/behnamie/ecDNA_Data/bioimage_archive/dapi/ncih2170_facs_fish_0723_low_her2_54.tif,/work/users/b/e/behnamie/ecDNA_Data/bioimage_archive/roi_mask/ncih2170_facs_fish_0723_low_her2_54.png,/work/users/b/e/behnamie/ecDNA_Data/bioimage_archive/gt_image/ncih2170_facs_fish_0723_low_her2_54.tif
ncih2170_facs_fish_0723_low_her2_57,NCI-H2170,train,train,True,True,False,False,1,rgb/ncih2170_facs_fish_0723_low_her2_57.tif,dapi/ncih2170_facs_fish_0723_low_her2_57.tif,roi_mask/ncih2170_facs_fish_0723_low_her2_57.png,gt_image/ncih2170_facs_fish_0723_low_her2_57.tif,,236,237,True,True,True,True,ncih2170_facs_fish_0723_low_her2_57.tif,ncih2170_facs_fish_0723_low_her2_57.tif,ncih2170_facs_fish_0723_low_her2_57.png,ncih2170_facs_fish_0723_low_her2_57.tif,,/work/users/b/e/behnamie/ecDNA_Data/bioimage_archive/rgb/ncih2170_facs_fish_0723_low_her2_57.tif,/work/users/b/e/behnamie/ecDNA_Data/bioimage_archive/dapi/ncih2170_facs_fish_0723_low_her2_57.tif,/work/users/b/e/behnamie/ecDNA_Data/bioimage_archive/roi_mask/ncih2170_facs_fish_0723_low_her2_57.png,/work/users/b/e/behnamie/ecDNA_Data/bioimage_archive/gt_image/ncih2170_facs_fish_0723_low_her2_57.tif
ncih2170_facs_fish_0723_low_her2_6,NCI-H2170,train,train,True,True,False,False,1,rgb/ncih2170_facs_fish_0723_low_her2_6.tif,dapi/ncih2170_facs_fish_0723_low_her2_6.tif,roi_mask/ncih2170_facs_fish_0723_low_her2_6.png,gt_image/ncih2170_facs_fish_0723_low_her2_6.tif,,66,66,True,True,True,True,ncih2170_facs_fish_0723_low_her2_6.tif,ncih2170_facs_fish_0723_low_her2_6.tif,ncih2170_facs_fish_0723_low_her2_6.png,ncih2170_facs_fish_0723_low_her2_6.tif,,/work/users/b/e/behnamie/ecDNA_Data/bioimage_archive/rgb/ncih2170_facs_fish_0723_low_her2_6.tif,/work/users/b/e/behnamie/ecDNA_Data/bioimage_archive/dapi/ncih2170_facs_fish_0723_low_her2_6.tif,/work/users/b/e/behnamie/ecDNA_Data/bioimage_archive/roi_mask/ncih2170_facs_fish_0723_low_her2_6.png,/work/users/b/e/behnamie/ecDNA_Data/bioimage_archive/gt_image/ncih2170_facs_fish_0723_low_her2_6.tif
ncih2170_facs_fish_0723_low_her2_62,NCI-H2170,train,train,True,True,False,False,1,rgb/ncih2170_facs_fish_0723_low_her2_62.tif,dapi/ncih2170_facs_fish_0723_low_her2_62.tif,roi_mask/ncih2170_facs_fish_0723_low_her2_62.png,gt_image/ncih2170_facs_fish_0723_low_her2_62.tif,,53,53,True,True,True,True,ncih2170_facs_fish_0723_low_her2_62.tif,ncih2170_facs_fish_0723_low_her2_62.tif,ncih2170_facs_fish_0723_low_her2_62.png,ncih2170_facs_fish_0723_low_her2_62.tif,,/work/users/b/e/behnamie/ecDNA_Data/bioimage_archive/rgb/ncih2170_facs_fish_0723_low_her2_62.tif,/work/users/b/e/behnamie/ecDNA_Data/bioimage_archive/dapi/ncih2170_facs_fish_0723_low_her2_62.tif,/work/users/b/e/behnamie/ecDNA_Data/bioimage_archive/roi_mask/ncih2170_facs_fish_0723_low_her2_62.png,/work/users/b/e/behnamie/ecDNA_Data/bioimage_archive/gt_image/ncih2170_facs_fish_0723_low_her2_62.tif
ncih2170_facs_fish_0723_low_her2_68,NCI-H2170,train,train,True,True,False,False,1,rgb/ncih2170_facs_fish_0723_low_her2_68.tif,dapi/ncih2170_facs_fish_0723_low_her2_68.tif,roi_mask/ncih2170_facs_fish_0723_low_her2_68.png,gt_image/ncih2170_facs_fish_0723_low_her2_68.tif,,32,32,True,True,True,True,ncih2170_facs_fish_0723_low_her2_68.tif,ncih2170_facs_fish_0723_low_her2_68.tif,ncih2170_facs_fish_0723_low_her2_68.png,ncih2170_facs_fish_0723_low_her2_68.tif,,/work/users/b/e/behnamie/ecDNA_Data/bioimage_archive/rgb/ncih2170_facs_fish_0723_low_her2_68.tif,/work/users/b/e/behnamie/ecDNA_Data/bioimage_archive/dapi/ncih2170_facs_fish_0723_low_her2_68.tif,/work/users/b/e/behnamie/ecDNA_Data/bioimage_archive/roi_mask/ncih2170_facs_fish_0723_low_her2_68.png,/work/users/b/e/behnamie/ecDNA_Data/bioimage_archive/gt_image/ncih2170_facs_fish_0723_low_her2_68.tif
ncih2170_facs_fish_0723_low_her2_70,NCI-H2170,train,train,True,True,False,False,1,rgb/ncih2170_facs_fish_0723_low_her2_70.tif,dapi/ncih2170_facs_fish_0723_low_her2_70.tif,roi_mask/ncih2170_facs_fish_0723_low_her2_70.png,gt_image/ncih2170_facs_fish_0723_low_her2_70.tif,,115,119,True,True,True,True,ncih2170_facs_fish_0723_low_her2_70.tif,ncih2170_facs_fish_0723_low_her2_70.tif,ncih2170_facs_fish_0723_low_her2_70.png,ncih2170_facs_fish_0723_low_her2_70.tif,,/work/users/b/e/behnamie/ecDNA_Data/bioimage_archive/rgb/ncih2170_facs_fish_0723_low_her2_70.tif,/work/users/b/e/behnamie/ecDNA_Data/bioimage_archive/dapi/ncih2170_facs_fish_0723_low_her2_70.tif,/work/users/b/e/behnamie/ecDNA_Data/bioimage_archive/roi_mask/ncih2170_facs_fish_0723_low_her2_70.png,/work/users/b/e/behnamie/ecDNA_Data/bioimage_archive/gt_image/ncih2170_facs_fish_0723_low_her2_70.tif
ncih2170_facs_fish_0723_low_her2_75,NCI-H2170,train,train,True,True,False,False,1,rgb/ncih2170_facs_fish_0723_low_her2_75.tif,dapi/ncih2170_facs_fish_0723_low_her2_75.tif,roi_mask/ncih2170_facs_fish_0723_low_her2_75.png,gt_image/ncih2170_facs_fish_0723_low_her2_75.tif,,43,43,True,True,True,True,ncih2170_facs_fish_0723_low_her2_75.tif,ncih2170_facs_fish_0723_low_her2_75.tif,ncih2170_facs_fish_0723_low_her2_75.png,ncih2170_facs_fish_0723_low_her2_75.tif,,/work/users/b/e/behnamie/ecDNA_Data/bioimage_archive/rgb/ncih2170_facs_fish_0723_low_her2_75.tif,/work/users/b/e/behnamie/ecDNA_Data/bioimage_archive/dapi/ncih2170_facs_fish_0723_low_her2_75.tif,/work/users/b/e/behnamie/ecDNA_Data/bioimage_archive/roi_mask/ncih2170_facs_fish_0723_low_her2_75.png,/work/users/b/e/behnamie/ecDNA_Data/bioimage_archive/gt_image/ncih2170_facs_fish_0723_low_her2_75.tif
ncih2170_facs_fish_0723_low_her2_83,NCI-H2170,train,train,True,True,False,False,1,rgb/ncih2170_facs_fish_0723_low_her2_83.tif,dapi/ncih2170_facs_fish_0723_low_her2_83.tif,roi_mask/ncih2170_facs_fish_0723_low_her2_83.png,gt_image/ncih2170_facs_fish_0723_low_her2_83.tif,,78,79,True,True,True,True,ncih2170_facs_fish_0723_low_her2_83.tif,ncih2170_facs_fish_0723_low_her2_83.tif,ncih2170_facs_fish_0723_low_her2_83.png,ncih2170_facs_fish_0723_low_her2_83.tif,,/work/users/b/e/behnamie/ecDNA_Data/bioimage_archive/rgb/ncih2170_facs_fish_0723_low_her2_83.tif,/work/users/b/e/behnamie/ecDNA_Data/bioimage_archive/dapi/ncih2170_facs_fish_0723_low_her2_83.tif,/work/users/b/e/behnamie/ecDNA_Data/bioimage_archive/roi_mask/ncih2170_facs_fish_0723_low_her2_83.png,/work/users/b/e/behnamie/ecDNA_Data/bioimage_archive/gt_image/ncih2170_facs_fish_0723_low_her2_83.tif
ncih2170_facs_fish_0723_low_her2_87,NCI-H2170,train,train,True,True,False,False,1,rgb/ncih2170_facs_fish_0723_low_her2_87.tif,dapi/ncih2170_facs_fish_0723_low_her2_87.tif,roi_mask/ncih2170_facs_fish_0723_low_her2_87.png,gt_image/ncih2170_facs_fish_0723_low_her2_87.tif,,64,66,True,True,True,True,ncih2170_facs_fish_0723_low_her2_87.tif,ncih2170_facs_fish_0723_low_her2_87.tif,ncih2170_facs_fish_0723_low_her2_87.png,ncih2170_facs_fish_0723_low_her2_87.tif,,/work/users/b/e/behnamie/ecDNA_Data/bioimage_archive/rgb/ncih2170_facs_fish_0723_low_her2_87.tif,/work/users/b/e/behnamie/ecDNA_Data/bioimage_archive/dapi/ncih2170_facs_fish_0723_low_her2_87.tif,/work/users/b/e/behnamie/ecDNA_Data/bioimage_archive/roi_mask/ncih2170_facs_fish_0723_low_her2_87.png,/work/users/b/e/behnamie/ecDNA_Data/bioimage_archive/gt_image/ncih2170_facs_fish_0723_low_her2_87.tif
ncih2170_facs_fish_0723_low_her2_88,NCI-H2170,train,train,True,True,False,False,1,rgb/ncih2170_facs_fish_0723_low_her2_88.tif,dapi/ncih2170_facs_fish_0723_low_her2_88.tif,roi_mask/ncih2170_facs_fish_0723_low_her2_88.png,gt_image/ncih2170_facs_fish_0723_low_her2_88.tif,,46,46,True,True,True,True,ncih2170_facs_fish_0723_low_her2_88.tif,ncih2170_facs_fish_0723_low_her2_88.tif,ncih2170_facs_fish_0723_low_her2_88.png,ncih2170_facs_fish_0723_low_her2_88.tif,,/work/users/b/e/behnamie/ecDNA_Data/bioimage_archive/rgb/ncih2170_facs_fish_0723_low_her2_88.tif,/work/users/b/e/behnamie/ecDNA_Data/bioimage_archive/dapi/ncih2170_facs_fish_0723_low_her2_88.tif,/work/users/b/e/behnamie/ecDNA_Data/bioimage_archive/roi_mask/ncih2170_facs_fish_0723_low_her2_88.png,/work/users/b/e/behnamie/ecDNA_Data/bioimage_archive/gt_image/ncih2170_facs_fish_0723_low_her2_88.tif
ncih2170_facs_fish_0723_low_her2_89,NCI-H2170,train,train,True,True,False,False,1,rgb/ncih2170_facs_fish_0723_low_her2_89.tif,dapi/ncih2170_facs_fish_0723_low_her2_89.tif,roi_mask/ncih2170_facs_fish_0723_low_her2_89.png,gt_image/ncih2170_facs_fish_0723_low_her2_89.tif,,79,79,True,True,True,True,ncih2170_facs_fish_0723_low_her2_89.tif,ncih2170_facs_fish_0723_low_her2_89.tif,ncih2170_facs_fish_0723_low_her2_89.png,ncih2170_facs_fish_0723_low_her2_89.tif,,/work/users/b/e/behnamie/ecDNA_Data/bioimage_archive/rgb/ncih2170_facs_fish_0723_low_her2_89.tif,/work/users/b/e/behnamie/ecDNA_Data/bioimage_archive/dapi/ncih2170_facs_fish_0723_low_her2_89.tif,/work/users/b/e/behnamie/ecDNA_Data/bioimage_archive/roi_mask/ncih2170_facs_fish_0723_low_her2_89.png,/work/users/b/e/behnamie/ecDNA_Data/bioimage_archive/gt_image/ncih2170_facs_fish_0723_low_her2_89.tif
ncih2170_facs_fish_0723_low_her2_92,NCI-H2170,train,train,True,True,False,False,1,rgb/ncih2170_facs_fish_0723_low_her2_92.tif,dapi/ncih2170_facs_fish_0723_low_her2_92.tif,roi_mask/ncih2170_facs_fish_0723_low_her2_92.png,gt_image/ncih2170_facs_fish_0723_low_her2_92.tif,,130,130,True,True,True,True,ncih2170_facs_fish_0723_low_her2_92.tif,ncih2170_facs_fish_0723_low_her2_92.tif,ncih2170_facs_fish_0723_low_her2_92.png,ncih2170_facs_fish_0723_low_her2_92.tif,,/work/users/b/e/behnamie/ecDNA_Data/bioimage_archive/rgb/ncih2170_facs_fish_0723_low_her2_92.tif,/work/users/b/e/behnamie/ecDNA_Data/bioimage_archive/dapi/ncih2170_facs_fish_0723_low_her2_92.tif,/work/users/b/e/behnamie/ecDNA_Data/bioimage_archive/roi_mask/ncih2170_facs_fish_0723_low_her2_92.png,/work/users/b/e/behnamie/ecDNA_Data/bioimage_archive/gt_image/ncih2170_facs_fish_0723_low_her2_92.tif
ncih2170_facs_fish_0723_low_her2_93,NCI-H2170,train,train,True,True,False,False,1,rgb/ncih2170_facs_fish_0723_low_her2_93.tif,dapi/ncih2170_facs_fish_0723_low_her2_93.tif,roi_mask/ncih2170_facs_fish_0723_low_her2_93.png,gt_image/ncih2170_facs_fish_0723_low_her2_93.tif,,39,41,True,True,True,True,ncih2170_facs_fish_0723_low_her2_93.tif,ncih2170_facs_fish_0723_low_her2_93.tif,ncih2170_facs_fish_0723_low_her2_93.png,ncih2170_facs_fish_0723_low_her2_93.tif,,/work/users/b/e/behnamie/ecDNA_Data/bioimage_archive/rgb/ncih2170_facs_fish_0723_low_her2_93.tif,/work/users/b/e/behnamie/ecDNA_Data/bioimage_archive/dapi/ncih2170_facs_fish_0723_low_her2_93.tif,/work/users/b/e/behnamie/ecDNA_Data/bioimage_archive/roi_mask/ncih2170_facs_fish_0723_low_her2_93.png,/work/users/b/e/behnamie/ecDNA_Data/bioimage_archive/gt_image/ncih2170_facs_fish_0723_low_her2_93.tif
ncih2170_facs_fish_0723_low_her2_94,NCI-H2170,train,train,True,True,False,False,1,rgb/ncih2170_facs_fish_0723_low_her2_94.tif,dapi/ncih2170_facs_fish_0723_low_her2_94.tif,roi_mask/ncih2170_facs_fish_0723_low_her2_94.png,gt_image/ncih2170_facs_fish_0723_low_her2_94.tif,,93,95,True,True,True,True,ncih2170_facs_fish_0723_low_her2_94.tif,ncih2170_facs_fish_0723_low_her2_94.tif,ncih2170_facs_fish_0723_low_her2_94.png,ncih2170_facs_fish_0723_low_her2_94.tif,,/work/users/b/e/behnamie/ecDNA_Data/bioimage_archive/rgb/ncih2170_facs_fish_0723_low_her2_94.tif,/work/users/b/e/behnamie/ecDNA_Data/bioimage_archive/dapi/ncih2170_facs_fish_0723_low_her2_94.tif,/work/users/b/e/behnamie/ecDNA_Data/bioimage_archive/roi_mask/ncih2170_facs_fish_0723_low_her2_94.png,/work/users/b/e/behnamie/ecDNA_Data/bioimage_archive/gt_image/ncih2170_facs_fish_0723_low_her2_94.tif
ncih2170_facs_fish_0723_low_her2_98,NCI-H2170,train,train,True,True,False,False,1,rgb/ncih2170_facs_fish_0723_low_her2_98.tif,dapi/ncih2170_facs_fish_0723_low_her2_98.tif,roi_mask/ncih2170_facs_fish_0723_low_her2_98.png,gt_image/ncih2170_facs_fish_0723_low_her2_98.tif,,121,123,True,True,True,True,ncih2170_facs_fish_0723_low_her2_98.tif,ncih2170_facs_fish_0723_low_her2_98.tif,ncih2170_facs_fish_0723_low_her2_98.png,ncih2170_facs_fish_0723_low_her2_98.tif,,/work/users/b/e/behnamie/ecDNA_Data/bioimage_archive/rgb/ncih2170_facs_fish_0723_low_her2_98.tif,/work/users/b/e/behnamie/ecDNA_Data/bioimage_archive/dapi/ncih2170_facs_fish_0723_low_her2_98.tif,/work/users/b/e/behnamie/ecDNA_Data/bioimage_archive/roi_mask/ncih2170_facs_fish_0723_low_her2_98.png,/work/users/b/e/behnamie/ecDNA_Data/bioimage_archive/gt_image/ncih2170_facs_fish_0723_low_her2_98.tif
ncih2170_facs_fish_0723_pre_sort_ctrl_1,NCI-H2170,train,train,True,True,False,False,1,rgb/ncih2170_facs_fish_0723_pre_sort_ctrl_1.tif,dapi/ncih2170_facs_fish_0723_pre_sort_ctrl_1.tif,roi_mask/ncih2170_facs_fish_0723_pre_sort_ctrl_1.png,gt_image/ncih2170_facs_fish_0723_pre_sort_ctrl_1.tif,,94,94,True,True,True,True,ncih2170_facs_fish_0723_pre_sort_ctrl_1.tif,ncih2170_facs_fish_0723_pre_sort_ctrl_1.tif,ncih2170_facs_fish_0723_pre_sort_ctrl_1.png,ncih2170_facs_fish_0723_pre_sort_ctrl_1.tif,,/work/users/b/e/behnamie/ecDNA_Data/bioimage_archive/rgb/ncih2170_facs_fish_0723_pre_sort_ctrl_1.tif,/work/users/b/e/behnamie/ecDNA_Data/bioimage_archive/dapi/ncih2170_facs_fish_0723_pre_sort_ctrl_1.tif,/work/users/b/e/behnamie/ecDNA_Data/bioimage_archive/roi_mask/ncih2170_facs_fish_0723_pre_sort_ctrl_1.png,/work/users/b/e/behnamie/ecDNA_Data/bioimage_archive/gt_image/ncih2170_facs_fish_0723_pre_sort_ctrl_1.tif
ncih2170_facs_fish_0723_pre_sort_ctrl_12,NCI-H2170,train,train,True,True,False,False,1,rgb/ncih2170_facs_fish_0723_pre_sort_ctrl_12.tif,dapi/ncih2170_facs_fish_0723_pre_sort_ctrl_12.tif,roi_mask/ncih2170_facs_fish_0723_pre_sort_ctrl_12.png,gt_image/ncih2170_facs_fish_0723_pre_sort_ctrl_12.tif,,173,173,True,True,True,True,ncih2170_facs_fish_0723_pre_sort_ctrl_12.tif,ncih2170_facs_fish_0723_pre_sort_ctrl_12.tif,ncih2170_facs_fish_0723_pre_sort_ctrl_12.png,ncih2170_facs_fish_0723_pre_sort_ctrl_12.tif,,/work/users/b/e/behnamie/ecDNA_Data/bioimage_archive/rgb/ncih2170_facs_fish_0723_pre_sort_ctrl_12.tif,/work/users/b/e/behnamie/ecDNA_Data/bioimage_archive/dapi/ncih2170_facs_fish_0723_pre_sort_ctrl_12.tif,/work/users/b/e/behnamie/ecDNA_Data/bioimage_archive/roi_mask/ncih2170_facs_fish_0723_pre_sort_ctrl_12.png,/work/users/b/e/behnamie/ecDNA_Data/bioimage_archive/gt_image/ncih2170_facs_fish_0723_pre_sort_ctrl_12.tif
ncih2170_facs_fish_0723_pre_sort_ctrl_14,NCI-H2170,train,train,True,True,False,False,1,rgb/ncih2170_facs_fish_0723_pre_sort_ctrl_14.tif,dapi/ncih2170_facs_fish_0723_pre_sort_ctrl_14.tif,roi_mask/ncih2170_facs_fish_0723_pre_sort_ctrl_14.png,gt_image/ncih2170_facs_fish_0723_pre_sort_ctrl_14.tif,,179,179,True,True,True,True,ncih2170_facs_fish_0723_pre_sort_ctrl_14.tif,ncih2170_facs_fish_0723_pre_sort_ctrl_14.tif,ncih2170_facs_fish_0723_pre_sort_ctrl_14.png,ncih2170_facs_fish_0723_pre_sort_ctrl_14.tif,,/work/users/b/e/behnamie/ecDNA_Data/bioimage_archive/rgb/ncih2170_facs_fish_0723_pre_sort_ctrl_14.tif,/work/users/b/e/behnamie/ecDNA_Data/bioimage_archive/dapi/ncih2170_facs_fish_0723_pre_sort_ctrl_14.tif,/work/users/b/e/behnamie/ecDNA_Data/bioimage_archive/roi_mask/ncih2170_facs_fish_0723_pre_sort_ctrl_14.png,/work/users/b/e/behnamie/ecDNA_Data/bioimage_archive/gt_image/ncih2170_facs_fish_0723_pre_sort_ctrl_14.tif
ncih2170_facs_fish_0723_pre_sort_ctrl_16,NCI-H2170,train,train,True,True,False,False,1,rgb/ncih2170_facs_fish_0723_pre_sort_ctrl_16.tif,dapi/ncih2170_facs_fish_0723_pre_sort_ctrl_16.tif,roi_mask/ncih2170_facs_fish_0723_pre_sort_ctrl_16.png,gt_image/ncih2170_facs_fish_0723_pre_sort_ctrl_16.tif,,85,85,True,True,True,True,ncih2170_facs_fish_0723_pre_sort_ctrl_16.tif,ncih2170_facs_fish_0723_pre_sort_ctrl_16.tif,ncih2170_facs_fish_0723_pre_sort_ctrl_16.png,ncih2170_facs_fish_0723_pre_sort_ctrl_16.tif,,/work/users/b/e/behnamie/ecDNA_Data/bioimage_archive/rgb/ncih2170_facs_fish_0723_pre_sort_ctrl_16.tif,/work/users/b/e/behnamie/ecDNA_Data/bioimage_archive/dapi/ncih2170_facs_fish_0723_pre_sort_ctrl_16.tif,/work/users/b/e/behnamie/ecDNA_Data/bioimage_archive/roi_mask/ncih2170_facs_fish_0723_pre_sort_ctrl_16.png,/work/users/b/e/behnamie/ecDNA_Data/bioimage_archive/gt_image/ncih2170_facs_fish_0723_pre_sort_ctrl_16.tif
ncih2170_facs_fish_0723_pre_sort_ctrl_17,NCI-H2170,train,train,True,True,False,False,1,rgb/ncih2170_facs_fish_0723_pre_sort_ctrl_17.tif,dapi/ncih2170_facs_fish_0723_pre_sort_ctrl_17.tif,roi_mask/ncih2170_facs_fish_0723_pre_sort_ctrl_17.png,gt_image/ncih2170_facs_fish_0723_pre_sort_ctrl_17.tif,,513,535,True,True,True,True,ncih2170_facs_fish_0723_pre_sort_ctrl_17.tif,ncih2170_facs_fish_0723_pre_sort_ctrl_17.tif,ncih2170_facs_fish_0723_pre_sort_ctrl_17.png,ncih2170_facs_fish_0723_pre_sort_ctrl_17.tif,,/work/users/b/e/behnamie/ecDNA_Data/bioimage_archive/rgb/ncih2170_facs_fish_0723_pre_sort_ctrl_17.tif,/work/users/b/e/behnamie/ecDNA_Data/bioimage_archive/dapi/ncih2170_facs_fish_0723_pre_sort_ctrl_17.tif,/work/users/b/e/behnamie/ecDNA_Data/bioimage_archive/roi_mask/ncih2170_facs_fish_0723_pre_sort_ctrl_17.png,/work/users/b/e/behnamie/ecDNA_Data/bioimage_archive/gt_image/ncih2170_facs_fish_0723_pre_sort_ctrl_17.tif
ncih2170_facs_fish_0723_pre_sort_ctrl_18,NCI-H2170,train,train,True,True,False,False,1,rgb/ncih2170_facs_fish_0723_pre_sort_ctrl_18.tif,dapi/ncih2170_facs_fish_0723_pre_sort_ctrl_18.tif,roi_mask/ncih2170_facs_fish_0723_pre_sort_ctrl_18.png,gt_image/ncih2170_facs_fish_0723_pre_sort_ctrl_18.tif,,255,255,True,True,True,True,ncih2170_facs_fish_0723_pre_sort_ctrl_18.tif,ncih2170_facs_fish_0723_pre_sort_ctrl_18.tif,ncih2170_facs_fish_0723_pre_sort_ctrl_18.png,ncih2170_facs_fish_0723_pre_sort_ctrl_18.tif,,/work/users/b/e/behnamie/ecDNA_Data/bioimage_archive/rgb/ncih2170_facs_fish_0723_pre_sort_ctrl_18.tif,/work/users/b/e/behnamie/ecDNA_Data/bioimage_archive/dapi/ncih2170_facs_fish_0723_pre_sort_ctrl_18.tif,/work/users/b/e/behnamie/ecDNA_Data/bioimage_archive/roi_mask/ncih2170_facs_fish_0723_pre_sort_ctrl_18.png,/work/users/b/e/behnamie/ecDNA_Data/bioimage_archive/gt_image/ncih2170_facs_fish_0723_pre_sort_ctrl_18.tif
ncih2170_facs_fish_0723_pre_sort_ctrl_19,NCI-H2170,train,train,True,True,False,False,1,rgb/ncih2170_facs_fish_0723_pre_sort_ctrl_19.tif,dapi/ncih2170_facs_fish_0723_pre_sort_ctrl_19.tif,roi_mask/ncih2170_facs_fish_0723_pre_sort_ctrl_19.png,gt_image/ncih2170_facs_fish_0723_pre_sort_ctrl_19.tif,,123,123,True,True,True,True,ncih2170_facs_fish_0723_pre_sort_ctrl_19.tif,ncih2170_facs_fish_0723_pre_sort_ctrl_19.tif,ncih2170_facs_fish_0723_pre_sort_ctrl_19.png,ncih2170_facs_fish_0723_pre_sort_ctrl_19.tif,,/work/users/b/e/behnamie/ecDNA_Data/bioimage_archive/rgb/ncih2170_facs_fish_0723_pre_sort_ctrl_19.tif,/work/users/b/e/behnamie/ecDNA_Data/bioimage_archive/dapi/ncih2170_facs_fish_0723_pre_sort_ctrl_19.tif,/work/users/b/e/behnamie/ecDNA_Data/bioimage_archive/roi_mask/ncih2170_facs_fish_0723_pre_sort_ctrl_19.png,/work/users/b/e/behnamie/ecDNA_Data/bioimage_archive/gt_image/ncih2170_facs_fish_0723_pre_sort_ctrl_19.tif
ncih2170_facs_fish_0723_pre_sort_ctrl_2,NCI-H2170,train,train,True,True,False,False,1,rgb/ncih2170_facs_fish_0723_pre_sort_ctrl_2.tif,dapi/ncih2170_facs_fish_0723_pre_sort_ctrl_2.tif,roi_mask/ncih2170_facs_fish_0723_pre_sort_ctrl_2.png,gt_image/ncih2170_facs_fish_0723_pre_sort_ctrl_2.tif,,520,520,True,True,True,True,ncih2170_facs_fish_0723_pre_sort_ctrl_2.tif,ncih2170_facs_fish_0723_pre_sort_ctrl_2.tif,ncih2170_facs_fish_0723_pre_sort_ctrl_2.png,ncih2170_facs_fish_0723_pre_sort_ctrl_2.tif,,/work/users/b/e/behnamie/ecDNA_Data/bioimage_archive/rgb/ncih2170_facs_fish_0723_pre_sort_ctrl_2.tif,/work/users/b/e/behnamie/ecDNA_Data/bioimage_archive/dapi/ncih2170_facs_fish_0723_pre_sort_ctrl_2.tif,/work/users/b/e/behnamie/ecDNA_Data/bioimage_archive/roi_mask/ncih2170_facs_fish_0723_pre_sort_ctrl_2.png,/work/users/b/e/behnamie/ecDNA_Data/bioimage_archive/gt_image/ncih2170_facs_fish_0723_pre_sort_ctrl_2.tif
ncih2170_facs_fish_0723_pre_sort_ctrl_21,NCI-H2170,train,train,True,True,False,False,1,rgb/ncih2170_facs_fish_0723_pre_sort_ctrl_21.tif,dapi/ncih2170_facs_fish_0723_pre_sort_ctrl_21.tif,roi_mask/ncih2170_facs_fish_0723_pre_sort_ctrl_21.png,gt_image/ncih2170_facs_fish_0723_pre_sort_ctrl_21.tif,,250,250,True,True,True,True,ncih2170_facs_fish_0723_pre_sort_ctrl_21.tif,ncih2170_facs_fish_0723_pre_sort_ctrl_21.tif,ncih2170_facs_fish_0723_pre_sort_ctrl_21.png,ncih2170_facs_fish_0723_pre_sort_ctrl_21.tif,,/work/users/b/e/behnamie/ecDNA_Data/bioimage_archive/rgb/ncih2170_facs_fish_0723_pre_sort_ctrl_21.tif,/work/users/b/e/behnamie/ecDNA_Data/bioimage_archive/dapi/ncih2170_facs_fish_0723_pre_sort_ctrl_21.tif,/work/users/b/e/behnamie/ecDNA_Data/bioimage_archive/roi_mask/ncih2170_facs_fish_0723_pre_sort_ctrl_21.png,/work/users/b/e/behnamie/ecDNA_Data/bioimage_archive/gt_image/ncih2170_facs_fish_0723_pre_sort_ctrl_21.tif
ncih2170_facs_fish_0723_pre_sort_ctrl_24,NCI-H2170,train,train,True,True,False,False,1,rgb/ncih2170_facs_fish_0723_pre_sort_ctrl_24.tif,dapi/ncih2170_facs_fish_0723_pre_sort_ctrl_24.tif,roi_mask/ncih2170_facs_fish_0723_pre_sort_ctrl_24.png,gt_image/ncih2170_facs_fish_0723_pre_sort_ctrl_24.tif,,64,64,True,True,True,True,ncih2170_facs_fish_0723_pre_sort_ctrl_24.tif,ncih2170_facs_fish_0723_pre_sort_ctrl_24.tif,ncih2170_facs_fish_0723_pre_sort_ctrl_24.png,ncih2170_facs_fish_0723_pre_sort_ctrl_24.tif,,/work/users/b/e/behnamie/ecDNA_Data/bioimage_archive/rgb/ncih2170_facs_fish_0723_pre_sort_ctrl_24.tif,/work/users/b/e/behnamie/ecDNA_Data/bioimage_archive/dapi/ncih2170_facs_fish_0723_pre_sort_ctrl_24.tif,/work/users/b/e/behnamie/ecDNA_Data/bioimage_archive/roi_mask/ncih2170_facs_fish_0723_pre_sort_ctrl_24.png,/work/users/b/e/behnamie/ecDNA_Data/bioimage_archive/gt_image/ncih2170_facs_fish_0723_pre_sort_ctrl_24.tif
ncih2170_facs_fish_0723_pre_sort_ctrl_8,NCI-H2170,train,train,True,True,False,False,1,rgb/ncih2170_facs_fish_0723_pre_sort_ctrl_8.tif,dapi/ncih2170_facs_fish_0723_pre_sort_ctrl_8.tif,roi_mask/ncih2170_facs_fish_0723_pre_sort_ctrl_8.png,gt_image/ncih2170_facs_fish_0723_pre_sort_ctrl_8.tif,,193,193,True,True,True,True,ncih2170_facs_fish_0723_pre_sort_ctrl_8.tif,ncih2170_facs_fish_0723_pre_sort_ctrl_8.tif,ncih2170_facs_fish_0723_pre_sort_ctrl_8.png,ncih2170_facs_fish_0723_pre_sort_ctrl_8.tif,,/work/users/b/e/behnamie/ecDNA_Data/bioimage_archive/rgb/ncih2170_facs_fish_0723_pre_sort_ctrl_8.tif,/work/users/b/e/behnamie/ecDNA_Data/bioimage_archive/dapi/ncih2170_facs_fish_0723_pre_sort_ctrl_8.tif,/work/users/b/e/behnamie/ecDNA_Data/bioimage_archive/roi_mask/ncih2170_facs_fish_0723_pre_sort_ctrl_8.png,/work/users/b/e/behnamie/ecDNA_Data/bioimage_archive/gt_image/ncih2170_facs_fish_0723_pre_sort_ctrl_8.tif
ncih2170_facs_fish_0723_sorted_ctrl_11,NCI-H2170,train,train,True,True,False,False,1,rgb/ncih2170_facs_fish_0723_sorted_ctrl_11.tif,dapi/ncih2170_facs_fish_0723_sorted_ctrl_11.tif,roi_mask/ncih2170_facs_fish_0723_sorted_ctrl_11.png,gt_image/ncih2170_facs_fish_0723_sorted_ctrl_11.tif,,34,34,True,True,True,True,ncih2170_facs_fish_0723_sorted_ctrl_11.tif,ncih2170_facs_fish_0723_sorted_ctrl_11.tif,ncih2170_facs_fish_0723_sorted_ctrl_11.png,ncih2170_facs_fish_0723_sorted_ctrl_11.tif,,/work/users/b/e/behnamie/ecDNA_Data/bioimage_archive/rgb/ncih2170_facs_fish_0723_sorted_ctrl_11.tif,/work/users/b/e/behnamie/ecDNA_Data/bioimage_archive/dapi/ncih2170_facs_fish_0723_sorted_ctrl_11.tif,/work/users/b/e/behnamie/ecDNA_Data/bioimage_archive/roi_mask/ncih2170_facs_fish_0723_sorted_ctrl_11.png,/work/users/b/e/behnamie/ecDNA_Data/bioimage_archive/gt_image/ncih2170_facs_fish_0723_sorted_ctrl_11.tif
ncih2170_facs_fish_0723_sorted_ctrl_18,NCI-H2170,train,train,True,True,False,False,1,rgb/ncih2170_facs_fish_0723_sorted_ctrl_18.tif,dapi/ncih2170_facs_fish_0723_sorted_ctrl_18.tif,roi_mask/ncih2170_facs_fish_0723_sorted_ctrl_18.png,gt_image/ncih2170_facs_fish_0723_sorted_ctrl_18.tif,,292,296,True,True,True,True,ncih2170_facs_fish_0723_sorted_ctrl_18.tif,ncih2170_facs_fish_0723_sorted_ctrl_18.tif,ncih2170_facs_fish_0723_sorted_ctrl_18.png,ncih2170_facs_fish_0723_sorted_ctrl_18.tif,,/work/users/b/e/behnamie/ecDNA_Data/bioimage_archive/rgb/ncih2170_facs_fish_0723_sorted_ctrl_18.tif,/work/users/b/e/behnamie/ecDNA_Data/bioimage_archive/dapi/ncih2170_facs_fish_0723_sorted_ctrl_18.tif,/work/users/b/e/behnamie/ecDNA_Data/bioimage_archive/roi_mask/ncih2170_facs_fish_0723_sorted_ctrl_18.png,/work/users/b/e/behnamie/ecDNA_Data/bioimage_archive/gt_image/ncih2170_facs_fish_0723_sorted_ctrl_18.tif
ncih2170_facs_fish_0723_sorted_ctrl_21,NCI-H2170,train,train,True,True,False,False,1,rgb/ncih2170_facs_fish_0723_sorted_ctrl_21.tif,dapi/ncih2170_facs_fish_0723_sorted_ctrl_21.tif,roi_mask/ncih2170_facs_fish_0723_sorted_ctrl_21.png,gt_image/ncih2170_facs_fish_0723_sorted_ctrl_21.tif,,407,408,True,True,True,True,ncih2170_facs_fish_0723_sorted_ctrl_21.tif,ncih2170_facs_fish_0723_sorted_ctrl_21.tif,ncih2170_facs_fish_0723_sorted_ctrl_21.png,ncih2170_facs_fish_0723_sorted_ctrl_21.tif,,/work/users/b/e/behnamie/ecDNA_Data/bioimage_archive/rgb/ncih2170_facs_fish_0723_sorted_ctrl_21.tif,/work/users/b/e/behnamie/ecDNA_Data/bioimage_archive/dapi/ncih2170_facs_fish_0723_sorted_ctrl_21.tif,/work/users/b/e/behnamie/ecDNA_Data/bioimage_archive/roi_mask/ncih2170_facs_fish_0723_sorted_ctrl_21.png,/work/users/b/e/behnamie/ecDNA_Data/bioimage_archive/gt_image/ncih2170_facs_fish_0723_sorted_ctrl_21.tif
ncih2170_facs_fish_0723_sorted_ctrl_22,NCI-H2170,train,train,True,True,False,False,1,rgb/ncih2170_facs_fish_0723_sorted_ctrl_22.tif,dapi/ncih2170_facs_fish_0723_sorted_ctrl_22.tif,roi_mask/ncih2170_facs_fish_0723_sorted_ctrl_22.png,gt_image/ncih2170_facs_fish_0723_sorted_ctrl_22.tif,,88,88,True,True,True,True,ncih2170_facs_fish_0723_sorted_ctrl_22.tif,ncih2170_facs_fish_0723_sorted_ctrl_22.tif,ncih2170_facs_fish_0723_sorted_ctrl_22.png,ncih2170_facs_fish_0723_sorted_ctrl_22.tif,,/work/users/b/e/behnamie/ecDNA_Data/bioimage_archive/rgb/ncih2170_facs_fish_0723_sorted_ctrl_22.tif,/work/users/b/e/behnamie/ecDNA_Data/bioimage_archive/dapi/ncih2170_facs_fish_0723_sorted_ctrl_22.tif,/work/users/b/e/behnamie/ecDNA_Data/bioimage_archive/roi_mask/ncih2170_facs_fish_0723_sorted_ctrl_22.png,/work/users/b/e/behnamie/ecDNA_Data/bioimage_archive/gt_image/ncih2170_facs_fish_0723_sorted_ctrl_22.tif
ncih2170_facs_fish_0723_sorted_ctrl_25,NCI-H2170,train,train,True,True,False,False,1,rgb/ncih2170_facs_fish_0723_sorted_ctrl_25.tif,dapi/ncih2170_facs_fish_0723_sorted_ctrl_25.tif,roi_mask/ncih2170_facs_fish_0723_sorted_ctrl_25.png,gt_image/ncih2170_facs_fish_0723_sorted_ctrl_25.tif,,138,138,True,True,True,True,ncih2170_facs_fish_0723_sorted_ctrl_25.tif,ncih2170_facs_fish_0723_sorted_ctrl_25.tif,ncih2170_facs_fish_0723_sorted_ctrl_25.png,ncih2170_facs_fish_0723_sorted_ctrl_25.tif,,/work/users/b/e/behnamie/ecDNA_Data/bioimage_archive/rgb/ncih2170_facs_fish_0723_sorted_ctrl_25.tif,/work/users/b/e/behnamie/ecDNA_Data/bioimage_archive/dapi/ncih2170_facs_fish_0723_sorted_ctrl_25.tif,/work/users/b/e/behnamie/ecDNA_Data/bioimage_archive/roi_mask/ncih2170_facs_fish_0723_sorted_ctrl_25.png,/work/users/b/e/behnamie/ecDNA_Data/bioimage_archive/gt_image/ncih2170_facs_fish_0723_sorted_ctrl_25.tif
ncih2170_facs_fish_0723_sorted_ctrl_31,NCI-H2170,train,train,True,True,False,False,1,rgb/ncih2170_facs_fish_0723_sorted_ctrl_31.tif,dapi/ncih2170_facs_fish_0723_sorted_ctrl_31.tif,roi_mask/ncih2170_facs_fish_0723_sorted_ctrl_31.png,gt_image/ncih2170_facs_fish_0723_sorted_ctrl_31.tif,,78,84,True,True,True,True,ncih2170_facs_fish_0723_sorted_ctrl_31.tif,ncih2170_facs_fish_0723_sorted_ctrl_31.tif,ncih2170_facs_fish_0723_sorted_ctrl_31.png,ncih2170_facs_fish_0723_sorted_ctrl_31.tif,,/work/users/b/e/behnamie/ecDNA_Data/bioimage_archive/rgb/ncih2170_facs_fish_0723_sorted_ctrl_31.tif,/work/users/b/e/behnamie/ecDNA_Data/bioimage_archive/dapi/ncih2170_facs_fish_0723_sorted_ctrl_31.tif,/work/users/b/e/behnamie/ecDNA_Data/bioimage_archive/roi_mask/ncih2170_facs_fish_0723_sorted_ctrl_31.png,/work/users/b/e/behnamie/ecDNA_Data/bioimage_archive/gt_image/ncih2170_facs_fish_0723_sorted_ctrl_31.tif
ncih2170_facs_fish_0723_sorted_ctrl_32,NCI-H2170,train,train,True,True,False,False,1,rgb/ncih2170_facs_fish_0723_sorted_ctrl_32.tif,dapi/ncih2170_facs_fish_0723_sorted_ctrl_32.tif,roi_mask/ncih2170_facs_fish_0723_sorted_ctrl_32.png,gt_image/ncih2170_facs_fish_0723_sorted_ctrl_32.tif,,288,290,True,True,True,True,ncih2170_facs_fish_0723_sorted_ctrl_32.tif,ncih2170_facs_fish_0723_sorted_ctrl_32.tif,ncih2170_facs_fish_0723_sorted_ctrl_32.png,ncih2170_facs_fish_0723_sorted_ctrl_32.tif,,/work/users/b/e/behnamie/ecDNA_Data/bioimage_archive/rgb/ncih2170_facs_fish_0723_sorted_ctrl_32.tif,/work/users/b/e/behnamie/ecDNA_Data/bioimage_archive/dapi/ncih2170_facs_fish_0723_sorted_ctrl_32.tif,/work/users/b/e/behnamie/ecDNA_Data/bioimage_archive/roi_mask/ncih2170_facs_fish_0723_sorted_ctrl_32.png,/work/users/b/e/behnamie/ecDNA_Data/bioimage_archive/gt_image/ncih2170_facs_fish_0723_sorted_ctrl_32.tif
ncih2170_facs_fish_0723_sorted_ctrl_33,NCI-H2170,train,train,True,True,False,False,1,rgb/ncih2170_facs_fish_0723_sorted_ctrl_33.tif,dapi/ncih2170_facs_fish_0723_sorted_ctrl_33.tif,roi_mask/ncih2170_facs_fish_0723_sorted_ctrl_33.png,gt_image/ncih2170_facs_fish_0723_sorted_ctrl_33.tif,,168,168,True,True,True,True,ncih2170_facs_fish_0723_sorted_ctrl_33.tif,ncih2170_facs_fish_0723_sorted_ctrl_33.tif,ncih2170_facs_fish_0723_sorted_ctrl_33.png,ncih2170_facs_fish_0723_sorted_ctrl_33.tif,,/work/users/b/e/behnamie/ecDNA_Data/bioimage_archive/rgb/ncih2170_facs_fish_0723_sorted_ctrl_33.tif,/work/users/b/e/behnamie/ecDNA_Data/bioimage_archive/dapi/ncih2170_facs_fish_0723_sorted_ctrl_33.tif,/work/users/b/e/behnamie/ecDNA_Data/bioimage_archive/roi_mask/ncih2170_facs_fish_0723_sorted_ctrl_33.png,/work/users/b/e/behnamie/ecDNA_Data/bioimage_archive/gt_image/ncih2170_facs_fish_0723_sorted_ctrl_33.tif
ncih2170_facs_fish_0723_sorted_ctrl_36,NCI-H2170,train,train,True,True,False,False,1,rgb/ncih2170_facs_fish_0723_sorted_ctrl_36.tif,dapi/ncih2170_facs_fish_0723_sorted_ctrl_36.tif,roi_mask/ncih2170_facs_fish_0723_sorted_ctrl_36.png,gt_image/ncih2170_facs_fish_0723_sorted_ctrl_36.tif,,67,67,True,True,True,True,ncih2170_facs_fish_0723_sorted_ctrl_36.tif,ncih2170_facs_fish_0723_sorted_ctrl_36.tif,ncih2170_facs_fish_0723_sorted_ctrl_36.png,ncih2170_facs_fish_0723_sorted_ctrl_36.tif,,/work/users/b/e/behnamie/ecDNA_Data/bioimage_archive/rgb/ncih2170_facs_fish_0723_sorted_ctrl_36.tif,/work/users/b/e/behnamie/ecDNA_Data/bioimage_archive/dapi/ncih2170_facs_fish_0723_sorted_ctrl_36.tif,/work/users/b/e/behnamie/ecDNA_Data/bioimage_archive/roi_mask/ncih2170_facs_fish_0723_sorted_ctrl_36.png,/work/users/b/e/behnamie/ecDNA_Data/bioimage_archive/gt_image/ncih2170_facs_fish_0723_sorted_ctrl_36.tif
ncih2170_facs_fish_0723_sorted_ctrl_37,NCI-H2170,train,train,True,True,False,False,1,rgb/ncih2170_facs_fish_0723_sorted_ctrl_37.tif,dapi/ncih2170_facs_fish_0723_sorted_ctrl_37.tif,roi_mask/ncih2170_facs_fish_0723_sorted_ctrl_37.png,gt_image/ncih2170_facs_fish_0723_sorted_ctrl_37.tif,,239,241,True,True,True,True,ncih2170_facs_fish_0723_sorted_ctrl_37.tif,ncih2170_facs_fish_0723_sorted_ctrl_37.tif,ncih2170_facs_fish_0723_sorted_ctrl_37.png,ncih2170_facs_fish_0723_sorted_ctrl_37.tif,,/work/users/b/e/behnamie/ecDNA_Data/bioimage_archive/rgb/ncih2170_facs_fish_0723_sorted_ctrl_37.tif,/work/users/b/e/behnamie/ecDNA_Data/bioimage_archive/dapi/ncih2170_facs_fish_0723_sorted_ctrl_37.tif,/work/users/b/e/behnamie/ecDNA_Data/bioimage_archive/roi_mask/ncih2170_facs_fish_0723_sorted_ctrl_37.png,/work/users/b/e/behnamie/ecDNA_Data/bioimage_archive/gt_image/ncih2170_facs_fish_0723_sorted_ctrl_37.tif
ncih2170_facs_fish_0723_sorted_ctrl_4,NCI-H2170,train,train,True,True,False,False,1,rgb/ncih2170_facs_fish_0723_sorted_ctrl_4.tif,dapi/ncih2170_facs_fish_0723_sorted_ctrl_4.tif,roi_mask/ncih2170_facs_fish_0723_sorted_ctrl_4.png,gt_image/ncih2170_facs_fish_0723_sorted_ctrl_4.tif,,536,538,True,True,True,True,ncih2170_facs_fish_0723_sorted_ctrl_4.tif,ncih2170_facs_fish_0723_sorted_ctrl_4.tif,ncih2170_facs_fish_0723_sorted_ctrl_4.png,ncih2170_facs_fish_0723_sorted_ctrl_4.tif,,/work/users/b/e/behnamie/ecDNA_Data/bioimage_archive/rgb/ncih2170_facs_fish_0723_sorted_ctrl_4.tif,/work/users/b/e/behnamie/ecDNA_Data/bioimage_archive/dapi/ncih2170_facs_fish_0723_sorted_ctrl_4.tif,/work/users/b/e/behnamie/ecDNA_Data/bioimage_archive/roi_mask/ncih2170_facs_fish_0723_sorted_ctrl_4.png,/work/users/b/e/behnamie/ecDNA_Data/bioimage_archive/gt_image/ncih2170_facs_fish_0723_sorted_ctrl_4.tif
ncih2170_facs_fish_0723_sorted_ctrl_40,NCI-H2170,train,train,True,True,False,False,1,rgb/ncih2170_facs_fish_0723_sorted_ctrl_40.tif,dapi/ncih2170_facs_fish_0723_sorted_ctrl_40.tif,roi_mask/ncih2170_facs_fish_0723_sorted_ctrl_40.png,gt_image/ncih2170_facs_fish_0723_sorted_ctrl_40.tif,,65,65,True,True,True,True,ncih2170_facs_fish_0723_sorted_ctrl_40.tif,ncih2170_facs_fish_0723_sorted_ctrl_40.tif,ncih2170_facs_fish_0723_sorted_ctrl_40.png,ncih2170_facs_fish_0723_sorted_ctrl_40.tif,,/work/users/b/e/behnamie/ecDNA_Data/bioimage_archive/rgb/ncih2170_facs_fish_0723_sorted_ctrl_40.tif,/work/users/b/e/behnamie/ecDNA_Data/bioimage_archive/dapi/ncih2170_facs_fish_0723_sorted_ctrl_40.tif,/work/users/b/e/behnamie/ecDNA_Data/bioimage_archive/roi_mask/ncih2170_facs_fish_0723_sorted_ctrl_40.png,/work/users/b/e/behnamie/ecDNA_Data/bioimage_archive/gt_image/ncih2170_facs_fish_0723_sorted_ctrl_40.tif
ncih2170_facs_fish_0723_sorted_ctrl_41,NCI-H2170,train,train,True,True,False,False,1,rgb/ncih2170_facs_fish_0723_sorted_ctrl_41.tif,dapi/ncih2170_facs_fish_0723_sorted_ctrl_41.tif,roi_mask/ncih2170_facs_fish_0723_sorted_ctrl_41.png,gt_image/ncih2170_facs_fish_0723_sorted_ctrl_41.tif,,292,293,True,True,True,True,ncih2170_facs_fish_0723_sorted_ctrl_41.tif,ncih2170_facs_fish_0723_sorted_ctrl_41.tif,ncih2170_facs_fish_0723_sorted_ctrl_41.png,ncih2170_facs_fish_0723_sorted_ctrl_41.tif,,/work/users/b/e/behnamie/ecDNA_Data/bioimage_archive/rgb/ncih2170_facs_fish_0723_sorted_ctrl_41.tif,/work/users/b/e/behnamie/ecDNA_Data/bioimage_archive/dapi/ncih2170_facs_fish_0723_sorted_ctrl_41.tif,/work/users/b/e/behnamie/ecDNA_Data/bioimage_archive/roi_mask/ncih2170_facs_fish_0723_sorted_ctrl_41.png,/work/users/b/e/behnamie/ecDNA_Data/bioimage_archive/gt_image/ncih2170_facs_fish_0723_sorted_ctrl_41.tif
ncih2170_facs_fish_0723_sorted_ctrl_43,NCI-H2170,train,train,True,True,False,False,1,rgb/ncih2170_facs_fish_0723_sorted_ctrl_43.tif,dapi/ncih2170_facs_fish_0723_sorted_ctrl_43.tif,roi_mask/ncih2170_facs_fish_0723_sorted_ctrl_43.png,gt_image/ncih2170_facs_fish_0723_sorted_ctrl_43.tif,,98,98,True,True,True,True,ncih2170_facs_fish_0723_sorted_ctrl_43.tif,ncih2170_facs_fish_0723_sorted_ctrl_43.tif,ncih2170_facs_fish_0723_sorted_ctrl_43.png,ncih2170_facs_fish_0723_sorted_ctrl_43.tif,,/work/users/b/e/behnamie/ecDNA_Data/bioimage_archive/rgb/ncih2170_facs_fish_0723_sorted_ctrl_43.tif,/work/users/b/e/behnamie/ecDNA_Data/bioimage_archive/dapi/ncih2170_facs_fish_0723_sorted_ctrl_43.tif,/work/users/b/e/behnamie/ecDNA_Data/bioimage_archive/roi_mask/ncih2170_facs_fish_0723_sorted_ctrl_43.png,/work/users/b/e/behnamie/ecDNA_Data/bioimage_archive/gt_image/ncih2170_facs_fish_0723_sorted_ctrl_43.tif
ncih2170_facs_fish_0723_sorted_ctrl_48,NCI-H2170,train,train,True,True,False,False,1,rgb/ncih2170_facs_fish_0723_sorted_ctrl_48.tif,dapi/ncih2170_facs_fish_0723_sorted_ctrl_48.tif,roi_mask/ncih2170_facs_fish_0723_sorted_ctrl_48.png,gt_image/ncih2170_facs_fish_0723_sorted_ctrl_48.tif,,274,278,True,True,True,True,ncih2170_facs_fish_0723_sorted_ctrl_48.tif,ncih2170_facs_fish_0723_sorted_ctrl_48.tif,ncih2170_facs_fish_0723_sorted_ctrl_48.png,ncih2170_facs_fish_0723_sorted_ctrl_48.tif,,/work/users/b/e/behnamie/ecDNA_Data/bioimage_archive/rgb/ncih2170_facs_fish_0723_sorted_ctrl_48.tif,/work/users/b/e/behnamie/ecDNA_Data/bioimage_archive/dapi/ncih2170_facs_fish_0723_sorted_ctrl_48.tif,/work/users/b/e/behnamie/ecDNA_Data/bioimage_archive/roi_mask/ncih2170_facs_fish_0723_sorted_ctrl_48.png,/work/users/b/e/behnamie/ecDNA_Data/bioimage_archive/gt_image/ncih2170_facs_fish_0723_sorted_ctrl_48.tif
ncih2170_facs_fish_0723_sorted_ctrl_52,NCI-H2170,train,train,True,True,False,False,1,rgb/ncih2170_facs_fish_0723_sorted_ctrl_52.tif,dapi/ncih2170_facs_fish_0723_sorted_ctrl_52.tif,roi_mask/ncih2170_facs_fish_0723_sorted_ctrl_52.png,gt_image/ncih2170_facs_fish_0723_sorted_ctrl_52.tif,,226,226,True,True,True,True,ncih2170_facs_fish_0723_sorted_ctrl_52.tif,ncih2170_facs_fish_0723_sorted_ctrl_52.tif,ncih2170_facs_fish_0723_sorted_ctrl_52.png,ncih2170_facs_fish_0723_sorted_ctrl_52.tif,,/work/users/b/e/behnamie/ecDNA_Data/bioimage_archive/rgb/ncih2170_facs_fish_0723_sorted_ctrl_52.tif,/work/users/b/e/behnamie/ecDNA_Data/bioimage_archive/dapi/ncih2170_facs_fish_0723_sorted_ctrl_52.tif,/work/users/b/e/behnamie/ecDNA_Data/bioimage_archive/roi_mask/ncih2170_facs_fish_0723_sorted_ctrl_52.png,/work/users/b/e/behnamie/ecDNA_Data/bioimage_archive/gt_image/ncih2170_facs_fish_0723_sorted_ctrl_52.tif
ncih2170_facs_fish_0723_sorted_ctrl_54,NCI-H2170,train,train,True,True,False,False,1,rgb/ncih2170_facs_fish_0723_sorted_ctrl_54.tif,dapi/ncih2170_facs_fish_0723_sorted_ctrl_54.tif,roi_mask/ncih2170_facs_fish_0723_sorted_ctrl_54.png,gt_image/ncih2170_facs_fish_0723_sorted_ctrl_54.tif,,116,116,True,True,True,True,ncih2170_facs_fish_0723_sorted_ctrl_54.tif,ncih2170_facs_fish_0723_sorted_ctrl_54.tif,ncih2170_facs_fish_0723_sorted_ctrl_54.png,ncih2170_facs_fish_0723_sorted_ctrl_54.tif,,/work/users/b/e/behnamie/ecDNA_Data/bioimage_archive/rgb/ncih2170_facs_fish_0723_sorted_ctrl_54.tif,/work/users/b/e/behnamie/ecDNA_Data/bioimage_archive/dapi/ncih2170_facs_fish_0723_sorted_ctrl_54.tif,/work/users/b/e/behnamie/ecDNA_Data/bioimage_archive/roi_mask/ncih2170_facs_fish_0723_sorted_ctrl_54.png,/work/users/b/e/behnamie/ecDNA_Data/bioimage_archive/gt_image/ncih2170_facs_fish_0723_sorted_ctrl_54.tif
ncih2170_facs_fish_0723_sorted_ctrl_55,NCI-H2170,train,train,True,True,False,False,1,rgb/ncih2170_facs_fish_0723_sorted_ctrl_55.tif,dapi/ncih2170_facs_fish_0723_sorted_ctrl_55.tif,roi_mask/ncih2170_facs_fish_0723_sorted_ctrl_55.png,gt_image/ncih2170_facs_fish_0723_sorted_ctrl_55.tif,,262,262,True,True,True,True,ncih2170_facs_fish_0723_sorted_ctrl_55.tif,ncih2170_facs_fish_0723_sorted_ctrl_55.tif,ncih2170_facs_fish_0723_sorted_ctrl_55.png,ncih2170_facs_fish_0723_sorted_ctrl_55.tif,,/work/users/b/e/behnamie/ecDNA_Data/bioimage_archive/rgb/ncih2170_facs_fish_0723_sorted_ctrl_55.tif,/work/users/b/e/behnamie/ecDNA_Data/bioimage_archive/dapi/ncih2170_facs_fish_0723_sorted_ctrl_55.tif,/work/users/b/e/behnamie/ecDNA_Data/bioimage_archive/roi_mask/ncih2170_facs_fish_0723_sorted_ctrl_55.png,/work/users/b/e/behnamie/ecDNA_Data/bioimage_archive/gt_image/ncih2170_facs_fish_0723_sorted_ctrl_55.tif
ncih2170_facs_fish_0723_sorted_ctrl_57,NCI-H2170,train,train,True,True,False,False,1,rgb/ncih2170_facs_fish_0723_sorted_ctrl_57.tif,dapi/ncih2170_facs_fish_0723_sorted_ctrl_57.tif,roi_mask/ncih2170_facs_fish_0723_sorted_ctrl_57.png,gt_image/ncih2170_facs_fish_0723_sorted_ctrl_57.tif,,284,301,True,True,True,True,ncih2170_facs_fish_0723_sorted_ctrl_57.tif,ncih2170_facs_fish_0723_sorted_ctrl_57.tif,ncih2170_facs_fish_0723_sorted_ctrl_57.png,ncih2170_facs_fish_0723_sorted_ctrl_57.tif,,/work/users/b/e/behnamie/ecDNA_Data/bioimage_archive/rgb/ncih2170_facs_fish_0723_sorted_ctrl_57.tif,/work/users/b/e/behnamie/ecDNA_Data/bioimage_archive/dapi/ncih2170_facs_fish_0723_sorted_ctrl_57.tif,/work/users/b/e/behnamie/ecDNA_Data/bioimage_archive/roi_mask/ncih2170_facs_fish_0723_sorted_ctrl_57.png,/work/users/b/e/behnamie/ecDNA_Data/bioimage_archive/gt_image/ncih2170_facs_fish_0723_sorted_ctrl_57.tif
ncih2170_facs_fish_0723_sorted_ctrl_59,NCI-H2170,train,train,True,True,False,False,1,rgb/ncih2170_facs_fish_0723_sorted_ctrl_59.tif,dapi/ncih2170_facs_fish_0723_sorted_ctrl_59.tif,roi_mask/ncih2170_facs_fish_0723_sorted_ctrl_59.png,gt_image/ncih2170_facs_fish_0723_sorted_ctrl_59.tif,,277,284,True,True,True,True,ncih2170_facs_fish_0723_sorted_ctrl_59.tif,ncih2170_facs_fish_0723_sorted_ctrl_59.tif,ncih2170_facs_fish_0723_sorted_ctrl_59.png,ncih2170_facs_fish_0723_sorted_ctrl_59.tif,,/work/users/b/e/behnamie/ecDNA_Data/bioimage_archive/rgb/ncih2170_facs_fish_0723_sorted_ctrl_59.tif,/work/users/b/e/behnamie/ecDNA_Data/bioimage_archive/dapi/ncih2170_facs_fish_0723_sorted_ctrl_59.tif,/work/users/b/e/behnamie/ecDNA_Data/bioimage_archive/roi_mask/ncih2170_facs_fish_0723_sorted_ctrl_59.png,/work/users/b/e/behnamie/ecDNA_Data/bioimage_archive/gt_image/ncih2170_facs_fish_0723_sorted_ctrl_59.tif
ncih2170_facs_fish_0723_sorted_ctrl_64,NCI-H2170,train,train,True,True,False,False,1,rgb/ncih2170_facs_fish_0723_sorted_ctrl_64.tif,dapi/ncih2170_facs_fish_0723_sorted_ctrl_64.tif,roi_mask/ncih2170_facs_fish_0723_sorted_ctrl_64.png,gt_image/ncih2170_facs_fish_0723_sorted_ctrl_64.tif,,333,335,True,True,True,True,ncih2170_facs_fish_0723_sorted_ctrl_64.tif,ncih2170_facs_fish_0723_sorted_ctrl_64.tif,ncih2170_facs_fish_0723_sorted_ctrl_64.png,ncih2170_facs_fish_0723_sorted_ctrl_64.tif,,/work/users/b/e/behnamie/ecDNA_Data/bioimage_archive/rgb/ncih2170_facs_fish_0723_sorted_ctrl_64.tif,/work/users/b/e/behnamie/ecDNA_Data/bioimage_archive/dapi/ncih2170_facs_fish_0723_sorted_ctrl_64.tif,/work/users/b/e/behnamie/ecDNA_Data/bioimage_archive/roi_mask/ncih2170_facs_fish_0723_sorted_ctrl_64.png,/work/users/b/e/behnamie/ecDNA_Data/bioimage_archive/gt_image/ncih2170_facs_fish_0723_sorted_ctrl_64.tif
ncih2170_facs_fish_0723_sorted_ctrl_65,NCI-H2170,train,train,True,True,False,False,1,rgb/ncih2170_facs_fish_0723_sorted_ctrl_65.tif,dapi/ncih2170_facs_fish_0723_sorted_ctrl_65.tif,roi_mask/ncih2170_facs_fish_0723_sorted_ctrl_65.png,gt_image/ncih2170_facs_fish_0723_sorted_ctrl_65.tif,,139,139,True,True,True,True,ncih2170_facs_fish_0723_sorted_ctrl_65.tif,ncih2170_facs_fish_0723_sorted_ctrl_65.tif,ncih2170_facs_fish_0723_sorted_ctrl_65.png,ncih2170_facs_fish_0723_sorted_ctrl_65.tif,,/work/users/b/e/behnamie/ecDNA_Data/bioimage_archive/rgb/ncih2170_facs_fish_0723_sorted_ctrl_65.tif,/work/users/b/e/behnamie/ecDNA_Data/bioimage_archive/dapi/ncih2170_facs_fish_0723_sorted_ctrl_65.tif,/work/users/b/e/behnamie/ecDNA_Data/bioimage_archive/roi_mask/ncih2170_facs_fish_0723_sorted_ctrl_65.png,/work/users/b/e/behnamie/ecDNA_Data/bioimage_archive/gt_image/ncih2170_facs_fish_0723_sorted_ctrl_65.tif
ncih2170_facs_fish_0723_sorted_ctrl_66,NCI-H2170,train,train,True,True,False,False,1,rgb/ncih2170_facs_fish_0723_sorted_ctrl_66.tif,dapi/ncih2170_facs_fish_0723_sorted_ctrl_66.tif,roi_mask/ncih2170_facs_fish_0723_sorted_ctrl_66.png,gt_image/ncih2170_facs_fish_0723_sorted_ctrl_66.tif,,58,58,True,True,True,True,ncih2170_facs_fish_0723_sorted_ctrl_66.tif,ncih2170_facs_fish_0723_sorted_ctrl_66.tif,ncih2170_facs_fish_0723_sorted_ctrl_66.png,ncih2170_facs_fish_0723_sorted_ctrl_66.tif,,/work/users/b/e/behnamie/ecDNA_Data/bioimage_archive/rgb/ncih2170_facs_fish_0723_sorted_ctrl_66.tif,/work/users/b/e/behnamie/ecDNA_Data/bioimage_archive/dapi/ncih2170_facs_fish_0723_sorted_ctrl_66.tif,/work/users/b/e/behnamie/ecDNA_Data/bioimage_archive/roi_mask/ncih2170_facs_fish_0723_sorted_ctrl_66.png,/work/users/b/e/behnamie/ecDNA_Data/bioimage_archive/gt_image/ncih2170_facs_fish_0723_sorted_ctrl_66.tif
ncih2170_facs_fish_0723_sorted_ctrl_68,NCI-H2170,train,train,True,True,False,False,1,rgb/ncih2170_facs_fish_0723_sorted_ctrl_68.tif,dapi/ncih2170_facs_fish_0723_sorted_ctrl_68.tif,roi_mask/ncih2170_facs_fish_0723_sorted_ctrl_68.png,gt_image/ncih2170_facs_fish_0723_sorted_ctrl_68.tif,,266,266,True,True,True,True,ncih2170_facs_fish_0723_sorted_ctrl_68.tif,ncih2170_facs_fish_0723_sorted_ctrl_68.tif,ncih2170_facs_fish_0723_sorted_ctrl_68.png,ncih2170_facs_fish_0723_sorted_ctrl_68.tif,,/work/users/b/e/behnamie/ecDNA_Data/bioimage_archive/rgb/ncih2170_facs_fish_0723_sorted_ctrl_68.tif,/work/users/b/e/behnamie/ecDNA_Data/bioimage_archive/dapi/ncih2170_facs_fish_0723_sorted_ctrl_68.tif,/work/users/b/e/behnamie/ecDNA_Data/bioimage_archive/roi_mask/ncih2170_facs_fish_0723_sorted_ctrl_68.png,/work/users/b/e/behnamie/ecDNA_Data/bioimage_archive/gt_image/ncih2170_facs_fish_0723_sorted_ctrl_68.tif
ncih2170_facs_fish_0723_sorted_ctrl_72,NCI-H2170,train,train,True,True,False,False,1,rgb/ncih2170_facs_fish_0723_sorted_ctrl_72.tif,dapi/ncih2170_facs_fish_0723_sorted_ctrl_72.tif,roi_mask/ncih2170_facs_fish_0723_sorted_ctrl_72.png,gt_image/ncih2170_facs_fish_0723_sorted_ctrl_72.tif,,259,261,True,True,True,True,ncih2170_facs_fish_0723_sorted_ctrl_72.tif,ncih2170_facs_fish_0723_sorted_ctrl_72.tif,ncih2170_facs_fish_0723_sorted_ctrl_72.png,ncih2170_facs_fish_0723_sorted_ctrl_72.tif,,/work/users/b/e/behnamie/ecDNA_Data/bioimage_archive/rgb/ncih2170_facs_fish_0723_sorted_ctrl_72.tif,/work/users/b/e/behnamie/ecDNA_Data/bioimage_archive/dapi/ncih2170_facs_fish_0723_sorted_ctrl_72.tif,/work/users/b/e/behnamie/ecDNA_Data/bioimage_archive/roi_mask/ncih2170_facs_fish_0723_sorted_ctrl_72.png,/work/users/b/e/behnamie/ecDNA_Data/bioimage_archive/gt_image/ncih2170_facs_fish_0723_sorted_ctrl_72.tif
ncih2170_facs_fish_0723_sorted_ctrl_74,NCI-H2170,train,train,True,True,False,False,1,rgb/ncih2170_facs_fish_0723_sorted_ctrl_74.tif,dapi/ncih2170_facs_fish_0723_sorted_ctrl_74.tif,roi_mask/ncih2170_facs_fish_0723_sorted_ctrl_74.png,gt_image/ncih2170_facs_fish_0723_sorted_ctrl_74.tif,,73,73,True,True,True,True,ncih2170_facs_fish_0723_sorted_ctrl_74.tif,ncih2170_facs_fish_0723_sorted_ctrl_74.tif,ncih2170_facs_fish_0723_sorted_ctrl_74.png,ncih2170_facs_fish_0723_sorted_ctrl_74.tif,,/work/users/b/e/behnamie/ecDNA_Data/bioimage_archive/rgb/ncih2170_facs_fish_0723_sorted_ctrl_74.tif,/work/users/b/e/behnamie/ecDNA_Data/bioimage_archive/dapi/ncih2170_facs_fish_0723_sorted_ctrl_74.tif,/work/users/b/e/behnamie/ecDNA_Data/bioimage_archive/roi_mask/ncih2170_facs_fish_0723_sorted_ctrl_74.png,/work/users/b/e/behnamie/ecDNA_Data/bioimage_archive/gt_image/ncih2170_facs_fish_0723_sorted_ctrl_74.tif
ncih2170_facs_fish_0723_sorted_ctrl_75,NCI-H2170,train,train,True,True,False,False,1,rgb/ncih2170_facs_fish_0723_sorted_ctrl_75.tif,dapi/ncih2170_facs_fish_0723_sorted_ctrl_75.tif,roi_mask/ncih2170_facs_fish_0723_sorted_ctrl_75.png,gt_image/ncih2170_facs_fish_0723_sorted_ctrl_75.tif,,205,205,True,True,True,True,ncih2170_facs_fish_0723_sorted_ctrl_75.tif,ncih2170_facs_fish_0723_sorted_ctrl_75.tif,ncih2170_facs_fish_0723_sorted_ctrl_75.png,ncih2170_facs_fish_0723_sorted_ctrl_75.tif,,/work/users/b/e/behnamie/ecDNA_Data/bioimage_archive/rgb/ncih2170_facs_fish_0723_sorted_ctrl_75.tif,/work/users/b/e/behnamie/ecDNA_Data/bioimage_archive/dapi/ncih2170_facs_fish_0723_sorted_ctrl_75.tif,/work/users/b/e/behnamie/ecDNA_Data/bioimage_archive/roi_mask/ncih2170_facs_fish_0723_sorted_ctrl_75.png,/work/users/b/e/behnamie/ecDNA_Data/bioimage_archive/gt_image/ncih2170_facs_fish_0723_sorted_ctrl_75.tif
ncih2170_facs_fish_0723_sorted_ctrl_76,NCI-H2170,train,train,True,True,False,False,1,rgb/ncih2170_facs_fish_0723_sorted_ctrl_76.tif,dapi/ncih2170_facs_fish_0723_sorted_ctrl_76.tif,roi_mask/ncih2170_facs_fish_0723_sorted_ctrl_76.png,gt_image/ncih2170_facs_fish_0723_sorted_ctrl_76.tif,,291,291,True,True,True,True,ncih2170_facs_fish_0723_sorted_ctrl_76.tif,ncih2170_facs_fish_0723_sorted_ctrl_76.tif,ncih2170_facs_fish_0723_sorted_ctrl_76.png,ncih2170_facs_fish_0723_sorted_ctrl_76.tif,,/work/users/b/e/behnamie/ecDNA_Data/bioimage_archive/rgb/ncih2170_facs_fish_0723_sorted_ctrl_76.tif,/work/users/b/e/behnamie/ecDNA_Data/bioimage_archive/dapi/ncih2170_facs_fish_0723_sorted_ctrl_76.tif,/work/users/b/e/behnamie/ecDNA_Data/bioimage_archive/roi_mask/ncih2170_facs_fish_0723_sorted_ctrl_76.png,/work/users/b/e/behnamie/ecDNA_Data/bioimage_archive/gt_image/ncih2170_facs_fish_0723_sorted_ctrl_76.tif
ncih2170_facs_fish_0723_sorted_ctrl_77,NCI-H2170,train,train,True,True,False,False,1,rgb/ncih2170_facs_fish_0723_sorted_ctrl_77.tif,dapi/ncih2170_facs_fish_0723_sorted_ctrl_77.tif,roi_mask/ncih2170_facs_fish_0723_sorted_ctrl_77.png,gt_image/ncih2170_facs_fish_0723_sorted_ctrl_77.tif,,199,202,True,True,True,True,ncih2170_facs_fish_0723_sorted_ctrl_77.tif,ncih2170_facs_fish_0723_sorted_ctrl_77.tif,ncih2170_facs_fish_0723_sorted_ctrl_77.png,ncih2170_facs_fish_0723_sorted_ctrl_77.tif,,/work/users/b/e/behnamie/ecDNA_Data/bioimage_archive/rgb/ncih2170_facs_fish_0723_sorted_ctrl_77.tif,/work/users/b/e/behnamie/ecDNA_Data/bioimage_archive/dapi/ncih2170_facs_fish_0723_sorted_ctrl_77.tif,/work/users/b/e/behnamie/ecDNA_Data/bioimage_archive/roi_mask/ncih2170_facs_fish_0723_sorted_ctrl_77.png,/work/users/b/e/behnamie/ecDNA_Data/bioimage_archive/gt_image/ncih2170_facs_fish_0723_sorted_ctrl_77.tif
ncih2170_facs_fish_0723_sorted_ctrl_79,NCI-H2170,train,train,True,True,False,False,1,rgb/ncih2170_facs_fish_0723_sorted_ctrl_79.tif,dapi/ncih2170_facs_fish_0723_sorted_ctrl_79.tif,roi_mask/ncih2170_facs_fish_0723_sorted_ctrl_79.png,gt_image/ncih2170_facs_fish_0723_sorted_ctrl_79.tif,,27,27,True,True,True,True,ncih2170_facs_fish_0723_sorted_ctrl_79.tif,ncih2170_facs_fish_0723_sorted_ctrl_79.tif,ncih2170_facs_fish_0723_sorted_ctrl_79.png,ncih2170_facs_fish_0723_sorted_ctrl_79.tif,,/work/users/b/e/behnamie/ecDNA_Data/bioimage_archive/rgb/ncih2170_facs_fish_0723_sorted_ctrl_79.tif,/work/users/b/e/behnamie/ecDNA_Data/bioimage_archive/dapi/ncih2170_facs_fish_0723_sorted_ctrl_79.tif,/work/users/b/e/behnamie/ecDNA_Data/bioimage_archive/roi_mask/ncih2170_facs_fish_0723_sorted_ctrl_79.png,/work/users/b/e/behnamie/ecDNA_Data/bioimage_archive/gt_image/ncih2170_facs_fish_0723_sorted_ctrl_79.tif
ncih2170_facs_fish_0723_sorted_ctrl_85,NCI-H2170,train,train,True,True,False,False,1,rgb/ncih2170_facs_fish_0723_sorted_ctrl_85.tif,dapi/ncih2170_facs_fish_0723_sorted_ctrl_85.tif,roi_mask/ncih2170_facs_fish_0723_sorted_ctrl_85.png,gt_image/ncih2170_facs_fish_0723_sorted_ctrl_85.tif,,249,249,True,True,True,True,ncih2170_facs_fish_0723_sorted_ctrl_85.tif,ncih2170_facs_fish_0723_sorted_ctrl_85.tif,ncih2170_facs_fish_0723_sorted_ctrl_85.png,ncih2170_facs_fish_0723_sorted_ctrl_85.tif,,/work/users/b/e/behnamie/ecDNA_Data/bioimage_archive/rgb/ncih2170_facs_fish_0723_sorted_ctrl_85.tif,/work/users/b/e/behnamie/ecDNA_Data/bioimage_archive/dapi/ncih2170_facs_fish_0723_sorted_ctrl_85.tif,/work/users/b/e/behnamie/ecDNA_Data/bioimage_archive/roi_mask/ncih2170_facs_fish_0723_sorted_ctrl_85.png,/work/users/b/e/behnamie/ecDNA_Data/bioimage_archive/gt_image/ncih2170_facs_fish_0723_sorted_ctrl_85.tif
ncih2170_facs_fish_0723_sorted_ctrl_87,NCI-H2170,train,train,True,True,False,False,1,rgb/ncih2170_facs_fish_0723_sorted_ctrl_87.tif,dapi/ncih2170_facs_fish_0723_sorted_ctrl_87.tif,roi_mask/ncih2170_facs_fish_0723_sorted_ctrl_87.png,gt_image/ncih2170_facs_fish_0723_sorted_ctrl_87.tif,,190,190,True,True,True,True,ncih2170_facs_fish_0723_sorted_ctrl_87.tif,ncih2170_facs_fish_0723_sorted_ctrl_87.tif,ncih2170_facs_fish_0723_sorted_ctrl_87.png,ncih2170_facs_fish_0723_sorted_ctrl_87.tif,,/work/users/b/e/behnamie/ecDNA_Data/bioimage_archive/rgb/ncih2170_facs_fish_0723_sorted_ctrl_87.tif,/work/users/b/e/behnamie/ecDNA_Data/bioimage_archive/dapi/ncih2170_facs_fish_0723_sorted_ctrl_87.tif,/work/users/b/e/behnamie/ecDNA_Data/bioimage_archive/roi_mask/ncih2170_facs_fish_0723_sorted_ctrl_87.png,/work/users/b/e/behnamie/ecDNA_Data/bioimage_archive/gt_image/ncih2170_facs_fish_0723_sorted_ctrl_87.tif
ncih2170_facs_fish_0723_sorted_ctrl_9,NCI-H2170,train,train,True,True,False,False,1,rgb/ncih2170_facs_fish_0723_sorted_ctrl_9.tif,dapi/ncih2170_facs_fish_0723_sorted_ctrl_9.tif,roi_mask/ncih2170_facs_fish_0723_sorted_ctrl_9.png,gt_image/ncih2170_facs_fish_0723_sorted_ctrl_9.tif,,87,87,True,True,True,True,ncih2170_facs_fish_0723_sorted_ctrl_9.tif,ncih2170_facs_fish_0723_sorted_ctrl_9.tif,ncih2170_facs_fish_0723_sorted_ctrl_9.png,ncih2170_facs_fish_0723_sorted_ctrl_9.tif,,/work/users/b/e/behnamie/ecDNA_Data/bioimage_archive/rgb/ncih2170_facs_fish_0723_sorted_ctrl_9.tif,/work/users/b/e/behnamie/ecDNA_Data/bioimage_archive/dapi/ncih2170_facs_fish_0723_sorted_ctrl_9.tif,/work/users/b/e/behnamie/ecDNA_Data/bioimage_archive/roi_mask/ncih2170_facs_fish_0723_sorted_ctrl_9.png,/work/users/b/e/behnamie/ecDNA_Data/bioimage_archive/gt_image/ncih2170_facs_fish_0723_sorted_ctrl_9.tif
ncih2170_facs_fish_0723_sorted_ctrl_99,NCI-H2170,train,train,True,True,False,False,1,rgb/ncih2170_facs_fish_0723_sorted_ctrl_99.tif,dapi/ncih2170_facs_fish_0723_sorted_ctrl_99.tif,roi_mask/ncih2170_facs_fish_0723_sorted_ctrl_99.png,gt_image/ncih2170_facs_fish_0723_sorted_ctrl_99.tif,,203,205,True,True,True,True,ncih2170_facs_fish_0723_sorted_ctrl_99.tif,ncih2170_facs_fish_0723_sorted_ctrl_99.tif,ncih2170_facs_fish_0723_sorted_ctrl_99.png,ncih2170_facs_fish_0723_sorted_ctrl_99.tif,,/work/users/b/e/behnamie/ecDNA_Data/bioimage_archive/rgb/ncih2170_facs_fish_0723_sorted_ctrl_99.tif,/work/users/b/e/behnamie/ecDNA_Data/bioimage_archive/dapi/ncih2170_facs_fish_0723_sorted_ctrl_99.tif,/work/users/b/e/behnamie/ecDNA_Data/bioimage_archive/roi_mask/ncih2170_facs_fish_0723_sorted_ctrl_99.png,/work/users/b/e/behnamie/ecDNA_Data/bioimage_archive/gt_image/ncih2170_facs_fish_0723_sorted_ctrl_99.tif
ncih2170_jc_jq1_ic50_24h_1,NCI-H2170,train,train,True,True,False,False,1,rgb/ncih2170_jc_jq1_ic50_24h_1.tif,dapi/ncih2170_jc_jq1_ic50_24h_1.tif,roi_mask/ncih2170_jc_jq1_ic50_24h_1.png,gt_image/ncih2170_jc_jq1_ic50_24h_1.tif,,83,83,True,True,True,True,ncih2170_jc_jq1_ic50_24h_1.tif,ncih2170_jc_jq1_ic50_24h_1.tif,ncih2170_jc_jq1_ic50_24h_1.png,ncih2170_jc_jq1_ic50_24h_1.tif,,/work/users/b/e/behnamie/ecDNA_Data/bioimage_archive/rgb/ncih2170_jc_jq1_ic50_24h_1.tif,/work/users/b/e/behnamie/ecDNA_Data/bioimage_archive/dapi/ncih2170_jc_jq1_ic50_24h_1.tif,/work/users/b/e/behnamie/ecDNA_Data/bioimage_archive/roi_mask/ncih2170_jc_jq1_ic50_24h_1.png,/work/users/b/e/behnamie/ecDNA_Data/bioimage_archive/gt_image/ncih2170_jc_jq1_ic50_24h_1.tif
ncih2170_jc_jq1_ic50_24h_101,NCI-H2170,train,train,True,True,False,False,1,rgb/ncih2170_jc_jq1_ic50_24h_101.tif,dapi/ncih2170_jc_jq1_ic50_24h_101.tif,roi_mask/ncih2170_jc_jq1_ic50_24h_101.png,gt_image/ncih2170_jc_jq1_ic50_24h_101.tif,,99,100,True,True,True,True,ncih2170_jc_jq1_ic50_24h_101.tif,ncih2170_jc_jq1_ic50_24h_101.tif,ncih2170_jc_jq1_ic50_24h_101.png,ncih2170_jc_jq1_ic50_24h_101.tif,,/work/users/b/e/behnamie/ecDNA_Data/bioimage_archive/rgb/ncih2170_jc_jq1_ic50_24h_101.tif,/work/users/b/e/behnamie/ecDNA_Data/bioimage_archive/dapi/ncih2170_jc_jq1_ic50_24h_101.tif,/work/users/b/e/behnamie/ecDNA_Data/bioimage_archive/roi_mask/ncih2170_jc_jq1_ic50_24h_101.png,/work/users/b/e/behnamie/ecDNA_Data/bioimage_archive/gt_image/ncih2170_jc_jq1_ic50_24h_101.tif
ncih2170_jc_jq1_ic50_24h_104,NCI-H2170,train,train,True,True,False,False,1,rgb/ncih2170_jc_jq1_ic50_24h_104.tif,dapi/ncih2170_jc_jq1_ic50_24h_104.tif,roi_mask/ncih2170_jc_jq1_ic50_24h_104.png,gt_image/ncih2170_jc_jq1_ic50_24h_104.tif,,74,75,True,True,True,True,ncih2170_jc_jq1_ic50_24h_104.tif,ncih2170_jc_jq1_ic50_24h_104.tif,ncih2170_jc_jq1_ic50_24h_104.png,ncih2170_jc_jq1_ic50_24h_104.tif,,/work/users/b/e/behnamie/ecDNA_Data/bioimage_archive/rgb/ncih2170_jc_jq1_ic50_24h_104.tif,/work/users/b/e/behnamie/ecDNA_Data/bioimage_archive/dapi/ncih2170_jc_jq1_ic50_24h_104.tif,/work/users/b/e/behnamie/ecDNA_Data/bioimage_archive/roi_mask/ncih2170_jc_jq1_ic50_24h_104.png,/work/users/b/e/behnamie/ecDNA_Data/bioimage_archive/gt_image/ncih2170_jc_jq1_ic50_24h_104.tif
ncih2170_jc_jq1_ic50_24h_106,NCI-H2170,train,train,True,True,False,False,1,rgb/ncih2170_jc_jq1_ic50_24h_106.tif,dapi/ncih2170_jc_jq1_ic50_24h_106.tif,roi_mask/ncih2170_jc_jq1_ic50_24h_106.png,gt_image/ncih2170_jc_jq1_ic50_24h_106.tif,,239,246,True,True,True,True,ncih2170_jc_jq1_ic50_24h_106.tif,ncih2170_jc_jq1_ic50_24h_106.tif,ncih2170_jc_jq1_ic50_24h_106.png,ncih2170_jc_jq1_ic50_24h_106.tif,,/work/users/b/e/behnamie/ecDNA_Data/bioimage_archive/rgb/ncih2170_jc_jq1_ic50_24h_106.tif,/work/users/b/e/behnamie/ecDNA_Data/bioimage_archive/dapi/ncih2170_jc_jq1_ic50_24h_106.tif,/work/users/b/e/behnamie/ecDNA_Data/bioimage_archive/roi_mask/ncih2170_jc_jq1_ic50_24h_106.png,/work/users/b/e/behnamie/ecDNA_Data/bioimage_archive/gt_image/ncih2170_jc_jq1_ic50_24h_106.tif
ncih2170_jc_jq1_ic50_24h_111,NCI-H2170,train,train,True,True,False,False,1,rgb/ncih2170_jc_jq1_ic50_24h_111.tif,dapi/ncih2170_jc_jq1_ic50_24h_111.tif,roi_mask/ncih2170_jc_jq1_ic50_24h_111.png,gt_image/ncih2170_jc_jq1_ic50_24h_111.tif,,128,130,True,True,True,True,ncih2170_jc_jq1_ic50_24h_111.tif,ncih2170_jc_jq1_ic50_24h_111.tif,ncih2170_jc_jq1_ic50_24h_111.png,ncih2170_jc_jq1_ic50_24h_111.tif,,/work/users/b/e/behnamie/ecDNA_Data/bioimage_archive/rgb/ncih2170_jc_jq1_ic50_24h_111.tif,/work/users/b/e/behnamie/ecDNA_Data/bioimage_archive/dapi/ncih2170_jc_jq1_ic50_24h_111.tif,/work/users/b/e/behnamie/ecDNA_Data/bioimage_archive/roi_mask/ncih2170_jc_jq1_ic50_24h_111.png,/work/users/b/e/behnamie/ecDNA_Data/bioimage_archive/gt_image/ncih2170_jc_jq1_ic50_24h_111.tif
ncih2170_jc_jq1_ic50_24h_112,NCI-H2170,train,train,True,True,False,False,1,rgb/ncih2170_jc_jq1_ic50_24h_112.tif,dapi/ncih2170_jc_jq1_ic50_24h_112.tif,roi_mask/ncih2170_jc_jq1_ic50_24h_112.png,gt_image/ncih2170_jc_jq1_ic50_24h_112.tif,,308,319,True,True,True,True,ncih2170_jc_jq1_ic50_24h_112.tif,ncih2170_jc_jq1_ic50_24h_112.tif,ncih2170_jc_jq1_ic50_24h_112.png,ncih2170_jc_jq1_ic50_24h_112.tif,,/work/users/b/e/behnamie/ecDNA_Data/bioimage_archive/rgb/ncih2170_jc_jq1_ic50_24h_112.tif,/work/users/b/e/behnamie/ecDNA_Data/bioimage_archive/dapi/ncih2170_jc_jq1_ic50_24h_112.tif,/work/users/b/e/behnamie/ecDNA_Data/bioimage_archive/roi_mask/ncih2170_jc_jq1_ic50_24h_112.png,/work/users/b/e/behnamie/ecDNA_Data/bioimage_archive/gt_image/ncih2170_jc_jq1_ic50_24h_112.tif
ncih2170_jc_jq1_ic50_24h_113,NCI-H2170,train,train,True,True,False,False,1,rgb/ncih2170_jc_jq1_ic50_24h_113.tif,dapi/ncih2170_jc_jq1_ic50_24h_113.tif,roi_mask/ncih2170_jc_jq1_ic50_24h_113.png,gt_image/ncih2170_jc_jq1_ic50_24h_113.tif,,200,203,True,True,True,True,ncih2170_jc_jq1_ic50_24h_113.tif,ncih2170_jc_jq1_ic50_24h_113.tif,ncih2170_jc_jq1_ic50_24h_113.png,ncih2170_jc_jq1_ic50_24h_113.tif,,/work/users/b/e/behnamie/ecDNA_Data/bioimage_archive/rgb/ncih2170_jc_jq1_ic50_24h_113.tif,/work/users/b/e/behnamie/ecDNA_Data/bioimage_archive/dapi/ncih2170_jc_jq1_ic50_24h_113.tif,/work/users/b/e/behnamie/ecDNA_Data/bioimage_archive/roi_mask/ncih2170_jc_jq1_ic50_24h_113.png,/work/users/b/e/behnamie/ecDNA_Data/bioimage_archive/gt_image/ncih2170_jc_jq1_ic50_24h_113.tif
ncih2170_jc_jq1_ic50_24h_114,NCI-H2170,train,train,True,True,False,False,1,rgb/ncih2170_jc_jq1_ic50_24h_114.tif,dapi/ncih2170_jc_jq1_ic50_24h_114.tif,roi_mask/ncih2170_jc_jq1_ic50_24h_114.png,gt_image/ncih2170_jc_jq1_ic50_24h_114.tif,,250,253,True,True,True,True,ncih2170_jc_jq1_ic50_24h_114.tif,ncih2170_jc_jq1_ic50_24h_114.tif,ncih2170_jc_jq1_ic50_24h_114.png,ncih2170_jc_jq1_ic50_24h_114.tif,,/work/users/b/e/behnamie/ecDNA_Data/bioimage_archive/rgb/ncih2170_jc_jq1_ic50_24h_114.tif,/work/users/b/e/behnamie/ecDNA_Data/bioimage_archive/dapi/ncih2170_jc_jq1_ic50_24h_114.tif,/work/users/b/e/behnamie/ecDNA_Data/bioimage_archive/roi_mask/ncih2170_jc_jq1_ic50_24h_114.png,/work/users/b/e/behnamie/ecDNA_Data/bioimage_archive/gt_image/ncih2170_jc_jq1_ic50_24h_114.tif
ncih2170_jc_jq1_ic50_24h_115,NCI-H2170,train,train,True,True,False,False,1,rgb/ncih2170_jc_jq1_ic50_24h_115.tif,dapi/ncih2170_jc_jq1_ic50_24h_115.tif,roi_mask/ncih2170_jc_jq1_ic50_24h_115.png,gt_image/ncih2170_jc_jq1_ic50_24h_115.tif,,180,187,True,True,True,True,ncih2170_jc_jq1_ic50_24h_115.tif,ncih2170_jc_jq1_ic50_24h_115.tif,ncih2170_jc_jq1_ic50_24h_115.png,ncih2170_jc_jq1_ic50_24h_115.tif,,/work/users/b/e/behnamie/ecDNA_Data/bioimage_archive/rgb/ncih2170_jc_jq1_ic50_24h_115.tif,/work/users/b/e/behnamie/ecDNA_Data/bioimage_archive/dapi/ncih2170_jc_jq1_ic50_24h_115.tif,/work/users/b/e/behnamie/ecDNA_Data/bioimage_archive/roi_mask/ncih2170_jc_jq1_ic50_24h_115.png,/work/users/b/e/behnamie/ecDNA_Data/bioimage_archive/gt_image/ncih2170_jc_jq1_ic50_24h_115.tif
ncih2170_jc_jq1_ic50_24h_117,NCI-H2170,train,train,True,True,False,False,1,rgb/ncih2170_jc_jq1_ic50_24h_117.tif,dapi/ncih2170_jc_jq1_ic50_24h_117.tif,roi_mask/ncih2170_jc_jq1_ic50_24h_117.png,gt_image/ncih2170_jc_jq1_ic50_24h_117.tif,,135,137,True,True,True,True,ncih2170_jc_jq1_ic50_24h_117.tif,ncih2170_jc_jq1_ic50_24h_117.tif,ncih2170_jc_jq1_ic50_24h_117.png,ncih2170_jc_jq1_ic50_24h_117.tif,,/work/users/b/e/behnamie/ecDNA_Data/bioimage_archive/rgb/ncih2170_jc_jq1_ic50_24h_117.tif,/work/users/b/e/behnamie/ecDNA_Data/bioimage_archive/dapi/ncih2170_jc_jq1_ic50_24h_117.tif,/work/users/b/e/behnamie/ecDNA_Data/bioimage_archive/roi_mask/ncih2170_jc_jq1_ic50_24h_117.png,/work/users/b/e/behnamie/ecDNA_Data/bioimage_archive/gt_image/ncih2170_jc_jq1_ic50_24h_117.tif
ncih2170_jc_jq1_ic50_24h_118,NCI-H2170,train,train,True,True,False,False,1,rgb/ncih2170_jc_jq1_ic50_24h_118.tif,dapi/ncih2170_jc_jq1_ic50_24h_118.tif,roi_mask/ncih2170_jc_jq1_ic50_24h_118.png,gt_image/ncih2170_jc_jq1_ic50_24h_118.tif,,105,108,True,True,True,True,ncih2170_jc_jq1_ic50_24h_118.tif,ncih2170_jc_jq1_ic50_24h_118.tif,ncih2170_jc_jq1_ic50_24h_118.png,ncih2170_jc_jq1_ic50_24h_118.tif,,/work/users/b/e/behnamie/ecDNA_Data/bioimage_archive/rgb/ncih2170_jc_jq1_ic50_24h_118.tif,/work/users/b/e/behnamie/ecDNA_Data/bioimage_archive/dapi/ncih2170_jc_jq1_ic50_24h_118.tif,/work/users/b/e/behnamie/ecDNA_Data/bioimage_archive/roi_mask/ncih2170_jc_jq1_ic50_24h_118.png,/work/users/b/e/behnamie/ecDNA_Data/bioimage_archive/gt_image/ncih2170_jc_jq1_ic50_24h_118.tif
ncih2170_jc_jq1_ic50_24h_119,NCI-H2170,train,train,True,True,False,False,1,rgb/ncih2170_jc_jq1_ic50_24h_119.tif,dapi/ncih2170_jc_jq1_ic50_24h_119.tif,roi_mask/ncih2170_jc_jq1_ic50_24h_119.png,gt_image/ncih2170_jc_jq1_ic50_24h_119.tif,,177,178,True,True,True,True,ncih2170_jc_jq1_ic50_24h_119.tif,ncih2170_jc_jq1_ic50_24h_119.tif,ncih2170_jc_jq1_ic50_24h_119.png,ncih2170_jc_jq1_ic50_24h_119.tif,,/work/users/b/e/behnamie/ecDNA_Data/bioimage_archive/rgb/ncih2170_jc_jq1_ic50_24h_119.tif,/work/users/b/e/behnamie/ecDNA_Data/bioimage_archive/dapi/ncih2170_jc_jq1_ic50_24h_119.tif,/work/users/b/e/behnamie/ecDNA_Data/bioimage_archive/roi_mask/ncih2170_jc_jq1_ic50_24h_119.png,/work/users/b/e/behnamie/ecDNA_Data/bioimage_archive/gt_image/ncih2170_jc_jq1_ic50_24h_119.tif
ncih2170_jc_jq1_ic50_24h_120,NCI-H2170,train,train,True,True,False,False,1,rgb/ncih2170_jc_jq1_ic50_24h_120.tif,dapi/ncih2170_jc_jq1_ic50_24h_120.tif,roi_mask/ncih2170_jc_jq1_ic50_24h_120.png,gt_image/ncih2170_jc_jq1_ic50_24h_120.tif,,143,154,True,True,True,True,ncih2170_jc_jq1_ic50_24h_120.tif,ncih2170_jc_jq1_ic50_24h_120.tif,ncih2170_jc_jq1_ic50_24h_120.png,ncih2170_jc_jq1_ic50_24h_120.tif,,/work/users/b/e/behnamie/ecDNA_Data/bioimage_archive/rgb/ncih2170_jc_jq1_ic50_24h_120.tif,/work/users/b/e/behnamie/ecDNA_Data/bioimage_archive/dapi/ncih2170_jc_jq1_ic50_24h_120.tif,/work/users/b/e/behnamie/ecDNA_Data/bioimage_archive/roi_mask/ncih2170_jc_jq1_ic50_24h_120.png,/work/users/b/e/behnamie/ecDNA_Data/bioimage_archive/gt_image/ncih2170_jc_jq1_ic50_24h_120.tif
ncih2170_jc_jq1_ic50_24h_2,NCI-H2170,train,train,True,True,False,False,1,rgb/ncih2170_jc_jq1_ic50_24h_2.tif,dapi/ncih2170_jc_jq1_ic50_24h_2.tif,roi_mask/ncih2170_jc_jq1_ic50_24h_2.png,gt_image/ncih2170_jc_jq1_ic50_24h_2.tif,,783,791,True,True,True,True,ncih2170_jc_jq1_ic50_24h_2.tif,ncih2170_jc_jq1_ic50_24h_2.tif,ncih2170_jc_jq1_ic50_24h_2.png,ncih2170_jc_jq1_ic50_24h_2.tif,,/work/users/b/e/behnamie/ecDNA_Data/bioimage_archive/rgb/ncih2170_jc_jq1_ic50_24h_2.tif,/work/users/b/e/behnamie/ecDNA_Data/bioimage_archive/dapi/ncih2170_jc_jq1_ic50_24h_2.tif,/work/users/b/e/behnamie/ecDNA_Data/bioimage_archive/roi_mask/ncih2170_jc_jq1_ic50_24h_2.png,/work/users/b/e/behnamie/ecDNA_Data/bioimage_archive/gt_image/ncih2170_jc_jq1_ic50_24h_2.tif
ncih2170_jc_jq1_ic50_24h_21,NCI-H2170,train,train,True,True,False,False,1,rgb/ncih2170_jc_jq1_ic50_24h_21.tif,dapi/ncih2170_jc_jq1_ic50_24h_21.tif,roi_mask/ncih2170_jc_jq1_ic50_24h_21.png,gt_image/ncih2170_jc_jq1_ic50_24h_21.tif,,180,186,True,True,True,True,ncih2170_jc_jq1_ic50_24h_21.tif,ncih2170_jc_jq1_ic50_24h_21.tif,ncih2170_jc_jq1_ic50_24h_21.png,ncih2170_jc_jq1_ic50_24h_21.tif,,/work/users/b/e/behnamie/ecDNA_Data/bioimage_archive/rgb/ncih2170_jc_jq1_ic50_24h_21.tif,/work/users/b/e/behnamie/ecDNA_Data/bioimage_archive/dapi/ncih2170_jc_jq1_ic50_24h_21.tif,/work/users/b/e/behnamie/ecDNA_Data/bioimage_archive/roi_mask/ncih2170_jc_jq1_ic50_24h_21.png,/work/users/b/e/behnamie/ecDNA_Data/bioimage_archive/gt_image/ncih2170_jc_jq1_ic50_24h_21.tif
ncih2170_jc_jq1_ic50_24h_24,NCI-H2170,train,train,True,True,False,False,1,rgb/ncih2170_jc_jq1_ic50_24h_24.tif,dapi/ncih2170_jc_jq1_ic50_24h_24.tif,roi_mask/ncih2170_jc_jq1_ic50_24h_24.png,gt_image/ncih2170_jc_jq1_ic50_24h_24.tif,,99,99,True,True,True,True,ncih2170_jc_jq1_ic50_24h_24.tif,ncih2170_jc_jq1_ic50_24h_24.tif,ncih2170_jc_jq1_ic50_24h_24.png,ncih2170_jc_jq1_ic50_24h_24.tif,,/work/users/b/e/behnamie/ecDNA_Data/bioimage_archive/rgb/ncih2170_jc_jq1_ic50_24h_24.tif,/work/users/b/e/behnamie/ecDNA_Data/bioimage_archive/dapi/ncih2170_jc_jq1_ic50_24h_24.tif,/work/users/b/e/behnamie/ecDNA_Data/bioimage_archive/roi_mask/ncih2170_jc_jq1_ic50_24h_24.png,/work/users/b/e/behnamie/ecDNA_Data/bioimage_archive/gt_image/ncih2170_jc_jq1_ic50_24h_24.tif
ncih2170_jc_jq1_ic50_24h_25,NCI-H2170,train,train,True,True,False,False,1,rgb/ncih2170_jc_jq1_ic50_24h_25.tif,dapi/ncih2170_jc_jq1_ic50_24h_25.tif,roi_mask/ncih2170_jc_jq1_ic50_24h_25.png,gt_image/ncih2170_jc_jq1_ic50_24h_25.tif,,93,95,True,True,True,True,ncih2170_jc_jq1_ic50_24h_25.tif,ncih2170_jc_jq1_ic50_24h_25.tif,ncih2170_jc_jq1_ic50_24h_25.png,ncih2170_jc_jq1_ic50_24h_25.tif,,/work/users/b/e/behnamie/ecDNA_Data/bioimage_archive/rgb/ncih2170_jc_jq1_ic50_24h_25.tif,/work/users/b/e/behnamie/ecDNA_Data/bioimage_archive/dapi/ncih2170_jc_jq1_ic50_24h_25.tif,/work/users/b/e/behnamie/ecDNA_Data/bioimage_archive/roi_mask/ncih2170_jc_jq1_ic50_24h_25.png,/work/users/b/e/behnamie/ecDNA_Data/bioimage_archive/gt_image/ncih2170_jc_jq1_ic50_24h_25.tif
ncih2170_jc_jq1_ic50_24h_26,NCI-H2170,train,train,True,True,False,False,1,rgb/ncih2170_jc_jq1_ic50_24h_26.tif,dapi/ncih2170_jc_jq1_ic50_24h_26.tif,roi_mask/ncih2170_jc_jq1_ic50_24h_26.png,gt_image/ncih2170_jc_jq1_ic50_24h_26.tif,,142,143,True,True,True,True,ncih2170_jc_jq1_ic50_24h_26.tif,ncih2170_jc_jq1_ic50_24h_26.tif,ncih2170_jc_jq1_ic50_24h_26.png,ncih2170_jc_jq1_ic50_24h_26.tif,,/work/users/b/e/behnamie/ecDNA_Data/bioimage_archive/rgb/ncih2170_jc_jq1_ic50_24h_26.tif,/work/users/b/e/behnamie/ecDNA_Data/bioimage_archive/dapi/ncih2170_jc_jq1_ic50_24h_26.tif,/work/users/b/e/behnamie/ecDNA_Data/bioimage_archive/roi_mask/ncih2170_jc_jq1_ic50_24h_26.png,/work/users/b/e/behnamie/ecDNA_Data/bioimage_archive/gt_image/ncih2170_jc_jq1_ic50_24h_26.tif
ncih2170_jc_jq1_ic50_24h_27,NCI-H2170,train,train,True,True,False,False,1,rgb/ncih2170_jc_jq1_ic50_24h_27.tif,dapi/ncih2170_jc_jq1_ic50_24h_27.tif,roi_mask/ncih2170_jc_jq1_ic50_24h_27.png,gt_image/ncih2170_jc_jq1_ic50_24h_27.tif,,438,451,True,True,True,True,ncih2170_jc_jq1_ic50_24h_27.tif,ncih2170_jc_jq1_ic50_24h_27.tif,ncih2170_jc_jq1_ic50_24h_27.png,ncih2170_jc_jq1_ic50_24h_27.tif,,/work/users/b/e/behnamie/ecDNA_Data/bioimage_archive/rgb/ncih2170_jc_jq1_ic50_24h_27.tif,/work/users/b/e/behnamie/ecDNA_Data/bioimage_archive/dapi/ncih2170_jc_jq1_ic50_24h_27.tif,/work/users/b/e/behnamie/ecDNA_Data/bioimage_archive/roi_mask/ncih2170_jc_jq1_ic50_24h_27.png,/work/users/b/e/behnamie/ecDNA_Data/bioimage_archive/gt_image/ncih2170_jc_jq1_ic50_24h_27.tif
ncih2170_jc_jq1_ic50_24h_29,NCI-H2170,train,train,True,True,False,False,1,rgb/ncih2170_jc_jq1_ic50_24h_29.tif,dapi/ncih2170_jc_jq1_ic50_24h_29.tif,roi_mask/ncih2170_jc_jq1_ic50_24h_29.png,gt_image/ncih2170_jc_jq1_ic50_24h_29.tif,,201,204,True,True,True,True,ncih2170_jc_jq1_ic50_24h_29.tif,ncih2170_jc_jq1_ic50_24h_29.tif,ncih2170_jc_jq1_ic50_24h_29.png,ncih2170_jc_jq1_ic50_24h_29.tif,,/work/users/b/e/behnamie/ecDNA_Data/bioimage_archive/rgb/ncih2170_jc_jq1_ic50_24h_29.tif,/work/users/b/e/behnamie/ecDNA_Data/bioimage_archive/dapi/ncih2170_jc_jq1_ic50_24h_29.tif,/work/users/b/e/behnamie/ecDNA_Data/bioimage_archive/roi_mask/ncih2170_jc_jq1_ic50_24h_29.png,/work/users/b/e/behnamie/ecDNA_Data/bioimage_archive/gt_image/ncih2170_jc_jq1_ic50_24h_29.tif
ncih2170_jc_jq1_ic50_24h_30,NCI-H2170,train,train,True,True,False,False,1,rgb/ncih2170_jc_jq1_ic50_24h_30.tif,dapi/ncih2170_jc_jq1_ic50_24h_30.tif,roi_mask/ncih2170_jc_jq1_ic50_24h_30.png,gt_image/ncih2170_jc_jq1_ic50_24h_30.tif,,163,170,True,True,True,True,ncih2170_jc_jq1_ic50_24h_30.tif,ncih2170_jc_jq1_ic50_24h_30.tif,ncih2170_jc_jq1_ic50_24h_30.png,ncih2170_jc_jq1_ic50_24h_30.tif,,/work/users/b/e/behnamie/ecDNA_Data/bioimage_archive/rgb/ncih2170_jc_jq1_ic50_24h_30.tif,/work/users/b/e/behnamie/ecDNA_Data/bioimage_archive/dapi/ncih2170_jc_jq1_ic50_24h_30.tif,/work/users/b/e/behnamie/ecDNA_Data/bioimage_archive/roi_mask/ncih2170_jc_jq1_ic50_24h_30.png,/work/users/b/e/behnamie/ecDNA_Data/bioimage_archive/gt_image/ncih2170_jc_jq1_ic50_24h_30.tif
ncih2170_jc_jq1_ic50_24h_31,NCI-H2170,train,train,True,True,False,False,1,rgb/ncih2170_jc_jq1_ic50_24h_31.tif,dapi/ncih2170_jc_jq1_ic50_24h_31.tif,roi_mask/ncih2170_jc_jq1_ic50_24h_31.png,gt_image/ncih2170_jc_jq1_ic50_24h_31.tif,,274,283,True,True,True,True,ncih2170_jc_jq1_ic50_24h_31.tif,ncih2170_jc_jq1_ic50_24h_31.tif,ncih2170_jc_jq1_ic50_24h_31.png,ncih2170_jc_jq1_ic50_24h_31.tif,,/work/users/b/e/behnamie/ecDNA_Data/bioimage_archive/rgb/ncih2170_jc_jq1_ic50_24h_31.tif,/work/users/b/e/behnamie/ecDNA_Data/bioimage_archive/dapi/ncih2170_jc_jq1_ic50_24h_31.tif,/work/users/b/e/behnamie/ecDNA_Data/bioimage_archive/roi_mask/ncih2170_jc_jq1_ic50_24h_31.png,/work/users/b/e/behnamie/ecDNA_Data/bioimage_archive/gt_image/ncih2170_jc_jq1_ic50_24h_31.tif
ncih2170_jc_jq1_ic50_24h_33,NCI-H2170,train,train,True,True,False,False,1,rgb/ncih2170_jc_jq1_ic50_24h_33.tif,dapi/ncih2170_jc_jq1_ic50_24h_33.tif,roi_mask/ncih2170_jc_jq1_ic50_24h_33.png,gt_image/ncih2170_jc_jq1_ic50_24h_33.tif,,121,123,True,True,True,True,ncih2170_jc_jq1_ic50_24h_33.tif,ncih2170_jc_jq1_ic50_24h_33.tif,ncih2170_jc_jq1_ic50_24h_33.png,ncih2170_jc_jq1_ic50_24h_33.tif,,/work/users/b/e/behnamie/ecDNA_Data/bioimage_archive/rgb/ncih2170_jc_jq1_ic50_24h_33.tif,/work/users/b/e/behnamie/ecDNA_Data/bioimage_archive/dapi/ncih2170_jc_jq1_ic50_24h_33.tif,/work/users/b/e/behnamie/ecDNA_Data/bioimage_archive/roi_mask/ncih2170_jc_jq1_ic50_24h_33.png,/work/users/b/e/behnamie/ecDNA_Data/bioimage_archive/gt_image/ncih2170_jc_jq1_ic50_24h_33.tif
ncih2170_jc_jq1_ic50_24h_40,NCI-H2170,train,train,True,True,False,False,1,rgb/ncih2170_jc_jq1_ic50_24h_40.tif,dapi/ncih2170_jc_jq1_ic50_24h_40.tif,roi_mask/ncih2170_jc_jq1_ic50_24h_40.png,gt_image/ncih2170_jc_jq1_ic50_24h_40.tif,,406,418,True,True,True,True,ncih2170_jc_jq1_ic50_24h_40.tif,ncih2170_jc_jq1_ic50_24h_40.tif,ncih2170_jc_jq1_ic50_24h_40.png,ncih2170_jc_jq1_ic50_24h_40.tif,,/work/users/b/e/behnamie/ecDNA_Data/bioimage_archive/rgb/ncih2170_jc_jq1_ic50_24h_40.tif,/work/users/b/e/behnamie/ecDNA_Data/bioimage_archive/dapi/ncih2170_jc_jq1_ic50_24h_40.tif,/work/users/b/e/behnamie/ecDNA_Data/bioimage_archive/roi_mask/ncih2170_jc_jq1_ic50_24h_40.png,/work/users/b/e/behnamie/ecDNA_Data/bioimage_archive/gt_image/ncih2170_jc_jq1_ic50_24h_40.tif
ncih2170_jc_jq1_ic50_24h_41,NCI-H2170,train,train,True,True,False,False,1,rgb/ncih2170_jc_jq1_ic50_24h_41.tif,dapi/ncih2170_jc_jq1_ic50_24h_41.tif,roi_mask/ncih2170_jc_jq1_ic50_24h_41.png,gt_image/ncih2170_jc_jq1_ic50_24h_41.tif,,69,73,True,True,True,True,ncih2170_jc_jq1_ic50_24h_41.tif,ncih2170_jc_jq1_ic50_24h_41.tif,ncih2170_jc_jq1_ic50_24h_41.png,ncih2170_jc_jq1_ic50_24h_41.tif,,/work/users/b/e/behnamie/ecDNA_Data/bioimage_archive/rgb/ncih2170_jc_jq1_ic50_24h_41.tif,/work/users/b/e/behnamie/ecDNA_Data/bioimage_archive/dapi/ncih2170_jc_jq1_ic50_24h_41.tif,/work/users/b/e/behnamie/ecDNA_Data/bioimage_archive/roi_mask/ncih2170_jc_jq1_ic50_24h_41.png,/work/users/b/e/behnamie/ecDNA_Data/bioimage_archive/gt_image/ncih2170_jc_jq1_ic50_24h_41.tif
ncih2170_jc_jq1_ic50_24h_42,NCI-H2170,train,train,True,True,False,False,1,rgb/ncih2170_jc_jq1_ic50_24h_42.tif,dapi/ncih2170_jc_jq1_ic50_24h_42.tif,roi_mask/ncih2170_jc_jq1_ic50_24h_42.png,gt_image/ncih2170_jc_jq1_ic50_24h_42.tif,,51,51,True,True,True,True,ncih2170_jc_jq1_ic50_24h_42.tif,ncih2170_jc_jq1_ic50_24h_42.tif,ncih2170_jc_jq1_ic50_24h_42.png,ncih2170_jc_jq1_ic50_24h_42.tif,,/work/users/b/e/behnamie/ecDNA_Data/bioimage_archive/rgb/ncih2170_jc_jq1_ic50_24h_42.tif,/work/users/b/e/behnamie/ecDNA_Data/bioimage_archive/dapi/ncih2170_jc_jq1_ic50_24h_42.tif,/work/users/b/e/behnamie/ecDNA_Data/bioimage_archive/roi_mask/ncih2170_jc_jq1_ic50_24h_42.png,/work/users/b/e/behnamie/ecDNA_Data/bioimage_archive/gt_image/ncih2170_jc_jq1_ic50_24h_42.tif
ncih2170_jc_jq1_ic50_24h_47,NCI-H2170,train,train,True,True,False,False,1,rgb/ncih2170_jc_jq1_ic50_24h_47.tif,dapi/ncih2170_jc_jq1_ic50_24h_47.tif,roi_mask/ncih2170_jc_jq1_ic50_24h_47.png,gt_image/ncih2170_jc_jq1_ic50_24h_47.tif,,120,122,True,True,True,True,ncih2170_jc_jq1_ic50_24h_47.tif,ncih2170_jc_jq1_ic50_24h_47.tif,ncih2170_jc_jq1_ic50_24h_47.png,ncih2170_jc_jq1_ic50_24h_47.tif,,/work/users/b/e/behnamie/ecDNA_Data/bioimage_archive/rgb/ncih2170_jc_jq1_ic50_24h_47.tif,/work/users/b/e/behnamie/ecDNA_Data/bioimage_archive/dapi/ncih2170_jc_jq1_ic50_24h_47.tif,/work/users/b/e/behnamie/ecDNA_Data/bioimage_archive/roi_mask/ncih2170_jc_jq1_ic50_24h_47.png,/work/users/b/e/behnamie/ecDNA_Data/bioimage_archive/gt_image/ncih2170_jc_jq1_ic50_24h_47.tif
ncih2170_jc_jq1_ic50_24h_5,NCI-H2170,train,train,True,True,False,False,1,rgb/ncih2170_jc_jq1_ic50_24h_5.tif,dapi/ncih2170_jc_jq1_ic50_24h_5.tif,roi_mask/ncih2170_jc_jq1_ic50_24h_5.png,gt_image/ncih2170_jc_jq1_ic50_24h_5.tif,,86,86,True,True,True,True,ncih2170_jc_jq1_ic50_24h_5.tif,ncih2170_jc_jq1_ic50_24h_5.tif,ncih2170_jc_jq1_ic50_24h_5.png,ncih2170_jc_jq1_ic50_24h_5.tif,,/work/users/b/e/behnamie/ecDNA_Data/bioimage_archive/rgb/ncih2170_jc_jq1_ic50_24h_5.tif,/work/users/b/e/behnamie/ecDNA_Data/bioimage_archive/dapi/ncih2170_jc_jq1_ic50_24h_5.tif,/work/users/b/e/behnamie/ecDNA_Data/bioimage_archive/roi_mask/ncih2170_jc_jq1_ic50_24h_5.png,/work/users/b/e/behnamie/ecDNA_Data/bioimage_archive/gt_image/ncih2170_jc_jq1_ic50_24h_5.tif
ncih2170_jc_jq1_ic50_24h_51,NCI-H2170,train,train,True,True,False,False,1,rgb/ncih2170_jc_jq1_ic50_24h_51.tif,dapi/ncih2170_jc_jq1_ic50_24h_51.tif,roi_mask/ncih2170_jc_jq1_ic50_24h_51.png,gt_image/ncih2170_jc_jq1_ic50_24h_51.tif,,323,323,True,True,True,True,ncih2170_jc_jq1_ic50_24h_51.tif,ncih2170_jc_jq1_ic50_24h_51.tif,ncih2170_jc_jq1_ic50_24h_51.png,ncih2170_jc_jq1_ic50_24h_51.tif,,/work/users/b/e/behnamie/ecDNA_Data/bioimage_archive/rgb/ncih2170_jc_jq1_ic50_24h_51.tif,/work/users/b/e/behnamie/ecDNA_Data/bioimage_archive/dapi/ncih2170_jc_jq1_ic50_24h_51.tif,/work/users/b/e/behnamie/ecDNA_Data/bioimage_archive/roi_mask/ncih2170_jc_jq1_ic50_24h_51.png,/work/users/b/e/behnamie/ecDNA_Data/bioimage_archive/gt_image/ncih2170_jc_jq1_ic50_24h_51.tif
ncih2170_jc_jq1_ic50_24h_53,NCI-H2170,train,train,True,True,False,False,1,rgb/ncih2170_jc_jq1_ic50_24h_53.tif,dapi/ncih2170_jc_jq1_ic50_24h_53.tif,roi_mask/ncih2170_jc_jq1_ic50_24h_53.png,gt_image/ncih2170_jc_jq1_ic50_24h_53.tif,,127,134,True,True,True,True,ncih2170_jc_jq1_ic50_24h_53.tif,ncih2170_jc_jq1_ic50_24h_53.tif,ncih2170_jc_jq1_ic50_24h_53.png,ncih2170_jc_jq1_ic50_24h_53.tif,,/work/users/b/e/behnamie/ecDNA_Data/bioimage_archive/rgb/ncih2170_jc_jq1_ic50_24h_53.tif,/work/users/b/e/behnamie/ecDNA_Data/bioimage_archive/dapi/ncih2170_jc_jq1_ic50_24h_53.tif,/work/users/b/e/behnamie/ecDNA_Data/bioimage_archive/roi_mask/ncih2170_jc_jq1_ic50_24h_53.png,/work/users/b/e/behnamie/ecDNA_Data/bioimage_archive/gt_image/ncih2170_jc_jq1_ic50_24h_53.tif
ncih2170_jc_jq1_ic50_24h_54,NCI-H2170,train,train,True,True,False,False,1,rgb/ncih2170_jc_jq1_ic50_24h_54.tif,dapi/ncih2170_jc_jq1_ic50_24h_54.tif,roi_mask/ncih2170_jc_jq1_ic50_24h_54.png,gt_image/ncih2170_jc_jq1_ic50_24h_54.tif,,101,103,True,True,True,True,ncih2170_jc_jq1_ic50_24h_54.tif,ncih2170_jc_jq1_ic50_24h_54.tif,ncih2170_jc_jq1_ic50_24h_54.png,ncih2170_jc_jq1_ic50_24h_54.tif,,/work/users/b/e/behnamie/ecDNA_Data/bioimage_archive/rgb/ncih2170_jc_jq1_ic50_24h_54.tif,/work/users/b/e/behnamie/ecDNA_Data/bioimage_archive/dapi/ncih2170_jc_jq1_ic50_24h_54.tif,/work/users/b/e/behnamie/ecDNA_Data/bioimage_archive/roi_mask/ncih2170_jc_jq1_ic50_24h_54.png,/work/users/b/e/behnamie/ecDNA_Data/bioimage_archive/gt_image/ncih2170_jc_jq1_ic50_24h_54.tif
ncih2170_jc_jq1_ic50_24h_56,NCI-H2170,train,train,True,True,False,False,1,rgb/ncih2170_jc_jq1_ic50_24h_56.tif,dapi/ncih2170_jc_jq1_ic50_24h_56.tif,roi_mask/ncih2170_jc_jq1_ic50_24h_56.png,gt_image/ncih2170_jc_jq1_ic50_24h_56.tif,,265,265,True,True,True,True,ncih2170_jc_jq1_ic50_24h_56.tif,ncih2170_jc_jq1_ic50_24h_56.tif,ncih2170_jc_jq1_ic50_24h_56.png,ncih2170_jc_jq1_ic50_24h_56.tif,,/work/users/b/e/behnamie/ecDNA_Data/bioimage_archive/rgb/ncih2170_jc_jq1_ic50_24h_56.tif,/work/users/b/e/behnamie/ecDNA_Data/bioimage_archive/dapi/ncih2170_jc_jq1_ic50_24h_56.tif,/work/users/b/e/behnamie/ecDNA_Data/bioimage_archive/roi_mask/ncih2170_jc_jq1_ic50_24h_56.png,/work/users/b/e/behnamie/ecDNA_Data/bioimage_archive/gt_image/ncih2170_jc_jq1_ic50_24h_56.tif
ncih2170_jc_jq1_ic50_24h_61,NCI-H2170,train,train,True,True,False,False,1,rgb/ncih2170_jc_jq1_ic50_24h_61.tif,dapi/ncih2170_jc_jq1_ic50_24h_61.tif,roi_mask/ncih2170_jc_jq1_ic50_24h_61.png,gt_image/ncih2170_jc_jq1_ic50_24h_61.tif,,50,52,True,True,True,True,ncih2170_jc_jq1_ic50_24h_61.tif,ncih2170_jc_jq1_ic50_24h_61.tif,ncih2170_jc_jq1_ic50_24h_61.png,ncih2170_jc_jq1_ic50_24h_61.tif,,/work/users/b/e/behnamie/ecDNA_Data/bioimage_archive/rgb/ncih2170_jc_jq1_ic50_24h_61.tif,/work/users/b/e/behnamie/ecDNA_Data/bioimage_archive/dapi/ncih2170_jc_jq1_ic50_24h_61.tif,/work/users/b/e/behnamie/ecDNA_Data/bioimage_archive/roi_mask/ncih2170_jc_jq1_ic50_24h_61.png,/work/users/b/e/behnamie/ecDNA_Data/bioimage_archive/gt_image/ncih2170_jc_jq1_ic50_24h_61.tif
ncih2170_jc_jq1_ic50_24h_62,NCI-H2170,train,train,True,True,False,False,1,rgb/ncih2170_jc_jq1_ic50_24h_62.tif,dapi/ncih2170_jc_jq1_ic50_24h_62.tif,roi_mask/ncih2170_jc_jq1_ic50_24h_62.png,gt_image/ncih2170_jc_jq1_ic50_24h_62.tif,,155,163,True,True,True,True,ncih2170_jc_jq1_ic50_24h_62.tif,ncih2170_jc_jq1_ic50_24h_62.tif,ncih2170_jc_jq1_ic50_24h_62.png,ncih2170_jc_jq1_ic50_24h_62.tif,,/work/users/b/e/behnamie/ecDNA_Data/bioimage_archive/rgb/ncih2170_jc_jq1_ic50_24h_62.tif,/work/users/b/e/behnamie/ecDNA_Data/bioimage_archive/dapi/ncih2170_jc_jq1_ic50_24h_62.tif,/work/users/b/e/behnamie/ecDNA_Data/bioimage_archive/roi_mask/ncih2170_jc_jq1_ic50_24h_62.png,/work/users/b/e/behnamie/ecDNA_Data/bioimage_archive/gt_image/ncih2170_jc_jq1_ic50_24h_62.tif
ncih2170_jc_jq1_ic50_24h_64,NCI-H2170,train,train,True,True,False,False,1,rgb/ncih2170_jc_jq1_ic50_24h_64.tif,dapi/ncih2170_jc_jq1_ic50_24h_64.tif,roi_mask/ncih2170_jc_jq1_ic50_24h_64.png,gt_image/ncih2170_jc_jq1_ic50_24h_64.tif,,102,102,True,True,True,True,ncih2170_jc_jq1_ic50_24h_64.tif,ncih2170_jc_jq1_ic50_24h_64.tif,ncih2170_jc_jq1_ic50_24h_64.png,ncih2170_jc_jq1_ic50_24h_64.tif,,/work/users/b/e/behnamie/ecDNA_Data/bioimage_archive/rgb/ncih2170_jc_jq1_ic50_24h_64.tif,/work/users/b/e/behnamie/ecDNA_Data/bioimage_archive/dapi/ncih2170_jc_jq1_ic50_24h_64.tif,/work/users/b/e/behnamie/ecDNA_Data/bioimage_archive/roi_mask/ncih2170_jc_jq1_ic50_24h_64.png,/work/users/b/e/behnamie/ecDNA_Data/bioimage_archive/gt_image/ncih2170_jc_jq1_ic50_24h_64.tif
ncih2170_jc_jq1_ic50_24h_66,NCI-H2170,train,train,True,True,False,False,1,rgb/ncih2170_jc_jq1_ic50_24h_66.tif,dapi/ncih2170_jc_jq1_ic50_24h_66.tif,roi_mask/ncih2170_jc_jq1_ic50_24h_66.png,gt_image/ncih2170_jc_jq1_ic50_24h_66.tif,,246,249,True,True,True,True,ncih2170_jc_jq1_ic50_24h_66.tif,ncih2170_jc_jq1_ic50_24h_66.tif,ncih2170_jc_jq1_ic50_24h_66.png,ncih2170_jc_jq1_ic50_24h_66.tif,,/work/users/b/e/behnamie/ecDNA_Data/bioimage_archive/rgb/ncih2170_jc_jq1_ic50_24h_66.tif,/work/users/b/e/behnamie/ecDNA_Data/bioimage_archive/dapi/ncih2170_jc_jq1_ic50_24h_66.tif,/work/users/b/e/behnamie/ecDNA_Data/bioimage_archive/roi_mask/ncih2170_jc_jq1_ic50_24h_66.png,/work/users/b/e/behnamie/ecDNA_Data/bioimage_archive/gt_image/ncih2170_jc_jq1_ic50_24h_66.tif
ncih2170_jc_jq1_ic50_24h_67,NCI-H2170,train,train,True,True,False,False,1,rgb/ncih2170_jc_jq1_ic50_24h_67.tif,dapi/ncih2170_jc_jq1_ic50_24h_67.tif,roi_mask/ncih2170_jc_jq1_ic50_24h_67.png,gt_image/ncih2170_jc_jq1_ic50_24h_67.tif,,118,122,True,True,True,True,ncih2170_jc_jq1_ic50_24h_67.tif,ncih2170_jc_jq1_ic50_24h_67.tif,ncih2170_jc_jq1_ic50_24h_67.png,ncih2170_jc_jq1_ic50_24h_67.tif,,/work/users/b/e/behnamie/ecDNA_Data/bioimage_archive/rgb/ncih2170_jc_jq1_ic50_24h_67.tif,/work/users/b/e/behnamie/ecDNA_Data/bioimage_archive/dapi/ncih2170_jc_jq1_ic50_24h_67.tif,/work/users/b/e/behnamie/ecDNA_Data/bioimage_archive/roi_mask/ncih2170_jc_jq1_ic50_24h_67.png,/work/users/b/e/behnamie/ecDNA_Data/bioimage_archive/gt_image/ncih2170_jc_jq1_ic50_24h_67.tif
ncih2170_jc_jq1_ic50_24h_68,NCI-H2170,train,train,True,True,False,False,1,rgb/ncih2170_jc_jq1_ic50_24h_68.tif,dapi/ncih2170_jc_jq1_ic50_24h_68.tif,roi_mask/ncih2170_jc_jq1_ic50_24h_68.png,gt_image/ncih2170_jc_jq1_ic50_24h_68.tif,,160,162,True,True,True,True,ncih2170_jc_jq1_ic50_24h_68.tif,ncih2170_jc_jq1_ic50_24h_68.tif,ncih2170_jc_jq1_ic50_24h_68.png,ncih2170_jc_jq1_ic50_24h_68.tif,,/work/users/b/e/behnamie/ecDNA_Data/bioimage_archive/rgb/ncih2170_jc_jq1_ic50_24h_68.tif,/work/users/b/e/behnamie/ecDNA_Data/bioimage_archive/dapi/ncih2170_jc_jq1_ic50_24h_68.tif,/work/users/b/e/behnamie/ecDNA_Data/bioimage_archive/roi_mask/ncih2170_jc_jq1_ic50_24h_68.png,/work/users/b/e/behnamie/ecDNA_Data/bioimage_archive/gt_image/ncih2170_jc_jq1_ic50_24h_68.tif
ncih2170_jc_jq1_ic50_24h_69,NCI-H2170,train,train,True,True,False,False,1,rgb/ncih2170_jc_jq1_ic50_24h_69.tif,dapi/ncih2170_jc_jq1_ic50_24h_69.tif,roi_mask/ncih2170_jc_jq1_ic50_24h_69.png,gt_image/ncih2170_jc_jq1_ic50_24h_69.tif,,62,64,True,True,True,True,ncih2170_jc_jq1_ic50_24h_69.tif,ncih2170_jc_jq1_ic50_24h_69.tif,ncih2170_jc_jq1_ic50_24h_69.png,ncih2170_jc_jq1_ic50_24h_69.tif,,/work/users/b/e/behnamie/ecDNA_Data/bioimage_archive/rgb/ncih2170_jc_jq1_ic50_24h_69.tif,/work/users/b/e/behnamie/ecDNA_Data/bioimage_archive/dapi/ncih2170_jc_jq1_ic50_24h_69.tif,/work/users/b/e/behnamie/ecDNA_Data/bioimage_archive/roi_mask/ncih2170_jc_jq1_ic50_24h_69.png,/work/users/b/e/behnamie/ecDNA_Data/bioimage_archive/gt_image/ncih2170_jc_jq1_ic50_24h_69.tif
ncih2170_jc_jq1_ic50_24h_72,NCI-H2170,train,train,True,True,False,False,1,rgb/ncih2170_jc_jq1_ic50_24h_72.tif,dapi/ncih2170_jc_jq1_ic50_24h_72.tif,roi_mask/ncih2170_jc_jq1_ic50_24h_72.png,gt_image/ncih2170_jc_jq1_ic50_24h_72.tif,,94,94,True,True,True,True,ncih2170_jc_jq1_ic50_24h_72.tif,ncih2170_jc_jq1_ic50_24h_72.tif,ncih2170_jc_jq1_ic50_24h_72.png,ncih2170_jc_jq1_ic50_24h_72.tif,,/work/users/b/e/behnamie/ecDNA_Data/bioimage_archive/rgb/ncih2170_jc_jq1_ic50_24h_72.tif,/work/users/b/e/behnamie/ecDNA_Data/bioimage_archive/dapi/ncih2170_jc_jq1_ic50_24h_72.tif,/work/users/b/e/behnamie/ecDNA_Data/bioimage_archive/roi_mask/ncih2170_jc_jq1_ic50_24h_72.png,/work/users/b/e/behnamie/ecDNA_Data/bioimage_archive/gt_image/ncih2170_jc_jq1_ic50_24h_72.tif
ncih2170_jc_jq1_ic50_24h_73,NCI-H2170,train,train,True,True,False,False,1,rgb/ncih2170_jc_jq1_ic50_24h_73.tif,dapi/ncih2170_jc_jq1_ic50_24h_73.tif,roi_mask/ncih2170_jc_jq1_ic50_24h_73.png,gt_image/ncih2170_jc_jq1_ic50_24h_73.tif,,123,123,True,True,True,True,ncih2170_jc_jq1_ic50_24h_73.tif,ncih2170_jc_jq1_ic50_24h_73.tif,ncih2170_jc_jq1_ic50_24h_73.png,ncih2170_jc_jq1_ic50_24h_73.tif,,/work/users/b/e/behnamie/ecDNA_Data/bioimage_archive/rgb/ncih2170_jc_jq1_ic50_24h_73.tif,/work/users/b/e/behnamie/ecDNA_Data/bioimage_archive/dapi/ncih2170_jc_jq1_ic50_24h_73.tif,/work/users/b/e/behnamie/ecDNA_Data/bioimage_archive/roi_mask/ncih2170_jc_jq1_ic50_24h_73.png,/work/users/b/e/behnamie/ecDNA_Data/bioimage_archive/gt_image/ncih2170_jc_jq1_ic50_24h_73.tif
ncih2170_jc_jq1_ic50_24h_74,NCI-H2170,train,train,True,True,False,False,1,rgb/ncih2170_jc_jq1_ic50_24h_74.tif,dapi/ncih2170_jc_jq1_ic50_24h_74.tif,roi_mask/ncih2170_jc_jq1_ic50_24h_74.png,gt_image/ncih2170_jc_jq1_ic50_24h_74.tif,,314,330,True,True,True,True,ncih2170_jc_jq1_ic50_24h_74.tif,ncih2170_jc_jq1_ic50_24h_74.tif,ncih2170_jc_jq1_ic50_24h_74.png,ncih2170_jc_jq1_ic50_24h_74.tif,,/work/users/b/e/behnamie/ecDNA_Data/bioimage_archive/rgb/ncih2170_jc_jq1_ic50_24h_74.tif,/work/users/b/e/behnamie/ecDNA_Data/bioimage_archive/dapi/ncih2170_jc_jq1_ic50_24h_74.tif,/work/users/b/e/behnamie/ecDNA_Data/bioimage_archive/roi_mask/ncih2170_jc_jq1_ic50_24h_74.png,/work/users/b/e/behnamie/ecDNA_Data/bioimage_archive/gt_image/ncih2170_jc_jq1_ic50_24h_74.tif
ncih2170_jc_jq1_ic50_24h_75,NCI-H2170,train,train,True,True,False,False,1,rgb/ncih2170_jc_jq1_ic50_24h_75.tif,dapi/ncih2170_jc_jq1_ic50_24h_75.tif,roi_mask/ncih2170_jc_jq1_ic50_24h_75.png,gt_image/ncih2170_jc_jq1_ic50_24h_75.tif,,111,119,True,True,True,True,ncih2170_jc_jq1_ic50_24h_75.tif,ncih2170_jc_jq1_ic50_24h_75.tif,ncih2170_jc_jq1_ic50_24h_75.png,ncih2170_jc_jq1_ic50_24h_75.tif,,/work/users/b/e/behnamie/ecDNA_Data/bioimage_archive/rgb/ncih2170_jc_jq1_ic50_24h_75.tif,/work/users/b/e/behnamie/ecDNA_Data/bioimage_archive/dapi/ncih2170_jc_jq1_ic50_24h_75.tif,/work/users/b/e/behnamie/ecDNA_Data/bioimage_archive/roi_mask/ncih2170_jc_jq1_ic50_24h_75.png,/work/users/b/e/behnamie/ecDNA_Data/bioimage_archive/gt_image/ncih2170_jc_jq1_ic50_24h_75.tif
ncih2170_jc_jq1_ic50_24h_76_a,NCI-H2170,train,train,True,True,False,False,1,rgb/ncih2170_jc_jq1_ic50_24h_76_a.tif,dapi/ncih2170_jc_jq1_ic50_24h_76_a.tif,roi_mask/ncih2170_jc_jq1_ic50_24h_76_a.png,gt_image/ncih2170_jc_jq1_ic50_24h_76_a.tif,,149,149,True,True,True,True,ncih2170_jc_jq1_ic50_24h_76_a.tif,ncih2170_jc_jq1_ic50_24h_76_a.tif,ncih2170_jc_jq1_ic50_24h_76_a.png,ncih2170_jc_jq1_ic50_24h_76_a.tif,,/work/users/b/e/behnamie/ecDNA_Data/bioimage_archive/rgb/ncih2170_jc_jq1_ic50_24h_76_a.tif,/work/users/b/e/behnamie/ecDNA_Data/bioimage_archive/dapi/ncih2170_jc_jq1_ic50_24h_76_a.tif,/work/users/b/e/behnamie/ecDNA_Data/bioimage_archive/roi_mask/ncih2170_jc_jq1_ic50_24h_76_a.png,/work/users/b/e/behnamie/ecDNA_Data/bioimage_archive/gt_image/ncih2170_jc_jq1_ic50_24h_76_a.tif
ncih2170_jc_jq1_ic50_24h_79,NCI-H2170,train,train,True,True,False,False,1,rgb/ncih2170_jc_jq1_ic50_24h_79.tif,dapi/ncih2170_jc_jq1_ic50_24h_79.tif,roi_mask/ncih2170_jc_jq1_ic50_24h_79.png,gt_image/ncih2170_jc_jq1_ic50_24h_79.tif,,110,110,True,True,True,True,ncih2170_jc_jq1_ic50_24h_79.tif,ncih2170_jc_jq1_ic50_24h_79.tif,ncih2170_jc_jq1_ic50_24h_79.png,ncih2170_jc_jq1_ic50_24h_79.tif,,/work/users/b/e/behnamie/ecDNA_Data/bioimage_archive/rgb/ncih2170_jc_jq1_ic50_24h_79.tif,/work/users/b/e/behnamie/ecDNA_Data/bioimage_archive/dapi/ncih2170_jc_jq1_ic50_24h_79.tif,/work/users/b/e/behnamie/ecDNA_Data/bioimage_archive/roi_mask/ncih2170_jc_jq1_ic50_24h_79.png,/work/users/b/e/behnamie/ecDNA_Data/bioimage_archive/gt_image/ncih2170_jc_jq1_ic50_24h_79.tif
ncih2170_jc_jq1_ic50_24h_89,NCI-H2170,train,train,True,True,False,False,1,rgb/ncih2170_jc_jq1_ic50_24h_89.tif,dapi/ncih2170_jc_jq1_ic50_24h_89.tif,roi_mask/ncih2170_jc_jq1_ic50_24h_89.png,gt_image/ncih2170_jc_jq1_ic50_24h_89.tif,,134,136,True,True,True,True,ncih2170_jc_jq1_ic50_24h_89.tif,ncih2170_jc_jq1_ic50_24h_89.tif,ncih2170_jc_jq1_ic50_24h_89.png,ncih2170_jc_jq1_ic50_24h_89.tif,,/work/users/b/e/behnamie/ecDNA_Data/bioimage_archive/rgb/ncih2170_jc_jq1_ic50_24h_89.tif,/work/users/b/e/behnamie/ecDNA_Data/bioimage_archive/dapi/ncih2170_jc_jq1_ic50_24h_89.tif,/work/users/b/e/behnamie/ecDNA_Data/bioimage_archive/roi_mask/ncih2170_jc_jq1_ic50_24h_89.png,/work/users/b/e/behnamie/ecDNA_Data/bioimage_archive/gt_image/ncih2170_jc_jq1_ic50_24h_89.tif
ncih2170_jc_jq1_ic50_24h_91,NCI-H2170,train,train,True,True,False,False,1,rgb/ncih2170_jc_jq1_ic50_24h_91.tif,dapi/ncih2170_jc_jq1_ic50_24h_91.tif,roi_mask/ncih2170_jc_jq1_ic50_24h_91.png,gt_image/ncih2170_jc_jq1_ic50_24h_91.tif,,125,129,True,True,True,True,ncih2170_jc_jq1_ic50_24h_91.tif,ncih2170_jc_jq1_ic50_24h_91.tif,ncih2170_jc_jq1_ic50_24h_91.png,ncih2170_jc_jq1_ic50_24h_91.tif,,/work/users/b/e/behnamie/ecDNA_Data/bioimage_archive/rgb/ncih2170_jc_jq1_ic50_24h_91.tif,/work/users/b/e/behnamie/ecDNA_Data/bioimage_archive/dapi/ncih2170_jc_jq1_ic50_24h_91.tif,/work/users/b/e/behnamie/ecDNA_Data/bioimage_archive/roi_mask/ncih2170_jc_jq1_ic50_24h_91.png,/work/users/b/e/behnamie/ecDNA_Data/bioimage_archive/gt_image/ncih2170_jc_jq1_ic50_24h_91.tif
ncih2170_jc_jq1_ic50_24h_92,NCI-H2170,train,train,True,True,False,False,1,rgb/ncih2170_jc_jq1_ic50_24h_92.tif,dapi/ncih2170_jc_jq1_ic50_24h_92.tif,roi_mask/ncih2170_jc_jq1_ic50_24h_92.png,gt_image/ncih2170_jc_jq1_ic50_24h_92.tif,,141,142,True,True,True,True,ncih2170_jc_jq1_ic50_24h_92.tif,ncih2170_jc_jq1_ic50_24h_92.tif,ncih2170_jc_jq1_ic50_24h_92.png,ncih2170_jc_jq1_ic50_24h_92.tif,,/work/users/b/e/behnamie/ecDNA_Data/bioimage_archive/rgb/ncih2170_jc_jq1_ic50_24h_92.tif,/work/users/b/e/behnamie/ecDNA_Data/bioimage_archive/dapi/ncih2170_jc_jq1_ic50_24h_92.tif,/work/users/b/e/behnamie/ecDNA_Data/bioimage_archive/roi_mask/ncih2170_jc_jq1_ic50_24h_92.png,/work/users/b/e/behnamie/ecDNA_Data/bioimage_archive/gt_image/ncih2170_jc_jq1_ic50_24h_92.tif
ncih2170_jc_jq1_ic50_24h_93,NCI-H2170,train,train,True,True,False,False,1,rgb/ncih2170_jc_jq1_ic50_24h_93.tif,dapi/ncih2170_jc_jq1_ic50_24h_93.tif,roi_mask/ncih2170_jc_jq1_ic50_24h_93.png,gt_image/ncih2170_jc_jq1_ic50_24h_93.tif,,419,445,True,True,True,True,ncih2170_jc_jq1_ic50_24h_93.tif,ncih2170_jc_jq1_ic50_24h_93.tif,ncih2170_jc_jq1_ic50_24h_93.png,ncih2170_jc_jq1_ic50_24h_93.tif,,/work/users/b/e/behnamie/ecDNA_Data/bioimage_archive/rgb/ncih2170_jc_jq1_ic50_24h_93.tif,/work/users/b/e/behnamie/ecDNA_Data/bioimage_archive/dapi/ncih2170_jc_jq1_ic50_24h_93.tif,/work/users/b/e/behnamie/ecDNA_Data/bioimage_archive/roi_mask/ncih2170_jc_jq1_ic50_24h_93.png,/work/users/b/e/behnamie/ecDNA_Data/bioimage_archive/gt_image/ncih2170_jc_jq1_ic50_24h_93.tif
ncih2170_jc_jq1_ic50_24h_94,NCI-H2170,train,train,True,True,False,False,1,rgb/ncih2170_jc_jq1_ic50_24h_94.tif,dapi/ncih2170_jc_jq1_ic50_24h_94.tif,roi_mask/ncih2170_jc_jq1_ic50_24h_94.png,gt_image/ncih2170_jc_jq1_ic50_24h_94.tif,,135,135,True,True,True,True,ncih2170_jc_jq1_ic50_24h_94.tif,ncih2170_jc_jq1_ic50_24h_94.tif,ncih2170_jc_jq1_ic50_24h_94.png,ncih2170_jc_jq1_ic50_24h_94.tif,,/work/users/b/e/behnamie/ecDNA_Data/bioimage_archive/rgb/ncih2170_jc_jq1_ic50_24h_94.tif,/work/users/b/e/behnamie/ecDNA_Data/bioimage_archive/dapi/ncih2170_jc_jq1_ic50_24h_94.tif,/work/users/b/e/behnamie/ecDNA_Data/bioimage_archive/roi_mask/ncih2170_jc_jq1_ic50_24h_94.png,/work/users/b/e/behnamie/ecDNA_Data/bioimage_archive/gt_image/ncih2170_jc_jq1_ic50_24h_94.tif
ncih2170_jc_jq1_ic50_24h_95,NCI-H2170,train,train,True,True,False,False,1,rgb/ncih2170_jc_jq1_ic50_24h_95.tif,dapi/ncih2170_jc_jq1_ic50_24h_95.tif,roi_mask/ncih2170_jc_jq1_ic50_24h_95.png,gt_image/ncih2170_jc_jq1_ic50_24h_95.tif,,58,58,True,True,True,True,ncih2170_jc_jq1_ic50_24h_95.tif,ncih2170_jc_jq1_ic50_24h_95.tif,ncih2170_jc_jq1_ic50_24h_95.png,ncih2170_jc_jq1_ic50_24h_95.tif,,/work/users/b/e/behnamie/ecDNA_Data/bioimage_archive/rgb/ncih2170_jc_jq1_ic50_24h_95.tif,/work/users/b/e/behnamie/ecDNA_Data/bioimage_archive/dapi/ncih2170_jc_jq1_ic50_24h_95.tif,/work/users/b/e/behnamie/ecDNA_Data/bioimage_archive/roi_mask/ncih2170_jc_jq1_ic50_24h_95.png,/work/users/b/e/behnamie/ecDNA_Data/bioimage_archive/gt_image/ncih2170_jc_jq1_ic50_24h_95.tif
ncih2170_jc_jq1_ic50_24h_96,NCI-H2170,train,train,True,True,False,False,1,rgb/ncih2170_jc_jq1_ic50_24h_96.tif,dapi/ncih2170_jc_jq1_ic50_24h_96.tif,roi_mask/ncih2170_jc_jq1_ic50_24h_96.png,gt_image/ncih2170_jc_jq1_ic50_24h_96.tif,,69,69,True,True,True,True,ncih2170_jc_jq1_ic50_24h_96.tif,ncih2170_jc_jq1_ic50_24h_96.tif,ncih2170_jc_jq1_ic50_24h_96.png,ncih2170_jc_jq1_ic50_24h_96.tif,,/work/users/b/e/behnamie/ecDNA_Data/bioimage_archive/rgb/ncih2170_jc_jq1_ic50_24h_96.tif,/work/users/b/e/behnamie/ecDNA_Data/bioimage_archive/dapi/ncih2170_jc_jq1_ic50_24h_96.tif,/work/users/b/e/behnamie/ecDNA_Data/bioimage_archive/roi_mask/ncih2170_jc_jq1_ic50_24h_96.png,/work/users/b/e/behnamie/ecDNA_Data/bioimage_archive/gt_image/ncih2170_jc_jq1_ic50_24h_96.tif
ncih2170_jc_jq1_ic50_24h_97,NCI-H2170,train,train,True,True,False,False,1,rgb/ncih2170_jc_jq1_ic50_24h_97.tif,dapi/ncih2170_jc_jq1_ic50_24h_97.tif,roi_mask/ncih2170_jc_jq1_ic50_24h_97.png,gt_image/ncih2170_jc_jq1_ic50_24h_97.tif,,53,55,True,True,True,True,ncih2170_jc_jq1_ic50_24h_97.tif,ncih2170_jc_jq1_ic50_24h_97.tif,ncih2170_jc_jq1_ic50_24h_97.png,ncih2170_jc_jq1_ic50_24h_97.tif,,/work/users/b/e/behnamie/ecDNA_Data/bioimage_archive/rgb/ncih2170_jc_jq1_ic50_24h_97.tif,/work/users/b/e/behnamie/ecDNA_Data/bioimage_archive/dapi/ncih2170_jc_jq1_ic50_24h_97.tif,/work/users/b/e/behnamie/ecDNA_Data/bioimage_archive/roi_mask/ncih2170_jc_jq1_ic50_24h_97.png,/work/users/b/e/behnamie/ecDNA_Data/bioimage_archive/gt_image/ncih2170_jc_jq1_ic50_24h_97.tif
ncih2170_jc_lap_ic50_24h_10,NCI-H2170,train,train,True,True,False,False,1,rgb/ncih2170_jc_lap_ic50_24h_10.tif,dapi/ncih2170_jc_lap_ic50_24h_10.tif,roi_mask/ncih2170_jc_lap_ic50_24h_10.png,gt_image/ncih2170_jc_lap_ic50_24h_10.tif,,103,104,True,True,True,True,ncih2170_jc_lap_ic50_24h_10.tif,ncih2170_jc_lap_ic50_24h_10.tif,ncih2170_jc_lap_ic50_24h_10.png,ncih2170_jc_lap_ic50_24h_10.tif,,/work/users/b/e/behnamie/ecDNA_Data/bioimage_archive/rgb/ncih2170_jc_lap_ic50_24h_10.tif,/work/users/b/e/behnamie/ecDNA_Data/bioimage_archive/dapi/ncih2170_jc_lap_ic50_24h_10.tif,/work/users/b/e/behnamie/ecDNA_Data/bioimage_archive/roi_mask/ncih2170_jc_lap_ic50_24h_10.png,/work/users/b/e/behnamie/ecDNA_Data/bioimage_archive/gt_image/ncih2170_jc_lap_ic50_24h_10.tif
ncih2170_jc_lap_ic50_24h_101,NCI-H2170,train,train,True,True,False,False,1,rgb/ncih2170_jc_lap_ic50_24h_101.tif,dapi/ncih2170_jc_lap_ic50_24h_101.tif,roi_mask/ncih2170_jc_lap_ic50_24h_101.png,gt_image/ncih2170_jc_lap_ic50_24h_101.tif,,278,279,True,True,True,True,ncih2170_jc_lap_ic50_24h_101.tif,ncih2170_jc_lap_ic50_24h_101.tif,ncih2170_jc_lap_ic50_24h_101.png,ncih2170_jc_lap_ic50_24h_101.tif,,/work/users/b/e/behnamie/ecDNA_Data/bioimage_archive/rgb/ncih2170_jc_lap_ic50_24h_101.tif,/work/users/b/e/behnamie/ecDNA_Data/bioimage_archive/dapi/ncih2170_jc_lap_ic50_24h_101.tif,/work/users/b/e/behnamie/ecDNA_Data/bioimage_archive/roi_mask/ncih2170_jc_lap_ic50_24h_101.png,/work/users/b/e/behnamie/ecDNA_Data/bioimage_archive/gt_image/ncih2170_jc_lap_ic50_24h_101.tif
ncih2170_jc_lap_ic50_24h_102,NCI-H2170,train,train,True,True,False,False,1,rgb/ncih2170_jc_lap_ic50_24h_102.tif,dapi/ncih2170_jc_lap_ic50_24h_102.tif,roi_mask/ncih2170_jc_lap_ic50_24h_102.png,gt_image/ncih2170_jc_lap_ic50_24h_102.tif,,125,126,True,True,True,True,ncih2170_jc_lap_ic50_24h_102.tif,ncih2170_jc_lap_ic50_24h_102.tif,ncih2170_jc_lap_ic50_24h_102.png,ncih2170_jc_lap_ic50_24h_102.tif,,/work/users/b/e/behnamie/ecDNA_Data/bioimage_archive/rgb/ncih2170_jc_lap_ic50_24h_102.tif,/work/users/b/e/behnamie/ecDNA_Data/bioimage_archive/dapi/ncih2170_jc_lap_ic50_24h_102.tif,/work/users/b/e/behnamie/ecDNA_Data/bioimage_archive/roi_mask/ncih2170_jc_lap_ic50_24h_102.png,/work/users/b/e/behnamie/ecDNA_Data/bioimage_archive/gt_image/ncih2170_jc_lap_ic50_24h_102.tif
ncih2170_jc_lap_ic50_24h_104,NCI-H2170,train,train,True,True,False,False,1,rgb/ncih2170_jc_lap_ic50_24h_104.tif,dapi/ncih2170_jc_lap_ic50_24h_104.tif,roi_mask/ncih2170_jc_lap_ic50_24h_104.png,gt_image/ncih2170_jc_lap_ic50_24h_104.tif,,151,151,True,True,True,True,ncih2170_jc_lap_ic50_24h_104.tif,ncih2170_jc_lap_ic50_24h_104.tif,ncih2170_jc_lap_ic50_24h_104.png,ncih2170_jc_lap_ic50_24h_104.tif,,/work/users/b/e/behnamie/ecDNA_Data/bioimage_archive/rgb/ncih2170_jc_lap_ic50_24h_104.tif,/work/users/b/e/behnamie/ecDNA_Data/bioimage_archive/dapi/ncih2170_jc_lap_ic50_24h_104.tif,/work/users/b/e/behnamie/ecDNA_Data/bioimage_archive/roi_mask/ncih2170_jc_lap_ic50_24h_104.png,/work/users/b/e/behnamie/ecDNA_Data/bioimage_archive/gt_image/ncih2170_jc_lap_ic50_24h_104.tif
ncih2170_jc_lap_ic50_24h_106,NCI-H2170,train,train,True,True,False,False,1,rgb/ncih2170_jc_lap_ic50_24h_106.tif,dapi/ncih2170_jc_lap_ic50_24h_106.tif,roi_mask/ncih2170_jc_lap_ic50_24h_106.png,gt_image/ncih2170_jc_lap_ic50_24h_106.tif,,166,166,True,True,True,True,ncih2170_jc_lap_ic50_24h_106.tif,ncih2170_jc_lap_ic50_24h_106.tif,ncih2170_jc_lap_ic50_24h_106.png,ncih2170_jc_lap_ic50_24h_106.tif,,/work/users/b/e/behnamie/ecDNA_Data/bioimage_archive/rgb/ncih2170_jc_lap_ic50_24h_106.tif,/work/users/b/e/behnamie/ecDNA_Data/bioimage_archive/dapi/ncih2170_jc_lap_ic50_24h_106.tif,/work/users/b/e/behnamie/ecDNA_Data/bioimage_archive/roi_mask/ncih2170_jc_lap_ic50_24h_106.png,/work/users/b/e/behnamie/ecDNA_Data/bioimage_archive/gt_image/ncih2170_jc_lap_ic50_24h_106.tif
ncih2170_jc_lap_ic50_24h_108,NCI-H2170,train,train,True,True,False,False,1,rgb/ncih2170_jc_lap_ic50_24h_108.tif,dapi/ncih2170_jc_lap_ic50_24h_108.tif,roi_mask/ncih2170_jc_lap_ic50_24h_108.png,gt_image/ncih2170_jc_lap_ic50_24h_108.tif,,70,70,True,True,True,True,ncih2170_jc_lap_ic50_24h_108.tif,ncih2170_jc_lap_ic50_24h_108.tif,ncih2170_jc_lap_ic50_24h_108.png,ncih2170_jc_lap_ic50_24h_108.tif,,/work/users/b/e/behnamie/ecDNA_Data/bioimage_archive/rgb/ncih2170_jc_lap_ic50_24h_108.tif,/work/users/b/e/behnamie/ecDNA_Data/bioimage_archive/dapi/ncih2170_jc_lap_ic50_24h_108.tif,/work/users/b/e/behnamie/ecDNA_Data/bioimage_archive/roi_mask/ncih2170_jc_lap_ic50_24h_108.png,/work/users/b/e/behnamie/ecDNA_Data/bioimage_archive/gt_image/ncih2170_jc_lap_ic50_24h_108.tif
ncih2170_jc_lap_ic50_24h_109,NCI-H2170,train,train,True,True,False,False,1,rgb/ncih2170_jc_lap_ic50_24h_109.tif,dapi/ncih2170_jc_lap_ic50_24h_109.tif,roi_mask/ncih2170_jc_lap_ic50_24h_109.png,gt_image/ncih2170_jc_lap_ic50_24h_109.tif,,99,101,True,True,True,True,ncih2170_jc_lap_ic50_24h_109.tif,ncih2170_jc_lap_ic50_24h_109.tif,ncih2170_jc_lap_ic50_24h_109.png,ncih2170_jc_lap_ic50_24h_109.tif,,/work/users/b/e/behnamie/ecDNA_Data/bioimage_archive/rgb/ncih2170_jc_lap_ic50_24h_109.tif,/work/users/b/e/behnamie/ecDNA_Data/bioimage_archive/dapi/ncih2170_jc_lap_ic50_24h_109.tif,/work/users/b/e/behnamie/ecDNA_Data/bioimage_archive/roi_mask/ncih2170_jc_lap_ic50_24h_109.png,/work/users/b/e/behnamie/ecDNA_Data/bioimage_archive/gt_image/ncih2170_jc_lap_ic50_24h_109.tif
ncih2170_jc_lap_ic50_24h_112,NCI-H2170,train,train,True,True,False,False,1,rgb/ncih2170_jc_lap_ic50_24h_112.tif,dapi/ncih2170_jc_lap_ic50_24h_112.tif,roi_mask/ncih2170_jc_lap_ic50_24h_112.png,gt_image/ncih2170_jc_lap_ic50_24h_112.tif,,210,214,True,True,True,True,ncih2170_jc_lap_ic50_24h_112.tif,ncih2170_jc_lap_ic50_24h_112.tif,ncih2170_jc_lap_ic50_24h_112.png,ncih2170_jc_lap_ic50_24h_112.tif,,/work/users/b/e/behnamie/ecDNA_Data/bioimage_archive/rgb/ncih2170_jc_lap_ic50_24h_112.tif,/work/users/b/e/behnamie/ecDNA_Data/bioimage_archive/dapi/ncih2170_jc_lap_ic50_24h_112.tif,/work/users/b/e/behnamie/ecDNA_Data/bioimage_archive/roi_mask/ncih2170_jc_lap_ic50_24h_112.png,/work/users/b/e/behnamie/ecDNA_Data/bioimage_archive/gt_image/ncih2170_jc_lap_ic50_24h_112.tif
ncih2170_jc_lap_ic50_24h_114,NCI-H2170,train,train,True,True,False,False,1,rgb/ncih2170_jc_lap_ic50_24h_114.tif,dapi/ncih2170_jc_lap_ic50_24h_114.tif,roi_mask/ncih2170_jc_lap_ic50_24h_114.png,gt_image/ncih2170_jc_lap_ic50_24h_114.tif,,50,50,True,True,True,True,ncih2170_jc_lap_ic50_24h_114.tif,ncih2170_jc_lap_ic50_24h_114.tif,ncih2170_jc_lap_ic50_24h_114.png,ncih2170_jc_lap_ic50_24h_114.tif,,/work/users/b/e/behnamie/ecDNA_Data/bioimage_archive/rgb/ncih2170_jc_lap_ic50_24h_114.tif,/work/users/b/e/behnamie/ecDNA_Data/bioimage_archive/dapi/ncih2170_jc_lap_ic50_24h_114.tif,/work/users/b/e/behnamie/ecDNA_Data/bioimage_archive/roi_mask/ncih2170_jc_lap_ic50_24h_114.png,/work/users/b/e/behnamie/ecDNA_Data/bioimage_archive/gt_image/ncih2170_jc_lap_ic50_24h_114.tif
ncih2170_jc_lap_ic50_24h_115,NCI-H2170,train,train,True,True,False,False,1,rgb/ncih2170_jc_lap_ic50_24h_115.tif,dapi/ncih2170_jc_lap_ic50_24h_115.tif,roi_mask/ncih2170_jc_lap_ic50_24h_115.png,gt_image/ncih2170_jc_lap_ic50_24h_115.tif,,125,128,True,True,True,True,ncih2170_jc_lap_ic50_24h_115.tif,ncih2170_jc_lap_ic50_24h_115.tif,ncih2170_jc_lap_ic50_24h_115.png,ncih2170_jc_lap_ic50_24h_115.tif,,/work/users/b/e/behnamie/ecDNA_Data/bioimage_archive/rgb/ncih2170_jc_lap_ic50_24h_115.tif,/work/users/b/e/behnamie/ecDNA_Data/bioimage_archive/dapi/ncih2170_jc_lap_ic50_24h_115.tif,/work/users/b/e/behnamie/ecDNA_Data/bioimage_archive/roi_mask/ncih2170_jc_lap_ic50_24h_115.png,/work/users/b/e/behnamie/ecDNA_Data/bioimage_archive/gt_image/ncih2170_jc_lap_ic50_24h_115.tif
ncih2170_jc_lap_ic50_24h_116,NCI-H2170,train,train,True,True,False,False,1,rgb/ncih2170_jc_lap_ic50_24h_116.tif,dapi/ncih2170_jc_lap_ic50_24h_116.tif,roi_mask/ncih2170_jc_lap_ic50_24h_116.png,gt_image/ncih2170_jc_lap_ic50_24h_116.tif,,101,105,True,True,True,True,ncih2170_jc_lap_ic50_24h_116.tif,ncih2170_jc_lap_ic50_24h_116.tif,ncih2170_jc_lap_ic50_24h_116.png,ncih2170_jc_lap_ic50_24h_116.tif,,/work/users/b/e/behnamie/ecDNA_Data/bioimage_archive/rgb/ncih2170_jc_lap_ic50_24h_116.tif,/work/users/b/e/behnamie/ecDNA_Data/bioimage_archive/dapi/ncih2170_jc_lap_ic50_24h_116.tif,/work/users/b/e/behnamie/ecDNA_Data/bioimage_archive/roi_mask/ncih2170_jc_lap_ic50_24h_116.png,/work/users/b/e/behnamie/ecDNA_Data/bioimage_archive/gt_image/ncih2170_jc_lap_ic50_24h_116.tif
ncih2170_jc_lap_ic50_24h_118,NCI-H2170,train,train,True,True,False,False,1,rgb/ncih2170_jc_lap_ic50_24h_118.tif,dapi/ncih2170_jc_lap_ic50_24h_118.tif,roi_mask/ncih2170_jc_lap_ic50_24h_118.png,gt_image/ncih2170_jc_lap_ic50_24h_118.tif,,63,63,True,True,True,True,ncih2170_jc_lap_ic50_24h_118.tif,ncih2170_jc_lap_ic50_24h_118.tif,ncih2170_jc_lap_ic50_24h_118.png,ncih2170_jc_lap_ic50_24h_118.tif,,/work/users/b/e/behnamie/ecDNA_Data/bioimage_archive/rgb/ncih2170_jc_lap_ic50_24h_118.tif,/work/users/b/e/behnamie/ecDNA_Data/bioimage_archive/dapi/ncih2170_jc_lap_ic50_24h_118.tif,/work/users/b/e/behnamie/ecDNA_Data/bioimage_archive/roi_mask/ncih2170_jc_lap_ic50_24h_118.png,/work/users/b/e/behnamie/ecDNA_Data/bioimage_archive/gt_image/ncih2170_jc_lap_ic50_24h_118.tif
ncih2170_jc_lap_ic50_24h_119,NCI-H2170,train,train,True,True,False,False,1,rgb/ncih2170_jc_lap_ic50_24h_119.tif,dapi/ncih2170_jc_lap_ic50_24h_119.tif,roi_mask/ncih2170_jc_lap_ic50_24h_119.png,gt_image/ncih2170_jc_lap_ic50_24h_119.tif,,120,120,True,True,True,True,ncih2170_jc_lap_ic50_24h_119.tif,ncih2170_jc_lap_ic50_24h_119.tif,ncih2170_jc_lap_ic50_24h_119.png,ncih2170_jc_lap_ic50_24h_119.tif,,/work/users/b/e/behnamie/ecDNA_Data/bioimage_archive/rgb/ncih2170_jc_lap_ic50_24h_119.tif,/work/users/b/e/behnamie/ecDNA_Data/bioimage_archive/dapi/ncih2170_jc_lap_ic50_24h_119.tif,/work/users/b/e/behnamie/ecDNA_Data/bioimage_archive/roi_mask/ncih2170_jc_lap_ic50_24h_119.png,/work/users/b/e/behnamie/ecDNA_Data/bioimage_archive/gt_image/ncih2170_jc_lap_ic50_24h_119.tif
ncih2170_jc_lap_ic50_24h_17,NCI-H2170,train,train,True,True,False,False,1,rgb/ncih2170_jc_lap_ic50_24h_17.tif,dapi/ncih2170_jc_lap_ic50_24h_17.tif,roi_mask/ncih2170_jc_lap_ic50_24h_17.png,gt_image/ncih2170_jc_lap_ic50_24h_17.tif,,54,54,True,True,True,True,ncih2170_jc_lap_ic50_24h_17.tif,ncih2170_jc_lap_ic50_24h_17.tif,ncih2170_jc_lap_ic50_24h_17.png,ncih2170_jc_lap_ic50_24h_17.tif,,/work/users/b/e/behnamie/ecDNA_Data/bioimage_archive/rgb/ncih2170_jc_lap_ic50_24h_17.tif,/work/users/b/e/behnamie/ecDNA_Data/bioimage_archive/dapi/ncih2170_jc_lap_ic50_24h_17.tif,/work/users/b/e/behnamie/ecDNA_Data/bioimage_archive/roi_mask/ncih2170_jc_lap_ic50_24h_17.png,/work/users/b/e/behnamie/ecDNA_Data/bioimage_archive/gt_image/ncih2170_jc_lap_ic50_24h_17.tif
ncih2170_jc_lap_ic50_24h_19,NCI-H2170,train,train,True,True,False,False,1,rgb/ncih2170_jc_lap_ic50_24h_19.tif,dapi/ncih2170_jc_lap_ic50_24h_19.tif,roi_mask/ncih2170_jc_lap_ic50_24h_19.png,gt_image/ncih2170_jc_lap_ic50_24h_19.tif,,82,82,True,True,True,True,ncih2170_jc_lap_ic50_24h_19.tif,ncih2170_jc_lap_ic50_24h_19.tif,ncih2170_jc_lap_ic50_24h_19.png,ncih2170_jc_lap_ic50_24h_19.tif,,/work/users/b/e/behnamie/ecDNA_Data/bioimage_archive/rgb/ncih2170_jc_lap_ic50_24h_19.tif,/work/users/b/e/behnamie/ecDNA_Data/bioimage_archive/dapi/ncih2170_jc_lap_ic50_24h_19.tif,/work/users/b/e/behnamie/ecDNA_Data/bioimage_archive/roi_mask/ncih2170_jc_lap_ic50_24h_19.png,/work/users/b/e/behnamie/ecDNA_Data/bioimage_archive/gt_image/ncih2170_jc_lap_ic50_24h_19.tif
ncih2170_jc_lap_ic50_24h_20,NCI-H2170,train,train,True,True,False,False,1,rgb/ncih2170_jc_lap_ic50_24h_20.tif,dapi/ncih2170_jc_lap_ic50_24h_20.tif,roi_mask/ncih2170_jc_lap_ic50_24h_20.png,gt_image/ncih2170_jc_lap_ic50_24h_20.tif,,177,190,True,True,True,True,ncih2170_jc_lap_ic50_24h_20.tif,ncih2170_jc_lap_ic50_24h_20.tif,ncih2170_jc_lap_ic50_24h_20.png,ncih2170_jc_lap_ic50_24h_20.tif,,/work/users/b/e/behnamie/ecDNA_Data/bioimage_archive/rgb/ncih2170_jc_lap_ic50_24h_20.tif,/work/users/b/e/behnamie/ecDNA_Data/bioimage_archive/dapi/ncih2170_jc_lap_ic50_24h_20.tif,/work/users/b/e/behnamie/ecDNA_Data/bioimage_archive/roi_mask/ncih2170_jc_lap_ic50_24h_20.png,/work/users/b/e/behnamie/ecDNA_Data/bioimage_archive/gt_image/ncih2170_jc_lap_ic50_24h_20.tif
ncih2170_jc_lap_ic50_24h_21,NCI-H2170,train,train,True,True,False,False,1,rgb/ncih2170_jc_lap_ic50_24h_21.tif,dapi/ncih2170_jc_lap_ic50_24h_21.tif,roi_mask/ncih2170_jc_lap_ic50_24h_21.png,gt_image/ncih2170_jc_lap_ic50_24h_21.tif,,242,250,True,True,True,True,ncih2170_jc_lap_ic50_24h_21.tif,ncih2170_jc_lap_ic50_24h_21.tif,ncih2170_jc_lap_ic50_24h_21.png,ncih2170_jc_lap_ic50_24h_21.tif,,/work/users/b/e/behnamie/ecDNA_Data/bioimage_archive/rgb/ncih2170_jc_lap_ic50_24h_21.tif,/work/users/b/e/behnamie/ecDNA_Data/bioimage_archive/dapi/ncih2170_jc_lap_ic50_24h_21.tif,/work/users/b/e/behnamie/ecDNA_Data/bioimage_archive/roi_mask/ncih2170_jc_lap_ic50_24h_21.png,/work/users/b/e/behnamie/ecDNA_Data/bioimage_archive/gt_image/ncih2170_jc_lap_ic50_24h_21.tif
ncih2170_jc_lap_ic50_24h_24,NCI-H2170,train,train,True,True,False,False,1,rgb/ncih2170_jc_lap_ic50_24h_24.tif,dapi/ncih2170_jc_lap_ic50_24h_24.tif,roi_mask/ncih2170_jc_lap_ic50_24h_24.png,gt_image/ncih2170_jc_lap_ic50_24h_24.tif,,97,100,True,True,True,True,ncih2170_jc_lap_ic50_24h_24.tif,ncih2170_jc_lap_ic50_24h_24.tif,ncih2170_jc_lap_ic50_24h_24.png,ncih2170_jc_lap_ic50_24h_24.tif,,/work/users/b/e/behnamie/ecDNA_Data/bioimage_archive/rgb/ncih2170_jc_lap_ic50_24h_24.tif,/work/users/b/e/behnamie/ecDNA_Data/bioimage_archive/dapi/ncih2170_jc_lap_ic50_24h_24.tif,/work/users/b/e/behnamie/ecDNA_Data/bioimage_archive/roi_mask/ncih2170_jc_lap_ic50_24h_24.png,/work/users/b/e/behnamie/ecDNA_Data/bioimage_archive/gt_image/ncih2170_jc_lap_ic50_24h_24.tif
ncih2170_jc_lap_ic50_24h_25,NCI-H2170,train,train,True,True,False,False,1,rgb/ncih2170_jc_lap_ic50_24h_25.tif,dapi/ncih2170_jc_lap_ic50_24h_25.tif,roi_mask/ncih2170_jc_lap_ic50_24h_25.png,gt_image/ncih2170_jc_lap_ic50_24h_25.tif,,107,108,True,True,True,True,ncih2170_jc_lap_ic50_24h_25.tif,ncih2170_jc_lap_ic50_24h_25.tif,ncih2170_jc_lap_ic50_24h_25.png,ncih2170_jc_lap_ic50_24h_25.tif,,/work/users/b/e/behnamie/ecDNA_Data/bioimage_archive/rgb/ncih2170_jc_lap_ic50_24h_25.tif,/work/users/b/e/behnamie/ecDNA_Data/bioimage_archive/dapi/ncih2170_jc_lap_ic50_24h_25.tif,/work/users/b/e/behnamie/ecDNA_Data/bioimage_archive/roi_mask/ncih2170_jc_lap_ic50_24h_25.png,/work/users/b/e/behnamie/ecDNA_Data/bioimage_archive/gt_image/ncih2170_jc_lap_ic50_24h_25.tif
ncih2170_jc_lap_ic50_24h_27,NCI-H2170,train,train,True,True,False,False,1,rgb/ncih2170_jc_lap_ic50_24h_27.tif,dapi/ncih2170_jc_lap_ic50_24h_27.tif,roi_mask/ncih2170_jc_lap_ic50_24h_27.png,gt_image/ncih2170_jc_lap_ic50_24h_27.tif,,65,65,True,True,True,True,ncih2170_jc_lap_ic50_24h_27.tif,ncih2170_jc_lap_ic50_24h_27.tif,ncih2170_jc_lap_ic50_24h_27.png,ncih2170_jc_lap_ic50_24h_27.tif,,/work/users/b/e/behnamie/ecDNA_Data/bioimage_archive/rgb/ncih2170_jc_lap_ic50_24h_27.tif,/work/users/b/e/behnamie/ecDNA_Data/bioimage_archive/dapi/ncih2170_jc_lap_ic50_24h_27.tif,/work/users/b/e/behnamie/ecDNA_Data/bioimage_archive/roi_mask/ncih2170_jc_lap_ic50_24h_27.png,/work/users/b/e/behnamie/ecDNA_Data/bioimage_archive/gt_image/ncih2170_jc_lap_ic50_24h_27.tif
ncih2170_jc_lap_ic50_24h_29f,NCI-H2170,train,train,True,True,False,False,1,rgb/ncih2170_jc_lap_ic50_24h_29f.tif,dapi/ncih2170_jc_lap_ic50_24h_29f.tif,roi_mask/ncih2170_jc_lap_ic50_24h_29f.png,gt_image/ncih2170_jc_lap_ic50_24h_29f.tif,,101,101,True,True,True,True,ncih2170_jc_lap_ic50_24h_29f.tif,ncih2170_jc_lap_ic50_24h_29f.tif,ncih2170_jc_lap_ic50_24h_29f.png,ncih2170_jc_lap_ic50_24h_29f.tif,,/work/users/b/e/behnamie/ecDNA_Data/bioimage_archive/rgb/ncih2170_jc_lap_ic50_24h_29f.tif,/work/users/b/e/behnamie/ecDNA_Data/bioimage_archive/dapi/ncih2170_jc_lap_ic50_24h_29f.tif,/work/users/b/e/behnamie/ecDNA_Data/bioimage_archive/roi_mask/ncih2170_jc_lap_ic50_24h_29f.png,/work/users/b/e/behnamie/ecDNA_Data/bioimage_archive/gt_image/ncih2170_jc_lap_ic50_24h_29f.tif
ncih2170_jc_lap_ic50_24h_31,NCI-H2170,train,train,True,True,False,False,1,rgb/ncih2170_jc_lap_ic50_24h_31.tif,dapi/ncih2170_jc_lap_ic50_24h_31.tif,roi_mask/ncih2170_jc_lap_ic50_24h_31.png,gt_image/ncih2170_jc_lap_ic50_24h_31.tif,,132,135,True,True,True,True,ncih2170_jc_lap_ic50_24h_31.tif,ncih2170_jc_lap_ic50_24h_31.tif,ncih2170_jc_lap_ic50_24h_31.png,ncih2170_jc_lap_ic50_24h_31.tif,,/work/users/b/e/behnamie/ecDNA_Data/bioimage_archive/rgb/ncih2170_jc_lap_ic50_24h_31.tif,/work/users/b/e/behnamie/ecDNA_Data/bioimage_archive/dapi/ncih2170_jc_lap_ic50_24h_31.tif,/work/users/b/e/behnamie/ecDNA_Data/bioimage_archive/roi_mask/ncih2170_jc_lap_ic50_24h_31.png,/work/users/b/e/behnamie/ecDNA_Data/bioimage_archive/gt_image/ncih2170_jc_lap_ic50_24h_31.tif
ncih2170_jc_lap_ic50_24h_32,NCI-H2170,train,train,True,True,False,False,1,rgb/ncih2170_jc_lap_ic50_24h_32.tif,dapi/ncih2170_jc_lap_ic50_24h_32.tif,roi_mask/ncih2170_jc_lap_ic50_24h_32.png,gt_image/ncih2170_jc_lap_ic50_24h_32.tif,,54,54,True,True,True,True,ncih2170_jc_lap_ic50_24h_32.tif,ncih2170_jc_lap_ic50_24h_32.tif,ncih2170_jc_lap_ic50_24h_32.png,ncih2170_jc_lap_ic50_24h_32.tif,,/work/users/b/e/behnamie/ecDNA_Data/bioimage_archive/rgb/ncih2170_jc_lap_ic50_24h_32.tif,/work/users/b/e/behnamie/ecDNA_Data/bioimage_archive/dapi/ncih2170_jc_lap_ic50_24h_32.tif,/work/users/b/e/behnamie/ecDNA_Data/bioimage_archive/roi_mask/ncih2170_jc_lap_ic50_24h_32.png,/work/users/b/e/behnamie/ecDNA_Data/bioimage_archive/gt_image/ncih2170_jc_lap_ic50_24h_32.tif
ncih2170_jc_lap_ic50_24h_33,NCI-H2170,train,train,True,True,False,False,1,rgb/ncih2170_jc_lap_ic50_24h_33.tif,dapi/ncih2170_jc_lap_ic50_24h_33.tif,roi_mask/ncih2170_jc_lap_ic50_24h_33.png,gt_image/ncih2170_jc_lap_ic50_24h_33.tif,,185,187,True,True,True,True,ncih2170_jc_lap_ic50_24h_33.tif,ncih2170_jc_lap_ic50_24h_33.tif,ncih2170_jc_lap_ic50_24h_33.png,ncih2170_jc_lap_ic50_24h_33.tif,,/work/users/b/e/behnamie/ecDNA_Data/bioimage_archive/rgb/ncih2170_jc_lap_ic50_24h_33.tif,/work/users/b/e/behnamie/ecDNA_Data/bioimage_archive/dapi/ncih2170_jc_lap_ic50_24h_33.tif,/work/users/b/e/behnamie/ecDNA_Data/bioimage_archive/roi_mask/ncih2170_jc_lap_ic50_24h_33.png,/work/users/b/e/behnamie/ecDNA_Data/bioimage_archive/gt_image/ncih2170_jc_lap_ic50_24h_33.tif
ncih2170_jc_lap_ic50_24h_36,NCI-H2170,train,train,True,True,False,False,1,rgb/ncih2170_jc_lap_ic50_24h_36.tif,dapi/ncih2170_jc_lap_ic50_24h_36.tif,roi_mask/ncih2170_jc_lap_ic50_24h_36.png,gt_image/ncih2170_jc_lap_ic50_24h_36.tif,,36,36,True,True,True,True,ncih2170_jc_lap_ic50_24h_36.tif,ncih2170_jc_lap_ic50_24h_36.tif,ncih2170_jc_lap_ic50_24h_36.png,ncih2170_jc_lap_ic50_24h_36.tif,,/work/users/b/e/behnamie/ecDNA_Data/bioimage_archive/rgb/ncih2170_jc_lap_ic50_24h_36.tif,/work/users/b/e/behnamie/ecDNA_Data/bioimage_archive/dapi/ncih2170_jc_lap_ic50_24h_36.tif,/work/users/b/e/behnamie/ecDNA_Data/bioimage_archive/roi_mask/ncih2170_jc_lap_ic50_24h_36.png,/work/users/b/e/behnamie/ecDNA_Data/bioimage_archive/gt_image/ncih2170_jc_lap_ic50_24h_36.tif
ncih2170_jc_lap_ic50_24h_39,NCI-H2170,train,train,True,True,False,False,1,rgb/ncih2170_jc_lap_ic50_24h_39.tif,dapi/ncih2170_jc_lap_ic50_24h_39.tif,roi_mask/ncih2170_jc_lap_ic50_24h_39.png,gt_image/ncih2170_jc_lap_ic50_24h_39.tif,,122,124,True,True,True,True,ncih2170_jc_lap_ic50_24h_39.tif,ncih2170_jc_lap_ic50_24h_39.tif,ncih2170_jc_lap_ic50_24h_39.png,ncih2170_jc_lap_ic50_24h_39.tif,,/work/users/b/e/behnamie/ecDNA_Data/bioimage_archive/rgb/ncih2170_jc_lap_ic50_24h_39.tif,/work/users/b/e/behnamie/ecDNA_Data/bioimage_archive/dapi/ncih2170_jc_lap_ic50_24h_39.tif,/work/users/b/e/behnamie/ecDNA_Data/bioimage_archive/roi_mask/ncih2170_jc_lap_ic50_24h_39.png,/work/users/b/e/behnamie/ecDNA_Data/bioimage_archive/gt_image/ncih2170_jc_lap_ic50_24h_39.tif
ncih2170_jc_lap_ic50_24h_41,NCI-H2170,train,train,True,True,False,False,1,rgb/ncih2170_jc_lap_ic50_24h_41.tif,dapi/ncih2170_jc_lap_ic50_24h_41.tif,roi_mask/ncih2170_jc_lap_ic50_24h_41.png,gt_image/ncih2170_jc_lap_ic50_24h_41.tif,,185,189,True,True,True,True,ncih2170_jc_lap_ic50_24h_41.tif,ncih2170_jc_lap_ic50_24h_41.tif,ncih2170_jc_lap_ic50_24h_41.png,ncih2170_jc_lap_ic50_24h_41.tif,,/work/users/b/e/behnamie/ecDNA_Data/bioimage_archive/rgb/ncih2170_jc_lap_ic50_24h_41.tif,/work/users/b/e/behnamie/ecDNA_Data/bioimage_archive/dapi/ncih2170_jc_lap_ic50_24h_41.tif,/work/users/b/e/behnamie/ecDNA_Data/bioimage_archive/roi_mask/ncih2170_jc_lap_ic50_24h_41.png,/work/users/b/e/behnamie/ecDNA_Data/bioimage_archive/gt_image/ncih2170_jc_lap_ic50_24h_41.tif
ncih2170_jc_lap_ic50_24h_45,NCI-H2170,train,train,True,True,False,False,1,rgb/ncih2170_jc_lap_ic50_24h_45.tif,dapi/ncih2170_jc_lap_ic50_24h_45.tif,roi_mask/ncih2170_jc_lap_ic50_24h_45.png,gt_image/ncih2170_jc_lap_ic50_24h_45.tif,,145,145,True,True,True,True,ncih2170_jc_lap_ic50_24h_45.tif,ncih2170_jc_lap_ic50_24h_45.tif,ncih2170_jc_lap_ic50_24h_45.png,ncih2170_jc_lap_ic50_24h_45.tif,,/work/users/b/e/behnamie/ecDNA_Data/bioimage_archive/rgb/ncih2170_jc_lap_ic50_24h_45.tif,/work/users/b/e/behnamie/ecDNA_Data/bioimage_archive/dapi/ncih2170_jc_lap_ic50_24h_45.tif,/work/users/b/e/behnamie/ecDNA_Data/bioimage_archive/roi_mask/ncih2170_jc_lap_ic50_24h_45.png,/work/users/b/e/behnamie/ecDNA_Data/bioimage_archive/gt_image/ncih2170_jc_lap_ic50_24h_45.tif
ncih2170_jc_lap_ic50_24h_48,NCI-H2170,train,train,True,True,False,False,1,rgb/ncih2170_jc_lap_ic50_24h_48.tif,dapi/ncih2170_jc_lap_ic50_24h_48.tif,roi_mask/ncih2170_jc_lap_ic50_24h_48.png,gt_image/ncih2170_jc_lap_ic50_24h_48.tif,,97,101,True,True,True,True,ncih2170_jc_lap_ic50_24h_48.tif,ncih2170_jc_lap_ic50_24h_48.tif,ncih2170_jc_lap_ic50_24h_48.png,ncih2170_jc_lap_ic50_24h_48.tif,,/work/users/b/e/behnamie/ecDNA_Data/bioimage_archive/rgb/ncih2170_jc_lap_ic50_24h_48.tif,/work/users/b/e/behnamie/ecDNA_Data/bioimage_archive/dapi/ncih2170_jc_lap_ic50_24h_48.tif,/work/users/b/e/behnamie/ecDNA_Data/bioimage_archive/roi_mask/ncih2170_jc_lap_ic50_24h_48.png,/work/users/b/e/behnamie/ecDNA_Data/bioimage_archive/gt_image/ncih2170_jc_lap_ic50_24h_48.tif
ncih2170_jc_lap_ic50_24h_49,NCI-H2170,train,train,True,True,False,False,1,rgb/ncih2170_jc_lap_ic50_24h_49.tif,dapi/ncih2170_jc_lap_ic50_24h_49.tif,roi_mask/ncih2170_jc_lap_ic50_24h_49.png,gt_image/ncih2170_jc_lap_ic50_24h_49.tif,,40,40,True,True,True,True,ncih2170_jc_lap_ic50_24h_49.tif,ncih2170_jc_lap_ic50_24h_49.tif,ncih2170_jc_lap_ic50_24h_49.png,ncih2170_jc_lap_ic50_24h_49.tif,,/work/users/b/e/behnamie/ecDNA_Data/bioimage_archive/rgb/ncih2170_jc_lap_ic50_24h_49.tif,/work/users/b/e/behnamie/ecDNA_Data/bioimage_archive/dapi/ncih2170_jc_lap_ic50_24h_49.tif,/work/users/b/e/behnamie/ecDNA_Data/bioimage_archive/roi_mask/ncih2170_jc_lap_ic50_24h_49.png,/work/users/b/e/behnamie/ecDNA_Data/bioimage_archive/gt_image/ncih2170_jc_lap_ic50_24h_49.tif
ncih2170_jc_lap_ic50_24h_4_s,NCI-H2170,train,train,True,True,False,False,1,rgb/ncih2170_jc_lap_ic50_24h_4_s.tif,dapi/ncih2170_jc_lap_ic50_24h_4_s.tif,roi_mask/ncih2170_jc_lap_ic50_24h_4_s.png,gt_image/ncih2170_jc_lap_ic50_24h_4_s.tif,,41,41,True,True,True,True,ncih2170_jc_lap_ic50_24h_4_s.tif,ncih2170_jc_lap_ic50_24h_4_s.tif,ncih2170_jc_lap_ic50_24h_4_s.png,ncih2170_jc_lap_ic50_24h_4_s.tif,,/work/users/b/e/behnamie/ecDNA_Data/bioimage_archive/rgb/ncih2170_jc_lap_ic50_24h_4_s.tif,/work/users/b/e/behnamie/ecDNA_Data/bioimage_archive/dapi/ncih2170_jc_lap_ic50_24h_4_s.tif,/work/users/b/e/behnamie/ecDNA_Data/bioimage_archive/roi_mask/ncih2170_jc_lap_ic50_24h_4_s.png,/work/users/b/e/behnamie/ecDNA_Data/bioimage_archive/gt_image/ncih2170_jc_lap_ic50_24h_4_s.tif
ncih2170_jc_lap_ic50_24h_52,NCI-H2170,train,train,True,True,False,False,1,rgb/ncih2170_jc_lap_ic50_24h_52.tif,dapi/ncih2170_jc_lap_ic50_24h_52.tif,roi_mask/ncih2170_jc_lap_ic50_24h_52.png,gt_image/ncih2170_jc_lap_ic50_24h_52.tif,,150,153,True,True,True,True,ncih2170_jc_lap_ic50_24h_52.tif,ncih2170_jc_lap_ic50_24h_52.tif,ncih2170_jc_lap_ic50_24h_52.png,ncih2170_jc_lap_ic50_24h_52.tif,,/work/users/b/e/behnamie/ecDNA_Data/bioimage_archive/rgb/ncih2170_jc_lap_ic50_24h_52.tif,/work/users/b/e/behnamie/ecDNA_Data/bioimage_archive/dapi/ncih2170_jc_lap_ic50_24h_52.tif,/work/users/b/e/behnamie/ecDNA_Data/bioimage_archive/roi_mask/ncih2170_jc_lap_ic50_24h_52.png,/work/users/b/e/behnamie/ecDNA_Data/bioimage_archive/gt_image/ncih2170_jc_lap_ic50_24h_52.tif
ncih2170_jc_lap_ic50_24h_54,NCI-H2170,train,train,True,True,False,False,1,rgb/ncih2170_jc_lap_ic50_24h_54.tif,dapi/ncih2170_jc_lap_ic50_24h_54.tif,roi_mask/ncih2170_jc_lap_ic50_24h_54.png,gt_image/ncih2170_jc_lap_ic50_24h_54.tif,,75,76,True,True,True,True,ncih2170_jc_lap_ic50_24h_54.tif,ncih2170_jc_lap_ic50_24h_54.tif,ncih2170_jc_lap_ic50_24h_54.png,ncih2170_jc_lap_ic50_24h_54.tif,,/work/users/b/e/behnamie/ecDNA_Data/bioimage_archive/rgb/ncih2170_jc_lap_ic50_24h_54.tif,/work/users/b/e/behnamie/ecDNA_Data/bioimage_archive/dapi/ncih2170_jc_lap_ic50_24h_54.tif,/work/users/b/e/behnamie/ecDNA_Data/bioimage_archive/roi_mask/ncih2170_jc_lap_ic50_24h_54.png,/work/users/b/e/behnamie/ecDNA_Data/bioimage_archive/gt_image/ncih2170_jc_lap_ic50_24h_54.tif
ncih2170_jc_lap_ic50_24h_56,NCI-H2170,train,train,True,True,False,False,1,rgb/ncih2170_jc_lap_ic50_24h_56.tif,dapi/ncih2170_jc_lap_ic50_24h_56.tif,roi_mask/ncih2170_jc_lap_ic50_24h_56.png,gt_image/ncih2170_jc_lap_ic50_24h_56.tif,,70,70,True,True,True,True,ncih2170_jc_lap_ic50_24h_56.tif,ncih2170_jc_lap_ic50_24h_56.tif,ncih2170_jc_lap_ic50_24h_56.png,ncih2170_jc_lap_ic50_24h_56.tif,,/work/users/b/e/behnamie/ecDNA_Data/bioimage_archive/rgb/ncih2170_jc_lap_ic50_24h_56.tif,/work/users/b/e/behnamie/ecDNA_Data/bioimage_archive/dapi/ncih2170_jc_lap_ic50_24h_56.tif,/work/users/b/e/behnamie/ecDNA_Data/bioimage_archive/roi_mask/ncih2170_jc_lap_ic50_24h_56.png,/work/users/b/e/behnamie/ecDNA_Data/bioimage_archive/gt_image/ncih2170_jc_lap_ic50_24h_56.tif
ncih2170_jc_lap_ic50_24h_57,NCI-H2170,train,train,True,True,False,False,1,rgb/ncih2170_jc_lap_ic50_24h_57.tif,dapi/ncih2170_jc_lap_ic50_24h_57.tif,roi_mask/ncih2170_jc_lap_ic50_24h_57.png,gt_image/ncih2170_jc_lap_ic50_24h_57.tif,,202,203,True,True,True,True,ncih2170_jc_lap_ic50_24h_57.tif,ncih2170_jc_lap_ic50_24h_57.tif,ncih2170_jc_lap_ic50_24h_57.png,ncih2170_jc_lap_ic50_24h_57.tif,,/work/users/b/e/behnamie/ecDNA_Data/bioimage_archive/rgb/ncih2170_jc_lap_ic50_24h_57.tif,/work/users/b/e/behnamie/ecDNA_Data/bioimage_archive/dapi/ncih2170_jc_lap_ic50_24h_57.tif,/work/users/b/e/behnamie/ecDNA_Data/bioimage_archive/roi_mask/ncih2170_jc_lap_ic50_24h_57.png,/work/users/b/e/behnamie/ecDNA_Data/bioimage_archive/gt_image/ncih2170_jc_lap_ic50_24h_57.tif
ncih2170_jc_lap_ic50_24h_58,NCI-H2170,train,train,True,True,False,False,1,rgb/ncih2170_jc_lap_ic50_24h_58.tif,dapi/ncih2170_jc_lap_ic50_24h_58.tif,roi_mask/ncih2170_jc_lap_ic50_24h_58.png,gt_image/ncih2170_jc_lap_ic50_24h_58.tif,,390,404,True,True,True,True,ncih2170_jc_lap_ic50_24h_58.tif,ncih2170_jc_lap_ic50_24h_58.tif,ncih2170_jc_lap_ic50_24h_58.png,ncih2170_jc_lap_ic50_24h_58.tif,,/work/users/b/e/behnamie/ecDNA_Data/bioimage_archive/rgb/ncih2170_jc_lap_ic50_24h_58.tif,/work/users/b/e/behnamie/ecDNA_Data/bioimage_archive/dapi/ncih2170_jc_lap_ic50_24h_58.tif,/work/users/b/e/behnamie/ecDNA_Data/bioimage_archive/roi_mask/ncih2170_jc_lap_ic50_24h_58.png,/work/users/b/e/behnamie/ecDNA_Data/bioimage_archive/gt_image/ncih2170_jc_lap_ic50_24h_58.tif
ncih2170_jc_lap_ic50_24h_61,NCI-H2170,train,train,True,True,False,False,1,rgb/ncih2170_jc_lap_ic50_24h_61.tif,dapi/ncih2170_jc_lap_ic50_24h_61.tif,roi_mask/ncih2170_jc_lap_ic50_24h_61.png,gt_image/ncih2170_jc_lap_ic50_24h_61.tif,,165,167,True,True,True,True,ncih2170_jc_lap_ic50_24h_61.tif,ncih2170_jc_lap_ic50_24h_61.tif,ncih2170_jc_lap_ic50_24h_61.png,ncih2170_jc_lap_ic50_24h_61.tif,,/work/users/b/e/behnamie/ecDNA_Data/bioimage_archive/rgb/ncih2170_jc_lap_ic50_24h_61.tif,/work/users/b/e/behnamie/ecDNA_Data/bioimage_archive/dapi/ncih2170_jc_lap_ic50_24h_61.tif,/work/users/b/e/behnamie/ecDNA_Data/bioimage_archive/roi_mask/ncih2170_jc_lap_ic50_24h_61.png,/work/users/b/e/behnamie/ecDNA_Data/bioimage_archive/gt_image/ncih2170_jc_lap_ic50_24h_61.tif
ncih2170_jc_lap_ic50_24h_74,NCI-H2170,train,train,True,True,False,False,1,rgb/ncih2170_jc_lap_ic50_24h_74.tif,dapi/ncih2170_jc_lap_ic50_24h_74.tif,roi_mask/ncih2170_jc_lap_ic50_24h_74.png,gt_image/ncih2170_jc_lap_ic50_24h_74.tif,,152,152,True,True,True,True,ncih2170_jc_lap_ic50_24h_74.tif,ncih2170_jc_lap_ic50_24h_74.tif,ncih2170_jc_lap_ic50_24h_74.png,ncih2170_jc_lap_ic50_24h_74.tif,,/work/users/b/e/behnamie/ecDNA_Data/bioimage_archive/rgb/ncih2170_jc_lap_ic50_24h_74.tif,/work/users/b/e/behnamie/ecDNA_Data/bioimage_archive/dapi/ncih2170_jc_lap_ic50_24h_74.tif,/work/users/b/e/behnamie/ecDNA_Data/bioimage_archive/roi_mask/ncih2170_jc_lap_ic50_24h_74.png,/work/users/b/e/behnamie/ecDNA_Data/bioimage_archive/gt_image/ncih2170_jc_lap_ic50_24h_74.tif
ncih2170_jc_lap_ic50_24h_75,NCI-H2170,train,train,True,True,False,False,1,rgb/ncih2170_jc_lap_ic50_24h_75.tif,dapi/ncih2170_jc_lap_ic50_24h_75.tif,roi_mask/ncih2170_jc_lap_ic50_24h_75.png,gt_image/ncih2170_jc_lap_ic50_24h_75.tif,,177,179,True,True,True,True,ncih2170_jc_lap_ic50_24h_75.tif,ncih2170_jc_lap_ic50_24h_75.tif,ncih2170_jc_lap_ic50_24h_75.png,ncih2170_jc_lap_ic50_24h_75.tif,,/work/users/b/e/behnamie/ecDNA_Data/bioimage_archive/rgb/ncih2170_jc_lap_ic50_24h_75.tif,/work/users/b/e/behnamie/ecDNA_Data/bioimage_archive/dapi/ncih2170_jc_lap_ic50_24h_75.tif,/work/users/b/e/behnamie/ecDNA_Data/bioimage_archive/roi_mask/ncih2170_jc_lap_ic50_24h_75.png,/work/users/b/e/behnamie/ecDNA_Data/bioimage_archive/gt_image/ncih2170_jc_lap_ic50_24h_75.tif
ncih2170_jc_lap_ic50_24h_76,NCI-H2170,train,train,True,True,False,False,1,rgb/ncih2170_jc_lap_ic50_24h_76.tif,dapi/ncih2170_jc_lap_ic50_24h_76.tif,roi_mask/ncih2170_jc_lap_ic50_24h_76.png,gt_image/ncih2170_jc_lap_ic50_24h_76.tif,,258,261,True,True,True,True,ncih2170_jc_lap_ic50_24h_76.tif,ncih2170_jc_lap_ic50_24h_76.tif,ncih2170_jc_lap_ic50_24h_76.png,ncih2170_jc_lap_ic50_24h_76.tif,,/work/users/b/e/behnamie/ecDNA_Data/bioimage_archive/rgb/ncih2170_jc_lap_ic50_24h_76.tif,/work/users/b/e/behnamie/ecDNA_Data/bioimage_archive/dapi/ncih2170_jc_lap_ic50_24h_76.tif,/work/users/b/e/behnamie/ecDNA_Data/bioimage_archive/roi_mask/ncih2170_jc_lap_ic50_24h_76.png,/work/users/b/e/behnamie/ecDNA_Data/bioimage_archive/gt_image/ncih2170_jc_lap_ic50_24h_76.tif
ncih2170_jc_lap_ic50_24h_79,NCI-H2170,train,train,True,True,False,False,1,rgb/ncih2170_jc_lap_ic50_24h_79.tif,dapi/ncih2170_jc_lap_ic50_24h_79.tif,roi_mask/ncih2170_jc_lap_ic50_24h_79.png,gt_image/ncih2170_jc_lap_ic50_24h_79.tif,,110,111,True,True,True,True,ncih2170_jc_lap_ic50_24h_79.tif,ncih2170_jc_lap_ic50_24h_79.tif,ncih2170_jc_lap_ic50_24h_79.png,ncih2170_jc_lap_ic50_24h_79.tif,,/work/users/b/e/behnamie/ecDNA_Data/bioimage_archive/rgb/ncih2170_jc_lap_ic50_24h_79.tif,/work/users/b/e/behnamie/ecDNA_Data/bioimage_archive/dapi/ncih2170_jc_lap_ic50_24h_79.tif,/work/users/b/e/behnamie/ecDNA_Data/bioimage_archive/roi_mask/ncih2170_jc_lap_ic50_24h_79.png,/work/users/b/e/behnamie/ecDNA_Data/bioimage_archive/gt_image/ncih2170_jc_lap_ic50_24h_79.tif
ncih2170_jc_lap_ic50_24h_8,NCI-H2170,train,train,True,True,False,False,1,rgb/ncih2170_jc_lap_ic50_24h_8.tif,dapi/ncih2170_jc_lap_ic50_24h_8.tif,roi_mask/ncih2170_jc_lap_ic50_24h_8.png,gt_image/ncih2170_jc_lap_ic50_24h_8.tif,,68,70,True,True,True,True,ncih2170_jc_lap_ic50_24h_8.tif,ncih2170_jc_lap_ic50_24h_8.tif,ncih2170_jc_lap_ic50_24h_8.png,ncih2170_jc_lap_ic50_24h_8.tif,,/work/users/b/e/behnamie/ecDNA_Data/bioimage_archive/rgb/ncih2170_jc_lap_ic50_24h_8.tif,/work/users/b/e/behnamie/ecDNA_Data/bioimage_archive/dapi/ncih2170_jc_lap_ic50_24h_8.tif,/work/users/b/e/behnamie/ecDNA_Data/bioimage_archive/roi_mask/ncih2170_jc_lap_ic50_24h_8.png,/work/users/b/e/behnamie/ecDNA_Data/bioimage_archive/gt_image/ncih2170_jc_lap_ic50_24h_8.tif
ncih2170_jc_lap_ic50_24h_83,NCI-H2170,train,train,True,True,False,False,1,rgb/ncih2170_jc_lap_ic50_24h_83.tif,dapi/ncih2170_jc_lap_ic50_24h_83.tif,roi_mask/ncih2170_jc_lap_ic50_24h_83.png,gt_image/ncih2170_jc_lap_ic50_24h_83.tif,,111,111,True,True,True,True,ncih2170_jc_lap_ic50_24h_83.tif,ncih2170_jc_lap_ic50_24h_83.tif,ncih2170_jc_lap_ic50_24h_83.png,ncih2170_jc_lap_ic50_24h_83.tif,,/work/users/b/e/behnamie/ecDNA_Data/bioimage_archive/rgb/ncih2170_jc_lap_ic50_24h_83.tif,/work/users/b/e/behnamie/ecDNA_Data/bioimage_archive/dapi/ncih2170_jc_lap_ic50_24h_83.tif,/work/users/b/e/behnamie/ecDNA_Data/bioimage_archive/roi_mask/ncih2170_jc_lap_ic50_24h_83.png,/work/users/b/e/behnamie/ecDNA_Data/bioimage_archive/gt_image/ncih2170_jc_lap_ic50_24h_83.tif
ncih2170_jc_lap_ic50_24h_84,NCI-H2170,train,train,True,True,False,False,1,rgb/ncih2170_jc_lap_ic50_24h_84.tif,dapi/ncih2170_jc_lap_ic50_24h_84.tif,roi_mask/ncih2170_jc_lap_ic50_24h_84.png,gt_image/ncih2170_jc_lap_ic50_24h_84.tif,,161,163,True,True,True,True,ncih2170_jc_lap_ic50_24h_84.tif,ncih2170_jc_lap_ic50_24h_84.tif,ncih2170_jc_lap_ic50_24h_84.png,ncih2170_jc_lap_ic50_24h_84.tif,,/work/users/b/e/behnamie/ecDNA_Data/bioimage_archive/rgb/ncih2170_jc_lap_ic50_24h_84.tif,/work/users/b/e/behnamie/ecDNA_Data/bioimage_archive/dapi/ncih2170_jc_lap_ic50_24h_84.tif,/work/users/b/e/behnamie/ecDNA_Data/bioimage_archive/roi_mask/ncih2170_jc_lap_ic50_24h_84.png,/work/users/b/e/behnamie/ecDNA_Data/bioimage_archive/gt_image/ncih2170_jc_lap_ic50_24h_84.tif
ncih2170_jc_lap_ic50_24h_88,NCI-H2170,train,train,True,True,False,False,1,rgb/ncih2170_jc_lap_ic50_24h_88.tif,dapi/ncih2170_jc_lap_ic50_24h_88.tif,roi_mask/ncih2170_jc_lap_ic50_24h_88.png,gt_image/ncih2170_jc_lap_ic50_24h_88.tif,,239,240,True,True,True,True,ncih2170_jc_lap_ic50_24h_88.tif,ncih2170_jc_lap_ic50_24h_88.tif,ncih2170_jc_lap_ic50_24h_88.png,ncih2170_jc_lap_ic50_24h_88.tif,,/work/users/b/e/behnamie/ecDNA_Data/bioimage_archive/rgb/ncih2170_jc_lap_ic50_24h_88.tif,/work/users/b/e/behnamie/ecDNA_Data/bioimage_archive/dapi/ncih2170_jc_lap_ic50_24h_88.tif,/work/users/b/e/behnamie/ecDNA_Data/bioimage_archive/roi_mask/ncih2170_jc_lap_ic50_24h_88.png,/work/users/b/e/behnamie/ecDNA_Data/bioimage_archive/gt_image/ncih2170_jc_lap_ic50_24h_88.tif
ncih2170_jc_lap_ic50_24h_90,NCI-H2170,train,train,True,True,False,False,1,rgb/ncih2170_jc_lap_ic50_24h_90.tif,dapi/ncih2170_jc_lap_ic50_24h_90.tif,roi_mask/ncih2170_jc_lap_ic50_24h_90.png,gt_image/ncih2170_jc_lap_ic50_24h_90.tif,,283,285,True,True,True,True,ncih2170_jc_lap_ic50_24h_90.tif,ncih2170_jc_lap_ic50_24h_90.tif,ncih2170_jc_lap_ic50_24h_90.png,ncih2170_jc_lap_ic50_24h_90.tif,,/work/users/b/e/behnamie/ecDNA_Data/bioimage_archive/rgb/ncih2170_jc_lap_ic50_24h_90.tif,/work/users/b/e/behnamie/ecDNA_Data/bioimage_archive/dapi/ncih2170_jc_lap_ic50_24h_90.tif,/work/users/b/e/behnamie/ecDNA_Data/bioimage_archive/roi_mask/ncih2170_jc_lap_ic50_24h_90.png,/work/users/b/e/behnamie/ecDNA_Data/bioimage_archive/gt_image/ncih2170_jc_lap_ic50_24h_90.tif
ncih2170_jc_lap_ic50_24h_93,NCI-H2170,train,train,True,True,False,False,1,rgb/ncih2170_jc_lap_ic50_24h_93.tif,dapi/ncih2170_jc_lap_ic50_24h_93.tif,roi_mask/ncih2170_jc_lap_ic50_24h_93.png,gt_image/ncih2170_jc_lap_ic50_24h_93.tif,,259,261,True,True,True,True,ncih2170_jc_lap_ic50_24h_93.tif,ncih2170_jc_lap_ic50_24h_93.tif,ncih2170_jc_lap_ic50_24h_93.png,ncih2170_jc_lap_ic50_24h_93.tif,,/work/users/b/e/behnamie/ecDNA_Data/bioimage_archive/rgb/ncih2170_jc_lap_ic50_24h_93.tif,/work/users/b/e/behnamie/ecDNA_Data/bioimage_archive/dapi/ncih2170_jc_lap_ic50_24h_93.tif,/work/users/b/e/behnamie/ecDNA_Data/bioimage_archive/roi_mask/ncih2170_jc_lap_ic50_24h_93.png,/work/users/b/e/behnamie/ecDNA_Data/bioimage_archive/gt_image/ncih2170_jc_lap_ic50_24h_93.tif
ncih2170_jc_lap_ic50_24h_96,NCI-H2170,train,train,True,True,False,False,1,rgb/ncih2170_jc_lap_ic50_24h_96.tif,dapi/ncih2170_jc_lap_ic50_24h_96.tif,roi_mask/ncih2170_jc_lap_ic50_24h_96.png,gt_image/ncih2170_jc_lap_ic50_24h_96.tif,,261,264,True,True,True,True,ncih2170_jc_lap_ic50_24h_96.tif,ncih2170_jc_lap_ic50_24h_96.tif,ncih2170_jc_lap_ic50_24h_96.png,ncih2170_jc_lap_ic50_24h_96.tif,,/work/users/b/e/behnamie/ecDNA_Data/bioimage_archive/rgb/ncih2170_jc_lap_ic50_24h_96.tif,/work/users/b/e/behnamie/ecDNA_Data/bioimage_archive/dapi/ncih2170_jc_lap_ic50_24h_96.tif,/work/users/b/e/behnamie/ecDNA_Data/bioimage_archive/roi_mask/ncih2170_jc_lap_ic50_24h_96.png,/work/users/b/e/behnamie/ecDNA_Data/bioimage_archive/gt_image/ncih2170_jc_lap_ic50_24h_96.tif
ncih2170_jc_lap_ic50_24h_99,NCI-H2170,train,train,True,True,False,False,1,rgb/ncih2170_jc_lap_ic50_24h_99.tif,dapi/ncih2170_jc_lap_ic50_24h_99.tif,roi_mask/ncih2170_jc_lap_ic50_24h_99.png,gt_image/ncih2170_jc_lap_ic50_24h_99.tif,,89,89,True,True,True,True,ncih2170_jc_lap_ic50_24h_99.tif,ncih2170_jc_lap_ic50_24h_99.tif,ncih2170_jc_lap_ic50_24h_99.png,ncih2170_jc_lap_ic50_24h_99.tif,,/work/users/b/e/behnamie/ecDNA_Data/bioimage_archive/rgb/ncih2170_jc_lap_ic50_24h_99.tif,/work/users/b/e/behnamie/ecDNA_Data/bioimage_archive/dapi/ncih2170_jc_lap_ic50_24h_99.tif,/work/users/b/e/behnamie/ecDNA_Data/bioimage_archive/roi_mask/ncih2170_jc_lap_ic50_24h_99.png,/work/users/b/e/behnamie/ecDNA_Data/bioimage_archive/gt_image/ncih2170_jc_lap_ic50_24h_99.tif
ncih2170_jc_ner_ic50_24h_21,NCI-H2170,train,train,True,True,False,False,1,rgb/ncih2170_jc_ner_ic50_24h_21.tif,dapi/ncih2170_jc_ner_ic50_24h_21.tif,roi_mask/ncih2170_jc_ner_ic50_24h_21.png,gt_image/ncih2170_jc_ner_ic50_24h_21.tif,,475,490,True,True,True,True,ncih2170_jc_ner_ic50_24h_21.tif,ncih2170_jc_ner_ic50_24h_21.tif,ncih2170_jc_ner_ic50_24h_21.png,ncih2170_jc_ner_ic50_24h_21.tif,,/work/users/b/e/behnamie/ecDNA_Data/bioimage_archive/rgb/ncih2170_jc_ner_ic50_24h_21.tif,/work/users/b/e/behnamie/ecDNA_Data/bioimage_archive/dapi/ncih2170_jc_ner_ic50_24h_21.tif,/work/users/b/e/behnamie/ecDNA_Data/bioimage_archive/roi_mask/ncih2170_jc_ner_ic50_24h_21.png,/work/users/b/e/behnamie/ecDNA_Data/bioimage_archive/gt_image/ncih2170_jc_ner_ic50_24h_21.tif
ncih2170_jc_ner_ic50_24h_28,NCI-H2170,train,train,True,True,False,False,1,rgb/ncih2170_jc_ner_ic50_24h_28.tif,dapi/ncih2170_jc_ner_ic50_24h_28.tif,roi_mask/ncih2170_jc_ner_ic50_24h_28.png,gt_image/ncih2170_jc_ner_ic50_24h_28.tif,,62,62,True,True,True,True,ncih2170_jc_ner_ic50_24h_28.tif,ncih2170_jc_ner_ic50_24h_28.tif,ncih2170_jc_ner_ic50_24h_28.png,ncih2170_jc_ner_ic50_24h_28.tif,,/work/users/b/e/behnamie/ecDNA_Data/bioimage_archive/rgb/ncih2170_jc_ner_ic50_24h_28.tif,/work/users/b/e/behnamie/ecDNA_Data/bioimage_archive/dapi/ncih2170_jc_ner_ic50_24h_28.tif,/work/users/b/e/behnamie/ecDNA_Data/bioimage_archive/roi_mask/ncih2170_jc_ner_ic50_24h_28.png,/work/users/b/e/behnamie/ecDNA_Data/bioimage_archive/gt_image/ncih2170_jc_ner_ic50_24h_28.tif
ncih2170_jc_ner_ic50_24h_3,NCI-H2170,train,train,True,True,False,False,1,rgb/ncih2170_jc_ner_ic50_24h_3.tif,dapi/ncih2170_jc_ner_ic50_24h_3.tif,roi_mask/ncih2170_jc_ner_ic50_24h_3.png,gt_image/ncih2170_jc_ner_ic50_24h_3.tif,,574,586,True,True,True,True,ncih2170_jc_ner_ic50_24h_3.tif,ncih2170_jc_ner_ic50_24h_3.tif,ncih2170_jc_ner_ic50_24h_3.png,ncih2170_jc_ner_ic50_24h_3.tif,,/work/users/b/e/behnamie/ecDNA_Data/bioimage_archive/rgb/ncih2170_jc_ner_ic50_24h_3.tif,/work/users/b/e/behnamie/ecDNA_Data/bioimage_archive/dapi/ncih2170_jc_ner_ic50_24h_3.tif,/work/users/b/e/behnamie/ecDNA_Data/bioimage_archive/roi_mask/ncih2170_jc_ner_ic50_24h_3.png,/work/users/b/e/behnamie/ecDNA_Data/bioimage_archive/gt_image/ncih2170_jc_ner_ic50_24h_3.tif
ncih2170_jc_ner_ic50_24h_47,NCI-H2170,train,train,True,True,False,False,1,rgb/ncih2170_jc_ner_ic50_24h_47.tif,dapi/ncih2170_jc_ner_ic50_24h_47.tif,roi_mask/ncih2170_jc_ner_ic50_24h_47.png,gt_image/ncih2170_jc_ner_ic50_24h_47.tif,,212,214,True,True,True,True,ncih2170_jc_ner_ic50_24h_47.tif,ncih2170_jc_ner_ic50_24h_47.tif,ncih2170_jc_ner_ic50_24h_47.png,ncih2170_jc_ner_ic50_24h_47.tif,,/work/users/b/e/behnamie/ecDNA_Data/bioimage_archive/rgb/ncih2170_jc_ner_ic50_24h_47.tif,/work/users/b/e/behnamie/ecDNA_Data/bioimage_archive/dapi/ncih2170_jc_ner_ic50_24h_47.tif,/work/users/b/e/behnamie/ecDNA_Data/bioimage_archive/roi_mask/ncih2170_jc_ner_ic50_24h_47.png,/work/users/b/e/behnamie/ecDNA_Data/bioimage_archive/gt_image/ncih2170_jc_ner_ic50_24h_47.tif
ncih2170_jc_ner_ic50_24h_51,NCI-H2170,train,train,True,True,False,False,1,rgb/ncih2170_jc_ner_ic50_24h_51.tif,dapi/ncih2170_jc_ner_ic50_24h_51.tif,roi_mask/ncih2170_jc_ner_ic50_24h_51.png,gt_image/ncih2170_jc_ner_ic50_24h_51.tif,,166,167,True,True,True,True,ncih2170_jc_ner_ic50_24h_51.tif,ncih2170_jc_ner_ic50_24h_51.tif,ncih2170_jc_ner_ic50_24h_51.png,ncih2170_jc_ner_ic50_24h_51.tif,,/work/users/b/e/behnamie/ecDNA_Data/bioimage_archive/rgb/ncih2170_jc_ner_ic50_24h_51.tif,/work/users/b/e/behnamie/ecDNA_Data/bioimage_archive/dapi/ncih2170_jc_ner_ic50_24h_51.tif,/work/users/b/e/behnamie/ecDNA_Data/bioimage_archive/roi_mask/ncih2170_jc_ner_ic50_24h_51.png,/work/users/b/e/behnamie/ecDNA_Data/bioimage_archive/gt_image/ncih2170_jc_ner_ic50_24h_51.tif
ncih2170_jc_ner_ic50_24h_53,NCI-H2170,train,train,True,True,False,False,1,rgb/ncih2170_jc_ner_ic50_24h_53.tif,dapi/ncih2170_jc_ner_ic50_24h_53.tif,roi_mask/ncih2170_jc_ner_ic50_24h_53.png,gt_image/ncih2170_jc_ner_ic50_24h_53.tif,,182,183,True,True,True,True,ncih2170_jc_ner_ic50_24h_53.tif,ncih2170_jc_ner_ic50_24h_53.tif,ncih2170_jc_ner_ic50_24h_53.png,ncih2170_jc_ner_ic50_24h_53.tif,,/work/users/b/e/behnamie/ecDNA_Data/bioimage_archive/rgb/ncih2170_jc_ner_ic50_24h_53.tif,/work/users/b/e/behnamie/ecDNA_Data/bioimage_archive/dapi/ncih2170_jc_ner_ic50_24h_53.tif,/work/users/b/e/behnamie/ecDNA_Data/bioimage_archive/roi_mask/ncih2170_jc_ner_ic50_24h_53.png,/work/users/b/e/behnamie/ecDNA_Data/bioimage_archive/gt_image/ncih2170_jc_ner_ic50_24h_53.tif
ncih2170_jc_ner_ic50_24h_6,NCI-H2170,train,train,True,True,False,False,1,rgb/ncih2170_jc_ner_ic50_24h_6.tif,dapi/ncih2170_jc_ner_ic50_24h_6.tif,roi_mask/ncih2170_jc_ner_ic50_24h_6.png,gt_image/ncih2170_jc_ner_ic50_24h_6.tif,,109,110,True,True,True,True,ncih2170_jc_ner_ic50_24h_6.tif,ncih2170_jc_ner_ic50_24h_6.tif,ncih2170_jc_ner_ic50_24h_6.png,ncih2170_jc_ner_ic50_24h_6.tif,,/work/users/b/e/behnamie/ecDNA_Data/bioimage_archive/rgb/ncih2170_jc_ner_ic50_24h_6.tif,/work/users/b/e/behnamie/ecDNA_Data/bioimage_archive/dapi/ncih2170_jc_ner_ic50_24h_6.tif,/work/users/b/e/behnamie/ecDNA_Data/bioimage_archive/roi_mask/ncih2170_jc_ner_ic50_24h_6.png,/work/users/b/e/behnamie/ecDNA_Data/bioimage_archive/gt_image/ncih2170_jc_ner_ic50_24h_6.tif
ncih2170_jc_ner_ic50_24h_7,NCI-H2170,train,train,True,True,False,False,1,rgb/ncih2170_jc_ner_ic50_24h_7.tif,dapi/ncih2170_jc_ner_ic50_24h_7.tif,roi_mask/ncih2170_jc_ner_ic50_24h_7.png,gt_image/ncih2170_jc_ner_ic50_24h_7.tif,,137,138,True,True,True,True,ncih2170_jc_ner_ic50_24h_7.tif,ncih2170_jc_ner_ic50_24h_7.tif,ncih2170_jc_ner_ic50_24h_7.png,ncih2170_jc_ner_ic50_24h_7.tif,,/work/users/b/e/behnamie/ecDNA_Data/bioimage_archive/rgb/ncih2170_jc_ner_ic50_24h_7.tif,/work/users/b/e/behnamie/ecDNA_Data/bioimage_archive/dapi/ncih2170_jc_ner_ic50_24h_7.tif,/work/users/b/e/behnamie/ecDNA_Data/bioimage_archive/roi_mask/ncih2170_jc_ner_ic50_24h_7.png,/work/users/b/e/behnamie/ecDNA_Data/bioimage_archive/gt_image/ncih2170_jc_ner_ic50_24h_7.tif
ncih2170_jc_ner_ic50_24h_72,NCI-H2170,train,train,True,True,False,False,1,rgb/ncih2170_jc_ner_ic50_24h_72.tif,dapi/ncih2170_jc_ner_ic50_24h_72.tif,roi_mask/ncih2170_jc_ner_ic50_24h_72.png,gt_image/ncih2170_jc_ner_ic50_24h_72.tif,,143,147,True,True,True,True,ncih2170_jc_ner_ic50_24h_72.tif,ncih2170_jc_ner_ic50_24h_72.tif,ncih2170_jc_ner_ic50_24h_72.png,ncih2170_jc_ner_ic50_24h_72.tif,,/work/users/b/e/behnamie/ecDNA_Data/bioimage_archive/rgb/ncih2170_jc_ner_ic50_24h_72.tif,/work/users/b/e/behnamie/ecDNA_Data/bioimage_archive/dapi/ncih2170_jc_ner_ic50_24h_72.tif,/work/users/b/e/behnamie/ecDNA_Data/bioimage_archive/roi_mask/ncih2170_jc_ner_ic50_24h_72.png,/work/users/b/e/behnamie/ecDNA_Data/bioimage_archive/gt_image/ncih2170_jc_ner_ic50_24h_72.tif
ncih2170_jc_ner_ic50_24h_73,NCI-H2170,train,train,True,True,False,False,1,rgb/ncih2170_jc_ner_ic50_24h_73.tif,dapi/ncih2170_jc_ner_ic50_24h_73.tif,roi_mask/ncih2170_jc_ner_ic50_24h_73.png,gt_image/ncih2170_jc_ner_ic50_24h_73.tif,,78,80,True,True,True,True,ncih2170_jc_ner_ic50_24h_73.tif,ncih2170_jc_ner_ic50_24h_73.tif,ncih2170_jc_ner_ic50_24h_73.png,ncih2170_jc_ner_ic50_24h_73.tif,,/work/users/b/e/behnamie/ecDNA_Data/bioimage_archive/rgb/ncih2170_jc_ner_ic50_24h_73.tif,/work/users/b/e/behnamie/ecDNA_Data/bioimage_archive/dapi/ncih2170_jc_ner_ic50_24h_73.tif,/work/users/b/e/behnamie/ecDNA_Data/bioimage_archive/roi_mask/ncih2170_jc_ner_ic50_24h_73.png,/work/users/b/e/behnamie/ecDNA_Data/bioimage_archive/gt_image/ncih2170_jc_ner_ic50_24h_73.tif
ncih2170_jc_ner_ic50_24h_80,NCI-H2170,train,train,True,True,False,False,1,rgb/ncih2170_jc_ner_ic50_24h_80.tif,dapi/ncih2170_jc_ner_ic50_24h_80.tif,roi_mask/ncih2170_jc_ner_ic50_24h_80.png,gt_image/ncih2170_jc_ner_ic50_24h_80.tif,,129,129,True,True,True,True,ncih2170_jc_ner_ic50_24h_80.tif,ncih2170_jc_ner_ic50_24h_80.tif,ncih2170_jc_ner_ic50_24h_80.png,ncih2170_jc_ner_ic50_24h_80.tif,,/work/users/b/e/behnamie/ecDNA_Data/bioimage_archive/rgb/ncih2170_jc_ner_ic50_24h_80.tif,/work/users/b/e/behnamie/ecDNA_Data/bioimage_archive/dapi/ncih2170_jc_ner_ic50_24h_80.tif,/work/users/b/e/behnamie/ecDNA_Data/bioimage_archive/roi_mask/ncih2170_jc_ner_ic50_24h_80.png,/work/users/b/e/behnamie/ecDNA_Data/bioimage_archive/gt_image/ncih2170_jc_ner_ic50_24h_80.tif
ncih2170_jc_ner_ic50_24h_9,NCI-H2170,train,train,True,True,False,False,1,rgb/ncih2170_jc_ner_ic50_24h_9.tif,dapi/ncih2170_jc_ner_ic50_24h_9.tif,roi_mask/ncih2170_jc_ner_ic50_24h_9.png,gt_image/ncih2170_jc_ner_ic50_24h_9.tif,,168,172,True,True,True,True,ncih2170_jc_ner_ic50_24h_9.tif,ncih2170_jc_ner_ic50_24h_9.tif,ncih2170_jc_ner_ic50_24h_9.png,ncih2170_jc_ner_ic50_24h_9.tif,,/work/users/b/e/behnamie/ecDNA_Data/bioimage_archive/rgb/ncih2170_jc_ner_ic50_24h_9.tif,/work/users/b/e/behnamie/ecDNA_Data/bioimage_archive/dapi/ncih2170_jc_ner_ic50_24h_9.tif,/work/users/b/e/behnamie/ecDNA_Data/bioimage_archive/roi_mask/ncih2170_jc_ner_ic50_24h_9.png,/work/users/b/e/behnamie/ecDNA_Data/bioimage_archive/gt_image/ncih2170_jc_ner_ic50_24h_9.tif
ncih2170_jc_ner_ic50_72h_39,NCI-H2170,train,train,True,True,False,False,1,rgb/ncih2170_jc_ner_ic50_72h_39.tif,dapi/ncih2170_jc_ner_ic50_72h_39.tif,roi_mask/ncih2170_jc_ner_ic50_72h_39.png,gt_image/ncih2170_jc_ner_ic50_72h_39.tif,,396,403,True,True,True,True,ncih2170_jc_ner_ic50_72h_39.tif,ncih2170_jc_ner_ic50_72h_39.tif,ncih2170_jc_ner_ic50_72h_39.png,ncih2170_jc_ner_ic50_72h_39.tif,,/work/users/b/e/behnamie/ecDNA_Data/bioimage_archive/rgb/ncih2170_jc_ner_ic50_72h_39.tif,/work/users/b/e/behnamie/ecDNA_Data/bioimage_archive/dapi/ncih2170_jc_ner_ic50_72h_39.tif,/work/users/b/e/behnamie/ecDNA_Data/bioimage_archive/roi_mask/ncih2170_jc_ner_ic50_72h_39.png,/work/users/b/e/behnamie/ecDNA_Data/bioimage_archive/gt_image/ncih2170_jc_ner_ic50_72h_39.tif
ncih2170_jc_ner_ic50_72h_40,NCI-H2170,train,train,True,True,False,False,1,rgb/ncih2170_jc_ner_ic50_72h_40.tif,dapi/ncih2170_jc_ner_ic50_72h_40.tif,roi_mask/ncih2170_jc_ner_ic50_72h_40.png,gt_image/ncih2170_jc_ner_ic50_72h_40.tif,,349,352,True,True,True,True,ncih2170_jc_ner_ic50_72h_40.tif,ncih2170_jc_ner_ic50_72h_40.tif,ncih2170_jc_ner_ic50_72h_40.png,ncih2170_jc_ner_ic50_72h_40.tif,,/work/users/b/e/behnamie/ecDNA_Data/bioimage_archive/rgb/ncih2170_jc_ner_ic50_72h_40.tif,/work/users/b/e/behnamie/ecDNA_Data/bioimage_archive/dapi/ncih2170_jc_ner_ic50_72h_40.tif,/work/users/b/e/behnamie/ecDNA_Data/bioimage_archive/roi_mask/ncih2170_jc_ner_ic50_72h_40.png,/work/users/b/e/behnamie/ecDNA_Data/bioimage_archive/gt_image/ncih2170_jc_ner_ic50_72h_40.tif
ncih2170_jc_ner_ic50_72h_66,NCI-H2170,train,train,True,True,False,False,1,rgb/ncih2170_jc_ner_ic50_72h_66.tif,dapi/ncih2170_jc_ner_ic50_72h_66.tif,roi_mask/ncih2170_jc_ner_ic50_72h_66.png,gt_image/ncih2170_jc_ner_ic50_72h_66.tif,,163,165,True,True,True,True,ncih2170_jc_ner_ic50_72h_66.tif,ncih2170_jc_ner_ic50_72h_66.tif,ncih2170_jc_ner_ic50_72h_66.png,ncih2170_jc_ner_ic50_72h_66.tif,,/work/users/b/e/behnamie/ecDNA_Data/bioimage_archive/rgb/ncih2170_jc_ner_ic50_72h_66.tif,/work/users/b/e/behnamie/ecDNA_Data/bioimage_archive/dapi/ncih2170_jc_ner_ic50_72h_66.tif,/work/users/b/e/behnamie/ecDNA_Data/bioimage_archive/roi_mask/ncih2170_jc_ner_ic50_72h_66.png,/work/users/b/e/behnamie/ecDNA_Data/bioimage_archive/gt_image/ncih2170_jc_ner_ic50_72h_66.tif
ncih2170_jc_ner_ic50_72h_75,NCI-H2170,train,train,True,True,False,False,1,rgb/ncih2170_jc_ner_ic50_72h_75.tif,dapi/ncih2170_jc_ner_ic50_72h_75.tif,roi_mask/ncih2170_jc_ner_ic50_72h_75.png,gt_image/ncih2170_jc_ner_ic50_72h_75.tif,,233,233,True,True,True,True,ncih2170_jc_ner_ic50_72h_75.tif,ncih2170_jc_ner_ic50_72h_75.tif,ncih2170_jc_ner_ic50_72h_75.png,ncih2170_jc_ner_ic50_72h_75.tif,,/work/users/b/e/behnamie/ecDNA_Data/bioimage_archive/rgb/ncih2170_jc_ner_ic50_72h_75.tif,/work/users/b/e/behnamie/ecDNA_Data/bioimage_archive/dapi/ncih2170_jc_ner_ic50_72h_75.tif,/work/users/b/e/behnamie/ecDNA_Data/bioimage_archive/roi_mask/ncih2170_jc_ner_ic50_72h_75.png,/work/users/b/e/behnamie/ecDNA_Data/bioimage_archive/gt_image/ncih2170_jc_ner_ic50_72h_75.tif
ncih2170_jc_ner_ic50_72h_89,NCI-H2170,train,train,True,True,False,False,1,rgb/ncih2170_jc_ner_ic50_72h_89.tif,dapi/ncih2170_jc_ner_ic50_72h_89.tif,roi_mask/ncih2170_jc_ner_ic50_72h_89.png,gt_image/ncih2170_jc_ner_ic50_72h_89.tif,,1687,1728,True,True,True,True,ncih2170_jc_ner_ic50_72h_89.tif,ncih2170_jc_ner_ic50_72h_89.tif,ncih2170_jc_ner_ic50_72h_89.png,ncih2170_jc_ner_ic50_72h_89.tif,,/work/users/b/e/behnamie/ecDNA_Data/bioimage_archive/rgb/ncih2170_jc_ner_ic50_72h_89.tif,/work/users/b/e/behnamie/ecDNA_Data/bioimage_archive/dapi/ncih2170_jc_ner_ic50_72h_89.tif,/work/users/b/e/behnamie/ecDNA_Data/bioimage_archive/roi_mask/ncih2170_jc_ner_ic50_72h_89.png,/work/users/b/e/behnamie/ecDNA_Data/bioimage_archive/gt_image/ncih2170_jc_ner_ic50_72h_89.tif
ncih2170_jc_ner_ic50_72h_92,NCI-H2170,train,train,True,True,False,False,1,rgb/ncih2170_jc_ner_ic50_72h_92.tif,dapi/ncih2170_jc_ner_ic50_72h_92.tif,roi_mask/ncih2170_jc_ner_ic50_72h_92.png,gt_image/ncih2170_jc_ner_ic50_72h_92.tif,,233,238,True,True,True,True,ncih2170_jc_ner_ic50_72h_92.tif,ncih2170_jc_ner_ic50_72h_92.tif,ncih2170_jc_ner_ic50_72h_92.png,ncih2170_jc_ner_ic50_72h_92.tif,,/work/users/b/e/behnamie/ecDNA_Data/bioimage_archive/rgb/ncih2170_jc_ner_ic50_72h_92.tif,/work/users/b/e/behnamie/ecDNA_Data/bioimage_archive/dapi/ncih2170_jc_ner_ic50_72h_92.tif,/work/users/b/e/behnamie/ecDNA_Data/bioimage_archive/roi_mask/ncih2170_jc_ner_ic50_72h_92.png,/work/users/b/e/behnamie/ecDNA_Data/bioimage_archive/gt_image/ncih2170_jc_ner_ic50_72h_92.tif
ncih2170_post_facs_fish_high_her2_g3_42,NCI-H2170,train,train,True,True,False,False,1,rgb/ncih2170_post_facs_fish_high_her2_g3_42.tif,dapi/ncih2170_post_facs_fish_high_her2_g3_42.tif,roi_mask/ncih2170_post_facs_fish_high_her2_g3_42.png,gt_image/ncih2170_post_facs_fish_high_her2_g3_42.tif,,611,613,True,True,True,True,ncih2170_post_facs_fish_high_her2_g3_42.tif,ncih2170_post_facs_fish_high_her2_g3_42.tif,ncih2170_post_facs_fish_high_her2_g3_42.png,ncih2170_post_facs_fish_high_her2_g3_42.tif,,/work/users/b/e/behnamie/ecDNA_Data/bioimage_archive/rgb/ncih2170_post_facs_fish_high_her2_g3_42.tif,/work/users/b/e/behnamie/ecDNA_Data/bioimage_archive/dapi/ncih2170_post_facs_fish_high_her2_g3_42.tif,/work/users/b/e/behnamie/ecDNA_Data/bioimage_archive/roi_mask/ncih2170_post_facs_fish_high_her2_g3_42.png,/work/users/b/e/behnamie/ecDNA_Data/bioimage_archive/gt_image/ncih2170_post_facs_fish_high_her2_g3_42.tif
ncih2170_post_facs_fish_high_her2_g3_61,NCI-H2170,train,train,True,True,False,False,1,rgb/ncih2170_post_facs_fish_high_her2_g3_61.tif,dapi/ncih2170_post_facs_fish_high_her2_g3_61.tif,roi_mask/ncih2170_post_facs_fish_high_her2_g3_61.png,gt_image/ncih2170_post_facs_fish_high_her2_g3_61.tif,,186,186,True,True,True,True,ncih2170_post_facs_fish_high_her2_g3_61.tif,ncih2170_post_facs_fish_high_her2_g3_61.tif,ncih2170_post_facs_fish_high_her2_g3_61.png,ncih2170_post_facs_fish_high_her2_g3_61.tif,,/work/users/b/e/behnamie/ecDNA_Data/bioimage_archive/rgb/ncih2170_post_facs_fish_high_her2_g3_61.tif,/work/users/b/e/behnamie/ecDNA_Data/bioimage_archive/dapi/ncih2170_post_facs_fish_high_her2_g3_61.tif,/work/users/b/e/behnamie/ecDNA_Data/bioimage_archive/roi_mask/ncih2170_post_facs_fish_high_her2_g3_61.png,/work/users/b/e/behnamie/ecDNA_Data/bioimage_archive/gt_image/ncih2170_post_facs_fish_high_her2_g3_61.tif
ncih2170_post_facs_fish_high_her2_g3_65,NCI-H2170,train,train,True,True,False,False,1,rgb/ncih2170_post_facs_fish_high_her2_g3_65.tif,dapi/ncih2170_post_facs_fish_high_her2_g3_65.tif,roi_mask/ncih2170_post_facs_fish_high_her2_g3_65.png,gt_image/ncih2170_post_facs_fish_high_her2_g3_65.tif,,88,88,True,True,True,True,ncih2170_post_facs_fish_high_her2_g3_65.tif,ncih2170_post_facs_fish_high_her2_g3_65.tif,ncih2170_post_facs_fish_high_her2_g3_65.png,ncih2170_post_facs_fish_high_her2_g3_65.tif,,/work/users/b/e/behnamie/ecDNA_Data/bioimage_archive/rgb/ncih2170_post_facs_fish_high_her2_g3_65.tif,/work/users/b/e/behnamie/ecDNA_Data/bioimage_archive/dapi/ncih2170_post_facs_fish_high_her2_g3_65.tif,/work/users/b/e/behnamie/ecDNA_Data/bioimage_archive/roi_mask/ncih2170_post_facs_fish_high_her2_g3_65.png,/work/users/b/e/behnamie/ecDNA_Data/bioimage_archive/gt_image/ncih2170_post_facs_fish_high_her2_g3_65.tif
ncih2170_post_facs_fish_low_her2_g3_101,NCI-H2170,train,train,True,True,False,False,1,rgb/ncih2170_post_facs_fish_low_her2_g3_101.tif,dapi/ncih2170_post_facs_fish_low_her2_g3_101.tif,roi_mask/ncih2170_post_facs_fish_low_her2_g3_101.png,gt_image/ncih2170_post_facs_fish_low_her2_g3_101.tif,,153,153,True,True,True,True,ncih2170_post_facs_fish_low_her2_g3_101.tif,ncih2170_post_facs_fish_low_her2_g3_101.tif,ncih2170_post_facs_fish_low_her2_g3_101.png,ncih2170_post_facs_fish_low_her2_g3_101.tif,,/work/users/b/e/behnamie/ecDNA_Data/bioimage_archive/rgb/ncih2170_post_facs_fish_low_her2_g3_101.tif,/work/users/b/e/behnamie/ecDNA_Data/bioimage_archive/dapi/ncih2170_post_facs_fish_low_her2_g3_101.tif,/work/users/b/e/behnamie/ecDNA_Data/bioimage_archive/roi_mask/ncih2170_post_facs_fish_low_her2_g3_101.png,/work/users/b/e/behnamie/ecDNA_Data/bioimage_archive/gt_image/ncih2170_post_facs_fish_low_her2_g3_101.tif
ncih2170_post_facs_fish_low_her2_g3_36,NCI-H2170,train,train,True,True,False,False,1,rgb/ncih2170_post_facs_fish_low_her2_g3_36.tif,dapi/ncih2170_post_facs_fish_low_her2_g3_36.tif,roi_mask/ncih2170_post_facs_fish_low_her2_g3_36.png,gt_image/ncih2170_post_facs_fish_low_her2_g3_36.tif,,179,179,True,True,True,True,ncih2170_post_facs_fish_low_her2_g3_36.tif,ncih2170_post_facs_fish_low_her2_g3_36.tif,ncih2170_post_facs_fish_low_her2_g3_36.png,ncih2170_post_facs_fish_low_her2_g3_36.tif,,/work/users/b/e/behnamie/ecDNA_Data/bioimage_archive/rgb/ncih2170_post_facs_fish_low_her2_g3_36.tif,/work/users/b/e/behnamie/ecDNA_Data/bioimage_archive/dapi/ncih2170_post_facs_fish_low_her2_g3_36.tif,/work/users/b/e/behnamie/ecDNA_Data/bioimage_archive/roi_mask/ncih2170_post_facs_fish_low_her2_g3_36.png,/work/users/b/e/behnamie/ecDNA_Data/bioimage_archive/gt_image/ncih2170_post_facs_fish_low_her2_g3_36.tif
ncih2170_post_facs_fish_low_her2_g3_39,NCI-H2170,train,train,True,True,False,False,1,rgb/ncih2170_post_facs_fish_low_her2_g3_39.tif,dapi/ncih2170_post_facs_fish_low_her2_g3_39.tif,roi_mask/ncih2170_post_facs_fish_low_her2_g3_39.png,gt_image/ncih2170_post_facs_fish_low_her2_g3_39.tif,,191,191,True,True,True,True,ncih2170_post_facs_fish_low_her2_g3_39.tif,ncih2170_post_facs_fish_low_her2_g3_39.tif,ncih2170_post_facs_fish_low_her2_g3_39.png,ncih2170_post_facs_fish_low_her2_g3_39.tif,,/work/users/b/e/behnamie/ecDNA_Data/bioimage_archive/rgb/ncih2170_post_facs_fish_low_her2_g3_39.tif,/work/users/b/e/behnamie/ecDNA_Data/bioimage_archive/dapi/ncih2170_post_facs_fish_low_her2_g3_39.tif,/work/users/b/e/behnamie/ecDNA_Data/bioimage_archive/roi_mask/ncih2170_post_facs_fish_low_her2_g3_39.png,/work/users/b/e/behnamie/ecDNA_Data/bioimage_archive/gt_image/ncih2170_post_facs_fish_low_her2_g3_39.tif
ncih2170_post_facs_fish_low_her2_g3_59,NCI-H2170,train,train,True,True,False,False,1,rgb/ncih2170_post_facs_fish_low_her2_g3_59.tif,dapi/ncih2170_post_facs_fish_low_her2_g3_59.tif,roi_mask/ncih2170_post_facs_fish_low_her2_g3_59.png,gt_image/ncih2170_post_facs_fish_low_her2_g3_59.tif,,45,45,True,True,True,True,ncih2170_post_facs_fish_low_her2_g3_59.tif,ncih2170_post_facs_fish_low_her2_g3_59.tif,ncih2170_post_facs_fish_low_her2_g3_59.png,ncih2170_post_facs_fish_low_her2_g3_59.tif,,/work/users/b/e/behnamie/ecDNA_Data/bioimage_archive/rgb/ncih2170_post_facs_fish_low_her2_g3_59.tif,/work/users/b/e/behnamie/ecDNA_Data/bioimage_archive/dapi/ncih2170_post_facs_fish_low_her2_g3_59.tif,/work/users/b/e/behnamie/ecDNA_Data/bioimage_archive/roi_mask/ncih2170_post_facs_fish_low_her2_g3_59.png,/work/users/b/e/behnamie/ecDNA_Data/bioimage_archive/gt_image/ncih2170_post_facs_fish_low_her2_g3_59.tif
ncih2170_post_facs_fish_low_her2_g3_6,NCI-H2170,train,train,True,True,False,False,1,rgb/ncih2170_post_facs_fish_low_her2_g3_6.tif,dapi/ncih2170_post_facs_fish_low_her2_g3_6.tif,roi_mask/ncih2170_post_facs_fish_low_her2_g3_6.png,gt_image/ncih2170_post_facs_fish_low_her2_g3_6.tif,,479,480,True,True,True,True,ncih2170_post_facs_fish_low_her2_g3_6.tif,ncih2170_post_facs_fish_low_her2_g3_6.tif,ncih2170_post_facs_fish_low_her2_g3_6.png,ncih2170_post_facs_fish_low_her2_g3_6.tif,,/work/users/b/e/behnamie/ecDNA_Data/bioimage_archive/rgb/ncih2170_post_facs_fish_low_her2_g3_6.tif,/work/users/b/e/behnamie/ecDNA_Data/bioimage_archive/dapi/ncih2170_post_facs_fish_low_her2_g3_6.tif,/work/users/b/e/behnamie/ecDNA_Data/bioimage_archive/roi_mask/ncih2170_post_facs_fish_low_her2_g3_6.png,/work/users/b/e/behnamie/ecDNA_Data/bioimage_archive/gt_image/ncih2170_post_facs_fish_low_her2_g3_6.tif
ncih2170_post_facs_fish_low_her2_g3_68,NCI-H2170,train,train,True,True,False,False,1,rgb/ncih2170_post_facs_fish_low_her2_g3_68.tif,dapi/ncih2170_post_facs_fish_low_her2_g3_68.tif,roi_mask/ncih2170_post_facs_fish_low_her2_g3_68.png,gt_image/ncih2170_post_facs_fish_low_her2_g3_68.tif,,49,49,True,True,True,True,ncih2170_post_facs_fish_low_her2_g3_68.tif,ncih2170_post_facs_fish_low_her2_g3_68.tif,ncih2170_post_facs_fish_low_her2_g3_68.png,ncih2170_post_facs_fish_low_her2_g3_68.tif,,/work/users/b/e/behnamie/ecDNA_Data/bioimage_archive/rgb/ncih2170_post_facs_fish_low_her2_g3_68.tif,/work/users/b/e/behnamie/ecDNA_Data/bioimage_archive/dapi/ncih2170_post_facs_fish_low_her2_g3_68.tif,/work/users/b/e/behnamie/ecDNA_Data/bioimage_archive/roi_mask/ncih2170_post_facs_fish_low_her2_g3_68.png,/work/users/b/e/behnamie/ecDNA_Data/bioimage_archive/gt_image/ncih2170_post_facs_fish_low_her2_g3_68.tif
ncih2170_post_facs_fish_low_her2_g3_79,NCI-H2170,train,train,True,True,False,False,1,rgb/ncih2170_post_facs_fish_low_her2_g3_79.tif,dapi/ncih2170_post_facs_fish_low_her2_g3_79.tif,roi_mask/ncih2170_post_facs_fish_low_her2_g3_79.png,gt_image/ncih2170_post_facs_fish_low_her2_g3_79.tif,,209,214,True,True,True,True,ncih2170_post_facs_fish_low_her2_g3_79.tif,ncih2170_post_facs_fish_low_her2_g3_79.tif,ncih2170_post_facs_fish_low_her2_g3_79.png,ncih2170_post_facs_fish_low_her2_g3_79.tif,,/work/users/b/e/behnamie/ecDNA_Data/bioimage_archive/rgb/ncih2170_post_facs_fish_low_her2_g3_79.tif,/work/users/b/e/behnamie/ecDNA_Data/bioimage_archive/dapi/ncih2170_post_facs_fish_low_her2_g3_79.tif,/work/users/b/e/behnamie/ecDNA_Data/bioimage_archive/roi_mask/ncih2170_post_facs_fish_low_her2_g3_79.png,/work/users/b/e/behnamie/ecDNA_Data/bioimage_archive/gt_image/ncih2170_post_facs_fish_low_her2_g3_79.tif
ncih2170_post_facs_fish_low_her2_g3_82,NCI-H2170,train,train,True,True,False,False,1,rgb/ncih2170_post_facs_fish_low_her2_g3_82.tif,dapi/ncih2170_post_facs_fish_low_her2_g3_82.tif,roi_mask/ncih2170_post_facs_fish_low_her2_g3_82.png,gt_image/ncih2170_post_facs_fish_low_her2_g3_82.tif,,75,75,True,True,True,True,ncih2170_post_facs_fish_low_her2_g3_82.tif,ncih2170_post_facs_fish_low_her2_g3_82.tif,ncih2170_post_facs_fish_low_her2_g3_82.png,ncih2170_post_facs_fish_low_her2_g3_82.tif,,/work/users/b/e/behnamie/ecDNA_Data/bioimage_archive/rgb/ncih2170_post_facs_fish_low_her2_g3_82.tif,/work/users/b/e/behnamie/ecDNA_Data/bioimage_archive/dapi/ncih2170_post_facs_fish_low_her2_g3_82.tif,/work/users/b/e/behnamie/ecDNA_Data/bioimage_archive/roi_mask/ncih2170_post_facs_fish_low_her2_g3_82.png,/work/users/b/e/behnamie/ecDNA_Data/bioimage_archive/gt_image/ncih2170_post_facs_fish_low_her2_g3_82.tif
ncih716_jc_alo_8nm_24h_12,NCI-H716,train,train,True,True,False,False,1,rgb/ncih716_jc_alo_8nm_24h_12.tif,dapi/ncih716_jc_alo_8nm_24h_12.tif,roi_mask/ncih716_jc_alo_8nm_24h_12.png,gt_image/ncih716_jc_alo_8nm_24h_12.tif,,191,191,True,True,True,True,ncih716_jc_alo_8nm_24h_12.tif,ncih716_jc_alo_8nm_24h_12.tif,ncih716_jc_alo_8nm_24h_12.png,ncih716_jc_alo_8nm_24h_12.tif,,/work/users/b/e/behnamie/ecDNA_Data/bioimage_archive/rgb/ncih716_jc_alo_8nm_24h_12.tif,/work/users/b/e/behnamie/ecDNA_Data/bioimage_archive/dapi/ncih716_jc_alo_8nm_24h_12.tif,/work/users/b/e/behnamie/ecDNA_Data/bioimage_archive/roi_mask/ncih716_jc_alo_8nm_24h_12.png,/work/users/b/e/behnamie/ecDNA_Data/bioimage_archive/gt_image/ncih716_jc_alo_8nm_24h_12.tif
ncih716_jc_alo_8nm_24h_17,NCI-H716,train,train,True,True,False,False,1,rgb/ncih716_jc_alo_8nm_24h_17.tif,dapi/ncih716_jc_alo_8nm_24h_17.tif,roi_mask/ncih716_jc_alo_8nm_24h_17.png,gt_image/ncih716_jc_alo_8nm_24h_17.tif,,231,232,True,True,True,True,ncih716_jc_alo_8nm_24h_17.tif,ncih716_jc_alo_8nm_24h_17.tif,ncih716_jc_alo_8nm_24h_17.png,ncih716_jc_alo_8nm_24h_17.tif,,/work/users/b/e/behnamie/ecDNA_Data/bioimage_archive/rgb/ncih716_jc_alo_8nm_24h_17.tif,/work/users/b/e/behnamie/ecDNA_Data/bioimage_archive/dapi/ncih716_jc_alo_8nm_24h_17.tif,/work/users/b/e/behnamie/ecDNA_Data/bioimage_archive/roi_mask/ncih716_jc_alo_8nm_24h_17.png,/work/users/b/e/behnamie/ecDNA_Data/bioimage_archive/gt_image/ncih716_jc_alo_8nm_24h_17.tif
ncih716_jc_alo_8nm_24h_5,NCI-H716,train,train,True,True,False,False,1,rgb/ncih716_jc_alo_8nm_24h_5.tif,dapi/ncih716_jc_alo_8nm_24h_5.tif,roi_mask/ncih716_jc_alo_8nm_24h_5.png,gt_image/ncih716_jc_alo_8nm_24h_5.tif,,128,128,True,True,True,True,ncih716_jc_alo_8nm_24h_5.tif,ncih716_jc_alo_8nm_24h_5.tif,ncih716_jc_alo_8nm_24h_5.png,ncih716_jc_alo_8nm_24h_5.tif,,/work/users/b/e/behnamie/ecDNA_Data/bioimage_archive/rgb/ncih716_jc_alo_8nm_24h_5.tif,/work/users/b/e/behnamie/ecDNA_Data/bioimage_archive/dapi/ncih716_jc_alo_8nm_24h_5.tif,/work/users/b/e/behnamie/ecDNA_Data/bioimage_archive/roi_mask/ncih716_jc_alo_8nm_24h_5.png,/work/users/b/e/behnamie/ecDNA_Data/bioimage_archive/gt_image/ncih716_jc_alo_8nm_24h_5.tif
ncih716_jc_ctrl_1_10,NCI-H716,train,train,True,True,False,False,1,rgb/ncih716_jc_ctrl_1_10.tif,dapi/ncih716_jc_ctrl_1_10.tif,roi_mask/ncih716_jc_ctrl_1_10.png,gt_image/ncih716_jc_ctrl_1_10.tif,,386,386,True,True,True,True,ncih716_jc_ctrl_1_10.tif,ncih716_jc_ctrl_1_10.tif,ncih716_jc_ctrl_1_10.png,ncih716_jc_ctrl_1_10.tif,,/work/users/b/e/behnamie/ecDNA_Data/bioimage_archive/rgb/ncih716_jc_ctrl_1_10.tif,/work/users/b/e/behnamie/ecDNA_Data/bioimage_archive/dapi/ncih716_jc_ctrl_1_10.tif,/work/users/b/e/behnamie/ecDNA_Data/bioimage_archive/roi_mask/ncih716_jc_ctrl_1_10.png,/work/users/b/e/behnamie/ecDNA_Data/bioimage_archive/gt_image/ncih716_jc_ctrl_1_10.tif
ncih716_jc_ctrl_1_13,NCI-H716,train,train,True,True,False,False,1,rgb/ncih716_jc_ctrl_1_13.tif,dapi/ncih716_jc_ctrl_1_13.tif,roi_mask/ncih716_jc_ctrl_1_13.png,gt_image/ncih716_jc_ctrl_1_13.tif,,211,222,True,True,True,True,ncih716_jc_ctrl_1_13.tif,ncih716_jc_ctrl_1_13.tif,ncih716_jc_ctrl_1_13.png,ncih716_jc_ctrl_1_13.tif,,/work/users/b/e/behnamie/ecDNA_Data/bioimage_archive/rgb/ncih716_jc_ctrl_1_13.tif,/work/users/b/e/behnamie/ecDNA_Data/bioimage_archive/dapi/ncih716_jc_ctrl_1_13.tif,/work/users/b/e/behnamie/ecDNA_Data/bioimage_archive/roi_mask/ncih716_jc_ctrl_1_13.png,/work/users/b/e/behnamie/ecDNA_Data/bioimage_archive/gt_image/ncih716_jc_ctrl_1_13.tif
ncih716_jc_ctrl_1_16,NCI-H716,train,train,True,True,False,False,1,rgb/ncih716_jc_ctrl_1_16.tif,dapi/ncih716_jc_ctrl_1_16.tif,roi_mask/ncih716_jc_ctrl_1_16.png,gt_image/ncih716_jc_ctrl_1_16.tif,,182,187,True,True,True,True,ncih716_jc_ctrl_1_16.tif,ncih716_jc_ctrl_1_16.tif,ncih716_jc_ctrl_1_16.png,ncih716_jc_ctrl_1_16.tif,,/work/users/b/e/behnamie/ecDNA_Data/bioimage_archive/rgb/ncih716_jc_ctrl_1_16.tif,/work/users/b/e/behnamie/ecDNA_Data/bioimage_archive/dapi/ncih716_jc_ctrl_1_16.tif,/work/users/b/e/behnamie/ecDNA_Data/bioimage_archive/roi_mask/ncih716_jc_ctrl_1_16.png,/work/users/b/e/behnamie/ecDNA_Data/bioimage_archive/gt_image/ncih716_jc_ctrl_1_16.tif
ncih716_jc_ctrl_1_2,NCI-H716,train,train,True,True,False,False,1,rgb/ncih716_jc_ctrl_1_2.tif,dapi/ncih716_jc_ctrl_1_2.tif,roi_mask/ncih716_jc_ctrl_1_2.png,gt_image/ncih716_jc_ctrl_1_2.tif,,131,135,True,True,True,True,ncih716_jc_ctrl_1_2.tif,ncih716_jc_ctrl_1_2.tif,ncih716_jc_ctrl_1_2.png,ncih716_jc_ctrl_1_2.tif,,/work/users/b/e/behnamie/ecDNA_Data/bioimage_archive/rgb/ncih716_jc_ctrl_1_2.tif,/work/users/b/e/behnamie/ecDNA_Data/bioimage_archive/dapi/ncih716_jc_ctrl_1_2.tif,/work/users/b/e/behnamie/ecDNA_Data/bioimage_archive/roi_mask/ncih716_jc_ctrl_1_2.png,/work/users/b/e/behnamie/ecDNA_Data/bioimage_archive/gt_image/ncih716_jc_ctrl_1_2.tif
ncih716_jc_ctrl_1_21,NCI-H716,train,train,True,True,False,False,1,rgb/ncih716_jc_ctrl_1_21.tif,dapi/ncih716_jc_ctrl_1_21.tif,roi_mask/ncih716_jc_ctrl_1_21.png,gt_image/ncih716_jc_ctrl_1_21.tif,,195,197,True,True,True,True,ncih716_jc_ctrl_1_21.tif,ncih716_jc_ctrl_1_21.tif,ncih716_jc_ctrl_1_21.png,ncih716_jc_ctrl_1_21.tif,,/work/users/b/e/behnamie/ecDNA_Data/bioimage_archive/rgb/ncih716_jc_ctrl_1_21.tif,/work/users/b/e/behnamie/ecDNA_Data/bioimage_archive/dapi/ncih716_jc_ctrl_1_21.tif,/work/users/b/e/behnamie/ecDNA_Data/bioimage_archive/roi_mask/ncih716_jc_ctrl_1_21.png,/work/users/b/e/behnamie/ecDNA_Data/bioimage_archive/gt_image/ncih716_jc_ctrl_1_21.tif
ncih716_jc_ctrl_1_24,NCI-H716,train,train,True,True,False,False,1,rgb/ncih716_jc_ctrl_1_24.tif,dapi/ncih716_jc_ctrl_1_24.tif,roi_mask/ncih716_jc_ctrl_1_24.png,gt_image/ncih716_jc_ctrl_1_24.tif,,350,364,True,True,True,True,ncih716_jc_ctrl_1_24.tif,ncih716_jc_ctrl_1_24.tif,ncih716_jc_ctrl_1_24.png,ncih716_jc_ctrl_1_24.tif,,/work/users/b/e/behnamie/ecDNA_Data/bioimage_archive/rgb/ncih716_jc_ctrl_1_24.tif,/work/users/b/e/behnamie/ecDNA_Data/bioimage_archive/dapi/ncih716_jc_ctrl_1_24.tif,/work/users/b/e/behnamie/ecDNA_Data/bioimage_archive/roi_mask/ncih716_jc_ctrl_1_24.png,/work/users/b/e/behnamie/ecDNA_Data/bioimage_archive/gt_image/ncih716_jc_ctrl_1_24.tif
ncih716_jc_ctrl_1_27,NCI-H716,train,train,True,True,False,False,1,rgb/ncih716_jc_ctrl_1_27.tif,dapi/ncih716_jc_ctrl_1_27.tif,roi_mask/ncih716_jc_ctrl_1_27.png,gt_image/ncih716_jc_ctrl_1_27.tif,,281,282,True,True,True,True,ncih716_jc_ctrl_1_27.tif,ncih716_jc_ctrl_1_27.tif,ncih716_jc_ctrl_1_27.png,ncih716_jc_ctrl_1_27.tif,,/work/users/b/e/behnamie/ecDNA_Data/bioimage_archive/rgb/ncih716_jc_ctrl_1_27.tif,/work/users/b/e/behnamie/ecDNA_Data/bioimage_archive/dapi/ncih716_jc_ctrl_1_27.tif,/work/users/b/e/behnamie/ecDNA_Data/bioimage_archive/roi_mask/ncih716_jc_ctrl_1_27.png,/work/users/b/e/behnamie/ecDNA_Data/bioimage_archive/gt_image/ncih716_jc_ctrl_1_27.tif
ncih716_jc_ctrl_1_3,NCI-H716,train,train,True,True,False,False,1,rgb/ncih716_jc_ctrl_1_3.tif,dapi/ncih716_jc_ctrl_1_3.tif,roi_mask/ncih716_jc_ctrl_1_3.png,gt_image/ncih716_jc_ctrl_1_3.tif,,127,129,True,True,True,True,ncih716_jc_ctrl_1_3.tif,ncih716_jc_ctrl_1_3.tif,ncih716_jc_ctrl_1_3.png,ncih716_jc_ctrl_1_3.tif,,/work/users/b/e/behnamie/ecDNA_Data/bioimage_archive/rgb/ncih716_jc_ctrl_1_3.tif,/work/users/b/e/behnamie/ecDNA_Data/bioimage_archive/dapi/ncih716_jc_ctrl_1_3.tif,/work/users/b/e/behnamie/ecDNA_Data/bioimage_archive/roi_mask/ncih716_jc_ctrl_1_3.png,/work/users/b/e/behnamie/ecDNA_Data/bioimage_archive/gt_image/ncih716_jc_ctrl_1_3.tif
ncih716_jc_ctrl_1_42,NCI-H716,train,train,True,True,False,False,1,rgb/ncih716_jc_ctrl_1_42.tif,dapi/ncih716_jc_ctrl_1_42.tif,roi_mask/ncih716_jc_ctrl_1_42.png,gt_image/ncih716_jc_ctrl_1_42.tif,,178,178,True,True,True,True,ncih716_jc_ctrl_1_42.tif,ncih716_jc_ctrl_1_42.tif,ncih716_jc_ctrl_1_42.png,ncih716_jc_ctrl_1_42.tif,,/work/users/b/e/behnamie/ecDNA_Data/bioimage_archive/rgb/ncih716_jc_ctrl_1_42.tif,/work/users/b/e/behnamie/ecDNA_Data/bioimage_archive/dapi/ncih716_jc_ctrl_1_42.tif,/work/users/b/e/behnamie/ecDNA_Data/bioimage_archive/roi_mask/ncih716_jc_ctrl_1_42.png,/work/users/b/e/behnamie/ecDNA_Data/bioimage_archive/gt_image/ncih716_jc_ctrl_1_42.tif
ncih716_jc_ctrl_1_43,NCI-H716,train,train,True,True,False,False,1,rgb/ncih716_jc_ctrl_1_43.tif,dapi/ncih716_jc_ctrl_1_43.tif,roi_mask/ncih716_jc_ctrl_1_43.png,gt_image/ncih716_jc_ctrl_1_43.tif,,194,194,True,True,True,True,ncih716_jc_ctrl_1_43.tif,ncih716_jc_ctrl_1_43.tif,ncih716_jc_ctrl_1_43.png,ncih716_jc_ctrl_1_43.tif,,/work/users/b/e/behnamie/ecDNA_Data/bioimage_archive/rgb/ncih716_jc_ctrl_1_43.tif,/work/users/b/e/behnamie/ecDNA_Data/bioimage_archive/dapi/ncih716_jc_ctrl_1_43.tif,/work/users/b/e/behnamie/ecDNA_Data/bioimage_archive/roi_mask/ncih716_jc_ctrl_1_43.png,/work/users/b/e/behnamie/ecDNA_Data/bioimage_archive/gt_image/ncih716_jc_ctrl_1_43.tif
ncih716_jc_ctrl_1_48,NCI-H716,train,train,True,True,False,False,1,rgb/ncih716_jc_ctrl_1_48.tif,dapi/ncih716_jc_ctrl_1_48.tif,roi_mask/ncih716_jc_ctrl_1_48.png,gt_image/ncih716_jc_ctrl_1_48.tif,,163,163,True,True,True,True,ncih716_jc_ctrl_1_48.tif,ncih716_jc_ctrl_1_48.tif,ncih716_jc_ctrl_1_48.png,ncih716_jc_ctrl_1_48.tif,,/work/users/b/e/behnamie/ecDNA_Data/bioimage_archive/rgb/ncih716_jc_ctrl_1_48.tif,/work/users/b/e/behnamie/ecDNA_Data/bioimage_archive/dapi/ncih716_jc_ctrl_1_48.tif,/work/users/b/e/behnamie/ecDNA_Data/bioimage_archive/roi_mask/ncih716_jc_ctrl_1_48.png,/work/users/b/e/behnamie/ecDNA_Data/bioimage_archive/gt_image/ncih716_jc_ctrl_1_48.tif
ncih716_jc_ctrl_1_5,NCI-H716,train,train,True,True,False,False,1,rgb/ncih716_jc_ctrl_1_5.tif,dapi/ncih716_jc_ctrl_1_5.tif,roi_mask/ncih716_jc_ctrl_1_5.png,gt_image/ncih716_jc_ctrl_1_5.tif,,179,179,True,True,True,True,ncih716_jc_ctrl_1_5.tif,ncih716_jc_ctrl_1_5.tif,ncih716_jc_ctrl_1_5.png,ncih716_jc_ctrl_1_5.tif,,/work/users/b/e/behnamie/ecDNA_Data/bioimage_archive/rgb/ncih716_jc_ctrl_1_5.tif,/work/users/b/e/behnamie/ecDNA_Data/bioimage_archive/dapi/ncih716_jc_ctrl_1_5.tif,/work/users/b/e/behnamie/ecDNA_Data/bioimage_archive/roi_mask/ncih716_jc_ctrl_1_5.png,/work/users/b/e/behnamie/ecDNA_Data/bioimage_archive/gt_image/ncih716_jc_ctrl_1_5.tif
ncih716_jc_ctrl_1_54,NCI-H716,train,train,True,True,False,False,1,rgb/ncih716_jc_ctrl_1_54.tif,dapi/ncih716_jc_ctrl_1_54.tif,roi_mask/ncih716_jc_ctrl_1_54.png,gt_image/ncih716_jc_ctrl_1_54.tif,,134,134,True,True,True,True,ncih716_jc_ctrl_1_54.tif,ncih716_jc_ctrl_1_54.tif,ncih716_jc_ctrl_1_54.png,ncih716_jc_ctrl_1_54.tif,,/work/users/b/e/behnamie/ecDNA_Data/bioimage_archive/rgb/ncih716_jc_ctrl_1_54.tif,/work/users/b/e/behnamie/ecDNA_Data/bioimage_archive/dapi/ncih716_jc_ctrl_1_54.tif,/work/users/b/e/behnamie/ecDNA_Data/bioimage_archive/roi_mask/ncih716_jc_ctrl_1_54.png,/work/users/b/e/behnamie/ecDNA_Data/bioimage_archive/gt_image/ncih716_jc_ctrl_1_54.tif
ncih716_jc_ctrl_1_55,NCI-H716,train,train,True,True,False,False,1,rgb/ncih716_jc_ctrl_1_55.tif,dapi/ncih716_jc_ctrl_1_55.tif,roi_mask/ncih716_jc_ctrl_1_55.png,gt_image/ncih716_jc_ctrl_1_55.tif,,76,76,True,True,True,True,ncih716_jc_ctrl_1_55.tif,ncih716_jc_ctrl_1_55.tif,ncih716_jc_ctrl_1_55.png,ncih716_jc_ctrl_1_55.tif,,/work/users/b/e/behnamie/ecDNA_Data/bioimage_archive/rgb/ncih716_jc_ctrl_1_55.tif,/work/users/b/e/behnamie/ecDNA_Data/bioimage_archive/dapi/ncih716_jc_ctrl_1_55.tif,/work/users/b/e/behnamie/ecDNA_Data/bioimage_archive/roi_mask/ncih716_jc_ctrl_1_55.png,/work/users/b/e/behnamie/ecDNA_Data/bioimage_archive/gt_image/ncih716_jc_ctrl_1_55.tif
ncih716_jc_ctrl_1_56,NCI-H716,train,train,True,True,False,False,1,rgb/ncih716_jc_ctrl_1_56.tif,dapi/ncih716_jc_ctrl_1_56.tif,roi_mask/ncih716_jc_ctrl_1_56.png,gt_image/ncih716_jc_ctrl_1_56.tif,,239,239,True,True,True,True,ncih716_jc_ctrl_1_56.tif,ncih716_jc_ctrl_1_56.tif,ncih716_jc_ctrl_1_56.png,ncih716_jc_ctrl_1_56.tif,,/work/users/b/e/behnamie/ecDNA_Data/bioimage_archive/rgb/ncih716_jc_ctrl_1_56.tif,/work/users/b/e/behnamie/ecDNA_Data/bioimage_archive/dapi/ncih716_jc_ctrl_1_56.tif,/work/users/b/e/behnamie/ecDNA_Data/bioimage_archive/roi_mask/ncih716_jc_ctrl_1_56.png,/work/users/b/e/behnamie/ecDNA_Data/bioimage_archive/gt_image/ncih716_jc_ctrl_1_56.tif
ncih716_jc_ctrl_1_57,NCI-H716,train,train,True,True,False,False,1,rgb/ncih716_jc_ctrl_1_57.tif,dapi/ncih716_jc_ctrl_1_57.tif,roi_mask/ncih716_jc_ctrl_1_57.png,gt_image/ncih716_jc_ctrl_1_57.tif,,137,137,True,True,True,True,ncih716_jc_ctrl_1_57.tif,ncih716_jc_ctrl_1_57.tif,ncih716_jc_ctrl_1_57.png,ncih716_jc_ctrl_1_57.tif,,/work/users/b/e/behnamie/ecDNA_Data/bioimage_archive/rgb/ncih716_jc_ctrl_1_57.tif,/work/users/b/e/behnamie/ecDNA_Data/bioimage_archive/dapi/ncih716_jc_ctrl_1_57.tif,/work/users/b/e/behnamie/ecDNA_Data/bioimage_archive/roi_mask/ncih716_jc_ctrl_1_57.png,/work/users/b/e/behnamie/ecDNA_Data/bioimage_archive/gt_image/ncih716_jc_ctrl_1_57.tif
ncih716_jc_ctrl_1_59,NCI-H716,train,train,True,True,False,False,1,rgb/ncih716_jc_ctrl_1_59.tif,dapi/ncih716_jc_ctrl_1_59.tif,roi_mask/ncih716_jc_ctrl_1_59.png,gt_image/ncih716_jc_ctrl_1_59.tif,,211,211,True,True,True,True,ncih716_jc_ctrl_1_59.tif,ncih716_jc_ctrl_1_59.tif,ncih716_jc_ctrl_1_59.png,ncih716_jc_ctrl_1_59.tif,,/work/users/b/e/behnamie/ecDNA_Data/bioimage_archive/rgb/ncih716_jc_ctrl_1_59.tif,/work/users/b/e/behnamie/ecDNA_Data/bioimage_archive/dapi/ncih716_jc_ctrl_1_59.tif,/work/users/b/e/behnamie/ecDNA_Data/bioimage_archive/roi_mask/ncih716_jc_ctrl_1_59.png,/work/users/b/e/behnamie/ecDNA_Data/bioimage_archive/gt_image/ncih716_jc_ctrl_1_59.tif
ncih716_jc_ctrl_1_62,NCI-H716,train,train,True,True,False,False,1,rgb/ncih716_jc_ctrl_1_62.tif,dapi/ncih716_jc_ctrl_1_62.tif,roi_mask/ncih716_jc_ctrl_1_62.png,gt_image/ncih716_jc_ctrl_1_62.tif,,172,174,True,True,True,True,ncih716_jc_ctrl_1_62.tif,ncih716_jc_ctrl_1_62.tif,ncih716_jc_ctrl_1_62.png,ncih716_jc_ctrl_1_62.tif,,/work/users/b/e/behnamie/ecDNA_Data/bioimage_archive/rgb/ncih716_jc_ctrl_1_62.tif,/work/users/b/e/behnamie/ecDNA_Data/bioimage_archive/dapi/ncih716_jc_ctrl_1_62.tif,/work/users/b/e/behnamie/ecDNA_Data/bioimage_archive/roi_mask/ncih716_jc_ctrl_1_62.png,/work/users/b/e/behnamie/ecDNA_Data/bioimage_archive/gt_image/ncih716_jc_ctrl_1_62.tif
ncih716_jc_ctrl_1_74,NCI-H716,train,train,True,True,False,False,1,rgb/ncih716_jc_ctrl_1_74.tif,dapi/ncih716_jc_ctrl_1_74.tif,roi_mask/ncih716_jc_ctrl_1_74.png,gt_image/ncih716_jc_ctrl_1_74.tif,,369,374,True,True,True,True,ncih716_jc_ctrl_1_74.tif,ncih716_jc_ctrl_1_74.tif,ncih716_jc_ctrl_1_74.png,ncih716_jc_ctrl_1_74.tif,,/work/users/b/e/behnamie/ecDNA_Data/bioimage_archive/rgb/ncih716_jc_ctrl_1_74.tif,/work/users/b/e/behnamie/ecDNA_Data/bioimage_archive/dapi/ncih716_jc_ctrl_1_74.tif,/work/users/b/e/behnamie/ecDNA_Data/bioimage_archive/roi_mask/ncih716_jc_ctrl_1_74.png,/work/users/b/e/behnamie/ecDNA_Data/bioimage_archive/gt_image/ncih716_jc_ctrl_1_74.tif
ncih716_jc_ctrl_1_76,NCI-H716,train,train,True,True,False,False,1,rgb/ncih716_jc_ctrl_1_76.tif,dapi/ncih716_jc_ctrl_1_76.tif,roi_mask/ncih716_jc_ctrl_1_76.png,gt_image/ncih716_jc_ctrl_1_76.tif,,172,172,True,True,True,True,ncih716_jc_ctrl_1_76.tif,ncih716_jc_ctrl_1_76.tif,ncih716_jc_ctrl_1_76.png,ncih716_jc_ctrl_1_76.tif,,/work/users/b/e/behnamie/ecDNA_Data/bioimage_archive/rgb/ncih716_jc_ctrl_1_76.tif,/work/users/b/e/behnamie/ecDNA_Data/bioimage_archive/dapi/ncih716_jc_ctrl_1_76.tif,/work/users/b/e/behnamie/ecDNA_Data/bioimage_archive/roi_mask/ncih716_jc_ctrl_1_76.png,/work/users/b/e/behnamie/ecDNA_Data/bioimage_archive/gt_image/ncih716_jc_ctrl_1_76.tif
ncih716_jc_ctrl_2_10,NCI-H716,train,train,True,True,False,False,1,rgb/ncih716_jc_ctrl_2_10.tif,dapi/ncih716_jc_ctrl_2_10.tif,roi_mask/ncih716_jc_ctrl_2_10.png,gt_image/ncih716_jc_ctrl_2_10.tif,,116,116,True,True,True,True,ncih716_jc_ctrl_2_10.tif,ncih716_jc_ctrl_2_10.tif,ncih716_jc_ctrl_2_10.png,ncih716_jc_ctrl_2_10.tif,,/work/users/b/e/behnamie/ecDNA_Data/bioimage_archive/rgb/ncih716_jc_ctrl_2_10.tif,/work/users/b/e/behnamie/ecDNA_Data/bioimage_archive/dapi/ncih716_jc_ctrl_2_10.tif,/work/users/b/e/behnamie/ecDNA_Data/bioimage_archive/roi_mask/ncih716_jc_ctrl_2_10.png,/work/users/b/e/behnamie/ecDNA_Data/bioimage_archive/gt_image/ncih716_jc_ctrl_2_10.tif
ncih716_jc_ctrl_2_16,NCI-H716,train,train,True,True,False,False,1,rgb/ncih716_jc_ctrl_2_16.tif,dapi/ncih716_jc_ctrl_2_16.tif,roi_mask/ncih716_jc_ctrl_2_16.png,gt_image/ncih716_jc_ctrl_2_16.tif,,213,213,True,True,True,True,ncih716_jc_ctrl_2_16.tif,ncih716_jc_ctrl_2_16.tif,ncih716_jc_ctrl_2_16.png,ncih716_jc_ctrl_2_16.tif,,/work/users/b/e/behnamie/ecDNA_Data/bioimage_archive/rgb/ncih716_jc_ctrl_2_16.tif,/work/users/b/e/behnamie/ecDNA_Data/bioimage_archive/dapi/ncih716_jc_ctrl_2_16.tif,/work/users/b/e/behnamie/ecDNA_Data/bioimage_archive/roi_mask/ncih716_jc_ctrl_2_16.png,/work/users/b/e/behnamie/ecDNA_Data/bioimage_archive/gt_image/ncih716_jc_ctrl_2_16.tif
ncih716_jc_ctrl_2_18,NCI-H716,train,train,True,True,False,False,1,rgb/ncih716_jc_ctrl_2_18.tif,dapi/ncih716_jc_ctrl_2_18.tif,roi_mask/ncih716_jc_ctrl_2_18.png,gt_image/ncih716_jc_ctrl_2_18.tif,,131,132,True,True,True,True,ncih716_jc_ctrl_2_18.tif,ncih716_jc_ctrl_2_18.tif,ncih716_jc_ctrl_2_18.png,ncih716_jc_ctrl_2_18.tif,,/work/users/b/e/behnamie/ecDNA_Data/bioimage_archive/rgb/ncih716_jc_ctrl_2_18.tif,/work/users/b/e/behnamie/ecDNA_Data/bioimage_archive/dapi/ncih716_jc_ctrl_2_18.tif,/work/users/b/e/behnamie/ecDNA_Data/bioimage_archive/roi_mask/ncih716_jc_ctrl_2_18.png,/work/users/b/e/behnamie/ecDNA_Data/bioimage_archive/gt_image/ncih716_jc_ctrl_2_18.tif
ncih716_jc_ctrl_2_22,NCI-H716,train,train,True,True,False,False,1,rgb/ncih716_jc_ctrl_2_22.tif,dapi/ncih716_jc_ctrl_2_22.tif,roi_mask/ncih716_jc_ctrl_2_22.png,gt_image/ncih716_jc_ctrl_2_22.tif,,135,135,True,True,True,True,ncih716_jc_ctrl_2_22.tif,ncih716_jc_ctrl_2_22.tif,ncih716_jc_ctrl_2_22.png,ncih716_jc_ctrl_2_22.tif,,/work/users/b/e/behnamie/ecDNA_Data/bioimage_archive/rgb/ncih716_jc_ctrl_2_22.tif,/work/users/b/e/behnamie/ecDNA_Data/bioimage_archive/dapi/ncih716_jc_ctrl_2_22.tif,/work/users/b/e/behnamie/ecDNA_Data/bioimage_archive/roi_mask/ncih716_jc_ctrl_2_22.png,/work/users/b/e/behnamie/ecDNA_Data/bioimage_archive/gt_image/ncih716_jc_ctrl_2_22.tif
ncih716_jc_ctrl_2_23,NCI-H716,train,train,True,True,False,False,1,rgb/ncih716_jc_ctrl_2_23.tif,dapi/ncih716_jc_ctrl_2_23.tif,roi_mask/ncih716_jc_ctrl_2_23.png,gt_image/ncih716_jc_ctrl_2_23.tif,,129,129,True,True,True,True,ncih716_jc_ctrl_2_23.tif,ncih716_jc_ctrl_2_23.tif,ncih716_jc_ctrl_2_23.png,ncih716_jc_ctrl_2_23.tif,,/work/users/b/e/behnamie/ecDNA_Data/bioimage_archive/rgb/ncih716_jc_ctrl_2_23.tif,/work/users/b/e/behnamie/ecDNA_Data/bioimage_archive/dapi/ncih716_jc_ctrl_2_23.tif,/work/users/b/e/behnamie/ecDNA_Data/bioimage_archive/roi_mask/ncih716_jc_ctrl_2_23.png,/work/users/b/e/behnamie/ecDNA_Data/bioimage_archive/gt_image/ncih716_jc_ctrl_2_23.tif
ncih716_jc_ctrl_2_27,NCI-H716,train,train,True,True,False,False,1,rgb/ncih716_jc_ctrl_2_27.tif,dapi/ncih716_jc_ctrl_2_27.tif,roi_mask/ncih716_jc_ctrl_2_27.png,gt_image/ncih716_jc_ctrl_2_27.tif,,291,291,True,True,True,True,ncih716_jc_ctrl_2_27.tif,ncih716_jc_ctrl_2_27.tif,ncih716_jc_ctrl_2_27.png,ncih716_jc_ctrl_2_27.tif,,/work/users/b/e/behnamie/ecDNA_Data/bioimage_archive/rgb/ncih716_jc_ctrl_2_27.tif,/work/users/b/e/behnamie/ecDNA_Data/bioimage_archive/dapi/ncih716_jc_ctrl_2_27.tif,/work/users/b/e/behnamie/ecDNA_Data/bioimage_archive/roi_mask/ncih716_jc_ctrl_2_27.png,/work/users/b/e/behnamie/ecDNA_Data/bioimage_archive/gt_image/ncih716_jc_ctrl_2_27.tif
ncih716_jc_ctrl_2_28,NCI-H716,train,train,True,True,False,False,1,rgb/ncih716_jc_ctrl_2_28.tif,dapi/ncih716_jc_ctrl_2_28.tif,roi_mask/ncih716_jc_ctrl_2_28.png,gt_image/ncih716_jc_ctrl_2_28.tif,,223,223,True,True,True,True,ncih716_jc_ctrl_2_28.tif,ncih716_jc_ctrl_2_28.tif,ncih716_jc_ctrl_2_28.png,ncih716_jc_ctrl_2_28.tif,,/work/users/b/e/behnamie/ecDNA_Data/bioimage_archive/rgb/ncih716_jc_ctrl_2_28.tif,/work/users/b/e/behnamie/ecDNA_Data/bioimage_archive/dapi/ncih716_jc_ctrl_2_28.tif,/work/users/b/e/behnamie/ecDNA_Data/bioimage_archive/roi_mask/ncih716_jc_ctrl_2_28.png,/work/users/b/e/behnamie/ecDNA_Data/bioimage_archive/gt_image/ncih716_jc_ctrl_2_28.tif
ncih716_jc_ctrl_2_32,NCI-H716,train,train,True,True,False,False,1,rgb/ncih716_jc_ctrl_2_32.tif,dapi/ncih716_jc_ctrl_2_32.tif,roi_mask/ncih716_jc_ctrl_2_32.png,gt_image/ncih716_jc_ctrl_2_32.tif,,132,132,True,True,True,True,ncih716_jc_ctrl_2_32.tif,ncih716_jc_ctrl_2_32.tif,ncih716_jc_ctrl_2_32.png,ncih716_jc_ctrl_2_32.tif,,/work/users/b/e/behnamie/ecDNA_Data/bioimage_archive/rgb/ncih716_jc_ctrl_2_32.tif,/work/users/b/e/behnamie/ecDNA_Data/bioimage_archive/dapi/ncih716_jc_ctrl_2_32.tif,/work/users/b/e/behnamie/ecDNA_Data/bioimage_archive/roi_mask/ncih716_jc_ctrl_2_32.png,/work/users/b/e/behnamie/ecDNA_Data/bioimage_archive/gt_image/ncih716_jc_ctrl_2_32.tif
ncih716_jc_ctrl_2_33,NCI-H716,train,train,True,True,False,False,1,rgb/ncih716_jc_ctrl_2_33.tif,dapi/ncih716_jc_ctrl_2_33.tif,roi_mask/ncih716_jc_ctrl_2_33.png,gt_image/ncih716_jc_ctrl_2_33.tif,,176,176,True,True,True,True,ncih716_jc_ctrl_2_33.tif,ncih716_jc_ctrl_2_33.tif,ncih716_jc_ctrl_2_33.png,ncih716_jc_ctrl_2_33.tif,,/work/users/b/e/behnamie/ecDNA_Data/bioimage_archive/rgb/ncih716_jc_ctrl_2_33.tif,/work/users/b/e/behnamie/ecDNA_Data/bioimage_archive/dapi/ncih716_jc_ctrl_2_33.tif,/work/users/b/e/behnamie/ecDNA_Data/bioimage_archive/roi_mask/ncih716_jc_ctrl_2_33.png,/work/users/b/e/behnamie/ecDNA_Data/bioimage_archive/gt_image/ncih716_jc_ctrl_2_33.tif
ncih716_jc_ctrl_2_36,NCI-H716,train,train,True,True,False,False,1,rgb/ncih716_jc_ctrl_2_36.tif,dapi/ncih716_jc_ctrl_2_36.tif,roi_mask/ncih716_jc_ctrl_2_36.png,gt_image/ncih716_jc_ctrl_2_36.tif,,262,262,True,True,True,True,ncih716_jc_ctrl_2_36.tif,ncih716_jc_ctrl_2_36.tif,ncih716_jc_ctrl_2_36.png,ncih716_jc_ctrl_2_36.tif,,/work/users/b/e/behnamie/ecDNA_Data/bioimage_archive/rgb/ncih716_jc_ctrl_2_36.tif,/work/users/b/e/behnamie/ecDNA_Data/bioimage_archive/dapi/ncih716_jc_ctrl_2_36.tif,/work/users/b/e/behnamie/ecDNA_Data/bioimage_archive/roi_mask/ncih716_jc_ctrl_2_36.png,/work/users/b/e/behnamie/ecDNA_Data/bioimage_archive/gt_image/ncih716_jc_ctrl_2_36.tif
ncih716_jc_ctrl_2_37,NCI-H716,train,train,True,True,False,False,1,rgb/ncih716_jc_ctrl_2_37.tif,dapi/ncih716_jc_ctrl_2_37.tif,roi_mask/ncih716_jc_ctrl_2_37.png,gt_image/ncih716_jc_ctrl_2_37.tif,,468,469,True,True,True,True,ncih716_jc_ctrl_2_37.tif,ncih716_jc_ctrl_2_37.tif,ncih716_jc_ctrl_2_37.png,ncih716_jc_ctrl_2_37.tif,,/work/users/b/e/behnamie/ecDNA_Data/bioimage_archive/rgb/ncih716_jc_ctrl_2_37.tif,/work/users/b/e/behnamie/ecDNA_Data/bioimage_archive/dapi/ncih716_jc_ctrl_2_37.tif,/work/users/b/e/behnamie/ecDNA_Data/bioimage_archive/roi_mask/ncih716_jc_ctrl_2_37.png,/work/users/b/e/behnamie/ecDNA_Data/bioimage_archive/gt_image/ncih716_jc_ctrl_2_37.tif
ncih716_jc_ctrl_2_39,NCI-H716,train,train,True,True,False,False,1,rgb/ncih716_jc_ctrl_2_39.tif,dapi/ncih716_jc_ctrl_2_39.tif,roi_mask/ncih716_jc_ctrl_2_39.png,gt_image/ncih716_jc_ctrl_2_39.tif,,273,273,True,True,True,True,ncih716_jc_ctrl_2_39.tif,ncih716_jc_ctrl_2_39.tif,ncih716_jc_ctrl_2_39.png,ncih716_jc_ctrl_2_39.tif,,/work/users/b/e/behnamie/ecDNA_Data/bioimage_archive/rgb/ncih716_jc_ctrl_2_39.tif,/work/users/b/e/behnamie/ecDNA_Data/bioimage_archive/dapi/ncih716_jc_ctrl_2_39.tif,/work/users/b/e/behnamie/ecDNA_Data/bioimage_archive/roi_mask/ncih716_jc_ctrl_2_39.png,/work/users/b/e/behnamie/ecDNA_Data/bioimage_archive/gt_image/ncih716_jc_ctrl_2_39.tif
ncih716_jc_ctrl_2_40,NCI-H716,train,train,True,True,False,False,1,rgb/ncih716_jc_ctrl_2_40.tif,dapi/ncih716_jc_ctrl_2_40.tif,roi_mask/ncih716_jc_ctrl_2_40.png,gt_image/ncih716_jc_ctrl_2_40.tif,,89,92,True,True,True,True,ncih716_jc_ctrl_2_40.tif,ncih716_jc_ctrl_2_40.tif,ncih716_jc_ctrl_2_40.png,ncih716_jc_ctrl_2_40.tif,,/work/users/b/e/behnamie/ecDNA_Data/bioimage_archive/rgb/ncih716_jc_ctrl_2_40.tif,/work/users/b/e/behnamie/ecDNA_Data/bioimage_archive/dapi/ncih716_jc_ctrl_2_40.tif,/work/users/b/e/behnamie/ecDNA_Data/bioimage_archive/roi_mask/ncih716_jc_ctrl_2_40.png,/work/users/b/e/behnamie/ecDNA_Data/bioimage_archive/gt_image/ncih716_jc_ctrl_2_40.tif
ncih716_jc_ctrl_2_41,NCI-H716,train,train,True,True,False,False,1,rgb/ncih716_jc_ctrl_2_41.tif,dapi/ncih716_jc_ctrl_2_41.tif,roi_mask/ncih716_jc_ctrl_2_41.png,gt_image/ncih716_jc_ctrl_2_41.tif,,132,137,True,True,True,True,ncih716_jc_ctrl_2_41.tif,ncih716_jc_ctrl_2_41.tif,ncih716_jc_ctrl_2_41.png,ncih716_jc_ctrl_2_41.tif,,/work/users/b/e/behnamie/ecDNA_Data/bioimage_archive/rgb/ncih716_jc_ctrl_2_41.tif,/work/users/b/e/behnamie/ecDNA_Data/bioimage_archive/dapi/ncih716_jc_ctrl_2_41.tif,/work/users/b/e/behnamie/ecDNA_Data/bioimage_archive/roi_mask/ncih716_jc_ctrl_2_41.png,/work/users/b/e/behnamie/ecDNA_Data/bioimage_archive/gt_image/ncih716_jc_ctrl_2_41.tif
ncih716_jc_ctrl_2_43,NCI-H716,train,train,True,True,False,False,1,rgb/ncih716_jc_ctrl_2_43.tif,dapi/ncih716_jc_ctrl_2_43.tif,roi_mask/ncih716_jc_ctrl_2_43.png,gt_image/ncih716_jc_ctrl_2_43.tif,,144,144,True,True,True,True,ncih716_jc_ctrl_2_43.tif,ncih716_jc_ctrl_2_43.tif,ncih716_jc_ctrl_2_43.png,ncih716_jc_ctrl_2_43.tif,,/work/users/b/e/behnamie/ecDNA_Data/bioimage_archive/rgb/ncih716_jc_ctrl_2_43.tif,/work/users/b/e/behnamie/ecDNA_Data/bioimage_archive/dapi/ncih716_jc_ctrl_2_43.tif,/work/users/b/e/behnamie/ecDNA_Data/bioimage_archive/roi_mask/ncih716_jc_ctrl_2_43.png,/work/users/b/e/behnamie/ecDNA_Data/bioimage_archive/gt_image/ncih716_jc_ctrl_2_43.tif
ncih716_jc_ctrl_2_45,NCI-H716,train,train,True,True,False,False,1,rgb/ncih716_jc_ctrl_2_45.tif,dapi/ncih716_jc_ctrl_2_45.tif,roi_mask/ncih716_jc_ctrl_2_45.png,gt_image/ncih716_jc_ctrl_2_45.tif,,179,180,True,True,True,True,ncih716_jc_ctrl_2_45.tif,ncih716_jc_ctrl_2_45.tif,ncih716_jc_ctrl_2_45.png,ncih716_jc_ctrl_2_45.tif,,/work/users/b/e/behnamie/ecDNA_Data/bioimage_archive/rgb/ncih716_jc_ctrl_2_45.tif,/work/users/b/e/behnamie/ecDNA_Data/bioimage_archive/dapi/ncih716_jc_ctrl_2_45.tif,/work/users/b/e/behnamie/ecDNA_Data/bioimage_archive/roi_mask/ncih716_jc_ctrl_2_45.png,/work/users/b/e/behnamie/ecDNA_Data/bioimage_archive/gt_image/ncih716_jc_ctrl_2_45.tif
ncih716_jc_ctrl_2_46,NCI-H716,train,train,True,True,False,False,1,rgb/ncih716_jc_ctrl_2_46.tif,dapi/ncih716_jc_ctrl_2_46.tif,roi_mask/ncih716_jc_ctrl_2_46.png,gt_image/ncih716_jc_ctrl_2_46.tif,,72,72,True,True,True,True,ncih716_jc_ctrl_2_46.tif,ncih716_jc_ctrl_2_46.tif,ncih716_jc_ctrl_2_46.png,ncih716_jc_ctrl_2_46.tif,,/work/users/b/e/behnamie/ecDNA_Data/bioimage_archive/rgb/ncih716_jc_ctrl_2_46.tif,/work/users/b/e/behnamie/ecDNA_Data/bioimage_archive/dapi/ncih716_jc_ctrl_2_46.tif,/work/users/b/e/behnamie/ecDNA_Data/bioimage_archive/roi_mask/ncih716_jc_ctrl_2_46.png,/work/users/b/e/behnamie/ecDNA_Data/bioimage_archive/gt_image/ncih716_jc_ctrl_2_46.tif
ncih716_jc_ctrl_2_47,NCI-H716,train,train,True,True,False,False,1,rgb/ncih716_jc_ctrl_2_47.tif,dapi/ncih716_jc_ctrl_2_47.tif,roi_mask/ncih716_jc_ctrl_2_47.png,gt_image/ncih716_jc_ctrl_2_47.tif,,135,135,True,True,True,True,ncih716_jc_ctrl_2_47.tif,ncih716_jc_ctrl_2_47.tif,ncih716_jc_ctrl_2_47.png,ncih716_jc_ctrl_2_47.tif,,/work/users/b/e/behnamie/ecDNA_Data/bioimage_archive/rgb/ncih716_jc_ctrl_2_47.tif,/work/users/b/e/behnamie/ecDNA_Data/bioimage_archive/dapi/ncih716_jc_ctrl_2_47.tif,/work/users/b/e/behnamie/ecDNA_Data/bioimage_archive/roi_mask/ncih716_jc_ctrl_2_47.png,/work/users/b/e/behnamie/ecDNA_Data/bioimage_archive/gt_image/ncih716_jc_ctrl_2_47.tif
ncih716_jc_ctrl_2_48,NCI-H716,train,train,True,True,False,False,1,rgb/ncih716_jc_ctrl_2_48.tif,dapi/ncih716_jc_ctrl_2_48.tif,roi_mask/ncih716_jc_ctrl_2_48.png,gt_image/ncih716_jc_ctrl_2_48.tif,,322,322,True,True,True,True,ncih716_jc_ctrl_2_48.tif,ncih716_jc_ctrl_2_48.tif,ncih716_jc_ctrl_2_48.png,ncih716_jc_ctrl_2_48.tif,,/work/users/b/e/behnamie/ecDNA_Data/bioimage_archive/rgb/ncih716_jc_ctrl_2_48.tif,/work/users/b/e/behnamie/ecDNA_Data/bioimage_archive/dapi/ncih716_jc_ctrl_2_48.tif,/work/users/b/e/behnamie/ecDNA_Data/bioimage_archive/roi_mask/ncih716_jc_ctrl_2_48.png,/work/users/b/e/behnamie/ecDNA_Data/bioimage_archive/gt_image/ncih716_jc_ctrl_2_48.tif
ncih716_jc_ctrl_2_5,NCI-H716,train,train,True,True,False,False,1,rgb/ncih716_jc_ctrl_2_5.tif,dapi/ncih716_jc_ctrl_2_5.tif,roi_mask/ncih716_jc_ctrl_2_5.png,gt_image/ncih716_jc_ctrl_2_5.tif,,368,371,True,True,True,True,ncih716_jc_ctrl_2_5.tif,ncih716_jc_ctrl_2_5.tif,ncih716_jc_ctrl_2_5.png,ncih716_jc_ctrl_2_5.tif,,/work/users/b/e/behnamie/ecDNA_Data/bioimage_archive/rgb/ncih716_jc_ctrl_2_5.tif,/work/users/b/e/behnamie/ecDNA_Data/bioimage_archive/dapi/ncih716_jc_ctrl_2_5.tif,/work/users/b/e/behnamie/ecDNA_Data/bioimage_archive/roi_mask/ncih716_jc_ctrl_2_5.png,/work/users/b/e/behnamie/ecDNA_Data/bioimage_archive/gt_image/ncih716_jc_ctrl_2_5.tif
ncih716_jc_ctrl_2_50,NCI-H716,train,train,True,True,False,False,1,rgb/ncih716_jc_ctrl_2_50.tif,dapi/ncih716_jc_ctrl_2_50.tif,roi_mask/ncih716_jc_ctrl_2_50.png,gt_image/ncih716_jc_ctrl_2_50.tif,,177,177,True,True,True,True,ncih716_jc_ctrl_2_50.tif,ncih716_jc_ctrl_2_50.tif,ncih716_jc_ctrl_2_50.png,ncih716_jc_ctrl_2_50.tif,,/work/users/b/e/behnamie/ecDNA_Data/bioimage_archive/rgb/ncih716_jc_ctrl_2_50.tif,/work/users/b/e/behnamie/ecDNA_Data/bioimage_archive/dapi/ncih716_jc_ctrl_2_50.tif,/work/users/b/e/behnamie/ecDNA_Data/bioimage_archive/roi_mask/ncih716_jc_ctrl_2_50.png,/work/users/b/e/behnamie/ecDNA_Data/bioimage_archive/gt_image/ncih716_jc_ctrl_2_50.tif
ncih716_jc_ctrl_2_51,NCI-H716,train,train,True,True,False,False,1,rgb/ncih716_jc_ctrl_2_51.tif,dapi/ncih716_jc_ctrl_2_51.tif,roi_mask/ncih716_jc_ctrl_2_51.png,gt_image/ncih716_jc_ctrl_2_51.tif,,181,182,True,True,True,True,ncih716_jc_ctrl_2_51.tif,ncih716_jc_ctrl_2_51.tif,ncih716_jc_ctrl_2_51.png,ncih716_jc_ctrl_2_51.tif,,/work/users/b/e/behnamie/ecDNA_Data/bioimage_archive/rgb/ncih716_jc_ctrl_2_51.tif,/work/users/b/e/behnamie/ecDNA_Data/bioimage_archive/dapi/ncih716_jc_ctrl_2_51.tif,/work/users/b/e/behnamie/ecDNA_Data/bioimage_archive/roi_mask/ncih716_jc_ctrl_2_51.png,/work/users/b/e/behnamie/ecDNA_Data/bioimage_archive/gt_image/ncih716_jc_ctrl_2_51.tif
ncih716_jc_ctrl_2_54,NCI-H716,train,train,True,True,False,False,1,rgb/ncih716_jc_ctrl_2_54.tif,dapi/ncih716_jc_ctrl_2_54.tif,roi_mask/ncih716_jc_ctrl_2_54.png,gt_image/ncih716_jc_ctrl_2_54.tif,,274,275,True,True,True,True,ncih716_jc_ctrl_2_54.tif,ncih716_jc_ctrl_2_54.tif,ncih716_jc_ctrl_2_54.png,ncih716_jc_ctrl_2_54.tif,,/work/users/b/e/behnamie/ecDNA_Data/bioimage_archive/rgb/ncih716_jc_ctrl_2_54.tif,/work/users/b/e/behnamie/ecDNA_Data/bioimage_archive/dapi/ncih716_jc_ctrl_2_54.tif,/work/users/b/e/behnamie/ecDNA_Data/bioimage_archive/roi_mask/ncih716_jc_ctrl_2_54.png,/work/users/b/e/behnamie/ecDNA_Data/bioimage_archive/gt_image/ncih716_jc_ctrl_2_54.tif
ncih716_jc_ctrl_2_55,NCI-H716,train,train,True,True,False,False,1,rgb/ncih716_jc_ctrl_2_55.tif,dapi/ncih716_jc_ctrl_2_55.tif,roi_mask/ncih716_jc_ctrl_2_55.png,gt_image/ncih716_jc_ctrl_2_55.tif,,120,120,True,True,True,True,ncih716_jc_ctrl_2_55.tif,ncih716_jc_ctrl_2_55.tif,ncih716_jc_ctrl_2_55.png,ncih716_jc_ctrl_2_55.tif,,/work/users/b/e/behnamie/ecDNA_Data/bioimage_archive/rgb/ncih716_jc_ctrl_2_55.tif,/work/users/b/e/behnamie/ecDNA_Data/bioimage_archive/dapi/ncih716_jc_ctrl_2_55.tif,/work/users/b/e/behnamie/ecDNA_Data/bioimage_archive/roi_mask/ncih716_jc_ctrl_2_55.png,/work/users/b/e/behnamie/ecDNA_Data/bioimage_archive/gt_image/ncih716_jc_ctrl_2_55.tif
ncih716_jc_ctrl_2_56,NCI-H716,train,train,True,True,False,False,1,rgb/ncih716_jc_ctrl_2_56.tif,dapi/ncih716_jc_ctrl_2_56.tif,roi_mask/ncih716_jc_ctrl_2_56.png,gt_image/ncih716_jc_ctrl_2_56.tif,,349,349,True,True,True,True,ncih716_jc_ctrl_2_56.tif,ncih716_jc_ctrl_2_56.tif,ncih716_jc_ctrl_2_56.png,ncih716_jc_ctrl_2_56.tif,,/work/users/b/e/behnamie/ecDNA_Data/bioimage_archive/rgb/ncih716_jc_ctrl_2_56.tif,/work/users/b/e/behnamie/ecDNA_Data/bioimage_archive/dapi/ncih716_jc_ctrl_2_56.tif,/work/users/b/e/behnamie/ecDNA_Data/bioimage_archive/roi_mask/ncih716_jc_ctrl_2_56.png,/work/users/b/e/behnamie/ecDNA_Data/bioimage_archive/gt_image/ncih716_jc_ctrl_2_56.tif
ncih716_jc_ctrl_2_9,NCI-H716,train,train,True,True,False,False,1,rgb/ncih716_jc_ctrl_2_9.tif,dapi/ncih716_jc_ctrl_2_9.tif,roi_mask/ncih716_jc_ctrl_2_9.png,gt_image/ncih716_jc_ctrl_2_9.tif,,210,212,True,True,True,True,ncih716_jc_ctrl_2_9.tif,ncih716_jc_ctrl_2_9.tif,ncih716_jc_ctrl_2_9.png,ncih716_jc_ctrl_2_9.tif,,/work/users/b/e/behnamie/ecDNA_Data/bioimage_archive/rgb/ncih716_jc_ctrl_2_9.tif,/work/users/b/e/behnamie/ecDNA_Data/bioimage_archive/dapi/ncih716_jc_ctrl_2_9.tif,/work/users/b/e/behnamie/ecDNA_Data/bioimage_archive/roi_mask/ncih716_jc_ctrl_2_9.png,/work/users/b/e/behnamie/ecDNA_Data/bioimage_archive/gt_image/ncih716_jc_ctrl_2_9.tif
snu16_jc_arv771_800picom_24h_4,SNU16,train,train,True,True,False,False,1,rgb/snu16_jc_arv771_800picom_24h_4.tif,dapi/snu16_jc_arv771_800picom_24h_4.tif,roi_mask/snu16_jc_arv771_800picom_24h_4.png,gt_image/snu16_jc_arv771_800picom_24h_4.tif,,124,124,True,True,True,True,snu16_jc_arv771_800picom_24h_4.tif,snu16_jc_arv771_800picom_24h_4.tif,snu16_jc_arv771_800picom_24h_4.png,snu16_jc_arv771_800picom_24h_4.tif,,/work/users/b/e/behnamie/ecDNA_Data/bioimage_archive/rgb/snu16_jc_arv771_800picom_24h_4.tif,/work/users/b/e/behnamie/ecDNA_Data/bioimage_archive/dapi/snu16_jc_arv771_800picom_24h_4.tif,/work/users/b/e/behnamie/ecDNA_Data/bioimage_archive/roi_mask/snu16_jc_arv771_800picom_24h_4.png,/work/users/b/e/behnamie/ecDNA_Data/bioimage_archive/gt_image/snu16_jc_arv771_800picom_24h_4.tif
snu16_jc_ctrl_10,SNU16,train,train,True,True,False,False,1,rgb/snu16_jc_ctrl_10.tif,dapi/snu16_jc_ctrl_10.tif,roi_mask/snu16_jc_ctrl_10.png,gt_image/snu16_jc_ctrl_10.tif,,376,385,True,True,True,True,snu16_jc_ctrl_10.tif,snu16_jc_ctrl_10.tif,snu16_jc_ctrl_10.png,snu16_jc_ctrl_10.tif,,/work/users/b/e/behnamie/ecDNA_Data/bioimage_archive/rgb/snu16_jc_ctrl_10.tif,/work/users/b/e/behnamie/ecDNA_Data/bioimage_archive/dapi/snu16_jc_ctrl_10.tif,/work/users/b/e/behnamie/ecDNA_Data/bioimage_archive/roi_mask/snu16_jc_ctrl_10.png,/work/users/b/e/behnamie/ecDNA_Data/bioimage_archive/gt_image/snu16_jc_ctrl_10.tif
snu16_jc_ctrl_102,SNU16,train,train,True,True,False,False,1,rgb/snu16_jc_ctrl_102.tif,dapi/snu16_jc_ctrl_102.tif,roi_mask/snu16_jc_ctrl_102.png,gt_image/snu16_jc_ctrl_102.tif,,271,275,True,True,True,True,snu16_jc_ctrl_102.tif,snu16_jc_ctrl_102.tif,snu16_jc_ctrl_102.png,snu16_jc_ctrl_102.tif,,/work/users/b/e/behnamie/ecDNA_Data/bioimage_archive/rgb/snu16_jc_ctrl_102.tif,/work/users/b/e/behnamie/ecDNA_Data/bioimage_archive/dapi/snu16_jc_ctrl_102.tif,/work/users/b/e/behnamie/ecDNA_Data/bioimage_archive/roi_mask/snu16_jc_ctrl_102.png,/work/users/b/e/behnamie/ecDNA_Data/bioimage_archive/gt_image/snu16_jc_ctrl_102.tif
snu16_jc_ctrl_103,SNU16,train,train,True,True,False,False,1,rgb/snu16_jc_ctrl_103.tif,dapi/snu16_jc_ctrl_103.tif,roi_mask/snu16_jc_ctrl_103.png,gt_image/snu16_jc_ctrl_103.tif,,206,208,True,True,True,True,snu16_jc_ctrl_103.tif,snu16_jc_ctrl_103.tif,snu16_jc_ctrl_103.png,snu16_jc_ctrl_103.tif,,/work/users/b/e/behnamie/ecDNA_Data/bioimage_archive/rgb/snu16_jc_ctrl_103.tif,/work/users/b/e/behnamie/ecDNA_Data/bioimage_archive/dapi/snu16_jc_ctrl_103.tif,/work/users/b/e/behnamie/ecDNA_Data/bioimage_archive/roi_mask/snu16_jc_ctrl_103.png,/work/users/b/e/behnamie/ecDNA_Data/bioimage_archive/gt_image/snu16_jc_ctrl_103.tif
snu16_jc_ctrl_107,SNU16,train,train,True,True,False,False,1,rgb/snu16_jc_ctrl_107.tif,dapi/snu16_jc_ctrl_107.tif,roi_mask/snu16_jc_ctrl_107.png,gt_image/snu16_jc_ctrl_107.tif,,370,370,True,True,True,True,snu16_jc_ctrl_107.tif,snu16_jc_ctrl_107.tif,snu16_jc_ctrl_107.png,snu16_jc_ctrl_107.tif,,/work/users/b/e/behnamie/ecDNA_Data/bioimage_archive/rgb/snu16_jc_ctrl_107.tif,/work/users/b/e/behnamie/ecDNA_Data/bioimage_archive/dapi/snu16_jc_ctrl_107.tif,/work/users/b/e/behnamie/ecDNA_Data/bioimage_archive/roi_mask/snu16_jc_ctrl_107.png,/work/users/b/e/behnamie/ecDNA_Data/bioimage_archive/gt_image/snu16_jc_ctrl_107.tif
snu16_jc_ctrl_108,SNU16,train,train,True,True,False,False,1,rgb/snu16_jc_ctrl_108.tif,dapi/snu16_jc_ctrl_108.tif,roi_mask/snu16_jc_ctrl_108.png,gt_image/snu16_jc_ctrl_108.tif,,635,640,True,True,True,True,snu16_jc_ctrl_108.tif,snu16_jc_ctrl_108.tif,snu16_jc_ctrl_108.png,snu16_jc_ctrl_108.tif,,/work/users/b/e/behnamie/ecDNA_Data/bioimage_archive/rgb/snu16_jc_ctrl_108.tif,/work/users/b/e/behnamie/ecDNA_Data/bioimage_archive/dapi/snu16_jc_ctrl_108.tif,/work/users/b/e/behnamie/ecDNA_Data/bioimage_archive/roi_mask/snu16_jc_ctrl_108.png,/work/users/b/e/behnamie/ecDNA_Data/bioimage_archive/gt_image/snu16_jc_ctrl_108.tif
snu16_jc_ctrl_112,SNU16,train,train,True,True,False,False,1,rgb/snu16_jc_ctrl_112.tif,dapi/snu16_jc_ctrl_112.tif,roi_mask/snu16_jc_ctrl_112.png,gt_image/snu16_jc_ctrl_112.tif,,1231,1245,True,True,True,True,snu16_jc_ctrl_112.tif,snu16_jc_ctrl_112.tif,snu16_jc_ctrl_112.png,snu16_jc_ctrl_112.tif,,/work/users/b/e/behnamie/ecDNA_Data/bioimage_archive/rgb/snu16_jc_ctrl_112.tif,/work/users/b/e/behnamie/ecDNA_Data/bioimage_archive/dapi/snu16_jc_ctrl_112.tif,/work/users/b/e/behnamie/ecDNA_Data/bioimage_archive/roi_mask/snu16_jc_ctrl_112.png,/work/users/b/e/behnamie/ecDNA_Data/bioimage_archive/gt_image/snu16_jc_ctrl_112.tif
snu16_jc_ctrl_120,SNU16,train,train,True,True,False,False,1,rgb/snu16_jc_ctrl_120.tif,dapi/snu16_jc_ctrl_120.tif,roi_mask/snu16_jc_ctrl_120.png,gt_image/snu16_jc_ctrl_120.tif,,244,244,True,True,True,True,snu16_jc_ctrl_120.tif,snu16_jc_ctrl_120.tif,snu16_jc_ctrl_120.png,snu16_jc_ctrl_120.tif,,/work/users/b/e/behnamie/ecDNA_Data/bioimage_archive/rgb/snu16_jc_ctrl_120.tif,/work/users/b/e/behnamie/ecDNA_Data/bioimage_archive/dapi/snu16_jc_ctrl_120.tif,/work/users/b/e/behnamie/ecDNA_Data/bioimage_archive/roi_mask/snu16_jc_ctrl_120.png,/work/users/b/e/behnamie/ecDNA_Data/bioimage_archive/gt_image/snu16_jc_ctrl_120.tif
snu16_jc_ctrl_122,SNU16,train,train,True,True,False,False,1,rgb/snu16_jc_ctrl_122.tif,dapi/snu16_jc_ctrl_122.tif,roi_mask/snu16_jc_ctrl_122.png,gt_image/snu16_jc_ctrl_122.tif,,209,209,True,True,True,True,snu16_jc_ctrl_122.tif,snu16_jc_ctrl_122.tif,snu16_jc_ctrl_122.png,snu16_jc_ctrl_122.tif,,/work/users/b/e/behnamie/ecDNA_Data/bioimage_archive/rgb/snu16_jc_ctrl_122.tif,/work/users/b/e/behnamie/ecDNA_Data/bioimage_archive/dapi/snu16_jc_ctrl_122.tif,/work/users/b/e/behnamie/ecDNA_Data/bioimage_archive/roi_mask/snu16_jc_ctrl_122.png,/work/users/b/e/behnamie/ecDNA_Data/bioimage_archive/gt_image/snu16_jc_ctrl_122.tif
snu16_jc_ctrl_126,SNU16,train,train,True,True,False,False,1,rgb/snu16_jc_ctrl_126.tif,dapi/snu16_jc_ctrl_126.tif,roi_mask/snu16_jc_ctrl_126.png,gt_image/snu16_jc_ctrl_126.tif,,181,182,True,True,True,True,snu16_jc_ctrl_126.tif,snu16_jc_ctrl_126.tif,snu16_jc_ctrl_126.png,snu16_jc_ctrl_126.tif,,/work/users/b/e/behnamie/ecDNA_Data/bioimage_archive/rgb/snu16_jc_ctrl_126.tif,/work/users/b/e/behnamie/ecDNA_Data/bioimage_archive/dapi/snu16_jc_ctrl_126.tif,/work/users/b/e/behnamie/ecDNA_Data/bioimage_archive/roi_mask/snu16_jc_ctrl_126.png,/work/users/b/e/behnamie/ecDNA_Data/bioimage_archive/gt_image/snu16_jc_ctrl_126.tif
snu16_jc_ctrl_127,SNU16,train,train,True,True,False,False,1,rgb/snu16_jc_ctrl_127.tif,dapi/snu16_jc_ctrl_127.tif,roi_mask/snu16_jc_ctrl_127.png,gt_image/snu16_jc_ctrl_127.tif,,372,374,True,True,True,True,snu16_jc_ctrl_127.tif,snu16_jc_ctrl_127.tif,snu16_jc_ctrl_127.png,snu16_jc_ctrl_127.tif,,/work/users/b/e/behnamie/ecDNA_Data/bioimage_archive/rgb/snu16_jc_ctrl_127.tif,/work/users/b/e/behnamie/ecDNA_Data/bioimage_archive/dapi/snu16_jc_ctrl_127.tif,/work/users/b/e/behnamie/ecDNA_Data/bioimage_archive/roi_mask/snu16_jc_ctrl_127.png,/work/users/b/e/behnamie/ecDNA_Data/bioimage_archive/gt_image/snu16_jc_ctrl_127.tif
snu16_jc_ctrl_129,SNU16,train,train,True,True,False,False,1,rgb/snu16_jc_ctrl_129.tif,dapi/snu16_jc_ctrl_129.tif,roi_mask/snu16_jc_ctrl_129.png,gt_image/snu16_jc_ctrl_129.tif,,224,226,True,True,True,True,snu16_jc_ctrl_129.tif,snu16_jc_ctrl_129.tif,snu16_jc_ctrl_129.png,snu16_jc_ctrl_129.tif,,/work/users/b/e/behnamie/ecDNA_Data/bioimage_archive/rgb/snu16_jc_ctrl_129.tif,/work/users/b/e/behnamie/ecDNA_Data/bioimage_archive/dapi/snu16_jc_ctrl_129.tif,/work/users/b/e/behnamie/ecDNA_Data/bioimage_archive/roi_mask/snu16_jc_ctrl_129.png,/work/users/b/e/behnamie/ecDNA_Data/bioimage_archive/gt_image/snu16_jc_ctrl_129.tif
snu16_jc_ctrl_131,SNU16,train,train,True,True,False,False,1,rgb/snu16_jc_ctrl_131.tif,dapi/snu16_jc_ctrl_131.tif,roi_mask/snu16_jc_ctrl_131.png,gt_image/snu16_jc_ctrl_131.tif,,225,225,True,True,True,True,snu16_jc_ctrl_131.tif,snu16_jc_ctrl_131.tif,snu16_jc_ctrl_131.png,snu16_jc_ctrl_131.tif,,/work/users/b/e/behnamie/ecDNA_Data/bioimage_archive/rgb/snu16_jc_ctrl_131.tif,/work/users/b/e/behnamie/ecDNA_Data/bioimage_archive/dapi/snu16_jc_ctrl_131.tif,/work/users/b/e/behnamie/ecDNA_Data/bioimage_archive/roi_mask/snu16_jc_ctrl_131.png,/work/users/b/e/behnamie/ecDNA_Data/bioimage_archive/gt_image/snu16_jc_ctrl_131.tif
snu16_jc_ctrl_132,SNU16,train,train,True,True,False,False,1,rgb/snu16_jc_ctrl_132.tif,dapi/snu16_jc_ctrl_132.tif,roi_mask/snu16_jc_ctrl_132.png,gt_image/snu16_jc_ctrl_132.tif,,311,313,True,True,True,True,snu16_jc_ctrl_132.tif,snu16_jc_ctrl_132.tif,snu16_jc_ctrl_132.png,snu16_jc_ctrl_132.tif,,/work/users/b/e/behnamie/ecDNA_Data/bioimage_archive/rgb/snu16_jc_ctrl_132.tif,/work/users/b/e/behnamie/ecDNA_Data/bioimage_archive/dapi/snu16_jc_ctrl_132.tif,/work/users/b/e/behnamie/ecDNA_Data/bioimage_archive/roi_mask/snu16_jc_ctrl_132.png,/work/users/b/e/behnamie/ecDNA_Data/bioimage_archive/gt_image/snu16_jc_ctrl_132.tif
snu16_jc_ctrl_136,SNU16,train,train,True,True,False,False,1,rgb/snu16_jc_ctrl_136.tif,dapi/snu16_jc_ctrl_136.tif,roi_mask/snu16_jc_ctrl_136.png,gt_image/snu16_jc_ctrl_136.tif,,317,326,True,True,True,True,snu16_jc_ctrl_136.tif,snu16_jc_ctrl_136.tif,snu16_jc_ctrl_136.png,snu16_jc_ctrl_136.tif,,/work/users/b/e/behnamie/ecDNA_Data/bioimage_archive/rgb/snu16_jc_ctrl_136.tif,/work/users/b/e/behnamie/ecDNA_Data/bioimage_archive/dapi/snu16_jc_ctrl_136.tif,/work/users/b/e/behnamie/ecDNA_Data/bioimage_archive/roi_mask/snu16_jc_ctrl_136.png,/work/users/b/e/behnamie/ecDNA_Data/bioimage_archive/gt_image/snu16_jc_ctrl_136.tif
snu16_jc_ctrl_144,SNU16,train,train,True,True,False,False,1,rgb/snu16_jc_ctrl_144.tif,dapi/snu16_jc_ctrl_144.tif,roi_mask/snu16_jc_ctrl_144.png,gt_image/snu16_jc_ctrl_144.tif,,123,123,True,True,True,True,snu16_jc_ctrl_144.tif,snu16_jc_ctrl_144.tif,snu16_jc_ctrl_144.png,snu16_jc_ctrl_144.tif,,/work/users/b/e/behnamie/ecDNA_Data/bioimage_archive/rgb/snu16_jc_ctrl_144.tif,/work/users/b/e/behnamie/ecDNA_Data/bioimage_archive/dapi/snu16_jc_ctrl_144.tif,/work/users/b/e/behnamie/ecDNA_Data/bioimage_archive/roi_mask/snu16_jc_ctrl_144.png,/work/users/b/e/behnamie/ecDNA_Data/bioimage_archive/gt_image/snu16_jc_ctrl_144.tif
snu16_jc_ctrl_147,SNU16,train,train,True,True,False,False,1,rgb/snu16_jc_ctrl_147.tif,dapi/snu16_jc_ctrl_147.tif,roi_mask/snu16_jc_ctrl_147.png,gt_image/snu16_jc_ctrl_147.tif,,268,273,True,True,True,True,snu16_jc_ctrl_147.tif,snu16_jc_ctrl_147.tif,snu16_jc_ctrl_147.png,snu16_jc_ctrl_147.tif,,/work/users/b/e/behnamie/ecDNA_Data/bioimage_archive/rgb/snu16_jc_ctrl_147.tif,/work/users/b/e/behnamie/ecDNA_Data/bioimage_archive/dapi/snu16_jc_ctrl_147.tif,/work/users/b/e/behnamie/ecDNA_Data/bioimage_archive/roi_mask/snu16_jc_ctrl_147.png,/work/users/b/e/behnamie/ecDNA_Data/bioimage_archive/gt_image/snu16_jc_ctrl_147.tif
snu16_jc_ctrl_15,SNU16,train,train,True,True,False,False,1,rgb/snu16_jc_ctrl_15.tif,dapi/snu16_jc_ctrl_15.tif,roi_mask/snu16_jc_ctrl_15.png,gt_image/snu16_jc_ctrl_15.tif,,471,472,True,True,True,True,snu16_jc_ctrl_15.tif,snu16_jc_ctrl_15.tif,snu16_jc_ctrl_15.png,snu16_jc_ctrl_15.tif,,/work/users/b/e/behnamie/ecDNA_Data/bioimage_archive/rgb/snu16_jc_ctrl_15.tif,/work/users/b/e/behnamie/ecDNA_Data/bioimage_archive/dapi/snu16_jc_ctrl_15.tif,/work/users/b/e/behnamie/ecDNA_Data/bioimage_archive/roi_mask/snu16_jc_ctrl_15.png,/work/users/b/e/behnamie/ecDNA_Data/bioimage_archive/gt_image/snu16_jc_ctrl_15.tif
snu16_jc_ctrl_20,SNU16,train,train,True,True,False,False,1,rgb/snu16_jc_ctrl_20.tif,dapi/snu16_jc_ctrl_20.tif,roi_mask/snu16_jc_ctrl_20.png,gt_image/snu16_jc_ctrl_20.tif,,990,995,True,True,True,True,snu16_jc_ctrl_20.tif,snu16_jc_ctrl_20.tif,snu16_jc_ctrl_20.png,snu16_jc_ctrl_20.tif,,/work/users/b/e/behnamie/ecDNA_Data/bioimage_archive/rgb/snu16_jc_ctrl_20.tif,/work/users/b/e/behnamie/ecDNA_Data/bioimage_archive/dapi/snu16_jc_ctrl_20.tif,/work/users/b/e/behnamie/ecDNA_Data/bioimage_archive/roi_mask/snu16_jc_ctrl_20.png,/work/users/b/e/behnamie/ecDNA_Data/bioimage_archive/gt_image/snu16_jc_ctrl_20.tif
snu16_jc_ctrl_23,SNU16,train,train,True,True,False,False,1,rgb/snu16_jc_ctrl_23.tif,dapi/snu16_jc_ctrl_23.tif,roi_mask/snu16_jc_ctrl_23.png,gt_image/snu16_jc_ctrl_23.tif,,223,232,True,True,True,True,snu16_jc_ctrl_23.tif,snu16_jc_ctrl_23.tif,snu16_jc_ctrl_23.png,snu16_jc_ctrl_23.tif,,/work/users/b/e/behnamie/ecDNA_Data/bioimage_archive/rgb/snu16_jc_ctrl_23.tif,/work/users/b/e/behnamie/ecDNA_Data/bioimage_archive/dapi/snu16_jc_ctrl_23.tif,/work/users/b/e/behnamie/ecDNA_Data/bioimage_archive/roi_mask/snu16_jc_ctrl_23.png,/work/users/b/e/behnamie/ecDNA_Data/bioimage_archive/gt_image/snu16_jc_ctrl_23.tif
snu16_jc_ctrl_24,SNU16,train,train,True,True,False,False,1,rgb/snu16_jc_ctrl_24.tif,dapi/snu16_jc_ctrl_24.tif,roi_mask/snu16_jc_ctrl_24.png,gt_image/snu16_jc_ctrl_24.tif,,251,254,True,True,True,True,snu16_jc_ctrl_24.tif,snu16_jc_ctrl_24.tif,snu16_jc_ctrl_24.png,snu16_jc_ctrl_24.tif,,/work/users/b/e/behnamie/ecDNA_Data/bioimage_archive/rgb/snu16_jc_ctrl_24.tif,/work/users/b/e/behnamie/ecDNA_Data/bioimage_archive/dapi/snu16_jc_ctrl_24.tif,/work/users/b/e/behnamie/ecDNA_Data/bioimage_archive/roi_mask/snu16_jc_ctrl_24.png,/work/users/b/e/behnamie/ecDNA_Data/bioimage_archive/gt_image/snu16_jc_ctrl_24.tif
snu16_jc_ctrl_25,SNU16,train,train,True,True,False,False,1,rgb/snu16_jc_ctrl_25.tif,dapi/snu16_jc_ctrl_25.tif,roi_mask/snu16_jc_ctrl_25.png,gt_image/snu16_jc_ctrl_25.tif,,341,342,True,True,True,True,snu16_jc_ctrl_25.tif,snu16_jc_ctrl_25.tif,snu16_jc_ctrl_25.png,snu16_jc_ctrl_25.tif,,/work/users/b/e/behnamie/ecDNA_Data/bioimage_archive/rgb/snu16_jc_ctrl_25.tif,/work/users/b/e/behnamie/ecDNA_Data/bioimage_archive/dapi/snu16_jc_ctrl_25.tif,/work/users/b/e/behnamie/ecDNA_Data/bioimage_archive/roi_mask/snu16_jc_ctrl_25.png,/work/users/b/e/behnamie/ecDNA_Data/bioimage_archive/gt_image/snu16_jc_ctrl_25.tif
snu16_jc_ctrl_26,SNU16,train,train,True,True,False,False,1,rgb/snu16_jc_ctrl_26.tif,dapi/snu16_jc_ctrl_26.tif,roi_mask/snu16_jc_ctrl_26.png,gt_image/snu16_jc_ctrl_26.tif,,170,170,True,True,True,True,snu16_jc_ctrl_26.tif,snu16_jc_ctrl_26.tif,snu16_jc_ctrl_26.png,snu16_jc_ctrl_26.tif,,/work/users/b/e/behnamie/ecDNA_Data/bioimage_archive/rgb/snu16_jc_ctrl_26.tif,/work/users/b/e/behnamie/ecDNA_Data/bioimage_archive/dapi/snu16_jc_ctrl_26.tif,/work/users/b/e/behnamie/ecDNA_Data/bioimage_archive/roi_mask/snu16_jc_ctrl_26.png,/work/users/b/e/behnamie/ecDNA_Data/bioimage_archive/gt_image/snu16_jc_ctrl_26.tif
snu16_jc_ctrl_30,SNU16,train,train,True,True,False,False,1,rgb/snu16_jc_ctrl_30.tif,dapi/snu16_jc_ctrl_30.tif,roi_mask/snu16_jc_ctrl_30.png,gt_image/snu16_jc_ctrl_30.tif,,214,217,True,True,True,True,snu16_jc_ctrl_30.tif,snu16_jc_ctrl_30.tif,snu16_jc_ctrl_30.png,snu16_jc_ctrl_30.tif,,/work/users/b/e/behnamie/ecDNA_Data/bioimage_archive/rgb/snu16_jc_ctrl_30.tif,/work/users/b/e/behnamie/ecDNA_Data/bioimage_archive/dapi/snu16_jc_ctrl_30.tif,/work/users/b/e/behnamie/ecDNA_Data/bioimage_archive/roi_mask/snu16_jc_ctrl_30.png,/work/users/b/e/behnamie/ecDNA_Data/bioimage_archive/gt_image/snu16_jc_ctrl_30.tif
snu16_jc_ctrl_32,SNU16,train,train,True,True,False,False,1,rgb/snu16_jc_ctrl_32.tif,dapi/snu16_jc_ctrl_32.tif,roi_mask/snu16_jc_ctrl_32.png,gt_image/snu16_jc_ctrl_32.tif,,265,266,True,True,True,True,snu16_jc_ctrl_32.tif,snu16_jc_ctrl_32.tif,snu16_jc_ctrl_32.png,snu16_jc_ctrl_32.tif,,/work/users/b/e/behnamie/ecDNA_Data/bioimage_archive/rgb/snu16_jc_ctrl_32.tif,/work/users/b/e/behnamie/ecDNA_Data/bioimage_archive/dapi/snu16_jc_ctrl_32.tif,/work/users/b/e/behnamie/ecDNA_Data/bioimage_archive/roi_mask/snu16_jc_ctrl_32.png,/work/users/b/e/behnamie/ecDNA_Data/bioimage_archive/gt_image/snu16_jc_ctrl_32.tif
snu16_jc_ctrl_37,SNU16,train,train,True,True,False,False,1,rgb/snu16_jc_ctrl_37.tif,dapi/snu16_jc_ctrl_37.tif,roi_mask/snu16_jc_ctrl_37.png,gt_image/snu16_jc_ctrl_37.tif,,320,325,True,True,True,True,snu16_jc_ctrl_37.tif,snu16_jc_ctrl_37.tif,snu16_jc_ctrl_37.png,snu16_jc_ctrl_37.tif,,/work/users/b/e/behnamie/ecDNA_Data/bioimage_archive/rgb/snu16_jc_ctrl_37.tif,/work/users/b/e/behnamie/ecDNA_Data/bioimage_archive/dapi/snu16_jc_ctrl_37.tif,/work/users/b/e/behnamie/ecDNA_Data/bioimage_archive/roi_mask/snu16_jc_ctrl_37.png,/work/users/b/e/behnamie/ecDNA_Data/bioimage_archive/gt_image/snu16_jc_ctrl_37.tif
snu16_jc_ctrl_38,SNU16,train,train,True,True,False,False,1,rgb/snu16_jc_ctrl_38.tif,dapi/snu16_jc_ctrl_38.tif,roi_mask/snu16_jc_ctrl_38.png,gt_image/snu16_jc_ctrl_38.tif,,178,180,True,True,True,True,snu16_jc_ctrl_38.tif,snu16_jc_ctrl_38.tif,snu16_jc_ctrl_38.png,snu16_jc_ctrl_38.tif,,/work/users/b/e/behnamie/ecDNA_Data/bioimage_archive/rgb/snu16_jc_ctrl_38.tif,/work/users/b/e/behnamie/ecDNA_Data/bioimage_archive/dapi/snu16_jc_ctrl_38.tif,/work/users/b/e/behnamie/ecDNA_Data/bioimage_archive/roi_mask/snu16_jc_ctrl_38.png,/work/users/b/e/behnamie/ecDNA_Data/bioimage_archive/gt_image/snu16_jc_ctrl_38.tif
snu16_jc_ctrl_39,SNU16,train,train,True,True,False,False,1,rgb/snu16_jc_ctrl_39.tif,dapi/snu16_jc_ctrl_39.tif,roi_mask/snu16_jc_ctrl_39.png,gt_image/snu16_jc_ctrl_39.tif,,271,273,True,True,True,True,snu16_jc_ctrl_39.tif,snu16_jc_ctrl_39.tif,snu16_jc_ctrl_39.png,snu16_jc_ctrl_39.tif,,/work/users/b/e/behnamie/ecDNA_Data/bioimage_archive/rgb/snu16_jc_ctrl_39.tif,/work/users/b/e/behnamie/ecDNA_Data/bioimage_archive/dapi/snu16_jc_ctrl_39.tif,/work/users/b/e/behnamie/ecDNA_Data/bioimage_archive/roi_mask/snu16_jc_ctrl_39.png,/work/users/b/e/behnamie/ecDNA_Data/bioimage_archive/gt_image/snu16_jc_ctrl_39.tif
snu16_jc_ctrl_42,SNU16,train,train,True,True,False,False,1,rgb/snu16_jc_ctrl_42.tif,dapi/snu16_jc_ctrl_42.tif,roi_mask/snu16_jc_ctrl_42.png,gt_image/snu16_jc_ctrl_42.tif,,90,95,True,True,True,True,snu16_jc_ctrl_42.tif,snu16_jc_ctrl_42.tif,snu16_jc_ctrl_42.png,snu16_jc_ctrl_42.tif,,/work/users/b/e/behnamie/ecDNA_Data/bioimage_archive/rgb/snu16_jc_ctrl_42.tif,/work/users/b/e/behnamie/ecDNA_Data/bioimage_archive/dapi/snu16_jc_ctrl_42.tif,/work/users/b/e/behnamie/ecDNA_Data/bioimage_archive/roi_mask/snu16_jc_ctrl_42.png,/work/users/b/e/behnamie/ecDNA_Data/bioimage_archive/gt_image/snu16_jc_ctrl_42.tif
snu16_jc_ctrl_43,SNU16,train,train,True,True,False,False,1,rgb/snu16_jc_ctrl_43.tif,dapi/snu16_jc_ctrl_43.tif,roi_mask/snu16_jc_ctrl_43.png,gt_image/snu16_jc_ctrl_43.tif,,105,105,True,True,True,True,snu16_jc_ctrl_43.tif,snu16_jc_ctrl_43.tif,snu16_jc_ctrl_43.png,snu16_jc_ctrl_43.tif,,/work/users/b/e/behnamie/ecDNA_Data/bioimage_archive/rgb/snu16_jc_ctrl_43.tif,/work/users/b/e/behnamie/ecDNA_Data/bioimage_archive/dapi/snu16_jc_ctrl_43.tif,/work/users/b/e/behnamie/ecDNA_Data/bioimage_archive/roi_mask/snu16_jc_ctrl_43.png,/work/users/b/e/behnamie/ecDNA_Data/bioimage_archive/gt_image/snu16_jc_ctrl_43.tif
snu16_jc_ctrl_47,SNU16,train,train,True,True,False,False,1,rgb/snu16_jc_ctrl_47.tif,dapi/snu16_jc_ctrl_47.tif,roi_mask/snu16_jc_ctrl_47.png,gt_image/snu16_jc_ctrl_47.tif,,392,399,True,True,True,True,snu16_jc_ctrl_47.tif,snu16_jc_ctrl_47.tif,snu16_jc_ctrl_47.png,snu16_jc_ctrl_47.tif,,/work/users/b/e/behnamie/ecDNA_Data/bioimage_archive/rgb/snu16_jc_ctrl_47.tif,/work/users/b/e/behnamie/ecDNA_Data/bioimage_archive/dapi/snu16_jc_ctrl_47.tif,/work/users/b/e/behnamie/ecDNA_Data/bioimage_archive/roi_mask/snu16_jc_ctrl_47.png,/work/users/b/e/behnamie/ecDNA_Data/bioimage_archive/gt_image/snu16_jc_ctrl_47.tif
snu16_jc_ctrl_48,SNU16,train,train,True,True,False,False,1,rgb/snu16_jc_ctrl_48.tif,dapi/snu16_jc_ctrl_48.tif,roi_mask/snu16_jc_ctrl_48.png,gt_image/snu16_jc_ctrl_48.tif,,321,334,True,True,True,True,snu16_jc_ctrl_48.tif,snu16_jc_ctrl_48.tif,snu16_jc_ctrl_48.png,snu16_jc_ctrl_48.tif,,/work/users/b/e/behnamie/ecDNA_Data/bioimage_archive/rgb/snu16_jc_ctrl_48.tif,/work/users/b/e/behnamie/ecDNA_Data/bioimage_archive/dapi/snu16_jc_ctrl_48.tif,/work/users/b/e/behnamie/ecDNA_Data/bioimage_archive/roi_mask/snu16_jc_ctrl_48.png,/work/users/b/e/behnamie/ecDNA_Data/bioimage_archive/gt_image/snu16_jc_ctrl_48.tif
snu16_jc_ctrl_52,SNU16,train,train,True,True,False,False,1,rgb/snu16_jc_ctrl_52.tif,dapi/snu16_jc_ctrl_52.tif,roi_mask/snu16_jc_ctrl_52.png,gt_image/snu16_jc_ctrl_52.tif,,207,217,True,True,True,True,snu16_jc_ctrl_52.tif,snu16_jc_ctrl_52.tif,snu16_jc_ctrl_52.png,snu16_jc_ctrl_52.tif,,/work/users/b/e/behnamie/ecDNA_Data/bioimage_archive/rgb/snu16_jc_ctrl_52.tif,/work/users/b/e/behnamie/ecDNA_Data/bioimage_archive/dapi/snu16_jc_ctrl_52.tif,/work/users/b/e/behnamie/ecDNA_Data/bioimage_archive/roi_mask/snu16_jc_ctrl_52.png,/work/users/b/e/behnamie/ecDNA_Data/bioimage_archive/gt_image/snu16_jc_ctrl_52.tif
snu16_jc_ctrl_53,SNU16,train,train,True,True,False,False,1,rgb/snu16_jc_ctrl_53.tif,dapi/snu16_jc_ctrl_53.tif,roi_mask/snu16_jc_ctrl_53.png,gt_image/snu16_jc_ctrl_53.tif,,637,645,True,True,True,True,snu16_jc_ctrl_53.tif,snu16_jc_ctrl_53.tif,snu16_jc_ctrl_53.png,snu16_jc_ctrl_53.tif,,/work/users/b/e/behnamie/ecDNA_Data/bioimage_archive/rgb/snu16_jc_ctrl_53.tif,/work/users/b/e/behnamie/ecDNA_Data/bioimage_archive/dapi/snu16_jc_ctrl_53.tif,/work/users/b/e/behnamie/ecDNA_Data/bioimage_archive/roi_mask/snu16_jc_ctrl_53.png,/work/users/b/e/behnamie/ecDNA_Data/bioimage_archive/gt_image/snu16_jc_ctrl_53.tif
snu16_jc_ctrl_54,SNU16,train,train,True,True,False,False,1,rgb/snu16_jc_ctrl_54.tif,dapi/snu16_jc_ctrl_54.tif,roi_mask/snu16_jc_ctrl_54.png,gt_image/snu16_jc_ctrl_54.tif,,151,154,True,True,True,True,snu16_jc_ctrl_54.tif,snu16_jc_ctrl_54.tif,snu16_jc_ctrl_54.png,snu16_jc_ctrl_54.tif,,/work/users/b/e/behnamie/ecDNA_Data/bioimage_archive/rgb/snu16_jc_ctrl_54.tif,/work/users/b/e/behnamie/ecDNA_Data/bioimage_archive/dapi/snu16_jc_ctrl_54.tif,/work/users/b/e/behnamie/ecDNA_Data/bioimage_archive/roi_mask/snu16_jc_ctrl_54.png,/work/users/b/e/behnamie/ecDNA_Data/bioimage_archive/gt_image/snu16_jc_ctrl_54.tif
snu16_jc_ctrl_55,SNU16,train,train,True,True,False,False,1,rgb/snu16_jc_ctrl_55.tif,dapi/snu16_jc_ctrl_55.tif,roi_mask/snu16_jc_ctrl_55.png,gt_image/snu16_jc_ctrl_55.tif,,241,241,True,True,True,True,snu16_jc_ctrl_55.tif,snu16_jc_ctrl_55.tif,snu16_jc_ctrl_55.png,snu16_jc_ctrl_55.tif,,/work/users/b/e/behnamie/ecDNA_Data/bioimage_archive/rgb/snu16_jc_ctrl_55.tif,/work/users/b/e/behnamie/ecDNA_Data/bioimage_archive/dapi/snu16_jc_ctrl_55.tif,/work/users/b/e/behnamie/ecDNA_Data/bioimage_archive/roi_mask/snu16_jc_ctrl_55.png,/work/users/b/e/behnamie/ecDNA_Data/bioimage_archive/gt_image/snu16_jc_ctrl_55.tif
snu16_jc_ctrl_56,SNU16,train,train,True,True,False,False,1,rgb/snu16_jc_ctrl_56.tif,dapi/snu16_jc_ctrl_56.tif,roi_mask/snu16_jc_ctrl_56.png,gt_image/snu16_jc_ctrl_56.tif,,256,262,True,True,True,True,snu16_jc_ctrl_56.tif,snu16_jc_ctrl_56.tif,snu16_jc_ctrl_56.png,snu16_jc_ctrl_56.tif,,/work/users/b/e/behnamie/ecDNA_Data/bioimage_archive/rgb/snu16_jc_ctrl_56.tif,/work/users/b/e/behnamie/ecDNA_Data/bioimage_archive/dapi/snu16_jc_ctrl_56.tif,/work/users/b/e/behnamie/ecDNA_Data/bioimage_archive/roi_mask/snu16_jc_ctrl_56.png,/work/users/b/e/behnamie/ecDNA_Data/bioimage_archive/gt_image/snu16_jc_ctrl_56.tif
snu16_jc_ctrl_57,SNU16,train,train,True,True,False,False,1,rgb/snu16_jc_ctrl_57.tif,dapi/snu16_jc_ctrl_57.tif,roi_mask/snu16_jc_ctrl_57.png,gt_image/snu16_jc_ctrl_57.tif,,222,225,True,True,True,True,snu16_jc_ctrl_57.tif,snu16_jc_ctrl_57.tif,snu16_jc_ctrl_57.png,snu16_jc_ctrl_57.tif,,/work/users/b/e/behnamie/ecDNA_Data/bioimage_archive/rgb/snu16_jc_ctrl_57.tif,/work/users/b/e/behnamie/ecDNA_Data/bioimage_archive/dapi/snu16_jc_ctrl_57.tif,/work/users/b/e/behnamie/ecDNA_Data/bioimage_archive/roi_mask/snu16_jc_ctrl_57.png,/work/users/b/e/behnamie/ecDNA_Data/bioimage_archive/gt_image/snu16_jc_ctrl_57.tif
snu16_jc_ctrl_59,SNU16,train,train,True,True,False,False,1,rgb/snu16_jc_ctrl_59.tif,dapi/snu16_jc_ctrl_59.tif,roi_mask/snu16_jc_ctrl_59.png,gt_image/snu16_jc_ctrl_59.tif,,297,299,True,True,True,True,snu16_jc_ctrl_59.tif,snu16_jc_ctrl_59.tif,snu16_jc_ctrl_59.png,snu16_jc_ctrl_59.tif,,/work/users/b/e/behnamie/ecDNA_Data/bioimage_archive/rgb/snu16_jc_ctrl_59.tif,/work/users/b/e/behnamie/ecDNA_Data/bioimage_archive/dapi/snu16_jc_ctrl_59.tif,/work/users/b/e/behnamie/ecDNA_Data/bioimage_archive/roi_mask/snu16_jc_ctrl_59.png,/work/users/b/e/behnamie/ecDNA_Data/bioimage_archive/gt_image/snu16_jc_ctrl_59.tif
snu16_jc_ctrl_61,SNU16,train,train,True,True,False,False,1,rgb/snu16_jc_ctrl_61.tif,dapi/snu16_jc_ctrl_61.tif,roi_mask/snu16_jc_ctrl_61.png,gt_image/snu16_jc_ctrl_61.tif,,144,148,True,True,True,True,snu16_jc_ctrl_61.tif,snu16_jc_ctrl_61.tif,snu16_jc_ctrl_61.png,snu16_jc_ctrl_61.tif,,/work/users/b/e/behnamie/ecDNA_Data/bioimage_archive/rgb/snu16_jc_ctrl_61.tif,/work/users/b/e/behnamie/ecDNA_Data/bioimage_archive/dapi/snu16_jc_ctrl_61.tif,/work/users/b/e/behnamie/ecDNA_Data/bioimage_archive/roi_mask/snu16_jc_ctrl_61.png,/work/users/b/e/behnamie/ecDNA_Data/bioimage_archive/gt_image/snu16_jc_ctrl_61.tif
snu16_jc_ctrl_63,SNU16,train,train,True,True,False,False,1,rgb/snu16_jc_ctrl_63.tif,dapi/snu16_jc_ctrl_63.tif,roi_mask/snu16_jc_ctrl_63.png,gt_image/snu16_jc_ctrl_63.tif,,190,191,True,True,True,True,snu16_jc_ctrl_63.tif,snu16_jc_ctrl_63.tif,snu16_jc_ctrl_63.png,snu16_jc_ctrl_63.tif,,/work/users/b/e/behnamie/ecDNA_Data/bioimage_archive/rgb/snu16_jc_ctrl_63.tif,/work/users/b/e/behnamie/ecDNA_Data/bioimage_archive/dapi/snu16_jc_ctrl_63.tif,/work/users/b/e/behnamie/ecDNA_Data/bioimage_archive/roi_mask/snu16_jc_ctrl_63.png,/work/users/b/e/behnamie/ecDNA_Data/bioimage_archive/gt_image/snu16_jc_ctrl_63.tif
snu16_jc_ctrl_65,SNU16,train,train,True,True,False,False,1,rgb/snu16_jc_ctrl_65.tif,dapi/snu16_jc_ctrl_65.tif,roi_mask/snu16_jc_ctrl_65.png,gt_image/snu16_jc_ctrl_65.tif,,413,417,True,True,True,True,snu16_jc_ctrl_65.tif,snu16_jc_ctrl_65.tif,snu16_jc_ctrl_65.png,snu16_jc_ctrl_65.tif,,/work/users/b/e/behnamie/ecDNA_Data/bioimage_archive/rgb/snu16_jc_ctrl_65.tif,/work/users/b/e/behnamie/ecDNA_Data/bioimage_archive/dapi/snu16_jc_ctrl_65.tif,/work/users/b/e/behnamie/ecDNA_Data/bioimage_archive/roi_mask/snu16_jc_ctrl_65.png,/work/users/b/e/behnamie/ecDNA_Data/bioimage_archive/gt_image/snu16_jc_ctrl_65.tif
snu16_jc_ctrl_67,SNU16,train,train,True,True,False,False,1,rgb/snu16_jc_ctrl_67.tif,dapi/snu16_jc_ctrl_67.tif,roi_mask/snu16_jc_ctrl_67.png,gt_image/snu16_jc_ctrl_67.tif,,267,271,True,True,True,True,snu16_jc_ctrl_67.tif,snu16_jc_ctrl_67.tif,snu16_jc_ctrl_67.png,snu16_jc_ctrl_67.tif,,/work/users/b/e/behnamie/ecDNA_Data/bioimage_archive/rgb/snu16_jc_ctrl_67.tif,/work/users/b/e/behnamie/ecDNA_Data/bioimage_archive/dapi/snu16_jc_ctrl_67.tif,/work/users/b/e/behnamie/ecDNA_Data/bioimage_archive/roi_mask/snu16_jc_ctrl_67.png,/work/users/b/e/behnamie/ecDNA_Data/bioimage_archive/gt_image/snu16_jc_ctrl_67.tif
snu16_jc_ctrl_76,SNU16,train,train,True,True,False,False,1,rgb/snu16_jc_ctrl_76.tif,dapi/snu16_jc_ctrl_76.tif,roi_mask/snu16_jc_ctrl_76.png,gt_image/snu16_jc_ctrl_76.tif,,148,152,True,True,True,True,snu16_jc_ctrl_76.tif,snu16_jc_ctrl_76.tif,snu16_jc_ctrl_76.png,snu16_jc_ctrl_76.tif,,/work/users/b/e/behnamie/ecDNA_Data/bioimage_archive/rgb/snu16_jc_ctrl_76.tif,/work/users/b/e/behnamie/ecDNA_Data/bioimage_archive/dapi/snu16_jc_ctrl_76.tif,/work/users/b/e/behnamie/ecDNA_Data/bioimage_archive/roi_mask/snu16_jc_ctrl_76.png,/work/users/b/e/behnamie/ecDNA_Data/bioimage_archive/gt_image/snu16_jc_ctrl_76.tif
snu16_jc_ctrl_78,SNU16,train,train,True,True,False,False,1,rgb/snu16_jc_ctrl_78.tif,dapi/snu16_jc_ctrl_78.tif,roi_mask/snu16_jc_ctrl_78.png,gt_image/snu16_jc_ctrl_78.tif,,144,148,True,True,True,True,snu16_jc_ctrl_78.tif,snu16_jc_ctrl_78.tif,snu16_jc_ctrl_78.png,snu16_jc_ctrl_78.tif,,/work/users/b/e/behnamie/ecDNA_Data/bioimage_archive/rgb/snu16_jc_ctrl_78.tif,/work/users/b/e/behnamie/ecDNA_Data/bioimage_archive/dapi/snu16_jc_ctrl_78.tif,/work/users/b/e/behnamie/ecDNA_Data/bioimage_archive/roi_mask/snu16_jc_ctrl_78.png,/work/users/b/e/behnamie/ecDNA_Data/bioimage_archive/gt_image/snu16_jc_ctrl_78.tif
snu16_jc_ctrl_79,SNU16,train,train,True,True,False,False,1,rgb/snu16_jc_ctrl_79.tif,dapi/snu16_jc_ctrl_79.tif,roi_mask/snu16_jc_ctrl_79.png,gt_image/snu16_jc_ctrl_79.tif,,289,292,True,True,True,True,snu16_jc_ctrl_79.tif,snu16_jc_ctrl_79.tif,snu16_jc_ctrl_79.png,snu16_jc_ctrl_79.tif,,/work/users/b/e/behnamie/ecDNA_Data/bioimage_archive/rgb/snu16_jc_ctrl_79.tif,/work/users/b/e/behnamie/ecDNA_Data/bioimage_archive/dapi/snu16_jc_ctrl_79.tif,/work/users/b/e/behnamie/ecDNA_Data/bioimage_archive/roi_mask/snu16_jc_ctrl_79.png,/work/users/b/e/behnamie/ecDNA_Data/bioimage_archive/gt_image/snu16_jc_ctrl_79.tif
snu16_jc_ctrl_84,SNU16,train,train,True,True,False,False,1,rgb/snu16_jc_ctrl_84.tif,dapi/snu16_jc_ctrl_84.tif,roi_mask/snu16_jc_ctrl_84.png,gt_image/snu16_jc_ctrl_84.tif,,212,221,True,True,True,True,snu16_jc_ctrl_84.tif,snu16_jc_ctrl_84.tif,snu16_jc_ctrl_84.png,snu16_jc_ctrl_84.tif,,/work/users/b/e/behnamie/ecDNA_Data/bioimage_archive/rgb/snu16_jc_ctrl_84.tif,/work/users/b/e/behnamie/ecDNA_Data/bioimage_archive/dapi/snu16_jc_ctrl_84.tif,/work/users/b/e/behnamie/ecDNA_Data/bioimage_archive/roi_mask/snu16_jc_ctrl_84.png,/work/users/b/e/behnamie/ecDNA_Data/bioimage_archive/gt_image/snu16_jc_ctrl_84.tif
snu16_jc_ctrl_86,SNU16,train,train,True,True,False,False,1,rgb/snu16_jc_ctrl_86.tif,dapi/snu16_jc_ctrl_86.tif,roi_mask/snu16_jc_ctrl_86.png,gt_image/snu16_jc_ctrl_86.tif,,227,227,True,True,True,True,snu16_jc_ctrl_86.tif,snu16_jc_ctrl_86.tif,snu16_jc_ctrl_86.png,snu16_jc_ctrl_86.tif,,/work/users/b/e/behnamie/ecDNA_Data/bioimage_archive/rgb/snu16_jc_ctrl_86.tif,/work/users/b/e/behnamie/ecDNA_Data/bioimage_archive/dapi/snu16_jc_ctrl_86.tif,/work/users/b/e/behnamie/ecDNA_Data/bioimage_archive/roi_mask/snu16_jc_ctrl_86.png,/work/users/b/e/behnamie/ecDNA_Data/bioimage_archive/gt_image/snu16_jc_ctrl_86.tif
snu16_jc_ctrl_87,SNU16,train,train,True,True,False,False,1,rgb/snu16_jc_ctrl_87.tif,dapi/snu16_jc_ctrl_87.tif,roi_mask/snu16_jc_ctrl_87.png,gt_image/snu16_jc_ctrl_87.tif,,241,241,True,True,True,True,snu16_jc_ctrl_87.tif,snu16_jc_ctrl_87.tif,snu16_jc_ctrl_87.png,snu16_jc_ctrl_87.tif,,/work/users/b/e/behnamie/ecDNA_Data/bioimage_archive/rgb/snu16_jc_ctrl_87.tif,/work/users/b/e/behnamie/ecDNA_Data/bioimage_archive/dapi/snu16_jc_ctrl_87.tif,/work/users/b/e/behnamie/ecDNA_Data/bioimage_archive/roi_mask/snu16_jc_ctrl_87.png,/work/users/b/e/behnamie/ecDNA_Data/bioimage_archive/gt_image/snu16_jc_ctrl_87.tif
snu16_jc_ctrl_89,SNU16,train,train,True,True,False,False,1,rgb/snu16_jc_ctrl_89.tif,dapi/snu16_jc_ctrl_89.tif,roi_mask/snu16_jc_ctrl_89.png,gt_image/snu16_jc_ctrl_89.tif,,303,313,True,True,True,True,snu16_jc_ctrl_89.tif,snu16_jc_ctrl_89.tif,snu16_jc_ctrl_89.png,snu16_jc_ctrl_89.tif,,/work/users/b/e/behnamie/ecDNA_Data/bioimage_archive/rgb/snu16_jc_ctrl_89.tif,/work/users/b/e/behnamie/ecDNA_Data/bioimage_archive/dapi/snu16_jc_ctrl_89.tif,/work/users/b/e/behnamie/ecDNA_Data/bioimage_archive/roi_mask/snu16_jc_ctrl_89.png,/work/users/b/e/behnamie/ecDNA_Data/bioimage_archive/gt_image/snu16_jc_ctrl_89.tif
snu16_jc_ctrl_95,SNU16,train,train,True,True,False,False,1,rgb/snu16_jc_ctrl_95.tif,dapi/snu16_jc_ctrl_95.tif,roi_mask/snu16_jc_ctrl_95.png,gt_image/snu16_jc_ctrl_95.tif,,664,667,True,True,True,True,snu16_jc_ctrl_95.tif,snu16_jc_ctrl_95.tif,snu16_jc_ctrl_95.png,snu16_jc_ctrl_95.tif,,/work/users/b/e/behnamie/ecDNA_Data/bioimage_archive/rgb/snu16_jc_ctrl_95.tif,/work/users/b/e/behnamie/ecDNA_Data/bioimage_archive/dapi/snu16_jc_ctrl_95.tif,/work/users/b/e/behnamie/ecDNA_Data/bioimage_archive/roi_mask/snu16_jc_ctrl_95.png,/work/users/b/e/behnamie/ecDNA_Data/bioimage_archive/gt_image/snu16_jc_ctrl_95.tif
snu16_jc_ctrl_98,SNU16,train,train,True,True,False,False,1,rgb/snu16_jc_ctrl_98.tif,dapi/snu16_jc_ctrl_98.tif,roi_mask/snu16_jc_ctrl_98.png,gt_image/snu16_jc_ctrl_98.tif,,459,463,True,True,True,True,snu16_jc_ctrl_98.tif,snu16_jc_ctrl_98.tif,snu16_jc_ctrl_98.png,snu16_jc_ctrl_98.tif,,/work/users/b/e/behnamie/ecDNA_Data/bioimage_archive/rgb/snu16_jc_ctrl_98.tif,/work/users/b/e/behnamie/ecDNA_Data/bioimage_archive/dapi/snu16_jc_ctrl_98.tif,/work/users/b/e/behnamie/ecDNA_Data/bioimage_archive/roi_mask/snu16_jc_ctrl_98.png,/work/users/b/e/behnamie/ecDNA_Data/bioimage_archive/gt_image/snu16_jc_ctrl_98.tif
snu16_jc_jq1_ic50_24h_10,SNU16,train,train,True,True,False,False,1,rgb/snu16_jc_jq1_ic50_24h_10.tif,dapi/snu16_jc_jq1_ic50_24h_10.tif,roi_mask/snu16_jc_jq1_ic50_24h_10.png,gt_image/snu16_jc_jq1_ic50_24h_10.tif,,228,228,True,True,True,True,snu16_jc_jq1_ic50_24h_10.tif,snu16_jc_jq1_ic50_24h_10.tif,snu16_jc_jq1_ic50_24h_10.png,snu16_jc_jq1_ic50_24h_10.tif,,/work/users/b/e/behnamie/ecDNA_Data/bioimage_archive/rgb/snu16_jc_jq1_ic50_24h_10.tif,/work/users/b/e/behnamie/ecDNA_Data/bioimage_archive/dapi/snu16_jc_jq1_ic50_24h_10.tif,/work/users/b/e/behnamie/ecDNA_Data/bioimage_archive/roi_mask/snu16_jc_jq1_ic50_24h_10.png,/work/users/b/e/behnamie/ecDNA_Data/bioimage_archive/gt_image/snu16_jc_jq1_ic50_24h_10.tif
snu16_jc_jq1_ic50_24h_100,SNU16,train,train,True,True,False,False,1,rgb/snu16_jc_jq1_ic50_24h_100.tif,dapi/snu16_jc_jq1_ic50_24h_100.tif,roi_mask/snu16_jc_jq1_ic50_24h_100.png,gt_image/snu16_jc_jq1_ic50_24h_100.tif,,97,99,True,True,True,True,snu16_jc_jq1_ic50_24h_100.tif,snu16_jc_jq1_ic50_24h_100.tif,snu16_jc_jq1_ic50_24h_100.png,snu16_jc_jq1_ic50_24h_100.tif,,/work/users/b/e/behnamie/ecDNA_Data/bioimage_archive/rgb/snu16_jc_jq1_ic50_24h_100.tif,/work/users/b/e/behnamie/ecDNA_Data/bioimage_archive/dapi/snu16_jc_jq1_ic50_24h_100.tif,/work/users/b/e/behnamie/ecDNA_Data/bioimage_archive/roi_mask/snu16_jc_jq1_ic50_24h_100.png,/work/users/b/e/behnamie/ecDNA_Data/bioimage_archive/gt_image/snu16_jc_jq1_ic50_24h_100.tif
snu16_jc_jq1_ic50_24h_104,SNU16,train,train,True,True,False,False,1,rgb/snu16_jc_jq1_ic50_24h_104.tif,dapi/snu16_jc_jq1_ic50_24h_104.tif,roi_mask/snu16_jc_jq1_ic50_24h_104.png,gt_image/snu16_jc_jq1_ic50_24h_104.tif,,481,481,True,True,True,True,snu16_jc_jq1_ic50_24h_104.tif,snu16_jc_jq1_ic50_24h_104.tif,snu16_jc_jq1_ic50_24h_104.png,snu16_jc_jq1_ic50_24h_104.tif,,/work/users/b/e/behnamie/ecDNA_Data/bioimage_archive/rgb/snu16_jc_jq1_ic50_24h_104.tif,/work/users/b/e/behnamie/ecDNA_Data/bioimage_archive/dapi/snu16_jc_jq1_ic50_24h_104.tif,/work/users/b/e/behnamie/ecDNA_Data/bioimage_archive/roi_mask/snu16_jc_jq1_ic50_24h_104.png,/work/users/b/e/behnamie/ecDNA_Data/bioimage_archive/gt_image/snu16_jc_jq1_ic50_24h_104.tif
snu16_jc_jq1_ic50_24h_109,SNU16,train,train,True,True,False,False,1,rgb/snu16_jc_jq1_ic50_24h_109.tif,dapi/snu16_jc_jq1_ic50_24h_109.tif,roi_mask/snu16_jc_jq1_ic50_24h_109.png,gt_image/snu16_jc_jq1_ic50_24h_109.tif,,261,261,True,True,True,True,snu16_jc_jq1_ic50_24h_109.tif,snu16_jc_jq1_ic50_24h_109.tif,snu16_jc_jq1_ic50_24h_109.png,snu16_jc_jq1_ic50_24h_109.tif,,/work/users/b/e/behnamie/ecDNA_Data/bioimage_archive/rgb/snu16_jc_jq1_ic50_24h_109.tif,/work/users/b/e/behnamie/ecDNA_Data/bioimage_archive/dapi/snu16_jc_jq1_ic50_24h_109.tif,/work/users/b/e/behnamie/ecDNA_Data/bioimage_archive/roi_mask/snu16_jc_jq1_ic50_24h_109.png,/work/users/b/e/behnamie/ecDNA_Data/bioimage_archive/gt_image/snu16_jc_jq1_ic50_24h_109.tif
snu16_jc_jq1_ic50_24h_115,SNU16,train,train,True,True,False,False,1,rgb/snu16_jc_jq1_ic50_24h_115.tif,dapi/snu16_jc_jq1_ic50_24h_115.tif,roi_mask/snu16_jc_jq1_ic50_24h_115.png,gt_image/snu16_jc_jq1_ic50_24h_115.tif,,230,231,True,True,True,True,snu16_jc_jq1_ic50_24h_115.tif,snu16_jc_jq1_ic50_24h_115.tif,snu16_jc_jq1_ic50_24h_115.png,snu16_jc_jq1_ic50_24h_115.tif,,/work/users/b/e/behnamie/ecDNA_Data/bioimage_archive/rgb/snu16_jc_jq1_ic50_24h_115.tif,/work/users/b/e/behnamie/ecDNA_Data/bioimage_archive/dapi/snu16_jc_jq1_ic50_24h_115.tif,/work/users/b/e/behnamie/ecDNA_Data/bioimage_archive/roi_mask/snu16_jc_jq1_ic50_24h_115.png,/work/users/b/e/behnamie/ecDNA_Data/bioimage_archive/gt_image/snu16_jc_jq1_ic50_24h_115.tif
snu16_jc_jq1_ic50_24h_117,SNU16,train,train,True,True,False,False,1,rgb/snu16_jc_jq1_ic50_24h_117.tif,dapi/snu16_jc_jq1_ic50_24h_117.tif,roi_mask/snu16_jc_jq1_ic50_24h_117.png,gt_image/snu16_jc_jq1_ic50_24h_117.tif,,118,118,True,True,True,True,snu16_jc_jq1_ic50_24h_117.tif,snu16_jc_jq1_ic50_24h_117.tif,snu16_jc_jq1_ic50_24h_117.png,snu16_jc_jq1_ic50_24h_117.tif,,/work/users/b/e/behnamie/ecDNA_Data/bioimage_archive/rgb/snu16_jc_jq1_ic50_24h_117.tif,/work/users/b/e/behnamie/ecDNA_Data/bioimage_archive/dapi/snu16_jc_jq1_ic50_24h_117.tif,/work/users/b/e/behnamie/ecDNA_Data/bioimage_archive/roi_mask/snu16_jc_jq1_ic50_24h_117.png,/work/users/b/e/behnamie/ecDNA_Data/bioimage_archive/gt_image/snu16_jc_jq1_ic50_24h_117.tif
snu16_jc_jq1_ic50_24h_128,SNU16,train,train,True,True,False,False,1,rgb/snu16_jc_jq1_ic50_24h_128.tif,dapi/snu16_jc_jq1_ic50_24h_128.tif,roi_mask/snu16_jc_jq1_ic50_24h_128.png,gt_image/snu16_jc_jq1_ic50_24h_128.tif,,77,77,True,True,True,True,snu16_jc_jq1_ic50_24h_128.tif,snu16_jc_jq1_ic50_24h_128.tif,snu16_jc_jq1_ic50_24h_128.png,snu16_jc_jq1_ic50_24h_128.tif,,/work/users/b/e/behnamie/ecDNA_Data/bioimage_archive/rgb/snu16_jc_jq1_ic50_24h_128.tif,/work/users/b/e/behnamie/ecDNA_Data/bioimage_archive/dapi/snu16_jc_jq1_ic50_24h_128.tif,/work/users/b/e/behnamie/ecDNA_Data/bioimage_archive/roi_mask/snu16_jc_jq1_ic50_24h_128.png,/work/users/b/e/behnamie/ecDNA_Data/bioimage_archive/gt_image/snu16_jc_jq1_ic50_24h_128.tif
snu16_jc_jq1_ic50_24h_2,SNU16,train,train,True,True,False,False,1,rgb/snu16_jc_jq1_ic50_24h_2.tif,dapi/snu16_jc_jq1_ic50_24h_2.tif,roi_mask/snu16_jc_jq1_ic50_24h_2.png,gt_image/snu16_jc_jq1_ic50_24h_2.tif,,110,110,True,True,True,True,snu16_jc_jq1_ic50_24h_2.tif,snu16_jc_jq1_ic50_24h_2.tif,snu16_jc_jq1_ic50_24h_2.png,snu16_jc_jq1_ic50_24h_2.tif,,/work/users/b/e/behnamie/ecDNA_Data/bioimage_archive/rgb/snu16_jc_jq1_ic50_24h_2.tif,/work/users/b/e/behnamie/ecDNA_Data/bioimage_archive/dapi/snu16_jc_jq1_ic50_24h_2.tif,/work/users/b/e/behnamie/ecDNA_Data/bioimage_archive/roi_mask/snu16_jc_jq1_ic50_24h_2.png,/work/users/b/e/behnamie/ecDNA_Data/bioimage_archive/gt_image/snu16_jc_jq1_ic50_24h_2.tif
snu16_jc_jq1_ic50_24h_21,SNU16,train,train,True,True,False,False,1,rgb/snu16_jc_jq1_ic50_24h_21.tif,dapi/snu16_jc_jq1_ic50_24h_21.tif,roi_mask/snu16_jc_jq1_ic50_24h_21.png,gt_image/snu16_jc_jq1_ic50_24h_21.tif,,172,173,True,True,True,True,snu16_jc_jq1_ic50_24h_21.tif,snu16_jc_jq1_ic50_24h_21.tif,snu16_jc_jq1_ic50_24h_21.png,snu16_jc_jq1_ic50_24h_21.tif,,/work/users/b/e/behnamie/ecDNA_Data/bioimage_archive/rgb/snu16_jc_jq1_ic50_24h_21.tif,/work/users/b/e/behnamie/ecDNA_Data/bioimage_archive/dapi/snu16_jc_jq1_ic50_24h_21.tif,/work/users/b/e/behnamie/ecDNA_Data/bioimage_archive/roi_mask/snu16_jc_jq1_ic50_24h_21.png,/work/users/b/e/behnamie/ecDNA_Data/bioimage_archive/gt_image/snu16_jc_jq1_ic50_24h_21.tif
snu16_jc_jq1_ic50_24h_26,SNU16,train,train,True,True,False,False,1,rgb/snu16_jc_jq1_ic50_24h_26.tif,dapi/snu16_jc_jq1_ic50_24h_26.tif,roi_mask/snu16_jc_jq1_ic50_24h_26.png,gt_image/snu16_jc_jq1_ic50_24h_26.tif,,301,301,True,True,True,True,snu16_jc_jq1_ic50_24h_26.tif,snu16_jc_jq1_ic50_24h_26.tif,snu16_jc_jq1_ic50_24h_26.png,snu16_jc_jq1_ic50_24h_26.tif,,/work/users/b/e/behnamie/ecDNA_Data/bioimage_archive/rgb/snu16_jc_jq1_ic50_24h_26.tif,/work/users/b/e/behnamie/ecDNA_Data/bioimage_archive/dapi/snu16_jc_jq1_ic50_24h_26.tif,/work/users/b/e/behnamie/ecDNA_Data/bioimage_archive/roi_mask/snu16_jc_jq1_ic50_24h_26.png,/work/users/b/e/behnamie/ecDNA_Data/bioimage_archive/gt_image/snu16_jc_jq1_ic50_24h_26.tif
snu16_jc_jq1_ic50_24h_28,SNU16,train,train,True,True,False,False,1,rgb/snu16_jc_jq1_ic50_24h_28.tif,dapi/snu16_jc_jq1_ic50_24h_28.tif,roi_mask/snu16_jc_jq1_ic50_24h_28.png,gt_image/snu16_jc_jq1_ic50_24h_28.tif,,433,442,True,True,True,True,snu16_jc_jq1_ic50_24h_28.tif,snu16_jc_jq1_ic50_24h_28.tif,snu16_jc_jq1_ic50_24h_28.png,snu16_jc_jq1_ic50_24h_28.tif,,/work/users/b/e/behnamie/ecDNA_Data/bioimage_archive/rgb/snu16_jc_jq1_ic50_24h_28.tif,/work/users/b/e/behnamie/ecDNA_Data/bioimage_archive/dapi/snu16_jc_jq1_ic50_24h_28.tif,/work/users/b/e/behnamie/ecDNA_Data/bioimage_archive/roi_mask/snu16_jc_jq1_ic50_24h_28.png,/work/users/b/e/behnamie/ecDNA_Data/bioimage_archive/gt_image/snu16_jc_jq1_ic50_24h_28.tif
snu16_jc_jq1_ic50_24h_29,SNU16,train,train,True,True,False,False,1,rgb/snu16_jc_jq1_ic50_24h_29.tif,dapi/snu16_jc_jq1_ic50_24h_29.tif,roi_mask/snu16_jc_jq1_ic50_24h_29.png,gt_image/snu16_jc_jq1_ic50_24h_29.tif,,286,288,True,True,True,True,snu16_jc_jq1_ic50_24h_29.tif,snu16_jc_jq1_ic50_24h_29.tif,snu16_jc_jq1_ic50_24h_29.png,snu16_jc_jq1_ic50_24h_29.tif,,/work/users/b/e/behnamie/ecDNA_Data/bioimage_archive/rgb/snu16_jc_jq1_ic50_24h_29.tif,/work/users/b/e/behnamie/ecDNA_Data/bioimage_archive/dapi/snu16_jc_jq1_ic50_24h_29.tif,/work/users/b/e/behnamie/ecDNA_Data/bioimage_archive/roi_mask/snu16_jc_jq1_ic50_24h_29.png,/work/users/b/e/behnamie/ecDNA_Data/bioimage_archive/gt_image/snu16_jc_jq1_ic50_24h_29.tif
snu16_jc_jq1_ic50_24h_33_a,SNU16,train,train,True,True,False,False,1,rgb/snu16_jc_jq1_ic50_24h_33_a.tif,dapi/snu16_jc_jq1_ic50_24h_33_a.tif,roi_mask/snu16_jc_jq1_ic50_24h_33_a.png,gt_image/snu16_jc_jq1_ic50_24h_33_a.tif,,527,535,True,True,True,True,snu16_jc_jq1_ic50_24h_33_a.tif,snu16_jc_jq1_ic50_24h_33_a.tif,snu16_jc_jq1_ic50_24h_33_a.png,snu16_jc_jq1_ic50_24h_33_a.tif,,/work/users/b/e/behnamie/ecDNA_Data/bioimage_archive/rgb/snu16_jc_jq1_ic50_24h_33_a.tif,/work/users/b/e/behnamie/ecDNA_Data/bioimage_archive/dapi/snu16_jc_jq1_ic50_24h_33_a.tif,/work/users/b/e/behnamie/ecDNA_Data/bioimage_archive/roi_mask/snu16_jc_jq1_ic50_24h_33_a.png,/work/users/b/e/behnamie/ecDNA_Data/bioimage_archive/gt_image/snu16_jc_jq1_ic50_24h_33_a.tif
snu16_jc_jq1_ic50_24h_45,SNU16,train,train,True,True,False,False,1,rgb/snu16_jc_jq1_ic50_24h_45.tif,dapi/snu16_jc_jq1_ic50_24h_45.tif,roi_mask/snu16_jc_jq1_ic50_24h_45.png,gt_image/snu16_jc_jq1_ic50_24h_45.tif,,374,374,True,True,True,True,snu16_jc_jq1_ic50_24h_45.tif,snu16_jc_jq1_ic50_24h_45.tif,snu16_jc_jq1_ic50_24h_45.png,snu16_jc_jq1_ic50_24h_45.tif,,/work/users/b/e/behnamie/ecDNA_Data/bioimage_archive/rgb/snu16_jc_jq1_ic50_24h_45.tif,/work/users/b/e/behnamie/ecDNA_Data/bioimage_archive/dapi/snu16_jc_jq1_ic50_24h_45.tif,/work/users/b/e/behnamie/ecDNA_Data/bioimage_archive/roi_mask/snu16_jc_jq1_ic50_24h_45.png,/work/users/b/e/behnamie/ecDNA_Data/bioimage_archive/gt_image/snu16_jc_jq1_ic50_24h_45.tif
snu16_jc_jq1_ic50_24h_5,SNU16,train,train,True,True,False,False,1,rgb/snu16_jc_jq1_ic50_24h_5.tif,dapi/snu16_jc_jq1_ic50_24h_5.tif,roi_mask/snu16_jc_jq1_ic50_24h_5.png,gt_image/snu16_jc_jq1_ic50_24h_5.tif,,434,436,True,True,True,True,snu16_jc_jq1_ic50_24h_5.tif,snu16_jc_jq1_ic50_24h_5.tif,snu16_jc_jq1_ic50_24h_5.png,snu16_jc_jq1_ic50_24h_5.tif,,/work/users/b/e/behnamie/ecDNA_Data/bioimage_archive/rgb/snu16_jc_jq1_ic50_24h_5.tif,/work/users/b/e/behnamie/ecDNA_Data/bioimage_archive/dapi/snu16_jc_jq1_ic50_24h_5.tif,/work/users/b/e/behnamie/ecDNA_Data/bioimage_archive/roi_mask/snu16_jc_jq1_ic50_24h_5.png,/work/users/b/e/behnamie/ecDNA_Data/bioimage_archive/gt_image/snu16_jc_jq1_ic50_24h_5.tif
snu16_jc_jq1_ic50_24h_52,SNU16,train,train,True,True,False,False,1,rgb/snu16_jc_jq1_ic50_24h_52.tif,dapi/snu16_jc_jq1_ic50_24h_52.tif,roi_mask/snu16_jc_jq1_ic50_24h_52.png,gt_image/snu16_jc_jq1_ic50_24h_52.tif,,279,282,True,True,True,True,snu16_jc_jq1_ic50_24h_52.tif,snu16_jc_jq1_ic50_24h_52.tif,snu16_jc_jq1_ic50_24h_52.png,snu16_jc_jq1_ic50_24h_52.tif,,/work/users/b/e/behnamie/ecDNA_Data/bioimage_archive/rgb/snu16_jc_jq1_ic50_24h_52.tif,/work/users/b/e/behnamie/ecDNA_Data/bioimage_archive/dapi/snu16_jc_jq1_ic50_24h_52.tif,/work/users/b/e/behnamie/ecDNA_Data/bioimage_archive/roi_mask/snu16_jc_jq1_ic50_24h_52.png,/work/users/b/e/behnamie/ecDNA_Data/bioimage_archive/gt_image/snu16_jc_jq1_ic50_24h_52.tif
snu16_jc_jq1_ic50_24h_57,SNU16,train,train,True,True,False,False,1,rgb/snu16_jc_jq1_ic50_24h_57.tif,dapi/snu16_jc_jq1_ic50_24h_57.tif,roi_mask/snu16_jc_jq1_ic50_24h_57.png,gt_image/snu16_jc_jq1_ic50_24h_57.tif,,101,101,True,True,True,True,snu16_jc_jq1_ic50_24h_57.tif,snu16_jc_jq1_ic50_24h_57.tif,snu16_jc_jq1_ic50_24h_57.png,snu16_jc_jq1_ic50_24h_57.tif,,/work/users/b/e/behnamie/ecDNA_Data/bioimage_archive/rgb/snu16_jc_jq1_ic50_24h_57.tif,/work/users/b/e/behnamie/ecDNA_Data/bioimage_archive/dapi/snu16_jc_jq1_ic50_24h_57.tif,/work/users/b/e/behnamie/ecDNA_Data/bioimage_archive/roi_mask/snu16_jc_jq1_ic50_24h_57.png,/work/users/b/e/behnamie/ecDNA_Data/bioimage_archive/gt_image/snu16_jc_jq1_ic50_24h_57.tif
snu16_jc_jq1_ic50_24h_6,SNU16,train,train,True,True,False,False,1,rgb/snu16_jc_jq1_ic50_24h_6.tif,dapi/snu16_jc_jq1_ic50_24h_6.tif,roi_mask/snu16_jc_jq1_ic50_24h_6.png,gt_image/snu16_jc_jq1_ic50_24h_6.tif,,313,315,True,True,True,True,snu16_jc_jq1_ic50_24h_6.tif,snu16_jc_jq1_ic50_24h_6.tif,snu16_jc_jq1_ic50_24h_6.png,snu16_jc_jq1_ic50_24h_6.tif,,/work/users/b/e/behnamie/ecDNA_Data/bioimage_archive/rgb/snu16_jc_jq1_ic50_24h_6.tif,/work/users/b/e/behnamie/ecDNA_Data/bioimage_archive/dapi/snu16_jc_jq1_ic50_24h_6.tif,/work/users/b/e/behnamie/ecDNA_Data/bioimage_archive/roi_mask/snu16_jc_jq1_ic50_24h_6.png,/work/users/b/e/behnamie/ecDNA_Data/bioimage_archive/gt_image/snu16_jc_jq1_ic50_24h_6.tif
snu16_jc_jq1_ic50_24h_61_a,SNU16,train,train,True,True,False,False,1,rgb/snu16_jc_jq1_ic50_24h_61_a.tif,dapi/snu16_jc_jq1_ic50_24h_61_a.tif,roi_mask/snu16_jc_jq1_ic50_24h_61_a.png,gt_image/snu16_jc_jq1_ic50_24h_61_a.tif,,112,112,True,True,True,True,snu16_jc_jq1_ic50_24h_61_a.tif,snu16_jc_jq1_ic50_24h_61_a.tif,snu16_jc_jq1_ic50_24h_61_a.png,snu16_jc_jq1_ic50_24h_61_a.tif,,/work/users/b/e/behnamie/ecDNA_Data/bioimage_archive/rgb/snu16_jc_jq1_ic50_24h_61_a.tif,/work/users/b/e/behnamie/ecDNA_Data/bioimage_archive/dapi/snu16_jc_jq1_ic50_24h_61_a.tif,/work/users/b/e/behnamie/ecDNA_Data/bioimage_archive/roi_mask/snu16_jc_jq1_ic50_24h_61_a.png,/work/users/b/e/behnamie/ecDNA_Data/bioimage_archive/gt_image/snu16_jc_jq1_ic50_24h_61_a.tif
snu16_jc_jq1_ic50_24h_68,SNU16,train,train,True,True,False,False,1,rgb/snu16_jc_jq1_ic50_24h_68.tif,dapi/snu16_jc_jq1_ic50_24h_68.tif,roi_mask/snu16_jc_jq1_ic50_24h_68.png,gt_image/snu16_jc_jq1_ic50_24h_68.tif,,313,319,True,True,True,True,snu16_jc_jq1_ic50_24h_68.tif,snu16_jc_jq1_ic50_24h_68.tif,snu16_jc_jq1_ic50_24h_68.png,snu16_jc_jq1_ic50_24h_68.tif,,/work/users/b/e/behnamie/ecDNA_Data/bioimage_archive/rgb/snu16_jc_jq1_ic50_24h_68.tif,/work/users/b/e/behnamie/ecDNA_Data/bioimage_archive/dapi/snu16_jc_jq1_ic50_24h_68.tif,/work/users/b/e/behnamie/ecDNA_Data/bioimage_archive/roi_mask/snu16_jc_jq1_ic50_24h_68.png,/work/users/b/e/behnamie/ecDNA_Data/bioimage_archive/gt_image/snu16_jc_jq1_ic50_24h_68.tif
snu16_jc_jq1_ic50_24h_69,SNU16,train,train,True,True,False,False,1,rgb/snu16_jc_jq1_ic50_24h_69.tif,dapi/snu16_jc_jq1_ic50_24h_69.tif,roi_mask/snu16_jc_jq1_ic50_24h_69.png,gt_image/snu16_jc_jq1_ic50_24h_69.tif,,444,444,True,True,True,True,snu16_jc_jq1_ic50_24h_69.tif,snu16_jc_jq1_ic50_24h_69.tif,snu16_jc_jq1_ic50_24h_69.png,snu16_jc_jq1_ic50_24h_69.tif,,/work/users/b/e/behnamie/ecDNA_Data/bioimage_archive/rgb/snu16_jc_jq1_ic50_24h_69.tif,/work/users/b/e/behnamie/ecDNA_Data/bioimage_archive/dapi/snu16_jc_jq1_ic50_24h_69.tif,/work/users/b/e/behnamie/ecDNA_Data/bioimage_archive/roi_mask/snu16_jc_jq1_ic50_24h_69.png,/work/users/b/e/behnamie/ecDNA_Data/bioimage_archive/gt_image/snu16_jc_jq1_ic50_24h_69.tif
snu16_jc_jq1_ic50_24h_70,SNU16,train,train,True,True,False,False,1,rgb/snu16_jc_jq1_ic50_24h_70.tif,dapi/snu16_jc_jq1_ic50_24h_70.tif,roi_mask/snu16_jc_jq1_ic50_24h_70.png,gt_image/snu16_jc_jq1_ic50_24h_70.tif,,242,246,True,True,True,True,snu16_jc_jq1_ic50_24h_70.tif,snu16_jc_jq1_ic50_24h_70.tif,snu16_jc_jq1_ic50_24h_70.png,snu16_jc_jq1_ic50_24h_70.tif,,/work/users/b/e/behnamie/ecDNA_Data/bioimage_archive/rgb/snu16_jc_jq1_ic50_24h_70.tif,/work/users/b/e/behnamie/ecDNA_Data/bioimage_archive/dapi/snu16_jc_jq1_ic50_24h_70.tif,/work/users/b/e/behnamie/ecDNA_Data/bioimage_archive/roi_mask/snu16_jc_jq1_ic50_24h_70.png,/work/users/b/e/behnamie/ecDNA_Data/bioimage_archive/gt_image/snu16_jc_jq1_ic50_24h_70.tif
snu16_jc_jq1_ic50_24h_72,SNU16,train,train,True,True,False,False,1,rgb/snu16_jc_jq1_ic50_24h_72.tif,dapi/snu16_jc_jq1_ic50_24h_72.tif,roi_mask/snu16_jc_jq1_ic50_24h_72.png,gt_image/snu16_jc_jq1_ic50_24h_72.tif,,368,371,True,True,True,True,snu16_jc_jq1_ic50_24h_72.tif,snu16_jc_jq1_ic50_24h_72.tif,snu16_jc_jq1_ic50_24h_72.png,snu16_jc_jq1_ic50_24h_72.tif,,/work/users/b/e/behnamie/ecDNA_Data/bioimage_archive/rgb/snu16_jc_jq1_ic50_24h_72.tif,/work/users/b/e/behnamie/ecDNA_Data/bioimage_archive/dapi/snu16_jc_jq1_ic50_24h_72.tif,/work/users/b/e/behnamie/ecDNA_Data/bioimage_archive/roi_mask/snu16_jc_jq1_ic50_24h_72.png,/work/users/b/e/behnamie/ecDNA_Data/bioimage_archive/gt_image/snu16_jc_jq1_ic50_24h_72.tif
snu16_jc_jq1_ic50_24h_75,SNU16,train,train,True,True,False,False,1,rgb/snu16_jc_jq1_ic50_24h_75.tif,dapi/snu16_jc_jq1_ic50_24h_75.tif,roi_mask/snu16_jc_jq1_ic50_24h_75.png,gt_image/snu16_jc_jq1_ic50_24h_75.tif,,394,395,True,True,True,True,snu16_jc_jq1_ic50_24h_75.tif,snu16_jc_jq1_ic50_24h_75.tif,snu16_jc_jq1_ic50_24h_75.png,snu16_jc_jq1_ic50_24h_75.tif,,/work/users/b/e/behnamie/ecDNA_Data/bioimage_archive/rgb/snu16_jc_jq1_ic50_24h_75.tif,/work/users/b/e/behnamie/ecDNA_Data/bioimage_archive/dapi/snu16_jc_jq1_ic50_24h_75.tif,/work/users/b/e/behnamie/ecDNA_Data/bioimage_archive/roi_mask/snu16_jc_jq1_ic50_24h_75.png,/work/users/b/e/behnamie/ecDNA_Data/bioimage_archive/gt_image/snu16_jc_jq1_ic50_24h_75.tif
snu16_jc_jq1_ic50_24h_76,SNU16,train,train,True,True,False,False,1,rgb/snu16_jc_jq1_ic50_24h_76.tif,dapi/snu16_jc_jq1_ic50_24h_76.tif,roi_mask/snu16_jc_jq1_ic50_24h_76.png,gt_image/snu16_jc_jq1_ic50_24h_76.tif,,101,101,True,True,True,True,snu16_jc_jq1_ic50_24h_76.tif,snu16_jc_jq1_ic50_24h_76.tif,snu16_jc_jq1_ic50_24h_76.png,snu16_jc_jq1_ic50_24h_76.tif,,/work/users/b/e/behnamie/ecDNA_Data/bioimage_archive/rgb/snu16_jc_jq1_ic50_24h_76.tif,/work/users/b/e/behnamie/ecDNA_Data/bioimage_archive/dapi/snu16_jc_jq1_ic50_24h_76.tif,/work/users/b/e/behnamie/ecDNA_Data/bioimage_archive/roi_mask/snu16_jc_jq1_ic50_24h_76.png,/work/users/b/e/behnamie/ecDNA_Data/bioimage_archive/gt_image/snu16_jc_jq1_ic50_24h_76.tif
snu16_jc_jq1_ic50_24h_8,SNU16,train,train,True,True,False,False,1,rgb/snu16_jc_jq1_ic50_24h_8.tif,dapi/snu16_jc_jq1_ic50_24h_8.tif,roi_mask/snu16_jc_jq1_ic50_24h_8.png,gt_image/snu16_jc_jq1_ic50_24h_8.tif,,663,672,True,True,True,True,snu16_jc_jq1_ic50_24h_8.tif,snu16_jc_jq1_ic50_24h_8.tif,snu16_jc_jq1_ic50_24h_8.png,snu16_jc_jq1_ic50_24h_8.tif,,/work/users/b/e/behnamie/ecDNA_Data/bioimage_archive/rgb/snu16_jc_jq1_ic50_24h_8.tif,/work/users/b/e/behnamie/ecDNA_Data/bioimage_archive/dapi/snu16_jc_jq1_ic50_24h_8.tif,/work/users/b/e/behnamie/ecDNA_Data/bioimage_archive/roi_mask/snu16_jc_jq1_ic50_24h_8.png,/work/users/b/e/behnamie/ecDNA_Data/bioimage_archive/gt_image/snu16_jc_jq1_ic50_24h_8.tif
snu16_jc_jq1_ic50_24h_81,SNU16,train,train,True,True,False,False,1,rgb/snu16_jc_jq1_ic50_24h_81.tif,dapi/snu16_jc_jq1_ic50_24h_81.tif,roi_mask/snu16_jc_jq1_ic50_24h_81.png,gt_image/snu16_jc_jq1_ic50_24h_81.tif,,142,142,True,True,True,True,snu16_jc_jq1_ic50_24h_81.tif,snu16_jc_jq1_ic50_24h_81.tif,snu16_jc_jq1_ic50_24h_81.png,snu16_jc_jq1_ic50_24h_81.tif,,/work/users/b/e/behnamie/ecDNA_Data/bioimage_archive/rgb/snu16_jc_jq1_ic50_24h_81.tif,/work/users/b/e/behnamie/ecDNA_Data/bioimage_archive/dapi/snu16_jc_jq1_ic50_24h_81.tif,/work/users/b/e/behnamie/ecDNA_Data/bioimage_archive/roi_mask/snu16_jc_jq1_ic50_24h_81.png,/work/users/b/e/behnamie/ecDNA_Data/bioimage_archive/gt_image/snu16_jc_jq1_ic50_24h_81.tif
snu16_jc_jq1_ic50_24h_87,SNU16,train,train,True,True,False,False,1,rgb/snu16_jc_jq1_ic50_24h_87.tif,dapi/snu16_jc_jq1_ic50_24h_87.tif,roi_mask/snu16_jc_jq1_ic50_24h_87.png,gt_image/snu16_jc_jq1_ic50_24h_87.tif,,225,225,True,True,True,True,snu16_jc_jq1_ic50_24h_87.tif,snu16_jc_jq1_ic50_24h_87.tif,snu16_jc_jq1_ic50_24h_87.png,snu16_jc_jq1_ic50_24h_87.tif,,/work/users/b/e/behnamie/ecDNA_Data/bioimage_archive/rgb/snu16_jc_jq1_ic50_24h_87.tif,/work/users/b/e/behnamie/ecDNA_Data/bioimage_archive/dapi/snu16_jc_jq1_ic50_24h_87.tif,/work/users/b/e/behnamie/ecDNA_Data/bioimage_archive/roi_mask/snu16_jc_jq1_ic50_24h_87.png,/work/users/b/e/behnamie/ecDNA_Data/bioimage_archive/gt_image/snu16_jc_jq1_ic50_24h_87.tif
snu16_jc_jq1_ic50_24h_88,SNU16,train,train,True,True,False,False,1,rgb/snu16_jc_jq1_ic50_24h_88.tif,dapi/snu16_jc_jq1_ic50_24h_88.tif,roi_mask/snu16_jc_jq1_ic50_24h_88.png,gt_image/snu16_jc_jq1_ic50_24h_88.tif,,57,57,True,True,True,True,snu16_jc_jq1_ic50_24h_88.tif,snu16_jc_jq1_ic50_24h_88.tif,snu16_jc_jq1_ic50_24h_88.png,snu16_jc_jq1_ic50_24h_88.tif,,/work/users/b/e/behnamie/ecDNA_Data/bioimage_archive/rgb/snu16_jc_jq1_ic50_24h_88.tif,/work/users/b/e/behnamie/ecDNA_Data/bioimage_archive/dapi/snu16_jc_jq1_ic50_24h_88.tif,/work/users/b/e/behnamie/ecDNA_Data/bioimage_archive/roi_mask/snu16_jc_jq1_ic50_24h_88.png,/work/users/b/e/behnamie/ecDNA_Data/bioimage_archive/gt_image/snu16_jc_jq1_ic50_24h_88.tif
snu16_jc_jq1_ic50_24h_89,SNU16,train,train,True,True,False,False,1,rgb/snu16_jc_jq1_ic50_24h_89.tif,dapi/snu16_jc_jq1_ic50_24h_89.tif,roi_mask/snu16_jc_jq1_ic50_24h_89.png,gt_image/snu16_jc_jq1_ic50_24h_89.tif,,203,203,True,True,True,True,snu16_jc_jq1_ic50_24h_89.tif,snu16_jc_jq1_ic50_24h_89.tif,snu16_jc_jq1_ic50_24h_89.png,snu16_jc_jq1_ic50_24h_89.tif,,/work/users/b/e/behnamie/ecDNA_Data/bioimage_archive/rgb/snu16_jc_jq1_ic50_24h_89.tif,/work/users/b/e/behnamie/ecDNA_Data/bioimage_archive/dapi/snu16_jc_jq1_ic50_24h_89.tif,/work/users/b/e/behnamie/ecDNA_Data/bioimage_archive/roi_mask/snu16_jc_jq1_ic50_24h_89.png,/work/users/b/e/behnamie/ecDNA_Data/bioimage_archive/gt_image/snu16_jc_jq1_ic50_24h_89.tif
snu16_jc_jq1_ic50_24h_90,SNU16,train,train,True,True,False,False,1,rgb/snu16_jc_jq1_ic50_24h_90.tif,dapi/snu16_jc_jq1_ic50_24h_90.tif,roi_mask/snu16_jc_jq1_ic50_24h_90.png,gt_image/snu16_jc_jq1_ic50_24h_90.tif,,141,141,True,True,True,True,snu16_jc_jq1_ic50_24h_90.tif,snu16_jc_jq1_ic50_24h_90.tif,snu16_jc_jq1_ic50_24h_90.png,snu16_jc_jq1_ic50_24h_90.tif,,/work/users/b/e/behnamie/ecDNA_Data/bioimage_archive/rgb/snu16_jc_jq1_ic50_24h_90.tif,/work/users/b/e/behnamie/ecDNA_Data/bioimage_archive/dapi/snu16_jc_jq1_ic50_24h_90.tif,/work/users/b/e/behnamie/ecDNA_Data/bioimage_archive/roi_mask/snu16_jc_jq1_ic50_24h_90.png,/work/users/b/e/behnamie/ecDNA_Data/bioimage_archive/gt_image/snu16_jc_jq1_ic50_24h_90.tif
snu16_jc_jq1_ic50_24h_91,SNU16,train,train,True,True,False,False,1,rgb/snu16_jc_jq1_ic50_24h_91.tif,dapi/snu16_jc_jq1_ic50_24h_91.tif,roi_mask/snu16_jc_jq1_ic50_24h_91.png,gt_image/snu16_jc_jq1_ic50_24h_91.tif,,111,111,True,True,True,True,snu16_jc_jq1_ic50_24h_91.tif,snu16_jc_jq1_ic50_24h_91.tif,snu16_jc_jq1_ic50_24h_91.png,snu16_jc_jq1_ic50_24h_91.tif,,/work/users/b/e/behnamie/ecDNA_Data/bioimage_archive/rgb/snu16_jc_jq1_ic50_24h_91.tif,/work/users/b/e/behnamie/ecDNA_Data/bioimage_archive/dapi/snu16_jc_jq1_ic50_24h_91.tif,/work/users/b/e/behnamie/ecDNA_Data/bioimage_archive/roi_mask/snu16_jc_jq1_ic50_24h_91.png,/work/users/b/e/behnamie/ecDNA_Data/bioimage_archive/gt_image/snu16_jc_jq1_ic50_24h_91.tif
snu16_jc_jq1_ic50_24h_94,SNU16,train,train,True,True,False,False,1,rgb/snu16_jc_jq1_ic50_24h_94.tif,dapi/snu16_jc_jq1_ic50_24h_94.tif,roi_mask/snu16_jc_jq1_ic50_24h_94.png,gt_image/snu16_jc_jq1_ic50_24h_94.tif,,141,141,True,True,True,True,snu16_jc_jq1_ic50_24h_94.tif,snu16_jc_jq1_ic50_24h_94.tif,snu16_jc_jq1_ic50_24h_94.png,snu16_jc_jq1_ic50_24h_94.tif,,/work/users/b/e/behnamie/ecDNA_Data/bioimage_archive/rgb/snu16_jc_jq1_ic50_24h_94.tif,/work/users/b/e/behnamie/ecDNA_Data/bioimage_archive/dapi/snu16_jc_jq1_ic50_24h_94.tif,/work/users/b/e/behnamie/ecDNA_Data/bioimage_archive/roi_mask/snu16_jc_jq1_ic50_24h_94.png,/work/users/b/e/behnamie/ecDNA_Data/bioimage_archive/gt_image/snu16_jc_jq1_ic50_24h_94.tif
snu16_jc_jq1_ic50_24h_97,SNU16,train,train,True,True,False,False,1,rgb/snu16_jc_jq1_ic50_24h_97.tif,dapi/snu16_jc_jq1_ic50_24h_97.tif,roi_mask/snu16_jc_jq1_ic50_24h_97.png,gt_image/snu16_jc_jq1_ic50_24h_97.tif,,157,160,True,True,True,True,snu16_jc_jq1_ic50_24h_97.tif,snu16_jc_jq1_ic50_24h_97.tif,snu16_jc_jq1_ic50_24h_97.png,snu16_jc_jq1_ic50_24h_97.tif,,/work/users/b/e/behnamie/ecDNA_Data/bioimage_archive/rgb/snu16_jc_jq1_ic50_24h_97.tif,/work/users/b/e/behnamie/ecDNA_Data/bioimage_archive/dapi/snu16_jc_jq1_ic50_24h_97.tif,/work/users/b/e/behnamie/ecDNA_Data/bioimage_archive/roi_mask/snu16_jc_jq1_ic50_24h_97.png,/work/users/b/e/behnamie/ecDNA_Data/bioimage_archive/gt_image/snu16_jc_jq1_ic50_24h_97.tif
colo320dm_qpcr_jq1_24h_ctrl_105,COLO320DM,val,val,True,False,True,False,1,rgb/colo320dm_qpcr_jq1_24h_ctrl_105.tif,dapi/colo320dm_qpcr_jq1_24h_ctrl_105.tif,roi_mask/colo320dm_qpcr_jq1_24h_ctrl_105.png,gt_image/colo320dm_qpcr_jq1_24h_ctrl_105.tif,,59,59,True,True,True,True,colo320dm_qpcr_jq1_24h_ctrl_105.tif,colo320dm_qpcr_jq1_24h_ctrl_105.tif,colo320dm_qpcr_jq1_24h_ctrl_105.png,colo320dm_qpcr_jq1_24h_ctrl_105.tif,,/work/users/b/e/behnamie/ecDNA_Data/bioimage_archive/rgb/colo320dm_qpcr_jq1_24h_ctrl_105.tif,/work/users/b/e/behnamie/ecDNA_Data/bioimage_archive/dapi/colo320dm_qpcr_jq1_24h_ctrl_105.tif,/work/users/b/e/behnamie/ecDNA_Data/bioimage_archive/roi_mask/colo320dm_qpcr_jq1_24h_ctrl_105.png,/work/users/b/e/behnamie/ecDNA_Data/bioimage_archive/gt_image/colo320dm_qpcr_jq1_24h_ctrl_105.tif
colo320dm_qpcr_jq1_24h_ctrl_109,COLO320DM,val,val,True,False,True,False,1,rgb/colo320dm_qpcr_jq1_24h_ctrl_109.tif,dapi/colo320dm_qpcr_jq1_24h_ctrl_109.tif,roi_mask/colo320dm_qpcr_jq1_24h_ctrl_109.png,gt_image/colo320dm_qpcr_jq1_24h_ctrl_109.tif,,71,71,True,True,True,True,colo320dm_qpcr_jq1_24h_ctrl_109.tif,colo320dm_qpcr_jq1_24h_ctrl_109.tif,colo320dm_qpcr_jq1_24h_ctrl_109.png,colo320dm_qpcr_jq1_24h_ctrl_109.tif,,/work/users/b/e/behnamie/ecDNA_Data/bioimage_archive/rgb/colo320dm_qpcr_jq1_24h_ctrl_109.tif,/work/users/b/e/behnamie/ecDNA_Data/bioimage_archive/dapi/colo320dm_qpcr_jq1_24h_ctrl_109.tif,/work/users/b/e/behnamie/ecDNA_Data/bioimage_archive/roi_mask/colo320dm_qpcr_jq1_24h_ctrl_109.png,/work/users/b/e/behnamie/ecDNA_Data/bioimage_archive/gt_image/colo320dm_qpcr_jq1_24h_ctrl_109.tif
colo320dm_qpcr_jq1_24h_ctrl_17,COLO320DM,val,val,True,False,True,False,1,rgb/colo320dm_qpcr_jq1_24h_ctrl_17.tif,dapi/colo320dm_qpcr_jq1_24h_ctrl_17.tif,roi_mask/colo320dm_qpcr_jq1_24h_ctrl_17.png,gt_image/colo320dm_qpcr_jq1_24h_ctrl_17.tif,,13,13,True,True,True,True,colo320dm_qpcr_jq1_24h_ctrl_17.tif,colo320dm_qpcr_jq1_24h_ctrl_17.tif,colo320dm_qpcr_jq1_24h_ctrl_17.png,colo320dm_qpcr_jq1_24h_ctrl_17.tif,,/work/users/b/e/behnamie/ecDNA_Data/bioimage_archive/rgb/colo320dm_qpcr_jq1_24h_ctrl_17.tif,/work/users/b/e/behnamie/ecDNA_Data/bioimage_archive/dapi/colo320dm_qpcr_jq1_24h_ctrl_17.tif,/work/users/b/e/behnamie/ecDNA_Data/bioimage_archive/roi_mask/colo320dm_qpcr_jq1_24h_ctrl_17.png,/work/users/b/e/behnamie/ecDNA_Data/bioimage_archive/gt_image/colo320dm_qpcr_jq1_24h_ctrl_17.tif
colo320dm_qpcr_jq1_24h_ctrl_21,COLO320DM,val,val,True,False,True,False,1,rgb/colo320dm_qpcr_jq1_24h_ctrl_21.tif,dapi/colo320dm_qpcr_jq1_24h_ctrl_21.tif,roi_mask/colo320dm_qpcr_jq1_24h_ctrl_21.png,gt_image/colo320dm_qpcr_jq1_24h_ctrl_21.tif,,40,40,True,True,True,True,colo320dm_qpcr_jq1_24h_ctrl_21.tif,colo320dm_qpcr_jq1_24h_ctrl_21.tif,colo320dm_qpcr_jq1_24h_ctrl_21.png,colo320dm_qpcr_jq1_24h_ctrl_21.tif,,/work/users/b/e/behnamie/ecDNA_Data/bioimage_archive/rgb/colo320dm_qpcr_jq1_24h_ctrl_21.tif,/work/users/b/e/behnamie/ecDNA_Data/bioimage_archive/dapi/colo320dm_qpcr_jq1_24h_ctrl_21.tif,/work/users/b/e/behnamie/ecDNA_Data/bioimage_archive/roi_mask/colo320dm_qpcr_jq1_24h_ctrl_21.png,/work/users/b/e/behnamie/ecDNA_Data/bioimage_archive/gt_image/colo320dm_qpcr_jq1_24h_ctrl_21.tif
colo320dm_qpcr_jq1_24h_ctrl_27,COLO320DM,val,val,True,False,True,False,1,rgb/colo320dm_qpcr_jq1_24h_ctrl_27.tif,dapi/colo320dm_qpcr_jq1_24h_ctrl_27.tif,roi_mask/colo320dm_qpcr_jq1_24h_ctrl_27.png,gt_image/colo320dm_qpcr_jq1_24h_ctrl_27.tif,,18,18,True,True,True,True,colo320dm_qpcr_jq1_24h_ctrl_27.tif,colo320dm_qpcr_jq1_24h_ctrl_27.tif,colo320dm_qpcr_jq1_24h_ctrl_27.png,colo320dm_qpcr_jq1_24h_ctrl_27.tif,,/work/users/b/e/behnamie/ecDNA_Data/bioimage_archive/rgb/colo320dm_qpcr_jq1_24h_ctrl_27.tif,/work/users/b/e/behnamie/ecDNA_Data/bioimage_archive/dapi/colo320dm_qpcr_jq1_24h_ctrl_27.tif,/work/users/b/e/behnamie/ecDNA_Data/bioimage_archive/roi_mask/colo320dm_qpcr_jq1_24h_ctrl_27.png,/work/users/b/e/behnamie/ecDNA_Data/bioimage_archive/gt_image/colo320dm_qpcr_jq1_24h_ctrl_27.tif
colo320dm_qpcr_jq1_24h_ctrl_31,COLO320DM,val,val,True,False,True,False,1,rgb/colo320dm_qpcr_jq1_24h_ctrl_31.tif,dapi/colo320dm_qpcr_jq1_24h_ctrl_31.tif,roi_mask/colo320dm_qpcr_jq1_24h_ctrl_31.png,gt_image/colo320dm_qpcr_jq1_24h_ctrl_31.tif,,143,146,True,True,True,True,colo320dm_qpcr_jq1_24h_ctrl_31.tif,colo320dm_qpcr_jq1_24h_ctrl_31.tif,colo320dm_qpcr_jq1_24h_ctrl_31.png,colo320dm_qpcr_jq1_24h_ctrl_31.tif,,/work/users/b/e/behnamie/ecDNA_Data/bioimage_archive/rgb/colo320dm_qpcr_jq1_24h_ctrl_31.tif,/work/users/b/e/behnamie/ecDNA_Data/bioimage_archive/dapi/colo320dm_qpcr_jq1_24h_ctrl_31.tif,/work/users/b/e/behnamie/ecDNA_Data/bioimage_archive/roi_mask/colo320dm_qpcr_jq1_24h_ctrl_31.png,/work/users/b/e/behnamie/ecDNA_Data/bioimage_archive/gt_image/colo320dm_qpcr_jq1_24h_ctrl_31.tif
colo320dm_qpcr_jq1_24h_ctrl_35,COLO320DM,val,val,True,False,True,False,1,rgb/colo320dm_qpcr_jq1_24h_ctrl_35.tif,dapi/colo320dm_qpcr_jq1_24h_ctrl_35.tif,roi_mask/colo320dm_qpcr_jq1_24h_ctrl_35.png,gt_image/colo320dm_qpcr_jq1_24h_ctrl_35.tif,,57,57,True,True,True,True,colo320dm_qpcr_jq1_24h_ctrl_35.tif,colo320dm_qpcr_jq1_24h_ctrl_35.tif,colo320dm_qpcr_jq1_24h_ctrl_35.png,colo320dm_qpcr_jq1_24h_ctrl_35.tif,,/work/users/b/e/behnamie/ecDNA_Data/bioimage_archive/rgb/colo320dm_qpcr_jq1_24h_ctrl_35.tif,/work/users/b/e/behnamie/ecDNA_Data/bioimage_archive/dapi/colo320dm_qpcr_jq1_24h_ctrl_35.tif,/work/users/b/e/behnamie/ecDNA_Data/bioimage_archive/roi_mask/colo320dm_qpcr_jq1_24h_ctrl_35.png,/work/users/b/e/behnamie/ecDNA_Data/bioimage_archive/gt_image/colo320dm_qpcr_jq1_24h_ctrl_35.tif
colo320dm_qpcr_jq1_24h_ctrl_99,COLO320DM,val,val,True,False,True,False,1,rgb/colo320dm_qpcr_jq1_24h_ctrl_99.tif,dapi/colo320dm_qpcr_jq1_24h_ctrl_99.tif,roi_mask/colo320dm_qpcr_jq1_24h_ctrl_99.png,gt_image/colo320dm_qpcr_jq1_24h_ctrl_99.tif,,74,74,True,True,True,True,colo320dm_qpcr_jq1_24h_ctrl_99.tif,colo320dm_qpcr_jq1_24h_ctrl_99.tif,colo320dm_qpcr_jq1_24h_ctrl_99.png,colo320dm_qpcr_jq1_24h_ctrl_99.tif,,/work/users/b/e/behnamie/ecDNA_Data/bioimage_archive/rgb/colo320dm_qpcr_jq1_24h_ctrl_99.tif,/work/users/b/e/behnamie/ecDNA_Data/bioimage_archive/dapi/colo320dm_qpcr_jq1_24h_ctrl_99.tif,/work/users/b/e/behnamie/ecDNA_Data/bioimage_archive/roi_mask/colo320dm_qpcr_jq1_24h_ctrl_99.png,/work/users/b/e/behnamie/ecDNA_Data/bioimage_archive/gt_image/colo320dm_qpcr_jq1_24h_ctrl_99.tif
colo320dm_qpcr_jq1_24h_dmso_88,COLO320DM,val,val,True,False,True,False,1,rgb/colo320dm_qpcr_jq1_24h_dmso_88.tif,dapi/colo320dm_qpcr_jq1_24h_dmso_88.tif,roi_mask/colo320dm_qpcr_jq1_24h_dmso_88.png,gt_image/colo320dm_qpcr_jq1_24h_dmso_88.tif,,4,4,True,True,True,True,colo320dm_qpcr_jq1_24h_dmso_88.tif,colo320dm_qpcr_jq1_24h_dmso_88.tif,colo320dm_qpcr_jq1_24h_dmso_88.png,colo320dm_qpcr_jq1_24h_dmso_88.tif,,/work/users/b/e/behnamie/ecDNA_Data/bioimage_archive/rgb/colo320dm_qpcr_jq1_24h_dmso_88.tif,/work/users/b/e/behnamie/ecDNA_Data/bioimage_archive/dapi/colo320dm_qpcr_jq1_24h_dmso_88.tif,/work/users/b/e/behnamie/ecDNA_Data/bioimage_archive/roi_mask/colo320dm_qpcr_jq1_24h_dmso_88.png,/work/users/b/e/behnamie/ecDNA_Data/bioimage_archive/gt_image/colo320dm_qpcr_jq1_24h_dmso_88.tif
ncih2170_antibiotics_blank_ctrl_101,NCI-H2170,val,val,True,False,True,False,1,rgb/ncih2170_antibiotics_blank_ctrl_101.tif,dapi/ncih2170_antibiotics_blank_ctrl_101.tif,roi_mask/ncih2170_antibiotics_blank_ctrl_101.png,gt_image/ncih2170_antibiotics_blank_ctrl_101.tif,,266,266,True,True,True,True,ncih2170_antibiotics_blank_ctrl_101.tif,ncih2170_antibiotics_blank_ctrl_101.tif,ncih2170_antibiotics_blank_ctrl_101.png,ncih2170_antibiotics_blank_ctrl_101.tif,,/work/users/b/e/behnamie/ecDNA_Data/bioimage_archive/rgb/ncih2170_antibiotics_blank_ctrl_101.tif,/work/users/b/e/behnamie/ecDNA_Data/bioimage_archive/dapi/ncih2170_antibiotics_blank_ctrl_101.tif,/work/users/b/e/behnamie/ecDNA_Data/bioimage_archive/roi_mask/ncih2170_antibiotics_blank_ctrl_101.png,/work/users/b/e/behnamie/ecDNA_Data/bioimage_archive/gt_image/ncih2170_antibiotics_blank_ctrl_101.tif
ncih2170_antibiotics_blank_ctrl_103,NCI-H2170,val,val,True,False,True,False,1,rgb/ncih2170_antibiotics_blank_ctrl_103.tif,dapi/ncih2170_antibiotics_blank_ctrl_103.tif,roi_mask/ncih2170_antibiotics_blank_ctrl_103.png,gt_image/ncih2170_antibiotics_blank_ctrl_103.tif,,228,228,True,True,True,True,ncih2170_antibiotics_blank_ctrl_103.tif,ncih2170_antibiotics_blank_ctrl_103.tif,ncih2170_antibiotics_blank_ctrl_103.png,ncih2170_antibiotics_blank_ctrl_103.tif,,/work/users/b/e/behnamie/ecDNA_Data/bioimage_archive/rgb/ncih2170_antibiotics_blank_ctrl_103.tif,/work/users/b/e/behnamie/ecDNA_Data/bioimage_archive/dapi/ncih2170_antibiotics_blank_ctrl_103.tif,/work/users/b/e/behnamie/ecDNA_Data/bioimage_archive/roi_mask/ncih2170_antibiotics_blank_ctrl_103.png,/work/users/b/e/behnamie/ecDNA_Data/bioimage_archive/gt_image/ncih2170_antibiotics_blank_ctrl_103.tif
ncih2170_antibiotics_blank_ctrl_11,NCI-H2170,val,val,True,False,True,False,1,rgb/ncih2170_antibiotics_blank_ctrl_11.tif,dapi/ncih2170_antibiotics_blank_ctrl_11.tif,roi_mask/ncih2170_antibiotics_blank_ctrl_11.png,gt_image/ncih2170_antibiotics_blank_ctrl_11.tif,,181,181,True,True,True,True,ncih2170_antibiotics_blank_ctrl_11.tif,ncih2170_antibiotics_blank_ctrl_11.tif,ncih2170_antibiotics_blank_ctrl_11.png,ncih2170_antibiotics_blank_ctrl_11.tif,,/work/users/b/e/behnamie/ecDNA_Data/bioimage_archive/rgb/ncih2170_antibiotics_blank_ctrl_11.tif,/work/users/b/e/behnamie/ecDNA_Data/bioimage_archive/dapi/ncih2170_antibiotics_blank_ctrl_11.tif,/work/users/b/e/behnamie/ecDNA_Data/bioimage_archive/roi_mask/ncih2170_antibiotics_blank_ctrl_11.png,/work/users/b/e/behnamie/ecDNA_Data/bioimage_archive/gt_image/ncih2170_antibiotics_blank_ctrl_11.tif
ncih2170_antibiotics_blank_ctrl_115,NCI-H2170,val,val,True,False,True,False,1,rgb/ncih2170_antibiotics_blank_ctrl_115.tif,dapi/ncih2170_antibiotics_blank_ctrl_115.tif,roi_mask/ncih2170_antibiotics_blank_ctrl_115.png,gt_image/ncih2170_antibiotics_blank_ctrl_115.tif,,125,125,True,True,True,True,ncih2170_antibiotics_blank_ctrl_115.tif,ncih2170_antibiotics_blank_ctrl_115.tif,ncih2170_antibiotics_blank_ctrl_115.png,ncih2170_antibiotics_blank_ctrl_115.tif,,/work/users/b/e/behnamie/ecDNA_Data/bioimage_archive/rgb/ncih2170_antibiotics_blank_ctrl_115.tif,/work/users/b/e/behnamie/ecDNA_Data/bioimage_archive/dapi/ncih2170_antibiotics_blank_ctrl_115.tif,/work/users/b/e/behnamie/ecDNA_Data/bioimage_archive/roi_mask/ncih2170_antibiotics_blank_ctrl_115.png,/work/users/b/e/behnamie/ecDNA_Data/bioimage_archive/gt_image/ncih2170_antibiotics_blank_ctrl_115.tif
ncih2170_antibiotics_blank_ctrl_18,NCI-H2170,val,val,True,False,True,False,1,rgb/ncih2170_antibiotics_blank_ctrl_18.tif,dapi/ncih2170_antibiotics_blank_ctrl_18.tif,roi_mask/ncih2170_antibiotics_blank_ctrl_18.png,gt_image/ncih2170_antibiotics_blank_ctrl_18.tif,,157,157,True,True,True,True,ncih2170_antibiotics_blank_ctrl_18.tif,ncih2170_antibiotics_blank_ctrl_18.tif,ncih2170_antibiotics_blank_ctrl_18.png,ncih2170_antibiotics_blank_ctrl_18.tif,,/work/users/b/e/behnamie/ecDNA_Data/bioimage_archive/rgb/ncih2170_antibiotics_blank_ctrl_18.tif,/work/users/b/e/behnamie/ecDNA_Data/bioimage_archive/dapi/ncih2170_antibiotics_blank_ctrl_18.tif,/work/users/b/e/behnamie/ecDNA_Data/bioimage_archive/roi_mask/ncih2170_antibiotics_blank_ctrl_18.png,/work/users/b/e/behnamie/ecDNA_Data/bioimage_archive/gt_image/ncih2170_antibiotics_blank_ctrl_18.tif
ncih2170_antibiotics_blank_ctrl_23,NCI-H2170,val,val,True,False,True,False,1,rgb/ncih2170_antibiotics_blank_ctrl_23.tif,dapi/ncih2170_antibiotics_blank_ctrl_23.tif,roi_mask/ncih2170_antibiotics_blank_ctrl_23.png,gt_image/ncih2170_antibiotics_blank_ctrl_23.tif,,281,281,True,True,True,True,ncih2170_antibiotics_blank_ctrl_23.tif,ncih2170_antibiotics_blank_ctrl_23.tif,ncih2170_antibiotics_blank_ctrl_23.png,ncih2170_antibiotics_blank_ctrl_23.tif,,/work/users/b/e/behnamie/ecDNA_Data/bioimage_archive/rgb/ncih2170_antibiotics_blank_ctrl_23.tif,/work/users/b/e/behnamie/ecDNA_Data/bioimage_archive/dapi/ncih2170_antibiotics_blank_ctrl_23.tif,/work/users/b/e/behnamie/ecDNA_Data/bioimage_archive/roi_mask/ncih2170_antibiotics_blank_ctrl_23.png,/work/users/b/e/behnamie/ecDNA_Data/bioimage_archive/gt_image/ncih2170_antibiotics_blank_ctrl_23.tif
ncih2170_antibiotics_blank_ctrl_34,NCI-H2170,val,val,True,False,True,False,1,rgb/ncih2170_antibiotics_blank_ctrl_34.tif,dapi/ncih2170_antibiotics_blank_ctrl_34.tif,roi_mask/ncih2170_antibiotics_blank_ctrl_34.png,gt_image/ncih2170_antibiotics_blank_ctrl_34.tif,,91,91,True,True,True,True,ncih2170_antibiotics_blank_ctrl_34.tif,ncih2170_antibiotics_blank_ctrl_34.tif,ncih2170_antibiotics_blank_ctrl_34.png,ncih2170_antibiotics_blank_ctrl_34.tif,,/work/users/b/e/behnamie/ecDNA_Data/bioimage_archive/rgb/ncih2170_antibiotics_blank_ctrl_34.tif,/work/users/b/e/behnamie/ecDNA_Data/bioimage_archive/dapi/ncih2170_antibiotics_blank_ctrl_34.tif,/work/users/b/e/behnamie/ecDNA_Data/bioimage_archive/roi_mask/ncih2170_antibiotics_blank_ctrl_34.png,/work/users/b/e/behnamie/ecDNA_Data/bioimage_archive/gt_image/ncih2170_antibiotics_blank_ctrl_34.tif
ncih2170_antibiotics_blank_ctrl_51,NCI-H2170,val,val,True,False,True,False,1,rgb/ncih2170_antibiotics_blank_ctrl_51.tif,dapi/ncih2170_antibiotics_blank_ctrl_51.tif,roi_mask/ncih2170_antibiotics_blank_ctrl_51.png,gt_image/ncih2170_antibiotics_blank_ctrl_51.tif,,159,159,True,True,True,True,ncih2170_antibiotics_blank_ctrl_51.tif,ncih2170_antibiotics_blank_ctrl_51.tif,ncih2170_antibiotics_blank_ctrl_51.png,ncih2170_antibiotics_blank_ctrl_51.tif,,/work/users/b/e/behnamie/ecDNA_Data/bioimage_archive/rgb/ncih2170_antibiotics_blank_ctrl_51.tif,/work/users/b/e/behnamie/ecDNA_Data/bioimage_archive/dapi/ncih2170_antibiotics_blank_ctrl_51.tif,/work/users/b/e/behnamie/ecDNA_Data/bioimage_archive/roi_mask/ncih2170_antibiotics_blank_ctrl_51.png,/work/users/b/e/behnamie/ecDNA_Data/bioimage_archive/gt_image/ncih2170_antibiotics_blank_ctrl_51.tif
ncih2170_antibiotics_blank_ctrl_52,NCI-H2170,val,val,True,False,True,False,1,rgb/ncih2170_antibiotics_blank_ctrl_52.tif,dapi/ncih2170_antibiotics_blank_ctrl_52.tif,roi_mask/ncih2170_antibiotics_blank_ctrl_52.png,gt_image/ncih2170_antibiotics_blank_ctrl_52.tif,,324,324,True,True,True,True,ncih2170_antibiotics_blank_ctrl_52.tif,ncih2170_antibiotics_blank_ctrl_52.tif,ncih2170_antibiotics_blank_ctrl_52.png,ncih2170_antibiotics_blank_ctrl_52.tif,,/work/users/b/e/behnamie/ecDNA_Data/bioimage_archive/rgb/ncih2170_antibiotics_blank_ctrl_52.tif,/work/users/b/e/behnamie/ecDNA_Data/bioimage_archive/dapi/ncih2170_antibiotics_blank_ctrl_52.tif,/work/users/b/e/behnamie/ecDNA_Data/bioimage_archive/roi_mask/ncih2170_antibiotics_blank_ctrl_52.png,/work/users/b/e/behnamie/ecDNA_Data/bioimage_archive/gt_image/ncih2170_antibiotics_blank_ctrl_52.tif
ncih2170_antibiotics_blank_ctrl_6,NCI-H2170,val,val,True,False,True,False,1,rgb/ncih2170_antibiotics_blank_ctrl_6.tif,dapi/ncih2170_antibiotics_blank_ctrl_6.tif,roi_mask/ncih2170_antibiotics_blank_ctrl_6.png,gt_image/ncih2170_antibiotics_blank_ctrl_6.tif,,402,405,True,True,True,True,ncih2170_antibiotics_blank_ctrl_6.tif,ncih2170_antibiotics_blank_ctrl_6.tif,ncih2170_antibiotics_blank_ctrl_6.png,ncih2170_antibiotics_blank_ctrl_6.tif,,/work/users/b/e/behnamie/ecDNA_Data/bioimage_archive/rgb/ncih2170_antibiotics_blank_ctrl_6.tif,/work/users/b/e/behnamie/ecDNA_Data/bioimage_archive/dapi/ncih2170_antibiotics_blank_ctrl_6.tif,/work/users/b/e/behnamie/ecDNA_Data/bioimage_archive/roi_mask/ncih2170_antibiotics_blank_ctrl_6.png,/work/users/b/e/behnamie/ecDNA_Data/bioimage_archive/gt_image/ncih2170_antibiotics_blank_ctrl_6.tif
ncih2170_antibiotics_blank_ctrl_63,NCI-H2170,val,val,True,False,True,False,1,rgb/ncih2170_antibiotics_blank_ctrl_63.tif,dapi/ncih2170_antibiotics_blank_ctrl_63.tif,roi_mask/ncih2170_antibiotics_blank_ctrl_63.png,gt_image/ncih2170_antibiotics_blank_ctrl_63.tif,,763,766,True,True,True,True,ncih2170_antibiotics_blank_ctrl_63.tif,ncih2170_antibiotics_blank_ctrl_63.tif,ncih2170_antibiotics_blank_ctrl_63.png,ncih2170_antibiotics_blank_ctrl_63.tif,,/work/users/b/e/behnamie/ecDNA_Data/bioimage_archive/rgb/ncih2170_antibiotics_blank_ctrl_63.tif,/work/users/b/e/behnamie/ecDNA_Data/bioimage_archive/dapi/ncih2170_antibiotics_blank_ctrl_63.tif,/work/users/b/e/behnamie/ecDNA_Data/bioimage_archive/roi_mask/ncih2170_antibiotics_blank_ctrl_63.png,/work/users/b/e/behnamie/ecDNA_Data/bioimage_archive/gt_image/ncih2170_antibiotics_blank_ctrl_63.tif
ncih2170_antibiotics_blank_ctrl_84,NCI-H2170,val,val,True,False,True,False,1,rgb/ncih2170_antibiotics_blank_ctrl_84.tif,dapi/ncih2170_antibiotics_blank_ctrl_84.tif,roi_mask/ncih2170_antibiotics_blank_ctrl_84.png,gt_image/ncih2170_antibiotics_blank_ctrl_84.tif,,281,281,True,True,True,True,ncih2170_antibiotics_blank_ctrl_84.tif,ncih2170_antibiotics_blank_ctrl_84.tif,ncih2170_antibiotics_blank_ctrl_84.png,ncih2170_antibiotics_blank_ctrl_84.tif,,/work/users/b/e/behnamie/ecDNA_Data/bioimage_archive/rgb/ncih2170_antibiotics_blank_ctrl_84.tif,/work/users/b/e/behnamie/ecDNA_Data/bioimage_archive/dapi/ncih2170_antibiotics_blank_ctrl_84.tif,/work/users/b/e/behnamie/ecDNA_Data/bioimage_archive/roi_mask/ncih2170_antibiotics_blank_ctrl_84.png,/work/users/b/e/behnamie/ecDNA_Data/bioimage_archive/gt_image/ncih2170_antibiotics_blank_ctrl_84.tif
ncih2170_antibiotics_blank_ctrl_88_a,NCI-H2170,val,val,True,False,True,False,1,rgb/ncih2170_antibiotics_blank_ctrl_88_a.tif,dapi/ncih2170_antibiotics_blank_ctrl_88_a.tif,roi_mask/ncih2170_antibiotics_blank_ctrl_88_a.png,gt_image/ncih2170_antibiotics_blank_ctrl_88_a.tif,,343,349,True,True,True,True,ncih2170_antibiotics_blank_ctrl_88_a.tif,ncih2170_antibiotics_blank_ctrl_88_a.tif,ncih2170_antibiotics_blank_ctrl_88_a.png,ncih2170_antibiotics_blank_ctrl_88_a.tif,,/work/users/b/e/behnamie/ecDNA_Data/bioimage_archive/rgb/ncih2170_antibiotics_blank_ctrl_88_a.tif,/work/users/b/e/behnamie/ecDNA_Data/bioimage_archive/dapi/ncih2170_antibiotics_blank_ctrl_88_a.tif,/work/users/b/e/behnamie/ecDNA_Data/bioimage_archive/roi_mask/ncih2170_antibiotics_blank_ctrl_88_a.png,/work/users/b/e/behnamie/ecDNA_Data/bioimage_archive/gt_image/ncih2170_antibiotics_blank_ctrl_88_a.tif
ncih2170_antibiotics_blank_ctrl_89,NCI-H2170,val,val,True,False,True,False,1,rgb/ncih2170_antibiotics_blank_ctrl_89.tif,dapi/ncih2170_antibiotics_blank_ctrl_89.tif,roi_mask/ncih2170_antibiotics_blank_ctrl_89.png,gt_image/ncih2170_antibiotics_blank_ctrl_89.tif,,94,94,True,True,True,True,ncih2170_antibiotics_blank_ctrl_89.tif,ncih2170_antibiotics_blank_ctrl_89.tif,ncih2170_antibiotics_blank_ctrl_89.png,ncih2170_antibiotics_blank_ctrl_89.tif,,/work/users/b/e/behnamie/ecDNA_Data/bioimage_archive/rgb/ncih2170_antibiotics_blank_ctrl_89.tif,/work/users/b/e/behnamie/ecDNA_Data/bioimage_archive/dapi/ncih2170_antibiotics_blank_ctrl_89.tif,/work/users/b/e/behnamie/ecDNA_Data/bioimage_archive/roi_mask/ncih2170_antibiotics_blank_ctrl_89.png,/work/users/b/e/behnamie/ecDNA_Data/bioimage_archive/gt_image/ncih2170_antibiotics_blank_ctrl_89.tif
ncih2170_antibiotics_ps_104,NCI-H2170,val,val,True,False,True,False,1,rgb/ncih2170_antibiotics_ps_104.tif,dapi/ncih2170_antibiotics_ps_104.tif,roi_mask/ncih2170_antibiotics_ps_104.png,gt_image/ncih2170_antibiotics_ps_104.tif,,158,158,True,True,True,True,ncih2170_antibiotics_ps_104.tif,ncih2170_antibiotics_ps_104.tif,ncih2170_antibiotics_ps_104.png,ncih2170_antibiotics_ps_104.tif,,/work/users/b/e/behnamie/ecDNA_Data/bioimage_archive/rgb/ncih2170_antibiotics_ps_104.tif,/work/users/b/e/behnamie/ecDNA_Data/bioimage_archive/dapi/ncih2170_antibiotics_ps_104.tif,/work/users/b/e/behnamie/ecDNA_Data/bioimage_archive/roi_mask/ncih2170_antibiotics_ps_104.png,/work/users/b/e/behnamie/ecDNA_Data/bioimage_archive/gt_image/ncih2170_antibiotics_ps_104.tif
ncih2170_antibiotics_ps_113_a,NCI-H2170,val,val,True,False,True,False,1,rgb/ncih2170_antibiotics_ps_113_a.tif,dapi/ncih2170_antibiotics_ps_113_a.tif,roi_mask/ncih2170_antibiotics_ps_113_a.png,gt_image/ncih2170_antibiotics_ps_113_a.tif,,121,121,True,True,True,True,ncih2170_antibiotics_ps_113_a.tif,ncih2170_antibiotics_ps_113_a.tif,ncih2170_antibiotics_ps_113_a.png,ncih2170_antibiotics_ps_113_a.tif,,/work/users/b/e/behnamie/ecDNA_Data/bioimage_archive/rgb/ncih2170_antibiotics_ps_113_a.tif,/work/users/b/e/behnamie/ecDNA_Data/bioimage_archive/dapi/ncih2170_antibiotics_ps_113_a.tif,/work/users/b/e/behnamie/ecDNA_Data/bioimage_archive/roi_mask/ncih2170_antibiotics_ps_113_a.png,/work/users/b/e/behnamie/ecDNA_Data/bioimage_archive/gt_image/ncih2170_antibiotics_ps_113_a.tif
ncih2170_antibiotics_ps_12,NCI-H2170,val,val,True,False,True,False,1,rgb/ncih2170_antibiotics_ps_12.tif,dapi/ncih2170_antibiotics_ps_12.tif,roi_mask/ncih2170_antibiotics_ps_12.png,gt_image/ncih2170_antibiotics_ps_12.tif,,129,129,True,True,True,True,ncih2170_antibiotics_ps_12.tif,ncih2170_antibiotics_ps_12.tif,ncih2170_antibiotics_ps_12.png,ncih2170_antibiotics_ps_12.tif,,/work/users/b/e/behnamie/ecDNA_Data/bioimage_archive/rgb/ncih2170_antibiotics_ps_12.tif,/work/users/b/e/behnamie/ecDNA_Data/bioimage_archive/dapi/ncih2170_antibiotics_ps_12.tif,/work/users/b/e/behnamie/ecDNA_Data/bioimage_archive/roi_mask/ncih2170_antibiotics_ps_12.png,/work/users/b/e/behnamie/ecDNA_Data/bioimage_archive/gt_image/ncih2170_antibiotics_ps_12.tif
ncih2170_antibiotics_ps_29_b,NCI-H2170,val,val,True,False,True,False,1,rgb/ncih2170_antibiotics_ps_29_b.tif,dapi/ncih2170_antibiotics_ps_29_b.tif,roi_mask/ncih2170_antibiotics_ps_29_b.png,gt_image/ncih2170_antibiotics_ps_29_b.tif,,52,52,True,True,True,True,ncih2170_antibiotics_ps_29_b.tif,ncih2170_antibiotics_ps_29_b.tif,ncih2170_antibiotics_ps_29_b.png,ncih2170_antibiotics_ps_29_b.tif,,/work/users/b/e/behnamie/ecDNA_Data/bioimage_archive/rgb/ncih2170_antibiotics_ps_29_b.tif,/work/users/b/e/behnamie/ecDNA_Data/bioimage_archive/dapi/ncih2170_antibiotics_ps_29_b.tif,/work/users/b/e/behnamie/ecDNA_Data/bioimage_archive/roi_mask/ncih2170_antibiotics_ps_29_b.png,/work/users/b/e/behnamie/ecDNA_Data/bioimage_archive/gt_image/ncih2170_antibiotics_ps_29_b.tif
ncih2170_antibiotics_ps_3,NCI-H2170,val,val,True,False,True,False,1,rgb/ncih2170_antibiotics_ps_3.tif,dapi/ncih2170_antibiotics_ps_3.tif,roi_mask/ncih2170_antibiotics_ps_3.png,gt_image/ncih2170_antibiotics_ps_3.tif,,157,157,True,True,True,True,ncih2170_antibiotics_ps_3.tif,ncih2170_antibiotics_ps_3.tif,ncih2170_antibiotics_ps_3.png,ncih2170_antibiotics_ps_3.tif,,/work/users/b/e/behnamie/ecDNA_Data/bioimage_archive/rgb/ncih2170_antibiotics_ps_3.tif,/work/users/b/e/behnamie/ecDNA_Data/bioimage_archive/dapi/ncih2170_antibiotics_ps_3.tif,/work/users/b/e/behnamie/ecDNA_Data/bioimage_archive/roi_mask/ncih2170_antibiotics_ps_3.png,/work/users/b/e/behnamie/ecDNA_Data/bioimage_archive/gt_image/ncih2170_antibiotics_ps_3.tif
ncih2170_antibiotics_ps_34_c,NCI-H2170,val,val,True,False,True,False,1,rgb/ncih2170_antibiotics_ps_34_c.tif,dapi/ncih2170_antibiotics_ps_34_c.tif,roi_mask/ncih2170_antibiotics_ps_34_c.png,gt_image/ncih2170_antibiotics_ps_34_c.tif,,153,156,True,True,True,True,ncih2170_antibiotics_ps_34_c.tif,ncih2170_antibiotics_ps_34_c.tif,ncih2170_antibiotics_ps_34_c.png,ncih2170_antibiotics_ps_34_c.tif,,/work/users/b/e/behnamie/ecDNA_Data/bioimage_archive/rgb/ncih2170_antibiotics_ps_34_c.tif,/work/users/b/e/behnamie/ecDNA_Data/bioimage_archive/dapi/ncih2170_antibiotics_ps_34_c.tif,/work/users/b/e/behnamie/ecDNA_Data/bioimage_archive/roi_mask/ncih2170_antibiotics_ps_34_c.png,/work/users/b/e/behnamie/ecDNA_Data/bioimage_archive/gt_image/ncih2170_antibiotics_ps_34_c.tif
ncih2170_antibiotics_ps_55,NCI-H2170,val,val,True,False,True,False,1,rgb/ncih2170_antibiotics_ps_55.tif,dapi/ncih2170_antibiotics_ps_55.tif,roi_mask/ncih2170_antibiotics_ps_55.png,gt_image/ncih2170_antibiotics_ps_55.tif,,212,213,True,True,True,True,ncih2170_antibiotics_ps_55.tif,ncih2170_antibiotics_ps_55.tif,ncih2170_antibiotics_ps_55.png,ncih2170_antibiotics_ps_55.tif,,/work/users/b/e/behnamie/ecDNA_Data/bioimage_archive/rgb/ncih2170_antibiotics_ps_55.tif,/work/users/b/e/behnamie/ecDNA_Data/bioimage_archive/dapi/ncih2170_antibiotics_ps_55.tif,/work/users/b/e/behnamie/ecDNA_Data/bioimage_archive/roi_mask/ncih2170_antibiotics_ps_55.png,/work/users/b/e/behnamie/ecDNA_Data/bioimage_archive/gt_image/ncih2170_antibiotics_ps_55.tif
ncih2170_antibiotics_ps_64,NCI-H2170,val,val,True,False,True,False,1,rgb/ncih2170_antibiotics_ps_64.tif,dapi/ncih2170_antibiotics_ps_64.tif,roi_mask/ncih2170_antibiotics_ps_64.png,gt_image/ncih2170_antibiotics_ps_64.tif,,281,285,True,True,True,True,ncih2170_antibiotics_ps_64.tif,ncih2170_antibiotics_ps_64.tif,ncih2170_antibiotics_ps_64.png,ncih2170_antibiotics_ps_64.tif,,/work/users/b/e/behnamie/ecDNA_Data/bioimage_archive/rgb/ncih2170_antibiotics_ps_64.tif,/work/users/b/e/behnamie/ecDNA_Data/bioimage_archive/dapi/ncih2170_antibiotics_ps_64.tif,/work/users/b/e/behnamie/ecDNA_Data/bioimage_archive/roi_mask/ncih2170_antibiotics_ps_64.png,/work/users/b/e/behnamie/ecDNA_Data/bioimage_archive/gt_image/ncih2170_antibiotics_ps_64.tif
ncih2170_antibiotics_ps_68,NCI-H2170,val,val,True,False,True,False,1,rgb/ncih2170_antibiotics_ps_68.tif,dapi/ncih2170_antibiotics_ps_68.tif,roi_mask/ncih2170_antibiotics_ps_68.png,gt_image/ncih2170_antibiotics_ps_68.tif,,210,210,True,True,True,True,ncih2170_antibiotics_ps_68.tif,ncih2170_antibiotics_ps_68.tif,ncih2170_antibiotics_ps_68.png,ncih2170_antibiotics_ps_68.tif,,/work/users/b/e/behnamie/ecDNA_Data/bioimage_archive/rgb/ncih2170_antibiotics_ps_68.tif,/work/users/b/e/behnamie/ecDNA_Data/bioimage_archive/dapi/ncih2170_antibiotics_ps_68.tif,/work/users/b/e/behnamie/ecDNA_Data/bioimage_archive/roi_mask/ncih2170_antibiotics_ps_68.png,/work/users/b/e/behnamie/ecDNA_Data/bioimage_archive/gt_image/ncih2170_antibiotics_ps_68.tif
ncih2170_antibiotics_ps_70,NCI-H2170,val,val,True,False,True,False,1,rgb/ncih2170_antibiotics_ps_70.tif,dapi/ncih2170_antibiotics_ps_70.tif,roi_mask/ncih2170_antibiotics_ps_70.png,gt_image/ncih2170_antibiotics_ps_70.tif,,148,148,True,True,True,True,ncih2170_antibiotics_ps_70.tif,ncih2170_antibiotics_ps_70.tif,ncih2170_antibiotics_ps_70.png,ncih2170_antibiotics_ps_70.tif,,/work/users/b/e/behnamie/ecDNA_Data/bioimage_archive/rgb/ncih2170_antibiotics_ps_70.tif,/work/users/b/e/behnamie/ecDNA_Data/bioimage_archive/dapi/ncih2170_antibiotics_ps_70.tif,/work/users/b/e/behnamie/ecDNA_Data/bioimage_archive/roi_mask/ncih2170_antibiotics_ps_70.png,/work/users/b/e/behnamie/ecDNA_Data/bioimage_archive/gt_image/ncih2170_antibiotics_ps_70.tif
ncih2170_antibiotics_ps_72,NCI-H2170,val,val,True,False,True,False,1,rgb/ncih2170_antibiotics_ps_72.tif,dapi/ncih2170_antibiotics_ps_72.tif,roi_mask/ncih2170_antibiotics_ps_72.png,gt_image/ncih2170_antibiotics_ps_72.tif,,139,139,True,True,True,True,ncih2170_antibiotics_ps_72.tif,ncih2170_antibiotics_ps_72.tif,ncih2170_antibiotics_ps_72.png,ncih2170_antibiotics_ps_72.tif,,/work/users/b/e/behnamie/ecDNA_Data/bioimage_archive/rgb/ncih2170_antibiotics_ps_72.tif,/work/users/b/e/behnamie/ecDNA_Data/bioimage_archive/dapi/ncih2170_antibiotics_ps_72.tif,/work/users/b/e/behnamie/ecDNA_Data/bioimage_archive/roi_mask/ncih2170_antibiotics_ps_72.png,/work/users/b/e/behnamie/ecDNA_Data/bioimage_archive/gt_image/ncih2170_antibiotics_ps_72.tif
ncih2170_antibiotics_ps_92,NCI-H2170,val,val,True,False,True,False,1,rgb/ncih2170_antibiotics_ps_92.tif,dapi/ncih2170_antibiotics_ps_92.tif,roi_mask/ncih2170_antibiotics_ps_92.png,gt_image/ncih2170_antibiotics_ps_92.tif,,203,208,True,True,True,True,ncih2170_antibiotics_ps_92.tif,ncih2170_antibiotics_ps_92.tif,ncih2170_antibiotics_ps_92.png,ncih2170_antibiotics_ps_92.tif,,/work/users/b/e/behnamie/ecDNA_Data/bioimage_archive/rgb/ncih2170_antibiotics_ps_92.tif,/work/users/b/e/behnamie/ecDNA_Data/bioimage_archive/dapi/ncih2170_antibiotics_ps_92.tif,/work/users/b/e/behnamie/ecDNA_Data/bioimage_archive/roi_mask/ncih2170_antibiotics_ps_92.png,/work/users/b/e/behnamie/ecDNA_Data/bioimage_archive/gt_image/ncih2170_antibiotics_ps_92.tif
ncih2170_antibiotics_ps_g_104,NCI-H2170,val,val,True,False,True,False,1,rgb/ncih2170_antibiotics_ps_g_104.tif,dapi/ncih2170_antibiotics_ps_g_104.tif,roi_mask/ncih2170_antibiotics_ps_g_104.png,gt_image/ncih2170_antibiotics_ps_g_104.tif,,92,92,True,True,True,True,ncih2170_antibiotics_ps_g_104.tif,ncih2170_antibiotics_ps_g_104.tif,ncih2170_antibiotics_ps_g_104.png,ncih2170_antibiotics_ps_g_104.tif,,/work/users/b/e/behnamie/ecDNA_Data/bioimage_archive/rgb/ncih2170_antibiotics_ps_g_104.tif,/work/users/b/e/behnamie/ecDNA_Data/bioimage_archive/dapi/ncih2170_antibiotics_ps_g_104.tif,/work/users/b/e/behnamie/ecDNA_Data/bioimage_archive/roi_mask/ncih2170_antibiotics_ps_g_104.png,/work/users/b/e/behnamie/ecDNA_Data/bioimage_archive/gt_image/ncih2170_antibiotics_ps_g_104.tif
ncih2170_antibiotics_ps_g_105,NCI-H2170,val,val,True,False,True,False,1,rgb/ncih2170_antibiotics_ps_g_105.tif,dapi/ncih2170_antibiotics_ps_g_105.tif,roi_mask/ncih2170_antibiotics_ps_g_105.png,gt_image/ncih2170_antibiotics_ps_g_105.tif,,151,154,True,True,True,True,ncih2170_antibiotics_ps_g_105.tif,ncih2170_antibiotics_ps_g_105.tif,ncih2170_antibiotics_ps_g_105.png,ncih2170_antibiotics_ps_g_105.tif,,/work/users/b/e/behnamie/ecDNA_Data/bioimage_archive/rgb/ncih2170_antibiotics_ps_g_105.tif,/work/users/b/e/behnamie/ecDNA_Data/bioimage_archive/dapi/ncih2170_antibiotics_ps_g_105.tif,/work/users/b/e/behnamie/ecDNA_Data/bioimage_archive/roi_mask/ncih2170_antibiotics_ps_g_105.png,/work/users/b/e/behnamie/ecDNA_Data/bioimage_archive/gt_image/ncih2170_antibiotics_ps_g_105.tif
ncih2170_antibiotics_ps_g_113,NCI-H2170,val,val,True,False,True,False,1,rgb/ncih2170_antibiotics_ps_g_113.tif,dapi/ncih2170_antibiotics_ps_g_113.tif,roi_mask/ncih2170_antibiotics_ps_g_113.png,gt_image/ncih2170_antibiotics_ps_g_113.tif,,79,79,True,True,True,True,ncih2170_antibiotics_ps_g_113.tif,ncih2170_antibiotics_ps_g_113.tif,ncih2170_antibiotics_ps_g_113.png,ncih2170_antibiotics_ps_g_113.tif,,/work/users/b/e/behnamie/ecDNA_Data/bioimage_archive/rgb/ncih2170_antibiotics_ps_g_113.tif,/work/users/b/e/behnamie/ecDNA_Data/bioimage_archive/dapi/ncih2170_antibiotics_ps_g_113.tif,/work/users/b/e/behnamie/ecDNA_Data/bioimage_archive/roi_mask/ncih2170_antibiotics_ps_g_113.png,/work/users/b/e/behnamie/ecDNA_Data/bioimage_archive/gt_image/ncih2170_antibiotics_ps_g_113.tif
ncih2170_antibiotics_ps_g_38,NCI-H2170,val,val,True,False,True,False,1,rgb/ncih2170_antibiotics_ps_g_38.tif,dapi/ncih2170_antibiotics_ps_g_38.tif,roi_mask/ncih2170_antibiotics_ps_g_38.png,gt_image/ncih2170_antibiotics_ps_g_38.tif,,223,225,True,True,True,True,ncih2170_antibiotics_ps_g_38.tif,ncih2170_antibiotics_ps_g_38.tif,ncih2170_antibiotics_ps_g_38.png,ncih2170_antibiotics_ps_g_38.tif,,/work/users/b/e/behnamie/ecDNA_Data/bioimage_archive/rgb/ncih2170_antibiotics_ps_g_38.tif,/work/users/b/e/behnamie/ecDNA_Data/bioimage_archive/dapi/ncih2170_antibiotics_ps_g_38.tif,/work/users/b/e/behnamie/ecDNA_Data/bioimage_archive/roi_mask/ncih2170_antibiotics_ps_g_38.png,/work/users/b/e/behnamie/ecDNA_Data/bioimage_archive/gt_image/ncih2170_antibiotics_ps_g_38.tif
ncih2170_antibiotics_ps_g_39,NCI-H2170,val,val,True,False,True,False,1,rgb/ncih2170_antibiotics_ps_g_39.tif,dapi/ncih2170_antibiotics_ps_g_39.tif,roi_mask/ncih2170_antibiotics_ps_g_39.png,gt_image/ncih2170_antibiotics_ps_g_39.tif,,58,58,True,True,True,True,ncih2170_antibiotics_ps_g_39.tif,ncih2170_antibiotics_ps_g_39.tif,ncih2170_antibiotics_ps_g_39.png,ncih2170_antibiotics_ps_g_39.tif,,/work/users/b/e/behnamie/ecDNA_Data/bioimage_archive/rgb/ncih2170_antibiotics_ps_g_39.tif,/work/users/b/e/behnamie/ecDNA_Data/bioimage_archive/dapi/ncih2170_antibiotics_ps_g_39.tif,/work/users/b/e/behnamie/ecDNA_Data/bioimage_archive/roi_mask/ncih2170_antibiotics_ps_g_39.png,/work/users/b/e/behnamie/ecDNA_Data/bioimage_archive/gt_image/ncih2170_antibiotics_ps_g_39.tif
ncih2170_antibiotics_ps_g_45,NCI-H2170,val,val,True,False,True,False,1,rgb/ncih2170_antibiotics_ps_g_45.tif,dapi/ncih2170_antibiotics_ps_g_45.tif,roi_mask/ncih2170_antibiotics_ps_g_45.png,gt_image/ncih2170_antibiotics_ps_g_45.tif,,94,94,True,True,True,True,ncih2170_antibiotics_ps_g_45.tif,ncih2170_antibiotics_ps_g_45.tif,ncih2170_antibiotics_ps_g_45.png,ncih2170_antibiotics_ps_g_45.tif,,/work/users/b/e/behnamie/ecDNA_Data/bioimage_archive/rgb/ncih2170_antibiotics_ps_g_45.tif,/work/users/b/e/behnamie/ecDNA_Data/bioimage_archive/dapi/ncih2170_antibiotics_ps_g_45.tif,/work/users/b/e/behnamie/ecDNA_Data/bioimage_archive/roi_mask/ncih2170_antibiotics_ps_g_45.png,/work/users/b/e/behnamie/ecDNA_Data/bioimage_archive/gt_image/ncih2170_antibiotics_ps_g_45.tif
ncih2170_antibiotics_ps_g_51,NCI-H2170,val,val,True,False,True,False,1,rgb/ncih2170_antibiotics_ps_g_51.tif,dapi/ncih2170_antibiotics_ps_g_51.tif,roi_mask/ncih2170_antibiotics_ps_g_51.png,gt_image/ncih2170_antibiotics_ps_g_51.tif,,86,86,True,True,True,True,ncih2170_antibiotics_ps_g_51.tif,ncih2170_antibiotics_ps_g_51.tif,ncih2170_antibiotics_ps_g_51.png,ncih2170_antibiotics_ps_g_51.tif,,/work/users/b/e/behnamie/ecDNA_Data/bioimage_archive/rgb/ncih2170_antibiotics_ps_g_51.tif,/work/users/b/e/behnamie/ecDNA_Data/bioimage_archive/dapi/ncih2170_antibiotics_ps_g_51.tif,/work/users/b/e/behnamie/ecDNA_Data/bioimage_archive/roi_mask/ncih2170_antibiotics_ps_g_51.png,/work/users/b/e/behnamie/ecDNA_Data/bioimage_archive/gt_image/ncih2170_antibiotics_ps_g_51.tif
ncih2170_antibiotics_ps_g_63,NCI-H2170,val,val,True,False,True,False,1,rgb/ncih2170_antibiotics_ps_g_63.tif,dapi/ncih2170_antibiotics_ps_g_63.tif,roi_mask/ncih2170_antibiotics_ps_g_63.png,gt_image/ncih2170_antibiotics_ps_g_63.tif,,78,78,True,True,True,True,ncih2170_antibiotics_ps_g_63.tif,ncih2170_antibiotics_ps_g_63.tif,ncih2170_antibiotics_ps_g_63.png,ncih2170_antibiotics_ps_g_63.tif,,/work/users/b/e/behnamie/ecDNA_Data/bioimage_archive/rgb/ncih2170_antibiotics_ps_g_63.tif,/work/users/b/e/behnamie/ecDNA_Data/bioimage_archive/dapi/ncih2170_antibiotics_ps_g_63.tif,/work/users/b/e/behnamie/ecDNA_Data/bioimage_archive/roi_mask/ncih2170_antibiotics_ps_g_63.png,/work/users/b/e/behnamie/ecDNA_Data/bioimage_archive/gt_image/ncih2170_antibiotics_ps_g_63.tif
ncih2170_antibiotics_ps_g_86,NCI-H2170,val,val,True,False,True,False,1,rgb/ncih2170_antibiotics_ps_g_86.tif,dapi/ncih2170_antibiotics_ps_g_86.tif,roi_mask/ncih2170_antibiotics_ps_g_86.png,gt_image/ncih2170_antibiotics_ps_g_86.tif,,85,85,True,True,True,True,ncih2170_antibiotics_ps_g_86.tif,ncih2170_antibiotics_ps_g_86.tif,ncih2170_antibiotics_ps_g_86.png,ncih2170_antibiotics_ps_g_86.tif,,/work/users/b/e/behnamie/ecDNA_Data/bioimage_archive/rgb/ncih2170_antibiotics_ps_g_86.tif,/work/users/b/e/behnamie/ecDNA_Data/bioimage_archive/dapi/ncih2170_antibiotics_ps_g_86.tif,/work/users/b/e/behnamie/ecDNA_Data/bioimage_archive/roi_mask/ncih2170_antibiotics_ps_g_86.png,/work/users/b/e/behnamie/ecDNA_Data/bioimage_archive/gt_image/ncih2170_antibiotics_ps_g_86.tif
ncih2170_antibiotics_ps_g_89,NCI-H2170,val,val,True,False,True,False,1,rgb/ncih2170_antibiotics_ps_g_89.tif,dapi/ncih2170_antibiotics_ps_g_89.tif,roi_mask/ncih2170_antibiotics_ps_g_89.png,gt_image/ncih2170_antibiotics_ps_g_89.tif,,103,103,True,True,True,True,ncih2170_antibiotics_ps_g_89.tif,ncih2170_antibiotics_ps_g_89.tif,ncih2170_antibiotics_ps_g_89.png,ncih2170_antibiotics_ps_g_89.tif,,/work/users/b/e/behnamie/ecDNA_Data/bioimage_archive/rgb/ncih2170_antibiotics_ps_g_89.tif,/work/users/b/e/behnamie/ecDNA_Data/bioimage_archive/dapi/ncih2170_antibiotics_ps_g_89.tif,/work/users/b/e/behnamie/ecDNA_Data/bioimage_archive/roi_mask/ncih2170_antibiotics_ps_g_89.png,/work/users/b/e/behnamie/ecDNA_Data/bioimage_archive/gt_image/ncih2170_antibiotics_ps_g_89.tif
ncih2170_antibiotics_ps_g_99,NCI-H2170,val,val,True,False,True,False,1,rgb/ncih2170_antibiotics_ps_g_99.tif,dapi/ncih2170_antibiotics_ps_g_99.tif,roi_mask/ncih2170_antibiotics_ps_g_99.png,gt_image/ncih2170_antibiotics_ps_g_99.tif,,867,871,True,True,True,True,ncih2170_antibiotics_ps_g_99.tif,ncih2170_antibiotics_ps_g_99.tif,ncih2170_antibiotics_ps_g_99.png,ncih2170_antibiotics_ps_g_99.tif,,/work/users/b/e/behnamie/ecDNA_Data/bioimage_archive/rgb/ncih2170_antibiotics_ps_g_99.tif,/work/users/b/e/behnamie/ecDNA_Data/bioimage_archive/dapi/ncih2170_antibiotics_ps_g_99.tif,/work/users/b/e/behnamie/ecDNA_Data/bioimage_archive/roi_mask/ncih2170_antibiotics_ps_g_99.png,/work/users/b/e/behnamie/ecDNA_Data/bioimage_archive/gt_image/ncih2170_antibiotics_ps_g_99.tif
ncih2170_cart_72h_blank_ctrl_5,NCI-H2170,val,val,True,False,True,False,1,rgb/ncih2170_cart_72h_blank_ctrl_5.tif,dapi/ncih2170_cart_72h_blank_ctrl_5.tif,roi_mask/ncih2170_cart_72h_blank_ctrl_5.png,gt_image/ncih2170_cart_72h_blank_ctrl_5.tif,,94,94,True,True,True,True,ncih2170_cart_72h_blank_ctrl_5.tif,ncih2170_cart_72h_blank_ctrl_5.tif,ncih2170_cart_72h_blank_ctrl_5.png,ncih2170_cart_72h_blank_ctrl_5.tif,,/work/users/b/e/behnamie/ecDNA_Data/bioimage_archive/rgb/ncih2170_cart_72h_blank_ctrl_5.tif,/work/users/b/e/behnamie/ecDNA_Data/bioimage_archive/dapi/ncih2170_cart_72h_blank_ctrl_5.tif,/work/users/b/e/behnamie/ecDNA_Data/bioimage_archive/roi_mask/ncih2170_cart_72h_blank_ctrl_5.png,/work/users/b/e/behnamie/ecDNA_Data/bioimage_archive/gt_image/ncih2170_cart_72h_blank_ctrl_5.tif
ncih2170_cart_72h_blank_ctrl_53,NCI-H2170,val,val,True,False,True,False,1,rgb/ncih2170_cart_72h_blank_ctrl_53.tif,dapi/ncih2170_cart_72h_blank_ctrl_53.tif,roi_mask/ncih2170_cart_72h_blank_ctrl_53.png,gt_image/ncih2170_cart_72h_blank_ctrl_53.tif,,56,56,True,True,True,True,ncih2170_cart_72h_blank_ctrl_53.tif,ncih2170_cart_72h_blank_ctrl_53.tif,ncih2170_cart_72h_blank_ctrl_53.png,ncih2170_cart_72h_blank_ctrl_53.tif,,/work/users/b/e/behnamie/ecDNA_Data/bioimage_archive/rgb/ncih2170_cart_72h_blank_ctrl_53.tif,/work/users/b/e/behnamie/ecDNA_Data/bioimage_archive/dapi/ncih2170_cart_72h_blank_ctrl_53.tif,/work/users/b/e/behnamie/ecDNA_Data/bioimage_archive/roi_mask/ncih2170_cart_72h_blank_ctrl_53.png,/work/users/b/e/behnamie/ecDNA_Data/bioimage_archive/gt_image/ncih2170_cart_72h_blank_ctrl_53.tif
ncih2170_cart_72h_blank_ctrl_67,NCI-H2170,val,val,True,False,True,False,1,rgb/ncih2170_cart_72h_blank_ctrl_67.tif,dapi/ncih2170_cart_72h_blank_ctrl_67.tif,roi_mask/ncih2170_cart_72h_blank_ctrl_67.png,gt_image/ncih2170_cart_72h_blank_ctrl_67.tif,,103,103,True,True,True,True,ncih2170_cart_72h_blank_ctrl_67.tif,ncih2170_cart_72h_blank_ctrl_67.tif,ncih2170_cart_72h_blank_ctrl_67.png,ncih2170_cart_72h_blank_ctrl_67.tif,,/work/users/b/e/behnamie/ecDNA_Data/bioimage_archive/rgb/ncih2170_cart_72h_blank_ctrl_67.tif,/work/users/b/e/behnamie/ecDNA_Data/bioimage_archive/dapi/ncih2170_cart_72h_blank_ctrl_67.tif,/work/users/b/e/behnamie/ecDNA_Data/bioimage_archive/roi_mask/ncih2170_cart_72h_blank_ctrl_67.png,/work/users/b/e/behnamie/ecDNA_Data/bioimage_archive/gt_image/ncih2170_cart_72h_blank_ctrl_67.tif
ncih2170_cart_72h_blank_ctrl_88,NCI-H2170,val,val,True,False,True,False,1,rgb/ncih2170_cart_72h_blank_ctrl_88.tif,dapi/ncih2170_cart_72h_blank_ctrl_88.tif,roi_mask/ncih2170_cart_72h_blank_ctrl_88.png,gt_image/ncih2170_cart_72h_blank_ctrl_88.tif,,35,35,True,True,True,True,ncih2170_cart_72h_blank_ctrl_88.tif,ncih2170_cart_72h_blank_ctrl_88.tif,ncih2170_cart_72h_blank_ctrl_88.png,ncih2170_cart_72h_blank_ctrl_88.tif,,/work/users/b/e/behnamie/ecDNA_Data/bioimage_archive/rgb/ncih2170_cart_72h_blank_ctrl_88.tif,/work/users/b/e/behnamie/ecDNA_Data/bioimage_archive/dapi/ncih2170_cart_72h_blank_ctrl_88.tif,/work/users/b/e/behnamie/ecDNA_Data/bioimage_archive/roi_mask/ncih2170_cart_72h_blank_ctrl_88.png,/work/users/b/e/behnamie/ecDNA_Data/bioimage_archive/gt_image/ncih2170_cart_72h_blank_ctrl_88.tif
ncih2170_cart_72h_blank_ctrl_95,NCI-H2170,val,val,True,False,True,False,1,rgb/ncih2170_cart_72h_blank_ctrl_95.tif,dapi/ncih2170_cart_72h_blank_ctrl_95.tif,roi_mask/ncih2170_cart_72h_blank_ctrl_95.png,gt_image/ncih2170_cart_72h_blank_ctrl_95.tif,,17,17,True,True,True,True,ncih2170_cart_72h_blank_ctrl_95.tif,ncih2170_cart_72h_blank_ctrl_95.tif,ncih2170_cart_72h_blank_ctrl_95.png,ncih2170_cart_72h_blank_ctrl_95.tif,,/work/users/b/e/behnamie/ecDNA_Data/bioimage_archive/rgb/ncih2170_cart_72h_blank_ctrl_95.tif,/work/users/b/e/behnamie/ecDNA_Data/bioimage_archive/dapi/ncih2170_cart_72h_blank_ctrl_95.tif,/work/users/b/e/behnamie/ecDNA_Data/bioimage_archive/roi_mask/ncih2170_cart_72h_blank_ctrl_95.png,/work/users/b/e/behnamie/ecDNA_Data/bioimage_archive/gt_image/ncih2170_cart_72h_blank_ctrl_95.tif
ncih2170_cart_72h_cart_21,NCI-H2170,val,val,True,False,True,False,1,rgb/ncih2170_cart_72h_cart_21.tif,dapi/ncih2170_cart_72h_cart_21.tif,roi_mask/ncih2170_cart_72h_cart_21.png,gt_image/ncih2170_cart_72h_cart_21.tif,,71,71,True,True,True,True,ncih2170_cart_72h_cart_21.tif,ncih2170_cart_72h_cart_21.tif,ncih2170_cart_72h_cart_21.png,ncih2170_cart_72h_cart_21.tif,,/work/users/b/e/behnamie/ecDNA_Data/bioimage_archive/rgb/ncih2170_cart_72h_cart_21.tif,/work/users/b/e/behnamie/ecDNA_Data/bioimage_archive/dapi/ncih2170_cart_72h_cart_21.tif,/work/users/b/e/behnamie/ecDNA_Data/bioimage_archive/roi_mask/ncih2170_cart_72h_cart_21.png,/work/users/b/e/behnamie/ecDNA_Data/bioimage_archive/gt_image/ncih2170_cart_72h_cart_21.tif
ncih2170_cart_72h_cart_38,NCI-H2170,val,val,True,False,True,False,1,rgb/ncih2170_cart_72h_cart_38.tif,dapi/ncih2170_cart_72h_cart_38.tif,roi_mask/ncih2170_cart_72h_cart_38.png,gt_image/ncih2170_cart_72h_cart_38.tif,,46,46,True,True,True,True,ncih2170_cart_72h_cart_38.tif,ncih2170_cart_72h_cart_38.tif,ncih2170_cart_72h_cart_38.png,ncih2170_cart_72h_cart_38.tif,,/work/users/b/e/behnamie/ecDNA_Data/bioimage_archive/rgb/ncih2170_cart_72h_cart_38.tif,/work/users/b/e/behnamie/ecDNA_Data/bioimage_archive/dapi/ncih2170_cart_72h_cart_38.tif,/work/users/b/e/behnamie/ecDNA_Data/bioimage_archive/roi_mask/ncih2170_cart_72h_cart_38.png,/work/users/b/e/behnamie/ecDNA_Data/bioimage_archive/gt_image/ncih2170_cart_72h_cart_38.tif
ncih2170_cart_72h_cart_61,NCI-H2170,val,val,True,False,True,False,1,rgb/ncih2170_cart_72h_cart_61.tif,dapi/ncih2170_cart_72h_cart_61.tif,roi_mask/ncih2170_cart_72h_cart_61.png,gt_image/ncih2170_cart_72h_cart_61.tif,,9,9,True,True,True,True,ncih2170_cart_72h_cart_61.tif,ncih2170_cart_72h_cart_61.tif,ncih2170_cart_72h_cart_61.png,ncih2170_cart_72h_cart_61.tif,,/work/users/b/e/behnamie/ecDNA_Data/bioimage_archive/rgb/ncih2170_cart_72h_cart_61.tif,/work/users/b/e/behnamie/ecDNA_Data/bioimage_archive/dapi/ncih2170_cart_72h_cart_61.tif,/work/users/b/e/behnamie/ecDNA_Data/bioimage_archive/roi_mask/ncih2170_cart_72h_cart_61.png,/work/users/b/e/behnamie/ecDNA_Data/bioimage_archive/gt_image/ncih2170_cart_72h_cart_61.tif
ncih2170_cart_72h_cart_77,NCI-H2170,val,val,True,False,True,False,1,rgb/ncih2170_cart_72h_cart_77.tif,dapi/ncih2170_cart_72h_cart_77.tif,roi_mask/ncih2170_cart_72h_cart_77.png,gt_image/ncih2170_cart_72h_cart_77.tif,,75,75,True,True,True,True,ncih2170_cart_72h_cart_77.tif,ncih2170_cart_72h_cart_77.tif,ncih2170_cart_72h_cart_77.png,ncih2170_cart_72h_cart_77.tif,,/work/users/b/e/behnamie/ecDNA_Data/bioimage_archive/rgb/ncih2170_cart_72h_cart_77.tif,/work/users/b/e/behnamie/ecDNA_Data/bioimage_archive/dapi/ncih2170_cart_72h_cart_77.tif,/work/users/b/e/behnamie/ecDNA_Data/bioimage_archive/roi_mask/ncih2170_cart_72h_cart_77.png,/work/users/b/e/behnamie/ecDNA_Data/bioimage_archive/gt_image/ncih2170_cart_72h_cart_77.tif
ncih2170_cart_72h_cart_81,NCI-H2170,val,val,True,False,True,False,1,rgb/ncih2170_cart_72h_cart_81.tif,dapi/ncih2170_cart_72h_cart_81.tif,roi_mask/ncih2170_cart_72h_cart_81.png,gt_image/ncih2170_cart_72h_cart_81.tif,,58,58,True,True,True,True,ncih2170_cart_72h_cart_81.tif,ncih2170_cart_72h_cart_81.tif,ncih2170_cart_72h_cart_81.png,ncih2170_cart_72h_cart_81.tif,,/work/users/b/e/behnamie/ecDNA_Data/bioimage_archive/rgb/ncih2170_cart_72h_cart_81.tif,/work/users/b/e/behnamie/ecDNA_Data/bioimage_archive/dapi/ncih2170_cart_72h_cart_81.tif,/work/users/b/e/behnamie/ecDNA_Data/bioimage_archive/roi_mask/ncih2170_cart_72h_cart_81.png,/work/users/b/e/behnamie/ecDNA_Data/bioimage_archive/gt_image/ncih2170_cart_72h_cart_81.tif
ncih2170_cart_72h_nt_ctrl_17,NCI-H2170,val,val,True,False,True,False,1,rgb/ncih2170_cart_72h_nt_ctrl_17.tif,dapi/ncih2170_cart_72h_nt_ctrl_17.tif,roi_mask/ncih2170_cart_72h_nt_ctrl_17.png,gt_image/ncih2170_cart_72h_nt_ctrl_17.tif,,188,188,True,True,True,True,ncih2170_cart_72h_nt_ctrl_17.tif,ncih2170_cart_72h_nt_ctrl_17.tif,ncih2170_cart_72h_nt_ctrl_17.png,ncih2170_cart_72h_nt_ctrl_17.tif,,/work/users/b/e/behnamie/ecDNA_Data/bioimage_archive/rgb/ncih2170_cart_72h_nt_ctrl_17.tif,/work/users/b/e/behnamie/ecDNA_Data/bioimage_archive/dapi/ncih2170_cart_72h_nt_ctrl_17.tif,/work/users/b/e/behnamie/ecDNA_Data/bioimage_archive/roi_mask/ncih2170_cart_72h_nt_ctrl_17.png,/work/users/b/e/behnamie/ecDNA_Data/bioimage_archive/gt_image/ncih2170_cart_72h_nt_ctrl_17.tif
ncih2170_cart_72h_nt_ctrl_18,NCI-H2170,val,val,True,False,True,False,1,rgb/ncih2170_cart_72h_nt_ctrl_18.tif,dapi/ncih2170_cart_72h_nt_ctrl_18.tif,roi_mask/ncih2170_cart_72h_nt_ctrl_18.png,gt_image/ncih2170_cart_72h_nt_ctrl_18.tif,,102,102,True,True,True,True,ncih2170_cart_72h_nt_ctrl_18.tif,ncih2170_cart_72h_nt_ctrl_18.tif,ncih2170_cart_72h_nt_ctrl_18.png,ncih2170_cart_72h_nt_ctrl_18.tif,,/work/users/b/e/behnamie/ecDNA_Data/bioimage_archive/rgb/ncih2170_cart_72h_nt_ctrl_18.tif,/work/users/b/e/behnamie/ecDNA_Data/bioimage_archive/dapi/ncih2170_cart_72h_nt_ctrl_18.tif,/work/users/b/e/behnamie/ecDNA_Data/bioimage_archive/roi_mask/ncih2170_cart_72h_nt_ctrl_18.png,/work/users/b/e/behnamie/ecDNA_Data/bioimage_archive/gt_image/ncih2170_cart_72h_nt_ctrl_18.tif
ncih2170_cart_72h_nt_ctrl_19,NCI-H2170,val,val,True,False,True,False,1,rgb/ncih2170_cart_72h_nt_ctrl_19.tif,dapi/ncih2170_cart_72h_nt_ctrl_19.tif,roi_mask/ncih2170_cart_72h_nt_ctrl_19.png,gt_image/ncih2170_cart_72h_nt_ctrl_19.tif,,33,33,True,True,True,True,ncih2170_cart_72h_nt_ctrl_19.tif,ncih2170_cart_72h_nt_ctrl_19.tif,ncih2170_cart_72h_nt_ctrl_19.png,ncih2170_cart_72h_nt_ctrl_19.tif,,/work/users/b/e/behnamie/ecDNA_Data/bioimage_archive/rgb/ncih2170_cart_72h_nt_ctrl_19.tif,/work/users/b/e/behnamie/ecDNA_Data/bioimage_archive/dapi/ncih2170_cart_72h_nt_ctrl_19.tif,/work/users/b/e/behnamie/ecDNA_Data/bioimage_archive/roi_mask/ncih2170_cart_72h_nt_ctrl_19.png,/work/users/b/e/behnamie/ecDNA_Data/bioimage_archive/gt_image/ncih2170_cart_72h_nt_ctrl_19.tif
ncih2170_cart_72h_nt_ctrl_32,NCI-H2170,val,val,True,False,True,False,1,rgb/ncih2170_cart_72h_nt_ctrl_32.tif,dapi/ncih2170_cart_72h_nt_ctrl_32.tif,roi_mask/ncih2170_cart_72h_nt_ctrl_32.png,gt_image/ncih2170_cart_72h_nt_ctrl_32.tif,,201,201,True,True,True,True,ncih2170_cart_72h_nt_ctrl_32.tif,ncih2170_cart_72h_nt_ctrl_32.tif,ncih2170_cart_72h_nt_ctrl_32.png,ncih2170_cart_72h_nt_ctrl_32.tif,,/work/users/b/e/behnamie/ecDNA_Data/bioimage_archive/rgb/ncih2170_cart_72h_nt_ctrl_32.tif,/work/users/b/e/behnamie/ecDNA_Data/bioimage_archive/dapi/ncih2170_cart_72h_nt_ctrl_32.tif,/work/users/b/e/behnamie/ecDNA_Data/bioimage_archive/roi_mask/ncih2170_cart_72h_nt_ctrl_32.png,/work/users/b/e/behnamie/ecDNA_Data/bioimage_archive/gt_image/ncih2170_cart_72h_nt_ctrl_32.tif
ncih2170_cart_72h_nt_ctrl_37,NCI-H2170,val,val,True,False,True,False,1,rgb/ncih2170_cart_72h_nt_ctrl_37.tif,dapi/ncih2170_cart_72h_nt_ctrl_37.tif,roi_mask/ncih2170_cart_72h_nt_ctrl_37.png,gt_image/ncih2170_cart_72h_nt_ctrl_37.tif,,107,107,True,True,True,True,ncih2170_cart_72h_nt_ctrl_37.tif,ncih2170_cart_72h_nt_ctrl_37.tif,ncih2170_cart_72h_nt_ctrl_37.png,ncih2170_cart_72h_nt_ctrl_37.tif,,/work/users/b/e/behnamie/ecDNA_Data/bioimage_archive/rgb/ncih2170_cart_72h_nt_ctrl_37.tif,/work/users/b/e/behnamie/ecDNA_Data/bioimage_archive/dapi/ncih2170_cart_72h_nt_ctrl_37.tif,/work/users/b/e/behnamie/ecDNA_Data/bioimage_archive/roi_mask/ncih2170_cart_72h_nt_ctrl_37.png,/work/users/b/e/behnamie/ecDNA_Data/bioimage_archive/gt_image/ncih2170_cart_72h_nt_ctrl_37.tif
ncih2170_cart_72h_nt_ctrl_59,NCI-H2170,val,val,True,False,True,False,1,rgb/ncih2170_cart_72h_nt_ctrl_59.tif,dapi/ncih2170_cart_72h_nt_ctrl_59.tif,roi_mask/ncih2170_cart_72h_nt_ctrl_59.png,gt_image/ncih2170_cart_72h_nt_ctrl_59.tif,,160,388,True,True,True,True,ncih2170_cart_72h_nt_ctrl_59.tif,ncih2170_cart_72h_nt_ctrl_59.tif,ncih2170_cart_72h_nt_ctrl_59.png,ncih2170_cart_72h_nt_ctrl_59.tif,,/work/users/b/e/behnamie/ecDNA_Data/bioimage_archive/rgb/ncih2170_cart_72h_nt_ctrl_59.tif,/work/users/b/e/behnamie/ecDNA_Data/bioimage_archive/dapi/ncih2170_cart_72h_nt_ctrl_59.tif,/work/users/b/e/behnamie/ecDNA_Data/bioimage_archive/roi_mask/ncih2170_cart_72h_nt_ctrl_59.png,/work/users/b/e/behnamie/ecDNA_Data/bioimage_archive/gt_image/ncih2170_cart_72h_nt_ctrl_59.tif
ncih2170_cart_72h_nt_ctrl_62,NCI-H2170,val,val,True,False,True,False,1,rgb/ncih2170_cart_72h_nt_ctrl_62.tif,dapi/ncih2170_cart_72h_nt_ctrl_62.tif,roi_mask/ncih2170_cart_72h_nt_ctrl_62.png,gt_image/ncih2170_cart_72h_nt_ctrl_62.tif,,168,168,True,True,True,True,ncih2170_cart_72h_nt_ctrl_62.tif,ncih2170_cart_72h_nt_ctrl_62.tif,ncih2170_cart_72h_nt_ctrl_62.png,ncih2170_cart_72h_nt_ctrl_62.tif,,/work/users/b/e/behnamie/ecDNA_Data/bioimage_archive/rgb/ncih2170_cart_72h_nt_ctrl_62.tif,/work/users/b/e/behnamie/ecDNA_Data/bioimage_archive/dapi/ncih2170_cart_72h_nt_ctrl_62.tif,/work/users/b/e/behnamie/ecDNA_Data/bioimage_archive/roi_mask/ncih2170_cart_72h_nt_ctrl_62.png,/work/users/b/e/behnamie/ecDNA_Data/bioimage_archive/gt_image/ncih2170_cart_72h_nt_ctrl_62.tif
ncih2170_cart_72h_nt_ctrl_63,NCI-H2170,val,val,True,False,True,False,1,rgb/ncih2170_cart_72h_nt_ctrl_63.tif,dapi/ncih2170_cart_72h_nt_ctrl_63.tif,roi_mask/ncih2170_cart_72h_nt_ctrl_63.png,gt_image/ncih2170_cart_72h_nt_ctrl_63.tif,,160,166,True,True,True,True,ncih2170_cart_72h_nt_ctrl_63.tif,ncih2170_cart_72h_nt_ctrl_63.tif,ncih2170_cart_72h_nt_ctrl_63.png,ncih2170_cart_72h_nt_ctrl_63.tif,,/work/users/b/e/behnamie/ecDNA_Data/bioimage_archive/rgb/ncih2170_cart_72h_nt_ctrl_63.tif,/work/users/b/e/behnamie/ecDNA_Data/bioimage_archive/dapi/ncih2170_cart_72h_nt_ctrl_63.tif,/work/users/b/e/behnamie/ecDNA_Data/bioimage_archive/roi_mask/ncih2170_cart_72h_nt_ctrl_63.png,/work/users/b/e/behnamie/ecDNA_Data/bioimage_archive/gt_image/ncih2170_cart_72h_nt_ctrl_63.tif
ncih2170_cart_72h_nt_ctrl_92,NCI-H2170,val,val,True,False,True,False,1,rgb/ncih2170_cart_72h_nt_ctrl_92.tif,dapi/ncih2170_cart_72h_nt_ctrl_92.tif,roi_mask/ncih2170_cart_72h_nt_ctrl_92.png,gt_image/ncih2170_cart_72h_nt_ctrl_92.tif,,147,150,True,True,True,True,ncih2170_cart_72h_nt_ctrl_92.tif,ncih2170_cart_72h_nt_ctrl_92.tif,ncih2170_cart_72h_nt_ctrl_92.png,ncih2170_cart_72h_nt_ctrl_92.tif,,/work/users/b/e/behnamie/ecDNA_Data/bioimage_archive/rgb/ncih2170_cart_72h_nt_ctrl_92.tif,/work/users/b/e/behnamie/ecDNA_Data/bioimage_archive/dapi/ncih2170_cart_72h_nt_ctrl_92.tif,/work/users/b/e/behnamie/ecDNA_Data/bioimage_archive/roi_mask/ncih2170_cart_72h_nt_ctrl_92.png,/work/users/b/e/behnamie/ecDNA_Data/bioimage_archive/gt_image/ncih2170_cart_72h_nt_ctrl_92.tif
ncih2170_cart_72h_nt_ctrl_93,NCI-H2170,val,val,True,False,True,False,1,rgb/ncih2170_cart_72h_nt_ctrl_93.tif,dapi/ncih2170_cart_72h_nt_ctrl_93.tif,roi_mask/ncih2170_cart_72h_nt_ctrl_93.png,gt_image/ncih2170_cart_72h_nt_ctrl_93.tif,,451,460,True,True,True,True,ncih2170_cart_72h_nt_ctrl_93.tif,ncih2170_cart_72h_nt_ctrl_93.tif,ncih2170_cart_72h_nt_ctrl_93.png,ncih2170_cart_72h_nt_ctrl_93.tif,,/work/users/b/e/behnamie/ecDNA_Data/bioimage_archive/rgb/ncih2170_cart_72h_nt_ctrl_93.tif,/work/users/b/e/behnamie/ecDNA_Data/bioimage_archive/dapi/ncih2170_cart_72h_nt_ctrl_93.tif,/work/users/b/e/behnamie/ecDNA_Data/bioimage_archive/roi_mask/ncih2170_cart_72h_nt_ctrl_93.png,/work/users/b/e/behnamie/ecDNA_Data/bioimage_archive/gt_image/ncih2170_cart_72h_nt_ctrl_93.tif
ncih2170_ctrl_1_45,NCI-H2170,val,val,True,False,True,False,1,rgb/ncih2170_ctrl_1_45.tif,dapi/ncih2170_ctrl_1_45.tif,roi_mask/ncih2170_ctrl_1_45.png,gt_image/ncih2170_ctrl_1_45.tif,,141,144,True,True,True,True,ncih2170_ctrl_1_45.tif,ncih2170_ctrl_1_45.tif,ncih2170_ctrl_1_45.png,ncih2170_ctrl_1_45.tif,,/work/users/b/e/behnamie/ecDNA_Data/bioimage_archive/rgb/ncih2170_ctrl_1_45.tif,/work/users/b/e/behnamie/ecDNA_Data/bioimage_archive/dapi/ncih2170_ctrl_1_45.tif,/work/users/b/e/behnamie/ecDNA_Data/bioimage_archive/roi_mask/ncih2170_ctrl_1_45.png,/work/users/b/e/behnamie/ecDNA_Data/bioimage_archive/gt_image/ncih2170_ctrl_1_45.tif
ncih2170_ctrl_1_60,NCI-H2170,val,val,True,False,True,False,1,rgb/ncih2170_ctrl_1_60.tif,dapi/ncih2170_ctrl_1_60.tif,roi_mask/ncih2170_ctrl_1_60.png,gt_image/ncih2170_ctrl_1_60.tif,,567,568,True,True,True,True,ncih2170_ctrl_1_60.tif,ncih2170_ctrl_1_60.tif,ncih2170_ctrl_1_60.png,ncih2170_ctrl_1_60.tif,,/work/users/b/e/behnamie/ecDNA_Data/bioimage_archive/rgb/ncih2170_ctrl_1_60.tif,/work/users/b/e/behnamie/ecDNA_Data/bioimage_archive/dapi/ncih2170_ctrl_1_60.tif,/work/users/b/e/behnamie/ecDNA_Data/bioimage_archive/roi_mask/ncih2170_ctrl_1_60.png,/work/users/b/e/behnamie/ecDNA_Data/bioimage_archive/gt_image/ncih2170_ctrl_1_60.tif
ncih2170_ctrl_1_70,NCI-H2170,val,val,True,False,True,False,1,rgb/ncih2170_ctrl_1_70.tif,dapi/ncih2170_ctrl_1_70.tif,roi_mask/ncih2170_ctrl_1_70.png,gt_image/ncih2170_ctrl_1_70.tif,,115,115,True,True,True,True,ncih2170_ctrl_1_70.tif,ncih2170_ctrl_1_70.tif,ncih2170_ctrl_1_70.png,ncih2170_ctrl_1_70.tif,,/work/users/b/e/behnamie/ecDNA_Data/bioimage_archive/rgb/ncih2170_ctrl_1_70.tif,/work/users/b/e/behnamie/ecDNA_Data/bioimage_archive/dapi/ncih2170_ctrl_1_70.tif,/work/users/b/e/behnamie/ecDNA_Data/bioimage_archive/roi_mask/ncih2170_ctrl_1_70.png,/work/users/b/e/behnamie/ecDNA_Data/bioimage_archive/gt_image/ncih2170_ctrl_1_70.tif
ncih2170_ctrl_2_110,NCI-H2170,val,val,True,False,True,False,1,rgb/ncih2170_ctrl_2_110.tif,dapi/ncih2170_ctrl_2_110.tif,roi_mask/ncih2170_ctrl_2_110.png,gt_image/ncih2170_ctrl_2_110.tif,,526,528,True,True,True,True,ncih2170_ctrl_2_110.tif,ncih2170_ctrl_2_110.tif,ncih2170_ctrl_2_110.png,ncih2170_ctrl_2_110.tif,,/work/users/b/e/behnamie/ecDNA_Data/bioimage_archive/rgb/ncih2170_ctrl_2_110.tif,/work/users/b/e/behnamie/ecDNA_Data/bioimage_archive/dapi/ncih2170_ctrl_2_110.tif,/work/users/b/e/behnamie/ecDNA_Data/bioimage_archive/roi_mask/ncih2170_ctrl_2_110.png,/work/users/b/e/behnamie/ecDNA_Data/bioimage_archive/gt_image/ncih2170_ctrl_2_110.tif
ncih2170_ctrl_2_123,NCI-H2170,val,val,True,False,True,False,1,rgb/ncih2170_ctrl_2_123.tif,dapi/ncih2170_ctrl_2_123.tif,roi_mask/ncih2170_ctrl_2_123.png,gt_image/ncih2170_ctrl_2_123.tif,,430,434,True,True,True,True,ncih2170_ctrl_2_123.tif,ncih2170_ctrl_2_123.tif,ncih2170_ctrl_2_123.png,ncih2170_ctrl_2_123.tif,,/work/users/b/e/behnamie/ecDNA_Data/bioimage_archive/rgb/ncih2170_ctrl_2_123.tif,/work/users/b/e/behnamie/ecDNA_Data/bioimage_archive/dapi/ncih2170_ctrl_2_123.tif,/work/users/b/e/behnamie/ecDNA_Data/bioimage_archive/roi_mask/ncih2170_ctrl_2_123.png,/work/users/b/e/behnamie/ecDNA_Data/bioimage_archive/gt_image/ncih2170_ctrl_2_123.tif
ncih2170_ctrl_2_126,NCI-H2170,val,val,True,False,True,False,1,rgb/ncih2170_ctrl_2_126.tif,dapi/ncih2170_ctrl_2_126.tif,roi_mask/ncih2170_ctrl_2_126.png,gt_image/ncih2170_ctrl_2_126.tif,,196,196,True,True,True,True,ncih2170_ctrl_2_126.tif,ncih2170_ctrl_2_126.tif,ncih2170_ctrl_2_126.png,ncih2170_ctrl_2_126.tif,,/work/users/b/e/behnamie/ecDNA_Data/bioimage_archive/rgb/ncih2170_ctrl_2_126.tif,/work/users/b/e/behnamie/ecDNA_Data/bioimage_archive/dapi/ncih2170_ctrl_2_126.tif,/work/users/b/e/behnamie/ecDNA_Data/bioimage_archive/roi_mask/ncih2170_ctrl_2_126.png,/work/users/b/e/behnamie/ecDNA_Data/bioimage_archive/gt_image/ncih2170_ctrl_2_126.tif
ncih2170_ctrl_2_133,NCI-H2170,val,val,True,False,True,False,1,rgb/ncih2170_ctrl_2_133.tif,dapi/ncih2170_ctrl_2_133.tif,roi_mask/ncih2170_ctrl_2_133.png,gt_image/ncih2170_ctrl_2_133.tif,,557,563,True,True,True,True,ncih2170_ctrl_2_133.tif,ncih2170_ctrl_2_133.tif,ncih2170_ctrl_2_133.png,ncih2170_ctrl_2_133.tif,,/work/users/b/e/behnamie/ecDNA_Data/bioimage_archive/rgb/ncih2170_ctrl_2_133.tif,/work/users/b/e/behnamie/ecDNA_Data/bioimage_archive/dapi/ncih2170_ctrl_2_133.tif,/work/users/b/e/behnamie/ecDNA_Data/bioimage_archive/roi_mask/ncih2170_ctrl_2_133.png,/work/users/b/e/behnamie/ecDNA_Data/bioimage_archive/gt_image/ncih2170_ctrl_2_133.tif
ncih2170_ctrl_2_143,NCI-H2170,val,val,True,False,True,False,1,rgb/ncih2170_ctrl_2_143.tif,dapi/ncih2170_ctrl_2_143.tif,roi_mask/ncih2170_ctrl_2_143.png,gt_image/ncih2170_ctrl_2_143.tif,,191,192,True,True,True,True,ncih2170_ctrl_2_143.tif,ncih2170_ctrl_2_143.tif,ncih2170_ctrl_2_143.png,ncih2170_ctrl_2_143.tif,,/work/users/b/e/behnamie/ecDNA_Data/bioimage_archive/rgb/ncih2170_ctrl_2_143.tif,/work/users/b/e/behnamie/ecDNA_Data/bioimage_archive/dapi/ncih2170_ctrl_2_143.tif,/work/users/b/e/behnamie/ecDNA_Data/bioimage_archive/roi_mask/ncih2170_ctrl_2_143.png,/work/users/b/e/behnamie/ecDNA_Data/bioimage_archive/gt_image/ncih2170_ctrl_2_143.tif
ncih2170_ctrl_2_27,NCI-H2170,val,val,True,False,True,False,1,rgb/ncih2170_ctrl_2_27.tif,dapi/ncih2170_ctrl_2_27.tif,roi_mask/ncih2170_ctrl_2_27.png,gt_image/ncih2170_ctrl_2_27.tif,,520,539,True,True,True,True,ncih2170_ctrl_2_27.tif,ncih2170_ctrl_2_27.tif,ncih2170_ctrl_2_27.png,ncih2170_ctrl_2_27.tif,,/work/users/b/e/behnamie/ecDNA_Data/bioimage_archive/rgb/ncih2170_ctrl_2_27.tif,/work/users/b/e/behnamie/ecDNA_Data/bioimage_archive/dapi/ncih2170_ctrl_2_27.tif,/work/users/b/e/behnamie/ecDNA_Data/bioimage_archive/roi_mask/ncih2170_ctrl_2_27.png,/work/users/b/e/behnamie/ecDNA_Data/bioimage_archive/gt_image/ncih2170_ctrl_2_27.tif
ncih2170_ctrl_2_31,NCI-H2170,val,val,True,False,True,False,1,rgb/ncih2170_ctrl_2_31.tif,dapi/ncih2170_ctrl_2_31.tif,roi_mask/ncih2170_ctrl_2_31.png,gt_image/ncih2170_ctrl_2_31.tif,,89,89,True,True,True,True,ncih2170_ctrl_2_31.tif,ncih2170_ctrl_2_31.tif,ncih2170_ctrl_2_31.png,ncih2170_ctrl_2_31.tif,,/work/users/b/e/behnamie/ecDNA_Data/bioimage_archive/rgb/ncih2170_ctrl_2_31.tif,/work/users/b/e/behnamie/ecDNA_Data/bioimage_archive/dapi/ncih2170_ctrl_2_31.tif,/work/users/b/e/behnamie/ecDNA_Data/bioimage_archive/roi_mask/ncih2170_ctrl_2_31.png,/work/users/b/e/behnamie/ecDNA_Data/bioimage_archive/gt_image/ncih2170_ctrl_2_31.tif
ncih2170_facs_fish_0223_high_her2_19,NCI-H2170,val,val,True,False,True,False,1,rgb/ncih2170_facs_fish_0223_high_her2_19.tif,dapi/ncih2170_facs_fish_0223_high_her2_19.tif,roi_mask/ncih2170_facs_fish_0223_high_her2_19.png,gt_image/ncih2170_facs_fish_0223_high_her2_19.tif,,96,99,True,True,True,True,ncih2170_facs_fish_0223_high_her2_19.tif,ncih2170_facs_fish_0223_high_her2_19.tif,ncih2170_facs_fish_0223_high_her2_19.png,ncih2170_facs_fish_0223_high_her2_19.tif,,/work/users/b/e/behnamie/ecDNA_Data/bioimage_archive/rgb/ncih2170_facs_fish_0223_high_her2_19.tif,/work/users/b/e/behnamie/ecDNA_Data/bioimage_archive/dapi/ncih2170_facs_fish_0223_high_her2_19.tif,/work/users/b/e/behnamie/ecDNA_Data/bioimage_archive/roi_mask/ncih2170_facs_fish_0223_high_her2_19.png,/work/users/b/e/behnamie/ecDNA_Data/bioimage_archive/gt_image/ncih2170_facs_fish_0223_high_her2_19.tif
ncih2170_facs_fish_0223_high_her2_20,NCI-H2170,val,val,True,False,True,False,1,rgb/ncih2170_facs_fish_0223_high_her2_20.tif,dapi/ncih2170_facs_fish_0223_high_her2_20.tif,roi_mask/ncih2170_facs_fish_0223_high_her2_20.png,gt_image/ncih2170_facs_fish_0223_high_her2_20.tif,,87,87,True,True,True,True,ncih2170_facs_fish_0223_high_her2_20.tif,ncih2170_facs_fish_0223_high_her2_20.tif,ncih2170_facs_fish_0223_high_her2_20.png,ncih2170_facs_fish_0223_high_her2_20.tif,,/work/users/b/e/behnamie/ecDNA_Data/bioimage_archive/rgb/ncih2170_facs_fish_0223_high_her2_20.tif,/work/users/b/e/behnamie/ecDNA_Data/bioimage_archive/dapi/ncih2170_facs_fish_0223_high_her2_20.tif,/work/users/b/e/behnamie/ecDNA_Data/bioimage_archive/roi_mask/ncih2170_facs_fish_0223_high_her2_20.png,/work/users/b/e/behnamie/ecDNA_Data/bioimage_archive/gt_image/ncih2170_facs_fish_0223_high_her2_20.tif
ncih2170_facs_fish_0223_low_her2_12,NCI-H2170,val,val,True,False,True,False,1,rgb/ncih2170_facs_fish_0223_low_her2_12.tif,dapi/ncih2170_facs_fish_0223_low_her2_12.tif,roi_mask/ncih2170_facs_fish_0223_low_her2_12.png,gt_image/ncih2170_facs_fish_0223_low_her2_12.tif,,77,77,True,True,True,True,ncih2170_facs_fish_0223_low_her2_12.tif,ncih2170_facs_fish_0223_low_her2_12.tif,ncih2170_facs_fish_0223_low_her2_12.png,ncih2170_facs_fish_0223_low_her2_12.tif,,/work/users/b/e/behnamie/ecDNA_Data/bioimage_archive/rgb/ncih2170_facs_fish_0223_low_her2_12.tif,/work/users/b/e/behnamie/ecDNA_Data/bioimage_archive/dapi/ncih2170_facs_fish_0223_low_her2_12.tif,/work/users/b/e/behnamie/ecDNA_Data/bioimage_archive/roi_mask/ncih2170_facs_fish_0223_low_her2_12.png,/work/users/b/e/behnamie/ecDNA_Data/bioimage_archive/gt_image/ncih2170_facs_fish_0223_low_her2_12.tif
ncih2170_facs_fish_0423_low_her2_115,NCI-H2170,val,val,True,False,True,False,1,rgb/ncih2170_facs_fish_0423_low_her2_115.tif,dapi/ncih2170_facs_fish_0423_low_her2_115.tif,roi_mask/ncih2170_facs_fish_0423_low_her2_115.png,gt_image/ncih2170_facs_fish_0423_low_her2_115.tif,,152,152,True,True,True,True,ncih2170_facs_fish_0423_low_her2_115.tif,ncih2170_facs_fish_0423_low_her2_115.tif,ncih2170_facs_fish_0423_low_her2_115.png,ncih2170_facs_fish_0423_low_her2_115.tif,,/work/users/b/e/behnamie/ecDNA_Data/bioimage_archive/rgb/ncih2170_facs_fish_0423_low_her2_115.tif,/work/users/b/e/behnamie/ecDNA_Data/bioimage_archive/dapi/ncih2170_facs_fish_0423_low_her2_115.tif,/work/users/b/e/behnamie/ecDNA_Data/bioimage_archive/roi_mask/ncih2170_facs_fish_0423_low_her2_115.png,/work/users/b/e/behnamie/ecDNA_Data/bioimage_archive/gt_image/ncih2170_facs_fish_0423_low_her2_115.tif
ncih2170_facs_fish_0423_low_her2_14,NCI-H2170,val,val,True,False,True,False,1,rgb/ncih2170_facs_fish_0423_low_her2_14.tif,dapi/ncih2170_facs_fish_0423_low_her2_14.tif,roi_mask/ncih2170_facs_fish_0423_low_her2_14.png,gt_image/ncih2170_facs_fish_0423_low_her2_14.tif,,70,70,True,True,True,True,ncih2170_facs_fish_0423_low_her2_14.tif,ncih2170_facs_fish_0423_low_her2_14.tif,ncih2170_facs_fish_0423_low_her2_14.png,ncih2170_facs_fish_0423_low_her2_14.tif,,/work/users/b/e/behnamie/ecDNA_Data/bioimage_archive/rgb/ncih2170_facs_fish_0423_low_her2_14.tif,/work/users/b/e/behnamie/ecDNA_Data/bioimage_archive/dapi/ncih2170_facs_fish_0423_low_her2_14.tif,/work/users/b/e/behnamie/ecDNA_Data/bioimage_archive/roi_mask/ncih2170_facs_fish_0423_low_her2_14.png,/work/users/b/e/behnamie/ecDNA_Data/bioimage_archive/gt_image/ncih2170_facs_fish_0423_low_her2_14.tif
ncih2170_facs_fish_0423_low_her2_21,NCI-H2170,val,val,True,False,True,False,1,rgb/ncih2170_facs_fish_0423_low_her2_21.tif,dapi/ncih2170_facs_fish_0423_low_her2_21.tif,roi_mask/ncih2170_facs_fish_0423_low_her2_21.png,gt_image/ncih2170_facs_fish_0423_low_her2_21.tif,,48,48,True,True,True,True,ncih2170_facs_fish_0423_low_her2_21.tif,ncih2170_facs_fish_0423_low_her2_21.tif,ncih2170_facs_fish_0423_low_her2_21.png,ncih2170_facs_fish_0423_low_her2_21.tif,,/work/users/b/e/behnamie/ecDNA_Data/bioimage_archive/rgb/ncih2170_facs_fish_0423_low_her2_21.tif,/work/users/b/e/behnamie/ecDNA_Data/bioimage_archive/dapi/ncih2170_facs_fish_0423_low_her2_21.tif,/work/users/b/e/behnamie/ecDNA_Data/bioimage_archive/roi_mask/ncih2170_facs_fish_0423_low_her2_21.png,/work/users/b/e/behnamie/ecDNA_Data/bioimage_archive/gt_image/ncih2170_facs_fish_0423_low_her2_21.tif
ncih2170_facs_fish_0423_low_her2_49,NCI-H2170,val,val,True,False,True,False,1,rgb/ncih2170_facs_fish_0423_low_her2_49.tif,dapi/ncih2170_facs_fish_0423_low_her2_49.tif,roi_mask/ncih2170_facs_fish_0423_low_her2_49.png,gt_image/ncih2170_facs_fish_0423_low_her2_49.tif,,141,141,True,True,True,True,ncih2170_facs_fish_0423_low_her2_49.tif,ncih2170_facs_fish_0423_low_her2_49.tif,ncih2170_facs_fish_0423_low_her2_49.png,ncih2170_facs_fish_0423_low_her2_49.tif,,/work/users/b/e/behnamie/ecDNA_Data/bioimage_archive/rgb/ncih2170_facs_fish_0423_low_her2_49.tif,/work/users/b/e/behnamie/ecDNA_Data/bioimage_archive/dapi/ncih2170_facs_fish_0423_low_her2_49.tif,/work/users/b/e/behnamie/ecDNA_Data/bioimage_archive/roi_mask/ncih2170_facs_fish_0423_low_her2_49.png,/work/users/b/e/behnamie/ecDNA_Data/bioimage_archive/gt_image/ncih2170_facs_fish_0423_low_her2_49.tif
ncih2170_facs_fish_0423_low_her2_64,NCI-H2170,val,val,True,False,True,False,1,rgb/ncih2170_facs_fish_0423_low_her2_64.tif,dapi/ncih2170_facs_fish_0423_low_her2_64.tif,roi_mask/ncih2170_facs_fish_0423_low_her2_64.png,gt_image/ncih2170_facs_fish_0423_low_her2_64.tif,,113,113,True,True,True,True,ncih2170_facs_fish_0423_low_her2_64.tif,ncih2170_facs_fish_0423_low_her2_64.tif,ncih2170_facs_fish_0423_low_her2_64.png,ncih2170_facs_fish_0423_low_her2_64.tif,,/work/users/b/e/behnamie/ecDNA_Data/bioimage_archive/rgb/ncih2170_facs_fish_0423_low_her2_64.tif,/work/users/b/e/behnamie/ecDNA_Data/bioimage_archive/dapi/ncih2170_facs_fish_0423_low_her2_64.tif,/work/users/b/e/behnamie/ecDNA_Data/bioimage_archive/roi_mask/ncih2170_facs_fish_0423_low_her2_64.png,/work/users/b/e/behnamie/ecDNA_Data/bioimage_archive/gt_image/ncih2170_facs_fish_0423_low_her2_64.tif
ncih2170_facs_fish_0423_low_her2_65,NCI-H2170,val,val,True,False,True,False,1,rgb/ncih2170_facs_fish_0423_low_her2_65.tif,dapi/ncih2170_facs_fish_0423_low_her2_65.tif,roi_mask/ncih2170_facs_fish_0423_low_her2_65.png,gt_image/ncih2170_facs_fish_0423_low_her2_65.tif,,89,89,True,True,True,True,ncih2170_facs_fish_0423_low_her2_65.tif,ncih2170_facs_fish_0423_low_her2_65.tif,ncih2170_facs_fish_0423_low_her2_65.png,ncih2170_facs_fish_0423_low_her2_65.tif,,/work/users/b/e/behnamie/ecDNA_Data/bioimage_archive/rgb/ncih2170_facs_fish_0423_low_her2_65.tif,/work/users/b/e/behnamie/ecDNA_Data/bioimage_archive/dapi/ncih2170_facs_fish_0423_low_her2_65.tif,/work/users/b/e/behnamie/ecDNA_Data/bioimage_archive/roi_mask/ncih2170_facs_fish_0423_low_her2_65.png,/work/users/b/e/behnamie/ecDNA_Data/bioimage_archive/gt_image/ncih2170_facs_fish_0423_low_her2_65.tif
ncih2170_facs_fish_0423_low_her2_83,NCI-H2170,val,val,True,False,True,False,1,rgb/ncih2170_facs_fish_0423_low_her2_83.tif,dapi/ncih2170_facs_fish_0423_low_her2_83.tif,roi_mask/ncih2170_facs_fish_0423_low_her2_83.png,gt_image/ncih2170_facs_fish_0423_low_her2_83.tif,,51,51,True,True,True,True,ncih2170_facs_fish_0423_low_her2_83.tif,ncih2170_facs_fish_0423_low_her2_83.tif,ncih2170_facs_fish_0423_low_her2_83.png,ncih2170_facs_fish_0423_low_her2_83.tif,,/work/users/b/e/behnamie/ecDNA_Data/bioimage_archive/rgb/ncih2170_facs_fish_0423_low_her2_83.tif,/work/users/b/e/behnamie/ecDNA_Data/bioimage_archive/dapi/ncih2170_facs_fish_0423_low_her2_83.tif,/work/users/b/e/behnamie/ecDNA_Data/bioimage_archive/roi_mask/ncih2170_facs_fish_0423_low_her2_83.png,/work/users/b/e/behnamie/ecDNA_Data/bioimage_archive/gt_image/ncih2170_facs_fish_0423_low_her2_83.tif
ncih2170_facs_fish_0723_high_her2_1,NCI-H2170,val,val,True,False,True,False,1,rgb/ncih2170_facs_fish_0723_high_her2_1.tif,dapi/ncih2170_facs_fish_0723_high_her2_1.tif,roi_mask/ncih2170_facs_fish_0723_high_her2_1.png,gt_image/ncih2170_facs_fish_0723_high_her2_1.tif,,368,369,True,True,True,True,ncih2170_facs_fish_0723_high_her2_1.tif,ncih2170_facs_fish_0723_high_her2_1.tif,ncih2170_facs_fish_0723_high_her2_1.png,ncih2170_facs_fish_0723_high_her2_1.tif,,/work/users/b/e/behnamie/ecDNA_Data/bioimage_archive/rgb/ncih2170_facs_fish_0723_high_her2_1.tif,/work/users/b/e/behnamie/ecDNA_Data/bioimage_archive/dapi/ncih2170_facs_fish_0723_high_her2_1.tif,/work/users/b/e/behnamie/ecDNA_Data/bioimage_archive/roi_mask/ncih2170_facs_fish_0723_high_her2_1.png,/work/users/b/e/behnamie/ecDNA_Data/bioimage_archive/gt_image/ncih2170_facs_fish_0723_high_her2_1.tif
ncih2170_facs_fish_0723_high_her2_11,NCI-H2170,val,val,True,False,True,False,1,rgb/ncih2170_facs_fish_0723_high_her2_11.tif,dapi/ncih2170_facs_fish_0723_high_her2_11.tif,roi_mask/ncih2170_facs_fish_0723_high_her2_11.png,gt_image/ncih2170_facs_fish_0723_high_her2_11.tif,,835,860,True,True,True,True,ncih2170_facs_fish_0723_high_her2_11.tif,ncih2170_facs_fish_0723_high_her2_11.tif,ncih2170_facs_fish_0723_high_her2_11.png,ncih2170_facs_fish_0723_high_her2_11.tif,,/work/users/b/e/behnamie/ecDNA_Data/bioimage_archive/rgb/ncih2170_facs_fish_0723_high_her2_11.tif,/work/users/b/e/behnamie/ecDNA_Data/bioimage_archive/dapi/ncih2170_facs_fish_0723_high_her2_11.tif,/work/users/b/e/behnamie/ecDNA_Data/bioimage_archive/roi_mask/ncih2170_facs_fish_0723_high_her2_11.png,/work/users/b/e/behnamie/ecDNA_Data/bioimage_archive/gt_image/ncih2170_facs_fish_0723_high_her2_11.tif
ncih2170_facs_fish_0723_high_her2_125,NCI-H2170,val,val,True,False,True,False,1,rgb/ncih2170_facs_fish_0723_high_her2_125.tif,dapi/ncih2170_facs_fish_0723_high_her2_125.tif,roi_mask/ncih2170_facs_fish_0723_high_her2_125.png,gt_image/ncih2170_facs_fish_0723_high_her2_125.tif,,442,483,True,True,True,True,ncih2170_facs_fish_0723_high_her2_125.tif,ncih2170_facs_fish_0723_high_her2_125.tif,ncih2170_facs_fish_0723_high_her2_125.png,ncih2170_facs_fish_0723_high_her2_125.tif,,/work/users/b/e/behnamie/ecDNA_Data/bioimage_archive/rgb/ncih2170_facs_fish_0723_high_her2_125.tif,/work/users/b/e/behnamie/ecDNA_Data/bioimage_archive/dapi/ncih2170_facs_fish_0723_high_her2_125.tif,/work/users/b/e/behnamie/ecDNA_Data/bioimage_archive/roi_mask/ncih2170_facs_fish_0723_high_her2_125.png,/work/users/b/e/behnamie/ecDNA_Data/bioimage_archive/gt_image/ncih2170_facs_fish_0723_high_her2_125.tif
ncih2170_facs_fish_0723_high_her2_17,NCI-H2170,val,val,True,False,True,False,1,rgb/ncih2170_facs_fish_0723_high_her2_17.tif,dapi/ncih2170_facs_fish_0723_high_her2_17.tif,roi_mask/ncih2170_facs_fish_0723_high_her2_17.png,gt_image/ncih2170_facs_fish_0723_high_her2_17.tif,,473,473,True,True,True,True,ncih2170_facs_fish_0723_high_her2_17.tif,ncih2170_facs_fish_0723_high_her2_17.tif,ncih2170_facs_fish_0723_high_her2_17.png,ncih2170_facs_fish_0723_high_her2_17.tif,,/work/users/b/e/behnamie/ecDNA_Data/bioimage_archive/rgb/ncih2170_facs_fish_0723_high_her2_17.tif,/work/users/b/e/behnamie/ecDNA_Data/bioimage_archive/dapi/ncih2170_facs_fish_0723_high_her2_17.tif,/work/users/b/e/behnamie/ecDNA_Data/bioimage_archive/roi_mask/ncih2170_facs_fish_0723_high_her2_17.png,/work/users/b/e/behnamie/ecDNA_Data/bioimage_archive/gt_image/ncih2170_facs_fish_0723_high_her2_17.tif
ncih2170_facs_fish_0723_high_her2_33,NCI-H2170,val,val,True,False,True,False,1,rgb/ncih2170_facs_fish_0723_high_her2_33.tif,dapi/ncih2170_facs_fish_0723_high_her2_33.tif,roi_mask/ncih2170_facs_fish_0723_high_her2_33.png,gt_image/ncih2170_facs_fish_0723_high_her2_33.tif,,352,352,True,True,True,True,ncih2170_facs_fish_0723_high_her2_33.tif,ncih2170_facs_fish_0723_high_her2_33.tif,ncih2170_facs_fish_0723_high_her2_33.png,ncih2170_facs_fish_0723_high_her2_33.tif,,/work/users/b/e/behnamie/ecDNA_Data/bioimage_archive/rgb/ncih2170_facs_fish_0723_high_her2_33.tif,/work/users/b/e/behnamie/ecDNA_Data/bioimage_archive/dapi/ncih2170_facs_fish_0723_high_her2_33.tif,/work/users/b/e/behnamie/ecDNA_Data/bioimage_archive/roi_mask/ncih2170_facs_fish_0723_high_her2_33.png,/work/users/b/e/behnamie/ecDNA_Data/bioimage_archive/gt_image/ncih2170_facs_fish_0723_high_her2_33.tif
ncih2170_facs_fish_0723_high_her2_37,NCI-H2170,val,val,True,False,True,False,1,rgb/ncih2170_facs_fish_0723_high_her2_37.tif,dapi/ncih2170_facs_fish_0723_high_her2_37.tif,roi_mask/ncih2170_facs_fish_0723_high_her2_37.png,gt_image/ncih2170_facs_fish_0723_high_her2_37.tif,,150,150,True,True,True,True,ncih2170_facs_fish_0723_high_her2_37.tif,ncih2170_facs_fish_0723_high_her2_37.tif,ncih2170_facs_fish_0723_high_her2_37.png,ncih2170_facs_fish_0723_high_her2_37.tif,,/work/users/b/e/behnamie/ecDNA_Data/bioimage_archive/rgb/ncih2170_facs_fish_0723_high_her2_37.tif,/work/users/b/e/behnamie/ecDNA_Data/bioimage_archive/dapi/ncih2170_facs_fish_0723_high_her2_37.tif,/work/users/b/e/behnamie/ecDNA_Data/bioimage_archive/roi_mask/ncih2170_facs_fish_0723_high_her2_37.png,/work/users/b/e/behnamie/ecDNA_Data/bioimage_archive/gt_image/ncih2170_facs_fish_0723_high_her2_37.tif
ncih2170_facs_fish_0723_high_her2_71,NCI-H2170,val,val,True,False,True,False,1,rgb/ncih2170_facs_fish_0723_high_her2_71.tif,dapi/ncih2170_facs_fish_0723_high_her2_71.tif,roi_mask/ncih2170_facs_fish_0723_high_her2_71.png,gt_image/ncih2170_facs_fish_0723_high_her2_71.tif,,378,378,True,True,True,True,ncih2170_facs_fish_0723_high_her2_71.tif,ncih2170_facs_fish_0723_high_her2_71.tif,ncih2170_facs_fish_0723_high_her2_71.png,ncih2170_facs_fish_0723_high_her2_71.tif,,/work/users/b/e/behnamie/ecDNA_Data/bioimage_archive/rgb/ncih2170_facs_fish_0723_high_her2_71.tif,/work/users/b/e/behnamie/ecDNA_Data/bioimage_archive/dapi/ncih2170_facs_fish_0723_high_her2_71.tif,/work/users/b/e/behnamie/ecDNA_Data/bioimage_archive/roi_mask/ncih2170_facs_fish_0723_high_her2_71.png,/work/users/b/e/behnamie/ecDNA_Data/bioimage_archive/gt_image/ncih2170_facs_fish_0723_high_her2_71.tif
ncih2170_facs_fish_0723_low_her2_101,NCI-H2170,val,val,True,False,True,False,1,rgb/ncih2170_facs_fish_0723_low_her2_101.tif,dapi/ncih2170_facs_fish_0723_low_her2_101.tif,roi_mask/ncih2170_facs_fish_0723_low_her2_101.png,gt_image/ncih2170_facs_fish_0723_low_her2_101.tif,,91,91,True,True,True,True,ncih2170_facs_fish_0723_low_her2_101.tif,ncih2170_facs_fish_0723_low_her2_101.tif,ncih2170_facs_fish_0723_low_her2_101.png,ncih2170_facs_fish_0723_low_her2_101.tif,,/work/users/b/e/behnamie/ecDNA_Data/bioimage_archive/rgb/ncih2170_facs_fish_0723_low_her2_101.tif,/work/users/b/e/behnamie/ecDNA_Data/bioimage_archive/dapi/ncih2170_facs_fish_0723_low_her2_101.tif,/work/users/b/e/behnamie/ecDNA_Data/bioimage_archive/roi_mask/ncih2170_facs_fish_0723_low_her2_101.png,/work/users/b/e/behnamie/ecDNA_Data/bioimage_archive/gt_image/ncih2170_facs_fish_0723_low_her2_101.tif
ncih2170_facs_fish_0723_low_her2_11,NCI-H2170,val,val,True,False,True,False,1,rgb/ncih2170_facs_fish_0723_low_her2_11.tif,dapi/ncih2170_facs_fish_0723_low_her2_11.tif,roi_mask/ncih2170_facs_fish_0723_low_her2_11.png,gt_image/ncih2170_facs_fish_0723_low_her2_11.tif,,183,183,True,True,True,True,ncih2170_facs_fish_0723_low_her2_11.tif,ncih2170_facs_fish_0723_low_her2_11.tif,ncih2170_facs_fish_0723_low_her2_11.png,ncih2170_facs_fish_0723_low_her2_11.tif,,/work/users/b/e/behnamie/ecDNA_Data/bioimage_archive/rgb/ncih2170_facs_fish_0723_low_her2_11.tif,/work/users/b/e/behnamie/ecDNA_Data/bioimage_archive/dapi/ncih2170_facs_fish_0723_low_her2_11.tif,/work/users/b/e/behnamie/ecDNA_Data/bioimage_archive/roi_mask/ncih2170_facs_fish_0723_low_her2_11.png,/work/users/b/e/behnamie/ecDNA_Data/bioimage_archive/gt_image/ncih2170_facs_fish_0723_low_her2_11.tif
ncih2170_facs_fish_0723_low_her2_116,NCI-H2170,val,val,True,False,True,False,1,rgb/ncih2170_facs_fish_0723_low_her2_116.tif,dapi/ncih2170_facs_fish_0723_low_her2_116.tif,roi_mask/ncih2170_facs_fish_0723_low_her2_116.png,gt_image/ncih2170_facs_fish_0723_low_her2_116.tif,,105,105,True,True,True,True,ncih2170_facs_fish_0723_low_her2_116.tif,ncih2170_facs_fish_0723_low_her2_116.tif,ncih2170_facs_fish_0723_low_her2_116.png,ncih2170_facs_fish_0723_low_her2_116.tif,,/work/users/b/e/behnamie/ecDNA_Data/bioimage_archive/rgb/ncih2170_facs_fish_0723_low_her2_116.tif,/work/users/b/e/behnamie/ecDNA_Data/bioimage_archive/dapi/ncih2170_facs_fish_0723_low_her2_116.tif,/work/users/b/e/behnamie/ecDNA_Data/bioimage_archive/roi_mask/ncih2170_facs_fish_0723_low_her2_116.png,/work/users/b/e/behnamie/ecDNA_Data/bioimage_archive/gt_image/ncih2170_facs_fish_0723_low_her2_116.tif
ncih2170_facs_fish_0723_low_her2_117,NCI-H2170,val,val,True,False,True,False,1,rgb/ncih2170_facs_fish_0723_low_her2_117.tif,dapi/ncih2170_facs_fish_0723_low_her2_117.tif,roi_mask/ncih2170_facs_fish_0723_low_her2_117.png,gt_image/ncih2170_facs_fish_0723_low_her2_117.tif,,237,237,True,True,True,True,ncih2170_facs_fish_0723_low_her2_117.tif,ncih2170_facs_fish_0723_low_her2_117.tif,ncih2170_facs_fish_0723_low_her2_117.png,ncih2170_facs_fish_0723_low_her2_117.tif,,/work/users/b/e/behnamie/ecDNA_Data/bioimage_archive/rgb/ncih2170_facs_fish_0723_low_her2_117.tif,/work/users/b/e/behnamie/ecDNA_Data/bioimage_archive/dapi/ncih2170_facs_fish_0723_low_her2_117.tif,/work/users/b/e/behnamie/ecDNA_Data/bioimage_archive/roi_mask/ncih2170_facs_fish_0723_low_her2_117.png,/work/users/b/e/behnamie/ecDNA_Data/bioimage_archive/gt_image/ncih2170_facs_fish_0723_low_her2_117.tif
ncih2170_facs_fish_0723_low_her2_12,NCI-H2170,val,val,True,False,True,False,1,rgb/ncih2170_facs_fish_0723_low_her2_12.tif,dapi/ncih2170_facs_fish_0723_low_her2_12.tif,roi_mask/ncih2170_facs_fish_0723_low_her2_12.png,gt_image/ncih2170_facs_fish_0723_low_her2_12.tif,,104,104,True,True,True,True,ncih2170_facs_fish_0723_low_her2_12.tif,ncih2170_facs_fish_0723_low_her2_12.tif,ncih2170_facs_fish_0723_low_her2_12.png,ncih2170_facs_fish_0723_low_her2_12.tif,,/work/users/b/e/behnamie/ecDNA_Data/bioimage_archive/rgb/ncih2170_facs_fish_0723_low_her2_12.tif,/work/users/b/e/behnamie/ecDNA_Data/bioimage_archive/dapi/ncih2170_facs_fish_0723_low_her2_12.tif,/work/users/b/e/behnamie/ecDNA_Data/bioimage_archive/roi_mask/ncih2170_facs_fish_0723_low_her2_12.png,/work/users/b/e/behnamie/ecDNA_Data/bioimage_archive/gt_image/ncih2170_facs_fish_0723_low_her2_12.tif
ncih2170_facs_fish_0723_low_her2_27,NCI-H2170,val,val,True,False,True,False,1,rgb/ncih2170_facs_fish_0723_low_her2_27.tif,dapi/ncih2170_facs_fish_0723_low_her2_27.tif,roi_mask/ncih2170_facs_fish_0723_low_her2_27.png,gt_image/ncih2170_facs_fish_0723_low_her2_27.tif,,47,47,True,True,True,True,ncih2170_facs_fish_0723_low_her2_27.tif,ncih2170_facs_fish_0723_low_her2_27.tif,ncih2170_facs_fish_0723_low_her2_27.png,ncih2170_facs_fish_0723_low_her2_27.tif,,/work/users/b/e/behnamie/ecDNA_Data/bioimage_archive/rgb/ncih2170_facs_fish_0723_low_her2_27.tif,/work/users/b/e/behnamie/ecDNA_Data/bioimage_archive/dapi/ncih2170_facs_fish_0723_low_her2_27.tif,/work/users/b/e/behnamie/ecDNA_Data/bioimage_archive/roi_mask/ncih2170_facs_fish_0723_low_her2_27.png,/work/users/b/e/behnamie/ecDNA_Data/bioimage_archive/gt_image/ncih2170_facs_fish_0723_low_her2_27.tif
ncih2170_facs_fish_0723_low_her2_28,NCI-H2170,val,val,True,False,True,False,1,rgb/ncih2170_facs_fish_0723_low_her2_28.tif,dapi/ncih2170_facs_fish_0723_low_her2_28.tif,roi_mask/ncih2170_facs_fish_0723_low_her2_28.png,gt_image/ncih2170_facs_fish_0723_low_her2_28.tif,,81,81,True,True,True,True,ncih2170_facs_fish_0723_low_her2_28.tif,ncih2170_facs_fish_0723_low_her2_28.tif,ncih2170_facs_fish_0723_low_her2_28.png,ncih2170_facs_fish_0723_low_her2_28.tif,,/work/users/b/e/behnamie/ecDNA_Data/bioimage_archive/rgb/ncih2170_facs_fish_0723_low_her2_28.tif,/work/users/b/e/behnamie/ecDNA_Data/bioimage_archive/dapi/ncih2170_facs_fish_0723_low_her2_28.tif,/work/users/b/e/behnamie/ecDNA_Data/bioimage_archive/roi_mask/ncih2170_facs_fish_0723_low_her2_28.png,/work/users/b/e/behnamie/ecDNA_Data/bioimage_archive/gt_image/ncih2170_facs_fish_0723_low_her2_28.tif
ncih2170_facs_fish_0723_low_her2_45,NCI-H2170,val,val,True,False,True,False,1,rgb/ncih2170_facs_fish_0723_low_her2_45.tif,dapi/ncih2170_facs_fish_0723_low_her2_45.tif,roi_mask/ncih2170_facs_fish_0723_low_her2_45.png,gt_image/ncih2170_facs_fish_0723_low_her2_45.tif,,156,156,True,True,True,True,ncih2170_facs_fish_0723_low_her2_45.tif,ncih2170_facs_fish_0723_low_her2_45.tif,ncih2170_facs_fish_0723_low_her2_45.png,ncih2170_facs_fish_0723_low_her2_45.tif,,/work/users/b/e/behnamie/ecDNA_Data/bioimage_archive/rgb/ncih2170_facs_fish_0723_low_her2_45.tif,/work/users/b/e/behnamie/ecDNA_Data/bioimage_archive/dapi/ncih2170_facs_fish_0723_low_her2_45.tif,/work/users/b/e/behnamie/ecDNA_Data/bioimage_archive/roi_mask/ncih2170_facs_fish_0723_low_her2_45.png,/work/users/b/e/behnamie/ecDNA_Data/bioimage_archive/gt_image/ncih2170_facs_fish_0723_low_her2_45.tif
ncih2170_facs_fish_0723_low_her2_77,NCI-H2170,val,val,True,False,True,False,1,rgb/ncih2170_facs_fish_0723_low_her2_77.tif,dapi/ncih2170_facs_fish_0723_low_her2_77.tif,roi_mask/ncih2170_facs_fish_0723_low_her2_77.png,gt_image/ncih2170_facs_fish_0723_low_her2_77.tif,,48,48,True,True,True,True,ncih2170_facs_fish_0723_low_her2_77.tif,ncih2170_facs_fish_0723_low_her2_77.tif,ncih2170_facs_fish_0723_low_her2_77.png,ncih2170_facs_fish_0723_low_her2_77.tif,,/work/users/b/e/behnamie/ecDNA_Data/bioimage_archive/rgb/ncih2170_facs_fish_0723_low_her2_77.tif,/work/users/b/e/behnamie/ecDNA_Data/bioimage_archive/dapi/ncih2170_facs_fish_0723_low_her2_77.tif,/work/users/b/e/behnamie/ecDNA_Data/bioimage_archive/roi_mask/ncih2170_facs_fish_0723_low_her2_77.png,/work/users/b/e/behnamie/ecDNA_Data/bioimage_archive/gt_image/ncih2170_facs_fish_0723_low_her2_77.tif
ncih2170_facs_fish_0723_low_her2_86,NCI-H2170,val,val,True,False,True,False,1,rgb/ncih2170_facs_fish_0723_low_her2_86.tif,dapi/ncih2170_facs_fish_0723_low_her2_86.tif,roi_mask/ncih2170_facs_fish_0723_low_her2_86.png,gt_image/ncih2170_facs_fish_0723_low_her2_86.tif,,110,110,True,True,True,True,ncih2170_facs_fish_0723_low_her2_86.tif,ncih2170_facs_fish_0723_low_her2_86.tif,ncih2170_facs_fish_0723_low_her2_86.png,ncih2170_facs_fish_0723_low_her2_86.tif,,/work/users/b/e/behnamie/ecDNA_Data/bioimage_archive/rgb/ncih2170_facs_fish_0723_low_her2_86.tif,/work/users/b/e/behnamie/ecDNA_Data/bioimage_archive/dapi/ncih2170_facs_fish_0723_low_her2_86.tif,/work/users/b/e/behnamie/ecDNA_Data/bioimage_archive/roi_mask/ncih2170_facs_fish_0723_low_her2_86.png,/work/users/b/e/behnamie/ecDNA_Data/bioimage_archive/gt_image/ncih2170_facs_fish_0723_low_her2_86.tif
ncih2170_facs_fish_0723_low_her2_90,NCI-H2170,val,val,True,False,True,False,1,rgb/ncih2170_facs_fish_0723_low_her2_90.tif,dapi/ncih2170_facs_fish_0723_low_her2_90.tif,roi_mask/ncih2170_facs_fish_0723_low_her2_90.png,gt_image/ncih2170_facs_fish_0723_low_her2_90.tif,,106,108,True,True,True,True,ncih2170_facs_fish_0723_low_her2_90.tif,ncih2170_facs_fish_0723_low_her2_90.tif,ncih2170_facs_fish_0723_low_her2_90.png,ncih2170_facs_fish_0723_low_her2_90.tif,,/work/users/b/e/behnamie/ecDNA_Data/bioimage_archive/rgb/ncih2170_facs_fish_0723_low_her2_90.tif,/work/users/b/e/behnamie/ecDNA_Data/bioimage_archive/dapi/ncih2170_facs_fish_0723_low_her2_90.tif,/work/users/b/e/behnamie/ecDNA_Data/bioimage_archive/roi_mask/ncih2170_facs_fish_0723_low_her2_90.png,/work/users/b/e/behnamie/ecDNA_Data/bioimage_archive/gt_image/ncih2170_facs_fish_0723_low_her2_90.tif
ncih2170_facs_fish_0723_pre_sort_ctrl_15,NCI-H2170,val,val,True,False,True,False,1,rgb/ncih2170_facs_fish_0723_pre_sort_ctrl_15.tif,dapi/ncih2170_facs_fish_0723_pre_sort_ctrl_15.tif,roi_mask/ncih2170_facs_fish_0723_pre_sort_ctrl_15.png,gt_image/ncih2170_facs_fish_0723_pre_sort_ctrl_15.tif,,201,201,True,True,True,True,ncih2170_facs_fish_0723_pre_sort_ctrl_15.tif,ncih2170_facs_fish_0723_pre_sort_ctrl_15.tif,ncih2170_facs_fish_0723_pre_sort_ctrl_15.png,ncih2170_facs_fish_0723_pre_sort_ctrl_15.tif,,/work/users/b/e/behnamie/ecDNA_Data/bioimage_archive/rgb/ncih2170_facs_fish_0723_pre_sort_ctrl_15.tif,/work/users/b/e/behnamie/ecDNA_Data/bioimage_archive/dapi/ncih2170_facs_fish_0723_pre_sort_ctrl_15.tif,/work/users/b/e/behnamie/ecDNA_Data/bioimage_archive/roi_mask/ncih2170_facs_fish_0723_pre_sort_ctrl_15.png,/work/users/b/e/behnamie/ecDNA_Data/bioimage_archive/gt_image/ncih2170_facs_fish_0723_pre_sort_ctrl_15.tif
ncih2170_facs_fish_0723_pre_sort_ctrl_31,NCI-H2170,val,val,True,False,True,False,1,rgb/ncih2170_facs_fish_0723_pre_sort_ctrl_31.tif,dapi/ncih2170_facs_fish_0723_pre_sort_ctrl_31.tif,roi_mask/ncih2170_facs_fish_0723_pre_sort_ctrl_31.png,gt_image/ncih2170_facs_fish_0723_pre_sort_ctrl_31.tif,,145,145,True,True,True,True,ncih2170_facs_fish_0723_pre_sort_ctrl_31.tif,ncih2170_facs_fish_0723_pre_sort_ctrl_31.tif,ncih2170_facs_fish_0723_pre_sort_ctrl_31.png,ncih2170_facs_fish_0723_pre_sort_ctrl_31.tif,,/work/users/b/e/behnamie/ecDNA_Data/bioimage_archive/rgb/ncih2170_facs_fish_0723_pre_sort_ctrl_31.tif,/work/users/b/e/behnamie/ecDNA_Data/bioimage_archive/dapi/ncih2170_facs_fish_0723_pre_sort_ctrl_31.tif,/work/users/b/e/behnamie/ecDNA_Data/bioimage_archive/roi_mask/ncih2170_facs_fish_0723_pre_sort_ctrl_31.png,/work/users/b/e/behnamie/ecDNA_Data/bioimage_archive/gt_image/ncih2170_facs_fish_0723_pre_sort_ctrl_31.tif
ncih2170_facs_fish_0723_pre_sort_ctrl_6,NCI-H2170,val,val,True,False,True,False,1,rgb/ncih2170_facs_fish_0723_pre_sort_ctrl_6.tif,dapi/ncih2170_facs_fish_0723_pre_sort_ctrl_6.tif,roi_mask/ncih2170_facs_fish_0723_pre_sort_ctrl_6.png,gt_image/ncih2170_facs_fish_0723_pre_sort_ctrl_6.tif,,192,192,True,True,True,True,ncih2170_facs_fish_0723_pre_sort_ctrl_6.tif,ncih2170_facs_fish_0723_pre_sort_ctrl_6.tif,ncih2170_facs_fish_0723_pre_sort_ctrl_6.png,ncih2170_facs_fish_0723_pre_sort_ctrl_6.tif,,/work/users/b/e/behnamie/ecDNA_Data/bioimage_archive/rgb/ncih2170_facs_fish_0723_pre_sort_ctrl_6.tif,/work/users/b/e/behnamie/ecDNA_Data/bioimage_archive/dapi/ncih2170_facs_fish_0723_pre_sort_ctrl_6.tif,/work/users/b/e/behnamie/ecDNA_Data/bioimage_archive/roi_mask/ncih2170_facs_fish_0723_pre_sort_ctrl_6.png,/work/users/b/e/behnamie/ecDNA_Data/bioimage_archive/gt_image/ncih2170_facs_fish_0723_pre_sort_ctrl_6.tif
ncih2170_facs_fish_0723_pre_sort_ctrl_7,NCI-H2170,val,val,True,False,True,False,1,rgb/ncih2170_facs_fish_0723_pre_sort_ctrl_7.tif,dapi/ncih2170_facs_fish_0723_pre_sort_ctrl_7.tif,roi_mask/ncih2170_facs_fish_0723_pre_sort_ctrl_7.png,gt_image/ncih2170_facs_fish_0723_pre_sort_ctrl_7.tif,,81,81,True,True,True,True,ncih2170_facs_fish_0723_pre_sort_ctrl_7.tif,ncih2170_facs_fish_0723_pre_sort_ctrl_7.tif,ncih2170_facs_fish_0723_pre_sort_ctrl_7.png,ncih2170_facs_fish_0723_pre_sort_ctrl_7.tif,,/work/users/b/e/behnamie/ecDNA_Data/bioimage_archive/rgb/ncih2170_facs_fish_0723_pre_sort_ctrl_7.tif,/work/users/b/e/behnamie/ecDNA_Data/bioimage_archive/dapi/ncih2170_facs_fish_0723_pre_sort_ctrl_7.tif,/work/users/b/e/behnamie/ecDNA_Data/bioimage_archive/roi_mask/ncih2170_facs_fish_0723_pre_sort_ctrl_7.png,/work/users/b/e/behnamie/ecDNA_Data/bioimage_archive/gt_image/ncih2170_facs_fish_0723_pre_sort_ctrl_7.tif
ncih2170_facs_fish_0723_sorted_ctrl_100,NCI-H2170,val,val,True,False,True,False,1,rgb/ncih2170_facs_fish_0723_sorted_ctrl_100.tif,dapi/ncih2170_facs_fish_0723_sorted_ctrl_100.tif,roi_mask/ncih2170_facs_fish_0723_sorted_ctrl_100.png,gt_image/ncih2170_facs_fish_0723_sorted_ctrl_100.tif,,143,145,True,True,True,True,ncih2170_facs_fish_0723_sorted_ctrl_100.tif,ncih2170_facs_fish_0723_sorted_ctrl_100.tif,ncih2170_facs_fish_0723_sorted_ctrl_100.png,ncih2170_facs_fish_0723_sorted_ctrl_100.tif,,/work/users/b/e/behnamie/ecDNA_Data/bioimage_archive/rgb/ncih2170_facs_fish_0723_sorted_ctrl_100.tif,/work/users/b/e/behnamie/ecDNA_Data/bioimage_archive/dapi/ncih2170_facs_fish_0723_sorted_ctrl_100.tif,/work/users/b/e/behnamie/ecDNA_Data/bioimage_archive/roi_mask/ncih2170_facs_fish_0723_sorted_ctrl_100.png,/work/users/b/e/behnamie/ecDNA_Data/bioimage_archive/gt_image/ncih2170_facs_fish_0723_sorted_ctrl_100.tif
ncih2170_facs_fish_0723_sorted_ctrl_51,NCI-H2170,val,val,True,False,True,False,1,rgb/ncih2170_facs_fish_0723_sorted_ctrl_51.tif,dapi/ncih2170_facs_fish_0723_sorted_ctrl_51.tif,roi_mask/ncih2170_facs_fish_0723_sorted_ctrl_51.png,gt_image/ncih2170_facs_fish_0723_sorted_ctrl_51.tif,,302,305,True,True,True,True,ncih2170_facs_fish_0723_sorted_ctrl_51.tif,ncih2170_facs_fish_0723_sorted_ctrl_51.tif,ncih2170_facs_fish_0723_sorted_ctrl_51.png,ncih2170_facs_fish_0723_sorted_ctrl_51.tif,,/work/users/b/e/behnamie/ecDNA_Data/bioimage_archive/rgb/ncih2170_facs_fish_0723_sorted_ctrl_51.tif,/work/users/b/e/behnamie/ecDNA_Data/bioimage_archive/dapi/ncih2170_facs_fish_0723_sorted_ctrl_51.tif,/work/users/b/e/behnamie/ecDNA_Data/bioimage_archive/roi_mask/ncih2170_facs_fish_0723_sorted_ctrl_51.png,/work/users/b/e/behnamie/ecDNA_Data/bioimage_archive/gt_image/ncih2170_facs_fish_0723_sorted_ctrl_51.tif
ncih2170_facs_fish_0723_sorted_ctrl_58,NCI-H2170,val,val,True,False,True,False,1,rgb/ncih2170_facs_fish_0723_sorted_ctrl_58.tif,dapi/ncih2170_facs_fish_0723_sorted_ctrl_58.tif,roi_mask/ncih2170_facs_fish_0723_sorted_ctrl_58.png,gt_image/ncih2170_facs_fish_0723_sorted_ctrl_58.tif,,24,28,True,True,True,True,ncih2170_facs_fish_0723_sorted_ctrl_58.tif,ncih2170_facs_fish_0723_sorted_ctrl_58.tif,ncih2170_facs_fish_0723_sorted_ctrl_58.png,ncih2170_facs_fish_0723_sorted_ctrl_58.tif,,/work/users/b/e/behnamie/ecDNA_Data/bioimage_archive/rgb/ncih2170_facs_fish_0723_sorted_ctrl_58.tif,/work/users/b/e/behnamie/ecDNA_Data/bioimage_archive/dapi/ncih2170_facs_fish_0723_sorted_ctrl_58.tif,/work/users/b/e/behnamie/ecDNA_Data/bioimage_archive/roi_mask/ncih2170_facs_fish_0723_sorted_ctrl_58.png,/work/users/b/e/behnamie/ecDNA_Data/bioimage_archive/gt_image/ncih2170_facs_fish_0723_sorted_ctrl_58.tif
ncih2170_facs_fish_0723_sorted_ctrl_63,NCI-H2170,val,val,True,False,True,False,1,rgb/ncih2170_facs_fish_0723_sorted_ctrl_63.tif,dapi/ncih2170_facs_fish_0723_sorted_ctrl_63.tif,roi_mask/ncih2170_facs_fish_0723_sorted_ctrl_63.png,gt_image/ncih2170_facs_fish_0723_sorted_ctrl_63.tif,,214,216,True,True,True,True,ncih2170_facs_fish_0723_sorted_ctrl_63.tif,ncih2170_facs_fish_0723_sorted_ctrl_63.tif,ncih2170_facs_fish_0723_sorted_ctrl_63.png,ncih2170_facs_fish_0723_sorted_ctrl_63.tif,,/work/users/b/e/behnamie/ecDNA_Data/bioimage_archive/rgb/ncih2170_facs_fish_0723_sorted_ctrl_63.tif,/work/users/b/e/behnamie/ecDNA_Data/bioimage_archive/dapi/ncih2170_facs_fish_0723_sorted_ctrl_63.tif,/work/users/b/e/behnamie/ecDNA_Data/bioimage_archive/roi_mask/ncih2170_facs_fish_0723_sorted_ctrl_63.png,/work/users/b/e/behnamie/ecDNA_Data/bioimage_archive/gt_image/ncih2170_facs_fish_0723_sorted_ctrl_63.tif
ncih2170_facs_fish_0723_sorted_ctrl_80,NCI-H2170,val,val,True,False,True,False,1,rgb/ncih2170_facs_fish_0723_sorted_ctrl_80.tif,dapi/ncih2170_facs_fish_0723_sorted_ctrl_80.tif,roi_mask/ncih2170_facs_fish_0723_sorted_ctrl_80.png,gt_image/ncih2170_facs_fish_0723_sorted_ctrl_80.tif,,296,344,True,True,True,True,ncih2170_facs_fish_0723_sorted_ctrl_80.tif,ncih2170_facs_fish_0723_sorted_ctrl_80.tif,ncih2170_facs_fish_0723_sorted_ctrl_80.png,ncih2170_facs_fish_0723_sorted_ctrl_80.tif,,/work/users/b/e/behnamie/ecDNA_Data/bioimage_archive/rgb/ncih2170_facs_fish_0723_sorted_ctrl_80.tif,/work/users/b/e/behnamie/ecDNA_Data/bioimage_archive/dapi/ncih2170_facs_fish_0723_sorted_ctrl_80.tif,/work/users/b/e/behnamie/ecDNA_Data/bioimage_archive/roi_mask/ncih2170_facs_fish_0723_sorted_ctrl_80.png,/work/users/b/e/behnamie/ecDNA_Data/bioimage_archive/gt_image/ncih2170_facs_fish_0723_sorted_ctrl_80.tif
ncih2170_facs_fish_0723_sorted_ctrl_91,NCI-H2170,val,val,True,False,True,False,1,rgb/ncih2170_facs_fish_0723_sorted_ctrl_91.tif,dapi/ncih2170_facs_fish_0723_sorted_ctrl_91.tif,roi_mask/ncih2170_facs_fish_0723_sorted_ctrl_91.png,gt_image/ncih2170_facs_fish_0723_sorted_ctrl_91.tif,,213,213,True,True,True,True,ncih2170_facs_fish_0723_sorted_ctrl_91.tif,ncih2170_facs_fish_0723_sorted_ctrl_91.tif,ncih2170_facs_fish_0723_sorted_ctrl_91.png,ncih2170_facs_fish_0723_sorted_ctrl_91.tif,,/work/users/b/e/behnamie/ecDNA_Data/bioimage_archive/rgb/ncih2170_facs_fish_0723_sorted_ctrl_91.tif,/work/users/b/e/behnamie/ecDNA_Data/bioimage_archive/dapi/ncih2170_facs_fish_0723_sorted_ctrl_91.tif,/work/users/b/e/behnamie/ecDNA_Data/bioimage_archive/roi_mask/ncih2170_facs_fish_0723_sorted_ctrl_91.png,/work/users/b/e/behnamie/ecDNA_Data/bioimage_archive/gt_image/ncih2170_facs_fish_0723_sorted_ctrl_91.tif
ncih2170_facs_fish_0723_sorted_ctrl_96,NCI-H2170,val,val,True,False,True,False,1,rgb/ncih2170_facs_fish_0723_sorted_ctrl_96.tif,dapi/ncih2170_facs_fish_0723_sorted_ctrl_96.tif,roi_mask/ncih2170_facs_fish_0723_sorted_ctrl_96.png,gt_image/ncih2170_facs_fish_0723_sorted_ctrl_96.tif,,220,225,True,True,True,True,ncih2170_facs_fish_0723_sorted_ctrl_96.tif,ncih2170_facs_fish_0723_sorted_ctrl_96.tif,ncih2170_facs_fish_0723_sorted_ctrl_96.png,ncih2170_facs_fish_0723_sorted_ctrl_96.tif,,/work/users/b/e/behnamie/ecDNA_Data/bioimage_archive/rgb/ncih2170_facs_fish_0723_sorted_ctrl_96.tif,/work/users/b/e/behnamie/ecDNA_Data/bioimage_archive/dapi/ncih2170_facs_fish_0723_sorted_ctrl_96.tif,/work/users/b/e/behnamie/ecDNA_Data/bioimage_archive/roi_mask/ncih2170_facs_fish_0723_sorted_ctrl_96.png,/work/users/b/e/behnamie/ecDNA_Data/bioimage_archive/gt_image/ncih2170_facs_fish_0723_sorted_ctrl_96.tif
ncih2170_jc_jq1_ic50_24h_108,NCI-H2170,val,val,True,False,True,False,1,rgb/ncih2170_jc_jq1_ic50_24h_108.tif,dapi/ncih2170_jc_jq1_ic50_24h_108.tif,roi_mask/ncih2170_jc_jq1_ic50_24h_108.png,gt_image/ncih2170_jc_jq1_ic50_24h_108.tif,,211,211,True,True,True,True,ncih2170_jc_jq1_ic50_24h_108.tif,ncih2170_jc_jq1_ic50_24h_108.tif,ncih2170_jc_jq1_ic50_24h_108.png,ncih2170_jc_jq1_ic50_24h_108.tif,,/work/users/b/e/behnamie/ecDNA_Data/bioimage_archive/rgb/ncih2170_jc_jq1_ic50_24h_108.tif,/work/users/b/e/behnamie/ecDNA_Data/bioimage_archive/dapi/ncih2170_jc_jq1_ic50_24h_108.tif,/work/users/b/e/behnamie/ecDNA_Data/bioimage_archive/roi_mask/ncih2170_jc_jq1_ic50_24h_108.png,/work/users/b/e/behnamie/ecDNA_Data/bioimage_archive/gt_image/ncih2170_jc_jq1_ic50_24h_108.tif
ncih2170_jc_jq1_ic50_24h_17,NCI-H2170,val,val,True,False,True,False,1,rgb/ncih2170_jc_jq1_ic50_24h_17.tif,dapi/ncih2170_jc_jq1_ic50_24h_17.tif,roi_mask/ncih2170_jc_jq1_ic50_24h_17.png,gt_image/ncih2170_jc_jq1_ic50_24h_17.tif,,35,35,True,True,True,True,ncih2170_jc_jq1_ic50_24h_17.tif,ncih2170_jc_jq1_ic50_24h_17.tif,ncih2170_jc_jq1_ic50_24h_17.png,ncih2170_jc_jq1_ic50_24h_17.tif,,/work/users/b/e/behnamie/ecDNA_Data/bioimage_archive/rgb/ncih2170_jc_jq1_ic50_24h_17.tif,/work/users/b/e/behnamie/ecDNA_Data/bioimage_archive/dapi/ncih2170_jc_jq1_ic50_24h_17.tif,/work/users/b/e/behnamie/ecDNA_Data/bioimage_archive/roi_mask/ncih2170_jc_jq1_ic50_24h_17.png,/work/users/b/e/behnamie/ecDNA_Data/bioimage_archive/gt_image/ncih2170_jc_jq1_ic50_24h_17.tif
ncih2170_jc_jq1_ic50_24h_23,NCI-H2170,val,val,True,False,True,False,1,rgb/ncih2170_jc_jq1_ic50_24h_23.tif,dapi/ncih2170_jc_jq1_ic50_24h_23.tif,roi_mask/ncih2170_jc_jq1_ic50_24h_23.png,gt_image/ncih2170_jc_jq1_ic50_24h_23.tif,,110,110,True,True,True,True,ncih2170_jc_jq1_ic50_24h_23.tif,ncih2170_jc_jq1_ic50_24h_23.tif,ncih2170_jc_jq1_ic50_24h_23.png,ncih2170_jc_jq1_ic50_24h_23.tif,,/work/users/b/e/behnamie/ecDNA_Data/bioimage_archive/rgb/ncih2170_jc_jq1_ic50_24h_23.tif,/work/users/b/e/behnamie/ecDNA_Data/bioimage_archive/dapi/ncih2170_jc_jq1_ic50_24h_23.tif,/work/users/b/e/behnamie/ecDNA_Data/bioimage_archive/roi_mask/ncih2170_jc_jq1_ic50_24h_23.png,/work/users/b/e/behnamie/ecDNA_Data/bioimage_archive/gt_image/ncih2170_jc_jq1_ic50_24h_23.tif
ncih2170_jc_jq1_ic50_24h_36,NCI-H2170,val,val,True,False,True,False,1,rgb/ncih2170_jc_jq1_ic50_24h_36.tif,dapi/ncih2170_jc_jq1_ic50_24h_36.tif,roi_mask/ncih2170_jc_jq1_ic50_24h_36.png,gt_image/ncih2170_jc_jq1_ic50_24h_36.tif,,273,281,True,True,True,True,ncih2170_jc_jq1_ic50_24h_36.tif,ncih2170_jc_jq1_ic50_24h_36.tif,ncih2170_jc_jq1_ic50_24h_36.png,ncih2170_jc_jq1_ic50_24h_36.tif,,/work/users/b/e/behnamie/ecDNA_Data/bioimage_archive/rgb/ncih2170_jc_jq1_ic50_24h_36.tif,/work/users/b/e/behnamie/ecDNA_Data/bioimage_archive/dapi/ncih2170_jc_jq1_ic50_24h_36.tif,/work/users/b/e/behnamie/ecDNA_Data/bioimage_archive/roi_mask/ncih2170_jc_jq1_ic50_24h_36.png,/work/users/b/e/behnamie/ecDNA_Data/bioimage_archive/gt_image/ncih2170_jc_jq1_ic50_24h_36.tif
ncih2170_jc_jq1_ic50_24h_90,NCI-H2170,val,val,True,False,True,False,1,rgb/ncih2170_jc_jq1_ic50_24h_90.tif,dapi/ncih2170_jc_jq1_ic50_24h_90.tif,roi_mask/ncih2170_jc_jq1_ic50_24h_90.png,gt_image/ncih2170_jc_jq1_ic50_24h_90.tif,,134,139,True,True,True,True,ncih2170_jc_jq1_ic50_24h_90.tif,ncih2170_jc_jq1_ic50_24h_90.tif,ncih2170_jc_jq1_ic50_24h_90.png,ncih2170_jc_jq1_ic50_24h_90.tif,,/work/users/b/e/behnamie/ecDNA_Data/bioimage_archive/rgb/ncih2170_jc_jq1_ic50_24h_90.tif,/work/users/b/e/behnamie/ecDNA_Data/bioimage_archive/dapi/ncih2170_jc_jq1_ic50_24h_90.tif,/work/users/b/e/behnamie/ecDNA_Data/bioimage_archive/roi_mask/ncih2170_jc_jq1_ic50_24h_90.png,/work/users/b/e/behnamie/ecDNA_Data/bioimage_archive/gt_image/ncih2170_jc_jq1_ic50_24h_90.tif
ncih2170_jc_lap_ic50_24h_13,NCI-H2170,val,val,True,False,True,False,1,rgb/ncih2170_jc_lap_ic50_24h_13.tif,dapi/ncih2170_jc_lap_ic50_24h_13.tif,roi_mask/ncih2170_jc_lap_ic50_24h_13.png,gt_image/ncih2170_jc_lap_ic50_24h_13.tif,,192,198,True,True,True,True,ncih2170_jc_lap_ic50_24h_13.tif,ncih2170_jc_lap_ic50_24h_13.tif,ncih2170_jc_lap_ic50_24h_13.png,ncih2170_jc_lap_ic50_24h_13.tif,,/work/users/b/e/behnamie/ecDNA_Data/bioimage_archive/rgb/ncih2170_jc_lap_ic50_24h_13.tif,/work/users/b/e/behnamie/ecDNA_Data/bioimage_archive/dapi/ncih2170_jc_lap_ic50_24h_13.tif,/work/users/b/e/behnamie/ecDNA_Data/bioimage_archive/roi_mask/ncih2170_jc_lap_ic50_24h_13.png,/work/users/b/e/behnamie/ecDNA_Data/bioimage_archive/gt_image/ncih2170_jc_lap_ic50_24h_13.tif
ncih2170_jc_lap_ic50_24h_16,NCI-H2170,val,val,True,False,True,False,1,rgb/ncih2170_jc_lap_ic50_24h_16.tif,dapi/ncih2170_jc_lap_ic50_24h_16.tif,roi_mask/ncih2170_jc_lap_ic50_24h_16.png,gt_image/ncih2170_jc_lap_ic50_24h_16.tif,,92,93,True,True,True,True,ncih2170_jc_lap_ic50_24h_16.tif,ncih2170_jc_lap_ic50_24h_16.tif,ncih2170_jc_lap_ic50_24h_16.png,ncih2170_jc_lap_ic50_24h_16.tif,,/work/users/b/e/behnamie/ecDNA_Data/bioimage_archive/rgb/ncih2170_jc_lap_ic50_24h_16.tif,/work/users/b/e/behnamie/ecDNA_Data/bioimage_archive/dapi/ncih2170_jc_lap_ic50_24h_16.tif,/work/users/b/e/behnamie/ecDNA_Data/bioimage_archive/roi_mask/ncih2170_jc_lap_ic50_24h_16.png,/work/users/b/e/behnamie/ecDNA_Data/bioimage_archive/gt_image/ncih2170_jc_lap_ic50_24h_16.tif
ncih2170_jc_lap_ic50_24h_2,NCI-H2170,val,val,True,False,True,False,1,rgb/ncih2170_jc_lap_ic50_24h_2.tif,dapi/ncih2170_jc_lap_ic50_24h_2.tif,roi_mask/ncih2170_jc_lap_ic50_24h_2.png,gt_image/ncih2170_jc_lap_ic50_24h_2.tif,,110,116,True,True,True,True,ncih2170_jc_lap_ic50_24h_2.tif,ncih2170_jc_lap_ic50_24h_2.tif,ncih2170_jc_lap_ic50_24h_2.png,ncih2170_jc_lap_ic50_24h_2.tif,,/work/users/b/e/behnamie/ecDNA_Data/bioimage_archive/rgb/ncih2170_jc_lap_ic50_24h_2.tif,/work/users/b/e/behnamie/ecDNA_Data/bioimage_archive/dapi/ncih2170_jc_lap_ic50_24h_2.tif,/work/users/b/e/behnamie/ecDNA_Data/bioimage_archive/roi_mask/ncih2170_jc_lap_ic50_24h_2.png,/work/users/b/e/behnamie/ecDNA_Data/bioimage_archive/gt_image/ncih2170_jc_lap_ic50_24h_2.tif
ncih2170_jc_lap_ic50_24h_22,NCI-H2170,val,val,True,False,True,False,1,rgb/ncih2170_jc_lap_ic50_24h_22.tif,dapi/ncih2170_jc_lap_ic50_24h_22.tif,roi_mask/ncih2170_jc_lap_ic50_24h_22.png,gt_image/ncih2170_jc_lap_ic50_24h_22.tif,,177,177,True,True,True,True,ncih2170_jc_lap_ic50_24h_22.tif,ncih2170_jc_lap_ic50_24h_22.tif,ncih2170_jc_lap_ic50_24h_22.png,ncih2170_jc_lap_ic50_24h_22.tif,,/work/users/b/e/behnamie/ecDNA_Data/bioimage_archive/rgb/ncih2170_jc_lap_ic50_24h_22.tif,/work/users/b/e/behnamie/ecDNA_Data/bioimage_archive/dapi/ncih2170_jc_lap_ic50_24h_22.tif,/work/users/b/e/behnamie/ecDNA_Data/bioimage_archive/roi_mask/ncih2170_jc_lap_ic50_24h_22.png,/work/users/b/e/behnamie/ecDNA_Data/bioimage_archive/gt_image/ncih2170_jc_lap_ic50_24h_22.tif
ncih2170_jc_lap_ic50_24h_3,NCI-H2170,val,val,True,False,True,False,1,rgb/ncih2170_jc_lap_ic50_24h_3.tif,dapi/ncih2170_jc_lap_ic50_24h_3.tif,roi_mask/ncih2170_jc_lap_ic50_24h_3.png,gt_image/ncih2170_jc_lap_ic50_24h_3.tif,,108,108,True,True,True,True,ncih2170_jc_lap_ic50_24h_3.tif,ncih2170_jc_lap_ic50_24h_3.tif,ncih2170_jc_lap_ic50_24h_3.png,ncih2170_jc_lap_ic50_24h_3.tif,,/work/users/b/e/behnamie/ecDNA_Data/bioimage_archive/rgb/ncih2170_jc_lap_ic50_24h_3.tif,/work/users/b/e/behnamie/ecDNA_Data/bioimage_archive/dapi/ncih2170_jc_lap_ic50_24h_3.tif,/work/users/b/e/behnamie/ecDNA_Data/bioimage_archive/roi_mask/ncih2170_jc_lap_ic50_24h_3.png,/work/users/b/e/behnamie/ecDNA_Data/bioimage_archive/gt_image/ncih2170_jc_lap_ic50_24h_3.tif
ncih2170_jc_lap_ic50_24h_34,NCI-H2170,val,val,True,False,True,False,1,rgb/ncih2170_jc_lap_ic50_24h_34.tif,dapi/ncih2170_jc_lap_ic50_24h_34.tif,roi_mask/ncih2170_jc_lap_ic50_24h_34.png,gt_image/ncih2170_jc_lap_ic50_24h_34.tif,,123,130,True,True,True,True,ncih2170_jc_lap_ic50_24h_34.tif,ncih2170_jc_lap_ic50_24h_34.tif,ncih2170_jc_lap_ic50_24h_34.png,ncih2170_jc_lap_ic50_24h_34.tif,,/work/users/b/e/behnamie/ecDNA_Data/bioimage_archive/rgb/ncih2170_jc_lap_ic50_24h_34.tif,/work/users/b/e/behnamie/ecDNA_Data/bioimage_archive/dapi/ncih2170_jc_lap_ic50_24h_34.tif,/work/users/b/e/behnamie/ecDNA_Data/bioimage_archive/roi_mask/ncih2170_jc_lap_ic50_24h_34.png,/work/users/b/e/behnamie/ecDNA_Data/bioimage_archive/gt_image/ncih2170_jc_lap_ic50_24h_34.tif
ncih2170_jc_lap_ic50_24h_37,NCI-H2170,val,val,True,False,True,False,1,rgb/ncih2170_jc_lap_ic50_24h_37.tif,dapi/ncih2170_jc_lap_ic50_24h_37.tif,roi_mask/ncih2170_jc_lap_ic50_24h_37.png,gt_image/ncih2170_jc_lap_ic50_24h_37.tif,,147,149,True,True,True,True,ncih2170_jc_lap_ic50_24h_37.tif,ncih2170_jc_lap_ic50_24h_37.tif,ncih2170_jc_lap_ic50_24h_37.png,ncih2170_jc_lap_ic50_24h_37.tif,,/work/users/b/e/behnamie/ecDNA_Data/bioimage_archive/rgb/ncih2170_jc_lap_ic50_24h_37.tif,/work/users/b/e/behnamie/ecDNA_Data/bioimage_archive/dapi/ncih2170_jc_lap_ic50_24h_37.tif,/work/users/b/e/behnamie/ecDNA_Data/bioimage_archive/roi_mask/ncih2170_jc_lap_ic50_24h_37.png,/work/users/b/e/behnamie/ecDNA_Data/bioimage_archive/gt_image/ncih2170_jc_lap_ic50_24h_37.tif
ncih2170_jc_lap_ic50_24h_40,NCI-H2170,val,val,True,False,True,False,1,rgb/ncih2170_jc_lap_ic50_24h_40.tif,dapi/ncih2170_jc_lap_ic50_24h_40.tif,roi_mask/ncih2170_jc_lap_ic50_24h_40.png,gt_image/ncih2170_jc_lap_ic50_24h_40.tif,,173,176,True,True,True,True,ncih2170_jc_lap_ic50_24h_40.tif,ncih2170_jc_lap_ic50_24h_40.tif,ncih2170_jc_lap_ic50_24h_40.png,ncih2170_jc_lap_ic50_24h_40.tif,,/work/users/b/e/behnamie/ecDNA_Data/bioimage_archive/rgb/ncih2170_jc_lap_ic50_24h_40.tif,/work/users/b/e/behnamie/ecDNA_Data/bioimage_archive/dapi/ncih2170_jc_lap_ic50_24h_40.tif,/work/users/b/e/behnamie/ecDNA_Data/bioimage_archive/roi_mask/ncih2170_jc_lap_ic50_24h_40.png,/work/users/b/e/behnamie/ecDNA_Data/bioimage_archive/gt_image/ncih2170_jc_lap_ic50_24h_40.tif
ncih2170_jc_lap_ic50_24h_64,NCI-H2170,val,val,True,False,True,False,1,rgb/ncih2170_jc_lap_ic50_24h_64.tif,dapi/ncih2170_jc_lap_ic50_24h_64.tif,roi_mask/ncih2170_jc_lap_ic50_24h_64.png,gt_image/ncih2170_jc_lap_ic50_24h_64.tif,,195,199,True,True,True,True,ncih2170_jc_lap_ic50_24h_64.tif,ncih2170_jc_lap_ic50_24h_64.tif,ncih2170_jc_lap_ic50_24h_64.png,ncih2170_jc_lap_ic50_24h_64.tif,,/work/users/b/e/behnamie/ecDNA_Data/bioimage_archive/rgb/ncih2170_jc_lap_ic50_24h_64.tif,/work/users/b/e/behnamie/ecDNA_Data/bioimage_archive/dapi/ncih2170_jc_lap_ic50_24h_64.tif,/work/users/b/e/behnamie/ecDNA_Data/bioimage_archive/roi_mask/ncih2170_jc_lap_ic50_24h_64.png,/work/users/b/e/behnamie/ecDNA_Data/bioimage_archive/gt_image/ncih2170_jc_lap_ic50_24h_64.tif
ncih2170_jc_lap_ic50_24h_66,NCI-H2170,val,val,True,False,True,False,1,rgb/ncih2170_jc_lap_ic50_24h_66.tif,dapi/ncih2170_jc_lap_ic50_24h_66.tif,roi_mask/ncih2170_jc_lap_ic50_24h_66.png,gt_image/ncih2170_jc_lap_ic50_24h_66.tif,,102,102,True,True,True,True,ncih2170_jc_lap_ic50_24h_66.tif,ncih2170_jc_lap_ic50_24h_66.tif,ncih2170_jc_lap_ic50_24h_66.png,ncih2170_jc_lap_ic50_24h_66.tif,,/work/users/b/e/behnamie/ecDNA_Data/bioimage_archive/rgb/ncih2170_jc_lap_ic50_24h_66.tif,/work/users/b/e/behnamie/ecDNA_Data/bioimage_archive/dapi/ncih2170_jc_lap_ic50_24h_66.tif,/work/users/b/e/behnamie/ecDNA_Data/bioimage_archive/roi_mask/ncih2170_jc_lap_ic50_24h_66.png,/work/users/b/e/behnamie/ecDNA_Data/bioimage_archive/gt_image/ncih2170_jc_lap_ic50_24h_66.tif
ncih2170_jc_lap_ic50_24h_67,NCI-H2170,val,val,True,False,True,False,1,rgb/ncih2170_jc_lap_ic50_24h_67.tif,dapi/ncih2170_jc_lap_ic50_24h_67.tif,roi_mask/ncih2170_jc_lap_ic50_24h_67.png,gt_image/ncih2170_jc_lap_ic50_24h_67.tif,,303,313,True,True,True,True,ncih2170_jc_lap_ic50_24h_67.tif,ncih2170_jc_lap_ic50_24h_67.tif,ncih2170_jc_lap_ic50_24h_67.png,ncih2170_jc_lap_ic50_24h_67.tif,,/work/users/b/e/behnamie/ecDNA_Data/bioimage_archive/rgb/ncih2170_jc_lap_ic50_24h_67.tif,/work/users/b/e/behnamie/ecDNA_Data/bioimage_archive/dapi/ncih2170_jc_lap_ic50_24h_67.tif,/work/users/b/e/behnamie/ecDNA_Data/bioimage_archive/roi_mask/ncih2170_jc_lap_ic50_24h_67.png,/work/users/b/e/behnamie/ecDNA_Data/bioimage_archive/gt_image/ncih2170_jc_lap_ic50_24h_67.tif
ncih2170_jc_lap_ic50_24h_7,NCI-H2170,val,val,True,False,True,False,1,rgb/ncih2170_jc_lap_ic50_24h_7.tif,dapi/ncih2170_jc_lap_ic50_24h_7.tif,roi_mask/ncih2170_jc_lap_ic50_24h_7.png,gt_image/ncih2170_jc_lap_ic50_24h_7.tif,,152,155,True,True,True,True,ncih2170_jc_lap_ic50_24h_7.tif,ncih2170_jc_lap_ic50_24h_7.tif,ncih2170_jc_lap_ic50_24h_7.png,ncih2170_jc_lap_ic50_24h_7.tif,,/work/users/b/e/behnamie/ecDNA_Data/bioimage_archive/rgb/ncih2170_jc_lap_ic50_24h_7.tif,/work/users/b/e/behnamie/ecDNA_Data/bioimage_archive/dapi/ncih2170_jc_lap_ic50_24h_7.tif,/work/users/b/e/behnamie/ecDNA_Data/bioimage_archive/roi_mask/ncih2170_jc_lap_ic50_24h_7.png,/work/users/b/e/behnamie/ecDNA_Data/bioimage_archive/gt_image/ncih2170_jc_lap_ic50_24h_7.tif
ncih2170_jc_lap_ic50_24h_71,NCI-H2170,val,val,True,False,True,False,1,rgb/ncih2170_jc_lap_ic50_24h_71.tif,dapi/ncih2170_jc_lap_ic50_24h_71.tif,roi_mask/ncih2170_jc_lap_ic50_24h_71.png,gt_image/ncih2170_jc_lap_ic50_24h_71.tif,,236,236,True,True,True,True,ncih2170_jc_lap_ic50_24h_71.tif,ncih2170_jc_lap_ic50_24h_71.tif,ncih2170_jc_lap_ic50_24h_71.png,ncih2170_jc_lap_ic50_24h_71.tif,,/work/users/b/e/behnamie/ecDNA_Data/bioimage_archive/rgb/ncih2170_jc_lap_ic50_24h_71.tif,/work/users/b/e/behnamie/ecDNA_Data/bioimage_archive/dapi/ncih2170_jc_lap_ic50_24h_71.tif,/work/users/b/e/behnamie/ecDNA_Data/bioimage_archive/roi_mask/ncih2170_jc_lap_ic50_24h_71.png,/work/users/b/e/behnamie/ecDNA_Data/bioimage_archive/gt_image/ncih2170_jc_lap_ic50_24h_71.tif
ncih2170_jc_lap_ic50_24h_82,NCI-H2170,val,val,True,False,True,False,1,rgb/ncih2170_jc_lap_ic50_24h_82.tif,dapi/ncih2170_jc_lap_ic50_24h_82.tif,roi_mask/ncih2170_jc_lap_ic50_24h_82.png,gt_image/ncih2170_jc_lap_ic50_24h_82.tif,,233,237,True,True,True,True,ncih2170_jc_lap_ic50_24h_82.tif,ncih2170_jc_lap_ic50_24h_82.tif,ncih2170_jc_lap_ic50_24h_82.png,ncih2170_jc_lap_ic50_24h_82.tif,,/work/users/b/e/behnamie/ecDNA_Data/bioimage_archive/rgb/ncih2170_jc_lap_ic50_24h_82.tif,/work/users/b/e/behnamie/ecDNA_Data/bioimage_archive/dapi/ncih2170_jc_lap_ic50_24h_82.tif,/work/users/b/e/behnamie/ecDNA_Data/bioimage_archive/roi_mask/ncih2170_jc_lap_ic50_24h_82.png,/work/users/b/e/behnamie/ecDNA_Data/bioimage_archive/gt_image/ncih2170_jc_lap_ic50_24h_82.tif
ncih2170_jc_lap_ic50_24h_91,NCI-H2170,val,val,True,False,True,False,1,rgb/ncih2170_jc_lap_ic50_24h_91.tif,dapi/ncih2170_jc_lap_ic50_24h_91.tif,roi_mask/ncih2170_jc_lap_ic50_24h_91.png,gt_image/ncih2170_jc_lap_ic50_24h_91.tif,,123,124,True,True,True,True,ncih2170_jc_lap_ic50_24h_91.tif,ncih2170_jc_lap_ic50_24h_91.tif,ncih2170_jc_lap_ic50_24h_91.png,ncih2170_jc_lap_ic50_24h_91.tif,,/work/users/b/e/behnamie/ecDNA_Data/bioimage_archive/rgb/ncih2170_jc_lap_ic50_24h_91.tif,/work/users/b/e/behnamie/ecDNA_Data/bioimage_archive/dapi/ncih2170_jc_lap_ic50_24h_91.tif,/work/users/b/e/behnamie/ecDNA_Data/bioimage_archive/roi_mask/ncih2170_jc_lap_ic50_24h_91.png,/work/users/b/e/behnamie/ecDNA_Data/bioimage_archive/gt_image/ncih2170_jc_lap_ic50_24h_91.tif
ncih2170_jc_ner_ic50_24h_2,NCI-H2170,val,val,True,False,True,False,1,rgb/ncih2170_jc_ner_ic50_24h_2.tif,dapi/ncih2170_jc_ner_ic50_24h_2.tif,roi_mask/ncih2170_jc_ner_ic50_24h_2.png,gt_image/ncih2170_jc_ner_ic50_24h_2.tif,,314,320,True,True,True,True,ncih2170_jc_ner_ic50_24h_2.tif,ncih2170_jc_ner_ic50_24h_2.tif,ncih2170_jc_ner_ic50_24h_2.png,ncih2170_jc_ner_ic50_24h_2.tif,,/work/users/b/e/behnamie/ecDNA_Data/bioimage_archive/rgb/ncih2170_jc_ner_ic50_24h_2.tif,/work/users/b/e/behnamie/ecDNA_Data/bioimage_archive/dapi/ncih2170_jc_ner_ic50_24h_2.tif,/work/users/b/e/behnamie/ecDNA_Data/bioimage_archive/roi_mask/ncih2170_jc_ner_ic50_24h_2.png,/work/users/b/e/behnamie/ecDNA_Data/bioimage_archive/gt_image/ncih2170_jc_ner_ic50_24h_2.tif
ncih2170_jc_ner_ic50_72h_32,NCI-H2170,val,val,True,False,True,False,1,rgb/ncih2170_jc_ner_ic50_72h_32.tif,dapi/ncih2170_jc_ner_ic50_72h_32.tif,roi_mask/ncih2170_jc_ner_ic50_72h_32.png,gt_image/ncih2170_jc_ner_ic50_72h_32.tif,,158,158,True,True,True,True,ncih2170_jc_ner_ic50_72h_32.tif,ncih2170_jc_ner_ic50_72h_32.tif,ncih2170_jc_ner_ic50_72h_32.png,ncih2170_jc_ner_ic50_72h_32.tif,,/work/users/b/e/behnamie/ecDNA_Data/bioimage_archive/rgb/ncih2170_jc_ner_ic50_72h_32.tif,/work/users/b/e/behnamie/ecDNA_Data/bioimage_archive/dapi/ncih2170_jc_ner_ic50_72h_32.tif,/work/users/b/e/behnamie/ecDNA_Data/bioimage_archive/roi_mask/ncih2170_jc_ner_ic50_72h_32.png,/work/users/b/e/behnamie/ecDNA_Data/bioimage_archive/gt_image/ncih2170_jc_ner_ic50_72h_32.tif
ncih2170_jc_ner_ic50_72h_63,NCI-H2170,val,val,True,False,True,False,1,rgb/ncih2170_jc_ner_ic50_72h_63.tif,dapi/ncih2170_jc_ner_ic50_72h_63.tif,roi_mask/ncih2170_jc_ner_ic50_72h_63.png,gt_image/ncih2170_jc_ner_ic50_72h_63.tif,,148,150,True,True,True,True,ncih2170_jc_ner_ic50_72h_63.tif,ncih2170_jc_ner_ic50_72h_63.tif,ncih2170_jc_ner_ic50_72h_63.png,ncih2170_jc_ner_ic50_72h_63.tif,,/work/users/b/e/behnamie/ecDNA_Data/bioimage_archive/rgb/ncih2170_jc_ner_ic50_72h_63.tif,/work/users/b/e/behnamie/ecDNA_Data/bioimage_archive/dapi/ncih2170_jc_ner_ic50_72h_63.tif,/work/users/b/e/behnamie/ecDNA_Data/bioimage_archive/roi_mask/ncih2170_jc_ner_ic50_72h_63.png,/work/users/b/e/behnamie/ecDNA_Data/bioimage_archive/gt_image/ncih2170_jc_ner_ic50_72h_63.tif
ncih2170_post_facs_fish_high_her2_g3_54,NCI-H2170,val,val,True,False,True,False,1,rgb/ncih2170_post_facs_fish_high_her2_g3_54.tif,dapi/ncih2170_post_facs_fish_high_her2_g3_54.tif,roi_mask/ncih2170_post_facs_fish_high_her2_g3_54.png,gt_image/ncih2170_post_facs_fish_high_her2_g3_54.tif,,359,365,True,True,True,True,ncih2170_post_facs_fish_high_her2_g3_54.tif,ncih2170_post_facs_fish_high_her2_g3_54.tif,ncih2170_post_facs_fish_high_her2_g3_54.png,ncih2170_post_facs_fish_high_her2_g3_54.tif,,/work/users/b/e/behnamie/ecDNA_Data/bioimage_archive/rgb/ncih2170_post_facs_fish_high_her2_g3_54.tif,/work/users/b/e/behnamie/ecDNA_Data/bioimage_archive/dapi/ncih2170_post_facs_fish_high_her2_g3_54.tif,/work/users/b/e/behnamie/ecDNA_Data/bioimage_archive/roi_mask/ncih2170_post_facs_fish_high_her2_g3_54.png,/work/users/b/e/behnamie/ecDNA_Data/bioimage_archive/gt_image/ncih2170_post_facs_fish_high_her2_g3_54.tif
ncih2170_post_facs_fish_low_her2_g3_53,NCI-H2170,val,val,True,False,True,False,1,rgb/ncih2170_post_facs_fish_low_her2_g3_53.tif,dapi/ncih2170_post_facs_fish_low_her2_g3_53.tif,roi_mask/ncih2170_post_facs_fish_low_her2_g3_53.png,gt_image/ncih2170_post_facs_fish_low_her2_g3_53.tif,,61,61,True,True,True,True,ncih2170_post_facs_fish_low_her2_g3_53.tif,ncih2170_post_facs_fish_low_her2_g3_53.tif,ncih2170_post_facs_fish_low_her2_g3_53.png,ncih2170_post_facs_fish_low_her2_g3_53.tif,,/work/users/b/e/behnamie/ecDNA_Data/bioimage_archive/rgb/ncih2170_post_facs_fish_low_her2_g3_53.tif,/work/users/b/e/behnamie/ecDNA_Data/bioimage_archive/dapi/ncih2170_post_facs_fish_low_her2_g3_53.tif,/work/users/b/e/behnamie/ecDNA_Data/bioimage_archive/roi_mask/ncih2170_post_facs_fish_low_her2_g3_53.png,/work/users/b/e/behnamie/ecDNA_Data/bioimage_archive/gt_image/ncih2170_post_facs_fish_low_her2_g3_53.tif
ncih2170_post_facs_fish_low_her2_g3_55,NCI-H2170,val,val,True,False,True,False,1,rgb/ncih2170_post_facs_fish_low_her2_g3_55.tif,dapi/ncih2170_post_facs_fish_low_her2_g3_55.tif,roi_mask/ncih2170_post_facs_fish_low_her2_g3_55.png,gt_image/ncih2170_post_facs_fish_low_her2_g3_55.tif,,54,54,True,True,True,True,ncih2170_post_facs_fish_low_her2_g3_55.tif,ncih2170_post_facs_fish_low_her2_g3_55.tif,ncih2170_post_facs_fish_low_her2_g3_55.png,ncih2170_post_facs_fish_low_her2_g3_55.tif,,/work/users/b/e/behnamie/ecDNA_Data/bioimage_archive/rgb/ncih2170_post_facs_fish_low_her2_g3_55.tif,/work/users/b/e/behnamie/ecDNA_Data/bioimage_archive/dapi/ncih2170_post_facs_fish_low_her2_g3_55.tif,/work/users/b/e/behnamie/ecDNA_Data/bioimage_archive/roi_mask/ncih2170_post_facs_fish_low_her2_g3_55.png,/work/users/b/e/behnamie/ecDNA_Data/bioimage_archive/gt_image/ncih2170_post_facs_fish_low_her2_g3_55.tif
ncih2170_post_facs_fish_low_her2_g3_87,NCI-H2170,val,val,True,False,True,False,1,rgb/ncih2170_post_facs_fish_low_her2_g3_87.tif,dapi/ncih2170_post_facs_fish_low_her2_g3_87.tif,roi_mask/ncih2170_post_facs_fish_low_her2_g3_87.png,gt_image/ncih2170_post_facs_fish_low_her2_g3_87.tif,,52,52,True,True,True,True,ncih2170_post_facs_fish_low_her2_g3_87.tif,ncih2170_post_facs_fish_low_her2_g3_87.tif,ncih2170_post_facs_fish_low_her2_g3_87.png,ncih2170_post_facs_fish_low_her2_g3_87.tif,,/work/users/b/e/behnamie/ecDNA_Data/bioimage_archive/rgb/ncih2170_post_facs_fish_low_her2_g3_87.tif,/work/users/b/e/behnamie/ecDNA_Data/bioimage_archive/dapi/ncih2170_post_facs_fish_low_her2_g3_87.tif,/work/users/b/e/behnamie/ecDNA_Data/bioimage_archive/roi_mask/ncih2170_post_facs_fish_low_her2_g3_87.png,/work/users/b/e/behnamie/ecDNA_Data/bioimage_archive/gt_image/ncih2170_post_facs_fish_low_her2_g3_87.tif
ncih716_jc_alo_8nm_24h_16,NCI-H716,val,val,True,False,True,False,1,rgb/ncih716_jc_alo_8nm_24h_16.tif,dapi/ncih716_jc_alo_8nm_24h_16.tif,roi_mask/ncih716_jc_alo_8nm_24h_16.png,gt_image/ncih716_jc_alo_8nm_24h_16.tif,,152,152,True,True,True,True,ncih716_jc_alo_8nm_24h_16.tif,ncih716_jc_alo_8nm_24h_16.tif,ncih716_jc_alo_8nm_24h_16.png,ncih716_jc_alo_8nm_24h_16.tif,,/work/users/b/e/behnamie/ecDNA_Data/bioimage_archive/rgb/ncih716_jc_alo_8nm_24h_16.tif,/work/users/b/e/behnamie/ecDNA_Data/bioimage_archive/dapi/ncih716_jc_alo_8nm_24h_16.tif,/work/users/b/e/behnamie/ecDNA_Data/bioimage_archive/roi_mask/ncih716_jc_alo_8nm_24h_16.png,/work/users/b/e/behnamie/ecDNA_Data/bioimage_archive/gt_image/ncih716_jc_alo_8nm_24h_16.tif
ncih716_jc_ctrl_1_19,NCI-H716,val,val,True,False,True,False,1,rgb/ncih716_jc_ctrl_1_19.tif,dapi/ncih716_jc_ctrl_1_19.tif,roi_mask/ncih716_jc_ctrl_1_19.png,gt_image/ncih716_jc_ctrl_1_19.tif,,207,209,True,True,True,True,ncih716_jc_ctrl_1_19.tif,ncih716_jc_ctrl_1_19.tif,ncih716_jc_ctrl_1_19.png,ncih716_jc_ctrl_1_19.tif,,/work/users/b/e/behnamie/ecDNA_Data/bioimage_archive/rgb/ncih716_jc_ctrl_1_19.tif,/work/users/b/e/behnamie/ecDNA_Data/bioimage_archive/dapi/ncih716_jc_ctrl_1_19.tif,/work/users/b/e/behnamie/ecDNA_Data/bioimage_archive/roi_mask/ncih716_jc_ctrl_1_19.png,/work/users/b/e/behnamie/ecDNA_Data/bioimage_archive/gt_image/ncih716_jc_ctrl_1_19.tif
ncih716_jc_ctrl_1_44_a,NCI-H716,val,val,True,False,True,False,1,rgb/ncih716_jc_ctrl_1_44_a.tif,dapi/ncih716_jc_ctrl_1_44_a.tif,roi_mask/ncih716_jc_ctrl_1_44_a.png,gt_image/ncih716_jc_ctrl_1_44_a.tif,,132,133,True,True,True,True,ncih716_jc_ctrl_1_44_a.tif,ncih716_jc_ctrl_1_44_a.tif,ncih716_jc_ctrl_1_44_a.png,ncih716_jc_ctrl_1_44_a.tif,,/work/users/b/e/behnamie/ecDNA_Data/bioimage_archive/rgb/ncih716_jc_ctrl_1_44_a.tif,/work/users/b/e/behnamie/ecDNA_Data/bioimage_archive/dapi/ncih716_jc_ctrl_1_44_a.tif,/work/users/b/e/behnamie/ecDNA_Data/bioimage_archive/roi_mask/ncih716_jc_ctrl_1_44_a.png,/work/users/b/e/behnamie/ecDNA_Data/bioimage_archive/gt_image/ncih716_jc_ctrl_1_44_a.tif
ncih716_jc_ctrl_1_46,NCI-H716,val,val,True,False,True,False,1,rgb/ncih716_jc_ctrl_1_46.tif,dapi/ncih716_jc_ctrl_1_46.tif,roi_mask/ncih716_jc_ctrl_1_46.png,gt_image/ncih716_jc_ctrl_1_46.tif,,144,144,True,True,True,True,ncih716_jc_ctrl_1_46.tif,ncih716_jc_ctrl_1_46.tif,ncih716_jc_ctrl_1_46.png,ncih716_jc_ctrl_1_46.tif,,/work/users/b/e/behnamie/ecDNA_Data/bioimage_archive/rgb/ncih716_jc_ctrl_1_46.tif,/work/users/b/e/behnamie/ecDNA_Data/bioimage_archive/dapi/ncih716_jc_ctrl_1_46.tif,/work/users/b/e/behnamie/ecDNA_Data/bioimage_archive/roi_mask/ncih716_jc_ctrl_1_46.png,/work/users/b/e/behnamie/ecDNA_Data/bioimage_archive/gt_image/ncih716_jc_ctrl_1_46.tif
ncih716_jc_ctrl_1_64,NCI-H716,val,val,True,False,True,False,1,rgb/ncih716_jc_ctrl_1_64.tif,dapi/ncih716_jc_ctrl_1_64.tif,roi_mask/ncih716_jc_ctrl_1_64.png,gt_image/ncih716_jc_ctrl_1_64.tif,,148,148,True,True,True,True,ncih716_jc_ctrl_1_64.tif,ncih716_jc_ctrl_1_64.tif,ncih716_jc_ctrl_1_64.png,ncih716_jc_ctrl_1_64.tif,,/work/users/b/e/behnamie/ecDNA_Data/bioimage_archive/rgb/ncih716_jc_ctrl_1_64.tif,/work/users/b/e/behnamie/ecDNA_Data/bioimage_archive/dapi/ncih716_jc_ctrl_1_64.tif,/work/users/b/e/behnamie/ecDNA_Data/bioimage_archive/roi_mask/ncih716_jc_ctrl_1_64.png,/work/users/b/e/behnamie/ecDNA_Data/bioimage_archive/gt_image/ncih716_jc_ctrl_1_64.tif
ncih716_jc_ctrl_1_68,NCI-H716,val,val,True,False,True,False,1,rgb/ncih716_jc_ctrl_1_68.tif,dapi/ncih716_jc_ctrl_1_68.tif,roi_mask/ncih716_jc_ctrl_1_68.png,gt_image/ncih716_jc_ctrl_1_68.tif,,202,202,True,True,True,True,ncih716_jc_ctrl_1_68.tif,ncih716_jc_ctrl_1_68.tif,ncih716_jc_ctrl_1_68.png,ncih716_jc_ctrl_1_68.tif,,/work/users/b/e/behnamie/ecDNA_Data/bioimage_archive/rgb/ncih716_jc_ctrl_1_68.tif,/work/users/b/e/behnamie/ecDNA_Data/bioimage_archive/dapi/ncih716_jc_ctrl_1_68.tif,/work/users/b/e/behnamie/ecDNA_Data/bioimage_archive/roi_mask/ncih716_jc_ctrl_1_68.png,/work/users/b/e/behnamie/ecDNA_Data/bioimage_archive/gt_image/ncih716_jc_ctrl_1_68.tif
ncih716_jc_ctrl_2_12,NCI-H716,val,val,True,False,True,False,1,rgb/ncih716_jc_ctrl_2_12.tif,dapi/ncih716_jc_ctrl_2_12.tif,roi_mask/ncih716_jc_ctrl_2_12.png,gt_image/ncih716_jc_ctrl_2_12.tif,,166,166,True,True,True,True,ncih716_jc_ctrl_2_12.tif,ncih716_jc_ctrl_2_12.tif,ncih716_jc_ctrl_2_12.png,ncih716_jc_ctrl_2_12.tif,,/work/users/b/e/behnamie/ecDNA_Data/bioimage_archive/rgb/ncih716_jc_ctrl_2_12.tif,/work/users/b/e/behnamie/ecDNA_Data/bioimage_archive/dapi/ncih716_jc_ctrl_2_12.tif,/work/users/b/e/behnamie/ecDNA_Data/bioimage_archive/roi_mask/ncih716_jc_ctrl_2_12.png,/work/users/b/e/behnamie/ecDNA_Data/bioimage_archive/gt_image/ncih716_jc_ctrl_2_12.tif
ncih716_jc_ctrl_2_24,NCI-H716,val,val,True,False,True,False,1,rgb/ncih716_jc_ctrl_2_24.tif,dapi/ncih716_jc_ctrl_2_24.tif,roi_mask/ncih716_jc_ctrl_2_24.png,gt_image/ncih716_jc_ctrl_2_24.tif,,166,167,True,True,True,True,ncih716_jc_ctrl_2_24.tif,ncih716_jc_ctrl_2_24.tif,ncih716_jc_ctrl_2_24.png,ncih716_jc_ctrl_2_24.tif,,/work/users/b/e/behnamie/ecDNA_Data/bioimage_archive/rgb/ncih716_jc_ctrl_2_24.tif,/work/users/b/e/behnamie/ecDNA_Data/bioimage_archive/dapi/ncih716_jc_ctrl_2_24.tif,/work/users/b/e/behnamie/ecDNA_Data/bioimage_archive/roi_mask/ncih716_jc_ctrl_2_24.png,/work/users/b/e/behnamie/ecDNA_Data/bioimage_archive/gt_image/ncih716_jc_ctrl_2_24.tif
ncih716_jc_ctrl_2_29,NCI-H716,val,val,True,False,True,False,1,rgb/ncih716_jc_ctrl_2_29.tif,dapi/ncih716_jc_ctrl_2_29.tif,roi_mask/ncih716_jc_ctrl_2_29.png,gt_image/ncih716_jc_ctrl_2_29.tif,,214,214,True,True,True,True,ncih716_jc_ctrl_2_29.tif,ncih716_jc_ctrl_2_29.tif,ncih716_jc_ctrl_2_29.png,ncih716_jc_ctrl_2_29.tif,,/work/users/b/e/behnamie/ecDNA_Data/bioimage_archive/rgb/ncih716_jc_ctrl_2_29.tif,/work/users/b/e/behnamie/ecDNA_Data/bioimage_archive/dapi/ncih716_jc_ctrl_2_29.tif,/work/users/b/e/behnamie/ecDNA_Data/bioimage_archive/roi_mask/ncih716_jc_ctrl_2_29.png,/work/users/b/e/behnamie/ecDNA_Data/bioimage_archive/gt_image/ncih716_jc_ctrl_2_29.tif
ncih716_jc_ctrl_2_49,NCI-H716,val,val,True,False,True,False,1,rgb/ncih716_jc_ctrl_2_49.tif,dapi/ncih716_jc_ctrl_2_49.tif,roi_mask/ncih716_jc_ctrl_2_49.png,gt_image/ncih716_jc_ctrl_2_49.tif,,169,169,True,True,True,True,ncih716_jc_ctrl_2_49.tif,ncih716_jc_ctrl_2_49.tif,ncih716_jc_ctrl_2_49.png,ncih716_jc_ctrl_2_49.tif,,/work/users/b/e/behnamie/ecDNA_Data/bioimage_archive/rgb/ncih716_jc_ctrl_2_49.tif,/work/users/b/e/behnamie/ecDNA_Data/bioimage_archive/dapi/ncih716_jc_ctrl_2_49.tif,/work/users/b/e/behnamie/ecDNA_Data/bioimage_archive/roi_mask/ncih716_jc_ctrl_2_49.png,/work/users/b/e/behnamie/ecDNA_Data/bioimage_archive/gt_image/ncih716_jc_ctrl_2_49.tif
snu16_jc_ctrl_119,SNU16,val,val,True,False,True,False,1,rgb/snu16_jc_ctrl_119.tif,dapi/snu16_jc_ctrl_119.tif,roi_mask/snu16_jc_ctrl_119.png,gt_image/snu16_jc_ctrl_119.tif,,415,415,True,True,True,True,snu16_jc_ctrl_119.tif,snu16_jc_ctrl_119.tif,snu16_jc_ctrl_119.png,snu16_jc_ctrl_119.tif,,/work/users/b/e/behnamie/ecDNA_Data/bioimage_archive/rgb/snu16_jc_ctrl_119.tif,/work/users/b/e/behnamie/ecDNA_Data/bioimage_archive/dapi/snu16_jc_ctrl_119.tif,/work/users/b/e/behnamie/ecDNA_Data/bioimage_archive/roi_mask/snu16_jc_ctrl_119.png,/work/users/b/e/behnamie/ecDNA_Data/bioimage_archive/gt_image/snu16_jc_ctrl_119.tif
snu16_jc_ctrl_13,SNU16,val,val,True,False,True,False,1,rgb/snu16_jc_ctrl_13.tif,dapi/snu16_jc_ctrl_13.tif,roi_mask/snu16_jc_ctrl_13.png,gt_image/snu16_jc_ctrl_13.tif,,380,382,True,True,True,True,snu16_jc_ctrl_13.tif,snu16_jc_ctrl_13.tif,snu16_jc_ctrl_13.png,snu16_jc_ctrl_13.tif,,/work/users/b/e/behnamie/ecDNA_Data/bioimage_archive/rgb/snu16_jc_ctrl_13.tif,/work/users/b/e/behnamie/ecDNA_Data/bioimage_archive/dapi/snu16_jc_ctrl_13.tif,/work/users/b/e/behnamie/ecDNA_Data/bioimage_archive/roi_mask/snu16_jc_ctrl_13.png,/work/users/b/e/behnamie/ecDNA_Data/bioimage_archive/gt_image/snu16_jc_ctrl_13.tif
snu16_jc_ctrl_135,SNU16,val,val,True,False,True,False,1,rgb/snu16_jc_ctrl_135.tif,dapi/snu16_jc_ctrl_135.tif,roi_mask/snu16_jc_ctrl_135.png,gt_image/snu16_jc_ctrl_135.tif,,366,366,True,True,True,True,snu16_jc_ctrl_135.tif,snu16_jc_ctrl_135.tif,snu16_jc_ctrl_135.png,snu16_jc_ctrl_135.tif,,/work/users/b/e/behnamie/ecDNA_Data/bioimage_archive/rgb/snu16_jc_ctrl_135.tif,/work/users/b/e/behnamie/ecDNA_Data/bioimage_archive/dapi/snu16_jc_ctrl_135.tif,/work/users/b/e/behnamie/ecDNA_Data/bioimage_archive/roi_mask/snu16_jc_ctrl_135.png,/work/users/b/e/behnamie/ecDNA_Data/bioimage_archive/gt_image/snu16_jc_ctrl_135.tif
snu16_jc_ctrl_139,SNU16,val,val,True,False,True,False,1,rgb/snu16_jc_ctrl_139.tif,dapi/snu16_jc_ctrl_139.tif,roi_mask/snu16_jc_ctrl_139.png,gt_image/snu16_jc_ctrl_139.tif,,254,257,True,True,True,True,snu16_jc_ctrl_139.tif,snu16_jc_ctrl_139.tif,snu16_jc_ctrl_139.png,snu16_jc_ctrl_139.tif,,/work/users/b/e/behnamie/ecDNA_Data/bioimage_archive/rgb/snu16_jc_ctrl_139.tif,/work/users/b/e/behnamie/ecDNA_Data/bioimage_archive/dapi/snu16_jc_ctrl_139.tif,/work/users/b/e/behnamie/ecDNA_Data/bioimage_archive/roi_mask/snu16_jc_ctrl_139.png,/work/users/b/e/behnamie/ecDNA_Data/bioimage_archive/gt_image/snu16_jc_ctrl_139.tif
snu16_jc_ctrl_60,SNU16,val,val,True,False,True,False,1,rgb/snu16_jc_ctrl_60.tif,dapi/snu16_jc_ctrl_60.tif,roi_mask/snu16_jc_ctrl_60.png,gt_image/snu16_jc_ctrl_60.tif,,97,101,True,True,True,True,snu16_jc_ctrl_60.tif,snu16_jc_ctrl_60.tif,snu16_jc_ctrl_60.png,snu16_jc_ctrl_60.tif,,/work/users/b/e/behnamie/ecDNA_Data/bioimage_archive/rgb/snu16_jc_ctrl_60.tif,/work/users/b/e/behnamie/ecDNA_Data/bioimage_archive/dapi/snu16_jc_ctrl_60.tif,/work/users/b/e/behnamie/ecDNA_Data/bioimage_archive/roi_mask/snu16_jc_ctrl_60.png,/work/users/b/e/behnamie/ecDNA_Data/bioimage_archive/gt_image/snu16_jc_ctrl_60.tif
snu16_jc_ctrl_74,SNU16,val,val,True,False,True,False,1,rgb/snu16_jc_ctrl_74.tif,dapi/snu16_jc_ctrl_74.tif,roi_mask/snu16_jc_ctrl_74.png,gt_image/snu16_jc_ctrl_74.tif,,222,222,True,True,True,True,snu16_jc_ctrl_74.tif,snu16_jc_ctrl_74.tif,snu16_jc_ctrl_74.png,snu16_jc_ctrl_74.tif,,/work/users/b/e/behnamie/ecDNA_Data/bioimage_archive/rgb/snu16_jc_ctrl_74.tif,/work/users/b/e/behnamie/ecDNA_Data/bioimage_archive/dapi/snu16_jc_ctrl_74.tif,/work/users/b/e/behnamie/ecDNA_Data/bioimage_archive/roi_mask/snu16_jc_ctrl_74.png,/work/users/b/e/behnamie/ecDNA_Data/bioimage_archive/gt_image/snu16_jc_ctrl_74.tif
snu16_jc_ctrl_8,SNU16,val,val,True,False,True,False,1,rgb/snu16_jc_ctrl_8.tif,dapi/snu16_jc_ctrl_8.tif,roi_mask/snu16_jc_ctrl_8.png,gt_image/snu16_jc_ctrl_8.tif,,232,234,True,True,True,True,snu16_jc_ctrl_8.tif,snu16_jc_ctrl_8.tif,snu16_jc_ctrl_8.png,snu16_jc_ctrl_8.tif,,/work/users/b/e/behnamie/ecDNA_Data/bioimage_archive/rgb/snu16_jc_ctrl_8.tif,/work/users/b/e/behnamie/ecDNA_Data/bioimage_archive/dapi/snu16_jc_ctrl_8.tif,/work/users/b/e/behnamie/ecDNA_Data/bioimage_archive/roi_mask/snu16_jc_ctrl_8.png,/work/users/b/e/behnamie/ecDNA_Data/bioimage_archive/gt_image/snu16_jc_ctrl_8.tif
snu16_jc_ctrl_9,SNU16,val,val,True,False,True,False,1,rgb/snu16_jc_ctrl_9.tif,dapi/snu16_jc_ctrl_9.tif,roi_mask/snu16_jc_ctrl_9.png,gt_image/snu16_jc_ctrl_9.tif,,161,180,True,True,True,True,snu16_jc_ctrl_9.tif,snu16_jc_ctrl_9.tif,snu16_jc_ctrl_9.png,snu16_jc_ctrl_9.tif,,/work/users/b/e/behnamie/ecDNA_Data/bioimage_archive/rgb/snu16_jc_ctrl_9.tif,/work/users/b/e/behnamie/ecDNA_Data/bioimage_archive/dapi/snu16_jc_ctrl_9.tif,/work/users/b/e/behnamie/ecDNA_Data/bioimage_archive/roi_mask/snu16_jc_ctrl_9.png,/work/users/b/e/behnamie/ecDNA_Data/bioimage_archive/gt_image/snu16_jc_ctrl_9.tif
snu16_jc_ctrl_92,SNU16,val,val,True,False,True,False,1,rgb/snu16_jc_ctrl_92.tif,dapi/snu16_jc_ctrl_92.tif,roi_mask/snu16_jc_ctrl_92.png,gt_image/snu16_jc_ctrl_92.tif,,382,386,True,True,True,True,snu16_jc_ctrl_92.tif,snu16_jc_ctrl_92.tif,snu16_jc_ctrl_92.png,snu16_jc_ctrl_92.tif,,/work/users/b/e/behnamie/ecDNA_Data/bioimage_archive/rgb/snu16_jc_ctrl_92.tif,/work/users/b/e/behnamie/ecDNA_Data/bioimage_archive/dapi/snu16_jc_ctrl_92.tif,/work/users/b/e/behnamie/ecDNA_Data/bioimage_archive/roi_mask/snu16_jc_ctrl_92.png,/work/users/b/e/behnamie/ecDNA_Data/bioimage_archive/gt_image/snu16_jc_ctrl_92.tif
snu16_jc_jq1_ic50_24h_118,SNU16,val,val,True,False,True,False,1,rgb/snu16_jc_jq1_ic50_24h_118.tif,dapi/snu16_jc_jq1_ic50_24h_118.tif,roi_mask/snu16_jc_jq1_ic50_24h_118.png,gt_image/snu16_jc_jq1_ic50_24h_118.tif,,221,223,True,True,True,True,snu16_jc_jq1_ic50_24h_118.tif,snu16_jc_jq1_ic50_24h_118.tif,snu16_jc_jq1_ic50_24h_118.png,snu16_jc_jq1_ic50_24h_118.tif,,/work/users/b/e/behnamie/ecDNA_Data/bioimage_archive/rgb/snu16_jc_jq1_ic50_24h_118.tif,/work/users/b/e/behnamie/ecDNA_Data/bioimage_archive/dapi/snu16_jc_jq1_ic50_24h_118.tif,/work/users/b/e/behnamie/ecDNA_Data/bioimage_archive/roi_mask/snu16_jc_jq1_ic50_24h_118.png,/work/users/b/e/behnamie/ecDNA_Data/bioimage_archive/gt_image/snu16_jc_jq1_ic50_24h_118.tif
snu16_jc_jq1_ic50_24h_16,SNU16,val,val,True,False,True,False,1,rgb/snu16_jc_jq1_ic50_24h_16.tif,dapi/snu16_jc_jq1_ic50_24h_16.tif,roi_mask/snu16_jc_jq1_ic50_24h_16.png,gt_image/snu16_jc_jq1_ic50_24h_16.tif,,705,728,True,True,True,True,snu16_jc_jq1_ic50_24h_16.tif,snu16_jc_jq1_ic50_24h_16.tif,snu16_jc_jq1_ic50_24h_16.png,snu16_jc_jq1_ic50_24h_16.tif,,/work/users/b/e/behnamie/ecDNA_Data/bioimage_archive/rgb/snu16_jc_jq1_ic50_24h_16.tif,/work/users/b/e/behnamie/ecDNA_Data/bioimage_archive/dapi/snu16_jc_jq1_ic50_24h_16.tif,/work/users/b/e/behnamie/ecDNA_Data/bioimage_archive/roi_mask/snu16_jc_jq1_ic50_24h_16.png,/work/users/b/e/behnamie/ecDNA_Data/bioimage_archive/gt_image/snu16_jc_jq1_ic50_24h_16.tif
snu16_jc_jq1_ic50_24h_44,SNU16,val,val,True,False,True,False,1,rgb/snu16_jc_jq1_ic50_24h_44.tif,dapi/snu16_jc_jq1_ic50_24h_44.tif,roi_mask/snu16_jc_jq1_ic50_24h_44.png,gt_image/snu16_jc_jq1_ic50_24h_44.tif,,426,426,True,True,True,True,snu16_jc_jq1_ic50_24h_44.tif,snu16_jc_jq1_ic50_24h_44.tif,snu16_jc_jq1_ic50_24h_44.png,snu16_jc_jq1_ic50_24h_44.tif,,/work/users/b/e/behnamie/ecDNA_Data/bioimage_archive/rgb/snu16_jc_jq1_ic50_24h_44.tif,/work/users/b/e/behnamie/ecDNA_Data/bioimage_archive/dapi/snu16_jc_jq1_ic50_24h_44.tif,/work/users/b/e/behnamie/ecDNA_Data/bioimage_archive/roi_mask/snu16_jc_jq1_ic50_24h_44.png,/work/users/b/e/behnamie/ecDNA_Data/bioimage_archive/gt_image/snu16_jc_jq1_ic50_24h_44.tif
snu16_jc_jq1_ic50_24h_54,SNU16,val,val,True,False,True,False,1,rgb/snu16_jc_jq1_ic50_24h_54.tif,dapi/snu16_jc_jq1_ic50_24h_54.tif,roi_mask/snu16_jc_jq1_ic50_24h_54.png,gt_image/snu16_jc_jq1_ic50_24h_54.tif,,274,275,True,True,True,True,snu16_jc_jq1_ic50_24h_54.tif,snu16_jc_jq1_ic50_24h_54.tif,snu16_jc_jq1_ic50_24h_54.png,snu16_jc_jq1_ic50_24h_54.tif,,/work/users/b/e/behnamie/ecDNA_Data/bioimage_archive/rgb/snu16_jc_jq1_ic50_24h_54.tif,/work/users/b/e/behnamie/ecDNA_Data/bioimage_archive/dapi/snu16_jc_jq1_ic50_24h_54.tif,/work/users/b/e/behnamie/ecDNA_Data/bioimage_archive/roi_mask/snu16_jc_jq1_ic50_24h_54.png,/work/users/b/e/behnamie/ecDNA_Data/bioimage_archive/gt_image/snu16_jc_jq1_ic50_24h_54.tif
snu16_jc_jq1_ic50_24h_55,SNU16,val,val,True,False,True,False,1,rgb/snu16_jc_jq1_ic50_24h_55.tif,dapi/snu16_jc_jq1_ic50_24h_55.tif,roi_mask/snu16_jc_jq1_ic50_24h_55.png,gt_image/snu16_jc_jq1_ic50_24h_55.tif,,189,189,True,True,True,True,snu16_jc_jq1_ic50_24h_55.tif,snu16_jc_jq1_ic50_24h_55.tif,snu16_jc_jq1_ic50_24h_55.png,snu16_jc_jq1_ic50_24h_55.tif,,/work/users/b/e/behnamie/ecDNA_Data/bioimage_archive/rgb/snu16_jc_jq1_ic50_24h_55.tif,/work/users/b/e/behnamie/ecDNA_Data/bioimage_archive/dapi/snu16_jc_jq1_ic50_24h_55.tif,/work/users/b/e/behnamie/ecDNA_Data/bioimage_archive/roi_mask/snu16_jc_jq1_ic50_24h_55.png,/work/users/b/e/behnamie/ecDNA_Data/bioimage_archive/gt_image/snu16_jc_jq1_ic50_24h_55.tif
snu16_jc_jq1_ic50_24h_66,SNU16,val,val,True,False,True,False,1,rgb/snu16_jc_jq1_ic50_24h_66.tif,dapi/snu16_jc_jq1_ic50_24h_66.tif,roi_mask/snu16_jc_jq1_ic50_24h_66.png,gt_image/snu16_jc_jq1_ic50_24h_66.tif,,238,238,True,True,True,True,snu16_jc_jq1_ic50_24h_66.tif,snu16_jc_jq1_ic50_24h_66.tif,snu16_jc_jq1_ic50_24h_66.png,snu16_jc_jq1_ic50_24h_66.tif,,/work/users/b/e/behnamie/ecDNA_Data/bioimage_archive/rgb/snu16_jc_jq1_ic50_24h_66.tif,/work/users/b/e/behnamie/ecDNA_Data/bioimage_archive/dapi/snu16_jc_jq1_ic50_24h_66.tif,/work/users/b/e/behnamie/ecDNA_Data/bioimage_archive/roi_mask/snu16_jc_jq1_ic50_24h_66.png,/work/users/b/e/behnamie/ecDNA_Data/bioimage_archive/gt_image/snu16_jc_jq1_ic50_24h_66.tif
snu16_jc_jq1_ic50_24h_9,SNU16,val,val,True,False,True,False,1,rgb/snu16_jc_jq1_ic50_24h_9.tif,dapi/snu16_jc_jq1_ic50_24h_9.tif,roi_mask/snu16_jc_jq1_ic50_24h_9.png,gt_image/snu16_jc_jq1_ic50_24h_9.tif,,239,240,True,True,True,True,snu16_jc_jq1_ic50_24h_9.tif,snu16_jc_jq1_ic50_24h_9.tif,snu16_jc_jq1_ic50_24h_9.png,snu16_jc_jq1_ic50_24h_9.tif,,/work/users/b/e/behnamie/ecDNA_Data/bioimage_archive/rgb/snu16_jc_jq1_ic50_24h_9.tif,/work/users/b/e/behnamie/ecDNA_Data/bioimage_archive/dapi/snu16_jc_jq1_ic50_24h_9.tif,/work/users/b/e/behnamie/ecDNA_Data/bioimage_archive/roi_mask/snu16_jc_jq1_ic50_24h_9.png,/work/users/b/e/behnamie/ecDNA_Data/bioimage_archive/gt_image/snu16_jc_jq1_ic50_24h_9.tif
snu16_jc_jq1_ic50_24h_96,SNU16,val,val,True,False,True,False,1,rgb/snu16_jc_jq1_ic50_24h_96.tif,dapi/snu16_jc_jq1_ic50_24h_96.tif,roi_mask/snu16_jc_jq1_ic50_24h_96.png,gt_image/snu16_jc_jq1_ic50_24h_96.tif,,174,175,True,True,True,True,snu16_jc_jq1_ic50_24h_96.tif,snu16_jc_jq1_ic50_24h_96.tif,snu16_jc_jq1_ic50_24h_96.png,snu16_jc_jq1_ic50_24h_96.tif,,/work/users/b/e/behnamie/ecDNA_Data/bioimage_archive/rgb/snu16_jc_jq1_ic50_24h_96.tif,/work/users/b/e/behnamie/ecDNA_Data/bioimage_archive/dapi/snu16_jc_jq1_ic50_24h_96.tif,/work/users/b/e/behnamie/ecDNA_Data/bioimage_archive/roi_mask/snu16_jc_jq1_ic50_24h_96.png,/work/users/b/e/behnamie/ecDNA_Data/bioimage_archive/gt_image/snu16_jc_jq1_ic50_24h_96.tif
snu16_jc_jq1_ic50_24h_98,SNU16,val,val,True,False,True,False,1,rgb/snu16_jc_jq1_ic50_24h_98.tif,dapi/snu16_jc_jq1_ic50_24h_98.tif,roi_mask/snu16_jc_jq1_ic50_24h_98.png,gt_image/snu16_jc_jq1_ic50_24h_98.tif,,237,241,True,True,True,True,snu16_jc_jq1_ic50_24h_98.tif,snu16_jc_jq1_ic50_24h_98.tif,snu16_jc_jq1_ic50_24h_98.png,snu16_jc_jq1_ic50_24h_98.tif,,/work/users/b/e/behnamie/ecDNA_Data/bioimage_archive/rgb/snu16_jc_jq1_ic50_24h_98.tif,/work/users/b/e/behnamie/ecDNA_Data/bioimage_archive/dapi/snu16_jc_jq1_ic50_24h_98.tif,/work/users/b/e/behnamie/ecDNA_Data/bioimage_archive/roi_mask/snu16_jc_jq1_ic50_24h_98.png,/work/users/b/e/behnamie/ecDNA_Data/bioimage_archive/gt_image/snu16_jc_jq1_ic50_24h_98.tif
colo320dm_qpcr_jq1_24h_ctrl_114,COLO320DM,test,test,True,False,False,True,1,rgb/colo320dm_qpcr_jq1_24h_ctrl_114.tif,dapi/colo320dm_qpcr_jq1_24h_ctrl_114.tif,roi_mask/colo320dm_qpcr_jq1_24h_ctrl_114.png,gt_image/colo320dm_qpcr_jq1_24h_ctrl_114.tif,,107,107,True,True,True,True,colo320dm_qpcr_jq1_24h_ctrl_114.tif,colo320dm_qpcr_jq1_24h_ctrl_114.tif,colo320dm_qpcr_jq1_24h_ctrl_114.png,colo320dm_qpcr_jq1_24h_ctrl_114.tif,,/work/users/b/e/behnamie/ecDNA_Data/bioimage_archive/rgb/colo320dm_qpcr_jq1_24h_ctrl_114.tif,/work/users/b/e/behnamie/ecDNA_Data/bioimage_archive/dapi/colo320dm_qpcr_jq1_24h_ctrl_114.tif,/work/users/b/e/behnamie/ecDNA_Data/bioimage_archive/roi_mask/colo320dm_qpcr_jq1_24h_ctrl_114.png,/work/users/b/e/behnamie/ecDNA_Data/bioimage_archive/gt_image/colo320dm_qpcr_jq1_24h_ctrl_114.tif
colo320dm_qpcr_jq1_24h_ctrl_23,COLO320DM,test,test,True,False,False,True,1,rgb/colo320dm_qpcr_jq1_24h_ctrl_23.tif,dapi/colo320dm_qpcr_jq1_24h_ctrl_23.tif,roi_mask/colo320dm_qpcr_jq1_24h_ctrl_23.png,gt_image/colo320dm_qpcr_jq1_24h_ctrl_23.tif,,57,57,True,True,True,True,colo320dm_qpcr_jq1_24h_ctrl_23.tif,colo320dm_qpcr_jq1_24h_ctrl_23.tif,colo320dm_qpcr_jq1_24h_ctrl_23.png,colo320dm_qpcr_jq1_24h_ctrl_23.tif,,/work/users/b/e/behnamie/ecDNA_Data/bioimage_archive/rgb/colo320dm_qpcr_jq1_24h_ctrl_23.tif,/work/users/b/e/behnamie/ecDNA_Data/bioimage_archive/dapi/colo320dm_qpcr_jq1_24h_ctrl_23.tif,/work/users/b/e/behnamie/ecDNA_Data/bioimage_archive/roi_mask/colo320dm_qpcr_jq1_24h_ctrl_23.png,/work/users/b/e/behnamie/ecDNA_Data/bioimage_archive/gt_image/colo320dm_qpcr_jq1_24h_ctrl_23.tif
colo320dm_qpcr_jq1_24h_ctrl_33,COLO320DM,test,test,True,False,False,True,1,rgb/colo320dm_qpcr_jq1_24h_ctrl_33.tif,dapi/colo320dm_qpcr_jq1_24h_ctrl_33.tif,roi_mask/colo320dm_qpcr_jq1_24h_ctrl_33.png,gt_image/colo320dm_qpcr_jq1_24h_ctrl_33.tif,,24,24,True,True,True,True,colo320dm_qpcr_jq1_24h_ctrl_33.tif,colo320dm_qpcr_jq1_24h_ctrl_33.tif,colo320dm_qpcr_jq1_24h_ctrl_33.png,colo320dm_qpcr_jq1_24h_ctrl_33.tif,,/work/users/b/e/behnamie/ecDNA_Data/bioimage_archive/rgb/colo320dm_qpcr_jq1_24h_ctrl_33.tif,/work/users/b/e/behnamie/ecDNA_Data/bioimage_archive/dapi/colo320dm_qpcr_jq1_24h_ctrl_33.tif,/work/users/b/e/behnamie/ecDNA_Data/bioimage_archive/roi_mask/colo320dm_qpcr_jq1_24h_ctrl_33.png,/work/users/b/e/behnamie/ecDNA_Data/bioimage_archive/gt_image/colo320dm_qpcr_jq1_24h_ctrl_33.tif
colo320dm_qpcr_jq1_24h_ctrl_39,COLO320DM,test,test,True,False,False,True,1,rgb/colo320dm_qpcr_jq1_24h_ctrl_39.tif,dapi/colo320dm_qpcr_jq1_24h_ctrl_39.tif,roi_mask/colo320dm_qpcr_jq1_24h_ctrl_39.png,gt_image/colo320dm_qpcr_jq1_24h_ctrl_39.tif,,41,41,True,True,True,True,colo320dm_qpcr_jq1_24h_ctrl_39.tif,colo320dm_qpcr_jq1_24h_ctrl_39.tif,colo320dm_qpcr_jq1_24h_ctrl_39.png,colo320dm_qpcr_jq1_24h_ctrl_39.tif,,/work/users/b/e/behnamie/ecDNA_Data/bioimage_archive/rgb/colo320dm_qpcr_jq1_24h_ctrl_39.tif,/work/users/b/e/behnamie/ecDNA_Data/bioimage_archive/dapi/colo320dm_qpcr_jq1_24h_ctrl_39.tif,/work/users/b/e/behnamie/ecDNA_Data/bioimage_archive/roi_mask/colo320dm_qpcr_jq1_24h_ctrl_39.png,/work/users/b/e/behnamie/ecDNA_Data/bioimage_archive/gt_image/colo320dm_qpcr_jq1_24h_ctrl_39.tif
colo320dm_qpcr_jq1_24h_ctrl_47,COLO320DM,test,test,True,False,False,True,1,rgb/colo320dm_qpcr_jq1_24h_ctrl_47.tif,dapi/colo320dm_qpcr_jq1_24h_ctrl_47.tif,roi_mask/colo320dm_qpcr_jq1_24h_ctrl_47.png,gt_image/colo320dm_qpcr_jq1_24h_ctrl_47.tif,,22,22,True,True,True,True,colo320dm_qpcr_jq1_24h_ctrl_47.tif,colo320dm_qpcr_jq1_24h_ctrl_47.tif,colo320dm_qpcr_jq1_24h_ctrl_47.png,colo320dm_qpcr_jq1_24h_ctrl_47.tif,,/work/users/b/e/behnamie/ecDNA_Data/bioimage_archive/rgb/colo320dm_qpcr_jq1_24h_ctrl_47.tif,/work/users/b/e/behnamie/ecDNA_Data/bioimage_archive/dapi/colo320dm_qpcr_jq1_24h_ctrl_47.tif,/work/users/b/e/behnamie/ecDNA_Data/bioimage_archive/roi_mask/colo320dm_qpcr_jq1_24h_ctrl_47.png,/work/users/b/e/behnamie/ecDNA_Data/bioimage_archive/gt_image/colo320dm_qpcr_jq1_24h_ctrl_47.tif
colo320dm_qpcr_jq1_24h_ctrl_48,COLO320DM,test,test,True,False,False,True,1,rgb/colo320dm_qpcr_jq1_24h_ctrl_48.tif,dapi/colo320dm_qpcr_jq1_24h_ctrl_48.tif,roi_mask/colo320dm_qpcr_jq1_24h_ctrl_48.png,gt_image/colo320dm_qpcr_jq1_24h_ctrl_48.tif,,32,32,True,True,True,True,colo320dm_qpcr_jq1_24h_ctrl_48.tif,colo320dm_qpcr_jq1_24h_ctrl_48.tif,colo320dm_qpcr_jq1_24h_ctrl_48.png,colo320dm_qpcr_jq1_24h_ctrl_48.tif,,/work/users/b/e/behnamie/ecDNA_Data/bioimage_archive/rgb/colo320dm_qpcr_jq1_24h_ctrl_48.tif,/work/users/b/e/behnamie/ecDNA_Data/bioimage_archive/dapi/colo320dm_qpcr_jq1_24h_ctrl_48.tif,/work/users/b/e/behnamie/ecDNA_Data/bioimage_archive/roi_mask/colo320dm_qpcr_jq1_24h_ctrl_48.png,/work/users/b/e/behnamie/ecDNA_Data/bioimage_archive/gt_image/colo320dm_qpcr_jq1_24h_ctrl_48.tif
colo320dm_qpcr_jq1_24h_ctrl_67,COLO320DM,test,test,True,False,False,True,1,rgb/colo320dm_qpcr_jq1_24h_ctrl_67.tif,dapi/colo320dm_qpcr_jq1_24h_ctrl_67.tif,roi_mask/colo320dm_qpcr_jq1_24h_ctrl_67.png,gt_image/colo320dm_qpcr_jq1_24h_ctrl_67.tif,,91,91,True,True,True,True,colo320dm_qpcr_jq1_24h_ctrl_67.tif,colo320dm_qpcr_jq1_24h_ctrl_67.tif,colo320dm_qpcr_jq1_24h_ctrl_67.png,colo320dm_qpcr_jq1_24h_ctrl_67.tif,,/work/users/b/e/behnamie/ecDNA_Data/bioimage_archive/rgb/colo320dm_qpcr_jq1_24h_ctrl_67.tif,/work/users/b/e/behnamie/ecDNA_Data/bioimage_archive/dapi/colo320dm_qpcr_jq1_24h_ctrl_67.tif,/work/users/b/e/behnamie/ecDNA_Data/bioimage_archive/roi_mask/colo320dm_qpcr_jq1_24h_ctrl_67.png,/work/users/b/e/behnamie/ecDNA_Data/bioimage_archive/gt_image/colo320dm_qpcr_jq1_24h_ctrl_67.tif
colo320dm_qpcr_jq1_24h_ctrl_69,COLO320DM,test,test,True,False,False,True,1,rgb/colo320dm_qpcr_jq1_24h_ctrl_69.tif,dapi/colo320dm_qpcr_jq1_24h_ctrl_69.tif,roi_mask/colo320dm_qpcr_jq1_24h_ctrl_69.png,gt_image/colo320dm_qpcr_jq1_24h_ctrl_69.tif,,54,54,True,True,True,True,colo320dm_qpcr_jq1_24h_ctrl_69.tif,colo320dm_qpcr_jq1_24h_ctrl_69.tif,colo320dm_qpcr_jq1_24h_ctrl_69.png,colo320dm_qpcr_jq1_24h_ctrl_69.tif,,/work/users/b/e/behnamie/ecDNA_Data/bioimage_archive/rgb/colo320dm_qpcr_jq1_24h_ctrl_69.tif,/work/users/b/e/behnamie/ecDNA_Data/bioimage_archive/dapi/colo320dm_qpcr_jq1_24h_ctrl_69.tif,/work/users/b/e/behnamie/ecDNA_Data/bioimage_archive/roi_mask/colo320dm_qpcr_jq1_24h_ctrl_69.png,/work/users/b/e/behnamie/ecDNA_Data/bioimage_archive/gt_image/colo320dm_qpcr_jq1_24h_ctrl_69.tif
colo320dm_qpcr_jq1_24h_ctrl_87_a,COLO320DM,test,test,True,False,False,True,1,rgb/colo320dm_qpcr_jq1_24h_ctrl_87_a.tif,dapi/colo320dm_qpcr_jq1_24h_ctrl_87_a.tif,roi_mask/colo320dm_qpcr_jq1_24h_ctrl_87_a.png,gt_image/colo320dm_qpcr_jq1_24h_ctrl_87_a.tif,,31,31,True,True,True,True,colo320dm_qpcr_jq1_24h_ctrl_87_a.tif,colo320dm_qpcr_jq1_24h_ctrl_87_a.tif,colo320dm_qpcr_jq1_24h_ctrl_87_a.png,colo320dm_qpcr_jq1_24h_ctrl_87_a.tif,,/work/users/b/e/behnamie/ecDNA_Data/bioimage_archive/rgb/colo320dm_qpcr_jq1_24h_ctrl_87_a.tif,/work/users/b/e/behnamie/ecDNA_Data/bioimage_archive/dapi/colo320dm_qpcr_jq1_24h_ctrl_87_a.tif,/work/users/b/e/behnamie/ecDNA_Data/bioimage_archive/roi_mask/colo320dm_qpcr_jq1_24h_ctrl_87_a.png,/work/users/b/e/behnamie/ecDNA_Data/bioimage_archive/gt_image/colo320dm_qpcr_jq1_24h_ctrl_87_a.tif
colo320dm_qpcr_jq1_24h_ctrl_96,COLO320DM,test,test,True,False,False,True,1,rgb/colo320dm_qpcr_jq1_24h_ctrl_96.tif,dapi/colo320dm_qpcr_jq1_24h_ctrl_96.tif,roi_mask/colo320dm_qpcr_jq1_24h_ctrl_96.png,gt_image/colo320dm_qpcr_jq1_24h_ctrl_96.tif,,49,49,True,True,True,True,colo320dm_qpcr_jq1_24h_ctrl_96.tif,colo320dm_qpcr_jq1_24h_ctrl_96.tif,colo320dm_qpcr_jq1_24h_ctrl_96.png,colo320dm_qpcr_jq1_24h_ctrl_96.tif,,/work/users/b/e/behnamie/ecDNA_Data/bioimage_archive/rgb/colo320dm_qpcr_jq1_24h_ctrl_96.tif,/work/users/b/e/behnamie/ecDNA_Data/bioimage_archive/dapi/colo320dm_qpcr_jq1_24h_ctrl_96.tif,/work/users/b/e/behnamie/ecDNA_Data/bioimage_archive/roi_mask/colo320dm_qpcr_jq1_24h_ctrl_96.png,/work/users/b/e/behnamie/ecDNA_Data/bioimage_archive/gt_image/colo320dm_qpcr_jq1_24h_ctrl_96.tif
colo320dm_qpcr_jq1_24h_dmso_111,COLO320DM,test,test,True,False,False,True,1,rgb/colo320dm_qpcr_jq1_24h_dmso_111.tif,dapi/colo320dm_qpcr_jq1_24h_dmso_111.tif,roi_mask/colo320dm_qpcr_jq1_24h_dmso_111.png,gt_image/colo320dm_qpcr_jq1_24h_dmso_111.tif,,4,4,True,True,True,True,colo320dm_qpcr_jq1_24h_dmso_111.tif,colo320dm_qpcr_jq1_24h_dmso_111.tif,colo320dm_qpcr_jq1_24h_dmso_111.png,colo320dm_qpcr_jq1_24h_dmso_111.tif,,/work/users/b/e/behnamie/ecDNA_Data/bioimage_archive/rgb/colo320dm_qpcr_jq1_24h_dmso_111.tif,/work/users/b/e/behnamie/ecDNA_Data/bioimage_archive/dapi/colo320dm_qpcr_jq1_24h_dmso_111.tif,/work/users/b/e/behnamie/ecDNA_Data/bioimage_archive/roi_mask/colo320dm_qpcr_jq1_24h_dmso_111.png,/work/users/b/e/behnamie/ecDNA_Data/bioimage_archive/gt_image/colo320dm_qpcr_jq1_24h_dmso_111.tif
ncih2170_antibiotics_blank_ctrl_100,NCI-H2170,test,test,True,False,False,True,1,rgb/ncih2170_antibiotics_blank_ctrl_100.tif,dapi/ncih2170_antibiotics_blank_ctrl_100.tif,roi_mask/ncih2170_antibiotics_blank_ctrl_100.png,gt_image/ncih2170_antibiotics_blank_ctrl_100.tif,,102,102,True,True,True,True,ncih2170_antibiotics_blank_ctrl_100.tif,ncih2170_antibiotics_blank_ctrl_100.tif,ncih2170_antibiotics_blank_ctrl_100.png,ncih2170_antibiotics_blank_ctrl_100.tif,,/work/users/b/e/behnamie/ecDNA_Data/bioimage_archive/rgb/ncih2170_antibiotics_blank_ctrl_100.tif,/work/users/b/e/behnamie/ecDNA_Data/bioimage_archive/dapi/ncih2170_antibiotics_blank_ctrl_100.tif,/work/users/b/e/behnamie/ecDNA_Data/bioimage_archive/roi_mask/ncih2170_antibiotics_blank_ctrl_100.png,/work/users/b/e/behnamie/ecDNA_Data/bioimage_archive/gt_image/ncih2170_antibiotics_blank_ctrl_100.tif
ncih2170_antibiotics_blank_ctrl_104,NCI-H2170,test,test,True,False,False,True,1,rgb/ncih2170_antibiotics_blank_ctrl_104.tif,dapi/ncih2170_antibiotics_blank_ctrl_104.tif,roi_mask/ncih2170_antibiotics_blank_ctrl_104.png,gt_image/ncih2170_antibiotics_blank_ctrl_104.tif,,316,316,True,True,True,True,ncih2170_antibiotics_blank_ctrl_104.tif,ncih2170_antibiotics_blank_ctrl_104.tif,ncih2170_antibiotics_blank_ctrl_104.png,ncih2170_antibiotics_blank_ctrl_104.tif,,/work/users/b/e/behnamie/ecDNA_Data/bioimage_archive/rgb/ncih2170_antibiotics_blank_ctrl_104.tif,/work/users/b/e/behnamie/ecDNA_Data/bioimage_archive/dapi/ncih2170_antibiotics_blank_ctrl_104.tif,/work/users/b/e/behnamie/ecDNA_Data/bioimage_archive/roi_mask/ncih2170_antibiotics_blank_ctrl_104.png,/work/users/b/e/behnamie/ecDNA_Data/bioimage_archive/gt_image/ncih2170_antibiotics_blank_ctrl_104.tif
ncih2170_antibiotics_blank_ctrl_105,NCI-H2170,test,test,True,False,False,True,1,rgb/ncih2170_antibiotics_blank_ctrl_105.tif,dapi/ncih2170_antibiotics_blank_ctrl_105.tif,roi_mask/ncih2170_antibiotics_blank_ctrl_105.png,gt_image/ncih2170_antibiotics_blank_ctrl_105.tif,,175,175,True,True,True,True,ncih2170_antibiotics_blank_ctrl_105.tif,ncih2170_antibiotics_blank_ctrl_105.tif,ncih2170_antibiotics_blank_ctrl_105.png,ncih2170_antibiotics_blank_ctrl_105.tif,,/work/users/b/e/behnamie/ecDNA_Data/bioimage_archive/rgb/ncih2170_antibiotics_blank_ctrl_105.tif,/work/users/b/e/behnamie/ecDNA_Data/bioimage_archive/dapi/ncih2170_antibiotics_blank_ctrl_105.tif,/work/users/b/e/behnamie/ecDNA_Data/bioimage_archive/roi_mask/ncih2170_antibiotics_blank_ctrl_105.png,/work/users/b/e/behnamie/ecDNA_Data/bioimage_archive/gt_image/ncih2170_antibiotics_blank_ctrl_105.tif
ncih2170_antibiotics_blank_ctrl_107,NCI-H2170,test,test,True,False,False,True,1,rgb/ncih2170_antibiotics_blank_ctrl_107.tif,dapi/ncih2170_antibiotics_blank_ctrl_107.tif,roi_mask/ncih2170_antibiotics_blank_ctrl_107.png,gt_image/ncih2170_antibiotics_blank_ctrl_107.tif,,559,560,True,True,True,True,ncih2170_antibiotics_blank_ctrl_107.tif,ncih2170_antibiotics_blank_ctrl_107.tif,ncih2170_antibiotics_blank_ctrl_107.png,ncih2170_antibiotics_blank_ctrl_107.tif,,/work/users/b/e/behnamie/ecDNA_Data/bioimage_archive/rgb/ncih2170_antibiotics_blank_ctrl_107.tif,/work/users/b/e/behnamie/ecDNA_Data/bioimage_archive/dapi/ncih2170_antibiotics_blank_ctrl_107.tif,/work/users/b/e/behnamie/ecDNA_Data/bioimage_archive/roi_mask/ncih2170_antibiotics_blank_ctrl_107.png,/work/users/b/e/behnamie/ecDNA_Data/bioimage_archive/gt_image/ncih2170_antibiotics_blank_ctrl_107.tif
ncih2170_antibiotics_blank_ctrl_109,NCI-H2170,test,test,True,False,False,True,1,rgb/ncih2170_antibiotics_blank_ctrl_109.tif,dapi/ncih2170_antibiotics_blank_ctrl_109.tif,roi_mask/ncih2170_antibiotics_blank_ctrl_109.png,gt_image/ncih2170_antibiotics_blank_ctrl_109.tif,,182,182,True,True,True,True,ncih2170_antibiotics_blank_ctrl_109.tif,ncih2170_antibiotics_blank_ctrl_109.tif,ncih2170_antibiotics_blank_ctrl_109.png,ncih2170_antibiotics_blank_ctrl_109.tif,,/work/users/b/e/behnamie/ecDNA_Data/bioimage_archive/rgb/ncih2170_antibiotics_blank_ctrl_109.tif,/work/users/b/e/behnamie/ecDNA_Data/bioimage_archive/dapi/ncih2170_antibiotics_blank_ctrl_109.tif,/work/users/b/e/behnamie/ecDNA_Data/bioimage_archive/roi_mask/ncih2170_antibiotics_blank_ctrl_109.png,/work/users/b/e/behnamie/ecDNA_Data/bioimage_archive/gt_image/ncih2170_antibiotics_blank_ctrl_109.tif
ncih2170_antibiotics_blank_ctrl_110,NCI-H2170,test,test,True,False,False,True,1,rgb/ncih2170_antibiotics_blank_ctrl_110.tif,dapi/ncih2170_antibiotics_blank_ctrl_110.tif,roi_mask/ncih2170_antibiotics_blank_ctrl_110.png,gt_image/ncih2170_antibiotics_blank_ctrl_110.tif,,411,413,True,True,True,True,ncih2170_antibiotics_blank_ctrl_110.tif,ncih2170_antibiotics_blank_ctrl_110.tif,ncih2170_antibiotics_blank_ctrl_110.png,ncih2170_antibiotics_blank_ctrl_110.tif,,/work/users/b/e/behnamie/ecDNA_Data/bioimage_archive/rgb/ncih2170_antibiotics_blank_ctrl_110.tif,/work/users/b/e/behnamie/ecDNA_Data/bioimage_archive/dapi/ncih2170_antibiotics_blank_ctrl_110.tif,/work/users/b/e/behnamie/ecDNA_Data/bioimage_archive/roi_mask/ncih2170_antibiotics_blank_ctrl_110.png,/work/users/b/e/behnamie/ecDNA_Data/bioimage_archive/gt_image/ncih2170_antibiotics_blank_ctrl_110.tif
ncih2170_antibiotics_blank_ctrl_113,NCI-H2170,test,test,True,False,False,True,1,rgb/ncih2170_antibiotics_blank_ctrl_113.tif,dapi/ncih2170_antibiotics_blank_ctrl_113.tif,roi_mask/ncih2170_antibiotics_blank_ctrl_113.png,gt_image/ncih2170_antibiotics_blank_ctrl_113.tif,,341,341,True,True,True,True,ncih2170_antibiotics_blank_ctrl_113.tif,ncih2170_antibiotics_blank_ctrl_113.tif,ncih2170_antibiotics_blank_ctrl_113.png,ncih2170_antibiotics_blank_ctrl_113.tif,,/work/users/b/e/behnamie/ecDNA_Data/bioimage_archive/rgb/ncih2170_antibiotics_blank_ctrl_113.tif,/work/users/b/e/behnamie/ecDNA_Data/bioimage_archive/dapi/ncih2170_antibiotics_blank_ctrl_113.tif,/work/users/b/e/behnamie/ecDNA_Data/bioimage_archive/roi_mask/ncih2170_antibiotics_blank_ctrl_113.png,/work/users/b/e/behnamie/ecDNA_Data/bioimage_archive/gt_image/ncih2170_antibiotics_blank_ctrl_113.tif
ncih2170_antibiotics_blank_ctrl_35,NCI-H2170,test,test,True,False,False,True,1,rgb/ncih2170_antibiotics_blank_ctrl_35.tif,dapi/ncih2170_antibiotics_blank_ctrl_35.tif,roi_mask/ncih2170_antibiotics_blank_ctrl_35.png,gt_image/ncih2170_antibiotics_blank_ctrl_35.tif,,84,84,True,True,True,True,ncih2170_antibiotics_blank_ctrl_35.tif,ncih2170_antibiotics_blank_ctrl_35.tif,ncih2170_antibiotics_blank_ctrl_35.png,ncih2170_antibiotics_blank_ctrl_35.tif,,/work/users/b/e/behnamie/ecDNA_Data/bioimage_archive/rgb/ncih2170_antibiotics_blank_ctrl_35.tif,/work/users/b/e/behnamie/ecDNA_Data/bioimage_archive/dapi/ncih2170_antibiotics_blank_ctrl_35.tif,/work/users/b/e/behnamie/ecDNA_Data/bioimage_archive/roi_mask/ncih2170_antibiotics_blank_ctrl_35.png,/work/users/b/e/behnamie/ecDNA_Data/bioimage_archive/gt_image/ncih2170_antibiotics_blank_ctrl_35.tif
ncih2170_antibiotics_blank_ctrl_37,NCI-H2170,test,test,True,False,False,True,1,rgb/ncih2170_antibiotics_blank_ctrl_37.tif,dapi/ncih2170_antibiotics_blank_ctrl_37.tif,roi_mask/ncih2170_antibiotics_blank_ctrl_37.png,gt_image/ncih2170_antibiotics_blank_ctrl_37.tif,,539,539,True,True,True,True,ncih2170_antibiotics_blank_ctrl_37.tif,ncih2170_antibiotics_blank_ctrl_37.tif,ncih2170_antibiotics_blank_ctrl_37.png,ncih2170_antibiotics_blank_ctrl_37.tif,,/work/users/b/e/behnamie/ecDNA_Data/bioimage_archive/rgb/ncih2170_antibiotics_blank_ctrl_37.tif,/work/users/b/e/behnamie/ecDNA_Data/bioimage_archive/dapi/ncih2170_antibiotics_blank_ctrl_37.tif,/work/users/b/e/behnamie/ecDNA_Data/bioimage_archive/roi_mask/ncih2170_antibiotics_blank_ctrl_37.png,/work/users/b/e/behnamie/ecDNA_Data/bioimage_archive/gt_image/ncih2170_antibiotics_blank_ctrl_37.tif
ncih2170_antibiotics_blank_ctrl_40,NCI-H2170,test,test,True,False,False,True,1,rgb/ncih2170_antibiotics_blank_ctrl_40.tif,dapi/ncih2170_antibiotics_blank_ctrl_40.tif,roi_mask/ncih2170_antibiotics_blank_ctrl_40.png,gt_image/ncih2170_antibiotics_blank_ctrl_40.tif,,248,248,True,True,True,True,ncih2170_antibiotics_blank_ctrl_40.tif,ncih2170_antibiotics_blank_ctrl_40.tif,ncih2170_antibiotics_blank_ctrl_40.png,ncih2170_antibiotics_blank_ctrl_40.tif,,/work/users/b/e/behnamie/ecDNA_Data/bioimage_archive/rgb/ncih2170_antibiotics_blank_ctrl_40.tif,/work/users/b/e/behnamie/ecDNA_Data/bioimage_archive/dapi/ncih2170_antibiotics_blank_ctrl_40.tif,/work/users/b/e/behnamie/ecDNA_Data/bioimage_archive/roi_mask/ncih2170_antibiotics_blank_ctrl_40.png,/work/users/b/e/behnamie/ecDNA_Data/bioimage_archive/gt_image/ncih2170_antibiotics_blank_ctrl_40.tif
ncih2170_antibiotics_blank_ctrl_43,NCI-H2170,test,test,True,False,False,True,1,rgb/ncih2170_antibiotics_blank_ctrl_43.tif,dapi/ncih2170_antibiotics_blank_ctrl_43.tif,roi_mask/ncih2170_antibiotics_blank_ctrl_43.png,gt_image/ncih2170_antibiotics_blank_ctrl_43.tif,,239,243,True,True,True,True,ncih2170_antibiotics_blank_ctrl_43.tif,ncih2170_antibiotics_blank_ctrl_43.tif,ncih2170_antibiotics_blank_ctrl_43.png,ncih2170_antibiotics_blank_ctrl_43.tif,,/work/users/b/e/behnamie/ecDNA_Data/bioimage_archive/rgb/ncih2170_antibiotics_blank_ctrl_43.tif,/work/users/b/e/behnamie/ecDNA_Data/bioimage_archive/dapi/ncih2170_antibiotics_blank_ctrl_43.tif,/work/users/b/e/behnamie/ecDNA_Data/bioimage_archive/roi_mask/ncih2170_antibiotics_blank_ctrl_43.png,/work/users/b/e/behnamie/ecDNA_Data/bioimage_archive/gt_image/ncih2170_antibiotics_blank_ctrl_43.tif
ncih2170_antibiotics_blank_ctrl_47,NCI-H2170,test,test,True,False,False,True,1,rgb/ncih2170_antibiotics_blank_ctrl_47.tif,dapi/ncih2170_antibiotics_blank_ctrl_47.tif,roi_mask/ncih2170_antibiotics_blank_ctrl_47.png,gt_image/ncih2170_antibiotics_blank_ctrl_47.tif,,296,297,True,True,True,True,ncih2170_antibiotics_blank_ctrl_47.tif,ncih2170_antibiotics_blank_ctrl_47.tif,ncih2170_antibiotics_blank_ctrl_47.png,ncih2170_antibiotics_blank_ctrl_47.tif,,/work/users/b/e/behnamie/ecDNA_Data/bioimage_archive/rgb/ncih2170_antibiotics_blank_ctrl_47.tif,/work/users/b/e/behnamie/ecDNA_Data/bioimage_archive/dapi/ncih2170_antibiotics_blank_ctrl_47.tif,/work/users/b/e/behnamie/ecDNA_Data/bioimage_archive/roi_mask/ncih2170_antibiotics_blank_ctrl_47.png,/work/users/b/e/behnamie/ecDNA_Data/bioimage_archive/gt_image/ncih2170_antibiotics_blank_ctrl_47.tif
ncih2170_antibiotics_blank_ctrl_53,NCI-H2170,test,test,True,False,False,True,1,rgb/ncih2170_antibiotics_blank_ctrl_53.tif,dapi/ncih2170_antibiotics_blank_ctrl_53.tif,roi_mask/ncih2170_antibiotics_blank_ctrl_53.png,gt_image/ncih2170_antibiotics_blank_ctrl_53.tif,,302,303,True,True,True,True,ncih2170_antibiotics_blank_ctrl_53.tif,ncih2170_antibiotics_blank_ctrl_53.tif,ncih2170_antibiotics_blank_ctrl_53.png,ncih2170_antibiotics_blank_ctrl_53.tif,,/work/users/b/e/behnamie/ecDNA_Data/bioimage_archive/rgb/ncih2170_antibiotics_blank_ctrl_53.tif,/work/users/b/e/behnamie/ecDNA_Data/bioimage_archive/dapi/ncih2170_antibiotics_blank_ctrl_53.tif,/work/users/b/e/behnamie/ecDNA_Data/bioimage_archive/roi_mask/ncih2170_antibiotics_blank_ctrl_53.png,/work/users/b/e/behnamie/ecDNA_Data/bioimage_archive/gt_image/ncih2170_antibiotics_blank_ctrl_53.tif
ncih2170_antibiotics_blank_ctrl_70,NCI-H2170,test,test,True,False,False,True,1,rgb/ncih2170_antibiotics_blank_ctrl_70.tif,dapi/ncih2170_antibiotics_blank_ctrl_70.tif,roi_mask/ncih2170_antibiotics_blank_ctrl_70.png,gt_image/ncih2170_antibiotics_blank_ctrl_70.tif,,446,461,True,True,True,True,ncih2170_antibiotics_blank_ctrl_70.tif,ncih2170_antibiotics_blank_ctrl_70.tif,ncih2170_antibiotics_blank_ctrl_70.png,ncih2170_antibiotics_blank_ctrl_70.tif,,/work/users/b/e/behnamie/ecDNA_Data/bioimage_archive/rgb/ncih2170_antibiotics_blank_ctrl_70.tif,/work/users/b/e/behnamie/ecDNA_Data/bioimage_archive/dapi/ncih2170_antibiotics_blank_ctrl_70.tif,/work/users/b/e/behnamie/ecDNA_Data/bioimage_archive/roi_mask/ncih2170_antibiotics_blank_ctrl_70.png,/work/users/b/e/behnamie/ecDNA_Data/bioimage_archive/gt_image/ncih2170_antibiotics_blank_ctrl_70.tif
ncih2170_antibiotics_blank_ctrl_71,NCI-H2170,test,test,True,False,False,True,1,rgb/ncih2170_antibiotics_blank_ctrl_71.tif,dapi/ncih2170_antibiotics_blank_ctrl_71.tif,roi_mask/ncih2170_antibiotics_blank_ctrl_71.png,gt_image/ncih2170_antibiotics_blank_ctrl_71.tif,,330,331,True,True,True,True,ncih2170_antibiotics_blank_ctrl_71.tif,ncih2170_antibiotics_blank_ctrl_71.tif,ncih2170_antibiotics_blank_ctrl_71.png,ncih2170_antibiotics_blank_ctrl_71.tif,,/work/users/b/e/behnamie/ecDNA_Data/bioimage_archive/rgb/ncih2170_antibiotics_blank_ctrl_71.tif,/work/users/b/e/behnamie/ecDNA_Data/bioimage_archive/dapi/ncih2170_antibiotics_blank_ctrl_71.tif,/work/users/b/e/behnamie/ecDNA_Data/bioimage_archive/roi_mask/ncih2170_antibiotics_blank_ctrl_71.png,/work/users/b/e/behnamie/ecDNA_Data/bioimage_archive/gt_image/ncih2170_antibiotics_blank_ctrl_71.tif
ncih2170_antibiotics_blank_ctrl_78,NCI-H2170,test,test,True,False,False,True,1,rgb/ncih2170_antibiotics_blank_ctrl_78.tif,dapi/ncih2170_antibiotics_blank_ctrl_78.tif,roi_mask/ncih2170_antibiotics_blank_ctrl_78.png,gt_image/ncih2170_antibiotics_blank_ctrl_78.tif,,300,301,True,True,True,True,ncih2170_antibiotics_blank_ctrl_78.tif,ncih2170_antibiotics_blank_ctrl_78.tif,ncih2170_antibiotics_blank_ctrl_78.png,ncih2170_antibiotics_blank_ctrl_78.tif,,/work/users/b/e/behnamie/ecDNA_Data/bioimage_archive/rgb/ncih2170_antibiotics_blank_ctrl_78.tif,/work/users/b/e/behnamie/ecDNA_Data/bioimage_archive/dapi/ncih2170_antibiotics_blank_ctrl_78.tif,/work/users/b/e/behnamie/ecDNA_Data/bioimage_archive/roi_mask/ncih2170_antibiotics_blank_ctrl_78.png,/work/users/b/e/behnamie/ecDNA_Data/bioimage_archive/gt_image/ncih2170_antibiotics_blank_ctrl_78.tif
ncih2170_antibiotics_ps_102_b,NCI-H2170,test,test,True,False,False,True,1,rgb/ncih2170_antibiotics_ps_102_b.tif,dapi/ncih2170_antibiotics_ps_102_b.tif,roi_mask/ncih2170_antibiotics_ps_102_b.png,gt_image/ncih2170_antibiotics_ps_102_b.tif,,252,252,True,True,True,True,ncih2170_antibiotics_ps_102_b.tif,ncih2170_antibiotics_ps_102_b.tif,ncih2170_antibiotics_ps_102_b.png,ncih2170_antibiotics_ps_102_b.tif,,/work/users/b/e/behnamie/ecDNA_Data/bioimage_archive/rgb/ncih2170_antibiotics_ps_102_b.tif,/work/users/b/e/behnamie/ecDNA_Data/bioimage_archive/dapi/ncih2170_antibiotics_ps_102_b.tif,/work/users/b/e/behnamie/ecDNA_Data/bioimage_archive/roi_mask/ncih2170_antibiotics_ps_102_b.png,/work/users/b/e/behnamie/ecDNA_Data/bioimage_archive/gt_image/ncih2170_antibiotics_ps_102_b.tif
ncih2170_antibiotics_ps_105,NCI-H2170,test,test,True,False,False,True,1,rgb/ncih2170_antibiotics_ps_105.tif,dapi/ncih2170_antibiotics_ps_105.tif,roi_mask/ncih2170_antibiotics_ps_105.png,gt_image/ncih2170_antibiotics_ps_105.tif,,237,238,True,True,True,True,ncih2170_antibiotics_ps_105.tif,ncih2170_antibiotics_ps_105.tif,ncih2170_antibiotics_ps_105.png,ncih2170_antibiotics_ps_105.tif,,/work/users/b/e/behnamie/ecDNA_Data/bioimage_archive/rgb/ncih2170_antibiotics_ps_105.tif,/work/users/b/e/behnamie/ecDNA_Data/bioimage_archive/dapi/ncih2170_antibiotics_ps_105.tif,/work/users/b/e/behnamie/ecDNA_Data/bioimage_archive/roi_mask/ncih2170_antibiotics_ps_105.png,/work/users/b/e/behnamie/ecDNA_Data/bioimage_archive/gt_image/ncih2170_antibiotics_ps_105.tif
ncih2170_antibiotics_ps_107_a,NCI-H2170,test,test,True,False,False,True,1,rgb/ncih2170_antibiotics_ps_107_a.tif,dapi/ncih2170_antibiotics_ps_107_a.tif,roi_mask/ncih2170_antibiotics_ps_107_a.png,gt_image/ncih2170_antibiotics_ps_107_a.tif,,246,248,True,True,True,True,ncih2170_antibiotics_ps_107_a.tif,ncih2170_antibiotics_ps_107_a.tif,ncih2170_antibiotics_ps_107_a.png,ncih2170_antibiotics_ps_107_a.tif,,/work/users/b/e/behnamie/ecDNA_Data/bioimage_archive/rgb/ncih2170_antibiotics_ps_107_a.tif,/work/users/b/e/behnamie/ecDNA_Data/bioimage_archive/dapi/ncih2170_antibiotics_ps_107_a.tif,/work/users/b/e/behnamie/ecDNA_Data/bioimage_archive/roi_mask/ncih2170_antibiotics_ps_107_a.png,/work/users/b/e/behnamie/ecDNA_Data/bioimage_archive/gt_image/ncih2170_antibiotics_ps_107_a.tif
ncih2170_antibiotics_ps_112,NCI-H2170,test,test,True,False,False,True,1,rgb/ncih2170_antibiotics_ps_112.tif,dapi/ncih2170_antibiotics_ps_112.tif,roi_mask/ncih2170_antibiotics_ps_112.png,gt_image/ncih2170_antibiotics_ps_112.tif,,79,79,True,True,True,True,ncih2170_antibiotics_ps_112.tif,ncih2170_antibiotics_ps_112.tif,ncih2170_antibiotics_ps_112.png,ncih2170_antibiotics_ps_112.tif,,/work/users/b/e/behnamie/ecDNA_Data/bioimage_archive/rgb/ncih2170_antibiotics_ps_112.tif,/work/users/b/e/behnamie/ecDNA_Data/bioimage_archive/dapi/ncih2170_antibiotics_ps_112.tif,/work/users/b/e/behnamie/ecDNA_Data/bioimage_archive/roi_mask/ncih2170_antibiotics_ps_112.png,/work/users/b/e/behnamie/ecDNA_Data/bioimage_archive/gt_image/ncih2170_antibiotics_ps_112.tif
ncih2170_antibiotics_ps_25,NCI-H2170,test,test,True,False,False,True,1,rgb/ncih2170_antibiotics_ps_25.tif,dapi/ncih2170_antibiotics_ps_25.tif,roi_mask/ncih2170_antibiotics_ps_25.png,gt_image/ncih2170_antibiotics_ps_25.tif,,284,284,True,True,True,True,ncih2170_antibiotics_ps_25.tif,ncih2170_antibiotics_ps_25.tif,ncih2170_antibiotics_ps_25.png,ncih2170_antibiotics_ps_25.tif,,/work/users/b/e/behnamie/ecDNA_Data/bioimage_archive/rgb/ncih2170_antibiotics_ps_25.tif,/work/users/b/e/behnamie/ecDNA_Data/bioimage_archive/dapi/ncih2170_antibiotics_ps_25.tif,/work/users/b/e/behnamie/ecDNA_Data/bioimage_archive/roi_mask/ncih2170_antibiotics_ps_25.png,/work/users/b/e/behnamie/ecDNA_Data/bioimage_archive/gt_image/ncih2170_antibiotics_ps_25.tif
ncih2170_antibiotics_ps_32,NCI-H2170,test,test,True,False,False,True,1,rgb/ncih2170_antibiotics_ps_32.tif,dapi/ncih2170_antibiotics_ps_32.tif,roi_mask/ncih2170_antibiotics_ps_32.png,gt_image/ncih2170_antibiotics_ps_32.tif,,67,67,True,True,True,True,ncih2170_antibiotics_ps_32.tif,ncih2170_antibiotics_ps_32.tif,ncih2170_antibiotics_ps_32.png,ncih2170_antibiotics_ps_32.tif,,/work/users/b/e/behnamie/ecDNA_Data/bioimage_archive/rgb/ncih2170_antibiotics_ps_32.tif,/work/users/b/e/behnamie/ecDNA_Data/bioimage_archive/dapi/ncih2170_antibiotics_ps_32.tif,/work/users/b/e/behnamie/ecDNA_Data/bioimage_archive/roi_mask/ncih2170_antibiotics_ps_32.png,/work/users/b/e/behnamie/ecDNA_Data/bioimage_archive/gt_image/ncih2170_antibiotics_ps_32.tif
ncih2170_antibiotics_ps_36,NCI-H2170,test,test,True,False,False,True,1,rgb/ncih2170_antibiotics_ps_36.tif,dapi/ncih2170_antibiotics_ps_36.tif,roi_mask/ncih2170_antibiotics_ps_36.png,gt_image/ncih2170_antibiotics_ps_36.tif,,142,143,True,True,True,True,ncih2170_antibiotics_ps_36.tif,ncih2170_antibiotics_ps_36.tif,ncih2170_antibiotics_ps_36.png,ncih2170_antibiotics_ps_36.tif,,/work/users/b/e/behnamie/ecDNA_Data/bioimage_archive/rgb/ncih2170_antibiotics_ps_36.tif,/work/users/b/e/behnamie/ecDNA_Data/bioimage_archive/dapi/ncih2170_antibiotics_ps_36.tif,/work/users/b/e/behnamie/ecDNA_Data/bioimage_archive/roi_mask/ncih2170_antibiotics_ps_36.png,/work/users/b/e/behnamie/ecDNA_Data/bioimage_archive/gt_image/ncih2170_antibiotics_ps_36.tif
ncih2170_antibiotics_ps_4,NCI-H2170,test,test,True,False,False,True,1,rgb/ncih2170_antibiotics_ps_4.tif,dapi/ncih2170_antibiotics_ps_4.tif,roi_mask/ncih2170_antibiotics_ps_4.png,gt_image/ncih2170_antibiotics_ps_4.tif,,148,149,True,True,True,True,ncih2170_antibiotics_ps_4.tif,ncih2170_antibiotics_ps_4.tif,ncih2170_antibiotics_ps_4.png,ncih2170_antibiotics_ps_4.tif,,/work/users/b/e/behnamie/ecDNA_Data/bioimage_archive/rgb/ncih2170_antibiotics_ps_4.tif,/work/users/b/e/behnamie/ecDNA_Data/bioimage_archive/dapi/ncih2170_antibiotics_ps_4.tif,/work/users/b/e/behnamie/ecDNA_Data/bioimage_archive/roi_mask/ncih2170_antibiotics_ps_4.png,/work/users/b/e/behnamie/ecDNA_Data/bioimage_archive/gt_image/ncih2170_antibiotics_ps_4.tif
ncih2170_antibiotics_ps_56_a,NCI-H2170,test,test,True,False,False,True,1,rgb/ncih2170_antibiotics_ps_56_a.tif,dapi/ncih2170_antibiotics_ps_56_a.tif,roi_mask/ncih2170_antibiotics_ps_56_a.png,gt_image/ncih2170_antibiotics_ps_56_a.tif,,233,233,True,True,True,True,ncih2170_antibiotics_ps_56_a.tif,ncih2170_antibiotics_ps_56_a.tif,ncih2170_antibiotics_ps_56_a.png,ncih2170_antibiotics_ps_56_a.tif,,/work/users/b/e/behnamie/ecDNA_Data/bioimage_archive/rgb/ncih2170_antibiotics_ps_56_a.tif,/work/users/b/e/behnamie/ecDNA_Data/bioimage_archive/dapi/ncih2170_antibiotics_ps_56_a.tif,/work/users/b/e/behnamie/ecDNA_Data/bioimage_archive/roi_mask/ncih2170_antibiotics_ps_56_a.png,/work/users/b/e/behnamie/ecDNA_Data/bioimage_archive/gt_image/ncih2170_antibiotics_ps_56_a.tif
ncih2170_antibiotics_ps_78,NCI-H2170,test,test,True,False,False,True,1,rgb/ncih2170_antibiotics_ps_78.tif,dapi/ncih2170_antibiotics_ps_78.tif,roi_mask/ncih2170_antibiotics_ps_78.png,gt_image/ncih2170_antibiotics_ps_78.tif,,164,167,True,True,True,True,ncih2170_antibiotics_ps_78.tif,ncih2170_antibiotics_ps_78.tif,ncih2170_antibiotics_ps_78.png,ncih2170_antibiotics_ps_78.tif,,/work/users/b/e/behnamie/ecDNA_Data/bioimage_archive/rgb/ncih2170_antibiotics_ps_78.tif,/work/users/b/e/behnamie/ecDNA_Data/bioimage_archive/dapi/ncih2170_antibiotics_ps_78.tif,/work/users/b/e/behnamie/ecDNA_Data/bioimage_archive/roi_mask/ncih2170_antibiotics_ps_78.png,/work/users/b/e/behnamie/ecDNA_Data/bioimage_archive/gt_image/ncih2170_antibiotics_ps_78.tif
ncih2170_antibiotics_ps_84,NCI-H2170,test,test,True,False,False,True,1,rgb/ncih2170_antibiotics_ps_84.tif,dapi/ncih2170_antibiotics_ps_84.tif,roi_mask/ncih2170_antibiotics_ps_84.png,gt_image/ncih2170_antibiotics_ps_84.tif,,124,124,True,True,True,True,ncih2170_antibiotics_ps_84.tif,ncih2170_antibiotics_ps_84.tif,ncih2170_antibiotics_ps_84.png,ncih2170_antibiotics_ps_84.tif,,/work/users/b/e/behnamie/ecDNA_Data/bioimage_archive/rgb/ncih2170_antibiotics_ps_84.tif,/work/users/b/e/behnamie/ecDNA_Data/bioimage_archive/dapi/ncih2170_antibiotics_ps_84.tif,/work/users/b/e/behnamie/ecDNA_Data/bioimage_archive/roi_mask/ncih2170_antibiotics_ps_84.png,/work/users/b/e/behnamie/ecDNA_Data/bioimage_archive/gt_image/ncih2170_antibiotics_ps_84.tif
ncih2170_antibiotics_ps_90,NCI-H2170,test,test,True,False,False,True,1,rgb/ncih2170_antibiotics_ps_90.tif,dapi/ncih2170_antibiotics_ps_90.tif,roi_mask/ncih2170_antibiotics_ps_90.png,gt_image/ncih2170_antibiotics_ps_90.tif,,159,159,True,True,True,True,ncih2170_antibiotics_ps_90.tif,ncih2170_antibiotics_ps_90.tif,ncih2170_antibiotics_ps_90.png,ncih2170_antibiotics_ps_90.tif,,/work/users/b/e/behnamie/ecDNA_Data/bioimage_archive/rgb/ncih2170_antibiotics_ps_90.tif,/work/users/b/e/behnamie/ecDNA_Data/bioimage_archive/dapi/ncih2170_antibiotics_ps_90.tif,/work/users/b/e/behnamie/ecDNA_Data/bioimage_archive/roi_mask/ncih2170_antibiotics_ps_90.png,/work/users/b/e/behnamie/ecDNA_Data/bioimage_archive/gt_image/ncih2170_antibiotics_ps_90.tif
ncih2170_antibiotics_ps_99,NCI-H2170,test,test,True,False,False,True,1,rgb/ncih2170_antibiotics_ps_99.tif,dapi/ncih2170_antibiotics_ps_99.tif,roi_mask/ncih2170_antibiotics_ps_99.png,gt_image/ncih2170_antibiotics_ps_99.tif,,83,83,True,True,True,True,ncih2170_antibiotics_ps_99.tif,ncih2170_antibiotics_ps_99.tif,ncih2170_antibiotics_ps_99.png,ncih2170_antibiotics_ps_99.tif,,/work/users/b/e/behnamie/ecDNA_Data/bioimage_archive/rgb/ncih2170_antibiotics_ps_99.tif,/work/users/b/e/behnamie/ecDNA_Data/bioimage_archive/dapi/ncih2170_antibiotics_ps_99.tif,/work/users/b/e/behnamie/ecDNA_Data/bioimage_archive/roi_mask/ncih2170_antibiotics_ps_99.png,/work/users/b/e/behnamie/ecDNA_Data/bioimage_archive/gt_image/ncih2170_antibiotics_ps_99.tif
ncih2170_antibiotics_ps_g_102,NCI-H2170,test,test,True,False,False,True,1,rgb/ncih2170_antibiotics_ps_g_102.tif,dapi/ncih2170_antibiotics_ps_g_102.tif,roi_mask/ncih2170_antibiotics_ps_g_102.png,gt_image/ncih2170_antibiotics_ps_g_102.tif,,217,217,True,True,True,True,ncih2170_antibiotics_ps_g_102.tif,ncih2170_antibiotics_ps_g_102.tif,ncih2170_antibiotics_ps_g_102.png,ncih2170_antibiotics_ps_g_102.tif,,/work/users/b/e/behnamie/ecDNA_Data/bioimage_archive/rgb/ncih2170_antibiotics_ps_g_102.tif,/work/users/b/e/behnamie/ecDNA_Data/bioimage_archive/dapi/ncih2170_antibiotics_ps_g_102.tif,/work/users/b/e/behnamie/ecDNA_Data/bioimage_archive/roi_mask/ncih2170_antibiotics_ps_g_102.png,/work/users/b/e/behnamie/ecDNA_Data/bioimage_archive/gt_image/ncih2170_antibiotics_ps_g_102.tif
ncih2170_antibiotics_ps_g_107_a,NCI-H2170,test,test,True,False,False,True,1,rgb/ncih2170_antibiotics_ps_g_107_a.tif,dapi/ncih2170_antibiotics_ps_g_107_a.tif,roi_mask/ncih2170_antibiotics_ps_g_107_a.png,gt_image/ncih2170_antibiotics_ps_g_107_a.tif,,103,103,True,True,True,True,ncih2170_antibiotics_ps_g_107_a.tif,ncih2170_antibiotics_ps_g_107_a.tif,ncih2170_antibiotics_ps_g_107_a.png,ncih2170_antibiotics_ps_g_107_a.tif,,/work/users/b/e/behnamie/ecDNA_Data/bioimage_archive/rgb/ncih2170_antibiotics_ps_g_107_a.tif,/work/users/b/e/behnamie/ecDNA_Data/bioimage_archive/dapi/ncih2170_antibiotics_ps_g_107_a.tif,/work/users/b/e/behnamie/ecDNA_Data/bioimage_archive/roi_mask/ncih2170_antibiotics_ps_g_107_a.png,/work/users/b/e/behnamie/ecDNA_Data/bioimage_archive/gt_image/ncih2170_antibiotics_ps_g_107_a.tif
ncih2170_antibiotics_ps_g_114,NCI-H2170,test,test,True,False,False,True,1,rgb/ncih2170_antibiotics_ps_g_114.tif,dapi/ncih2170_antibiotics_ps_g_114.tif,roi_mask/ncih2170_antibiotics_ps_g_114.png,gt_image/ncih2170_antibiotics_ps_g_114.tif,,202,206,True,True,True,True,ncih2170_antibiotics_ps_g_114.tif,ncih2170_antibiotics_ps_g_114.tif,ncih2170_antibiotics_ps_g_114.png,ncih2170_antibiotics_ps_g_114.tif,,/work/users/b/e/behnamie/ecDNA_Data/bioimage_archive/rgb/ncih2170_antibiotics_ps_g_114.tif,/work/users/b/e/behnamie/ecDNA_Data/bioimage_archive/dapi/ncih2170_antibiotics_ps_g_114.tif,/work/users/b/e/behnamie/ecDNA_Data/bioimage_archive/roi_mask/ncih2170_antibiotics_ps_g_114.png,/work/users/b/e/behnamie/ecDNA_Data/bioimage_archive/gt_image/ncih2170_antibiotics_ps_g_114.tif
ncih2170_antibiotics_ps_g_115,NCI-H2170,test,test,True,False,False,True,1,rgb/ncih2170_antibiotics_ps_g_115.tif,dapi/ncih2170_antibiotics_ps_g_115.tif,roi_mask/ncih2170_antibiotics_ps_g_115.png,gt_image/ncih2170_antibiotics_ps_g_115.tif,,296,296,True,True,True,True,ncih2170_antibiotics_ps_g_115.tif,ncih2170_antibiotics_ps_g_115.tif,ncih2170_antibiotics_ps_g_115.png,ncih2170_antibiotics_ps_g_115.tif,,/work/users/b/e/behnamie/ecDNA_Data/bioimage_archive/rgb/ncih2170_antibiotics_ps_g_115.tif,/work/users/b/e/behnamie/ecDNA_Data/bioimage_archive/dapi/ncih2170_antibiotics_ps_g_115.tif,/work/users/b/e/behnamie/ecDNA_Data/bioimage_archive/roi_mask/ncih2170_antibiotics_ps_g_115.png,/work/users/b/e/behnamie/ecDNA_Data/bioimage_archive/gt_image/ncih2170_antibiotics_ps_g_115.tif
ncih2170_antibiotics_ps_g_36,NCI-H2170,test,test,True,False,False,True,1,rgb/ncih2170_antibiotics_ps_g_36.tif,dapi/ncih2170_antibiotics_ps_g_36.tif,roi_mask/ncih2170_antibiotics_ps_g_36.png,gt_image/ncih2170_antibiotics_ps_g_36.tif,,912,933,True,True,True,True,ncih2170_antibiotics_ps_g_36.tif,ncih2170_antibiotics_ps_g_36.tif,ncih2170_antibiotics_ps_g_36.png,ncih2170_antibiotics_ps_g_36.tif,,/work/users/b/e/behnamie/ecDNA_Data/bioimage_archive/rgb/ncih2170_antibiotics_ps_g_36.tif,/work/users/b/e/behnamie/ecDNA_Data/bioimage_archive/dapi/ncih2170_antibiotics_ps_g_36.tif,/work/users/b/e/behnamie/ecDNA_Data/bioimage_archive/roi_mask/ncih2170_antibiotics_ps_g_36.png,/work/users/b/e/behnamie/ecDNA_Data/bioimage_archive/gt_image/ncih2170_antibiotics_ps_g_36.tif
ncih2170_antibiotics_ps_g_42,NCI-H2170,test,test,True,False,False,True,1,rgb/ncih2170_antibiotics_ps_g_42.tif,dapi/ncih2170_antibiotics_ps_g_42.tif,roi_mask/ncih2170_antibiotics_ps_g_42.png,gt_image/ncih2170_antibiotics_ps_g_42.tif,,245,246,True,True,True,True,ncih2170_antibiotics_ps_g_42.tif,ncih2170_antibiotics_ps_g_42.tif,ncih2170_antibiotics_ps_g_42.png,ncih2170_antibiotics_ps_g_42.tif,,/work/users/b/e/behnamie/ecDNA_Data/bioimage_archive/rgb/ncih2170_antibiotics_ps_g_42.tif,/work/users/b/e/behnamie/ecDNA_Data/bioimage_archive/dapi/ncih2170_antibiotics_ps_g_42.tif,/work/users/b/e/behnamie/ecDNA_Data/bioimage_archive/roi_mask/ncih2170_antibiotics_ps_g_42.png,/work/users/b/e/behnamie/ecDNA_Data/bioimage_archive/gt_image/ncih2170_antibiotics_ps_g_42.tif
ncih2170_antibiotics_ps_g_44_a,NCI-H2170,test,test,True,False,False,True,1,rgb/ncih2170_antibiotics_ps_g_44_a.tif,dapi/ncih2170_antibiotics_ps_g_44_a.tif,roi_mask/ncih2170_antibiotics_ps_g_44_a.png,gt_image/ncih2170_antibiotics_ps_g_44_a.tif,,52,52,True,True,True,True,ncih2170_antibiotics_ps_g_44_a.tif,ncih2170_antibiotics_ps_g_44_a.tif,ncih2170_antibiotics_ps_g_44_a.png,ncih2170_antibiotics_ps_g_44_a.tif,,/work/users/b/e/behnamie/ecDNA_Data/bioimage_archive/rgb/ncih2170_antibiotics_ps_g_44_a.tif,/work/users/b/e/behnamie/ecDNA_Data/bioimage_archive/dapi/ncih2170_antibiotics_ps_g_44_a.tif,/work/users/b/e/behnamie/ecDNA_Data/bioimage_archive/roi_mask/ncih2170_antibiotics_ps_g_44_a.png,/work/users/b/e/behnamie/ecDNA_Data/bioimage_archive/gt_image/ncih2170_antibiotics_ps_g_44_a.tif
ncih2170_antibiotics_ps_g_54,NCI-H2170,test,test,True,False,False,True,1,rgb/ncih2170_antibiotics_ps_g_54.tif,dapi/ncih2170_antibiotics_ps_g_54.tif,roi_mask/ncih2170_antibiotics_ps_g_54.png,gt_image/ncih2170_antibiotics_ps_g_54.tif,,182,182,True,True,True,True,ncih2170_antibiotics_ps_g_54.tif,ncih2170_antibiotics_ps_g_54.tif,ncih2170_antibiotics_ps_g_54.png,ncih2170_antibiotics_ps_g_54.tif,,/work/users/b/e/behnamie/ecDNA_Data/bioimage_archive/rgb/ncih2170_antibiotics_ps_g_54.tif,/work/users/b/e/behnamie/ecDNA_Data/bioimage_archive/dapi/ncih2170_antibiotics_ps_g_54.tif,/work/users/b/e/behnamie/ecDNA_Data/bioimage_archive/roi_mask/ncih2170_antibiotics_ps_g_54.png,/work/users/b/e/behnamie/ecDNA_Data/bioimage_archive/gt_image/ncih2170_antibiotics_ps_g_54.tif
ncih2170_antibiotics_ps_g_56,NCI-H2170,test,test,True,False,False,True,1,rgb/ncih2170_antibiotics_ps_g_56.tif,dapi/ncih2170_antibiotics_ps_g_56.tif,roi_mask/ncih2170_antibiotics_ps_g_56.png,gt_image/ncih2170_antibiotics_ps_g_56.tif,,174,174,True,True,True,True,ncih2170_antibiotics_ps_g_56.tif,ncih2170_antibiotics_ps_g_56.tif,ncih2170_antibiotics_ps_g_56.png,ncih2170_antibiotics_ps_g_56.tif,,/work/users/b/e/behnamie/ecDNA_Data/bioimage_archive/rgb/ncih2170_antibiotics_ps_g_56.tif,/work/users/b/e/behnamie/ecDNA_Data/bioimage_archive/dapi/ncih2170_antibiotics_ps_g_56.tif,/work/users/b/e/behnamie/ecDNA_Data/bioimage_archive/roi_mask/ncih2170_antibiotics_ps_g_56.png,/work/users/b/e/behnamie/ecDNA_Data/bioimage_archive/gt_image/ncih2170_antibiotics_ps_g_56.tif
ncih2170_antibiotics_ps_g_64,NCI-H2170,test,test,True,False,False,True,1,rgb/ncih2170_antibiotics_ps_g_64.tif,dapi/ncih2170_antibiotics_ps_g_64.tif,roi_mask/ncih2170_antibiotics_ps_g_64.png,gt_image/ncih2170_antibiotics_ps_g_64.tif,,340,352,True,True,True,True,ncih2170_antibiotics_ps_g_64.tif,ncih2170_antibiotics_ps_g_64.tif,ncih2170_antibiotics_ps_g_64.png,ncih2170_antibiotics_ps_g_64.tif,,/work/users/b/e/behnamie/ecDNA_Data/bioimage_archive/rgb/ncih2170_antibiotics_ps_g_64.tif,/work/users/b/e/behnamie/ecDNA_Data/bioimage_archive/dapi/ncih2170_antibiotics_ps_g_64.tif,/work/users/b/e/behnamie/ecDNA_Data/bioimage_archive/roi_mask/ncih2170_antibiotics_ps_g_64.png,/work/users/b/e/behnamie/ecDNA_Data/bioimage_archive/gt_image/ncih2170_antibiotics_ps_g_64.tif
ncih2170_antibiotics_ps_g_65,NCI-H2170,test,test,True,False,False,True,1,rgb/ncih2170_antibiotics_ps_g_65.tif,dapi/ncih2170_antibiotics_ps_g_65.tif,roi_mask/ncih2170_antibiotics_ps_g_65.png,gt_image/ncih2170_antibiotics_ps_g_65.tif,,192,193,True,True,True,True,ncih2170_antibiotics_ps_g_65.tif,ncih2170_antibiotics_ps_g_65.tif,ncih2170_antibiotics_ps_g_65.png,ncih2170_antibiotics_ps_g_65.tif,,/work/users/b/e/behnamie/ecDNA_Data/bioimage_archive/rgb/ncih2170_antibiotics_ps_g_65.tif,/work/users/b/e/behnamie/ecDNA_Data/bioimage_archive/dapi/ncih2170_antibiotics_ps_g_65.tif,/work/users/b/e/behnamie/ecDNA_Data/bioimage_archive/roi_mask/ncih2170_antibiotics_ps_g_65.png,/work/users/b/e/behnamie/ecDNA_Data/bioimage_archive/gt_image/ncih2170_antibiotics_ps_g_65.tif
ncih2170_antibiotics_ps_g_67,NCI-H2170,test,test,True,False,False,True,1,rgb/ncih2170_antibiotics_ps_g_67.tif,dapi/ncih2170_antibiotics_ps_g_67.tif,roi_mask/ncih2170_antibiotics_ps_g_67.png,gt_image/ncih2170_antibiotics_ps_g_67.tif,,90,90,True,True,True,True,ncih2170_antibiotics_ps_g_67.tif,ncih2170_antibiotics_ps_g_67.tif,ncih2170_antibiotics_ps_g_67.png,ncih2170_antibiotics_ps_g_67.tif,,/work/users/b/e/behnamie/ecDNA_Data/bioimage_archive/rgb/ncih2170_antibiotics_ps_g_67.tif,/work/users/b/e/behnamie/ecDNA_Data/bioimage_archive/dapi/ncih2170_antibiotics_ps_g_67.tif,/work/users/b/e/behnamie/ecDNA_Data/bioimage_archive/roi_mask/ncih2170_antibiotics_ps_g_67.png,/work/users/b/e/behnamie/ecDNA_Data/bioimage_archive/gt_image/ncih2170_antibiotics_ps_g_67.tif
ncih2170_antibiotics_ps_g_68,NCI-H2170,test,test,True,False,False,True,1,rgb/ncih2170_antibiotics_ps_g_68.tif,dapi/ncih2170_antibiotics_ps_g_68.tif,roi_mask/ncih2170_antibiotics_ps_g_68.png,gt_image/ncih2170_antibiotics_ps_g_68.tif,,78,78,True,True,True,True,ncih2170_antibiotics_ps_g_68.tif,ncih2170_antibiotics_ps_g_68.tif,ncih2170_antibiotics_ps_g_68.png,ncih2170_antibiotics_ps_g_68.tif,,/work/users/b/e/behnamie/ecDNA_Data/bioimage_archive/rgb/ncih2170_antibiotics_ps_g_68.tif,/work/users/b/e/behnamie/ecDNA_Data/bioimage_archive/dapi/ncih2170_antibiotics_ps_g_68.tif,/work/users/b/e/behnamie/ecDNA_Data/bioimage_archive/roi_mask/ncih2170_antibiotics_ps_g_68.png,/work/users/b/e/behnamie/ecDNA_Data/bioimage_archive/gt_image/ncih2170_antibiotics_ps_g_68.tif
ncih2170_antibiotics_ps_g_69,NCI-H2170,test,test,True,False,False,True,1,rgb/ncih2170_antibiotics_ps_g_69.tif,dapi/ncih2170_antibiotics_ps_g_69.tif,roi_mask/ncih2170_antibiotics_ps_g_69.png,gt_image/ncih2170_antibiotics_ps_g_69.tif,,46,46,True,True,True,True,ncih2170_antibiotics_ps_g_69.tif,ncih2170_antibiotics_ps_g_69.tif,ncih2170_antibiotics_ps_g_69.png,ncih2170_antibiotics_ps_g_69.tif,,/work/users/b/e/behnamie/ecDNA_Data/bioimage_archive/rgb/ncih2170_antibiotics_ps_g_69.tif,/work/users/b/e/behnamie/ecDNA_Data/bioimage_archive/dapi/ncih2170_antibiotics_ps_g_69.tif,/work/users/b/e/behnamie/ecDNA_Data/bioimage_archive/roi_mask/ncih2170_antibiotics_ps_g_69.png,/work/users/b/e/behnamie/ecDNA_Data/bioimage_archive/gt_image/ncih2170_antibiotics_ps_g_69.tif
ncih2170_antibiotics_ps_g_72,NCI-H2170,test,test,True,False,False,True,1,rgb/ncih2170_antibiotics_ps_g_72.tif,dapi/ncih2170_antibiotics_ps_g_72.tif,roi_mask/ncih2170_antibiotics_ps_g_72.png,gt_image/ncih2170_antibiotics_ps_g_72.tif,,138,138,True,True,True,True,ncih2170_antibiotics_ps_g_72.tif,ncih2170_antibiotics_ps_g_72.tif,ncih2170_antibiotics_ps_g_72.png,ncih2170_antibiotics_ps_g_72.tif,,/work/users/b/e/behnamie/ecDNA_Data/bioimage_archive/rgb/ncih2170_antibiotics_ps_g_72.tif,/work/users/b/e/behnamie/ecDNA_Data/bioimage_archive/dapi/ncih2170_antibiotics_ps_g_72.tif,/work/users/b/e/behnamie/ecDNA_Data/bioimage_archive/roi_mask/ncih2170_antibiotics_ps_g_72.png,/work/users/b/e/behnamie/ecDNA_Data/bioimage_archive/gt_image/ncih2170_antibiotics_ps_g_72.tif
ncih2170_antibiotics_ps_g_76,NCI-H2170,test,test,True,False,False,True,1,rgb/ncih2170_antibiotics_ps_g_76.tif,dapi/ncih2170_antibiotics_ps_g_76.tif,roi_mask/ncih2170_antibiotics_ps_g_76.png,gt_image/ncih2170_antibiotics_ps_g_76.tif,,90,90,True,True,True,True,ncih2170_antibiotics_ps_g_76.tif,ncih2170_antibiotics_ps_g_76.tif,ncih2170_antibiotics_ps_g_76.png,ncih2170_antibiotics_ps_g_76.tif,,/work/users/b/e/behnamie/ecDNA_Data/bioimage_archive/rgb/ncih2170_antibiotics_ps_g_76.tif,/work/users/b/e/behnamie/ecDNA_Data/bioimage_archive/dapi/ncih2170_antibiotics_ps_g_76.tif,/work/users/b/e/behnamie/ecDNA_Data/bioimage_archive/roi_mask/ncih2170_antibiotics_ps_g_76.png,/work/users/b/e/behnamie/ecDNA_Data/bioimage_archive/gt_image/ncih2170_antibiotics_ps_g_76.tif
ncih2170_antibiotics_ps_g_96,NCI-H2170,test,test,True,False,False,True,1,rgb/ncih2170_antibiotics_ps_g_96.tif,dapi/ncih2170_antibiotics_ps_g_96.tif,roi_mask/ncih2170_antibiotics_ps_g_96.png,gt_image/ncih2170_antibiotics_ps_g_96.tif,,521,522,True,True,True,True,ncih2170_antibiotics_ps_g_96.tif,ncih2170_antibiotics_ps_g_96.tif,ncih2170_antibiotics_ps_g_96.png,ncih2170_antibiotics_ps_g_96.tif,,/work/users/b/e/behnamie/ecDNA_Data/bioimage_archive/rgb/ncih2170_antibiotics_ps_g_96.tif,/work/users/b/e/behnamie/ecDNA_Data/bioimage_archive/dapi/ncih2170_antibiotics_ps_g_96.tif,/work/users/b/e/behnamie/ecDNA_Data/bioimage_archive/roi_mask/ncih2170_antibiotics_ps_g_96.png,/work/users/b/e/behnamie/ecDNA_Data/bioimage_archive/gt_image/ncih2170_antibiotics_ps_g_96.tif
ncih2170_cart_72h_blank_ctrl_30,NCI-H2170,test,test,True,False,False,True,1,rgb/ncih2170_cart_72h_blank_ctrl_30.tif,dapi/ncih2170_cart_72h_blank_ctrl_30.tif,roi_mask/ncih2170_cart_72h_blank_ctrl_30.png,gt_image/ncih2170_cart_72h_blank_ctrl_30.tif,,406,419,True,True,True,True,ncih2170_cart_72h_blank_ctrl_30.tif,ncih2170_cart_72h_blank_ctrl_30.tif,ncih2170_cart_72h_blank_ctrl_30.png,ncih2170_cart_72h_blank_ctrl_30.tif,,/work/users/b/e/behnamie/ecDNA_Data/bioimage_archive/rgb/ncih2170_cart_72h_blank_ctrl_30.tif,/work/users/b/e/behnamie/ecDNA_Data/bioimage_archive/dapi/ncih2170_cart_72h_blank_ctrl_30.tif,/work/users/b/e/behnamie/ecDNA_Data/bioimage_archive/roi_mask/ncih2170_cart_72h_blank_ctrl_30.png,/work/users/b/e/behnamie/ecDNA_Data/bioimage_archive/gt_image/ncih2170_cart_72h_blank_ctrl_30.tif
ncih2170_cart_72h_blank_ctrl_31,NCI-H2170,test,test,True,False,False,True,1,rgb/ncih2170_cart_72h_blank_ctrl_31.tif,dapi/ncih2170_cart_72h_blank_ctrl_31.tif,roi_mask/ncih2170_cart_72h_blank_ctrl_31.png,gt_image/ncih2170_cart_72h_blank_ctrl_31.tif,,103,103,True,True,True,True,ncih2170_cart_72h_blank_ctrl_31.tif,ncih2170_cart_72h_blank_ctrl_31.tif,ncih2170_cart_72h_blank_ctrl_31.png,ncih2170_cart_72h_blank_ctrl_31.tif,,/work/users/b/e/behnamie/ecDNA_Data/bioimage_archive/rgb/ncih2170_cart_72h_blank_ctrl_31.tif,/work/users/b/e/behnamie/ecDNA_Data/bioimage_archive/dapi/ncih2170_cart_72h_blank_ctrl_31.tif,/work/users/b/e/behnamie/ecDNA_Data/bioimage_archive/roi_mask/ncih2170_cart_72h_blank_ctrl_31.png,/work/users/b/e/behnamie/ecDNA_Data/bioimage_archive/gt_image/ncih2170_cart_72h_blank_ctrl_31.tif
ncih2170_cart_72h_blank_ctrl_33,NCI-H2170,test,test,True,False,False,True,1,rgb/ncih2170_cart_72h_blank_ctrl_33.tif,dapi/ncih2170_cart_72h_blank_ctrl_33.tif,roi_mask/ncih2170_cart_72h_blank_ctrl_33.png,gt_image/ncih2170_cart_72h_blank_ctrl_33.tif,,80,83,True,True,True,True,ncih2170_cart_72h_blank_ctrl_33.tif,ncih2170_cart_72h_blank_ctrl_33.tif,ncih2170_cart_72h_blank_ctrl_33.png,ncih2170_cart_72h_blank_ctrl_33.tif,,/work/users/b/e/behnamie/ecDNA_Data/bioimage_archive/rgb/ncih2170_cart_72h_blank_ctrl_33.tif,/work/users/b/e/behnamie/ecDNA_Data/bioimage_archive/dapi/ncih2170_cart_72h_blank_ctrl_33.tif,/work/users/b/e/behnamie/ecDNA_Data/bioimage_archive/roi_mask/ncih2170_cart_72h_blank_ctrl_33.png,/work/users/b/e/behnamie/ecDNA_Data/bioimage_archive/gt_image/ncih2170_cart_72h_blank_ctrl_33.tif
ncih2170_cart_72h_blank_ctrl_51,NCI-H2170,test,test,True,False,False,True,1,rgb/ncih2170_cart_72h_blank_ctrl_51.tif,dapi/ncih2170_cart_72h_blank_ctrl_51.tif,roi_mask/ncih2170_cart_72h_blank_ctrl_51.png,gt_image/ncih2170_cart_72h_blank_ctrl_51.tif,,48,48,True,True,True,True,ncih2170_cart_72h_blank_ctrl_51.tif,ncih2170_cart_72h_blank_ctrl_51.tif,ncih2170_cart_72h_blank_ctrl_51.png,ncih2170_cart_72h_blank_ctrl_51.tif,,/work/users/b/e/behnamie/ecDNA_Data/bioimage_archive/rgb/ncih2170_cart_72h_blank_ctrl_51.tif,/work/users/b/e/behnamie/ecDNA_Data/bioimage_archive/dapi/ncih2170_cart_72h_blank_ctrl_51.tif,/work/users/b/e/behnamie/ecDNA_Data/bioimage_archive/roi_mask/ncih2170_cart_72h_blank_ctrl_51.png,/work/users/b/e/behnamie/ecDNA_Data/bioimage_archive/gt_image/ncih2170_cart_72h_blank_ctrl_51.tif
ncih2170_cart_72h_blank_ctrl_52,NCI-H2170,test,test,True,False,False,True,1,rgb/ncih2170_cart_72h_blank_ctrl_52.tif,dapi/ncih2170_cart_72h_blank_ctrl_52.tif,roi_mask/ncih2170_cart_72h_blank_ctrl_52.png,gt_image/ncih2170_cart_72h_blank_ctrl_52.tif,,246,248,True,True,True,True,ncih2170_cart_72h_blank_ctrl_52.tif,ncih2170_cart_72h_blank_ctrl_52.tif,ncih2170_cart_72h_blank_ctrl_52.png,ncih2170_cart_72h_blank_ctrl_52.tif,,/work/users/b/e/behnamie/ecDNA_Data/bioimage_archive/rgb/ncih2170_cart_72h_blank_ctrl_52.tif,/work/users/b/e/behnamie/ecDNA_Data/bioimage_archive/dapi/ncih2170_cart_72h_blank_ctrl_52.tif,/work/users/b/e/behnamie/ecDNA_Data/bioimage_archive/roi_mask/ncih2170_cart_72h_blank_ctrl_52.png,/work/users/b/e/behnamie/ecDNA_Data/bioimage_archive/gt_image/ncih2170_cart_72h_blank_ctrl_52.tif
ncih2170_cart_72h_blank_ctrl_59,NCI-H2170,test,test,True,False,False,True,1,rgb/ncih2170_cart_72h_blank_ctrl_59.tif,dapi/ncih2170_cart_72h_blank_ctrl_59.tif,roi_mask/ncih2170_cart_72h_blank_ctrl_59.png,gt_image/ncih2170_cart_72h_blank_ctrl_59.tif,,55,55,True,True,True,True,ncih2170_cart_72h_blank_ctrl_59.tif,ncih2170_cart_72h_blank_ctrl_59.tif,ncih2170_cart_72h_blank_ctrl_59.png,ncih2170_cart_72h_blank_ctrl_59.tif,,/work/users/b/e/behnamie/ecDNA_Data/bioimage_archive/rgb/ncih2170_cart_72h_blank_ctrl_59.tif,/work/users/b/e/behnamie/ecDNA_Data/bioimage_archive/dapi/ncih2170_cart_72h_blank_ctrl_59.tif,/work/users/b/e/behnamie/ecDNA_Data/bioimage_archive/roi_mask/ncih2170_cart_72h_blank_ctrl_59.png,/work/users/b/e/behnamie/ecDNA_Data/bioimage_archive/gt_image/ncih2170_cart_72h_blank_ctrl_59.tif
ncih2170_cart_72h_blank_ctrl_62,NCI-H2170,test,test,True,False,False,True,1,rgb/ncih2170_cart_72h_blank_ctrl_62.tif,dapi/ncih2170_cart_72h_blank_ctrl_62.tif,roi_mask/ncih2170_cart_72h_blank_ctrl_62.png,gt_image/ncih2170_cart_72h_blank_ctrl_62.tif,,184,186,True,True,True,True,ncih2170_cart_72h_blank_ctrl_62.tif,ncih2170_cart_72h_blank_ctrl_62.tif,ncih2170_cart_72h_blank_ctrl_62.png,ncih2170_cart_72h_blank_ctrl_62.tif,,/work/users/b/e/behnamie/ecDNA_Data/bioimage_archive/rgb/ncih2170_cart_72h_blank_ctrl_62.tif,/work/users/b/e/behnamie/ecDNA_Data/bioimage_archive/dapi/ncih2170_cart_72h_blank_ctrl_62.tif,/work/users/b/e/behnamie/ecDNA_Data/bioimage_archive/roi_mask/ncih2170_cart_72h_blank_ctrl_62.png,/work/users/b/e/behnamie/ecDNA_Data/bioimage_archive/gt_image/ncih2170_cart_72h_blank_ctrl_62.tif
ncih2170_cart_72h_blank_ctrl_99,NCI-H2170,test,test,True,False,False,True,1,rgb/ncih2170_cart_72h_blank_ctrl_99.tif,dapi/ncih2170_cart_72h_blank_ctrl_99.tif,roi_mask/ncih2170_cart_72h_blank_ctrl_99.png,gt_image/ncih2170_cart_72h_blank_ctrl_99.tif,,51,51,True,True,True,True,ncih2170_cart_72h_blank_ctrl_99.tif,ncih2170_cart_72h_blank_ctrl_99.tif,ncih2170_cart_72h_blank_ctrl_99.png,ncih2170_cart_72h_blank_ctrl_99.tif,,/work/users/b/e/behnamie/ecDNA_Data/bioimage_archive/rgb/ncih2170_cart_72h_blank_ctrl_99.tif,/work/users/b/e/behnamie/ecDNA_Data/bioimage_archive/dapi/ncih2170_cart_72h_blank_ctrl_99.tif,/work/users/b/e/behnamie/ecDNA_Data/bioimage_archive/roi_mask/ncih2170_cart_72h_blank_ctrl_99.png,/work/users/b/e/behnamie/ecDNA_Data/bioimage_archive/gt_image/ncih2170_cart_72h_blank_ctrl_99.tif
ncih2170_cart_72h_cart_36,NCI-H2170,test,test,True,False,False,True,1,rgb/ncih2170_cart_72h_cart_36.tif,dapi/ncih2170_cart_72h_cart_36.tif,roi_mask/ncih2170_cart_72h_cart_36.png,gt_image/ncih2170_cart_72h_cart_36.tif,,71,71,True,True,True,True,ncih2170_cart_72h_cart_36.tif,ncih2170_cart_72h_cart_36.tif,ncih2170_cart_72h_cart_36.png,ncih2170_cart_72h_cart_36.tif,,/work/users/b/e/behnamie/ecDNA_Data/bioimage_archive/rgb/ncih2170_cart_72h_cart_36.tif,/work/users/b/e/behnamie/ecDNA_Data/bioimage_archive/dapi/ncih2170_cart_72h_cart_36.tif,/work/users/b/e/behnamie/ecDNA_Data/bioimage_archive/roi_mask/ncih2170_cart_72h_cart_36.png,/work/users/b/e/behnamie/ecDNA_Data/bioimage_archive/gt_image/ncih2170_cart_72h_cart_36.tif
ncih2170_cart_72h_cart_55,NCI-H2170,test,test,True,False,False,True,1,rgb/ncih2170_cart_72h_cart_55.tif,dapi/ncih2170_cart_72h_cart_55.tif,roi_mask/ncih2170_cart_72h_cart_55.png,gt_image/ncih2170_cart_72h_cart_55.tif,,61,61,True,True,True,True,ncih2170_cart_72h_cart_55.tif,ncih2170_cart_72h_cart_55.tif,ncih2170_cart_72h_cart_55.png,ncih2170_cart_72h_cart_55.tif,,/work/users/b/e/behnamie/ecDNA_Data/bioimage_archive/rgb/ncih2170_cart_72h_cart_55.tif,/work/users/b/e/behnamie/ecDNA_Data/bioimage_archive/dapi/ncih2170_cart_72h_cart_55.tif,/work/users/b/e/behnamie/ecDNA_Data/bioimage_archive/roi_mask/ncih2170_cart_72h_cart_55.png,/work/users/b/e/behnamie/ecDNA_Data/bioimage_archive/gt_image/ncih2170_cart_72h_cart_55.tif
ncih2170_cart_72h_cart_62,NCI-H2170,test,test,True,False,False,True,1,rgb/ncih2170_cart_72h_cart_62.tif,dapi/ncih2170_cart_72h_cart_62.tif,roi_mask/ncih2170_cart_72h_cart_62.png,gt_image/ncih2170_cart_72h_cart_62.tif,,93,94,True,True,True,True,ncih2170_cart_72h_cart_62.tif,ncih2170_cart_72h_cart_62.tif,ncih2170_cart_72h_cart_62.png,ncih2170_cart_72h_cart_62.tif,,/work/users/b/e/behnamie/ecDNA_Data/bioimage_archive/rgb/ncih2170_cart_72h_cart_62.tif,/work/users/b/e/behnamie/ecDNA_Data/bioimage_archive/dapi/ncih2170_cart_72h_cart_62.tif,/work/users/b/e/behnamie/ecDNA_Data/bioimage_archive/roi_mask/ncih2170_cart_72h_cart_62.png,/work/users/b/e/behnamie/ecDNA_Data/bioimage_archive/gt_image/ncih2170_cart_72h_cart_62.tif
ncih2170_cart_72h_cart_63,NCI-H2170,test,test,True,False,False,True,1,rgb/ncih2170_cart_72h_cart_63.tif,dapi/ncih2170_cart_72h_cart_63.tif,roi_mask/ncih2170_cart_72h_cart_63.png,gt_image/ncih2170_cart_72h_cart_63.tif,,85,85,True,True,True,True,ncih2170_cart_72h_cart_63.tif,ncih2170_cart_72h_cart_63.tif,ncih2170_cart_72h_cart_63.png,ncih2170_cart_72h_cart_63.tif,,/work/users/b/e/behnamie/ecDNA_Data/bioimage_archive/rgb/ncih2170_cart_72h_cart_63.tif,/work/users/b/e/behnamie/ecDNA_Data/bioimage_archive/dapi/ncih2170_cart_72h_cart_63.tif,/work/users/b/e/behnamie/ecDNA_Data/bioimage_archive/roi_mask/ncih2170_cart_72h_cart_63.png,/work/users/b/e/behnamie/ecDNA_Data/bioimage_archive/gt_image/ncih2170_cart_72h_cart_63.tif
ncih2170_cart_72h_cart_69,NCI-H2170,test,test,True,False,False,True,1,rgb/ncih2170_cart_72h_cart_69.tif,dapi/ncih2170_cart_72h_cart_69.tif,roi_mask/ncih2170_cart_72h_cart_69.png,gt_image/ncih2170_cart_72h_cart_69.tif,,52,52,True,True,True,True,ncih2170_cart_72h_cart_69.tif,ncih2170_cart_72h_cart_69.tif,ncih2170_cart_72h_cart_69.png,ncih2170_cart_72h_cart_69.tif,,/work/users/b/e/behnamie/ecDNA_Data/bioimage_archive/rgb/ncih2170_cart_72h_cart_69.tif,/work/users/b/e/behnamie/ecDNA_Data/bioimage_archive/dapi/ncih2170_cart_72h_cart_69.tif,/work/users/b/e/behnamie/ecDNA_Data/bioimage_archive/roi_mask/ncih2170_cart_72h_cart_69.png,/work/users/b/e/behnamie/ecDNA_Data/bioimage_archive/gt_image/ncih2170_cart_72h_cart_69.tif
ncih2170_cart_72h_nt_ctrl_20,NCI-H2170,test,test,True,False,False,True,1,rgb/ncih2170_cart_72h_nt_ctrl_20.tif,dapi/ncih2170_cart_72h_nt_ctrl_20.tif,roi_mask/ncih2170_cart_72h_nt_ctrl_20.png,gt_image/ncih2170_cart_72h_nt_ctrl_20.tif,,126,126,True,True,True,True,ncih2170_cart_72h_nt_ctrl_20.tif,ncih2170_cart_72h_nt_ctrl_20.tif,ncih2170_cart_72h_nt_ctrl_20.png,ncih2170_cart_72h_nt_ctrl_20.tif,,/work/users/b/e/behnamie/ecDNA_Data/bioimage_archive/rgb/ncih2170_cart_72h_nt_ctrl_20.tif,/work/users/b/e/behnamie/ecDNA_Data/bioimage_archive/dapi/ncih2170_cart_72h_nt_ctrl_20.tif,/work/users/b/e/behnamie/ecDNA_Data/bioimage_archive/roi_mask/ncih2170_cart_72h_nt_ctrl_20.png,/work/users/b/e/behnamie/ecDNA_Data/bioimage_archive/gt_image/ncih2170_cart_72h_nt_ctrl_20.tif
ncih2170_cart_72h_nt_ctrl_46,NCI-H2170,test,test,True,False,False,True,1,rgb/ncih2170_cart_72h_nt_ctrl_46.tif,dapi/ncih2170_cart_72h_nt_ctrl_46.tif,roi_mask/ncih2170_cart_72h_nt_ctrl_46.png,gt_image/ncih2170_cart_72h_nt_ctrl_46.tif,,242,242,True,True,True,True,ncih2170_cart_72h_nt_ctrl_46.tif,ncih2170_cart_72h_nt_ctrl_46.tif,ncih2170_cart_72h_nt_ctrl_46.png,ncih2170_cart_72h_nt_ctrl_46.tif,,/work/users/b/e/behnamie/ecDNA_Data/bioimage_archive/rgb/ncih2170_cart_72h_nt_ctrl_46.tif,/work/users/b/e/behnamie/ecDNA_Data/bioimage_archive/dapi/ncih2170_cart_72h_nt_ctrl_46.tif,/work/users/b/e/behnamie/ecDNA_Data/bioimage_archive/roi_mask/ncih2170_cart_72h_nt_ctrl_46.png,/work/users/b/e/behnamie/ecDNA_Data/bioimage_archive/gt_image/ncih2170_cart_72h_nt_ctrl_46.tif
ncih2170_cart_72h_nt_ctrl_49,NCI-H2170,test,test,True,False,False,True,1,rgb/ncih2170_cart_72h_nt_ctrl_49.tif,dapi/ncih2170_cart_72h_nt_ctrl_49.tif,roi_mask/ncih2170_cart_72h_nt_ctrl_49.png,gt_image/ncih2170_cart_72h_nt_ctrl_49.tif,,65,65,True,True,True,True,ncih2170_cart_72h_nt_ctrl_49.tif,ncih2170_cart_72h_nt_ctrl_49.tif,ncih2170_cart_72h_nt_ctrl_49.png,ncih2170_cart_72h_nt_ctrl_49.tif,,/work/users/b/e/behnamie/ecDNA_Data/bioimage_archive/rgb/ncih2170_cart_72h_nt_ctrl_49.tif,/work/users/b/e/behnamie/ecDNA_Data/bioimage_archive/dapi/ncih2170_cart_72h_nt_ctrl_49.tif,/work/users/b/e/behnamie/ecDNA_Data/bioimage_archive/roi_mask/ncih2170_cart_72h_nt_ctrl_49.png,/work/users/b/e/behnamie/ecDNA_Data/bioimage_archive/gt_image/ncih2170_cart_72h_nt_ctrl_49.tif
ncih2170_cart_72h_nt_ctrl_57,NCI-H2170,test,test,True,False,False,True,1,rgb/ncih2170_cart_72h_nt_ctrl_57.tif,dapi/ncih2170_cart_72h_nt_ctrl_57.tif,roi_mask/ncih2170_cart_72h_nt_ctrl_57.png,gt_image/ncih2170_cart_72h_nt_ctrl_57.tif,,119,119,True,True,True,True,ncih2170_cart_72h_nt_ctrl_57.tif,ncih2170_cart_72h_nt_ctrl_57.tif,ncih2170_cart_72h_nt_ctrl_57.png,ncih2170_cart_72h_nt_ctrl_57.tif,,/work/users/b/e/behnamie/ecDNA_Data/bioimage_archive/rgb/ncih2170_cart_72h_nt_ctrl_57.tif,/work/users/b/e/behnamie/ecDNA_Data/bioimage_archive/dapi/ncih2170_cart_72h_nt_ctrl_57.tif,/work/users/b/e/behnamie/ecDNA_Data/bioimage_archive/roi_mask/ncih2170_cart_72h_nt_ctrl_57.png,/work/users/b/e/behnamie/ecDNA_Data/bioimage_archive/gt_image/ncih2170_cart_72h_nt_ctrl_57.tif
ncih2170_cart_72h_nt_ctrl_61,NCI-H2170,test,test,True,False,False,True,1,rgb/ncih2170_cart_72h_nt_ctrl_61.tif,dapi/ncih2170_cart_72h_nt_ctrl_61.tif,roi_mask/ncih2170_cart_72h_nt_ctrl_61.png,gt_image/ncih2170_cart_72h_nt_ctrl_61.tif,,223,235,True,True,True,True,ncih2170_cart_72h_nt_ctrl_61.tif,ncih2170_cart_72h_nt_ctrl_61.tif,ncih2170_cart_72h_nt_ctrl_61.png,ncih2170_cart_72h_nt_ctrl_61.tif,,/work/users/b/e/behnamie/ecDNA_Data/bioimage_archive/rgb/ncih2170_cart_72h_nt_ctrl_61.tif,/work/users/b/e/behnamie/ecDNA_Data/bioimage_archive/dapi/ncih2170_cart_72h_nt_ctrl_61.tif,/work/users/b/e/behnamie/ecDNA_Data/bioimage_archive/roi_mask/ncih2170_cart_72h_nt_ctrl_61.png,/work/users/b/e/behnamie/ecDNA_Data/bioimage_archive/gt_image/ncih2170_cart_72h_nt_ctrl_61.tif
ncih2170_cart_72h_nt_ctrl_69,NCI-H2170,test,test,True,False,False,True,1,rgb/ncih2170_cart_72h_nt_ctrl_69.tif,dapi/ncih2170_cart_72h_nt_ctrl_69.tif,roi_mask/ncih2170_cart_72h_nt_ctrl_69.png,gt_image/ncih2170_cart_72h_nt_ctrl_69.tif,,110,116,True,True,True,True,ncih2170_cart_72h_nt_ctrl_69.tif,ncih2170_cart_72h_nt_ctrl_69.tif,ncih2170_cart_72h_nt_ctrl_69.png,ncih2170_cart_72h_nt_ctrl_69.tif,,/work/users/b/e/behnamie/ecDNA_Data/bioimage_archive/rgb/ncih2170_cart_72h_nt_ctrl_69.tif,/work/users/b/e/behnamie/ecDNA_Data/bioimage_archive/dapi/ncih2170_cart_72h_nt_ctrl_69.tif,/work/users/b/e/behnamie/ecDNA_Data/bioimage_archive/roi_mask/ncih2170_cart_72h_nt_ctrl_69.png,/work/users/b/e/behnamie/ecDNA_Data/bioimage_archive/gt_image/ncih2170_cart_72h_nt_ctrl_69.tif
ncih2170_cart_72h_nt_ctrl_71,NCI-H2170,test,test,True,False,False,True,1,rgb/ncih2170_cart_72h_nt_ctrl_71.tif,dapi/ncih2170_cart_72h_nt_ctrl_71.tif,roi_mask/ncih2170_cart_72h_nt_ctrl_71.png,gt_image/ncih2170_cart_72h_nt_ctrl_71.tif,,126,126,True,True,True,True,ncih2170_cart_72h_nt_ctrl_71.tif,ncih2170_cart_72h_nt_ctrl_71.tif,ncih2170_cart_72h_nt_ctrl_71.png,ncih2170_cart_72h_nt_ctrl_71.tif,,/work/users/b/e/behnamie/ecDNA_Data/bioimage_archive/rgb/ncih2170_cart_72h_nt_ctrl_71.tif,/work/users/b/e/behnamie/ecDNA_Data/bioimage_archive/dapi/ncih2170_cart_72h_nt_ctrl_71.tif,/work/users/b/e/behnamie/ecDNA_Data/bioimage_archive/roi_mask/ncih2170_cart_72h_nt_ctrl_71.png,/work/users/b/e/behnamie/ecDNA_Data/bioimage_archive/gt_image/ncih2170_cart_72h_nt_ctrl_71.tif
ncih2170_cart_72h_nt_ctrl_80,NCI-H2170,test,test,True,False,False,True,1,rgb/ncih2170_cart_72h_nt_ctrl_80.tif,dapi/ncih2170_cart_72h_nt_ctrl_80.tif,roi_mask/ncih2170_cart_72h_nt_ctrl_80.png,gt_image/ncih2170_cart_72h_nt_ctrl_80.tif,,400,443,True,True,True,True,ncih2170_cart_72h_nt_ctrl_80.tif,ncih2170_cart_72h_nt_ctrl_80.tif,ncih2170_cart_72h_nt_ctrl_80.png,ncih2170_cart_72h_nt_ctrl_80.tif,,/work/users/b/e/behnamie/ecDNA_Data/bioimage_archive/rgb/ncih2170_cart_72h_nt_ctrl_80.tif,/work/users/b/e/behnamie/ecDNA_Data/bioimage_archive/dapi/ncih2170_cart_72h_nt_ctrl_80.tif,/work/users/b/e/behnamie/ecDNA_Data/bioimage_archive/roi_mask/ncih2170_cart_72h_nt_ctrl_80.png,/work/users/b/e/behnamie/ecDNA_Data/bioimage_archive/gt_image/ncih2170_cart_72h_nt_ctrl_80.tif
ncih2170_cart_72h_nt_ctrl_83,NCI-H2170,test,test,True,False,False,True,1,rgb/ncih2170_cart_72h_nt_ctrl_83.tif,dapi/ncih2170_cart_72h_nt_ctrl_83.tif,roi_mask/ncih2170_cart_72h_nt_ctrl_83.png,gt_image/ncih2170_cart_72h_nt_ctrl_83.tif,,169,185,True,True,True,True,ncih2170_cart_72h_nt_ctrl_83.tif,ncih2170_cart_72h_nt_ctrl_83.tif,ncih2170_cart_72h_nt_ctrl_83.png,ncih2170_cart_72h_nt_ctrl_83.tif,,/work/users/b/e/behnamie/ecDNA_Data/bioimage_archive/rgb/ncih2170_cart_72h_nt_ctrl_83.tif,/work/users/b/e/behnamie/ecDNA_Data/bioimage_archive/dapi/ncih2170_cart_72h_nt_ctrl_83.tif,/work/users/b/e/behnamie/ecDNA_Data/bioimage_archive/roi_mask/ncih2170_cart_72h_nt_ctrl_83.png,/work/users/b/e/behnamie/ecDNA_Data/bioimage_archive/gt_image/ncih2170_cart_72h_nt_ctrl_83.tif
ncih2170_ctrl_1_30,NCI-H2170,test,test,True,False,False,True,1,rgb/ncih2170_ctrl_1_30.tif,dapi/ncih2170_ctrl_1_30.tif,roi_mask/ncih2170_ctrl_1_30.png,gt_image/ncih2170_ctrl_1_30.tif,,229,230,True,True,True,True,ncih2170_ctrl_1_30.tif,ncih2170_ctrl_1_30.tif,ncih2170_ctrl_1_30.png,ncih2170_ctrl_1_30.tif,,/work/users/b/e/behnamie/ecDNA_Data/bioimage_archive/rgb/ncih2170_ctrl_1_30.tif,/work/users/b/e/behnamie/ecDNA_Data/bioimage_archive/dapi/ncih2170_ctrl_1_30.tif,/work/users/b/e/behnamie/ecDNA_Data/bioimage_archive/roi_mask/ncih2170_ctrl_1_30.png,/work/users/b/e/behnamie/ecDNA_Data/bioimage_archive/gt_image/ncih2170_ctrl_1_30.tif
ncih2170_ctrl_1_54,NCI-H2170,test,test,True,False,False,True,1,rgb/ncih2170_ctrl_1_54.tif,dapi/ncih2170_ctrl_1_54.tif,roi_mask/ncih2170_ctrl_1_54.png,gt_image/ncih2170_ctrl_1_54.tif,,235,241,True,True,True,True,ncih2170_ctrl_1_54.tif,ncih2170_ctrl_1_54.tif,ncih2170_ctrl_1_54.png,ncih2170_ctrl_1_54.tif,,/work/users/b/e/behnamie/ecDNA_Data/bioimage_archive/rgb/ncih2170_ctrl_1_54.tif,/work/users/b/e/behnamie/ecDNA_Data/bioimage_archive/dapi/ncih2170_ctrl_1_54.tif,/work/users/b/e/behnamie/ecDNA_Data/bioimage_archive/roi_mask/ncih2170_ctrl_1_54.png,/work/users/b/e/behnamie/ecDNA_Data/bioimage_archive/gt_image/ncih2170_ctrl_1_54.tif
ncih2170_ctrl_1_58,NCI-H2170,test,test,True,False,False,True,1,rgb/ncih2170_ctrl_1_58.tif,dapi/ncih2170_ctrl_1_58.tif,roi_mask/ncih2170_ctrl_1_58.png,gt_image/ncih2170_ctrl_1_58.tif,,179,179,True,True,True,True,ncih2170_ctrl_1_58.tif,ncih2170_ctrl_1_58.tif,ncih2170_ctrl_1_58.png,ncih2170_ctrl_1_58.tif,,/work/users/b/e/behnamie/ecDNA_Data/bioimage_archive/rgb/ncih2170_ctrl_1_58.tif,/work/users/b/e/behnamie/ecDNA_Data/bioimage_archive/dapi/ncih2170_ctrl_1_58.tif,/work/users/b/e/behnamie/ecDNA_Data/bioimage_archive/roi_mask/ncih2170_ctrl_1_58.png,/work/users/b/e/behnamie/ecDNA_Data/bioimage_archive/gt_image/ncih2170_ctrl_1_58.tif
ncih2170_ctrl_1_61,NCI-H2170,test,test,True,False,False,True,1,rgb/ncih2170_ctrl_1_61.tif,dapi/ncih2170_ctrl_1_61.tif,roi_mask/ncih2170_ctrl_1_61.png,gt_image/ncih2170_ctrl_1_61.tif,,251,259,True,True,True,True,ncih2170_ctrl_1_61.tif,ncih2170_ctrl_1_61.tif,ncih2170_ctrl_1_61.png,ncih2170_ctrl_1_61.tif,,/work/users/b/e/behnamie/ecDNA_Data/bioimage_archive/rgb/ncih2170_ctrl_1_61.tif,/work/users/b/e/behnamie/ecDNA_Data/bioimage_archive/dapi/ncih2170_ctrl_1_61.tif,/work/users/b/e/behnamie/ecDNA_Data/bioimage_archive/roi_mask/ncih2170_ctrl_1_61.png,/work/users/b/e/behnamie/ecDNA_Data/bioimage_archive/gt_image/ncih2170_ctrl_1_61.tif
ncih2170_ctrl_1_62,NCI-H2170,test,test,True,False,False,True,1,rgb/ncih2170_ctrl_1_62.tif,dapi/ncih2170_ctrl_1_62.tif,roi_mask/ncih2170_ctrl_1_62.png,gt_image/ncih2170_ctrl_1_62.tif,,478,481,True,True,True,True,ncih2170_ctrl_1_62.tif,ncih2170_ctrl_1_62.tif,ncih2170_ctrl_1_62.png,ncih2170_ctrl_1_62.tif,,/work/users/b/e/behnamie/ecDNA_Data/bioimage_archive/rgb/ncih2170_ctrl_1_62.tif,/work/users/b/e/behnamie/ecDNA_Data/bioimage_archive/dapi/ncih2170_ctrl_1_62.tif,/work/users/b/e/behnamie/ecDNA_Data/bioimage_archive/roi_mask/ncih2170_ctrl_1_62.png,/work/users/b/e/behnamie/ecDNA_Data/bioimage_archive/gt_image/ncih2170_ctrl_1_62.tif
ncih2170_ctrl_1_88,NCI-H2170,test,test,True,False,False,True,1,rgb/ncih2170_ctrl_1_88.tif,dapi/ncih2170_ctrl_1_88.tif,roi_mask/ncih2170_ctrl_1_88.png,gt_image/ncih2170_ctrl_1_88.tif,,341,350,True,True,True,True,ncih2170_ctrl_1_88.tif,ncih2170_ctrl_1_88.tif,ncih2170_ctrl_1_88.png,ncih2170_ctrl_1_88.tif,,/work/users/b/e/behnamie/ecDNA_Data/bioimage_archive/rgb/ncih2170_ctrl_1_88.tif,/work/users/b/e/behnamie/ecDNA_Data/bioimage_archive/dapi/ncih2170_ctrl_1_88.tif,/work/users/b/e/behnamie/ecDNA_Data/bioimage_archive/roi_mask/ncih2170_ctrl_1_88.png,/work/users/b/e/behnamie/ecDNA_Data/bioimage_archive/gt_image/ncih2170_ctrl_1_88.tif
ncih2170_ctrl_1_90,NCI-H2170,test,test,True,False,False,True,1,rgb/ncih2170_ctrl_1_90.tif,dapi/ncih2170_ctrl_1_90.tif,roi_mask/ncih2170_ctrl_1_90.png,gt_image/ncih2170_ctrl_1_90.tif,,87,87,True,True,True,True,ncih2170_ctrl_1_90.tif,ncih2170_ctrl_1_90.tif,ncih2170_ctrl_1_90.png,ncih2170_ctrl_1_90.tif,,/work/users/b/e/behnamie/ecDNA_Data/bioimage_archive/rgb/ncih2170_ctrl_1_90.tif,/work/users/b/e/behnamie/ecDNA_Data/bioimage_archive/dapi/ncih2170_ctrl_1_90.tif,/work/users/b/e/behnamie/ecDNA_Data/bioimage_archive/roi_mask/ncih2170_ctrl_1_90.png,/work/users/b/e/behnamie/ecDNA_Data/bioimage_archive/gt_image/ncih2170_ctrl_1_90.tif
ncih2170_ctrl_1_94,NCI-H2170,test,test,True,False,False,True,1,rgb/ncih2170_ctrl_1_94.tif,dapi/ncih2170_ctrl_1_94.tif,roi_mask/ncih2170_ctrl_1_94.png,gt_image/ncih2170_ctrl_1_94.tif,,299,300,True,True,True,True,ncih2170_ctrl_1_94.tif,ncih2170_ctrl_1_94.tif,ncih2170_ctrl_1_94.png,ncih2170_ctrl_1_94.tif,,/work/users/b/e/behnamie/ecDNA_Data/bioimage_archive/rgb/ncih2170_ctrl_1_94.tif,/work/users/b/e/behnamie/ecDNA_Data/bioimage_archive/dapi/ncih2170_ctrl_1_94.tif,/work/users/b/e/behnamie/ecDNA_Data/bioimage_archive/roi_mask/ncih2170_ctrl_1_94.png,/work/users/b/e/behnamie/ecDNA_Data/bioimage_archive/gt_image/ncih2170_ctrl_1_94.tif
ncih2170_ctrl_2_105,NCI-H2170,test,test,True,False,False,True,1,rgb/ncih2170_ctrl_2_105.tif,dapi/ncih2170_ctrl_2_105.tif,roi_mask/ncih2170_ctrl_2_105.png,gt_image/ncih2170_ctrl_2_105.tif,,184,186,True,True,True,True,ncih2170_ctrl_2_105.tif,ncih2170_ctrl_2_105.tif,ncih2170_ctrl_2_105.png,ncih2170_ctrl_2_105.tif,,/work/users/b/e/behnamie/ecDNA_Data/bioimage_archive/rgb/ncih2170_ctrl_2_105.tif,/work/users/b/e/behnamie/ecDNA_Data/bioimage_archive/dapi/ncih2170_ctrl_2_105.tif,/work/users/b/e/behnamie/ecDNA_Data/bioimage_archive/roi_mask/ncih2170_ctrl_2_105.png,/work/users/b/e/behnamie/ecDNA_Data/bioimage_archive/gt_image/ncih2170_ctrl_2_105.tif
ncih2170_ctrl_2_132,NCI-H2170,test,test,True,False,False,True,1,rgb/ncih2170_ctrl_2_132.tif,dapi/ncih2170_ctrl_2_132.tif,roi_mask/ncih2170_ctrl_2_132.png,gt_image/ncih2170_ctrl_2_132.tif,,274,275,True,True,True,True,ncih2170_ctrl_2_132.tif,ncih2170_ctrl_2_132.tif,ncih2170_ctrl_2_132.png,ncih2170_ctrl_2_132.tif,,/work/users/b/e/behnamie/ecDNA_Data/bioimage_archive/rgb/ncih2170_ctrl_2_132.tif,/work/users/b/e/behnamie/ecDNA_Data/bioimage_archive/dapi/ncih2170_ctrl_2_132.tif,/work/users/b/e/behnamie/ecDNA_Data/bioimage_archive/roi_mask/ncih2170_ctrl_2_132.png,/work/users/b/e/behnamie/ecDNA_Data/bioimage_archive/gt_image/ncih2170_ctrl_2_132.tif
ncih2170_ctrl_2_139,NCI-H2170,test,test,True,False,False,True,1,rgb/ncih2170_ctrl_2_139.tif,dapi/ncih2170_ctrl_2_139.tif,roi_mask/ncih2170_ctrl_2_139.png,gt_image/ncih2170_ctrl_2_139.tif,,246,246,True,True,True,True,ncih2170_ctrl_2_139.tif,ncih2170_ctrl_2_139.tif,ncih2170_ctrl_2_139.png,ncih2170_ctrl_2_139.tif,,/work/users/b/e/behnamie/ecDNA_Data/bioimage_archive/rgb/ncih2170_ctrl_2_139.tif,/work/users/b/e/behnamie/ecDNA_Data/bioimage_archive/dapi/ncih2170_ctrl_2_139.tif,/work/users/b/e/behnamie/ecDNA_Data/bioimage_archive/roi_mask/ncih2170_ctrl_2_139.png,/work/users/b/e/behnamie/ecDNA_Data/bioimage_archive/gt_image/ncih2170_ctrl_2_139.tif
ncih2170_ctrl_2_24,NCI-H2170,test,test,True,False,False,True,1,rgb/ncih2170_ctrl_2_24.tif,dapi/ncih2170_ctrl_2_24.tif,roi_mask/ncih2170_ctrl_2_24.png,gt_image/ncih2170_ctrl_2_24.tif,,642,643,True,True,True,True,ncih2170_ctrl_2_24.tif,ncih2170_ctrl_2_24.tif,ncih2170_ctrl_2_24.png,ncih2170_ctrl_2_24.tif,,/work/users/b/e/behnamie/ecDNA_Data/bioimage_archive/rgb/ncih2170_ctrl_2_24.tif,/work/users/b/e/behnamie/ecDNA_Data/bioimage_archive/dapi/ncih2170_ctrl_2_24.tif,/work/users/b/e/behnamie/ecDNA_Data/bioimage_archive/roi_mask/ncih2170_ctrl_2_24.png,/work/users/b/e/behnamie/ecDNA_Data/bioimage_archive/gt_image/ncih2170_ctrl_2_24.tif
ncih2170_ctrl_2_96,NCI-H2170,test,test,True,False,False,True,1,rgb/ncih2170_ctrl_2_96.tif,dapi/ncih2170_ctrl_2_96.tif,roi_mask/ncih2170_ctrl_2_96.png,gt_image/ncih2170_ctrl_2_96.tif,,96,99,True,True,True,True,ncih2170_ctrl_2_96.tif,ncih2170_ctrl_2_96.tif,ncih2170_ctrl_2_96.png,ncih2170_ctrl_2_96.tif,,/work/users/b/e/behnamie/ecDNA_Data/bioimage_archive/rgb/ncih2170_ctrl_2_96.tif,/work/users/b/e/behnamie/ecDNA_Data/bioimage_archive/dapi/ncih2170_ctrl_2_96.tif,/work/users/b/e/behnamie/ecDNA_Data/bioimage_archive/roi_mask/ncih2170_ctrl_2_96.png,/work/users/b/e/behnamie/ecDNA_Data/bioimage_archive/gt_image/ncih2170_ctrl_2_96.tif
ncih2170_facs_fish_0223_high_her2_13,NCI-H2170,test,test,True,False,False,True,1,rgb/ncih2170_facs_fish_0223_high_her2_13.tif,dapi/ncih2170_facs_fish_0223_high_her2_13.tif,roi_mask/ncih2170_facs_fish_0223_high_her2_13.png,gt_image/ncih2170_facs_fish_0223_high_her2_13.tif,,375,377,True,True,True,True,ncih2170_facs_fish_0223_high_her2_13.tif,ncih2170_facs_fish_0223_high_her2_13.tif,ncih2170_facs_fish_0223_high_her2_13.png,ncih2170_facs_fish_0223_high_her2_13.tif,,/work/users/b/e/behnamie/ecDNA_Data/bioimage_archive/rgb/ncih2170_facs_fish_0223_high_her2_13.tif,/work/users/b/e/behnamie/ecDNA_Data/bioimage_archive/dapi/ncih2170_facs_fish_0223_high_her2_13.tif,/work/users/b/e/behnamie/ecDNA_Data/bioimage_archive/roi_mask/ncih2170_facs_fish_0223_high_her2_13.png,/work/users/b/e/behnamie/ecDNA_Data/bioimage_archive/gt_image/ncih2170_facs_fish_0223_high_her2_13.tif
ncih2170_facs_fish_0223_high_her2_7,NCI-H2170,test,test,True,False,False,True,1,rgb/ncih2170_facs_fish_0223_high_her2_7.tif,dapi/ncih2170_facs_fish_0223_high_her2_7.tif,roi_mask/ncih2170_facs_fish_0223_high_her2_7.png,gt_image/ncih2170_facs_fish_0223_high_her2_7.tif,,62,62,True,True,True,True,ncih2170_facs_fish_0223_high_her2_7.tif,ncih2170_facs_fish_0223_high_her2_7.tif,ncih2170_facs_fish_0223_high_her2_7.png,ncih2170_facs_fish_0223_high_her2_7.tif,,/work/users/b/e/behnamie/ecDNA_Data/bioimage_archive/rgb/ncih2170_facs_fish_0223_high_her2_7.tif,/work/users/b/e/behnamie/ecDNA_Data/bioimage_archive/dapi/ncih2170_facs_fish_0223_high_her2_7.tif,/work/users/b/e/behnamie/ecDNA_Data/bioimage_archive/roi_mask/ncih2170_facs_fish_0223_high_her2_7.png,/work/users/b/e/behnamie/ecDNA_Data/bioimage_archive/gt_image/ncih2170_facs_fish_0223_high_her2_7.tif
ncih2170_facs_fish_0223_low_her2_19,NCI-H2170,test,test,True,False,False,True,1,rgb/ncih2170_facs_fish_0223_low_her2_19.tif,dapi/ncih2170_facs_fish_0223_low_her2_19.tif,roi_mask/ncih2170_facs_fish_0223_low_her2_19.png,gt_image/ncih2170_facs_fish_0223_low_her2_19.tif,,40,40,True,True,True,True,ncih2170_facs_fish_0223_low_her2_19.tif,ncih2170_facs_fish_0223_low_her2_19.tif,ncih2170_facs_fish_0223_low_her2_19.png,ncih2170_facs_fish_0223_low_her2_19.tif,,/work/users/b/e/behnamie/ecDNA_Data/bioimage_archive/rgb/ncih2170_facs_fish_0223_low_her2_19.tif,/work/users/b/e/behnamie/ecDNA_Data/bioimage_archive/dapi/ncih2170_facs_fish_0223_low_her2_19.tif,/work/users/b/e/behnamie/ecDNA_Data/bioimage_archive/roi_mask/ncih2170_facs_fish_0223_low_her2_19.png,/work/users/b/e/behnamie/ecDNA_Data/bioimage_archive/gt_image/ncih2170_facs_fish_0223_low_her2_19.tif
ncih2170_facs_fish_0223_low_her2_2,NCI-H2170,test,test,True,False,False,True,1,rgb/ncih2170_facs_fish_0223_low_her2_2.tif,dapi/ncih2170_facs_fish_0223_low_her2_2.tif,roi_mask/ncih2170_facs_fish_0223_low_her2_2.png,gt_image/ncih2170_facs_fish_0223_low_her2_2.tif,,189,190,True,True,True,True,ncih2170_facs_fish_0223_low_her2_2.tif,ncih2170_facs_fish_0223_low_her2_2.tif,ncih2170_facs_fish_0223_low_her2_2.png,ncih2170_facs_fish_0223_low_her2_2.tif,,/work/users/b/e/behnamie/ecDNA_Data/bioimage_archive/rgb/ncih2170_facs_fish_0223_low_her2_2.tif,/work/users/b/e/behnamie/ecDNA_Data/bioimage_archive/dapi/ncih2170_facs_fish_0223_low_her2_2.tif,/work/users/b/e/behnamie/ecDNA_Data/bioimage_archive/roi_mask/ncih2170_facs_fish_0223_low_her2_2.png,/work/users/b/e/behnamie/ecDNA_Data/bioimage_archive/gt_image/ncih2170_facs_fish_0223_low_her2_2.tif
ncih2170_facs_fish_0223_low_her2_6,NCI-H2170,test,test,True,False,False,True,1,rgb/ncih2170_facs_fish_0223_low_her2_6.tif,dapi/ncih2170_facs_fish_0223_low_her2_6.tif,roi_mask/ncih2170_facs_fish_0223_low_her2_6.png,gt_image/ncih2170_facs_fish_0223_low_her2_6.tif,,15,15,True,True,True,True,ncih2170_facs_fish_0223_low_her2_6.tif,ncih2170_facs_fish_0223_low_her2_6.tif,ncih2170_facs_fish_0223_low_her2_6.png,ncih2170_facs_fish_0223_low_her2_6.tif,,/work/users/b/e/behnamie/ecDNA_Data/bioimage_archive/rgb/ncih2170_facs_fish_0223_low_her2_6.tif,/work/users/b/e/behnamie/ecDNA_Data/bioimage_archive/dapi/ncih2170_facs_fish_0223_low_her2_6.tif,/work/users/b/e/behnamie/ecDNA_Data/bioimage_archive/roi_mask/ncih2170_facs_fish_0223_low_her2_6.png,/work/users/b/e/behnamie/ecDNA_Data/bioimage_archive/gt_image/ncih2170_facs_fish_0223_low_her2_6.tif
ncih2170_facs_fish_0423_high_her2_27,NCI-H2170,test,test,True,False,False,True,1,rgb/ncih2170_facs_fish_0423_high_her2_27.tif,dapi/ncih2170_facs_fish_0423_high_her2_27.tif,roi_mask/ncih2170_facs_fish_0423_high_her2_27.png,gt_image/ncih2170_facs_fish_0423_high_her2_27.tif,,396,396,True,True,True,True,ncih2170_facs_fish_0423_high_her2_27.tif,ncih2170_facs_fish_0423_high_her2_27.tif,ncih2170_facs_fish_0423_high_her2_27.png,ncih2170_facs_fish_0423_high_her2_27.tif,,/work/users/b/e/behnamie/ecDNA_Data/bioimage_archive/rgb/ncih2170_facs_fish_0423_high_her2_27.tif,/work/users/b/e/behnamie/ecDNA_Data/bioimage_archive/dapi/ncih2170_facs_fish_0423_high_her2_27.tif,/work/users/b/e/behnamie/ecDNA_Data/bioimage_archive/roi_mask/ncih2170_facs_fish_0423_high_her2_27.png,/work/users/b/e/behnamie/ecDNA_Data/bioimage_archive/gt_image/ncih2170_facs_fish_0423_high_her2_27.tif
ncih2170_facs_fish_0423_low_her2_10,NCI-H2170,test,test,True,False,False,True,1,rgb/ncih2170_facs_fish_0423_low_her2_10.tif,dapi/ncih2170_facs_fish_0423_low_her2_10.tif,roi_mask/ncih2170_facs_fish_0423_low_her2_10.png,gt_image/ncih2170_facs_fish_0423_low_her2_10.tif,,191,192,True,True,True,True,ncih2170_facs_fish_0423_low_her2_10.tif,ncih2170_facs_fish_0423_low_her2_10.tif,ncih2170_facs_fish_0423_low_her2_10.png,ncih2170_facs_fish_0423_low_her2_10.tif,,/work/users/b/e/behnamie/ecDNA_Data/bioimage_archive/rgb/ncih2170_facs_fish_0423_low_her2_10.tif,/work/users/b/e/behnamie/ecDNA_Data/bioimage_archive/dapi/ncih2170_facs_fish_0423_low_her2_10.tif,/work/users/b/e/behnamie/ecDNA_Data/bioimage_archive/roi_mask/ncih2170_facs_fish_0423_low_her2_10.png,/work/users/b/e/behnamie/ecDNA_Data/bioimage_archive/gt_image/ncih2170_facs_fish_0423_low_her2_10.tif
ncih2170_facs_fish_0423_low_her2_11,NCI-H2170,test,test,True,False,False,True,1,rgb/ncih2170_facs_fish_0423_low_her2_11.tif,dapi/ncih2170_facs_fish_0423_low_her2_11.tif,roi_mask/ncih2170_facs_fish_0423_low_her2_11.png,gt_image/ncih2170_facs_fish_0423_low_her2_11.tif,,44,46,True,True,True,True,ncih2170_facs_fish_0423_low_her2_11.tif,ncih2170_facs_fish_0423_low_her2_11.tif,ncih2170_facs_fish_0423_low_her2_11.png,ncih2170_facs_fish_0423_low_her2_11.tif,,/work/users/b/e/behnamie/ecDNA_Data/bioimage_archive/rgb/ncih2170_facs_fish_0423_low_her2_11.tif,/work/users/b/e/behnamie/ecDNA_Data/bioimage_archive/dapi/ncih2170_facs_fish_0423_low_her2_11.tif,/work/users/b/e/behnamie/ecDNA_Data/bioimage_archive/roi_mask/ncih2170_facs_fish_0423_low_her2_11.png,/work/users/b/e/behnamie/ecDNA_Data/bioimage_archive/gt_image/ncih2170_facs_fish_0423_low_her2_11.tif
ncih2170_facs_fish_0423_low_her2_28,NCI-H2170,test,test,True,False,False,True,1,rgb/ncih2170_facs_fish_0423_low_her2_28.tif,dapi/ncih2170_facs_fish_0423_low_her2_28.tif,roi_mask/ncih2170_facs_fish_0423_low_her2_28.png,gt_image/ncih2170_facs_fish_0423_low_her2_28.tif,,174,175,True,True,True,True,ncih2170_facs_fish_0423_low_her2_28.tif,ncih2170_facs_fish_0423_low_her2_28.tif,ncih2170_facs_fish_0423_low_her2_28.png,ncih2170_facs_fish_0423_low_her2_28.tif,,/work/users/b/e/behnamie/ecDNA_Data/bioimage_archive/rgb/ncih2170_facs_fish_0423_low_her2_28.tif,/work/users/b/e/behnamie/ecDNA_Data/bioimage_archive/dapi/ncih2170_facs_fish_0423_low_her2_28.tif,/work/users/b/e/behnamie/ecDNA_Data/bioimage_archive/roi_mask/ncih2170_facs_fish_0423_low_her2_28.png,/work/users/b/e/behnamie/ecDNA_Data/bioimage_archive/gt_image/ncih2170_facs_fish_0423_low_her2_28.tif
ncih2170_facs_fish_0423_low_her2_43,NCI-H2170,test,test,True,False,False,True,1,rgb/ncih2170_facs_fish_0423_low_her2_43.tif,dapi/ncih2170_facs_fish_0423_low_her2_43.tif,roi_mask/ncih2170_facs_fish_0423_low_her2_43.png,gt_image/ncih2170_facs_fish_0423_low_her2_43.tif,,139,139,True,True,True,True,ncih2170_facs_fish_0423_low_her2_43.tif,ncih2170_facs_fish_0423_low_her2_43.tif,ncih2170_facs_fish_0423_low_her2_43.png,ncih2170_facs_fish_0423_low_her2_43.tif,,/work/users/b/e/behnamie/ecDNA_Data/bioimage_archive/rgb/ncih2170_facs_fish_0423_low_her2_43.tif,/work/users/b/e/behnamie/ecDNA_Data/bioimage_archive/dapi/ncih2170_facs_fish_0423_low_her2_43.tif,/work/users/b/e/behnamie/ecDNA_Data/bioimage_archive/roi_mask/ncih2170_facs_fish_0423_low_her2_43.png,/work/users/b/e/behnamie/ecDNA_Data/bioimage_archive/gt_image/ncih2170_facs_fish_0423_low_her2_43.tif
ncih2170_facs_fish_0423_low_her2_56,NCI-H2170,test,test,True,False,False,True,1,rgb/ncih2170_facs_fish_0423_low_her2_56.tif,dapi/ncih2170_facs_fish_0423_low_her2_56.tif,roi_mask/ncih2170_facs_fish_0423_low_her2_56.png,gt_image/ncih2170_facs_fish_0423_low_her2_56.tif,,101,101,True,True,True,True,ncih2170_facs_fish_0423_low_her2_56.tif,ncih2170_facs_fish_0423_low_her2_56.tif,ncih2170_facs_fish_0423_low_her2_56.png,ncih2170_facs_fish_0423_low_her2_56.tif,,/work/users/b/e/behnamie/ecDNA_Data/bioimage_archive/rgb/ncih2170_facs_fish_0423_low_her2_56.tif,/work/users/b/e/behnamie/ecDNA_Data/bioimage_archive/dapi/ncih2170_facs_fish_0423_low_her2_56.tif,/work/users/b/e/behnamie/ecDNA_Data/bioimage_archive/roi_mask/ncih2170_facs_fish_0423_low_her2_56.png,/work/users/b/e/behnamie/ecDNA_Data/bioimage_archive/gt_image/ncih2170_facs_fish_0423_low_her2_56.tif
ncih2170_facs_fish_0423_low_her2_8,NCI-H2170,test,test,True,False,False,True,1,rgb/ncih2170_facs_fish_0423_low_her2_8.tif,dapi/ncih2170_facs_fish_0423_low_her2_8.tif,roi_mask/ncih2170_facs_fish_0423_low_her2_8.png,gt_image/ncih2170_facs_fish_0423_low_her2_8.tif,,87,87,True,True,True,True,ncih2170_facs_fish_0423_low_her2_8.tif,ncih2170_facs_fish_0423_low_her2_8.tif,ncih2170_facs_fish_0423_low_her2_8.png,ncih2170_facs_fish_0423_low_her2_8.tif,,/work/users/b/e/behnamie/ecDNA_Data/bioimage_archive/rgb/ncih2170_facs_fish_0423_low_her2_8.tif,/work/users/b/e/behnamie/ecDNA_Data/bioimage_archive/dapi/ncih2170_facs_fish_0423_low_her2_8.tif,/work/users/b/e/behnamie/ecDNA_Data/bioimage_archive/roi_mask/ncih2170_facs_fish_0423_low_her2_8.png,/work/users/b/e/behnamie/ecDNA_Data/bioimage_archive/gt_image/ncih2170_facs_fish_0423_low_her2_8.tif
ncih2170_facs_fish_0423_low_her2_87,NCI-H2170,test,test,True,False,False,True,1,rgb/ncih2170_facs_fish_0423_low_her2_87.tif,dapi/ncih2170_facs_fish_0423_low_her2_87.tif,roi_mask/ncih2170_facs_fish_0423_low_her2_87.png,gt_image/ncih2170_facs_fish_0423_low_her2_87.tif,,67,67,True,True,True,True,ncih2170_facs_fish_0423_low_her2_87.tif,ncih2170_facs_fish_0423_low_her2_87.tif,ncih2170_facs_fish_0423_low_her2_87.png,ncih2170_facs_fish_0423_low_her2_87.tif,,/work/users/b/e/behnamie/ecDNA_Data/bioimage_archive/rgb/ncih2170_facs_fish_0423_low_her2_87.tif,/work/users/b/e/behnamie/ecDNA_Data/bioimage_archive/dapi/ncih2170_facs_fish_0423_low_her2_87.tif,/work/users/b/e/behnamie/ecDNA_Data/bioimage_archive/roi_mask/ncih2170_facs_fish_0423_low_her2_87.png,/work/users/b/e/behnamie/ecDNA_Data/bioimage_archive/gt_image/ncih2170_facs_fish_0423_low_her2_87.tif
ncih2170_facs_fish_0423_low_her2_91,NCI-H2170,test,test,True,False,False,True,1,rgb/ncih2170_facs_fish_0423_low_her2_91.tif,dapi/ncih2170_facs_fish_0423_low_her2_91.tif,roi_mask/ncih2170_facs_fish_0423_low_her2_91.png,gt_image/ncih2170_facs_fish_0423_low_her2_91.tif,,79,79,True,True,True,True,ncih2170_facs_fish_0423_low_her2_91.tif,ncih2170_facs_fish_0423_low_her2_91.tif,ncih2170_facs_fish_0423_low_her2_91.png,ncih2170_facs_fish_0423_low_her2_91.tif,,/work/users/b/e/behnamie/ecDNA_Data/bioimage_archive/rgb/ncih2170_facs_fish_0423_low_her2_91.tif,/work/users/b/e/behnamie/ecDNA_Data/bioimage_archive/dapi/ncih2170_facs_fish_0423_low_her2_91.tif,/work/users/b/e/behnamie/ecDNA_Data/bioimage_archive/roi_mask/ncih2170_facs_fish_0423_low_her2_91.png,/work/users/b/e/behnamie/ecDNA_Data/bioimage_archive/gt_image/ncih2170_facs_fish_0423_low_her2_91.tif
ncih2170_facs_fish_0423_low_her2_94,NCI-H2170,test,test,True,False,False,True,1,rgb/ncih2170_facs_fish_0423_low_her2_94.tif,dapi/ncih2170_facs_fish_0423_low_her2_94.tif,roi_mask/ncih2170_facs_fish_0423_low_her2_94.png,gt_image/ncih2170_facs_fish_0423_low_her2_94.tif,,132,132,True,True,True,True,ncih2170_facs_fish_0423_low_her2_94.tif,ncih2170_facs_fish_0423_low_her2_94.tif,ncih2170_facs_fish_0423_low_her2_94.png,ncih2170_facs_fish_0423_low_her2_94.tif,,/work/users/b/e/behnamie/ecDNA_Data/bioimage_archive/rgb/ncih2170_facs_fish_0423_low_her2_94.tif,/work/users/b/e/behnamie/ecDNA_Data/bioimage_archive/dapi/ncih2170_facs_fish_0423_low_her2_94.tif,/work/users/b/e/behnamie/ecDNA_Data/bioimage_archive/roi_mask/ncih2170_facs_fish_0423_low_her2_94.png,/work/users/b/e/behnamie/ecDNA_Data/bioimage_archive/gt_image/ncih2170_facs_fish_0423_low_her2_94.tif
ncih2170_facs_fish_0723_high_her2_108,NCI-H2170,test,test,True,False,False,True,1,rgb/ncih2170_facs_fish_0723_high_her2_108.tif,dapi/ncih2170_facs_fish_0723_high_her2_108.tif,roi_mask/ncih2170_facs_fish_0723_high_her2_108.png,gt_image/ncih2170_facs_fish_0723_high_her2_108.tif,,186,207,True,True,True,True,ncih2170_facs_fish_0723_high_her2_108.tif,ncih2170_facs_fish_0723_high_her2_108.tif,ncih2170_facs_fish_0723_high_her2_108.png,ncih2170_facs_fish_0723_high_her2_108.tif,,/work/users/b/e/behnamie/ecDNA_Data/bioimage_archive/rgb/ncih2170_facs_fish_0723_high_her2_108.tif,/work/users/b/e/behnamie/ecDNA_Data/bioimage_archive/dapi/ncih2170_facs_fish_0723_high_her2_108.tif,/work/users/b/e/behnamie/ecDNA_Data/bioimage_archive/roi_mask/ncih2170_facs_fish_0723_high_her2_108.png,/work/users/b/e/behnamie/ecDNA_Data/bioimage_archive/gt_image/ncih2170_facs_fish_0723_high_her2_108.tif
ncih2170_facs_fish_0723_high_her2_110,NCI-H2170,test,test,True,False,False,True,1,rgb/ncih2170_facs_fish_0723_high_her2_110.tif,dapi/ncih2170_facs_fish_0723_high_her2_110.tif,roi_mask/ncih2170_facs_fish_0723_high_her2_110.png,gt_image/ncih2170_facs_fish_0723_high_her2_110.tif,,358,358,True,True,True,True,ncih2170_facs_fish_0723_high_her2_110.tif,ncih2170_facs_fish_0723_high_her2_110.tif,ncih2170_facs_fish_0723_high_her2_110.png,ncih2170_facs_fish_0723_high_her2_110.tif,,/work/users/b/e/behnamie/ecDNA_Data/bioimage_archive/rgb/ncih2170_facs_fish_0723_high_her2_110.tif,/work/users/b/e/behnamie/ecDNA_Data/bioimage_archive/dapi/ncih2170_facs_fish_0723_high_her2_110.tif,/work/users/b/e/behnamie/ecDNA_Data/bioimage_archive/roi_mask/ncih2170_facs_fish_0723_high_her2_110.png,/work/users/b/e/behnamie/ecDNA_Data/bioimage_archive/gt_image/ncih2170_facs_fish_0723_high_her2_110.tif
ncih2170_facs_fish_0723_high_her2_111,NCI-H2170,test,test,True,False,False,True,1,rgb/ncih2170_facs_fish_0723_high_her2_111.tif,dapi/ncih2170_facs_fish_0723_high_her2_111.tif,roi_mask/ncih2170_facs_fish_0723_high_her2_111.png,gt_image/ncih2170_facs_fish_0723_high_her2_111.tif,,278,294,True,True,True,True,ncih2170_facs_fish_0723_high_her2_111.tif,ncih2170_facs_fish_0723_high_her2_111.tif,ncih2170_facs_fish_0723_high_her2_111.png,ncih2170_facs_fish_0723_high_her2_111.tif,,/work/users/b/e/behnamie/ecDNA_Data/bioimage_archive/rgb/ncih2170_facs_fish_0723_high_her2_111.tif,/work/users/b/e/behnamie/ecDNA_Data/bioimage_archive/dapi/ncih2170_facs_fish_0723_high_her2_111.tif,/work/users/b/e/behnamie/ecDNA_Data/bioimage_archive/roi_mask/ncih2170_facs_fish_0723_high_her2_111.png,/work/users/b/e/behnamie/ecDNA_Data/bioimage_archive/gt_image/ncih2170_facs_fish_0723_high_her2_111.tif
ncih2170_facs_fish_0723_high_her2_21,NCI-H2170,test,test,True,False,False,True,1,rgb/ncih2170_facs_fish_0723_high_her2_21.tif,dapi/ncih2170_facs_fish_0723_high_her2_21.tif,roi_mask/ncih2170_facs_fish_0723_high_her2_21.png,gt_image/ncih2170_facs_fish_0723_high_her2_21.tif,,180,180,True,True,True,True,ncih2170_facs_fish_0723_high_her2_21.tif,ncih2170_facs_fish_0723_high_her2_21.tif,ncih2170_facs_fish_0723_high_her2_21.png,ncih2170_facs_fish_0723_high_her2_21.tif,,/work/users/b/e/behnamie/ecDNA_Data/bioimage_archive/rgb/ncih2170_facs_fish_0723_high_her2_21.tif,/work/users/b/e/behnamie/ecDNA_Data/bioimage_archive/dapi/ncih2170_facs_fish_0723_high_her2_21.tif,/work/users/b/e/behnamie/ecDNA_Data/bioimage_archive/roi_mask/ncih2170_facs_fish_0723_high_her2_21.png,/work/users/b/e/behnamie/ecDNA_Data/bioimage_archive/gt_image/ncih2170_facs_fish_0723_high_her2_21.tif
ncih2170_facs_fish_0723_high_her2_80,NCI-H2170,test,test,True,False,False,True,1,rgb/ncih2170_facs_fish_0723_high_her2_80.tif,dapi/ncih2170_facs_fish_0723_high_her2_80.tif,roi_mask/ncih2170_facs_fish_0723_high_her2_80.png,gt_image/ncih2170_facs_fish_0723_high_her2_80.tif,,403,412,True,True,True,True,ncih2170_facs_fish_0723_high_her2_80.tif,ncih2170_facs_fish_0723_high_her2_80.tif,ncih2170_facs_fish_0723_high_her2_80.png,ncih2170_facs_fish_0723_high_her2_80.tif,,/work/users/b/e/behnamie/ecDNA_Data/bioimage_archive/rgb/ncih2170_facs_fish_0723_high_her2_80.tif,/work/users/b/e/behnamie/ecDNA_Data/bioimage_archive/dapi/ncih2170_facs_fish_0723_high_her2_80.tif,/work/users/b/e/behnamie/ecDNA_Data/bioimage_archive/roi_mask/ncih2170_facs_fish_0723_high_her2_80.png,/work/users/b/e/behnamie/ecDNA_Data/bioimage_archive/gt_image/ncih2170_facs_fish_0723_high_her2_80.tif
ncih2170_facs_fish_0723_low_her2_1,NCI-H2170,test,test,True,False,False,True,1,rgb/ncih2170_facs_fish_0723_low_her2_1.tif,dapi/ncih2170_facs_fish_0723_low_her2_1.tif,roi_mask/ncih2170_facs_fish_0723_low_her2_1.png,gt_image/ncih2170_facs_fish_0723_low_her2_1.tif,,36,36,True,True,True,True,ncih2170_facs_fish_0723_low_her2_1.tif,ncih2170_facs_fish_0723_low_her2_1.tif,ncih2170_facs_fish_0723_low_her2_1.png,ncih2170_facs_fish_0723_low_her2_1.tif,,/work/users/b/e/behnamie/ecDNA_Data/bioimage_archive/rgb/ncih2170_facs_fish_0723_low_her2_1.tif,/work/users/b/e/behnamie/ecDNA_Data/bioimage_archive/dapi/ncih2170_facs_fish_0723_low_her2_1.tif,/work/users/b/e/behnamie/ecDNA_Data/bioimage_archive/roi_mask/ncih2170_facs_fish_0723_low_her2_1.png,/work/users/b/e/behnamie/ecDNA_Data/bioimage_archive/gt_image/ncih2170_facs_fish_0723_low_her2_1.tif
ncih2170_facs_fish_0723_low_her2_115,NCI-H2170,test,test,True,False,False,True,1,rgb/ncih2170_facs_fish_0723_low_her2_115.tif,dapi/ncih2170_facs_fish_0723_low_her2_115.tif,roi_mask/ncih2170_facs_fish_0723_low_her2_115.png,gt_image/ncih2170_facs_fish_0723_low_her2_115.tif,,63,63,True,True,True,True,ncih2170_facs_fish_0723_low_her2_115.tif,ncih2170_facs_fish_0723_low_her2_115.tif,ncih2170_facs_fish_0723_low_her2_115.png,ncih2170_facs_fish_0723_low_her2_115.tif,,/work/users/b/e/behnamie/ecDNA_Data/bioimage_archive/rgb/ncih2170_facs_fish_0723_low_her2_115.tif,/work/users/b/e/behnamie/ecDNA_Data/bioimage_archive/dapi/ncih2170_facs_fish_0723_low_her2_115.tif,/work/users/b/e/behnamie/ecDNA_Data/bioimage_archive/roi_mask/ncih2170_facs_fish_0723_low_her2_115.png,/work/users/b/e/behnamie/ecDNA_Data/bioimage_archive/gt_image/ncih2170_facs_fish_0723_low_her2_115.tif
ncih2170_facs_fish_0723_low_her2_22,NCI-H2170,test,test,True,False,False,True,1,rgb/ncih2170_facs_fish_0723_low_her2_22.tif,dapi/ncih2170_facs_fish_0723_low_her2_22.tif,roi_mask/ncih2170_facs_fish_0723_low_her2_22.png,gt_image/ncih2170_facs_fish_0723_low_her2_22.tif,,308,308,True,True,True,True,ncih2170_facs_fish_0723_low_her2_22.tif,ncih2170_facs_fish_0723_low_her2_22.tif,ncih2170_facs_fish_0723_low_her2_22.png,ncih2170_facs_fish_0723_low_her2_22.tif,,/work/users/b/e/behnamie/ecDNA_Data/bioimage_archive/rgb/ncih2170_facs_fish_0723_low_her2_22.tif,/work/users/b/e/behnamie/ecDNA_Data/bioimage_archive/dapi/ncih2170_facs_fish_0723_low_her2_22.tif,/work/users/b/e/behnamie/ecDNA_Data/bioimage_archive/roi_mask/ncih2170_facs_fish_0723_low_her2_22.png,/work/users/b/e/behnamie/ecDNA_Data/bioimage_archive/gt_image/ncih2170_facs_fish_0723_low_her2_22.tif
ncih2170_facs_fish_0723_low_her2_23,NCI-H2170,test,test,True,False,False,True,1,rgb/ncih2170_facs_fish_0723_low_her2_23.tif,dapi/ncih2170_facs_fish_0723_low_her2_23.tif,roi_mask/ncih2170_facs_fish_0723_low_her2_23.png,gt_image/ncih2170_facs_fish_0723_low_her2_23.tif,,85,85,True,True,True,True,ncih2170_facs_fish_0723_low_her2_23.tif,ncih2170_facs_fish_0723_low_her2_23.tif,ncih2170_facs_fish_0723_low_her2_23.png,ncih2170_facs_fish_0723_low_her2_23.tif,,/work/users/b/e/behnamie/ecDNA_Data/bioimage_archive/rgb/ncih2170_facs_fish_0723_low_her2_23.tif,/work/users/b/e/behnamie/ecDNA_Data/bioimage_archive/dapi/ncih2170_facs_fish_0723_low_her2_23.tif,/work/users/b/e/behnamie/ecDNA_Data/bioimage_archive/roi_mask/ncih2170_facs_fish_0723_low_her2_23.png,/work/users/b/e/behnamie/ecDNA_Data/bioimage_archive/gt_image/ncih2170_facs_fish_0723_low_her2_23.tif
ncih2170_facs_fish_0723_low_her2_52,NCI-H2170,test,test,True,False,False,True,1,rgb/ncih2170_facs_fish_0723_low_her2_52.tif,dapi/ncih2170_facs_fish_0723_low_her2_52.tif,roi_mask/ncih2170_facs_fish_0723_low_her2_52.png,gt_image/ncih2170_facs_fish_0723_low_her2_52.tif,,116,116,True,True,True,True,ncih2170_facs_fish_0723_low_her2_52.tif,ncih2170_facs_fish_0723_low_her2_52.tif,ncih2170_facs_fish_0723_low_her2_52.png,ncih2170_facs_fish_0723_low_her2_52.tif,,/work/users/b/e/behnamie/ecDNA_Data/bioimage_archive/rgb/ncih2170_facs_fish_0723_low_her2_52.tif,/work/users/b/e/behnamie/ecDNA_Data/bioimage_archive/dapi/ncih2170_facs_fish_0723_low_her2_52.tif,/work/users/b/e/behnamie/ecDNA_Data/bioimage_archive/roi_mask/ncih2170_facs_fish_0723_low_her2_52.png,/work/users/b/e/behnamie/ecDNA_Data/bioimage_archive/gt_image/ncih2170_facs_fish_0723_low_her2_52.tif
ncih2170_facs_fish_0723_low_her2_60,NCI-H2170,test,test,True,False,False,True,1,rgb/ncih2170_facs_fish_0723_low_her2_60.tif,dapi/ncih2170_facs_fish_0723_low_her2_60.tif,roi_mask/ncih2170_facs_fish_0723_low_her2_60.png,gt_image/ncih2170_facs_fish_0723_low_her2_60.tif,,93,93,True,True,True,True,ncih2170_facs_fish_0723_low_her2_60.tif,ncih2170_facs_fish_0723_low_her2_60.tif,ncih2170_facs_fish_0723_low_her2_60.png,ncih2170_facs_fish_0723_low_her2_60.tif,,/work/users/b/e/behnamie/ecDNA_Data/bioimage_archive/rgb/ncih2170_facs_fish_0723_low_her2_60.tif,/work/users/b/e/behnamie/ecDNA_Data/bioimage_archive/dapi/ncih2170_facs_fish_0723_low_her2_60.tif,/work/users/b/e/behnamie/ecDNA_Data/bioimage_archive/roi_mask/ncih2170_facs_fish_0723_low_her2_60.png,/work/users/b/e/behnamie/ecDNA_Data/bioimage_archive/gt_image/ncih2170_facs_fish_0723_low_her2_60.tif
ncih2170_facs_fish_0723_pre_sort_ctrl_29,NCI-H2170,test,test,True,False,False,True,1,rgb/ncih2170_facs_fish_0723_pre_sort_ctrl_29.tif,dapi/ncih2170_facs_fish_0723_pre_sort_ctrl_29.tif,roi_mask/ncih2170_facs_fish_0723_pre_sort_ctrl_29.png,gt_image/ncih2170_facs_fish_0723_pre_sort_ctrl_29.tif,,225,235,True,True,True,True,ncih2170_facs_fish_0723_pre_sort_ctrl_29.tif,ncih2170_facs_fish_0723_pre_sort_ctrl_29.tif,ncih2170_facs_fish_0723_pre_sort_ctrl_29.png,ncih2170_facs_fish_0723_pre_sort_ctrl_29.tif,,/work/users/b/e/behnamie/ecDNA_Data/bioimage_archive/rgb/ncih2170_facs_fish_0723_pre_sort_ctrl_29.tif,/work/users/b/e/behnamie/ecDNA_Data/bioimage_archive/dapi/ncih2170_facs_fish_0723_pre_sort_ctrl_29.tif,/work/users/b/e/behnamie/ecDNA_Data/bioimage_archive/roi_mask/ncih2170_facs_fish_0723_pre_sort_ctrl_29.png,/work/users/b/e/behnamie/ecDNA_Data/bioimage_archive/gt_image/ncih2170_facs_fish_0723_pre_sort_ctrl_29.tif
ncih2170_facs_fish_0723_sorted_ctrl_45,NCI-H2170,test,test,True,False,False,True,1,rgb/ncih2170_facs_fish_0723_sorted_ctrl_45.tif,dapi/ncih2170_facs_fish_0723_sorted_ctrl_45.tif,roi_mask/ncih2170_facs_fish_0723_sorted_ctrl_45.png,gt_image/ncih2170_facs_fish_0723_sorted_ctrl_45.tif,,472,472,True,True,True,True,ncih2170_facs_fish_0723_sorted_ctrl_45.tif,ncih2170_facs_fish_0723_sorted_ctrl_45.tif,ncih2170_facs_fish_0723_sorted_ctrl_45.png,ncih2170_facs_fish_0723_sorted_ctrl_45.tif,,/work/users/b/e/behnamie/ecDNA_Data/bioimage_archive/rgb/ncih2170_facs_fish_0723_sorted_ctrl_45.tif,/work/users/b/e/behnamie/ecDNA_Data/bioimage_archive/dapi/ncih2170_facs_fish_0723_sorted_ctrl_45.tif,/work/users/b/e/behnamie/ecDNA_Data/bioimage_archive/roi_mask/ncih2170_facs_fish_0723_sorted_ctrl_45.png,/work/users/b/e/behnamie/ecDNA_Data/bioimage_archive/gt_image/ncih2170_facs_fish_0723_sorted_ctrl_45.tif
ncih2170_facs_fish_0723_sorted_ctrl_46,NCI-H2170,test,test,True,False,False,True,1,rgb/ncih2170_facs_fish_0723_sorted_ctrl_46.tif,dapi/ncih2170_facs_fish_0723_sorted_ctrl_46.tif,roi_mask/ncih2170_facs_fish_0723_sorted_ctrl_46.png,gt_image/ncih2170_facs_fish_0723_sorted_ctrl_46.tif,,178,178,True,True,True,True,ncih2170_facs_fish_0723_sorted_ctrl_46.tif,ncih2170_facs_fish_0723_sorted_ctrl_46.tif,ncih2170_facs_fish_0723_sorted_ctrl_46.png,ncih2170_facs_fish_0723_sorted_ctrl_46.tif,,/work/users/b/e/behnamie/ecDNA_Data/bioimage_archive/rgb/ncih2170_facs_fish_0723_sorted_ctrl_46.tif,/work/users/b/e/behnamie/ecDNA_Data/bioimage_archive/dapi/ncih2170_facs_fish_0723_sorted_ctrl_46.tif,/work/users/b/e/behnamie/ecDNA_Data/bioimage_archive/roi_mask/ncih2170_facs_fish_0723_sorted_ctrl_46.png,/work/users/b/e/behnamie/ecDNA_Data/bioimage_archive/gt_image/ncih2170_facs_fish_0723_sorted_ctrl_46.tif
ncih2170_facs_fish_0723_sorted_ctrl_49,NCI-H2170,test,test,True,False,False,True,1,rgb/ncih2170_facs_fish_0723_sorted_ctrl_49.tif,dapi/ncih2170_facs_fish_0723_sorted_ctrl_49.tif,roi_mask/ncih2170_facs_fish_0723_sorted_ctrl_49.png,gt_image/ncih2170_facs_fish_0723_sorted_ctrl_49.tif,,365,366,True,True,True,True,ncih2170_facs_fish_0723_sorted_ctrl_49.tif,ncih2170_facs_fish_0723_sorted_ctrl_49.tif,ncih2170_facs_fish_0723_sorted_ctrl_49.png,ncih2170_facs_fish_0723_sorted_ctrl_49.tif,,/work/users/b/e/behnamie/ecDNA_Data/bioimage_archive/rgb/ncih2170_facs_fish_0723_sorted_ctrl_49.tif,/work/users/b/e/behnamie/ecDNA_Data/bioimage_archive/dapi/ncih2170_facs_fish_0723_sorted_ctrl_49.tif,/work/users/b/e/behnamie/ecDNA_Data/bioimage_archive/roi_mask/ncih2170_facs_fish_0723_sorted_ctrl_49.png,/work/users/b/e/behnamie/ecDNA_Data/bioimage_archive/gt_image/ncih2170_facs_fish_0723_sorted_ctrl_49.tif
ncih2170_facs_fish_0723_sorted_ctrl_60,NCI-H2170,test,test,True,False,False,True,1,rgb/ncih2170_facs_fish_0723_sorted_ctrl_60.tif,dapi/ncih2170_facs_fish_0723_sorted_ctrl_60.tif,roi_mask/ncih2170_facs_fish_0723_sorted_ctrl_60.png,gt_image/ncih2170_facs_fish_0723_sorted_ctrl_60.tif,,187,197,True,True,True,True,ncih2170_facs_fish_0723_sorted_ctrl_60.tif,ncih2170_facs_fish_0723_sorted_ctrl_60.tif,ncih2170_facs_fish_0723_sorted_ctrl_60.png,ncih2170_facs_fish_0723_sorted_ctrl_60.tif,,/work/users/b/e/behnamie/ecDNA_Data/bioimage_archive/rgb/ncih2170_facs_fish_0723_sorted_ctrl_60.tif,/work/users/b/e/behnamie/ecDNA_Data/bioimage_archive/dapi/ncih2170_facs_fish_0723_sorted_ctrl_60.tif,/work/users/b/e/behnamie/ecDNA_Data/bioimage_archive/roi_mask/ncih2170_facs_fish_0723_sorted_ctrl_60.png,/work/users/b/e/behnamie/ecDNA_Data/bioimage_archive/gt_image/ncih2170_facs_fish_0723_sorted_ctrl_60.tif
ncih2170_jc_jq1_ic50_24h_100,NCI-H2170,test,test,True,False,False,True,1,rgb/ncih2170_jc_jq1_ic50_24h_100.tif,dapi/ncih2170_jc_jq1_ic50_24h_100.tif,roi_mask/ncih2170_jc_jq1_ic50_24h_100.png,gt_image/ncih2170_jc_jq1_ic50_24h_100.tif,,38,38,True,True,True,True,ncih2170_jc_jq1_ic50_24h_100.tif,ncih2170_jc_jq1_ic50_24h_100.tif,ncih2170_jc_jq1_ic50_24h_100.png,ncih2170_jc_jq1_ic50_24h_100.tif,,/work/users/b/e/behnamie/ecDNA_Data/bioimage_archive/rgb/ncih2170_jc_jq1_ic50_24h_100.tif,/work/users/b/e/behnamie/ecDNA_Data/bioimage_archive/dapi/ncih2170_jc_jq1_ic50_24h_100.tif,/work/users/b/e/behnamie/ecDNA_Data/bioimage_archive/roi_mask/ncih2170_jc_jq1_ic50_24h_100.png,/work/users/b/e/behnamie/ecDNA_Data/bioimage_archive/gt_image/ncih2170_jc_jq1_ic50_24h_100.tif
ncih2170_jc_jq1_ic50_24h_38,NCI-H2170,test,test,True,False,False,True,1,rgb/ncih2170_jc_jq1_ic50_24h_38.tif,dapi/ncih2170_jc_jq1_ic50_24h_38.tif,roi_mask/ncih2170_jc_jq1_ic50_24h_38.png,gt_image/ncih2170_jc_jq1_ic50_24h_38.tif,,59,59,True,True,True,True,ncih2170_jc_jq1_ic50_24h_38.tif,ncih2170_jc_jq1_ic50_24h_38.tif,ncih2170_jc_jq1_ic50_24h_38.png,ncih2170_jc_jq1_ic50_24h_38.tif,,/work/users/b/e/behnamie/ecDNA_Data/bioimage_archive/rgb/ncih2170_jc_jq1_ic50_24h_38.tif,/work/users/b/e/behnamie/ecDNA_Data/bioimage_archive/dapi/ncih2170_jc_jq1_ic50_24h_38.tif,/work/users/b/e/behnamie/ecDNA_Data/bioimage_archive/roi_mask/ncih2170_jc_jq1_ic50_24h_38.png,/work/users/b/e/behnamie/ecDNA_Data/bioimage_archive/gt_image/ncih2170_jc_jq1_ic50_24h_38.tif
ncih2170_jc_jq1_ic50_24h_48,NCI-H2170,test,test,True,False,False,True,1,rgb/ncih2170_jc_jq1_ic50_24h_48.tif,dapi/ncih2170_jc_jq1_ic50_24h_48.tif,roi_mask/ncih2170_jc_jq1_ic50_24h_48.png,gt_image/ncih2170_jc_jq1_ic50_24h_48.tif,,223,231,True,True,True,True,ncih2170_jc_jq1_ic50_24h_48.tif,ncih2170_jc_jq1_ic50_24h_48.tif,ncih2170_jc_jq1_ic50_24h_48.png,ncih2170_jc_jq1_ic50_24h_48.tif,,/work/users/b/e/behnamie/ecDNA_Data/bioimage_archive/rgb/ncih2170_jc_jq1_ic50_24h_48.tif,/work/users/b/e/behnamie/ecDNA_Data/bioimage_archive/dapi/ncih2170_jc_jq1_ic50_24h_48.tif,/work/users/b/e/behnamie/ecDNA_Data/bioimage_archive/roi_mask/ncih2170_jc_jq1_ic50_24h_48.png,/work/users/b/e/behnamie/ecDNA_Data/bioimage_archive/gt_image/ncih2170_jc_jq1_ic50_24h_48.tif
ncih2170_jc_jq1_ic50_24h_50,NCI-H2170,test,test,True,False,False,True,1,rgb/ncih2170_jc_jq1_ic50_24h_50.tif,dapi/ncih2170_jc_jq1_ic50_24h_50.tif,roi_mask/ncih2170_jc_jq1_ic50_24h_50.png,gt_image/ncih2170_jc_jq1_ic50_24h_50.tif,,72,75,True,True,True,True,ncih2170_jc_jq1_ic50_24h_50.tif,ncih2170_jc_jq1_ic50_24h_50.tif,ncih2170_jc_jq1_ic50_24h_50.png,ncih2170_jc_jq1_ic50_24h_50.tif,,/work/users/b/e/behnamie/ecDNA_Data/bioimage_archive/rgb/ncih2170_jc_jq1_ic50_24h_50.tif,/work/users/b/e/behnamie/ecDNA_Data/bioimage_archive/dapi/ncih2170_jc_jq1_ic50_24h_50.tif,/work/users/b/e/behnamie/ecDNA_Data/bioimage_archive/roi_mask/ncih2170_jc_jq1_ic50_24h_50.png,/work/users/b/e/behnamie/ecDNA_Data/bioimage_archive/gt_image/ncih2170_jc_jq1_ic50_24h_50.tif
ncih2170_jc_jq1_ic50_24h_7,NCI-H2170,test,test,True,False,False,True,1,rgb/ncih2170_jc_jq1_ic50_24h_7.tif,dapi/ncih2170_jc_jq1_ic50_24h_7.tif,roi_mask/ncih2170_jc_jq1_ic50_24h_7.png,gt_image/ncih2170_jc_jq1_ic50_24h_7.tif,,328,331,True,True,True,True,ncih2170_jc_jq1_ic50_24h_7.tif,ncih2170_jc_jq1_ic50_24h_7.tif,ncih2170_jc_jq1_ic50_24h_7.png,ncih2170_jc_jq1_ic50_24h_7.tif,,/work/users/b/e/behnamie/ecDNA_Data/bioimage_archive/rgb/ncih2170_jc_jq1_ic50_24h_7.tif,/work/users/b/e/behnamie/ecDNA_Data/bioimage_archive/dapi/ncih2170_jc_jq1_ic50_24h_7.tif,/work/users/b/e/behnamie/ecDNA_Data/bioimage_archive/roi_mask/ncih2170_jc_jq1_ic50_24h_7.png,/work/users/b/e/behnamie/ecDNA_Data/bioimage_archive/gt_image/ncih2170_jc_jq1_ic50_24h_7.tif
ncih2170_jc_jq1_ic50_24h_84,NCI-H2170,test,test,True,False,False,True,1,rgb/ncih2170_jc_jq1_ic50_24h_84.tif,dapi/ncih2170_jc_jq1_ic50_24h_84.tif,roi_mask/ncih2170_jc_jq1_ic50_24h_84.png,gt_image/ncih2170_jc_jq1_ic50_24h_84.tif,,64,65,True,True,True,True,ncih2170_jc_jq1_ic50_24h_84.tif,ncih2170_jc_jq1_ic50_24h_84.tif,ncih2170_jc_jq1_ic50_24h_84.png,ncih2170_jc_jq1_ic50_24h_84.tif,,/work/users/b/e/behnamie/ecDNA_Data/bioimage_archive/rgb/ncih2170_jc_jq1_ic50_24h_84.tif,/work/users/b/e/behnamie/ecDNA_Data/bioimage_archive/dapi/ncih2170_jc_jq1_ic50_24h_84.tif,/work/users/b/e/behnamie/ecDNA_Data/bioimage_archive/roi_mask/ncih2170_jc_jq1_ic50_24h_84.png,/work/users/b/e/behnamie/ecDNA_Data/bioimage_archive/gt_image/ncih2170_jc_jq1_ic50_24h_84.tif
ncih2170_jc_jq1_ic50_24h_86,NCI-H2170,test,test,True,False,False,True,1,rgb/ncih2170_jc_jq1_ic50_24h_86.tif,dapi/ncih2170_jc_jq1_ic50_24h_86.tif,roi_mask/ncih2170_jc_jq1_ic50_24h_86.png,gt_image/ncih2170_jc_jq1_ic50_24h_86.tif,,193,196,True,True,True,True,ncih2170_jc_jq1_ic50_24h_86.tif,ncih2170_jc_jq1_ic50_24h_86.tif,ncih2170_jc_jq1_ic50_24h_86.png,ncih2170_jc_jq1_ic50_24h_86.tif,,/work/users/b/e/behnamie/ecDNA_Data/bioimage_archive/rgb/ncih2170_jc_jq1_ic50_24h_86.tif,/work/users/b/e/behnamie/ecDNA_Data/bioimage_archive/dapi/ncih2170_jc_jq1_ic50_24h_86.tif,/work/users/b/e/behnamie/ecDNA_Data/bioimage_archive/roi_mask/ncih2170_jc_jq1_ic50_24h_86.png,/work/users/b/e/behnamie/ecDNA_Data/bioimage_archive/gt_image/ncih2170_jc_jq1_ic50_24h_86.tif
ncih2170_jc_jq1_ic50_24h_98,NCI-H2170,test,test,True,False,False,True,1,rgb/ncih2170_jc_jq1_ic50_24h_98.tif,dapi/ncih2170_jc_jq1_ic50_24h_98.tif,roi_mask/ncih2170_jc_jq1_ic50_24h_98.png,gt_image/ncih2170_jc_jq1_ic50_24h_98.tif,,97,103,True,True,True,True,ncih2170_jc_jq1_ic50_24h_98.tif,ncih2170_jc_jq1_ic50_24h_98.tif,ncih2170_jc_jq1_ic50_24h_98.png,ncih2170_jc_jq1_ic50_24h_98.tif,,/work/users/b/e/behnamie/ecDNA_Data/bioimage_archive/rgb/ncih2170_jc_jq1_ic50_24h_98.tif,/work/users/b/e/behnamie/ecDNA_Data/bioimage_archive/dapi/ncih2170_jc_jq1_ic50_24h_98.tif,/work/users/b/e/behnamie/ecDNA_Data/bioimage_archive/roi_mask/ncih2170_jc_jq1_ic50_24h_98.png,/work/users/b/e/behnamie/ecDNA_Data/bioimage_archive/gt_image/ncih2170_jc_jq1_ic50_24h_98.tif
ncih2170_jc_lap_ic50_24h_11,NCI-H2170,test,test,True,False,False,True,1,rgb/ncih2170_jc_lap_ic50_24h_11.tif,dapi/ncih2170_jc_lap_ic50_24h_11.tif,roi_mask/ncih2170_jc_lap_ic50_24h_11.png,gt_image/ncih2170_jc_lap_ic50_24h_11.tif,,89,91,True,True,True,True,ncih2170_jc_lap_ic50_24h_11.tif,ncih2170_jc_lap_ic50_24h_11.tif,ncih2170_jc_lap_ic50_24h_11.png,ncih2170_jc_lap_ic50_24h_11.tif,,/work/users/b/e/behnamie/ecDNA_Data/bioimage_archive/rgb/ncih2170_jc_lap_ic50_24h_11.tif,/work/users/b/e/behnamie/ecDNA_Data/bioimage_archive/dapi/ncih2170_jc_lap_ic50_24h_11.tif,/work/users/b/e/behnamie/ecDNA_Data/bioimage_archive/roi_mask/ncih2170_jc_lap_ic50_24h_11.png,/work/users/b/e/behnamie/ecDNA_Data/bioimage_archive/gt_image/ncih2170_jc_lap_ic50_24h_11.tif
ncih2170_jc_lap_ic50_24h_12,NCI-H2170,test,test,True,False,False,True,1,rgb/ncih2170_jc_lap_ic50_24h_12.tif,dapi/ncih2170_jc_lap_ic50_24h_12.tif,roi_mask/ncih2170_jc_lap_ic50_24h_12.png,gt_image/ncih2170_jc_lap_ic50_24h_12.tif,,445,456,True,True,True,True,ncih2170_jc_lap_ic50_24h_12.tif,ncih2170_jc_lap_ic50_24h_12.tif,ncih2170_jc_lap_ic50_24h_12.png,ncih2170_jc_lap_ic50_24h_12.tif,,/work/users/b/e/behnamie/ecDNA_Data/bioimage_archive/rgb/ncih2170_jc_lap_ic50_24h_12.tif,/work/users/b/e/behnamie/ecDNA_Data/bioimage_archive/dapi/ncih2170_jc_lap_ic50_24h_12.tif,/work/users/b/e/behnamie/ecDNA_Data/bioimage_archive/roi_mask/ncih2170_jc_lap_ic50_24h_12.png,/work/users/b/e/behnamie/ecDNA_Data/bioimage_archive/gt_image/ncih2170_jc_lap_ic50_24h_12.tif
ncih2170_jc_lap_ic50_24h_15,NCI-H2170,test,test,True,False,False,True,1,rgb/ncih2170_jc_lap_ic50_24h_15.tif,dapi/ncih2170_jc_lap_ic50_24h_15.tif,roi_mask/ncih2170_jc_lap_ic50_24h_15.png,gt_image/ncih2170_jc_lap_ic50_24h_15.tif,,84,88,True,True,True,True,ncih2170_jc_lap_ic50_24h_15.tif,ncih2170_jc_lap_ic50_24h_15.tif,ncih2170_jc_lap_ic50_24h_15.png,ncih2170_jc_lap_ic50_24h_15.tif,,/work/users/b/e/behnamie/ecDNA_Data/bioimage_archive/rgb/ncih2170_jc_lap_ic50_24h_15.tif,/work/users/b/e/behnamie/ecDNA_Data/bioimage_archive/dapi/ncih2170_jc_lap_ic50_24h_15.tif,/work/users/b/e/behnamie/ecDNA_Data/bioimage_archive/roi_mask/ncih2170_jc_lap_ic50_24h_15.png,/work/users/b/e/behnamie/ecDNA_Data/bioimage_archive/gt_image/ncih2170_jc_lap_ic50_24h_15.tif
ncih2170_jc_lap_ic50_24h_18,NCI-H2170,test,test,True,False,False,True,1,rgb/ncih2170_jc_lap_ic50_24h_18.tif,dapi/ncih2170_jc_lap_ic50_24h_18.tif,roi_mask/ncih2170_jc_lap_ic50_24h_18.png,gt_image/ncih2170_jc_lap_ic50_24h_18.tif,,107,109,True,True,True,True,ncih2170_jc_lap_ic50_24h_18.tif,ncih2170_jc_lap_ic50_24h_18.tif,ncih2170_jc_lap_ic50_24h_18.png,ncih2170_jc_lap_ic50_24h_18.tif,,/work/users/b/e/behnamie/ecDNA_Data/bioimage_archive/rgb/ncih2170_jc_lap_ic50_24h_18.tif,/work/users/b/e/behnamie/ecDNA_Data/bioimage_archive/dapi/ncih2170_jc_lap_ic50_24h_18.tif,/work/users/b/e/behnamie/ecDNA_Data/bioimage_archive/roi_mask/ncih2170_jc_lap_ic50_24h_18.png,/work/users/b/e/behnamie/ecDNA_Data/bioimage_archive/gt_image/ncih2170_jc_lap_ic50_24h_18.tif
ncih2170_jc_lap_ic50_24h_35,NCI-H2170,test,test,True,False,False,True,1,rgb/ncih2170_jc_lap_ic50_24h_35.tif,dapi/ncih2170_jc_lap_ic50_24h_35.tif,roi_mask/ncih2170_jc_lap_ic50_24h_35.png,gt_image/ncih2170_jc_lap_ic50_24h_35.tif,,135,138,True,True,True,True,ncih2170_jc_lap_ic50_24h_35.tif,ncih2170_jc_lap_ic50_24h_35.tif,ncih2170_jc_lap_ic50_24h_35.png,ncih2170_jc_lap_ic50_24h_35.tif,,/work/users/b/e/behnamie/ecDNA_Data/bioimage_archive/rgb/ncih2170_jc_lap_ic50_24h_35.tif,/work/users/b/e/behnamie/ecDNA_Data/bioimage_archive/dapi/ncih2170_jc_lap_ic50_24h_35.tif,/work/users/b/e/behnamie/ecDNA_Data/bioimage_archive/roi_mask/ncih2170_jc_lap_ic50_24h_35.png,/work/users/b/e/behnamie/ecDNA_Data/bioimage_archive/gt_image/ncih2170_jc_lap_ic50_24h_35.tif
ncih2170_jc_lap_ic50_24h_46,NCI-H2170,test,test,True,False,False,True,1,rgb/ncih2170_jc_lap_ic50_24h_46.tif,dapi/ncih2170_jc_lap_ic50_24h_46.tif,roi_mask/ncih2170_jc_lap_ic50_24h_46.png,gt_image/ncih2170_jc_lap_ic50_24h_46.tif,,151,151,True,True,True,True,ncih2170_jc_lap_ic50_24h_46.tif,ncih2170_jc_lap_ic50_24h_46.tif,ncih2170_jc_lap_ic50_24h_46.png,ncih2170_jc_lap_ic50_24h_46.tif,,/work/users/b/e/behnamie/ecDNA_Data/bioimage_archive/rgb/ncih2170_jc_lap_ic50_24h_46.tif,/work/users/b/e/behnamie/ecDNA_Data/bioimage_archive/dapi/ncih2170_jc_lap_ic50_24h_46.tif,/work/users/b/e/behnamie/ecDNA_Data/bioimage_archive/roi_mask/ncih2170_jc_lap_ic50_24h_46.png,/work/users/b/e/behnamie/ecDNA_Data/bioimage_archive/gt_image/ncih2170_jc_lap_ic50_24h_46.tif
ncih2170_jc_lap_ic50_24h_47,NCI-H2170,test,test,True,False,False,True,1,rgb/ncih2170_jc_lap_ic50_24h_47.tif,dapi/ncih2170_jc_lap_ic50_24h_47.tif,roi_mask/ncih2170_jc_lap_ic50_24h_47.png,gt_image/ncih2170_jc_lap_ic50_24h_47.tif,,175,179,True,True,True,True,ncih2170_jc_lap_ic50_24h_47.tif,ncih2170_jc_lap_ic50_24h_47.tif,ncih2170_jc_lap_ic50_24h_47.png,ncih2170_jc_lap_ic50_24h_47.tif,,/work/users/b/e/behnamie/ecDNA_Data/bioimage_archive/rgb/ncih2170_jc_lap_ic50_24h_47.tif,/work/users/b/e/behnamie/ecDNA_Data/bioimage_archive/dapi/ncih2170_jc_lap_ic50_24h_47.tif,/work/users/b/e/behnamie/ecDNA_Data/bioimage_archive/roi_mask/ncih2170_jc_lap_ic50_24h_47.png,/work/users/b/e/behnamie/ecDNA_Data/bioimage_archive/gt_image/ncih2170_jc_lap_ic50_24h_47.tif
ncih2170_jc_lap_ic50_24h_55,NCI-H2170,test,test,True,False,False,True,1,rgb/ncih2170_jc_lap_ic50_24h_55.tif,dapi/ncih2170_jc_lap_ic50_24h_55.tif,roi_mask/ncih2170_jc_lap_ic50_24h_55.png,gt_image/ncih2170_jc_lap_ic50_24h_55.tif,,55,55,True,True,True,True,ncih2170_jc_lap_ic50_24h_55.tif,ncih2170_jc_lap_ic50_24h_55.tif,ncih2170_jc_lap_ic50_24h_55.png,ncih2170_jc_lap_ic50_24h_55.tif,,/work/users/b/e/behnamie/ecDNA_Data/bioimage_archive/rgb/ncih2170_jc_lap_ic50_24h_55.tif,/work/users/b/e/behnamie/ecDNA_Data/bioimage_archive/dapi/ncih2170_jc_lap_ic50_24h_55.tif,/work/users/b/e/behnamie/ecDNA_Data/bioimage_archive/roi_mask/ncih2170_jc_lap_ic50_24h_55.png,/work/users/b/e/behnamie/ecDNA_Data/bioimage_archive/gt_image/ncih2170_jc_lap_ic50_24h_55.tif
ncih2170_jc_lap_ic50_24h_65,NCI-H2170,test,test,True,False,False,True,1,rgb/ncih2170_jc_lap_ic50_24h_65.tif,dapi/ncih2170_jc_lap_ic50_24h_65.tif,roi_mask/ncih2170_jc_lap_ic50_24h_65.png,gt_image/ncih2170_jc_lap_ic50_24h_65.tif,,318,322,True,True,True,True,ncih2170_jc_lap_ic50_24h_65.tif,ncih2170_jc_lap_ic50_24h_65.tif,ncih2170_jc_lap_ic50_24h_65.png,ncih2170_jc_lap_ic50_24h_65.tif,,/work/users/b/e/behnamie/ecDNA_Data/bioimage_archive/rgb/ncih2170_jc_lap_ic50_24h_65.tif,/work/users/b/e/behnamie/ecDNA_Data/bioimage_archive/dapi/ncih2170_jc_lap_ic50_24h_65.tif,/work/users/b/e/behnamie/ecDNA_Data/bioimage_archive/roi_mask/ncih2170_jc_lap_ic50_24h_65.png,/work/users/b/e/behnamie/ecDNA_Data/bioimage_archive/gt_image/ncih2170_jc_lap_ic50_24h_65.tif
ncih2170_jc_ner_ic50_24h_1,NCI-H2170,test,test,True,False,False,True,1,rgb/ncih2170_jc_ner_ic50_24h_1.tif,dapi/ncih2170_jc_ner_ic50_24h_1.tif,roi_mask/ncih2170_jc_ner_ic50_24h_1.png,gt_image/ncih2170_jc_ner_ic50_24h_1.tif,,61,63,True,True,True,True,ncih2170_jc_ner_ic50_24h_1.tif,ncih2170_jc_ner_ic50_24h_1.tif,ncih2170_jc_ner_ic50_24h_1.png,ncih2170_jc_ner_ic50_24h_1.tif,,/work/users/b/e/behnamie/ecDNA_Data/bioimage_archive/rgb/ncih2170_jc_ner_ic50_24h_1.tif,/work/users/b/e/behnamie/ecDNA_Data/bioimage_archive/dapi/ncih2170_jc_ner_ic50_24h_1.tif,/work/users/b/e/behnamie/ecDNA_Data/bioimage_archive/roi_mask/ncih2170_jc_ner_ic50_24h_1.png,/work/users/b/e/behnamie/ecDNA_Data/bioimage_archive/gt_image/ncih2170_jc_ner_ic50_24h_1.tif
ncih2170_jc_ner_ic50_24h_50,NCI-H2170,test,test,True,False,False,True,1,rgb/ncih2170_jc_ner_ic50_24h_50.tif,dapi/ncih2170_jc_ner_ic50_24h_50.tif,roi_mask/ncih2170_jc_ner_ic50_24h_50.png,gt_image/ncih2170_jc_ner_ic50_24h_50.tif,,105,105,True,True,True,True,ncih2170_jc_ner_ic50_24h_50.tif,ncih2170_jc_ner_ic50_24h_50.tif,ncih2170_jc_ner_ic50_24h_50.png,ncih2170_jc_ner_ic50_24h_50.tif,,/work/users/b/e/behnamie/ecDNA_Data/bioimage_archive/rgb/ncih2170_jc_ner_ic50_24h_50.tif,/work/users/b/e/behnamie/ecDNA_Data/bioimage_archive/dapi/ncih2170_jc_ner_ic50_24h_50.tif,/work/users/b/e/behnamie/ecDNA_Data/bioimage_archive/roi_mask/ncih2170_jc_ner_ic50_24h_50.png,/work/users/b/e/behnamie/ecDNA_Data/bioimage_archive/gt_image/ncih2170_jc_ner_ic50_24h_50.tif
ncih2170_jc_ner_ic50_24h_54,NCI-H2170,test,test,True,False,False,True,1,rgb/ncih2170_jc_ner_ic50_24h_54.tif,dapi/ncih2170_jc_ner_ic50_24h_54.tif,roi_mask/ncih2170_jc_ner_ic50_24h_54.png,gt_image/ncih2170_jc_ner_ic50_24h_54.tif,,86,86,True,True,True,True,ncih2170_jc_ner_ic50_24h_54.tif,ncih2170_jc_ner_ic50_24h_54.tif,ncih2170_jc_ner_ic50_24h_54.png,ncih2170_jc_ner_ic50_24h_54.tif,,/work/users/b/e/behnamie/ecDNA_Data/bioimage_archive/rgb/ncih2170_jc_ner_ic50_24h_54.tif,/work/users/b/e/behnamie/ecDNA_Data/bioimage_archive/dapi/ncih2170_jc_ner_ic50_24h_54.tif,/work/users/b/e/behnamie/ecDNA_Data/bioimage_archive/roi_mask/ncih2170_jc_ner_ic50_24h_54.png,/work/users/b/e/behnamie/ecDNA_Data/bioimage_archive/gt_image/ncih2170_jc_ner_ic50_24h_54.tif
ncih2170_post_facs_fish_high_her2_g3_28,NCI-H2170,test,test,True,False,False,True,1,rgb/ncih2170_post_facs_fish_high_her2_g3_28.tif,dapi/ncih2170_post_facs_fish_high_her2_g3_28.tif,roi_mask/ncih2170_post_facs_fish_high_her2_g3_28.png,gt_image/ncih2170_post_facs_fish_high_her2_g3_28.tif,,89,89,True,True,True,True,ncih2170_post_facs_fish_high_her2_g3_28.tif,ncih2170_post_facs_fish_high_her2_g3_28.tif,ncih2170_post_facs_fish_high_her2_g3_28.png,ncih2170_post_facs_fish_high_her2_g3_28.tif,,/work/users/b/e/behnamie/ecDNA_Data/bioimage_archive/rgb/ncih2170_post_facs_fish_high_her2_g3_28.tif,/work/users/b/e/behnamie/ecDNA_Data/bioimage_archive/dapi/ncih2170_post_facs_fish_high_her2_g3_28.tif,/work/users/b/e/behnamie/ecDNA_Data/bioimage_archive/roi_mask/ncih2170_post_facs_fish_high_her2_g3_28.png,/work/users/b/e/behnamie/ecDNA_Data/bioimage_archive/gt_image/ncih2170_post_facs_fish_high_her2_g3_28.tif
ncih2170_post_facs_fish_low_her2_g3_1,NCI-H2170,test,test,True,False,False,True,1,rgb/ncih2170_post_facs_fish_low_her2_g3_1.tif,dapi/ncih2170_post_facs_fish_low_her2_g3_1.tif,roi_mask/ncih2170_post_facs_fish_low_her2_g3_1.png,gt_image/ncih2170_post_facs_fish_low_her2_g3_1.tif,,170,170,True,True,True,True,ncih2170_post_facs_fish_low_her2_g3_1.tif,ncih2170_post_facs_fish_low_her2_g3_1.tif,ncih2170_post_facs_fish_low_her2_g3_1.png,ncih2170_post_facs_fish_low_her2_g3_1.tif,,/work/users/b/e/behnamie/ecDNA_Data/bioimage_archive/rgb/ncih2170_post_facs_fish_low_her2_g3_1.tif,/work/users/b/e/behnamie/ecDNA_Data/bioimage_archive/dapi/ncih2170_post_facs_fish_low_her2_g3_1.tif,/work/users/b/e/behnamie/ecDNA_Data/bioimage_archive/roi_mask/ncih2170_post_facs_fish_low_her2_g3_1.png,/work/users/b/e/behnamie/ecDNA_Data/bioimage_archive/gt_image/ncih2170_post_facs_fish_low_her2_g3_1.tif
ncih716_jc_alo_8nm_24h_11,NCI-H716,test,test,True,False,False,True,1,rgb/ncih716_jc_alo_8nm_24h_11.tif,dapi/ncih716_jc_alo_8nm_24h_11.tif,roi_mask/ncih716_jc_alo_8nm_24h_11.png,gt_image/ncih716_jc_alo_8nm_24h_11.tif,,210,210,True,True,True,True,ncih716_jc_alo_8nm_24h_11.tif,ncih716_jc_alo_8nm_24h_11.tif,ncih716_jc_alo_8nm_24h_11.png,ncih716_jc_alo_8nm_24h_11.tif,,/work/users/b/e/behnamie/ecDNA_Data/bioimage_archive/rgb/ncih716_jc_alo_8nm_24h_11.tif,/work/users/b/e/behnamie/ecDNA_Data/bioimage_archive/dapi/ncih716_jc_alo_8nm_24h_11.tif,/work/users/b/e/behnamie/ecDNA_Data/bioimage_archive/roi_mask/ncih716_jc_alo_8nm_24h_11.png,/work/users/b/e/behnamie/ecDNA_Data/bioimage_archive/gt_image/ncih716_jc_alo_8nm_24h_11.tif
ncih716_jc_alo_8nm_24h_13,NCI-H716,test,test,True,False,False,True,1,rgb/ncih716_jc_alo_8nm_24h_13.tif,dapi/ncih716_jc_alo_8nm_24h_13.tif,roi_mask/ncih716_jc_alo_8nm_24h_13.png,gt_image/ncih716_jc_alo_8nm_24h_13.tif,,163,163,True,True,True,True,ncih716_jc_alo_8nm_24h_13.tif,ncih716_jc_alo_8nm_24h_13.tif,ncih716_jc_alo_8nm_24h_13.png,ncih716_jc_alo_8nm_24h_13.tif,,/work/users/b/e/behnamie/ecDNA_Data/bioimage_archive/rgb/ncih716_jc_alo_8nm_24h_13.tif,/work/users/b/e/behnamie/ecDNA_Data/bioimage_archive/dapi/ncih716_jc_alo_8nm_24h_13.tif,/work/users/b/e/behnamie/ecDNA_Data/bioimage_archive/roi_mask/ncih716_jc_alo_8nm_24h_13.png,/work/users/b/e/behnamie/ecDNA_Data/bioimage_archive/gt_image/ncih716_jc_alo_8nm_24h_13.tif
ncih716_jc_ctrl_1_23,NCI-H716,test,test,True,False,False,True,1,rgb/ncih716_jc_ctrl_1_23.tif,dapi/ncih716_jc_ctrl_1_23.tif,roi_mask/ncih716_jc_ctrl_1_23.png,gt_image/ncih716_jc_ctrl_1_23.tif,,185,185,True,True,True,True,ncih716_jc_ctrl_1_23.tif,ncih716_jc_ctrl_1_23.tif,ncih716_jc_ctrl_1_23.png,ncih716_jc_ctrl_1_23.tif,,/work/users/b/e/behnamie/ecDNA_Data/bioimage_archive/rgb/ncih716_jc_ctrl_1_23.tif,/work/users/b/e/behnamie/ecDNA_Data/bioimage_archive/dapi/ncih716_jc_ctrl_1_23.tif,/work/users/b/e/behnamie/ecDNA_Data/bioimage_archive/roi_mask/ncih716_jc_ctrl_1_23.png,/work/users/b/e/behnamie/ecDNA_Data/bioimage_archive/gt_image/ncih716_jc_ctrl_1_23.tif
ncih716_jc_ctrl_1_45,NCI-H716,test,test,True,False,False,True,1,rgb/ncih716_jc_ctrl_1_45.tif,dapi/ncih716_jc_ctrl_1_45.tif,roi_mask/ncih716_jc_ctrl_1_45.png,gt_image/ncih716_jc_ctrl_1_45.tif,,101,101,True,True,True,True,ncih716_jc_ctrl_1_45.tif,ncih716_jc_ctrl_1_45.tif,ncih716_jc_ctrl_1_45.png,ncih716_jc_ctrl_1_45.tif,,/work/users/b/e/behnamie/ecDNA_Data/bioimage_archive/rgb/ncih716_jc_ctrl_1_45.tif,/work/users/b/e/behnamie/ecDNA_Data/bioimage_archive/dapi/ncih716_jc_ctrl_1_45.tif,/work/users/b/e/behnamie/ecDNA_Data/bioimage_archive/roi_mask/ncih716_jc_ctrl_1_45.png,/work/users/b/e/behnamie/ecDNA_Data/bioimage_archive/gt_image/ncih716_jc_ctrl_1_45.tif
ncih716_jc_ctrl_1_66,NCI-H716,test,test,True,False,False,True,1,rgb/ncih716_jc_ctrl_1_66.tif,dapi/ncih716_jc_ctrl_1_66.tif,roi_mask/ncih716_jc_ctrl_1_66.png,gt_image/ncih716_jc_ctrl_1_66.tif,,236,236,True,True,True,True,ncih716_jc_ctrl_1_66.tif,ncih716_jc_ctrl_1_66.tif,ncih716_jc_ctrl_1_66.png,ncih716_jc_ctrl_1_66.tif,,/work/users/b/e/behnamie/ecDNA_Data/bioimage_archive/rgb/ncih716_jc_ctrl_1_66.tif,/work/users/b/e/behnamie/ecDNA_Data/bioimage_archive/dapi/ncih716_jc_ctrl_1_66.tif,/work/users/b/e/behnamie/ecDNA_Data/bioimage_archive/roi_mask/ncih716_jc_ctrl_1_66.png,/work/users/b/e/behnamie/ecDNA_Data/bioimage_archive/gt_image/ncih716_jc_ctrl_1_66.tif
ncih716_jc_ctrl_1_72,NCI-H716,test,test,True,False,False,True,1,rgb/ncih716_jc_ctrl_1_72.tif,dapi/ncih716_jc_ctrl_1_72.tif,roi_mask/ncih716_jc_ctrl_1_72.png,gt_image/ncih716_jc_ctrl_1_72.tif,,150,151,True,True,True,True,ncih716_jc_ctrl_1_72.tif,ncih716_jc_ctrl_1_72.tif,ncih716_jc_ctrl_1_72.png,ncih716_jc_ctrl_1_72.tif,,/work/users/b/e/behnamie/ecDNA_Data/bioimage_archive/rgb/ncih716_jc_ctrl_1_72.tif,/work/users/b/e/behnamie/ecDNA_Data/bioimage_archive/dapi/ncih716_jc_ctrl_1_72.tif,/work/users/b/e/behnamie/ecDNA_Data/bioimage_archive/roi_mask/ncih716_jc_ctrl_1_72.png,/work/users/b/e/behnamie/ecDNA_Data/bioimage_archive/gt_image/ncih716_jc_ctrl_1_72.tif
ncih716_jc_ctrl_2_11,NCI-H716,test,test,True,False,False,True,1,rgb/ncih716_jc_ctrl_2_11.tif,dapi/ncih716_jc_ctrl_2_11.tif,roi_mask/ncih716_jc_ctrl_2_11.png,gt_image/ncih716_jc_ctrl_2_11.tif,,139,139,True,True,True,True,ncih716_jc_ctrl_2_11.tif,ncih716_jc_ctrl_2_11.tif,ncih716_jc_ctrl_2_11.png,ncih716_jc_ctrl_2_11.tif,,/work/users/b/e/behnamie/ecDNA_Data/bioimage_archive/rgb/ncih716_jc_ctrl_2_11.tif,/work/users/b/e/behnamie/ecDNA_Data/bioimage_archive/dapi/ncih716_jc_ctrl_2_11.tif,/work/users/b/e/behnamie/ecDNA_Data/bioimage_archive/roi_mask/ncih716_jc_ctrl_2_11.png,/work/users/b/e/behnamie/ecDNA_Data/bioimage_archive/gt_image/ncih716_jc_ctrl_2_11.tif
ncih716_jc_ctrl_2_25,NCI-H716,test,test,True,False,False,True,1,rgb/ncih716_jc_ctrl_2_25.tif,dapi/ncih716_jc_ctrl_2_25.tif,roi_mask/ncih716_jc_ctrl_2_25.png,gt_image/ncih716_jc_ctrl_2_25.tif,,171,176,True,True,True,True,ncih716_jc_ctrl_2_25.tif,ncih716_jc_ctrl_2_25.tif,ncih716_jc_ctrl_2_25.png,ncih716_jc_ctrl_2_25.tif,,/work/users/b/e/behnamie/ecDNA_Data/bioimage_archive/rgb/ncih716_jc_ctrl_2_25.tif,/work/users/b/e/behnamie/ecDNA_Data/bioimage_archive/dapi/ncih716_jc_ctrl_2_25.tif,/work/users/b/e/behnamie/ecDNA_Data/bioimage_archive/roi_mask/ncih716_jc_ctrl_2_25.png,/work/users/b/e/behnamie/ecDNA_Data/bioimage_archive/gt_image/ncih716_jc_ctrl_2_25.tif
ncih716_jc_ctrl_2_30,NCI-H716,test,test,True,False,False,True,1,rgb/ncih716_jc_ctrl_2_30.tif,dapi/ncih716_jc_ctrl_2_30.tif,roi_mask/ncih716_jc_ctrl_2_30.png,gt_image/ncih716_jc_ctrl_2_30.tif,,71,71,True,True,True,True,ncih716_jc_ctrl_2_30.tif,ncih716_jc_ctrl_2_30.tif,ncih716_jc_ctrl_2_30.png,ncih716_jc_ctrl_2_30.tif,,/work/users/b/e/behnamie/ecDNA_Data/bioimage_archive/rgb/ncih716_jc_ctrl_2_30.tif,/work/users/b/e/behnamie/ecDNA_Data/bioimage_archive/dapi/ncih716_jc_ctrl_2_30.tif,/work/users/b/e/behnamie/ecDNA_Data/bioimage_archive/roi_mask/ncih716_jc_ctrl_2_30.png,/work/users/b/e/behnamie/ecDNA_Data/bioimage_archive/gt_image/ncih716_jc_ctrl_2_30.tif
ncih716_jc_ctrl_2_58,NCI-H716,test,test,True,False,False,True,1,rgb/ncih716_jc_ctrl_2_58.tif,dapi/ncih716_jc_ctrl_2_58.tif,roi_mask/ncih716_jc_ctrl_2_58.png,gt_image/ncih716_jc_ctrl_2_58.tif,,166,166,True,True,True,True,ncih716_jc_ctrl_2_58.tif,ncih716_jc_ctrl_2_58.tif,ncih716_jc_ctrl_2_58.png,ncih716_jc_ctrl_2_58.tif,,/work/users/b/e/behnamie/ecDNA_Data/bioimage_archive/rgb/ncih716_jc_ctrl_2_58.tif,/work/users/b/e/behnamie/ecDNA_Data/bioimage_archive/dapi/ncih716_jc_ctrl_2_58.tif,/work/users/b/e/behnamie/ecDNA_Data/bioimage_archive/roi_mask/ncih716_jc_ctrl_2_58.png,/work/users/b/e/behnamie/ecDNA_Data/bioimage_archive/gt_image/ncih716_jc_ctrl_2_58.tif
ncih716_jc_ctrl_2_8,NCI-H716,test,test,True,False,False,True,1,rgb/ncih716_jc_ctrl_2_8.tif,dapi/ncih716_jc_ctrl_2_8.tif,roi_mask/ncih716_jc_ctrl_2_8.png,gt_image/ncih716_jc_ctrl_2_8.tif,,110,110,True,True,True,True,ncih716_jc_ctrl_2_8.tif,ncih716_jc_ctrl_2_8.tif,ncih716_jc_ctrl_2_8.png,ncih716_jc_ctrl_2_8.tif,,/work/users/b/e/behnamie/ecDNA_Data/bioimage_archive/rgb/ncih716_jc_ctrl_2_8.tif,/work/users/b/e/behnamie/ecDNA_Data/bioimage_archive/dapi/ncih716_jc_ctrl_2_8.tif,/work/users/b/e/behnamie/ecDNA_Data/bioimage_archive/roi_mask/ncih716_jc_ctrl_2_8.png,/work/users/b/e/behnamie/ecDNA_Data/bioimage_archive/gt_image/ncih716_jc_ctrl_2_8.tif
snu16_jc_ctrl_114,SNU16,test,test,True,False,False,True,1,rgb/snu16_jc_ctrl_114.tif,dapi/snu16_jc_ctrl_114.tif,roi_mask/snu16_jc_ctrl_114.png,gt_image/snu16_jc_ctrl_114.tif,,670,672,True,True,True,True,snu16_jc_ctrl_114.tif,snu16_jc_ctrl_114.tif,snu16_jc_ctrl_114.png,snu16_jc_ctrl_114.tif,,/work/users/b/e/behnamie/ecDNA_Data/bioimage_archive/rgb/snu16_jc_ctrl_114.tif,/work/users/b/e/behnamie/ecDNA_Data/bioimage_archive/dapi/snu16_jc_ctrl_114.tif,/work/users/b/e/behnamie/ecDNA_Data/bioimage_archive/roi_mask/snu16_jc_ctrl_114.png,/work/users/b/e/behnamie/ecDNA_Data/bioimage_archive/gt_image/snu16_jc_ctrl_114.tif
snu16_jc_ctrl_124,SNU16,test,test,True,False,False,True,1,rgb/snu16_jc_ctrl_124.tif,dapi/snu16_jc_ctrl_124.tif,roi_mask/snu16_jc_ctrl_124.png,gt_image/snu16_jc_ctrl_124.tif,,191,193,True,True,True,True,snu16_jc_ctrl_124.tif,snu16_jc_ctrl_124.tif,snu16_jc_ctrl_124.png,snu16_jc_ctrl_124.tif,,/work/users/b/e/behnamie/ecDNA_Data/bioimage_archive/rgb/snu16_jc_ctrl_124.tif,/work/users/b/e/behnamie/ecDNA_Data/bioimage_archive/dapi/snu16_jc_ctrl_124.tif,/work/users/b/e/behnamie/ecDNA_Data/bioimage_archive/roi_mask/snu16_jc_ctrl_124.png,/work/users/b/e/behnamie/ecDNA_Data/bioimage_archive/gt_image/snu16_jc_ctrl_124.tif
snu16_jc_ctrl_35,SNU16,test,test,True,False,False,True,1,rgb/snu16_jc_ctrl_35.tif,dapi/snu16_jc_ctrl_35.tif,roi_mask/snu16_jc_ctrl_35.png,gt_image/snu16_jc_ctrl_35.tif,,324,330,True,True,True,True,snu16_jc_ctrl_35.tif,snu16_jc_ctrl_35.tif,snu16_jc_ctrl_35.png,snu16_jc_ctrl_35.tif,,/work/users/b/e/behnamie/ecDNA_Data/bioimage_archive/rgb/snu16_jc_ctrl_35.tif,/work/users/b/e/behnamie/ecDNA_Data/bioimage_archive/dapi/snu16_jc_ctrl_35.tif,/work/users/b/e/behnamie/ecDNA_Data/bioimage_archive/roi_mask/snu16_jc_ctrl_35.png,/work/users/b/e/behnamie/ecDNA_Data/bioimage_archive/gt_image/snu16_jc_ctrl_35.tif
snu16_jc_ctrl_40,SNU16,test,test,True,False,False,True,1,rgb/snu16_jc_ctrl_40.tif,dapi/snu16_jc_ctrl_40.tif,roi_mask/snu16_jc_ctrl_40.png,gt_image/snu16_jc_ctrl_40.tif,,270,271,True,True,True,True,snu16_jc_ctrl_40.tif,snu16_jc_ctrl_40.tif,snu16_jc_ctrl_40.png,snu16_jc_ctrl_40.tif,,/work/users/b/e/behnamie/ecDNA_Data/bioimage_archive/rgb/snu16_jc_ctrl_40.tif,/work/users/b/e/behnamie/ecDNA_Data/bioimage_archive/dapi/snu16_jc_ctrl_40.tif,/work/users/b/e/behnamie/ecDNA_Data/bioimage_archive/roi_mask/snu16_jc_ctrl_40.png,/work/users/b/e/behnamie/ecDNA_Data/bioimage_archive/gt_image/snu16_jc_ctrl_40.tif
snu16_jc_ctrl_45,SNU16,test,test,True,False,False,True,1,rgb/snu16_jc_ctrl_45.tif,dapi/snu16_jc_ctrl_45.tif,roi_mask/snu16_jc_ctrl_45.png,gt_image/snu16_jc_ctrl_45.tif,,125,126,True,True,True,True,snu16_jc_ctrl_45.tif,snu16_jc_ctrl_45.tif,snu16_jc_ctrl_45.png,snu16_jc_ctrl_45.tif,,/work/users/b/e/behnamie/ecDNA_Data/bioimage_archive/rgb/snu16_jc_ctrl_45.tif,/work/users/b/e/behnamie/ecDNA_Data/bioimage_archive/dapi/snu16_jc_ctrl_45.tif,/work/users/b/e/behnamie/ecDNA_Data/bioimage_archive/roi_mask/snu16_jc_ctrl_45.png,/work/users/b/e/behnamie/ecDNA_Data/bioimage_archive/gt_image/snu16_jc_ctrl_45.tif
snu16_jc_ctrl_46,SNU16,test,test,True,False,False,True,1,rgb/snu16_jc_ctrl_46.tif,dapi/snu16_jc_ctrl_46.tif,roi_mask/snu16_jc_ctrl_46.png,gt_image/snu16_jc_ctrl_46.tif,,309,319,True,True,True,True,snu16_jc_ctrl_46.tif,snu16_jc_ctrl_46.tif,snu16_jc_ctrl_46.png,snu16_jc_ctrl_46.tif,,/work/users/b/e/behnamie/ecDNA_Data/bioimage_archive/rgb/snu16_jc_ctrl_46.tif,/work/users/b/e/behnamie/ecDNA_Data/bioimage_archive/dapi/snu16_jc_ctrl_46.tif,/work/users/b/e/behnamie/ecDNA_Data/bioimage_archive/roi_mask/snu16_jc_ctrl_46.png,/work/users/b/e/behnamie/ecDNA_Data/bioimage_archive/gt_image/snu16_jc_ctrl_46.tif
snu16_jc_ctrl_50,SNU16,test,test,True,False,False,True,1,rgb/snu16_jc_ctrl_50.tif,dapi/snu16_jc_ctrl_50.tif,roi_mask/snu16_jc_ctrl_50.png,gt_image/snu16_jc_ctrl_50.tif,,158,164,True,True,True,True,snu16_jc_ctrl_50.tif,snu16_jc_ctrl_50.tif,snu16_jc_ctrl_50.png,snu16_jc_ctrl_50.tif,,/work/users/b/e/behnamie/ecDNA_Data/bioimage_archive/rgb/snu16_jc_ctrl_50.tif,/work/users/b/e/behnamie/ecDNA_Data/bioimage_archive/dapi/snu16_jc_ctrl_50.tif,/work/users/b/e/behnamie/ecDNA_Data/bioimage_archive/roi_mask/snu16_jc_ctrl_50.png,/work/users/b/e/behnamie/ecDNA_Data/bioimage_archive/gt_image/snu16_jc_ctrl_50.tif
snu16_jc_ctrl_69,SNU16,test,test,True,False,False,True,1,rgb/snu16_jc_ctrl_69.tif,dapi/snu16_jc_ctrl_69.tif,roi_mask/snu16_jc_ctrl_69.png,gt_image/snu16_jc_ctrl_69.tif,,325,325,True,True,True,True,snu16_jc_ctrl_69.tif,snu16_jc_ctrl_69.tif,snu16_jc_ctrl_69.png,snu16_jc_ctrl_69.tif,,/work/users/b/e/behnamie/ecDNA_Data/bioimage_archive/rgb/snu16_jc_ctrl_69.tif,/work/users/b/e/behnamie/ecDNA_Data/bioimage_archive/dapi/snu16_jc_ctrl_69.tif,/work/users/b/e/behnamie/ecDNA_Data/bioimage_archive/roi_mask/snu16_jc_ctrl_69.png,/work/users/b/e/behnamie/ecDNA_Data/bioimage_archive/gt_image/snu16_jc_ctrl_69.tif
snu16_jc_ctrl_70,SNU16,test,test,True,False,False,True,1,rgb/snu16_jc_ctrl_70.tif,dapi/snu16_jc_ctrl_70.tif,roi_mask/snu16_jc_ctrl_70.png,gt_image/snu16_jc_ctrl_70.tif,,238,238,True,True,True,True,snu16_jc_ctrl_70.tif,snu16_jc_ctrl_70.tif,snu16_jc_ctrl_70.png,snu16_jc_ctrl_70.tif,,/work/users/b/e/behnamie/ecDNA_Data/bioimage_archive/rgb/snu16_jc_ctrl_70.tif,/work/users/b/e/behnamie/ecDNA_Data/bioimage_archive/dapi/snu16_jc_ctrl_70.tif,/work/users/b/e/behnamie/ecDNA_Data/bioimage_archive/roi_mask/snu16_jc_ctrl_70.png,/work/users/b/e/behnamie/ecDNA_Data/bioimage_archive/gt_image/snu16_jc_ctrl_70.tif
snu16_jc_ctrl_72,SNU16,test,test,True,False,False,True,1,rgb/snu16_jc_ctrl_72.tif,dapi/snu16_jc_ctrl_72.tif,roi_mask/snu16_jc_ctrl_72.png,gt_image/snu16_jc_ctrl_72.tif,,166,166,True,True,True,True,snu16_jc_ctrl_72.tif,snu16_jc_ctrl_72.tif,snu16_jc_ctrl_72.png,snu16_jc_ctrl_72.tif,,/work/users/b/e/behnamie/ecDNA_Data/bioimage_archive/rgb/snu16_jc_ctrl_72.tif,/work/users/b/e/behnamie/ecDNA_Data/bioimage_archive/dapi/snu16_jc_ctrl_72.tif,/work/users/b/e/behnamie/ecDNA_Data/bioimage_archive/roi_mask/snu16_jc_ctrl_72.png,/work/users/b/e/behnamie/ecDNA_Data/bioimage_archive/gt_image/snu16_jc_ctrl_72.tif
snu16_jc_ctrl_83,SNU16,test,test,True,False,False,True,1,rgb/snu16_jc_ctrl_83.tif,dapi/snu16_jc_ctrl_83.tif,roi_mask/snu16_jc_ctrl_83.png,gt_image/snu16_jc_ctrl_83.tif,,140,140,True,True,True,True,snu16_jc_ctrl_83.tif,snu16_jc_ctrl_83.tif,snu16_jc_ctrl_83.png,snu16_jc_ctrl_83.tif,,/work/users/b/e/behnamie/ecDNA_Data/bioimage_archive/rgb/snu16_jc_ctrl_83.tif,/work/users/b/e/behnamie/ecDNA_Data/bioimage_archive/dapi/snu16_jc_ctrl_83.tif,/work/users/b/e/behnamie/ecDNA_Data/bioimage_archive/roi_mask/snu16_jc_ctrl_83.png,/work/users/b/e/behnamie/ecDNA_Data/bioimage_archive/gt_image/snu16_jc_ctrl_83.tif
snu16_jc_ctrl_91,SNU16,test,test,True,False,False,True,1,rgb/snu16_jc_ctrl_91.tif,dapi/snu16_jc_ctrl_91.tif,roi_mask/snu16_jc_ctrl_91.png,gt_image/snu16_jc_ctrl_91.tif,,422,425,True,True,True,True,snu16_jc_ctrl_91.tif,snu16_jc_ctrl_91.tif,snu16_jc_ctrl_91.png,snu16_jc_ctrl_91.tif,,/work/users/b/e/behnamie/ecDNA_Data/bioimage_archive/rgb/snu16_jc_ctrl_91.tif,/work/users/b/e/behnamie/ecDNA_Data/bioimage_archive/dapi/snu16_jc_ctrl_91.tif,/work/users/b/e/behnamie/ecDNA_Data/bioimage_archive/roi_mask/snu16_jc_ctrl_91.png,/work/users/b/e/behnamie/ecDNA_Data/bioimage_archive/gt_image/snu16_jc_ctrl_91.tif
snu16_jc_jq1_ic50_24h_102,SNU16,test,test,True,False,False,True,1,rgb/snu16_jc_jq1_ic50_24h_102.tif,dapi/snu16_jc_jq1_ic50_24h_102.tif,roi_mask/snu16_jc_jq1_ic50_24h_102.png,gt_image/snu16_jc_jq1_ic50_24h_102.tif,,177,177,True,True,True,True,snu16_jc_jq1_ic50_24h_102.tif,snu16_jc_jq1_ic50_24h_102.tif,snu16_jc_jq1_ic50_24h_102.png,snu16_jc_jq1_ic50_24h_102.tif,,/work/users/b/e/behnamie/ecDNA_Data/bioimage_archive/rgb/snu16_jc_jq1_ic50_24h_102.tif,/work/users/b/e/behnamie/ecDNA_Data/bioimage_archive/dapi/snu16_jc_jq1_ic50_24h_102.tif,/work/users/b/e/behnamie/ecDNA_Data/bioimage_archive/roi_mask/snu16_jc_jq1_ic50_24h_102.png,/work/users/b/e/behnamie/ecDNA_Data/bioimage_archive/gt_image/snu16_jc_jq1_ic50_24h_102.tif
snu16_jc_jq1_ic50_24h_120,SNU16,test,test,True,False,False,True,1,rgb/snu16_jc_jq1_ic50_24h_120.tif,dapi/snu16_jc_jq1_ic50_24h_120.tif,roi_mask/snu16_jc_jq1_ic50_24h_120.png,gt_image/snu16_jc_jq1_ic50_24h_120.tif,,193,193,True,True,True,True,snu16_jc_jq1_ic50_24h_120.tif,snu16_jc_jq1_ic50_24h_120.tif,snu16_jc_jq1_ic50_24h_120.png,snu16_jc_jq1_ic50_24h_120.tif,,/work/users/b/e/behnamie/ecDNA_Data/bioimage_archive/rgb/snu16_jc_jq1_ic50_24h_120.tif,/work/users/b/e/behnamie/ecDNA_Data/bioimage_archive/dapi/snu16_jc_jq1_ic50_24h_120.tif,/work/users/b/e/behnamie/ecDNA_Data/bioimage_archive/roi_mask/snu16_jc_jq1_ic50_24h_120.png,/work/users/b/e/behnamie/ecDNA_Data/bioimage_archive/gt_image/snu16_jc_jq1_ic50_24h_120.tif
snu16_jc_jq1_ic50_24h_19,SNU16,test,test,True,False,False,True,1,rgb/snu16_jc_jq1_ic50_24h_19.tif,dapi/snu16_jc_jq1_ic50_24h_19.tif,roi_mask/snu16_jc_jq1_ic50_24h_19.png,gt_image/snu16_jc_jq1_ic50_24h_19.tif,,271,278,True,True,True,True,snu16_jc_jq1_ic50_24h_19.tif,snu16_jc_jq1_ic50_24h_19.tif,snu16_jc_jq1_ic50_24h_19.png,snu16_jc_jq1_ic50_24h_19.tif,,/work/users/b/e/behnamie/ecDNA_Data/bioimage_archive/rgb/snu16_jc_jq1_ic50_24h_19.tif,/work/users/b/e/behnamie/ecDNA_Data/bioimage_archive/dapi/snu16_jc_jq1_ic50_24h_19.tif,/work/users/b/e/behnamie/ecDNA_Data/bioimage_archive/roi_mask/snu16_jc_jq1_ic50_24h_19.png,/work/users/b/e/behnamie/ecDNA_Data/bioimage_archive/gt_image/snu16_jc_jq1_ic50_24h_19.tif
snu16_jc_jq1_ic50_24h_40,SNU16,test,test,True,False,False,True,1,rgb/snu16_jc_jq1_ic50_24h_40.tif,dapi/snu16_jc_jq1_ic50_24h_40.tif,roi_mask/snu16_jc_jq1_ic50_24h_40.png,gt_image/snu16_jc_jq1_ic50_24h_40.tif,,183,183,True,True,True,True,snu16_jc_jq1_ic50_24h_40.tif,snu16_jc_jq1_ic50_24h_40.tif,snu16_jc_jq1_ic50_24h_40.png,snu16_jc_jq1_ic50_24h_40.tif,,/work/users/b/e/behnamie/ecDNA_Data/bioimage_archive/rgb/snu16_jc_jq1_ic50_24h_40.tif,/work/users/b/e/behnamie/ecDNA_Data/bioimage_archive/dapi/snu16_jc_jq1_ic50_24h_40.tif,/work/users/b/e/behnamie/ecDNA_Data/bioimage_archive/roi_mask/snu16_jc_jq1_ic50_24h_40.png,/work/users/b/e/behnamie/ecDNA_Data/bioimage_archive/gt_image/snu16_jc_jq1_ic50_24h_40.tif
snu16_jc_jq1_ic50_24h_51,SNU16,test,test,True,False,False,True,1,rgb/snu16_jc_jq1_ic50_24h_51.tif,dapi/snu16_jc_jq1_ic50_24h_51.tif,roi_mask/snu16_jc_jq1_ic50_24h_51.png,gt_image/snu16_jc_jq1_ic50_24h_51.tif,,499,503,True,True,True,True,snu16_jc_jq1_ic50_24h_51.tif,snu16_jc_jq1_ic50_24h_51.tif,snu16_jc_jq1_ic50_24h_51.png,snu16_jc_jq1_ic50_24h_51.tif,,/work/users/b/e/behnamie/ecDNA_Data/bioimage_archive/rgb/snu16_jc_jq1_ic50_24h_51.tif,/work/users/b/e/behnamie/ecDNA_Data/bioimage_archive/dapi/snu16_jc_jq1_ic50_24h_51.tif,/work/users/b/e/behnamie/ecDNA_Data/bioimage_archive/roi_mask/snu16_jc_jq1_ic50_24h_51.png,/work/users/b/e/behnamie/ecDNA_Data/bioimage_archive/gt_image/snu16_jc_jq1_ic50_24h_51.tif
snu16_jc_jq1_ic50_24h_56,SNU16,test,test,True,False,False,True,1,rgb/snu16_jc_jq1_ic50_24h_56.tif,dapi/snu16_jc_jq1_ic50_24h_56.tif,roi_mask/snu16_jc_jq1_ic50_24h_56.png,gt_image/snu16_jc_jq1_ic50_24h_56.tif,,150,150,True,True,True,True,snu16_jc_jq1_ic50_24h_56.tif,snu16_jc_jq1_ic50_24h_56.tif,snu16_jc_jq1_ic50_24h_56.png,snu16_jc_jq1_ic50_24h_56.tif,,/work/users/b/e/behnamie/ecDNA_Data/bioimage_archive/rgb/snu16_jc_jq1_ic50_24h_56.tif,/work/users/b/e/behnamie/ecDNA_Data/bioimage_archive/dapi/snu16_jc_jq1_ic50_24h_56.tif,/work/users/b/e/behnamie/ecDNA_Data/bioimage_archive/roi_mask/snu16_jc_jq1_ic50_24h_56.png,/work/users/b/e/behnamie/ecDNA_Data/bioimage_archive/gt_image/snu16_jc_jq1_ic50_24h_56.tif
snu16_jc_jq1_ic50_24h_67,SNU16,test,test,True,False,False,True,1,rgb/snu16_jc_jq1_ic50_24h_67.tif,dapi/snu16_jc_jq1_ic50_24h_67.tif,roi_mask/snu16_jc_jq1_ic50_24h_67.png,gt_image/snu16_jc_jq1_ic50_24h_67.tif,,213,213,True,True,True,True,snu16_jc_jq1_ic50_24h_67.tif,snu16_jc_jq1_ic50_24h_67.tif,snu16_jc_jq1_ic50_24h_67.png,snu16_jc_jq1_ic50_24h_67.tif,,/work/users/b/e/behnamie/ecDNA_Data/bioimage_archive/rgb/snu16_jc_jq1_ic50_24h_67.tif,/work/users/b/e/behnamie/ecDNA_Data/bioimage_archive/dapi/snu16_jc_jq1_ic50_24h_67.tif,/work/users/b/e/behnamie/ecDNA_Data/bioimage_archive/roi_mask/snu16_jc_jq1_ic50_24h_67.png,/work/users/b/e/behnamie/ecDNA_Data/bioimage_archive/gt_image/snu16_jc_jq1_ic50_24h_67.tif
