uid,f1_before,f1_after,delta_after_minus_before,subset
colo320dm_qpcr_jq1_24h_ctrl_100,0.3376623376623376,0.9193548387096774,0.5816925010473397,all_images
colo320dm_qpcr_jq1_24h_ctrl_101,0.0816326530612244,0.8235294117647058,0.7418967587034815,all_images
colo320dm_qpcr_jq1_24h_ctrl_103,0.0975609756097561,0.95,0.8524390243902439,all_images
colo320dm_qpcr_jq1_24h_ctrl_105,0.1269841269841269,0.8833333333333333,0.7563492063492064,all_images
colo320dm_qpcr_jq1_24h_ctrl_109,0.1298701298701298,0.7256637168141593,0.5957935869440295,all_images
colo320dm_qpcr_jq1_24h_ctrl_110,0.1379310344827586,0.7843137254901961,0.6463826910074375,all_images
colo320dm_qpcr_jq1_24h_ctrl_111,0.419047619047619,0.8648648648648649,0.4458172458172459,all_images
colo320dm_qpcr_jq1_24h_ctrl_112,0.3061224489795918,0.9006622516556292,0.5945398026760373,all_images
colo320dm_qpcr_jq1_24h_ctrl_114,0.2439024390243902,0.865979381443299,0.6220769424189088,all_images
colo320dm_qpcr_jq1_24h_ctrl_12,0.0,0.875,0.875,all_images
colo320dm_qpcr_jq1_24h_ctrl_17,0.25,0.8,0.55,all_images
colo320dm_qpcr_jq1_24h_ctrl_18,0.28125,0.9108910891089108,0.6296410891089108,all_images
colo320dm_qpcr_jq1_24h_ctrl_21,0.2978723404255319,0.8831168831168831,0.5852445426913512,all_images
colo320dm_qpcr_jq1_24h_ctrl_22,0.1666666666666666,0.8392857142857143,0.6726190476190477,all_images
colo320dm_qpcr_jq1_24h_ctrl_23,0.2424242424242424,0.8807339449541285,0.6383097025298861,all_images
colo320dm_qpcr_jq1_24h_ctrl_25,0.4117647058823529,0.8269230769230769,0.41515837104072395,all_images
colo320dm_qpcr_jq1_24h_ctrl_26,0.0,0.9302325581395348,0.9302325581395348,all_images
colo320dm_qpcr_jq1_24h_ctrl_27,0.6666666666666666,0.9411764705882352,0.27450980392156854,all_images
colo320dm_qpcr_jq1_24h_ctrl_28,0.2857142857142857,0.9714285714285714,0.6857142857142857,all_images
colo320dm_qpcr_jq1_24h_ctrl_3,0.5784313725490197,0.8955223880597015,0.31709101551068186,all_images
colo320dm_qpcr_jq1_24h_ctrl_31,0.32,0.8905660377358491,0.570566037735849,all_images
colo320dm_qpcr_jq1_24h_ctrl_33,0.375,0.92,0.545,all_images
colo320dm_qpcr_jq1_24h_ctrl_35,0.3142857142857143,0.7610619469026548,0.44677623261694055,all_images
colo320dm_qpcr_jq1_24h_ctrl_36,0.208955223880597,0.8761904761904762,0.6672352523098792,all_images
colo320dm_qpcr_jq1_24h_ctrl_37,0.1333333333333333,0.5,0.3666666666666667,all_images
colo320dm_qpcr_jq1_24h_ctrl_38,0.4150943396226415,0.8717948717948718,0.45670053217223033,all_images
colo320dm_qpcr_jq1_24h_ctrl_39,0.2127659574468085,0.8860759493670886,0.6733099919202801,all_images
colo320dm_qpcr_jq1_24h_ctrl_4,0.4262295081967213,0.8602150537634409,0.4339855455667196,all_images
colo320dm_qpcr_jq1_24h_ctrl_41,0.1946902654867256,0.8,0.6053097345132744,all_images
colo320dm_qpcr_jq1_24h_ctrl_43,0.4,0.6115702479338843,0.21157024793388424,all_images
colo320dm_qpcr_jq1_24h_ctrl_47,0.5161290322580645,0.782608695652174,0.26647966339410945,all_images
colo320dm_qpcr_jq1_24h_ctrl_48,0.3157894736842105,0.918032786885246,0.6022433132010355,all_images
colo320dm_qpcr_jq1_24h_ctrl_49,0.6037735849056604,0.8695652173913043,0.26579163248564397,all_images
colo320dm_qpcr_jq1_24h_ctrl_50,0.0,0.5882352941176471,0.5882352941176471,all_images
colo320dm_qpcr_jq1_24h_ctrl_55,0.1621621621621621,0.7605633802816901,0.5984012181195281,all_images
colo320dm_qpcr_jq1_24h_ctrl_58,0.0,0.8387096774193549,0.8387096774193549,all_images
colo320dm_qpcr_jq1_24h_ctrl_65,0.3076923076923077,0.8518518518518519,0.5441595441595442,all_images
colo320dm_qpcr_jq1_24h_ctrl_66_a,0.3055555555555556,0.8,0.49444444444444446,all_images
colo320dm_qpcr_jq1_24h_ctrl_67,0.5891472868217055,0.8555555555555555,0.26640826873385004,all_images
colo320dm_qpcr_jq1_24h_ctrl_69,0.0350877192982456,0.875,0.8399122807017544,all_images
colo320dm_qpcr_jq1_24h_ctrl_72,0.0512820512820512,0.8787878787878788,0.8275058275058276,all_images
colo320dm_qpcr_jq1_24h_ctrl_75,0.4705882352941176,0.76,0.2894117647058824,all_images
colo320dm_qpcr_jq1_24h_ctrl_78_a,0.2857142857142857,0.7868852459016393,0.5011709601873536,all_images
colo320dm_qpcr_jq1_24h_ctrl_78_b,0.28125,0.8545454545454545,0.5732954545454545,all_images
colo320dm_qpcr_jq1_24h_ctrl_79,0.1428571428571428,0.8695652173913043,0.7267080745341615,all_images
colo320dm_qpcr_jq1_24h_ctrl_8,0.32,0.8266666666666667,0.5066666666666666,all_images
colo320dm_qpcr_jq1_24h_ctrl_81,0.4266666666666667,0.8598130841121495,0.4331464174454828,all_images
colo320dm_qpcr_jq1_24h_ctrl_82,0.3902439024390244,0.8421052631578947,0.4518613607188703,all_images
colo320dm_qpcr_jq1_24h_ctrl_87_a,0.3,0.7407407407407407,0.4407407407407407,all_images
colo320dm_qpcr_jq1_24h_ctrl_87_b,0.5,0.9230769230769232,0.42307692307692324,all_images
colo320dm_qpcr_jq1_24h_ctrl_88,0.5822784810126582,0.9,0.3177215189873418,all_images
colo320dm_qpcr_jq1_24h_ctrl_89,0.3333333333333333,0.6857142857142857,0.3523809523809524,all_images
colo320dm_qpcr_jq1_24h_ctrl_9,0.08,0.9130434782608696,0.8330434782608697,all_images
colo320dm_qpcr_jq1_24h_ctrl_90,0.4273504273504273,0.9257142857142856,0.4983638583638583,all_images
colo320dm_qpcr_jq1_24h_ctrl_92,0.3835616438356164,0.7777777777777778,0.3942161339421614,all_images
colo320dm_qpcr_jq1_24h_ctrl_95,0.3414634146341463,0.8852459016393442,0.5437824870051979,all_images
colo320dm_qpcr_jq1_24h_ctrl_96,0.40625,0.7951807228915663,0.38893072289156627,all_images
colo320dm_qpcr_jq1_24h_ctrl_97,0.3551401869158878,0.8181818181818182,0.46304163126593045,all_images
colo320dm_qpcr_jq1_24h_ctrl_99,0.4489795918367347,0.8920863309352518,0.4431067390985171,all_images
colo320dm_qpcr_jq1_24h_dmso_104,0.0,0.0,0.0,all_images
colo320dm_qpcr_jq1_24h_dmso_111,0.0,0.05,0.05,all_images
colo320dm_qpcr_jq1_24h_dmso_49,0.0,0.0338983050847457,0.0338983050847457,all_images
colo320dm_qpcr_jq1_24h_dmso_6,0.0,0.1176470588235294,0.1176470588235294,all_images
colo320dm_qpcr_jq1_24h_dmso_88,0.0,0.0869565217391304,0.0869565217391304,all_images
ncih2170_antibiotics_blank_ctrl_1,0.4393442622950819,0.769825918762089,0.33048165646700706,all_images
ncih2170_antibiotics_blank_ctrl_100,0.0727272727272727,0.6046511627906976,0.5319238900634249,all_images
ncih2170_antibiotics_blank_ctrl_101,0.1512027491408934,0.7953667953667953,0.644164046225902,all_images
ncih2170_antibiotics_blank_ctrl_102,0.1302325581395348,0.8146143437077131,0.6843817855681783,all_images
ncih2170_antibiotics_blank_ctrl_103,0.0901639344262295,0.7594339622641509,0.6692700278379214,all_images
ncih2170_antibiotics_blank_ctrl_104,0.1709401709401709,0.6507936507936508,0.4798534798534799,all_images
ncih2170_antibiotics_blank_ctrl_105,0.22,0.8123393316195373,0.5923393316195373,all_images
ncih2170_antibiotics_blank_ctrl_106,0.0388349514563106,0.8078817733990148,0.7690468219427042,all_images
ncih2170_antibiotics_blank_ctrl_107,0.2136222910216718,0.7720848056537103,0.5584625146320386,all_images
ncih2170_antibiotics_blank_ctrl_109,0.0209424083769633,0.5822784810126582,0.561336072635695,all_images
ncih2170_antibiotics_blank_ctrl_11,0.1047120418848167,0.692063492063492,0.5873514501786754,all_images
ncih2170_antibiotics_blank_ctrl_110,0.1766004415011037,0.772785622593068,0.5961851810919643,all_images
ncih2170_antibiotics_blank_ctrl_111,0.1333333333333333,0.5338983050847458,0.4005649717514125,all_images
ncih2170_antibiotics_blank_ctrl_113,0.1263736263736263,0.7419898819561551,0.6156162555825289,all_images
ncih2170_antibiotics_blank_ctrl_114,0.2068965517241379,0.6925566343042071,0.4856600825800692,all_images
ncih2170_antibiotics_blank_ctrl_115,0.3157894736842105,0.6431095406360424,0.3273200669518319,all_images
ncih2170_antibiotics_blank_ctrl_116,0.2805970149253731,0.6615384615384615,0.38094144661308843,all_images
ncih2170_antibiotics_blank_ctrl_117,0.1891117478510028,0.6622073578595318,0.47309561000852896,all_images
ncih2170_antibiotics_blank_ctrl_118,0.1164241164241164,0.8051948051948052,0.6887706887706888,all_images
ncih2170_antibiotics_blank_ctrl_12,0.1481481481481481,0.796812749003984,0.6486646008558359,all_images
ncih2170_antibiotics_blank_ctrl_13,0.1290322580645161,0.6571428571428571,0.528110599078341,all_images
ncih2170_antibiotics_blank_ctrl_14,0.1401617250673854,0.7144906743185079,0.5743289492511225,all_images
ncih2170_antibiotics_blank_ctrl_15,0.1081081081081081,0.7431192660550459,0.6350111579469377,all_images
ncih2170_antibiotics_blank_ctrl_16,0.1,0.6037735849056604,0.5037735849056604,all_images
ncih2170_antibiotics_blank_ctrl_17,0.1552511415525114,0.7176015473887815,0.56235040583627,all_images
ncih2170_antibiotics_blank_ctrl_18,0.0481927710843373,0.7444794952681388,0.6962867241838016,all_images
ncih2170_antibiotics_blank_ctrl_19,0.0952380952380952,0.6266094420600858,0.5313713468219906,all_images
ncih2170_antibiotics_blank_ctrl_2,0.4099378881987577,0.7408312958435208,0.3308934076447631,all_images
ncih2170_antibiotics_blank_ctrl_20,0.1830985915492957,0.6601307189542484,0.47703212740495265,all_images
ncih2170_antibiotics_blank_ctrl_21,0.0603448275862069,0.6094182825484764,0.5490734549622696,all_images
ncih2170_antibiotics_blank_ctrl_22,0.1571428571428571,0.7121820615796519,0.5550392044367948,all_images
ncih2170_antibiotics_blank_ctrl_23,0.1812297734627831,0.7725490196078432,0.59131924614506,all_images
ncih2170_antibiotics_blank_ctrl_24,0.3404255319148936,0.7682539682539683,0.4278284363390747,all_images
ncih2170_antibiotics_blank_ctrl_25,0.2307692307692307,0.5467625899280576,0.31599335915882687,all_images
ncih2170_antibiotics_blank_ctrl_27,0.0906515580736544,0.6846846846846847,0.5940331266110302,all_images
ncih2170_antibiotics_blank_ctrl_28,0.2557377049180327,0.5945945945945946,0.3388568896765619,all_images
ncih2170_antibiotics_blank_ctrl_29,0.0526315789473684,0.6819923371647509,0.6293607582173826,all_images
ncih2170_antibiotics_blank_ctrl_30,0.0459770114942528,0.6699186991869919,0.623941687692739,all_images
ncih2170_antibiotics_blank_ctrl_31,0.0851063829787234,0.6238532110091743,0.5387468280304509,all_images
ncih2170_antibiotics_blank_ctrl_32,0.1132075471698113,0.587378640776699,0.4741710936068877,all_images
ncih2170_antibiotics_blank_ctrl_33,0.074074074074074,0.7889447236180904,0.7148706495440165,all_images
ncih2170_antibiotics_blank_ctrl_34,0.4426229508196721,0.4885496183206106,0.04592666750093849,all_images
ncih2170_antibiotics_blank_ctrl_35,0.1855670103092783,0.703030303030303,0.5174632927210248,all_images
ncih2170_antibiotics_blank_ctrl_37,0.1043478260869565,0.6693711967545639,0.5650233706676074,all_images
ncih2170_antibiotics_blank_ctrl_38,0.3195020746887966,0.8578255675029869,0.5383234928141902,all_images
ncih2170_antibiotics_blank_ctrl_39,0.2746781115879828,0.5811764705882353,0.3064983590002525,all_images
ncih2170_antibiotics_blank_ctrl_40,0.0542635658914728,0.6363636363636364,0.5821000704721635,all_images
ncih2170_antibiotics_blank_ctrl_41,0.2752293577981651,0.4868913857677903,0.2116620279696252,all_images
ncih2170_antibiotics_blank_ctrl_42,0.1411764705882353,0.5586854460093896,0.41750897542115434,all_images
ncih2170_antibiotics_blank_ctrl_43,0.0948616600790513,0.7669491525423728,0.6720874924633216,all_images
ncih2170_antibiotics_blank_ctrl_44,0.1871921182266009,0.6976744186046512,0.5104823003780503,all_images
ncih2170_antibiotics_blank_ctrl_47,0.1896024464831804,0.5654008438818565,0.37579839739867615,all_images
ncih2170_antibiotics_blank_ctrl_48,0.0493827160493827,0.6136363636363636,0.5642536475869809,all_images
ncih2170_antibiotics_blank_ctrl_5,0.1226415094339622,0.6507592190889371,0.5281177096549748,all_images
ncih2170_antibiotics_blank_ctrl_50,0.2331838565022421,0.7032967032967034,0.47011284679446125,all_images
ncih2170_antibiotics_blank_ctrl_51,0.1899441340782122,0.7349081364829396,0.5449640024047274,all_images
ncih2170_antibiotics_blank_ctrl_52,0.1142857142857142,0.8013029315960912,0.687017217310377,all_images
ncih2170_antibiotics_blank_ctrl_53,0.1162079510703364,0.6586102719033232,0.5424023208329868,all_images
ncih2170_antibiotics_blank_ctrl_55,0.1342756183745583,0.7134502923976608,0.5791746740231025,all_images
ncih2170_antibiotics_blank_ctrl_56,0.2756183745583039,0.7397849462365591,0.4641665716782552,all_images
ncih2170_antibiotics_blank_ctrl_57,0.1531914893617021,0.4431818181818182,0.2899903288201161,all_images
ncih2170_antibiotics_blank_ctrl_58,0.0904522613065326,0.7474226804123711,0.6569704191058385,all_images
ncih2170_antibiotics_blank_ctrl_59,0.1415929203539823,0.7365853658536585,0.5949924454996762,all_images
ncih2170_antibiotics_blank_ctrl_6,0.4461538461538462,0.7668997668997669,0.32074592074592073,all_images
ncih2170_antibiotics_blank_ctrl_60,0.136094674556213,0.7366482504604052,0.6005535759041922,all_images
ncih2170_antibiotics_blank_ctrl_61,0.1631205673758865,0.7628865979381443,0.5997660305622577,all_images
ncih2170_antibiotics_blank_ctrl_62,0.0946372239747634,0.6561151079136691,0.5614778839389057,all_images
ncih2170_antibiotics_blank_ctrl_63,0.2657657657657657,0.7203924316748423,0.45462666590907663,all_images
ncih2170_antibiotics_blank_ctrl_64,0.0454545454545454,0.5150214592274678,0.46956691377292237,all_images
ncih2170_antibiotics_blank_ctrl_65,0.1783439490445859,0.6857142857142857,0.5073703366696998,all_images
ncih2170_antibiotics_blank_ctrl_66,0.2059620596205962,0.7145299145299145,0.5085678549093183,all_images
ncih2170_antibiotics_blank_ctrl_67,0.1189591078066914,0.7739307535641547,0.6549716457574634,all_images
ncih2170_antibiotics_blank_ctrl_69,0.1322314049586777,0.71869918699187,0.5864677820331923,all_images
ncih2170_antibiotics_blank_ctrl_7,0.2340425531914893,0.6940509915014165,0.46000843830992716,all_images
ncih2170_antibiotics_blank_ctrl_70,0.0751565762004175,0.7870680044593088,0.7119114282588913,all_images
ncih2170_antibiotics_blank_ctrl_71,0.2228116710875331,0.8878648233486943,0.6650531522611612,all_images
ncih2170_antibiotics_blank_ctrl_74,0.2127659574468085,0.8443843031123139,0.6316183456655055,all_images
ncih2170_antibiotics_blank_ctrl_75,0.2451612903225806,0.8041237113402062,0.5589624210176256,all_images
ncih2170_antibiotics_blank_ctrl_76,0.2419659735349716,0.6456521739130435,0.4036862003780719,all_images
ncih2170_antibiotics_blank_ctrl_77,0.3951367781155015,0.7946768060836502,0.3995400279681487,all_images
ncih2170_antibiotics_blank_ctrl_78,0.2260869565217391,0.8745980707395499,0.6485111142178108,all_images
ncih2170_antibiotics_blank_ctrl_79,0.3069306930693069,0.5952813067150635,0.2883506136457566,all_images
ncih2170_antibiotics_blank_ctrl_80,0.4210526315789473,0.7817589576547231,0.36070632607577585,all_images
ncih2170_antibiotics_blank_ctrl_81,0.1785714285714285,0.6226415094339622,0.44407008086253374,all_images
ncih2170_antibiotics_blank_ctrl_82,0.128440366972477,0.5130434782608696,0.38460311128839264,all_images
ncih2170_antibiotics_blank_ctrl_84,0.1447368421052631,0.6801470588235294,0.5354102167182664,all_images
ncih2170_antibiotics_blank_ctrl_86,0.2317073170731707,0.8245614035087719,0.5928540864356012,all_images
ncih2170_antibiotics_blank_ctrl_87,0.16,0.6,0.43999999999999995,all_images
ncih2170_antibiotics_blank_ctrl_88_a,0.1653333333333333,0.6455026455026455,0.48016931216931213,all_images
ncih2170_antibiotics_blank_ctrl_89,0.110091743119266,0.6355140186915887,0.5254222755723228,all_images
ncih2170_antibiotics_blank_ctrl_9,0.494140625,0.7959183673469388,0.30177774234693877,all_images
ncih2170_antibiotics_blank_ctrl_96,0.4225352112676056,0.5249169435215947,0.10238173225398906,all_images
ncih2170_antibiotics_blank_ctrl_97,0.3804347826086957,0.5283018867924528,0.14786710418375715,all_images
ncih2170_antibiotics_blank_ctrl_98,0.3181818181818182,0.7553648068669528,0.43718298868513467,all_images
ncih2170_antibiotics_ps_10,0.0,0.4585987261146497,0.4585987261146497,all_images
ncih2170_antibiotics_ps_102_b,0.1037037037037037,0.7930283224400871,0.6893246187363834,all_images
ncih2170_antibiotics_ps_104,0.1071428571428571,0.7392739273927392,0.6321310702498821,all_images
ncih2170_antibiotics_ps_105,0.0408163265306122,0.6507936507936508,0.6099773242630386,all_images
ncih2170_antibiotics_ps_106,0.0458015267175572,0.5086705202312138,0.4628689935136566,all_images
ncih2170_antibiotics_ps_107_a,0.1710037174721189,0.7133182844243793,0.5423145669522604,all_images
ncih2170_antibiotics_ps_107_b,0.073394495412844,0.5944444444444444,0.5210499490316004,all_images
ncih2170_antibiotics_ps_111,0.1206030150753768,0.6486486486486487,0.5280456335732719,all_images
ncih2170_antibiotics_ps_112,0.0246913580246913,0.5641025641025641,0.5394112060778729,all_images
ncih2170_antibiotics_ps_113_a,0.032,0.4711111111111111,0.4391111111111111,all_images
ncih2170_antibiotics_ps_113_b,0.2125,0.6190476190476191,0.40654761904761905,all_images
ncih2170_antibiotics_ps_12,0.065359477124183,0.5943775100401606,0.5290180329159776,all_images
ncih2170_antibiotics_ps_13,0.0147783251231527,0.1104033970276008,0.09562507190444809,all_images
ncih2170_antibiotics_ps_14,0.2823529411764706,0.5681818181818182,0.28582887700534765,all_images
ncih2170_antibiotics_ps_16,0.0084388185654008,0.6666666666666666,0.6582278481012658,all_images
ncih2170_antibiotics_ps_17,0.0294117647058823,0.6348314606741573,0.605419695968275,all_images
ncih2170_antibiotics_ps_18,0.0405405405405405,0.3054187192118227,0.26487817867128216,all_images
ncih2170_antibiotics_ps_19,0.055813953488372,0.5166666666666667,0.46085271317829474,all_images
ncih2170_antibiotics_ps_20,0.0238095238095238,0.5084745762711864,0.48466505246166264,all_images
ncih2170_antibiotics_ps_21,0.0,0.4333333333333333,0.4333333333333333,all_images
ncih2170_antibiotics_ps_22,0.0327868852459016,0.6481481481481481,0.6153612629022466,all_images
ncih2170_antibiotics_ps_23,0.2142857142857142,0.5067873303167421,0.29250161603102787,all_images
ncih2170_antibiotics_ps_24,0.0544217687074829,0.6387832699619772,0.5843615012544943,all_images
ncih2170_antibiotics_ps_25,0.0067114093959731,0.8233151183970856,0.8166037090011125,all_images
ncih2170_antibiotics_ps_28,0.016,0.2906976744186046,0.2746976744186046,all_images
ncih2170_antibiotics_ps_29_a,0.0212765957446808,0.3742690058479532,0.3529924101032724,all_images
ncih2170_antibiotics_ps_29_b,0.0,0.2307692307692307,0.2307692307692307,all_images
ncih2170_antibiotics_ps_3,0.0946745562130177,0.686084142394822,0.5914095861818043,all_images
ncih2170_antibiotics_ps_30,0.0388349514563106,0.5060240963855421,0.4671891449292315,all_images
ncih2170_antibiotics_ps_31,0.0189274447949526,0.7588532883642496,0.739925843569297,all_images
ncih2170_antibiotics_ps_32,0.0294117647058823,0.3758389261744966,0.3464271614686143,all_images
ncih2170_antibiotics_ps_33,0.0272108843537414,0.4292237442922374,0.402012859938496,all_images
ncih2170_antibiotics_ps_34_b,0.1647058823529411,0.5921787709497207,0.4274728885967796,all_images
ncih2170_antibiotics_ps_34_c,0.1566265060240964,0.6505190311418685,0.4938925251177721,all_images
ncih2170_antibiotics_ps_35,0.2321428571428571,0.5671641791044776,0.3350213219616205,all_images
ncih2170_antibiotics_ps_36,0.0544217687074829,0.5724381625441696,0.5180163938366866,all_images
ncih2170_antibiotics_ps_37,0.0689655172413793,0.5555555555555556,0.4865900383141763,all_images
ncih2170_antibiotics_ps_38,0.3215130023640662,0.637593984962406,0.31608098259833983,all_images
ncih2170_antibiotics_ps_39,0.1408450704225352,0.5647058823529412,0.423860811930406,all_images
ncih2170_antibiotics_ps_4,0.0609756097560975,0.6228571428571429,0.5618815331010454,all_images
ncih2170_antibiotics_ps_40,0.0987654320987654,0.6538461538461539,0.5550807217473884,all_images
ncih2170_antibiotics_ps_41,0.0891719745222929,0.6196078431372549,0.5304358686149621,all_images
ncih2170_antibiotics_ps_42,0.2857142857142857,0.7272727272727273,0.4415584415584416,all_images
ncih2170_antibiotics_ps_43,0.0294117647058823,0.5454545454545454,0.5160427807486632,all_images
ncih2170_antibiotics_ps_44,0.2032432432432432,0.7682758620689655,0.5650326188257223,all_images
ncih2170_antibiotics_ps_45,0.18,0.6380368098159509,0.4580368098159509,all_images
ncih2170_antibiotics_ps_46,0.0818181818181818,0.5919540229885057,0.510135841170324,all_images
ncih2170_antibiotics_ps_47,0.1350210970464135,0.5917808219178082,0.4567597248713947,all_images
ncih2170_antibiotics_ps_48,0.0759493670886076,0.6258503401360545,0.5499009730474469,all_images
ncih2170_antibiotics_ps_49,0.1043478260869565,0.56353591160221,0.4591880855152535,all_images
ncih2170_antibiotics_ps_5,0.0996168582375478,0.6265060240963856,0.5268891658588377,all_images
ncih2170_antibiotics_ps_50,0.0392156862745098,0.5110132158590308,0.47179752958452104,all_images
ncih2170_antibiotics_ps_54,0.0465116279069767,0.616600790513834,0.5700891626068573,all_images
ncih2170_antibiotics_ps_55,0.1478260869565217,0.7079207920792079,0.5600947051226862,all_images
ncih2170_antibiotics_ps_56_a,0.15625,0.6131687242798354,0.4569187242798354,all_images
ncih2170_antibiotics_ps_56_b,0.2607003891050584,0.5326757090012331,0.2719753198961747,all_images
ncih2170_antibiotics_ps_57,0.054054054054054,0.3478260869565217,0.2937720329024677,all_images
ncih2170_antibiotics_ps_58,0.079646017699115,0.7178329571106095,0.6381869394114945,all_images
ncih2170_antibiotics_ps_61,0.1963636363636363,0.8308977035490606,0.6345340671854243,all_images
ncih2170_antibiotics_ps_62,0.1566265060240964,0.7363057324840764,0.5796792264599799,all_images
ncih2170_antibiotics_ps_63,0.0614035087719298,0.6286490156143923,0.5672455068424626,all_images
ncih2170_antibiotics_ps_64,0.0748299319727891,0.8491228070175438,0.7742928750447547,all_images
ncih2170_antibiotics_ps_65,0.072992700729927,0.5175438596491229,0.44455115891919583,all_images
ncih2170_antibiotics_ps_67,0.1529411764705882,0.7208480565371025,0.5679068800665144,all_images
ncih2170_antibiotics_ps_68,0.3035019455252918,0.7213930348258707,0.4178910893005789,all_images
ncih2170_antibiotics_ps_69,0.1182266009852216,0.6626506024096386,0.5444240014244169,all_images
ncih2170_antibiotics_ps_7,0.0394088669950738,0.6093023255813953,0.5698934585863215,all_images
ncih2170_antibiotics_ps_70,0.0774193548387096,0.7210031347962382,0.6435837799575286,all_images
ncih2170_antibiotics_ps_72,0.0689655172413793,0.4641350210970464,0.3951695038556671,all_images
ncih2170_antibiotics_ps_73,0.1155778894472361,0.6686567164179105,0.5530788269706743,all_images
ncih2170_antibiotics_ps_75,0.0842105263157894,0.6536585365853659,0.5694480102695765,all_images
ncih2170_antibiotics_ps_76,0.1940928270042194,0.7785888077858881,0.5844959807816688,all_images
ncih2170_antibiotics_ps_77,0.1824324324324324,0.6907775768535263,0.5083451444210938,all_images
ncih2170_antibiotics_ps_78,0.4705882352941176,0.6813880126182965,0.21079977732417893,all_images
ncih2170_antibiotics_ps_79,0.1,0.7389473684210527,0.6389473684210527,all_images
ncih2170_antibiotics_ps_8,0.0,0.0425531914893617,0.0425531914893617,all_images
ncih2170_antibiotics_ps_80,0.086092715231788,0.6502057613168725,0.5641130460850845,all_images
ncih2170_antibiotics_ps_81,0.0748440748440748,0.6514745308310992,0.5766304559870243,all_images
ncih2170_antibiotics_ps_82,0.1176470588235294,0.6692913385826772,0.5516442797591478,all_images
ncih2170_antibiotics_ps_83,0.2237762237762237,0.7012987012987013,0.4775224775224776,all_images
ncih2170_antibiotics_ps_84,0.0746268656716417,0.5820433436532507,0.507416477981609,all_images
ncih2170_antibiotics_ps_85,0.0612244897959183,0.5868544600938967,0.5256299702979784,all_images
ncih2170_antibiotics_ps_86,0.3443708609271523,0.6311111111111111,0.28674025018395877,all_images
ncih2170_antibiotics_ps_87,0.3957219251336898,0.7076023391812866,0.31188041404759675,all_images
ncih2170_antibiotics_ps_88,0.1564482029598308,0.7025862068965517,0.546138003936721,all_images
ncih2170_antibiotics_ps_89,0.109375,0.6923076923076923,0.5829326923076923,all_images
ncih2170_antibiotics_ps_9,0.03125,0.6256410256410256,0.5943910256410256,all_images
ncih2170_antibiotics_ps_90,0.2307692307692307,0.7041420118343196,0.47337278106508884,all_images
ncih2170_antibiotics_ps_92,0.0751173708920187,0.6630434782608695,0.5879261073688509,all_images
ncih2170_antibiotics_ps_94,0.0779220779220779,0.4444444444444444,0.3665223665223665,all_images
ncih2170_antibiotics_ps_95,0.4121475054229935,0.7355371900826446,0.3233896846596511,all_images
ncih2170_antibiotics_ps_97,0.0,0.6444444444444445,0.6444444444444445,all_images
ncih2170_antibiotics_ps_98_a,0.146788990825688,0.7010309278350515,0.5542419370093635,all_images
ncih2170_antibiotics_ps_98_b,0.1749049429657794,0.6807692307692308,0.5058642878034514,all_images
ncih2170_antibiotics_ps_99,0.3366336633663366,0.6601941747572816,0.323560511390945,all_images
ncih2170_antibiotics_ps_g_100,0.0899653979238754,0.6567164179104478,0.5667510199865724,all_images
ncih2170_antibiotics_ps_g_101,0.2181818181818181,0.6893617021276596,0.4711798839458415,all_images
ncih2170_antibiotics_ps_g_102,0.2835249042145594,0.7231121281464531,0.4395872239318937,all_images
ncih2170_antibiotics_ps_g_103,0.1918735891647855,0.6682389937106918,0.47636540454590637,all_images
ncih2170_antibiotics_ps_g_104,0.1030927835051546,0.562874251497006,0.4597814679918514,all_images
ncih2170_antibiotics_ps_g_105,0.3093922651933701,0.7322033898305085,0.4228111246371384,all_images
ncih2170_antibiotics_ps_g_106,0.3245033112582781,0.7195357833655706,0.3950324721072925,all_images
ncih2170_antibiotics_ps_g_107_a,0.073394495412844,0.5756097560975609,0.5022152606847169,all_images
ncih2170_antibiotics_ps_g_108,0.34,0.7593582887700535,0.4193582887700535,all_images
ncih2170_antibiotics_ps_g_110,0.3170731707317073,0.5033112582781457,0.1862380875464384,all_images
ncih2170_antibiotics_ps_g_111,0.1647058823529411,0.6407766990291263,0.47607081667618517,all_images
ncih2170_antibiotics_ps_g_112,0.1862745098039215,0.7142857142857143,0.5280112044817928,all_images
ncih2170_antibiotics_ps_g_113,0.1111111111111111,0.6107784431137725,0.4996673320026614,all_images
ncih2170_antibiotics_ps_g_114,0.1176470588235294,0.5518763796909493,0.4342293208674199,all_images
ncih2170_antibiotics_ps_g_115,0.1025641025641025,0.7242105263157895,0.621646423751687,all_images
ncih2170_antibiotics_ps_g_116,0.3880597014925373,0.7836734693877551,0.39561376789521774,all_images
ncih2170_antibiotics_ps_g_36,0.2386910490856593,0.7646695491043854,0.5259785000187261,all_images
ncih2170_antibiotics_ps_g_37,0.2621951219512195,0.7755102040816326,0.5133150821304131,all_images
ncih2170_antibiotics_ps_g_38,0.0177777777777777,0.7327188940092166,0.714941116231439,all_images
ncih2170_antibiotics_ps_g_39,0.0338983050847457,0.6306306306306306,0.596732325545885,all_images
ncih2170_antibiotics_ps_g_40,0.208695652173913,0.5378151260504201,0.32911947387650714,all_images
ncih2170_antibiotics_ps_g_42,0.1212121212121212,0.6995305164319249,0.5783183952198037,all_images
ncih2170_antibiotics_ps_g_43,0.4045307443365696,0.7850877192982456,0.380556974961676,all_images
ncih2170_antibiotics_ps_g_44_a,0.5569620253164557,0.5921052631578947,0.03514323784143902,all_images
ncih2170_antibiotics_ps_g_45,0.0412371134020618,0.4150943396226415,0.37385722622057965,all_images
ncih2170_antibiotics_ps_g_46,0.0394736842105263,0.6466165413533834,0.6071428571428571,all_images
ncih2170_antibiotics_ps_g_47,0.121996303142329,0.6183699870633894,0.4963736839210604,all_images
ncih2170_antibiotics_ps_g_48,0.0997375328083989,0.6204506065857885,0.5207130737773896,all_images
ncih2170_antibiotics_ps_g_49,0.0392156862745098,0.7141162514827996,0.6749005652082898,all_images
ncih2170_antibiotics_ps_g_50,0.0924092409240924,0.7050359712230215,0.6126267302989291,all_images
ncih2170_antibiotics_ps_g_51,0.0851063829787234,0.5714285714285714,0.486322188449848,all_images
ncih2170_antibiotics_ps_g_54,0.0621761658031088,0.6031042128603105,0.5409280470572017,all_images
ncih2170_antibiotics_ps_g_55,0.1246882793017456,0.7343976777939042,0.6097093984921585,all_images
ncih2170_antibiotics_ps_g_56,0.0756756756756756,0.7142857142857143,0.6386100386100387,all_images
ncih2170_antibiotics_ps_g_60,0.0246913580246913,0.4316546762589928,0.4069633182343015,all_images
ncih2170_antibiotics_ps_g_61,0.0320855614973262,0.7038123167155426,0.6717267552182163,all_images
ncih2170_antibiotics_ps_g_62,0.1635687732342007,0.7078039927404719,0.5442352195062712,all_images
ncih2170_antibiotics_ps_g_63,0.1555555555555555,0.6272189349112426,0.4716633793556871,all_images
ncih2170_antibiotics_ps_g_64,0.0881542699724518,0.8648648648648649,0.7767105948924131,all_images
ncih2170_antibiotics_ps_g_65,0.3765690376569037,0.6732673267326733,0.2966982890757696,all_images
ncih2170_antibiotics_ps_g_66,0.0909090909090909,0.3006535947712418,0.20974450386215093,all_images
ncih2170_antibiotics_ps_g_67,0.0408163265306122,0.6428571428571429,0.6020408163265307,all_images
ncih2170_antibiotics_ps_g_68,0.0240963855421686,0.2553191489361702,0.2312227633940016,all_images
ncih2170_antibiotics_ps_g_69,0.1785714285714285,0.3866666666666666,0.2080952380952381,all_images
ncih2170_antibiotics_ps_g_71,0.037037037037037,0.7588652482269503,0.7218282111899134,all_images
ncih2170_antibiotics_ps_g_72,0.1032258064516129,0.6343042071197411,0.5310784006681282,all_images
ncih2170_antibiotics_ps_g_74,0.043859649122807,0.817351598173516,0.773491949050709,all_images
ncih2170_antibiotics_ps_g_76,0.064516129032258,0.6850828729281768,0.6205667438959188,all_images
ncih2170_antibiotics_ps_g_77,0.017391304347826,0.6462882096069869,0.6288969052591609,all_images
ncih2170_antibiotics_ps_g_81,0.1538461538461538,0.7248322147651006,0.5709860609189468,all_images
ncih2170_antibiotics_ps_g_85,0.0468227424749163,0.8375209380234506,0.7906981955485344,all_images
ncih2170_antibiotics_ps_g_86,0.0,0.5604395604395604,0.5604395604395604,all_images
ncih2170_antibiotics_ps_g_88_a,0.15625,0.6473029045643154,0.4910529045643154,all_images
ncih2170_antibiotics_ps_g_88_b,0.0787401574803149,0.5801526717557252,0.5014125142754102,all_images
ncih2170_antibiotics_ps_g_89,0.036697247706422,0.5911330049261084,0.5544357572196864,all_images
ncih2170_antibiotics_ps_g_90,0.3205128205128205,0.7565543071161048,0.43604148660328435,all_images
ncih2170_antibiotics_ps_g_91,0.0688468158347676,0.7477017364657814,0.6788549206310138,all_images
ncih2170_antibiotics_ps_g_92,0.3626373626373626,0.8095238095238095,0.4468864468864469,all_images
ncih2170_antibiotics_ps_g_94,0.0333333333333333,0.5483870967741935,0.5150537634408602,all_images
ncih2170_antibiotics_ps_g_95,0.0729166666666666,0.6407185628742516,0.5678018962075849,all_images
ncih2170_antibiotics_ps_g_96,0.1223021582733813,0.7898789878987899,0.6675768296254085,all_images
ncih2170_antibiotics_ps_g_97,0.0981132075471698,0.6842105263157895,0.5860973187686197,all_images
ncih2170_antibiotics_ps_g_98,0.0790960451977401,0.6198083067092651,0.540712261511525,all_images
ncih2170_antibiotics_ps_g_99,0.221311475409836,0.7541199736321688,0.5328084982223328,all_images
ncih2170_cart_72h_blank_ctrl_19,0.3552123552123552,0.7181008902077152,0.36288853499535995,all_images
ncih2170_cart_72h_blank_ctrl_28,0.3770491803278688,0.6486486486486487,0.27159946832077986,all_images
ncih2170_cart_72h_blank_ctrl_30,0.3534136546184739,0.7236024844720497,0.37018882985357576,all_images
ncih2170_cart_72h_blank_ctrl_31,0.2148760330578512,0.8228571428571428,0.6079811097992917,all_images
ncih2170_cart_72h_blank_ctrl_32,0.3724137931034483,0.5853658536585366,0.21295206055508825,all_images
ncih2170_cart_72h_blank_ctrl_33,0.268041237113402,0.7244094488188977,0.4563682117054957,all_images
ncih2170_cart_72h_blank_ctrl_34,0.4390243902439024,0.7808219178082192,0.3417975275643168,all_images
ncih2170_cart_72h_blank_ctrl_35,0.21875,0.5916666666666667,0.3729166666666667,all_images
ncih2170_cart_72h_blank_ctrl_36,0.0222222222222222,0.7832167832167832,0.760994560994561,all_images
ncih2170_cart_72h_blank_ctrl_38,0.3434343434343434,0.4568965517241379,0.11346220828979448,all_images
ncih2170_cart_72h_blank_ctrl_39,0.358974358974359,0.6058394160583942,0.24686505708403522,all_images
ncih2170_cart_72h_blank_ctrl_5,0.3389830508474576,0.6758620689655173,0.33687901811805965,all_images
ncih2170_cart_72h_blank_ctrl_50,0.41,0.6751054852320675,0.2651054852320675,all_images
ncih2170_cart_72h_blank_ctrl_51,0.4923076923076923,0.8735632183908046,0.38125552608311236,all_images
ncih2170_cart_72h_blank_ctrl_52,0.7182044887780549,0.9157667386609072,0.19756224988285231,all_images
ncih2170_cart_72h_blank_ctrl_53,0.1587301587301587,0.7339449541284404,0.5752147953982817,all_images
ncih2170_cart_72h_blank_ctrl_55,0.5681818181818182,0.8598130841121495,0.2916312659303313,all_images
ncih2170_cart_72h_blank_ctrl_56,0.532608695652174,0.7982062780269058,0.26559758237473186,all_images
ncih2170_cart_72h_blank_ctrl_57,0.1428571428571428,0.8920863309352518,0.749229188078109,all_images
ncih2170_cart_72h_blank_ctrl_59,0.3,0.4970414201183432,0.1970414201183432,all_images
ncih2170_cart_72h_blank_ctrl_61,0.3225806451612903,0.8048780487804879,0.48229740361919754,all_images
ncih2170_cart_72h_blank_ctrl_62,0.4184100418410041,0.835820895522388,0.4174108536813839,all_images
ncih2170_cart_72h_blank_ctrl_64,0.3870967741935484,0.8604651162790697,0.47336834208552137,all_images
ncih2170_cart_72h_blank_ctrl_67,0.5211267605633803,0.8216216216216217,0.3004948610582414,all_images
ncih2170_cart_72h_blank_ctrl_7,0.4552238805970149,0.6326530612244898,0.17742918062747493,all_images
ncih2170_cart_72h_blank_ctrl_71,0.4,0.8205128205128205,0.42051282051282046,all_images
ncih2170_cart_72h_blank_ctrl_74,0.3272727272727272,0.9411764705882352,0.6139037433155079,all_images
ncih2170_cart_72h_blank_ctrl_8,0.3536585365853658,0.7203791469194313,0.3667206103340655,all_images
ncih2170_cart_72h_blank_ctrl_80,0.2325581395348837,0.711864406779661,0.4793062672447773,all_images
ncih2170_cart_72h_blank_ctrl_82,0.1746031746031746,0.7715736040609137,0.5969704294577391,all_images
ncih2170_cart_72h_blank_ctrl_83,0.28,0.7796610169491526,0.49966101694915255,all_images
ncih2170_cart_72h_blank_ctrl_88,0.2,0.8135593220338984,0.6135593220338984,all_images
ncih2170_cart_72h_blank_ctrl_89,0.6285714285714286,0.8454106280193237,0.2168391994478951,all_images
ncih2170_cart_72h_blank_ctrl_92,0.0748663101604278,0.7357142857142858,0.660847975553858,all_images
ncih2170_cart_72h_blank_ctrl_95,0.24,0.8387096774193549,0.5987096774193549,all_images
ncih2170_cart_72h_blank_ctrl_98,0.3619047619047619,0.7524271844660194,0.3905224225612575,all_images
ncih2170_cart_72h_blank_ctrl_99,0.2622950819672131,0.8181818181818182,0.5558867362146052,all_images
ncih2170_cart_72h_cart_1,0.0963855421686747,0.7943262411347518,0.6979406989660771,all_images
ncih2170_cart_72h_cart_100,0.3267813267813267,0.776386404293381,0.4496050775120543,all_images
ncih2170_cart_72h_cart_16,0.0,0.7142857142857143,0.7142857142857143,all_images
ncih2170_cart_72h_cart_17,0.5846153846153846,0.8461538461538461,0.2615384615384615,all_images
ncih2170_cart_72h_cart_20,0.5070422535211268,0.8631578947368421,0.3561156412157154,all_images
ncih2170_cart_72h_cart_21,0.3636363636363636,0.7457627118644068,0.3821263482280432,all_images
ncih2170_cart_72h_cart_22,0.7142857142857143,0.8125,0.0982142857142857,all_images
ncih2170_cart_72h_cart_27,0.2195121951219512,0.7692307692307693,0.5497185741088181,all_images
ncih2170_cart_72h_cart_31,0.2753623188405797,0.7135135135135136,0.43815119467293384,all_images
ncih2170_cart_72h_cart_32,0.2142857142857142,0.8253968253968254,0.6111111111111112,all_images
ncih2170_cart_72h_cart_33,0.3216783216783216,0.702928870292887,0.38125054861456537,all_images
ncih2170_cart_72h_cart_36,0.4693877551020408,0.8484848484848485,0.3790970933828077,all_images
ncih2170_cart_72h_cart_38,0.6410256410256411,0.6851851851851852,0.04415954415954415,all_images
ncih2170_cart_72h_cart_4,0.40625,0.3103448275862069,-0.0959051724137931,all_images
ncih2170_cart_72h_cart_40,0.6666666666666666,0.8780487804878049,0.21138211382113825,all_images
ncih2170_cart_72h_cart_47,0.1956521739130435,0.7785234899328859,0.5828713160198424,all_images
ncih2170_cart_72h_cart_49,0.4615384615384615,0.7894736842105263,0.3279352226720648,all_images
ncih2170_cart_72h_cart_5,0.5365853658536586,0.6666666666666666,0.13008130081300806,all_images
ncih2170_cart_72h_cart_55,0.4578313253012048,0.8421052631578947,0.3842739378566899,all_images
ncih2170_cart_72h_cart_57,0.0952380952380952,0.8539325842696629,0.7586944890315677,all_images
ncih2170_cart_72h_cart_60,0.391304347826087,0.4848484848484848,0.09354413702239783,all_images
ncih2170_cart_72h_cart_61,0.1818181818181818,0.7142857142857143,0.5324675324675325,all_images
ncih2170_cart_72h_cart_62,0.3728813559322034,0.8395061728395061,0.46662481690730273,all_images
ncih2170_cart_72h_cart_63,0.1914893617021276,0.8082191780821918,0.6167298163800642,all_images
ncih2170_cart_72h_cart_64,0.0975609756097561,0.7938931297709924,0.6963321541612363,all_images
ncih2170_cart_72h_cart_69,0.0377358490566037,0.8333333333333334,0.7955974842767297,all_images
ncih2170_cart_72h_cart_73,0.3789473684210526,0.8702290076335878,0.4912816392125352,all_images
ncih2170_cart_72h_cart_77,0.5094339622641509,0.8,0.2905660377358491,all_images
ncih2170_cart_72h_cart_78,0.5194805194805194,0.8333333333333334,0.31385281385281394,all_images
ncih2170_cart_72h_cart_80,0.5352941176470588,0.8617511520737328,0.32645703442667395,all_images
ncih2170_cart_72h_cart_81,0.7032967032967034,0.8282828282828283,0.12498612498612494,all_images
ncih2170_cart_72h_cart_82,0.3095238095238095,0.8548387096774194,0.54531490015361,all_images
ncih2170_cart_72h_cart_83,0.4307692307692308,0.7934782608695652,0.3627090301003344,all_images
ncih2170_cart_72h_cart_88,0.2814814814814815,0.6808510638297872,0.3993695823483057,all_images
ncih2170_cart_72h_cart_89,0.5986013986013986,0.8212226066897347,0.22262120808833608,all_images
ncih2170_cart_72h_cart_90,0.6125461254612546,0.7755102040816326,0.16296407862037798,all_images
ncih2170_cart_72h_cart_91,0.4661354581673306,0.6657681940700808,0.1996327359027502,all_images
ncih2170_cart_72h_cart_93,0.4067796610169492,0.7658227848101266,0.3590431237931774,all_images
ncih2170_cart_72h_cart_95,0.1761363636363636,0.6666666666666666,0.49053030303030304,all_images
ncih2170_cart_72h_cart_96,0.4748201438848921,0.7916666666666666,0.31684652278177455,all_images
ncih2170_cart_72h_cart_97,0.5182186234817814,0.8914956011730205,0.37327697769123913,all_images
ncih2170_cart_72h_cart_99,0.5284552845528455,0.6495176848874598,0.12106240033461424,all_images
ncih2170_cart_72h_nt_ctrl_10,0.5765765765765766,0.7972972972972973,0.2207207207207207,all_images
ncih2170_cart_72h_nt_ctrl_100,0.4736842105263157,0.7736625514403292,0.29997834091401354,all_images
ncih2170_cart_72h_nt_ctrl_12,0.4581818181818182,0.8355795148247979,0.3773976966429797,all_images
ncih2170_cart_72h_nt_ctrl_13,0.3366336633663366,0.7761194029850746,0.43948573961873805,all_images
ncih2170_cart_72h_nt_ctrl_16,0.6324786324786325,0.8633093525179856,0.23083072003935312,all_images
ncih2170_cart_72h_nt_ctrl_17,0.525096525096525,0.8402366863905325,0.31514016129400746,all_images
ncih2170_cart_72h_nt_ctrl_18,0.25,0.770949720670391,0.520949720670391,all_images
ncih2170_cart_72h_nt_ctrl_19,0.5957446808510638,0.8813559322033898,0.285611251352326,all_images
ncih2170_cart_72h_nt_ctrl_20,0.3544303797468354,0.8444444444444444,0.49001406469760905,all_images
ncih2170_cart_72h_nt_ctrl_21,0.599250936329588,0.8318042813455657,0.23255334501597769,all_images
ncih2170_cart_72h_nt_ctrl_24,0.1,0.7692307692307693,0.6692307692307693,all_images
ncih2170_cart_72h_nt_ctrl_26,0.2649006622516556,0.8458149779735683,0.5809143157219128,all_images
ncih2170_cart_72h_nt_ctrl_28,0.6290322580645161,0.8367346938775511,0.20770243581303494,all_images
ncih2170_cart_72h_nt_ctrl_32,0.3057851239669421,0.8174386920980926,0.5116535681311505,all_images
ncih2170_cart_72h_nt_ctrl_37,0.3703703703703703,0.7932960893854749,0.4229257190151046,all_images
ncih2170_cart_72h_nt_ctrl_39,0.1034482758620689,0.735632183908046,0.632183908045977,all_images
ncih2170_cart_72h_nt_ctrl_4,0.44,0.2774566473988439,-0.1625433526011561,all_images
ncih2170_cart_72h_nt_ctrl_41,0.1538461538461538,0.8130081300813008,0.659161976235147,all_images
ncih2170_cart_72h_nt_ctrl_43,0.2181818181818181,0.8262548262548263,0.6080730080730081,all_images
ncih2170_cart_72h_nt_ctrl_44,0.4848484848484848,0.8296296296296296,0.3447811447811448,all_images
ncih2170_cart_72h_nt_ctrl_45,0.550185873605948,0.8477611940298507,0.2975753204239028,all_images
ncih2170_cart_72h_nt_ctrl_46,0.4076433121019108,0.8616071428571429,0.4539638307552321,all_images
ncih2170_cart_72h_nt_ctrl_47,0.4711538461538461,0.8763250883392226,0.40517124218537653,all_images
ncih2170_cart_72h_nt_ctrl_48,0.2352941176470588,0.7027027027027027,0.467408585055644,all_images
ncih2170_cart_72h_nt_ctrl_49,0.574468085106383,0.639344262295082,0.06487617718869898,all_images
ncih2170_cart_72h_nt_ctrl_52,0.1818181818181818,0.4948453608247423,0.3130271790065605,all_images
ncih2170_cart_72h_nt_ctrl_54,0.494047619047619,0.7775175644028103,0.28346994535519127,all_images
ncih2170_cart_72h_nt_ctrl_55,0.4797297297297297,0.679144385026738,0.1994146552970083,all_images
ncih2170_cart_72h_nt_ctrl_56,0.379746835443038,0.7064439140811456,0.3266970786381076,all_images
ncih2170_cart_72h_nt_ctrl_57,0.4210526315789473,0.7177033492822966,0.29665071770334933,all_images
ncih2170_cart_72h_nt_ctrl_58,0.0552995391705069,0.7051671732522796,0.6498676340817727,all_images
ncih2170_cart_72h_nt_ctrl_59,0.5764192139737991,0.6640316205533597,0.0876124065795606,all_images
ncih2170_cart_72h_nt_ctrl_6,0.5675675675675675,0.851063829787234,0.2834962622196665,all_images
ncih2170_cart_72h_nt_ctrl_61,0.5987654320987654,0.7684210526315789,0.16965562053281347,all_images
ncih2170_cart_72h_nt_ctrl_62,0.4090909090909091,0.6666666666666666,0.2575757575757575,all_images
ncih2170_cart_72h_nt_ctrl_63,0.5800865800865801,0.8552188552188552,0.2751322751322751,all_images
ncih2170_cart_72h_nt_ctrl_65,0.1204819277108433,0.5614035087719298,0.4409215810610865,all_images
ncih2170_cart_72h_nt_ctrl_66,0.3555555555555555,0.6202783300198808,0.26472277446432524,all_images
ncih2170_cart_72h_nt_ctrl_67,0.3103448275862069,0.7435897435897436,0.4332449160035367,all_images
ncih2170_cart_72h_nt_ctrl_69,0.2627737226277372,0.5979381443298969,0.3351644217021597,all_images
ncih2170_cart_72h_nt_ctrl_71,0.3096774193548387,0.5586592178770949,0.24898179852225621,all_images
ncih2170_cart_72h_nt_ctrl_74,0.6356877323420075,0.8390243902439024,0.20333665790189492,all_images
ncih2170_cart_72h_nt_ctrl_75,0.3909774436090225,0.8143712574850299,0.42339381387600744,all_images
ncih2170_cart_72h_nt_ctrl_77,0.4285714285714285,0.753731343283582,0.32515991471215355,all_images
ncih2170_cart_72h_nt_ctrl_80,0.4227005870841487,0.7310549777117384,0.30835439062758974,all_images
ncih2170_cart_72h_nt_ctrl_81,0.7133757961783439,0.8769574944071589,0.16358169822881496,all_images
ncih2170_cart_72h_nt_ctrl_83,0.4845814977973568,0.8145695364238411,0.3299880386264843,all_images
ncih2170_cart_72h_nt_ctrl_87,0.3138686131386861,0.7142857142857143,0.4004171011470282,all_images
ncih2170_cart_72h_nt_ctrl_88,0.5702917771883289,0.7636363636363637,0.19334458644803476,all_images
ncih2170_cart_72h_nt_ctrl_9,0.4137931034482758,0.84,0.42620689655172417,all_images
ncih2170_cart_72h_nt_ctrl_91,0.6242774566473989,0.8285714285714286,0.20429397192402976,all_images
ncih2170_cart_72h_nt_ctrl_92,0.7355371900826446,0.8185053380782918,0.08296814799564722,all_images
ncih2170_cart_72h_nt_ctrl_93,0.4371772805507745,0.7744458930899609,0.33726861253918644,all_images
ncih2170_cart_72h_nt_ctrl_94,0.5846153846153846,0.7801047120418848,0.19548932742650016,all_images
ncih2170_cart_72h_nt_ctrl_99,0.6105263157894737,0.7454545454545455,0.13492822966507179,all_images
ncih2170_ctrl_1_24,0.5555555555555556,0.8267090620031796,0.27115350644762404,all_images
ncih2170_ctrl_1_25,0.6899563318777293,0.8560606060606061,0.16610427418287677,all_images
ncih2170_ctrl_1_27,0.6063100137174211,0.8777895855472901,0.27147957182986904,all_images
ncih2170_ctrl_1_29,0.6451612903225806,0.9074074074074074,0.2622461170848268,all_images
ncih2170_ctrl_1_30,0.4901960784313725,0.8747044917257684,0.3845084132943959,all_images
ncih2170_ctrl_1_33,0.6534954407294833,0.8164251207729468,0.16292968004346353,all_images
ncih2170_ctrl_1_37,0.5766871165644172,0.8405797101449275,0.2638925935805103,all_images
ncih2170_ctrl_1_39,0.6508474576271186,0.847457627118644,0.19661016949152543,all_images
ncih2170_ctrl_1_41,0.6218487394957983,0.871331828442438,0.24948308894663962,all_images
ncih2170_ctrl_1_44,0.5525291828793775,0.8497109826589595,0.29718179977958203,all_images
ncih2170_ctrl_1_45,0.5572139303482587,0.819672131147541,0.2624582007992823,all_images
ncih2170_ctrl_1_50,0.6702412868632708,0.9324894514767932,0.2622481646135224,all_images
ncih2170_ctrl_1_51,0.4619565217391304,0.8408163265306122,0.37885980479148185,all_images
ncih2170_ctrl_1_53,0.4092664092664093,0.8446511627906976,0.43538475352428835,all_images
ncih2170_ctrl_1_54,0.4984423676012461,0.8544152744630071,0.35597290686176103,all_images
ncih2170_ctrl_1_55,0.4775353016688061,0.8267716535433071,0.34923635187450097,all_images
ncih2170_ctrl_1_58,0.5859375,0.8807339449541285,0.2947964449541285,all_images
ncih2170_ctrl_1_60,0.4778523489932886,0.86,0.3821476510067114,all_images
ncih2170_ctrl_1_61,0.4660766961651917,0.8333333333333334,0.36725663716814166,all_images
ncih2170_ctrl_1_62,0.5084745762711864,0.8129496402877698,0.3044750640165834,all_images
ncih2170_ctrl_1_65,0.5850746268656717,0.7731958762886598,0.18812124942298813,all_images
ncih2170_ctrl_1_66,0.558252427184466,0.696969696969697,0.13871726978523102,all_images
ncih2170_ctrl_1_68,0.6968838526912181,0.8957345971563981,0.19885074446518003,all_images
ncih2170_ctrl_1_70,0.6557377049180327,0.8372093023255814,0.1814715974075487,all_images
ncih2170_ctrl_1_82,0.6655896607431341,0.8355795148247979,0.16998985408166378,all_images
ncih2170_ctrl_1_86,0.4658119658119658,0.8208469055374593,0.3550349397254935,all_images
ncih2170_ctrl_1_88,0.5363825363825364,0.8195121951219512,0.28312965873941476,all_images
ncih2170_ctrl_1_89,0.4497695852534562,0.7945791726105563,0.3448095873571001,all_images
ncih2170_ctrl_1_90,0.5166666666666667,0.7619047619047619,0.24523809523809514,all_images
ncih2170_ctrl_1_94,0.7515657620041754,0.8990825688073395,0.14751680680316415,all_images
ncih2170_ctrl_1_95,0.3736263736263736,0.8095238095238095,0.43589743589743596,all_images
ncih2170_ctrl_1_98,0.5549132947976878,0.8495575221238938,0.294644227326206,all_images
ncih2170_ctrl_1_99,0.5659163987138264,0.8861386138613861,0.3202222151475598,all_images
ncih2170_ctrl_2_102,0.4233128834355828,0.7434052757793765,0.3200923923437937,all_images
ncih2170_ctrl_2_103,0.3759398496240601,0.8780487804878049,0.5021089308637448,all_images
ncih2170_ctrl_2_105,0.6830985915492958,0.8693181818181818,0.18621959026888601,all_images
ncih2170_ctrl_2_106,0.5162337662337663,0.8200514138817481,0.3038176476479818,all_images
ncih2170_ctrl_2_107,0.4054054054054054,0.892018779342723,0.48661337393731763,all_images
ncih2170_ctrl_2_110,0.6581956797966964,0.8503253796095445,0.1921296998128481,all_images
ncih2170_ctrl_2_112,0.5566343042071198,0.7688022284122563,0.21216792420513653,all_images
ncih2170_ctrl_2_114,0.4757575757575757,0.832183908045977,0.35642633228840126,all_images
ncih2170_ctrl_2_115,0.4889779559118236,0.8320950965824666,0.34311714067064303,all_images
ncih2170_ctrl_2_116,0.5,0.7975460122699386,0.2975460122699386,all_images
ncih2170_ctrl_2_117,0.7436823104693141,0.8924050632911392,0.14872275282182512,all_images
ncih2170_ctrl_2_118,0.5491803278688525,0.8344370860927153,0.28525675822386276,all_images
ncih2170_ctrl_2_119,0.48,0.7822410147991543,0.30224101479915433,all_images
ncih2170_ctrl_2_121,0.5476603119584056,0.8299319727891157,0.2822716608307101,all_images
ncih2170_ctrl_2_122,0.3801652892561983,0.7378640776699029,0.3576987884137046,all_images
ncih2170_ctrl_2_123,0.5681063122923588,0.8460508701472557,0.2779445578548969,all_images
ncih2170_ctrl_2_124,0.5872340425531914,0.8424657534246576,0.2552317108714661,all_images
ncih2170_ctrl_2_125,0.5733788395904437,0.7837837837837838,0.2104049441933401,all_images
ncih2170_ctrl_2_126,0.5857142857142857,0.8602739726027397,0.274559686888454,all_images
ncih2170_ctrl_2_127,0.5478927203065134,0.8267477203647416,0.2788550000582283,all_images
ncih2170_ctrl_2_129,0.4848484848484848,0.7446808510638298,0.25983236621534495,all_images
ncih2170_ctrl_2_130,0.477124183006536,0.7802469135802469,0.3031227305737109,all_images
ncih2170_ctrl_2_132,0.5639686684073107,0.8611670020120724,0.29719833360476167,all_images
ncih2170_ctrl_2_133,0.5503875968992248,0.7389380530973452,0.1885504561981204,all_images
ncih2170_ctrl_2_134,0.5086042065009561,0.8281938325991189,0.3195896260981629,all_images
ncih2170_ctrl_2_136,0.6226012793176973,0.8327272727272728,0.2101259934095755,all_images
ncih2170_ctrl_2_139,0.5089820359281437,0.8425925925925926,0.33361055666444883,all_images
ncih2170_ctrl_2_141,0.2153846153846154,0.7329842931937173,0.5175996778091019,all_images
ncih2170_ctrl_2_143,0.5399239543726235,0.8630952380952381,0.3231712837226146,all_images
ncih2170_ctrl_2_22,0.328922495274102,0.7371428571428571,0.4082203618687551,all_images
ncih2170_ctrl_2_24,0.4268292682926829,0.8114075436982521,0.38457827540556916,all_images
ncih2170_ctrl_2_27,0.4936530324400564,0.771850170261067,0.2781971378210105,all_images
ncih2170_ctrl_2_28,0.5853658536585366,0.8477842003853564,0.26241834672681985,all_images
ncih2170_ctrl_2_29,0.5968992248062015,0.7768115942028986,0.17991236939669708,all_images
ncih2170_ctrl_2_30,0.5273885350318471,0.721058434399118,0.19366989936727086,all_images
ncih2170_ctrl_2_31,0.6417910447761194,0.8674698795180723,0.22567883474195294,all_images
ncih2170_ctrl_2_35,0.5668571428571428,0.7875939849624061,0.22073684210526323,all_images
ncih2170_ctrl_2_40,0.4455958549222797,0.8007889546351085,0.35519309971282875,all_images
ncih2170_ctrl_2_41,0.5339901477832513,0.8321623731459797,0.29817222536272847,all_images
ncih2170_ctrl_2_92,0.2118126272912423,0.7345767575322812,0.522764130241039,all_images
ncih2170_ctrl_2_93,0.5784313725490197,0.8126232741617357,0.23419190161271608,all_images
ncih2170_ctrl_2_94,0.4926108374384236,0.768,0.2753891625615764,all_images
ncih2170_ctrl_2_96,0.4153846153846154,0.7976878612716763,0.38230324588706094,all_images
ncih2170_ctrl_2_99,0.5481481481481482,0.8293650793650794,0.28121693121693125,all_images
ncih2170_facs_fish_0223_high_her2_10,0.3529411764705882,0.7467811158798283,0.3938399394092401,all_images
ncih2170_facs_fish_0223_high_her2_11,0.2260869565217391,0.7586206896551724,0.5325337331334332,all_images
ncih2170_facs_fish_0223_high_her2_13,0.4643584521384928,0.7904,0.3260415478615072,all_images
ncih2170_facs_fish_0223_high_her2_16,0.4615384615384615,0.8484848484848485,0.386946386946387,all_images
ncih2170_facs_fish_0223_high_her2_18,0.3809523809523809,0.8297872340425532,0.4488348530901723,all_images
ncih2170_facs_fish_0223_high_her2_19,0.5413533834586466,0.8214285714285714,0.2800751879699248,all_images
ncih2170_facs_fish_0223_high_her2_2,0.4504504504504504,0.8289473684210527,0.37849691797060225,all_images
ncih2170_facs_fish_0223_high_her2_20,0.5084745762711864,0.7808219178082192,0.27234734153703277,all_images
ncih2170_facs_fish_0223_high_her2_3,0.2773722627737226,0.7536231884057971,0.4762509256320745,all_images
ncih2170_facs_fish_0223_high_her2_4,0.6140350877192983,0.8345323741007195,0.2204972863814212,all_images
ncih2170_facs_fish_0223_high_her2_5,0.4676616915422885,0.7375886524822695,0.269926960939981,all_images
ncih2170_facs_fish_0223_high_her2_6,0.498876404494382,0.795774647887324,0.296898243392942,all_images
ncih2170_facs_fish_0223_high_her2_7,0.4883720930232558,0.8976377952755905,0.4092657022523347,all_images
ncih2170_facs_fish_0223_high_her2_8,0.3173431734317343,0.7864583333333334,0.4691151599015991,all_images
ncih2170_facs_fish_0223_high_her2_9,0.3620689655172414,0.7682926829268293,0.4062237174095879,all_images
ncih2170_facs_fish_0223_low_her2_10,0.2222222222222222,0.6153846153846154,0.3931623931623932,all_images
ncih2170_facs_fish_0223_low_her2_12,0.6194690265486725,0.752,0.13253097345132747,all_images
ncih2170_facs_fish_0223_low_her2_19,0.1777777777777777,0.8235294117647058,0.6457516339869281,all_images
ncih2170_facs_fish_0223_low_her2_2,0.4050632911392405,0.7721179624664879,0.3670546713272474,all_images
ncih2170_facs_fish_0223_low_her2_6,0.0,0.7333333333333333,0.7333333333333333,all_images
ncih2170_facs_fish_0223_low_her2_9,0.4242424242424242,0.8372093023255814,0.41296687808315724,all_images
ncih2170_facs_fish_0423_high_her2_21,0.4935064935064935,0.918918918918919,0.42541242541242547,all_images
ncih2170_facs_fish_0423_high_her2_23,0.6829268292682927,0.8870056497175142,0.20407882044922143,all_images
ncih2170_facs_fish_0423_high_her2_24,0.1390374331550802,0.7476038338658147,0.6085664007107345,all_images
ncih2170_facs_fish_0423_high_her2_25,0.6802721088435374,0.9289617486338798,0.24868963979034242,all_images
ncih2170_facs_fish_0423_high_her2_27,0.4214711729622266,0.7744807121661721,0.3530095392039455,all_images
ncih2170_facs_fish_0423_low_her2_10,0.6527777777777778,0.904494382022472,0.2517166042446942,all_images
ncih2170_facs_fish_0423_low_her2_101,0.5974025974025974,0.9128205128205128,0.3154179154179154,all_images
ncih2170_facs_fish_0423_low_her2_104,0.6170212765957447,0.896551724137931,0.27953044754218637,all_images
ncih2170_facs_fish_0423_low_her2_105,0.6021505376344086,0.9243697478991596,0.322219210264751,all_images
ncih2170_facs_fish_0423_low_her2_109,0.5822784810126582,0.9295774647887324,0.34729898377607415,all_images
ncih2170_facs_fish_0423_low_her2_11,0.2641509433962264,0.6857142857142857,0.4215633423180593,all_images
ncih2170_facs_fish_0423_low_her2_111,0.6075949367088608,0.9295774647887324,0.3219825280798716,all_images
ncih2170_facs_fish_0423_low_her2_115,0.78125,0.9052631578947368,0.12401315789473677,all_images
ncih2170_facs_fish_0423_low_her2_118,0.6060606060606061,0.8717948717948718,0.26573426573426573,all_images
ncih2170_facs_fish_0423_low_her2_14,0.660377358490566,0.7931034482758621,0.1327260897852961,all_images
ncih2170_facs_fish_0423_low_her2_16,0.6595744680851063,0.8380952380952381,0.17852077001013178,all_images
ncih2170_facs_fish_0423_low_her2_18,0.1964285714285714,0.8284023668639053,0.6319737954353339,all_images
ncih2170_facs_fish_0423_low_her2_20,0.2,0.366412213740458,0.166412213740458,all_images
ncih2170_facs_fish_0423_low_her2_21,0.1538461538461538,0.6285714285714286,0.47472527472527476,all_images
ncih2170_facs_fish_0423_low_her2_22,0.4941176470588235,0.6804123711340206,0.18629472407519715,all_images
ncih2170_facs_fish_0423_low_her2_28,0.4140969162995594,0.6666666666666666,0.2525697503671072,all_images
ncih2170_facs_fish_0423_low_her2_3,0.4561403508771929,0.9149797570850202,0.4588394062078273,all_images
ncih2170_facs_fish_0423_low_her2_30,0.1509433962264151,0.863905325443787,0.7129619292173719,all_images
ncih2170_facs_fish_0423_low_her2_31_b,0.5384615384615384,0.8200589970501475,0.2815974585886091,all_images
ncih2170_facs_fish_0423_low_her2_35,0.3203125,0.8310991957104558,0.5107866957104558,all_images
ncih2170_facs_fish_0423_low_her2_37,0.6595744680851063,0.8301886792452831,0.17061421116017672,all_images
ncih2170_facs_fish_0423_low_her2_4,0.5301204819277109,0.8516746411483254,0.3215541592206145,all_images
ncih2170_facs_fish_0423_low_her2_43,0.4921465968586387,0.8366533864541833,0.3445067895955446,all_images
ncih2170_facs_fish_0423_low_her2_44,0.6839378238341969,0.9288702928870292,0.24493246905283228,all_images
ncih2170_facs_fish_0423_low_her2_46,0.5432098765432098,0.882943143812709,0.33973326726949915,all_images
ncih2170_facs_fish_0423_low_her2_48,0.4274809160305343,0.93048128342246,0.5030003673919257,all_images
ncih2170_facs_fish_0423_low_her2_49,0.4623655913978494,0.9201520912547528,0.45778649985690345,all_images
ncih2170_facs_fish_0423_low_her2_56,0.3969465648854962,0.8770053475935828,0.48005878270808666,all_images
ncih2170_facs_fish_0423_low_her2_59,0.2786069651741293,0.8356164383561644,0.5570094731820351,all_images
ncih2170_facs_fish_0423_low_her2_64,0.7567567567567568,0.9223744292237442,0.16561767246698744,all_images
ncih2170_facs_fish_0423_low_her2_65,0.4210526315789473,0.7888888888888889,0.36783625730994157,all_images
ncih2170_facs_fish_0423_low_her2_66,0.6268656716417911,0.6785714285714286,0.051705756929637525,all_images
ncih2170_facs_fish_0423_low_her2_68,0.4927536231884058,0.7317073170731707,0.2389536938847649,all_images
ncih2170_facs_fish_0423_low_her2_7,0.28,0.7407407407407407,0.4607407407407407,all_images
ncih2170_facs_fish_0423_low_her2_71,0.5686274509803921,0.916030534351145,0.3474030833707529,all_images
ncih2170_facs_fish_0423_low_her2_72,0.4574468085106383,0.7936507936507936,0.3362039851401553,all_images
ncih2170_facs_fish_0423_low_her2_74,0.4748201438848921,0.8979591836734694,0.4231390397885773,all_images
ncih2170_facs_fish_0423_low_her2_75,0.6057142857142858,0.8968609865470852,0.2911467008327995,all_images
ncih2170_facs_fish_0423_low_her2_76,0.7492447129909365,0.9353233830845772,0.18607867009364065,all_images
ncih2170_facs_fish_0423_low_her2_8,0.22,0.8243243243243243,0.6043243243243244,all_images
ncih2170_facs_fish_0423_low_her2_83,0.6410256410256411,0.8952380952380953,0.2542124542124542,all_images
ncih2170_facs_fish_0423_low_her2_87,0.2619047619047619,0.8780487804878049,0.6161440185830429,all_images
ncih2170_facs_fish_0423_low_her2_9,0.348314606741573,0.7565217391304347,0.40820713238886175,all_images
ncih2170_facs_fish_0423_low_her2_91,0.2444444444444444,0.8859060402684564,0.641461595824012,all_images
ncih2170_facs_fish_0423_low_her2_94,0.3057324840764331,0.8790322580645161,0.573299773988083,all_images
ncih2170_facs_fish_0423_low_her2_95,0.5142857142857142,0.88,0.36571428571428577,all_images
ncih2170_facs_fish_0423_low_her2_97,0.5093167701863354,0.8909952606635071,0.38167849047717173,all_images
ncih2170_facs_fish_0423_low_her2_98,0.649746192893401,0.9029535864978904,0.2532073936044894,all_images
ncih2170_facs_fish_0723_high_her2_1,0.3518930957683742,0.7612687813021702,0.40937568553379605,all_images
ncih2170_facs_fish_0723_high_her2_10,0.5790697674418605,0.7510373443983402,0.1719675769564798,all_images
ncih2170_facs_fish_0723_high_her2_102,0.5065963060686016,0.8179959100204499,0.3113996039518483,all_images
ncih2170_facs_fish_0723_high_her2_103,0.6797385620915033,0.8784530386740331,0.19871447658252983,all_images
ncih2170_facs_fish_0723_high_her2_104,0.5964912280701754,0.8792270531400966,0.28273582506992123,all_images
ncih2170_facs_fish_0723_high_her2_108,0.4904214559386973,0.7133757961783439,0.2229543402396466,all_images
ncih2170_facs_fish_0723_high_her2_109,0.4910485933503836,0.8500948766603416,0.35904628330995797,all_images
ncih2170_facs_fish_0723_high_her2_11,0.4938704028021016,0.7283493708364175,0.2344789680343159,all_images
ncih2170_facs_fish_0723_high_her2_110,0.540650406504065,0.8137254901960784,0.2730750836920134,all_images
ncih2170_facs_fish_0723_high_her2_111,0.25625,0.7337807606263982,0.4775307606263982,all_images
ncih2170_facs_fish_0723_high_her2_113,0.5654712260216848,0.85473411154345,0.28926288552176527,all_images
ncih2170_facs_fish_0723_high_her2_114,0.5145413870246085,0.7949640287769785,0.28042264175236997,all_images
ncih2170_facs_fish_0723_high_her2_116,0.359504132231405,0.8069164265129684,0.44741229428156337,all_images
ncih2170_facs_fish_0723_high_her2_12,0.5087108013937283,0.8617021276595744,0.3529913262658462,all_images
ncih2170_facs_fish_0723_high_her2_120,0.5921787709497207,0.9010526315789472,0.3088738606292265,all_images
ncih2170_facs_fish_0723_high_her2_121,0.4474272930648769,0.7864077669902912,0.33898047392541436,all_images
ncih2170_facs_fish_0723_high_her2_122,0.4129032258064516,0.7663551401869159,0.35345191438046425,all_images
ncih2170_facs_fish_0723_high_her2_123,0.5751633986928104,0.79491833030853,0.21975493161571957,all_images
ncih2170_facs_fish_0723_high_her2_124,0.3163265306122449,0.7918088737201365,0.4754823431078916,all_images
ncih2170_facs_fish_0723_high_her2_125,0.5754716981132075,0.8544152744630071,0.2789435763497996,all_images
ncih2170_facs_fish_0723_high_her2_13,0.5700934579439252,0.796,0.22590654205607485,all_images
ncih2170_facs_fish_0723_high_her2_17,0.514820592823713,0.7638709677419355,0.24905037491822257,all_images
ncih2170_facs_fish_0723_high_her2_18,0.6011428571428571,0.8227360308285164,0.22159317368565934,all_images
ncih2170_facs_fish_0723_high_her2_21,0.4426229508196721,0.7870967741935484,0.3444738233738763,all_images
ncih2170_facs_fish_0723_high_her2_24,0.7027027027027027,0.7756410256410257,0.07293832293832292,all_images
ncih2170_facs_fish_0723_high_her2_27,0.3342036553524804,0.6338329764453962,0.29962932109291573,all_images
ncih2170_facs_fish_0723_high_her2_28,0.6172106824925816,0.8423645320197044,0.2251538495271228,all_images
ncih2170_facs_fish_0723_high_her2_3,0.6188340807174888,0.8158567774936062,0.1970226967761174,all_images
ncih2170_facs_fish_0723_high_her2_30,0.6292947558770343,0.8685376661742984,0.23924291029726408,all_images
ncih2170_facs_fish_0723_high_her2_33,0.5609756097560976,0.74822695035461,0.18725134059851234,all_images
ncih2170_facs_fish_0723_high_her2_36,0.6722222222222223,0.8390243902439024,0.16680216802168013,all_images
ncih2170_facs_fish_0723_high_her2_37,0.6784140969162996,0.7773279352226721,0.09891383830637246,all_images
ncih2170_facs_fish_0723_high_her2_4,0.6070175438596491,0.7884322678843226,0.1814147240246735,all_images
ncih2170_facs_fish_0723_high_her2_40,0.6253164556962025,0.7843575418994413,0.15904108620323876,all_images
ncih2170_facs_fish_0723_high_her2_41,0.3569230769230769,0.8434782608695652,0.48655518394648833,all_images
ncih2170_facs_fish_0723_high_her2_42,0.5844155844155844,0.8388214904679376,0.25440590605235325,all_images
ncih2170_facs_fish_0723_high_her2_54,0.6881720430107527,0.8663594470046083,0.17818740399385558,all_images
ncih2170_facs_fish_0723_high_her2_55,0.3382352941176471,0.7574931880108992,0.4192578938932521,all_images
ncih2170_facs_fish_0723_high_her2_56,0.648936170212766,0.8654708520179372,0.21653468180517121,all_images
ncih2170_facs_fish_0723_high_her2_64,0.7055961070559611,0.9243353783231084,0.21873927126714732,all_images
ncih2170_facs_fish_0723_high_her2_7,0.6929936305732484,0.8162291169451074,0.123235486371859,all_images
ncih2170_facs_fish_0723_high_her2_71,0.4208333333333333,0.7140439932318104,0.29321065989847717,all_images
ncih2170_facs_fish_0723_high_her2_80,0.6720257234726688,0.8695652173913043,0.19753949391863557,all_images
ncih2170_facs_fish_0723_high_her2_82,0.6380697050938338,0.8600682593856656,0.2219985542918318,all_images
ncih2170_facs_fish_0723_high_her2_83,0.25,0.7031578947368421,0.4531578947368421,all_images
ncih2170_facs_fish_0723_high_her2_84,0.4384384384384384,0.7963386727688787,0.3579002343304403,all_images
ncih2170_facs_fish_0723_high_her2_86,0.6333333333333333,0.8268551236749117,0.19352179034157835,all_images
ncih2170_facs_fish_0723_high_her2_87,0.739454094292804,0.8608695652173913,0.12141547092458738,all_images
ncih2170_facs_fish_0723_high_her2_9,0.492836676217765,0.8018223234624146,0.30898564724464955,all_images
ncih2170_facs_fish_0723_high_her2_92,0.3555555555555555,0.7563025210084033,0.4007469654528478,all_images
ncih2170_facs_fish_0723_high_her2_96,0.4832826747720364,0.7481296758104738,0.26484700103843745,all_images
ncih2170_facs_fish_0723_high_her2_98,0.5506329113924051,0.8274111675126904,0.2767782561202853,all_images
ncih2170_facs_fish_0723_low_her2_1,0.425531914893617,0.7666666666666667,0.3411347517730497,all_images
ncih2170_facs_fish_0723_low_her2_10,0.5878378378378378,0.7610619469026548,0.173224109064817,all_images
ncih2170_facs_fish_0723_low_her2_101,0.375,0.8,0.42500000000000004,all_images
ncih2170_facs_fish_0723_low_her2_103,0.6708860759493671,0.8753315649867374,0.20444548903737025,all_images
ncih2170_facs_fish_0723_low_her2_106,0.5882352941176471,0.8264462809917356,0.23821098687408848,all_images
ncih2170_facs_fish_0723_low_her2_108,0.7142857142857143,0.8131868131868132,0.09890109890109888,all_images
ncih2170_facs_fish_0723_low_her2_11,0.5692883895131086,0.7586206896551724,0.18933230014206381,all_images
ncih2170_facs_fish_0723_low_her2_112,0.3809523809523809,0.87,0.4890476190476191,all_images
ncih2170_facs_fish_0723_low_her2_115,0.4285714285714285,0.780952380952381,0.35238095238095246,all_images
ncih2170_facs_fish_0723_low_her2_116,0.3909774436090225,0.8260869565217391,0.43510951291271666,all_images
ncih2170_facs_fish_0723_low_her2_117,0.4074074074074074,0.8394004282655246,0.43199302085811725,all_images
ncih2170_facs_fish_0723_low_her2_118,0.5384615384615384,0.7875,0.24903846153846154,all_images
ncih2170_facs_fish_0723_low_her2_12,0.4202898550724637,0.7613636363636364,0.34107378129117266,all_images
ncih2170_facs_fish_0723_low_her2_124,0.4646464646464646,0.8561643835616438,0.39151791891517923,all_images
ncih2170_facs_fish_0723_low_her2_125,0.2758620689655172,0.6090909090909091,0.33322884012539195,all_images
ncih2170_facs_fish_0723_low_her2_126,0.3529411764705882,0.8062015503875969,0.4532603739170087,all_images
ncih2170_facs_fish_0723_low_her2_13,0.25,0.5850340136054422,0.33503401360544216,all_images
ncih2170_facs_fish_0723_low_her2_15,0.4858757062146893,0.6363636363636364,0.15048793014894707,all_images
ncih2170_facs_fish_0723_low_her2_20,0.4188034188034188,0.6618705035971223,0.24306708479370348,all_images
ncih2170_facs_fish_0723_low_her2_21,0.6865671641791045,0.9034907597535934,0.21692359557448893,all_images
ncih2170_facs_fish_0723_low_her2_22,0.4365482233502538,0.75,0.3134517766497462,all_images
ncih2170_facs_fish_0723_low_her2_23,0.4385964912280701,0.8387096774193549,0.4001131861912848,all_images
ncih2170_facs_fish_0723_low_her2_25,0.1967213114754098,0.8867924528301887,0.6900711413547789,all_images
ncih2170_facs_fish_0723_low_her2_27,0.6176470588235294,0.8316831683168316,0.2140361094933022,all_images
ncih2170_facs_fish_0723_low_her2_28,0.1956521739130435,0.7777777777777778,0.5821256038647343,all_images
ncih2170_facs_fish_0723_low_her2_3,0.6210526315789474,0.8571428571428571,0.23609022556390968,all_images
ncih2170_facs_fish_0723_low_her2_32,0.4356435643564356,0.7922077922077922,0.35656422785135666,all_images
ncih2170_facs_fish_0723_low_her2_34,0.5242718446601942,0.8244274809160306,0.3001556362558364,all_images
ncih2170_facs_fish_0723_low_her2_38,0.3584905660377358,0.8243243243243243,0.4658337582865885,all_images
ncih2170_facs_fish_0723_low_her2_39,0.3387096774193548,0.8877551020408163,0.5490454246214616,all_images
ncih2170_facs_fish_0723_low_her2_40,0.4724409448818897,0.88268156424581,0.4102406193639203,all_images
ncih2170_facs_fish_0723_low_her2_42,0.4606060606060606,0.8715596330275229,0.41095357242146235,all_images
ncih2170_facs_fish_0723_low_her2_43,0.3555555555555555,0.900763358778626,0.5452078032230705,all_images
ncih2170_facs_fish_0723_low_her2_44,0.5714285714285714,0.888135593220339,0.3167070217917676,all_images
ncih2170_facs_fish_0723_low_her2_45,0.5258215962441315,0.8401486988847584,0.3143271026406269,all_images
ncih2170_facs_fish_0723_low_her2_51,0.4172661870503597,0.8209606986899564,0.40369451163959663,all_images
ncih2170_facs_fish_0723_low_her2_52,0.5283018867924528,0.8857142857142857,0.35741239892183285,all_images
ncih2170_facs_fish_0723_low_her2_53,0.32,0.8324324324324325,0.5124324324324325,all_images
ncih2170_facs_fish_0723_low_her2_54,0.5853658536585366,0.8430493273542601,0.25768347369572353,all_images
ncih2170_facs_fish_0723_low_her2_57,0.4625407166123778,0.7208672086720868,0.258326492059709,all_images
ncih2170_facs_fish_0723_low_her2_6,0.1772151898734177,0.8305084745762712,0.6532932847028535,all_images
ncih2170_facs_fish_0723_low_her2_60,0.5648854961832062,0.8654970760233918,0.3006115798401856,all_images
ncih2170_facs_fish_0723_low_her2_62,0.4722222222222222,0.7777777777777778,0.3055555555555556,all_images
ncih2170_facs_fish_0723_low_her2_68,0.44,0.4385964912280701,-0.0014035087719299066,all_images
ncih2170_facs_fish_0723_low_her2_70,0.1705426356589147,0.7916666666666666,0.6211240310077519,all_images
ncih2170_facs_fish_0723_low_her2_75,0.2745098039215686,0.868421052631579,0.5939112487100104,all_images
ncih2170_facs_fish_0723_low_her2_77,0.2898550724637681,0.8351648351648352,0.545309762701067,all_images
ncih2170_facs_fish_0723_low_her2_83,0.4954128440366973,0.8091603053435115,0.3137474613068142,all_images
ncih2170_facs_fish_0723_low_her2_86,0.4729729729729729,0.7722772277227723,0.2993042547497994,all_images
ncih2170_facs_fish_0723_low_her2_87,0.345679012345679,0.717948717948718,0.37226970560303896,all_images
ncih2170_facs_fish_0723_low_her2_88,0.4838709677419355,0.7920792079207921,0.3082082401788566,all_images
ncih2170_facs_fish_0723_low_her2_89,0.3298969072164948,0.6631016042780749,0.33320469706158007,all_images
ncih2170_facs_fish_0723_low_her2_90,0.5921052631578947,0.8541666666666666,0.26206140350877194,all_images
ncih2170_facs_fish_0723_low_her2_92,0.6358974358974359,0.8823529411764706,0.2464555052790347,all_images
ncih2170_facs_fish_0723_low_her2_93,0.5245901639344263,0.8674698795180723,0.34287971558364605,all_images
ncih2170_facs_fish_0723_low_her2_94,0.4628099173553719,0.8152866242038217,0.3524767068484498,all_images
ncih2170_facs_fish_0723_low_her2_98,0.6666666666666666,0.8285714285714286,0.161904761904762,all_images
ncih2170_facs_fish_0723_pre_sort_ctrl_1,0.6621621621621622,0.9005847953216374,0.2384226331594752,all_images
ncih2170_facs_fish_0723_pre_sort_ctrl_12,0.3963133640552995,0.8544891640866873,0.4581758000313878,all_images
ncih2170_facs_fish_0723_pre_sort_ctrl_14,0.5102880658436214,0.757679180887372,0.24739111504375055,all_images
ncih2170_facs_fish_0723_pre_sort_ctrl_15,0.4150943396226415,0.7896253602305475,0.37453102060790605,all_images
ncih2170_facs_fish_0723_pre_sort_ctrl_16,0.6911764705882353,0.8433734939759037,0.15219702338766838,all_images
ncih2170_facs_fish_0723_pre_sort_ctrl_17,0.5427408412483039,0.854389721627409,0.3116488803791051,all_images
ncih2170_facs_fish_0723_pre_sort_ctrl_18,0.4825581395348837,0.7878787878787878,0.30532064834390416,all_images
ncih2170_facs_fish_0723_pre_sort_ctrl_19,0.5586592178770949,0.7870370370370371,0.22837781915994215,all_images
ncih2170_facs_fish_0723_pre_sort_ctrl_2,0.4264264264264264,0.7833140208574739,0.3568875944310475,all_images
ncih2170_facs_fish_0723_pre_sort_ctrl_21,0.5287356321839081,0.8425720620842572,0.3138364299003491,all_images
ncih2170_facs_fish_0723_pre_sort_ctrl_24,0.3720930232558139,0.8285714285714286,0.45647840531561473,all_images
ncih2170_facs_fish_0723_pre_sort_ctrl_29,0.2803030303030303,0.8661800486618005,0.5858770183587703,all_images
ncih2170_facs_fish_0723_pre_sort_ctrl_31,0.0921052631578947,0.7241379310344828,0.6320326678765881,all_images
ncih2170_facs_fish_0723_pre_sort_ctrl_6,0.4864864864864865,0.8184615384615385,0.33197505197505195,all_images
ncih2170_facs_fish_0723_pre_sort_ctrl_7,0.55,0.8552631578947368,0.3052631578947368,all_images
ncih2170_facs_fish_0723_pre_sort_ctrl_8,0.4444444444444444,0.8192771084337349,0.3748326639892905,all_images
ncih2170_facs_fish_0723_sorted_ctrl_100,0.1428571428571428,0.7790262172284644,0.6361690743713216,all_images
ncih2170_facs_fish_0723_sorted_ctrl_11,0.5106382978723404,0.64,0.12936170212765963,all_images
ncih2170_facs_fish_0723_sorted_ctrl_18,0.4717948717948718,0.8605851979345955,0.38879032613972375,all_images
ncih2170_facs_fish_0723_sorted_ctrl_21,0.3022774327122153,0.7791044776119403,0.47682704489972505,all_images
ncih2170_facs_fish_0723_sorted_ctrl_22,0.202020202020202,0.8,0.5979797979797981,all_images
ncih2170_facs_fish_0723_sorted_ctrl_25,0.2857142857142857,0.8482490272373541,0.5625347415230684,all_images
ncih2170_facs_fish_0723_sorted_ctrl_31,0.4,0.7591240875912408,0.3591240875912408,all_images
ncih2170_facs_fish_0723_sorted_ctrl_32,0.690744920993228,0.8211382113821138,0.1303932903888858,all_images
ncih2170_facs_fish_0723_sorted_ctrl_33,0.4977777777777777,0.7737226277372263,0.2759448499594486,all_images
ncih2170_facs_fish_0723_sorted_ctrl_36,0.3614457831325301,0.8403361344537815,0.4788903513212514,all_images
ncih2170_facs_fish_0723_sorted_ctrl_37,0.6649484536082474,0.8807339449541285,0.2157854913458811,all_images
ncih2170_facs_fish_0723_sorted_ctrl_4,0.4406294706723891,0.8231441048034934,0.3825146341311043,all_images
ncih2170_facs_fish_0723_sorted_ctrl_40,0.4337349397590361,0.8840579710144928,0.4503230312554567,all_images
ncih2170_facs_fish_0723_sorted_ctrl_41,0.6513761467889908,0.8880597014925373,0.23668355470354652,all_images
ncih2170_facs_fish_0723_sorted_ctrl_43,0.2608695652173913,0.8208092485549133,0.5599396833375221,all_images
ncih2170_facs_fish_0723_sorted_ctrl_45,0.3478260869565217,0.6768802228412256,0.32905413588470395,all_images
ncih2170_facs_fish_0723_sorted_ctrl_46,0.3561643835616438,0.7785234899328859,0.4223591063712421,all_images
ncih2170_facs_fish_0723_sorted_ctrl_48,0.5808080808080808,0.8565656565656565,0.27575757575757576,all_images
ncih2170_facs_fish_0723_sorted_ctrl_49,0.578544061302682,0.8160741885625966,0.23753012725991463,all_images
ncih2170_facs_fish_0723_sorted_ctrl_51,0.2840909090909091,0.6881720430107527,0.4040811339198436,all_images
ncih2170_facs_fish_0723_sorted_ctrl_52,0.6890756302521008,0.8070175438596491,0.11794191360754824,all_images
ncih2170_facs_fish_0723_sorted_ctrl_54,0.5283018867924528,0.7263157894736842,0.19801390268123142,all_images
ncih2170_facs_fish_0723_sorted_ctrl_55,0.4298507462686567,0.7634660421545667,0.33361529588591,all_images
ncih2170_facs_fish_0723_sorted_ctrl_57,0.4975369458128079,0.7878787878787878,0.29034184206597996,all_images
ncih2170_facs_fish_0723_sorted_ctrl_58,0.7555555555555555,0.7441860465116279,-0.01136950904392764,all_images
ncih2170_facs_fish_0723_sorted_ctrl_59,0.7586206896551724,0.8496993987975952,0.09107870914242278,all_images
ncih2170_facs_fish_0723_sorted_ctrl_60,0.3902439024390244,0.7682539682539683,0.3780100658149439,all_images
ncih2170_facs_fish_0723_sorted_ctrl_63,0.6158730158730159,0.8578680203045685,0.24199500443155264,all_images
ncih2170_facs_fish_0723_sorted_ctrl_64,0.5847457627118644,0.8439108061749572,0.25916504346309277,all_images
ncih2170_facs_fish_0723_sorted_ctrl_65,0.6169154228855721,0.8351648351648352,0.2182494122792631,all_images
ncih2170_facs_fish_0723_sorted_ctrl_66,0.6436781609195402,0.8514851485148515,0.20780698759531124,all_images
ncih2170_facs_fish_0723_sorted_ctrl_68,0.6086956521739131,0.8043478260869565,0.19565217391304346,all_images
ncih2170_facs_fish_0723_sorted_ctrl_72,0.0524344569288389,0.6862745098039216,0.6338400528750827,all_images
ncih2170_facs_fish_0723_sorted_ctrl_74,0.6666666666666666,0.9117647058823528,0.24509803921568618,all_images
ncih2170_facs_fish_0723_sorted_ctrl_75,0.6521739130434783,0.8476454293628809,0.19547151631940263,all_images
ncih2170_facs_fish_0723_sorted_ctrl_76,0.3454038997214484,0.7692307692307693,0.42382686950932086,all_images
ncih2170_facs_fish_0723_sorted_ctrl_77,0.319672131147541,0.6987179487179487,0.3790458175704077,all_images
ncih2170_facs_fish_0723_sorted_ctrl_79,0.1290322580645161,0.676056338028169,0.5470240799636529,all_images
ncih2170_facs_fish_0723_sorted_ctrl_80,0.669260700389105,0.840064620355412,0.17080391996630695,all_images
ncih2170_facs_fish_0723_sorted_ctrl_85,0.2983050847457627,0.6631299734748011,0.36482488872903834,all_images
ncih2170_facs_fish_0723_sorted_ctrl_87,0.4615384615384615,0.7272727272727273,0.2657342657342658,all_images
ncih2170_facs_fish_0723_sorted_ctrl_9,0.5806451612903226,0.8819875776397516,0.30134241634942893,all_images
ncih2170_facs_fish_0723_sorted_ctrl_91,0.5514950166112956,0.7592067988668555,0.20771178225555986,all_images
ncih2170_facs_fish_0723_sorted_ctrl_96,0.2310756972111553,0.7188405797101449,0.48776488249898964,all_images
ncih2170_facs_fish_0723_sorted_ctrl_99,0.4850746268656716,0.7165109034267912,0.23143627656111965,all_images
ncih2170_jc_jq1_ic50_24h_1,0.2708333333333333,0.7547169811320755,0.4838836477987422,all_images
ncih2170_jc_jq1_ic50_24h_100,0.1,0.7021276595744681,0.6021276595744681,all_images
ncih2170_jc_jq1_ic50_24h_101,0.288,0.7337278106508875,0.44572781065088757,all_images
ncih2170_jc_jq1_ic50_24h_104,0.1927710843373494,0.7428571428571429,0.5500860585197935,all_images
ncih2170_jc_jq1_ic50_24h_106,0.3605442176870748,0.7370892018779343,0.37654498419085947,all_images
ncih2170_jc_jq1_ic50_24h_108,0.2622950819672131,0.7505827505827506,0.4882876686155375,all_images
ncih2170_jc_jq1_ic50_24h_111,0.28,0.74235807860262,0.46235807860262,all_images
ncih2170_jc_jq1_ic50_24h_112,0.2591549295774648,0.7018867924528301,0.44273186287536537,all_images
ncih2170_jc_jq1_ic50_24h_113,0.3510204081632653,0.683076923076923,0.33205651491365773,all_images
ncih2170_jc_jq1_ic50_24h_114,0.4326018808777429,0.8075117370892019,0.374909856211459,all_images
ncih2170_jc_jq1_ic50_24h_115,0.2857142857142857,0.756578947368421,0.4708646616541353,all_images
ncih2170_jc_jq1_ic50_24h_117,0.388235294117647,0.7755102040816326,0.3872749099639856,all_images
ncih2170_jc_jq1_ic50_24h_118,0.25,0.7253886010362695,0.47538860103626945,all_images
ncih2170_jc_jq1_ic50_24h_119,0.3062200956937799,0.7781350482315113,0.47191495253773136,all_images
ncih2170_jc_jq1_ic50_24h_120,0.3867403314917127,0.7083333333333334,0.32159300184162065,all_images
ncih2170_jc_jq1_ic50_24h_17,0.3333333333333333,0.3698630136986301,0.0365296803652968,all_images
ncih2170_jc_jq1_ic50_24h_2,0.2161547212741752,0.7389240506329114,0.5227693293587362,all_images
ncih2170_jc_jq1_ic50_24h_21,0.5411764705882353,0.8074534161490683,0.26627694556083303,all_images
ncih2170_jc_jq1_ic50_24h_23,0.4413793103448276,0.5157593123209169,0.0743800019760893,all_images
ncih2170_jc_jq1_ic50_24h_24,0.2123893805309734,0.6666666666666666,0.45427728613569324,all_images
ncih2170_jc_jq1_ic50_24h_25,0.4715447154471545,0.8284023668639053,0.35685765141675085,all_images
ncih2170_jc_jq1_ic50_24h_26,0.2771084337349397,0.6990291262135923,0.42192069247865255,all_images
ncih2170_jc_jq1_ic50_24h_27,0.5059021922428331,0.8292046936114733,0.32330250136864025,all_images
ncih2170_jc_jq1_ic50_24h_29,0.3140495867768595,0.7762039660056658,0.46215437922880626,all_images
ncih2170_jc_jq1_ic50_24h_30,0.3020833333333333,0.7278481012658228,0.42576476793248946,all_images
ncih2170_jc_jq1_ic50_24h_31,0.4728260869565217,0.8102345415778252,0.3374084546213035,all_images
ncih2170_jc_jq1_ic50_24h_33,0.4375,0.8595744680851064,0.4220744680851064,all_images
ncih2170_jc_jq1_ic50_24h_36,0.4585635359116022,0.7889125799573561,0.3303490440457539,all_images
ncih2170_jc_jq1_ic50_24h_38,0.1269841269841269,0.6163522012578616,0.48936807427373474,all_images
ncih2170_jc_jq1_ic50_24h_40,0.3614457831325301,0.6974789915966386,0.3360332084641085,all_images
ncih2170_jc_jq1_ic50_24h_41,0.3541666666666667,0.2756410256410256,-0.07852564102564108,all_images
ncih2170_jc_jq1_ic50_24h_42,0.1428571428571428,0.6788990825688074,0.5360419397116646,all_images
ncih2170_jc_jq1_ic50_24h_47,0.226950354609929,0.7168141592920354,0.48986380468210644,all_images
ncih2170_jc_jq1_ic50_24h_48,0.1854838709677419,0.6940639269406392,0.5085800559728973,all_images
ncih2170_jc_jq1_ic50_24h_5,0.24,0.5290322580645161,0.28903225806451616,all_images
ncih2170_jc_jq1_ic50_24h_50,0.2857142857142857,0.7407407407407407,0.455026455026455,all_images
ncih2170_jc_jq1_ic50_24h_51,0.567032967032967,0.8585055643879174,0.29147259735495035,all_images
ncih2170_jc_jq1_ic50_24h_53,0.2781456953642384,0.6610169491525424,0.382871253788304,all_images
ncih2170_jc_jq1_ic50_24h_54,0.0384615384615384,0.7176470588235294,0.679185520361991,all_images
ncih2170_jc_jq1_ic50_24h_56,0.3591331269349845,0.744920993227991,0.3857878662930065,all_images
ncih2170_jc_jq1_ic50_24h_61,0.4347826086956521,0.6436781609195402,0.20889555222388811,all_images
ncih2170_jc_jq1_ic50_24h_62,0.4830917874396135,0.7817589576547231,0.29866717021510963,all_images
ncih2170_jc_jq1_ic50_24h_64,0.32,0.7902439024390244,0.4702439024390244,all_images
ncih2170_jc_jq1_ic50_24h_66,0.430379746835443,0.7664399092970522,0.3360601624616092,all_images
ncih2170_jc_jq1_ic50_24h_67,0.2238805970149253,0.5714285714285714,0.3475479744136461,all_images
ncih2170_jc_jq1_ic50_24h_68,0.5414847161572053,0.8406779661016949,0.2991932499444896,all_images
ncih2170_jc_jq1_ic50_24h_69,0.0625,0.8034188034188035,0.7409188034188035,all_images
ncih2170_jc_jq1_ic50_24h_7,0.4067796610169492,0.8035398230088495,0.39676016199190034,all_images
ncih2170_jc_jq1_ic50_24h_72,0.5196850393700787,0.7329842931937173,0.21329925382363857,all_images
ncih2170_jc_jq1_ic50_24h_73,0.4528301886792453,0.8275862068965517,0.3747560182173064,all_images
ncih2170_jc_jq1_ic50_24h_74,0.4187192118226601,0.7906976744186046,0.3719784625959445,all_images
ncih2170_jc_jq1_ic50_24h_75,0.0862068965517241,0.8363636363636363,0.7501567398119122,all_images
ncih2170_jc_jq1_ic50_24h_76_a,0.47,0.7710843373493976,0.30108433734939766,all_images
ncih2170_jc_jq1_ic50_24h_79,0.4397163120567376,0.8020833333333334,0.36236702127659576,all_images
ncih2170_jc_jq1_ic50_24h_84,0.2597402597402597,0.6923076923076923,0.4325674325674326,all_images
ncih2170_jc_jq1_ic50_24h_86,0.2037037037037037,0.7006369426751592,0.49693323897145547,all_images
ncih2170_jc_jq1_ic50_24h_89,0.3592814371257485,0.8225806451612904,0.46329920803554187,all_images
ncih2170_jc_jq1_ic50_24h_90,0.1517241379310344,0.6280193236714976,0.4762951857404632,all_images
ncih2170_jc_jq1_ic50_24h_91,0.4276729559748428,0.7782805429864253,0.35060758701158257,all_images
ncih2170_jc_jq1_ic50_24h_92,0.3095238095238095,0.7723577235772358,0.4628339140534263,all_images
ncih2170_jc_jq1_ic50_24h_93,0.316,0.6737804878048781,0.3577804878048781,all_images
ncih2170_jc_jq1_ic50_24h_94,0.2893081761006289,0.8203125,0.5310043238993711,all_images
ncih2170_jc_jq1_ic50_24h_95,0.2352941176470588,0.6717557251908397,0.43646160754378094,all_images
ncih2170_jc_jq1_ic50_24h_96,0.2682926829268293,0.7681159420289855,0.4998232591021562,all_images
ncih2170_jc_jq1_ic50_24h_97,0.2295081967213114,0.7142857142857143,0.4847775175644029,all_images
ncih2170_jc_jq1_ic50_24h_98,0.3333333333333333,0.8117647058823529,0.47843137254901963,all_images
ncih2170_jc_lap_ic50_24h_10,0.5555555555555556,0.5901639344262295,0.03460837887067392,all_images
ncih2170_jc_lap_ic50_24h_101,0.492063492063492,0.7695652173913043,0.27750172532781237,all_images
ncih2170_jc_lap_ic50_24h_102,0.1343283582089552,0.7572815533980582,0.6229531951891031,all_images
ncih2170_jc_lap_ic50_24h_104,0.0993788819875776,0.7046263345195729,0.6052474525319953,all_images
ncih2170_jc_lap_ic50_24h_106,0.3131313131313131,0.7653429602888087,0.45221164715749557,all_images
ncih2170_jc_lap_ic50_24h_108,0.1298701298701298,0.7183098591549296,0.5884397292847998,all_images
ncih2170_jc_lap_ic50_24h_109,0.2905982905982906,0.6460176991150443,0.35541940851675363,all_images
ncih2170_jc_lap_ic50_24h_11,0.3090909090909091,0.6503067484662577,0.3412158393753486,all_images
ncih2170_jc_lap_ic50_24h_112,0.1327433628318584,0.7692307692307693,0.6364874063989109,all_images
ncih2170_jc_lap_ic50_24h_114,0.1818181818181818,0.5324675324675324,0.35064935064935066,all_images
ncih2170_jc_lap_ic50_24h_115,0.3421052631578947,0.8018867924528302,0.45978152929493554,all_images
ncih2170_jc_lap_ic50_24h_116,0.2586206896551724,0.7657142857142857,0.5070935960591133,all_images
ncih2170_jc_lap_ic50_24h_118,0.2432432432432432,0.6495726495726496,0.4063294063294064,all_images
ncih2170_jc_lap_ic50_24h_119,0.3172413793103448,0.7570093457943925,0.4397679664840477,all_images
ncih2170_jc_lap_ic50_24h_12,0.2884250474383302,0.6805896805896806,0.3921646331513504,all_images
ncih2170_jc_lap_ic50_24h_13,0.3801652892561983,0.710691823899371,0.3305265346431727,all_images
ncih2170_jc_lap_ic50_24h_15,0.0232558139534883,0.6145251396648045,0.5912693257113162,all_images
ncih2170_jc_lap_ic50_24h_16,0.2752293577981651,0.7612903225806451,0.48606096478248,all_images
ncih2170_jc_lap_ic50_24h_17,0.0714285714285714,0.7586206896551724,0.687192118226601,all_images
ncih2170_jc_lap_ic50_24h_18,0.3181818181818182,0.7368421052631579,0.4186602870813397,all_images
ncih2170_jc_lap_ic50_24h_19,0.231578947368421,0.6585365853658537,0.4269576379974327,all_images
ncih2170_jc_lap_ic50_24h_2,0.4489795918367347,0.7411167512690355,0.29213715943230084,all_images
ncih2170_jc_lap_ic50_24h_20,0.3113207547169811,0.7414965986394558,0.4301758439224747,all_images
ncih2170_jc_lap_ic50_24h_21,0.401294498381877,0.7061728395061728,0.30487834112429585,all_images
ncih2170_jc_lap_ic50_24h_22,0.2731707317073171,0.7186440677966102,0.44547333608929307,all_images
ncih2170_jc_lap_ic50_24h_24,0.6133333333333333,0.7544910179640718,0.14115768463073852,all_images
ncih2170_jc_lap_ic50_24h_25,0.1228070175438596,0.797979797979798,0.6751727804359384,all_images
ncih2170_jc_lap_ic50_24h_27,0.35,0.8099173553719008,0.4599173553719008,all_images
ncih2170_jc_lap_ic50_24h_29f,0.0571428571428571,0.711864406779661,0.654721549636804,all_images
ncih2170_jc_lap_ic50_24h_3,0.6,0.7700534759358288,0.17005347593582887,all_images
ncih2170_jc_lap_ic50_24h_31,0.2251655629139073,0.7555555555555555,0.5303899926416482,all_images
ncih2170_jc_lap_ic50_24h_32,0.1379310344827586,0.6728971962616822,0.5349661617789236,all_images
ncih2170_jc_lap_ic50_24h_33,0.2547169811320754,0.6983050847457627,0.4435881036136873,all_images
ncih2170_jc_lap_ic50_24h_34,0.3108108108108108,0.6753246753246753,0.3645138645138645,all_images
ncih2170_jc_lap_ic50_24h_35,0.538860103626943,0.8995983935742972,0.36073828994735413,all_images
ncih2170_jc_lap_ic50_24h_36,0.054054054054054,0.5,0.445945945945946,all_images
ncih2170_jc_lap_ic50_24h_37,0.4021739130434782,0.8093385214007782,0.4071646083573,all_images
ncih2170_jc_lap_ic50_24h_39,0.0310077519379844,0.4258760107816711,0.3948682588436867,all_images
ncih2170_jc_lap_ic50_24h_40,0.284313725490196,0.717607973421927,0.43329424793173094,all_images
ncih2170_jc_lap_ic50_24h_41,0.1683168316831683,0.7152317880794702,0.5469149563963018,all_images
ncih2170_jc_lap_ic50_24h_45,0.3867403314917127,0.6875,0.3007596685082873,all_images
ncih2170_jc_lap_ic50_24h_46,0.1463414634146341,0.6271186440677966,0.4807771806531625,all_images
ncih2170_jc_lap_ic50_24h_47,0.3644859813084112,0.6716417910447762,0.30715580973636497,all_images
ncih2170_jc_lap_ic50_24h_48,0.2522522522522522,0.8044692737430168,0.5522170214907647,all_images
ncih2170_jc_lap_ic50_24h_49,0.5517241379310345,0.8767123287671232,0.32498819083608876,all_images
ncih2170_jc_lap_ic50_24h_4_s,0.36,0.5242718446601942,0.16427184466019418,all_images
ncih2170_jc_lap_ic50_24h_52,0.2142857142857142,0.6864406779661016,0.47215496368038745,all_images
ncih2170_jc_lap_ic50_24h_54,0.2727272727272727,0.768,0.4952727272727273,all_images
ncih2170_jc_lap_ic50_24h_55,0.1333333333333333,0.4457142857142857,0.31238095238095237,all_images
ncih2170_jc_lap_ic50_24h_56,0.027027027027027,0.6470588235294118,0.6200317965023848,all_images
ncih2170_jc_lap_ic50_24h_57,0.211453744493392,0.7592067988668555,0.5477530543734634,all_images
ncih2170_jc_lap_ic50_24h_58,0.1813953488372093,0.6495726495726496,0.4681773007354403,all_images
ncih2170_jc_lap_ic50_24h_61,0.3417085427135678,0.7916666666666666,0.4499581239530988,all_images
ncih2170_jc_lap_ic50_24h_64,0.2589285714285714,0.6776315789473685,0.4187030075187971,all_images
ncih2170_jc_lap_ic50_24h_65,0.4303178484107579,0.7683823529411765,0.33806450453041864,all_images
ncih2170_jc_lap_ic50_24h_66,0.34375,0.8,0.45625000000000004,all_images
ncih2170_jc_lap_ic50_24h_67,0.3064066852367688,0.6962025316455697,0.3897958464088009,all_images
ncih2170_jc_lap_ic50_24h_7,0.5167464114832536,0.7657992565055762,0.2490528450223226,all_images
ncih2170_jc_lap_ic50_24h_71,0.3686006825938566,0.7142857142857143,0.3456850316918577,all_images
ncih2170_jc_lap_ic50_24h_74,0.1904761904761904,0.7449392712550608,0.5544630807788704,all_images
ncih2170_jc_lap_ic50_24h_75,0.4385964912280701,0.734982332155477,0.29638584092740694,all_images
ncih2170_jc_lap_ic50_24h_76,0.3181818181818182,0.7582938388625592,0.440112020680741,all_images
ncih2170_jc_lap_ic50_24h_79,0.2519685039370078,0.7150837988826816,0.46311529494567377,all_images
ncih2170_jc_lap_ic50_24h_8,0.136986301369863,0.631578947368421,0.494592645998558,all_images
ncih2170_jc_lap_ic50_24h_82,0.193050193050193,0.6937669376693767,0.5007167446191837,all_images
ncih2170_jc_lap_ic50_24h_83,0.3235294117647059,0.6724137931034483,0.3488843813387424,all_images
ncih2170_jc_lap_ic50_24h_84,0.2011173184357542,0.7157894736842105,0.5146721552484563,all_images
ncih2170_jc_lap_ic50_24h_88,0.064516129032258,0.7304785894206549,0.6659624603883969,all_images
ncih2170_jc_lap_ic50_24h_90,0.5298701298701298,0.748898678414097,0.21902854854396714,all_images
ncih2170_jc_lap_ic50_24h_91,0.3378378378378378,0.7822222222222223,0.4443843843843845,all_images
ncih2170_jc_lap_ic50_24h_93,0.2061855670103092,0.7441860465116279,0.5380004795013187,all_images
ncih2170_jc_lap_ic50_24h_96,0.1875,0.7416267942583732,0.5541267942583732,all_images
ncih2170_jc_lap_ic50_24h_99,0.3783783783783784,0.8520710059171598,0.4736926275387814,all_images
ncih2170_jc_ner_ic50_24h_1,0.123076923076923,0.654320987654321,0.531244064577398,all_images
ncih2170_jc_ner_ic50_24h_2,0.2203389830508474,0.7211895910780669,0.5008506080272195,all_images
ncih2170_jc_ner_ic50_24h_21,0.3133802816901408,0.7626262626262627,0.44924598093612184,all_images
ncih2170_jc_ner_ic50_24h_28,0.1142857142857142,0.7096774193548387,0.5953917050691245,all_images
ncih2170_jc_ner_ic50_24h_3,0.435723951285521,0.7767195767195767,0.3409956254340557,all_images
ncih2170_jc_ner_ic50_24h_47,0.0982142857142857,0.7398843930635838,0.6416701073492981,all_images
ncih2170_jc_ner_ic50_24h_50,0.3181818181818182,0.7009345794392523,0.3827527612574341,all_images
ncih2170_jc_ner_ic50_24h_51,0.2371134020618556,0.8,0.5628865979381444,all_images
ncih2170_jc_ner_ic50_24h_53,0.4340425531914894,0.8338368580060423,0.39979430481455297,all_images
ncih2170_jc_ner_ic50_24h_54,0.5254237288135594,0.5905511811023622,0.06512745228880279,all_images
ncih2170_jc_ner_ic50_24h_6,0.4366197183098591,0.7960199004975125,0.3594001821876534,all_images
ncih2170_jc_ner_ic50_24h_7,0.0972222222222222,0.6818181818181818,0.5845959595959596,all_images
ncih2170_jc_ner_ic50_24h_72,0.4742268041237113,0.7544483985765125,0.28022159445280115,all_images
ncih2170_jc_ner_ic50_24h_73,0.2285714285714285,0.5333333333333333,0.3047619047619048,all_images
ncih2170_jc_ner_ic50_24h_80,0.4363636363636363,0.8209606986899564,0.38459706232632007,all_images
ncih2170_jc_ner_ic50_24h_9,0.423963133640553,0.8135593220338984,0.38959618839334537,all_images
ncih2170_jc_ner_ic50_72h_32,0.5446428571428571,0.8986486486486487,0.3540057915057916,all_images
ncih2170_jc_ner_ic50_72h_39,0.1887640449438202,0.6378737541528239,0.44910970920900367,all_images
ncih2170_jc_ner_ic50_72h_40,0.2953995157384987,0.6728280961182994,0.3774285803798007,all_images
ncih2170_jc_ner_ic50_72h_63,0.2155688622754491,0.8301886792452831,0.6146198169698339,all_images
ncih2170_jc_ner_ic50_72h_66,0.3689320388349514,0.8067796610169492,0.4378476221819978,all_images
ncih2170_jc_ner_ic50_72h_75,0.193050193050193,0.7794871794871795,0.5864369864369865,all_images
ncih2170_jc_ner_ic50_72h_89,0.3610177628420547,0.7135416666666666,0.3525239038246119,all_images
ncih2170_jc_ner_ic50_72h_92,0.7454068241469817,0.8685446009389671,0.12313777679198545,all_images
ncih2170_post_facs_fish_high_her2_g3_28,0.2990654205607476,0.7671232876712328,0.46805786711048525,all_images
ncih2170_post_facs_fish_high_her2_g3_42,0.4914004914004914,0.7630522088353414,0.27165171743485,all_images
ncih2170_post_facs_fish_high_her2_g3_54,0.5220883534136547,0.7881773399014779,0.2660889864878232,all_images
ncih2170_post_facs_fish_high_her2_g3_61,0.2895927601809955,0.7753846153846153,0.48579185520361984,all_images
ncih2170_post_facs_fish_high_her2_g3_65,0.4482758620689655,0.902439024390244,0.4541631623212785,all_images
ncih2170_post_facs_fish_low_her2_g3_1,0.6352941176470588,0.8571428571428571,0.2218487394957983,all_images
ncih2170_post_facs_fish_low_her2_g3_101,0.4365482233502538,0.8480565371024735,0.41150831375221975,all_images
ncih2170_post_facs_fish_low_her2_g3_36,0.5803921568627451,0.7593220338983051,0.17892987703555996,all_images
ncih2170_post_facs_fish_low_her2_g3_39,0.5808823529411765,0.8595988538681948,0.2787165009270183,all_images
ncih2170_post_facs_fish_low_her2_g3_53,0.7476635514018691,0.8620689655172413,0.1144054141153722,all_images
ncih2170_post_facs_fish_low_her2_g3_55,0.6976744186046512,0.8041237113402062,0.10644929273555503,all_images
ncih2170_post_facs_fish_low_her2_g3_59,0.3859649122807017,0.8157894736842105,0.42982456140350883,all_images
ncih2170_post_facs_fish_low_her2_g3_6,0.4269293924466338,0.7864321608040201,0.3595027683573863,all_images
ncih2170_post_facs_fish_low_her2_g3_68,0.2950819672131147,0.7659574468085106,0.47087547959539594,all_images
ncih2170_post_facs_fish_low_her2_g3_79,0.5889967637540453,0.810304449648712,0.22130768589466665,all_images
ncih2170_post_facs_fish_low_her2_g3_82,0.6238532110091743,0.8243243243243243,0.20047111331515,all_images
ncih2170_post_facs_fish_low_her2_g3_87,0.463768115942029,0.8421052631578947,0.3783371472158657,all_images
ncih716_jc_alo_8nm_24h_11,0.4982698961937716,0.9191919191919192,0.4209220229981476,all_images
ncih716_jc_alo_8nm_24h_12,0.6334519572953736,0.9214092140921408,0.2879572567967672,all_images
ncih716_jc_alo_8nm_24h_13,0.4504504504504504,0.9182389937106918,0.46778854326024144,all_images
ncih716_jc_alo_8nm_24h_16,0.4676616915422885,0.8592057761732852,0.3915440846309967,all_images
ncih716_jc_alo_8nm_24h_17,0.5299684542586751,0.8899521531100478,0.3599836988513727,all_images
ncih716_jc_alo_8nm_24h_5,0.6294416243654822,0.864406779661017,0.23496515529553474,all_images
ncih716_jc_ctrl_1_10,0.5056603773584906,0.904891304347826,0.3992309269893355,all_images
ncih716_jc_ctrl_1_13,0.5904761904761905,0.882494004796163,0.29201781431997254,all_images
ncih716_jc_ctrl_1_16,0.6474820143884892,0.884393063583815,0.2369110491953258,all_images
ncih716_jc_ctrl_1_19,0.6430868167202572,0.8243243243243243,0.1812375076040671,all_images
ncih716_jc_ctrl_1_2,0.7348837209302326,0.904,0.16911627906976745,all_images
ncih716_jc_ctrl_1_21,0.4621212121212121,0.9247311827956988,0.46260997067448667,all_images
ncih716_jc_ctrl_1_23,0.6258992805755396,0.9187675070028012,0.2928682264272616,all_images
ncih716_jc_ctrl_1_24,0.5079365079365079,0.8727272727272727,0.3647907647907648,all_images
ncih716_jc_ctrl_1_27,0.6836027713625866,0.9411764705882352,0.25757369922564854,all_images
ncih716_jc_ctrl_1_3,0.6387434554973822,0.8995983935742972,0.26085493807691496,all_images
ncih716_jc_ctrl_1_42,0.5433070866141733,0.8907563025210085,0.3474492159068352,all_images
ncih716_jc_ctrl_1_43,0.6202090592334495,0.9553805774278216,0.3351715181943721,all_images
ncih716_jc_ctrl_1_44_a,0.0296296296296296,0.8713692946058091,0.8417396649761796,all_images
ncih716_jc_ctrl_1_45,0.5906040268456376,0.9072164948453608,0.3166124679997232,all_images
ncih716_jc_ctrl_1_46,0.5221674876847291,0.906367041198502,0.3841995535137729,all_images
ncih716_jc_ctrl_1_48,0.3592233009708738,0.8888888888888888,0.529665587918015,all_images
ncih716_jc_ctrl_1_5,0.5791505791505791,0.8963414634146342,0.31719088426405506,all_images
ncih716_jc_ctrl_1_54,0.5268817204301075,0.9453125,0.4184307795698925,all_images
ncih716_jc_ctrl_1_55,0.3877551020408163,0.8531468531468531,0.4653917511060368,all_images
ncih716_jc_ctrl_1_56,0.419753086419753,0.7775700934579439,0.3578170070381909,all_images
ncih716_jc_ctrl_1_57,0.638095238095238,0.8764940239043825,0.23839878580914442,all_images
ncih716_jc_ctrl_1_59,0.5510204081632653,0.9017632241813602,0.350742816018095,all_images
ncih716_jc_ctrl_1_62,0.5042735042735043,0.8169934640522876,0.3127199597787833,all_images
ncih716_jc_ctrl_1_64,0.6046511627906976,0.9403508771929824,0.33569971440228474,all_images
ncih716_jc_ctrl_1_66,0.6091954022988506,0.9217002237136466,0.31250482141479596,all_images
ncih716_jc_ctrl_1_68,0.6625,0.9270833333333334,0.2645833333333334,all_images
ncih716_jc_ctrl_1_72,0.7003891050583657,0.93006993006993,0.22968082501156428,all_images
ncih716_jc_ctrl_1_74,0.4785276073619632,0.8966521106259098,0.41812450326394657,all_images
ncih716_jc_ctrl_1_76,0.6332046332046332,0.9164086687306502,0.28320403552601703,all_images
ncih716_jc_ctrl_2_10,0.3120567375886525,0.867579908675799,0.5555231710871466,all_images
ncih716_jc_ctrl_2_11,0.3837209302325581,0.8559670781893004,0.4722461479567423,all_images
ncih716_jc_ctrl_2_12,0.3465346534653465,0.8954248366013072,0.5488901831359607,all_images
ncih716_jc_ctrl_2_16,0.6869300911854104,0.9544364508393284,0.267506359653918,all_images
ncih716_jc_ctrl_2_18,0.6220095693779905,0.8838951310861424,0.2618855617081519,all_images
ncih716_jc_ctrl_2_22,0.6666666666666666,0.926070038910506,0.25940337224383936,all_images
ncih716_jc_ctrl_2_23,0.4858757062146893,0.9067796610169492,0.4209039548022599,all_images
ncih716_jc_ctrl_2_24,0.5925925925925926,0.9119496855345912,0.31935709294199865,all_images
ncih716_jc_ctrl_2_25,0.2461538461538461,0.8322981366459627,0.5861442904921166,all_images
ncih716_jc_ctrl_2_27,0.6577181208053692,0.9087591240875912,0.251041003282222,all_images
ncih716_jc_ctrl_2_28,0.5932721712538226,0.8872549019607843,0.2939827307069617,all_images
ncih716_jc_ctrl_2_29,0.4827586206896552,0.8866498740554156,0.4038912533657604,all_images
ncih716_jc_ctrl_2_30,0.4948453608247423,0.9130434782608696,0.41819811743612734,all_images
ncih716_jc_ctrl_2_32,0.3855421686746988,0.9243027888446216,0.5387606201699228,all_images
ncih716_jc_ctrl_2_33,0.5928853754940712,0.8860759493670886,0.2931905738730174,all_images
ncih716_jc_ctrl_2_36,0.5139664804469274,0.9273084479371316,0.41334196749020424,all_images
ncih716_jc_ctrl_2_37,0.4208754208754209,0.937219730941704,0.516344310066283,all_images
ncih716_jc_ctrl_2_39,0.5053763440860215,0.9385474860335196,0.43317114194749806,all_images
ncih716_jc_ctrl_2_40,0.4035087719298245,0.8554216867469879,0.45191291481716345,all_images
ncih716_jc_ctrl_2_41,0.5347593582887701,0.91699604743083,0.3822366891420599,all_images
ncih716_jc_ctrl_2_43,0.4791666666666667,0.9337979094076656,0.4546312427409989,all_images
ncih716_jc_ctrl_2_45,0.5836575875486382,0.9266862170087976,0.34302862946015944,all_images
ncih716_jc_ctrl_2_46,0.672566371681416,0.9253731343283582,0.25280676264694224,all_images
ncih716_jc_ctrl_2_47,0.5319148936170213,0.9076305220883534,0.3757156284713321,all_images
ncih716_jc_ctrl_2_48,0.5910064239828694,0.9215686274509804,0.33056220346811105,all_images
ncih716_jc_ctrl_2_49,0.5188284518828452,0.8609271523178808,0.34209870043503554,all_images
ncih716_jc_ctrl_2_5,0.4068522483940043,0.9246088193456614,0.5177565709516572,all_images
ncih716_jc_ctrl_2_50,0.5528455284552846,0.875,0.32215447154471544,all_images
ncih716_jc_ctrl_2_51,0.4017467248908297,0.8284789644012945,0.42673223951046485,all_images
ncih716_jc_ctrl_2_54,0.601010101010101,0.9087301587301588,0.30772005772005784,all_images
ncih716_jc_ctrl_2_55,0.5895953757225434,0.8518518518518519,0.26225647612930847,all_images
ncih716_jc_ctrl_2_56,0.5157232704402516,0.9413489736070382,0.4256257031667866,all_images
ncih716_jc_ctrl_2_58,0.2303664921465968,0.8924050632911392,0.6620385711445425,all_images
ncih716_jc_ctrl_2_8,0.708994708994709,0.9339622641509434,0.22496755515623446,all_images
ncih716_jc_ctrl_2_9,0.328125,0.905940594059406,0.577815594059406,all_images
snu16_jc_arv771_800picom_24h_4,0.1134751773049645,0.6597938144329897,0.5463186371280252,all_images
snu16_jc_ctrl_10,0.5498154981549815,0.8538011695906432,0.3039856714356617,all_images
snu16_jc_ctrl_102,0.3657817109144542,0.8825910931174089,0.5168093822029547,all_images
snu16_jc_ctrl_103,0.3909774436090225,0.8563829787234043,0.4654055351143818,all_images
snu16_jc_ctrl_107,0.5322896281800391,0.9163120567375886,0.38402242855754953,all_images
snu16_jc_ctrl_108,0.5081967213114754,0.906801007556675,0.3986042862451996,all_images
snu16_jc_ctrl_112,0.5311203319502075,0.9020824102791316,0.37096207832892414,all_images
snu16_jc_ctrl_114,0.4377182770663562,0.8660488626790227,0.4283305856126665,all_images
snu16_jc_ctrl_119,0.5044091710758377,0.8687572590011614,0.3643480879253237,all_images
snu16_jc_ctrl_120,0.4817073170731707,0.8729792147806005,0.39127189770742976,all_images
snu16_jc_ctrl_122,0.4548736462093863,0.8812664907651715,0.4263928445557852,all_images
snu16_jc_ctrl_124,0.5153846153846153,0.8895184135977338,0.37413379821311843,all_images
snu16_jc_ctrl_126,0.48559670781893,0.8596491228070176,0.37405241498808756,all_images
snu16_jc_ctrl_127,0.5254901960784314,0.9263456090651558,0.40085541298672445,all_images
snu16_jc_ctrl_129,0.4084507042253521,0.8447837150127226,0.4363330107873705,all_images
snu16_jc_ctrl_13,0.3080260303687636,0.7028862478777589,0.3948602175089953,all_images
snu16_jc_ctrl_131,0.5925925925925926,0.7975708502024291,0.20497825760983657,all_images
snu16_jc_ctrl_132,0.5023696682464455,0.864376130198915,0.36200646195246955,all_images
snu16_jc_ctrl_135,0.5291828793774319,0.9104046242774566,0.3812217449000247,all_images
snu16_jc_ctrl_136,0.4352078239608802,0.8333333333333334,0.39812550937245317,all_images
snu16_jc_ctrl_139,0.4629080118694362,0.8475336322869955,0.3846256204175593,all_images
snu16_jc_ctrl_144,0.348993288590604,0.7902439024390244,0.4412506138484204,all_images
snu16_jc_ctrl_147,0.174757281553398,0.7595505617977528,0.5847932802443548,all_images
snu16_jc_ctrl_15,0.5202492211838006,0.8266666666666667,0.3064174454828661,all_images
snu16_jc_ctrl_20,0.3366834170854271,0.7280813214739518,0.3913979043885247,all_images
snu16_jc_ctrl_23,0.5049833887043189,0.9002433090024331,0.3952599202981142,all_images
snu16_jc_ctrl_24,0.5698324022346368,0.9145299145299144,0.34469751229527756,all_images
snu16_jc_ctrl_25,0.5254237288135594,0.9022082018927444,0.37678447307918506,all_images
snu16_jc_ctrl_26,0.4581497797356828,0.8125,0.3543502202643172,all_images
snu16_jc_ctrl_30,0.427536231884058,0.8623376623376623,0.4348014304536043,all_images
snu16_jc_ctrl_32,0.3302180685358255,0.8961303462321792,0.5659122776963537,all_images
snu16_jc_ctrl_35,0.3523573200992556,0.8801369863013698,0.5277796662021143,all_images
snu16_jc_ctrl_37,0.5826086956521739,0.6441860465116279,0.06157735085945404,all_images
snu16_jc_ctrl_38,0.251207729468599,0.8652037617554859,0.6139960322868869,all_images
snu16_jc_ctrl_39,0.4767123287671233,0.8536585365853658,0.37694620781824256,all_images
snu16_jc_ctrl_40,0.2712933753943217,0.7837837837837838,0.5124904083894621,all_images
snu16_jc_ctrl_42,0.4426229508196721,0.7701863354037267,0.3275633845840546,all_images
snu16_jc_ctrl_43,0.3816793893129771,0.8191489361702128,0.43746954685723566,all_images
snu16_jc_ctrl_45,0.28,0.7981220657276995,0.5181220657276995,all_images
snu16_jc_ctrl_46,0.5302325581395348,0.9087837837837838,0.3785512256442489,all_images
snu16_jc_ctrl_47,0.326271186440678,0.8114630467571644,0.4851918603164864,all_images
snu16_jc_ctrl_48,0.6330645161290323,0.90311986863711,0.2700553525080778,all_images
snu16_jc_ctrl_50,0.2947368421052631,0.7786259541984732,0.48388911209321017,all_images
snu16_jc_ctrl_52,0.4729729729729729,0.7970660146699267,0.32409304169695374,all_images
snu16_jc_ctrl_53,0.5318181818181819,0.9046413502109704,0.3728231683927885,all_images
snu16_jc_ctrl_54,0.5592417061611374,0.8153846153846154,0.25614290922347793,all_images
snu16_jc_ctrl_55,0.4308681672025723,0.86652977412731,0.4356616069247377,all_images
snu16_jc_ctrl_56,0.5582655826558266,0.8663793103448276,0.308113727689001,all_images
snu16_jc_ctrl_57,0.4398625429553264,0.8095238095238095,0.36966126656848314,all_images
snu16_jc_ctrl_59,0.5183374083129584,0.7709190672153635,0.25258165890240514,all_images
snu16_jc_ctrl_60,0.4065040650406504,0.5977859778597786,0.1912819128191282,all_images
snu16_jc_ctrl_61,0.3218390804597701,0.6489675516224189,0.3271284711626488,all_images
snu16_jc_ctrl_63,0.6209386281588448,0.9146005509641874,0.29366192280534253,all_images
snu16_jc_ctrl_65,0.3909774436090225,0.9381818181818182,0.5472043745727957,all_images
snu16_jc_ctrl_67,0.4958677685950413,0.92578125,0.4299134814049587,all_images
snu16_jc_ctrl_69,0.4517647058823529,0.9071207430340558,0.45535603715170286,all_images
snu16_jc_ctrl_70,0.5982905982905983,0.9168539325842696,0.31856333429367134,all_images
snu16_jc_ctrl_72,0.5493562231759657,0.6936936936936937,0.14433747051772805,all_images
snu16_jc_ctrl_74,0.2450592885375494,0.5559105431309904,0.310851254593441,all_images
snu16_jc_ctrl_76,0.4102564102564102,0.7973856209150327,0.38712921065862255,all_images
snu16_jc_ctrl_78,0.4816753926701571,0.8164794007490637,0.3348040080789066,all_images
snu16_jc_ctrl_79,0.525,0.8996655518394648,0.3746655518394648,all_images
snu16_jc_ctrl_8,0.4203389830508474,0.9424778761061948,0.5221388930553474,all_images
snu16_jc_ctrl_83,0.5188679245283019,0.4558303886925795,-0.06303753583572236,all_images
snu16_jc_ctrl_84,0.5448717948717948,0.868421052631579,0.32354925775978416,all_images
snu16_jc_ctrl_86,0.4178082191780822,0.883495145631068,0.4656869264529858,all_images
snu16_jc_ctrl_87,0.6485013623978202,0.7287853577371048,0.08028399533928465,all_images
snu16_jc_ctrl_89,0.5083932853717026,0.8263069139966274,0.3179136286249248,all_images
snu16_jc_ctrl_9,0.5391304347826087,0.7918088737201365,0.25267843893752784,all_images
snu16_jc_ctrl_91,0.5510204081632653,0.896640826873385,0.3456204187101197,all_images
snu16_jc_ctrl_92,0.6365217391304347,0.9098250336473755,0.2733032945169408,all_images
snu16_jc_ctrl_95,0.4470314318975553,0.9356632247815728,0.48863179288401754,all_images
snu16_jc_ctrl_98,0.3581560283687943,0.882494004796163,0.5243379764273688,all_images
snu16_jc_jq1_ic50_24h_10,0.2783882783882784,0.8613138686131386,0.5829255902248602,all_images
snu16_jc_jq1_ic50_24h_100,0.368,0.8645833333333334,0.4965833333333334,all_images
snu16_jc_jq1_ic50_24h_102,0.2616822429906542,0.9141274238227148,0.6524451808320606,all_images
snu16_jc_jq1_ic50_24h_104,0.5300146412884333,0.9287991498405952,0.39878450855216185,all_images
snu16_jc_jq1_ic50_24h_109,0.2087542087542087,0.8783505154639175,0.6695963067097088,all_images
snu16_jc_jq1_ic50_24h_115,0.3214285714285714,0.8794326241134752,0.5580040526849038,all_images
snu16_jc_jq1_ic50_24h_117,0.3648648648648648,0.8490566037735849,0.48419173890872014,all_images
snu16_jc_jq1_ic50_24h_118,0.2846441947565543,0.891566265060241,0.6069220703036866,all_images
snu16_jc_jq1_ic50_24h_120,0.4943820224719101,0.9155313351498636,0.4211493126779535,all_images
snu16_jc_jq1_ic50_24h_128,0.4158415841584158,0.8888888888888888,0.473047304730473,all_images
snu16_jc_jq1_ic50_24h_16,0.267639902676399,0.8737254901960785,0.6060855875196796,all_images
snu16_jc_jq1_ic50_24h_19,0.3462686567164179,0.8884462151394422,0.5421775584230244,all_images
snu16_jc_jq1_ic50_24h_2,0.3157894736842105,0.8038277511961722,0.4880382775119617,all_images
snu16_jc_jq1_ic50_24h_21,0.1675392670157068,0.7588652482269503,0.5913259812112436,all_images
snu16_jc_jq1_ic50_24h_26,0.3979057591623036,0.8804347826086957,0.4825290234463921,all_images
snu16_jc_jq1_ic50_24h_28,0.2096774193548387,0.8113207547169812,0.6016433353621424,all_images
snu16_jc_jq1_ic50_24h_29,0.1892744479495268,0.8065173116089613,0.6172428636594345,all_images
snu16_jc_jq1_ic50_24h_33_a,0.0622710622710622,0.9026915113871636,0.8404204491161015,all_images
snu16_jc_jq1_ic50_24h_40,0.4083333333333333,0.8249258160237388,0.4165924826904055,all_images
snu16_jc_jq1_ic50_24h_44,0.388170055452865,0.918854415274463,0.530684359821598,all_images
snu16_jc_jq1_ic50_24h_45,0.3628509719222462,0.8833819241982507,0.5205309522760044,all_images
snu16_jc_jq1_ic50_24h_5,0.4160583941605839,0.8259109311740891,0.4098525370135052,all_images
snu16_jc_jq1_ic50_24h_51,0.384251968503937,0.903846153846154,0.519594185342217,all_images
snu16_jc_jq1_ic50_24h_52,0.2951807228915662,0.9128787878787878,0.6176980649872217,all_images
snu16_jc_jq1_ic50_24h_54,0.2389937106918239,0.9375,0.6985062893081762,all_images
snu16_jc_jq1_ic50_24h_55,0.1690140845070422,0.8529411764705882,0.6839270919635461,all_images
snu16_jc_jq1_ic50_24h_56,0.2514285714285714,0.8391608391608392,0.5877322677322678,all_images
snu16_jc_jq1_ic50_24h_57,0.2575757575757575,0.8054298642533937,0.5478541066776361,all_images
snu16_jc_jq1_ic50_24h_6,0.4210526315789473,0.9037800687285223,0.48272743714957506,all_images
snu16_jc_jq1_ic50_24h_61_a,0.4230769230769231,0.8641975308641975,0.4411206077872744,all_images
snu16_jc_jq1_ic50_24h_66,0.3716216216216216,0.905829596412556,0.5342079747909344,all_images
snu16_jc_jq1_ic50_24h_67,0.2777777777777778,0.8753180661577609,0.5975402883799831,all_images
snu16_jc_jq1_ic50_24h_68,0.3307086614173228,0.9170896785109984,0.5863810170936756,all_images
snu16_jc_jq1_ic50_24h_69,0.4014209591474245,0.9088757396449704,0.5074547804975459,all_images
snu16_jc_jq1_ic50_24h_70,0.4698795180722891,0.8628318584070797,0.39295234033479054,all_images
snu16_jc_jq1_ic50_24h_72,0.3280898876404494,0.8761061946902655,0.5480163070498161,all_images
snu16_jc_jq1_ic50_24h_75,0.2358078602620087,0.8724279835390947,0.636620123277086,all_images
snu16_jc_jq1_ic50_24h_76,0.3511450381679389,0.8393782383419689,0.48823320017403,all_images
snu16_jc_jq1_ic50_24h_8,0.2213333333333333,0.891645988420182,0.6703126550868487,all_images
snu16_jc_jq1_ic50_24h_81,0.2857142857142857,0.8616600790513834,0.5759457933370977,all_images
snu16_jc_jq1_ic50_24h_87,0.3819444444444444,0.8930232558139535,0.5110788113695091,all_images
snu16_jc_jq1_ic50_24h_88,0.379746835443038,0.6728971962616822,0.2931503608186442,all_images
snu16_jc_jq1_ic50_24h_89,0.4402985074626865,0.9151670951156812,0.47486858765299467,all_images
snu16_jc_jq1_ic50_24h_9,0.4052287581699346,0.8940092165898618,0.4887804584199272,all_images
snu16_jc_jq1_ic50_24h_90,0.494949494949495,0.8682170542635659,0.3732675593140709,all_images
snu16_jc_jq1_ic50_24h_91,0.4305555555555556,0.8669950738916257,0.4364395183360701,all_images
snu16_jc_jq1_ic50_24h_94,0.5077720207253886,0.8636363636363636,0.355864342910975,all_images
snu16_jc_jq1_ic50_24h_96,0.544,0.9056603773584906,0.36166037735849055,all_images
snu16_jc_jq1_ic50_24h_97,0.5857740585774058,0.919614147909968,0.33384008933256215,all_images
snu16_jc_jq1_ic50_24h_98,0.5420054200542005,0.8829568788501027,0.34095145879590216,all_images
colo320dm_qpcr_jq1_24h_ctrl_114,0.2439024390243902,0.865979381443299,0.6220769424189088,test_only
colo320dm_qpcr_jq1_24h_ctrl_23,0.2424242424242424,0.8807339449541285,0.6383097025298861,test_only
colo320dm_qpcr_jq1_24h_ctrl_33,0.375,0.92,0.545,test_only
colo320dm_qpcr_jq1_24h_ctrl_39,0.2127659574468085,0.8860759493670886,0.6733099919202801,test_only
colo320dm_qpcr_jq1_24h_ctrl_47,0.5161290322580645,0.782608695652174,0.26647966339410945,test_only
colo320dm_qpcr_jq1_24h_ctrl_48,0.3157894736842105,0.918032786885246,0.6022433132010355,test_only
colo320dm_qpcr_jq1_24h_ctrl_67,0.5891472868217055,0.8555555555555555,0.26640826873385004,test_only
colo320dm_qpcr_jq1_24h_ctrl_69,0.0350877192982456,0.875,0.8399122807017544,test_only
colo320dm_qpcr_jq1_24h_ctrl_87_a,0.3,0.7407407407407407,0.4407407407407407,test_only
colo320dm_qpcr_jq1_24h_ctrl_96,0.40625,0.7951807228915663,0.38893072289156627,test_only
colo320dm_qpcr_jq1_24h_dmso_111,0.0,0.05,0.05,test_only
ncih2170_antibiotics_blank_ctrl_100,0.0727272727272727,0.6046511627906976,0.5319238900634249,test_only
ncih2170_antibiotics_blank_ctrl_104,0.1709401709401709,0.6507936507936508,0.4798534798534799,test_only
ncih2170_antibiotics_blank_ctrl_105,0.22,0.8123393316195373,0.5923393316195373,test_only
ncih2170_antibiotics_blank_ctrl_107,0.2136222910216718,0.7720848056537103,0.5584625146320386,test_only
ncih2170_antibiotics_blank_ctrl_109,0.0209424083769633,0.5822784810126582,0.561336072635695,test_only
ncih2170_antibiotics_blank_ctrl_110,0.1766004415011037,0.772785622593068,0.5961851810919643,test_only
ncih2170_antibiotics_blank_ctrl_113,0.1263736263736263,0.7419898819561551,0.6156162555825289,test_only
ncih2170_antibiotics_blank_ctrl_35,0.1855670103092783,0.703030303030303,0.5174632927210248,test_only
ncih2170_antibiotics_blank_ctrl_37,0.1043478260869565,0.6693711967545639,0.5650233706676074,test_only
ncih2170_antibiotics_blank_ctrl_40,0.0542635658914728,0.6363636363636364,0.5821000704721635,test_only
ncih2170_antibiotics_blank_ctrl_43,0.0948616600790513,0.7669491525423728,0.6720874924633216,test_only
ncih2170_antibiotics_blank_ctrl_47,0.1896024464831804,0.5654008438818565,0.37579839739867615,test_only
ncih2170_antibiotics_blank_ctrl_53,0.1162079510703364,0.6586102719033232,0.5424023208329868,test_only
ncih2170_antibiotics_blank_ctrl_70,0.0751565762004175,0.7870680044593088,0.7119114282588913,test_only
ncih2170_antibiotics_blank_ctrl_71,0.2228116710875331,0.8878648233486943,0.6650531522611612,test_only
ncih2170_antibiotics_blank_ctrl_78,0.2260869565217391,0.8745980707395499,0.6485111142178108,test_only
ncih2170_antibiotics_ps_102_b,0.1037037037037037,0.7930283224400871,0.6893246187363834,test_only
ncih2170_antibiotics_ps_105,0.0408163265306122,0.6507936507936508,0.6099773242630386,test_only
ncih2170_antibiotics_ps_107_a,0.1710037174721189,0.7133182844243793,0.5423145669522604,test_only
ncih2170_antibiotics_ps_112,0.0246913580246913,0.5641025641025641,0.5394112060778729,test_only
ncih2170_antibiotics_ps_25,0.0067114093959731,0.8233151183970856,0.8166037090011125,test_only
ncih2170_antibiotics_ps_32,0.0294117647058823,0.3758389261744966,0.3464271614686143,test_only
ncih2170_antibiotics_ps_36,0.0544217687074829,0.5724381625441696,0.5180163938366866,test_only
ncih2170_antibiotics_ps_4,0.0609756097560975,0.6228571428571429,0.5618815331010454,test_only
ncih2170_antibiotics_ps_56_a,0.15625,0.6131687242798354,0.4569187242798354,test_only
ncih2170_antibiotics_ps_78,0.4705882352941176,0.6813880126182965,0.21079977732417893,test_only
ncih2170_antibiotics_ps_84,0.0746268656716417,0.5820433436532507,0.507416477981609,test_only
ncih2170_antibiotics_ps_90,0.2307692307692307,0.7041420118343196,0.47337278106508884,test_only
ncih2170_antibiotics_ps_99,0.3366336633663366,0.6601941747572816,0.323560511390945,test_only
ncih2170_antibiotics_ps_g_102,0.2835249042145594,0.7231121281464531,0.4395872239318937,test_only
ncih2170_antibiotics_ps_g_107_a,0.073394495412844,0.5756097560975609,0.5022152606847169,test_only
ncih2170_antibiotics_ps_g_114,0.1176470588235294,0.5518763796909493,0.4342293208674199,test_only
ncih2170_antibiotics_ps_g_115,0.1025641025641025,0.7242105263157895,0.621646423751687,test_only
ncih2170_antibiotics_ps_g_36,0.2386910490856593,0.7646695491043854,0.5259785000187261,test_only
ncih2170_antibiotics_ps_g_42,0.1212121212121212,0.6995305164319249,0.5783183952198037,test_only
ncih2170_antibiotics_ps_g_44_a,0.5569620253164557,0.5921052631578947,0.03514323784143902,test_only
ncih2170_antibiotics_ps_g_54,0.0621761658031088,0.6031042128603105,0.5409280470572017,test_only
ncih2170_antibiotics_ps_g_56,0.0756756756756756,0.7142857142857143,0.6386100386100387,test_only
ncih2170_antibiotics_ps_g_64,0.0881542699724518,0.8648648648648649,0.7767105948924131,test_only
ncih2170_antibiotics_ps_g_65,0.3765690376569037,0.6732673267326733,0.2966982890757696,test_only
ncih2170_antibiotics_ps_g_67,0.0408163265306122,0.6428571428571429,0.6020408163265307,test_only
ncih2170_antibiotics_ps_g_68,0.0240963855421686,0.2553191489361702,0.2312227633940016,test_only
ncih2170_antibiotics_ps_g_69,0.1785714285714285,0.3866666666666666,0.2080952380952381,test_only
ncih2170_antibiotics_ps_g_72,0.1032258064516129,0.6343042071197411,0.5310784006681282,test_only
ncih2170_antibiotics_ps_g_76,0.064516129032258,0.6850828729281768,0.6205667438959188,test_only
ncih2170_antibiotics_ps_g_96,0.1223021582733813,0.7898789878987899,0.6675768296254085,test_only
ncih2170_cart_72h_blank_ctrl_30,0.3534136546184739,0.7236024844720497,0.37018882985357576,test_only
ncih2170_cart_72h_blank_ctrl_31,0.2148760330578512,0.8228571428571428,0.6079811097992917,test_only
ncih2170_cart_72h_blank_ctrl_33,0.268041237113402,0.7244094488188977,0.4563682117054957,test_only
ncih2170_cart_72h_blank_ctrl_51,0.4923076923076923,0.8735632183908046,0.38125552608311236,test_only
ncih2170_cart_72h_blank_ctrl_52,0.7182044887780549,0.9157667386609072,0.19756224988285231,test_only
ncih2170_cart_72h_blank_ctrl_59,0.3,0.4970414201183432,0.1970414201183432,test_only
ncih2170_cart_72h_blank_ctrl_62,0.4184100418410041,0.835820895522388,0.4174108536813839,test_only
ncih2170_cart_72h_blank_ctrl_99,0.2622950819672131,0.8181818181818182,0.5558867362146052,test_only
ncih2170_cart_72h_cart_36,0.4693877551020408,0.8484848484848485,0.3790970933828077,test_only
ncih2170_cart_72h_cart_55,0.4578313253012048,0.8421052631578947,0.3842739378566899,test_only
ncih2170_cart_72h_cart_62,0.3728813559322034,0.8395061728395061,0.46662481690730273,test_only
ncih2170_cart_72h_cart_63,0.1914893617021276,0.8082191780821918,0.6167298163800642,test_only
ncih2170_cart_72h_cart_69,0.0377358490566037,0.8333333333333334,0.7955974842767297,test_only
ncih2170_cart_72h_nt_ctrl_20,0.3544303797468354,0.8444444444444444,0.49001406469760905,test_only
ncih2170_cart_72h_nt_ctrl_46,0.4076433121019108,0.8616071428571429,0.4539638307552321,test_only
ncih2170_cart_72h_nt_ctrl_49,0.574468085106383,0.639344262295082,0.06487617718869898,test_only
ncih2170_cart_72h_nt_ctrl_57,0.4210526315789473,0.7177033492822966,0.29665071770334933,test_only
ncih2170_cart_72h_nt_ctrl_61,0.5987654320987654,0.7684210526315789,0.16965562053281347,test_only
ncih2170_cart_72h_nt_ctrl_69,0.2627737226277372,0.5979381443298969,0.3351644217021597,test_only
ncih2170_cart_72h_nt_ctrl_71,0.3096774193548387,0.5586592178770949,0.24898179852225621,test_only
ncih2170_cart_72h_nt_ctrl_80,0.4227005870841487,0.7310549777117384,0.30835439062758974,test_only
ncih2170_cart_72h_nt_ctrl_83,0.4845814977973568,0.8145695364238411,0.3299880386264843,test_only
ncih2170_ctrl_1_30,0.4901960784313725,0.8747044917257684,0.3845084132943959,test_only
ncih2170_ctrl_1_54,0.4984423676012461,0.8544152744630071,0.35597290686176103,test_only
ncih2170_ctrl_1_58,0.5859375,0.8807339449541285,0.2947964449541285,test_only
ncih2170_ctrl_1_61,0.4660766961651917,0.8333333333333334,0.36725663716814166,test_only
ncih2170_ctrl_1_62,0.5084745762711864,0.8129496402877698,0.3044750640165834,test_only
ncih2170_ctrl_1_88,0.5363825363825364,0.8195121951219512,0.28312965873941476,test_only
ncih2170_ctrl_1_90,0.5166666666666667,0.7619047619047619,0.24523809523809514,test_only
ncih2170_ctrl_1_94,0.7515657620041754,0.8990825688073395,0.14751680680316415,test_only
ncih2170_ctrl_2_105,0.6830985915492958,0.8693181818181818,0.18621959026888601,test_only
ncih2170_ctrl_2_132,0.5639686684073107,0.8611670020120724,0.29719833360476167,test_only
ncih2170_ctrl_2_139,0.5089820359281437,0.8425925925925926,0.33361055666444883,test_only
ncih2170_ctrl_2_24,0.4268292682926829,0.8114075436982521,0.38457827540556916,test_only
ncih2170_ctrl_2_96,0.4153846153846154,0.7976878612716763,0.38230324588706094,test_only
ncih2170_facs_fish_0223_high_her2_13,0.4643584521384928,0.7904,0.3260415478615072,test_only
ncih2170_facs_fish_0223_high_her2_7,0.4883720930232558,0.8976377952755905,0.4092657022523347,test_only
ncih2170_facs_fish_0223_low_her2_19,0.1777777777777777,0.8235294117647058,0.6457516339869281,test_only
ncih2170_facs_fish_0223_low_her2_2,0.4050632911392405,0.7721179624664879,0.3670546713272474,test_only
ncih2170_facs_fish_0223_low_her2_6,0.0,0.7333333333333333,0.7333333333333333,test_only
ncih2170_facs_fish_0423_high_her2_27,0.4214711729622266,0.7744807121661721,0.3530095392039455,test_only
ncih2170_facs_fish_0423_low_her2_10,0.6527777777777778,0.904494382022472,0.2517166042446942,test_only
ncih2170_facs_fish_0423_low_her2_11,0.2641509433962264,0.6857142857142857,0.4215633423180593,test_only
ncih2170_facs_fish_0423_low_her2_28,0.4140969162995594,0.6666666666666666,0.2525697503671072,test_only
ncih2170_facs_fish_0423_low_her2_43,0.4921465968586387,0.8366533864541833,0.3445067895955446,test_only
ncih2170_facs_fish_0423_low_her2_56,0.3969465648854962,0.8770053475935828,0.48005878270808666,test_only
ncih2170_facs_fish_0423_low_her2_8,0.22,0.8243243243243243,0.6043243243243244,test_only
ncih2170_facs_fish_0423_low_her2_87,0.2619047619047619,0.8780487804878049,0.6161440185830429,test_only
ncih2170_facs_fish_0423_low_her2_91,0.2444444444444444,0.8859060402684564,0.641461595824012,test_only
ncih2170_facs_fish_0423_low_her2_94,0.3057324840764331,0.8790322580645161,0.573299773988083,test_only
ncih2170_facs_fish_0723_high_her2_108,0.4904214559386973,0.7133757961783439,0.2229543402396466,test_only
ncih2170_facs_fish_0723_high_her2_110,0.540650406504065,0.8137254901960784,0.2730750836920134,test_only
ncih2170_facs_fish_0723_high_her2_111,0.25625,0.7337807606263982,0.4775307606263982,test_only
ncih2170_facs_fish_0723_high_her2_21,0.4426229508196721,0.7870967741935484,0.3444738233738763,test_only
ncih2170_facs_fish_0723_high_her2_80,0.6720257234726688,0.8695652173913043,0.19753949391863557,test_only
ncih2170_facs_fish_0723_low_her2_1,0.425531914893617,0.7666666666666667,0.3411347517730497,test_only
ncih2170_facs_fish_0723_low_her2_115,0.4285714285714285,0.780952380952381,0.35238095238095246,test_only
ncih2170_facs_fish_0723_low_her2_22,0.4365482233502538,0.75,0.3134517766497462,test_only
ncih2170_facs_fish_0723_low_her2_23,0.4385964912280701,0.8387096774193549,0.4001131861912848,test_only
ncih2170_facs_fish_0723_low_her2_52,0.5283018867924528,0.8857142857142857,0.35741239892183285,test_only
ncih2170_facs_fish_0723_low_her2_60,0.5648854961832062,0.8654970760233918,0.3006115798401856,test_only
ncih2170_facs_fish_0723_pre_sort_ctrl_29,0.2803030303030303,0.8661800486618005,0.5858770183587703,test_only
ncih2170_facs_fish_0723_sorted_ctrl_45,0.3478260869565217,0.6768802228412256,0.32905413588470395,test_only
ncih2170_facs_fish_0723_sorted_ctrl_46,0.3561643835616438,0.7785234899328859,0.4223591063712421,test_only
ncih2170_facs_fish_0723_sorted_ctrl_49,0.578544061302682,0.8160741885625966,0.23753012725991463,test_only
ncih2170_facs_fish_0723_sorted_ctrl_60,0.3902439024390244,0.7682539682539683,0.3780100658149439,test_only
ncih2170_jc_jq1_ic50_24h_100,0.1,0.7021276595744681,0.6021276595744681,test_only
ncih2170_jc_jq1_ic50_24h_38,0.1269841269841269,0.6163522012578616,0.48936807427373474,test_only
ncih2170_jc_jq1_ic50_24h_48,0.1854838709677419,0.6940639269406392,0.5085800559728973,test_only
ncih2170_jc_jq1_ic50_24h_50,0.2857142857142857,0.7407407407407407,0.455026455026455,test_only
ncih2170_jc_jq1_ic50_24h_7,0.4067796610169492,0.8035398230088495,0.39676016199190034,test_only
ncih2170_jc_jq1_ic50_24h_84,0.2597402597402597,0.6923076923076923,0.4325674325674326,test_only
ncih2170_jc_jq1_ic50_24h_86,0.2037037037037037,0.7006369426751592,0.49693323897145547,test_only
ncih2170_jc_jq1_ic50_24h_98,0.3333333333333333,0.8117647058823529,0.47843137254901963,test_only
ncih2170_jc_lap_ic50_24h_11,0.3090909090909091,0.6503067484662577,0.3412158393753486,test_only
ncih2170_jc_lap_ic50_24h_12,0.2884250474383302,0.6805896805896806,0.3921646331513504,test_only
ncih2170_jc_lap_ic50_24h_15,0.0232558139534883,0.6145251396648045,0.5912693257113162,test_only
ncih2170_jc_lap_ic50_24h_18,0.3181818181818182,0.7368421052631579,0.4186602870813397,test_only
ncih2170_jc_lap_ic50_24h_35,0.538860103626943,0.8995983935742972,0.36073828994735413,test_only
ncih2170_jc_lap_ic50_24h_46,0.1463414634146341,0.6271186440677966,0.4807771806531625,test_only
ncih2170_jc_lap_ic50_24h_47,0.3644859813084112,0.6716417910447762,0.30715580973636497,test_only
ncih2170_jc_lap_ic50_24h_55,0.1333333333333333,0.4457142857142857,0.31238095238095237,test_only
ncih2170_jc_lap_ic50_24h_65,0.4303178484107579,0.7683823529411765,0.33806450453041864,test_only
ncih2170_jc_ner_ic50_24h_1,0.123076923076923,0.654320987654321,0.531244064577398,test_only
ncih2170_jc_ner_ic50_24h_50,0.3181818181818182,0.7009345794392523,0.3827527612574341,test_only
ncih2170_jc_ner_ic50_24h_54,0.5254237288135594,0.5905511811023622,0.06512745228880279,test_only
ncih2170_post_facs_fish_high_her2_g3_28,0.2990654205607476,0.7671232876712328,0.46805786711048525,test_only
ncih2170_post_facs_fish_low_her2_g3_1,0.6352941176470588,0.8571428571428571,0.2218487394957983,test_only
ncih716_jc_alo_8nm_24h_11,0.4982698961937716,0.9191919191919192,0.4209220229981476,test_only
ncih716_jc_alo_8nm_24h_13,0.4504504504504504,0.9182389937106918,0.46778854326024144,test_only
ncih716_jc_ctrl_1_23,0.6258992805755396,0.9187675070028012,0.2928682264272616,test_only
ncih716_jc_ctrl_1_45,0.5906040268456376,0.9072164948453608,0.3166124679997232,test_only
ncih716_jc_ctrl_1_66,0.6091954022988506,0.9217002237136466,0.31250482141479596,test_only
ncih716_jc_ctrl_1_72,0.7003891050583657,0.93006993006993,0.22968082501156428,test_only
ncih716_jc_ctrl_2_11,0.3837209302325581,0.8559670781893004,0.4722461479567423,test_only
ncih716_jc_ctrl_2_25,0.2461538461538461,0.8322981366459627,0.5861442904921166,test_only
ncih716_jc_ctrl_2_30,0.4948453608247423,0.9130434782608696,0.41819811743612734,test_only
ncih716_jc_ctrl_2_58,0.2303664921465968,0.8924050632911392,0.6620385711445425,test_only
ncih716_jc_ctrl_2_8,0.708994708994709,0.9339622641509434,0.22496755515623446,test_only
snu16_jc_ctrl_114,0.4377182770663562,0.8660488626790227,0.4283305856126665,test_only
snu16_jc_ctrl_124,0.5153846153846153,0.8895184135977338,0.37413379821311843,test_only
snu16_jc_ctrl_35,0.3523573200992556,0.8801369863013698,0.5277796662021143,test_only
snu16_jc_ctrl_40,0.2712933753943217,0.7837837837837838,0.5124904083894621,test_only
snu16_jc_ctrl_45,0.28,0.7981220657276995,0.5181220657276995,test_only
snu16_jc_ctrl_46,0.5302325581395348,0.9087837837837838,0.3785512256442489,test_only
snu16_jc_ctrl_50,0.2947368421052631,0.7786259541984732,0.48388911209321017,test_only
snu16_jc_ctrl_69,0.4517647058823529,0.9071207430340558,0.45535603715170286,test_only
snu16_jc_ctrl_70,0.5982905982905983,0.9168539325842696,0.31856333429367134,test_only
snu16_jc_ctrl_72,0.5493562231759657,0.6936936936936937,0.14433747051772805,test_only
snu16_jc_ctrl_83,0.5188679245283019,0.4558303886925795,-0.06303753583572236,test_only
snu16_jc_ctrl_91,0.5510204081632653,0.896640826873385,0.3456204187101197,test_only
snu16_jc_jq1_ic50_24h_102,0.2616822429906542,0.9141274238227148,0.6524451808320606,test_only
snu16_jc_jq1_ic50_24h_120,0.4943820224719101,0.9155313351498636,0.4211493126779535,test_only
snu16_jc_jq1_ic50_24h_19,0.3462686567164179,0.8884462151394422,0.5421775584230244,test_only
snu16_jc_jq1_ic50_24h_40,0.4083333333333333,0.8249258160237388,0.4165924826904055,test_only
snu16_jc_jq1_ic50_24h_51,0.384251968503937,0.903846153846154,0.519594185342217,test_only
snu16_jc_jq1_ic50_24h_56,0.2514285714285714,0.8391608391608392,0.5877322677322678,test_only
snu16_jc_jq1_ic50_24h_67,0.2777777777777778,0.8753180661577609,0.5975402883799831,test_only
