model,split,cell_line_display,density_bin,gt_count,pred_count,abs_error,signed_error,gt_count_plot,pred_count_plot,unique_id
Label Engine,train,COLO320DM,0-9,1,46,45,45,2,47,1145
Label Engine,train,COLO320DM,0-9,4,0,4,-4,5,1,1146
Label Engine,test,COLO320DM,0-9,4,32,28,28,5,33,1147
Label Engine,train,COLO320DM,0-9,4,22,18,18,5,23,1148
Label Engine,val,COLO320DM,0-9,4,22,18,18,5,23,1149
Label Engine,train,COLO320DM,0-9,7,19,12,12,8,20,1150
Label Engine,val,NCI-H2170,0-9,9,8,1,-1,10,9,1151
Label Engine,train,COLO320DM,10-49,10,34,24,24,11,35,1152
Label Engine,train,COLO320DM,10-49,12,4,8,-8,13,5,1153
Label Engine,val,COLO320DM,10-49,13,10,3,-3,14,11,1154
Label Engine,train,COLO320DM,10-49,15,18,3,3,16,19,1155
Label Engine,train,COLO320DM,10-49,15,11,4,-4,16,12,1156
Label Engine,train,NCI-H2170,10-49,15,22,7,7,16,23,1157
Label Engine,test,NCI-H2170,10-49,15,17,2,2,16,18,1158
Label Engine,train,COLO320DM,10-49,16,9,7,-7,17,10,1159
Label Engine,train,NCI-H2170,10-49,16,29,13,13,17,30,1160
Label Engine,val,NCI-H2170,10-49,17,13,4,-4,18,14,1161
Label Engine,val,COLO320DM,10-49,18,15,3,-3,19,16,1162
Label Engine,train,NCI-H2170,10-49,18,27,9,9,19,28,1163
Label Engine,train,COLO320DM,10-49,22,6,16,-16,23,7,1164
Label Engine,test,COLO320DM,10-49,22,20,2,-2,23,21,1165
Label Engine,train,NCI-H2170,10-49,22,21,1,-1,23,22,1166
Label Engine,train,COLO320DM,10-49,23,7,16,-16,24,8,1167
Label Engine,test,COLO320DM,10-49,24,24,0,0,25,25,1168
Label Engine,train,NCI-H2170,10-49,24,23,1,-1,25,24,1169
Label Engine,train,NCI-H2170,10-49,24,25,1,1,25,26,1170
Label Engine,val,NCI-H2170,10-49,24,17,7,-7,25,18,1171
Label Engine,train,COLO320DM,10-49,26,24,2,-2,27,25,1172
Label Engine,train,NCI-H2170,10-49,26,18,8,-8,27,19,1173
Label Engine,train,COLO320DM,10-49,27,18,9,-9,28,19,1174
Label Engine,train,NCI-H2170,10-49,27,19,8,-8,28,20,1175
Label Engine,train,NCI-H2170,10-49,27,22,5,-5,28,23,1176
Label Engine,train,COLO320DM,10-49,30,51,21,21,31,52,1177
Label Engine,train,COLO320DM,10-49,30,37,7,7,31,38,1178
Label Engine,train,NCI-H2170,10-49,30,23,7,-7,31,24,1179
Label Engine,test,COLO320DM,10-49,31,38,7,7,32,39,1180
Label Engine,test,COLO320DM,10-49,32,17,15,-15,33,18,1181
Label Engine,train,COLO320DM,10-49,32,25,7,-7,33,26,1182
Label Engine,train,NCI-H2170,10-49,32,42,10,10,33,43,1183
Label Engine,val,NCI-H2170,10-49,33,25,8,-8,34,26,1184
Label Engine,train,COLO320DM,10-49,34,20,14,-14,35,21,1185
Label Engine,train,NCI-H2170,10-49,34,24,10,-10,35,25,1186
Label Engine,train,COLO320DM,10-49,35,12,23,-23,36,13,1187
Label Engine,train,NCI-H2170,10-49,35,26,9,-9,36,27,1188
Label Engine,val,NCI-H2170,10-49,35,18,17,-17,36,19,1189
Label Engine,train,NCI-H2170,10-49,35,15,20,-20,36,16,1190
Label Engine,val,NCI-H2170,10-49,35,28,7,-7,36,29,1191
Label Engine,train,COLO320DM,10-49,36,25,11,-11,37,26,1192
Label Engine,test,NCI-H2170,10-49,36,30,6,-6,37,31,1193
Label Engine,train,NCI-H2170,10-49,36,32,4,-4,37,33,1194
Label Engine,train,COLO320DM,10-49,37,48,11,11,38,49,1195
Label Engine,test,NCI-H2170,10-49,38,28,10,-10,39,29,1196
Label Engine,train,COLO320DM,10-49,39,13,26,-26,40,14,1197
Label Engine,train,NCI-H2170,10-49,39,42,3,3,40,43,1198
Label Engine,val,COLO320DM,10-49,40,35,5,-5,41,36,1199
Label Engine,test,NCI-H2170,10-49,40,28,12,-12,41,29,1200
Label Engine,train,NCI-H2170,10-49,40,44,4,4,41,45,1201
Label Engine,train,COLO320DM,10-49,41,25,16,-16,42,26,1202
Label Engine,test,COLO320DM,10-49,41,24,17,-17,42,25,1203
Label Engine,train,NCI-H2170,10-49,41,43,2,2,42,44,1204
Label Engine,train,NCI-H2170,10-49,41,28,13,-13,42,29,1205
Label Engine,train,NCI-H2170,10-49,41,28,13,-13,42,29,1206
Label Engine,train,NCI-H2170,10-49,42,47,5,5,43,48,1207
Label Engine,train,NCI-H2170,10-49,43,42,1,-1,44,43,1208
Label Engine,train,NCI-H2170,10-49,43,15,28,-28,44,16,1209
Label Engine,train,NCI-H2170,10-49,43,29,14,-14,44,30,1210
Label Engine,train,COLO320DM,10-49,44,34,10,-10,45,35,1211
Label Engine,train,NCI-H2170,10-49,44,63,19,19,45,64,1212
Label Engine,test,NCI-H2170,10-49,44,32,12,-12,45,33,1213
Label Engine,train,COLO320DM,10-49,45,33,12,-12,46,34,1214
Label Engine,train,COLO320DM,10-49,45,43,2,-2,46,44,1215
Label Engine,train,NCI-H2170,10-49,45,43,2,-2,46,44,1216
Label Engine,train,COLO320DM,10-49,46,37,9,-9,47,38,1217
Label Engine,test,NCI-H2170,10-49,46,38,8,-8,47,39,1218
Label Engine,val,NCI-H2170,10-49,46,36,10,-10,47,37,1219
Label Engine,train,NCI-H2170,10-49,46,13,33,-33,47,14,1220
Label Engine,train,NCI-H2170,10-49,46,34,12,-12,47,35,1221
Label Engine,train,COLO320DM,10-49,47,36,11,-11,48,37,1222
Label Engine,train,NCI-H2170,10-49,47,40,7,-7,48,41,1223
Label Engine,train,NCI-H2170,10-49,47,42,5,-5,48,43,1224
Label Engine,val,NCI-H2170,10-49,47,44,3,-3,48,45,1225
Label Engine,test,NCI-H2170,10-49,48,19,29,-29,49,20,1226
Label Engine,val,NCI-H2170,10-49,48,24,24,-24,49,25,1227
Label Engine,val,NCI-H2170,10-49,48,44,4,-4,49,45,1228
Label Engine,test,COLO320DM,10-49,49,41,8,-8,50,42,1229
Label Engine,train,NCI-H2170,10-49,49,37,12,-12,50,38,1230
Label Engine,train,NCI-H2170,50-149,50,37,13,-13,51,38,1231
Label Engine,train,NCI-H2170,50-149,50,52,2,2,51,53,1232
Label Engine,train,COLO320DM,50-149,51,53,2,2,52,54,1233
Label Engine,test,NCI-H2170,50-149,51,25,26,-26,52,26,1234
Label Engine,train,NCI-H2170,50-149,51,49,2,-2,52,50,1235
Label Engine,val,NCI-H2170,50-149,51,51,0,0,52,52,1236
Label Engine,train,NCI-H2170,50-149,51,31,20,-20,52,32,1237
Label Engine,train,COLO320DM,50-149,52,37,15,-15,53,38,1238
Label Engine,val,NCI-H2170,50-149,52,59,7,7,53,60,1239
Label Engine,test,NCI-H2170,50-149,52,52,0,0,53,53,1240
Label Engine,test,NCI-H2170,50-149,52,25,27,-27,53,26,1241
Label Engine,val,NCI-H2170,50-149,52,41,11,-11,53,42,1242
Label Engine,train,COLO320DM,50-149,53,60,7,7,54,61,1243
Label Engine,train,COLO320DM,50-149,53,65,12,12,54,66,1244
Label Engine,train,NCI-H2170,50-149,53,51,2,-2,54,52,1245
Label Engine,train,NCI-H2170,50-149,53,26,27,-27,54,27,1246
Label Engine,train,NCI-H2170,50-149,53,57,4,4,54,58,1247
Label Engine,train,NCI-H2170,50-149,53,52,1,-1,54,53,1248
Label Engine,train,NCI-H2170,50-149,53,45,8,-8,54,46,1249
Label Engine,test,COLO320DM,50-149,54,50,4,-4,55,51,1250
Label Engine,train,NCI-H2170,50-149,54,44,10,-10,55,45,1251
Label Engine,train,NCI-H2170,50-149,54,36,18,-18,55,37,1252
Label Engine,train,NCI-H2170,50-149,54,54,0,0,55,55,1253
Label Engine,val,NCI-H2170,50-149,54,30,24,-24,55,31,1254
Label Engine,train,COLO320DM,50-149,55,57,2,2,56,58,1255
Label Engine,test,NCI-H2170,50-149,55,57,2,2,56,58,1256
Label Engine,test,NCI-H2170,50-149,55,55,0,0,56,56,1257
Label Engine,val,NCI-H2170,50-149,56,46,10,-10,57,47,1258
Label Engine,train,NCI-H2170,50-149,56,44,12,-12,57,45,1259
Label Engine,test,COLO320DM,50-149,57,33,24,-24,58,34,1260
Label Engine,val,COLO320DM,50-149,57,49,8,-8,58,50,1261
Label Engine,train,SNU16,50-149,57,25,32,-32,58,26,1262
Label Engine,val,NCI-H2170,50-149,58,67,9,9,59,68,1263
Label Engine,val,NCI-H2170,50-149,58,70,12,12,59,71,1264
Label Engine,train,NCI-H2170,50-149,58,52,6,-6,59,53,1265
Label Engine,train,NCI-H2170,50-149,58,44,14,-14,59,45,1266
Label Engine,val,COLO320DM,50-149,59,53,6,-6,60,54,1267
Label Engine,train,COLO320DM,50-149,59,48,11,-11,60,49,1268
Label Engine,train,COLO320DM,50-149,59,45,14,-14,60,46,1269
Label Engine,test,NCI-H2170,50-149,59,69,10,10,60,70,1270
Label Engine,train,NCI-H2170,50-149,60,24,36,-36,61,25,1271
Label Engine,train,NCI-H2170,50-149,60,39,21,-21,61,40,1272
Label Engine,train,COLO320DM,50-149,61,41,20,-20,62,42,1273
Label Engine,test,NCI-H2170,50-149,61,26,35,-35,62,27,1274
Label Engine,train,NCI-H2170,50-149,61,50,11,-11,62,51,1275
Label Engine,train,NCI-H2170,50-149,61,42,19,-19,62,43,1276
Label Engine,test,NCI-H2170,50-149,61,53,8,-8,62,54,1277
Label Engine,val,NCI-H2170,50-149,61,87,26,26,62,88,1278
Label Engine,test,NCI-H2170,50-149,62,74,12,12,63,75,1279
Label Engine,train,NCI-H2170,50-149,62,48,14,-14,63,49,1280
Label Engine,train,NCI-H2170,50-149,62,57,5,-5,63,58,1281
Label Engine,train,NCI-H2170,50-149,62,43,19,-19,63,44,1282
Label Engine,train,COLO320DM,50-149,63,29,34,-34,64,30,1283
Label Engine,train,NCI-H2170,50-149,63,69,6,6,64,70,1284
Label Engine,test,NCI-H2170,50-149,63,71,8,8,64,72,1285
Label Engine,train,NCI-H2170,50-149,63,47,16,-16,64,48,1286
Label Engine,train,NCI-H2170,50-149,64,61,3,-3,65,62,1287
Label Engine,train,NCI-H2170,50-149,64,58,6,-6,65,59,1288
Label Engine,train,NCI-H2170,50-149,64,61,3,-3,65,62,1289
Label Engine,test,NCI-H2170,50-149,64,63,1,-1,65,64,1290
Label Engine,train,COLO320DM,50-149,65,56,9,-9,66,57,1291
Label Engine,train,NCI-H2170,50-149,65,62,3,-3,66,63,1292
Label Engine,test,NCI-H2170,50-149,65,49,16,-16,66,50,1293
Label Engine,train,NCI-H2170,50-149,65,49,16,-16,66,50,1294
Label Engine,train,NCI-H2170,50-149,65,52,13,-13,66,53,1295
Label Engine,train,NCI-H2170,50-149,66,57,9,-9,67,58,1296
Label Engine,train,NCI-H2170,50-149,66,56,10,-10,67,57,1297
Label Engine,train,NCI-H2170,50-149,66,48,18,-18,67,49,1298
Label Engine,test,NCI-H2170,50-149,67,56,11,-11,68,57,1299
Label Engine,test,NCI-H2170,50-149,67,14,53,-53,68,15,1300
Label Engine,train,NCI-H2170,50-149,67,33,34,-34,68,34,1301
Label Engine,train,NCI-H2170,50-149,68,41,27,-27,69,42,1302
Label Engine,train,NCI-H2170,50-149,69,90,21,21,70,91,1303
Label Engine,train,NCI-H2170,50-149,69,76,7,7,70,77,1304
Label Engine,train,NCI-H2170,50-149,69,46,23,-23,70,47,1305
Label Engine,train,NCI-H2170,50-149,69,48,21,-21,70,49,1306
Label Engine,train,NCI-H2170,50-149,69,58,11,-11,70,59,1307
Label Engine,train,NCI-H2170,50-149,70,94,24,24,71,95,1308
Label Engine,train,NCI-H2170,50-149,70,59,11,-11,71,60,1309
Label Engine,val,NCI-H2170,50-149,70,63,7,-7,71,64,1310
Label Engine,train,NCI-H2170,50-149,70,59,11,-11,71,60,1311
Label Engine,train,NCI-H2170,50-149,70,48,22,-22,71,49,1312
Label Engine,val,COLO320DM,50-149,71,48,23,-23,72,49,1313
Label Engine,train,NCI-H2170,50-149,71,77,6,6,72,78,1314
Label Engine,val,NCI-H2170,50-149,71,66,5,-5,72,67,1315
Label Engine,train,NCI-H2170,50-149,71,82,11,11,72,83,1316
Label Engine,test,NCI-H2170,50-149,71,62,9,-9,72,63,1317
Label Engine,train,NCI-H2170,50-149,71,67,4,-4,72,68,1318
Label Engine,train,NCI-H2170,50-149,71,66,5,-5,72,67,1319
Label Engine,test,NCI-H716,50-149,71,46,25,-25,72,47,1320
Label Engine,train,NCI-H2170,50-149,72,71,1,-1,73,72,1321
Label Engine,test,NCI-H2170,50-149,72,59,13,-13,73,60,1322
Label Engine,train,NCI-H716,50-149,72,55,17,-17,73,56,1323
Label Engine,train,NCI-H2170,50-149,73,80,7,7,74,81,1324
Label Engine,train,NCI-H2170,50-149,73,34,39,-39,74,35,1325
Label Engine,train,NCI-H2170,50-149,73,72,1,-1,74,73,1326
Label Engine,train,COLO320DM,50-149,74,71,3,-3,75,72,1327
Label Engine,val,COLO320DM,50-149,74,59,15,-15,75,60,1328
Label Engine,train,NCI-H2170,50-149,74,54,20,-20,75,55,1329
Label Engine,train,NCI-H2170,50-149,74,25,49,-49,75,26,1330
Label Engine,train,NCI-H2170,50-149,74,21,53,-53,75,22,1331
Label Engine,train,NCI-H2170,50-149,74,52,22,-22,75,53,1332
Label Engine,train,NCI-H2170,50-149,75,67,8,-8,76,68,1333
Label Engine,train,NCI-H2170,50-149,75,68,7,-7,76,69,1334
Label Engine,train,NCI-H2170,50-149,75,43,32,-32,76,44,1335
Label Engine,val,NCI-H2170,50-149,75,72,3,-3,76,73,1336
Label Engine,train,NCI-H2170,50-149,75,71,4,-4,76,72,1337
Label Engine,train,NCI-H2170,50-149,75,66,9,-9,76,67,1338
Label Engine,train,NCI-H2170,50-149,75,69,6,-6,76,70,1339
Label Engine,train,NCI-H2170,50-149,76,70,6,-6,77,71,1340
Label Engine,train,NCI-H2170,50-149,76,87,11,11,77,88,1341
Label Engine,train,NCI-H2170,50-149,76,76,0,0,77,77,1342
Label Engine,train,NCI-H2170,50-149,76,77,1,1,77,78,1343
Label Engine,train,NCI-H2170,50-149,76,59,17,-17,77,60,1344
Label Engine,train,NCI-H2170,50-149,76,66,10,-10,77,67,1345
Label Engine,train,NCI-H716,50-149,76,59,17,-17,77,60,1346
Label Engine,train,NCI-H2170,50-149,77,83,6,6,78,84,1347
Label Engine,train,NCI-H2170,50-149,77,68,9,-9,78,69,1348
Label Engine,val,NCI-H2170,50-149,77,94,17,17,78,95,1349
Label Engine,train,SNU16,50-149,77,47,30,-30,78,48,1350
Label Engine,val,NCI-H2170,50-149,78,81,3,3,79,82,1351
Label Engine,test,NCI-H2170,50-149,78,75,3,-3,79,76,1352
Label Engine,train,NCI-H2170,50-149,78,69,9,-9,79,70,1353
Label Engine,train,NCI-H2170,50-149,78,62,16,-16,79,63,1354
Label Engine,train,NCI-H2170,50-149,78,82,4,4,79,83,1355
Label Engine,train,NCI-H2170,50-149,78,76,2,-2,79,77,1356
Label Engine,train,NCI-H2170,50-149,78,81,3,3,79,82,1357
Label Engine,train,NCI-H2170,50-149,78,118,40,40,79,119,1358
Label Engine,test,NCI-H2170,50-149,79,77,2,-2,80,78,1359
Label Engine,val,NCI-H2170,50-149,79,75,4,-4,80,76,1360
Label Engine,train,NCI-H2170,50-149,79,69,10,-10,80,70,1361
Label Engine,test,NCI-H2170,50-149,79,72,7,-7,80,73,1362
Label Engine,train,NCI-H2170,50-149,79,80,1,1,80,81,1363
Label Engine,train,COLO320DM,50-149,80,58,22,-22,81,59,1364
Label Engine,test,NCI-H2170,50-149,80,49,31,-31,81,50,1365
Label Engine,train,NCI-H2170,50-149,81,70,11,-11,82,71,1366
Label Engine,train,NCI-H2170,50-149,81,43,38,-38,82,44,1367
Label Engine,val,NCI-H2170,50-149,81,71,10,-10,82,72,1368
Label Engine,val,NCI-H2170,50-149,81,80,1,-1,82,81,1369
Label Engine,train,NCI-H2170,50-149,82,54,28,-28,83,55,1370
Label Engine,train,NCI-H2170,50-149,82,72,10,-10,83,73,1371
Label Engine,train,COLO320DM,50-149,83,59,24,-24,84,60,1372
Label Engine,test,NCI-H2170,50-149,83,71,12,-12,84,72,1373
Label Engine,train,NCI-H2170,50-149,83,82,1,-1,84,83,1374
Label Engine,train,NCI-H2170,50-149,83,80,3,-3,84,81,1375
Label Engine,test,NCI-H2170,50-149,84,64,20,-20,85,65,1376
Label Engine,train,NCI-H2170,50-149,84,87,3,3,85,88,1377
Label Engine,train,NCI-H2170,50-149,84,58,26,-26,85,59,1378
Label Engine,test,NCI-H2170,50-149,84,68,16,-16,85,69,1379
Label Engine,val,NCI-H2170,50-149,85,67,18,-18,86,68,1380
Label Engine,test,NCI-H2170,50-149,85,51,34,-34,86,52,1381
Label Engine,test,NCI-H2170,50-149,85,86,1,1,86,87,1382
Label Engine,train,NCI-H2170,50-149,85,72,13,-13,86,73,1383
Label Engine,train,NCI-H2170,50-149,86,90,4,4,87,91,1384
Label Engine,val,NCI-H2170,50-149,86,73,13,-13,87,74,1385
Label Engine,train,NCI-H2170,50-149,86,9,77,-77,87,10,1386
Label Engine,train,NCI-H2170,50-149,86,64,22,-22,87,65,1387
Label Engine,train,NCI-H2170,50-149,86,65,21,-21,87,66,1388
Label Engine,train,NCI-H2170,50-149,86,82,4,-4,87,83,1389
Label Engine,test,NCI-H2170,50-149,86,90,4,4,87,91,1390
Label Engine,train,COLO320DM,50-149,87,79,8,-8,88,80,1391
Label Engine,train,NCI-H2170,50-149,87,80,7,-7,88,81,1392
Label Engine,test,NCI-H2170,50-149,87,78,9,-9,88,79,1393
Label Engine,val,NCI-H2170,50-149,87,66,21,-21,88,67,1394
Label Engine,test,NCI-H2170,50-149,87,37,50,-50,88,38,1395
Label Engine,train,NCI-H2170,50-149,87,84,3,-3,88,85,1396
Label Engine,train,NCI-H2170,50-149,88,78,10,-10,89,79,1397
Label Engine,train,NCI-H2170,50-149,88,85,3,-3,89,86,1398
Label Engine,train,NCI-H2170,50-149,88,51,37,-37,89,52,1399
Label Engine,train,NCI-H2170,50-149,88,76,12,-12,89,77,1400
Label Engine,train,NCI-H2170,50-149,88,135,47,47,89,136,1401
Label Engine,train,COLO320DM,50-149,89,70,19,-19,90,71,1402
Label Engine,val,NCI-H2170,50-149,89,82,7,-7,90,83,1403
Label Engine,val,NCI-H2170,50-149,89,83,6,-6,90,84,1404
Label Engine,test,NCI-H2170,50-149,89,70,19,-19,90,71,1405
Label Engine,train,NCI-H2170,50-149,89,87,2,-2,90,88,1406
Label Engine,test,NCI-H2170,50-149,89,67,22,-22,90,68,1407
Label Engine,train,NCI-H716,50-149,89,50,39,-39,90,51,1408
Label Engine,train,NCI-H2170,50-149,90,87,3,-3,91,88,1409
Label Engine,train,NCI-H2170,50-149,90,67,23,-23,91,68,1410
Label Engine,test,NCI-H2170,50-149,90,90,0,0,91,91,1411
Label Engine,test,NCI-H2170,50-149,90,85,5,-5,91,86,1412
Label Engine,train,SNU16,50-149,90,94,4,4,91,95,1413
Label Engine,test,COLO320DM,50-149,91,75,16,-16,92,76,1414
Label Engine,train,NCI-H2170,50-149,91,91,0,0,92,92,1415
Label Engine,val,NCI-H2170,50-149,91,77,14,-14,92,78,1416
Label Engine,val,NCI-H2170,50-149,91,78,13,-13,92,79,1417
Label Engine,train,NCI-H2170,50-149,92,102,10,10,93,103,1418
Label Engine,val,NCI-H2170,50-149,92,76,16,-16,93,77,1419
Label Engine,val,NCI-H2170,50-149,92,67,25,-25,93,68,1420
Label Engine,train,NCI-H2170,50-149,93,100,7,7,94,101,1421
Label Engine,train,NCI-H2170,50-149,93,108,15,15,94,109,1422
Label Engine,train,NCI-H2170,50-149,93,89,4,-4,94,90,1423
Label Engine,test,NCI-H2170,50-149,93,62,31,-31,94,63,1424
Label Engine,train,NCI-H2170,50-149,93,88,5,-5,94,89,1425
Label Engine,test,NCI-H2170,50-149,93,87,6,-6,94,88,1426
Label Engine,train,NCI-H2170,50-149,93,79,14,-14,94,80,1427
Label Engine,train,NCI-H2170,50-149,93,78,15,-15,94,79,1428
Label Engine,val,NCI-H2170,50-149,94,100,6,6,95,101,1429
Label Engine,val,NCI-H2170,50-149,94,93,1,-1,95,94,1430
Label Engine,val,NCI-H2170,50-149,94,76,18,-18,95,77,1431
Label Engine,train,NCI-H2170,50-149,94,100,6,6,95,101,1432
Label Engine,train,NCI-H2170,50-149,94,114,20,20,95,115,1433
Label Engine,train,NCI-H2170,50-149,94,90,4,-4,95,91,1434
Label Engine,train,NCI-H2170,50-149,94,48,46,-46,95,49,1435
Label Engine,train,NCI-H2170,50-149,95,91,4,-4,96,92,1436
Label Engine,train,NCI-H2170,50-149,95,105,10,10,96,106,1437
Label Engine,train,NCI-H2170,50-149,96,94,2,-2,97,95,1438
Label Engine,train,NCI-H2170,50-149,96,97,1,1,97,98,1439
Label Engine,test,NCI-H2170,50-149,96,104,8,8,97,105,1440
Label Engine,val,NCI-H2170,50-149,96,85,11,-11,97,86,1441
Label Engine,train,NCI-H2170,50-149,96,119,23,23,97,120,1442
Label Engine,train,NCI-H2170,50-149,97,101,4,4,98,102,1443
Label Engine,train,NCI-H2170,50-149,97,101,4,4,98,102,1444
Label Engine,train,NCI-H2170,50-149,97,107,10,10,98,108,1445
Label Engine,test,NCI-H2170,50-149,97,70,27,-27,98,71,1446
Label Engine,train,NCI-H2170,50-149,97,67,30,-30,98,68,1447
Label Engine,train,NCI-H2170,50-149,97,100,3,3,98,101,1448
Label Engine,val,SNU16,50-149,97,116,19,19,98,117,1449
Label Engine,train,SNU16,50-149,97,60,37,-37,98,61,1450
Label Engine,train,NCI-H2170,50-149,98,84,14,-14,99,85,1451
Label Engine,train,NCI-H2170,50-149,98,109,11,11,99,110,1452
Label Engine,train,NCI-H2170,50-149,98,99,1,1,99,100,1453
Label Engine,train,NCI-H2170,50-149,98,92,6,-6,99,93,1454
Label Engine,train,NCI-H2170,50-149,99,95,4,-4,100,96,1455
Label Engine,train,NCI-H2170,50-149,99,27,72,-72,100,28,1456
Label Engine,train,NCI-H2170,50-149,99,61,38,-38,100,62,1457
Label Engine,train,NCI-H2170,50-149,99,43,56,-56,100,44,1458
Label Engine,train,NCI-H2170,50-149,99,67,32,-32,100,68,1459
Label Engine,train,NCI-H2170,50-149,99,113,14,14,100,114,1460
Label Engine,train,NCI-H2170,50-149,99,75,24,-24,100,76,1461
Label Engine,train,NCI-H2170,50-149,99,80,19,-19,100,81,1462
Label Engine,train,NCI-H2170,50-149,99,93,6,-6,100,94,1463
Label Engine,train,NCI-H2170,50-149,100,92,8,-8,101,93,1464
Label Engine,train,COLO320DM,50-149,101,85,16,-16,102,86,1465
Label Engine,train,NCI-H2170,50-149,101,99,2,-2,102,100,1466
Label Engine,train,NCI-H2170,50-149,101,92,9,-9,102,93,1467
Label Engine,test,NCI-H2170,50-149,101,94,7,-7,102,95,1468
Label Engine,train,NCI-H2170,50-149,101,73,28,-28,102,74,1469
Label Engine,train,NCI-H2170,50-149,101,62,39,-39,102,63,1470
Label Engine,train,NCI-H2170,50-149,101,65,36,-36,102,66,1471
Label Engine,test,NCI-H716,50-149,101,67,34,-34,102,68,1472
Label Engine,train,SNU16,50-149,101,11,90,-90,102,12,1473
Label Engine,train,SNU16,50-149,101,108,7,7,102,109,1474
Label Engine,test,NCI-H2170,50-149,102,96,6,-6,103,97,1475
Label Engine,train,NCI-H2170,50-149,102,94,8,-8,103,95,1476
Label Engine,val,NCI-H2170,50-149,102,104,2,2,103,105,1477
Label Engine,train,NCI-H2170,50-149,102,88,14,-14,103,89,1478
Label Engine,val,NCI-H2170,50-149,102,91,11,-11,103,92,1479
Label Engine,test,NCI-H2170,50-149,103,83,20,-20,104,84,1480
Label Engine,val,NCI-H2170,50-149,103,101,2,-2,104,102,1481
Label Engine,test,NCI-H2170,50-149,103,79,24,-24,104,80,1482
Label Engine,val,NCI-H2170,50-149,103,56,47,-47,104,57,1483
Label Engine,train,NCI-H2170,50-149,103,109,6,6,104,110,1484
Label Engine,train,NCI-H2170,50-149,103,87,16,-16,104,88,1485
Label Engine,train,NCI-H2170,50-149,104,107,3,3,105,108,1486
Label Engine,train,NCI-H2170,50-149,104,104,0,0,105,105,1487
Label Engine,val,NCI-H2170,50-149,104,71,33,-33,105,72,1488
Label Engine,train,NCI-H2170,50-149,105,115,10,10,106,116,1489
Label Engine,train,NCI-H2170,50-149,105,88,17,-17,106,89,1490
Label Engine,val,NCI-H2170,50-149,105,95,10,-10,106,96,1491
Label Engine,train,NCI-H2170,50-149,105,114,9,9,106,115,1492
Label Engine,train,NCI-H2170,50-149,105,75,30,-30,106,76,1493
Label Engine,test,NCI-H2170,50-149,105,71,34,-34,106,72,1494
Label Engine,train,SNU16,50-149,105,79,26,-26,106,80,1495
Label Engine,train,NCI-H2170,50-149,106,106,0,0,107,107,1496
Label Engine,train,NCI-H2170,50-149,106,93,13,-13,107,94,1497
Label Engine,train,NCI-H2170,50-149,106,84,22,-22,107,85,1498
Label Engine,val,NCI-H2170,50-149,106,118,12,12,107,119,1499
Label Engine,test,COLO320DM,50-149,107,92,15,-15,108,93,1500
Label Engine,train,NCI-H2170,50-149,107,101,6,-6,108,102,1501
Label Engine,val,NCI-H2170,50-149,107,28,79,-79,108,29,1502
Label Engine,train,NCI-H2170,50-149,107,104,3,-3,108,105,1503
Label Engine,train,NCI-H2170,50-149,107,101,6,-6,108,102,1504
Label Engine,test,NCI-H2170,50-149,107,74,33,-33,108,75,1505
Label Engine,train,NCI-H2170,50-149,107,81,26,-26,108,82,1506
Label Engine,train,NCI-H2170,50-149,108,85,23,-23,109,86,1507
Label Engine,val,NCI-H2170,50-149,108,91,17,-17,109,92,1508
Label Engine,train,NCI-H2170,50-149,109,99,10,-10,110,100,1509
Label Engine,train,NCI-H2170,50-149,109,115,6,6,110,116,1510
Label Engine,train,NCI-H2170,50-149,109,43,66,-66,110,44,1511
Label Engine,test,NCI-H2170,50-149,110,25,85,-85,111,26,1512
Label Engine,val,NCI-H2170,50-149,110,107,3,-3,111,108,1513
Label Engine,val,NCI-H2170,50-149,110,108,2,-2,111,109,1514
Label Engine,train,NCI-H2170,50-149,110,86,24,-24,111,87,1515
Label Engine,val,NCI-H2170,50-149,110,83,27,-27,111,84,1516
Label Engine,train,NCI-H2170,50-149,110,86,24,-24,111,87,1517
Label Engine,test,NCI-H716,50-149,110,70,40,-40,111,71,1518
Label Engine,train,SNU16,50-149,110,29,81,-81,111,30,1519
Label Engine,train,NCI-H2170,50-149,111,42,69,-69,112,43,1520
Label Engine,train,NCI-H2170,50-149,111,109,2,-2,112,110,1521
Label Engine,train,NCI-H2170,50-149,111,89,22,-22,112,90,1522
Label Engine,train,NCI-H2170,50-149,111,94,17,-17,112,95,1523
Label Engine,train,SNU16,50-149,111,71,40,-40,112,72,1524
Label Engine,train,NCI-H2170,50-149,112,113,1,1,113,114,1525
Label Engine,train,NCI-H2170,50-149,112,96,16,-16,113,97,1526
Label Engine,train,SNU16,50-149,112,82,30,-30,113,83,1527
Label Engine,train,NCI-H2170,50-149,113,76,37,-37,114,77,1528
Label Engine,val,NCI-H2170,50-149,113,116,3,3,114,117,1529
Label Engine,train,NCI-H2170,50-149,114,112,2,-2,115,113,1530
Label Engine,train,NCI-H2170,50-149,114,98,16,-16,115,99,1531
Label Engine,train,NCI-H2170,50-149,115,122,7,7,116,123,1532
Label Engine,train,NCI-H2170,50-149,115,109,6,-6,116,110,1533
Label Engine,val,NCI-H2170,50-149,115,123,8,8,116,124,1534
Label Engine,train,NCI-H2170,50-149,115,126,11,11,116,127,1535
Label Engine,train,NCI-H2170,50-149,115,64,51,-51,116,65,1536
Label Engine,train,NCI-H2170,50-149,115,105,10,-10,116,106,1537
Label Engine,train,NCI-H2170,50-149,116,109,7,-7,117,110,1538
Label Engine,train,NCI-H2170,50-149,116,84,32,-32,117,85,1539
Label Engine,test,NCI-H2170,50-149,116,102,14,-14,117,103,1540
Label Engine,train,NCI-H2170,50-149,116,96,20,-20,117,97,1541
Label Engine,train,NCI-H716,50-149,116,97,19,-19,117,98,1542
Label Engine,train,NCI-H2170,50-149,117,113,4,-4,118,114,1543
Label Engine,train,NCI-H2170,50-149,117,89,28,-28,118,90,1544
Label Engine,train,NCI-H2170,50-149,117,116,1,-1,118,117,1545
Label Engine,train,NCI-H2170,50-149,118,74,44,-44,119,75,1546
Label Engine,train,SNU16,50-149,118,27,91,-91,119,28,1547
Label Engine,train,NCI-H2170,50-149,119,115,4,-4,120,116,1548
Label Engine,train,NCI-H2170,50-149,119,59,60,-60,120,60,1549
Label Engine,test,NCI-H2170,50-149,119,66,53,-53,120,67,1550
Label Engine,train,NCI-H2170,50-149,119,170,51,51,120,171,1551
Label Engine,train,NCI-H2170,50-149,120,116,4,-4,121,117,1552
Label Engine,train,NCI-H2170,50-149,120,98,22,-22,121,99,1553
Label Engine,train,NCI-H2170,50-149,120,95,25,-25,121,96,1554
Label Engine,train,NCI-H716,50-149,120,74,46,-46,121,75,1555
Label Engine,val,NCI-H2170,50-149,121,103,18,-18,122,104,1556
Label Engine,train,NCI-H2170,50-149,121,112,9,-9,122,113,1557
Label Engine,train,NCI-H2170,50-149,121,118,3,-3,122,119,1558
Label Engine,train,NCI-H2170,50-149,121,123,2,2,122,124,1559
Label Engine,train,NCI-H2170,50-149,121,105,16,-16,122,106,1560
Label Engine,train,NCI-H2170,50-149,122,113,9,-9,123,114,1561
Label Engine,train,NCI-H2170,50-149,122,124,2,2,123,125,1562
Label Engine,train,NCI-H2170,50-149,122,115,7,-7,123,116,1563
Label Engine,train,NCI-H2170,50-149,122,103,19,-19,123,104,1564
Label Engine,train,NCI-H2170,50-149,123,132,9,9,124,133,1565
Label Engine,train,NCI-H2170,50-149,123,95,28,-28,124,96,1566
Label Engine,val,NCI-H2170,50-149,123,98,25,-25,124,99,1567
Label Engine,val,NCI-H2170,50-149,123,99,24,-24,124,100,1568
Label Engine,train,SNU16,50-149,123,107,16,-16,124,108,1569
Label Engine,train,NCI-H2170,50-149,124,122,2,-2,125,123,1570
Label Engine,test,NCI-H2170,50-149,124,120,4,-4,125,121,1571
Label Engine,train,NCI-H2170,50-149,124,119,5,-5,125,120,1572
Label Engine,train,NCI-H2170,50-149,124,119,5,-5,125,120,1573
Label Engine,train,SNU16,50-149,124,34,90,-90,125,35,1574
Label Engine,val,NCI-H2170,50-149,125,118,7,-7,126,119,1575
Label Engine,train,NCI-H2170,50-149,125,110,15,-15,126,111,1576
Label Engine,train,NCI-H2170,50-149,125,120,5,-5,126,121,1577
Label Engine,train,NCI-H2170,50-149,125,110,15,-15,126,111,1578
Label Engine,train,NCI-H2170,50-149,125,103,22,-22,126,104,1579
Label Engine,train,NCI-H2170,50-149,125,100,25,-25,126,101,1580
Label Engine,train,NCI-H2170,50-149,125,111,14,-14,126,112,1581
Label Engine,test,SNU16,50-149,125,185,60,60,126,186,1582
Label Engine,train,NCI-H2170,50-149,126,124,2,-2,127,125,1583
Label Engine,test,NCI-H2170,50-149,126,140,14,14,127,141,1584
Label Engine,test,NCI-H2170,50-149,126,32,94,-94,127,33,1585
Label Engine,train,NCI-H2170,50-149,127,121,6,-6,128,122,1586
Label Engine,train,NCI-H2170,50-149,127,82,45,-45,128,83,1587
Label Engine,train,NCI-H716,50-149,127,92,35,-35,128,93,1588
Label Engine,train,NCI-H2170,50-149,128,149,21,21,129,150,1589
Label Engine,train,NCI-H2170,50-149,128,127,1,-1,129,128,1590
Label Engine,train,NCI-H2170,50-149,128,103,25,-25,129,104,1591
Label Engine,train,NCI-H716,50-149,128,99,29,-29,129,100,1592
Label Engine,val,NCI-H2170,50-149,129,169,40,40,130,170,1593
Label Engine,train,NCI-H2170,50-149,129,130,1,1,130,131,1594
Label Engine,train,NCI-H716,50-149,129,141,12,12,130,142,1595
Label Engine,train,NCI-H2170,50-149,130,115,15,-15,131,116,1596
Label Engine,train,NCI-H2170,50-149,130,127,3,-3,131,128,1597
Label Engine,train,NCI-H2170,50-149,130,131,1,1,131,132,1598
Label Engine,train,NCI-H2170,50-149,131,131,0,0,132,132,1599
Label Engine,train,NCI-H2170,50-149,131,124,7,-7,132,125,1600
Label Engine,train,NCI-H716,50-149,131,69,62,-62,132,70,1601
Label Engine,train,NCI-H716,50-149,131,76,55,-55,132,77,1602
Label Engine,train,NCI-H2170,50-149,132,177,45,45,133,178,1603
Label Engine,train,NCI-H2170,50-149,132,113,19,-19,133,114,1604
Label Engine,train,NCI-H2170,50-149,132,75,57,-57,133,76,1605
Label Engine,test,NCI-H2170,50-149,132,138,6,6,133,139,1606
Label Engine,train,NCI-H2170,50-149,132,80,52,-52,133,81,1607
Label Engine,train,NCI-H2170,50-149,132,121,11,-11,133,122,1608
Label Engine,val,NCI-H716,50-149,132,108,24,-24,133,109,1609
Label Engine,train,NCI-H716,50-149,132,125,7,-7,133,126,1610
Label Engine,train,NCI-H716,50-149,132,70,62,-62,133,71,1611
Label Engine,train,NCI-H2170,50-149,133,136,3,3,134,137,1612
Label Engine,train,NCI-H2170,50-149,133,222,89,89,134,223,1613
Label Engine,train,NCI-H2170,50-149,133,106,27,-27,134,107,1614
Label Engine,train,NCI-H2170,50-149,134,112,22,-22,135,113,1615
Label Engine,val,NCI-H2170,50-149,134,87,47,-47,135,88,1616
Label Engine,train,NCI-H716,50-149,134,97,37,-37,135,98,1617
Label Engine,train,NCI-H2170,50-149,135,137,2,2,136,138,1618
Label Engine,train,NCI-H2170,50-149,135,99,36,-36,136,100,1619
Label Engine,train,NCI-H2170,50-149,135,117,18,-18,136,118,1620
Label Engine,test,NCI-H2170,50-149,135,129,6,-6,136,130,1621
Label Engine,train,NCI-H716,50-149,135,95,40,-40,136,96,1622
Label Engine,train,NCI-H716,50-149,135,111,24,-24,136,112,1623
Label Engine,train,NCI-H2170,50-149,136,138,2,2,137,139,1624
Label Engine,train,NCI-H2170,50-149,136,26,110,-110,137,27,1625
Label Engine,train,NCI-H2170,50-149,137,114,23,-23,138,115,1626
Label Engine,train,NCI-H716,50-149,137,83,54,-54,138,84,1627
Label Engine,train,NCI-H2170,50-149,138,127,11,-11,139,128,1628
Label Engine,test,NCI-H2170,50-149,138,147,9,9,139,148,1629
Label Engine,train,NCI-H2170,50-149,138,122,16,-16,139,123,1630
Label Engine,train,NCI-H2170,50-149,138,114,24,-24,139,115,1631
Label Engine,train,NCI-H2170,50-149,139,135,4,-4,140,136,1632
Label Engine,val,NCI-H2170,50-149,139,143,4,4,140,144,1633
Label Engine,test,NCI-H2170,50-149,139,79,60,-60,140,80,1634
Label Engine,train,NCI-H2170,50-149,139,125,14,-14,140,126,1635
Label Engine,test,NCI-H716,50-149,139,56,83,-83,140,57,1636
Label Engine,test,SNU16,50-149,140,176,36,36,141,177,1637
Label Engine,train,NCI-H2170,50-149,141,139,2,-2,142,140,1638
Label Engine,val,NCI-H2170,50-149,141,149,8,8,142,150,1639
Label Engine,val,NCI-H2170,50-149,141,116,25,-25,142,117,1640
Label Engine,train,NCI-H2170,50-149,141,118,23,-23,142,119,1641
Label Engine,train,SNU16,50-149,141,136,5,-5,142,137,1642
Label Engine,train,SNU16,50-149,141,108,33,-33,142,109,1643
Label Engine,train,NCI-H2170,50-149,142,153,11,11,143,154,1644
Label Engine,test,NCI-H2170,50-149,142,124,18,-18,143,125,1645
Label Engine,train,NCI-H2170,50-149,142,95,47,-47,143,96,1646
Label Engine,train,NCI-H2170,50-149,142,70,72,-72,143,71,1647
Label Engine,train,NCI-H2170,50-149,142,140,2,-2,143,141,1648
Label Engine,train,NCI-H2170,50-149,142,138,4,-4,143,139,1649
Label Engine,train,SNU16,50-149,142,88,54,-54,143,89,1650
Label Engine,val,COLO320DM,50-149,143,131,12,-12,144,132,1651
Label Engine,train,NCI-H2170,50-149,143,143,0,0,144,144,1652
Label Engine,train,NCI-H2170,50-149,143,84,59,-59,144,85,1653
Label Engine,val,NCI-H2170,50-149,143,145,2,2,144,146,1654
Label Engine,train,NCI-H2170,50-149,143,117,26,-26,144,118,1655
Label Engine,train,NCI-H2170,50-149,143,125,18,-18,144,126,1656
Label Engine,train,COLO320DM,50-149,144,130,14,-14,145,131,1657
Label Engine,val,NCI-H716,50-149,144,67,77,-77,145,68,1658
Label Engine,train,NCI-H716,50-149,144,45,99,-99,145,46,1659
Label Engine,train,SNU16,50-149,144,130,14,-14,145,131,1660
Label Engine,train,SNU16,50-149,144,89,55,-55,145,90,1661
Label Engine,train,NCI-H2170,50-149,145,137,8,-8,146,138,1662
Label Engine,val,NCI-H2170,50-149,145,132,13,-13,146,133,1663
Label Engine,train,NCI-H2170,50-149,145,109,36,-36,146,110,1664
Label Engine,train,NCI-H2170,50-149,146,148,2,2,147,149,1665
Label Engine,train,NCI-H2170,50-149,146,131,15,-15,147,132,1666
Label Engine,train,NCI-H2170,50-149,146,137,9,-9,147,138,1667
Label Engine,train,NCI-H2170,50-149,147,126,21,-21,148,127,1668
Label Engine,train,NCI-H2170,50-149,147,140,7,-7,148,141,1669
Label Engine,val,NCI-H2170,50-149,147,149,2,2,148,150,1670
Label Engine,train,NCI-H2170,50-149,147,128,19,-19,148,129,1671
Label Engine,val,NCI-H2170,50-149,147,95,52,-52,148,96,1672
Label Engine,test,NCI-H2170,50-149,148,147,1,-1,149,148,1673
Label Engine,val,NCI-H2170,50-149,148,135,13,-13,149,136,1674
Label Engine,train,NCI-H2170,50-149,148,151,3,3,149,152,1675
Label Engine,val,NCI-H2170,50-149,148,102,46,-46,149,103,1676
Label Engine,val,NCI-H716,50-149,148,106,42,-42,149,107,1677
Label Engine,train,SNU16,50-149,148,120,28,-28,149,121,1678
Label Engine,train,NCI-H2170,50-149,149,136,13,-13,150,137,1679
Label Engine,train,NCI-H2170,50-149,149,128,21,-21,150,129,1680
Label Engine,train,NCI-H2170,150-299,150,147,3,-3,151,148,1681
Label Engine,train,NCI-H2170,150-299,150,151,1,1,151,152,1682
Label Engine,train,NCI-H2170,150-299,150,173,23,23,151,174,1683
Label Engine,val,NCI-H2170,150-299,150,129,21,-21,151,130,1684
Label Engine,train,NCI-H2170,150-299,150,126,24,-24,151,127,1685
Label Engine,test,NCI-H716,150-299,150,74,76,-76,151,75,1686
Label Engine,test,SNU16,150-299,150,105,45,-45,151,106,1687
Label Engine,val,NCI-H2170,150-299,151,153,2,2,152,154,1688
Label Engine,train,NCI-H2170,150-299,151,135,16,-16,152,136,1689
Label Engine,test,NCI-H2170,150-299,151,108,43,-43,152,109,1690
Label Engine,train,SNU16,150-299,151,162,11,11,152,163,1691
Label Engine,train,NCI-H2170,150-299,152,134,18,-18,153,135,1692
Label Engine,train,NCI-H2170,150-299,152,92,60,-60,153,93,1693
Label Engine,val,NCI-H2170,150-299,152,135,17,-17,153,136,1694
Label Engine,train,NCI-H2170,150-299,152,147,5,-5,153,148,1695
Label Engine,val,NCI-H2170,150-299,152,124,28,-28,153,125,1696
Label Engine,train,NCI-H2170,150-299,152,108,44,-44,153,109,1697
Label Engine,val,NCI-H716,150-299,152,112,40,-40,153,113,1698
Label Engine,train,NCI-H2170,150-299,153,150,3,-3,154,151,1699
Label Engine,train,NCI-H2170,150-299,153,170,17,17,154,171,1700
Label Engine,val,NCI-H2170,150-299,153,143,10,-10,154,144,1701
Label Engine,train,NCI-H2170,150-299,153,151,2,-2,154,152,1702
Label Engine,train,NCI-H2170,150-299,153,165,12,12,154,166,1703
Label Engine,train,NCI-H2170,150-299,154,155,1,1,155,156,1704
Label Engine,train,NCI-H2170,150-299,155,131,24,-24,156,132,1705
Label Engine,train,NCI-H2170,150-299,156,75,81,-81,157,76,1706
Label Engine,val,NCI-H2170,150-299,156,149,7,-7,157,150,1707
Label Engine,val,NCI-H2170,150-299,157,161,4,4,158,162,1708
Label Engine,val,NCI-H2170,150-299,157,161,4,4,158,162,1709
Label Engine,train,NCI-H2170,150-299,157,156,1,-1,158,157,1710
Label Engine,train,NCI-H2170,150-299,157,131,26,-26,158,132,1711
Label Engine,train,SNU16,150-299,157,131,26,-26,158,132,1712
Label Engine,val,NCI-H2170,150-299,158,142,16,-16,159,143,1713
Label Engine,val,NCI-H2170,150-299,158,151,7,-7,159,152,1714
Label Engine,test,SNU16,150-299,158,160,2,2,159,161,1715
Label Engine,val,NCI-H2170,150-299,159,163,4,4,160,164,1716
Label Engine,test,NCI-H2170,150-299,159,159,0,0,160,160,1717
Label Engine,train,NCI-H2170,150-299,159,146,13,-13,160,147,1718
Label Engine,train,NCI-H2170,150-299,160,152,8,-8,161,153,1719
Label Engine,val,NCI-H2170,150-299,160,144,16,-16,161,145,1720
Label Engine,val,NCI-H2170,150-299,160,90,70,-70,161,91,1721
Label Engine,train,NCI-H2170,150-299,160,153,7,-7,161,154,1722
Label Engine,train,NCI-H2170,150-299,161,116,45,-45,162,117,1723
Label Engine,val,SNU16,150-299,161,177,16,16,162,178,1724
Label Engine,train,NCI-H2170,150-299,162,162,0,0,163,163,1725
Label Engine,train,NCI-H2170,150-299,162,154,8,-8,163,155,1726
Label Engine,train,NCI-H2170,150-299,163,170,7,7,164,171,1727
Label Engine,train,NCI-H2170,150-299,163,84,79,-79,164,85,1728
Label Engine,train,NCI-H2170,150-299,163,132,31,-31,164,133,1729
Label Engine,test,NCI-H716,150-299,163,67,96,-96,164,68,1730
Label Engine,train,NCI-H716,150-299,163,153,10,-10,164,154,1731
Label Engine,test,NCI-H2170,150-299,164,141,23,-23,165,142,1732
Label Engine,train,NCI-H2170,150-299,164,134,30,-30,165,135,1733
Label Engine,train,NCI-H2170,150-299,165,158,7,-7,166,159,1734
Label Engine,train,NCI-H2170,150-299,165,113,52,-52,166,114,1735
Label Engine,train,NCI-H2170,150-299,166,106,60,-60,167,107,1736
Label Engine,train,NCI-H2170,150-299,166,147,19,-19,167,148,1737
Label Engine,val,NCI-H716,150-299,166,113,53,-53,167,114,1738
Label Engine,val,NCI-H716,150-299,166,123,43,-43,167,124,1739
Label Engine,test,NCI-H716,150-299,166,105,61,-61,167,106,1740
Label Engine,test,SNU16,150-299,166,119,47,-47,167,120,1741
Label Engine,train,NCI-H2170,150-299,167,156,11,-11,168,157,1742
Label Engine,train,NCI-H2170,150-299,167,179,12,12,168,180,1743
Label Engine,train,NCI-H2170,150-299,168,105,63,-63,169,106,1744
Label Engine,val,NCI-H2170,150-299,168,160,8,-8,169,161,1745
Label Engine,train,NCI-H2170,150-299,168,134,34,-34,169,135,1746
Label Engine,train,NCI-H2170,150-299,168,149,19,-19,169,150,1747
Label Engine,test,NCI-H2170,150-299,169,183,14,14,170,184,1748
Label Engine,val,NCI-H716,150-299,169,75,94,-94,170,76,1749
Label Engine,train,NCI-H2170,150-299,170,173,3,3,171,174,1750
Label Engine,train,NCI-H2170,150-299,170,164,6,-6,171,165,1751
Label Engine,test,NCI-H2170,150-299,170,128,42,-42,171,129,1752
Label Engine,train,SNU16,150-299,170,171,1,1,171,172,1753
Label Engine,test,NCI-H716,150-299,171,81,90,-90,172,82,1754
Label Engine,train,NCI-H2170,150-299,172,178,6,6,173,179,1755
Label Engine,train,NCI-H716,150-299,172,106,66,-66,173,107,1756
Label Engine,train,NCI-H716,150-299,172,160,12,-12,173,161,1757
Label Engine,train,SNU16,150-299,172,22,150,-150,173,23,1758
Label Engine,train,NCI-H2170,150-299,173,164,9,-9,174,165,1759
Label Engine,val,NCI-H2170,150-299,173,141,32,-32,174,142,1760
Label Engine,test,NCI-H2170,150-299,174,153,21,-21,175,154,1761
Label Engine,train,NCI-H2170,150-299,174,140,34,-34,175,141,1762
Label Engine,test,NCI-H2170,150-299,174,177,3,3,175,178,1763
Label Engine,val,SNU16,150-299,174,84,90,-90,175,85,1764
Label Engine,test,NCI-H2170,150-299,175,171,4,-4,176,172,1765
Label Engine,train,NCI-H2170,150-299,175,190,15,15,176,191,1766
Label Engine,test,NCI-H2170,150-299,175,123,52,-52,176,124,1767
Label Engine,train,NCI-H2170,150-299,176,55,121,-121,177,56,1768
Label Engine,train,NCI-H716,150-299,176,96,80,-80,177,97,1769
Label Engine,train,NCI-H2170,150-299,177,129,48,-48,178,130,1770
Label Engine,train,NCI-H2170,150-299,177,152,25,-25,178,153,1771
Label Engine,val,NCI-H2170,150-299,177,145,32,-32,178,146,1772
Label Engine,train,NCI-H2170,150-299,177,158,19,-19,178,159,1773
Label Engine,train,NCI-H716,150-299,177,105,72,-72,178,106,1774
Label Engine,test,SNU16,150-299,177,25,152,-152,178,26,1775
Label Engine,train,NCI-H2170,150-299,178,228,50,50,179,229,1776
Label Engine,test,NCI-H2170,150-299,178,161,17,-17,179,162,1777
Label Engine,train,NCI-H716,150-299,178,56,122,-122,179,57,1778
Label Engine,train,SNU16,150-299,178,144,34,-34,179,145,1779
Label Engine,train,NCI-H2170,150-299,179,172,7,-7,180,173,1780
Label Engine,test,NCI-H2170,150-299,179,154,25,-25,180,155,1781
Label Engine,train,NCI-H2170,150-299,179,181,2,2,180,182,1782
Label Engine,train,NCI-H2170,150-299,179,135,44,-44,180,136,1783
Label Engine,train,NCI-H716,150-299,179,91,88,-88,180,92,1784
Label Engine,train,NCI-H716,150-299,179,96,83,-83,180,97,1785
Label Engine,train,NCI-H2170,150-299,180,163,17,-17,181,164,1786
Label Engine,test,NCI-H2170,150-299,180,180,0,0,181,181,1787
Label Engine,train,NCI-H2170,150-299,180,134,46,-46,181,135,1788
Label Engine,train,NCI-H2170,150-299,180,159,21,-21,181,160,1789
Label Engine,val,NCI-H2170,150-299,181,199,18,18,182,200,1790
Label Engine,train,NCI-H2170,150-299,181,174,7,-7,182,175,1791
Label Engine,train,NCI-H2170,150-299,181,175,6,-6,182,176,1792
Label Engine,train,NCI-H2170,150-299,181,180,1,-1,182,181,1793
Label Engine,train,NCI-H2170,150-299,181,186,5,5,182,187,1794
Label Engine,train,NCI-H2170,150-299,181,143,38,-38,182,144,1795
Label Engine,train,NCI-H716,150-299,181,116,65,-65,182,117,1796
Label Engine,train,SNU16,150-299,181,58,123,-123,182,59,1797
Label Engine,test,NCI-H2170,150-299,182,183,1,1,183,184,1798
Label Engine,test,NCI-H2170,150-299,182,311,129,129,183,312,1799
Label Engine,train,NCI-H2170,150-299,182,140,42,-42,183,141,1800
Label Engine,train,NCI-H716,150-299,182,135,47,-47,183,136,1801
Label Engine,val,NCI-H2170,150-299,183,155,28,-28,184,156,1802
Label Engine,train,NCI-H2170,150-299,183,133,50,-50,184,134,1803
Label Engine,test,SNU16,150-299,183,103,80,-80,184,104,1804
Label Engine,train,NCI-H2170,150-299,184,173,11,-11,185,174,1805
Label Engine,test,NCI-H2170,150-299,184,173,11,-11,185,174,1806
Label Engine,train,NCI-H2170,150-299,184,162,22,-22,185,163,1807
Label Engine,test,NCI-H2170,150-299,184,183,1,-1,185,184,1808
Label Engine,train,NCI-H2170,150-299,184,148,36,-36,185,149,1809
Label Engine,train,NCI-H2170,150-299,185,142,43,-43,186,143,1810
Label Engine,train,NCI-H2170,150-299,185,165,20,-20,186,166,1811
Label Engine,test,NCI-H716,150-299,185,178,7,-7,186,179,1812
Label Engine,train,NCI-H2170,150-299,186,183,3,-3,187,184,1813
Label Engine,train,NCI-H2170,150-299,186,190,4,4,187,191,1814
Label Engine,test,NCI-H2170,150-299,186,197,11,11,187,198,1815
Label Engine,train,NCI-H2170,150-299,186,185,1,-1,187,186,1816
Label Engine,train,NCI-H2170,150-299,187,202,15,15,188,203,1817
Label Engine,test,NCI-H2170,150-299,187,172,15,-15,188,173,1818
Label Engine,val,NCI-H2170,150-299,188,192,4,4,189,193,1819
Label Engine,train,NCI-H2170,150-299,188,114,74,-74,189,115,1820
Label Engine,train,NCI-H2170,150-299,189,135,54,-54,190,136,1821
Label Engine,test,NCI-H2170,150-299,189,166,23,-23,190,167,1822
Label Engine,val,SNU16,150-299,189,62,127,-127,190,63,1823
Label Engine,train,NCI-H2170,150-299,190,163,27,-27,191,164,1824
Label Engine,train,NCI-H2170,150-299,190,181,9,-9,191,182,1825
Label Engine,train,SNU16,150-299,190,274,84,84,191,275,1826
Label Engine,train,NCI-H2170,150-299,191,208,17,17,192,209,1827
Label Engine,train,NCI-H2170,150-299,191,57,134,-134,192,58,1828
Label Engine,val,NCI-H2170,150-299,191,188,3,-3,192,189,1829
Label Engine,test,NCI-H2170,150-299,191,145,46,-46,192,146,1830
Label Engine,train,NCI-H2170,150-299,191,177,14,-14,192,178,1831
Label Engine,train,NCI-H716,150-299,191,109,82,-82,192,110,1832
Label Engine,test,SNU16,150-299,191,94,97,-97,192,95,1833
Label Engine,test,NCI-H2170,150-299,192,186,6,-6,193,187,1834
Label Engine,val,NCI-H2170,150-299,192,165,27,-27,193,166,1835
Label Engine,val,NCI-H2170,150-299,192,161,31,-31,193,162,1836
Label Engine,train,NCI-H2170,150-299,193,170,23,-23,194,171,1837
Label Engine,test,NCI-H2170,150-299,193,153,40,-40,194,154,1838
Label Engine,test,SNU16,150-299,193,112,81,-81,194,113,1839
Label Engine,train,NCI-H2170,150-299,194,208,14,14,195,209,1840
Label Engine,train,NCI-H2170,150-299,194,151,43,-43,195,152,1841
Label Engine,train,NCI-H716,150-299,194,154,40,-40,195,155,1842
Label Engine,val,NCI-H2170,150-299,195,155,40,-40,196,156,1843
Label Engine,train,NCI-H716,150-299,195,130,65,-65,196,131,1844
Label Engine,train,NCI-H2170,150-299,196,123,73,-73,197,124,1845
Label Engine,val,NCI-H2170,150-299,196,188,8,-8,197,189,1846
Label Engine,train,NCI-H2170,150-299,197,197,0,0,198,198,1847
Label Engine,train,NCI-H2170,150-299,197,190,7,-7,198,191,1848
Label Engine,train,NCI-H2170,150-299,197,159,38,-38,198,160,1849
Label Engine,train,NCI-H2170,150-299,199,202,3,3,200,203,1850
Label Engine,train,NCI-H2170,150-299,199,177,22,-22,200,178,1851
Label Engine,train,NCI-H2170,150-299,200,179,21,-21,201,180,1852
Label Engine,train,NCI-H2170,150-299,201,276,75,75,202,277,1853
Label Engine,val,NCI-H2170,150-299,201,52,149,-149,202,53,1854
Label Engine,val,NCI-H2170,150-299,201,218,17,17,202,219,1855
Label Engine,train,NCI-H2170,150-299,201,156,45,-45,202,157,1856
Label Engine,test,NCI-H2170,150-299,202,204,2,2,203,205,1857
Label Engine,train,NCI-H2170,150-299,202,155,47,-47,203,156,1858
Label Engine,val,NCI-H716,150-299,202,85,117,-117,203,86,1859
Label Engine,val,NCI-H2170,150-299,203,195,8,-8,204,196,1860
Label Engine,train,NCI-H2170,150-299,203,175,28,-28,204,176,1861
Label Engine,train,SNU16,150-299,203,139,64,-64,204,140,1862
Label Engine,train,NCI-H2170,150-299,204,198,6,-6,205,199,1863
Label Engine,train,NCI-H2170,150-299,205,214,9,9,206,215,1864
Label Engine,train,NCI-H2170,150-299,205,204,1,-1,206,205,1865
Label Engine,train,NCI-H2170,150-299,206,163,43,-43,207,164,1866
Label Engine,train,SNU16,150-299,206,70,136,-136,207,71,1867
Label Engine,train,NCI-H2170,150-299,207,199,8,-8,208,200,1868
Label Engine,train,NCI-H2170,150-299,207,199,8,-8,208,200,1869
Label Engine,train,NCI-H2170,150-299,207,209,2,2,208,210,1870
Label Engine,val,NCI-H716,150-299,207,146,61,-61,208,147,1871
Label Engine,train,SNU16,150-299,207,310,103,103,208,311,1872
Label Engine,train,NCI-H2170,150-299,209,195,14,-14,210,196,1873
Label Engine,train,NCI-H2170,150-299,209,204,5,-5,210,205,1874
Label Engine,train,NCI-H2170,150-299,209,190,19,-19,210,191,1875
Label Engine,train,SNU16,150-299,209,144,65,-65,210,145,1876
Label Engine,train,NCI-H2170,150-299,210,200,10,-10,211,201,1877
Label Engine,val,NCI-H2170,150-299,210,194,16,-16,211,195,1878
Label Engine,train,NCI-H2170,150-299,210,117,93,-93,211,118,1879
Label Engine,train,NCI-H2170,150-299,210,161,49,-49,211,162,1880
Label Engine,test,NCI-H716,150-299,210,104,106,-106,211,105,1881
Label Engine,train,NCI-H716,150-299,210,111,99,-99,211,112,1882
Label Engine,train,NCI-H2170,150-299,211,187,24,-24,212,188,1883
Label Engine,train,NCI-H2170,150-299,211,94,117,-117,212,95,1884
Label Engine,train,NCI-H2170,150-299,211,90,121,-121,212,91,1885
Label Engine,train,NCI-H2170,150-299,211,182,29,-29,212,183,1886
Label Engine,val,NCI-H2170,150-299,211,186,25,-25,212,187,1887
Label Engine,train,NCI-H716,150-299,211,131,80,-80,212,132,1888
Label Engine,train,NCI-H716,150-299,211,158,53,-53,212,159,1889
Label Engine,val,NCI-H2170,150-299,212,199,13,-13,213,200,1890
Label Engine,train,NCI-H2170,150-299,212,202,10,-10,213,203,1891
Label Engine,train,NCI-H2170,150-299,212,135,77,-77,213,136,1892
Label Engine,train,SNU16,150-299,212,74,138,-138,213,75,1893
Label Engine,train,NCI-H2170,150-299,213,211,2,-2,214,212,1894
Label Engine,train,NCI-H2170,150-299,213,40,173,-173,214,41,1895
Label Engine,val,NCI-H2170,150-299,213,241,28,28,214,242,1896
Label Engine,train,NCI-H716,150-299,213,154,59,-59,214,155,1897
Label Engine,test,SNU16,150-299,213,73,140,-140,214,74,1898
Label Engine,train,NCI-H2170,150-299,214,205,9,-9,215,206,1899
Label Engine,val,NCI-H2170,150-299,214,204,10,-10,215,205,1900
Label Engine,val,NCI-H716,150-299,214,120,94,-94,215,121,1901
Label Engine,train,SNU16,150-299,214,164,50,-50,215,165,1902
Label Engine,train,NCI-H2170,150-299,215,212,3,-3,216,213,1903
Label Engine,train,NCI-H2170,150-299,216,80,136,-136,217,81,1904
Label Engine,test,NCI-H2170,150-299,217,206,11,-11,218,207,1905
Label Engine,train,NCI-H2170,150-299,217,190,27,-27,218,191,1906
Label Engine,train,NCI-H2170,150-299,219,221,2,2,220,222,1907
Label Engine,train,NCI-H2170,150-299,220,209,11,-11,221,210,1908
Label Engine,train,NCI-H2170,150-299,220,242,22,22,221,243,1909
Label Engine,val,NCI-H2170,150-299,220,213,7,-7,221,214,1910
Label Engine,train,NCI-H2170,150-299,221,214,7,-7,222,215,1911
Label Engine,val,SNU16,150-299,221,99,122,-122,222,100,1912
Label Engine,train,SNU16,150-299,222,231,9,9,223,232,1913
Label Engine,val,SNU16,150-299,222,105,117,-117,223,106,1914
Label Engine,val,NCI-H2170,150-299,223,219,4,-4,224,220,1915
Label Engine,test,NCI-H2170,150-299,223,169,54,-54,224,170,1916
Label Engine,train,NCI-H2170,150-299,223,176,47,-47,224,177,1917
Label Engine,train,NCI-H2170,150-299,223,189,34,-34,224,190,1918
Label Engine,test,NCI-H2170,150-299,223,164,59,-59,224,165,1919
Label Engine,train,NCI-H716,150-299,223,151,72,-72,224,152,1920
Label Engine,train,SNU16,150-299,223,155,68,-68,224,156,1921
Label Engine,train,NCI-H2170,150-299,224,200,24,-24,225,201,1922
Label Engine,train,SNU16,150-299,224,140,84,-84,225,141,1923
Label Engine,test,NCI-H2170,150-299,225,213,12,-12,226,214,1924
Label Engine,train,SNU16,150-299,225,160,65,-65,226,161,1925
Label Engine,train,SNU16,150-299,225,119,106,-106,226,120,1926
Label Engine,train,NCI-H2170,150-299,226,131,95,-95,227,132,1927
Label Engine,train,NCI-H2170,150-299,226,249,23,23,227,250,1928
Label Engine,train,NCI-H2170,150-299,226,229,3,3,227,230,1929
Label Engine,train,NCI-H2170,150-299,226,226,0,0,227,227,1930
Label Engine,train,NCI-H2170,150-299,226,165,61,-61,227,166,1931
Label Engine,train,SNU16,150-299,227,190,37,-37,228,191,1932
Label Engine,val,NCI-H2170,150-299,228,206,22,-22,229,207,1933
Label Engine,train,NCI-H2170,150-299,228,195,33,-33,229,196,1934
Label Engine,train,NCI-H2170,150-299,228,186,42,-42,229,187,1935
Label Engine,train,SNU16,150-299,228,148,80,-80,229,149,1936
Label Engine,train,NCI-H2170,150-299,229,285,56,56,230,286,1937
Label Engine,test,NCI-H2170,150-299,229,232,3,3,230,233,1938
Label Engine,train,NCI-H2170,150-299,230,271,41,41,231,272,1939
Label Engine,train,SNU16,150-299,230,103,127,-127,231,104,1940
Label Engine,train,NCI-H2170,150-299,231,219,12,-12,232,220,1941
Label Engine,train,NCI-H716,150-299,231,163,68,-68,232,164,1942
Label Engine,train,NCI-H2170,150-299,232,212,20,-20,233,213,1943
Label Engine,val,SNU16,150-299,232,87,145,-145,233,88,1944
Label Engine,test,NCI-H2170,150-299,233,220,13,-13,234,221,1945
Label Engine,val,NCI-H2170,150-299,233,181,52,-52,234,182,1946
Label Engine,train,NCI-H2170,150-299,233,204,29,-29,234,205,1947
Label Engine,train,NCI-H2170,150-299,233,208,25,-25,234,209,1948
Label Engine,train,NCI-H2170,150-299,235,234,1,-1,236,235,1949
Label Engine,train,NCI-H2170,150-299,235,280,45,45,236,281,1950
Label Engine,train,NCI-H2170,150-299,235,208,27,-27,236,209,1951
Label Engine,test,NCI-H2170,150-299,235,226,9,-9,236,227,1952
Label Engine,train,NCI-H2170,150-299,236,217,19,-19,237,218,1953
Label Engine,train,NCI-H2170,150-299,236,204,32,-32,237,205,1954
Label Engine,train,NCI-H2170,150-299,236,222,14,-14,237,223,1955
Label Engine,val,NCI-H2170,150-299,236,202,34,-34,237,203,1956
Label Engine,test,NCI-H716,150-299,236,144,92,-92,237,145,1957
Label Engine,test,NCI-H2170,150-299,237,235,2,-2,238,236,1958
Label Engine,val,NCI-H2170,150-299,237,177,60,-60,238,178,1959
Label Engine,val,SNU16,150-299,237,27,210,-210,238,28,1960
Label Engine,train,NCI-H2170,150-299,238,197,41,-41,239,198,1961
Label Engine,test,SNU16,150-299,238,186,52,-52,239,187,1962
Label Engine,val,SNU16,150-299,238,124,114,-114,239,125,1963
Label Engine,test,NCI-H2170,150-299,239,250,11,11,240,251,1964
Label Engine,train,NCI-H2170,150-299,239,221,18,-18,240,222,1965
Label Engine,train,NCI-H2170,150-299,239,201,38,-38,240,202,1966
Label Engine,train,NCI-H2170,150-299,239,198,41,-41,240,199,1967
Label Engine,train,NCI-H716,150-299,239,187,52,-52,240,188,1968
Label Engine,val,SNU16,150-299,239,74,165,-165,240,75,1969
Label Engine,train,NCI-H2170,150-299,240,249,9,9,241,250,1970
Label Engine,train,SNU16,150-299,241,271,30,30,242,272,1971
Label Engine,train,SNU16,150-299,241,169,72,-72,242,170,1972
Label Engine,test,NCI-H2170,150-299,242,184,58,-58,243,185,1973
Label Engine,train,NCI-H2170,150-299,242,156,86,-86,243,157,1974
Label Engine,train,SNU16,150-299,242,150,92,-92,243,151,1975
Label Engine,train,NCI-H2170,150-299,243,239,4,-4,244,240,1976
Label Engine,train,NCI-H2170,150-299,243,344,101,101,244,345,1977
Label Engine,train,NCI-H2170,150-299,244,245,1,1,245,246,1978
Label Engine,train,NCI-H2170,150-299,244,234,10,-10,245,235,1979
Label Engine,train,SNU16,150-299,244,103,141,-141,245,104,1980
Label Engine,test,NCI-H2170,150-299,245,258,13,13,246,259,1981
Label Engine,train,NCI-H2170,150-299,245,197,48,-48,246,198,1982
Label Engine,train,NCI-H2170,150-299,245,199,46,-46,246,200,1983
Label Engine,test,NCI-H2170,150-299,246,220,26,-26,247,221,1984
Label Engine,train,NCI-H2170,150-299,246,229,17,-17,247,230,1985
Label Engine,train,NCI-H2170,150-299,246,254,8,8,247,255,1986
Label Engine,test,NCI-H2170,150-299,246,205,41,-41,247,206,1987
Label Engine,train,NCI-H2170,150-299,246,154,92,-92,247,155,1988
Label Engine,test,NCI-H2170,150-299,246,247,1,1,247,248,1989
Label Engine,train,NCI-H2170,150-299,246,184,62,-62,247,185,1990
Label Engine,test,NCI-H2170,150-299,248,244,4,-4,249,245,1991
Label Engine,train,NCI-H2170,150-299,249,256,7,7,250,257,1992
Label Engine,train,NCI-H2170,150-299,249,207,42,-42,250,208,1993
Label Engine,train,NCI-H2170,150-299,250,245,5,-5,251,246,1994
Label Engine,train,NCI-H2170,150-299,250,262,12,12,251,263,1995
Label Engine,train,NCI-H2170,150-299,250,248,2,-2,251,249,1996
Label Engine,train,NCI-H2170,150-299,250,208,42,-42,251,209,1997
Label Engine,test,NCI-H2170,150-299,251,219,32,-32,252,220,1998
Label Engine,train,SNU16,150-299,251,229,22,-22,252,230,1999
Label Engine,test,NCI-H2170,150-299,252,244,8,-8,253,245,2000
Label Engine,train,NCI-H2170,150-299,252,228,24,-24,253,229,2001
Label Engine,train,NCI-H2170,150-299,252,242,10,-10,253,243,2002
Label Engine,train,NCI-H2170,150-299,254,255,1,1,255,256,2003
Label Engine,val,SNU16,150-299,254,240,14,-14,255,241,2004
Label Engine,train,NCI-H2170,150-299,255,239,16,-16,256,240,2005
Label Engine,train,NCI-H2170,150-299,256,301,45,45,257,302,2006
Label Engine,train,SNU16,150-299,256,206,50,-50,257,207,2007
Label Engine,train,NCI-H2170,150-299,257,195,62,-62,258,196,2008
Label Engine,train,NCI-H2170,150-299,257,254,3,-3,258,255,2009
Label Engine,train,NCI-H2170,150-299,258,185,73,-73,259,186,2010
Label Engine,train,NCI-H2170,150-299,258,202,56,-56,259,203,2011
Label Engine,train,NCI-H2170,150-299,259,240,19,-19,260,241,2012
Label Engine,train,NCI-H2170,150-299,259,260,1,1,260,261,2013
Label Engine,train,NCI-H2170,150-299,259,117,142,-142,260,118,2014
Label Engine,train,NCI-H2170,150-299,259,224,35,-35,260,225,2015
Label Engine,train,NCI-H2170,150-299,260,292,32,32,261,293,2016
Label Engine,train,NCI-H2170,150-299,260,242,18,-18,261,243,2017
Label Engine,train,NCI-H2170,150-299,261,265,4,4,262,266,2018
Label Engine,train,NCI-H2170,150-299,261,193,68,-68,262,194,2019
Label Engine,train,SNU16,150-299,261,190,71,-71,262,191,2020
Label Engine,train,NCI-H2170,150-299,262,225,37,-37,263,226,2021
Label Engine,train,NCI-H2170,150-299,262,226,36,-36,263,227,2022
Label Engine,train,NCI-H716,150-299,262,154,108,-108,263,155,2023
Label Engine,train,NCI-H2170,150-299,264,289,25,25,265,290,2024
Label Engine,train,NCI-H2170,150-299,265,249,16,-16,266,250,2025
Label Engine,train,NCI-H2170,150-299,265,221,44,-44,266,222,2026
Label Engine,train,SNU16,150-299,265,235,30,-30,266,236,2027
Label Engine,val,NCI-H2170,150-299,266,265,1,-1,267,266,2028
Label Engine,train,NCI-H2170,150-299,266,260,6,-6,267,261,2029
Label Engine,train,SNU16,150-299,267,234,33,-33,268,235,2030
Label Engine,train,SNU16,150-299,268,115,153,-153,269,116,2031
Label Engine,test,SNU16,150-299,270,145,125,-125,271,146,2032
Label Engine,train,SNU16,150-299,271,157,114,-114,272,158,2033
Label Engine,train,SNU16,150-299,271,91,180,-180,272,92,2034
Label Engine,test,SNU16,150-299,271,211,60,-60,272,212,2035
Label Engine,val,NCI-H2170,150-299,273,235,38,-38,274,236,2036
Label Engine,train,NCI-H716,150-299,273,227,46,-46,274,228,2037
Label Engine,train,NCI-H2170,150-299,274,248,26,-26,275,249,2038
Label Engine,test,NCI-H2170,150-299,274,257,17,-17,275,258,2039
Label Engine,train,NCI-H2170,150-299,274,263,11,-11,275,264,2040
Label Engine,train,NCI-H2170,150-299,274,209,65,-65,275,210,2041
Label Engine,train,NCI-H716,150-299,274,147,127,-127,275,148,2042
Label Engine,val,SNU16,150-299,274,50,224,-224,275,51,2043
Label Engine,train,NCI-H2170,150-299,276,252,24,-24,277,253,2044
Label Engine,train,NCI-H2170,150-299,277,294,17,17,278,295,2045
Label Engine,test,NCI-H2170,150-299,278,244,34,-34,279,245,2046
Label Engine,train,NCI-H2170,150-299,278,253,25,-25,279,254,2047
Label Engine,train,SNU16,150-299,279,40,239,-239,280,41,2048
Label Engine,train,NCI-H2170,150-299,280,270,10,-10,281,271,2049
Label Engine,val,NCI-H2170,150-299,281,280,1,-1,282,281,2050
Label Engine,val,NCI-H2170,150-299,281,271,10,-10,282,272,2051
Label Engine,val,NCI-H2170,150-299,281,273,8,-8,282,274,2052
Label Engine,train,NCI-H716,150-299,281,196,85,-85,282,197,2053
Label Engine,train,NCI-H2170,150-299,282,289,7,7,283,290,2054
Label Engine,train,NCI-H2170,150-299,282,280,2,-2,283,281,2055
Label Engine,train,NCI-H2170,150-299,283,282,1,-1,284,283,2056
Label Engine,train,NCI-H2170,150-299,283,304,21,21,284,305,2057
Label Engine,train,NCI-H2170,150-299,283,222,61,-61,284,223,2058
Label Engine,test,NCI-H2170,150-299,284,315,31,31,285,316,2059
Label Engine,train,NCI-H2170,150-299,284,293,9,9,285,294,2060
Label Engine,train,NCI-H2170,150-299,285,289,4,4,286,290,2061
Label Engine,train,NCI-H2170,150-299,286,240,46,-46,287,241,2062
Label Engine,train,SNU16,150-299,286,194,92,-92,287,195,2063
Label Engine,train,NCI-H2170,150-299,287,293,6,6,288,294,2064
Label Engine,train,NCI-H2170,150-299,287,246,41,-41,288,247,2065
Label Engine,train,NCI-H2170,150-299,288,265,23,-23,289,266,2066
Label Engine,train,NCI-H2170,150-299,289,309,20,20,290,310,2067
Label Engine,train,SNU16,150-299,289,162,127,-127,290,163,2068
Label Engine,train,NCI-H2170,150-299,290,277,13,-13,291,278,2069
Label Engine,train,NCI-H2170,150-299,291,256,35,-35,292,257,2070
Label Engine,train,NCI-H2170,150-299,291,176,115,-115,292,177,2071
Label Engine,train,NCI-H716,150-299,291,133,158,-158,292,134,2072
Label Engine,train,NCI-H2170,150-299,292,284,8,-8,293,285,2073
Label Engine,train,NCI-H2170,150-299,292,285,7,-7,293,286,2074
Label Engine,train,NCI-H2170,150-299,292,274,18,-18,293,275,2075
Label Engine,test,NCI-H2170,150-299,296,303,7,7,297,304,2076
Label Engine,test,NCI-H2170,150-299,296,271,25,-25,297,272,2077
Label Engine,val,NCI-H2170,150-299,296,329,33,33,297,330,2078
Label Engine,train,NCI-H2170,150-299,297,315,18,18,298,316,2079
Label Engine,train,SNU16,150-299,297,184,113,-113,298,185,2080
Label Engine,train,NCI-H2170,150-299,299,298,1,-1,300,299,2081
Label Engine,test,NCI-H2170,150-299,299,313,14,14,300,314,2082
Label Engine,train,NCI-H2170,150-299,299,270,29,-29,300,271,2083
Label Engine,test,NCI-H2170,300+,300,296,4,-4,301,297,2084
Label Engine,train,SNU16,300+,301,81,220,-220,302,82,2085
Label Engine,test,NCI-H2170,300+,302,287,15,-15,303,288,2086
Label Engine,val,NCI-H2170,300+,302,234,68,-68,303,235,2087
Label Engine,val,NCI-H2170,300+,303,247,56,-56,304,248,2088
Label Engine,train,SNU16,300+,303,299,4,-4,304,300,2089
Label Engine,train,NCI-H2170,300+,305,321,16,16,306,322,2090
Label Engine,train,NCI-H2170,300+,307,300,7,-7,308,301,2091
Label Engine,train,NCI-H2170,300+,307,282,25,-25,308,283,2092
Label Engine,test,NCI-H2170,300+,308,285,23,-23,309,286,2093
Label Engine,train,NCI-H2170,300+,308,253,55,-55,309,254,2094
Label Engine,test,SNU16,300+,309,407,98,98,310,408,2095
Label Engine,train,SNU16,300+,311,133,178,-178,312,134,2096
Label Engine,train,SNU16,300+,313,123,190,-190,314,124,2097
Label Engine,train,SNU16,300+,313,70,243,-243,314,71,2098
Label Engine,train,NCI-H2170,300+,314,279,35,-35,315,280,2099
Label Engine,train,NCI-H2170,300+,314,290,24,-24,315,291,2100
Label Engine,train,NCI-H2170,300+,314,276,38,-38,315,277,2101
Label Engine,val,NCI-H2170,300+,314,218,96,-96,315,219,2102
Label Engine,test,NCI-H2170,300+,316,303,13,-13,317,304,2103
Label Engine,train,SNU16,300+,317,287,30,-30,318,288,2104
Label Engine,train,NCI-H2170,300+,318,346,28,28,319,347,2105
Label Engine,train,NCI-H2170,300+,318,234,84,-84,319,235,2106
Label Engine,test,NCI-H2170,300+,318,281,37,-37,319,282,2107
Label Engine,train,NCI-H2170,300+,319,226,93,-93,320,227,2108
Label Engine,train,SNU16,300+,320,311,9,-9,321,312,2109
Label Engine,train,SNU16,300+,321,825,504,504,322,826,2110
Label Engine,train,NCI-H716,300+,322,155,167,-167,323,156,2111
Label Engine,train,NCI-H2170,300+,323,200,123,-123,324,201,2112
Label Engine,train,NCI-H2170,300+,323,308,15,-15,324,309,2113
Label Engine,val,NCI-H2170,300+,324,316,8,-8,325,317,2114
Label Engine,test,SNU16,300+,324,218,106,-106,325,219,2115
Label Engine,train,NCI-H2170,300+,325,320,5,-5,326,321,2116
Label Engine,test,SNU16,300+,325,241,84,-84,326,242,2117
Label Engine,train,NCI-H2170,300+,328,308,20,-20,329,309,2118
Label Engine,test,NCI-H2170,300+,328,255,73,-73,329,256,2119
Label Engine,train,NCI-H2170,300+,329,403,74,74,330,404,2120
Label Engine,train,NCI-H2170,300+,329,305,24,-24,330,306,2121
Label Engine,train,NCI-H2170,300+,329,331,2,2,330,332,2122
Label Engine,test,NCI-H2170,300+,330,309,21,-21,331,310,2123
Label Engine,train,NCI-H2170,300+,332,304,28,-28,333,305,2124
Label Engine,train,NCI-H2170,300+,333,303,30,-30,334,304,2125
Label Engine,train,NCI-H2170,300+,335,304,31,-31,336,305,2126
Label Engine,train,NCI-H2170,300+,337,341,4,4,338,342,2127
Label Engine,train,NCI-H2170,300+,339,341,2,2,340,342,2128
Label Engine,test,NCI-H2170,300+,340,360,20,20,341,361,2129
Label Engine,test,NCI-H2170,300+,341,325,16,-16,342,326,2130
Label Engine,test,NCI-H2170,300+,341,321,20,-20,342,322,2131
Label Engine,train,SNU16,300+,341,255,86,-86,342,256,2132
Label Engine,val,NCI-H2170,300+,343,334,9,-9,344,335,2133
Label Engine,train,NCI-H2170,300+,344,347,3,3,345,348,2134
Label Engine,train,NCI-H2170,300+,348,217,131,-131,349,218,2135
Label Engine,train,NCI-H2170,300+,349,317,32,-32,350,318,2136
Label Engine,train,NCI-H716,300+,349,287,62,-62,350,288,2137
Label Engine,train,NCI-H2170,300+,350,400,50,50,351,401,2138
Label Engine,train,NCI-H716,300+,350,214,136,-136,351,215,2139
Label Engine,val,NCI-H2170,300+,352,277,75,-75,353,278,2140
Label Engine,train,NCI-H2170,300+,354,342,12,-12,355,343,2141
Label Engine,train,NCI-H2170,300+,355,341,14,-14,356,342,2142
Label Engine,test,NCI-H2170,300+,358,389,31,31,359,390,2143
Label Engine,train,NCI-H2170,300+,359,323,36,-36,360,324,2144
Label Engine,val,NCI-H2170,300+,359,399,40,40,360,400,2145
Label Engine,train,NCI-H2170,300+,362,335,27,-27,363,336,2146
Label Engine,test,NCI-H2170,300+,365,328,37,-37,366,329,2147
Label Engine,val,SNU16,300+,366,267,99,-99,367,268,2148
Label Engine,val,NCI-H2170,300+,368,289,79,-79,369,290,2149
Label Engine,train,NCI-H716,300+,368,237,131,-131,369,238,2150
Label Engine,train,SNU16,300+,368,227,141,-141,369,228,2151
Label Engine,train,NCI-H716,300+,369,257,112,-112,370,258,2152
Label Engine,train,NCI-H2170,300+,370,339,31,-31,371,340,2153
Label Engine,train,SNU16,300+,370,233,137,-137,371,234,2154
Label Engine,train,NCI-H2170,300+,371,363,8,-8,372,364,2155
Label Engine,train,SNU16,300+,372,241,131,-131,373,242,2156
Label Engine,train,NCI-H2170,300+,373,383,10,10,374,384,2157
Label Engine,train,SNU16,300+,374,284,90,-90,375,285,2158
Label Engine,train,NCI-H2170,300+,375,378,3,3,376,379,2159
Label Engine,train,NCI-H2170,300+,375,365,10,-10,376,366,2160
Label Engine,train,NCI-H2170,300+,375,404,29,29,376,405,2161
Label Engine,test,NCI-H2170,300+,375,352,23,-23,376,353,2162
Label Engine,train,NCI-H2170,300+,376,368,8,-8,377,369,2163
Label Engine,train,SNU16,300+,376,362,14,-14,377,363,2164
Label Engine,train,NCI-H2170,300+,378,368,10,-10,379,369,2165
Label Engine,val,NCI-H2170,300+,378,339,39,-39,379,340,2166
Label Engine,val,SNU16,300+,380,226,154,-154,381,227,2167
Label Engine,train,NCI-H2170,300+,382,395,13,13,383,396,2168
Label Engine,val,SNU16,300+,382,506,124,124,383,507,2169
Label Engine,train,NCI-H716,300+,386,214,172,-172,387,215,2170
Label Engine,train,NCI-H2170,300+,390,378,12,-12,391,379,2171
Label Engine,train,NCI-H2170,300+,390,269,121,-121,391,270,2172
Label Engine,train,NCI-H2170,300+,391,418,27,27,392,419,2173
Label Engine,train,SNU16,300+,392,277,115,-115,393,278,2174
Label Engine,train,SNU16,300+,394,203,191,-191,395,204,2175
Label Engine,train,NCI-H2170,300+,395,373,22,-22,396,374,2176
Label Engine,test,NCI-H2170,300+,396,412,16,16,397,413,2177
Label Engine,train,NCI-H2170,300+,396,329,67,-67,397,330,2178
Label Engine,train,NCI-H2170,300+,396,340,56,-56,397,341,2179
Label Engine,train,NCI-H2170,300+,398,472,74,74,399,473,2180
Label Engine,test,NCI-H2170,300+,400,336,64,-64,401,337,2181
Label Engine,train,NCI-H2170,300+,402,378,24,-24,403,379,2182
Label Engine,train,NCI-H2170,300+,402,389,13,-13,403,390,2183
Label Engine,val,NCI-H2170,300+,402,380,22,-22,403,381,2184
Label Engine,test,NCI-H2170,300+,403,395,8,-8,404,396,2185
Label Engine,train,NCI-H2170,300+,404,396,8,-8,405,397,2186
Label Engine,test,NCI-H2170,300+,406,218,188,-188,407,219,2187
Label Engine,train,NCI-H2170,300+,406,322,84,-84,407,323,2188
Label Engine,train,NCI-H2170,300+,407,348,59,-59,408,349,2189
Label Engine,test,NCI-H2170,300+,411,393,18,-18,412,394,2190
Label Engine,train,NCI-H2170,300+,413,390,23,-23,414,391,2191
Label Engine,train,SNU16,300+,413,385,28,-28,414,386,2192
Label Engine,val,SNU16,300+,415,112,303,-303,416,113,2193
Label Engine,train,NCI-H2170,300+,418,438,20,20,419,439,2194
Label Engine,train,NCI-H2170,300+,419,302,117,-117,420,303,2195
Label Engine,test,SNU16,300+,422,302,120,-120,423,303,2196
Label Engine,train,NCI-H2170,300+,425,442,17,17,426,443,2197
Label Engine,val,SNU16,300+,426,307,119,-119,427,308,2198
Label Engine,val,NCI-H2170,300+,430,406,24,-24,431,407,2199
Label Engine,train,NCI-H2170,300+,431,417,14,-14,432,418,2200
Label Engine,train,SNU16,300+,433,228,205,-205,434,229,2201
Label Engine,train,NCI-H2170,300+,434,409,25,-25,435,410,2202
Label Engine,train,SNU16,300+,434,241,193,-193,435,242,2203
Label Engine,train,NCI-H2170,300+,436,387,49,-49,437,388,2204
Label Engine,train,NCI-H2170,300+,438,370,68,-68,439,371,2205
Label Engine,train,NCI-H2170,300+,438,402,36,-36,439,403,2206
Label Engine,train,NCI-H2170,300+,441,439,2,-2,442,440,2207
Label Engine,val,NCI-H2170,300+,442,472,30,30,443,473,2208
Label Engine,train,SNU16,300+,444,86,358,-358,445,87,2209
Label Engine,test,NCI-H2170,300+,445,363,82,-82,446,364,2210
Label Engine,test,NCI-H2170,300+,446,457,11,11,447,458,2211
Label Engine,train,NCI-H2170,300+,446,434,12,-12,447,435,2212
Label Engine,val,NCI-H2170,300+,451,366,85,-85,452,367,2213
Label Engine,train,NCI-H2170,300+,453,469,16,16,454,470,2214
Label Engine,train,NCI-H2170,300+,456,461,5,5,457,462,2215
Label Engine,train,NCI-H2170,300+,458,427,31,-31,459,428,2216
Label Engine,train,SNU16,300+,459,238,221,-221,460,239,2217
Label Engine,train,NCI-H2170,300+,460,419,41,-41,461,420,2218
Label Engine,train,NCI-H2170,300+,462,408,54,-54,463,409,2219
Label Engine,train,NCI-H716,300+,468,401,67,-67,469,402,2220
Label Engine,train,SNU16,300+,471,382,89,-89,472,383,2221
Label Engine,test,NCI-H2170,300+,472,351,121,-121,473,352,2222
Label Engine,val,NCI-H2170,300+,473,412,61,-61,474,413,2223
Label Engine,train,NCI-H2170,300+,475,395,80,-80,476,396,2224
Label Engine,train,NCI-H2170,300+,478,274,204,-204,479,275,2225
Label Engine,test,NCI-H2170,300+,478,468,10,-10,479,469,2226
Label Engine,train,NCI-H2170,300+,479,450,29,-29,480,451,2227
Label Engine,train,SNU16,300+,481,121,360,-360,482,122,2228
Label Engine,train,NCI-H2170,300+,489,464,25,-25,490,465,2229
Label Engine,train,NCI-H2170,300+,491,490,1,-1,492,491,2230
Label Engine,train,NCI-H2170,300+,495,420,75,-75,496,421,2231
Label Engine,train,NCI-H2170,300+,497,459,38,-38,498,460,2232
Label Engine,train,NCI-H2170,300+,497,439,58,-58,498,440,2233
Label Engine,train,NCI-H2170,300+,498,465,33,-33,499,466,2234
Label Engine,test,SNU16,300+,499,119,380,-380,500,120,2235
Label Engine,train,NCI-H2170,300+,503,461,42,-42,504,462,2236
Label Engine,train,NCI-H2170,300+,504,493,11,-11,505,494,2237
Label Engine,train,NCI-H2170,300+,505,517,12,12,506,518,2238
Label Engine,train,NCI-H2170,300+,506,446,60,-60,507,447,2239
Label Engine,train,NCI-H2170,300+,513,471,42,-42,514,472,2240
Label Engine,train,NCI-H2170,300+,517,471,46,-46,518,472,2241
Label Engine,val,NCI-H2170,300+,520,465,55,-55,521,466,2242
Label Engine,train,NCI-H2170,300+,520,515,5,-5,521,516,2243
Label Engine,test,NCI-H2170,300+,521,484,37,-37,522,485,2244
Label Engine,train,NCI-H2170,300+,523,474,49,-49,524,475,2245
Label Engine,val,NCI-H2170,300+,526,505,21,-21,527,506,2246
Label Engine,train,SNU16,300+,527,271,256,-256,528,272,2247
Label Engine,train,NCI-H2170,300+,534,525,9,-9,535,526,2248
Label Engine,train,NCI-H2170,300+,536,443,93,-93,537,444,2249
Label Engine,test,NCI-H2170,300+,539,549,10,10,540,550,2250
Label Engine,val,NCI-H2170,300+,557,492,65,-65,558,493,2251
Label Engine,test,NCI-H2170,300+,559,580,21,21,560,581,2252
Label Engine,train,NCI-H2170,300+,560,538,22,-22,561,539,2253
Label Engine,val,NCI-H2170,300+,567,519,48,-48,568,520,2254
Label Engine,train,NCI-H2170,300+,572,574,2,2,573,575,2255
Label Engine,train,NCI-H2170,300+,574,515,59,-59,575,516,2256
Label Engine,train,NCI-H2170,300+,589,560,29,-29,590,561,2257
Label Engine,train,NCI-H2170,300+,597,555,42,-42,598,556,2258
Label Engine,train,NCI-H2170,300+,597,525,72,-72,598,526,2259
Label Engine,train,NCI-H2170,300+,604,571,33,-33,605,572,2260
Label Engine,train,NCI-H2170,300+,604,624,20,20,605,625,2261
Label Engine,train,NCI-H2170,300+,611,567,44,-44,612,568,2262
Label Engine,train,NCI-H2170,300+,611,579,32,-32,612,580,2263
Label Engine,train,NCI-H2170,300+,613,615,2,2,614,616,2264
Label Engine,train,SNU16,300+,635,480,155,-155,636,481,2265
Label Engine,train,SNU16,300+,637,586,51,-51,638,587,2266
Label Engine,test,NCI-H2170,300+,642,578,64,-64,643,579,2267
Label Engine,train,SNU16,300+,663,376,287,-287,664,377,2268
Label Engine,train,NCI-H2170,300+,664,555,109,-109,665,556,2269
Label Engine,train,SNU16,300+,664,511,153,-153,665,512,2270
Label Engine,test,SNU16,300+,670,410,260,-260,671,411,2271
Label Engine,train,NCI-H2170,300+,676,682,6,6,677,683,2272
Label Engine,val,SNU16,300+,705,404,301,-301,706,405,2273
Label Engine,train,NCI-H2170,300+,742,661,81,-81,743,662,2274
Label Engine,val,NCI-H2170,300+,763,766,3,3,764,767,2275
Label Engine,train,NCI-H2170,300+,769,757,12,-12,770,758,2276
Label Engine,train,NCI-H2170,300+,783,663,120,-120,784,664,2277
Label Engine,train,NCI-H2170,300+,801,773,28,-28,802,774,2278
Label Engine,train,NCI-H2170,300+,829,824,5,-5,830,825,2279
Label Engine,train,NCI-H2170,300+,832,880,48,48,833,881,2280
Label Engine,val,NCI-H2170,300+,835,754,81,-81,836,755,2281
Label Engine,train,NCI-H2170,300+,843,859,16,16,844,860,2282
Label Engine,train,NCI-H2170,300+,862,728,134,-134,863,729,2283
Label Engine,val,NCI-H2170,300+,867,866,1,-1,868,867,2284
Label Engine,train,NCI-H2170,300+,909,826,83,-83,910,827,2285
Label Engine,test,NCI-H2170,300+,912,871,41,-41,913,872,2286
Label Engine,train,SNU16,300+,990,591,399,-399,991,592,2287
Label Engine,train,SNU16,300+,1231,113,1118,-1118,1232,114,2288
Label Engine,train,NCI-H2170,300+,1687,1641,46,-46,1688,1642,2289
ecCount (threshold mask),train,COLO320DM,0-9,1,60,59,59,2,61,4580
ecCount (threshold mask),train,COLO320DM,0-9,4,3,1,-1,5,4,4581
ecCount (threshold mask),test,COLO320DM,0-9,4,40,36,36,5,41,4582
ecCount (threshold mask),train,COLO320DM,0-9,4,26,22,22,5,27,4583
ecCount (threshold mask),val,COLO320DM,0-9,4,22,18,18,5,23,4584
ecCount (threshold mask),train,COLO320DM,0-9,7,5,2,-2,8,6,4585
ecCount (threshold mask),val,NCI-H2170,0-9,9,11,2,2,10,12,4586
ecCount (threshold mask),train,COLO320DM,10-49,10,11,1,1,11,12,4587
ecCount (threshold mask),train,COLO320DM,10-49,12,9,3,-3,13,10,4588
ecCount (threshold mask),val,COLO320DM,10-49,13,16,3,3,14,17,4589
ecCount (threshold mask),train,COLO320DM,10-49,15,15,0,0,16,16,4590
ecCount (threshold mask),train,COLO320DM,10-49,15,18,3,3,16,19,4591
ecCount (threshold mask),train,NCI-H2170,10-49,15,20,5,5,16,21,4592
ecCount (threshold mask),test,NCI-H2170,10-49,15,16,1,1,16,17,4593
ecCount (threshold mask),train,COLO320DM,10-49,16,19,3,3,17,20,4594
ecCount (threshold mask),train,NCI-H2170,10-49,16,17,1,1,17,18,4595
ecCount (threshold mask),val,NCI-H2170,10-49,17,17,0,0,18,18,4596
ecCount (threshold mask),val,COLO320DM,10-49,18,15,3,-3,19,16,4597
ecCount (threshold mask),train,NCI-H2170,10-49,18,21,3,3,19,22,4598
ecCount (threshold mask),train,COLO320DM,10-49,22,22,0,0,23,23,4599
ecCount (threshold mask),test,COLO320DM,10-49,22,26,4,4,23,27,4600
ecCount (threshold mask),train,NCI-H2170,10-49,22,26,4,4,23,27,4601
ecCount (threshold mask),train,COLO320DM,10-49,23,25,2,2,24,26,4602
ecCount (threshold mask),test,COLO320DM,10-49,24,20,4,-4,25,21,4603
ecCount (threshold mask),train,NCI-H2170,10-49,24,23,1,-1,25,24,4604
ecCount (threshold mask),train,NCI-H2170,10-49,24,22,2,-2,25,23,4605
ecCount (threshold mask),val,NCI-H2170,10-49,24,28,4,4,25,29,4606
ecCount (threshold mask),train,COLO320DM,10-49,26,29,3,3,27,30,4607
ecCount (threshold mask),train,NCI-H2170,10-49,26,26,0,0,27,27,4608
ecCount (threshold mask),train,COLO320DM,10-49,27,27,0,0,28,28,4609
ecCount (threshold mask),train,NCI-H2170,10-49,27,27,0,0,28,28,4610
ecCount (threshold mask),train,NCI-H2170,10-49,27,28,1,1,28,29,4611
ecCount (threshold mask),train,COLO320DM,10-49,30,27,3,-3,31,28,4612
ecCount (threshold mask),train,COLO320DM,10-49,30,30,0,0,31,31,4613
ecCount (threshold mask),train,NCI-H2170,10-49,30,27,3,-3,31,28,4614
ecCount (threshold mask),test,COLO320DM,10-49,31,26,5,-5,32,27,4615
ecCount (threshold mask),test,COLO320DM,10-49,32,31,1,-1,33,32,4616
ecCount (threshold mask),train,COLO320DM,10-49,32,32,0,0,33,33,4617
ecCount (threshold mask),train,NCI-H2170,10-49,32,39,7,7,33,40,4618
ecCount (threshold mask),val,NCI-H2170,10-49,33,33,0,0,34,34,4619
ecCount (threshold mask),train,COLO320DM,10-49,34,35,1,1,35,36,4620
ecCount (threshold mask),train,NCI-H2170,10-49,34,33,1,-1,35,34,4621
ecCount (threshold mask),train,COLO320DM,10-49,35,31,4,-4,36,32,4622
ecCount (threshold mask),train,NCI-H2170,10-49,35,33,2,-2,36,34,4623
ecCount (threshold mask),val,NCI-H2170,10-49,35,36,1,1,36,37,4624
ecCount (threshold mask),train,NCI-H2170,10-49,35,42,7,7,36,43,4625
ecCount (threshold mask),val,NCI-H2170,10-49,35,28,7,-7,36,29,4626
ecCount (threshold mask),train,COLO320DM,10-49,36,38,2,2,37,39,4627
ecCount (threshold mask),test,NCI-H2170,10-49,36,32,4,-4,37,33,4628
ecCount (threshold mask),train,NCI-H2170,10-49,36,34,2,-2,37,35,4629
ecCount (threshold mask),train,COLO320DM,10-49,37,36,1,-1,38,37,4630
ecCount (threshold mask),test,NCI-H2170,10-49,38,38,0,0,39,39,4631
ecCount (threshold mask),train,COLO320DM,10-49,39,41,2,2,40,42,4632
ecCount (threshold mask),train,NCI-H2170,10-49,39,38,1,-1,40,39,4633
ecCount (threshold mask),val,COLO320DM,10-49,40,39,1,-1,41,40,4634
ecCount (threshold mask),test,NCI-H2170,10-49,40,39,1,-1,41,40,4635
ecCount (threshold mask),train,NCI-H2170,10-49,40,39,1,-1,41,40,4636
ecCount (threshold mask),train,COLO320DM,10-49,41,39,2,-2,42,40,4637
ecCount (threshold mask),test,COLO320DM,10-49,41,49,8,8,42,50,4638
ecCount (threshold mask),train,NCI-H2170,10-49,41,40,1,-1,42,41,4639
ecCount (threshold mask),train,NCI-H2170,10-49,41,43,2,2,42,44,4640
ecCount (threshold mask),train,NCI-H2170,10-49,41,32,9,-9,42,33,4641
ecCount (threshold mask),train,NCI-H2170,10-49,42,49,7,7,43,50,4642
ecCount (threshold mask),train,NCI-H2170,10-49,43,43,0,0,44,44,4643
ecCount (threshold mask),train,NCI-H2170,10-49,43,47,4,4,44,48,4644
ecCount (threshold mask),train,NCI-H2170,10-49,43,38,5,-5,44,39,4645
ecCount (threshold mask),train,COLO320DM,10-49,44,42,2,-2,45,43,4646
ecCount (threshold mask),train,NCI-H2170,10-49,44,42,2,-2,45,43,4647
ecCount (threshold mask),test,NCI-H2170,10-49,44,35,9,-9,45,36,4648
ecCount (threshold mask),train,COLO320DM,10-49,45,51,6,6,46,52,4649
ecCount (threshold mask),train,COLO320DM,10-49,45,50,5,5,46,51,4650
ecCount (threshold mask),train,NCI-H2170,10-49,45,44,1,-1,46,45,4651
ecCount (threshold mask),train,COLO320DM,10-49,46,46,0,0,47,47,4652
ecCount (threshold mask),test,NCI-H2170,10-49,46,41,5,-5,47,42,4653
ecCount (threshold mask),val,NCI-H2170,10-49,46,57,11,11,47,58,4654
ecCount (threshold mask),train,NCI-H2170,10-49,46,51,5,5,47,52,4655
ecCount (threshold mask),train,NCI-H2170,10-49,46,44,2,-2,47,45,4656
ecCount (threshold mask),train,COLO320DM,10-49,47,46,1,-1,48,47,4657
ecCount (threshold mask),train,NCI-H2170,10-49,47,53,6,6,48,54,4658
ecCount (threshold mask),train,NCI-H2170,10-49,47,47,0,0,48,48,4659
ecCount (threshold mask),val,NCI-H2170,10-49,47,52,5,5,48,53,4660
ecCount (threshold mask),test,NCI-H2170,10-49,48,54,6,6,49,55,4661
ecCount (threshold mask),val,NCI-H2170,10-49,48,28,20,-20,49,29,4662
ecCount (threshold mask),val,NCI-H2170,10-49,48,49,1,1,49,50,4663
ecCount (threshold mask),test,COLO320DM,10-49,49,39,10,-10,50,40,4664
ecCount (threshold mask),train,NCI-H2170,10-49,49,48,1,-1,50,49,4665
ecCount (threshold mask),train,NCI-H2170,50-149,50,42,8,-8,51,43,4666
ecCount (threshold mask),train,NCI-H2170,50-149,50,46,4,-4,51,47,4667
ecCount (threshold mask),train,COLO320DM,50-149,51,47,4,-4,52,48,4668
ecCount (threshold mask),test,NCI-H2170,50-149,51,41,10,-10,52,42,4669
ecCount (threshold mask),train,NCI-H2170,50-149,51,51,0,0,52,52,4670
ecCount (threshold mask),val,NCI-H2170,50-149,51,63,12,12,52,64,4671
ecCount (threshold mask),train,NCI-H2170,50-149,51,46,5,-5,52,47,4672
ecCount (threshold mask),train,COLO320DM,50-149,52,50,2,-2,53,51,4673
ecCount (threshold mask),val,NCI-H2170,50-149,52,52,0,0,53,53,4674
ecCount (threshold mask),test,NCI-H2170,50-149,52,50,2,-2,53,51,4675
ecCount (threshold mask),test,NCI-H2170,50-149,52,55,3,3,53,56,4676
ecCount (threshold mask),val,NCI-H2170,50-149,52,52,0,0,53,53,4677
ecCount (threshold mask),train,COLO320DM,50-149,53,50,3,-3,54,51,4678
ecCount (threshold mask),train,COLO320DM,50-149,53,53,0,0,54,54,4679
ecCount (threshold mask),train,NCI-H2170,50-149,53,55,2,2,54,56,4680
ecCount (threshold mask),train,NCI-H2170,50-149,53,46,7,-7,54,47,4681
ecCount (threshold mask),train,NCI-H2170,50-149,53,53,0,0,54,54,4682
ecCount (threshold mask),train,NCI-H2170,50-149,53,48,5,-5,54,49,4683
ecCount (threshold mask),train,NCI-H2170,50-149,53,41,12,-12,54,42,4684
ecCount (threshold mask),test,COLO320DM,50-149,54,44,10,-10,55,45,4685
ecCount (threshold mask),train,NCI-H2170,50-149,54,58,4,4,55,59,4686
ecCount (threshold mask),train,NCI-H2170,50-149,54,49,5,-5,55,50,4687
ecCount (threshold mask),train,NCI-H2170,50-149,54,56,2,2,55,57,4688
ecCount (threshold mask),val,NCI-H2170,50-149,54,49,5,-5,55,50,4689
ecCount (threshold mask),train,COLO320DM,50-149,55,55,0,0,56,56,4690
ecCount (threshold mask),test,NCI-H2170,50-149,55,165,110,110,56,166,4691
ecCount (threshold mask),test,NCI-H2170,50-149,55,52,3,-3,56,53,4692
ecCount (threshold mask),val,NCI-H2170,50-149,56,63,7,7,57,64,4693
ecCount (threshold mask),train,NCI-H2170,50-149,56,56,0,0,57,57,4694
ecCount (threshold mask),test,COLO320DM,50-149,57,53,4,-4,58,54,4695
ecCount (threshold mask),val,COLO320DM,50-149,57,49,8,-8,58,50,4696
ecCount (threshold mask),train,SNU16,50-149,57,68,11,11,58,69,4697
ecCount (threshold mask),val,NCI-H2170,50-149,58,66,8,8,59,67,4698
ecCount (threshold mask),val,NCI-H2170,50-149,58,58,0,0,59,59,4699
ecCount (threshold mask),train,NCI-H2170,50-149,58,56,2,-2,59,57,4700
ecCount (threshold mask),train,NCI-H2170,50-149,58,50,8,-8,59,51,4701
ecCount (threshold mask),val,COLO320DM,50-149,59,53,6,-6,60,54,4702
ecCount (threshold mask),train,COLO320DM,50-149,59,54,5,-5,60,55,4703
ecCount (threshold mask),train,COLO320DM,50-149,59,59,0,0,60,60,4704
ecCount (threshold mask),test,NCI-H2170,50-149,59,60,1,1,60,61,4705
ecCount (threshold mask),train,NCI-H2170,50-149,60,66,6,6,61,67,4706
ecCount (threshold mask),train,NCI-H2170,50-149,60,52,8,-8,61,53,4707
ecCount (threshold mask),train,COLO320DM,50-149,61,56,5,-5,62,57,4708
ecCount (threshold mask),test,NCI-H2170,50-149,61,64,3,3,62,65,4709
ecCount (threshold mask),train,NCI-H2170,50-149,61,67,6,6,62,68,4710
ecCount (threshold mask),train,NCI-H2170,50-149,61,59,2,-2,62,60,4711
ecCount (threshold mask),test,NCI-H2170,50-149,61,59,2,-2,62,60,4712
ecCount (threshold mask),val,NCI-H2170,50-149,61,64,3,3,62,65,4713
ecCount (threshold mask),test,NCI-H2170,50-149,62,63,1,1,63,64,4714
ecCount (threshold mask),train,NCI-H2170,50-149,62,66,4,4,63,67,4715
ecCount (threshold mask),train,NCI-H2170,50-149,62,56,6,-6,63,57,4716
ecCount (threshold mask),train,NCI-H2170,50-149,62,64,2,2,63,65,4717
ecCount (threshold mask),train,COLO320DM,50-149,63,63,0,0,64,64,4718
ecCount (threshold mask),train,NCI-H2170,50-149,63,67,4,4,64,68,4719
ecCount (threshold mask),test,NCI-H2170,50-149,63,64,1,1,64,65,4720
ecCount (threshold mask),train,NCI-H2170,50-149,63,52,11,-11,64,53,4721
ecCount (threshold mask),train,NCI-H2170,50-149,64,54,10,-10,65,55,4722
ecCount (threshold mask),train,NCI-H2170,50-149,64,70,6,6,65,71,4723
ecCount (threshold mask),train,NCI-H2170,50-149,64,67,3,3,65,68,4724
ecCount (threshold mask),test,NCI-H2170,50-149,64,58,6,-6,65,59,4725
ecCount (threshold mask),train,COLO320DM,50-149,65,52,13,-13,66,53,4726
ecCount (threshold mask),train,NCI-H2170,50-149,65,69,4,4,66,70,4727
ecCount (threshold mask),test,NCI-H2170,50-149,65,65,0,0,66,66,4728
ecCount (threshold mask),train,NCI-H2170,50-149,65,67,2,2,66,68,4729
ecCount (threshold mask),train,NCI-H2170,50-149,65,60,5,-5,66,61,4730
ecCount (threshold mask),train,NCI-H2170,50-149,66,60,6,-6,67,61,4731
ecCount (threshold mask),train,NCI-H2170,50-149,66,50,16,-16,67,51,4732
ecCount (threshold mask),train,NCI-H2170,50-149,66,59,7,-7,67,60,4733
ecCount (threshold mask),test,NCI-H2170,50-149,67,45,22,-22,68,46,4734
ecCount (threshold mask),test,NCI-H2170,50-149,67,81,14,14,68,82,4735
ecCount (threshold mask),train,NCI-H2170,50-149,67,62,5,-5,68,63,4736
ecCount (threshold mask),train,NCI-H2170,50-149,68,53,15,-15,69,54,4737
ecCount (threshold mask),train,NCI-H2170,50-149,69,79,10,10,70,80,4738
ecCount (threshold mask),train,NCI-H2170,50-149,69,67,2,-2,70,68,4739
ecCount (threshold mask),train,NCI-H2170,50-149,69,62,7,-7,70,63,4740
ecCount (threshold mask),train,NCI-H2170,50-149,69,61,8,-8,70,62,4741
ecCount (threshold mask),train,NCI-H2170,50-149,69,56,13,-13,70,57,4742
ecCount (threshold mask),train,NCI-H2170,50-149,70,82,12,12,71,83,4743
ecCount (threshold mask),train,NCI-H2170,50-149,70,55,15,-15,71,56,4744
ecCount (threshold mask),val,NCI-H2170,50-149,70,66,4,-4,71,67,4745
ecCount (threshold mask),train,NCI-H2170,50-149,70,68,2,-2,71,69,4746
ecCount (threshold mask),train,NCI-H2170,50-149,70,58,12,-12,71,59,4747
ecCount (threshold mask),val,COLO320DM,50-149,71,51,20,-20,72,52,4748
ecCount (threshold mask),train,NCI-H2170,50-149,71,77,6,6,72,78,4749
ecCount (threshold mask),val,NCI-H2170,50-149,71,78,7,7,72,79,4750
ecCount (threshold mask),train,NCI-H2170,50-149,71,64,7,-7,72,65,4751
ecCount (threshold mask),test,NCI-H2170,50-149,71,69,2,-2,72,70,4752
ecCount (threshold mask),train,NCI-H2170,50-149,71,67,4,-4,72,68,4753
ecCount (threshold mask),train,NCI-H2170,50-149,71,69,2,-2,72,70,4754
ecCount (threshold mask),test,NCI-H716,50-149,71,77,6,6,72,78,4755
ecCount (threshold mask),train,NCI-H2170,50-149,72,70,2,-2,73,71,4756
ecCount (threshold mask),test,NCI-H2170,50-149,72,65,7,-7,73,66,4757
ecCount (threshold mask),train,NCI-H716,50-149,72,72,0,0,73,73,4758
ecCount (threshold mask),train,NCI-H2170,50-149,73,80,7,7,74,81,4759
ecCount (threshold mask),train,NCI-H2170,50-149,73,72,1,-1,74,73,4760
ecCount (threshold mask),train,NCI-H2170,50-149,73,73,0,0,74,74,4761
ecCount (threshold mask),train,COLO320DM,50-149,74,67,7,-7,75,68,4762
ecCount (threshold mask),val,COLO320DM,50-149,74,76,2,2,75,77,4763
ecCount (threshold mask),train,NCI-H2170,50-149,74,65,9,-9,75,66,4764
ecCount (threshold mask),train,NCI-H2170,50-149,74,81,7,7,75,82,4765
ecCount (threshold mask),train,NCI-H2170,50-149,74,43,31,-31,75,44,4766
ecCount (threshold mask),train,NCI-H2170,50-149,74,62,12,-12,75,63,4767
ecCount (threshold mask),train,NCI-H2170,50-149,75,69,6,-6,76,70,4768
ecCount (threshold mask),train,NCI-H2170,50-149,75,86,11,11,76,87,4769
ecCount (threshold mask),train,NCI-H2170,50-149,75,69,6,-6,76,70,4770
ecCount (threshold mask),val,NCI-H2170,50-149,75,70,5,-5,76,71,4771
ecCount (threshold mask),train,NCI-H2170,50-149,75,86,11,11,76,87,4772
ecCount (threshold mask),train,NCI-H2170,50-149,75,63,12,-12,76,64,4773
ecCount (threshold mask),train,NCI-H2170,50-149,75,75,0,0,76,76,4774
ecCount (threshold mask),train,NCI-H2170,50-149,76,76,0,0,77,77,4775
ecCount (threshold mask),train,NCI-H2170,50-149,76,88,12,12,77,89,4776
ecCount (threshold mask),train,NCI-H2170,50-149,76,73,3,-3,77,74,4777
ecCount (threshold mask),train,NCI-H2170,50-149,76,76,0,0,77,77,4778
ecCount (threshold mask),train,NCI-H2170,50-149,76,67,9,-9,77,68,4779
ecCount (threshold mask),train,NCI-H2170,50-149,76,82,6,6,77,83,4780
ecCount (threshold mask),train,NCI-H716,50-149,76,70,6,-6,77,71,4781
ecCount (threshold mask),train,NCI-H2170,50-149,77,79,2,2,78,80,4782
ecCount (threshold mask),train,NCI-H2170,50-149,77,73,4,-4,78,74,4783
ecCount (threshold mask),val,NCI-H2170,50-149,77,71,6,-6,78,72,4784
ecCount (threshold mask),train,SNU16,50-149,77,76,1,-1,78,77,4785
ecCount (threshold mask),val,NCI-H2170,50-149,78,77,1,-1,79,78,4786
ecCount (threshold mask),test,NCI-H2170,50-149,78,75,3,-3,79,76,4787
ecCount (threshold mask),train,NCI-H2170,50-149,78,73,5,-5,79,74,4788
ecCount (threshold mask),train,NCI-H2170,50-149,78,73,5,-5,79,74,4789
ecCount (threshold mask),train,NCI-H2170,50-149,78,79,1,1,79,80,4790
ecCount (threshold mask),train,NCI-H2170,50-149,78,76,2,-2,79,77,4791
ecCount (threshold mask),train,NCI-H2170,50-149,78,78,0,0,79,79,4792
ecCount (threshold mask),train,NCI-H2170,50-149,78,149,71,71,79,150,4793
ecCount (threshold mask),test,NCI-H2170,50-149,79,79,0,0,80,80,4794
ecCount (threshold mask),val,NCI-H2170,50-149,79,81,2,2,80,82,4795
ecCount (threshold mask),train,NCI-H2170,50-149,79,85,6,6,80,86,4796
ecCount (threshold mask),test,NCI-H2170,50-149,79,99,20,20,80,100,4797
ecCount (threshold mask),train,NCI-H2170,50-149,79,75,4,-4,80,76,4798
ecCount (threshold mask),train,COLO320DM,50-149,80,79,1,-1,81,80,4799
ecCount (threshold mask),test,NCI-H2170,50-149,80,47,33,-33,81,48,4800
ecCount (threshold mask),train,NCI-H2170,50-149,81,69,12,-12,82,70,4801
ecCount (threshold mask),train,NCI-H2170,50-149,81,77,4,-4,82,78,4802
ecCount (threshold mask),val,NCI-H2170,50-149,81,84,3,3,82,85,4803
ecCount (threshold mask),val,NCI-H2170,50-149,81,77,4,-4,82,78,4804
ecCount (threshold mask),train,NCI-H2170,50-149,82,49,33,-33,83,50,4805
ecCount (threshold mask),train,NCI-H2170,50-149,82,64,18,-18,83,65,4806
ecCount (threshold mask),train,COLO320DM,50-149,83,79,4,-4,84,80,4807
ecCount (threshold mask),test,NCI-H2170,50-149,83,76,7,-7,84,77,4808
ecCount (threshold mask),train,NCI-H2170,50-149,83,80,3,-3,84,81,4809
ecCount (threshold mask),train,NCI-H2170,50-149,83,70,13,-13,84,71,4810
ecCount (threshold mask),test,NCI-H2170,50-149,84,93,9,9,85,94,4811
ecCount (threshold mask),train,NCI-H2170,50-149,84,85,1,1,85,86,4812
ecCount (threshold mask),train,NCI-H2170,50-149,84,75,9,-9,85,76,4813
ecCount (threshold mask),test,NCI-H2170,50-149,84,74,10,-10,85,75,4814
ecCount (threshold mask),val,NCI-H2170,50-149,85,92,7,7,86,93,4815
ecCount (threshold mask),test,NCI-H2170,50-149,85,74,11,-11,86,75,4816
ecCount (threshold mask),test,NCI-H2170,50-149,85,84,1,-1,86,85,4817
ecCount (threshold mask),train,NCI-H2170,50-149,85,81,4,-4,86,82,4818
ecCount (threshold mask),train,NCI-H2170,50-149,86,90,4,4,87,91,4819
ecCount (threshold mask),val,NCI-H2170,50-149,86,84,2,-2,87,85,4820
ecCount (threshold mask),train,NCI-H2170,50-149,86,67,19,-19,87,68,4821
ecCount (threshold mask),train,NCI-H2170,50-149,86,89,3,3,87,90,4822
ecCount (threshold mask),train,NCI-H2170,50-149,86,82,4,-4,87,83,4823
ecCount (threshold mask),train,NCI-H2170,50-149,86,64,22,-22,87,65,4824
ecCount (threshold mask),test,NCI-H2170,50-149,86,85,1,-1,87,86,4825
ecCount (threshold mask),train,COLO320DM,50-149,87,88,1,1,88,89,4826
ecCount (threshold mask),train,NCI-H2170,50-149,87,76,11,-11,88,77,4827
ecCount (threshold mask),test,NCI-H2170,50-149,87,76,11,-11,88,77,4828
ecCount (threshold mask),val,NCI-H2170,50-149,87,82,5,-5,88,83,4829
ecCount (threshold mask),test,NCI-H2170,50-149,87,73,14,-14,88,74,4830
ecCount (threshold mask),train,NCI-H2170,50-149,87,82,5,-5,88,83,4831
ecCount (threshold mask),train,NCI-H2170,50-149,88,83,5,-5,89,84,4832
ecCount (threshold mask),train,NCI-H2170,50-149,88,79,9,-9,89,80,4833
ecCount (threshold mask),train,NCI-H2170,50-149,88,70,18,-18,89,71,4834
ecCount (threshold mask),train,NCI-H2170,50-149,88,79,9,-9,89,80,4835
ecCount (threshold mask),train,NCI-H2170,50-149,88,86,2,-2,89,87,4836
ecCount (threshold mask),train,COLO320DM,50-149,89,90,1,1,90,91,4837
ecCount (threshold mask),val,NCI-H2170,50-149,89,83,6,-6,90,84,4838
ecCount (threshold mask),val,NCI-H2170,50-149,89,112,23,23,90,113,4839
ecCount (threshold mask),test,NCI-H2170,50-149,89,78,11,-11,90,79,4840
ecCount (threshold mask),train,NCI-H2170,50-149,89,84,5,-5,90,85,4841
ecCount (threshold mask),test,NCI-H2170,50-149,89,80,9,-9,90,81,4842
ecCount (threshold mask),train,NCI-H716,50-149,89,82,7,-7,90,83,4843
ecCount (threshold mask),train,NCI-H2170,50-149,90,89,1,-1,91,90,4844
ecCount (threshold mask),train,NCI-H2170,50-149,90,65,25,-25,91,66,4845
ecCount (threshold mask),test,NCI-H2170,50-149,90,94,4,4,91,95,4846
ecCount (threshold mask),test,NCI-H2170,50-149,90,93,3,3,91,94,4847
ecCount (threshold mask),train,SNU16,50-149,90,106,16,16,91,107,4848
ecCount (threshold mask),test,COLO320DM,50-149,91,89,2,-2,92,90,4849
ecCount (threshold mask),train,NCI-H2170,50-149,91,99,8,8,92,100,4850
ecCount (threshold mask),val,NCI-H2170,50-149,91,80,11,-11,92,81,4851
ecCount (threshold mask),val,NCI-H2170,50-149,91,87,4,-4,92,88,4852
ecCount (threshold mask),train,NCI-H2170,50-149,92,95,3,3,93,96,4853
ecCount (threshold mask),val,NCI-H2170,50-149,92,86,6,-6,93,87,4854
ecCount (threshold mask),val,NCI-H2170,50-149,92,82,10,-10,93,83,4855
ecCount (threshold mask),train,NCI-H2170,50-149,93,101,8,8,94,102,4856
ecCount (threshold mask),train,NCI-H2170,50-149,93,91,2,-2,94,92,4857
ecCount (threshold mask),train,NCI-H2170,50-149,93,93,0,0,94,94,4858
ecCount (threshold mask),test,NCI-H2170,50-149,93,93,0,0,94,94,4859
ecCount (threshold mask),train,NCI-H2170,50-149,93,85,8,-8,94,86,4860
ecCount (threshold mask),test,NCI-H2170,50-149,93,91,2,-2,94,92,4861
ecCount (threshold mask),train,NCI-H2170,50-149,93,82,11,-11,94,83,4862
ecCount (threshold mask),train,NCI-H2170,50-149,93,82,11,-11,94,83,4863
ecCount (threshold mask),val,NCI-H2170,50-149,94,100,6,6,95,101,4864
ecCount (threshold mask),val,NCI-H2170,50-149,94,97,3,3,95,98,4865
ecCount (threshold mask),val,NCI-H2170,50-149,94,66,28,-28,95,67,4866
ecCount (threshold mask),train,NCI-H2170,50-149,94,87,7,-7,95,88,4867
ecCount (threshold mask),train,NCI-H2170,50-149,94,84,10,-10,95,85,4868
ecCount (threshold mask),train,NCI-H2170,50-149,94,85,9,-9,95,86,4869
ecCount (threshold mask),train,NCI-H2170,50-149,94,87,7,-7,95,88,4870
ecCount (threshold mask),train,NCI-H2170,50-149,95,91,4,-4,96,92,4871
ecCount (threshold mask),train,NCI-H2170,50-149,95,80,15,-15,96,81,4872
ecCount (threshold mask),train,NCI-H2170,50-149,96,79,17,-17,97,80,4873
ecCount (threshold mask),train,NCI-H2170,50-149,96,96,0,0,97,97,4874
ecCount (threshold mask),test,NCI-H2170,50-149,96,89,7,-7,97,90,4875
ecCount (threshold mask),val,NCI-H2170,50-149,96,89,7,-7,97,90,4876
ecCount (threshold mask),train,NCI-H2170,50-149,96,93,3,-3,97,94,4877
ecCount (threshold mask),train,NCI-H2170,50-149,97,98,1,1,98,99,4878
ecCount (threshold mask),train,NCI-H2170,50-149,97,125,28,28,98,126,4879
ecCount (threshold mask),train,NCI-H2170,50-149,97,98,1,1,98,99,4880
ecCount (threshold mask),test,NCI-H2170,50-149,97,83,14,-14,98,84,4881
ecCount (threshold mask),train,NCI-H2170,50-149,97,102,5,5,98,103,4882
ecCount (threshold mask),train,NCI-H2170,50-149,97,94,3,-3,98,95,4883
ecCount (threshold mask),val,SNU16,50-149,97,91,6,-6,98,92,4884
ecCount (threshold mask),train,SNU16,50-149,97,100,3,3,98,101,4885
ecCount (threshold mask),train,NCI-H2170,50-149,98,87,11,-11,99,88,4886
ecCount (threshold mask),train,NCI-H2170,50-149,98,107,9,9,99,108,4887
ecCount (threshold mask),train,NCI-H2170,50-149,98,101,3,3,99,102,4888
ecCount (threshold mask),train,NCI-H2170,50-149,98,93,5,-5,99,94,4889
ecCount (threshold mask),train,NCI-H2170,50-149,99,106,7,7,100,107,4890
ecCount (threshold mask),train,NCI-H2170,50-149,99,85,14,-14,100,86,4891
ecCount (threshold mask),train,NCI-H2170,50-149,99,102,3,3,100,103,4892
ecCount (threshold mask),train,NCI-H2170,50-149,99,104,5,5,100,105,4893
ecCount (threshold mask),train,NCI-H2170,50-149,99,88,11,-11,100,89,4894
ecCount (threshold mask),train,NCI-H2170,50-149,99,106,7,7,100,107,4895
ecCount (threshold mask),train,NCI-H2170,50-149,99,88,11,-11,100,89,4896
ecCount (threshold mask),train,NCI-H2170,50-149,99,83,16,-16,100,84,4897
ecCount (threshold mask),train,NCI-H2170,50-149,99,86,13,-13,100,87,4898
ecCount (threshold mask),train,NCI-H2170,50-149,100,103,3,3,101,104,4899
ecCount (threshold mask),train,COLO320DM,50-149,101,84,17,-17,102,85,4900
ecCount (threshold mask),train,NCI-H2170,50-149,101,96,5,-5,102,97,4901
ecCount (threshold mask),train,NCI-H2170,50-149,101,86,15,-15,102,87,4902
ecCount (threshold mask),test,NCI-H2170,50-149,101,100,1,-1,102,101,4903
ecCount (threshold mask),train,NCI-H2170,50-149,101,79,22,-22,102,80,4904
ecCount (threshold mask),train,NCI-H2170,50-149,101,90,11,-11,102,91,4905
ecCount (threshold mask),train,NCI-H2170,50-149,101,91,10,-10,102,92,4906
ecCount (threshold mask),test,NCI-H716,50-149,101,107,6,6,102,108,4907
ecCount (threshold mask),train,SNU16,50-149,101,122,21,21,102,123,4908
ecCount (threshold mask),train,SNU16,50-149,101,96,5,-5,102,97,4909
ecCount (threshold mask),test,NCI-H2170,50-149,102,90,12,-12,103,91,4910
ecCount (threshold mask),train,NCI-H2170,50-149,102,108,6,6,103,109,4911
ecCount (threshold mask),val,NCI-H2170,50-149,102,90,12,-12,103,91,4912
ecCount (threshold mask),train,NCI-H2170,50-149,102,92,10,-10,103,93,4913
ecCount (threshold mask),val,NCI-H2170,50-149,102,88,14,-14,103,89,4914
ecCount (threshold mask),test,NCI-H2170,50-149,103,95,8,-8,104,96,4915
ecCount (threshold mask),val,NCI-H2170,50-149,103,97,6,-6,104,98,4916
ecCount (threshold mask),test,NCI-H2170,50-149,103,75,28,-28,104,76,4917
ecCount (threshold mask),val,NCI-H2170,50-149,103,108,5,5,104,109,4918
ecCount (threshold mask),train,NCI-H2170,50-149,103,93,10,-10,104,94,4919
ecCount (threshold mask),train,NCI-H2170,50-149,103,107,4,4,104,108,4920
ecCount (threshold mask),train,NCI-H2170,50-149,104,105,1,1,105,106,4921
ecCount (threshold mask),train,NCI-H2170,50-149,104,125,21,21,105,126,4922
ecCount (threshold mask),val,NCI-H2170,50-149,104,67,37,-37,105,68,4923
ecCount (threshold mask),train,NCI-H2170,50-149,105,106,1,1,106,107,4924
ecCount (threshold mask),train,NCI-H2170,50-149,105,116,11,11,106,117,4925
ecCount (threshold mask),val,NCI-H2170,50-149,105,108,3,3,106,109,4926
ecCount (threshold mask),train,NCI-H2170,50-149,105,106,1,1,106,107,4927
ecCount (threshold mask),train,NCI-H2170,50-149,105,88,17,-17,106,89,4928
ecCount (threshold mask),test,NCI-H2170,50-149,105,104,1,-1,106,105,4929
ecCount (threshold mask),train,SNU16,50-149,105,87,18,-18,106,88,4930
ecCount (threshold mask),train,NCI-H2170,50-149,106,98,8,-8,107,99,4931
ecCount (threshold mask),train,NCI-H2170,50-149,106,103,3,-3,107,104,4932
ecCount (threshold mask),train,NCI-H2170,50-149,106,118,12,12,107,119,4933
ecCount (threshold mask),val,NCI-H2170,50-149,106,107,1,1,107,108,4934
ecCount (threshold mask),test,COLO320DM,50-149,107,98,9,-9,108,99,4935
ecCount (threshold mask),train,NCI-H2170,50-149,107,105,2,-2,108,106,4936
ecCount (threshold mask),val,NCI-H2170,50-149,107,96,11,-11,108,97,4937
ecCount (threshold mask),train,NCI-H2170,50-149,107,105,2,-2,108,106,4938
ecCount (threshold mask),train,NCI-H2170,50-149,107,134,27,27,108,135,4939
ecCount (threshold mask),test,NCI-H2170,50-149,107,95,12,-12,108,96,4940
ecCount (threshold mask),train,NCI-H2170,50-149,107,101,6,-6,108,102,4941
ecCount (threshold mask),train,NCI-H2170,50-149,108,83,25,-25,109,84,4942
ecCount (threshold mask),val,NCI-H2170,50-149,108,108,0,0,109,109,4943
ecCount (threshold mask),train,NCI-H2170,50-149,109,85,24,-24,110,86,4944
ecCount (threshold mask),train,NCI-H2170,50-149,109,116,7,7,110,117,4945
ecCount (threshold mask),train,NCI-H2170,50-149,109,102,7,-7,110,103,4946
ecCount (threshold mask),test,NCI-H2170,50-149,110,87,23,-23,111,88,4947
ecCount (threshold mask),val,NCI-H2170,50-149,110,100,10,-10,111,101,4948
ecCount (threshold mask),val,NCI-H2170,50-149,110,110,0,0,111,111,4949
ecCount (threshold mask),train,NCI-H2170,50-149,110,91,19,-19,111,92,4950
ecCount (threshold mask),val,NCI-H2170,50-149,110,103,7,-7,111,104,4951
ecCount (threshold mask),train,NCI-H2170,50-149,110,90,20,-20,111,91,4952
ecCount (threshold mask),test,NCI-H716,50-149,110,113,3,3,111,114,4953
ecCount (threshold mask),train,SNU16,50-149,110,117,7,7,111,118,4954
ecCount (threshold mask),train,NCI-H2170,50-149,111,95,16,-16,112,96,4955
ecCount (threshold mask),train,NCI-H2170,50-149,111,150,39,39,112,151,4956
ecCount (threshold mask),train,NCI-H2170,50-149,111,107,4,-4,112,108,4957
ecCount (threshold mask),train,NCI-H2170,50-149,111,96,15,-15,112,97,4958
ecCount (threshold mask),train,SNU16,50-149,111,111,0,0,112,112,4959
ecCount (threshold mask),train,NCI-H2170,50-149,112,106,6,-6,113,107,4960
ecCount (threshold mask),train,NCI-H2170,50-149,112,104,8,-8,113,105,4961
ecCount (threshold mask),train,SNU16,50-149,112,130,18,18,113,131,4962
ecCount (threshold mask),train,NCI-H2170,50-149,113,120,7,7,114,121,4963
ecCount (threshold mask),val,NCI-H2170,50-149,113,117,4,4,114,118,4964
ecCount (threshold mask),train,NCI-H2170,50-149,114,109,5,-5,115,110,4965
ecCount (threshold mask),train,NCI-H2170,50-149,114,122,8,8,115,123,4966
ecCount (threshold mask),train,NCI-H2170,50-149,115,108,7,-7,116,109,4967
ecCount (threshold mask),train,NCI-H2170,50-149,115,101,14,-14,116,102,4968
ecCount (threshold mask),val,NCI-H2170,50-149,115,104,11,-11,116,105,4969
ecCount (threshold mask),train,NCI-H2170,50-149,115,118,3,3,116,119,4970
ecCount (threshold mask),train,NCI-H2170,50-149,115,134,19,19,116,135,4971
ecCount (threshold mask),train,NCI-H2170,50-149,115,121,6,6,116,122,4972
ecCount (threshold mask),train,NCI-H2170,50-149,116,110,6,-6,117,111,4973
ecCount (threshold mask),train,NCI-H2170,50-149,116,117,1,1,117,118,4974
ecCount (threshold mask),test,NCI-H2170,50-149,116,112,4,-4,117,113,4975
ecCount (threshold mask),train,NCI-H2170,50-149,116,107,9,-9,117,108,4976
ecCount (threshold mask),train,NCI-H716,50-149,116,110,6,-6,117,111,4977
ecCount (threshold mask),train,NCI-H2170,50-149,117,127,10,10,118,128,4978
ecCount (threshold mask),train,NCI-H2170,50-149,117,139,22,22,118,140,4979
ecCount (threshold mask),train,NCI-H2170,50-149,117,129,12,12,118,130,4980
ecCount (threshold mask),train,NCI-H2170,50-149,118,103,15,-15,119,104,4981
ecCount (threshold mask),train,SNU16,50-149,118,115,3,-3,119,116,4982
ecCount (threshold mask),train,NCI-H2170,50-149,119,118,1,-1,120,119,4983
ecCount (threshold mask),train,NCI-H2170,50-149,119,110,9,-9,120,111,4984
ecCount (threshold mask),test,NCI-H2170,50-149,119,114,5,-5,120,115,4985
ecCount (threshold mask),train,NCI-H2170,50-149,119,117,2,-2,120,118,4986
ecCount (threshold mask),train,NCI-H2170,50-149,120,123,3,3,121,124,4987
ecCount (threshold mask),train,NCI-H2170,50-149,120,93,27,-27,121,94,4988
ecCount (threshold mask),train,NCI-H2170,50-149,120,90,30,-30,121,91,4989
ecCount (threshold mask),train,NCI-H716,50-149,120,134,14,14,121,135,4990
ecCount (threshold mask),val,NCI-H2170,50-149,121,116,5,-5,122,117,4991
ecCount (threshold mask),train,NCI-H2170,50-149,121,99,22,-22,122,100,4992
ecCount (threshold mask),train,NCI-H2170,50-149,121,124,3,3,122,125,4993
ecCount (threshold mask),train,NCI-H2170,50-149,121,114,7,-7,122,115,4994
ecCount (threshold mask),train,NCI-H2170,50-149,121,119,2,-2,122,120,4995
ecCount (threshold mask),train,NCI-H2170,50-149,122,122,0,0,123,123,4996
ecCount (threshold mask),train,NCI-H2170,50-149,122,115,7,-7,123,116,4997
ecCount (threshold mask),train,NCI-H2170,50-149,122,120,2,-2,123,121,4998
ecCount (threshold mask),train,NCI-H2170,50-149,122,94,28,-28,123,95,4999
ecCount (threshold mask),train,NCI-H2170,50-149,123,114,9,-9,124,115,5000
ecCount (threshold mask),train,NCI-H2170,50-149,123,109,14,-14,124,110,5001
ecCount (threshold mask),val,NCI-H2170,50-149,123,104,19,-19,124,105,5002
ecCount (threshold mask),val,NCI-H2170,50-149,123,110,13,-13,124,111,5003
ecCount (threshold mask),train,SNU16,50-149,123,109,14,-14,124,110,5004
ecCount (threshold mask),train,NCI-H2170,50-149,124,122,2,-2,125,123,5005
ecCount (threshold mask),test,NCI-H2170,50-149,124,125,1,1,125,126,5006
ecCount (threshold mask),train,NCI-H2170,50-149,124,115,9,-9,125,116,5007
ecCount (threshold mask),train,NCI-H2170,50-149,124,119,5,-5,125,120,5008
ecCount (threshold mask),train,SNU16,50-149,124,89,35,-35,125,90,5009
ecCount (threshold mask),val,NCI-H2170,50-149,125,122,3,-3,126,123,5010
ecCount (threshold mask),train,NCI-H2170,50-149,125,131,6,6,126,132,5011
ecCount (threshold mask),train,NCI-H2170,50-149,125,123,2,-2,126,124,5012
ecCount (threshold mask),train,NCI-H2170,50-149,125,141,16,16,126,142,5013
ecCount (threshold mask),train,NCI-H2170,50-149,125,110,15,-15,126,111,5014
ecCount (threshold mask),train,NCI-H2170,50-149,125,112,13,-13,126,113,5015
ecCount (threshold mask),train,NCI-H2170,50-149,125,111,14,-14,126,112,5016
ecCount (threshold mask),test,SNU16,50-149,125,109,16,-16,126,110,5017
ecCount (threshold mask),train,NCI-H2170,50-149,126,127,1,1,127,128,5018
ecCount (threshold mask),test,NCI-H2170,50-149,126,141,15,15,127,142,5019
ecCount (threshold mask),test,NCI-H2170,50-149,126,70,56,-56,127,71,5020
ecCount (threshold mask),train,NCI-H2170,50-149,127,126,1,-1,128,127,5021
ecCount (threshold mask),train,NCI-H2170,50-149,127,99,28,-28,128,100,5022
ecCount (threshold mask),train,NCI-H716,50-149,127,125,2,-2,128,126,5023
ecCount (threshold mask),train,NCI-H2170,50-149,128,147,19,19,129,148,5024
ecCount (threshold mask),train,NCI-H2170,50-149,128,138,10,10,129,139,5025
ecCount (threshold mask),train,NCI-H2170,50-149,128,110,18,-18,129,111,5026
ecCount (threshold mask),train,NCI-H716,50-149,128,140,12,12,129,141,5027
ecCount (threshold mask),val,NCI-H2170,50-149,129,140,11,11,130,141,5028
ecCount (threshold mask),train,NCI-H2170,50-149,129,122,7,-7,130,123,5029
ecCount (threshold mask),train,NCI-H716,50-149,129,133,4,4,130,134,5030
ecCount (threshold mask),train,NCI-H2170,50-149,130,129,1,-1,131,130,5031
ecCount (threshold mask),train,NCI-H2170,50-149,130,127,3,-3,131,128,5032
ecCount (threshold mask),train,NCI-H2170,50-149,130,123,7,-7,131,124,5033
ecCount (threshold mask),train,NCI-H2170,50-149,131,119,12,-12,132,120,5034
ecCount (threshold mask),train,NCI-H2170,50-149,131,122,9,-9,132,123,5035
ecCount (threshold mask),train,NCI-H716,50-149,131,148,17,17,132,149,5036
ecCount (threshold mask),train,NCI-H716,50-149,131,157,26,26,132,158,5037
ecCount (threshold mask),train,NCI-H2170,50-149,132,153,21,21,133,154,5038
ecCount (threshold mask),train,NCI-H2170,50-149,132,137,5,5,133,138,5039
ecCount (threshold mask),train,NCI-H2170,50-149,132,111,21,-21,133,112,5040
ecCount (threshold mask),test,NCI-H2170,50-149,132,170,38,38,133,171,5041
ecCount (threshold mask),train,NCI-H2170,50-149,132,81,51,-51,133,82,5042
ecCount (threshold mask),train,NCI-H2170,50-149,132,124,8,-8,133,125,5043
ecCount (threshold mask),val,NCI-H716,50-149,132,115,17,-17,133,116,5044
ecCount (threshold mask),train,NCI-H716,50-149,132,130,2,-2,133,131,5045
ecCount (threshold mask),train,NCI-H716,50-149,132,129,3,-3,133,130,5046
ecCount (threshold mask),train,NCI-H2170,50-149,133,139,6,6,134,140,5047
ecCount (threshold mask),train,NCI-H2170,50-149,133,141,8,8,134,142,5048
ecCount (threshold mask),train,NCI-H2170,50-149,133,148,15,15,134,149,5049
ecCount (threshold mask),train,NCI-H2170,50-149,134,115,19,-19,135,116,5050
ecCount (threshold mask),val,NCI-H2170,50-149,134,89,45,-45,135,90,5051
ecCount (threshold mask),train,NCI-H716,50-149,134,143,9,9,135,144,5052
ecCount (threshold mask),train,NCI-H2170,50-149,135,161,26,26,136,162,5053
ecCount (threshold mask),train,NCI-H2170,50-149,135,110,25,-25,136,111,5054
ecCount (threshold mask),train,NCI-H2170,50-149,135,135,0,0,136,136,5055
ecCount (threshold mask),test,NCI-H2170,50-149,135,127,8,-8,136,128,5056
ecCount (threshold mask),train,NCI-H716,50-149,135,141,6,6,136,142,5057
ecCount (threshold mask),train,NCI-H716,50-149,135,123,12,-12,136,124,5058
ecCount (threshold mask),train,NCI-H2170,50-149,136,137,1,1,137,138,5059
ecCount (threshold mask),train,NCI-H2170,50-149,136,80,56,-56,137,81,5060
ecCount (threshold mask),train,NCI-H2170,50-149,137,121,16,-16,138,122,5061
ecCount (threshold mask),train,NCI-H716,50-149,137,146,9,9,138,147,5062
ecCount (threshold mask),train,NCI-H2170,50-149,138,134,4,-4,139,135,5063
ecCount (threshold mask),test,NCI-H2170,50-149,138,127,11,-11,139,128,5064
ecCount (threshold mask),train,NCI-H2170,50-149,138,120,18,-18,139,121,5065
ecCount (threshold mask),train,NCI-H2170,50-149,138,137,1,-1,139,138,5066
ecCount (threshold mask),train,NCI-H2170,50-149,139,135,4,-4,140,136,5067
ecCount (threshold mask),val,NCI-H2170,50-149,139,137,2,-2,140,138,5068
ecCount (threshold mask),test,NCI-H2170,50-149,139,139,0,0,140,140,5069
ecCount (threshold mask),train,NCI-H2170,50-149,139,142,3,3,140,143,5070
ecCount (threshold mask),test,NCI-H716,50-149,139,122,17,-17,140,123,5071
ecCount (threshold mask),test,SNU16,50-149,140,135,5,-5,141,136,5072
ecCount (threshold mask),train,NCI-H2170,50-149,141,117,24,-24,142,118,5073
ecCount (threshold mask),val,NCI-H2170,50-149,141,138,3,-3,142,139,5074
ecCount (threshold mask),val,NCI-H2170,50-149,141,149,8,8,142,150,5075
ecCount (threshold mask),train,NCI-H2170,50-149,141,123,18,-18,142,124,5076
ecCount (threshold mask),train,SNU16,50-149,141,139,2,-2,142,140,5077
ecCount (threshold mask),train,SNU16,50-149,141,138,3,-3,142,139,5078
ecCount (threshold mask),train,NCI-H2170,50-149,142,145,3,3,143,146,5079
ecCount (threshold mask),test,NCI-H2170,50-149,142,113,29,-29,143,114,5080
ecCount (threshold mask),train,NCI-H2170,50-149,142,141,1,-1,143,142,5081
ecCount (threshold mask),train,NCI-H2170,50-149,142,138,4,-4,143,139,5082
ecCount (threshold mask),train,NCI-H2170,50-149,142,151,9,9,143,152,5083
ecCount (threshold mask),train,NCI-H2170,50-149,142,135,7,-7,143,136,5084
ecCount (threshold mask),train,SNU16,50-149,142,144,2,2,143,145,5085
ecCount (threshold mask),val,COLO320DM,50-149,143,143,0,0,144,144,5086
ecCount (threshold mask),train,NCI-H2170,50-149,143,109,34,-34,144,110,5087
ecCount (threshold mask),train,NCI-H2170,50-149,143,141,2,-2,144,142,5088
ecCount (threshold mask),val,NCI-H2170,50-149,143,133,10,-10,144,134,5089
ecCount (threshold mask),train,NCI-H2170,50-149,143,116,27,-27,144,117,5090
ecCount (threshold mask),train,NCI-H2170,50-149,143,127,16,-16,144,128,5091
ecCount (threshold mask),train,COLO320DM,50-149,144,137,7,-7,145,138,5092
ecCount (threshold mask),val,NCI-H716,50-149,144,144,0,0,145,145,5093
ecCount (threshold mask),train,NCI-H716,50-149,144,153,9,9,145,154,5094
ecCount (threshold mask),train,SNU16,50-149,144,131,13,-13,145,132,5095
ecCount (threshold mask),train,SNU16,50-149,144,116,28,-28,145,117,5096
ecCount (threshold mask),train,NCI-H2170,50-149,145,133,12,-12,146,134,5097
ecCount (threshold mask),val,NCI-H2170,50-149,145,120,25,-25,146,121,5098
ecCount (threshold mask),train,NCI-H2170,50-149,145,112,33,-33,146,113,5099
ecCount (threshold mask),train,NCI-H2170,50-149,146,154,8,8,147,155,5100
ecCount (threshold mask),train,NCI-H2170,50-149,146,125,21,-21,147,126,5101
ecCount (threshold mask),train,NCI-H2170,50-149,146,143,3,-3,147,144,5102
ecCount (threshold mask),train,NCI-H2170,50-149,147,132,15,-15,148,133,5103
ecCount (threshold mask),train,NCI-H2170,50-149,147,132,15,-15,148,133,5104
ecCount (threshold mask),val,NCI-H2170,50-149,147,159,12,12,148,160,5105
ecCount (threshold mask),train,NCI-H2170,50-149,147,130,17,-17,148,131,5106
ecCount (threshold mask),val,NCI-H2170,50-149,147,126,21,-21,148,127,5107
ecCount (threshold mask),test,NCI-H2170,50-149,148,140,8,-8,149,141,5108
ecCount (threshold mask),val,NCI-H2170,50-149,148,140,8,-8,149,141,5109
ecCount (threshold mask),train,NCI-H2170,50-149,148,146,2,-2,149,147,5110
ecCount (threshold mask),val,NCI-H2170,50-149,148,148,0,0,149,149,5111
ecCount (threshold mask),val,NCI-H716,50-149,148,152,4,4,149,153,5112
ecCount (threshold mask),train,SNU16,50-149,148,126,22,-22,149,127,5113
ecCount (threshold mask),train,NCI-H2170,50-149,149,134,15,-15,150,135,5114
ecCount (threshold mask),train,NCI-H2170,50-149,149,128,21,-21,150,129,5115
ecCount (threshold mask),train,NCI-H2170,150-299,150,124,26,-26,151,125,5116
ecCount (threshold mask),train,NCI-H2170,150-299,150,148,2,-2,151,149,5117
ecCount (threshold mask),train,NCI-H2170,150-299,150,142,8,-8,151,143,5118
ecCount (threshold mask),val,NCI-H2170,150-299,150,123,27,-27,151,124,5119
ecCount (threshold mask),train,NCI-H2170,150-299,150,135,15,-15,151,136,5120
ecCount (threshold mask),test,NCI-H716,150-299,150,171,21,21,151,172,5121
ecCount (threshold mask),test,SNU16,150-299,150,154,4,4,151,155,5122
ecCount (threshold mask),val,NCI-H2170,150-299,151,155,4,4,152,156,5123
ecCount (threshold mask),train,NCI-H2170,150-299,151,132,19,-19,152,133,5124
ecCount (threshold mask),test,NCI-H2170,150-299,151,118,33,-33,152,119,5125
ecCount (threshold mask),train,SNU16,150-299,151,135,16,-16,152,136,5126
ecCount (threshold mask),train,NCI-H2170,150-299,152,129,23,-23,153,130,5127
ecCount (threshold mask),train,NCI-H2170,150-299,152,156,4,4,153,157,5128
ecCount (threshold mask),val,NCI-H2170,150-299,152,156,4,4,153,157,5129
ecCount (threshold mask),train,NCI-H2170,150-299,152,138,14,-14,153,139,5130
ecCount (threshold mask),val,NCI-H2170,150-299,152,140,12,-12,153,141,5131
ecCount (threshold mask),train,NCI-H2170,150-299,152,119,33,-33,153,120,5132
ecCount (threshold mask),val,NCI-H716,150-299,152,146,6,-6,153,147,5133
ecCount (threshold mask),train,NCI-H2170,150-299,153,149,4,-4,154,150,5134
ecCount (threshold mask),train,NCI-H2170,150-299,153,155,2,2,154,156,5135
ecCount (threshold mask),val,NCI-H2170,150-299,153,140,13,-13,154,141,5136
ecCount (threshold mask),train,NCI-H2170,150-299,153,151,2,-2,154,152,5137
ecCount (threshold mask),train,NCI-H2170,150-299,153,144,9,-9,154,145,5138
ecCount (threshold mask),train,NCI-H2170,150-299,154,147,7,-7,155,148,5139
ecCount (threshold mask),train,NCI-H2170,150-299,155,139,16,-16,156,140,5140
ecCount (threshold mask),train,NCI-H2170,150-299,156,91,65,-65,157,92,5141
ecCount (threshold mask),val,NCI-H2170,150-299,156,148,8,-8,157,149,5142
ecCount (threshold mask),val,NCI-H2170,150-299,157,160,3,3,158,161,5143
ecCount (threshold mask),val,NCI-H2170,150-299,157,151,6,-6,158,152,5144
ecCount (threshold mask),train,NCI-H2170,150-299,157,156,1,-1,158,157,5145
ecCount (threshold mask),train,NCI-H2170,150-299,157,177,20,20,158,178,5146
ecCount (threshold mask),train,SNU16,150-299,157,158,1,1,158,159,5147
ecCount (threshold mask),val,NCI-H2170,150-299,158,152,6,-6,159,153,5148
ecCount (threshold mask),val,NCI-H2170,150-299,158,169,11,11,159,170,5149
ecCount (threshold mask),test,SNU16,150-299,158,124,34,-34,159,125,5150
ecCount (threshold mask),val,NCI-H2170,150-299,159,166,7,7,160,167,5151
ecCount (threshold mask),test,NCI-H2170,150-299,159,158,1,-1,160,159,5152
ecCount (threshold mask),train,NCI-H2170,150-299,159,156,3,-3,160,157,5153
ecCount (threshold mask),train,NCI-H2170,150-299,160,128,32,-32,161,129,5154
ecCount (threshold mask),val,NCI-H2170,150-299,160,207,47,47,161,208,5155
ecCount (threshold mask),val,NCI-H2170,150-299,160,157,3,-3,161,158,5156
ecCount (threshold mask),train,NCI-H2170,150-299,160,149,11,-11,161,150,5157
ecCount (threshold mask),train,NCI-H2170,150-299,161,139,22,-22,162,140,5158
ecCount (threshold mask),val,SNU16,150-299,161,163,2,2,162,164,5159
ecCount (threshold mask),train,NCI-H2170,150-299,162,169,7,7,163,170,5160
ecCount (threshold mask),train,NCI-H2170,150-299,162,164,2,2,163,165,5161
ecCount (threshold mask),train,NCI-H2170,150-299,163,159,4,-4,164,160,5162
ecCount (threshold mask),train,NCI-H2170,150-299,163,150,13,-13,164,151,5163
ecCount (threshold mask),train,NCI-H2170,150-299,163,150,13,-13,164,151,5164
ecCount (threshold mask),test,NCI-H716,150-299,163,184,21,21,164,185,5165
ecCount (threshold mask),train,NCI-H716,150-299,163,168,5,5,164,169,5166
ecCount (threshold mask),test,NCI-H2170,150-299,164,162,2,-2,165,163,5167
ecCount (threshold mask),train,NCI-H2170,150-299,164,158,6,-6,165,159,5168
ecCount (threshold mask),train,NCI-H2170,150-299,165,162,3,-3,166,163,5169
ecCount (threshold mask),train,NCI-H2170,150-299,165,154,11,-11,166,155,5170
ecCount (threshold mask),train,NCI-H2170,150-299,166,138,28,-28,167,139,5171
ecCount (threshold mask),train,NCI-H2170,150-299,166,137,29,-29,167,138,5172
ecCount (threshold mask),val,NCI-H716,150-299,166,158,8,-8,167,159,5173
ecCount (threshold mask),val,NCI-H716,150-299,166,169,3,3,167,170,5174
ecCount (threshold mask),test,NCI-H716,150-299,166,163,3,-3,167,164,5175
ecCount (threshold mask),test,SNU16,150-299,166,156,10,-10,167,157,5176
ecCount (threshold mask),train,NCI-H2170,150-299,167,154,13,-13,168,155,5177
ecCount (threshold mask),train,NCI-H2170,150-299,167,171,4,4,168,172,5178
ecCount (threshold mask),train,NCI-H2170,150-299,168,111,57,-57,169,112,5179
ecCount (threshold mask),val,NCI-H2170,150-299,168,137,31,-31,169,138,5180
ecCount (threshold mask),train,NCI-H2170,150-299,168,156,12,-12,169,157,5181
ecCount (threshold mask),train,NCI-H2170,150-299,168,160,8,-8,169,161,5182
ecCount (threshold mask),test,NCI-H2170,150-299,169,200,31,31,170,201,5183
ecCount (threshold mask),val,NCI-H716,150-299,169,172,3,3,170,173,5184
ecCount (threshold mask),train,NCI-H2170,150-299,170,168,2,-2,171,169,5185
ecCount (threshold mask),train,NCI-H2170,150-299,170,169,1,-1,171,170,5186
ecCount (threshold mask),test,NCI-H2170,150-299,170,159,11,-11,171,160,5187
ecCount (threshold mask),train,SNU16,150-299,170,166,4,-4,171,167,5188
ecCount (threshold mask),test,NCI-H716,150-299,171,143,28,-28,172,144,5189
ecCount (threshold mask),train,NCI-H2170,150-299,172,180,8,8,173,181,5190
ecCount (threshold mask),train,NCI-H716,150-299,172,170,2,-2,173,171,5191
ecCount (threshold mask),train,NCI-H716,150-299,172,159,13,-13,173,160,5192
ecCount (threshold mask),train,SNU16,150-299,172,156,16,-16,173,157,5193
ecCount (threshold mask),train,NCI-H2170,150-299,173,172,1,-1,174,173,5194
ecCount (threshold mask),val,NCI-H2170,150-299,173,139,34,-34,174,140,5195
ecCount (threshold mask),test,NCI-H2170,150-299,174,182,8,8,175,183,5196
ecCount (threshold mask),train,NCI-H2170,150-299,174,184,10,10,175,185,5197
ecCount (threshold mask),test,NCI-H2170,150-299,174,151,23,-23,175,152,5198
ecCount (threshold mask),val,SNU16,150-299,174,206,32,32,175,207,5199
ecCount (threshold mask),test,NCI-H2170,150-299,175,169,6,-6,176,170,5200
ecCount (threshold mask),train,NCI-H2170,150-299,175,220,45,45,176,221,5201
ecCount (threshold mask),test,NCI-H2170,150-299,175,127,48,-48,176,128,5202
ecCount (threshold mask),train,NCI-H2170,150-299,176,144,32,-32,177,145,5203
ecCount (threshold mask),train,NCI-H716,150-299,176,173,3,-3,177,174,5204
ecCount (threshold mask),train,NCI-H2170,150-299,177,145,32,-32,178,146,5205
ecCount (threshold mask),train,NCI-H2170,150-299,177,153,24,-24,178,154,5206
ecCount (threshold mask),val,NCI-H2170,150-299,177,167,10,-10,178,168,5207
ecCount (threshold mask),train,NCI-H2170,150-299,177,160,17,-17,178,161,5208
ecCount (threshold mask),train,NCI-H716,150-299,177,170,7,-7,178,171,5209
ecCount (threshold mask),test,SNU16,150-299,177,213,36,36,178,214,5210
ecCount (threshold mask),train,NCI-H2170,150-299,178,198,20,20,179,199,5211
ecCount (threshold mask),test,NCI-H2170,150-299,178,166,12,-12,179,167,5212
ecCount (threshold mask),train,NCI-H716,150-299,178,223,45,45,179,224,5213
ecCount (threshold mask),train,SNU16,150-299,178,163,15,-15,179,164,5214
ecCount (threshold mask),train,NCI-H2170,150-299,179,195,16,16,180,196,5215
ecCount (threshold mask),test,NCI-H2170,150-299,179,170,9,-9,180,171,5216
ecCount (threshold mask),train,NCI-H2170,150-299,179,156,23,-23,180,157,5217
ecCount (threshold mask),train,NCI-H2170,150-299,179,165,14,-14,180,166,5218
ecCount (threshold mask),train,NCI-H716,150-299,179,169,10,-10,180,170,5219
ecCount (threshold mask),train,NCI-H716,150-299,179,170,9,-9,180,171,5220
ecCount (threshold mask),train,NCI-H2170,150-299,180,162,18,-18,181,163,5221
ecCount (threshold mask),test,NCI-H2170,150-299,180,176,4,-4,181,177,5222
ecCount (threshold mask),train,NCI-H2170,150-299,180,147,33,-33,181,148,5223
ecCount (threshold mask),train,NCI-H2170,150-299,180,165,15,-15,181,166,5224
ecCount (threshold mask),val,NCI-H2170,150-299,181,193,12,12,182,194,5225
ecCount (threshold mask),train,NCI-H2170,150-299,181,175,6,-6,182,176,5226
ecCount (threshold mask),train,NCI-H2170,150-299,181,176,5,-5,182,177,5227
ecCount (threshold mask),train,NCI-H2170,150-299,181,177,4,-4,182,178,5228
ecCount (threshold mask),train,NCI-H2170,150-299,181,190,9,9,182,191,5229
ecCount (threshold mask),train,NCI-H2170,150-299,181,199,18,18,182,200,5230
ecCount (threshold mask),train,NCI-H716,150-299,181,171,10,-10,182,172,5231
ecCount (threshold mask),train,SNU16,150-299,181,159,22,-22,182,160,5232
ecCount (threshold mask),test,NCI-H2170,150-299,182,174,8,-8,183,175,5233
ecCount (threshold mask),test,NCI-H2170,150-299,182,279,97,97,183,280,5234
ecCount (threshold mask),train,NCI-H2170,150-299,182,173,9,-9,183,174,5235
ecCount (threshold mask),train,NCI-H716,150-299,182,198,16,16,183,199,5236
ecCount (threshold mask),val,NCI-H2170,150-299,183,148,35,-35,184,149,5237
ecCount (threshold mask),train,NCI-H2170,150-299,183,125,58,-58,184,126,5238
ecCount (threshold mask),test,SNU16,150-299,183,195,12,12,184,196,5239
ecCount (threshold mask),train,NCI-H2170,150-299,184,177,7,-7,185,178,5240
ecCount (threshold mask),test,NCI-H2170,150-299,184,211,27,27,185,212,5241
ecCount (threshold mask),train,NCI-H2170,150-299,184,168,16,-16,185,169,5242
ecCount (threshold mask),test,NCI-H2170,150-299,184,174,10,-10,185,175,5243
ecCount (threshold mask),train,NCI-H2170,150-299,184,164,20,-20,185,165,5244
ecCount (threshold mask),train,NCI-H2170,150-299,185,153,32,-32,186,154,5245
ecCount (threshold mask),train,NCI-H2170,150-299,185,145,40,-40,186,146,5246
ecCount (threshold mask),test,NCI-H716,150-299,185,205,20,20,186,206,5247
ecCount (threshold mask),train,NCI-H2170,150-299,186,185,1,-1,187,186,5248
ecCount (threshold mask),train,NCI-H2170,150-299,186,186,0,0,187,187,5249
ecCount (threshold mask),test,NCI-H2170,150-299,186,200,14,14,187,201,5250
ecCount (threshold mask),train,NCI-H2170,150-299,186,168,18,-18,187,169,5251
ecCount (threshold mask),train,NCI-H2170,150-299,187,199,12,12,188,200,5252
ecCount (threshold mask),test,NCI-H2170,150-299,187,172,15,-15,188,173,5253
ecCount (threshold mask),val,NCI-H2170,150-299,188,196,8,8,189,197,5254
ecCount (threshold mask),train,NCI-H2170,150-299,188,205,17,17,189,206,5255
ecCount (threshold mask),train,NCI-H2170,150-299,189,111,78,-78,190,112,5256
ecCount (threshold mask),test,NCI-H2170,150-299,189,191,2,2,190,192,5257
ecCount (threshold mask),val,SNU16,150-299,189,175,14,-14,190,176,5258
ecCount (threshold mask),train,NCI-H2170,150-299,190,163,27,-27,191,164,5259
ecCount (threshold mask),train,NCI-H2170,150-299,190,178,12,-12,191,179,5260
ecCount (threshold mask),train,SNU16,150-299,190,189,1,-1,191,190,5261
ecCount (threshold mask),train,NCI-H2170,150-299,191,201,10,10,192,202,5262
ecCount (threshold mask),train,NCI-H2170,150-299,191,139,52,-52,192,140,5263
ecCount (threshold mask),val,NCI-H2170,150-299,191,184,7,-7,192,185,5264
ecCount (threshold mask),test,NCI-H2170,150-299,191,197,6,6,192,198,5265
ecCount (threshold mask),train,NCI-H2170,150-299,191,184,7,-7,192,185,5266
ecCount (threshold mask),train,NCI-H716,150-299,191,203,12,12,192,204,5267
ecCount (threshold mask),test,SNU16,150-299,191,167,24,-24,192,168,5268
ecCount (threshold mask),test,NCI-H2170,150-299,192,191,1,-1,193,192,5269
ecCount (threshold mask),val,NCI-H2170,150-299,192,175,17,-17,193,176,5270
ecCount (threshold mask),val,NCI-H2170,150-299,192,168,24,-24,193,169,5271
ecCount (threshold mask),train,NCI-H2170,150-299,193,171,22,-22,194,172,5272
ecCount (threshold mask),test,NCI-H2170,150-299,193,159,34,-34,194,160,5273
ecCount (threshold mask),test,SNU16,150-299,193,197,4,4,194,198,5274
ecCount (threshold mask),train,NCI-H2170,150-299,194,191,3,-3,195,192,5275
ecCount (threshold mask),train,NCI-H2170,150-299,194,148,46,-46,195,149,5276
ecCount (threshold mask),train,NCI-H716,150-299,194,206,12,12,195,207,5277
ecCount (threshold mask),val,NCI-H2170,150-299,195,146,49,-49,196,147,5278
ecCount (threshold mask),train,NCI-H716,150-299,195,211,16,16,196,212,5279
ecCount (threshold mask),train,NCI-H2170,150-299,196,136,60,-60,197,137,5280
ecCount (threshold mask),val,NCI-H2170,150-299,196,181,15,-15,197,182,5281
ecCount (threshold mask),train,NCI-H2170,150-299,197,192,5,-5,198,193,5282
ecCount (threshold mask),train,NCI-H2170,150-299,197,192,5,-5,198,193,5283
ecCount (threshold mask),train,NCI-H2170,150-299,197,194,3,-3,198,195,5284
ecCount (threshold mask),train,NCI-H2170,150-299,199,198,1,-1,200,199,5285
ecCount (threshold mask),train,NCI-H2170,150-299,199,156,43,-43,200,157,5286
ecCount (threshold mask),train,NCI-H2170,150-299,200,153,47,-47,201,154,5287
ecCount (threshold mask),train,NCI-H2170,150-299,201,221,20,20,202,222,5288
ecCount (threshold mask),val,NCI-H2170,150-299,201,221,20,20,202,222,5289
ecCount (threshold mask),val,NCI-H2170,150-299,201,197,4,-4,202,198,5290
ecCount (threshold mask),train,NCI-H2170,150-299,201,178,23,-23,202,179,5291
ecCount (threshold mask),test,NCI-H2170,150-299,202,177,25,-25,203,178,5292
ecCount (threshold mask),train,NCI-H2170,150-299,202,158,44,-44,203,159,5293
ecCount (threshold mask),val,NCI-H716,150-299,202,215,13,13,203,216,5294
ecCount (threshold mask),val,NCI-H2170,150-299,203,183,20,-20,204,184,5295
ecCount (threshold mask),train,NCI-H2170,150-299,203,171,32,-32,204,172,5296
ecCount (threshold mask),train,SNU16,150-299,203,195,8,-8,204,196,5297
ecCount (threshold mask),train,NCI-H2170,150-299,204,225,21,21,205,226,5298
ecCount (threshold mask),train,NCI-H2170,150-299,205,222,17,17,206,223,5299
ecCount (threshold mask),train,NCI-H2170,150-299,205,199,6,-6,206,200,5300
ecCount (threshold mask),train,NCI-H2170,150-299,206,156,50,-50,207,157,5301
ecCount (threshold mask),train,SNU16,150-299,206,188,18,-18,207,189,5302
ecCount (threshold mask),train,NCI-H2170,150-299,207,195,12,-12,208,196,5303
ecCount (threshold mask),train,NCI-H2170,150-299,207,199,8,-8,208,200,5304
ecCount (threshold mask),train,NCI-H2170,150-299,207,202,5,-5,208,203,5305
ecCount (threshold mask),val,NCI-H716,150-299,207,219,12,12,208,220,5306
ecCount (threshold mask),train,SNU16,150-299,207,215,8,8,208,216,5307
ecCount (threshold mask),train,NCI-H2170,150-299,209,197,12,-12,210,198,5308
ecCount (threshold mask),train,NCI-H2170,150-299,209,216,7,7,210,217,5309
ecCount (threshold mask),train,NCI-H2170,150-299,209,204,5,-5,210,205,5310
ecCount (threshold mask),train,SNU16,150-299,209,171,38,-38,210,172,5311
ecCount (threshold mask),train,NCI-H2170,150-299,210,193,17,-17,211,194,5312
ecCount (threshold mask),val,NCI-H2170,150-299,210,198,12,-12,211,199,5313
ecCount (threshold mask),train,NCI-H2170,150-299,210,197,13,-13,211,198,5314
ecCount (threshold mask),train,NCI-H2170,150-299,210,187,23,-23,211,188,5315
ecCount (threshold mask),test,NCI-H716,150-299,210,219,9,9,211,220,5316
ecCount (threshold mask),train,NCI-H716,150-299,210,215,5,5,211,216,5317
ecCount (threshold mask),train,NCI-H2170,150-299,211,174,37,-37,212,175,5318
ecCount (threshold mask),train,NCI-H2170,150-299,211,156,55,-55,212,157,5319
ecCount (threshold mask),train,NCI-H2170,150-299,211,217,6,6,212,218,5320
ecCount (threshold mask),train,NCI-H2170,150-299,211,197,14,-14,212,198,5321
ecCount (threshold mask),val,NCI-H2170,150-299,211,184,27,-27,212,185,5322
ecCount (threshold mask),train,NCI-H716,150-299,211,221,10,10,212,222,5323
ecCount (threshold mask),train,NCI-H716,150-299,211,203,8,-8,212,204,5324
ecCount (threshold mask),val,NCI-H2170,150-299,212,206,6,-6,213,207,5325
ecCount (threshold mask),train,NCI-H2170,150-299,212,208,4,-4,213,209,5326
ecCount (threshold mask),train,NCI-H2170,150-299,212,178,34,-34,213,179,5327
ecCount (threshold mask),train,SNU16,150-299,212,209,3,-3,213,210,5328
ecCount (threshold mask),train,NCI-H2170,150-299,213,215,2,2,214,216,5329
ecCount (threshold mask),train,NCI-H2170,150-299,213,57,156,-156,214,58,5330
ecCount (threshold mask),val,NCI-H2170,150-299,213,205,8,-8,214,206,5331
ecCount (threshold mask),train,NCI-H716,150-299,213,215,2,2,214,216,5332
ecCount (threshold mask),test,SNU16,150-299,213,193,20,-20,214,194,5333
ecCount (threshold mask),train,NCI-H2170,150-299,214,230,16,16,215,231,5334
ecCount (threshold mask),val,NCI-H2170,150-299,214,210,4,-4,215,211,5335
ecCount (threshold mask),val,NCI-H716,150-299,214,208,6,-6,215,209,5336
ecCount (threshold mask),train,SNU16,150-299,214,191,23,-23,215,192,5337
ecCount (threshold mask),train,NCI-H2170,150-299,215,206,9,-9,216,207,5338
ecCount (threshold mask),train,NCI-H2170,150-299,216,185,31,-31,217,186,5339
ecCount (threshold mask),test,NCI-H2170,150-299,217,212,5,-5,218,213,5340
ecCount (threshold mask),train,NCI-H2170,150-299,217,197,20,-20,218,198,5341
ecCount (threshold mask),train,NCI-H2170,150-299,219,224,5,5,220,225,5342
ecCount (threshold mask),train,NCI-H2170,150-299,220,191,29,-29,221,192,5343
ecCount (threshold mask),train,NCI-H2170,150-299,220,199,21,-21,221,200,5344
ecCount (threshold mask),val,NCI-H2170,150-299,220,197,23,-23,221,198,5345
ecCount (threshold mask),train,NCI-H2170,150-299,221,215,6,-6,222,216,5346
ecCount (threshold mask),val,SNU16,150-299,221,214,7,-7,222,215,5347
ecCount (threshold mask),train,SNU16,150-299,222,206,16,-16,223,207,5348
ecCount (threshold mask),val,SNU16,150-299,222,109,113,-113,223,110,5349
ecCount (threshold mask),val,NCI-H2170,150-299,223,221,2,-2,224,222,5350
ecCount (threshold mask),test,NCI-H2170,150-299,223,227,4,4,224,228,5351
ecCount (threshold mask),train,NCI-H2170,150-299,223,226,3,3,224,227,5352
ecCount (threshold mask),train,NCI-H2170,150-299,223,185,38,-38,224,186,5353
ecCount (threshold mask),test,NCI-H2170,150-299,223,185,38,-38,224,186,5354
ecCount (threshold mask),train,NCI-H716,150-299,223,235,12,12,224,236,5355
ecCount (threshold mask),train,SNU16,150-299,223,203,20,-20,224,204,5356
ecCount (threshold mask),train,NCI-H2170,150-299,224,198,26,-26,225,199,5357
ecCount (threshold mask),train,SNU16,150-299,224,199,25,-25,225,200,5358
ecCount (threshold mask),test,NCI-H2170,150-299,225,212,13,-13,226,213,5359
ecCount (threshold mask),train,SNU16,150-299,225,217,8,-8,226,218,5360
ecCount (threshold mask),train,SNU16,150-299,225,230,5,5,226,231,5361
ecCount (threshold mask),train,NCI-H2170,150-299,226,207,19,-19,227,208,5362
ecCount (threshold mask),train,NCI-H2170,150-299,226,233,7,7,227,234,5363
ecCount (threshold mask),train,NCI-H2170,150-299,226,224,2,-2,227,225,5364
ecCount (threshold mask),train,NCI-H2170,150-299,226,212,14,-14,227,213,5365
ecCount (threshold mask),train,NCI-H2170,150-299,226,232,6,6,227,233,5366
ecCount (threshold mask),train,SNU16,150-299,227,205,22,-22,228,206,5367
ecCount (threshold mask),val,NCI-H2170,150-299,228,199,29,-29,229,200,5368
ecCount (threshold mask),train,NCI-H2170,150-299,228,202,26,-26,229,203,5369
ecCount (threshold mask),train,NCI-H2170,150-299,228,197,31,-31,229,198,5370
ecCount (threshold mask),train,SNU16,150-299,228,212,16,-16,229,213,5371
ecCount (threshold mask),train,NCI-H2170,150-299,229,277,48,48,230,278,5372
ecCount (threshold mask),test,NCI-H2170,150-299,229,240,11,11,230,241,5373
ecCount (threshold mask),train,NCI-H2170,150-299,230,237,7,7,231,238,5374
ecCount (threshold mask),train,SNU16,150-299,230,220,10,-10,231,221,5375
ecCount (threshold mask),train,NCI-H2170,150-299,231,212,19,-19,232,213,5376
ecCount (threshold mask),train,NCI-H716,150-299,231,236,5,5,232,237,5377
ecCount (threshold mask),train,NCI-H2170,150-299,232,208,24,-24,233,209,5378
ecCount (threshold mask),val,SNU16,150-299,232,214,18,-18,233,215,5379
ecCount (threshold mask),test,NCI-H2170,150-299,233,218,15,-15,234,219,5380
ecCount (threshold mask),val,NCI-H2170,150-299,233,185,48,-48,234,186,5381
ecCount (threshold mask),train,NCI-H2170,150-299,233,217,16,-16,234,218,5382
ecCount (threshold mask),train,NCI-H2170,150-299,233,221,12,-12,234,222,5383
ecCount (threshold mask),train,NCI-H2170,150-299,235,239,4,4,236,240,5384
ecCount (threshold mask),train,NCI-H2170,150-299,235,239,4,4,236,240,5385
ecCount (threshold mask),train,NCI-H2170,150-299,235,204,31,-31,236,205,5386
ecCount (threshold mask),test,NCI-H2170,150-299,235,217,18,-18,236,218,5387
ecCount (threshold mask),train,NCI-H2170,150-299,236,205,31,-31,237,206,5388
ecCount (threshold mask),train,NCI-H2170,150-299,236,219,17,-17,237,220,5389
ecCount (threshold mask),train,NCI-H2170,150-299,236,201,35,-35,237,202,5390
ecCount (threshold mask),val,NCI-H2170,150-299,236,189,47,-47,237,190,5391
ecCount (threshold mask),test,NCI-H716,150-299,236,240,4,4,237,241,5392
ecCount (threshold mask),test,NCI-H2170,150-299,237,224,13,-13,238,225,5393
ecCount (threshold mask),val,NCI-H2170,150-299,237,215,22,-22,238,216,5394
ecCount (threshold mask),val,SNU16,150-299,237,328,91,91,238,329,5395
ecCount (threshold mask),train,NCI-H2170,150-299,238,250,12,12,239,251,5396
ecCount (threshold mask),test,SNU16,150-299,238,212,26,-26,239,213,5397
ecCount (threshold mask),val,SNU16,150-299,238,220,18,-18,239,221,5398
ecCount (threshold mask),test,NCI-H2170,150-299,239,247,8,8,240,248,5399
ecCount (threshold mask),train,NCI-H2170,150-299,239,239,0,0,240,240,5400
ecCount (threshold mask),train,NCI-H2170,150-299,239,204,35,-35,240,205,5401
ecCount (threshold mask),train,NCI-H2170,150-299,239,207,32,-32,240,208,5402
ecCount (threshold mask),train,NCI-H716,150-299,239,253,14,14,240,254,5403
ecCount (threshold mask),val,SNU16,150-299,239,213,26,-26,240,214,5404
ecCount (threshold mask),train,NCI-H2170,150-299,240,249,9,9,241,250,5405
ecCount (threshold mask),train,SNU16,150-299,241,222,19,-19,242,223,5406
ecCount (threshold mask),train,SNU16,150-299,241,223,18,-18,242,224,5407
ecCount (threshold mask),test,NCI-H2170,150-299,242,278,36,36,243,279,5408
ecCount (threshold mask),train,NCI-H2170,150-299,242,213,29,-29,243,214,5409
ecCount (threshold mask),train,SNU16,150-299,242,238,4,-4,243,239,5410
ecCount (threshold mask),train,NCI-H2170,150-299,243,227,16,-16,244,228,5411
ecCount (threshold mask),train,NCI-H2170,150-299,243,244,1,1,244,245,5412
ecCount (threshold mask),train,NCI-H2170,150-299,244,234,10,-10,245,235,5413
ecCount (threshold mask),train,NCI-H2170,150-299,244,238,6,-6,245,239,5414
ecCount (threshold mask),train,SNU16,150-299,244,213,31,-31,245,214,5415
ecCount (threshold mask),test,NCI-H2170,150-299,245,242,3,-3,246,243,5416
ecCount (threshold mask),train,NCI-H2170,150-299,245,246,1,1,246,247,5417
ecCount (threshold mask),train,NCI-H2170,150-299,245,246,1,1,246,247,5418
ecCount (threshold mask),test,NCI-H2170,150-299,246,216,30,-30,247,217,5419
ecCount (threshold mask),train,NCI-H2170,150-299,246,237,9,-9,247,238,5420
ecCount (threshold mask),train,NCI-H2170,150-299,246,242,4,-4,247,243,5421
ecCount (threshold mask),test,NCI-H2170,150-299,246,246,0,0,247,247,5422
ecCount (threshold mask),train,NCI-H2170,150-299,246,257,11,11,247,258,5423
ecCount (threshold mask),test,NCI-H2170,150-299,246,241,5,-5,247,242,5424
ecCount (threshold mask),train,NCI-H2170,150-299,246,222,24,-24,247,223,5425
ecCount (threshold mask),test,NCI-H2170,150-299,248,240,8,-8,249,241,5426
ecCount (threshold mask),train,NCI-H2170,150-299,249,245,4,-4,250,246,5427
ecCount (threshold mask),train,NCI-H2170,150-299,249,209,40,-40,250,210,5428
ecCount (threshold mask),train,NCI-H2170,150-299,250,242,8,-8,251,243,5429
ecCount (threshold mask),train,NCI-H2170,150-299,250,273,23,23,251,274,5430
ecCount (threshold mask),train,NCI-H2170,150-299,250,246,4,-4,251,247,5431
ecCount (threshold mask),train,NCI-H2170,150-299,250,208,42,-42,251,209,5432
ecCount (threshold mask),test,NCI-H2170,150-299,251,251,0,0,252,252,5433
ecCount (threshold mask),train,SNU16,150-299,251,252,1,1,252,253,5434
ecCount (threshold mask),test,NCI-H2170,150-299,252,235,17,-17,253,236,5435
ecCount (threshold mask),train,NCI-H2170,150-299,252,224,28,-28,253,225,5436
ecCount (threshold mask),train,NCI-H2170,150-299,252,241,11,-11,253,242,5437
ecCount (threshold mask),train,NCI-H2170,150-299,254,263,9,9,255,264,5438
ecCount (threshold mask),val,SNU16,150-299,254,232,22,-22,255,233,5439
ecCount (threshold mask),train,NCI-H2170,150-299,255,231,24,-24,256,232,5440
ecCount (threshold mask),train,NCI-H2170,150-299,256,290,34,34,257,291,5441
ecCount (threshold mask),train,SNU16,150-299,256,248,8,-8,257,249,5442
ecCount (threshold mask),train,NCI-H2170,150-299,257,223,34,-34,258,224,5443
ecCount (threshold mask),train,NCI-H2170,150-299,257,240,17,-17,258,241,5444
ecCount (threshold mask),train,NCI-H2170,150-299,258,262,4,4,259,263,5445
ecCount (threshold mask),train,NCI-H2170,150-299,258,201,57,-57,259,202,5446
ecCount (threshold mask),train,NCI-H2170,150-299,259,264,5,5,260,265,5447
ecCount (threshold mask),train,NCI-H2170,150-299,259,257,2,-2,260,258,5448
ecCount (threshold mask),train,NCI-H2170,150-299,259,198,61,-61,260,199,5449
ecCount (threshold mask),train,NCI-H2170,150-299,259,224,35,-35,260,225,5450
ecCount (threshold mask),train,NCI-H2170,150-299,260,251,9,-9,261,252,5451
ecCount (threshold mask),train,NCI-H2170,150-299,260,264,4,4,261,265,5452
ecCount (threshold mask),train,NCI-H2170,150-299,261,277,16,16,262,278,5453
ecCount (threshold mask),train,NCI-H2170,150-299,261,197,64,-64,262,198,5454
ecCount (threshold mask),train,SNU16,150-299,261,249,12,-12,262,250,5455
ecCount (threshold mask),train,NCI-H2170,150-299,262,238,24,-24,263,239,5456
ecCount (threshold mask),train,NCI-H2170,150-299,262,242,20,-20,263,243,5457
ecCount (threshold mask),train,NCI-H716,150-299,262,265,3,3,263,266,5458
ecCount (threshold mask),train,NCI-H2170,150-299,264,284,20,20,265,285,5459
ecCount (threshold mask),train,NCI-H2170,150-299,265,247,18,-18,266,248,5460
ecCount (threshold mask),train,NCI-H2170,150-299,265,230,35,-35,266,231,5461
ecCount (threshold mask),train,SNU16,150-299,265,240,25,-25,266,241,5462
ecCount (threshold mask),val,NCI-H2170,150-299,266,255,11,-11,267,256,5463
ecCount (threshold mask),train,NCI-H2170,150-299,266,262,4,-4,267,263,5464
ecCount (threshold mask),train,SNU16,150-299,267,238,29,-29,268,239,5465
ecCount (threshold mask),train,SNU16,150-299,268,214,54,-54,269,215,5466
ecCount (threshold mask),test,SNU16,150-299,270,251,19,-19,271,252,5467
ecCount (threshold mask),train,SNU16,150-299,271,236,35,-35,272,237,5468
ecCount (threshold mask),train,SNU16,150-299,271,250,21,-21,272,251,5469
ecCount (threshold mask),test,SNU16,150-299,271,244,27,-27,272,245,5470
ecCount (threshold mask),val,NCI-H2170,150-299,273,234,39,-39,274,235,5471
ecCount (threshold mask),train,NCI-H716,150-299,273,287,14,14,274,288,5472
ecCount (threshold mask),train,NCI-H2170,150-299,274,240,34,-34,275,241,5473
ecCount (threshold mask),test,NCI-H2170,150-299,274,270,4,-4,275,271,5474
ecCount (threshold mask),train,NCI-H2170,150-299,274,269,5,-5,275,270,5475
ecCount (threshold mask),train,NCI-H2170,150-299,274,234,40,-40,275,235,5476
ecCount (threshold mask),train,NCI-H716,150-299,274,264,10,-10,275,265,5477
ecCount (threshold mask),val,SNU16,150-299,274,308,34,34,275,309,5478
ecCount (threshold mask),train,NCI-H2170,150-299,276,278,2,2,277,279,5479
ecCount (threshold mask),train,NCI-H2170,150-299,277,283,6,6,278,284,5480
ecCount (threshold mask),test,NCI-H2170,150-299,278,239,39,-39,279,240,5481
ecCount (threshold mask),train,NCI-H2170,150-299,278,235,43,-43,279,236,5482
ecCount (threshold mask),train,SNU16,150-299,279,280,1,1,280,281,5483
ecCount (threshold mask),train,NCI-H2170,150-299,280,266,14,-14,281,267,5484
ecCount (threshold mask),val,NCI-H2170,150-299,281,284,3,3,282,285,5485
ecCount (threshold mask),val,NCI-H2170,150-299,281,268,13,-13,282,269,5486
ecCount (threshold mask),val,NCI-H2170,150-299,281,279,2,-2,282,280,5487
ecCount (threshold mask),train,NCI-H716,150-299,281,270,11,-11,282,271,5488
ecCount (threshold mask),train,NCI-H2170,150-299,282,280,2,-2,283,281,5489
ecCount (threshold mask),train,NCI-H2170,150-299,282,253,29,-29,283,254,5490
ecCount (threshold mask),train,NCI-H2170,150-299,283,280,3,-3,284,281,5491
ecCount (threshold mask),train,NCI-H2170,150-299,283,288,5,5,284,289,5492
ecCount (threshold mask),train,NCI-H2170,150-299,283,239,44,-44,284,240,5493
ecCount (threshold mask),test,NCI-H2170,150-299,284,310,26,26,285,311,5494
ecCount (threshold mask),train,NCI-H2170,150-299,284,289,5,5,285,290,5495
ecCount (threshold mask),train,NCI-H2170,150-299,285,276,9,-9,286,277,5496
ecCount (threshold mask),train,NCI-H2170,150-299,286,234,52,-52,287,235,5497
ecCount (threshold mask),train,SNU16,150-299,286,256,30,-30,287,257,5498
ecCount (threshold mask),train,NCI-H2170,150-299,287,314,27,27,288,315,5499
ecCount (threshold mask),train,NCI-H2170,150-299,287,259,28,-28,288,260,5500
ecCount (threshold mask),train,NCI-H2170,150-299,288,261,27,-27,289,262,5501
ecCount (threshold mask),train,NCI-H2170,150-299,289,307,18,18,290,308,5502
ecCount (threshold mask),train,SNU16,150-299,289,271,18,-18,290,272,5503
ecCount (threshold mask),train,NCI-H2170,150-299,290,284,6,-6,291,285,5504
ecCount (threshold mask),train,NCI-H2170,150-299,291,246,45,-45,292,247,5505
ecCount (threshold mask),train,NCI-H2170,150-299,291,260,31,-31,292,261,5506
ecCount (threshold mask),train,NCI-H716,150-299,291,299,8,8,292,300,5507
ecCount (threshold mask),train,NCI-H2170,150-299,292,272,20,-20,293,273,5508
ecCount (threshold mask),train,NCI-H2170,150-299,292,297,5,5,293,298,5509
ecCount (threshold mask),train,NCI-H2170,150-299,292,288,4,-4,293,289,5510
ecCount (threshold mask),test,NCI-H2170,150-299,296,291,5,-5,297,292,5511
ecCount (threshold mask),test,NCI-H2170,150-299,296,257,39,-39,297,258,5512
ecCount (threshold mask),val,NCI-H2170,150-299,296,338,42,42,297,339,5513
ecCount (threshold mask),train,NCI-H2170,150-299,297,283,14,-14,298,284,5514
ecCount (threshold mask),train,SNU16,150-299,297,310,13,13,298,311,5515
ecCount (threshold mask),train,NCI-H2170,150-299,299,290,9,-9,300,291,5516
ecCount (threshold mask),test,NCI-H2170,150-299,299,275,24,-24,300,276,5517
ecCount (threshold mask),train,NCI-H2170,150-299,299,282,17,-17,300,283,5518
ecCount (threshold mask),test,NCI-H2170,300+,300,302,2,2,301,303,5519
ecCount (threshold mask),train,SNU16,300+,301,289,12,-12,302,290,5520
ecCount (threshold mask),test,NCI-H2170,300+,302,289,13,-13,303,290,5521
ecCount (threshold mask),val,NCI-H2170,300+,302,263,39,-39,303,264,5522
ecCount (threshold mask),val,NCI-H2170,300+,303,229,74,-74,304,230,5523
ecCount (threshold mask),train,SNU16,300+,303,274,29,-29,304,275,5524
ecCount (threshold mask),train,NCI-H2170,300+,305,305,0,0,306,306,5525
ecCount (threshold mask),train,NCI-H2170,300+,307,301,6,-6,308,302,5526
ecCount (threshold mask),train,NCI-H2170,300+,307,268,39,-39,308,269,5527
ecCount (threshold mask),test,NCI-H2170,300+,308,277,31,-31,309,278,5528
ecCount (threshold mask),train,NCI-H2170,300+,308,277,31,-31,309,278,5529
ecCount (threshold mask),test,SNU16,300+,309,297,12,-12,310,298,5530
ecCount (threshold mask),train,SNU16,300+,311,283,28,-28,312,284,5531
ecCount (threshold mask),train,SNU16,300+,313,279,34,-34,314,280,5532
ecCount (threshold mask),train,SNU16,300+,313,304,9,-9,314,305,5533
ecCount (threshold mask),train,NCI-H2170,300+,314,282,32,-32,315,283,5534
ecCount (threshold mask),train,NCI-H2170,300+,314,307,7,-7,315,308,5535
ecCount (threshold mask),train,NCI-H2170,300+,314,264,50,-50,315,265,5536
ecCount (threshold mask),val,NCI-H2170,300+,314,273,41,-41,315,274,5537
ecCount (threshold mask),test,NCI-H2170,300+,316,286,30,-30,317,287,5538
ecCount (threshold mask),train,SNU16,300+,317,273,44,-44,318,274,5539
ecCount (threshold mask),train,NCI-H2170,300+,318,315,3,-3,319,316,5540
ecCount (threshold mask),train,NCI-H2170,300+,318,236,82,-82,319,237,5541
ecCount (threshold mask),test,NCI-H2170,300+,318,269,49,-49,319,270,5542
ecCount (threshold mask),train,NCI-H2170,300+,319,234,85,-85,320,235,5543
ecCount (threshold mask),train,SNU16,300+,320,335,15,15,321,336,5544
ecCount (threshold mask),train,SNU16,300+,321,334,13,13,322,335,5545
ecCount (threshold mask),train,NCI-H716,300+,322,326,4,4,323,327,5546
ecCount (threshold mask),train,NCI-H2170,300+,323,372,49,49,324,373,5547
ecCount (threshold mask),train,NCI-H2170,300+,323,306,17,-17,324,307,5548
ecCount (threshold mask),val,NCI-H2170,300+,324,313,11,-11,325,314,5549
ecCount (threshold mask),test,SNU16,300+,324,287,37,-37,325,288,5550
ecCount (threshold mask),train,NCI-H2170,300+,325,291,34,-34,326,292,5551
ecCount (threshold mask),test,SNU16,300+,325,302,23,-23,326,303,5552
ecCount (threshold mask),train,NCI-H2170,300+,328,307,21,-21,329,308,5553
ecCount (threshold mask),test,NCI-H2170,300+,328,264,64,-64,329,265,5554
ecCount (threshold mask),train,NCI-H2170,300+,329,402,73,73,330,403,5555
ecCount (threshold mask),train,NCI-H2170,300+,329,288,41,-41,330,289,5556
ecCount (threshold mask),train,NCI-H2170,300+,329,316,13,-13,330,317,5557
ecCount (threshold mask),test,NCI-H2170,300+,330,314,16,-16,331,315,5558
ecCount (threshold mask),train,NCI-H2170,300+,332,318,14,-14,333,319,5559
ecCount (threshold mask),train,NCI-H2170,300+,333,315,18,-18,334,316,5560
ecCount (threshold mask),train,NCI-H2170,300+,335,287,48,-48,336,288,5561
ecCount (threshold mask),train,NCI-H2170,300+,337,349,12,12,338,350,5562
ecCount (threshold mask),train,NCI-H2170,300+,339,358,19,19,340,359,5563
ecCount (threshold mask),test,NCI-H2170,300+,340,358,18,18,341,359,5564
ecCount (threshold mask),test,NCI-H2170,300+,341,315,26,-26,342,316,5565
ecCount (threshold mask),test,NCI-H2170,300+,341,303,38,-38,342,304,5566
ecCount (threshold mask),train,SNU16,300+,341,316,25,-25,342,317,5567
ecCount (threshold mask),val,NCI-H2170,300+,343,344,1,1,344,345,5568
ecCount (threshold mask),train,NCI-H2170,300+,344,347,3,3,345,348,5569
ecCount (threshold mask),train,NCI-H2170,300+,348,325,23,-23,349,326,5570
ecCount (threshold mask),train,NCI-H2170,300+,349,302,47,-47,350,303,5571
ecCount (threshold mask),train,NCI-H716,300+,349,353,4,4,350,354,5572
ecCount (threshold mask),train,NCI-H2170,300+,350,398,48,48,351,399,5573
ecCount (threshold mask),train,NCI-H716,300+,350,329,21,-21,351,330,5574
ecCount (threshold mask),val,NCI-H2170,300+,352,293,59,-59,353,294,5575
ecCount (threshold mask),train,NCI-H2170,300+,354,327,27,-27,355,328,5576
ecCount (threshold mask),train,NCI-H2170,300+,355,333,22,-22,356,334,5577
ecCount (threshold mask),test,NCI-H2170,300+,358,378,20,20,359,379,5578
ecCount (threshold mask),train,NCI-H2170,300+,359,348,11,-11,360,349,5579
ecCount (threshold mask),val,NCI-H2170,300+,359,340,19,-19,360,341,5580
ecCount (threshold mask),train,NCI-H2170,300+,362,320,42,-42,363,321,5581
ecCount (threshold mask),test,NCI-H2170,300+,365,351,14,-14,366,352,5582
ecCount (threshold mask),val,SNU16,300+,366,362,4,-4,367,363,5583
ecCount (threshold mask),val,NCI-H2170,300+,368,337,31,-31,369,338,5584
ecCount (threshold mask),train,NCI-H716,300+,368,372,4,4,369,373,5585
ecCount (threshold mask),train,SNU16,300+,368,367,1,-1,369,368,5586
ecCount (threshold mask),train,NCI-H716,300+,369,301,68,-68,370,302,5587
ecCount (threshold mask),train,NCI-H2170,300+,370,331,39,-39,371,332,5588
ecCount (threshold mask),train,SNU16,300+,370,359,11,-11,371,360,5589
ecCount (threshold mask),train,NCI-H2170,300+,371,359,12,-12,372,360,5590
ecCount (threshold mask),train,SNU16,300+,372,350,22,-22,373,351,5591
ecCount (threshold mask),train,NCI-H2170,300+,373,370,3,-3,374,371,5592
ecCount (threshold mask),train,SNU16,300+,374,368,6,-6,375,369,5593
ecCount (threshold mask),train,NCI-H2170,300+,375,358,17,-17,376,359,5594
ecCount (threshold mask),train,NCI-H2170,300+,375,359,16,-16,376,360,5595
ecCount (threshold mask),train,NCI-H2170,300+,375,401,26,26,376,402,5596
ecCount (threshold mask),test,NCI-H2170,300+,375,337,38,-38,376,338,5597
ecCount (threshold mask),train,NCI-H2170,300+,376,386,10,10,377,387,5598
ecCount (threshold mask),train,SNU16,300+,376,402,26,26,377,403,5599
ecCount (threshold mask),train,NCI-H2170,300+,378,363,15,-15,379,364,5600
ecCount (threshold mask),val,NCI-H2170,300+,378,312,66,-66,379,313,5601
ecCount (threshold mask),val,SNU16,300+,380,315,65,-65,381,316,5602
ecCount (threshold mask),train,NCI-H2170,300+,382,516,134,134,383,517,5603
ecCount (threshold mask),val,SNU16,300+,382,365,17,-17,383,366,5604
ecCount (threshold mask),train,NCI-H716,300+,386,399,13,13,387,400,5605
ecCount (threshold mask),train,NCI-H2170,300+,390,373,17,-17,391,374,5606
ecCount (threshold mask),train,NCI-H2170,300+,390,268,122,-122,391,269,5607
ecCount (threshold mask),train,NCI-H2170,300+,391,382,9,-9,392,383,5608
ecCount (threshold mask),train,SNU16,300+,392,348,44,-44,393,349,5609
ecCount (threshold mask),train,SNU16,300+,394,382,12,-12,395,383,5610
ecCount (threshold mask),train,NCI-H2170,300+,395,380,15,-15,396,381,5611
ecCount (threshold mask),test,NCI-H2170,300+,396,362,34,-34,397,363,5612
ecCount (threshold mask),train,NCI-H2170,300+,396,322,74,-74,397,323,5613
ecCount (threshold mask),train,NCI-H2170,300+,396,321,75,-75,397,322,5614
ecCount (threshold mask),train,NCI-H2170,300+,398,421,23,23,399,422,5615
ecCount (threshold mask),test,NCI-H2170,300+,400,384,16,-16,401,385,5616
ecCount (threshold mask),train,NCI-H2170,300+,402,364,38,-38,403,365,5617
ecCount (threshold mask),train,NCI-H2170,300+,402,386,16,-16,403,387,5618
ecCount (threshold mask),val,NCI-H2170,300+,402,374,28,-28,403,375,5619
ecCount (threshold mask),test,NCI-H2170,300+,403,400,3,-3,404,401,5620
ecCount (threshold mask),train,NCI-H2170,300+,404,392,12,-12,405,393,5621
ecCount (threshold mask),test,NCI-H2170,300+,406,320,86,-86,407,321,5622
ecCount (threshold mask),train,NCI-H2170,300+,406,319,87,-87,407,320,5623
ecCount (threshold mask),train,NCI-H2170,300+,407,349,58,-58,408,350,5624
ecCount (threshold mask),test,NCI-H2170,300+,411,388,23,-23,412,389,5625
ecCount (threshold mask),train,NCI-H2170,300+,413,384,29,-29,414,385,5626
ecCount (threshold mask),train,SNU16,300+,413,413,0,0,414,414,5627
ecCount (threshold mask),val,SNU16,300+,415,394,21,-21,416,395,5628
ecCount (threshold mask),train,NCI-H2170,300+,418,393,25,-25,419,394,5629
ecCount (threshold mask),train,NCI-H2170,300+,419,290,129,-129,420,291,5630
ecCount (threshold mask),test,SNU16,300+,422,381,41,-41,423,382,5631
ecCount (threshold mask),train,NCI-H2170,300+,425,448,23,23,426,449,5632
ecCount (threshold mask),val,SNU16,300+,426,436,10,10,427,437,5633
ecCount (threshold mask),val,NCI-H2170,300+,430,393,37,-37,431,394,5634
ecCount (threshold mask),train,NCI-H2170,300+,431,405,26,-26,432,406,5635
ecCount (threshold mask),train,SNU16,300+,433,370,63,-63,434,371,5636
ecCount (threshold mask),train,NCI-H2170,300+,434,386,48,-48,435,387,5637
ecCount (threshold mask),train,SNU16,300+,434,386,48,-48,435,387,5638
ecCount (threshold mask),train,NCI-H2170,300+,436,375,61,-61,437,376,5639
ecCount (threshold mask),train,NCI-H2170,300+,438,371,67,-67,439,372,5640
ecCount (threshold mask),train,NCI-H2170,300+,438,410,28,-28,439,411,5641
ecCount (threshold mask),train,NCI-H2170,300+,441,431,10,-10,442,432,5642
ecCount (threshold mask),val,NCI-H2170,300+,442,459,17,17,443,460,5643
ecCount (threshold mask),train,SNU16,300+,444,432,12,-12,445,433,5644
ecCount (threshold mask),test,NCI-H2170,300+,445,445,0,0,446,446,5645
ecCount (threshold mask),test,NCI-H2170,300+,446,435,11,-11,447,436,5646
ecCount (threshold mask),train,NCI-H2170,300+,446,384,62,-62,447,385,5647
ecCount (threshold mask),val,NCI-H2170,300+,451,480,29,29,452,481,5648
ecCount (threshold mask),train,NCI-H2170,300+,453,445,8,-8,454,446,5649
ecCount (threshold mask),train,NCI-H2170,300+,456,446,10,-10,457,447,5650
ecCount (threshold mask),train,NCI-H2170,300+,458,400,58,-58,459,401,5651
ecCount (threshold mask),train,SNU16,300+,459,409,50,-50,460,410,5652
ecCount (threshold mask),train,NCI-H2170,300+,460,403,57,-57,461,404,5653
ecCount (threshold mask),train,NCI-H2170,300+,462,386,76,-76,463,387,5654
ecCount (threshold mask),train,NCI-H716,300+,468,454,14,-14,469,455,5655
ecCount (threshold mask),train,SNU16,300+,471,430,41,-41,472,431,5656
ecCount (threshold mask),test,NCI-H2170,300+,472,373,99,-99,473,374,5657
ecCount (threshold mask),val,NCI-H2170,300+,473,385,88,-88,474,386,5658
ecCount (threshold mask),train,NCI-H2170,300+,475,382,93,-93,476,383,5659
ecCount (threshold mask),train,NCI-H2170,300+,478,552,74,74,479,553,5660
ecCount (threshold mask),test,NCI-H2170,300+,478,434,44,-44,479,435,5661
ecCount (threshold mask),train,NCI-H2170,300+,479,437,42,-42,480,438,5662
ecCount (threshold mask),train,SNU16,300+,481,522,41,41,482,523,5663
ecCount (threshold mask),train,NCI-H2170,300+,489,471,18,-18,490,472,5664
ecCount (threshold mask),train,NCI-H2170,300+,491,485,6,-6,492,486,5665
ecCount (threshold mask),train,NCI-H2170,300+,495,458,37,-37,496,459,5666
ecCount (threshold mask),train,NCI-H2170,300+,497,498,1,1,498,499,5667
ecCount (threshold mask),train,NCI-H2170,300+,497,441,56,-56,498,442,5668
ecCount (threshold mask),train,NCI-H2170,300+,498,484,14,-14,499,485,5669
ecCount (threshold mask),test,SNU16,300+,499,510,11,11,500,511,5670
ecCount (threshold mask),train,NCI-H2170,300+,503,461,42,-42,504,462,5671
ecCount (threshold mask),train,NCI-H2170,300+,504,493,11,-11,505,494,5672
ecCount (threshold mask),train,NCI-H2170,300+,505,466,39,-39,506,467,5673
ecCount (threshold mask),train,NCI-H2170,300+,506,410,96,-96,507,411,5674
ecCount (threshold mask),train,NCI-H2170,300+,513,502,11,-11,514,503,5675
ecCount (threshold mask),train,NCI-H2170,300+,517,460,57,-57,518,461,5676
ecCount (threshold mask),val,NCI-H2170,300+,520,469,51,-51,521,470,5677
ecCount (threshold mask),train,NCI-H2170,300+,520,458,62,-62,521,459,5678
ecCount (threshold mask),test,NCI-H2170,300+,521,465,56,-56,522,466,5679
ecCount (threshold mask),train,NCI-H2170,300+,523,469,54,-54,524,470,5680
ecCount (threshold mask),val,NCI-H2170,300+,526,488,38,-38,527,489,5681
ecCount (threshold mask),train,SNU16,300+,527,432,95,-95,528,433,5682
ecCount (threshold mask),train,NCI-H2170,300+,534,504,30,-30,535,505,5683
ecCount (threshold mask),train,NCI-H2170,300+,536,517,19,-19,537,518,5684
ecCount (threshold mask),test,NCI-H2170,300+,539,507,32,-32,540,508,5685
ecCount (threshold mask),val,NCI-H2170,300+,557,479,78,-78,558,480,5686
ecCount (threshold mask),test,NCI-H2170,300+,559,551,8,-8,560,552,5687
ecCount (threshold mask),train,NCI-H2170,300+,560,499,61,-61,561,500,5688
ecCount (threshold mask),val,NCI-H2170,300+,567,541,26,-26,568,542,5689
ecCount (threshold mask),train,NCI-H2170,300+,572,513,59,-59,573,514,5690
ecCount (threshold mask),train,NCI-H2170,300+,574,520,54,-54,575,521,5691
ecCount (threshold mask),train,NCI-H2170,300+,589,546,43,-43,590,547,5692
ecCount (threshold mask),train,NCI-H2170,300+,597,527,70,-70,598,528,5693
ecCount (threshold mask),train,NCI-H2170,300+,597,495,102,-102,598,496,5694
ecCount (threshold mask),train,NCI-H2170,300+,604,530,74,-74,605,531,5695
ecCount (threshold mask),train,NCI-H2170,300+,604,601,3,-3,605,602,5696
ecCount (threshold mask),train,NCI-H2170,300+,611,551,60,-60,612,552,5697
ecCount (threshold mask),train,NCI-H2170,300+,611,501,110,-110,612,502,5698
ecCount (threshold mask),train,NCI-H2170,300+,613,585,28,-28,614,586,5699
ecCount (threshold mask),train,SNU16,300+,635,623,12,-12,636,624,5700
ecCount (threshold mask),train,SNU16,300+,637,588,49,-49,638,589,5701
ecCount (threshold mask),test,NCI-H2170,300+,642,563,79,-79,643,564,5702
ecCount (threshold mask),train,SNU16,300+,663,531,132,-132,664,532,5703
ecCount (threshold mask),train,NCI-H2170,300+,664,666,2,2,665,667,5704
ecCount (threshold mask),train,SNU16,300+,664,596,68,-68,665,597,5705
ecCount (threshold mask),test,SNU16,300+,670,604,66,-66,671,605,5706
ecCount (threshold mask),train,NCI-H2170,300+,676,684,8,8,677,685,5707
ecCount (threshold mask),val,SNU16,300+,705,606,99,-99,706,607,5708
ecCount (threshold mask),train,NCI-H2170,300+,742,652,90,-90,743,653,5709
ecCount (threshold mask),val,NCI-H2170,300+,763,749,14,-14,764,750,5710
ecCount (threshold mask),train,NCI-H2170,300+,769,720,49,-49,770,721,5711
ecCount (threshold mask),train,NCI-H2170,300+,783,617,166,-166,784,618,5712
ecCount (threshold mask),train,NCI-H2170,300+,801,722,79,-79,802,723,5713
ecCount (threshold mask),train,NCI-H2170,300+,829,764,65,-65,830,765,5714
ecCount (threshold mask),train,NCI-H2170,300+,832,753,79,-79,833,754,5715
ecCount (threshold mask),val,NCI-H2170,300+,835,700,135,-135,836,701,5716
ecCount (threshold mask),train,NCI-H2170,300+,843,851,8,8,844,852,5717
ecCount (threshold mask),train,NCI-H2170,300+,862,632,230,-230,863,633,5718
ecCount (threshold mask),val,NCI-H2170,300+,867,819,48,-48,868,820,5719
ecCount (threshold mask),train,NCI-H2170,300+,909,808,101,-101,910,809,5720
ecCount (threshold mask),test,NCI-H2170,300+,912,768,144,-144,913,769,5721
ecCount (threshold mask),train,SNU16,300+,990,836,154,-154,991,837,5722
ecCount (threshold mask),train,SNU16,300+,1231,1070,161,-161,1232,1071,5723
ecCount (threshold mask),train,NCI-H2170,300+,1687,1422,265,-265,1688,1423,5724
ecCount (peaks),train,COLO320DM,0-9,1,60,59,59,2,61,5725
ecCount (peaks),train,COLO320DM,0-9,4,3,1,-1,5,4,5726
ecCount (peaks),test,COLO320DM,0-9,4,41,37,37,5,42,5727
ecCount (peaks),train,COLO320DM,0-9,4,26,22,22,5,27,5728
ecCount (peaks),val,COLO320DM,0-9,4,22,18,18,5,23,5729
ecCount (peaks),train,COLO320DM,0-9,7,5,2,-2,8,6,5730
ecCount (peaks),val,NCI-H2170,0-9,9,11,2,2,10,12,5731
ecCount (peaks),train,COLO320DM,10-49,10,11,1,1,11,12,5732
ecCount (peaks),train,COLO320DM,10-49,12,9,3,-3,13,10,5733
ecCount (peaks),val,COLO320DM,10-49,13,16,3,3,14,17,5734
ecCount (peaks),train,COLO320DM,10-49,15,15,0,0,16,16,5735
ecCount (peaks),train,COLO320DM,10-49,15,18,3,3,16,19,5736
ecCount (peaks),train,NCI-H2170,10-49,15,20,5,5,16,21,5737
ecCount (peaks),test,NCI-H2170,10-49,15,16,1,1,16,17,5738
ecCount (peaks),train,COLO320DM,10-49,16,19,3,3,17,20,5739
ecCount (peaks),train,NCI-H2170,10-49,16,17,1,1,17,18,5740
ecCount (peaks),val,NCI-H2170,10-49,17,20,3,3,18,21,5741
ecCount (peaks),val,COLO320DM,10-49,18,15,3,-3,19,16,5742
ecCount (peaks),train,NCI-H2170,10-49,18,21,3,3,19,22,5743
ecCount (peaks),train,COLO320DM,10-49,22,22,0,0,23,23,5744
ecCount (peaks),test,COLO320DM,10-49,22,26,4,4,23,27,5745
ecCount (peaks),train,NCI-H2170,10-49,22,25,3,3,23,26,5746
ecCount (peaks),train,COLO320DM,10-49,23,24,1,1,24,25,5747
ecCount (peaks),test,COLO320DM,10-49,24,20,4,-4,25,21,5748
ecCount (peaks),train,NCI-H2170,10-49,24,24,0,0,25,25,5749
ecCount (peaks),train,NCI-H2170,10-49,24,22,2,-2,25,23,5750
ecCount (peaks),val,NCI-H2170,10-49,24,28,4,4,25,29,5751
ecCount (peaks),train,COLO320DM,10-49,26,30,4,4,27,31,5752
ecCount (peaks),train,NCI-H2170,10-49,26,26,0,0,27,27,5753
ecCount (peaks),train,COLO320DM,10-49,27,28,1,1,28,29,5754
ecCount (peaks),train,NCI-H2170,10-49,27,28,1,1,28,29,5755
ecCount (peaks),train,NCI-H2170,10-49,27,28,1,1,28,29,5756
ecCount (peaks),train,COLO320DM,10-49,30,27,3,-3,31,28,5757
ecCount (peaks),train,COLO320DM,10-49,30,31,1,1,31,32,5758
ecCount (peaks),train,NCI-H2170,10-49,30,28,2,-2,31,29,5759
ecCount (peaks),test,COLO320DM,10-49,31,27,4,-4,32,28,5760
ecCount (peaks),test,COLO320DM,10-49,32,31,1,-1,33,32,5761
ecCount (peaks),train,COLO320DM,10-49,32,32,0,0,33,33,5762
ecCount (peaks),train,NCI-H2170,10-49,32,39,7,7,33,40,5763
ecCount (peaks),val,NCI-H2170,10-49,33,33,0,0,34,34,5764
ecCount (peaks),train,COLO320DM,10-49,34,36,2,2,35,37,5765
ecCount (peaks),train,NCI-H2170,10-49,34,34,0,0,35,35,5766
ecCount (peaks),train,COLO320DM,10-49,35,31,4,-4,36,32,5767
ecCount (peaks),train,NCI-H2170,10-49,35,34,1,-1,36,35,5768
ecCount (peaks),val,NCI-H2170,10-49,35,36,1,1,36,37,5769
ecCount (peaks),train,NCI-H2170,10-49,35,42,7,7,36,43,5770
ecCount (peaks),val,NCI-H2170,10-49,35,33,2,-2,36,34,5771
ecCount (peaks),train,COLO320DM,10-49,36,38,2,2,37,39,5772
ecCount (peaks),test,NCI-H2170,10-49,36,33,3,-3,37,34,5773
ecCount (peaks),train,NCI-H2170,10-49,36,36,0,0,37,37,5774
ecCount (peaks),train,COLO320DM,10-49,37,36,1,-1,38,37,5775
ecCount (peaks),test,NCI-H2170,10-49,38,40,2,2,39,41,5776
ecCount (peaks),train,COLO320DM,10-49,39,40,1,1,40,41,5777
ecCount (peaks),train,NCI-H2170,10-49,39,39,0,0,40,40,5778
ecCount (peaks),val,COLO320DM,10-49,40,40,0,0,41,41,5779
ecCount (peaks),test,NCI-H2170,10-49,40,39,1,-1,41,40,5780
ecCount (peaks),train,NCI-H2170,10-49,40,42,2,2,41,43,5781
ecCount (peaks),train,COLO320DM,10-49,41,40,1,-1,42,41,5782
ecCount (peaks),test,COLO320DM,10-49,41,49,8,8,42,50,5783
ecCount (peaks),train,NCI-H2170,10-49,41,41,0,0,42,42,5784
ecCount (peaks),train,NCI-H2170,10-49,41,45,4,4,42,46,5785
ecCount (peaks),train,NCI-H2170,10-49,41,32,9,-9,42,33,5786
ecCount (peaks),train,NCI-H2170,10-49,42,49,7,7,43,50,5787
ecCount (peaks),train,NCI-H2170,10-49,43,43,0,0,44,44,5788
ecCount (peaks),train,NCI-H2170,10-49,43,48,5,5,44,49,5789
ecCount (peaks),train,NCI-H2170,10-49,43,39,4,-4,44,40,5790
ecCount (peaks),train,COLO320DM,10-49,44,43,1,-1,45,44,5791
ecCount (peaks),train,NCI-H2170,10-49,44,43,1,-1,45,44,5792
ecCount (peaks),test,NCI-H2170,10-49,44,35,9,-9,45,36,5793
ecCount (peaks),train,COLO320DM,10-49,45,51,6,6,46,52,5794
ecCount (peaks),train,COLO320DM,10-49,45,51,6,6,46,52,5795
ecCount (peaks),train,NCI-H2170,10-49,45,44,1,-1,46,45,5796
ecCount (peaks),train,COLO320DM,10-49,46,47,1,1,47,48,5797
ecCount (peaks),test,NCI-H2170,10-49,46,41,5,-5,47,42,5798
ecCount (peaks),val,NCI-H2170,10-49,46,58,12,12,47,59,5799
ecCount (peaks),train,NCI-H2170,10-49,46,56,10,10,47,57,5800
ecCount (peaks),train,NCI-H2170,10-49,46,44,2,-2,47,45,5801
ecCount (peaks),train,COLO320DM,10-49,47,48,1,1,48,49,5802
ecCount (peaks),train,NCI-H2170,10-49,47,55,8,8,48,56,5803
ecCount (peaks),train,NCI-H2170,10-49,47,51,4,4,48,52,5804
ecCount (peaks),val,NCI-H2170,10-49,47,54,7,7,48,55,5805
ecCount (peaks),test,NCI-H2170,10-49,48,57,9,9,49,58,5806
ecCount (peaks),val,NCI-H2170,10-49,48,28,20,-20,49,29,5807
ecCount (peaks),val,NCI-H2170,10-49,48,50,2,2,49,51,5808
ecCount (peaks),test,COLO320DM,10-49,49,41,8,-8,50,42,5809
ecCount (peaks),train,NCI-H2170,10-49,49,48,1,-1,50,49,5810
ecCount (peaks),train,NCI-H2170,50-149,50,45,5,-5,51,46,5811
ecCount (peaks),train,NCI-H2170,50-149,50,47,3,-3,51,48,5812
ecCount (peaks),train,COLO320DM,50-149,51,49,2,-2,52,50,5813
ecCount (peaks),test,NCI-H2170,50-149,51,42,9,-9,52,43,5814
ecCount (peaks),train,NCI-H2170,50-149,51,51,0,0,52,52,5815
ecCount (peaks),val,NCI-H2170,50-149,51,62,11,11,52,63,5816
ecCount (peaks),train,NCI-H2170,50-149,51,49,2,-2,52,50,5817
ecCount (peaks),train,COLO320DM,50-149,52,52,0,0,53,53,5818
ecCount (peaks),val,NCI-H2170,50-149,52,54,2,2,53,55,5819
ecCount (peaks),test,NCI-H2170,50-149,52,50,2,-2,53,51,5820
ecCount (peaks),test,NCI-H2170,50-149,52,57,5,5,53,58,5821
ecCount (peaks),val,NCI-H2170,50-149,52,53,1,1,53,54,5822
ecCount (peaks),train,COLO320DM,50-149,53,54,1,1,54,55,5823
ecCount (peaks),train,COLO320DM,50-149,53,53,0,0,54,54,5824
ecCount (peaks),train,NCI-H2170,50-149,53,57,4,4,54,58,5825
ecCount (peaks),train,NCI-H2170,50-149,53,47,6,-6,54,48,5826
ecCount (peaks),train,NCI-H2170,50-149,53,54,1,1,54,55,5827
ecCount (peaks),train,NCI-H2170,50-149,53,49,4,-4,54,50,5828
ecCount (peaks),train,NCI-H2170,50-149,53,46,7,-7,54,47,5829
ecCount (peaks),test,COLO320DM,50-149,54,45,9,-9,55,46,5830
ecCount (peaks),train,NCI-H2170,50-149,54,61,7,7,55,62,5831
ecCount (peaks),train,NCI-H2170,50-149,54,52,2,-2,55,53,5832
ecCount (peaks),train,NCI-H2170,50-149,54,64,10,10,55,65,5833
ecCount (peaks),val,NCI-H2170,50-149,54,49,5,-5,55,50,5834
ecCount (peaks),train,COLO320DM,50-149,55,57,2,2,56,58,5835
ecCount (peaks),test,NCI-H2170,50-149,55,171,116,116,56,172,5836
ecCount (peaks),test,NCI-H2170,50-149,55,56,1,1,56,57,5837
ecCount (peaks),val,NCI-H2170,50-149,56,69,13,13,57,70,5838
ecCount (peaks),train,NCI-H2170,50-149,56,56,0,0,57,57,5839
ecCount (peaks),test,COLO320DM,50-149,57,56,1,-1,58,57,5840
ecCount (peaks),val,COLO320DM,50-149,57,52,5,-5,58,53,5841
ecCount (peaks),train,SNU16,50-149,57,68,11,11,58,69,5842
ecCount (peaks),val,NCI-H2170,50-149,58,66,8,8,59,67,5843
ecCount (peaks),val,NCI-H2170,50-149,58,58,0,0,59,59,5844
ecCount (peaks),train,NCI-H2170,50-149,58,60,2,2,59,61,5845
ecCount (peaks),train,NCI-H2170,50-149,58,54,4,-4,59,55,5846
ecCount (peaks),val,COLO320DM,50-149,59,55,4,-4,60,56,5847
ecCount (peaks),train,COLO320DM,50-149,59,54,5,-5,60,55,5848
ecCount (peaks),train,COLO320DM,50-149,59,61,2,2,60,62,5849
ecCount (peaks),test,NCI-H2170,50-149,59,63,4,4,60,64,5850
ecCount (peaks),train,NCI-H2170,50-149,60,69,9,9,61,70,5851
ecCount (peaks),train,NCI-H2170,50-149,60,52,8,-8,61,53,5852
ecCount (peaks),train,COLO320DM,50-149,61,58,3,-3,62,59,5853
ecCount (peaks),test,NCI-H2170,50-149,61,64,3,3,62,65,5854
ecCount (peaks),train,NCI-H2170,50-149,61,68,7,7,62,69,5855
ecCount (peaks),train,NCI-H2170,50-149,61,59,2,-2,62,60,5856
ecCount (peaks),test,NCI-H2170,50-149,61,61,0,0,62,62,5857
ecCount (peaks),val,NCI-H2170,50-149,61,67,6,6,62,68,5858
ecCount (peaks),test,NCI-H2170,50-149,62,64,2,2,63,65,5859
ecCount (peaks),train,NCI-H2170,50-149,62,66,4,4,63,67,5860
ecCount (peaks),train,NCI-H2170,50-149,62,58,4,-4,63,59,5861
ecCount (peaks),train,NCI-H2170,50-149,62,68,6,6,63,69,5862
ecCount (peaks),train,COLO320DM,50-149,63,65,2,2,64,66,5863
ecCount (peaks),train,NCI-H2170,50-149,63,68,5,5,64,69,5864
ecCount (peaks),test,NCI-H2170,50-149,63,66,3,3,64,67,5865
ecCount (peaks),train,NCI-H2170,50-149,63,55,8,-8,64,56,5866
ecCount (peaks),train,NCI-H2170,50-149,64,54,10,-10,65,55,5867
ecCount (peaks),train,NCI-H2170,50-149,64,72,8,8,65,73,5868
ecCount (peaks),train,NCI-H2170,50-149,64,68,4,4,65,69,5869
ecCount (peaks),test,NCI-H2170,50-149,64,60,4,-4,65,61,5870
ecCount (peaks),train,COLO320DM,50-149,65,52,13,-13,66,53,5871
ecCount (peaks),train,NCI-H2170,50-149,65,69,4,4,66,70,5872
ecCount (peaks),test,NCI-H2170,50-149,65,65,0,0,66,66,5873
ecCount (peaks),train,NCI-H2170,50-149,65,68,3,3,66,69,5874
ecCount (peaks),train,NCI-H2170,50-149,65,64,1,-1,66,65,5875
ecCount (peaks),train,NCI-H2170,50-149,66,68,2,2,67,69,5876
ecCount (peaks),train,NCI-H2170,50-149,66,53,13,-13,67,54,5877
ecCount (peaks),train,NCI-H2170,50-149,66,59,7,-7,67,60,5878
ecCount (peaks),test,NCI-H2170,50-149,67,52,15,-15,68,53,5879
ecCount (peaks),test,NCI-H2170,50-149,67,84,17,17,68,85,5880
ecCount (peaks),train,NCI-H2170,50-149,67,62,5,-5,68,63,5881
ecCount (peaks),train,NCI-H2170,50-149,68,61,7,-7,69,62,5882
ecCount (peaks),train,NCI-H2170,50-149,69,82,13,13,70,83,5883
ecCount (peaks),train,NCI-H2170,50-149,69,69,0,0,70,70,5884
ecCount (peaks),train,NCI-H2170,50-149,69,67,2,-2,70,68,5885
ecCount (peaks),train,NCI-H2170,50-149,69,68,1,-1,70,69,5886
ecCount (peaks),train,NCI-H2170,50-149,69,56,13,-13,70,57,5887
ecCount (peaks),train,NCI-H2170,50-149,70,83,13,13,71,84,5888
ecCount (peaks),train,NCI-H2170,50-149,70,56,14,-14,71,57,5889
ecCount (peaks),val,NCI-H2170,50-149,70,67,3,-3,71,68,5890
ecCount (peaks),train,NCI-H2170,50-149,70,73,3,3,71,74,5891
ecCount (peaks),train,NCI-H2170,50-149,70,64,6,-6,71,65,5892
ecCount (peaks),val,COLO320DM,50-149,71,51,20,-20,72,52,5893
ecCount (peaks),train,NCI-H2170,50-149,71,78,7,7,72,79,5894
ecCount (peaks),val,NCI-H2170,50-149,71,82,11,11,72,83,5895
ecCount (peaks),train,NCI-H2170,50-149,71,71,0,0,72,72,5896
ecCount (peaks),test,NCI-H2170,50-149,71,71,0,0,72,72,5897
ecCount (peaks),train,NCI-H2170,50-149,71,68,3,-3,72,69,5898
ecCount (peaks),train,NCI-H2170,50-149,71,70,1,-1,72,71,5899
ecCount (peaks),test,NCI-H716,50-149,71,78,7,7,72,79,5900
ecCount (peaks),train,NCI-H2170,50-149,72,70,2,-2,73,71,5901
ecCount (peaks),test,NCI-H2170,50-149,72,67,5,-5,73,68,5902
ecCount (peaks),train,NCI-H716,50-149,72,72,0,0,73,73,5903
ecCount (peaks),train,NCI-H2170,50-149,73,81,8,8,74,82,5904
ecCount (peaks),train,NCI-H2170,50-149,73,72,1,-1,74,73,5905
ecCount (peaks),train,NCI-H2170,50-149,73,73,0,0,74,74,5906
ecCount (peaks),train,COLO320DM,50-149,74,67,7,-7,75,68,5907
ecCount (peaks),val,COLO320DM,50-149,74,77,3,3,75,78,5908
ecCount (peaks),train,NCI-H2170,50-149,74,68,6,-6,75,69,5909
ecCount (peaks),train,NCI-H2170,50-149,74,84,10,10,75,85,5910
ecCount (peaks),train,NCI-H2170,50-149,74,45,29,-29,75,46,5911
ecCount (peaks),train,NCI-H2170,50-149,74,67,7,-7,75,68,5912
ecCount (peaks),train,NCI-H2170,50-149,75,72,3,-3,76,73,5913
ecCount (peaks),train,NCI-H2170,50-149,75,88,13,13,76,89,5914
ecCount (peaks),train,NCI-H2170,50-149,75,73,2,-2,76,74,5915
ecCount (peaks),val,NCI-H2170,50-149,75,73,2,-2,76,74,5916
ecCount (peaks),train,NCI-H2170,50-149,75,90,15,15,76,91,5917
ecCount (peaks),train,NCI-H2170,50-149,75,66,9,-9,76,67,5918
ecCount (peaks),train,NCI-H2170,50-149,75,77,2,2,76,78,5919
ecCount (peaks),train,NCI-H2170,50-149,76,76,0,0,77,77,5920
ecCount (peaks),train,NCI-H2170,50-149,76,93,17,17,77,94,5921
ecCount (peaks),train,NCI-H2170,50-149,76,74,2,-2,77,75,5922
ecCount (peaks),train,NCI-H2170,50-149,76,78,2,2,77,79,5923
ecCount (peaks),train,NCI-H2170,50-149,76,70,6,-6,77,71,5924
ecCount (peaks),train,NCI-H2170,50-149,76,83,7,7,77,84,5925
ecCount (peaks),train,NCI-H716,50-149,76,70,6,-6,77,71,5926
ecCount (peaks),train,NCI-H2170,50-149,77,82,5,5,78,83,5927
ecCount (peaks),train,NCI-H2170,50-149,77,73,4,-4,78,74,5928
ecCount (peaks),val,NCI-H2170,50-149,77,74,3,-3,78,75,5929
ecCount (peaks),train,SNU16,50-149,77,80,3,3,78,81,5930
ecCount (peaks),val,NCI-H2170,50-149,78,77,1,-1,79,78,5931
ecCount (peaks),test,NCI-H2170,50-149,78,77,1,-1,79,78,5932
ecCount (peaks),train,NCI-H2170,50-149,78,77,1,-1,79,78,5933
ecCount (peaks),train,NCI-H2170,50-149,78,80,2,2,79,81,5934
ecCount (peaks),train,NCI-H2170,50-149,78,79,1,1,79,80,5935
ecCount (peaks),train,NCI-H2170,50-149,78,78,0,0,79,79,5936
ecCount (peaks),train,NCI-H2170,50-149,78,83,5,5,79,84,5937
ecCount (peaks),train,NCI-H2170,50-149,78,161,83,83,79,162,5938
ecCount (peaks),test,NCI-H2170,50-149,79,86,7,7,80,87,5939
ecCount (peaks),val,NCI-H2170,50-149,79,84,5,5,80,85,5940
ecCount (peaks),train,NCI-H2170,50-149,79,85,6,6,80,86,5941
ecCount (peaks),test,NCI-H2170,50-149,79,102,23,23,80,103,5942
ecCount (peaks),train,NCI-H2170,50-149,79,76,3,-3,80,77,5943
ecCount (peaks),train,COLO320DM,50-149,80,82,2,2,81,83,5944
ecCount (peaks),test,NCI-H2170,50-149,80,47,33,-33,81,48,5945
ecCount (peaks),train,NCI-H2170,50-149,81,72,9,-9,82,73,5946
ecCount (peaks),train,NCI-H2170,50-149,81,80,1,-1,82,81,5947
ecCount (peaks),val,NCI-H2170,50-149,81,87,6,6,82,88,5948
ecCount (peaks),val,NCI-H2170,50-149,81,80,1,-1,82,81,5949
ecCount (peaks),train,NCI-H2170,50-149,82,50,32,-32,83,51,5950
ecCount (peaks),train,NCI-H2170,50-149,82,65,17,-17,83,66,5951
ecCount (peaks),train,COLO320DM,50-149,83,79,4,-4,84,80,5952
ecCount (peaks),test,NCI-H2170,50-149,83,79,4,-4,84,80,5953
ecCount (peaks),train,NCI-H2170,50-149,83,80,3,-3,84,81,5954
ecCount (peaks),train,NCI-H2170,50-149,83,74,9,-9,84,75,5955
ecCount (peaks),test,NCI-H2170,50-149,84,94,10,10,85,95,5956
ecCount (peaks),train,NCI-H2170,50-149,84,87,3,3,85,88,5957
ecCount (peaks),train,NCI-H2170,50-149,84,74,10,-10,85,75,5958
ecCount (peaks),test,NCI-H2170,50-149,84,79,5,-5,85,80,5959
ecCount (peaks),val,NCI-H2170,50-149,85,93,8,8,86,94,5960
ecCount (peaks),test,NCI-H2170,50-149,85,78,7,-7,86,79,5961
ecCount (peaks),test,NCI-H2170,50-149,85,85,0,0,86,86,5962
ecCount (peaks),train,NCI-H2170,50-149,85,84,1,-1,86,85,5963
ecCount (peaks),train,NCI-H2170,50-149,86,89,3,3,87,90,5964
ecCount (peaks),val,NCI-H2170,50-149,86,95,9,9,87,96,5965
ecCount (peaks),train,NCI-H2170,50-149,86,75,11,-11,87,76,5966
ecCount (peaks),train,NCI-H2170,50-149,86,91,5,5,87,92,5967
ecCount (peaks),train,NCI-H2170,50-149,86,85,1,-1,87,86,5968
ecCount (peaks),train,NCI-H2170,50-149,86,67,19,-19,87,68,5969
ecCount (peaks),test,NCI-H2170,50-149,86,86,0,0,87,87,5970
ecCount (peaks),train,COLO320DM,50-149,87,89,2,2,88,90,5971
ecCount (peaks),train,NCI-H2170,50-149,87,82,5,-5,88,83,5972
ecCount (peaks),test,NCI-H2170,50-149,87,79,8,-8,88,80,5973
ecCount (peaks),val,NCI-H2170,50-149,87,87,0,0,88,88,5974
ecCount (peaks),test,NCI-H2170,50-149,87,78,9,-9,88,79,5975
ecCount (peaks),train,NCI-H2170,50-149,87,85,2,-2,88,86,5976
ecCount (peaks),train,NCI-H2170,50-149,88,88,0,0,89,89,5977
ecCount (peaks),train,NCI-H2170,50-149,88,82,6,-6,89,83,5978
ecCount (peaks),train,NCI-H2170,50-149,88,72,16,-16,89,73,5979
ecCount (peaks),train,NCI-H2170,50-149,88,85,3,-3,89,86,5980
ecCount (peaks),train,NCI-H2170,50-149,88,89,1,1,89,90,5981
ecCount (peaks),train,COLO320DM,50-149,89,94,5,5,90,95,5982
ecCount (peaks),val,NCI-H2170,50-149,89,86,3,-3,90,87,5983
ecCount (peaks),val,NCI-H2170,50-149,89,114,25,25,90,115,5984
ecCount (peaks),test,NCI-H2170,50-149,89,83,6,-6,90,84,5985
ecCount (peaks),train,NCI-H2170,50-149,89,88,1,-1,90,89,5986
ecCount (peaks),test,NCI-H2170,50-149,89,81,8,-8,90,82,5987
ecCount (peaks),train,NCI-H716,50-149,89,84,5,-5,90,85,5988
ecCount (peaks),train,NCI-H2170,50-149,90,90,0,0,91,91,5989
ecCount (peaks),train,NCI-H2170,50-149,90,69,21,-21,91,70,5990
ecCount (peaks),test,NCI-H2170,50-149,90,94,4,4,91,95,5991
ecCount (peaks),test,NCI-H2170,50-149,90,95,5,5,91,96,5992
ecCount (peaks),train,SNU16,50-149,90,107,17,17,91,108,5993
ecCount (peaks),test,COLO320DM,50-149,91,93,2,2,92,94,5994
ecCount (peaks),train,NCI-H2170,50-149,91,105,14,14,92,106,5995
ecCount (peaks),val,NCI-H2170,50-149,91,80,11,-11,92,81,5996
ecCount (peaks),val,NCI-H2170,50-149,91,88,3,-3,92,89,5997
ecCount (peaks),train,NCI-H2170,50-149,92,97,5,5,93,98,5998
ecCount (peaks),val,NCI-H2170,50-149,92,87,5,-5,93,88,5999
ecCount (peaks),val,NCI-H2170,50-149,92,87,5,-5,93,88,6000
ecCount (peaks),train,NCI-H2170,50-149,93,101,8,8,94,102,6001
ecCount (peaks),train,NCI-H2170,50-149,93,93,0,0,94,94,6002
ecCount (peaks),train,NCI-H2170,50-149,93,93,0,0,94,94,6003
ecCount (peaks),test,NCI-H2170,50-149,93,94,1,1,94,95,6004
ecCount (peaks),train,NCI-H2170,50-149,93,85,8,-8,94,86,6005
ecCount (peaks),test,NCI-H2170,50-149,93,93,0,0,94,94,6006
ecCount (peaks),train,NCI-H2170,50-149,93,84,9,-9,94,85,6007
ecCount (peaks),train,NCI-H2170,50-149,93,88,5,-5,94,89,6008
ecCount (peaks),val,NCI-H2170,50-149,94,100,6,6,95,101,6009
ecCount (peaks),val,NCI-H2170,50-149,94,99,5,5,95,100,6010
ecCount (peaks),val,NCI-H2170,50-149,94,67,27,-27,95,68,6011
ecCount (peaks),train,NCI-H2170,50-149,94,90,4,-4,95,91,6012
ecCount (peaks),train,NCI-H2170,50-149,94,88,6,-6,95,89,6013
ecCount (peaks),train,NCI-H2170,50-149,94,90,4,-4,95,91,6014
ecCount (peaks),train,NCI-H2170,50-149,94,91,3,-3,95,92,6015
ecCount (peaks),train,NCI-H2170,50-149,95,95,0,0,96,96,6016
ecCount (peaks),train,NCI-H2170,50-149,95,80,15,-15,96,81,6017
ecCount (peaks),train,NCI-H2170,50-149,96,80,16,-16,97,81,6018
ecCount (peaks),train,NCI-H2170,50-149,96,97,1,1,97,98,6019
ecCount (peaks),test,NCI-H2170,50-149,96,93,3,-3,97,94,6020
ecCount (peaks),val,NCI-H2170,50-149,96,96,0,0,97,97,6021
ecCount (peaks),train,NCI-H2170,50-149,96,94,2,-2,97,95,6022
ecCount (peaks),train,NCI-H2170,50-149,97,108,11,11,98,109,6023
ecCount (peaks),train,NCI-H2170,50-149,97,128,31,31,98,129,6024
ecCount (peaks),train,NCI-H2170,50-149,97,98,1,1,98,99,6025
ecCount (peaks),test,NCI-H2170,50-149,97,91,6,-6,98,92,6026
ecCount (peaks),train,NCI-H2170,50-149,97,105,8,8,98,106,6027
ecCount (peaks),train,NCI-H2170,50-149,97,98,1,1,98,99,6028
ecCount (peaks),val,SNU16,50-149,97,90,7,-7,98,91,6029
ecCount (peaks),train,SNU16,50-149,97,102,5,5,98,103,6030
ecCount (peaks),train,NCI-H2170,50-149,98,95,3,-3,99,96,6031
ecCount (peaks),train,NCI-H2170,50-149,98,111,13,13,99,112,6032
ecCount (peaks),train,NCI-H2170,50-149,98,103,5,5,99,104,6033
ecCount (peaks),train,NCI-H2170,50-149,98,98,0,0,99,99,6034
ecCount (peaks),train,NCI-H2170,50-149,99,107,8,8,100,108,6035
ecCount (peaks),train,NCI-H2170,50-149,99,98,1,-1,100,99,6036
ecCount (peaks),train,NCI-H2170,50-149,99,104,5,5,100,105,6037
ecCount (peaks),train,NCI-H2170,50-149,99,109,10,10,100,110,6038
ecCount (peaks),train,NCI-H2170,50-149,99,89,10,-10,100,90,6039
ecCount (peaks),train,NCI-H2170,50-149,99,106,7,7,100,107,6040
ecCount (peaks),train,NCI-H2170,50-149,99,89,10,-10,100,90,6041
ecCount (peaks),train,NCI-H2170,50-149,99,96,3,-3,100,97,6042
ecCount (peaks),train,NCI-H2170,50-149,99,97,2,-2,100,98,6043
ecCount (peaks),train,NCI-H2170,50-149,100,106,6,6,101,107,6044
ecCount (peaks),train,COLO320DM,50-149,101,90,11,-11,102,91,6045
ecCount (peaks),train,NCI-H2170,50-149,101,99,2,-2,102,100,6046
ecCount (peaks),train,NCI-H2170,50-149,101,95,6,-6,102,96,6047
ecCount (peaks),test,NCI-H2170,50-149,101,101,0,0,102,102,6048
ecCount (peaks),train,NCI-H2170,50-149,101,94,7,-7,102,95,6049
ecCount (peaks),train,NCI-H2170,50-149,101,99,2,-2,102,100,6050
ecCount (peaks),train,NCI-H2170,50-149,101,95,6,-6,102,96,6051
ecCount (peaks),test,NCI-H716,50-149,101,110,9,9,102,111,6052
ecCount (peaks),train,SNU16,50-149,101,122,21,21,102,123,6053
ecCount (peaks),train,SNU16,50-149,101,101,0,0,102,102,6054
ecCount (peaks),test,NCI-H2170,50-149,102,90,12,-12,103,91,6055
ecCount (peaks),train,NCI-H2170,50-149,102,110,8,8,103,111,6056
ecCount (peaks),val,NCI-H2170,50-149,102,97,5,-5,103,98,6057
ecCount (peaks),train,NCI-H2170,50-149,102,94,8,-8,103,95,6058
ecCount (peaks),val,NCI-H2170,50-149,102,97,5,-5,103,98,6059
ecCount (peaks),test,NCI-H2170,50-149,103,99,4,-4,104,100,6060
ecCount (peaks),val,NCI-H2170,50-149,103,102,1,-1,104,103,6061
ecCount (peaks),test,NCI-H2170,50-149,103,76,27,-27,104,77,6062
ecCount (peaks),val,NCI-H2170,50-149,103,126,23,23,104,127,6063
ecCount (peaks),train,NCI-H2170,50-149,103,92,11,-11,104,93,6064
ecCount (peaks),train,NCI-H2170,50-149,103,113,10,10,104,114,6065
ecCount (peaks),train,NCI-H2170,50-149,104,113,9,9,105,114,6066
ecCount (peaks),train,NCI-H2170,50-149,104,125,21,21,105,126,6067
ecCount (peaks),val,NCI-H2170,50-149,104,67,37,-37,105,68,6068
ecCount (peaks),train,NCI-H2170,50-149,105,112,7,7,106,113,6069
ecCount (peaks),train,NCI-H2170,50-149,105,131,26,26,106,132,6070
ecCount (peaks),val,NCI-H2170,50-149,105,111,6,6,106,112,6071
ecCount (peaks),train,NCI-H2170,50-149,105,109,4,4,106,110,6072
ecCount (peaks),train,NCI-H2170,50-149,105,94,11,-11,106,95,6073
ecCount (peaks),test,NCI-H2170,50-149,105,113,8,8,106,114,6074
ecCount (peaks),train,SNU16,50-149,105,95,10,-10,106,96,6075
ecCount (peaks),train,NCI-H2170,50-149,106,103,3,-3,107,104,6076
ecCount (peaks),train,NCI-H2170,50-149,106,109,3,3,107,110,6077
ecCount (peaks),train,NCI-H2170,50-149,106,123,17,17,107,124,6078
ecCount (peaks),val,NCI-H2170,50-149,106,111,5,5,107,112,6079
ecCount (peaks),test,COLO320DM,50-149,107,101,6,-6,108,102,6080
ecCount (peaks),train,NCI-H2170,50-149,107,106,1,-1,108,107,6081
ecCount (peaks),val,NCI-H2170,50-149,107,100,7,-7,108,101,6082
ecCount (peaks),train,NCI-H2170,50-149,107,106,1,-1,108,107,6083
ecCount (peaks),train,NCI-H2170,50-149,107,134,27,27,108,135,6084
ecCount (peaks),test,NCI-H2170,50-149,107,98,9,-9,108,99,6085
ecCount (peaks),train,NCI-H2170,50-149,107,110,3,3,108,111,6086
ecCount (peaks),train,NCI-H2170,50-149,108,84,24,-24,109,85,6087
ecCount (peaks),val,NCI-H2170,50-149,108,108,0,0,109,109,6088
ecCount (peaks),train,NCI-H2170,50-149,109,93,16,-16,110,94,6089
ecCount (peaks),train,NCI-H2170,50-149,109,120,11,11,110,121,6090
ecCount (peaks),train,NCI-H2170,50-149,109,110,1,1,110,111,6091
ecCount (peaks),test,NCI-H2170,50-149,110,92,18,-18,111,93,6092
ecCount (peaks),val,NCI-H2170,50-149,110,100,10,-10,111,101,6093
ecCount (peaks),val,NCI-H2170,50-149,110,120,10,10,111,121,6094
ecCount (peaks),train,NCI-H2170,50-149,110,99,11,-11,111,100,6095
ecCount (peaks),val,NCI-H2170,50-149,110,106,4,-4,111,107,6096
ecCount (peaks),train,NCI-H2170,50-149,110,101,9,-9,111,102,6097
ecCount (peaks),test,NCI-H716,50-149,110,113,3,3,111,114,6098
ecCount (peaks),train,SNU16,50-149,110,118,8,8,111,119,6099
ecCount (peaks),train,NCI-H2170,50-149,111,108,3,-3,112,109,6100
ecCount (peaks),train,NCI-H2170,50-149,111,156,45,45,112,157,6101
ecCount (peaks),train,NCI-H2170,50-149,111,112,1,1,112,113,6102
ecCount (peaks),train,NCI-H2170,50-149,111,101,10,-10,112,102,6103
ecCount (peaks),train,SNU16,50-149,111,113,2,2,112,114,6104
ecCount (peaks),train,NCI-H2170,50-149,112,110,2,-2,113,111,6105
ecCount (peaks),train,NCI-H2170,50-149,112,106,6,-6,113,107,6106
ecCount (peaks),train,SNU16,50-149,112,133,21,21,113,134,6107
ecCount (peaks),train,NCI-H2170,50-149,113,127,14,14,114,128,6108
ecCount (peaks),val,NCI-H2170,50-149,113,117,4,4,114,118,6109
ecCount (peaks),train,NCI-H2170,50-149,114,113,1,-1,115,114,6110
ecCount (peaks),train,NCI-H2170,50-149,114,127,13,13,115,128,6111
ecCount (peaks),train,NCI-H2170,50-149,115,110,5,-5,116,111,6112
ecCount (peaks),train,NCI-H2170,50-149,115,106,9,-9,116,107,6113
ecCount (peaks),val,NCI-H2170,50-149,115,106,9,-9,116,107,6114
ecCount (peaks),train,NCI-H2170,50-149,115,120,5,5,116,121,6115
ecCount (peaks),train,NCI-H2170,50-149,115,135,20,20,116,136,6116
ecCount (peaks),train,NCI-H2170,50-149,115,127,12,12,116,128,6117
ecCount (peaks),train,NCI-H2170,50-149,116,119,3,3,117,120,6118
ecCount (peaks),train,NCI-H2170,50-149,116,124,8,8,117,125,6119
ecCount (peaks),test,NCI-H2170,50-149,116,116,0,0,117,117,6120
ecCount (peaks),train,NCI-H2170,50-149,116,110,6,-6,117,111,6121
ecCount (peaks),train,NCI-H716,50-149,116,112,4,-4,117,113,6122
ecCount (peaks),train,NCI-H2170,50-149,117,128,11,11,118,129,6123
ecCount (peaks),train,NCI-H2170,50-149,117,144,27,27,118,145,6124
ecCount (peaks),train,NCI-H2170,50-149,117,130,13,13,118,131,6125
ecCount (peaks),train,NCI-H2170,50-149,118,108,10,-10,119,109,6126
ecCount (peaks),train,SNU16,50-149,118,115,3,-3,119,116,6127
ecCount (peaks),train,NCI-H2170,50-149,119,122,3,3,120,123,6128
ecCount (peaks),train,NCI-H2170,50-149,119,116,3,-3,120,117,6129
ecCount (peaks),test,NCI-H2170,50-149,119,126,7,7,120,127,6130
ecCount (peaks),train,NCI-H2170,50-149,119,127,8,8,120,128,6131
ecCount (peaks),train,NCI-H2170,50-149,120,124,4,4,121,125,6132
ecCount (peaks),train,NCI-H2170,50-149,120,95,25,-25,121,96,6133
ecCount (peaks),train,NCI-H2170,50-149,120,102,18,-18,121,103,6134
ecCount (peaks),train,NCI-H716,50-149,120,135,15,15,121,136,6135
ecCount (peaks),val,NCI-H2170,50-149,121,121,0,0,122,122,6136
ecCount (peaks),train,NCI-H2170,50-149,121,105,16,-16,122,106,6137
ecCount (peaks),train,NCI-H2170,50-149,121,127,6,6,122,128,6138
ecCount (peaks),train,NCI-H2170,50-149,121,119,2,-2,122,120,6139
ecCount (peaks),train,NCI-H2170,50-149,121,121,0,0,122,122,6140
ecCount (peaks),train,NCI-H2170,50-149,122,123,1,1,123,124,6141
ecCount (peaks),train,NCI-H2170,50-149,122,122,0,0,123,123,6142
ecCount (peaks),train,NCI-H2170,50-149,122,123,1,1,123,124,6143
ecCount (peaks),train,NCI-H2170,50-149,122,107,15,-15,123,108,6144
ecCount (peaks),train,NCI-H2170,50-149,123,115,8,-8,124,116,6145
ecCount (peaks),train,NCI-H2170,50-149,123,115,8,-8,124,116,6146
ecCount (peaks),val,NCI-H2170,50-149,123,108,15,-15,124,109,6147
ecCount (peaks),val,NCI-H2170,50-149,123,116,7,-7,124,117,6148
ecCount (peaks),train,SNU16,50-149,123,110,13,-13,124,111,6149
ecCount (peaks),train,NCI-H2170,50-149,124,124,0,0,125,125,6150
ecCount (peaks),test,NCI-H2170,50-149,124,129,5,5,125,130,6151
ecCount (peaks),train,NCI-H2170,50-149,124,119,5,-5,125,120,6152
ecCount (peaks),train,NCI-H2170,50-149,124,119,5,-5,125,120,6153
ecCount (peaks),train,SNU16,50-149,124,92,32,-32,125,93,6154
ecCount (peaks),val,NCI-H2170,50-149,125,122,3,-3,126,123,6155
ecCount (peaks),train,NCI-H2170,50-149,125,131,6,6,126,132,6156
ecCount (peaks),train,NCI-H2170,50-149,125,126,1,1,126,127,6157
ecCount (peaks),train,NCI-H2170,50-149,125,141,16,16,126,142,6158
ecCount (peaks),train,NCI-H2170,50-149,125,113,12,-12,126,114,6159
ecCount (peaks),train,NCI-H2170,50-149,125,124,1,-1,126,125,6160
ecCount (peaks),train,NCI-H2170,50-149,125,124,1,-1,126,125,6161
ecCount (peaks),test,SNU16,50-149,125,109,16,-16,126,110,6162
ecCount (peaks),train,NCI-H2170,50-149,126,129,3,3,127,130,6163
ecCount (peaks),test,NCI-H2170,50-149,126,149,23,23,127,150,6164
ecCount (peaks),test,NCI-H2170,50-149,126,70,56,-56,127,71,6165
ecCount (peaks),train,NCI-H2170,50-149,127,126,1,-1,128,127,6166
ecCount (peaks),train,NCI-H2170,50-149,127,110,17,-17,128,111,6167
ecCount (peaks),train,NCI-H716,50-149,127,125,2,-2,128,126,6168
ecCount (peaks),train,NCI-H2170,50-149,128,160,32,32,129,161,6169
ecCount (peaks),train,NCI-H2170,50-149,128,142,14,14,129,143,6170
ecCount (peaks),train,NCI-H2170,50-149,128,121,7,-7,129,122,6171
ecCount (peaks),train,NCI-H716,50-149,128,144,16,16,129,145,6172
ecCount (peaks),val,NCI-H2170,50-149,129,149,20,20,130,150,6173
ecCount (peaks),train,NCI-H2170,50-149,129,132,3,3,130,133,6174
ecCount (peaks),train,NCI-H716,50-149,129,138,9,9,130,139,6175
ecCount (peaks),train,NCI-H2170,50-149,130,129,1,-1,131,130,6176
ecCount (peaks),train,NCI-H2170,50-149,130,127,3,-3,131,128,6177
ecCount (peaks),train,NCI-H2170,50-149,130,130,0,0,131,131,6178
ecCount (peaks),train,NCI-H2170,50-149,131,119,12,-12,132,120,6179
ecCount (peaks),train,NCI-H2170,50-149,131,128,3,-3,132,129,6180
ecCount (peaks),train,NCI-H716,50-149,131,155,24,24,132,156,6181
ecCount (peaks),train,NCI-H716,50-149,131,163,32,32,132,164,6182
ecCount (peaks),train,NCI-H2170,50-149,132,155,23,23,133,156,6183
ecCount (peaks),train,NCI-H2170,50-149,132,142,10,10,133,143,6184
ecCount (peaks),train,NCI-H2170,50-149,132,116,16,-16,133,117,6185
ecCount (peaks),test,NCI-H2170,50-149,132,171,39,39,133,172,6186
ecCount (peaks),train,NCI-H2170,50-149,132,81,51,-51,133,82,6187
ecCount (peaks),train,NCI-H2170,50-149,132,132,0,0,133,133,6188
ecCount (peaks),val,NCI-H716,50-149,132,128,4,-4,133,129,6189
ecCount (peaks),train,NCI-H716,50-149,132,133,1,1,133,134,6190
ecCount (peaks),train,NCI-H716,50-149,132,137,5,5,133,138,6191
ecCount (peaks),train,NCI-H2170,50-149,133,140,7,7,134,141,6192
ecCount (peaks),train,NCI-H2170,50-149,133,144,11,11,134,145,6193
ecCount (peaks),train,NCI-H2170,50-149,133,151,18,18,134,152,6194
ecCount (peaks),train,NCI-H2170,50-149,134,125,9,-9,135,126,6195
ecCount (peaks),val,NCI-H2170,50-149,134,99,35,-35,135,100,6196
ecCount (peaks),train,NCI-H716,50-149,134,151,17,17,135,152,6197
ecCount (peaks),train,NCI-H2170,50-149,135,164,29,29,136,165,6198
ecCount (peaks),train,NCI-H2170,50-149,135,115,20,-20,136,116,6199
ecCount (peaks),train,NCI-H2170,50-149,135,140,5,5,136,141,6200
ecCount (peaks),test,NCI-H2170,50-149,135,134,1,-1,136,135,6201
ecCount (peaks),train,NCI-H716,50-149,135,146,11,11,136,147,6202
ecCount (peaks),train,NCI-H716,50-149,135,127,8,-8,136,128,6203
ecCount (peaks),train,NCI-H2170,50-149,136,145,9,9,137,146,6204
ecCount (peaks),train,NCI-H2170,50-149,136,80,56,-56,137,81,6205
ecCount (peaks),train,NCI-H2170,50-149,137,133,4,-4,138,134,6206
ecCount (peaks),train,NCI-H716,50-149,137,147,10,10,138,148,6207
ecCount (peaks),train,NCI-H2170,50-149,138,137,1,-1,139,138,6208
ecCount (peaks),test,NCI-H2170,50-149,138,135,3,-3,139,136,6209
ecCount (peaks),train,NCI-H2170,50-149,138,128,10,-10,139,129,6210
ecCount (peaks),train,NCI-H2170,50-149,138,147,9,9,139,148,6211
ecCount (peaks),train,NCI-H2170,50-149,139,137,2,-2,140,138,6212
ecCount (peaks),val,NCI-H2170,50-149,139,139,0,0,140,140,6213
ecCount (peaks),test,NCI-H2170,50-149,139,140,1,1,140,141,6214
ecCount (peaks),train,NCI-H2170,50-149,139,145,6,6,140,146,6215
ecCount (peaks),test,NCI-H716,50-149,139,126,13,-13,140,127,6216
ecCount (peaks),test,SNU16,50-149,140,138,2,-2,141,139,6217
ecCount (peaks),train,NCI-H2170,50-149,141,122,19,-19,142,123,6218
ecCount (peaks),val,NCI-H2170,50-149,141,141,0,0,142,142,6219
ecCount (peaks),val,NCI-H2170,50-149,141,154,13,13,142,155,6220
ecCount (peaks),train,NCI-H2170,50-149,141,137,4,-4,142,138,6221
ecCount (peaks),train,SNU16,50-149,141,143,2,2,142,144,6222
ecCount (peaks),train,SNU16,50-149,141,142,1,1,142,143,6223
ecCount (peaks),train,NCI-H2170,50-149,142,148,6,6,143,149,6224
ecCount (peaks),test,NCI-H2170,50-149,142,124,18,-18,143,125,6225
ecCount (peaks),train,NCI-H2170,50-149,142,142,0,0,143,143,6226
ecCount (peaks),train,NCI-H2170,50-149,142,150,8,8,143,151,6227
ecCount (peaks),train,NCI-H2170,50-149,142,153,11,11,143,154,6228
ecCount (peaks),train,NCI-H2170,50-149,142,145,3,3,143,146,6229
ecCount (peaks),train,SNU16,50-149,142,149,7,7,143,150,6230
ecCount (peaks),val,COLO320DM,50-149,143,148,5,5,144,149,6231
ecCount (peaks),train,NCI-H2170,50-149,143,117,26,-26,144,118,6232
ecCount (peaks),train,NCI-H2170,50-149,143,145,2,2,144,146,6233
ecCount (peaks),val,NCI-H2170,50-149,143,135,8,-8,144,136,6234
ecCount (peaks),train,NCI-H2170,50-149,143,128,15,-15,144,129,6235
ecCount (peaks),train,NCI-H2170,50-149,143,138,5,-5,144,139,6236
ecCount (peaks),train,COLO320DM,50-149,144,146,2,2,145,147,6237
ecCount (peaks),val,NCI-H716,50-149,144,147,3,3,145,148,6238
ecCount (peaks),train,NCI-H716,50-149,144,156,12,12,145,157,6239
ecCount (peaks),train,SNU16,50-149,144,137,7,-7,145,138,6240
ecCount (peaks),train,SNU16,50-149,144,116,28,-28,145,117,6241
ecCount (peaks),train,NCI-H2170,50-149,145,135,10,-10,146,136,6242
ecCount (peaks),val,NCI-H2170,50-149,145,131,14,-14,146,132,6243
ecCount (peaks),train,NCI-H2170,50-149,145,120,25,-25,146,121,6244
ecCount (peaks),train,NCI-H2170,50-149,146,154,8,8,147,155,6245
ecCount (peaks),train,NCI-H2170,50-149,146,147,1,1,147,148,6246
ecCount (peaks),train,NCI-H2170,50-149,146,153,7,7,147,154,6247
ecCount (peaks),train,NCI-H2170,50-149,147,139,8,-8,148,140,6248
ecCount (peaks),train,NCI-H2170,50-149,147,145,2,-2,148,146,6249
ecCount (peaks),val,NCI-H2170,50-149,147,174,27,27,148,175,6250
ecCount (peaks),train,NCI-H2170,50-149,147,136,11,-11,148,137,6251
ecCount (peaks),val,NCI-H2170,50-149,147,133,14,-14,148,134,6252
ecCount (peaks),test,NCI-H2170,50-149,148,144,4,-4,149,145,6253
ecCount (peaks),val,NCI-H2170,50-149,148,146,2,-2,149,147,6254
ecCount (peaks),train,NCI-H2170,50-149,148,154,6,6,149,155,6255
ecCount (peaks),val,NCI-H2170,50-149,148,153,5,5,149,154,6256
ecCount (peaks),val,NCI-H716,50-149,148,157,9,9,149,158,6257
ecCount (peaks),train,SNU16,50-149,148,126,22,-22,149,127,6258
ecCount (peaks),train,NCI-H2170,50-149,149,139,10,-10,150,140,6259
ecCount (peaks),train,NCI-H2170,50-149,149,136,13,-13,150,137,6260
ecCount (peaks),train,NCI-H2170,150-299,150,127,23,-23,151,128,6261
ecCount (peaks),train,NCI-H2170,150-299,150,149,1,-1,151,150,6262
ecCount (peaks),train,NCI-H2170,150-299,150,143,7,-7,151,144,6263
ecCount (peaks),val,NCI-H2170,150-299,150,134,16,-16,151,135,6264
ecCount (peaks),train,NCI-H2170,150-299,150,145,5,-5,151,146,6265
ecCount (peaks),test,NCI-H716,150-299,150,175,25,25,151,176,6266
ecCount (peaks),test,SNU16,150-299,150,157,7,7,151,158,6267
ecCount (peaks),val,NCI-H2170,150-299,151,159,8,8,152,160,6268
ecCount (peaks),train,NCI-H2170,150-299,151,134,17,-17,152,135,6269
ecCount (peaks),test,NCI-H2170,150-299,151,133,18,-18,152,134,6270
ecCount (peaks),train,SNU16,150-299,151,137,14,-14,152,138,6271
ecCount (peaks),train,NCI-H2170,150-299,152,148,4,-4,153,149,6272
ecCount (peaks),train,NCI-H2170,150-299,152,165,13,13,153,166,6273
ecCount (peaks),val,NCI-H2170,150-299,152,157,5,5,153,158,6274
ecCount (peaks),train,NCI-H2170,150-299,152,145,7,-7,153,146,6275
ecCount (peaks),val,NCI-H2170,150-299,152,149,3,-3,153,150,6276
ecCount (peaks),train,NCI-H2170,150-299,152,131,21,-21,153,132,6277
ecCount (peaks),val,NCI-H716,150-299,152,155,3,3,153,156,6278
ecCount (peaks),train,NCI-H2170,150-299,153,154,1,1,154,155,6279
ecCount (peaks),train,NCI-H2170,150-299,153,160,7,7,154,161,6280
ecCount (peaks),val,NCI-H2170,150-299,153,148,5,-5,154,149,6281
ecCount (peaks),train,NCI-H2170,150-299,153,155,2,2,154,156,6282
ecCount (peaks),train,NCI-H2170,150-299,153,146,7,-7,154,147,6283
ecCount (peaks),train,NCI-H2170,150-299,154,150,4,-4,155,151,6284
ecCount (peaks),train,NCI-H2170,150-299,155,148,7,-7,156,149,6285
ecCount (peaks),train,NCI-H2170,150-299,156,95,61,-61,157,96,6286
ecCount (peaks),val,NCI-H2170,150-299,156,151,5,-5,157,152,6287
ecCount (peaks),val,NCI-H2170,150-299,157,164,7,7,158,165,6288
ecCount (peaks),val,NCI-H2170,150-299,157,156,1,-1,158,157,6289
ecCount (peaks),train,NCI-H2170,150-299,157,163,6,6,158,164,6290
ecCount (peaks),train,NCI-H2170,150-299,157,182,25,25,158,183,6291
ecCount (peaks),train,SNU16,150-299,157,162,5,5,158,163,6292
ecCount (peaks),val,NCI-H2170,150-299,158,158,0,0,159,159,6293
ecCount (peaks),val,NCI-H2170,150-299,158,173,15,15,159,174,6294
ecCount (peaks),test,SNU16,150-299,158,134,24,-24,159,135,6295
ecCount (peaks),val,NCI-H2170,150-299,159,176,17,17,160,177,6296
ecCount (peaks),test,NCI-H2170,150-299,159,160,1,1,160,161,6297
ecCount (peaks),train,NCI-H2170,150-299,159,160,1,1,160,161,6298
ecCount (peaks),train,NCI-H2170,150-299,160,146,14,-14,161,147,6299
ecCount (peaks),val,NCI-H2170,150-299,160,216,56,56,161,217,6300
ecCount (peaks),val,NCI-H2170,150-299,160,163,3,3,161,164,6301
ecCount (peaks),train,NCI-H2170,150-299,160,156,4,-4,161,157,6302
ecCount (peaks),train,NCI-H2170,150-299,161,164,3,3,162,165,6303
ecCount (peaks),val,SNU16,150-299,161,163,2,2,162,164,6304
ecCount (peaks),train,NCI-H2170,150-299,162,173,11,11,163,174,6305
ecCount (peaks),train,NCI-H2170,150-299,162,170,8,8,163,171,6306
ecCount (peaks),train,NCI-H2170,150-299,163,163,0,0,164,164,6307
ecCount (peaks),train,NCI-H2170,150-299,163,158,5,-5,164,159,6308
ecCount (peaks),train,NCI-H2170,150-299,163,164,1,1,164,165,6309
ecCount (peaks),test,NCI-H716,150-299,163,187,24,24,164,188,6310
ecCount (peaks),train,NCI-H716,150-299,163,171,8,8,164,172,6311
ecCount (peaks),test,NCI-H2170,150-299,164,163,1,-1,165,164,6312
ecCount (peaks),train,NCI-H2170,150-299,164,162,2,-2,165,163,6313
ecCount (peaks),train,NCI-H2170,150-299,165,171,6,6,166,172,6314
ecCount (peaks),train,NCI-H2170,150-299,165,159,6,-6,166,160,6315
ecCount (peaks),train,NCI-H2170,150-299,166,154,12,-12,167,155,6316
ecCount (peaks),train,NCI-H2170,150-299,166,149,17,-17,167,150,6317
ecCount (peaks),val,NCI-H716,150-299,166,164,2,-2,167,165,6318
ecCount (peaks),val,NCI-H716,150-299,166,178,12,12,167,179,6319
ecCount (peaks),test,NCI-H716,150-299,166,174,8,8,167,175,6320
ecCount (peaks),test,SNU16,150-299,166,157,9,-9,167,158,6321
ecCount (peaks),train,NCI-H2170,150-299,167,155,12,-12,168,156,6322
ecCount (peaks),train,NCI-H2170,150-299,167,172,5,5,168,173,6323
ecCount (peaks),train,NCI-H2170,150-299,168,115,53,-53,169,116,6324
ecCount (peaks),val,NCI-H2170,150-299,168,140,28,-28,169,141,6325
ecCount (peaks),train,NCI-H2170,150-299,168,167,1,-1,169,168,6326
ecCount (peaks),train,NCI-H2170,150-299,168,170,2,2,169,171,6327
ecCount (peaks),test,NCI-H2170,150-299,169,205,36,36,170,206,6328
ecCount (peaks),val,NCI-H716,150-299,169,178,9,9,170,179,6329
ecCount (peaks),train,NCI-H2170,150-299,170,174,4,4,171,175,6330
ecCount (peaks),train,NCI-H2170,150-299,170,171,1,1,171,172,6331
ecCount (peaks),test,NCI-H2170,150-299,170,163,7,-7,171,164,6332
ecCount (peaks),train,SNU16,150-299,170,167,3,-3,171,168,6333
ecCount (peaks),test,NCI-H716,150-299,171,153,18,-18,172,154,6334
ecCount (peaks),train,NCI-H2170,150-299,172,185,13,13,173,186,6335
ecCount (peaks),train,NCI-H716,150-299,172,175,3,3,173,176,6336
ecCount (peaks),train,NCI-H716,150-299,172,162,10,-10,173,163,6337
ecCount (peaks),train,SNU16,150-299,172,163,9,-9,173,164,6338
ecCount (peaks),train,NCI-H2170,150-299,173,177,4,4,174,178,6339
ecCount (peaks),val,NCI-H2170,150-299,173,156,17,-17,174,157,6340
ecCount (peaks),test,NCI-H2170,150-299,174,189,15,15,175,190,6341
ecCount (peaks),train,NCI-H2170,150-299,174,199,25,25,175,200,6342
ecCount (peaks),test,NCI-H2170,150-299,174,155,19,-19,175,156,6343
ecCount (peaks),val,SNU16,150-299,174,211,37,37,175,212,6344
ecCount (peaks),test,NCI-H2170,150-299,175,173,2,-2,176,174,6345
ecCount (peaks),train,NCI-H2170,150-299,175,236,61,61,176,237,6346
ecCount (peaks),test,NCI-H2170,150-299,175,141,34,-34,176,142,6347
ecCount (peaks),train,NCI-H2170,150-299,176,161,15,-15,177,162,6348
ecCount (peaks),train,NCI-H716,150-299,176,178,2,2,177,179,6349
ecCount (peaks),train,NCI-H2170,150-299,177,160,17,-17,178,161,6350
ecCount (peaks),train,NCI-H2170,150-299,177,170,7,-7,178,171,6351
ecCount (peaks),val,NCI-H2170,150-299,177,185,8,8,178,186,6352
ecCount (peaks),train,NCI-H2170,150-299,177,166,11,-11,178,167,6353
ecCount (peaks),train,NCI-H716,150-299,177,175,2,-2,178,176,6354
ecCount (peaks),test,SNU16,150-299,177,219,42,42,178,220,6355
ecCount (peaks),train,NCI-H2170,150-299,178,209,31,31,179,210,6356
ecCount (peaks),test,NCI-H2170,150-299,178,176,2,-2,179,177,6357
ecCount (peaks),train,NCI-H716,150-299,178,229,51,51,179,230,6358
ecCount (peaks),train,SNU16,150-299,178,166,12,-12,179,167,6359
ecCount (peaks),train,NCI-H2170,150-299,179,204,25,25,180,205,6360
ecCount (peaks),test,NCI-H2170,150-299,179,178,1,-1,180,179,6361
ecCount (peaks),train,NCI-H2170,150-299,179,161,18,-18,180,162,6362
ecCount (peaks),train,NCI-H2170,150-299,179,174,5,-5,180,175,6363
ecCount (peaks),train,NCI-H716,150-299,179,171,8,-8,180,172,6364
ecCount (peaks),train,NCI-H716,150-299,179,172,7,-7,180,173,6365
ecCount (peaks),train,NCI-H2170,150-299,180,177,3,-3,181,178,6366
ecCount (peaks),test,NCI-H2170,150-299,180,186,6,6,181,187,6367
ecCount (peaks),train,NCI-H2170,150-299,180,160,20,-20,181,161,6368
ecCount (peaks),train,NCI-H2170,150-299,180,179,1,-1,181,180,6369
ecCount (peaks),val,NCI-H2170,150-299,181,203,22,22,182,204,6370
ecCount (peaks),train,NCI-H2170,150-299,181,181,0,0,182,182,6371
ecCount (peaks),train,NCI-H2170,150-299,181,178,3,-3,182,179,6372
ecCount (peaks),train,NCI-H2170,150-299,181,186,5,5,182,187,6373
ecCount (peaks),train,NCI-H2170,150-299,181,198,17,17,182,199,6374
ecCount (peaks),train,NCI-H2170,150-299,181,220,39,39,182,221,6375
ecCount (peaks),train,NCI-H716,150-299,181,176,5,-5,182,177,6376
ecCount (peaks),train,SNU16,150-299,181,162,19,-19,182,163,6377
ecCount (peaks),test,NCI-H2170,150-299,182,181,1,-1,183,182,6378
ecCount (peaks),test,NCI-H2170,150-299,182,282,100,100,183,283,6379
ecCount (peaks),train,NCI-H2170,150-299,182,189,7,7,183,190,6380
ecCount (peaks),train,NCI-H716,150-299,182,214,32,32,183,215,6381
ecCount (peaks),val,NCI-H2170,150-299,183,150,33,-33,184,151,6382
ecCount (peaks),train,NCI-H2170,150-299,183,130,53,-53,184,131,6383
ecCount (peaks),test,SNU16,150-299,183,195,12,12,184,196,6384
ecCount (peaks),train,NCI-H2170,150-299,184,182,2,-2,185,183,6385
ecCount (peaks),test,NCI-H2170,150-299,184,225,41,41,185,226,6386
ecCount (peaks),train,NCI-H2170,150-299,184,173,11,-11,185,174,6387
ecCount (peaks),test,NCI-H2170,150-299,184,181,3,-3,185,182,6388
ecCount (peaks),train,NCI-H2170,150-299,184,183,1,-1,185,184,6389
ecCount (peaks),train,NCI-H2170,150-299,185,166,19,-19,186,167,6390
ecCount (peaks),train,NCI-H2170,150-299,185,162,23,-23,186,163,6391
ecCount (peaks),test,NCI-H716,150-299,185,217,32,32,186,218,6392
ecCount (peaks),train,NCI-H2170,150-299,186,192,6,6,187,193,6393
ecCount (peaks),train,NCI-H2170,150-299,186,191,5,5,187,192,6394
ecCount (peaks),test,NCI-H2170,150-299,186,205,19,19,187,206,6395
ecCount (peaks),train,NCI-H2170,150-299,186,180,6,-6,187,181,6396
ecCount (peaks),train,NCI-H2170,150-299,187,203,16,16,188,204,6397
ecCount (peaks),test,NCI-H2170,150-299,187,181,6,-6,188,182,6398
ecCount (peaks),val,NCI-H2170,150-299,188,208,20,20,189,209,6399
ecCount (peaks),train,NCI-H2170,150-299,188,215,27,27,189,216,6400
ecCount (peaks),train,NCI-H2170,150-299,189,111,78,-78,190,112,6401
ecCount (peaks),test,NCI-H2170,150-299,189,197,8,8,190,198,6402
ecCount (peaks),val,SNU16,150-299,189,178,11,-11,190,179,6403
ecCount (peaks),train,NCI-H2170,150-299,190,172,18,-18,191,173,6404
ecCount (peaks),train,NCI-H2170,150-299,190,189,1,-1,191,190,6405
ecCount (peaks),train,SNU16,150-299,190,193,3,3,191,194,6406
ecCount (peaks),train,NCI-H2170,150-299,191,206,15,15,192,207,6407
ecCount (peaks),train,NCI-H2170,150-299,191,143,48,-48,192,144,6408
ecCount (peaks),val,NCI-H2170,150-299,191,193,2,2,192,194,6409
ecCount (peaks),test,NCI-H2170,150-299,191,201,10,10,192,202,6410
ecCount (peaks),train,NCI-H2170,150-299,191,196,5,5,192,197,6411
ecCount (peaks),train,NCI-H716,150-299,191,208,17,17,192,209,6412
ecCount (peaks),test,SNU16,150-299,191,173,18,-18,192,174,6413
ecCount (peaks),test,NCI-H2170,150-299,192,197,5,5,193,198,6414
ecCount (peaks),val,NCI-H2170,150-299,192,180,12,-12,193,181,6415
ecCount (peaks),val,NCI-H2170,150-299,192,185,7,-7,193,186,6416
ecCount (peaks),train,NCI-H2170,150-299,193,175,18,-18,194,176,6417
ecCount (peaks),test,NCI-H2170,150-299,193,185,8,-8,194,186,6418
ecCount (peaks),test,SNU16,150-299,193,204,11,11,194,205,6419
ecCount (peaks),train,NCI-H2170,150-299,194,198,4,4,195,199,6420
ecCount (peaks),train,NCI-H2170,150-299,194,165,29,-29,195,166,6421
ecCount (peaks),train,NCI-H716,150-299,194,217,23,23,195,218,6422
ecCount (peaks),val,NCI-H2170,150-299,195,175,20,-20,196,176,6423
ecCount (peaks),train,NCI-H716,150-299,195,219,24,24,196,220,6424
ecCount (peaks),train,NCI-H2170,150-299,196,141,55,-55,197,142,6425
ecCount (peaks),val,NCI-H2170,150-299,196,189,7,-7,197,190,6426
ecCount (peaks),train,NCI-H2170,150-299,197,194,3,-3,198,195,6427
ecCount (peaks),train,NCI-H2170,150-299,197,208,11,11,198,209,6428
ecCount (peaks),train,NCI-H2170,150-299,197,201,4,4,198,202,6429
ecCount (peaks),train,NCI-H2170,150-299,199,204,5,5,200,205,6430
ecCount (peaks),train,NCI-H2170,150-299,199,165,34,-34,200,166,6431
ecCount (peaks),train,NCI-H2170,150-299,200,177,23,-23,201,178,6432
ecCount (peaks),train,NCI-H2170,150-299,201,229,28,28,202,230,6433
ecCount (peaks),val,NCI-H2170,150-299,201,233,32,32,202,234,6434
ecCount (peaks),val,NCI-H2170,150-299,201,202,1,1,202,203,6435
ecCount (peaks),train,NCI-H2170,150-299,201,184,17,-17,202,185,6436
ecCount (peaks),test,NCI-H2170,150-299,202,185,17,-17,203,186,6437
ecCount (peaks),train,NCI-H2170,150-299,202,169,33,-33,203,170,6438
ecCount (peaks),val,NCI-H716,150-299,202,221,19,19,203,222,6439
ecCount (peaks),val,NCI-H2170,150-299,203,204,1,1,204,205,6440
ecCount (peaks),train,NCI-H2170,150-299,203,185,18,-18,204,186,6441
ecCount (peaks),train,SNU16,150-299,203,204,1,1,204,205,6442
ecCount (peaks),train,NCI-H2170,150-299,204,228,24,24,205,229,6443
ecCount (peaks),train,NCI-H2170,150-299,205,233,28,28,206,234,6444
ecCount (peaks),train,NCI-H2170,150-299,205,202,3,-3,206,203,6445
ecCount (peaks),train,NCI-H2170,150-299,206,159,47,-47,207,160,6446
ecCount (peaks),train,SNU16,150-299,206,191,15,-15,207,192,6447
ecCount (peaks),train,NCI-H2170,150-299,207,201,6,-6,208,202,6448
ecCount (peaks),train,NCI-H2170,150-299,207,207,0,0,208,208,6449
ecCount (peaks),train,NCI-H2170,150-299,207,209,2,2,208,210,6450
ecCount (peaks),val,NCI-H716,150-299,207,226,19,19,208,227,6451
ecCount (peaks),train,SNU16,150-299,207,221,14,14,208,222,6452
ecCount (peaks),train,NCI-H2170,150-299,209,205,4,-4,210,206,6453
ecCount (peaks),train,NCI-H2170,150-299,209,223,14,14,210,224,6454
ecCount (peaks),train,NCI-H2170,150-299,209,209,0,0,210,210,6455
ecCount (peaks),train,SNU16,150-299,209,179,30,-30,210,180,6456
ecCount (peaks),train,NCI-H2170,150-299,210,207,3,-3,211,208,6457
ecCount (peaks),val,NCI-H2170,150-299,210,206,4,-4,211,207,6458
ecCount (peaks),train,NCI-H2170,150-299,210,216,6,6,211,217,6459
ecCount (peaks),train,NCI-H2170,150-299,210,212,2,2,211,213,6460
ecCount (peaks),test,NCI-H716,150-299,210,223,13,13,211,224,6461
ecCount (peaks),train,NCI-H716,150-299,210,223,13,13,211,224,6462
ecCount (peaks),train,NCI-H2170,150-299,211,196,15,-15,212,197,6463
ecCount (peaks),train,NCI-H2170,150-299,211,180,31,-31,212,181,6464
ecCount (peaks),train,NCI-H2170,150-299,211,222,11,11,212,223,6465
ecCount (peaks),train,NCI-H2170,150-299,211,203,8,-8,212,204,6466
ecCount (peaks),val,NCI-H2170,150-299,211,203,8,-8,212,204,6467
ecCount (peaks),train,NCI-H716,150-299,211,232,21,21,212,233,6468
ecCount (peaks),train,NCI-H716,150-299,211,217,6,6,212,218,6469
ecCount (peaks),val,NCI-H2170,150-299,212,220,8,8,213,221,6470
ecCount (peaks),train,NCI-H2170,150-299,212,213,1,1,213,214,6471
ecCount (peaks),train,NCI-H2170,150-299,212,214,2,2,213,215,6472
ecCount (peaks),train,SNU16,150-299,212,215,3,3,213,216,6473
ecCount (peaks),train,NCI-H2170,150-299,213,220,7,7,214,221,6474
ecCount (peaks),train,NCI-H2170,150-299,213,57,156,-156,214,58,6475
ecCount (peaks),val,NCI-H2170,150-299,213,215,2,2,214,216,6476
ecCount (peaks),train,NCI-H716,150-299,213,217,4,4,214,218,6477
ecCount (peaks),test,SNU16,150-299,213,198,15,-15,214,199,6478
ecCount (peaks),train,NCI-H2170,150-299,214,237,23,23,215,238,6479
ecCount (peaks),val,NCI-H2170,150-299,214,217,3,3,215,218,6480
ecCount (peaks),val,NCI-H716,150-299,214,213,1,-1,215,214,6481
ecCount (peaks),train,SNU16,150-299,214,201,13,-13,215,202,6482
ecCount (peaks),train,NCI-H2170,150-299,215,216,1,1,216,217,6483
ecCount (peaks),train,NCI-H2170,150-299,216,194,22,-22,217,195,6484
ecCount (peaks),test,NCI-H2170,150-299,217,218,1,1,218,219,6485
ecCount (peaks),train,NCI-H2170,150-299,217,216,1,-1,218,217,6486
ecCount (peaks),train,NCI-H2170,150-299,219,234,15,15,220,235,6487
ecCount (peaks),train,NCI-H2170,150-299,220,209,11,-11,221,210,6488
ecCount (peaks),train,NCI-H2170,150-299,220,206,14,-14,221,207,6489
ecCount (peaks),val,NCI-H2170,150-299,220,206,14,-14,221,207,6490
ecCount (peaks),train,NCI-H2170,150-299,221,223,2,2,222,224,6491
ecCount (peaks),val,SNU16,150-299,221,223,2,2,222,224,6492
ecCount (peaks),train,SNU16,150-299,222,215,7,-7,223,216,6493
ecCount (peaks),val,SNU16,150-299,222,111,111,-111,223,112,6494
ecCount (peaks),val,NCI-H2170,150-299,223,230,7,7,224,231,6495
ecCount (peaks),test,NCI-H2170,150-299,223,244,21,21,224,245,6496
ecCount (peaks),train,NCI-H2170,150-299,223,232,9,9,224,233,6497
ecCount (peaks),train,NCI-H2170,150-299,223,201,22,-22,224,202,6498
ecCount (peaks),test,NCI-H2170,150-299,223,212,11,-11,224,213,6499
ecCount (peaks),train,NCI-H716,150-299,223,241,18,18,224,242,6500
ecCount (peaks),train,SNU16,150-299,223,209,14,-14,224,210,6501
ecCount (peaks),train,NCI-H2170,150-299,224,225,1,1,225,226,6502
ecCount (peaks),train,SNU16,150-299,224,201,23,-23,225,202,6503
ecCount (peaks),test,NCI-H2170,150-299,225,219,6,-6,226,220,6504
ecCount (peaks),train,SNU16,150-299,225,218,7,-7,226,219,6505
ecCount (peaks),train,SNU16,150-299,225,241,16,16,226,242,6506
ecCount (peaks),train,NCI-H2170,150-299,226,222,4,-4,227,223,6507
ecCount (peaks),train,NCI-H2170,150-299,226,239,13,13,227,240,6508
ecCount (peaks),train,NCI-H2170,150-299,226,231,5,5,227,232,6509
ecCount (peaks),train,NCI-H2170,150-299,226,232,6,6,227,233,6510
ecCount (peaks),train,NCI-H2170,150-299,226,240,14,14,227,241,6511
ecCount (peaks),train,SNU16,150-299,227,208,19,-19,228,209,6512
ecCount (peaks),val,NCI-H2170,150-299,228,215,13,-13,229,216,6513
ecCount (peaks),train,NCI-H2170,150-299,228,215,13,-13,229,216,6514
ecCount (peaks),train,NCI-H2170,150-299,228,212,16,-16,229,213,6515
ecCount (peaks),train,SNU16,150-299,228,219,9,-9,229,220,6516
ecCount (peaks),train,NCI-H2170,150-299,229,295,66,66,230,296,6517
ecCount (peaks),test,NCI-H2170,150-299,229,248,19,19,230,249,6518
ecCount (peaks),train,NCI-H2170,150-299,230,245,15,15,231,246,6519
ecCount (peaks),train,SNU16,150-299,230,229,1,-1,231,230,6520
ecCount (peaks),train,NCI-H2170,150-299,231,223,8,-8,232,224,6521
ecCount (peaks),train,NCI-H716,150-299,231,246,15,15,232,247,6522
ecCount (peaks),train,NCI-H2170,150-299,232,222,10,-10,233,223,6523
ecCount (peaks),val,SNU16,150-299,232,226,6,-6,233,227,6524
ecCount (peaks),test,NCI-H2170,150-299,233,221,12,-12,234,222,6525
ecCount (peaks),val,NCI-H2170,150-299,233,204,29,-29,234,205,6526
ecCount (peaks),train,NCI-H2170,150-299,233,224,9,-9,234,225,6527
ecCount (peaks),train,NCI-H2170,150-299,233,230,3,-3,234,231,6528
ecCount (peaks),train,NCI-H2170,150-299,235,242,7,7,236,243,6529
ecCount (peaks),train,NCI-H2170,150-299,235,248,13,13,236,249,6530
ecCount (peaks),train,NCI-H2170,150-299,235,238,3,3,236,239,6531
ecCount (peaks),test,NCI-H2170,150-299,235,230,5,-5,236,231,6532
ecCount (peaks),train,NCI-H2170,150-299,236,238,2,2,237,239,6533
ecCount (peaks),train,NCI-H2170,150-299,236,226,10,-10,237,227,6534
ecCount (peaks),train,NCI-H2170,150-299,236,215,21,-21,237,216,6535
ecCount (peaks),val,NCI-H2170,150-299,236,210,26,-26,237,211,6536
ecCount (peaks),test,NCI-H716,150-299,236,252,16,16,237,253,6537
ecCount (peaks),test,NCI-H2170,150-299,237,235,2,-2,238,236,6538
ecCount (peaks),val,NCI-H2170,150-299,237,219,18,-18,238,220,6539
ecCount (peaks),val,SNU16,150-299,237,336,99,99,238,337,6540
ecCount (peaks),train,NCI-H2170,150-299,238,261,23,23,239,262,6541
ecCount (peaks),test,SNU16,150-299,238,220,18,-18,239,221,6542
ecCount (peaks),val,SNU16,150-299,238,228,10,-10,239,229,6543
ecCount (peaks),test,NCI-H2170,150-299,239,253,14,14,240,254,6544
ecCount (peaks),train,NCI-H2170,150-299,239,248,9,9,240,249,6545
ecCount (peaks),train,NCI-H2170,150-299,239,227,12,-12,240,228,6546
ecCount (peaks),train,NCI-H2170,150-299,239,234,5,-5,240,235,6547
ecCount (peaks),train,NCI-H716,150-299,239,265,26,26,240,266,6548
ecCount (peaks),val,SNU16,150-299,239,222,17,-17,240,223,6549
ecCount (peaks),train,NCI-H2170,150-299,240,251,11,11,241,252,6550
ecCount (peaks),train,SNU16,150-299,241,227,14,-14,242,228,6551
ecCount (peaks),train,SNU16,150-299,241,225,16,-16,242,226,6552
ecCount (peaks),test,NCI-H2170,150-299,242,305,63,63,243,306,6553
ecCount (peaks),train,NCI-H2170,150-299,242,235,7,-7,243,236,6554
ecCount (peaks),train,SNU16,150-299,242,253,11,11,243,254,6555
ecCount (peaks),train,NCI-H2170,150-299,243,250,7,7,244,251,6556
ecCount (peaks),train,NCI-H2170,150-299,243,251,8,8,244,252,6557
ecCount (peaks),train,NCI-H2170,150-299,244,239,5,-5,245,240,6558
ecCount (peaks),train,NCI-H2170,150-299,244,255,11,11,245,256,6559
ecCount (peaks),train,SNU16,150-299,244,222,22,-22,245,223,6560
ecCount (peaks),test,NCI-H2170,150-299,245,274,29,29,246,275,6561
ecCount (peaks),train,NCI-H2170,150-299,245,259,14,14,246,260,6562
ecCount (peaks),train,NCI-H2170,150-299,245,261,16,16,246,262,6563
ecCount (peaks),test,NCI-H2170,150-299,246,242,4,-4,247,243,6564
ecCount (peaks),train,NCI-H2170,150-299,246,248,2,2,247,249,6565
ecCount (peaks),train,NCI-H2170,150-299,246,253,7,7,247,254,6566
ecCount (peaks),test,NCI-H2170,150-299,246,257,11,11,247,258,6567
ecCount (peaks),train,NCI-H2170,150-299,246,280,34,34,247,281,6568
ecCount (peaks),test,NCI-H2170,150-299,246,257,11,11,247,258,6569
ecCount (peaks),train,NCI-H2170,150-299,246,242,4,-4,247,243,6570
ecCount (peaks),test,NCI-H2170,150-299,248,248,0,0,249,249,6571
ecCount (peaks),train,NCI-H2170,150-299,249,256,7,7,250,257,6572
ecCount (peaks),train,NCI-H2170,150-299,249,216,33,-33,250,217,6573
ecCount (peaks),train,NCI-H2170,150-299,250,256,6,6,251,257,6574
ecCount (peaks),train,NCI-H2170,150-299,250,289,39,39,251,290,6575
ecCount (peaks),train,NCI-H2170,150-299,250,250,0,0,251,251,6576
ecCount (peaks),train,NCI-H2170,150-299,250,229,21,-21,251,230,6577
ecCount (peaks),test,NCI-H2170,150-299,251,264,13,13,252,265,6578
ecCount (peaks),train,SNU16,150-299,251,254,3,3,252,255,6579
ecCount (peaks),test,NCI-H2170,150-299,252,253,1,1,253,254,6580
ecCount (peaks),train,NCI-H2170,150-299,252,248,4,-4,253,249,6581
ecCount (peaks),train,NCI-H2170,150-299,252,254,2,2,253,255,6582
ecCount (peaks),train,NCI-H2170,150-299,254,288,34,34,255,289,6583
ecCount (peaks),val,SNU16,150-299,254,240,14,-14,255,241,6584
ecCount (peaks),train,NCI-H2170,150-299,255,249,6,-6,256,250,6585
ecCount (peaks),train,NCI-H2170,150-299,256,312,56,56,257,313,6586
ecCount (peaks),train,SNU16,150-299,256,255,1,-1,257,256,6587
ecCount (peaks),train,NCI-H2170,150-299,257,239,18,-18,258,240,6588
ecCount (peaks),train,NCI-H2170,150-299,257,251,6,-6,258,252,6589
ecCount (peaks),train,NCI-H2170,150-299,258,288,30,30,259,289,6590
ecCount (peaks),train,NCI-H2170,150-299,258,230,28,-28,259,231,6591
ecCount (peaks),train,NCI-H2170,150-299,259,271,12,12,260,272,6592
ecCount (peaks),train,NCI-H2170,150-299,259,263,4,4,260,264,6593
ecCount (peaks),train,NCI-H2170,150-299,259,217,42,-42,260,218,6594
ecCount (peaks),train,NCI-H2170,150-299,259,258,1,-1,260,259,6595
ecCount (peaks),train,NCI-H2170,150-299,260,264,4,4,261,265,6596
ecCount (peaks),train,NCI-H2170,150-299,260,272,12,12,261,273,6597
ecCount (peaks),train,NCI-H2170,150-299,261,280,19,19,262,281,6598
ecCount (peaks),train,NCI-H2170,150-299,261,231,30,-30,262,232,6599
ecCount (peaks),train,SNU16,150-299,261,266,5,5,262,267,6600
ecCount (peaks),train,NCI-H2170,150-299,262,258,4,-4,263,259,6601
ecCount (peaks),train,NCI-H2170,150-299,262,254,8,-8,263,255,6602
ecCount (peaks),train,NCI-H716,150-299,262,277,15,15,263,278,6603
ecCount (peaks),train,NCI-H2170,150-299,264,293,29,29,265,294,6604
ecCount (peaks),train,NCI-H2170,150-299,265,263,2,-2,266,264,6605
ecCount (peaks),train,NCI-H2170,150-299,265,248,17,-17,266,249,6606
ecCount (peaks),train,SNU16,150-299,265,252,13,-13,266,253,6607
ecCount (peaks),val,NCI-H2170,150-299,266,269,3,3,267,270,6608
ecCount (peaks),train,NCI-H2170,150-299,266,270,4,4,267,271,6609
ecCount (peaks),train,SNU16,150-299,267,242,25,-25,268,243,6610
ecCount (peaks),train,SNU16,150-299,268,230,38,-38,269,231,6611
ecCount (peaks),test,SNU16,150-299,270,261,9,-9,271,262,6612
ecCount (peaks),train,SNU16,150-299,271,248,23,-23,272,249,6613
ecCount (peaks),train,SNU16,150-299,271,254,17,-17,272,255,6614
ecCount (peaks),test,SNU16,150-299,271,257,14,-14,272,258,6615
ecCount (peaks),val,NCI-H2170,150-299,273,255,18,-18,274,256,6616
ecCount (peaks),train,NCI-H716,150-299,273,302,29,29,274,303,6617
ecCount (peaks),train,NCI-H2170,150-299,274,264,10,-10,275,265,6618
ecCount (peaks),test,NCI-H2170,150-299,274,298,24,24,275,299,6619
ecCount (peaks),train,NCI-H2170,150-299,274,273,1,-1,275,274,6620
ecCount (peaks),train,NCI-H2170,150-299,274,256,18,-18,275,257,6621
ecCount (peaks),train,NCI-H716,150-299,274,277,3,3,275,278,6622
ecCount (peaks),val,SNU16,150-299,274,320,46,46,275,321,6623
ecCount (peaks),train,NCI-H2170,150-299,276,293,17,17,277,294,6624
ecCount (peaks),train,NCI-H2170,150-299,277,289,12,12,278,290,6625
ecCount (peaks),test,NCI-H2170,150-299,278,258,20,-20,279,259,6626
ecCount (peaks),train,NCI-H2170,150-299,278,259,19,-19,279,260,6627
ecCount (peaks),train,SNU16,150-299,279,301,22,22,280,302,6628
ecCount (peaks),train,NCI-H2170,150-299,280,284,4,4,281,285,6629
ecCount (peaks),val,NCI-H2170,150-299,281,293,12,12,282,294,6630
ecCount (peaks),val,NCI-H2170,150-299,281,284,3,3,282,285,6631
ecCount (peaks),val,NCI-H2170,150-299,281,284,3,3,282,285,6632
ecCount (peaks),train,NCI-H716,150-299,281,289,8,8,282,290,6633
ecCount (peaks),train,NCI-H2170,150-299,282,300,18,18,283,301,6634
ecCount (peaks),train,NCI-H2170,150-299,282,273,9,-9,283,274,6635
ecCount (peaks),train,NCI-H2170,150-299,283,287,4,4,284,288,6636
ecCount (peaks),train,NCI-H2170,150-299,283,301,18,18,284,302,6637
ecCount (peaks),train,NCI-H2170,150-299,283,259,24,-24,284,260,6638
ecCount (peaks),test,NCI-H2170,150-299,284,314,30,30,285,315,6639
ecCount (peaks),train,NCI-H2170,150-299,284,302,18,18,285,303,6640
ecCount (peaks),train,NCI-H2170,150-299,285,283,2,-2,286,284,6641
ecCount (peaks),train,NCI-H2170,150-299,286,279,7,-7,287,280,6642
ecCount (peaks),train,SNU16,150-299,286,270,16,-16,287,271,6643
ecCount (peaks),train,NCI-H2170,150-299,287,327,40,40,288,328,6644
ecCount (peaks),train,NCI-H2170,150-299,287,279,8,-8,288,280,6645
ecCount (peaks),train,NCI-H2170,150-299,288,267,21,-21,289,268,6646
ecCount (peaks),train,NCI-H2170,150-299,289,317,28,28,290,318,6647
ecCount (peaks),train,SNU16,150-299,289,283,6,-6,290,284,6648
ecCount (peaks),train,NCI-H2170,150-299,290,299,9,9,291,300,6649
ecCount (peaks),train,NCI-H2170,150-299,291,261,30,-30,292,262,6650
ecCount (peaks),train,NCI-H2170,150-299,291,271,20,-20,292,272,6651
ecCount (peaks),train,NCI-H716,150-299,291,310,19,19,292,311,6652
ecCount (peaks),train,NCI-H2170,150-299,292,281,11,-11,293,282,6653
ecCount (peaks),train,NCI-H2170,150-299,292,314,22,22,293,315,6654
ecCount (peaks),train,NCI-H2170,150-299,292,299,7,7,293,300,6655
ecCount (peaks),test,NCI-H2170,150-299,296,292,4,-4,297,293,6656
ecCount (peaks),test,NCI-H2170,150-299,296,285,11,-11,297,286,6657
ecCount (peaks),val,NCI-H2170,150-299,296,351,55,55,297,352,6658
ecCount (peaks),train,NCI-H2170,150-299,297,295,2,-2,298,296,6659
ecCount (peaks),train,SNU16,150-299,297,323,26,26,298,324,6660
ecCount (peaks),train,NCI-H2170,150-299,299,309,10,10,300,310,6661
ecCount (peaks),test,NCI-H2170,150-299,299,291,8,-8,300,292,6662
ecCount (peaks),train,NCI-H2170,150-299,299,293,6,-6,300,294,6663
ecCount (peaks),test,NCI-H2170,300+,300,307,7,7,301,308,6664
ecCount (peaks),train,SNU16,300+,301,296,5,-5,302,297,6665
ecCount (peaks),test,NCI-H2170,300+,302,308,6,6,303,309,6666
ecCount (peaks),val,NCI-H2170,300+,302,297,5,-5,303,298,6667
ecCount (peaks),val,NCI-H2170,300+,303,276,27,-27,304,277,6668
ecCount (peaks),train,SNU16,300+,303,283,20,-20,304,284,6669
ecCount (peaks),train,NCI-H2170,300+,305,310,5,5,306,311,6670
ecCount (peaks),train,NCI-H2170,300+,307,303,4,-4,308,304,6671
ecCount (peaks),train,NCI-H2170,300+,307,291,16,-16,308,292,6672
ecCount (peaks),test,NCI-H2170,300+,308,296,12,-12,309,297,6673
ecCount (peaks),train,NCI-H2170,300+,308,304,4,-4,309,305,6674
ecCount (peaks),test,SNU16,300+,309,305,4,-4,310,306,6675
ecCount (peaks),train,SNU16,300+,311,293,18,-18,312,294,6676
ecCount (peaks),train,SNU16,300+,313,292,21,-21,314,293,6677
ecCount (peaks),train,SNU16,300+,313,316,3,3,314,317,6678
ecCount (peaks),train,NCI-H2170,300+,314,309,5,-5,315,310,6679
ecCount (peaks),train,NCI-H2170,300+,314,326,12,12,315,327,6680
ecCount (peaks),train,NCI-H2170,300+,314,288,26,-26,315,289,6681
ecCount (peaks),val,NCI-H2170,300+,314,305,9,-9,315,306,6682
ecCount (peaks),test,NCI-H2170,300+,316,316,0,0,317,317,6683
ecCount (peaks),train,SNU16,300+,317,277,40,-40,318,278,6684
ecCount (peaks),train,NCI-H2170,300+,318,334,16,16,319,335,6685
ecCount (peaks),train,NCI-H2170,300+,318,249,69,-69,319,250,6686
ecCount (peaks),test,NCI-H2170,300+,318,309,9,-9,319,310,6687
ecCount (peaks),train,NCI-H2170,300+,319,261,58,-58,320,262,6688
ecCount (peaks),train,SNU16,300+,320,342,22,22,321,343,6689
ecCount (peaks),train,SNU16,300+,321,343,22,22,322,344,6690
ecCount (peaks),train,NCI-H716,300+,322,345,23,23,323,346,6691
ecCount (peaks),train,NCI-H2170,300+,323,399,76,76,324,400,6692
ecCount (peaks),train,NCI-H2170,300+,323,326,3,3,324,327,6693
ecCount (peaks),val,NCI-H2170,300+,324,328,4,4,325,329,6694
ecCount (peaks),test,SNU16,300+,324,307,17,-17,325,308,6695
ecCount (peaks),train,NCI-H2170,300+,325,317,8,-8,326,318,6696
ecCount (peaks),test,SNU16,300+,325,312,13,-13,326,313,6697
ecCount (peaks),train,NCI-H2170,300+,328,341,13,13,329,342,6698
ecCount (peaks),test,NCI-H2170,300+,328,295,33,-33,329,296,6699
ecCount (peaks),train,NCI-H2170,300+,329,411,82,82,330,412,6700
ecCount (peaks),train,NCI-H2170,300+,329,317,12,-12,330,318,6701
ecCount (peaks),train,NCI-H2170,300+,329,326,3,-3,330,327,6702
ecCount (peaks),test,NCI-H2170,300+,330,330,0,0,331,331,6703
ecCount (peaks),train,NCI-H2170,300+,332,341,9,9,333,342,6704
ecCount (peaks),train,NCI-H2170,300+,333,329,4,-4,334,330,6705
ecCount (peaks),train,NCI-H2170,300+,335,322,13,-13,336,323,6706
ecCount (peaks),train,NCI-H2170,300+,337,358,21,21,338,359,6707
ecCount (peaks),train,NCI-H2170,300+,339,387,48,48,340,388,6708
ecCount (peaks),test,NCI-H2170,300+,340,365,25,25,341,366,6709
ecCount (peaks),test,NCI-H2170,300+,341,341,0,0,342,342,6710
ecCount (peaks),test,NCI-H2170,300+,341,319,22,-22,342,320,6711
ecCount (peaks),train,SNU16,300+,341,330,11,-11,342,331,6712
ecCount (peaks),val,NCI-H2170,300+,343,380,37,37,344,381,6713
ecCount (peaks),train,NCI-H2170,300+,344,369,25,25,345,370,6714
ecCount (peaks),train,NCI-H2170,300+,348,380,32,32,349,381,6715
ecCount (peaks),train,NCI-H2170,300+,349,339,10,-10,350,340,6716
ecCount (peaks),train,NCI-H716,300+,349,370,21,21,350,371,6717
ecCount (peaks),train,NCI-H2170,300+,350,410,60,60,351,411,6718
ecCount (peaks),train,NCI-H716,300+,350,355,5,5,351,356,6719
ecCount (peaks),val,NCI-H2170,300+,352,328,24,-24,353,329,6720
ecCount (peaks),train,NCI-H2170,300+,354,358,4,4,355,359,6721
ecCount (peaks),train,NCI-H2170,300+,355,356,1,1,356,357,6722
ecCount (peaks),test,NCI-H2170,300+,358,396,38,38,359,397,6723
ecCount (peaks),train,NCI-H2170,300+,359,365,6,6,360,366,6724
ecCount (peaks),val,NCI-H2170,300+,359,365,6,6,360,366,6725
ecCount (peaks),train,NCI-H2170,300+,362,356,6,-6,363,357,6726
ecCount (peaks),test,NCI-H2170,300+,365,378,13,13,366,379,6727
ecCount (peaks),val,SNU16,300+,366,373,7,7,367,374,6728
ecCount (peaks),val,NCI-H2170,300+,368,368,0,0,369,369,6729
ecCount (peaks),train,NCI-H716,300+,368,397,29,29,369,398,6730
ecCount (peaks),train,SNU16,300+,368,391,23,23,369,392,6731
ecCount (peaks),train,NCI-H716,300+,369,331,38,-38,370,332,6732
ecCount (peaks),train,NCI-H2170,300+,370,366,4,-4,371,367,6733
ecCount (peaks),train,SNU16,300+,370,374,4,4,371,375,6734
ecCount (peaks),train,NCI-H2170,300+,371,388,17,17,372,389,6735
ecCount (peaks),train,SNU16,300+,372,361,11,-11,373,362,6736
ecCount (peaks),train,NCI-H2170,300+,373,385,12,12,374,386,6737
ecCount (peaks),train,SNU16,300+,374,381,7,7,375,382,6738
ecCount (peaks),train,NCI-H2170,300+,375,383,8,8,376,384,6739
ecCount (peaks),train,NCI-H2170,300+,375,375,0,0,376,376,6740
ecCount (peaks),train,NCI-H2170,300+,375,418,43,43,376,419,6741
ecCount (peaks),test,NCI-H2170,300+,375,369,6,-6,376,370,6742
ecCount (peaks),train,NCI-H2170,300+,376,404,28,28,377,405,6743
ecCount (peaks),train,SNU16,300+,376,414,38,38,377,415,6744
ecCount (peaks),train,NCI-H2170,300+,378,376,2,-2,379,377,6745
ecCount (peaks),val,NCI-H2170,300+,378,340,38,-38,379,341,6746
ecCount (peaks),val,SNU16,300+,380,329,51,-51,381,330,6747
ecCount (peaks),train,NCI-H2170,300+,382,594,212,212,383,595,6748
ecCount (peaks),val,SNU16,300+,382,373,9,-9,383,374,6749
ecCount (peaks),train,NCI-H716,300+,386,421,35,35,387,422,6750
ecCount (peaks),train,NCI-H2170,300+,390,399,9,9,391,400,6751
ecCount (peaks),train,NCI-H2170,300+,390,343,47,-47,391,344,6752
ecCount (peaks),train,NCI-H2170,300+,391,421,30,30,392,422,6753
ecCount (peaks),train,SNU16,300+,392,359,33,-33,393,360,6754
ecCount (peaks),train,SNU16,300+,394,416,22,22,395,417,6755
ecCount (peaks),train,NCI-H2170,300+,395,411,16,16,396,412,6756
ecCount (peaks),test,NCI-H2170,300+,396,383,13,-13,397,384,6757
ecCount (peaks),train,NCI-H2170,300+,396,340,56,-56,397,341,6758
ecCount (peaks),train,NCI-H2170,300+,396,398,2,2,397,399,6759
ecCount (peaks),train,NCI-H2170,300+,398,435,37,37,399,436,6760
ecCount (peaks),test,NCI-H2170,300+,400,431,31,31,401,432,6761
ecCount (peaks),train,NCI-H2170,300+,402,400,2,-2,403,401,6762
ecCount (peaks),train,NCI-H2170,300+,402,401,1,-1,403,402,6763
ecCount (peaks),val,NCI-H2170,300+,402,399,3,-3,403,400,6764
ecCount (peaks),test,NCI-H2170,300+,403,411,8,8,404,412,6765
ecCount (peaks),train,NCI-H2170,300+,404,404,0,0,405,405,6766
ecCount (peaks),test,NCI-H2170,300+,406,371,35,-35,407,372,6767
ecCount (peaks),train,NCI-H2170,300+,406,360,46,-46,407,361,6768
ecCount (peaks),train,NCI-H2170,300+,407,388,19,-19,408,389,6769
ecCount (peaks),test,NCI-H2170,300+,411,413,2,2,412,414,6770
ecCount (peaks),train,NCI-H2170,300+,413,418,5,5,414,419,6771
ecCount (peaks),train,SNU16,300+,413,434,21,21,414,435,6772
ecCount (peaks),val,SNU16,300+,415,414,1,-1,416,415,6773
ecCount (peaks),train,NCI-H2170,300+,418,411,7,-7,419,412,6774
ecCount (peaks),train,NCI-H2170,300+,419,336,83,-83,420,337,6775
ecCount (peaks),test,SNU16,300+,422,393,29,-29,423,394,6776
ecCount (peaks),train,NCI-H2170,300+,425,458,33,33,426,459,6777
ecCount (peaks),val,SNU16,300+,426,460,34,34,427,461,6778
ecCount (peaks),val,NCI-H2170,300+,430,414,16,-16,431,415,6779
ecCount (peaks),train,NCI-H2170,300+,431,438,7,7,432,439,6780
ecCount (peaks),train,SNU16,300+,433,393,40,-40,434,394,6781
ecCount (peaks),train,NCI-H2170,300+,434,444,10,10,435,445,6782
ecCount (peaks),train,SNU16,300+,434,407,27,-27,435,408,6783
ecCount (peaks),train,NCI-H2170,300+,436,428,8,-8,437,429,6784
ecCount (peaks),train,NCI-H2170,300+,438,407,31,-31,439,408,6785
ecCount (peaks),train,NCI-H2170,300+,438,444,6,6,439,445,6786
ecCount (peaks),train,NCI-H2170,300+,441,443,2,2,442,444,6787
ecCount (peaks),val,NCI-H2170,300+,442,475,33,33,443,476,6788
ecCount (peaks),train,SNU16,300+,444,459,15,15,445,460,6789
ecCount (peaks),test,NCI-H2170,300+,445,491,46,46,446,492,6790
ecCount (peaks),test,NCI-H2170,300+,446,459,13,13,447,460,6791
ecCount (peaks),train,NCI-H2170,300+,446,425,21,-21,447,426,6792
ecCount (peaks),val,NCI-H2170,300+,451,554,103,103,452,555,6793
ecCount (peaks),train,NCI-H2170,300+,453,475,22,22,454,476,6794
ecCount (peaks),train,NCI-H2170,300+,456,483,27,27,457,484,6795
ecCount (peaks),train,NCI-H2170,300+,458,452,6,-6,459,453,6796
ecCount (peaks),train,SNU16,300+,459,426,33,-33,460,427,6797
ecCount (peaks),train,NCI-H2170,300+,460,418,42,-42,461,419,6798
ecCount (peaks),train,NCI-H2170,300+,462,454,8,-8,463,455,6799
ecCount (peaks),train,NCI-H716,300+,468,478,10,10,469,479,6800
ecCount (peaks),train,SNU16,300+,471,452,19,-19,472,453,6801
ecCount (peaks),test,NCI-H2170,300+,472,413,59,-59,473,414,6802
ecCount (peaks),val,NCI-H2170,300+,473,418,55,-55,474,419,6803
ecCount (peaks),train,NCI-H2170,300+,475,443,32,-32,476,444,6804
ecCount (peaks),train,NCI-H2170,300+,478,618,140,140,479,619,6805
ecCount (peaks),test,NCI-H2170,300+,478,471,7,-7,479,472,6806
ecCount (peaks),train,NCI-H2170,300+,479,480,1,1,480,481,6807
ecCount (peaks),train,SNU16,300+,481,543,62,62,482,544,6808
ecCount (peaks),train,NCI-H2170,300+,489,502,13,13,490,503,6809
ecCount (peaks),train,NCI-H2170,300+,491,504,13,13,492,505,6810
ecCount (peaks),train,NCI-H2170,300+,495,484,11,-11,496,485,6811
ecCount (peaks),train,NCI-H2170,300+,497,528,31,31,498,529,6812
ecCount (peaks),train,NCI-H2170,300+,497,489,8,-8,498,490,6813
ecCount (peaks),train,NCI-H2170,300+,498,508,10,10,499,509,6814
ecCount (peaks),test,SNU16,300+,499,541,42,42,500,542,6815
ecCount (peaks),train,NCI-H2170,300+,503,488,15,-15,504,489,6816
ecCount (peaks),train,NCI-H2170,300+,504,516,12,12,505,517,6817
ecCount (peaks),train,NCI-H2170,300+,505,525,20,20,506,526,6818
ecCount (peaks),train,NCI-H2170,300+,506,485,21,-21,507,486,6819
ecCount (peaks),train,NCI-H2170,300+,513,530,17,17,514,531,6820
ecCount (peaks),train,NCI-H2170,300+,517,502,15,-15,518,503,6821
ecCount (peaks),val,NCI-H2170,300+,520,528,8,8,521,529,6822
ecCount (peaks),train,NCI-H2170,300+,520,485,35,-35,521,486,6823
ecCount (peaks),test,NCI-H2170,300+,521,511,10,-10,522,512,6824
ecCount (peaks),train,NCI-H2170,300+,523,515,8,-8,524,516,6825
ecCount (peaks),val,NCI-H2170,300+,526,535,9,9,527,536,6826
ecCount (peaks),train,SNU16,300+,527,484,43,-43,528,485,6827
ecCount (peaks),train,NCI-H2170,300+,534,559,25,25,535,560,6828
ecCount (peaks),train,NCI-H2170,300+,536,579,43,43,537,580,6829
ecCount (peaks),test,NCI-H2170,300+,539,577,38,38,540,578,6830
ecCount (peaks),val,NCI-H2170,300+,557,541,16,-16,558,542,6831
ecCount (peaks),test,NCI-H2170,300+,559,578,19,19,560,579,6832
ecCount (peaks),train,NCI-H2170,300+,560,561,1,1,561,562,6833
ecCount (peaks),val,NCI-H2170,300+,567,580,13,13,568,581,6834
ecCount (peaks),train,NCI-H2170,300+,572,541,31,-31,573,542,6835
ecCount (peaks),train,NCI-H2170,300+,574,573,1,-1,575,574,6836
ecCount (peaks),train,NCI-H2170,300+,589,589,0,0,590,590,6837
ecCount (peaks),train,NCI-H2170,300+,597,604,7,7,598,605,6838
ecCount (peaks),train,NCI-H2170,300+,597,538,59,-59,598,539,6839
ecCount (peaks),train,NCI-H2170,300+,604,606,2,2,605,607,6840
ecCount (peaks),train,NCI-H2170,300+,604,622,18,18,605,623,6841
ecCount (peaks),train,NCI-H2170,300+,611,582,29,-29,612,583,6842
ecCount (peaks),train,NCI-H2170,300+,611,574,37,-37,612,575,6843
ecCount (peaks),train,NCI-H2170,300+,613,629,16,16,614,630,6844
ecCount (peaks),train,SNU16,300+,635,675,40,40,636,676,6845
ecCount (peaks),train,SNU16,300+,637,620,17,-17,638,621,6846
ecCount (peaks),test,NCI-H2170,300+,642,622,20,-20,643,623,6847
ecCount (peaks),train,SNU16,300+,663,595,68,-68,664,596,6848
ecCount (peaks),train,NCI-H2170,300+,664,741,77,77,665,742,6849
ecCount (peaks),train,SNU16,300+,664,629,35,-35,665,630,6850
ecCount (peaks),test,SNU16,300+,670,645,25,-25,671,646,6851
ecCount (peaks),train,NCI-H2170,300+,676,729,53,53,677,730,6852
ecCount (peaks),val,SNU16,300+,705,668,37,-37,706,669,6853
ecCount (peaks),train,NCI-H2170,300+,742,694,48,-48,743,695,6854
ecCount (peaks),val,NCI-H2170,300+,763,790,27,27,764,791,6855
ecCount (peaks),train,NCI-H2170,300+,769,801,32,32,770,802,6856
ecCount (peaks),train,NCI-H2170,300+,783,702,81,-81,784,703,6857
ecCount (peaks),train,NCI-H2170,300+,801,801,0,0,802,802,6858
ecCount (peaks),train,NCI-H2170,300+,829,829,0,0,830,830,6859
ecCount (peaks),train,NCI-H2170,300+,832,849,17,17,833,850,6860
ecCount (peaks),val,NCI-H2170,300+,835,780,55,-55,836,781,6861
ecCount (peaks),train,NCI-H2170,300+,843,897,54,54,844,898,6862
ecCount (peaks),train,NCI-H2170,300+,862,824,38,-38,863,825,6863
ecCount (peaks),val,NCI-H2170,300+,867,871,4,4,868,872,6864
ecCount (peaks),train,NCI-H2170,300+,909,894,15,-15,910,895,6865
ecCount (peaks),test,NCI-H2170,300+,912,919,7,7,913,920,6866
ecCount (peaks),train,SNU16,300+,990,953,37,-37,991,954,6867
ecCount (peaks),train,SNU16,300+,1231,1192,39,-39,1232,1193,6868
ecCount (peaks),train,NCI-H2170,300+,1687,1724,37,37,1688,1725,6869
