uid,split,cell_line,cond,model,gt_count,pred_count
colo320dm_qpcr_jq1_24h_ctrl_100,train,COLO320DM,colo320dm_qpcr_jq1_24h_ctrl,ecCount (peaks),63,65
colo320dm_qpcr_jq1_24h_ctrl_101,train,COLO320DM,colo320dm_qpcr_jq1_24h_ctrl,ecCount (peaks),45,51
colo320dm_qpcr_jq1_24h_ctrl_103,train,COLO320DM,colo320dm_qpcr_jq1_24h_ctrl,ecCount (peaks),39,40
colo320dm_qpcr_jq1_24h_ctrl_105,val,COLO320DM,colo320dm_qpcr_jq1_24h_ctrl,ecCount (peaks),59,55
colo320dm_qpcr_jq1_24h_ctrl_109,val,COLO320DM,colo320dm_qpcr_jq1_24h_ctrl,ecCount (peaks),71,51
colo320dm_qpcr_jq1_24h_ctrl_110,train,COLO320DM,colo320dm_qpcr_jq1_24h_ctrl,ecCount (peaks),27,28
colo320dm_qpcr_jq1_24h_ctrl_111,train,COLO320DM,colo320dm_qpcr_jq1_24h_ctrl,ecCount (peaks),80,82
colo320dm_qpcr_jq1_24h_ctrl_112,train,COLO320DM,colo320dm_qpcr_jq1_24h_ctrl,ecCount (peaks),83,79
colo320dm_qpcr_jq1_24h_ctrl_114,test,COLO320DM,colo320dm_qpcr_jq1_24h_ctrl,ecCount (peaks),107,101
colo320dm_qpcr_jq1_24h_ctrl_12,train,COLO320DM,colo320dm_qpcr_jq1_24h_ctrl,ecCount (peaks),16,19
colo320dm_qpcr_jq1_24h_ctrl_17,val,COLO320DM,colo320dm_qpcr_jq1_24h_ctrl,ecCount (peaks),13,16
colo320dm_qpcr_jq1_24h_ctrl_18,train,COLO320DM,colo320dm_qpcr_jq1_24h_ctrl,ecCount (peaks),51,49
colo320dm_qpcr_jq1_24h_ctrl_21,val,COLO320DM,colo320dm_qpcr_jq1_24h_ctrl,ecCount (peaks),40,40
colo320dm_qpcr_jq1_24h_ctrl_22,train,COLO320DM,colo320dm_qpcr_jq1_24h_ctrl,ecCount (peaks),65,52
colo320dm_qpcr_jq1_24h_ctrl_23,test,COLO320DM,colo320dm_qpcr_jq1_24h_ctrl,ecCount (peaks),57,56
colo320dm_qpcr_jq1_24h_ctrl_25,train,COLO320DM,colo320dm_qpcr_jq1_24h_ctrl,ecCount (peaks),53,54
colo320dm_qpcr_jq1_24h_ctrl_26,train,COLO320DM,colo320dm_qpcr_jq1_24h_ctrl,ecCount (peaks),22,22
colo320dm_qpcr_jq1_24h_ctrl_27,val,COLO320DM,colo320dm_qpcr_jq1_24h_ctrl,ecCount (peaks),18,15
colo320dm_qpcr_jq1_24h_ctrl_28,train,COLO320DM,colo320dm_qpcr_jq1_24h_ctrl,ecCount (peaks),35,31
colo320dm_qpcr_jq1_24h_ctrl_3,train,COLO320DM,colo320dm_qpcr_jq1_24h_ctrl,ecCount (peaks),144,146
colo320dm_qpcr_jq1_24h_ctrl_31,val,COLO320DM,colo320dm_qpcr_jq1_24h_ctrl,ecCount (peaks),143,148
colo320dm_qpcr_jq1_24h_ctrl_33,test,COLO320DM,colo320dm_qpcr_jq1_24h_ctrl,ecCount (peaks),24,20
colo320dm_qpcr_jq1_24h_ctrl_35,val,COLO320DM,colo320dm_qpcr_jq1_24h_ctrl,ecCount (peaks),57,52
colo320dm_qpcr_jq1_24h_ctrl_36,train,COLO320DM,colo320dm_qpcr_jq1_24h_ctrl,ecCount (peaks),59,54
colo320dm_qpcr_jq1_24h_ctrl_37,train,COLO320DM,colo320dm_qpcr_jq1_24h_ctrl,ecCount (peaks),12,9
colo320dm_qpcr_jq1_24h_ctrl_38,train,COLO320DM,colo320dm_qpcr_jq1_24h_ctrl,ecCount (peaks),41,40
colo320dm_qpcr_jq1_24h_ctrl_39,test,COLO320DM,colo320dm_qpcr_jq1_24h_ctrl,ecCount (peaks),41,49
colo320dm_qpcr_jq1_24h_ctrl_4,train,COLO320DM,colo320dm_qpcr_jq1_24h_ctrl,ecCount (peaks),46,47
colo320dm_qpcr_jq1_24h_ctrl_41,train,COLO320DM,colo320dm_qpcr_jq1_24h_ctrl,ecCount (peaks),101,90
colo320dm_qpcr_jq1_24h_ctrl_43,train,COLO320DM,colo320dm_qpcr_jq1_24h_ctrl,ecCount (peaks),44,43
colo320dm_qpcr_jq1_24h_ctrl_47,test,COLO320DM,colo320dm_qpcr_jq1_24h_ctrl,ecCount (peaks),22,26
colo320dm_qpcr_jq1_24h_ctrl_48,test,COLO320DM,colo320dm_qpcr_jq1_24h_ctrl,ecCount (peaks),32,31
colo320dm_qpcr_jq1_24h_ctrl_49,train,COLO320DM,colo320dm_qpcr_jq1_24h_ctrl,ecCount (peaks),74,67
colo320dm_qpcr_jq1_24h_ctrl_50,train,COLO320DM,colo320dm_qpcr_jq1_24h_ctrl,ecCount (peaks),7,5
colo320dm_qpcr_jq1_24h_ctrl_55,train,COLO320DM,colo320dm_qpcr_jq1_24h_ctrl,ecCount (peaks),34,36
colo320dm_qpcr_jq1_24h_ctrl_58,train,COLO320DM,colo320dm_qpcr_jq1_24h_ctrl,ecCount (peaks),15,15
colo320dm_qpcr_jq1_24h_ctrl_65,train,COLO320DM,colo320dm_qpcr_jq1_24h_ctrl,ecCount (peaks),30,27
colo320dm_qpcr_jq1_24h_ctrl_66_a,train,COLO320DM,colo320dm_qpcr_jq1_24h_ctrl,ecCount (peaks),61,58
colo320dm_qpcr_jq1_24h_ctrl_67,test,COLO320DM,colo320dm_qpcr_jq1_24h_ctrl,ecCount (peaks),91,93
colo320dm_qpcr_jq1_24h_ctrl_69,test,COLO320DM,colo320dm_qpcr_jq1_24h_ctrl,ecCount (peaks),54,45
colo320dm_qpcr_jq1_24h_ctrl_72,train,COLO320DM,colo320dm_qpcr_jq1_24h_ctrl,ecCount (peaks),37,36
colo320dm_qpcr_jq1_24h_ctrl_75,train,COLO320DM,colo320dm_qpcr_jq1_24h_ctrl,ecCount (peaks),47,48
colo320dm_qpcr_jq1_24h_ctrl_78_a,train,COLO320DM,colo320dm_qpcr_jq1_24h_ctrl,ecCount (peaks),26,30
colo320dm_qpcr_jq1_24h_ctrl_78_b,train,COLO320DM,colo320dm_qpcr_jq1_24h_ctrl,ecCount (peaks),52,52
colo320dm_qpcr_jq1_24h_ctrl_79,train,COLO320DM,colo320dm_qpcr_jq1_24h_ctrl,ecCount (peaks),10,11
colo320dm_qpcr_jq1_24h_ctrl_8,train,COLO320DM,colo320dm_qpcr_jq1_24h_ctrl,ecCount (peaks),36,38
colo320dm_qpcr_jq1_24h_ctrl_81,train,COLO320DM,colo320dm_qpcr_jq1_24h_ctrl,ecCount (peaks),59,61
colo320dm_qpcr_jq1_24h_ctrl_82,train,COLO320DM,colo320dm_qpcr_jq1_24h_ctrl,ecCount (peaks),30,31
colo320dm_qpcr_jq1_24h_ctrl_87_a,test,COLO320DM,colo320dm_qpcr_jq1_24h_ctrl,ecCount (peaks),31,27
colo320dm_qpcr_jq1_24h_ctrl_87_b,train,COLO320DM,colo320dm_qpcr_jq1_24h_ctrl,ecCount (peaks),45,51
colo320dm_qpcr_jq1_24h_ctrl_88,train,COLO320DM,colo320dm_qpcr_jq1_24h_ctrl,ecCount (peaks),53,53
colo320dm_qpcr_jq1_24h_ctrl_89,train,COLO320DM,colo320dm_qpcr_jq1_24h_ctrl,ecCount (peaks),15,18
colo320dm_qpcr_jq1_24h_ctrl_9,train,COLO320DM,colo320dm_qpcr_jq1_24h_ctrl,ecCount (peaks),23,24
colo320dm_qpcr_jq1_24h_ctrl_90,train,COLO320DM,colo320dm_qpcr_jq1_24h_ctrl,ecCount (peaks),89,94
colo320dm_qpcr_jq1_24h_ctrl_92,train,COLO320DM,colo320dm_qpcr_jq1_24h_ctrl,ecCount (peaks),55,57
colo320dm_qpcr_jq1_24h_ctrl_95,train,COLO320DM,colo320dm_qpcr_jq1_24h_ctrl,ecCount (peaks),32,32
colo320dm_qpcr_jq1_24h_ctrl_96,test,COLO320DM,colo320dm_qpcr_jq1_24h_ctrl,ecCount (peaks),49,41
colo320dm_qpcr_jq1_24h_ctrl_97,train,COLO320DM,colo320dm_qpcr_jq1_24h_ctrl,ecCount (peaks),87,89
colo320dm_qpcr_jq1_24h_ctrl_99,val,COLO320DM,colo320dm_qpcr_jq1_24h_ctrl,ecCount (peaks),74,77
colo320dm_qpcr_jq1_24h_dmso_104,train,COLO320DM,colo320dm_qpcr_jq1_24h_dmso,ecCount (peaks),4,3
colo320dm_qpcr_jq1_24h_dmso_111,test,COLO320DM,colo320dm_qpcr_jq1_24h_dmso,ecCount (peaks),4,41
colo320dm_qpcr_jq1_24h_dmso_49,train,COLO320DM,colo320dm_qpcr_jq1_24h_dmso,ecCount (peaks),1,60
colo320dm_qpcr_jq1_24h_dmso_6,train,COLO320DM,colo320dm_qpcr_jq1_24h_dmso,ecCount (peaks),4,26
colo320dm_qpcr_jq1_24h_dmso_88,val,COLO320DM,colo320dm_qpcr_jq1_24h_dmso,ecCount (peaks),4,22
ncih2170_antibiotics_blank_ctrl_1,train,NCI-H2170,ncih2170_antibiotics_blank_ctrl,ecCount (peaks),235,242
ncih2170_antibiotics_blank_ctrl_100,test,NCI-H2170,ncih2170_antibiotics_blank_ctrl,ecCount (peaks),102,90
ncih2170_antibiotics_blank_ctrl_101,val,NCI-H2170,ncih2170_antibiotics_blank_ctrl,ecCount (peaks),266,269
ncih2170_antibiotics_blank_ctrl_102,train,NCI-H2170,ncih2170_antibiotics_blank_ctrl,ecCount (peaks),402,400
ncih2170_antibiotics_blank_ctrl_103,val,NCI-H2170,ncih2170_antibiotics_blank_ctrl,ecCount (peaks),228,215
ncih2170_antibiotics_blank_ctrl_104,test,NCI-H2170,ncih2170_antibiotics_blank_ctrl,ecCount (peaks),316,316
ncih2170_antibiotics_blank_ctrl_105,test,NCI-H2170,ncih2170_antibiotics_blank_ctrl,ecCount (peaks),175,173
ncih2170_antibiotics_blank_ctrl_106,train,NCI-H2170,ncih2170_antibiotics_blank_ctrl,ecCount (peaks),101,99
ncih2170_antibiotics_blank_ctrl_107,test,NCI-H2170,ncih2170_antibiotics_blank_ctrl,ecCount (peaks),559,578
ncih2170_antibiotics_blank_ctrl_109,test,NCI-H2170,ncih2170_antibiotics_blank_ctrl,ecCount (peaks),182,181
ncih2170_antibiotics_blank_ctrl_11,val,NCI-H2170,ncih2170_antibiotics_blank_ctrl,ecCount (peaks),181,203
ncih2170_antibiotics_blank_ctrl_110,test,NCI-H2170,ncih2170_antibiotics_blank_ctrl,ecCount (peaks),411,413
ncih2170_antibiotics_blank_ctrl_111,train,NCI-H2170,ncih2170_antibiotics_blank_ctrl,ecCount (peaks),108,84
ncih2170_antibiotics_blank_ctrl_113,test,NCI-H2170,ncih2170_antibiotics_blank_ctrl,ecCount (peaks),341,341
ncih2170_antibiotics_blank_ctrl_114,train,NCI-H2170,ncih2170_antibiotics_blank_ctrl,ecCount (peaks),154,150
ncih2170_antibiotics_blank_ctrl_115,val,NCI-H2170,ncih2170_antibiotics_blank_ctrl,ecCount (peaks),125,122
ncih2170_antibiotics_blank_ctrl_116,train,NCI-H2170,ncih2170_antibiotics_blank_ctrl,ecCount (peaks),282,300
ncih2170_antibiotics_blank_ctrl_117,train,NCI-H2170,ncih2170_antibiotics_blank_ctrl,ecCount (peaks),307,303
ncih2170_antibiotics_blank_ctrl_118,train,NCI-H2170,ncih2170_antibiotics_blank_ctrl,ecCount (peaks),453,475
ncih2170_antibiotics_blank_ctrl_12,train,NCI-H2170,ncih2170_antibiotics_blank_ctrl,ecCount (peaks),122,123
ncih2170_antibiotics_blank_ctrl_13,train,NCI-H2170,ncih2170_antibiotics_blank_ctrl,ecCount (peaks),86,89
ncih2170_antibiotics_blank_ctrl_14,train,NCI-H2170,ncih2170_antibiotics_blank_ctrl,ecCount (peaks),329,411
ncih2170_antibiotics_blank_ctrl_15,train,NCI-H2170,ncih2170_antibiotics_blank_ctrl,ecCount (peaks),210,207
ncih2170_antibiotics_blank_ctrl_16,train,NCI-H2170,ncih2170_antibiotics_blank_ctrl,ecCount (peaks),91,105
ncih2170_antibiotics_blank_ctrl_17,train,NCI-H2170,ncih2170_antibiotics_blank_ctrl,ecCount (peaks),604,606
ncih2170_antibiotics_blank_ctrl_18,val,NCI-H2170,ncih2170_antibiotics_blank_ctrl,ecCount (peaks),157,164
ncih2170_antibiotics_blank_ctrl_19,train,NCI-H2170,ncih2170_antibiotics_blank_ctrl,ecCount (peaks),92,97
ncih2170_antibiotics_blank_ctrl_2,train,NCI-H2170,ncih2170_antibiotics_blank_ctrl,ecCount (peaks),373,385
ncih2170_antibiotics_blank_ctrl_20,train,NCI-H2170,ncih2170_antibiotics_blank_ctrl,ecCount (peaks),128,160
ncih2170_antibiotics_blank_ctrl_21,train,NCI-H2170,ncih2170_antibiotics_blank_ctrl,ecCount (peaks),224,225
ncih2170_antibiotics_blank_ctrl_22,train,NCI-H2170,ncih2170_antibiotics_blank_ctrl,ecCount (peaks),375,383
ncih2170_antibiotics_blank_ctrl_23,val,NCI-H2170,ncih2170_antibiotics_blank_ctrl,ecCount (peaks),281,293
ncih2170_antibiotics_blank_ctrl_24,train,NCI-H2170,ncih2170_antibiotics_blank_ctrl,ecCount (peaks),153,154
ncih2170_antibiotics_blank_ctrl_25,train,NCI-H2170,ncih2170_antibiotics_blank_ctrl,ecCount (peaks),42,49
ncih2170_antibiotics_blank_ctrl_27,train,NCI-H2170,ncih2170_antibiotics_blank_ctrl,ecCount (peaks),318,334
ncih2170_antibiotics_blank_ctrl_28,train,NCI-H2170,ncih2170_antibiotics_blank_ctrl,ecCount (peaks),256,312
ncih2170_antibiotics_blank_ctrl_29,train,NCI-H2170,ncih2170_antibiotics_blank_ctrl,ecCount (peaks),104,113
ncih2170_antibiotics_blank_ctrl_30,train,NCI-H2170,ncih2170_antibiotics_blank_ctrl,ecCount (peaks),339,387
ncih2170_antibiotics_blank_ctrl_31,train,NCI-H2170,ncih2170_antibiotics_blank_ctrl,ecCount (peaks),88,88
ncih2170_antibiotics_blank_ctrl_32,train,NCI-H2170,ncih2170_antibiotics_blank_ctrl,ecCount (peaks),138,137
ncih2170_antibiotics_blank_ctrl_33,train,NCI-H2170,ncih2170_antibiotics_blank_ctrl,ecCount (peaks),207,201
ncih2170_antibiotics_blank_ctrl_34,val,NCI-H2170,ncih2170_antibiotics_blank_ctrl,ecCount (peaks),91,80
ncih2170_antibiotics_blank_ctrl_35,test,NCI-H2170,ncih2170_antibiotics_blank_ctrl,ecCount (peaks),84,94
ncih2170_antibiotics_blank_ctrl_37,test,NCI-H2170,ncih2170_antibiotics_blank_ctrl,ecCount (peaks),539,577
ncih2170_antibiotics_blank_ctrl_38,train,NCI-H2170,ncih2170_antibiotics_blank_ctrl,ecCount (peaks),402,401
ncih2170_antibiotics_blank_ctrl_39,train,NCI-H2170,ncih2170_antibiotics_blank_ctrl,ecCount (peaks),391,421
ncih2170_antibiotics_blank_ctrl_40,test,NCI-H2170,ncih2170_antibiotics_blank_ctrl,ecCount (peaks),248,248
ncih2170_antibiotics_blank_ctrl_41,train,NCI-H2170,ncih2170_antibiotics_blank_ctrl,ecCount (peaks),76,76
ncih2170_antibiotics_blank_ctrl_42,train,NCI-H2170,ncih2170_antibiotics_blank_ctrl,ecCount (peaks),153,160
ncih2170_antibiotics_blank_ctrl_43,test,NCI-H2170,ncih2170_antibiotics_blank_ctrl,ecCount (peaks),239,253
ncih2170_antibiotics_blank_ctrl_44,train,NCI-H2170,ncih2170_antibiotics_blank_ctrl,ecCount (peaks),181,181
ncih2170_antibiotics_blank_ctrl_47,test,NCI-H2170,ncih2170_antibiotics_blank_ctrl,ecCount (peaks),296,292
ncih2170_antibiotics_blank_ctrl_48,train,NCI-H2170,ncih2170_antibiotics_blank_ctrl,ecCount (peaks),71,78
ncih2170_antibiotics_blank_ctrl_5,train,NCI-H2170,ncih2170_antibiotics_blank_ctrl,ecCount (peaks),597,604
ncih2170_antibiotics_blank_ctrl_50,train,NCI-H2170,ncih2170_antibiotics_blank_ctrl,ecCount (peaks),197,194
ncih2170_antibiotics_blank_ctrl_51,val,NCI-H2170,ncih2170_antibiotics_blank_ctrl,ecCount (peaks),159,176
ncih2170_antibiotics_blank_ctrl_52,val,NCI-H2170,ncih2170_antibiotics_blank_ctrl,ecCount (peaks),324,328
ncih2170_antibiotics_blank_ctrl_53,test,NCI-H2170,ncih2170_antibiotics_blank_ctrl,ecCount (peaks),302,308
ncih2170_antibiotics_blank_ctrl_55,train,NCI-H2170,ncih2170_antibiotics_blank_ctrl,ecCount (peaks),254,288
ncih2170_antibiotics_blank_ctrl_56,train,NCI-H2170,ncih2170_antibiotics_blank_ctrl,ecCount (peaks),240,251
ncih2170_antibiotics_blank_ctrl_57,train,NCI-H2170,ncih2170_antibiotics_blank_ctrl,ecCount (peaks),214,237
ncih2170_antibiotics_blank_ctrl_58,train,NCI-H2170,ncih2170_antibiotics_blank_ctrl,ecCount (peaks),181,178
ncih2170_antibiotics_blank_ctrl_59,train,NCI-H2170,ncih2170_antibiotics_blank_ctrl,ecCount (peaks),207,207
ncih2170_antibiotics_blank_ctrl_6,val,NCI-H2170,ncih2170_antibiotics_blank_ctrl,ecCount (peaks),402,399
ncih2170_antibiotics_blank_ctrl_60,train,NCI-H2170,ncih2170_antibiotics_blank_ctrl,ecCount (peaks),314,309
ncih2170_antibiotics_blank_ctrl_61,train,NCI-H2170,ncih2170_antibiotics_blank_ctrl,ecCount (peaks),259,271
ncih2170_antibiotics_blank_ctrl_62,train,NCI-H2170,ncih2170_antibiotics_blank_ctrl,ecCount (peaks),299,309
ncih2170_antibiotics_blank_ctrl_63,val,NCI-H2170,ncih2170_antibiotics_blank_ctrl,ecCount (peaks),763,790
ncih2170_antibiotics_blank_ctrl_64,train,NCI-H2170,ncih2170_antibiotics_blank_ctrl,ecCount (peaks),124,124
ncih2170_antibiotics_blank_ctrl_65,train,NCI-H2170,ncih2170_antibiotics_blank_ctrl,ecCount (peaks),139,137
ncih2170_antibiotics_blank_ctrl_66,train,NCI-H2170,ncih2170_antibiotics_blank_ctrl,ecCount (peaks),329,317
ncih2170_antibiotics_blank_ctrl_67,train,NCI-H2170,ncih2170_antibiotics_blank_ctrl,ecCount (peaks),250,256
ncih2170_antibiotics_blank_ctrl_69,train,NCI-H2170,ncih2170_antibiotics_blank_ctrl,ecCount (peaks),335,322
ncih2170_antibiotics_blank_ctrl_7,train,NCI-H2170,ncih2170_antibiotics_blank_ctrl,ecCount (peaks),328,341
ncih2170_antibiotics_blank_ctrl_70,test,NCI-H2170,ncih2170_antibiotics_blank_ctrl,ecCount (peaks),446,459
ncih2170_antibiotics_blank_ctrl_71,test,NCI-H2170,ncih2170_antibiotics_blank_ctrl,ecCount (peaks),330,330
ncih2170_antibiotics_blank_ctrl_74,train,NCI-H2170,ncih2170_antibiotics_blank_ctrl,ecCount (peaks),375,375
ncih2170_antibiotics_blank_ctrl_75,train,NCI-H2170,ncih2170_antibiotics_blank_ctrl,ecCount (peaks),133,140
ncih2170_antibiotics_blank_ctrl_76,train,NCI-H2170,ncih2170_antibiotics_blank_ctrl,ecCount (peaks),456,483
ncih2170_antibiotics_blank_ctrl_77,train,NCI-H2170,ncih2170_antibiotics_blank_ctrl,ecCount (peaks),261,280
ncih2170_antibiotics_blank_ctrl_78,test,NCI-H2170,ncih2170_antibiotics_blank_ctrl,ecCount (peaks),300,307
ncih2170_antibiotics_blank_ctrl_79,train,NCI-H2170,ncih2170_antibiotics_blank_ctrl,ecCount (peaks),337,358
ncih2170_antibiotics_blank_ctrl_80,train,NCI-H2170,ncih2170_antibiotics_blank_ctrl,ecCount (peaks),146,154
ncih2170_antibiotics_blank_ctrl_81,train,NCI-H2170,ncih2170_antibiotics_blank_ctrl,ecCount (peaks),93,101
ncih2170_antibiotics_blank_ctrl_82,train,NCI-H2170,ncih2170_antibiotics_blank_ctrl,ecCount (peaks),99,107
ncih2170_antibiotics_blank_ctrl_84,val,NCI-H2170,ncih2170_antibiotics_blank_ctrl,ecCount (peaks),281,284
ncih2170_antibiotics_blank_ctrl_86,train,NCI-H2170,ncih2170_antibiotics_blank_ctrl,ecCount (peaks),287,327
ncih2170_antibiotics_blank_ctrl_87,train,NCI-H2170,ncih2170_antibiotics_blank_ctrl,ecCount (peaks),90,90
ncih2170_antibiotics_blank_ctrl_88_a,val,NCI-H2170,ncih2170_antibiotics_blank_ctrl,ecCount (peaks),343,380
ncih2170_antibiotics_blank_ctrl_89,val,NCI-H2170,ncih2170_antibiotics_blank_ctrl,ecCount (peaks),94,100
ncih2170_antibiotics_blank_ctrl_9,train,NCI-H2170,ncih2170_antibiotics_blank_ctrl,ecCount (peaks),769,801
ncih2170_antibiotics_blank_ctrl_96,train,NCI-H2170,ncih2170_antibiotics_blank_ctrl,ecCount (peaks),106,103
ncih2170_antibiotics_blank_ctrl_97,train,NCI-H2170,ncih2170_antibiotics_blank_ctrl,ecCount (peaks),146,147
ncih2170_antibiotics_blank_ctrl_98,train,NCI-H2170,ncih2170_antibiotics_blank_ctrl,ecCount (peaks),219,234
ncih2170_antibiotics_ps_10,train,NCI-H2170,ncih2170_antibiotics_ps,ecCount (peaks),160,146
ncih2170_antibiotics_ps_102_b,test,NCI-H2170,ncih2170_antibiotics_ps,ecCount (peaks),252,253
ncih2170_antibiotics_ps_104,val,NCI-H2170,ncih2170_antibiotics_ps,ecCount (peaks),158,158
ncih2170_antibiotics_ps_105,test,NCI-H2170,ncih2170_antibiotics_ps,ecCount (peaks),237,235
ncih2170_antibiotics_ps_106,train,NCI-H2170,ncih2170_antibiotics_ps,ecCount (peaks),122,122
ncih2170_antibiotics_ps_107_a,test,NCI-H2170,ncih2170_antibiotics_ps,ecCount (peaks),246,242
ncih2170_antibiotics_ps_107_b,train,NCI-H2170,ncih2170_antibiotics_ps,ecCount (peaks),205,233
ncih2170_antibiotics_ps_111,train,NCI-H2170,ncih2170_antibiotics_ps,ecCount (peaks),186,192
ncih2170_antibiotics_ps_112,test,NCI-H2170,ncih2170_antibiotics_ps,ecCount (peaks),79,86
ncih2170_antibiotics_ps_113_a,val,NCI-H2170,ncih2170_antibiotics_ps,ecCount (peaks),121,121
ncih2170_antibiotics_ps_113_b,train,NCI-H2170,ncih2170_antibiotics_ps,ecCount (peaks),142,148
ncih2170_antibiotics_ps_12,val,NCI-H2170,ncih2170_antibiotics_ps,ecCount (peaks),129,149
ncih2170_antibiotics_ps_13,train,NCI-H2170,ncih2170_antibiotics_ps,ecCount (peaks),398,435
ncih2170_antibiotics_ps_14,train,NCI-H2170,ncih2170_antibiotics_ps,ecCount (peaks),65,69
ncih2170_antibiotics_ps_16,train,NCI-H2170,ncih2170_antibiotics_ps,ecCount (peaks),236,238
ncih2170_antibiotics_ps_17,train,NCI-H2170,ncih2170_antibiotics_ps,ecCount (peaks),197,208
ncih2170_antibiotics_ps_18,train,NCI-H2170,ncih2170_antibiotics_ps,ecCount (peaks),132,155
ncih2170_antibiotics_ps_19,train,NCI-H2170,ncih2170_antibiotics_ps,ecCount (peaks),201,229
ncih2170_antibiotics_ps_20,train,NCI-H2170,ncih2170_antibiotics_ps,ecCount (peaks),69,82
ncih2170_antibiotics_ps_21,train,NCI-H2170,ncih2170_antibiotics_ps,ecCount (peaks),70,83
ncih2170_antibiotics_ps_22,train,NCI-H2170,ncih2170_antibiotics_ps,ecCount (peaks),95,95
ncih2170_antibiotics_ps_23,train,NCI-H2170,ncih2170_antibiotics_ps,ecCount (peaks),115,110
ncih2170_antibiotics_ps_24,train,NCI-H2170,ncih2170_antibiotics_ps,ecCount (peaks),133,144
ncih2170_antibiotics_ps_25,test,NCI-H2170,ncih2170_antibiotics_ps,ecCount (peaks),284,314
ncih2170_antibiotics_ps_28,train,NCI-H2170,ncih2170_antibiotics_ps,ecCount (peaks),121,105
ncih2170_antibiotics_ps_29_a,train,NCI-H2170,ncih2170_antibiotics_ps,ecCount (peaks),93,93
ncih2170_antibiotics_ps_29_b,val,NCI-H2170,ncih2170_antibiotics_ps,ecCount (peaks),52,54
ncih2170_antibiotics_ps_3,val,NCI-H2170,ncih2170_antibiotics_ps,ecCount (peaks),157,156
ncih2170_antibiotics_ps_30,train,NCI-H2170,ncih2170_antibiotics_ps,ecCount (peaks),95,80
ncih2170_antibiotics_ps_31,train,NCI-H2170,ncih2170_antibiotics_ps,ecCount (peaks),305,310
ncih2170_antibiotics_ps_32,test,NCI-H2170,ncih2170_antibiotics_ps,ecCount (peaks),67,52
ncih2170_antibiotics_ps_33,train,NCI-H2170,ncih2170_antibiotics_ps,ecCount (peaks),141,122
ncih2170_antibiotics_ps_34_b,train,NCI-H2170,ncih2170_antibiotics_ps,ecCount (peaks),76,93
ncih2170_antibiotics_ps_34_c,val,NCI-H2170,ncih2170_antibiotics_ps,ecCount (peaks),153,148
ncih2170_antibiotics_ps_35,train,NCI-H2170,ncih2170_antibiotics_ps,ecCount (peaks),96,80
ncih2170_antibiotics_ps_36,test,NCI-H2170,ncih2170_antibiotics_ps,ecCount (peaks),142,124
ncih2170_antibiotics_ps_37,train,NCI-H2170,ncih2170_antibiotics_ps,ecCount (peaks),81,72
ncih2170_antibiotics_ps_38,train,NCI-H2170,ncih2170_antibiotics_ps,ecCount (peaks),354,358
ncih2170_antibiotics_ps_39,train,NCI-H2170,ncih2170_antibiotics_ps,ecCount (peaks),131,119
ncih2170_antibiotics_ps_4,test,NCI-H2170,ncih2170_antibiotics_ps,ecCount (peaks),148,144
ncih2170_antibiotics_ps_40,train,NCI-H2170,ncih2170_antibiotics_ps,ecCount (peaks),75,72
ncih2170_antibiotics_ps_41,train,NCI-H2170,ncih2170_antibiotics_ps,ecCount (peaks),150,127
ncih2170_antibiotics_ps_42,train,NCI-H2170,ncih2170_antibiotics_ps,ecCount (peaks),96,97
ncih2170_antibiotics_ps_43,train,NCI-H2170,ncih2170_antibiotics_ps,ecCount (peaks),63,68
ncih2170_antibiotics_ps_44,train,NCI-H2170,ncih2170_antibiotics_ps,ecCount (peaks),829,829
ncih2170_antibiotics_ps_45,train,NCI-H2170,ncih2170_antibiotics_ps,ecCount (peaks),90,69
ncih2170_antibiotics_ps_46,train,NCI-H2170,ncih2170_antibiotics_ps,ecCount (peaks),211,196
ncih2170_antibiotics_ps_47,train,NCI-H2170,ncih2170_antibiotics_ps,ecCount (peaks),220,209
ncih2170_antibiotics_ps_48,train,NCI-H2170,ncih2170_antibiotics_ps,ecCount (peaks),76,74
ncih2170_antibiotics_ps_49,train,NCI-H2170,ncih2170_antibiotics_ps,ecCount (peaks),109,93
ncih2170_antibiotics_ps_5,train,NCI-H2170,ncih2170_antibiotics_ps,ecCount (peaks),235,248
ncih2170_antibiotics_ps_50,train,NCI-H2170,ncih2170_antibiotics_ps,ecCount (peaks),147,139
ncih2170_antibiotics_ps_54,train,NCI-H2170,ncih2170_antibiotics_ps,ecCount (peaks),125,131
ncih2170_antibiotics_ps_55,val,NCI-H2170,ncih2170_antibiotics_ps,ecCount (peaks),212,220
ncih2170_antibiotics_ps_56_a,test,NCI-H2170,ncih2170_antibiotics_ps,ecCount (peaks),233,221
ncih2170_antibiotics_ps_56_b,train,NCI-H2170,ncih2170_antibiotics_ps,ecCount (peaks),434,444
ncih2170_antibiotics_ps_57,train,NCI-H2170,ncih2170_antibiotics_ps,ecCount (peaks),70,56
ncih2170_antibiotics_ps_58,train,NCI-H2170,ncih2170_antibiotics_ps,ecCount (peaks),212,213
ncih2170_antibiotics_ps_61,train,NCI-H2170,ncih2170_antibiotics_ps,ecCount (peaks),246,248
ncih2170_antibiotics_ps_62,train,NCI-H2170,ncih2170_antibiotics_ps,ecCount (peaks),458,452
ncih2170_antibiotics_ps_63,train,NCI-H2170,ncih2170_antibiotics_ps,ecCount (peaks),862,824
ncih2170_antibiotics_ps_64,val,NCI-H2170,ncih2170_antibiotics_ps,ecCount (peaks),281,284
ncih2170_antibiotics_ps_65,train,NCI-H2170,ncih2170_antibiotics_ps,ecCount (peaks),131,128
ncih2170_antibiotics_ps_67,train,NCI-H2170,ncih2170_antibiotics_ps,ecCount (peaks),153,155
ncih2170_antibiotics_ps_68,val,NCI-H2170,ncih2170_antibiotics_ps,ecCount (peaks),210,206
ncih2170_antibiotics_ps_69,train,NCI-H2170,ncih2170_antibiotics_ps,ecCount (peaks),190,172
ncih2170_antibiotics_ps_7,train,NCI-H2170,ncih2170_antibiotics_ps,ecCount (peaks),191,206
ncih2170_antibiotics_ps_70,val,NCI-H2170,ncih2170_antibiotics_ps,ecCount (peaks),148,146
ncih2170_antibiotics_ps_72,val,NCI-H2170,ncih2170_antibiotics_ps,ecCount (peaks),139,139
ncih2170_antibiotics_ps_73,train,NCI-H2170,ncih2170_antibiotics_ps,ecCount (peaks),370,366
ncih2170_antibiotics_ps_75,train,NCI-H2170,ncih2170_antibiotics_ps,ecCount (peaks),88,82
ncih2170_antibiotics_ps_76,train,NCI-H2170,ncih2170_antibiotics_ps,ecCount (peaks),209,205
ncih2170_antibiotics_ps_77,train,NCI-H2170,ncih2170_antibiotics_ps,ecCount (peaks),264,293
ncih2170_antibiotics_ps_78,test,NCI-H2170,ncih2170_antibiotics_ps,ecCount (peaks),164,163
ncih2170_antibiotics_ps_79,train,NCI-H2170,ncih2170_antibiotics_ps,ecCount (peaks),505,525
ncih2170_antibiotics_ps_8,train,NCI-H2170,ncih2170_antibiotics_ps,ecCount (peaks),69,69
ncih2170_antibiotics_ps_80,train,NCI-H2170,ncih2170_antibiotics_ps,ecCount (peaks),286,279
ncih2170_antibiotics_ps_81,train,NCI-H2170,ncih2170_antibiotics_ps,ecCount (peaks),462,454
ncih2170_antibiotics_ps_82,train,NCI-H2170,ncih2170_antibiotics_ps,ecCount (peaks),125,126
ncih2170_antibiotics_ps_83,train,NCI-H2170,ncih2170_antibiotics_ps,ecCount (peaks),126,129
ncih2170_antibiotics_ps_84,test,NCI-H2170,ncih2170_antibiotics_ps,ecCount (peaks),124,129
ncih2170_antibiotics_ps_85,train,NCI-H2170,ncih2170_antibiotics_ps,ecCount (peaks),181,186
ncih2170_antibiotics_ps_86,train,NCI-H2170,ncih2170_antibiotics_ps,ecCount (peaks),119,122
ncih2170_antibiotics_ps_87,train,NCI-H2170,ncih2170_antibiotics_ps,ecCount (peaks),150,149
ncih2170_antibiotics_ps_88,train,NCI-H2170,ncih2170_antibiotics_ps,ecCount (peaks),425,458
ncih2170_antibiotics_ps_89,train,NCI-H2170,ncih2170_antibiotics_ps,ecCount (peaks),117,128
ncih2170_antibiotics_ps_9,train,NCI-H2170,ncih2170_antibiotics_ps,ecCount (peaks),243,250
ncih2170_antibiotics_ps_90,test,NCI-H2170,ncih2170_antibiotics_ps,ecCount (peaks),159,160
ncih2170_antibiotics_ps_92,val,NCI-H2170,ncih2170_antibiotics_ps,ecCount (peaks),203,204
ncih2170_antibiotics_ps_94,train,NCI-H2170,ncih2170_antibiotics_ps,ecCount (peaks),147,145
ncih2170_antibiotics_ps_95,train,NCI-H2170,ncih2170_antibiotics_ps,ecCount (peaks),350,410
ncih2170_antibiotics_ps_97,train,NCI-H2170,ncih2170_antibiotics_ps,ecCount (peaks),136,145
ncih2170_antibiotics_ps_98_a,train,NCI-H2170,ncih2170_antibiotics_ps,ecCount (peaks),98,95
ncih2170_antibiotics_ps_98_b,train,NCI-H2170,ncih2170_antibiotics_ps,ecCount (peaks),229,295
ncih2170_antibiotics_ps_99,test,NCI-H2170,ncih2170_antibiotics_ps,ecCount (peaks),83,79
ncih2170_antibiotics_ps_g_100,train,NCI-H2170,ncih2170_antibiotics_ps_g,ecCount (peaks),274,264
ncih2170_antibiotics_ps_g_101,train,NCI-H2170,ncih2170_antibiotics_ps_g,ecCount (peaks),93,93
ncih2170_antibiotics_ps_g_102,test,NCI-H2170,ncih2170_antibiotics_ps_g,ecCount (peaks),217,218
ncih2170_antibiotics_ps_g_103,train,NCI-H2170,ncih2170_antibiotics_ps_g,ecCount (peaks),801,801
ncih2170_antibiotics_ps_g_104,val,NCI-H2170,ncih2170_antibiotics_ps_g,ecCount (peaks),92,87
ncih2170_antibiotics_ps_g_105,val,NCI-H2170,ncih2170_antibiotics_ps_g,ecCount (peaks),151,159
ncih2170_antibiotics_ps_g_106,train,NCI-H2170,ncih2170_antibiotics_ps_g,ecCount (peaks),246,253
ncih2170_antibiotics_ps_g_107_a,test,NCI-H2170,ncih2170_antibiotics_ps_g,ecCount (peaks),103,99
ncih2170_antibiotics_ps_g_108,train,NCI-H2170,ncih2170_antibiotics_ps_g,ecCount (peaks),83,80
ncih2170_antibiotics_ps_g_110,train,NCI-H2170,ncih2170_antibiotics_ps_g,ecCount (peaks),66,68
ncih2170_antibiotics_ps_g_111,train,NCI-H2170,ncih2170_antibiotics_ps_g,ecCount (peaks),152,148
ncih2170_antibiotics_ps_g_112,train,NCI-H2170,ncih2170_antibiotics_ps_g,ecCount (peaks),184,182
ncih2170_antibiotics_ps_g_113,val,NCI-H2170,ncih2170_antibiotics_ps_g,ecCount (peaks),79,84
ncih2170_antibiotics_ps_g_114,test,NCI-H2170,ncih2170_antibiotics_ps_g,ecCount (peaks),202,185
ncih2170_antibiotics_ps_g_115,test,NCI-H2170,ncih2170_antibiotics_ps_g,ecCount (peaks),296,285
ncih2170_antibiotics_ps_g_116,train,NCI-H2170,ncih2170_antibiotics_ps_g,ecCount (peaks),107,106
ncih2170_antibiotics_ps_g_36,test,NCI-H2170,ncih2170_antibiotics_ps_g,ecCount (peaks),912,919
ncih2170_antibiotics_ps_g_37,train,NCI-H2170,ncih2170_antibiotics_ps_g,ecCount (peaks),283,287
ncih2170_antibiotics_ps_g_38,val,NCI-H2170,ncih2170_antibiotics_ps_g,ecCount (peaks),223,230
ncih2170_antibiotics_ps_g_39,val,NCI-H2170,ncih2170_antibiotics_ps_g,ecCount (peaks),58,66
ncih2170_antibiotics_ps_g_40,train,NCI-H2170,ncih2170_antibiotics_ps_g,ecCount (peaks),98,111
ncih2170_antibiotics_ps_g_42,test,NCI-H2170,ncih2170_antibiotics_ps_g,ecCount (peaks),245,274
ncih2170_antibiotics_ps_g_43,train,NCI-H2170,ncih2170_antibiotics_ps_g,ecCount (peaks),491,504
ncih2170_antibiotics_ps_g_44_a,test,NCI-H2170,ncih2170_antibiotics_ps_g,ecCount (peaks),52,50
ncih2170_antibiotics_ps_g_45,val,NCI-H2170,ncih2170_antibiotics_ps_g,ecCount (peaks),94,99
ncih2170_antibiotics_ps_g_46,train,NCI-H2170,ncih2170_antibiotics_ps_g,ecCount (peaks),148,154
ncih2170_antibiotics_ps_g_47,train,NCI-H2170,ncih2170_antibiotics_ps_g,ecCount (peaks),506,485
ncih2170_antibiotics_ps_g_48,train,NCI-H2170,ncih2170_antibiotics_ps_g,ecCount (peaks),362,356
ncih2170_antibiotics_ps_g_49,train,NCI-H2170,ncih2170_antibiotics_ps_g,ecCount (peaks),446,425
ncih2170_antibiotics_ps_g_50,train,NCI-H2170,ncih2170_antibiotics_ps_g,ecCount (peaks),285,283
ncih2170_antibiotics_ps_g_51,val,NCI-H2170,ncih2170_antibiotics_ps_g,ecCount (peaks),86,95
ncih2170_antibiotics_ps_g_54,test,NCI-H2170,ncih2170_antibiotics_ps_g,ecCount (peaks),182,282
ncih2170_antibiotics_ps_g_55,train,NCI-H2170,ncih2170_antibiotics_ps_g,ecCount (peaks),375,418
ncih2170_antibiotics_ps_g_56,test,NCI-H2170,ncih2170_antibiotics_ps_g,ecCount (peaks),174,189
ncih2170_antibiotics_ps_g_60,train,NCI-H2170,ncih2170_antibiotics_ps_g,ecCount (peaks),76,78
ncih2170_antibiotics_ps_g_61,train,NCI-H2170,ncih2170_antibiotics_ps_g,ecCount (peaks),181,198
ncih2170_antibiotics_ps_g_62,train,NCI-H2170,ncih2170_antibiotics_ps_g,ecCount (peaks),244,239
ncih2170_antibiotics_ps_g_63,val,NCI-H2170,ncih2170_antibiotics_ps_g,ecCount (peaks),78,77
ncih2170_antibiotics_ps_g_64,test,NCI-H2170,ncih2170_antibiotics_ps_g,ecCount (peaks),340,365
ncih2170_antibiotics_ps_g_65,test,NCI-H2170,ncih2170_antibiotics_ps_g,ecCount (peaks),192,197
ncih2170_antibiotics_ps_g_66,train,NCI-H2170,ncih2170_antibiotics_ps_g,ecCount (peaks),79,85
ncih2170_antibiotics_ps_g_67,test,NCI-H2170,ncih2170_antibiotics_ps_g,ecCount (peaks),90,94
ncih2170_antibiotics_ps_g_68,test,NCI-H2170,ncih2170_antibiotics_ps_g,ecCount (peaks),78,77
ncih2170_antibiotics_ps_g_69,test,NCI-H2170,ncih2170_antibiotics_ps_g,ecCount (peaks),46,41
ncih2170_antibiotics_ps_g_71,train,NCI-H2170,ncih2170_antibiotics_ps_g,ecCount (peaks),157,163
ncih2170_antibiotics_ps_g_72,test,NCI-H2170,ncih2170_antibiotics_ps_g,ecCount (peaks),138,135
ncih2170_antibiotics_ps_g_74,train,NCI-H2170,ncih2170_antibiotics_ps_g,ecCount (peaks),213,220
ncih2170_antibiotics_ps_g_76,test,NCI-H2170,ncih2170_antibiotics_ps_g,ecCount (peaks),90,95
ncih2170_antibiotics_ps_g_77,train,NCI-H2170,ncih2170_antibiotics_ps_g,ecCount (peaks),112,110
ncih2170_antibiotics_ps_g_81,train,NCI-H2170,ncih2170_antibiotics_ps_g,ecCount (peaks),150,143
ncih2170_antibiotics_ps_g_85,train,NCI-H2170,ncih2170_antibiotics_ps_g,ecCount (peaks),289,317
ncih2170_antibiotics_ps_g_86,val,NCI-H2170,ncih2170_antibiotics_ps_g,ecCount (peaks),85,93
ncih2170_antibiotics_ps_g_88_a,train,NCI-H2170,ncih2170_antibiotics_ps_g,ecCount (peaks),115,106
ncih2170_antibiotics_ps_g_88_b,train,NCI-H2170,ncih2170_antibiotics_ps_g,ecCount (peaks),121,127
ncih2170_antibiotics_ps_g_89,val,NCI-H2170,ncih2170_antibiotics_ps_g,ecCount (peaks),103,102
ncih2170_antibiotics_ps_g_90,train,NCI-H2170,ncih2170_antibiotics_ps_g,ecCount (peaks),127,126
ncih2170_antibiotics_ps_g_91,train,NCI-H2170,ncih2170_antibiotics_ps_g,ecCount (peaks),560,561
ncih2170_antibiotics_ps_g_92,train,NCI-H2170,ncih2170_antibiotics_ps_g,ecCount (peaks),145,135
ncih2170_antibiotics_ps_g_94,train,NCI-H2170,ncih2170_antibiotics_ps_g,ecCount (peaks),235,238
ncih2170_antibiotics_ps_g_95,train,NCI-H2170,ncih2170_antibiotics_ps_g,ecCount (peaks),180,177
ncih2170_antibiotics_ps_g_96,test,NCI-H2170,ncih2170_antibiotics_ps_g,ecCount (peaks),521,511
ncih2170_antibiotics_ps_g_97,train,NCI-H2170,ncih2170_antibiotics_ps_g,ecCount (peaks),252,248
ncih2170_antibiotics_ps_g_98,train,NCI-H2170,ncih2170_antibiotics_ps_g,ecCount (peaks),167,155
ncih2170_antibiotics_ps_g_99,val,NCI-H2170,ncih2170_antibiotics_ps_g,ecCount (peaks),867,871
ncih2170_cart_72h_blank_ctrl_19,train,NCI-H2170,ncih2170_cart_72h_blank_ctrl,ecCount (peaks),210,216
ncih2170_cart_72h_blank_ctrl_28,train,NCI-H2170,ncih2170_cart_72h_blank_ctrl,ecCount (peaks),191,143
ncih2170_cart_72h_blank_ctrl_30,test,NCI-H2170,ncih2170_cart_72h_blank_ctrl,ecCount (peaks),406,371
ncih2170_cart_72h_blank_ctrl_31,test,NCI-H2170,ncih2170_cart_72h_blank_ctrl,ecCount (peaks),103,76
ncih2170_cart_72h_blank_ctrl_32,train,NCI-H2170,ncih2170_cart_72h_blank_ctrl,ecCount (peaks),99,98
ncih2170_cart_72h_blank_ctrl_33,test,NCI-H2170,ncih2170_cart_72h_blank_ctrl,ecCount (peaks),80,47
ncih2170_cart_72h_blank_ctrl_34,train,NCI-H2170,ncih2170_cart_72h_blank_ctrl,ecCount (peaks),88,72
ncih2170_cart_72h_blank_ctrl_35,train,NCI-H2170,ncih2170_cart_72h_blank_ctrl,ecCount (peaks),168,115
ncih2170_cart_72h_blank_ctrl_36,train,NCI-H2170,ncih2170_cart_72h_blank_ctrl,ecCount (peaks),86,75
ncih2170_cart_72h_blank_ctrl_38,train,NCI-H2170,ncih2170_cart_72h_blank_ctrl,ecCount (peaks),156,95
ncih2170_cart_72h_blank_ctrl_39,train,NCI-H2170,ncih2170_cart_72h_blank_ctrl,ecCount (peaks),189,111
ncih2170_cart_72h_blank_ctrl_5,val,NCI-H2170,ncih2170_cart_72h_blank_ctrl,ecCount (peaks),94,67
ncih2170_cart_72h_blank_ctrl_50,train,NCI-H2170,ncih2170_cart_72h_blank_ctrl,ecCount (peaks),149,139
ncih2170_cart_72h_blank_ctrl_51,test,NCI-H2170,ncih2170_cart_72h_blank_ctrl,ecCount (peaks),48,57
ncih2170_cart_72h_blank_ctrl_52,test,NCI-H2170,ncih2170_cart_72h_blank_ctrl,ecCount (peaks),246,257
ncih2170_cart_72h_blank_ctrl_53,val,NCI-H2170,ncih2170_cart_72h_blank_ctrl,ecCount (peaks),56,69
ncih2170_cart_72h_blank_ctrl_55,train,NCI-H2170,ncih2170_cart_72h_blank_ctrl,ecCount (peaks),56,56
ncih2170_cart_72h_blank_ctrl_56,train,NCI-H2170,ncih2170_cart_72h_blank_ctrl,ecCount (peaks),132,142
ncih2170_cart_72h_blank_ctrl_57,train,NCI-H2170,ncih2170_cart_72h_blank_ctrl,ecCount (peaks),75,88
ncih2170_cart_72h_blank_ctrl_59,test,NCI-H2170,ncih2170_cart_72h_blank_ctrl,ecCount (peaks),55,171
ncih2170_cart_72h_blank_ctrl_61,train,NCI-H2170,ncih2170_cart_72h_blank_ctrl,ecCount (peaks),47,55
ncih2170_cart_72h_blank_ctrl_62,test,NCI-H2170,ncih2170_cart_72h_blank_ctrl,ecCount (peaks),184,225
ncih2170_cart_72h_blank_ctrl_64,train,NCI-H2170,ncih2170_cart_72h_blank_ctrl,ecCount (peaks),47,51
ncih2170_cart_72h_blank_ctrl_67,val,NCI-H2170,ncih2170_cart_72h_blank_ctrl,ecCount (peaks),103,126
ncih2170_cart_72h_blank_ctrl_7,train,NCI-H2170,ncih2170_cart_72h_blank_ctrl,ecCount (peaks),196,141
ncih2170_cart_72h_blank_ctrl_71,train,NCI-H2170,ncih2170_cart_72h_blank_ctrl,ecCount (peaks),133,151
ncih2170_cart_72h_blank_ctrl_74,train,NCI-H2170,ncih2170_cart_72h_blank_ctrl,ecCount (peaks),43,43
ncih2170_cart_72h_blank_ctrl_8,train,NCI-H2170,ncih2170_cart_72h_blank_ctrl,ecCount (peaks),132,116
ncih2170_cart_72h_blank_ctrl_80,train,NCI-H2170,ncih2170_cart_72h_blank_ctrl,ecCount (peaks),76,70
ncih2170_cart_72h_blank_ctrl_82,train,NCI-H2170,ncih2170_cart_72h_blank_ctrl,ecCount (peaks),105,112
ncih2170_cart_72h_blank_ctrl_83,train,NCI-H2170,ncih2170_cart_72h_blank_ctrl,ecCount (peaks),35,34
ncih2170_cart_72h_blank_ctrl_88,val,NCI-H2170,ncih2170_cart_72h_blank_ctrl,ecCount (peaks),35,36
ncih2170_cart_72h_blank_ctrl_89,train,NCI-H2170,ncih2170_cart_72h_blank_ctrl,ecCount (peaks),238,261
ncih2170_cart_72h_blank_ctrl_92,train,NCI-H2170,ncih2170_cart_72h_blank_ctrl,ecCount (peaks),176,161
ncih2170_cart_72h_blank_ctrl_95,val,NCI-H2170,ncih2170_cart_72h_blank_ctrl,ecCount (peaks),17,20
ncih2170_cart_72h_blank_ctrl_98,train,NCI-H2170,ncih2170_cart_72h_blank_ctrl,ecCount (peaks),257,239
ncih2170_cart_72h_blank_ctrl_99,test,NCI-H2170,ncih2170_cart_72h_blank_ctrl,ecCount (peaks),51,42
ncih2170_cart_72h_cart_1,train,NCI-H2170,ncih2170_cart_72h_cart,ecCount (peaks),75,73
ncih2170_cart_72h_cart_100,train,NCI-H2170,ncih2170_cart_72h_cart,ecCount (peaks),664,741
ncih2170_cart_72h_cart_16,train,NCI-H2170,ncih2170_cart_72h_cart,ecCount (peaks),16,17
ncih2170_cart_72h_cart_17,train,NCI-H2170,ncih2170_cart_72h_cart,ecCount (peaks),44,43
ncih2170_cart_72h_cart_20,train,NCI-H2170,ncih2170_cart_72h_cart,ecCount (peaks),53,57
ncih2170_cart_72h_cart_21,val,NCI-H2170,ncih2170_cart_72h_cart,ecCount (peaks),71,82
ncih2170_cart_72h_cart_22,train,NCI-H2170,ncih2170_cart_72h_cart,ecCount (peaks),15,20
ncih2170_cart_72h_cart_27,train,NCI-H2170,ncih2170_cart_72h_cart,ecCount (peaks),71,71
ncih2170_cart_72h_cart_31,train,NCI-H2170,ncih2170_cart_72h_cart,ecCount (peaks),119,116
ncih2170_cart_72h_cart_32,train,NCI-H2170,ncih2170_cart_72h_cart,ecCount (peaks),74,68
ncih2170_cart_72h_cart_33,train,NCI-H2170,ncih2170_cart_72h_cart,ecCount (peaks),117,144
ncih2170_cart_72h_cart_36,test,NCI-H2170,ncih2170_cart_72h_cart,ecCount (peaks),71,71
ncih2170_cart_72h_cart_38,val,NCI-H2170,ncih2170_cart_72h_cart,ecCount (peaks),46,58
ncih2170_cart_72h_cart_4,train,NCI-H2170,ncih2170_cart_72h_cart,ecCount (peaks),41,41
ncih2170_cart_72h_cart_40,train,NCI-H2170,ncih2170_cart_72h_cart,ecCount (peaks),22,25
ncih2170_cart_72h_cart_47,train,NCI-H2170,ncih2170_cart_72h_cart,ecCount (peaks),81,80
ncih2170_cart_72h_cart_49,train,NCI-H2170,ncih2170_cart_72h_cart,ecCount (peaks),18,21
ncih2170_cart_72h_cart_5,train,NCI-H2170,ncih2170_cart_72h_cart,ecCount (peaks),27,28
ncih2170_cart_72h_cart_55,test,NCI-H2170,ncih2170_cart_72h_cart,ecCount (peaks),61,64
ncih2170_cart_72h_cart_57,train,NCI-H2170,ncih2170_cart_72h_cart,ecCount (peaks),99,104
ncih2170_cart_72h_cart_60,train,NCI-H2170,ncih2170_cart_72h_cart,ecCount (peaks),30,28
ncih2170_cart_72h_cart_61,val,NCI-H2170,ncih2170_cart_72h_cart,ecCount (peaks),9,11
ncih2170_cart_72h_cart_62,test,NCI-H2170,ncih2170_cart_72h_cart,ecCount (peaks),93,94
ncih2170_cart_72h_cart_63,test,NCI-H2170,ncih2170_cart_72h_cart,ecCount (peaks),85,78
ncih2170_cart_72h_cart_64,train,NCI-H2170,ncih2170_cart_72h_cart,ecCount (peaks),78,77
ncih2170_cart_72h_cart_69,test,NCI-H2170,ncih2170_cart_72h_cart,ecCount (peaks),52,57
ncih2170_cart_72h_cart_73,train,NCI-H2170,ncih2170_cart_72h_cart,ecCount (peaks),73,81
ncih2170_cart_72h_cart_77,val,NCI-H2170,ncih2170_cart_72h_cart,ecCount (peaks),75,73
ncih2170_cart_72h_cart_78,train,NCI-H2170,ncih2170_cart_72h_cart,ecCount (peaks),112,106
ncih2170_cart_72h_cart_80,train,NCI-H2170,ncih2170_cart_72h_cart,ecCount (peaks),244,255
ncih2170_cart_72h_cart_81,val,NCI-H2170,ncih2170_cart_72h_cart,ecCount (peaks),58,58
ncih2170_cart_72h_cart_82,train,NCI-H2170,ncih2170_cart_72h_cart,ecCount (peaks),69,67
ncih2170_cart_72h_cart_83,train,NCI-H2170,ncih2170_cart_72h_cart,ecCount (peaks),102,110
ncih2170_cart_72h_cart_88,train,NCI-H2170,ncih2170_cart_72h_cart,ecCount (peaks),111,108
ncih2170_cart_72h_cart_89,train,NCI-H2170,ncih2170_cart_72h_cart,ecCount (peaks),497,528
ncih2170_cart_72h_cart_90,train,NCI-H2170,ncih2170_cart_72h_cart,ecCount (peaks),175,236
ncih2170_cart_72h_cart_91,train,NCI-H2170,ncih2170_cart_72h_cart,ecCount (peaks),382,594
ncih2170_cart_72h_cart_93,train,NCI-H2170,ncih2170_cart_72h_cart,ecCount (peaks),184,173
ncih2170_cart_72h_cart_95,train,NCI-H2170,ncih2170_cart_72h_cart,ecCount (peaks),318,249
ncih2170_cart_72h_cart_96,train,NCI-H2170,ncih2170_cart_72h_cart,ecCount (peaks),105,131
ncih2170_cart_72h_cart_97,train,NCI-H2170,ncih2170_cart_72h_cart,ecCount (peaks),181,220
ncih2170_cart_72h_cart_99,train,NCI-H2170,ncih2170_cart_72h_cart,ecCount (peaks),179,204
ncih2170_cart_72h_nt_ctrl_10,train,NCI-H2170,ncih2170_cart_72h_nt_ctrl,ecCount (peaks),76,83
ncih2170_cart_72h_nt_ctrl_100,train,NCI-H2170,ncih2170_cart_72h_nt_ctrl,ecCount (peaks),143,117
ncih2170_cart_72h_nt_ctrl_12,train,NCI-H2170,ncih2170_cart_72h_nt_ctrl,ecCount (peaks),209,223
ncih2170_cart_72h_nt_ctrl_13,train,NCI-H2170,ncih2170_cart_72h_nt_ctrl,ecCount (peaks),78,80
ncih2170_cart_72h_nt_ctrl_16,train,NCI-H2170,ncih2170_cart_72h_nt_ctrl,ecCount (peaks),74,84
ncih2170_cart_72h_nt_ctrl_17,val,NCI-H2170,ncih2170_cart_72h_nt_ctrl,ecCount (peaks),188,208
ncih2170_cart_72h_nt_ctrl_18,val,NCI-H2170,ncih2170_cart_72h_nt_ctrl,ecCount (peaks),102,97
ncih2170_cart_72h_nt_ctrl_19,val,NCI-H2170,ncih2170_cart_72h_nt_ctrl,ecCount (peaks),33,33
ncih2170_cart_72h_nt_ctrl_20,test,NCI-H2170,ncih2170_cart_72h_nt_ctrl,ecCount (peaks),126,149
ncih2170_cart_72h_nt_ctrl_21,train,NCI-H2170,ncih2170_cart_72h_nt_ctrl,ecCount (peaks),186,191
ncih2170_cart_72h_nt_ctrl_24,train,NCI-H2170,ncih2170_cart_72h_nt_ctrl,ecCount (peaks),35,42
ncih2170_cart_72h_nt_ctrl_26,train,NCI-H2170,ncih2170_cart_72h_nt_ctrl,ecCount (peaks),130,129
ncih2170_cart_72h_nt_ctrl_28,train,NCI-H2170,ncih2170_cart_72h_nt_ctrl,ecCount (peaks),162,173
ncih2170_cart_72h_nt_ctrl_32,val,NCI-H2170,ncih2170_cart_72h_nt_ctrl,ecCount (peaks),201,233
ncih2170_cart_72h_nt_ctrl_37,val,NCI-H2170,ncih2170_cart_72h_nt_ctrl,ecCount (peaks),107,100
ncih2170_cart_72h_nt_ctrl_39,train,NCI-H2170,ncih2170_cart_72h_nt_ctrl,ecCount (peaks),53,47
ncih2170_cart_72h_nt_ctrl_4,train,NCI-H2170,ncih2170_cart_72h_nt_ctrl,ecCount (peaks),77,82
ncih2170_cart_72h_nt_ctrl_41,train,NCI-H2170,ncih2170_cart_72h_nt_ctrl,ecCount (peaks),142,142
ncih2170_cart_72h_nt_ctrl_43,train,NCI-H2170,ncih2170_cart_72h_nt_ctrl,ecCount (peaks),142,150
ncih2170_cart_72h_nt_ctrl_44,train,NCI-H2170,ncih2170_cart_72h_nt_ctrl,ecCount (peaks),75,90
ncih2170_cart_72h_nt_ctrl_45,train,NCI-H2170,ncih2170_cart_72h_nt_ctrl,ecCount (peaks),188,215
ncih2170_cart_72h_nt_ctrl_46,test,NCI-H2170,ncih2170_cart_72h_nt_ctrl,ecCount (peaks),242,305
ncih2170_cart_72h_nt_ctrl_47,train,NCI-H2170,ncih2170_cart_72h_nt_ctrl,ecCount (peaks),157,182
ncih2170_cart_72h_nt_ctrl_48,train,NCI-H2170,ncih2170_cart_72h_nt_ctrl,ecCount (peaks),60,69
ncih2170_cart_72h_nt_ctrl_49,test,NCI-H2170,ncih2170_cart_72h_nt_ctrl,ecCount (peaks),65,65
ncih2170_cart_72h_nt_ctrl_52,train,NCI-H2170,ncih2170_cart_72h_nt_ctrl,ecCount (peaks),136,80
ncih2170_cart_72h_nt_ctrl_54,train,NCI-H2170,ncih2170_cart_72h_nt_ctrl,ecCount (peaks),245,259
ncih2170_cart_72h_nt_ctrl_55,train,NCI-H2170,ncih2170_cart_72h_nt_ctrl,ecCount (peaks),216,194
ncih2170_cart_72h_nt_ctrl_56,train,NCI-H2170,ncih2170_cart_72h_nt_ctrl,ecCount (peaks),246,280
ncih2170_cart_72h_nt_ctrl_57,test,NCI-H2170,ncih2170_cart_72h_nt_ctrl,ecCount (peaks),119,126
ncih2170_cart_72h_nt_ctrl_58,train,NCI-H2170,ncih2170_cart_72h_nt_ctrl,ecCount (peaks),211,180
ncih2170_cart_72h_nt_ctrl_59,val,NCI-H2170,ncih2170_cart_72h_nt_ctrl,ecCount (peaks),160,216
ncih2170_cart_72h_nt_ctrl_6,train,NCI-H2170,ncih2170_cart_72h_nt_ctrl,ecCount (peaks),51,51
ncih2170_cart_72h_nt_ctrl_61,test,NCI-H2170,ncih2170_cart_72h_nt_ctrl,ecCount (peaks),223,244
ncih2170_cart_72h_nt_ctrl_62,val,NCI-H2170,ncih2170_cart_72h_nt_ctrl,ecCount (peaks),168,140
ncih2170_cart_72h_nt_ctrl_63,val,NCI-H2170,ncih2170_cart_72h_nt_ctrl,ecCount (peaks),160,163
ncih2170_cart_72h_nt_ctrl_65,train,NCI-H2170,ncih2170_cart_72h_nt_ctrl,ecCount (peaks),74,45
ncih2170_cart_72h_nt_ctrl_66,train,NCI-H2170,ncih2170_cart_72h_nt_ctrl,ecCount (peaks),291,261
ncih2170_cart_72h_nt_ctrl_67,train,NCI-H2170,ncih2170_cart_72h_nt_ctrl,ecCount (peaks),87,82
ncih2170_cart_72h_nt_ctrl_69,test,NCI-H2170,ncih2170_cart_72h_nt_ctrl,ecCount (peaks),110,92
ncih2170_cart_72h_nt_ctrl_71,test,NCI-H2170,ncih2170_cart_72h_nt_ctrl,ecCount (peaks),126,70
ncih2170_cart_72h_nt_ctrl_74,train,NCI-H2170,ncih2170_cart_72h_nt_ctrl,ecCount (peaks),348,380
ncih2170_cart_72h_nt_ctrl_75,train,NCI-H2170,ncih2170_cart_72h_nt_ctrl,ecCount (peaks),99,109
ncih2170_cart_72h_nt_ctrl_77,train,NCI-H2170,ncih2170_cart_72h_nt_ctrl,ecCount (peaks),159,160
ncih2170_cart_72h_nt_ctrl_80,test,NCI-H2170,ncih2170_cart_72h_nt_ctrl,ecCount (peaks),400,431
ncih2170_cart_72h_nt_ctrl_81,train,NCI-H2170,ncih2170_cart_72h_nt_ctrl,ecCount (peaks),478,618
ncih2170_cart_72h_nt_ctrl_83,test,NCI-H2170,ncih2170_cart_72h_nt_ctrl,ecCount (peaks),169,205
ncih2170_cart_72h_nt_ctrl_87,train,NCI-H2170,ncih2170_cart_72h_nt_ctrl,ecCount (peaks),231,223
ncih2170_cart_72h_nt_ctrl_88,train,NCI-H2170,ncih2170_cart_72h_nt_ctrl,ecCount (peaks),534,559
ncih2170_cart_72h_nt_ctrl_9,train,NCI-H2170,ncih2170_cart_72h_nt_ctrl,ecCount (peaks),84,87
ncih2170_cart_72h_nt_ctrl_91,train,NCI-H2170,ncih2170_cart_72h_nt_ctrl,ecCount (peaks),113,127
ncih2170_cart_72h_nt_ctrl_92,val,NCI-H2170,ncih2170_cart_72h_nt_ctrl,ecCount (peaks),147,174
ncih2170_cart_72h_nt_ctrl_93,val,NCI-H2170,ncih2170_cart_72h_nt_ctrl,ecCount (peaks),451,554
ncih2170_cart_72h_nt_ctrl_94,train,NCI-H2170,ncih2170_cart_72h_nt_ctrl,ecCount (peaks),226,222
ncih2170_cart_72h_nt_ctrl_99,train,NCI-H2170,ncih2170_cart_72h_nt_ctrl,ecCount (peaks),66,53
ncih2170_ctrl_1_24,train,NCI-H2170,ncih2170_ctrl_1,ecCount (peaks),355,356
ncih2170_ctrl_1_25,train,NCI-H2170,ncih2170_ctrl_1,ecCount (peaks),441,443
ncih2170_ctrl_1_27,train,NCI-H2170,ncih2170_ctrl_1,ecCount (peaks),504,516
ncih2170_ctrl_1_29,train,NCI-H2170,ncih2170_ctrl_1,ecCount (peaks),226,239
ncih2170_ctrl_1_30,test,NCI-H2170,ncih2170_ctrl_1,ecCount (peaks),229,248
ncih2170_ctrl_1_33,train,NCI-H2170,ncih2170_ctrl_1,ecCount (peaks),431,438
ncih2170_ctrl_1_37,train,NCI-H2170,ncih2170_ctrl_1,ecCount (peaks),223,232
ncih2170_ctrl_1_39,train,NCI-H2170,ncih2170_ctrl_1,ecCount (peaks),194,198
ncih2170_ctrl_1_41,train,NCI-H2170,ncih2170_ctrl_1,ecCount (peaks),489,502
ncih2170_ctrl_1_44,train,NCI-H2170,ncih2170_ctrl_1,ecCount (peaks),178,209
ncih2170_ctrl_1_45,val,NCI-H2170,ncih2170_ctrl_1,ecCount (peaks),141,141
ncih2170_ctrl_1_50,train,NCI-H2170,ncih2170_ctrl_1,ecCount (peaks),243,251
ncih2170_ctrl_1_51,train,NCI-H2170,ncih2170_ctrl_1,ecCount (peaks),280,284
ncih2170_ctrl_1_53,train,NCI-H2170,ncih2170_ctrl_1,ecCount (peaks),613,629
ncih2170_ctrl_1_54,test,NCI-H2170,ncih2170_ctrl_1,ecCount (peaks),235,230
ncih2170_ctrl_1_55,train,NCI-H2170,ncih2170_ctrl_1,ecCount (peaks),589,589
ncih2170_ctrl_1_58,test,NCI-H2170,ncih2170_ctrl_1,ecCount (peaks),179,178
ncih2170_ctrl_1_60,val,NCI-H2170,ncih2170_ctrl_1,ecCount (peaks),567,580
ncih2170_ctrl_1_61,test,NCI-H2170,ncih2170_ctrl_1,ecCount (peaks),251,264
ncih2170_ctrl_1_62,test,NCI-H2170,ncih2170_ctrl_1,ecCount (peaks),478,471
ncih2170_ctrl_1_65,train,NCI-H2170,ncih2170_ctrl_1,ecCount (peaks),230,245
ncih2170_ctrl_1_66,train,NCI-H2170,ncih2170_ctrl_1,ecCount (peaks),283,301
ncih2170_ctrl_1_68,train,NCI-H2170,ncih2170_ctrl_1,ecCount (peaks),226,231
ncih2170_ctrl_1_70,val,NCI-H2170,ncih2170_ctrl_1,ecCount (peaks),115,106
ncih2170_ctrl_1_82,train,NCI-H2170,ncih2170_ctrl_1,ecCount (peaks),404,404
ncih2170_ctrl_1_86,train,NCI-H2170,ncih2170_ctrl_1,ecCount (peaks),359,365
ncih2170_ctrl_1_88,test,NCI-H2170,ncih2170_ctrl_1,ecCount (peaks),341,319
ncih2170_ctrl_1_89,train,NCI-H2170,ncih2170_ctrl_1,ecCount (peaks),832,849
ncih2170_ctrl_1_90,test,NCI-H2170,ncih2170_ctrl_1,ecCount (peaks),87,79
ncih2170_ctrl_1_94,test,NCI-H2170,ncih2170_ctrl_1,ecCount (peaks),299,291
ncih2170_ctrl_1_95,train,NCI-H2170,ncih2170_ctrl_1,ecCount (peaks),215,216
ncih2170_ctrl_1_98,train,NCI-H2170,ncih2170_ctrl_1,ecCount (peaks),119,127
ncih2170_ctrl_1_99,train,NCI-H2170,ncih2170_ctrl_1,ecCount (peaks),221,223
ncih2170_ctrl_2_102,train,NCI-H2170,ncih2170_ctrl_2,ecCount (peaks),257,251
ncih2170_ctrl_2_103,train,NCI-H2170,ncih2170_ctrl_2,ecCount (peaks),107,106
ncih2170_ctrl_2_105,test,NCI-H2170,ncih2170_ctrl_2,ecCount (peaks),184,181
ncih2170_ctrl_2_106,train,NCI-H2170,ncih2170_ctrl_2,ecCount (peaks),909,894
ncih2170_ctrl_2_107,train,NCI-H2170,ncih2170_ctrl_2,ecCount (peaks),116,119
ncih2170_ctrl_2_110,val,NCI-H2170,ncih2170_ctrl_2,ecCount (peaks),526,535
ncih2170_ctrl_2_112,train,NCI-H2170,ncih2170_ctrl_2,ecCount (peaks),217,216
ncih2170_ctrl_2_114,train,NCI-H2170,ncih2170_ctrl_2,ecCount (peaks),503,488
ncih2170_ctrl_2_115,train,NCI-H2170,ncih2170_ctrl_2,ecCount (peaks),371,388
ncih2170_ctrl_2_116,train,NCI-H2170,ncih2170_ctrl_2,ecCount (peaks),94,90
ncih2170_ctrl_2_117,train,NCI-H2170,ncih2170_ctrl_2,ecCount (peaks),172,185
ncih2170_ctrl_2_118,train,NCI-H2170,ncih2170_ctrl_2,ecCount (peaks),523,515
ncih2170_ctrl_2_119,train,NCI-H2170,ncih2170_ctrl_2,ecCount (peaks),282,273
ncih2170_ctrl_2_121,train,NCI-H2170,ncih2170_ctrl_2,ecCount (peaks),418,411
ncih2170_ctrl_2_122,train,NCI-H2170,ncih2170_ctrl_2,ecCount (peaks),194,165
ncih2170_ctrl_2_123,val,NCI-H2170,ncih2170_ctrl_2,ecCount (peaks),430,414
ncih2170_ctrl_2_124,train,NCI-H2170,ncih2170_ctrl_2,ecCount (peaks),163,163
ncih2170_ctrl_2_125,train,NCI-H2170,ncih2170_ctrl_2,ecCount (peaks),413,418
ncih2170_ctrl_2_126,val,NCI-H2170,ncih2170_ctrl_2,ecCount (peaks),196,189
ncih2170_ctrl_2_127,train,NCI-H2170,ncih2170_ctrl_2,ecCount (peaks),378,376
ncih2170_ctrl_2_129,train,NCI-H2170,ncih2170_ctrl_2,ecCount (peaks),220,206
ncih2170_ctrl_2_130,train,NCI-H2170,ncih2170_ctrl_2,ecCount (peaks),228,215
ncih2170_ctrl_2_132,test,NCI-H2170,ncih2170_ctrl_2,ecCount (peaks),274,298
ncih2170_ctrl_2_133,val,NCI-H2170,ncih2170_ctrl_2,ecCount (peaks),557,541
ncih2170_ctrl_2_134,train,NCI-H2170,ncih2170_ctrl_2,ecCount (peaks),390,399
ncih2170_ctrl_2_136,train,NCI-H2170,ncih2170_ctrl_2,ecCount (peaks),314,326
ncih2170_ctrl_2_139,test,NCI-H2170,ncih2170_ctrl_2,ecCount (peaks),246,257
ncih2170_ctrl_2_141,train,NCI-H2170,ncih2170_ctrl_2,ecCount (peaks),114,113
ncih2170_ctrl_2_143,val,NCI-H2170,ncih2170_ctrl_2,ecCount (peaks),191,193
ncih2170_ctrl_2_22,train,NCI-H2170,ncih2170_ctrl_2,ecCount (peaks),438,407
ncih2170_ctrl_2_24,test,NCI-H2170,ncih2170_ctrl_2,ecCount (peaks),642,622
ncih2170_ctrl_2_27,val,NCI-H2170,ncih2170_ctrl_2,ecCount (peaks),520,528
ncih2170_ctrl_2_28,train,NCI-H2170,ncih2170_ctrl_2,ecCount (peaks),259,263
ncih2170_ctrl_2_29,train,NCI-H2170,ncih2170_ctrl_2,ecCount (peaks),170,174
ncih2170_ctrl_2_30,train,NCI-H2170,ncih2170_ctrl_2,ecCount (peaks),572,541
ncih2170_ctrl_2_31,val,NCI-H2170,ncih2170_ctrl_2,ecCount (peaks),89,86
ncih2170_ctrl_2_35,train,NCI-H2170,ncih2170_ctrl_2,ecCount (peaks),604,622
ncih2170_ctrl_2_40,train,NCI-H2170,ncih2170_ctrl_2,ecCount (peaks),297,295
ncih2170_ctrl_2_41,train,NCI-H2170,ncih2170_ctrl_2,ecCount (peaks),742,694
ncih2170_ctrl_2_92,train,NCI-H2170,ncih2170_ctrl_2,ecCount (peaks),436,428
ncih2170_ctrl_2_93,train,NCI-H2170,ncih2170_ctrl_2,ecCount (peaks),287,279
ncih2170_ctrl_2_94,train,NCI-H2170,ncih2170_ctrl_2,ecCount (peaks),146,153
ncih2170_ctrl_2_96,test,NCI-H2170,ncih2170_ctrl_2,ecCount (peaks),96,93
ncih2170_ctrl_2_99,train,NCI-H2170,ncih2170_ctrl_2,ecCount (peaks),290,299
ncih2170_facs_fish_0223_high_her2_10,train,NCI-H2170,ncih2170_facs_fish_0223_high_her2,ecCount (peaks),138,128
ncih2170_facs_fish_0223_high_her2_11,train,NCI-H2170,ncih2170_facs_fish_0223_high_her2,ecCount (peaks),101,95
ncih2170_facs_fish_0223_high_her2_13,test,NCI-H2170,ncih2170_facs_fish_0223_high_her2,ecCount (peaks),375,369
ncih2170_facs_fish_0223_high_her2_16,train,NCI-H2170,ncih2170_facs_fish_0223_high_her2,ecCount (peaks),130,127
ncih2170_facs_fish_0223_high_her2_18,train,NCI-H2170,ncih2170_facs_fish_0223_high_her2,ecCount (peaks),46,56
ncih2170_facs_fish_0223_high_her2_19,val,NCI-H2170,ncih2170_facs_fish_0223_high_her2,ecCount (peaks),96,96
ncih2170_facs_fish_0223_high_her2_2,train,NCI-H2170,ncih2170_facs_fish_0223_high_her2,ecCount (peaks),86,91
ncih2170_facs_fish_0223_high_her2_20,val,NCI-H2170,ncih2170_facs_fish_0223_high_her2,ecCount (peaks),87,87
ncih2170_facs_fish_0223_high_her2_3,train,NCI-H2170,ncih2170_facs_fish_0223_high_her2,ecCount (peaks),116,124
ncih2170_facs_fish_0223_high_her2_4,train,NCI-H2170,ncih2170_facs_fish_0223_high_her2,ecCount (peaks),77,73
ncih2170_facs_fish_0223_high_her2_5,train,NCI-H2170,ncih2170_facs_fish_0223_high_her2,ecCount (peaks),152,165
ncih2170_facs_fish_0223_high_her2_6,train,NCI-H2170,ncih2170_facs_fish_0223_high_her2,ecCount (peaks),332,341
ncih2170_facs_fish_0223_high_her2_7,test,NCI-H2170,ncih2170_facs_fish_0223_high_her2,ecCount (peaks),62,64
ncih2170_facs_fish_0223_high_her2_8,train,NCI-H2170,ncih2170_facs_fish_0223_high_her2,ecCount (peaks),228,212
ncih2170_facs_fish_0223_high_her2_9,train,NCI-H2170,ncih2170_facs_fish_0223_high_her2,ecCount (peaks),94,88
ncih2170_facs_fish_0223_low_her2_10,train,NCI-H2170,ncih2170_facs_fish_0223_low_her2,ecCount (peaks),24,24
ncih2170_facs_fish_0223_low_her2_12,val,NCI-H2170,ncih2170_facs_fish_0223_low_her2,ecCount (peaks),77,74
ncih2170_facs_fish_0223_low_her2_19,test,NCI-H2170,ncih2170_facs_fish_0223_low_her2,ecCount (peaks),40,39
ncih2170_facs_fish_0223_low_her2_2,test,NCI-H2170,ncih2170_facs_fish_0223_low_her2,ecCount (peaks),189,197
ncih2170_facs_fish_0223_low_her2_6,test,NCI-H2170,ncih2170_facs_fish_0223_low_her2,ecCount (peaks),15,16
ncih2170_facs_fish_0223_low_her2_9,train,NCI-H2170,ncih2170_facs_fish_0223_low_her2,ecCount (peaks),24,22
ncih2170_facs_fish_0423_high_her2_21,train,NCI-H2170,ncih2170_facs_fish_0423_high_her2,ecCount (peaks),115,120
ncih2170_facs_fish_0423_high_her2_23,train,NCI-H2170,ncih2170_facs_fish_0423_high_her2,ecCount (peaks),187,203
ncih2170_facs_fish_0423_high_her2_24,train,NCI-H2170,ncih2170_facs_fish_0423_high_her2,ecCount (peaks),174,199
ncih2170_facs_fish_0423_high_her2_25,train,NCI-H2170,ncih2170_facs_fish_0423_high_her2,ecCount (peaks),97,108
ncih2170_facs_fish_0423_high_her2_27,test,NCI-H2170,ncih2170_facs_fish_0423_high_her2,ecCount (peaks),396,383
ncih2170_facs_fish_0423_low_her2_10,test,NCI-H2170,ncih2170_facs_fish_0423_low_her2,ecCount (peaks),191,201
ncih2170_facs_fish_0423_low_her2_101,train,NCI-H2170,ncih2170_facs_fish_0423_low_her2,ecCount (peaks),104,125
ncih2170_facs_fish_0423_low_her2_104,train,NCI-H2170,ncih2170_facs_fish_0423_low_her2,ecCount (peaks),61,68
ncih2170_facs_fish_0423_low_her2_105,train,NCI-H2170,ncih2170_facs_fish_0423_low_her2,ecCount (peaks),62,66
ncih2170_facs_fish_0423_low_her2_109,train,NCI-H2170,ncih2170_facs_fish_0423_low_her2,ecCount (peaks),109,120
ncih2170_facs_fish_0423_low_her2_11,test,NCI-H2170,ncih2170_facs_fish_0423_low_her2,ecCount (peaks),44,35
ncih2170_facs_fish_0423_low_her2_111,train,NCI-H2170,ncih2170_facs_fish_0423_low_her2,ecCount (peaks),107,134
ncih2170_facs_fish_0423_low_her2_115,val,NCI-H2170,ncih2170_facs_fish_0423_low_her2,ecCount (peaks),152,157
ncih2170_facs_fish_0423_low_her2_118,train,NCI-H2170,ncih2170_facs_fish_0423_low_her2,ecCount (peaks),43,48
ncih2170_facs_fish_0423_low_her2_14,val,NCI-H2170,ncih2170_facs_fish_0423_low_her2,ecCount (peaks),70,67
ncih2170_facs_fish_0423_low_her2_16,train,NCI-H2170,ncih2170_facs_fish_0423_low_her2,ecCount (peaks),61,59
ncih2170_facs_fish_0423_low_her2_18,train,NCI-H2170,ncih2170_facs_fish_0423_low_her2,ecCount (peaks),99,89
ncih2170_facs_fish_0423_low_her2_20,train,NCI-H2170,ncih2170_facs_fish_0423_low_her2,ecCount (peaks),213,57
ncih2170_facs_fish_0423_low_her2_21,val,NCI-H2170,ncih2170_facs_fish_0423_low_her2,ecCount (peaks),48,28
ncih2170_facs_fish_0423_low_her2_22,train,NCI-H2170,ncih2170_facs_fish_0423_low_her2,ecCount (peaks),64,54
ncih2170_facs_fish_0423_low_her2_28,test,NCI-H2170,ncih2170_facs_fish_0423_low_her2,ecCount (peaks),174,155
ncih2170_facs_fish_0423_low_her2_3,train,NCI-H2170,ncih2170_facs_fish_0423_low_her2,ecCount (peaks),128,142
ncih2170_facs_fish_0423_low_her2_30,train,NCI-H2170,ncih2170_facs_fish_0423_low_her2,ecCount (peaks),96,94
ncih2170_facs_fish_0423_low_her2_31_b,train,NCI-H2170,ncih2170_facs_fish_0423_low_her2,ecCount (peaks),197,201
ncih2170_facs_fish_0423_low_her2_35,train,NCI-H2170,ncih2170_facs_fish_0423_low_her2,ecCount (peaks),211,222
ncih2170_facs_fish_0423_low_her2_37,train,NCI-H2170,ncih2170_facs_fish_0423_low_her2,ecCount (peaks),60,52
ncih2170_facs_fish_0423_low_her2_4,train,NCI-H2170,ncih2170_facs_fish_0423_low_her2,ecCount (peaks),117,130
ncih2170_facs_fish_0423_low_her2_43,test,NCI-H2170,ncih2170_facs_fish_0423_low_her2,ecCount (peaks),139,140
ncih2170_facs_fish_0423_low_her2_44,train,NCI-H2170,ncih2170_facs_fish_0423_low_her2,ecCount (peaks),115,135
ncih2170_facs_fish_0423_low_her2_46,train,NCI-H2170,ncih2170_facs_fish_0423_low_her2,ecCount (peaks),167,172
ncih2170_facs_fish_0423_low_her2_48,train,NCI-H2170,ncih2170_facs_fish_0423_low_her2,ecCount (peaks),99,106
ncih2170_facs_fish_0423_low_her2_49,val,NCI-H2170,ncih2170_facs_fish_0423_low_her2,ecCount (peaks),141,154
ncih2170_facs_fish_0423_low_her2_56,test,NCI-H2170,ncih2170_facs_fish_0423_low_her2,ecCount (peaks),101,101
ncih2170_facs_fish_0423_low_her2_59,train,NCI-H2170,ncih2170_facs_fish_0423_low_her2,ecCount (peaks),170,171
ncih2170_facs_fish_0423_low_her2_64,val,NCI-H2170,ncih2170_facs_fish_0423_low_her2,ecCount (peaks),113,117
ncih2170_facs_fish_0423_low_her2_65,val,NCI-H2170,ncih2170_facs_fish_0423_low_her2,ecCount (peaks),89,114
ncih2170_facs_fish_0423_low_her2_66,train,NCI-H2170,ncih2170_facs_fish_0423_low_her2,ecCount (peaks),41,45
ncih2170_facs_fish_0423_low_her2_68,train,NCI-H2170,ncih2170_facs_fish_0423_low_her2,ecCount (peaks),103,92
ncih2170_facs_fish_0423_low_her2_7,train,NCI-H2170,ncih2170_facs_fish_0423_low_her2,ecCount (peaks),84,74
ncih2170_facs_fish_0423_low_her2_71,train,NCI-H2170,ncih2170_facs_fish_0423_low_her2,ecCount (peaks),135,164
ncih2170_facs_fish_0423_low_her2_72,train,NCI-H2170,ncih2170_facs_fish_0423_low_her2,ecCount (peaks),142,153
ncih2170_facs_fish_0423_low_her2_74,train,NCI-H2170,ncih2170_facs_fish_0423_low_her2,ecCount (peaks),97,128
ncih2170_facs_fish_0423_low_her2_75,train,NCI-H2170,ncih2170_facs_fish_0423_low_her2,ecCount (peaks),111,156
ncih2170_facs_fish_0423_low_her2_76,train,NCI-H2170,ncih2170_facs_fish_0423_low_her2,ecCount (peaks),204,228
ncih2170_facs_fish_0423_low_her2_8,test,NCI-H2170,ncih2170_facs_fish_0423_low_her2,ecCount (peaks),87,78
ncih2170_facs_fish_0423_low_her2_83,val,NCI-H2170,ncih2170_facs_fish_0423_low_her2,ecCount (peaks),51,62
ncih2170_facs_fish_0423_low_her2_87,test,NCI-H2170,ncih2170_facs_fish_0423_low_her2,ecCount (peaks),67,84
ncih2170_facs_fish_0423_low_her2_9,train,NCI-H2170,ncih2170_facs_fish_0423_low_her2,ecCount (peaks),143,145
ncih2170_facs_fish_0423_low_her2_91,test,NCI-H2170,ncih2170_facs_fish_0423_low_her2,ecCount (peaks),79,102
ncih2170_facs_fish_0423_low_her2_94,test,NCI-H2170,ncih2170_facs_fish_0423_low_her2,ecCount (peaks),132,171
ncih2170_facs_fish_0423_low_her2_95,train,NCI-H2170,ncih2170_facs_fish_0423_low_her2,ecCount (peaks),26,26
ncih2170_facs_fish_0423_low_her2_97,train,NCI-H2170,ncih2170_facs_fish_0423_low_her2,ecCount (peaks),114,127
ncih2170_facs_fish_0423_low_her2_98,train,NCI-H2170,ncih2170_facs_fish_0423_low_her2,ecCount (peaks),125,141
ncih2170_facs_fish_0723_high_her2_1,val,NCI-H2170,ncih2170_facs_fish_0723_high_her2,ecCount (peaks),368,368
ncih2170_facs_fish_0723_high_her2_10,train,NCI-H2170,ncih2170_facs_fish_0723_high_her2,ecCount (peaks),597,538
ncih2170_facs_fish_0723_high_her2_102,train,NCI-H2170,ncih2170_facs_fish_0723_high_her2,ecCount (peaks),276,293
ncih2170_facs_fish_0723_high_her2_103,train,NCI-H2170,ncih2170_facs_fish_0723_high_her2,ecCount (peaks),199,204
ncih2170_facs_fish_0723_high_her2_104,train,NCI-H2170,ncih2170_facs_fish_0723_high_her2,ecCount (peaks),676,729
ncih2170_facs_fish_0723_high_her2_108,test,NCI-H2170,ncih2170_facs_fish_0723_high_her2,ecCount (peaks),186,205
ncih2170_facs_fish_0723_high_her2_109,train,NCI-H2170,ncih2170_facs_fish_0723_high_her2,ecCount (peaks),292,281
ncih2170_facs_fish_0723_high_her2_11,val,NCI-H2170,ncih2170_facs_fish_0723_high_her2,ecCount (peaks),835,780
ncih2170_facs_fish_0723_high_her2_110,test,NCI-H2170,ncih2170_facs_fish_0723_high_her2,ecCount (peaks),358,396
ncih2170_facs_fish_0723_high_her2_111,test,NCI-H2170,ncih2170_facs_fish_0723_high_her2,ecCount (peaks),278,258
ncih2170_facs_fish_0723_high_her2_113,train,NCI-H2170,ncih2170_facs_fish_0723_high_her2,ecCount (peaks),843,897
ncih2170_facs_fish_0723_high_her2_114,train,NCI-H2170,ncih2170_facs_fish_0723_high_her2,ecCount (peaks),329,326
ncih2170_facs_fish_0723_high_her2_116,train,NCI-H2170,ncih2170_facs_fish_0723_high_her2,ecCount (peaks),395,411
ncih2170_facs_fish_0723_high_her2_12,train,NCI-H2170,ncih2170_facs_fish_0723_high_her2,ecCount (peaks),211,203
ncih2170_facs_fish_0723_high_her2_120,train,NCI-H2170,ncih2170_facs_fish_0723_high_her2,ecCount (peaks),250,289
ncih2170_facs_fish_0723_high_her2_121,train,NCI-H2170,ncih2170_facs_fish_0723_high_her2,ecCount (peaks),344,369
ncih2170_facs_fish_0723_high_her2_122,train,NCI-H2170,ncih2170_facs_fish_0723_high_her2,ecCount (peaks),245,261
ncih2170_facs_fish_0723_high_her2_123,train,NCI-H2170,ncih2170_facs_fish_0723_high_her2,ecCount (peaks),325,317
ncih2170_facs_fish_0723_high_her2_124,train,NCI-H2170,ncih2170_facs_fish_0723_high_her2,ecCount (peaks),165,171
ncih2170_facs_fish_0723_high_her2_125,val,NCI-H2170,ncih2170_facs_fish_0723_high_her2,ecCount (peaks),442,475
ncih2170_facs_fish_0723_high_her2_13,train,NCI-H2170,ncih2170_facs_fish_0723_high_her2,ecCount (peaks),299,293
ncih2170_facs_fish_0723_high_her2_17,val,NCI-H2170,ncih2170_facs_fish_0723_high_her2,ecCount (peaks),473,418
ncih2170_facs_fish_0723_high_her2_18,train,NCI-H2170,ncih2170_facs_fish_0723_high_her2,ecCount (peaks),611,582
ncih2170_facs_fish_0723_high_her2_21,test,NCI-H2170,ncih2170_facs_fish_0723_high_her2,ecCount (peaks),180,186
ncih2170_facs_fish_0723_high_her2_24,train,NCI-H2170,ncih2170_facs_fish_0723_high_her2,ecCount (peaks),184,183
ncih2170_facs_fish_0723_high_her2_27,train,NCI-H2170,ncih2170_facs_fish_0723_high_her2,ecCount (peaks),319,261
ncih2170_facs_fish_0723_high_her2_28,train,NCI-H2170,ncih2170_facs_fish_0723_high_her2,ecCount (peaks),232,222
ncih2170_facs_fish_0723_high_her2_3,train,NCI-H2170,ncih2170_facs_fish_0723_high_her2,ecCount (peaks),460,418
ncih2170_facs_fish_0723_high_her2_30,train,NCI-H2170,ncih2170_facs_fish_0723_high_her2,ecCount (peaks),376,404
ncih2170_facs_fish_0723_high_her2_33,val,NCI-H2170,ncih2170_facs_fish_0723_high_her2,ecCount (peaks),352,328
ncih2170_facs_fish_0723_high_her2_36,train,NCI-H2170,ncih2170_facs_fish_0723_high_her2,ecCount (peaks),236,226
ncih2170_facs_fish_0723_high_her2_37,val,NCI-H2170,ncih2170_facs_fish_0723_high_her2,ecCount (peaks),150,134
ncih2170_facs_fish_0723_high_her2_4,train,NCI-H2170,ncih2170_facs_fish_0723_high_her2,ecCount (peaks),396,340
ncih2170_facs_fish_0723_high_her2_40,train,NCI-H2170,ncih2170_facs_fish_0723_high_her2,ecCount (peaks),517,502
ncih2170_facs_fish_0723_high_her2_41,train,NCI-H2170,ncih2170_facs_fish_0723_high_her2,ecCount (peaks),265,263
ncih2170_facs_fish_0723_high_her2_42,train,NCI-H2170,ncih2170_facs_fish_0723_high_her2,ecCount (peaks),323,399
ncih2170_facs_fish_0723_high_her2_54,train,NCI-H2170,ncih2170_facs_fish_0723_high_her2,ecCount (peaks),120,124
ncih2170_facs_fish_0723_high_her2_55,train,NCI-H2170,ncih2170_facs_fish_0723_high_her2,ecCount (peaks),223,201
ncih2170_facs_fish_0723_high_her2_56,train,NCI-H2170,ncih2170_facs_fish_0723_high_her2,ecCount (peaks),252,254
ncih2170_facs_fish_0723_high_her2_64,train,NCI-H2170,ncih2170_facs_fish_0723_high_her2,ecCount (peaks),260,264
ncih2170_facs_fish_0723_high_her2_7,train,NCI-H2170,ncih2170_facs_fish_0723_high_her2,ecCount (peaks),495,484
ncih2170_facs_fish_0723_high_her2_71,val,NCI-H2170,ncih2170_facs_fish_0723_high_her2,ecCount (peaks),378,340
ncih2170_facs_fish_0723_high_her2_80,test,NCI-H2170,ncih2170_facs_fish_0723_high_her2,ecCount (peaks),403,411
ncih2170_facs_fish_0723_high_her2_82,train,NCI-H2170,ncih2170_facs_fish_0723_high_her2,ecCount (peaks),498,508
ncih2170_facs_fish_0723_high_her2_83,train,NCI-H2170,ncih2170_facs_fish_0723_high_her2,ecCount (peaks),307,291
ncih2170_facs_fish_0723_high_her2_84,train,NCI-H2170,ncih2170_facs_fish_0723_high_her2,ecCount (peaks),258,288
ncih2170_facs_fish_0723_high_her2_86,train,NCI-H2170,ncih2170_facs_fish_0723_high_her2,ecCount (peaks),164,162
ncih2170_facs_fish_0723_high_her2_87,train,NCI-H2170,ncih2170_facs_fish_0723_high_her2,ecCount (peaks),249,256
ncih2170_facs_fish_0723_high_her2_9,train,NCI-H2170,ncih2170_facs_fish_0723_high_her2,ecCount (peaks),262,258
ncih2170_facs_fish_0723_high_her2_92,train,NCI-H2170,ncih2170_facs_fish_0723_high_her2,ecCount (peaks),147,136
ncih2170_facs_fish_0723_high_her2_96,train,NCI-H2170,ncih2170_facs_fish_0723_high_her2,ecCount (peaks),497,489
ncih2170_facs_fish_0723_high_her2_98,train,NCI-H2170,ncih2170_facs_fish_0723_high_her2,ecCount (peaks),226,232
ncih2170_facs_fish_0723_low_her2_1,test,NCI-H2170,ncih2170_facs_fish_0723_low_her2,ecCount (peaks),36,33
ncih2170_facs_fish_0723_low_her2_10,train,NCI-H2170,ncih2170_facs_fish_0723_low_her2,ecCount (peaks),206,159
ncih2170_facs_fish_0723_low_her2_101,val,NCI-H2170,ncih2170_facs_fish_0723_low_her2,ecCount (peaks),91,88
ncih2170_facs_fish_0723_low_her2_103,train,NCI-H2170,ncih2170_facs_fish_0723_low_her2,ecCount (peaks),207,209
ncih2170_facs_fish_0723_low_her2_106,train,NCI-H2170,ncih2170_facs_fish_0723_low_her2,ecCount (peaks),71,68
ncih2170_facs_fish_0723_low_her2_108,train,NCI-H2170,ncih2170_facs_fish_0723_low_her2,ecCount (peaks),53,54
ncih2170_facs_fish_0723_low_her2_11,val,NCI-H2170,ncih2170_facs_fish_0723_low_her2,ecCount (peaks),183,150
ncih2170_facs_fish_0723_low_her2_112,train,NCI-H2170,ncih2170_facs_fish_0723_low_her2,ecCount (peaks),98,103
ncih2170_facs_fish_0723_low_her2_115,test,NCI-H2170,ncih2170_facs_fish_0723_low_her2,ecCount (peaks),63,66
ncih2170_facs_fish_0723_low_her2_116,val,NCI-H2170,ncih2170_facs_fish_0723_low_her2,ecCount (peaks),105,111
ncih2170_facs_fish_0723_low_her2_117,val,NCI-H2170,ncih2170_facs_fish_0723_low_her2,ecCount (peaks),237,219
ncih2170_facs_fish_0723_low_her2_118,train,NCI-H2170,ncih2170_facs_fish_0723_low_her2,ecCount (peaks),93,85
ncih2170_facs_fish_0723_low_her2_12,val,NCI-H2170,ncih2170_facs_fish_0723_low_her2,ecCount (peaks),104,67
ncih2170_facs_fish_0723_low_her2_124,train,NCI-H2170,ncih2170_facs_fish_0723_low_her2,ecCount (peaks),152,145
ncih2170_facs_fish_0723_low_her2_125,train,NCI-H2170,ncih2170_facs_fish_0723_low_her2,ecCount (peaks),73,72
ncih2170_facs_fish_0723_low_her2_126,train,NCI-H2170,ncih2170_facs_fish_0723_low_her2,ecCount (peaks),124,119
ncih2170_facs_fish_0723_low_her2_13,train,NCI-H2170,ncih2170_facs_fish_0723_low_her2,ecCount (peaks),82,50
ncih2170_facs_fish_0723_low_her2_15,train,NCI-H2170,ncih2170_facs_fish_0723_low_her2,ecCount (peaks),132,81
ncih2170_facs_fish_0723_low_her2_20,train,NCI-H2170,ncih2170_facs_fish_0723_low_her2,ecCount (peaks),183,130
ncih2170_facs_fish_0723_low_her2_21,train,NCI-H2170,ncih2170_facs_fish_0723_low_her2,ecCount (peaks),260,272
ncih2170_facs_fish_0723_low_her2_22,test,NCI-H2170,ncih2170_facs_fish_0723_low_her2,ecCount (peaks),308,296
ncih2170_facs_fish_0723_low_her2_23,test,NCI-H2170,ncih2170_facs_fish_0723_low_her2,ecCount (peaks),85,85
ncih2170_facs_fish_0723_low_her2_25,train,NCI-H2170,ncih2170_facs_fish_0723_low_her2,ecCount (peaks),54,61
ncih2170_facs_fish_0723_low_her2_27,val,NCI-H2170,ncih2170_facs_fish_0723_low_her2,ecCount (peaks),47,54
ncih2170_facs_fish_0723_low_her2_28,val,NCI-H2170,ncih2170_facs_fish_0723_low_her2,ecCount (peaks),81,87
ncih2170_facs_fish_0723_low_her2_3,train,NCI-H2170,ncih2170_facs_fish_0723_low_her2,ecCount (peaks),124,119
ncih2170_facs_fish_0723_low_her2_32,train,NCI-H2170,ncih2170_facs_fish_0723_low_her2,ecCount (peaks),78,79
ncih2170_facs_fish_0723_low_her2_34,train,NCI-H2170,ncih2170_facs_fish_0723_low_her2,ecCount (peaks),72,70
ncih2170_facs_fish_0723_low_her2_38,train,NCI-H2170,ncih2170_facs_fish_0723_low_her2,ecCount (peaks),86,85
ncih2170_facs_fish_0723_low_her2_39,train,NCI-H2170,ncih2170_facs_fish_0723_low_her2,ecCount (peaks),100,106
ncih2170_facs_fish_0723_low_her2_40,train,NCI-H2170,ncih2170_facs_fish_0723_low_her2,ecCount (peaks),97,98
ncih2170_facs_fish_0723_low_her2_42,train,NCI-H2170,ncih2170_facs_fish_0723_low_her2,ecCount (peaks),122,123
ncih2170_facs_fish_0723_low_her2_43,train,NCI-H2170,ncih2170_facs_fish_0723_low_her2,ecCount (peaks),71,70
ncih2170_facs_fish_0723_low_her2_44,train,NCI-H2170,ncih2170_facs_fish_0723_low_her2,ecCount (peaks),162,170
ncih2170_facs_fish_0723_low_her2_45,val,NCI-H2170,ncih2170_facs_fish_0723_low_her2,ecCount (peaks),156,151
ncih2170_facs_fish_0723_low_her2_51,train,NCI-H2170,ncih2170_facs_fish_0723_low_her2,ecCount (peaks),106,109
ncih2170_facs_fish_0723_low_her2_52,test,NCI-H2170,ncih2170_facs_fish_0723_low_her2,ecCount (peaks),116,116
ncih2170_facs_fish_0723_low_her2_53,train,NCI-H2170,ncih2170_facs_fish_0723_low_her2,ecCount (peaks),105,109
ncih2170_facs_fish_0723_low_her2_54,train,NCI-H2170,ncih2170_facs_fish_0723_low_her2,ecCount (peaks),106,123
ncih2170_facs_fish_0723_low_her2_57,train,NCI-H2170,ncih2170_facs_fish_0723_low_her2,ecCount (peaks),236,215
ncih2170_facs_fish_0723_low_her2_6,train,NCI-H2170,ncih2170_facs_fish_0723_low_her2,ecCount (peaks),66,59
ncih2170_facs_fish_0723_low_her2_60,test,NCI-H2170,ncih2170_facs_fish_0723_low_her2,ecCount (peaks),93,93
ncih2170_facs_fish_0723_low_her2_62,train,NCI-H2170,ncih2170_facs_fish_0723_low_her2,ecCount (peaks),53,49
ncih2170_facs_fish_0723_low_her2_68,train,NCI-H2170,ncih2170_facs_fish_0723_low_her2,ecCount (peaks),32,39
ncih2170_facs_fish_0723_low_her2_70,train,NCI-H2170,ncih2170_facs_fish_0723_low_her2,ecCount (peaks),115,127
ncih2170_facs_fish_0723_low_her2_75,train,NCI-H2170,ncih2170_facs_fish_0723_low_her2,ecCount (peaks),43,39
ncih2170_facs_fish_0723_low_her2_77,val,NCI-H2170,ncih2170_facs_fish_0723_low_her2,ecCount (peaks),48,50
ncih2170_facs_fish_0723_low_her2_83,train,NCI-H2170,ncih2170_facs_fish_0723_low_her2,ecCount (peaks),78,78
ncih2170_facs_fish_0723_low_her2_86,val,NCI-H2170,ncih2170_facs_fish_0723_low_her2,ecCount (peaks),110,100
ncih2170_facs_fish_0723_low_her2_87,train,NCI-H2170,ncih2170_facs_fish_0723_low_her2,ecCount (peaks),64,72
ncih2170_facs_fish_0723_low_her2_88,train,NCI-H2170,ncih2170_facs_fish_0723_low_her2,ecCount (peaks),46,44
ncih2170_facs_fish_0723_low_her2_89,train,NCI-H2170,ncih2170_facs_fish_0723_low_her2,ecCount (peaks),79,76
ncih2170_facs_fish_0723_low_her2_90,val,NCI-H2170,ncih2170_facs_fish_0723_low_her2,ecCount (peaks),106,111
ncih2170_facs_fish_0723_low_her2_92,train,NCI-H2170,ncih2170_facs_fish_0723_low_her2,ecCount (peaks),130,130
ncih2170_facs_fish_0723_low_her2_93,train,NCI-H2170,ncih2170_facs_fish_0723_low_her2,ecCount (peaks),39,39
ncih2170_facs_fish_0723_low_her2_94,train,NCI-H2170,ncih2170_facs_fish_0723_low_her2,ecCount (peaks),93,84
ncih2170_facs_fish_0723_low_her2_98,train,NCI-H2170,ncih2170_facs_fish_0723_low_her2,ecCount (peaks),121,119
ncih2170_facs_fish_0723_pre_sort_ctrl_1,train,NCI-H2170,ncih2170_facs_fish_0723_pre_sort_ctrl,ecCount (peaks),94,90
ncih2170_facs_fish_0723_pre_sort_ctrl_12,train,NCI-H2170,ncih2170_facs_fish_0723_pre_sort_ctrl,ecCount (peaks),173,177
ncih2170_facs_fish_0723_pre_sort_ctrl_14,train,NCI-H2170,ncih2170_facs_fish_0723_pre_sort_ctrl,ecCount (peaks),179,161
ncih2170_facs_fish_0723_pre_sort_ctrl_15,val,NCI-H2170,ncih2170_facs_fish_0723_pre_sort_ctrl,ecCount (peaks),201,202
ncih2170_facs_fish_0723_pre_sort_ctrl_16,train,NCI-H2170,ncih2170_facs_fish_0723_pre_sort_ctrl,ecCount (peaks),85,84
ncih2170_facs_fish_0723_pre_sort_ctrl_17,train,NCI-H2170,ncih2170_facs_fish_0723_pre_sort_ctrl,ecCount (peaks),513,530
ncih2170_facs_fish_0723_pre_sort_ctrl_18,train,NCI-H2170,ncih2170_facs_fish_0723_pre_sort_ctrl,ecCount (peaks),255,249
ncih2170_facs_fish_0723_pre_sort_ctrl_19,train,NCI-H2170,ncih2170_facs_fish_0723_pre_sort_ctrl,ecCount (peaks),123,115
ncih2170_facs_fish_0723_pre_sort_ctrl_2,train,NCI-H2170,ncih2170_facs_fish_0723_pre_sort_ctrl,ecCount (peaks),520,485
ncih2170_facs_fish_0723_pre_sort_ctrl_21,train,NCI-H2170,ncih2170_facs_fish_0723_pre_sort_ctrl,ecCount (peaks),250,250
ncih2170_facs_fish_0723_pre_sort_ctrl_24,train,NCI-H2170,ncih2170_facs_fish_0723_pre_sort_ctrl,ecCount (peaks),64,68
ncih2170_facs_fish_0723_pre_sort_ctrl_29,test,NCI-H2170,ncih2170_facs_fish_0723_pre_sort_ctrl,ecCount (peaks),225,219
ncih2170_facs_fish_0723_pre_sort_ctrl_31,val,NCI-H2170,ncih2170_facs_fish_0723_pre_sort_ctrl,ecCount (peaks),145,131
ncih2170_facs_fish_0723_pre_sort_ctrl_6,val,NCI-H2170,ncih2170_facs_fish_0723_pre_sort_ctrl,ecCount (peaks),192,180
ncih2170_facs_fish_0723_pre_sort_ctrl_7,val,NCI-H2170,ncih2170_facs_fish_0723_pre_sort_ctrl,ecCount (peaks),81,80
ncih2170_facs_fish_0723_pre_sort_ctrl_8,train,NCI-H2170,ncih2170_facs_fish_0723_pre_sort_ctrl,ecCount (peaks),193,175
ncih2170_facs_fish_0723_sorted_ctrl_100,val,NCI-H2170,ncih2170_facs_fish_0723_sorted_ctrl,ecCount (peaks),143,135
ncih2170_facs_fish_0723_sorted_ctrl_11,train,NCI-H2170,ncih2170_facs_fish_0723_sorted_ctrl,ecCount (peaks),34,34
ncih2170_facs_fish_0723_sorted_ctrl_18,train,NCI-H2170,ncih2170_facs_fish_0723_sorted_ctrl,ecCount (peaks),292,314
ncih2170_facs_fish_0723_sorted_ctrl_21,train,NCI-H2170,ncih2170_facs_fish_0723_sorted_ctrl,ecCount (peaks),407,388
ncih2170_facs_fish_0723_sorted_ctrl_22,train,NCI-H2170,ncih2170_facs_fish_0723_sorted_ctrl,ecCount (peaks),88,85
ncih2170_facs_fish_0723_sorted_ctrl_25,train,NCI-H2170,ncih2170_facs_fish_0723_sorted_ctrl,ecCount (peaks),138,147
ncih2170_facs_fish_0723_sorted_ctrl_31,train,NCI-H2170,ncih2170_facs_fish_0723_sorted_ctrl,ecCount (peaks),78,83
ncih2170_facs_fish_0723_sorted_ctrl_32,train,NCI-H2170,ncih2170_facs_fish_0723_sorted_ctrl,ecCount (peaks),288,267
ncih2170_facs_fish_0723_sorted_ctrl_33,train,NCI-H2170,ncih2170_facs_fish_0723_sorted_ctrl,ecCount (peaks),168,167
ncih2170_facs_fish_0723_sorted_ctrl_36,train,NCI-H2170,ncih2170_facs_fish_0723_sorted_ctrl,ecCount (peaks),67,62
ncih2170_facs_fish_0723_sorted_ctrl_37,train,NCI-H2170,ncih2170_facs_fish_0723_sorted_ctrl,ecCount (peaks),239,248
ncih2170_facs_fish_0723_sorted_ctrl_4,train,NCI-H2170,ncih2170_facs_fish_0723_sorted_ctrl,ecCount (peaks),536,579
ncih2170_facs_fish_0723_sorted_ctrl_40,train,NCI-H2170,ncih2170_facs_fish_0723_sorted_ctrl,ecCount (peaks),65,68
ncih2170_facs_fish_0723_sorted_ctrl_41,train,NCI-H2170,ncih2170_facs_fish_0723_sorted_ctrl,ecCount (peaks),292,299
ncih2170_facs_fish_0723_sorted_ctrl_43,train,NCI-H2170,ncih2170_facs_fish_0723_sorted_ctrl,ecCount (peaks),98,98
ncih2170_facs_fish_0723_sorted_ctrl_45,test,NCI-H2170,ncih2170_facs_fish_0723_sorted_ctrl,ecCount (peaks),472,413
ncih2170_facs_fish_0723_sorted_ctrl_46,test,NCI-H2170,ncih2170_facs_fish_0723_sorted_ctrl,ecCount (peaks),178,176
ncih2170_facs_fish_0723_sorted_ctrl_48,train,NCI-H2170,ncih2170_facs_fish_0723_sorted_ctrl,ecCount (peaks),274,273
ncih2170_facs_fish_0723_sorted_ctrl_49,test,NCI-H2170,ncih2170_facs_fish_0723_sorted_ctrl,ecCount (peaks),365,378
ncih2170_facs_fish_0723_sorted_ctrl_51,val,NCI-H2170,ncih2170_facs_fish_0723_sorted_ctrl,ecCount (peaks),302,297
ncih2170_facs_fish_0723_sorted_ctrl_52,train,NCI-H2170,ncih2170_facs_fish_0723_sorted_ctrl,ecCount (peaks),226,240
ncih2170_facs_fish_0723_sorted_ctrl_54,train,NCI-H2170,ncih2170_facs_fish_0723_sorted_ctrl,ecCount (peaks),116,110
ncih2170_facs_fish_0723_sorted_ctrl_55,train,NCI-H2170,ncih2170_facs_fish_0723_sorted_ctrl,ecCount (peaks),262,254
ncih2170_facs_fish_0723_sorted_ctrl_57,train,NCI-H2170,ncih2170_facs_fish_0723_sorted_ctrl,ecCount (peaks),284,302
ncih2170_facs_fish_0723_sorted_ctrl_58,val,NCI-H2170,ncih2170_facs_fish_0723_sorted_ctrl,ecCount (peaks),24,28
ncih2170_facs_fish_0723_sorted_ctrl_59,train,NCI-H2170,ncih2170_facs_fish_0723_sorted_ctrl,ecCount (peaks),277,289
ncih2170_facs_fish_0723_sorted_ctrl_60,test,NCI-H2170,ncih2170_facs_fish_0723_sorted_ctrl,ecCount (peaks),187,181
ncih2170_facs_fish_0723_sorted_ctrl_63,val,NCI-H2170,ncih2170_facs_fish_0723_sorted_ctrl,ecCount (peaks),214,217
ncih2170_facs_fish_0723_sorted_ctrl_64,train,NCI-H2170,ncih2170_facs_fish_0723_sorted_ctrl,ecCount (peaks),333,329
ncih2170_facs_fish_0723_sorted_ctrl_65,train,NCI-H2170,ncih2170_facs_fish_0723_sorted_ctrl,ecCount (peaks),139,145
ncih2170_facs_fish_0723_sorted_ctrl_66,train,NCI-H2170,ncih2170_facs_fish_0723_sorted_ctrl,ecCount (peaks),58,60
ncih2170_facs_fish_0723_sorted_ctrl_68,train,NCI-H2170,ncih2170_facs_fish_0723_sorted_ctrl,ecCount (peaks),266,270
ncih2170_facs_fish_0723_sorted_ctrl_72,train,NCI-H2170,ncih2170_facs_fish_0723_sorted_ctrl,ecCount (peaks),259,217
ncih2170_facs_fish_0723_sorted_ctrl_74,train,NCI-H2170,ncih2170_facs_fish_0723_sorted_ctrl,ecCount (peaks),73,73
ncih2170_facs_fish_0723_sorted_ctrl_75,train,NCI-H2170,ncih2170_facs_fish_0723_sorted_ctrl,ecCount (peaks),205,202
ncih2170_facs_fish_0723_sorted_ctrl_76,train,NCI-H2170,ncih2170_facs_fish_0723_sorted_ctrl,ecCount (peaks),291,271
ncih2170_facs_fish_0723_sorted_ctrl_77,train,NCI-H2170,ncih2170_facs_fish_0723_sorted_ctrl,ecCount (peaks),199,165
ncih2170_facs_fish_0723_sorted_ctrl_79,train,NCI-H2170,ncih2170_facs_fish_0723_sorted_ctrl,ecCount (peaks),27,28
ncih2170_facs_fish_0723_sorted_ctrl_80,val,NCI-H2170,ncih2170_facs_fish_0723_sorted_ctrl,ecCount (peaks),296,351
ncih2170_facs_fish_0723_sorted_ctrl_85,train,NCI-H2170,ncih2170_facs_fish_0723_sorted_ctrl,ecCount (peaks),249,216
ncih2170_facs_fish_0723_sorted_ctrl_87,train,NCI-H2170,ncih2170_facs_fish_0723_sorted_ctrl,ecCount (peaks),190,189
ncih2170_facs_fish_0723_sorted_ctrl_9,train,NCI-H2170,ncih2170_facs_fish_0723_sorted_ctrl,ecCount (peaks),87,85
ncih2170_facs_fish_0723_sorted_ctrl_91,val,NCI-H2170,ncih2170_facs_fish_0723_sorted_ctrl,ecCount (peaks),213,215
ncih2170_facs_fish_0723_sorted_ctrl_96,val,NCI-H2170,ncih2170_facs_fish_0723_sorted_ctrl,ecCount (peaks),220,206
ncih2170_facs_fish_0723_sorted_ctrl_99,train,NCI-H2170,ncih2170_facs_fish_0723_sorted_ctrl,ecCount (peaks),203,185
ncih2170_jc_jq1_ic50_24h_1,train,NCI-H2170,ncih2170_jc_jq1_ic50_24h,ecCount (peaks),83,74
ncih2170_jc_jq1_ic50_24h_100,test,NCI-H2170,ncih2170_jc_jq1_ic50_24h,ecCount (peaks),38,40
ncih2170_jc_jq1_ic50_24h_101,train,NCI-H2170,ncih2170_jc_jq1_ic50_24h,ecCount (peaks),99,89
ncih2170_jc_jq1_ic50_24h_104,train,NCI-H2170,ncih2170_jc_jq1_ic50_24h,ecCount (peaks),74,67
ncih2170_jc_jq1_ic50_24h_106,train,NCI-H2170,ncih2170_jc_jq1_ic50_24h,ecCount (peaks),239,227
ncih2170_jc_jq1_ic50_24h_108,val,NCI-H2170,ncih2170_jc_jq1_ic50_24h,ecCount (peaks),211,203
ncih2170_jc_jq1_ic50_24h_111,train,NCI-H2170,ncih2170_jc_jq1_ic50_24h,ecCount (peaks),128,121
ncih2170_jc_jq1_ic50_24h_112,train,NCI-H2170,ncih2170_jc_jq1_ic50_24h,ecCount (peaks),308,304
ncih2170_jc_jq1_ic50_24h_113,train,NCI-H2170,ncih2170_jc_jq1_ic50_24h,ecCount (peaks),200,177
ncih2170_jc_jq1_ic50_24h_114,train,NCI-H2170,ncih2170_jc_jq1_ic50_24h,ecCount (peaks),250,229
ncih2170_jc_jq1_ic50_24h_115,train,NCI-H2170,ncih2170_jc_jq1_ic50_24h,ecCount (peaks),180,160
ncih2170_jc_jq1_ic50_24h_117,train,NCI-H2170,ncih2170_jc_jq1_ic50_24h,ecCount (peaks),135,115
ncih2170_jc_jq1_ic50_24h_118,train,NCI-H2170,ncih2170_jc_jq1_ic50_24h,ecCount (peaks),105,94
ncih2170_jc_jq1_ic50_24h_119,train,NCI-H2170,ncih2170_jc_jq1_ic50_24h,ecCount (peaks),177,160
ncih2170_jc_jq1_ic50_24h_120,train,NCI-H2170,ncih2170_jc_jq1_ic50_24h,ecCount (peaks),143,128
ncih2170_jc_jq1_ic50_24h_17,val,NCI-H2170,ncih2170_jc_jq1_ic50_24h,ecCount (peaks),35,33
ncih2170_jc_jq1_ic50_24h_2,train,NCI-H2170,ncih2170_jc_jq1_ic50_24h,ecCount (peaks),783,702
ncih2170_jc_jq1_ic50_24h_21,train,NCI-H2170,ncih2170_jc_jq1_ic50_24h,ecCount (peaks),180,179
ncih2170_jc_jq1_ic50_24h_23,val,NCI-H2170,ncih2170_jc_jq1_ic50_24h,ecCount (peaks),110,120
ncih2170_jc_jq1_ic50_24h_24,train,NCI-H2170,ncih2170_jc_jq1_ic50_24h,ecCount (peaks),99,96
ncih2170_jc_jq1_ic50_24h_25,train,NCI-H2170,ncih2170_jc_jq1_ic50_24h,ecCount (peaks),93,88
ncih2170_jc_jq1_ic50_24h_26,train,NCI-H2170,ncih2170_jc_jq1_ic50_24h,ecCount (peaks),142,145
ncih2170_jc_jq1_ic50_24h_27,train,NCI-H2170,ncih2170_jc_jq1_ic50_24h,ecCount (peaks),438,444
ncih2170_jc_jq1_ic50_24h_29,train,NCI-H2170,ncih2170_jc_jq1_ic50_24h,ecCount (peaks),201,184
ncih2170_jc_jq1_ic50_24h_30,train,NCI-H2170,ncih2170_jc_jq1_ic50_24h,ecCount (peaks),163,158
ncih2170_jc_jq1_ic50_24h_31,train,NCI-H2170,ncih2170_jc_jq1_ic50_24h,ecCount (peaks),274,256
ncih2170_jc_jq1_ic50_24h_33,train,NCI-H2170,ncih2170_jc_jq1_ic50_24h,ecCount (peaks),121,121
ncih2170_jc_jq1_ic50_24h_36,val,NCI-H2170,ncih2170_jc_jq1_ic50_24h,ecCount (peaks),273,255
ncih2170_jc_jq1_ic50_24h_38,test,NCI-H2170,ncih2170_jc_jq1_ic50_24h,ecCount (peaks),59,63
ncih2170_jc_jq1_ic50_24h_40,train,NCI-H2170,ncih2170_jc_jq1_ic50_24h,ecCount (peaks),406,360
ncih2170_jc_jq1_ic50_24h_41,train,NCI-H2170,ncih2170_jc_jq1_ic50_24h,ecCount (peaks),69,68
ncih2170_jc_jq1_ic50_24h_42,train,NCI-H2170,ncih2170_jc_jq1_ic50_24h,ecCount (peaks),51,49
ncih2170_jc_jq1_ic50_24h_47,train,NCI-H2170,ncih2170_jc_jq1_ic50_24h,ecCount (peaks),120,95
ncih2170_jc_jq1_ic50_24h_48,test,NCI-H2170,ncih2170_jc_jq1_ic50_24h,ecCount (peaks),223,212
ncih2170_jc_jq1_ic50_24h_5,train,NCI-H2170,ncih2170_jc_jq1_ic50_24h,ecCount (peaks),86,67
ncih2170_jc_jq1_ic50_24h_50,test,NCI-H2170,ncih2170_jc_jq1_ic50_24h,ecCount (peaks),72,67
ncih2170_jc_jq1_ic50_24h_51,train,NCI-H2170,ncih2170_jc_jq1_ic50_24h,ecCount (peaks),323,326
ncih2170_jc_jq1_ic50_24h_53,train,NCI-H2170,ncih2170_jc_jq1_ic50_24h,ecCount (peaks),127,110
ncih2170_jc_jq1_ic50_24h_54,train,NCI-H2170,ncih2170_jc_jq1_ic50_24h,ecCount (peaks),101,94
ncih2170_jc_jq1_ic50_24h_56,train,NCI-H2170,ncih2170_jc_jq1_ic50_24h,ecCount (peaks),265,248
ncih2170_jc_jq1_ic50_24h_61,train,NCI-H2170,ncih2170_jc_jq1_ic50_24h,ecCount (peaks),50,45
ncih2170_jc_jq1_ic50_24h_62,train,NCI-H2170,ncih2170_jc_jq1_ic50_24h,ecCount (peaks),155,148
ncih2170_jc_jq1_ic50_24h_64,train,NCI-H2170,ncih2170_jc_jq1_ic50_24h,ecCount (peaks),102,94
ncih2170_jc_jq1_ic50_24h_66,train,NCI-H2170,ncih2170_jc_jq1_ic50_24h,ecCount (peaks),246,242
ncih2170_jc_jq1_ic50_24h_67,train,NCI-H2170,ncih2170_jc_jq1_ic50_24h,ecCount (peaks),118,108
ncih2170_jc_jq1_ic50_24h_68,train,NCI-H2170,ncih2170_jc_jq1_ic50_24h,ecCount (peaks),160,156
ncih2170_jc_jq1_ic50_24h_69,train,NCI-H2170,ncih2170_jc_jq1_ic50_24h,ecCount (peaks),62,58
ncih2170_jc_jq1_ic50_24h_7,test,NCI-H2170,ncih2170_jc_jq1_ic50_24h,ecCount (peaks),328,295
ncih2170_jc_jq1_ic50_24h_72,train,NCI-H2170,ncih2170_jc_jq1_ic50_24h,ecCount (peaks),94,91
ncih2170_jc_jq1_ic50_24h_73,train,NCI-H2170,ncih2170_jc_jq1_ic50_24h,ecCount (peaks),123,115
ncih2170_jc_jq1_ic50_24h_74,train,NCI-H2170,ncih2170_jc_jq1_ic50_24h,ecCount (peaks),314,288
ncih2170_jc_jq1_ic50_24h_75,train,NCI-H2170,ncih2170_jc_jq1_ic50_24h,ecCount (peaks),111,112
ncih2170_jc_jq1_ic50_24h_76_a,train,NCI-H2170,ncih2170_jc_jq1_ic50_24h,ecCount (peaks),149,136
ncih2170_jc_jq1_ic50_24h_79,train,NCI-H2170,ncih2170_jc_jq1_ic50_24h,ecCount (peaks),110,99
ncih2170_jc_jq1_ic50_24h_84,test,NCI-H2170,ncih2170_jc_jq1_ic50_24h,ecCount (peaks),64,60
ncih2170_jc_jq1_ic50_24h_86,test,NCI-H2170,ncih2170_jc_jq1_ic50_24h,ecCount (peaks),193,185
ncih2170_jc_jq1_ic50_24h_89,train,NCI-H2170,ncih2170_jc_jq1_ic50_24h,ecCount (peaks),134,125
ncih2170_jc_jq1_ic50_24h_90,val,NCI-H2170,ncih2170_jc_jq1_ic50_24h,ecCount (peaks),134,99
ncih2170_jc_jq1_ic50_24h_91,train,NCI-H2170,ncih2170_jc_jq1_ic50_24h,ecCount (peaks),125,113
ncih2170_jc_jq1_ic50_24h_92,train,NCI-H2170,ncih2170_jc_jq1_ic50_24h,ecCount (peaks),141,137
ncih2170_jc_jq1_ic50_24h_93,train,NCI-H2170,ncih2170_jc_jq1_ic50_24h,ecCount (peaks),419,336
ncih2170_jc_jq1_ic50_24h_94,train,NCI-H2170,ncih2170_jc_jq1_ic50_24h,ecCount (peaks),135,140
ncih2170_jc_jq1_ic50_24h_95,train,NCI-H2170,ncih2170_jc_jq1_ic50_24h,ecCount (peaks),58,54
ncih2170_jc_jq1_ic50_24h_96,train,NCI-H2170,ncih2170_jc_jq1_ic50_24h,ecCount (peaks),69,56
ncih2170_jc_jq1_ic50_24h_97,train,NCI-H2170,ncih2170_jc_jq1_ic50_24h,ecCount (peaks),53,46
ncih2170_jc_jq1_ic50_24h_98,test,NCI-H2170,ncih2170_jc_jq1_ic50_24h,ecCount (peaks),97,91
ncih2170_jc_lap_ic50_24h_10,train,NCI-H2170,ncih2170_jc_lap_ic50_24h,ecCount (peaks),103,113
ncih2170_jc_lap_ic50_24h_101,train,NCI-H2170,ncih2170_jc_lap_ic50_24h,ecCount (peaks),278,259
ncih2170_jc_lap_ic50_24h_102,train,NCI-H2170,ncih2170_jc_lap_ic50_24h,ecCount (peaks),125,124
ncih2170_jc_lap_ic50_24h_104,train,NCI-H2170,ncih2170_jc_lap_ic50_24h,ecCount (peaks),151,134
ncih2170_jc_lap_ic50_24h_106,train,NCI-H2170,ncih2170_jc_lap_ic50_24h,ecCount (peaks),166,154
ncih2170_jc_lap_ic50_24h_108,train,NCI-H2170,ncih2170_jc_lap_ic50_24h,ecCount (peaks),70,73
ncih2170_jc_lap_ic50_24h_109,train,NCI-H2170,ncih2170_jc_lap_ic50_24h,ecCount (peaks),99,97
ncih2170_jc_lap_ic50_24h_11,test,NCI-H2170,ncih2170_jc_lap_ic50_24h,ecCount (peaks),89,83
ncih2170_jc_lap_ic50_24h_112,train,NCI-H2170,ncih2170_jc_lap_ic50_24h,ecCount (peaks),210,212
ncih2170_jc_lap_ic50_24h_114,train,NCI-H2170,ncih2170_jc_lap_ic50_24h,ecCount (peaks),50,47
ncih2170_jc_lap_ic50_24h_115,train,NCI-H2170,ncih2170_jc_lap_ic50_24h,ecCount (peaks),125,124
ncih2170_jc_lap_ic50_24h_116,train,NCI-H2170,ncih2170_jc_lap_ic50_24h,ecCount (peaks),101,99
ncih2170_jc_lap_ic50_24h_118,train,NCI-H2170,ncih2170_jc_lap_ic50_24h,ecCount (peaks),63,55
ncih2170_jc_lap_ic50_24h_119,train,NCI-H2170,ncih2170_jc_lap_ic50_24h,ecCount (peaks),120,102
ncih2170_jc_lap_ic50_24h_12,test,NCI-H2170,ncih2170_jc_lap_ic50_24h,ecCount (peaks),445,491
ncih2170_jc_lap_ic50_24h_13,val,NCI-H2170,ncih2170_jc_lap_ic50_24h,ecCount (peaks),192,185
ncih2170_jc_lap_ic50_24h_15,test,NCI-H2170,ncih2170_jc_lap_ic50_24h,ecCount (peaks),84,79
ncih2170_jc_lap_ic50_24h_16,val,NCI-H2170,ncih2170_jc_lap_ic50_24h,ecCount (peaks),92,87
ncih2170_jc_lap_ic50_24h_17,train,NCI-H2170,ncih2170_jc_lap_ic50_24h,ecCount (peaks),54,52
ncih2170_jc_lap_ic50_24h_18,test,NCI-H2170,ncih2170_jc_lap_ic50_24h,ecCount (peaks),107,98
ncih2170_jc_lap_ic50_24h_19,train,NCI-H2170,ncih2170_jc_lap_ic50_24h,ecCount (peaks),82,65
ncih2170_jc_lap_ic50_24h_2,val,NCI-H2170,ncih2170_jc_lap_ic50_24h,ecCount (peaks),110,106
ncih2170_jc_lap_ic50_24h_20,train,NCI-H2170,ncih2170_jc_lap_ic50_24h,ecCount (peaks),177,170
ncih2170_jc_lap_ic50_24h_21,train,NCI-H2170,ncih2170_jc_lap_ic50_24h,ecCount (peaks),242,235
ncih2170_jc_lap_ic50_24h_22,val,NCI-H2170,ncih2170_jc_lap_ic50_24h,ecCount (peaks),177,185
ncih2170_jc_lap_ic50_24h_24,train,NCI-H2170,ncih2170_jc_lap_ic50_24h,ecCount (peaks),97,105
ncih2170_jc_lap_ic50_24h_25,train,NCI-H2170,ncih2170_jc_lap_ic50_24h,ecCount (peaks),107,110
ncih2170_jc_lap_ic50_24h_27,train,NCI-H2170,ncih2170_jc_lap_ic50_24h,ecCount (peaks),65,64
ncih2170_jc_lap_ic50_24h_29f,train,NCI-H2170,ncih2170_jc_lap_ic50_24h_29f,ecCount (peaks),101,95
ncih2170_jc_lap_ic50_24h_3,val,NCI-H2170,ncih2170_jc_lap_ic50_24h,ecCount (peaks),108,108
ncih2170_jc_lap_ic50_24h_31,train,NCI-H2170,ncih2170_jc_lap_ic50_24h,ecCount (peaks),132,132
ncih2170_jc_lap_ic50_24h_32,train,NCI-H2170,ncih2170_jc_lap_ic50_24h,ecCount (peaks),54,64
ncih2170_jc_lap_ic50_24h_33,train,NCI-H2170,ncih2170_jc_lap_ic50_24h,ecCount (peaks),185,166
ncih2170_jc_lap_ic50_24h_34,val,NCI-H2170,ncih2170_jc_lap_ic50_24h,ecCount (peaks),123,108
ncih2170_jc_lap_ic50_24h_35,test,NCI-H2170,ncih2170_jc_lap_ic50_24h,ecCount (peaks),135,134
ncih2170_jc_lap_ic50_24h_36,train,NCI-H2170,ncih2170_jc_lap_ic50_24h,ecCount (peaks),36,36
ncih2170_jc_lap_ic50_24h_37,val,NCI-H2170,ncih2170_jc_lap_ic50_24h,ecCount (peaks),147,133
ncih2170_jc_lap_ic50_24h_39,train,NCI-H2170,ncih2170_jc_lap_ic50_24h,ecCount (peaks),122,107
ncih2170_jc_lap_ic50_24h_40,val,NCI-H2170,ncih2170_jc_lap_ic50_24h,ecCount (peaks),173,156
ncih2170_jc_lap_ic50_24h_41,train,NCI-H2170,ncih2170_jc_lap_ic50_24h,ecCount (peaks),185,162
ncih2170_jc_lap_ic50_24h_45,train,NCI-H2170,ncih2170_jc_lap_ic50_24h,ecCount (peaks),145,120
ncih2170_jc_lap_ic50_24h_46,test,NCI-H2170,ncih2170_jc_lap_ic50_24h,ecCount (peaks),151,133
ncih2170_jc_lap_ic50_24h_47,test,NCI-H2170,ncih2170_jc_lap_ic50_24h,ecCount (peaks),175,141
ncih2170_jc_lap_ic50_24h_48,train,NCI-H2170,ncih2170_jc_lap_ic50_24h,ecCount (peaks),97,98
ncih2170_jc_lap_ic50_24h_49,train,NCI-H2170,ncih2170_jc_lap_ic50_24h,ecCount (peaks),40,42
ncih2170_jc_lap_ic50_24h_4_s,train,NCI-H2170,ncih2170_jc_lap_ic50_24h,ecCount (peaks),41,32
ncih2170_jc_lap_ic50_24h_52,train,NCI-H2170,ncih2170_jc_lap_ic50_24h,ecCount (peaks),150,145
ncih2170_jc_lap_ic50_24h_54,train,NCI-H2170,ncih2170_jc_lap_ic50_24h,ecCount (peaks),75,66
ncih2170_jc_lap_ic50_24h_55,test,NCI-H2170,ncih2170_jc_lap_ic50_24h,ecCount (peaks),55,56
ncih2170_jc_lap_ic50_24h_56,train,NCI-H2170,ncih2170_jc_lap_ic50_24h,ecCount (peaks),70,64
ncih2170_jc_lap_ic50_24h_57,train,NCI-H2170,ncih2170_jc_lap_ic50_24h,ecCount (peaks),202,169
ncih2170_jc_lap_ic50_24h_58,train,NCI-H2170,ncih2170_jc_lap_ic50_24h,ecCount (peaks),390,343
ncih2170_jc_lap_ic50_24h_61,train,NCI-H2170,ncih2170_jc_lap_ic50_24h,ecCount (peaks),165,159
ncih2170_jc_lap_ic50_24h_64,val,NCI-H2170,ncih2170_jc_lap_ic50_24h,ecCount (peaks),195,175
ncih2170_jc_lap_ic50_24h_65,test,NCI-H2170,ncih2170_jc_lap_ic50_24h,ecCount (peaks),318,309
ncih2170_jc_lap_ic50_24h_66,val,NCI-H2170,ncih2170_jc_lap_ic50_24h,ecCount (peaks),102,97
ncih2170_jc_lap_ic50_24h_67,val,NCI-H2170,ncih2170_jc_lap_ic50_24h,ecCount (peaks),303,276
ncih2170_jc_lap_ic50_24h_7,val,NCI-H2170,ncih2170_jc_lap_ic50_24h,ecCount (peaks),152,149
ncih2170_jc_lap_ic50_24h_71,val,NCI-H2170,ncih2170_jc_lap_ic50_24h,ecCount (peaks),236,210
ncih2170_jc_lap_ic50_24h_74,train,NCI-H2170,ncih2170_jc_lap_ic50_24h,ecCount (peaks),152,131
ncih2170_jc_lap_ic50_24h_75,train,NCI-H2170,ncih2170_jc_lap_ic50_24h,ecCount (peaks),177,166
ncih2170_jc_lap_ic50_24h_76,train,NCI-H2170,ncih2170_jc_lap_ic50_24h,ecCount (peaks),258,230
ncih2170_jc_lap_ic50_24h_79,train,NCI-H2170,ncih2170_jc_lap_ic50_24h,ecCount (peaks),110,101
ncih2170_jc_lap_ic50_24h_8,train,NCI-H2170,ncih2170_jc_lap_ic50_24h,ecCount (peaks),68,61
ncih2170_jc_lap_ic50_24h_82,val,NCI-H2170,ncih2170_jc_lap_ic50_24h,ecCount (peaks),233,204
ncih2170_jc_lap_ic50_24h_83,train,NCI-H2170,ncih2170_jc_lap_ic50_24h,ecCount (peaks),111,101
ncih2170_jc_lap_ic50_24h_84,train,NCI-H2170,ncih2170_jc_lap_ic50_24h,ecCount (peaks),161,164
ncih2170_jc_lap_ic50_24h_88,train,NCI-H2170,ncih2170_jc_lap_ic50_24h,ecCount (peaks),239,234
ncih2170_jc_lap_ic50_24h_90,train,NCI-H2170,ncih2170_jc_lap_ic50_24h,ecCount (peaks),283,259
ncih2170_jc_lap_ic50_24h_91,val,NCI-H2170,ncih2170_jc_lap_ic50_24h,ecCount (peaks),123,116
ncih2170_jc_lap_ic50_24h_93,train,NCI-H2170,ncih2170_jc_lap_ic50_24h,ecCount (peaks),259,258
ncih2170_jc_lap_ic50_24h_96,train,NCI-H2170,ncih2170_jc_lap_ic50_24h,ecCount (peaks),261,231
ncih2170_jc_lap_ic50_24h_99,train,NCI-H2170,ncih2170_jc_lap_ic50_24h,ecCount (peaks),89,88
ncih2170_jc_ner_ic50_24h_1,test,NCI-H2170,ncih2170_jc_ner_ic50_24h,ecCount (peaks),61,61
ncih2170_jc_ner_ic50_24h_2,val,NCI-H2170,ncih2170_jc_ner_ic50_24h,ecCount (peaks),314,305
ncih2170_jc_ner_ic50_24h_21,train,NCI-H2170,ncih2170_jc_ner_ic50_24h,ecCount (peaks),475,443
ncih2170_jc_ner_ic50_24h_28,train,NCI-H2170,ncih2170_jc_ner_ic50_24h,ecCount (peaks),62,68
ncih2170_jc_ner_ic50_24h_3,train,NCI-H2170,ncih2170_jc_ner_ic50_24h,ecCount (peaks),574,573
ncih2170_jc_ner_ic50_24h_47,train,NCI-H2170,ncih2170_jc_ner_ic50_24h,ecCount (peaks),212,214
ncih2170_jc_ner_ic50_24h_50,test,NCI-H2170,ncih2170_jc_ner_ic50_24h,ecCount (peaks),105,113
ncih2170_jc_ner_ic50_24h_51,train,NCI-H2170,ncih2170_jc_ner_ic50_24h,ecCount (peaks),166,149
ncih2170_jc_ner_ic50_24h_53,train,NCI-H2170,ncih2170_jc_ner_ic50_24h,ecCount (peaks),182,189
ncih2170_jc_ner_ic50_24h_54,test,NCI-H2170,ncih2170_jc_ner_ic50_24h,ecCount (peaks),86,86
ncih2170_jc_ner_ic50_24h_6,train,NCI-H2170,ncih2170_jc_ner_ic50_24h,ecCount (peaks),109,110
ncih2170_jc_ner_ic50_24h_7,train,NCI-H2170,ncih2170_jc_ner_ic50_24h,ecCount (peaks),137,133
ncih2170_jc_ner_ic50_24h_72,train,NCI-H2170,ncih2170_jc_ner_ic50_24h,ecCount (peaks),143,138
ncih2170_jc_ner_ic50_24h_73,train,NCI-H2170,ncih2170_jc_ner_ic50_24h,ecCount (peaks),78,161
ncih2170_jc_ner_ic50_24h_80,train,NCI-H2170,ncih2170_jc_ner_ic50_24h,ecCount (peaks),129,132
ncih2170_jc_ner_ic50_24h_9,train,NCI-H2170,ncih2170_jc_ner_ic50_24h,ecCount (peaks),168,170
ncih2170_jc_ner_ic50_72h_32,val,NCI-H2170,ncih2170_jc_ner_ic50_72h,ecCount (peaks),158,173
ncih2170_jc_ner_ic50_72h_39,train,NCI-H2170,ncih2170_jc_ner_ic50_72h,ecCount (peaks),396,398
ncih2170_jc_ner_ic50_72h_40,train,NCI-H2170,ncih2170_jc_ner_ic50_72h,ecCount (peaks),349,339
ncih2170_jc_ner_ic50_72h_63,val,NCI-H2170,ncih2170_jc_ner_ic50_72h,ecCount (peaks),148,153
ncih2170_jc_ner_ic50_72h_66,train,NCI-H2170,ncih2170_jc_ner_ic50_72h,ecCount (peaks),163,164
ncih2170_jc_ner_ic50_72h_75,train,NCI-H2170,ncih2170_jc_ner_ic50_72h,ecCount (peaks),233,224
ncih2170_jc_ner_ic50_72h_89,train,NCI-H2170,ncih2170_jc_ner_ic50_72h,ecCount (peaks),1687,1724
ncih2170_jc_ner_ic50_72h_92,train,NCI-H2170,ncih2170_jc_ner_ic50_72h,ecCount (peaks),233,230
ncih2170_post_facs_fish_high_her2_g3_28,test,NCI-H2170,ncih2170_post_facs_fish_high_her2_g3,ecCount (peaks),89,81
ncih2170_post_facs_fish_high_her2_g3_42,train,NCI-H2170,ncih2170_post_facs_fish_high_her2_g3,ecCount (peaks),611,574
ncih2170_post_facs_fish_high_her2_g3_54,val,NCI-H2170,ncih2170_post_facs_fish_high_her2_g3,ecCount (peaks),359,365
ncih2170_post_facs_fish_high_her2_g3_61,train,NCI-H2170,ncih2170_post_facs_fish_high_her2_g3,ecCount (peaks),186,180
ncih2170_post_facs_fish_high_her2_g3_65,train,NCI-H2170,ncih2170_post_facs_fish_high_her2_g3,ecCount (peaks),88,89
ncih2170_post_facs_fish_low_her2_g3_1,test,NCI-H2170,ncih2170_post_facs_fish_low_her2_g3,ecCount (peaks),170,163
ncih2170_post_facs_fish_low_her2_g3_101,train,NCI-H2170,ncih2170_post_facs_fish_low_her2_g3,ecCount (peaks),153,146
ncih2170_post_facs_fish_low_her2_g3_36,train,NCI-H2170,ncih2170_post_facs_fish_low_her2_g3,ecCount (peaks),179,174
ncih2170_post_facs_fish_low_her2_g3_39,train,NCI-H2170,ncih2170_post_facs_fish_low_her2_g3,ecCount (peaks),191,196
ncih2170_post_facs_fish_low_her2_g3_53,val,NCI-H2170,ncih2170_post_facs_fish_low_her2_g3,ecCount (peaks),61,67
ncih2170_post_facs_fish_low_her2_g3_55,val,NCI-H2170,ncih2170_post_facs_fish_low_her2_g3,ecCount (peaks),54,49
ncih2170_post_facs_fish_low_her2_g3_59,train,NCI-H2170,ncih2170_post_facs_fish_low_her2_g3,ecCount (peaks),45,44
ncih2170_post_facs_fish_low_her2_g3_6,train,NCI-H2170,ncih2170_post_facs_fish_low_her2_g3,ecCount (peaks),479,480
ncih2170_post_facs_fish_low_her2_g3_68,train,NCI-H2170,ncih2170_post_facs_fish_low_her2_g3,ecCount (peaks),49,48
ncih2170_post_facs_fish_low_her2_g3_79,train,NCI-H2170,ncih2170_post_facs_fish_low_her2_g3,ecCount (peaks),209,209
ncih2170_post_facs_fish_low_her2_g3_82,train,NCI-H2170,ncih2170_post_facs_fish_low_her2_g3,ecCount (peaks),75,77
ncih2170_post_facs_fish_low_her2_g3_87,val,NCI-H2170,ncih2170_post_facs_fish_low_her2_g3,ecCount (peaks),52,53
ncih716_jc_alo_8nm_24h_11,test,NCI-H716,ncih716_jc_alo_8nm_24h,ecCount (peaks),210,223
ncih716_jc_alo_8nm_24h_12,train,NCI-H716,ncih716_jc_alo_8nm_24h,ecCount (peaks),191,208
ncih716_jc_alo_8nm_24h_13,test,NCI-H716,ncih716_jc_alo_8nm_24h,ecCount (peaks),163,187
ncih716_jc_alo_8nm_24h_16,val,NCI-H716,ncih716_jc_alo_8nm_24h,ecCount (peaks),152,155
ncih716_jc_alo_8nm_24h_17,train,NCI-H716,ncih716_jc_alo_8nm_24h,ecCount (peaks),231,246
ncih716_jc_alo_8nm_24h_5,train,NCI-H716,ncih716_jc_alo_8nm_24h,ecCount (peaks),128,144
ncih716_jc_ctrl_1_10,train,NCI-H716,ncih716_jc_ctrl_1,ecCount (peaks),386,421
ncih716_jc_ctrl_1_13,train,NCI-H716,ncih716_jc_ctrl_1,ecCount (peaks),211,232
ncih716_jc_ctrl_1_16,train,NCI-H716,ncih716_jc_ctrl_1,ecCount (peaks),182,214
ncih716_jc_ctrl_1_19,val,NCI-H716,ncih716_jc_ctrl_1,ecCount (peaks),207,226
ncih716_jc_ctrl_1_2,train,NCI-H716,ncih716_jc_ctrl_1,ecCount (peaks),131,155
ncih716_jc_ctrl_1_21,train,NCI-H716,ncih716_jc_ctrl_1,ecCount (peaks),195,219
ncih716_jc_ctrl_1_23,test,NCI-H716,ncih716_jc_ctrl_1,ecCount (peaks),185,217
ncih716_jc_ctrl_1_24,train,NCI-H716,ncih716_jc_ctrl_1,ecCount (peaks),350,355
ncih716_jc_ctrl_1_27,train,NCI-H716,ncih716_jc_ctrl_1,ecCount (peaks),281,289
ncih716_jc_ctrl_1_3,train,NCI-H716,ncih716_jc_ctrl_1,ecCount (peaks),127,125
ncih716_jc_ctrl_1_42,train,NCI-H716,ncih716_jc_ctrl_1,ecCount (peaks),178,229
ncih716_jc_ctrl_1_43,train,NCI-H716,ncih716_jc_ctrl_1,ecCount (peaks),194,217
ncih716_jc_ctrl_1_44_a,val,NCI-H716,ncih716_jc_ctrl_1,ecCount (peaks),132,128
ncih716_jc_ctrl_1_45,test,NCI-H716,ncih716_jc_ctrl_1,ecCount (peaks),101,110
ncih716_jc_ctrl_1_46,val,NCI-H716,ncih716_jc_ctrl_1,ecCount (peaks),144,147
ncih716_jc_ctrl_1_48,train,NCI-H716,ncih716_jc_ctrl_1,ecCount (peaks),163,171
ncih716_jc_ctrl_1_5,train,NCI-H716,ncih716_jc_ctrl_1,ecCount (peaks),179,171
ncih716_jc_ctrl_1_54,train,NCI-H716,ncih716_jc_ctrl_1,ecCount (peaks),134,151
ncih716_jc_ctrl_1_55,train,NCI-H716,ncih716_jc_ctrl_1,ecCount (peaks),76,70
ncih716_jc_ctrl_1_56,train,NCI-H716,ncih716_jc_ctrl_1,ecCount (peaks),239,265
ncih716_jc_ctrl_1_57,train,NCI-H716,ncih716_jc_ctrl_1,ecCount (peaks),137,147
ncih716_jc_ctrl_1_59,train,NCI-H716,ncih716_jc_ctrl_1,ecCount (peaks),211,217
ncih716_jc_ctrl_1_62,train,NCI-H716,ncih716_jc_ctrl_1,ecCount (peaks),172,175
ncih716_jc_ctrl_1_64,val,NCI-H716,ncih716_jc_ctrl_1,ecCount (peaks),148,157
ncih716_jc_ctrl_1_66,test,NCI-H716,ncih716_jc_ctrl_1,ecCount (peaks),236,252
ncih716_jc_ctrl_1_68,val,NCI-H716,ncih716_jc_ctrl_1,ecCount (peaks),202,221
ncih716_jc_ctrl_1_72,test,NCI-H716,ncih716_jc_ctrl_1,ecCount (peaks),150,175
ncih716_jc_ctrl_1_74,train,NCI-H716,ncih716_jc_ctrl_1,ecCount (peaks),369,331
ncih716_jc_ctrl_1_76,train,NCI-H716,ncih716_jc_ctrl_1,ecCount (peaks),172,162
ncih716_jc_ctrl_2_10,train,NCI-H716,ncih716_jc_ctrl_2,ecCount (peaks),116,112
ncih716_jc_ctrl_2_11,test,NCI-H716,ncih716_jc_ctrl_2,ecCount (peaks),139,126
ncih716_jc_ctrl_2_12,val,NCI-H716,ncih716_jc_ctrl_2,ecCount (peaks),166,164
ncih716_jc_ctrl_2_16,train,NCI-H716,ncih716_jc_ctrl_2,ecCount (peaks),213,217
ncih716_jc_ctrl_2_18,train,NCI-H716,ncih716_jc_ctrl_2,ecCount (peaks),131,163
ncih716_jc_ctrl_2_22,train,NCI-H716,ncih716_jc_ctrl_2,ecCount (peaks),135,146
ncih716_jc_ctrl_2_23,train,NCI-H716,ncih716_jc_ctrl_2,ecCount (peaks),129,138
ncih716_jc_ctrl_2_24,val,NCI-H716,ncih716_jc_ctrl_2,ecCount (peaks),166,178
ncih716_jc_ctrl_2_25,test,NCI-H716,ncih716_jc_ctrl_2,ecCount (peaks),171,153
ncih716_jc_ctrl_2_27,train,NCI-H716,ncih716_jc_ctrl_2,ecCount (peaks),291,310
ncih716_jc_ctrl_2_28,train,NCI-H716,ncih716_jc_ctrl_2,ecCount (peaks),223,241
ncih716_jc_ctrl_2_29,val,NCI-H716,ncih716_jc_ctrl_2,ecCount (peaks),214,213
ncih716_jc_ctrl_2_30,test,NCI-H716,ncih716_jc_ctrl_2,ecCount (peaks),71,78
ncih716_jc_ctrl_2_32,train,NCI-H716,ncih716_jc_ctrl_2,ecCount (peaks),132,133
ncih716_jc_ctrl_2_33,train,NCI-H716,ncih716_jc_ctrl_2,ecCount (peaks),176,178
ncih716_jc_ctrl_2_36,train,NCI-H716,ncih716_jc_ctrl_2,ecCount (peaks),262,277
ncih716_jc_ctrl_2_37,train,NCI-H716,ncih716_jc_ctrl_2,ecCount (peaks),468,478
ncih716_jc_ctrl_2_39,train,NCI-H716,ncih716_jc_ctrl_2,ecCount (peaks),273,302
ncih716_jc_ctrl_2_40,train,NCI-H716,ncih716_jc_ctrl_2,ecCount (peaks),89,84
ncih716_jc_ctrl_2_41,train,NCI-H716,ncih716_jc_ctrl_2,ecCount (peaks),132,137
ncih716_jc_ctrl_2_43,train,NCI-H716,ncih716_jc_ctrl_2,ecCount (peaks),144,156
ncih716_jc_ctrl_2_45,train,NCI-H716,ncih716_jc_ctrl_2,ecCount (peaks),179,172
ncih716_jc_ctrl_2_46,train,NCI-H716,ncih716_jc_ctrl_2,ecCount (peaks),72,72
ncih716_jc_ctrl_2_47,train,NCI-H716,ncih716_jc_ctrl_2,ecCount (peaks),135,127
ncih716_jc_ctrl_2_48,train,NCI-H716,ncih716_jc_ctrl_2,ecCount (peaks),322,345
ncih716_jc_ctrl_2_49,val,NCI-H716,ncih716_jc_ctrl_2,ecCount (peaks),169,178
ncih716_jc_ctrl_2_5,train,NCI-H716,ncih716_jc_ctrl_2,ecCount (peaks),368,397
ncih716_jc_ctrl_2_50,train,NCI-H716,ncih716_jc_ctrl_2,ecCount (peaks),177,175
ncih716_jc_ctrl_2_51,train,NCI-H716,ncih716_jc_ctrl_2,ecCount (peaks),181,176
ncih716_jc_ctrl_2_54,train,NCI-H716,ncih716_jc_ctrl_2,ecCount (peaks),274,277
ncih716_jc_ctrl_2_55,train,NCI-H716,ncih716_jc_ctrl_2,ecCount (peaks),120,135
ncih716_jc_ctrl_2_56,train,NCI-H716,ncih716_jc_ctrl_2,ecCount (peaks),349,370
ncih716_jc_ctrl_2_58,test,NCI-H716,ncih716_jc_ctrl_2,ecCount (peaks),166,174
ncih716_jc_ctrl_2_8,test,NCI-H716,ncih716_jc_ctrl_2,ecCount (peaks),110,113
ncih716_jc_ctrl_2_9,train,NCI-H716,ncih716_jc_ctrl_2,ecCount (peaks),210,223
snu16_jc_arv771_800picom_24h_4,train,SNU16,snu16_jc_arv771_800picom_24h,ecCount (peaks),124,92
snu16_jc_ctrl_10,train,SNU16,snu16_jc_ctrl,ecCount (peaks),376,414
snu16_jc_ctrl_102,train,SNU16,snu16_jc_ctrl,ecCount (peaks),271,248
snu16_jc_ctrl_103,train,SNU16,snu16_jc_ctrl,ecCount (peaks),206,191
snu16_jc_ctrl_107,train,SNU16,snu16_jc_ctrl,ecCount (peaks),370,374
snu16_jc_ctrl_108,train,SNU16,snu16_jc_ctrl,ecCount (peaks),635,675
snu16_jc_ctrl_112,train,SNU16,snu16_jc_ctrl,ecCount (peaks),1231,1192
snu16_jc_ctrl_114,test,SNU16,snu16_jc_ctrl,ecCount (peaks),670,645
snu16_jc_ctrl_119,val,SNU16,snu16_jc_ctrl,ecCount (peaks),415,414
snu16_jc_ctrl_120,train,SNU16,snu16_jc_ctrl,ecCount (peaks),244,222
snu16_jc_ctrl_122,train,SNU16,snu16_jc_ctrl,ecCount (peaks),209,179
snu16_jc_ctrl_124,test,SNU16,snu16_jc_ctrl,ecCount (peaks),191,173
snu16_jc_ctrl_126,train,SNU16,snu16_jc_ctrl,ecCount (peaks),181,162
snu16_jc_ctrl_127,train,SNU16,snu16_jc_ctrl,ecCount (peaks),372,361
snu16_jc_ctrl_129,train,SNU16,snu16_jc_ctrl,ecCount (peaks),224,201
snu16_jc_ctrl_13,val,SNU16,snu16_jc_ctrl,ecCount (peaks),380,329
snu16_jc_ctrl_131,train,SNU16,snu16_jc_ctrl,ecCount (peaks),225,218
snu16_jc_ctrl_132,train,SNU16,snu16_jc_ctrl,ecCount (peaks),311,293
snu16_jc_ctrl_135,val,SNU16,snu16_jc_ctrl,ecCount (peaks),366,373
snu16_jc_ctrl_136,train,SNU16,snu16_jc_ctrl,ecCount (peaks),317,277
snu16_jc_ctrl_139,val,SNU16,snu16_jc_ctrl,ecCount (peaks),254,240
snu16_jc_ctrl_144,train,SNU16,snu16_jc_ctrl,ecCount (peaks),123,110
snu16_jc_ctrl_147,train,SNU16,snu16_jc_ctrl,ecCount (peaks),268,230
snu16_jc_ctrl_15,train,SNU16,snu16_jc_ctrl,ecCount (peaks),471,452
snu16_jc_ctrl_20,train,SNU16,snu16_jc_ctrl,ecCount (peaks),990,953
snu16_jc_ctrl_23,train,SNU16,snu16_jc_ctrl,ecCount (peaks),223,209
snu16_jc_ctrl_24,train,SNU16,snu16_jc_ctrl,ecCount (peaks),251,254
snu16_jc_ctrl_25,train,SNU16,snu16_jc_ctrl,ecCount (peaks),341,330
snu16_jc_ctrl_26,train,SNU16,snu16_jc_ctrl,ecCount (peaks),170,167
snu16_jc_ctrl_30,train,SNU16,snu16_jc_ctrl,ecCount (peaks),214,201
snu16_jc_ctrl_32,train,SNU16,snu16_jc_ctrl,ecCount (peaks),265,252
snu16_jc_ctrl_35,test,SNU16,snu16_jc_ctrl,ecCount (peaks),324,307
snu16_jc_ctrl_37,train,SNU16,snu16_jc_ctrl,ecCount (peaks),320,342
snu16_jc_ctrl_38,train,SNU16,snu16_jc_ctrl,ecCount (peaks),178,166
snu16_jc_ctrl_39,train,SNU16,snu16_jc_ctrl,ecCount (peaks),271,254
snu16_jc_ctrl_40,test,SNU16,snu16_jc_ctrl,ecCount (peaks),270,261
snu16_jc_ctrl_42,train,SNU16,snu16_jc_ctrl,ecCount (peaks),90,107
snu16_jc_ctrl_43,train,SNU16,snu16_jc_ctrl,ecCount (peaks),105,95
snu16_jc_ctrl_45,test,SNU16,snu16_jc_ctrl,ecCount (peaks),125,109
snu16_jc_ctrl_46,test,SNU16,snu16_jc_ctrl,ecCount (peaks),309,305
snu16_jc_ctrl_47,train,SNU16,snu16_jc_ctrl,ecCount (peaks),392,359
snu16_jc_ctrl_48,train,SNU16,snu16_jc_ctrl,ecCount (peaks),321,343
snu16_jc_ctrl_50,test,SNU16,snu16_jc_ctrl,ecCount (peaks),158,134
snu16_jc_ctrl_52,train,SNU16,snu16_jc_ctrl,ecCount (peaks),207,221
snu16_jc_ctrl_53,train,SNU16,snu16_jc_ctrl,ecCount (peaks),637,620
snu16_jc_ctrl_54,train,SNU16,snu16_jc_ctrl,ecCount (peaks),151,137
snu16_jc_ctrl_55,train,SNU16,snu16_jc_ctrl,ecCount (peaks),241,227
snu16_jc_ctrl_56,train,SNU16,snu16_jc_ctrl,ecCount (peaks),256,255
snu16_jc_ctrl_57,train,SNU16,snu16_jc_ctrl,ecCount (peaks),222,215
snu16_jc_ctrl_59,train,SNU16,snu16_jc_ctrl,ecCount (peaks),297,323
snu16_jc_ctrl_60,val,SNU16,snu16_jc_ctrl,ecCount (peaks),97,90
snu16_jc_ctrl_61,train,SNU16,snu16_jc_ctrl,ecCount (peaks),144,137
snu16_jc_ctrl_63,train,SNU16,snu16_jc_ctrl,ecCount (peaks),190,193
snu16_jc_ctrl_65,train,SNU16,snu16_jc_ctrl,ecCount (peaks),413,434
snu16_jc_ctrl_67,train,SNU16,snu16_jc_ctrl,ecCount (peaks),267,242
snu16_jc_ctrl_69,test,SNU16,snu16_jc_ctrl,ecCount (peaks),325,312
snu16_jc_ctrl_70,test,SNU16,snu16_jc_ctrl,ecCount (peaks),238,220
snu16_jc_ctrl_72,test,SNU16,snu16_jc_ctrl,ecCount (peaks),166,157
snu16_jc_ctrl_74,val,SNU16,snu16_jc_ctrl,ecCount (peaks),222,111
snu16_jc_ctrl_76,train,SNU16,snu16_jc_ctrl,ecCount (peaks),148,126
snu16_jc_ctrl_78,train,SNU16,snu16_jc_ctrl,ecCount (peaks),144,116
snu16_jc_ctrl_79,train,SNU16,snu16_jc_ctrl,ecCount (peaks),289,283
snu16_jc_ctrl_8,val,SNU16,snu16_jc_ctrl,ecCount (peaks),232,226
snu16_jc_ctrl_83,test,SNU16,snu16_jc_ctrl,ecCount (peaks),140,138
snu16_jc_ctrl_84,train,SNU16,snu16_jc_ctrl,ecCount (peaks),212,215
snu16_jc_ctrl_86,train,SNU16,snu16_jc_ctrl,ecCount (peaks),227,208
snu16_jc_ctrl_87,train,SNU16,snu16_jc_ctrl,ecCount (peaks),241,225
snu16_jc_ctrl_89,train,SNU16,snu16_jc_ctrl,ecCount (peaks),303,283
snu16_jc_ctrl_9,val,SNU16,snu16_jc_ctrl,ecCount (peaks),161,163
snu16_jc_ctrl_91,test,SNU16,snu16_jc_ctrl,ecCount (peaks),422,393
snu16_jc_ctrl_92,val,SNU16,snu16_jc_ctrl,ecCount (peaks),382,373
snu16_jc_ctrl_95,train,SNU16,snu16_jc_ctrl,ecCount (peaks),664,629
snu16_jc_ctrl_98,train,SNU16,snu16_jc_ctrl,ecCount (peaks),459,426
snu16_jc_jq1_ic50_24h_10,train,SNU16,snu16_jc_jq1_ic50_24h,ecCount (peaks),228,219
snu16_jc_jq1_ic50_24h_100,train,SNU16,snu16_jc_jq1_ic50_24h,ecCount (peaks),97,102
snu16_jc_jq1_ic50_24h_102,test,SNU16,snu16_jc_jq1_ic50_24h,ecCount (peaks),177,219
snu16_jc_jq1_ic50_24h_104,train,SNU16,snu16_jc_jq1_ic50_24h,ecCount (peaks),481,543
snu16_jc_jq1_ic50_24h_109,train,SNU16,snu16_jc_jq1_ic50_24h,ecCount (peaks),261,266
snu16_jc_jq1_ic50_24h_115,train,SNU16,snu16_jc_jq1_ic50_24h,ecCount (peaks),230,229
snu16_jc_jq1_ic50_24h_117,train,SNU16,snu16_jc_jq1_ic50_24h,ecCount (peaks),118,115
snu16_jc_jq1_ic50_24h_118,val,SNU16,snu16_jc_jq1_ic50_24h,ecCount (peaks),221,223
snu16_jc_jq1_ic50_24h_120,test,SNU16,snu16_jc_jq1_ic50_24h,ecCount (peaks),193,204
snu16_jc_jq1_ic50_24h_128,train,SNU16,snu16_jc_jq1_ic50_24h,ecCount (peaks),77,80
snu16_jc_jq1_ic50_24h_16,val,SNU16,snu16_jc_jq1_ic50_24h,ecCount (peaks),705,668
snu16_jc_jq1_ic50_24h_19,test,SNU16,snu16_jc_jq1_ic50_24h,ecCount (peaks),271,257
snu16_jc_jq1_ic50_24h_2,train,SNU16,snu16_jc_jq1_ic50_24h,ecCount (peaks),110,118
snu16_jc_jq1_ic50_24h_21,train,SNU16,snu16_jc_jq1_ic50_24h,ecCount (peaks),172,163
snu16_jc_jq1_ic50_24h_26,train,SNU16,snu16_jc_jq1_ic50_24h,ecCount (peaks),301,296
snu16_jc_jq1_ic50_24h_28,train,SNU16,snu16_jc_jq1_ic50_24h,ecCount (peaks),433,393
snu16_jc_jq1_ic50_24h_29,train,SNU16,snu16_jc_jq1_ic50_24h,ecCount (peaks),286,270
snu16_jc_jq1_ic50_24h_33_a,train,SNU16,snu16_jc_jq1_ic50_24h,ecCount (peaks),527,484
snu16_jc_jq1_ic50_24h_40,test,SNU16,snu16_jc_jq1_ic50_24h,ecCount (peaks),183,195
snu16_jc_jq1_ic50_24h_44,val,SNU16,snu16_jc_jq1_ic50_24h,ecCount (peaks),426,460
snu16_jc_jq1_ic50_24h_45,train,SNU16,snu16_jc_jq1_ic50_24h,ecCount (peaks),374,381
snu16_jc_jq1_ic50_24h_5,train,SNU16,snu16_jc_jq1_ic50_24h,ecCount (peaks),434,407
snu16_jc_jq1_ic50_24h_51,test,SNU16,snu16_jc_jq1_ic50_24h,ecCount (peaks),499,541
snu16_jc_jq1_ic50_24h_52,train,SNU16,snu16_jc_jq1_ic50_24h,ecCount (peaks),279,301
snu16_jc_jq1_ic50_24h_54,val,SNU16,snu16_jc_jq1_ic50_24h,ecCount (peaks),274,320
snu16_jc_jq1_ic50_24h_55,val,SNU16,snu16_jc_jq1_ic50_24h,ecCount (peaks),189,178
snu16_jc_jq1_ic50_24h_56,test,SNU16,snu16_jc_jq1_ic50_24h,ecCount (peaks),150,157
snu16_jc_jq1_ic50_24h_57,train,SNU16,snu16_jc_jq1_ic50_24h,ecCount (peaks),101,122
snu16_jc_jq1_ic50_24h_6,train,SNU16,snu16_jc_jq1_ic50_24h,ecCount (peaks),313,292
snu16_jc_jq1_ic50_24h_61_a,train,SNU16,snu16_jc_jq1_ic50_24h,ecCount (peaks),112,133
snu16_jc_jq1_ic50_24h_66,val,SNU16,snu16_jc_jq1_ic50_24h,ecCount (peaks),238,228
snu16_jc_jq1_ic50_24h_67,test,SNU16,snu16_jc_jq1_ic50_24h,ecCount (peaks),213,198
snu16_jc_jq1_ic50_24h_68,train,SNU16,snu16_jc_jq1_ic50_24h,ecCount (peaks),313,316
snu16_jc_jq1_ic50_24h_69,train,SNU16,snu16_jc_jq1_ic50_24h,ecCount (peaks),444,459
snu16_jc_jq1_ic50_24h_70,train,SNU16,snu16_jc_jq1_ic50_24h,ecCount (peaks),242,253
snu16_jc_jq1_ic50_24h_72,train,SNU16,snu16_jc_jq1_ic50_24h,ecCount (peaks),368,391
snu16_jc_jq1_ic50_24h_75,train,SNU16,snu16_jc_jq1_ic50_24h,ecCount (peaks),394,416
snu16_jc_jq1_ic50_24h_76,train,SNU16,snu16_jc_jq1_ic50_24h,ecCount (peaks),101,101
snu16_jc_jq1_ic50_24h_8,train,SNU16,snu16_jc_jq1_ic50_24h,ecCount (peaks),663,595
snu16_jc_jq1_ic50_24h_81,train,SNU16,snu16_jc_jq1_ic50_24h,ecCount (peaks),142,149
snu16_jc_jq1_ic50_24h_87,train,SNU16,snu16_jc_jq1_ic50_24h,ecCount (peaks),225,241
snu16_jc_jq1_ic50_24h_88,train,SNU16,snu16_jc_jq1_ic50_24h,ecCount (peaks),57,68
snu16_jc_jq1_ic50_24h_89,train,SNU16,snu16_jc_jq1_ic50_24h,ecCount (peaks),203,204
snu16_jc_jq1_ic50_24h_9,val,SNU16,snu16_jc_jq1_ic50_24h,ecCount (peaks),239,222
snu16_jc_jq1_ic50_24h_90,train,SNU16,snu16_jc_jq1_ic50_24h,ecCount (peaks),141,143
snu16_jc_jq1_ic50_24h_91,train,SNU16,snu16_jc_jq1_ic50_24h,ecCount (peaks),111,113
snu16_jc_jq1_ic50_24h_94,train,SNU16,snu16_jc_jq1_ic50_24h,ecCount (peaks),141,142
snu16_jc_jq1_ic50_24h_96,val,SNU16,snu16_jc_jq1_ic50_24h,ecCount (peaks),174,211
snu16_jc_jq1_ic50_24h_97,train,SNU16,snu16_jc_jq1_ic50_24h,ecCount (peaks),157,162
snu16_jc_jq1_ic50_24h_98,val,SNU16,snu16_jc_jq1_ic50_24h,ecCount (peaks),237,336
colo320dm_qpcr_jq1_24h_ctrl_100,train,COLO320DM,colo320dm_qpcr_jq1_24h_ctrl,ecCount (threshold mask),63,63
colo320dm_qpcr_jq1_24h_ctrl_101,train,COLO320DM,colo320dm_qpcr_jq1_24h_ctrl,ecCount (threshold mask),45,51
colo320dm_qpcr_jq1_24h_ctrl_103,train,COLO320DM,colo320dm_qpcr_jq1_24h_ctrl,ecCount (threshold mask),39,41
colo320dm_qpcr_jq1_24h_ctrl_105,val,COLO320DM,colo320dm_qpcr_jq1_24h_ctrl,ecCount (threshold mask),59,53
colo320dm_qpcr_jq1_24h_ctrl_109,val,COLO320DM,colo320dm_qpcr_jq1_24h_ctrl,ecCount (threshold mask),71,51
colo320dm_qpcr_jq1_24h_ctrl_110,train,COLO320DM,colo320dm_qpcr_jq1_24h_ctrl,ecCount (threshold mask),27,27
colo320dm_qpcr_jq1_24h_ctrl_111,train,COLO320DM,colo320dm_qpcr_jq1_24h_ctrl,ecCount (threshold mask),80,79
colo320dm_qpcr_jq1_24h_ctrl_112,train,COLO320DM,colo320dm_qpcr_jq1_24h_ctrl,ecCount (threshold mask),83,79
colo320dm_qpcr_jq1_24h_ctrl_114,test,COLO320DM,colo320dm_qpcr_jq1_24h_ctrl,ecCount (threshold mask),107,98
colo320dm_qpcr_jq1_24h_ctrl_12,train,COLO320DM,colo320dm_qpcr_jq1_24h_ctrl,ecCount (threshold mask),16,19
colo320dm_qpcr_jq1_24h_ctrl_17,val,COLO320DM,colo320dm_qpcr_jq1_24h_ctrl,ecCount (threshold mask),13,16
colo320dm_qpcr_jq1_24h_ctrl_18,train,COLO320DM,colo320dm_qpcr_jq1_24h_ctrl,ecCount (threshold mask),51,47
colo320dm_qpcr_jq1_24h_ctrl_21,val,COLO320DM,colo320dm_qpcr_jq1_24h_ctrl,ecCount (threshold mask),40,39
colo320dm_qpcr_jq1_24h_ctrl_22,train,COLO320DM,colo320dm_qpcr_jq1_24h_ctrl,ecCount (threshold mask),65,52
colo320dm_qpcr_jq1_24h_ctrl_23,test,COLO320DM,colo320dm_qpcr_jq1_24h_ctrl,ecCount (threshold mask),57,53
colo320dm_qpcr_jq1_24h_ctrl_25,train,COLO320DM,colo320dm_qpcr_jq1_24h_ctrl,ecCount (threshold mask),53,50
colo320dm_qpcr_jq1_24h_ctrl_26,train,COLO320DM,colo320dm_qpcr_jq1_24h_ctrl,ecCount (threshold mask),22,22
colo320dm_qpcr_jq1_24h_ctrl_27,val,COLO320DM,colo320dm_qpcr_jq1_24h_ctrl,ecCount (threshold mask),18,15
colo320dm_qpcr_jq1_24h_ctrl_28,train,COLO320DM,colo320dm_qpcr_jq1_24h_ctrl,ecCount (threshold mask),35,31
colo320dm_qpcr_jq1_24h_ctrl_3,train,COLO320DM,colo320dm_qpcr_jq1_24h_ctrl,ecCount (threshold mask),144,137
colo320dm_qpcr_jq1_24h_ctrl_31,val,COLO320DM,colo320dm_qpcr_jq1_24h_ctrl,ecCount (threshold mask),143,143
colo320dm_qpcr_jq1_24h_ctrl_33,test,COLO320DM,colo320dm_qpcr_jq1_24h_ctrl,ecCount (threshold mask),24,20
colo320dm_qpcr_jq1_24h_ctrl_35,val,COLO320DM,colo320dm_qpcr_jq1_24h_ctrl,ecCount (threshold mask),57,49
colo320dm_qpcr_jq1_24h_ctrl_36,train,COLO320DM,colo320dm_qpcr_jq1_24h_ctrl,ecCount (threshold mask),59,54
colo320dm_qpcr_jq1_24h_ctrl_37,train,COLO320DM,colo320dm_qpcr_jq1_24h_ctrl,ecCount (threshold mask),12,9
colo320dm_qpcr_jq1_24h_ctrl_38,train,COLO320DM,colo320dm_qpcr_jq1_24h_ctrl,ecCount (threshold mask),41,39
colo320dm_qpcr_jq1_24h_ctrl_39,test,COLO320DM,colo320dm_qpcr_jq1_24h_ctrl,ecCount (threshold mask),41,49
colo320dm_qpcr_jq1_24h_ctrl_4,train,COLO320DM,colo320dm_qpcr_jq1_24h_ctrl,ecCount (threshold mask),46,46
colo320dm_qpcr_jq1_24h_ctrl_41,train,COLO320DM,colo320dm_qpcr_jq1_24h_ctrl,ecCount (threshold mask),101,84
colo320dm_qpcr_jq1_24h_ctrl_43,train,COLO320DM,colo320dm_qpcr_jq1_24h_ctrl,ecCount (threshold mask),44,42
colo320dm_qpcr_jq1_24h_ctrl_47,test,COLO320DM,colo320dm_qpcr_jq1_24h_ctrl,ecCount (threshold mask),22,26
colo320dm_qpcr_jq1_24h_ctrl_48,test,COLO320DM,colo320dm_qpcr_jq1_24h_ctrl,ecCount (threshold mask),32,31
colo320dm_qpcr_jq1_24h_ctrl_49,train,COLO320DM,colo320dm_qpcr_jq1_24h_ctrl,ecCount (threshold mask),74,67
colo320dm_qpcr_jq1_24h_ctrl_50,train,COLO320DM,colo320dm_qpcr_jq1_24h_ctrl,ecCount (threshold mask),7,5
colo320dm_qpcr_jq1_24h_ctrl_55,train,COLO320DM,colo320dm_qpcr_jq1_24h_ctrl,ecCount (threshold mask),34,35
colo320dm_qpcr_jq1_24h_ctrl_58,train,COLO320DM,colo320dm_qpcr_jq1_24h_ctrl,ecCount (threshold mask),15,15
colo320dm_qpcr_jq1_24h_ctrl_65,train,COLO320DM,colo320dm_qpcr_jq1_24h_ctrl,ecCount (threshold mask),30,27
colo320dm_qpcr_jq1_24h_ctrl_66_a,train,COLO320DM,colo320dm_qpcr_jq1_24h_ctrl,ecCount (threshold mask),61,56
colo320dm_qpcr_jq1_24h_ctrl_67,test,COLO320DM,colo320dm_qpcr_jq1_24h_ctrl,ecCount (threshold mask),91,89
colo320dm_qpcr_jq1_24h_ctrl_69,test,COLO320DM,colo320dm_qpcr_jq1_24h_ctrl,ecCount (threshold mask),54,44
colo320dm_qpcr_jq1_24h_ctrl_72,train,COLO320DM,colo320dm_qpcr_jq1_24h_ctrl,ecCount (threshold mask),37,36
colo320dm_qpcr_jq1_24h_ctrl_75,train,COLO320DM,colo320dm_qpcr_jq1_24h_ctrl,ecCount (threshold mask),47,46
colo320dm_qpcr_jq1_24h_ctrl_78_a,train,COLO320DM,colo320dm_qpcr_jq1_24h_ctrl,ecCount (threshold mask),26,29
colo320dm_qpcr_jq1_24h_ctrl_78_b,train,COLO320DM,colo320dm_qpcr_jq1_24h_ctrl,ecCount (threshold mask),52,50
colo320dm_qpcr_jq1_24h_ctrl_79,train,COLO320DM,colo320dm_qpcr_jq1_24h_ctrl,ecCount (threshold mask),10,11
colo320dm_qpcr_jq1_24h_ctrl_8,train,COLO320DM,colo320dm_qpcr_jq1_24h_ctrl,ecCount (threshold mask),36,38
colo320dm_qpcr_jq1_24h_ctrl_81,train,COLO320DM,colo320dm_qpcr_jq1_24h_ctrl,ecCount (threshold mask),59,59
colo320dm_qpcr_jq1_24h_ctrl_82,train,COLO320DM,colo320dm_qpcr_jq1_24h_ctrl,ecCount (threshold mask),30,30
colo320dm_qpcr_jq1_24h_ctrl_87_a,test,COLO320DM,colo320dm_qpcr_jq1_24h_ctrl,ecCount (threshold mask),31,26
colo320dm_qpcr_jq1_24h_ctrl_87_b,train,COLO320DM,colo320dm_qpcr_jq1_24h_ctrl,ecCount (threshold mask),45,50
colo320dm_qpcr_jq1_24h_ctrl_88,train,COLO320DM,colo320dm_qpcr_jq1_24h_ctrl,ecCount (threshold mask),53,53
colo320dm_qpcr_jq1_24h_ctrl_89,train,COLO320DM,colo320dm_qpcr_jq1_24h_ctrl,ecCount (threshold mask),15,18
colo320dm_qpcr_jq1_24h_ctrl_9,train,COLO320DM,colo320dm_qpcr_jq1_24h_ctrl,ecCount (threshold mask),23,25
colo320dm_qpcr_jq1_24h_ctrl_90,train,COLO320DM,colo320dm_qpcr_jq1_24h_ctrl,ecCount (threshold mask),89,90
colo320dm_qpcr_jq1_24h_ctrl_92,train,COLO320DM,colo320dm_qpcr_jq1_24h_ctrl,ecCount (threshold mask),55,55
colo320dm_qpcr_jq1_24h_ctrl_95,train,COLO320DM,colo320dm_qpcr_jq1_24h_ctrl,ecCount (threshold mask),32,32
colo320dm_qpcr_jq1_24h_ctrl_96,test,COLO320DM,colo320dm_qpcr_jq1_24h_ctrl,ecCount (threshold mask),49,39
colo320dm_qpcr_jq1_24h_ctrl_97,train,COLO320DM,colo320dm_qpcr_jq1_24h_ctrl,ecCount (threshold mask),87,88
colo320dm_qpcr_jq1_24h_ctrl_99,val,COLO320DM,colo320dm_qpcr_jq1_24h_ctrl,ecCount (threshold mask),74,76
colo320dm_qpcr_jq1_24h_dmso_104,train,COLO320DM,colo320dm_qpcr_jq1_24h_dmso,ecCount (threshold mask),4,3
colo320dm_qpcr_jq1_24h_dmso_111,test,COLO320DM,colo320dm_qpcr_jq1_24h_dmso,ecCount (threshold mask),4,40
colo320dm_qpcr_jq1_24h_dmso_49,train,COLO320DM,colo320dm_qpcr_jq1_24h_dmso,ecCount (threshold mask),1,60
colo320dm_qpcr_jq1_24h_dmso_6,train,COLO320DM,colo320dm_qpcr_jq1_24h_dmso,ecCount (threshold mask),4,26
colo320dm_qpcr_jq1_24h_dmso_88,val,COLO320DM,colo320dm_qpcr_jq1_24h_dmso,ecCount (threshold mask),4,22
ncih2170_antibiotics_blank_ctrl_1,train,NCI-H2170,ncih2170_antibiotics_blank_ctrl,ecCount (threshold mask),235,239
ncih2170_antibiotics_blank_ctrl_100,test,NCI-H2170,ncih2170_antibiotics_blank_ctrl,ecCount (threshold mask),102,90
ncih2170_antibiotics_blank_ctrl_101,val,NCI-H2170,ncih2170_antibiotics_blank_ctrl,ecCount (threshold mask),266,255
ncih2170_antibiotics_blank_ctrl_102,train,NCI-H2170,ncih2170_antibiotics_blank_ctrl,ecCount (threshold mask),402,364
ncih2170_antibiotics_blank_ctrl_103,val,NCI-H2170,ncih2170_antibiotics_blank_ctrl,ecCount (threshold mask),228,199
ncih2170_antibiotics_blank_ctrl_104,test,NCI-H2170,ncih2170_antibiotics_blank_ctrl,ecCount (threshold mask),316,286
ncih2170_antibiotics_blank_ctrl_105,test,NCI-H2170,ncih2170_antibiotics_blank_ctrl,ecCount (threshold mask),175,169
ncih2170_antibiotics_blank_ctrl_106,train,NCI-H2170,ncih2170_antibiotics_blank_ctrl,ecCount (threshold mask),101,96
ncih2170_antibiotics_blank_ctrl_107,test,NCI-H2170,ncih2170_antibiotics_blank_ctrl,ecCount (threshold mask),559,551
ncih2170_antibiotics_blank_ctrl_109,test,NCI-H2170,ncih2170_antibiotics_blank_ctrl,ecCount (threshold mask),182,174
ncih2170_antibiotics_blank_ctrl_11,val,NCI-H2170,ncih2170_antibiotics_blank_ctrl,ecCount (threshold mask),181,193
ncih2170_antibiotics_blank_ctrl_110,test,NCI-H2170,ncih2170_antibiotics_blank_ctrl,ecCount (threshold mask),411,388
ncih2170_antibiotics_blank_ctrl_111,train,NCI-H2170,ncih2170_antibiotics_blank_ctrl,ecCount (threshold mask),108,83
ncih2170_antibiotics_blank_ctrl_113,test,NCI-H2170,ncih2170_antibiotics_blank_ctrl,ecCount (threshold mask),341,315
ncih2170_antibiotics_blank_ctrl_114,train,NCI-H2170,ncih2170_antibiotics_blank_ctrl,ecCount (threshold mask),154,147
ncih2170_antibiotics_blank_ctrl_115,val,NCI-H2170,ncih2170_antibiotics_blank_ctrl,ecCount (threshold mask),125,122
ncih2170_antibiotics_blank_ctrl_116,train,NCI-H2170,ncih2170_antibiotics_blank_ctrl,ecCount (threshold mask),282,280
ncih2170_antibiotics_blank_ctrl_117,train,NCI-H2170,ncih2170_antibiotics_blank_ctrl,ecCount (threshold mask),307,301
ncih2170_antibiotics_blank_ctrl_118,train,NCI-H2170,ncih2170_antibiotics_blank_ctrl,ecCount (threshold mask),453,445
ncih2170_antibiotics_blank_ctrl_12,train,NCI-H2170,ncih2170_antibiotics_blank_ctrl,ecCount (threshold mask),122,122
ncih2170_antibiotics_blank_ctrl_13,train,NCI-H2170,ncih2170_antibiotics_blank_ctrl,ecCount (threshold mask),86,90
ncih2170_antibiotics_blank_ctrl_14,train,NCI-H2170,ncih2170_antibiotics_blank_ctrl,ecCount (threshold mask),329,402
ncih2170_antibiotics_blank_ctrl_15,train,NCI-H2170,ncih2170_antibiotics_blank_ctrl,ecCount (threshold mask),210,193
ncih2170_antibiotics_blank_ctrl_16,train,NCI-H2170,ncih2170_antibiotics_blank_ctrl,ecCount (threshold mask),91,99
ncih2170_antibiotics_blank_ctrl_17,train,NCI-H2170,ncih2170_antibiotics_blank_ctrl,ecCount (threshold mask),604,530
ncih2170_antibiotics_blank_ctrl_18,val,NCI-H2170,ncih2170_antibiotics_blank_ctrl,ecCount (threshold mask),157,160
ncih2170_antibiotics_blank_ctrl_19,train,NCI-H2170,ncih2170_antibiotics_blank_ctrl,ecCount (threshold mask),92,95
ncih2170_antibiotics_blank_ctrl_2,train,NCI-H2170,ncih2170_antibiotics_blank_ctrl,ecCount (threshold mask),373,370
ncih2170_antibiotics_blank_ctrl_20,train,NCI-H2170,ncih2170_antibiotics_blank_ctrl,ecCount (threshold mask),128,147
ncih2170_antibiotics_blank_ctrl_21,train,NCI-H2170,ncih2170_antibiotics_blank_ctrl,ecCount (threshold mask),224,198
ncih2170_antibiotics_blank_ctrl_22,train,NCI-H2170,ncih2170_antibiotics_blank_ctrl,ecCount (threshold mask),375,358
ncih2170_antibiotics_blank_ctrl_23,val,NCI-H2170,ncih2170_antibiotics_blank_ctrl,ecCount (threshold mask),281,284
ncih2170_antibiotics_blank_ctrl_24,train,NCI-H2170,ncih2170_antibiotics_blank_ctrl,ecCount (threshold mask),153,149
ncih2170_antibiotics_blank_ctrl_25,train,NCI-H2170,ncih2170_antibiotics_blank_ctrl,ecCount (threshold mask),42,49
ncih2170_antibiotics_blank_ctrl_27,train,NCI-H2170,ncih2170_antibiotics_blank_ctrl,ecCount (threshold mask),318,315
ncih2170_antibiotics_blank_ctrl_28,train,NCI-H2170,ncih2170_antibiotics_blank_ctrl,ecCount (threshold mask),256,290
ncih2170_antibiotics_blank_ctrl_29,train,NCI-H2170,ncih2170_antibiotics_blank_ctrl,ecCount (threshold mask),104,105
ncih2170_antibiotics_blank_ctrl_30,train,NCI-H2170,ncih2170_antibiotics_blank_ctrl,ecCount (threshold mask),339,358
ncih2170_antibiotics_blank_ctrl_31,train,NCI-H2170,ncih2170_antibiotics_blank_ctrl,ecCount (threshold mask),88,83
ncih2170_antibiotics_blank_ctrl_32,train,NCI-H2170,ncih2170_antibiotics_blank_ctrl,ecCount (threshold mask),138,134
ncih2170_antibiotics_blank_ctrl_33,train,NCI-H2170,ncih2170_antibiotics_blank_ctrl,ecCount (threshold mask),207,195
ncih2170_antibiotics_blank_ctrl_34,val,NCI-H2170,ncih2170_antibiotics_blank_ctrl,ecCount (threshold mask),91,80
ncih2170_antibiotics_blank_ctrl_35,test,NCI-H2170,ncih2170_antibiotics_blank_ctrl,ecCount (threshold mask),84,93
ncih2170_antibiotics_blank_ctrl_37,test,NCI-H2170,ncih2170_antibiotics_blank_ctrl,ecCount (threshold mask),539,507
ncih2170_antibiotics_blank_ctrl_38,train,NCI-H2170,ncih2170_antibiotics_blank_ctrl,ecCount (threshold mask),402,386
ncih2170_antibiotics_blank_ctrl_39,train,NCI-H2170,ncih2170_antibiotics_blank_ctrl,ecCount (threshold mask),391,382
ncih2170_antibiotics_blank_ctrl_40,test,NCI-H2170,ncih2170_antibiotics_blank_ctrl,ecCount (threshold mask),248,240
ncih2170_antibiotics_blank_ctrl_41,train,NCI-H2170,ncih2170_antibiotics_blank_ctrl,ecCount (threshold mask),76,76
ncih2170_antibiotics_blank_ctrl_42,train,NCI-H2170,ncih2170_antibiotics_blank_ctrl,ecCount (threshold mask),153,155
ncih2170_antibiotics_blank_ctrl_43,test,NCI-H2170,ncih2170_antibiotics_blank_ctrl,ecCount (threshold mask),239,247
ncih2170_antibiotics_blank_ctrl_44,train,NCI-H2170,ncih2170_antibiotics_blank_ctrl,ecCount (threshold mask),181,175
ncih2170_antibiotics_blank_ctrl_47,test,NCI-H2170,ncih2170_antibiotics_blank_ctrl,ecCount (threshold mask),296,291
ncih2170_antibiotics_blank_ctrl_48,train,NCI-H2170,ncih2170_antibiotics_blank_ctrl,ecCount (threshold mask),71,77
ncih2170_antibiotics_blank_ctrl_5,train,NCI-H2170,ncih2170_antibiotics_blank_ctrl,ecCount (threshold mask),597,527
ncih2170_antibiotics_blank_ctrl_50,train,NCI-H2170,ncih2170_antibiotics_blank_ctrl,ecCount (threshold mask),197,192
ncih2170_antibiotics_blank_ctrl_51,val,NCI-H2170,ncih2170_antibiotics_blank_ctrl,ecCount (threshold mask),159,166
ncih2170_antibiotics_blank_ctrl_52,val,NCI-H2170,ncih2170_antibiotics_blank_ctrl,ecCount (threshold mask),324,313
ncih2170_antibiotics_blank_ctrl_53,test,NCI-H2170,ncih2170_antibiotics_blank_ctrl,ecCount (threshold mask),302,289
ncih2170_antibiotics_blank_ctrl_55,train,NCI-H2170,ncih2170_antibiotics_blank_ctrl,ecCount (threshold mask),254,263
ncih2170_antibiotics_blank_ctrl_56,train,NCI-H2170,ncih2170_antibiotics_blank_ctrl,ecCount (threshold mask),240,249
ncih2170_antibiotics_blank_ctrl_57,train,NCI-H2170,ncih2170_antibiotics_blank_ctrl,ecCount (threshold mask),214,230
ncih2170_antibiotics_blank_ctrl_58,train,NCI-H2170,ncih2170_antibiotics_blank_ctrl,ecCount (threshold mask),181,176
ncih2170_antibiotics_blank_ctrl_59,train,NCI-H2170,ncih2170_antibiotics_blank_ctrl,ecCount (threshold mask),207,199
ncih2170_antibiotics_blank_ctrl_6,val,NCI-H2170,ncih2170_antibiotics_blank_ctrl,ecCount (threshold mask),402,374
ncih2170_antibiotics_blank_ctrl_60,train,NCI-H2170,ncih2170_antibiotics_blank_ctrl,ecCount (threshold mask),314,282
ncih2170_antibiotics_blank_ctrl_61,train,NCI-H2170,ncih2170_antibiotics_blank_ctrl,ecCount (threshold mask),259,264
ncih2170_antibiotics_blank_ctrl_62,train,NCI-H2170,ncih2170_antibiotics_blank_ctrl,ecCount (threshold mask),299,290
ncih2170_antibiotics_blank_ctrl_63,val,NCI-H2170,ncih2170_antibiotics_blank_ctrl,ecCount (threshold mask),763,749
ncih2170_antibiotics_blank_ctrl_64,train,NCI-H2170,ncih2170_antibiotics_blank_ctrl,ecCount (threshold mask),124,122
ncih2170_antibiotics_blank_ctrl_65,train,NCI-H2170,ncih2170_antibiotics_blank_ctrl,ecCount (threshold mask),139,135
ncih2170_antibiotics_blank_ctrl_66,train,NCI-H2170,ncih2170_antibiotics_blank_ctrl,ecCount (threshold mask),329,288
ncih2170_antibiotics_blank_ctrl_67,train,NCI-H2170,ncih2170_antibiotics_blank_ctrl,ecCount (threshold mask),250,242
ncih2170_antibiotics_blank_ctrl_69,train,NCI-H2170,ncih2170_antibiotics_blank_ctrl,ecCount (threshold mask),335,287
ncih2170_antibiotics_blank_ctrl_7,train,NCI-H2170,ncih2170_antibiotics_blank_ctrl,ecCount (threshold mask),328,307
ncih2170_antibiotics_blank_ctrl_70,test,NCI-H2170,ncih2170_antibiotics_blank_ctrl,ecCount (threshold mask),446,435
ncih2170_antibiotics_blank_ctrl_71,test,NCI-H2170,ncih2170_antibiotics_blank_ctrl,ecCount (threshold mask),330,314
ncih2170_antibiotics_blank_ctrl_74,train,NCI-H2170,ncih2170_antibiotics_blank_ctrl,ecCount (threshold mask),375,359
ncih2170_antibiotics_blank_ctrl_75,train,NCI-H2170,ncih2170_antibiotics_blank_ctrl,ecCount (threshold mask),133,139
ncih2170_antibiotics_blank_ctrl_76,train,NCI-H2170,ncih2170_antibiotics_blank_ctrl,ecCount (threshold mask),456,446
ncih2170_antibiotics_blank_ctrl_77,train,NCI-H2170,ncih2170_antibiotics_blank_ctrl,ecCount (threshold mask),261,277
ncih2170_antibiotics_blank_ctrl_78,test,NCI-H2170,ncih2170_antibiotics_blank_ctrl,ecCount (threshold mask),300,302
ncih2170_antibiotics_blank_ctrl_79,train,NCI-H2170,ncih2170_antibiotics_blank_ctrl,ecCount (threshold mask),337,349
ncih2170_antibiotics_blank_ctrl_80,train,NCI-H2170,ncih2170_antibiotics_blank_ctrl,ecCount (threshold mask),146,154
ncih2170_antibiotics_blank_ctrl_81,train,NCI-H2170,ncih2170_antibiotics_blank_ctrl,ecCount (threshold mask),93,101
ncih2170_antibiotics_blank_ctrl_82,train,NCI-H2170,ncih2170_antibiotics_blank_ctrl,ecCount (threshold mask),99,106
ncih2170_antibiotics_blank_ctrl_84,val,NCI-H2170,ncih2170_antibiotics_blank_ctrl,ecCount (threshold mask),281,268
ncih2170_antibiotics_blank_ctrl_86,train,NCI-H2170,ncih2170_antibiotics_blank_ctrl,ecCount (threshold mask),287,314
ncih2170_antibiotics_blank_ctrl_87,train,NCI-H2170,ncih2170_antibiotics_blank_ctrl,ecCount (threshold mask),90,89
ncih2170_antibiotics_blank_ctrl_88_a,val,NCI-H2170,ncih2170_antibiotics_blank_ctrl,ecCount (threshold mask),343,344
ncih2170_antibiotics_blank_ctrl_89,val,NCI-H2170,ncih2170_antibiotics_blank_ctrl,ecCount (threshold mask),94,100
ncih2170_antibiotics_blank_ctrl_9,train,NCI-H2170,ncih2170_antibiotics_blank_ctrl,ecCount (threshold mask),769,720
ncih2170_antibiotics_blank_ctrl_96,train,NCI-H2170,ncih2170_antibiotics_blank_ctrl,ecCount (threshold mask),106,98
ncih2170_antibiotics_blank_ctrl_97,train,NCI-H2170,ncih2170_antibiotics_blank_ctrl,ecCount (threshold mask),146,125
ncih2170_antibiotics_blank_ctrl_98,train,NCI-H2170,ncih2170_antibiotics_blank_ctrl,ecCount (threshold mask),219,224
ncih2170_antibiotics_ps_10,train,NCI-H2170,ncih2170_antibiotics_ps,ecCount (threshold mask),160,128
ncih2170_antibiotics_ps_102_b,test,NCI-H2170,ncih2170_antibiotics_ps,ecCount (threshold mask),252,235
ncih2170_antibiotics_ps_104,val,NCI-H2170,ncih2170_antibiotics_ps,ecCount (threshold mask),158,152
ncih2170_antibiotics_ps_105,test,NCI-H2170,ncih2170_antibiotics_ps,ecCount (threshold mask),237,224
ncih2170_antibiotics_ps_106,train,NCI-H2170,ncih2170_antibiotics_ps,ecCount (threshold mask),122,115
ncih2170_antibiotics_ps_107_a,test,NCI-H2170,ncih2170_antibiotics_ps,ecCount (threshold mask),246,216
ncih2170_antibiotics_ps_107_b,train,NCI-H2170,ncih2170_antibiotics_ps,ecCount (threshold mask),205,222
ncih2170_antibiotics_ps_111,train,NCI-H2170,ncih2170_antibiotics_ps,ecCount (threshold mask),186,185
ncih2170_antibiotics_ps_112,test,NCI-H2170,ncih2170_antibiotics_ps,ecCount (threshold mask),79,79
ncih2170_antibiotics_ps_113_a,val,NCI-H2170,ncih2170_antibiotics_ps,ecCount (threshold mask),121,116
ncih2170_antibiotics_ps_113_b,train,NCI-H2170,ncih2170_antibiotics_ps,ecCount (threshold mask),142,145
ncih2170_antibiotics_ps_12,val,NCI-H2170,ncih2170_antibiotics_ps,ecCount (threshold mask),129,140
ncih2170_antibiotics_ps_13,train,NCI-H2170,ncih2170_antibiotics_ps,ecCount (threshold mask),398,421
ncih2170_antibiotics_ps_14,train,NCI-H2170,ncih2170_antibiotics_ps,ecCount (threshold mask),65,69
ncih2170_antibiotics_ps_16,train,NCI-H2170,ncih2170_antibiotics_ps,ecCount (threshold mask),236,205
ncih2170_antibiotics_ps_17,train,NCI-H2170,ncih2170_antibiotics_ps,ecCount (threshold mask),197,192
ncih2170_antibiotics_ps_18,train,NCI-H2170,ncih2170_antibiotics_ps,ecCount (threshold mask),132,153
ncih2170_antibiotics_ps_19,train,NCI-H2170,ncih2170_antibiotics_ps,ecCount (threshold mask),201,221
ncih2170_antibiotics_ps_20,train,NCI-H2170,ncih2170_antibiotics_ps,ecCount (threshold mask),69,79
ncih2170_antibiotics_ps_21,train,NCI-H2170,ncih2170_antibiotics_ps,ecCount (threshold mask),70,82
ncih2170_antibiotics_ps_22,train,NCI-H2170,ncih2170_antibiotics_ps,ecCount (threshold mask),95,91
ncih2170_antibiotics_ps_23,train,NCI-H2170,ncih2170_antibiotics_ps,ecCount (threshold mask),115,108
ncih2170_antibiotics_ps_24,train,NCI-H2170,ncih2170_antibiotics_ps,ecCount (threshold mask),133,141
ncih2170_antibiotics_ps_25,test,NCI-H2170,ncih2170_antibiotics_ps,ecCount (threshold mask),284,310
ncih2170_antibiotics_ps_28,train,NCI-H2170,ncih2170_antibiotics_ps,ecCount (threshold mask),121,99
ncih2170_antibiotics_ps_29_a,train,NCI-H2170,ncih2170_antibiotics_ps,ecCount (threshold mask),93,91
ncih2170_antibiotics_ps_29_b,val,NCI-H2170,ncih2170_antibiotics_ps,ecCount (threshold mask),52,52
ncih2170_antibiotics_ps_3,val,NCI-H2170,ncih2170_antibiotics_ps,ecCount (threshold mask),157,151
ncih2170_antibiotics_ps_30,train,NCI-H2170,ncih2170_antibiotics_ps,ecCount (threshold mask),95,80
ncih2170_antibiotics_ps_31,train,NCI-H2170,ncih2170_antibiotics_ps,ecCount (threshold mask),305,305
ncih2170_antibiotics_ps_32,test,NCI-H2170,ncih2170_antibiotics_ps,ecCount (threshold mask),67,45
ncih2170_antibiotics_ps_33,train,NCI-H2170,ncih2170_antibiotics_ps,ecCount (threshold mask),141,117
ncih2170_antibiotics_ps_34_b,train,NCI-H2170,ncih2170_antibiotics_ps,ecCount (threshold mask),76,88
ncih2170_antibiotics_ps_34_c,val,NCI-H2170,ncih2170_antibiotics_ps,ecCount (threshold mask),153,140
ncih2170_antibiotics_ps_35,train,NCI-H2170,ncih2170_antibiotics_ps,ecCount (threshold mask),96,79
ncih2170_antibiotics_ps_36,test,NCI-H2170,ncih2170_antibiotics_ps,ecCount (threshold mask),142,113
ncih2170_antibiotics_ps_37,train,NCI-H2170,ncih2170_antibiotics_ps,ecCount (threshold mask),81,69
ncih2170_antibiotics_ps_38,train,NCI-H2170,ncih2170_antibiotics_ps,ecCount (threshold mask),354,327
ncih2170_antibiotics_ps_39,train,NCI-H2170,ncih2170_antibiotics_ps,ecCount (threshold mask),131,119
ncih2170_antibiotics_ps_4,test,NCI-H2170,ncih2170_antibiotics_ps,ecCount (threshold mask),148,140
ncih2170_antibiotics_ps_40,train,NCI-H2170,ncih2170_antibiotics_ps,ecCount (threshold mask),75,69
ncih2170_antibiotics_ps_41,train,NCI-H2170,ncih2170_antibiotics_ps,ecCount (threshold mask),150,124
ncih2170_antibiotics_ps_42,train,NCI-H2170,ncih2170_antibiotics_ps,ecCount (threshold mask),96,96
ncih2170_antibiotics_ps_43,train,NCI-H2170,ncih2170_antibiotics_ps,ecCount (threshold mask),63,67
ncih2170_antibiotics_ps_44,train,NCI-H2170,ncih2170_antibiotics_ps,ecCount (threshold mask),829,764
ncih2170_antibiotics_ps_45,train,NCI-H2170,ncih2170_antibiotics_ps,ecCount (threshold mask),90,65
ncih2170_antibiotics_ps_46,train,NCI-H2170,ncih2170_antibiotics_ps,ecCount (threshold mask),211,174
ncih2170_antibiotics_ps_47,train,NCI-H2170,ncih2170_antibiotics_ps,ecCount (threshold mask),220,191
ncih2170_antibiotics_ps_48,train,NCI-H2170,ncih2170_antibiotics_ps,ecCount (threshold mask),76,73
ncih2170_antibiotics_ps_49,train,NCI-H2170,ncih2170_antibiotics_ps,ecCount (threshold mask),109,85
ncih2170_antibiotics_ps_5,train,NCI-H2170,ncih2170_antibiotics_ps,ecCount (threshold mask),235,239
ncih2170_antibiotics_ps_50,train,NCI-H2170,ncih2170_antibiotics_ps,ecCount (threshold mask),147,132
ncih2170_antibiotics_ps_54,train,NCI-H2170,ncih2170_antibiotics_ps,ecCount (threshold mask),125,131
ncih2170_antibiotics_ps_55,val,NCI-H2170,ncih2170_antibiotics_ps,ecCount (threshold mask),212,206
ncih2170_antibiotics_ps_56_a,test,NCI-H2170,ncih2170_antibiotics_ps,ecCount (threshold mask),233,218
ncih2170_antibiotics_ps_56_b,train,NCI-H2170,ncih2170_antibiotics_ps,ecCount (threshold mask),434,386
ncih2170_antibiotics_ps_57,train,NCI-H2170,ncih2170_antibiotics_ps,ecCount (threshold mask),70,55
ncih2170_antibiotics_ps_58,train,NCI-H2170,ncih2170_antibiotics_ps,ecCount (threshold mask),212,208
ncih2170_antibiotics_ps_61,train,NCI-H2170,ncih2170_antibiotics_ps,ecCount (threshold mask),246,237
ncih2170_antibiotics_ps_62,train,NCI-H2170,ncih2170_antibiotics_ps,ecCount (threshold mask),458,400
ncih2170_antibiotics_ps_63,train,NCI-H2170,ncih2170_antibiotics_ps,ecCount (threshold mask),862,632
ncih2170_antibiotics_ps_64,val,NCI-H2170,ncih2170_antibiotics_ps,ecCount (threshold mask),281,279
ncih2170_antibiotics_ps_65,train,NCI-H2170,ncih2170_antibiotics_ps,ecCount (threshold mask),131,122
ncih2170_antibiotics_ps_67,train,NCI-H2170,ncih2170_antibiotics_ps,ecCount (threshold mask),153,151
ncih2170_antibiotics_ps_68,val,NCI-H2170,ncih2170_antibiotics_ps,ecCount (threshold mask),210,198
ncih2170_antibiotics_ps_69,train,NCI-H2170,ncih2170_antibiotics_ps,ecCount (threshold mask),190,163
ncih2170_antibiotics_ps_7,train,NCI-H2170,ncih2170_antibiotics_ps,ecCount (threshold mask),191,201
ncih2170_antibiotics_ps_70,val,NCI-H2170,ncih2170_antibiotics_ps,ecCount (threshold mask),148,140
ncih2170_antibiotics_ps_72,val,NCI-H2170,ncih2170_antibiotics_ps,ecCount (threshold mask),139,137
ncih2170_antibiotics_ps_73,train,NCI-H2170,ncih2170_antibiotics_ps,ecCount (threshold mask),370,331
ncih2170_antibiotics_ps_75,train,NCI-H2170,ncih2170_antibiotics_ps,ecCount (threshold mask),88,79
ncih2170_antibiotics_ps_76,train,NCI-H2170,ncih2170_antibiotics_ps,ecCount (threshold mask),209,197
ncih2170_antibiotics_ps_77,train,NCI-H2170,ncih2170_antibiotics_ps,ecCount (threshold mask),264,284
ncih2170_antibiotics_ps_78,test,NCI-H2170,ncih2170_antibiotics_ps,ecCount (threshold mask),164,162
ncih2170_antibiotics_ps_79,train,NCI-H2170,ncih2170_antibiotics_ps,ecCount (threshold mask),505,466
ncih2170_antibiotics_ps_8,train,NCI-H2170,ncih2170_antibiotics_ps,ecCount (threshold mask),69,67
ncih2170_antibiotics_ps_80,train,NCI-H2170,ncih2170_antibiotics_ps,ecCount (threshold mask),286,234
ncih2170_antibiotics_ps_81,train,NCI-H2170,ncih2170_antibiotics_ps,ecCount (threshold mask),462,386
ncih2170_antibiotics_ps_82,train,NCI-H2170,ncih2170_antibiotics_ps,ecCount (threshold mask),125,123
ncih2170_antibiotics_ps_83,train,NCI-H2170,ncih2170_antibiotics_ps,ecCount (threshold mask),126,127
ncih2170_antibiotics_ps_84,test,NCI-H2170,ncih2170_antibiotics_ps,ecCount (threshold mask),124,125
ncih2170_antibiotics_ps_85,train,NCI-H2170,ncih2170_antibiotics_ps,ecCount (threshold mask),181,177
ncih2170_antibiotics_ps_86,train,NCI-H2170,ncih2170_antibiotics_ps,ecCount (threshold mask),119,118
ncih2170_antibiotics_ps_87,train,NCI-H2170,ncih2170_antibiotics_ps,ecCount (threshold mask),150,148
ncih2170_antibiotics_ps_88,train,NCI-H2170,ncih2170_antibiotics_ps,ecCount (threshold mask),425,448
ncih2170_antibiotics_ps_89,train,NCI-H2170,ncih2170_antibiotics_ps,ecCount (threshold mask),117,127
ncih2170_antibiotics_ps_9,train,NCI-H2170,ncih2170_antibiotics_ps,ecCount (threshold mask),243,227
ncih2170_antibiotics_ps_90,test,NCI-H2170,ncih2170_antibiotics_ps,ecCount (threshold mask),159,158
ncih2170_antibiotics_ps_92,val,NCI-H2170,ncih2170_antibiotics_ps,ecCount (threshold mask),203,183
ncih2170_antibiotics_ps_94,train,NCI-H2170,ncih2170_antibiotics_ps,ecCount (threshold mask),147,132
ncih2170_antibiotics_ps_95,train,NCI-H2170,ncih2170_antibiotics_ps,ecCount (threshold mask),350,398
ncih2170_antibiotics_ps_97,train,NCI-H2170,ncih2170_antibiotics_ps,ecCount (threshold mask),136,137
ncih2170_antibiotics_ps_98_a,train,NCI-H2170,ncih2170_antibiotics_ps,ecCount (threshold mask),98,87
ncih2170_antibiotics_ps_98_b,train,NCI-H2170,ncih2170_antibiotics_ps,ecCount (threshold mask),229,277
ncih2170_antibiotics_ps_99,test,NCI-H2170,ncih2170_antibiotics_ps,ecCount (threshold mask),83,76
ncih2170_antibiotics_ps_g_100,train,NCI-H2170,ncih2170_antibiotics_ps_g,ecCount (threshold mask),274,240
ncih2170_antibiotics_ps_g_101,train,NCI-H2170,ncih2170_antibiotics_ps_g,ecCount (threshold mask),93,93
ncih2170_antibiotics_ps_g_102,test,NCI-H2170,ncih2170_antibiotics_ps_g,ecCount (threshold mask),217,212
ncih2170_antibiotics_ps_g_103,train,NCI-H2170,ncih2170_antibiotics_ps_g,ecCount (threshold mask),801,722
ncih2170_antibiotics_ps_g_104,val,NCI-H2170,ncih2170_antibiotics_ps_g,ecCount (threshold mask),92,86
ncih2170_antibiotics_ps_g_105,val,NCI-H2170,ncih2170_antibiotics_ps_g,ecCount (threshold mask),151,155
ncih2170_antibiotics_ps_g_106,train,NCI-H2170,ncih2170_antibiotics_ps_g,ecCount (threshold mask),246,242
ncih2170_antibiotics_ps_g_107_a,test,NCI-H2170,ncih2170_antibiotics_ps_g,ecCount (threshold mask),103,95
ncih2170_antibiotics_ps_g_108,train,NCI-H2170,ncih2170_antibiotics_ps_g,ecCount (threshold mask),83,80
ncih2170_antibiotics_ps_g_110,train,NCI-H2170,ncih2170_antibiotics_ps_g,ecCount (threshold mask),66,60
ncih2170_antibiotics_ps_g_111,train,NCI-H2170,ncih2170_antibiotics_ps_g,ecCount (threshold mask),152,129
ncih2170_antibiotics_ps_g_112,train,NCI-H2170,ncih2170_antibiotics_ps_g,ecCount (threshold mask),184,177
ncih2170_antibiotics_ps_g_113,val,NCI-H2170,ncih2170_antibiotics_ps_g,ecCount (threshold mask),79,81
ncih2170_antibiotics_ps_g_114,test,NCI-H2170,ncih2170_antibiotics_ps_g,ecCount (threshold mask),202,177
ncih2170_antibiotics_ps_g_115,test,NCI-H2170,ncih2170_antibiotics_ps_g,ecCount (threshold mask),296,257
ncih2170_antibiotics_ps_g_116,train,NCI-H2170,ncih2170_antibiotics_ps_g,ecCount (threshold mask),107,105
ncih2170_antibiotics_ps_g_36,test,NCI-H2170,ncih2170_antibiotics_ps_g,ecCount (threshold mask),912,768
ncih2170_antibiotics_ps_g_37,train,NCI-H2170,ncih2170_antibiotics_ps_g,ecCount (threshold mask),283,280
ncih2170_antibiotics_ps_g_38,val,NCI-H2170,ncih2170_antibiotics_ps_g,ecCount (threshold mask),223,221
ncih2170_antibiotics_ps_g_39,val,NCI-H2170,ncih2170_antibiotics_ps_g,ecCount (threshold mask),58,66
ncih2170_antibiotics_ps_g_40,train,NCI-H2170,ncih2170_antibiotics_ps_g,ecCount (threshold mask),98,107
ncih2170_antibiotics_ps_g_42,test,NCI-H2170,ncih2170_antibiotics_ps_g,ecCount (threshold mask),245,242
ncih2170_antibiotics_ps_g_43,train,NCI-H2170,ncih2170_antibiotics_ps_g,ecCount (threshold mask),491,485
ncih2170_antibiotics_ps_g_44_a,test,NCI-H2170,ncih2170_antibiotics_ps_g,ecCount (threshold mask),52,50
ncih2170_antibiotics_ps_g_45,val,NCI-H2170,ncih2170_antibiotics_ps_g,ecCount (threshold mask),94,97
ncih2170_antibiotics_ps_g_46,train,NCI-H2170,ncih2170_antibiotics_ps_g,ecCount (threshold mask),148,146
ncih2170_antibiotics_ps_g_47,train,NCI-H2170,ncih2170_antibiotics_ps_g,ecCount (threshold mask),506,410
ncih2170_antibiotics_ps_g_48,train,NCI-H2170,ncih2170_antibiotics_ps_g,ecCount (threshold mask),362,320
ncih2170_antibiotics_ps_g_49,train,NCI-H2170,ncih2170_antibiotics_ps_g,ecCount (threshold mask),446,384
ncih2170_antibiotics_ps_g_50,train,NCI-H2170,ncih2170_antibiotics_ps_g,ecCount (threshold mask),285,276
ncih2170_antibiotics_ps_g_51,val,NCI-H2170,ncih2170_antibiotics_ps_g,ecCount (threshold mask),86,84
ncih2170_antibiotics_ps_g_54,test,NCI-H2170,ncih2170_antibiotics_ps_g,ecCount (threshold mask),182,279
ncih2170_antibiotics_ps_g_55,train,NCI-H2170,ncih2170_antibiotics_ps_g,ecCount (threshold mask),375,401
ncih2170_antibiotics_ps_g_56,test,NCI-H2170,ncih2170_antibiotics_ps_g,ecCount (threshold mask),174,182
ncih2170_antibiotics_ps_g_60,train,NCI-H2170,ncih2170_antibiotics_ps_g,ecCount (threshold mask),76,76
ncih2170_antibiotics_ps_g_61,train,NCI-H2170,ncih2170_antibiotics_ps_g,ecCount (threshold mask),181,190
ncih2170_antibiotics_ps_g_62,train,NCI-H2170,ncih2170_antibiotics_ps_g,ecCount (threshold mask),244,234
ncih2170_antibiotics_ps_g_63,val,NCI-H2170,ncih2170_antibiotics_ps_g,ecCount (threshold mask),78,77
ncih2170_antibiotics_ps_g_64,test,NCI-H2170,ncih2170_antibiotics_ps_g,ecCount (threshold mask),340,358
ncih2170_antibiotics_ps_g_65,test,NCI-H2170,ncih2170_antibiotics_ps_g,ecCount (threshold mask),192,191
ncih2170_antibiotics_ps_g_66,train,NCI-H2170,ncih2170_antibiotics_ps_g,ecCount (threshold mask),79,85
ncih2170_antibiotics_ps_g_67,test,NCI-H2170,ncih2170_antibiotics_ps_g,ecCount (threshold mask),90,94
ncih2170_antibiotics_ps_g_68,test,NCI-H2170,ncih2170_antibiotics_ps_g,ecCount (threshold mask),78,75
ncih2170_antibiotics_ps_g_69,test,NCI-H2170,ncih2170_antibiotics_ps_g,ecCount (threshold mask),46,41
ncih2170_antibiotics_ps_g_71,train,NCI-H2170,ncih2170_antibiotics_ps_g,ecCount (threshold mask),157,156
ncih2170_antibiotics_ps_g_72,test,NCI-H2170,ncih2170_antibiotics_ps_g,ecCount (threshold mask),138,127
ncih2170_antibiotics_ps_g_74,train,NCI-H2170,ncih2170_antibiotics_ps_g,ecCount (threshold mask),213,215
ncih2170_antibiotics_ps_g_76,test,NCI-H2170,ncih2170_antibiotics_ps_g,ecCount (threshold mask),90,93
ncih2170_antibiotics_ps_g_77,train,NCI-H2170,ncih2170_antibiotics_ps_g,ecCount (threshold mask),112,106
ncih2170_antibiotics_ps_g_81,train,NCI-H2170,ncih2170_antibiotics_ps_g,ecCount (threshold mask),150,142
ncih2170_antibiotics_ps_g_85,train,NCI-H2170,ncih2170_antibiotics_ps_g,ecCount (threshold mask),289,307
ncih2170_antibiotics_ps_g_86,val,NCI-H2170,ncih2170_antibiotics_ps_g,ecCount (threshold mask),85,92
ncih2170_antibiotics_ps_g_88_a,train,NCI-H2170,ncih2170_antibiotics_ps_g,ecCount (threshold mask),115,101
ncih2170_antibiotics_ps_g_88_b,train,NCI-H2170,ncih2170_antibiotics_ps_g,ecCount (threshold mask),121,124
ncih2170_antibiotics_ps_g_89,val,NCI-H2170,ncih2170_antibiotics_ps_g,ecCount (threshold mask),103,97
ncih2170_antibiotics_ps_g_90,train,NCI-H2170,ncih2170_antibiotics_ps_g,ecCount (threshold mask),127,126
ncih2170_antibiotics_ps_g_91,train,NCI-H2170,ncih2170_antibiotics_ps_g,ecCount (threshold mask),560,499
ncih2170_antibiotics_ps_g_92,train,NCI-H2170,ncih2170_antibiotics_ps_g,ecCount (threshold mask),145,133
ncih2170_antibiotics_ps_g_94,train,NCI-H2170,ncih2170_antibiotics_ps_g,ecCount (threshold mask),235,204
ncih2170_antibiotics_ps_g_95,train,NCI-H2170,ncih2170_antibiotics_ps_g,ecCount (threshold mask),180,162
ncih2170_antibiotics_ps_g_96,test,NCI-H2170,ncih2170_antibiotics_ps_g,ecCount (threshold mask),521,465
ncih2170_antibiotics_ps_g_97,train,NCI-H2170,ncih2170_antibiotics_ps_g,ecCount (threshold mask),252,224
ncih2170_antibiotics_ps_g_98,train,NCI-H2170,ncih2170_antibiotics_ps_g,ecCount (threshold mask),167,154
ncih2170_antibiotics_ps_g_99,val,NCI-H2170,ncih2170_antibiotics_ps_g,ecCount (threshold mask),867,819
ncih2170_cart_72h_blank_ctrl_19,train,NCI-H2170,ncih2170_cart_72h_blank_ctrl,ecCount (threshold mask),210,197
ncih2170_cart_72h_blank_ctrl_28,train,NCI-H2170,ncih2170_cart_72h_blank_ctrl,ecCount (threshold mask),191,139
ncih2170_cart_72h_blank_ctrl_30,test,NCI-H2170,ncih2170_cart_72h_blank_ctrl,ecCount (threshold mask),406,320
ncih2170_cart_72h_blank_ctrl_31,test,NCI-H2170,ncih2170_cart_72h_blank_ctrl,ecCount (threshold mask),103,75
ncih2170_cart_72h_blank_ctrl_32,train,NCI-H2170,ncih2170_cart_72h_blank_ctrl,ecCount (threshold mask),99,85
ncih2170_cart_72h_blank_ctrl_33,test,NCI-H2170,ncih2170_cart_72h_blank_ctrl,ecCount (threshold mask),80,47
ncih2170_cart_72h_blank_ctrl_34,train,NCI-H2170,ncih2170_cart_72h_blank_ctrl,ecCount (threshold mask),88,70
ncih2170_cart_72h_blank_ctrl_35,train,NCI-H2170,ncih2170_cart_72h_blank_ctrl,ecCount (threshold mask),168,111
ncih2170_cart_72h_blank_ctrl_36,train,NCI-H2170,ncih2170_cart_72h_blank_ctrl,ecCount (threshold mask),86,67
ncih2170_cart_72h_blank_ctrl_38,train,NCI-H2170,ncih2170_cart_72h_blank_ctrl,ecCount (threshold mask),156,91
ncih2170_cart_72h_blank_ctrl_39,train,NCI-H2170,ncih2170_cart_72h_blank_ctrl,ecCount (threshold mask),189,111
ncih2170_cart_72h_blank_ctrl_5,val,NCI-H2170,ncih2170_cart_72h_blank_ctrl,ecCount (threshold mask),94,66
ncih2170_cart_72h_blank_ctrl_50,train,NCI-H2170,ncih2170_cart_72h_blank_ctrl,ecCount (threshold mask),149,134
ncih2170_cart_72h_blank_ctrl_51,test,NCI-H2170,ncih2170_cart_72h_blank_ctrl,ecCount (threshold mask),48,54
ncih2170_cart_72h_blank_ctrl_52,test,NCI-H2170,ncih2170_cart_72h_blank_ctrl,ecCount (threshold mask),246,246
ncih2170_cart_72h_blank_ctrl_53,val,NCI-H2170,ncih2170_cart_72h_blank_ctrl,ecCount (threshold mask),56,63
ncih2170_cart_72h_blank_ctrl_55,train,NCI-H2170,ncih2170_cart_72h_blank_ctrl,ecCount (threshold mask),56,56
ncih2170_cart_72h_blank_ctrl_56,train,NCI-H2170,ncih2170_cart_72h_blank_ctrl,ecCount (threshold mask),132,137
ncih2170_cart_72h_blank_ctrl_57,train,NCI-H2170,ncih2170_cart_72h_blank_ctrl,ecCount (threshold mask),75,86
ncih2170_cart_72h_blank_ctrl_59,test,NCI-H2170,ncih2170_cart_72h_blank_ctrl,ecCount (threshold mask),55,165
ncih2170_cart_72h_blank_ctrl_61,train,NCI-H2170,ncih2170_cart_72h_blank_ctrl,ecCount (threshold mask),47,53
ncih2170_cart_72h_blank_ctrl_62,test,NCI-H2170,ncih2170_cart_72h_blank_ctrl,ecCount (threshold mask),184,211
ncih2170_cart_72h_blank_ctrl_64,train,NCI-H2170,ncih2170_cart_72h_blank_ctrl,ecCount (threshold mask),47,47
ncih2170_cart_72h_blank_ctrl_67,val,NCI-H2170,ncih2170_cart_72h_blank_ctrl,ecCount (threshold mask),103,108
ncih2170_cart_72h_blank_ctrl_7,train,NCI-H2170,ncih2170_cart_72h_blank_ctrl,ecCount (threshold mask),196,136
ncih2170_cart_72h_blank_ctrl_71,train,NCI-H2170,ncih2170_cart_72h_blank_ctrl,ecCount (threshold mask),133,148
ncih2170_cart_72h_blank_ctrl_74,train,NCI-H2170,ncih2170_cart_72h_blank_ctrl,ecCount (threshold mask),43,43
ncih2170_cart_72h_blank_ctrl_8,train,NCI-H2170,ncih2170_cart_72h_blank_ctrl,ecCount (threshold mask),132,111
ncih2170_cart_72h_blank_ctrl_80,train,NCI-H2170,ncih2170_cart_72h_blank_ctrl,ecCount (threshold mask),76,67
ncih2170_cart_72h_blank_ctrl_82,train,NCI-H2170,ncih2170_cart_72h_blank_ctrl,ecCount (threshold mask),105,106
ncih2170_cart_72h_blank_ctrl_83,train,NCI-H2170,ncih2170_cart_72h_blank_ctrl,ecCount (threshold mask),35,33
ncih2170_cart_72h_blank_ctrl_88,val,NCI-H2170,ncih2170_cart_72h_blank_ctrl,ecCount (threshold mask),35,36
ncih2170_cart_72h_blank_ctrl_89,train,NCI-H2170,ncih2170_cart_72h_blank_ctrl,ecCount (threshold mask),238,250
ncih2170_cart_72h_blank_ctrl_92,train,NCI-H2170,ncih2170_cart_72h_blank_ctrl,ecCount (threshold mask),176,144
ncih2170_cart_72h_blank_ctrl_95,val,NCI-H2170,ncih2170_cart_72h_blank_ctrl,ecCount (threshold mask),17,17
ncih2170_cart_72h_blank_ctrl_98,train,NCI-H2170,ncih2170_cart_72h_blank_ctrl,ecCount (threshold mask),257,223
ncih2170_cart_72h_blank_ctrl_99,test,NCI-H2170,ncih2170_cart_72h_blank_ctrl,ecCount (threshold mask),51,41
ncih2170_cart_72h_cart_1,train,NCI-H2170,ncih2170_cart_72h_cart,ecCount (threshold mask),75,69
ncih2170_cart_72h_cart_100,train,NCI-H2170,ncih2170_cart_72h_cart,ecCount (threshold mask),664,666
ncih2170_cart_72h_cart_16,train,NCI-H2170,ncih2170_cart_72h_cart,ecCount (threshold mask),16,17
ncih2170_cart_72h_cart_17,train,NCI-H2170,ncih2170_cart_72h_cart,ecCount (threshold mask),44,42
ncih2170_cart_72h_cart_20,train,NCI-H2170,ncih2170_cart_72h_cart,ecCount (threshold mask),53,55
ncih2170_cart_72h_cart_21,val,NCI-H2170,ncih2170_cart_72h_cart,ecCount (threshold mask),71,78
ncih2170_cart_72h_cart_22,train,NCI-H2170,ncih2170_cart_72h_cart,ecCount (threshold mask),15,20
ncih2170_cart_72h_cart_27,train,NCI-H2170,ncih2170_cart_72h_cart,ecCount (threshold mask),71,64
ncih2170_cart_72h_cart_31,train,NCI-H2170,ncih2170_cart_72h_cart,ecCount (threshold mask),119,110
ncih2170_cart_72h_cart_32,train,NCI-H2170,ncih2170_cart_72h_cart,ecCount (threshold mask),74,65
ncih2170_cart_72h_cart_33,train,NCI-H2170,ncih2170_cart_72h_cart,ecCount (threshold mask),117,139
ncih2170_cart_72h_cart_36,test,NCI-H2170,ncih2170_cart_72h_cart,ecCount (threshold mask),71,69
ncih2170_cart_72h_cart_38,val,NCI-H2170,ncih2170_cart_72h_cart,ecCount (threshold mask),46,57
ncih2170_cart_72h_cart_4,train,NCI-H2170,ncih2170_cart_72h_cart,ecCount (threshold mask),41,40
ncih2170_cart_72h_cart_40,train,NCI-H2170,ncih2170_cart_72h_cart,ecCount (threshold mask),22,26
ncih2170_cart_72h_cart_47,train,NCI-H2170,ncih2170_cart_72h_cart,ecCount (threshold mask),81,77
ncih2170_cart_72h_cart_49,train,NCI-H2170,ncih2170_cart_72h_cart,ecCount (threshold mask),18,21
ncih2170_cart_72h_cart_5,train,NCI-H2170,ncih2170_cart_72h_cart,ecCount (threshold mask),27,27
ncih2170_cart_72h_cart_55,test,NCI-H2170,ncih2170_cart_72h_cart,ecCount (threshold mask),61,64
ncih2170_cart_72h_cart_57,train,NCI-H2170,ncih2170_cart_72h_cart,ecCount (threshold mask),99,102
ncih2170_cart_72h_cart_60,train,NCI-H2170,ncih2170_cart_72h_cart,ecCount (threshold mask),30,27
ncih2170_cart_72h_cart_61,val,NCI-H2170,ncih2170_cart_72h_cart,ecCount (threshold mask),9,11
ncih2170_cart_72h_cart_62,test,NCI-H2170,ncih2170_cart_72h_cart,ecCount (threshold mask),93,93
ncih2170_cart_72h_cart_63,test,NCI-H2170,ncih2170_cart_72h_cart,ecCount (threshold mask),85,74
ncih2170_cart_72h_cart_64,train,NCI-H2170,ncih2170_cart_72h_cart,ecCount (threshold mask),78,73
ncih2170_cart_72h_cart_69,test,NCI-H2170,ncih2170_cart_72h_cart,ecCount (threshold mask),52,55
ncih2170_cart_72h_cart_73,train,NCI-H2170,ncih2170_cart_72h_cart,ecCount (threshold mask),73,80
ncih2170_cart_72h_cart_77,val,NCI-H2170,ncih2170_cart_72h_cart,ecCount (threshold mask),75,70
ncih2170_cart_72h_cart_78,train,NCI-H2170,ncih2170_cart_72h_cart,ecCount (threshold mask),112,104
ncih2170_cart_72h_cart_80,train,NCI-H2170,ncih2170_cart_72h_cart,ecCount (threshold mask),244,238
ncih2170_cart_72h_cart_81,val,NCI-H2170,ncih2170_cart_72h_cart,ecCount (threshold mask),58,58
ncih2170_cart_72h_cart_82,train,NCI-H2170,ncih2170_cart_72h_cart,ecCount (threshold mask),69,62
ncih2170_cart_72h_cart_83,train,NCI-H2170,ncih2170_cart_72h_cart,ecCount (threshold mask),102,108
ncih2170_cart_72h_cart_88,train,NCI-H2170,ncih2170_cart_72h_cart,ecCount (threshold mask),111,95
ncih2170_cart_72h_cart_89,train,NCI-H2170,ncih2170_cart_72h_cart,ecCount (threshold mask),497,498
ncih2170_cart_72h_cart_90,train,NCI-H2170,ncih2170_cart_72h_cart,ecCount (threshold mask),175,220
ncih2170_cart_72h_cart_91,train,NCI-H2170,ncih2170_cart_72h_cart,ecCount (threshold mask),382,516
ncih2170_cart_72h_cart_93,train,NCI-H2170,ncih2170_cart_72h_cart,ecCount (threshold mask),184,168
ncih2170_cart_72h_cart_95,train,NCI-H2170,ncih2170_cart_72h_cart,ecCount (threshold mask),318,236
ncih2170_cart_72h_cart_96,train,NCI-H2170,ncih2170_cart_72h_cart,ecCount (threshold mask),105,116
ncih2170_cart_72h_cart_97,train,NCI-H2170,ncih2170_cart_72h_cart,ecCount (threshold mask),181,199
ncih2170_cart_72h_cart_99,train,NCI-H2170,ncih2170_cart_72h_cart,ecCount (threshold mask),179,195
ncih2170_cart_72h_nt_ctrl_10,train,NCI-H2170,ncih2170_cart_72h_nt_ctrl,ecCount (threshold mask),76,82
ncih2170_cart_72h_nt_ctrl_100,train,NCI-H2170,ncih2170_cart_72h_nt_ctrl,ecCount (threshold mask),143,109
ncih2170_cart_72h_nt_ctrl_12,train,NCI-H2170,ncih2170_cart_72h_nt_ctrl,ecCount (threshold mask),209,216
ncih2170_cart_72h_nt_ctrl_13,train,NCI-H2170,ncih2170_cart_72h_nt_ctrl,ecCount (threshold mask),78,73
ncih2170_cart_72h_nt_ctrl_16,train,NCI-H2170,ncih2170_cart_72h_nt_ctrl,ecCount (threshold mask),74,81
ncih2170_cart_72h_nt_ctrl_17,val,NCI-H2170,ncih2170_cart_72h_nt_ctrl,ecCount (threshold mask),188,196
ncih2170_cart_72h_nt_ctrl_18,val,NCI-H2170,ncih2170_cart_72h_nt_ctrl,ecCount (threshold mask),102,90
ncih2170_cart_72h_nt_ctrl_19,val,NCI-H2170,ncih2170_cart_72h_nt_ctrl,ecCount (threshold mask),33,33
ncih2170_cart_72h_nt_ctrl_20,test,NCI-H2170,ncih2170_cart_72h_nt_ctrl,ecCount (threshold mask),126,141
ncih2170_cart_72h_nt_ctrl_21,train,NCI-H2170,ncih2170_cart_72h_nt_ctrl,ecCount (threshold mask),186,186
ncih2170_cart_72h_nt_ctrl_24,train,NCI-H2170,ncih2170_cart_72h_nt_ctrl,ecCount (threshold mask),35,42
ncih2170_cart_72h_nt_ctrl_26,train,NCI-H2170,ncih2170_cart_72h_nt_ctrl,ecCount (threshold mask),130,129
ncih2170_cart_72h_nt_ctrl_28,train,NCI-H2170,ncih2170_cart_72h_nt_ctrl,ecCount (threshold mask),162,169
ncih2170_cart_72h_nt_ctrl_32,val,NCI-H2170,ncih2170_cart_72h_nt_ctrl,ecCount (threshold mask),201,221
ncih2170_cart_72h_nt_ctrl_37,val,NCI-H2170,ncih2170_cart_72h_nt_ctrl,ecCount (threshold mask),107,96
ncih2170_cart_72h_nt_ctrl_39,train,NCI-H2170,ncih2170_cart_72h_nt_ctrl,ecCount (threshold mask),53,46
ncih2170_cart_72h_nt_ctrl_4,train,NCI-H2170,ncih2170_cart_72h_nt_ctrl,ecCount (threshold mask),77,79
ncih2170_cart_72h_nt_ctrl_41,train,NCI-H2170,ncih2170_cart_72h_nt_ctrl,ecCount (threshold mask),142,141
ncih2170_cart_72h_nt_ctrl_43,train,NCI-H2170,ncih2170_cart_72h_nt_ctrl,ecCount (threshold mask),142,138
ncih2170_cart_72h_nt_ctrl_44,train,NCI-H2170,ncih2170_cart_72h_nt_ctrl,ecCount (threshold mask),75,86
ncih2170_cart_72h_nt_ctrl_45,train,NCI-H2170,ncih2170_cart_72h_nt_ctrl,ecCount (threshold mask),188,205
ncih2170_cart_72h_nt_ctrl_46,test,NCI-H2170,ncih2170_cart_72h_nt_ctrl,ecCount (threshold mask),242,278
ncih2170_cart_72h_nt_ctrl_47,train,NCI-H2170,ncih2170_cart_72h_nt_ctrl,ecCount (threshold mask),157,177
ncih2170_cart_72h_nt_ctrl_48,train,NCI-H2170,ncih2170_cart_72h_nt_ctrl,ecCount (threshold mask),60,66
ncih2170_cart_72h_nt_ctrl_49,test,NCI-H2170,ncih2170_cart_72h_nt_ctrl,ecCount (threshold mask),65,65
ncih2170_cart_72h_nt_ctrl_52,train,NCI-H2170,ncih2170_cart_72h_nt_ctrl,ecCount (threshold mask),136,80
ncih2170_cart_72h_nt_ctrl_54,train,NCI-H2170,ncih2170_cart_72h_nt_ctrl,ecCount (threshold mask),245,246
ncih2170_cart_72h_nt_ctrl_55,train,NCI-H2170,ncih2170_cart_72h_nt_ctrl,ecCount (threshold mask),216,185
ncih2170_cart_72h_nt_ctrl_56,train,NCI-H2170,ncih2170_cart_72h_nt_ctrl,ecCount (threshold mask),246,257
ncih2170_cart_72h_nt_ctrl_57,test,NCI-H2170,ncih2170_cart_72h_nt_ctrl,ecCount (threshold mask),119,114
ncih2170_cart_72h_nt_ctrl_58,train,NCI-H2170,ncih2170_cart_72h_nt_ctrl,ecCount (threshold mask),211,156
ncih2170_cart_72h_nt_ctrl_59,val,NCI-H2170,ncih2170_cart_72h_nt_ctrl,ecCount (threshold mask),160,207
ncih2170_cart_72h_nt_ctrl_6,train,NCI-H2170,ncih2170_cart_72h_nt_ctrl,ecCount (threshold mask),51,51
ncih2170_cart_72h_nt_ctrl_61,test,NCI-H2170,ncih2170_cart_72h_nt_ctrl,ecCount (threshold mask),223,227
ncih2170_cart_72h_nt_ctrl_62,val,NCI-H2170,ncih2170_cart_72h_nt_ctrl,ecCount (threshold mask),168,137
ncih2170_cart_72h_nt_ctrl_63,val,NCI-H2170,ncih2170_cart_72h_nt_ctrl,ecCount (threshold mask),160,157
ncih2170_cart_72h_nt_ctrl_65,train,NCI-H2170,ncih2170_cart_72h_nt_ctrl,ecCount (threshold mask),74,43
ncih2170_cart_72h_nt_ctrl_66,train,NCI-H2170,ncih2170_cart_72h_nt_ctrl,ecCount (threshold mask),291,246
ncih2170_cart_72h_nt_ctrl_67,train,NCI-H2170,ncih2170_cart_72h_nt_ctrl,ecCount (threshold mask),87,76
ncih2170_cart_72h_nt_ctrl_69,test,NCI-H2170,ncih2170_cart_72h_nt_ctrl,ecCount (threshold mask),110,87
ncih2170_cart_72h_nt_ctrl_71,test,NCI-H2170,ncih2170_cart_72h_nt_ctrl,ecCount (threshold mask),126,70
ncih2170_cart_72h_nt_ctrl_74,train,NCI-H2170,ncih2170_cart_72h_nt_ctrl,ecCount (threshold mask),348,325
ncih2170_cart_72h_nt_ctrl_75,train,NCI-H2170,ncih2170_cart_72h_nt_ctrl,ecCount (threshold mask),99,104
ncih2170_cart_72h_nt_ctrl_77,train,NCI-H2170,ncih2170_cart_72h_nt_ctrl,ecCount (threshold mask),159,156
ncih2170_cart_72h_nt_ctrl_80,test,NCI-H2170,ncih2170_cart_72h_nt_ctrl,ecCount (threshold mask),400,384
ncih2170_cart_72h_nt_ctrl_81,train,NCI-H2170,ncih2170_cart_72h_nt_ctrl,ecCount (threshold mask),478,552
ncih2170_cart_72h_nt_ctrl_83,test,NCI-H2170,ncih2170_cart_72h_nt_ctrl,ecCount (threshold mask),169,200
ncih2170_cart_72h_nt_ctrl_87,train,NCI-H2170,ncih2170_cart_72h_nt_ctrl,ecCount (threshold mask),231,212
ncih2170_cart_72h_nt_ctrl_88,train,NCI-H2170,ncih2170_cart_72h_nt_ctrl,ecCount (threshold mask),534,504
ncih2170_cart_72h_nt_ctrl_9,train,NCI-H2170,ncih2170_cart_72h_nt_ctrl,ecCount (threshold mask),84,85
ncih2170_cart_72h_nt_ctrl_91,train,NCI-H2170,ncih2170_cart_72h_nt_ctrl,ecCount (threshold mask),113,120
ncih2170_cart_72h_nt_ctrl_92,val,NCI-H2170,ncih2170_cart_72h_nt_ctrl,ecCount (threshold mask),147,159
ncih2170_cart_72h_nt_ctrl_93,val,NCI-H2170,ncih2170_cart_72h_nt_ctrl,ecCount (threshold mask),451,480
ncih2170_cart_72h_nt_ctrl_94,train,NCI-H2170,ncih2170_cart_72h_nt_ctrl,ecCount (threshold mask),226,207
ncih2170_cart_72h_nt_ctrl_99,train,NCI-H2170,ncih2170_cart_72h_nt_ctrl,ecCount (threshold mask),66,50
ncih2170_ctrl_1_24,train,NCI-H2170,ncih2170_ctrl_1,ecCount (threshold mask),355,333
ncih2170_ctrl_1_25,train,NCI-H2170,ncih2170_ctrl_1,ecCount (threshold mask),441,431
ncih2170_ctrl_1_27,train,NCI-H2170,ncih2170_ctrl_1,ecCount (threshold mask),504,493
ncih2170_ctrl_1_29,train,NCI-H2170,ncih2170_ctrl_1,ecCount (threshold mask),226,233
ncih2170_ctrl_1_30,test,NCI-H2170,ncih2170_ctrl_1,ecCount (threshold mask),229,240
ncih2170_ctrl_1_33,train,NCI-H2170,ncih2170_ctrl_1,ecCount (threshold mask),431,405
ncih2170_ctrl_1_37,train,NCI-H2170,ncih2170_ctrl_1,ecCount (threshold mask),223,226
ncih2170_ctrl_1_39,train,NCI-H2170,ncih2170_ctrl_1,ecCount (threshold mask),194,191
ncih2170_ctrl_1_41,train,NCI-H2170,ncih2170_ctrl_1,ecCount (threshold mask),489,471
ncih2170_ctrl_1_44,train,NCI-H2170,ncih2170_ctrl_1,ecCount (threshold mask),178,198
ncih2170_ctrl_1_45,val,NCI-H2170,ncih2170_ctrl_1,ecCount (threshold mask),141,138
ncih2170_ctrl_1_50,train,NCI-H2170,ncih2170_ctrl_1,ecCount (threshold mask),243,244
ncih2170_ctrl_1_51,train,NCI-H2170,ncih2170_ctrl_1,ecCount (threshold mask),280,266
ncih2170_ctrl_1_53,train,NCI-H2170,ncih2170_ctrl_1,ecCount (threshold mask),613,585
ncih2170_ctrl_1_54,test,NCI-H2170,ncih2170_ctrl_1,ecCount (threshold mask),235,217
ncih2170_ctrl_1_55,train,NCI-H2170,ncih2170_ctrl_1,ecCount (threshold mask),589,546
ncih2170_ctrl_1_58,test,NCI-H2170,ncih2170_ctrl_1,ecCount (threshold mask),179,170
ncih2170_ctrl_1_60,val,NCI-H2170,ncih2170_ctrl_1,ecCount (threshold mask),567,541
ncih2170_ctrl_1_61,test,NCI-H2170,ncih2170_ctrl_1,ecCount (threshold mask),251,251
ncih2170_ctrl_1_62,test,NCI-H2170,ncih2170_ctrl_1,ecCount (threshold mask),478,434
ncih2170_ctrl_1_65,train,NCI-H2170,ncih2170_ctrl_1,ecCount (threshold mask),230,237
ncih2170_ctrl_1_66,train,NCI-H2170,ncih2170_ctrl_1,ecCount (threshold mask),283,288
ncih2170_ctrl_1_68,train,NCI-H2170,ncih2170_ctrl_1,ecCount (threshold mask),226,224
ncih2170_ctrl_1_70,val,NCI-H2170,ncih2170_ctrl_1,ecCount (threshold mask),115,104
ncih2170_ctrl_1_82,train,NCI-H2170,ncih2170_ctrl_1,ecCount (threshold mask),404,392
ncih2170_ctrl_1_86,train,NCI-H2170,ncih2170_ctrl_1,ecCount (threshold mask),359,348
ncih2170_ctrl_1_88,test,NCI-H2170,ncih2170_ctrl_1,ecCount (threshold mask),341,303
ncih2170_ctrl_1_89,train,NCI-H2170,ncih2170_ctrl_1,ecCount (threshold mask),832,753
ncih2170_ctrl_1_90,test,NCI-H2170,ncih2170_ctrl_1,ecCount (threshold mask),87,76
ncih2170_ctrl_1_94,test,NCI-H2170,ncih2170_ctrl_1,ecCount (threshold mask),299,275
ncih2170_ctrl_1_95,train,NCI-H2170,ncih2170_ctrl_1,ecCount (threshold mask),215,206
ncih2170_ctrl_1_98,train,NCI-H2170,ncih2170_ctrl_1,ecCount (threshold mask),119,117
ncih2170_ctrl_1_99,train,NCI-H2170,ncih2170_ctrl_1,ecCount (threshold mask),221,215
ncih2170_ctrl_2_102,train,NCI-H2170,ncih2170_ctrl_2,ecCount (threshold mask),257,240
ncih2170_ctrl_2_103,train,NCI-H2170,ncih2170_ctrl_2,ecCount (threshold mask),107,105
ncih2170_ctrl_2_105,test,NCI-H2170,ncih2170_ctrl_2,ecCount (threshold mask),184,174
ncih2170_ctrl_2_106,train,NCI-H2170,ncih2170_ctrl_2,ecCount (threshold mask),909,808
ncih2170_ctrl_2_107,train,NCI-H2170,ncih2170_ctrl_2,ecCount (threshold mask),116,110
ncih2170_ctrl_2_110,val,NCI-H2170,ncih2170_ctrl_2,ecCount (threshold mask),526,488
ncih2170_ctrl_2_112,train,NCI-H2170,ncih2170_ctrl_2,ecCount (threshold mask),217,197
ncih2170_ctrl_2_114,train,NCI-H2170,ncih2170_ctrl_2,ecCount (threshold mask),503,461
ncih2170_ctrl_2_115,train,NCI-H2170,ncih2170_ctrl_2,ecCount (threshold mask),371,359
ncih2170_ctrl_2_116,train,NCI-H2170,ncih2170_ctrl_2,ecCount (threshold mask),94,87
ncih2170_ctrl_2_117,train,NCI-H2170,ncih2170_ctrl_2,ecCount (threshold mask),172,180
ncih2170_ctrl_2_118,train,NCI-H2170,ncih2170_ctrl_2,ecCount (threshold mask),523,469
ncih2170_ctrl_2_119,train,NCI-H2170,ncih2170_ctrl_2,ecCount (threshold mask),282,253
ncih2170_ctrl_2_121,train,NCI-H2170,ncih2170_ctrl_2,ecCount (threshold mask),418,393
ncih2170_ctrl_2_122,train,NCI-H2170,ncih2170_ctrl_2,ecCount (threshold mask),194,148
ncih2170_ctrl_2_123,val,NCI-H2170,ncih2170_ctrl_2,ecCount (threshold mask),430,393
ncih2170_ctrl_2_124,train,NCI-H2170,ncih2170_ctrl_2,ecCount (threshold mask),163,159
ncih2170_ctrl_2_125,train,NCI-H2170,ncih2170_ctrl_2,ecCount (threshold mask),413,384
ncih2170_ctrl_2_126,val,NCI-H2170,ncih2170_ctrl_2,ecCount (threshold mask),196,181
ncih2170_ctrl_2_127,train,NCI-H2170,ncih2170_ctrl_2,ecCount (threshold mask),378,363
ncih2170_ctrl_2_129,train,NCI-H2170,ncih2170_ctrl_2,ecCount (threshold mask),220,199
ncih2170_ctrl_2_130,train,NCI-H2170,ncih2170_ctrl_2,ecCount (threshold mask),228,202
ncih2170_ctrl_2_132,test,NCI-H2170,ncih2170_ctrl_2,ecCount (threshold mask),274,270
ncih2170_ctrl_2_133,val,NCI-H2170,ncih2170_ctrl_2,ecCount (threshold mask),557,479
ncih2170_ctrl_2_134,train,NCI-H2170,ncih2170_ctrl_2,ecCount (threshold mask),390,373
ncih2170_ctrl_2_136,train,NCI-H2170,ncih2170_ctrl_2,ecCount (threshold mask),314,307
ncih2170_ctrl_2_139,test,NCI-H2170,ncih2170_ctrl_2,ecCount (threshold mask),246,241
ncih2170_ctrl_2_141,train,NCI-H2170,ncih2170_ctrl_2,ecCount (threshold mask),114,109
ncih2170_ctrl_2_143,val,NCI-H2170,ncih2170_ctrl_2,ecCount (threshold mask),191,184
ncih2170_ctrl_2_22,train,NCI-H2170,ncih2170_ctrl_2,ecCount (threshold mask),438,371
ncih2170_ctrl_2_24,test,NCI-H2170,ncih2170_ctrl_2,ecCount (threshold mask),642,563
ncih2170_ctrl_2_27,val,NCI-H2170,ncih2170_ctrl_2,ecCount (threshold mask),520,469
ncih2170_ctrl_2_28,train,NCI-H2170,ncih2170_ctrl_2,ecCount (threshold mask),259,257
ncih2170_ctrl_2_29,train,NCI-H2170,ncih2170_ctrl_2,ecCount (threshold mask),170,168
ncih2170_ctrl_2_30,train,NCI-H2170,ncih2170_ctrl_2,ecCount (threshold mask),572,513
ncih2170_ctrl_2_31,val,NCI-H2170,ncih2170_ctrl_2,ecCount (threshold mask),89,83
ncih2170_ctrl_2_35,train,NCI-H2170,ncih2170_ctrl_2,ecCount (threshold mask),604,601
ncih2170_ctrl_2_40,train,NCI-H2170,ncih2170_ctrl_2,ecCount (threshold mask),297,283
ncih2170_ctrl_2_41,train,NCI-H2170,ncih2170_ctrl_2,ecCount (threshold mask),742,652
ncih2170_ctrl_2_92,train,NCI-H2170,ncih2170_ctrl_2,ecCount (threshold mask),436,375
ncih2170_ctrl_2_93,train,NCI-H2170,ncih2170_ctrl_2,ecCount (threshold mask),287,259
ncih2170_ctrl_2_94,train,NCI-H2170,ncih2170_ctrl_2,ecCount (threshold mask),146,143
ncih2170_ctrl_2_96,test,NCI-H2170,ncih2170_ctrl_2,ecCount (threshold mask),96,89
ncih2170_ctrl_2_99,train,NCI-H2170,ncih2170_ctrl_2,ecCount (threshold mask),290,284
ncih2170_facs_fish_0223_high_her2_10,train,NCI-H2170,ncih2170_facs_fish_0223_high_her2,ecCount (threshold mask),138,120
ncih2170_facs_fish_0223_high_her2_11,train,NCI-H2170,ncih2170_facs_fish_0223_high_her2,ecCount (threshold mask),101,86
ncih2170_facs_fish_0223_high_her2_13,test,NCI-H2170,ncih2170_facs_fish_0223_high_her2,ecCount (threshold mask),375,337
ncih2170_facs_fish_0223_high_her2_16,train,NCI-H2170,ncih2170_facs_fish_0223_high_her2,ecCount (threshold mask),130,127
ncih2170_facs_fish_0223_high_her2_18,train,NCI-H2170,ncih2170_facs_fish_0223_high_her2,ecCount (threshold mask),46,51
ncih2170_facs_fish_0223_high_her2_19,val,NCI-H2170,ncih2170_facs_fish_0223_high_her2,ecCount (threshold mask),96,89
ncih2170_facs_fish_0223_high_her2_2,train,NCI-H2170,ncih2170_facs_fish_0223_high_her2,ecCount (threshold mask),86,89
ncih2170_facs_fish_0223_high_her2_20,val,NCI-H2170,ncih2170_facs_fish_0223_high_her2,ecCount (threshold mask),87,82
ncih2170_facs_fish_0223_high_her2_3,train,NCI-H2170,ncih2170_facs_fish_0223_high_her2,ecCount (threshold mask),116,117
ncih2170_facs_fish_0223_high_her2_4,train,NCI-H2170,ncih2170_facs_fish_0223_high_her2,ecCount (threshold mask),77,73
ncih2170_facs_fish_0223_high_her2_5,train,NCI-H2170,ncih2170_facs_fish_0223_high_her2,ecCount (threshold mask),152,156
ncih2170_facs_fish_0223_high_her2_6,train,NCI-H2170,ncih2170_facs_fish_0223_high_her2,ecCount (threshold mask),332,318
ncih2170_facs_fish_0223_high_her2_7,test,NCI-H2170,ncih2170_facs_fish_0223_high_her2,ecCount (threshold mask),62,63
ncih2170_facs_fish_0223_high_her2_8,train,NCI-H2170,ncih2170_facs_fish_0223_high_her2,ecCount (threshold mask),228,197
ncih2170_facs_fish_0223_high_her2_9,train,NCI-H2170,ncih2170_facs_fish_0223_high_her2,ecCount (threshold mask),94,84
ncih2170_facs_fish_0223_low_her2_10,train,NCI-H2170,ncih2170_facs_fish_0223_low_her2,ecCount (threshold mask),24,23
ncih2170_facs_fish_0223_low_her2_12,val,NCI-H2170,ncih2170_facs_fish_0223_low_her2,ecCount (threshold mask),77,71
ncih2170_facs_fish_0223_low_her2_19,test,NCI-H2170,ncih2170_facs_fish_0223_low_her2,ecCount (threshold mask),40,39
ncih2170_facs_fish_0223_low_her2_2,test,NCI-H2170,ncih2170_facs_fish_0223_low_her2,ecCount (threshold mask),189,191
ncih2170_facs_fish_0223_low_her2_6,test,NCI-H2170,ncih2170_facs_fish_0223_low_her2,ecCount (threshold mask),15,16
ncih2170_facs_fish_0223_low_her2_9,train,NCI-H2170,ncih2170_facs_fish_0223_low_her2,ecCount (threshold mask),24,22
ncih2170_facs_fish_0423_high_her2_21,train,NCI-H2170,ncih2170_facs_fish_0423_high_her2,ecCount (threshold mask),115,118
ncih2170_facs_fish_0423_high_her2_23,train,NCI-H2170,ncih2170_facs_fish_0423_high_her2,ecCount (threshold mask),187,199
ncih2170_facs_fish_0423_high_her2_24,train,NCI-H2170,ncih2170_facs_fish_0423_high_her2,ecCount (threshold mask),174,184
ncih2170_facs_fish_0423_high_her2_25,train,NCI-H2170,ncih2170_facs_fish_0423_high_her2,ecCount (threshold mask),97,98
ncih2170_facs_fish_0423_high_her2_27,test,NCI-H2170,ncih2170_facs_fish_0423_high_her2,ecCount (threshold mask),396,362
ncih2170_facs_fish_0423_low_her2_10,test,NCI-H2170,ncih2170_facs_fish_0423_low_her2,ecCount (threshold mask),191,197
ncih2170_facs_fish_0423_low_her2_101,train,NCI-H2170,ncih2170_facs_fish_0423_low_her2,ecCount (threshold mask),104,125
ncih2170_facs_fish_0423_low_her2_104,train,NCI-H2170,ncih2170_facs_fish_0423_low_her2,ecCount (threshold mask),61,67
ncih2170_facs_fish_0423_low_her2_105,train,NCI-H2170,ncih2170_facs_fish_0423_low_her2,ecCount (threshold mask),62,66
ncih2170_facs_fish_0423_low_her2_109,train,NCI-H2170,ncih2170_facs_fish_0423_low_her2,ecCount (threshold mask),109,116
ncih2170_facs_fish_0423_low_her2_11,test,NCI-H2170,ncih2170_facs_fish_0423_low_her2,ecCount (threshold mask),44,35
ncih2170_facs_fish_0423_low_her2_111,train,NCI-H2170,ncih2170_facs_fish_0423_low_her2,ecCount (threshold mask),107,134
ncih2170_facs_fish_0423_low_her2_115,val,NCI-H2170,ncih2170_facs_fish_0423_low_her2,ecCount (threshold mask),152,156
ncih2170_facs_fish_0423_low_her2_118,train,NCI-H2170,ncih2170_facs_fish_0423_low_her2,ecCount (threshold mask),43,47
ncih2170_facs_fish_0423_low_her2_14,val,NCI-H2170,ncih2170_facs_fish_0423_low_her2,ecCount (threshold mask),70,66
ncih2170_facs_fish_0423_low_her2_16,train,NCI-H2170,ncih2170_facs_fish_0423_low_her2,ecCount (threshold mask),61,59
ncih2170_facs_fish_0423_low_her2_18,train,NCI-H2170,ncih2170_facs_fish_0423_low_her2,ecCount (threshold mask),99,88
ncih2170_facs_fish_0423_low_her2_20,train,NCI-H2170,ncih2170_facs_fish_0423_low_her2,ecCount (threshold mask),213,57
ncih2170_facs_fish_0423_low_her2_21,val,NCI-H2170,ncih2170_facs_fish_0423_low_her2,ecCount (threshold mask),48,28
ncih2170_facs_fish_0423_low_her2_22,train,NCI-H2170,ncih2170_facs_fish_0423_low_her2,ecCount (threshold mask),64,54
ncih2170_facs_fish_0423_low_her2_28,test,NCI-H2170,ncih2170_facs_fish_0423_low_her2,ecCount (threshold mask),174,151
ncih2170_facs_fish_0423_low_her2_3,train,NCI-H2170,ncih2170_facs_fish_0423_low_her2,ecCount (threshold mask),128,138
ncih2170_facs_fish_0423_low_her2_30,train,NCI-H2170,ncih2170_facs_fish_0423_low_her2,ecCount (threshold mask),96,93
ncih2170_facs_fish_0423_low_her2_31_b,train,NCI-H2170,ncih2170_facs_fish_0423_low_her2,ecCount (threshold mask),197,194
ncih2170_facs_fish_0423_low_her2_35,train,NCI-H2170,ncih2170_facs_fish_0423_low_her2,ecCount (threshold mask),211,217
ncih2170_facs_fish_0423_low_her2_37,train,NCI-H2170,ncih2170_facs_fish_0423_low_her2,ecCount (threshold mask),60,52
ncih2170_facs_fish_0423_low_her2_4,train,NCI-H2170,ncih2170_facs_fish_0423_low_her2,ecCount (threshold mask),117,129
ncih2170_facs_fish_0423_low_her2_43,test,NCI-H2170,ncih2170_facs_fish_0423_low_her2,ecCount (threshold mask),139,139
ncih2170_facs_fish_0423_low_her2_44,train,NCI-H2170,ncih2170_facs_fish_0423_low_her2,ecCount (threshold mask),115,134
ncih2170_facs_fish_0423_low_her2_46,train,NCI-H2170,ncih2170_facs_fish_0423_low_her2,ecCount (threshold mask),167,171
ncih2170_facs_fish_0423_low_her2_48,train,NCI-H2170,ncih2170_facs_fish_0423_low_her2,ecCount (threshold mask),99,106
ncih2170_facs_fish_0423_low_her2_49,val,NCI-H2170,ncih2170_facs_fish_0423_low_her2,ecCount (threshold mask),141,149
ncih2170_facs_fish_0423_low_her2_56,test,NCI-H2170,ncih2170_facs_fish_0423_low_her2,ecCount (threshold mask),101,100
ncih2170_facs_fish_0423_low_her2_59,train,NCI-H2170,ncih2170_facs_fish_0423_low_her2,ecCount (threshold mask),170,169
ncih2170_facs_fish_0423_low_her2_64,val,NCI-H2170,ncih2170_facs_fish_0423_low_her2,ecCount (threshold mask),113,117
ncih2170_facs_fish_0423_low_her2_65,val,NCI-H2170,ncih2170_facs_fish_0423_low_her2,ecCount (threshold mask),89,112
ncih2170_facs_fish_0423_low_her2_66,train,NCI-H2170,ncih2170_facs_fish_0423_low_her2,ecCount (threshold mask),41,43
ncih2170_facs_fish_0423_low_her2_68,train,NCI-H2170,ncih2170_facs_fish_0423_low_her2,ecCount (threshold mask),103,93
ncih2170_facs_fish_0423_low_her2_7,train,NCI-H2170,ncih2170_facs_fish_0423_low_her2,ecCount (threshold mask),84,75
ncih2170_facs_fish_0423_low_her2_71,train,NCI-H2170,ncih2170_facs_fish_0423_low_her2,ecCount (threshold mask),135,161
ncih2170_facs_fish_0423_low_her2_72,train,NCI-H2170,ncih2170_facs_fish_0423_low_her2,ecCount (threshold mask),142,151
ncih2170_facs_fish_0423_low_her2_74,train,NCI-H2170,ncih2170_facs_fish_0423_low_her2,ecCount (threshold mask),97,125
ncih2170_facs_fish_0423_low_her2_75,train,NCI-H2170,ncih2170_facs_fish_0423_low_her2,ecCount (threshold mask),111,150
ncih2170_facs_fish_0423_low_her2_76,train,NCI-H2170,ncih2170_facs_fish_0423_low_her2,ecCount (threshold mask),204,225
ncih2170_facs_fish_0423_low_her2_8,test,NCI-H2170,ncih2170_facs_fish_0423_low_her2,ecCount (threshold mask),87,73
ncih2170_facs_fish_0423_low_her2_83,val,NCI-H2170,ncih2170_facs_fish_0423_low_her2,ecCount (threshold mask),51,63
ncih2170_facs_fish_0423_low_her2_87,test,NCI-H2170,ncih2170_facs_fish_0423_low_her2,ecCount (threshold mask),67,81
ncih2170_facs_fish_0423_low_her2_9,train,NCI-H2170,ncih2170_facs_fish_0423_low_her2,ecCount (threshold mask),143,141
ncih2170_facs_fish_0423_low_her2_91,test,NCI-H2170,ncih2170_facs_fish_0423_low_her2,ecCount (threshold mask),79,99
ncih2170_facs_fish_0423_low_her2_94,test,NCI-H2170,ncih2170_facs_fish_0423_low_her2,ecCount (threshold mask),132,170
ncih2170_facs_fish_0423_low_her2_95,train,NCI-H2170,ncih2170_facs_fish_0423_low_her2,ecCount (threshold mask),26,26
ncih2170_facs_fish_0423_low_her2_97,train,NCI-H2170,ncih2170_facs_fish_0423_low_her2,ecCount (threshold mask),114,122
ncih2170_facs_fish_0423_low_her2_98,train,NCI-H2170,ncih2170_facs_fish_0423_low_her2,ecCount (threshold mask),125,141
ncih2170_facs_fish_0723_high_her2_1,val,NCI-H2170,ncih2170_facs_fish_0723_high_her2,ecCount (threshold mask),368,337
ncih2170_facs_fish_0723_high_her2_10,train,NCI-H2170,ncih2170_facs_fish_0723_high_her2,ecCount (threshold mask),597,495
ncih2170_facs_fish_0723_high_her2_102,train,NCI-H2170,ncih2170_facs_fish_0723_high_her2,ecCount (threshold mask),276,278
ncih2170_facs_fish_0723_high_her2_103,train,NCI-H2170,ncih2170_facs_fish_0723_high_her2,ecCount (threshold mask),199,198
ncih2170_facs_fish_0723_high_her2_104,train,NCI-H2170,ncih2170_facs_fish_0723_high_her2,ecCount (threshold mask),676,684
ncih2170_facs_fish_0723_high_her2_108,test,NCI-H2170,ncih2170_facs_fish_0723_high_her2,ecCount (threshold mask),186,200
ncih2170_facs_fish_0723_high_her2_109,train,NCI-H2170,ncih2170_facs_fish_0723_high_her2,ecCount (threshold mask),292,272
ncih2170_facs_fish_0723_high_her2_11,val,NCI-H2170,ncih2170_facs_fish_0723_high_her2,ecCount (threshold mask),835,700
ncih2170_facs_fish_0723_high_her2_110,test,NCI-H2170,ncih2170_facs_fish_0723_high_her2,ecCount (threshold mask),358,378
ncih2170_facs_fish_0723_high_her2_111,test,NCI-H2170,ncih2170_facs_fish_0723_high_her2,ecCount (threshold mask),278,239
ncih2170_facs_fish_0723_high_her2_113,train,NCI-H2170,ncih2170_facs_fish_0723_high_her2,ecCount (threshold mask),843,851
ncih2170_facs_fish_0723_high_her2_114,train,NCI-H2170,ncih2170_facs_fish_0723_high_her2,ecCount (threshold mask),329,316
ncih2170_facs_fish_0723_high_her2_116,train,NCI-H2170,ncih2170_facs_fish_0723_high_her2,ecCount (threshold mask),395,380
ncih2170_facs_fish_0723_high_her2_12,train,NCI-H2170,ncih2170_facs_fish_0723_high_her2,ecCount (threshold mask),211,197
ncih2170_facs_fish_0723_high_her2_120,train,NCI-H2170,ncih2170_facs_fish_0723_high_her2,ecCount (threshold mask),250,273
ncih2170_facs_fish_0723_high_her2_121,train,NCI-H2170,ncih2170_facs_fish_0723_high_her2,ecCount (threshold mask),344,347
ncih2170_facs_fish_0723_high_her2_122,train,NCI-H2170,ncih2170_facs_fish_0723_high_her2,ecCount (threshold mask),245,246
ncih2170_facs_fish_0723_high_her2_123,train,NCI-H2170,ncih2170_facs_fish_0723_high_her2,ecCount (threshold mask),325,291
ncih2170_facs_fish_0723_high_her2_124,train,NCI-H2170,ncih2170_facs_fish_0723_high_her2,ecCount (threshold mask),165,162
ncih2170_facs_fish_0723_high_her2_125,val,NCI-H2170,ncih2170_facs_fish_0723_high_her2,ecCount (threshold mask),442,459
ncih2170_facs_fish_0723_high_her2_13,train,NCI-H2170,ncih2170_facs_fish_0723_high_her2,ecCount (threshold mask),299,282
ncih2170_facs_fish_0723_high_her2_17,val,NCI-H2170,ncih2170_facs_fish_0723_high_her2,ecCount (threshold mask),473,385
ncih2170_facs_fish_0723_high_her2_18,train,NCI-H2170,ncih2170_facs_fish_0723_high_her2,ecCount (threshold mask),611,551
ncih2170_facs_fish_0723_high_her2_21,test,NCI-H2170,ncih2170_facs_fish_0723_high_her2,ecCount (threshold mask),180,176
ncih2170_facs_fish_0723_high_her2_24,train,NCI-H2170,ncih2170_facs_fish_0723_high_her2,ecCount (threshold mask),184,164
ncih2170_facs_fish_0723_high_her2_27,train,NCI-H2170,ncih2170_facs_fish_0723_high_her2,ecCount (threshold mask),319,234
ncih2170_facs_fish_0723_high_her2_28,train,NCI-H2170,ncih2170_facs_fish_0723_high_her2,ecCount (threshold mask),232,208
ncih2170_facs_fish_0723_high_her2_3,train,NCI-H2170,ncih2170_facs_fish_0723_high_her2,ecCount (threshold mask),460,403
ncih2170_facs_fish_0723_high_her2_30,train,NCI-H2170,ncih2170_facs_fish_0723_high_her2,ecCount (threshold mask),376,386
ncih2170_facs_fish_0723_high_her2_33,val,NCI-H2170,ncih2170_facs_fish_0723_high_her2,ecCount (threshold mask),352,293
ncih2170_facs_fish_0723_high_her2_36,train,NCI-H2170,ncih2170_facs_fish_0723_high_her2,ecCount (threshold mask),236,219
ncih2170_facs_fish_0723_high_her2_37,val,NCI-H2170,ncih2170_facs_fish_0723_high_her2,ecCount (threshold mask),150,123
ncih2170_facs_fish_0723_high_her2_4,train,NCI-H2170,ncih2170_facs_fish_0723_high_her2,ecCount (threshold mask),396,322
ncih2170_facs_fish_0723_high_her2_40,train,NCI-H2170,ncih2170_facs_fish_0723_high_her2,ecCount (threshold mask),517,460
ncih2170_facs_fish_0723_high_her2_41,train,NCI-H2170,ncih2170_facs_fish_0723_high_her2,ecCount (threshold mask),265,247
ncih2170_facs_fish_0723_high_her2_42,train,NCI-H2170,ncih2170_facs_fish_0723_high_her2,ecCount (threshold mask),323,372
ncih2170_facs_fish_0723_high_her2_54,train,NCI-H2170,ncih2170_facs_fish_0723_high_her2,ecCount (threshold mask),120,123
ncih2170_facs_fish_0723_high_her2_55,train,NCI-H2170,ncih2170_facs_fish_0723_high_her2,ecCount (threshold mask),223,185
ncih2170_facs_fish_0723_high_her2_56,train,NCI-H2170,ncih2170_facs_fish_0723_high_her2,ecCount (threshold mask),252,241
ncih2170_facs_fish_0723_high_her2_64,train,NCI-H2170,ncih2170_facs_fish_0723_high_her2,ecCount (threshold mask),260,251
ncih2170_facs_fish_0723_high_her2_7,train,NCI-H2170,ncih2170_facs_fish_0723_high_her2,ecCount (threshold mask),495,458
ncih2170_facs_fish_0723_high_her2_71,val,NCI-H2170,ncih2170_facs_fish_0723_high_her2,ecCount (threshold mask),378,312
ncih2170_facs_fish_0723_high_her2_80,test,NCI-H2170,ncih2170_facs_fish_0723_high_her2,ecCount (threshold mask),403,400
ncih2170_facs_fish_0723_high_her2_82,train,NCI-H2170,ncih2170_facs_fish_0723_high_her2,ecCount (threshold mask),498,484
ncih2170_facs_fish_0723_high_her2_83,train,NCI-H2170,ncih2170_facs_fish_0723_high_her2,ecCount (threshold mask),307,268
ncih2170_facs_fish_0723_high_her2_84,train,NCI-H2170,ncih2170_facs_fish_0723_high_her2,ecCount (threshold mask),258,262
ncih2170_facs_fish_0723_high_her2_86,train,NCI-H2170,ncih2170_facs_fish_0723_high_her2,ecCount (threshold mask),164,158
ncih2170_facs_fish_0723_high_her2_87,train,NCI-H2170,ncih2170_facs_fish_0723_high_her2,ecCount (threshold mask),249,245
ncih2170_facs_fish_0723_high_her2_9,train,NCI-H2170,ncih2170_facs_fish_0723_high_her2,ecCount (threshold mask),262,238
ncih2170_facs_fish_0723_high_her2_92,train,NCI-H2170,ncih2170_facs_fish_0723_high_her2,ecCount (threshold mask),147,130
ncih2170_facs_fish_0723_high_her2_96,train,NCI-H2170,ncih2170_facs_fish_0723_high_her2,ecCount (threshold mask),497,441
ncih2170_facs_fish_0723_high_her2_98,train,NCI-H2170,ncih2170_facs_fish_0723_high_her2,ecCount (threshold mask),226,212
ncih2170_facs_fish_0723_low_her2_1,test,NCI-H2170,ncih2170_facs_fish_0723_low_her2,ecCount (threshold mask),36,32
ncih2170_facs_fish_0723_low_her2_10,train,NCI-H2170,ncih2170_facs_fish_0723_low_her2,ecCount (threshold mask),206,156
ncih2170_facs_fish_0723_low_her2_101,val,NCI-H2170,ncih2170_facs_fish_0723_low_her2,ecCount (threshold mask),91,87
ncih2170_facs_fish_0723_low_her2_103,train,NCI-H2170,ncih2170_facs_fish_0723_low_her2,ecCount (threshold mask),207,202
ncih2170_facs_fish_0723_low_her2_106,train,NCI-H2170,ncih2170_facs_fish_0723_low_her2,ecCount (threshold mask),71,67
ncih2170_facs_fish_0723_low_her2_108,train,NCI-H2170,ncih2170_facs_fish_0723_low_her2,ecCount (threshold mask),53,53
ncih2170_facs_fish_0723_low_her2_11,val,NCI-H2170,ncih2170_facs_fish_0723_low_her2,ecCount (threshold mask),183,148
ncih2170_facs_fish_0723_low_her2_112,train,NCI-H2170,ncih2170_facs_fish_0723_low_her2,ecCount (threshold mask),98,101
ncih2170_facs_fish_0723_low_her2_115,test,NCI-H2170,ncih2170_facs_fish_0723_low_her2,ecCount (threshold mask),63,64
ncih2170_facs_fish_0723_low_her2_116,val,NCI-H2170,ncih2170_facs_fish_0723_low_her2,ecCount (threshold mask),105,108
ncih2170_facs_fish_0723_low_her2_117,val,NCI-H2170,ncih2170_facs_fish_0723_low_her2,ecCount (threshold mask),237,215
ncih2170_facs_fish_0723_low_her2_118,train,NCI-H2170,ncih2170_facs_fish_0723_low_her2,ecCount (threshold mask),93,85
ncih2170_facs_fish_0723_low_her2_12,val,NCI-H2170,ncih2170_facs_fish_0723_low_her2,ecCount (threshold mask),104,67
ncih2170_facs_fish_0723_low_her2_124,train,NCI-H2170,ncih2170_facs_fish_0723_low_her2,ecCount (threshold mask),152,138
ncih2170_facs_fish_0723_low_her2_125,train,NCI-H2170,ncih2170_facs_fish_0723_low_her2,ecCount (threshold mask),73,72
ncih2170_facs_fish_0723_low_her2_126,train,NCI-H2170,ncih2170_facs_fish_0723_low_her2,ecCount (threshold mask),124,115
ncih2170_facs_fish_0723_low_her2_13,train,NCI-H2170,ncih2170_facs_fish_0723_low_her2,ecCount (threshold mask),82,49
ncih2170_facs_fish_0723_low_her2_15,train,NCI-H2170,ncih2170_facs_fish_0723_low_her2,ecCount (threshold mask),132,81
ncih2170_facs_fish_0723_low_her2_20,train,NCI-H2170,ncih2170_facs_fish_0723_low_her2,ecCount (threshold mask),183,125
ncih2170_facs_fish_0723_low_her2_21,train,NCI-H2170,ncih2170_facs_fish_0723_low_her2,ecCount (threshold mask),260,264
ncih2170_facs_fish_0723_low_her2_22,test,NCI-H2170,ncih2170_facs_fish_0723_low_her2,ecCount (threshold mask),308,277
ncih2170_facs_fish_0723_low_her2_23,test,NCI-H2170,ncih2170_facs_fish_0723_low_her2,ecCount (threshold mask),85,84
ncih2170_facs_fish_0723_low_her2_25,train,NCI-H2170,ncih2170_facs_fish_0723_low_her2,ecCount (threshold mask),54,58
ncih2170_facs_fish_0723_low_her2_27,val,NCI-H2170,ncih2170_facs_fish_0723_low_her2,ecCount (threshold mask),47,52
ncih2170_facs_fish_0723_low_her2_28,val,NCI-H2170,ncih2170_facs_fish_0723_low_her2,ecCount (threshold mask),81,84
ncih2170_facs_fish_0723_low_her2_3,train,NCI-H2170,ncih2170_facs_fish_0723_low_her2,ecCount (threshold mask),124,119
ncih2170_facs_fish_0723_low_her2_32,train,NCI-H2170,ncih2170_facs_fish_0723_low_her2,ecCount (threshold mask),78,79
ncih2170_facs_fish_0723_low_her2_34,train,NCI-H2170,ncih2170_facs_fish_0723_low_her2,ecCount (threshold mask),72,70
ncih2170_facs_fish_0723_low_her2_38,train,NCI-H2170,ncih2170_facs_fish_0723_low_her2,ecCount (threshold mask),86,82
ncih2170_facs_fish_0723_low_her2_39,train,NCI-H2170,ncih2170_facs_fish_0723_low_her2,ecCount (threshold mask),100,103
ncih2170_facs_fish_0723_low_her2_40,train,NCI-H2170,ncih2170_facs_fish_0723_low_her2,ecCount (threshold mask),97,98
ncih2170_facs_fish_0723_low_her2_42,train,NCI-H2170,ncih2170_facs_fish_0723_low_her2,ecCount (threshold mask),122,120
ncih2170_facs_fish_0723_low_her2_43,train,NCI-H2170,ncih2170_facs_fish_0723_low_her2,ecCount (threshold mask),71,69
ncih2170_facs_fish_0723_low_her2_44,train,NCI-H2170,ncih2170_facs_fish_0723_low_her2,ecCount (threshold mask),162,164
ncih2170_facs_fish_0723_low_her2_45,val,NCI-H2170,ncih2170_facs_fish_0723_low_her2,ecCount (threshold mask),156,148
ncih2170_facs_fish_0723_low_her2_51,train,NCI-H2170,ncih2170_facs_fish_0723_low_her2,ecCount (threshold mask),106,103
ncih2170_facs_fish_0723_low_her2_52,test,NCI-H2170,ncih2170_facs_fish_0723_low_her2,ecCount (threshold mask),116,112
ncih2170_facs_fish_0723_low_her2_53,train,NCI-H2170,ncih2170_facs_fish_0723_low_her2,ecCount (threshold mask),105,106
ncih2170_facs_fish_0723_low_her2_54,train,NCI-H2170,ncih2170_facs_fish_0723_low_her2,ecCount (threshold mask),106,118
ncih2170_facs_fish_0723_low_her2_57,train,NCI-H2170,ncih2170_facs_fish_0723_low_her2,ecCount (threshold mask),236,201
ncih2170_facs_fish_0723_low_her2_6,train,NCI-H2170,ncih2170_facs_fish_0723_low_her2,ecCount (threshold mask),66,59
ncih2170_facs_fish_0723_low_her2_60,test,NCI-H2170,ncih2170_facs_fish_0723_low_her2,ecCount (threshold mask),93,91
ncih2170_facs_fish_0723_low_her2_62,train,NCI-H2170,ncih2170_facs_fish_0723_low_her2,ecCount (threshold mask),53,48
ncih2170_facs_fish_0723_low_her2_68,train,NCI-H2170,ncih2170_facs_fish_0723_low_her2,ecCount (threshold mask),32,39
ncih2170_facs_fish_0723_low_her2_70,train,NCI-H2170,ncih2170_facs_fish_0723_low_her2,ecCount (threshold mask),115,121
ncih2170_facs_fish_0723_low_her2_75,train,NCI-H2170,ncih2170_facs_fish_0723_low_her2,ecCount (threshold mask),43,38
ncih2170_facs_fish_0723_low_her2_77,val,NCI-H2170,ncih2170_facs_fish_0723_low_her2,ecCount (threshold mask),48,49
ncih2170_facs_fish_0723_low_her2_83,train,NCI-H2170,ncih2170_facs_fish_0723_low_her2,ecCount (threshold mask),78,76
ncih2170_facs_fish_0723_low_her2_86,val,NCI-H2170,ncih2170_facs_fish_0723_low_her2,ecCount (threshold mask),110,100
ncih2170_facs_fish_0723_low_her2_87,train,NCI-H2170,ncih2170_facs_fish_0723_low_her2,ecCount (threshold mask),64,70
ncih2170_facs_fish_0723_low_her2_88,train,NCI-H2170,ncih2170_facs_fish_0723_low_her2,ecCount (threshold mask),46,44
ncih2170_facs_fish_0723_low_her2_89,train,NCI-H2170,ncih2170_facs_fish_0723_low_her2,ecCount (threshold mask),79,75
ncih2170_facs_fish_0723_low_her2_90,val,NCI-H2170,ncih2170_facs_fish_0723_low_her2,ecCount (threshold mask),106,107
ncih2170_facs_fish_0723_low_her2_92,train,NCI-H2170,ncih2170_facs_fish_0723_low_her2,ecCount (threshold mask),130,123
ncih2170_facs_fish_0723_low_her2_93,train,NCI-H2170,ncih2170_facs_fish_0723_low_her2,ecCount (threshold mask),39,38
ncih2170_facs_fish_0723_low_her2_94,train,NCI-H2170,ncih2170_facs_fish_0723_low_her2,ecCount (threshold mask),93,82
ncih2170_facs_fish_0723_low_her2_98,train,NCI-H2170,ncih2170_facs_fish_0723_low_her2,ecCount (threshold mask),121,114
ncih2170_facs_fish_0723_pre_sort_ctrl_1,train,NCI-H2170,ncih2170_facs_fish_0723_pre_sort_ctrl,ecCount (threshold mask),94,85
ncih2170_facs_fish_0723_pre_sort_ctrl_12,train,NCI-H2170,ncih2170_facs_fish_0723_pre_sort_ctrl,ecCount (threshold mask),173,172
ncih2170_facs_fish_0723_pre_sort_ctrl_14,train,NCI-H2170,ncih2170_facs_fish_0723_pre_sort_ctrl,ecCount (threshold mask),179,156
ncih2170_facs_fish_0723_pre_sort_ctrl_15,val,NCI-H2170,ncih2170_facs_fish_0723_pre_sort_ctrl,ecCount (threshold mask),201,197
ncih2170_facs_fish_0723_pre_sort_ctrl_16,train,NCI-H2170,ncih2170_facs_fish_0723_pre_sort_ctrl,ecCount (threshold mask),85,81
ncih2170_facs_fish_0723_pre_sort_ctrl_17,train,NCI-H2170,ncih2170_facs_fish_0723_pre_sort_ctrl,ecCount (threshold mask),513,502
ncih2170_facs_fish_0723_pre_sort_ctrl_18,train,NCI-H2170,ncih2170_facs_fish_0723_pre_sort_ctrl,ecCount (threshold mask),255,231
ncih2170_facs_fish_0723_pre_sort_ctrl_19,train,NCI-H2170,ncih2170_facs_fish_0723_pre_sort_ctrl,ecCount (threshold mask),123,114
ncih2170_facs_fish_0723_pre_sort_ctrl_2,train,NCI-H2170,ncih2170_facs_fish_0723_pre_sort_ctrl,ecCount (threshold mask),520,458
ncih2170_facs_fish_0723_pre_sort_ctrl_21,train,NCI-H2170,ncih2170_facs_fish_0723_pre_sort_ctrl,ecCount (threshold mask),250,246
ncih2170_facs_fish_0723_pre_sort_ctrl_24,train,NCI-H2170,ncih2170_facs_fish_0723_pre_sort_ctrl,ecCount (threshold mask),64,67
ncih2170_facs_fish_0723_pre_sort_ctrl_29,test,NCI-H2170,ncih2170_facs_fish_0723_pre_sort_ctrl,ecCount (threshold mask),225,212
ncih2170_facs_fish_0723_pre_sort_ctrl_31,val,NCI-H2170,ncih2170_facs_fish_0723_pre_sort_ctrl,ecCount (threshold mask),145,120
ncih2170_facs_fish_0723_pre_sort_ctrl_6,val,NCI-H2170,ncih2170_facs_fish_0723_pre_sort_ctrl,ecCount (threshold mask),192,175
ncih2170_facs_fish_0723_pre_sort_ctrl_7,val,NCI-H2170,ncih2170_facs_fish_0723_pre_sort_ctrl,ecCount (threshold mask),81,77
ncih2170_facs_fish_0723_pre_sort_ctrl_8,train,NCI-H2170,ncih2170_facs_fish_0723_pre_sort_ctrl,ecCount (threshold mask),193,171
ncih2170_facs_fish_0723_sorted_ctrl_100,val,NCI-H2170,ncih2170_facs_fish_0723_sorted_ctrl,ecCount (threshold mask),143,133
ncih2170_facs_fish_0723_sorted_ctrl_11,train,NCI-H2170,ncih2170_facs_fish_0723_sorted_ctrl,ecCount (threshold mask),34,33
ncih2170_facs_fish_0723_sorted_ctrl_18,train,NCI-H2170,ncih2170_facs_fish_0723_sorted_ctrl,ecCount (threshold mask),292,297
ncih2170_facs_fish_0723_sorted_ctrl_21,train,NCI-H2170,ncih2170_facs_fish_0723_sorted_ctrl,ecCount (threshold mask),407,349
ncih2170_facs_fish_0723_sorted_ctrl_22,train,NCI-H2170,ncih2170_facs_fish_0723_sorted_ctrl,ecCount (threshold mask),88,79
ncih2170_facs_fish_0723_sorted_ctrl_25,train,NCI-H2170,ncih2170_facs_fish_0723_sorted_ctrl,ecCount (threshold mask),138,137
ncih2170_facs_fish_0723_sorted_ctrl_31,train,NCI-H2170,ncih2170_facs_fish_0723_sorted_ctrl,ecCount (threshold mask),78,78
ncih2170_facs_fish_0723_sorted_ctrl_32,train,NCI-H2170,ncih2170_facs_fish_0723_sorted_ctrl,ecCount (threshold mask),288,261
ncih2170_facs_fish_0723_sorted_ctrl_33,train,NCI-H2170,ncih2170_facs_fish_0723_sorted_ctrl,ecCount (threshold mask),168,156
ncih2170_facs_fish_0723_sorted_ctrl_36,train,NCI-H2170,ncih2170_facs_fish_0723_sorted_ctrl,ecCount (threshold mask),67,62
ncih2170_facs_fish_0723_sorted_ctrl_37,train,NCI-H2170,ncih2170_facs_fish_0723_sorted_ctrl,ecCount (threshold mask),239,239
ncih2170_facs_fish_0723_sorted_ctrl_4,train,NCI-H2170,ncih2170_facs_fish_0723_sorted_ctrl,ecCount (threshold mask),536,517
ncih2170_facs_fish_0723_sorted_ctrl_40,train,NCI-H2170,ncih2170_facs_fish_0723_sorted_ctrl,ecCount (threshold mask),65,67
ncih2170_facs_fish_0723_sorted_ctrl_41,train,NCI-H2170,ncih2170_facs_fish_0723_sorted_ctrl,ecCount (threshold mask),292,288
ncih2170_facs_fish_0723_sorted_ctrl_43,train,NCI-H2170,ncih2170_facs_fish_0723_sorted_ctrl,ecCount (threshold mask),98,93
ncih2170_facs_fish_0723_sorted_ctrl_45,test,NCI-H2170,ncih2170_facs_fish_0723_sorted_ctrl,ecCount (threshold mask),472,373
ncih2170_facs_fish_0723_sorted_ctrl_46,test,NCI-H2170,ncih2170_facs_fish_0723_sorted_ctrl,ecCount (threshold mask),178,166
ncih2170_facs_fish_0723_sorted_ctrl_48,train,NCI-H2170,ncih2170_facs_fish_0723_sorted_ctrl,ecCount (threshold mask),274,269
ncih2170_facs_fish_0723_sorted_ctrl_49,test,NCI-H2170,ncih2170_facs_fish_0723_sorted_ctrl,ecCount (threshold mask),365,351
ncih2170_facs_fish_0723_sorted_ctrl_51,val,NCI-H2170,ncih2170_facs_fish_0723_sorted_ctrl,ecCount (threshold mask),302,263
ncih2170_facs_fish_0723_sorted_ctrl_52,train,NCI-H2170,ncih2170_facs_fish_0723_sorted_ctrl,ecCount (threshold mask),226,232
ncih2170_facs_fish_0723_sorted_ctrl_54,train,NCI-H2170,ncih2170_facs_fish_0723_sorted_ctrl,ecCount (threshold mask),116,107
ncih2170_facs_fish_0723_sorted_ctrl_55,train,NCI-H2170,ncih2170_facs_fish_0723_sorted_ctrl,ecCount (threshold mask),262,242
ncih2170_facs_fish_0723_sorted_ctrl_57,train,NCI-H2170,ncih2170_facs_fish_0723_sorted_ctrl,ecCount (threshold mask),284,289
ncih2170_facs_fish_0723_sorted_ctrl_58,val,NCI-H2170,ncih2170_facs_fish_0723_sorted_ctrl,ecCount (threshold mask),24,28
ncih2170_facs_fish_0723_sorted_ctrl_59,train,NCI-H2170,ncih2170_facs_fish_0723_sorted_ctrl,ecCount (threshold mask),277,283
ncih2170_facs_fish_0723_sorted_ctrl_60,test,NCI-H2170,ncih2170_facs_fish_0723_sorted_ctrl,ecCount (threshold mask),187,172
ncih2170_facs_fish_0723_sorted_ctrl_63,val,NCI-H2170,ncih2170_facs_fish_0723_sorted_ctrl,ecCount (threshold mask),214,210
ncih2170_facs_fish_0723_sorted_ctrl_64,train,NCI-H2170,ncih2170_facs_fish_0723_sorted_ctrl,ecCount (threshold mask),333,315
ncih2170_facs_fish_0723_sorted_ctrl_65,train,NCI-H2170,ncih2170_facs_fish_0723_sorted_ctrl,ecCount (threshold mask),139,142
ncih2170_facs_fish_0723_sorted_ctrl_66,train,NCI-H2170,ncih2170_facs_fish_0723_sorted_ctrl,ecCount (threshold mask),58,56
ncih2170_facs_fish_0723_sorted_ctrl_68,train,NCI-H2170,ncih2170_facs_fish_0723_sorted_ctrl,ecCount (threshold mask),266,262
ncih2170_facs_fish_0723_sorted_ctrl_72,train,NCI-H2170,ncih2170_facs_fish_0723_sorted_ctrl,ecCount (threshold mask),259,198
ncih2170_facs_fish_0723_sorted_ctrl_74,train,NCI-H2170,ncih2170_facs_fish_0723_sorted_ctrl,ecCount (threshold mask),73,73
ncih2170_facs_fish_0723_sorted_ctrl_75,train,NCI-H2170,ncih2170_facs_fish_0723_sorted_ctrl,ecCount (threshold mask),205,199
ncih2170_facs_fish_0723_sorted_ctrl_76,train,NCI-H2170,ncih2170_facs_fish_0723_sorted_ctrl,ecCount (threshold mask),291,260
ncih2170_facs_fish_0723_sorted_ctrl_77,train,NCI-H2170,ncih2170_facs_fish_0723_sorted_ctrl,ecCount (threshold mask),199,156
ncih2170_facs_fish_0723_sorted_ctrl_79,train,NCI-H2170,ncih2170_facs_fish_0723_sorted_ctrl,ecCount (threshold mask),27,28
ncih2170_facs_fish_0723_sorted_ctrl_80,val,NCI-H2170,ncih2170_facs_fish_0723_sorted_ctrl,ecCount (threshold mask),296,338
ncih2170_facs_fish_0723_sorted_ctrl_85,train,NCI-H2170,ncih2170_facs_fish_0723_sorted_ctrl,ecCount (threshold mask),249,209
ncih2170_facs_fish_0723_sorted_ctrl_87,train,NCI-H2170,ncih2170_facs_fish_0723_sorted_ctrl,ecCount (threshold mask),190,178
ncih2170_facs_fish_0723_sorted_ctrl_9,train,NCI-H2170,ncih2170_facs_fish_0723_sorted_ctrl,ecCount (threshold mask),87,82
ncih2170_facs_fish_0723_sorted_ctrl_91,val,NCI-H2170,ncih2170_facs_fish_0723_sorted_ctrl,ecCount (threshold mask),213,205
ncih2170_facs_fish_0723_sorted_ctrl_96,val,NCI-H2170,ncih2170_facs_fish_0723_sorted_ctrl,ecCount (threshold mask),220,197
ncih2170_facs_fish_0723_sorted_ctrl_99,train,NCI-H2170,ncih2170_facs_fish_0723_sorted_ctrl,ecCount (threshold mask),203,171
ncih2170_jc_jq1_ic50_24h_1,train,NCI-H2170,ncih2170_jc_jq1_ic50_24h,ecCount (threshold mask),83,70
ncih2170_jc_jq1_ic50_24h_100,test,NCI-H2170,ncih2170_jc_jq1_ic50_24h,ecCount (threshold mask),38,38
ncih2170_jc_jq1_ic50_24h_101,train,NCI-H2170,ncih2170_jc_jq1_ic50_24h,ecCount (threshold mask),99,88
ncih2170_jc_jq1_ic50_24h_104,train,NCI-H2170,ncih2170_jc_jq1_ic50_24h,ecCount (threshold mask),74,62
ncih2170_jc_jq1_ic50_24h_106,train,NCI-H2170,ncih2170_jc_jq1_ic50_24h,ecCount (threshold mask),239,204
ncih2170_jc_jq1_ic50_24h_108,val,NCI-H2170,ncih2170_jc_jq1_ic50_24h,ecCount (threshold mask),211,184
ncih2170_jc_jq1_ic50_24h_111,train,NCI-H2170,ncih2170_jc_jq1_ic50_24h,ecCount (threshold mask),128,110
ncih2170_jc_jq1_ic50_24h_112,train,NCI-H2170,ncih2170_jc_jq1_ic50_24h,ecCount (threshold mask),308,277
ncih2170_jc_jq1_ic50_24h_113,train,NCI-H2170,ncih2170_jc_jq1_ic50_24h,ecCount (threshold mask),200,153
ncih2170_jc_jq1_ic50_24h_114,train,NCI-H2170,ncih2170_jc_jq1_ic50_24h,ecCount (threshold mask),250,208
ncih2170_jc_jq1_ic50_24h_115,train,NCI-H2170,ncih2170_jc_jq1_ic50_24h,ecCount (threshold mask),180,147
ncih2170_jc_jq1_ic50_24h_117,train,NCI-H2170,ncih2170_jc_jq1_ic50_24h,ecCount (threshold mask),135,110
ncih2170_jc_jq1_ic50_24h_118,train,NCI-H2170,ncih2170_jc_jq1_ic50_24h,ecCount (threshold mask),105,88
ncih2170_jc_jq1_ic50_24h_119,train,NCI-H2170,ncih2170_jc_jq1_ic50_24h,ecCount (threshold mask),177,145
ncih2170_jc_jq1_ic50_24h_120,train,NCI-H2170,ncih2170_jc_jq1_ic50_24h,ecCount (threshold mask),143,116
ncih2170_jc_jq1_ic50_24h_17,val,NCI-H2170,ncih2170_jc_jq1_ic50_24h,ecCount (threshold mask),35,28
ncih2170_jc_jq1_ic50_24h_2,train,NCI-H2170,ncih2170_jc_jq1_ic50_24h,ecCount (threshold mask),783,617
ncih2170_jc_jq1_ic50_24h_21,train,NCI-H2170,ncih2170_jc_jq1_ic50_24h,ecCount (threshold mask),180,165
ncih2170_jc_jq1_ic50_24h_23,val,NCI-H2170,ncih2170_jc_jq1_ic50_24h,ecCount (threshold mask),110,110
ncih2170_jc_jq1_ic50_24h_24,train,NCI-H2170,ncih2170_jc_jq1_ic50_24h,ecCount (threshold mask),99,83
ncih2170_jc_jq1_ic50_24h_25,train,NCI-H2170,ncih2170_jc_jq1_ic50_24h,ecCount (threshold mask),93,82
ncih2170_jc_jq1_ic50_24h_26,train,NCI-H2170,ncih2170_jc_jq1_ic50_24h,ecCount (threshold mask),142,135
ncih2170_jc_jq1_ic50_24h_27,train,NCI-H2170,ncih2170_jc_jq1_ic50_24h,ecCount (threshold mask),438,410
ncih2170_jc_jq1_ic50_24h_29,train,NCI-H2170,ncih2170_jc_jq1_ic50_24h,ecCount (threshold mask),201,178
ncih2170_jc_jq1_ic50_24h_30,train,NCI-H2170,ncih2170_jc_jq1_ic50_24h,ecCount (threshold mask),163,150
ncih2170_jc_jq1_ic50_24h_31,train,NCI-H2170,ncih2170_jc_jq1_ic50_24h,ecCount (threshold mask),274,234
ncih2170_jc_jq1_ic50_24h_33,train,NCI-H2170,ncih2170_jc_jq1_ic50_24h,ecCount (threshold mask),121,119
ncih2170_jc_jq1_ic50_24h_36,val,NCI-H2170,ncih2170_jc_jq1_ic50_24h,ecCount (threshold mask),273,234
ncih2170_jc_jq1_ic50_24h_38,test,NCI-H2170,ncih2170_jc_jq1_ic50_24h,ecCount (threshold mask),59,60
ncih2170_jc_jq1_ic50_24h_40,train,NCI-H2170,ncih2170_jc_jq1_ic50_24h,ecCount (threshold mask),406,319
ncih2170_jc_jq1_ic50_24h_41,train,NCI-H2170,ncih2170_jc_jq1_ic50_24h,ecCount (threshold mask),69,61
ncih2170_jc_jq1_ic50_24h_42,train,NCI-H2170,ncih2170_jc_jq1_ic50_24h,ecCount (threshold mask),51,46
ncih2170_jc_jq1_ic50_24h_47,train,NCI-H2170,ncih2170_jc_jq1_ic50_24h,ecCount (threshold mask),120,93
ncih2170_jc_jq1_ic50_24h_48,test,NCI-H2170,ncih2170_jc_jq1_ic50_24h,ecCount (threshold mask),223,185
ncih2170_jc_jq1_ic50_24h_5,train,NCI-H2170,ncih2170_jc_jq1_ic50_24h,ecCount (threshold mask),86,64
ncih2170_jc_jq1_ic50_24h_50,test,NCI-H2170,ncih2170_jc_jq1_ic50_24h,ecCount (threshold mask),72,65
ncih2170_jc_jq1_ic50_24h_51,train,NCI-H2170,ncih2170_jc_jq1_ic50_24h,ecCount (threshold mask),323,306
ncih2170_jc_jq1_ic50_24h_53,train,NCI-H2170,ncih2170_jc_jq1_ic50_24h,ecCount (threshold mask),127,99
ncih2170_jc_jq1_ic50_24h_54,train,NCI-H2170,ncih2170_jc_jq1_ic50_24h,ecCount (threshold mask),101,79
ncih2170_jc_jq1_ic50_24h_56,train,NCI-H2170,ncih2170_jc_jq1_ic50_24h,ecCount (threshold mask),265,230
ncih2170_jc_jq1_ic50_24h_61,train,NCI-H2170,ncih2170_jc_jq1_ic50_24h,ecCount (threshold mask),50,42
ncih2170_jc_jq1_ic50_24h_62,train,NCI-H2170,ncih2170_jc_jq1_ic50_24h,ecCount (threshold mask),155,139
ncih2170_jc_jq1_ic50_24h_64,train,NCI-H2170,ncih2170_jc_jq1_ic50_24h,ecCount (threshold mask),102,92
ncih2170_jc_jq1_ic50_24h_66,train,NCI-H2170,ncih2170_jc_jq1_ic50_24h,ecCount (threshold mask),246,222
ncih2170_jc_jq1_ic50_24h_67,train,NCI-H2170,ncih2170_jc_jq1_ic50_24h,ecCount (threshold mask),118,103
ncih2170_jc_jq1_ic50_24h_68,train,NCI-H2170,ncih2170_jc_jq1_ic50_24h,ecCount (threshold mask),160,149
ncih2170_jc_jq1_ic50_24h_69,train,NCI-H2170,ncih2170_jc_jq1_ic50_24h,ecCount (threshold mask),62,56
ncih2170_jc_jq1_ic50_24h_7,test,NCI-H2170,ncih2170_jc_jq1_ic50_24h,ecCount (threshold mask),328,264
ncih2170_jc_jq1_ic50_24h_72,train,NCI-H2170,ncih2170_jc_jq1_ic50_24h,ecCount (threshold mask),94,87
ncih2170_jc_jq1_ic50_24h_73,train,NCI-H2170,ncih2170_jc_jq1_ic50_24h,ecCount (threshold mask),123,109
ncih2170_jc_jq1_ic50_24h_74,train,NCI-H2170,ncih2170_jc_jq1_ic50_24h,ecCount (threshold mask),314,264
ncih2170_jc_jq1_ic50_24h_75,train,NCI-H2170,ncih2170_jc_jq1_ic50_24h,ecCount (threshold mask),111,107
ncih2170_jc_jq1_ic50_24h_76_a,train,NCI-H2170,ncih2170_jc_jq1_ic50_24h,ecCount (threshold mask),149,128
ncih2170_jc_jq1_ic50_24h_79,train,NCI-H2170,ncih2170_jc_jq1_ic50_24h,ecCount (threshold mask),110,91
ncih2170_jc_jq1_ic50_24h_84,test,NCI-H2170,ncih2170_jc_jq1_ic50_24h,ecCount (threshold mask),64,58
ncih2170_jc_jq1_ic50_24h_86,test,NCI-H2170,ncih2170_jc_jq1_ic50_24h,ecCount (threshold mask),193,159
ncih2170_jc_jq1_ic50_24h_89,train,NCI-H2170,ncih2170_jc_jq1_ic50_24h,ecCount (threshold mask),134,115
ncih2170_jc_jq1_ic50_24h_90,val,NCI-H2170,ncih2170_jc_jq1_ic50_24h,ecCount (threshold mask),134,89
ncih2170_jc_jq1_ic50_24h_91,train,NCI-H2170,ncih2170_jc_jq1_ic50_24h,ecCount (threshold mask),125,110
ncih2170_jc_jq1_ic50_24h_92,train,NCI-H2170,ncih2170_jc_jq1_ic50_24h,ecCount (threshold mask),141,123
ncih2170_jc_jq1_ic50_24h_93,train,NCI-H2170,ncih2170_jc_jq1_ic50_24h,ecCount (threshold mask),419,290
ncih2170_jc_jq1_ic50_24h_94,train,NCI-H2170,ncih2170_jc_jq1_ic50_24h,ecCount (threshold mask),135,135
ncih2170_jc_jq1_ic50_24h_95,train,NCI-H2170,ncih2170_jc_jq1_ic50_24h,ecCount (threshold mask),58,50
ncih2170_jc_jq1_ic50_24h_96,train,NCI-H2170,ncih2170_jc_jq1_ic50_24h,ecCount (threshold mask),69,56
ncih2170_jc_jq1_ic50_24h_97,train,NCI-H2170,ncih2170_jc_jq1_ic50_24h,ecCount (threshold mask),53,41
ncih2170_jc_jq1_ic50_24h_98,test,NCI-H2170,ncih2170_jc_jq1_ic50_24h,ecCount (threshold mask),97,83
ncih2170_jc_lap_ic50_24h_10,train,NCI-H2170,ncih2170_jc_lap_ic50_24h,ecCount (threshold mask),103,107
ncih2170_jc_lap_ic50_24h_101,train,NCI-H2170,ncih2170_jc_lap_ic50_24h,ecCount (threshold mask),278,235
ncih2170_jc_lap_ic50_24h_102,train,NCI-H2170,ncih2170_jc_lap_ic50_24h,ecCount (threshold mask),125,112
ncih2170_jc_lap_ic50_24h_104,train,NCI-H2170,ncih2170_jc_lap_ic50_24h,ecCount (threshold mask),151,132
ncih2170_jc_lap_ic50_24h_106,train,NCI-H2170,ncih2170_jc_lap_ic50_24h,ecCount (threshold mask),166,138
ncih2170_jc_lap_ic50_24h_108,train,NCI-H2170,ncih2170_jc_lap_ic50_24h,ecCount (threshold mask),70,68
ncih2170_jc_lap_ic50_24h_109,train,NCI-H2170,ncih2170_jc_lap_ic50_24h,ecCount (threshold mask),99,86
ncih2170_jc_lap_ic50_24h_11,test,NCI-H2170,ncih2170_jc_lap_ic50_24h,ecCount (threshold mask),89,78
ncih2170_jc_lap_ic50_24h_112,train,NCI-H2170,ncih2170_jc_lap_ic50_24h,ecCount (threshold mask),210,187
ncih2170_jc_lap_ic50_24h_114,train,NCI-H2170,ncih2170_jc_lap_ic50_24h,ecCount (threshold mask),50,46
ncih2170_jc_lap_ic50_24h_115,train,NCI-H2170,ncih2170_jc_lap_ic50_24h,ecCount (threshold mask),125,111
ncih2170_jc_lap_ic50_24h_116,train,NCI-H2170,ncih2170_jc_lap_ic50_24h,ecCount (threshold mask),101,90
ncih2170_jc_lap_ic50_24h_118,train,NCI-H2170,ncih2170_jc_lap_ic50_24h,ecCount (threshold mask),63,52
ncih2170_jc_lap_ic50_24h_119,train,NCI-H2170,ncih2170_jc_lap_ic50_24h,ecCount (threshold mask),120,90
ncih2170_jc_lap_ic50_24h_12,test,NCI-H2170,ncih2170_jc_lap_ic50_24h,ecCount (threshold mask),445,445
ncih2170_jc_lap_ic50_24h_13,val,NCI-H2170,ncih2170_jc_lap_ic50_24h,ecCount (threshold mask),192,168
ncih2170_jc_lap_ic50_24h_15,test,NCI-H2170,ncih2170_jc_lap_ic50_24h,ecCount (threshold mask),84,74
ncih2170_jc_lap_ic50_24h_16,val,NCI-H2170,ncih2170_jc_lap_ic50_24h,ecCount (threshold mask),92,82
ncih2170_jc_lap_ic50_24h_17,train,NCI-H2170,ncih2170_jc_lap_ic50_24h,ecCount (threshold mask),54,49
ncih2170_jc_lap_ic50_24h_18,test,NCI-H2170,ncih2170_jc_lap_ic50_24h,ecCount (threshold mask),107,95
ncih2170_jc_lap_ic50_24h_19,train,NCI-H2170,ncih2170_jc_lap_ic50_24h,ecCount (threshold mask),82,64
ncih2170_jc_lap_ic50_24h_2,val,NCI-H2170,ncih2170_jc_lap_ic50_24h,ecCount (threshold mask),110,103
ncih2170_jc_lap_ic50_24h_20,train,NCI-H2170,ncih2170_jc_lap_ic50_24h,ecCount (threshold mask),177,153
ncih2170_jc_lap_ic50_24h_21,train,NCI-H2170,ncih2170_jc_lap_ic50_24h,ecCount (threshold mask),242,213
ncih2170_jc_lap_ic50_24h_22,val,NCI-H2170,ncih2170_jc_lap_ic50_24h,ecCount (threshold mask),177,167
ncih2170_jc_lap_ic50_24h_24,train,NCI-H2170,ncih2170_jc_lap_ic50_24h,ecCount (threshold mask),97,102
ncih2170_jc_lap_ic50_24h_25,train,NCI-H2170,ncih2170_jc_lap_ic50_24h,ecCount (threshold mask),107,101
ncih2170_jc_lap_ic50_24h_27,train,NCI-H2170,ncih2170_jc_lap_ic50_24h,ecCount (threshold mask),65,60
ncih2170_jc_lap_ic50_24h_29f,train,NCI-H2170,ncih2170_jc_lap_ic50_24h_29f,ecCount (threshold mask),101,91
ncih2170_jc_lap_ic50_24h_3,val,NCI-H2170,ncih2170_jc_lap_ic50_24h,ecCount (threshold mask),108,108
ncih2170_jc_lap_ic50_24h_31,train,NCI-H2170,ncih2170_jc_lap_ic50_24h,ecCount (threshold mask),132,124
ncih2170_jc_lap_ic50_24h_32,train,NCI-H2170,ncih2170_jc_lap_ic50_24h,ecCount (threshold mask),54,56
ncih2170_jc_lap_ic50_24h_33,train,NCI-H2170,ncih2170_jc_lap_ic50_24h,ecCount (threshold mask),185,153
ncih2170_jc_lap_ic50_24h_34,val,NCI-H2170,ncih2170_jc_lap_ic50_24h,ecCount (threshold mask),123,104
ncih2170_jc_lap_ic50_24h_35,test,NCI-H2170,ncih2170_jc_lap_ic50_24h,ecCount (threshold mask),135,127
ncih2170_jc_lap_ic50_24h_36,train,NCI-H2170,ncih2170_jc_lap_ic50_24h,ecCount (threshold mask),36,34
ncih2170_jc_lap_ic50_24h_37,val,NCI-H2170,ncih2170_jc_lap_ic50_24h,ecCount (threshold mask),147,126
ncih2170_jc_lap_ic50_24h_39,train,NCI-H2170,ncih2170_jc_lap_ic50_24h,ecCount (threshold mask),122,94
ncih2170_jc_lap_ic50_24h_40,val,NCI-H2170,ncih2170_jc_lap_ic50_24h,ecCount (threshold mask),173,139
ncih2170_jc_lap_ic50_24h_41,train,NCI-H2170,ncih2170_jc_lap_ic50_24h,ecCount (threshold mask),185,145
ncih2170_jc_lap_ic50_24h_45,train,NCI-H2170,ncih2170_jc_lap_ic50_24h,ecCount (threshold mask),145,112
ncih2170_jc_lap_ic50_24h_46,test,NCI-H2170,ncih2170_jc_lap_ic50_24h,ecCount (threshold mask),151,118
ncih2170_jc_lap_ic50_24h_47,test,NCI-H2170,ncih2170_jc_lap_ic50_24h,ecCount (threshold mask),175,127
ncih2170_jc_lap_ic50_24h_48,train,NCI-H2170,ncih2170_jc_lap_ic50_24h,ecCount (threshold mask),97,94
ncih2170_jc_lap_ic50_24h_49,train,NCI-H2170,ncih2170_jc_lap_ic50_24h,ecCount (threshold mask),40,39
ncih2170_jc_lap_ic50_24h_4_s,train,NCI-H2170,ncih2170_jc_lap_ic50_24h,ecCount (threshold mask),41,32
ncih2170_jc_lap_ic50_24h_52,train,NCI-H2170,ncih2170_jc_lap_ic50_24h,ecCount (threshold mask),150,135
ncih2170_jc_lap_ic50_24h_54,train,NCI-H2170,ncih2170_jc_lap_ic50_24h,ecCount (threshold mask),75,63
ncih2170_jc_lap_ic50_24h_55,test,NCI-H2170,ncih2170_jc_lap_ic50_24h,ecCount (threshold mask),55,52
ncih2170_jc_lap_ic50_24h_56,train,NCI-H2170,ncih2170_jc_lap_ic50_24h,ecCount (threshold mask),70,58
ncih2170_jc_lap_ic50_24h_57,train,NCI-H2170,ncih2170_jc_lap_ic50_24h,ecCount (threshold mask),202,158
ncih2170_jc_lap_ic50_24h_58,train,NCI-H2170,ncih2170_jc_lap_ic50_24h,ecCount (threshold mask),390,268
ncih2170_jc_lap_ic50_24h_61,train,NCI-H2170,ncih2170_jc_lap_ic50_24h,ecCount (threshold mask),165,154
ncih2170_jc_lap_ic50_24h_64,val,NCI-H2170,ncih2170_jc_lap_ic50_24h,ecCount (threshold mask),195,146
ncih2170_jc_lap_ic50_24h_65,test,NCI-H2170,ncih2170_jc_lap_ic50_24h,ecCount (threshold mask),318,269
ncih2170_jc_lap_ic50_24h_66,val,NCI-H2170,ncih2170_jc_lap_ic50_24h,ecCount (threshold mask),102,88
ncih2170_jc_lap_ic50_24h_67,val,NCI-H2170,ncih2170_jc_lap_ic50_24h,ecCount (threshold mask),303,229
ncih2170_jc_lap_ic50_24h_7,val,NCI-H2170,ncih2170_jc_lap_ic50_24h,ecCount (threshold mask),152,140
ncih2170_jc_lap_ic50_24h_71,val,NCI-H2170,ncih2170_jc_lap_ic50_24h,ecCount (threshold mask),236,189
ncih2170_jc_lap_ic50_24h_74,train,NCI-H2170,ncih2170_jc_lap_ic50_24h,ecCount (threshold mask),152,119
ncih2170_jc_lap_ic50_24h_75,train,NCI-H2170,ncih2170_jc_lap_ic50_24h,ecCount (threshold mask),177,160
ncih2170_jc_lap_ic50_24h_76,train,NCI-H2170,ncih2170_jc_lap_ic50_24h,ecCount (threshold mask),258,201
ncih2170_jc_lap_ic50_24h_79,train,NCI-H2170,ncih2170_jc_lap_ic50_24h,ecCount (threshold mask),110,90
ncih2170_jc_lap_ic50_24h_8,train,NCI-H2170,ncih2170_jc_lap_ic50_24h,ecCount (threshold mask),68,53
ncih2170_jc_lap_ic50_24h_82,val,NCI-H2170,ncih2170_jc_lap_ic50_24h,ecCount (threshold mask),233,185
ncih2170_jc_lap_ic50_24h_83,train,NCI-H2170,ncih2170_jc_lap_ic50_24h,ecCount (threshold mask),111,96
ncih2170_jc_lap_ic50_24h_84,train,NCI-H2170,ncih2170_jc_lap_ic50_24h,ecCount (threshold mask),161,139
ncih2170_jc_lap_ic50_24h_88,train,NCI-H2170,ncih2170_jc_lap_ic50_24h,ecCount (threshold mask),239,207
ncih2170_jc_lap_ic50_24h_90,train,NCI-H2170,ncih2170_jc_lap_ic50_24h,ecCount (threshold mask),283,239
ncih2170_jc_lap_ic50_24h_91,val,NCI-H2170,ncih2170_jc_lap_ic50_24h,ecCount (threshold mask),123,110
ncih2170_jc_lap_ic50_24h_93,train,NCI-H2170,ncih2170_jc_lap_ic50_24h,ecCount (threshold mask),259,224
ncih2170_jc_lap_ic50_24h_96,train,NCI-H2170,ncih2170_jc_lap_ic50_24h,ecCount (threshold mask),261,197
ncih2170_jc_lap_ic50_24h_99,train,NCI-H2170,ncih2170_jc_lap_ic50_24h,ecCount (threshold mask),89,84
ncih2170_jc_ner_ic50_24h_1,test,NCI-H2170,ncih2170_jc_ner_ic50_24h,ecCount (threshold mask),61,59
ncih2170_jc_ner_ic50_24h_2,val,NCI-H2170,ncih2170_jc_ner_ic50_24h,ecCount (threshold mask),314,273
ncih2170_jc_ner_ic50_24h_21,train,NCI-H2170,ncih2170_jc_ner_ic50_24h,ecCount (threshold mask),475,382
ncih2170_jc_ner_ic50_24h_28,train,NCI-H2170,ncih2170_jc_ner_ic50_24h,ecCount (threshold mask),62,64
ncih2170_jc_ner_ic50_24h_3,train,NCI-H2170,ncih2170_jc_ner_ic50_24h,ecCount (threshold mask),574,520
ncih2170_jc_ner_ic50_24h_47,train,NCI-H2170,ncih2170_jc_ner_ic50_24h,ecCount (threshold mask),212,178
ncih2170_jc_ner_ic50_24h_50,test,NCI-H2170,ncih2170_jc_ner_ic50_24h,ecCount (threshold mask),105,104
ncih2170_jc_ner_ic50_24h_51,train,NCI-H2170,ncih2170_jc_ner_ic50_24h,ecCount (threshold mask),166,137
ncih2170_jc_ner_ic50_24h_53,train,NCI-H2170,ncih2170_jc_ner_ic50_24h,ecCount (threshold mask),182,173
ncih2170_jc_ner_ic50_24h_54,test,NCI-H2170,ncih2170_jc_ner_ic50_24h,ecCount (threshold mask),86,85
ncih2170_jc_ner_ic50_24h_6,train,NCI-H2170,ncih2170_jc_ner_ic50_24h,ecCount (threshold mask),109,102
ncih2170_jc_ner_ic50_24h_7,train,NCI-H2170,ncih2170_jc_ner_ic50_24h,ecCount (threshold mask),137,121
ncih2170_jc_ner_ic50_24h_72,train,NCI-H2170,ncih2170_jc_ner_ic50_24h,ecCount (threshold mask),143,127
ncih2170_jc_ner_ic50_24h_73,train,NCI-H2170,ncih2170_jc_ner_ic50_24h,ecCount (threshold mask),78,149
ncih2170_jc_ner_ic50_24h_80,train,NCI-H2170,ncih2170_jc_ner_ic50_24h,ecCount (threshold mask),129,122
ncih2170_jc_ner_ic50_24h_9,train,NCI-H2170,ncih2170_jc_ner_ic50_24h,ecCount (threshold mask),168,160
ncih2170_jc_ner_ic50_72h_32,val,NCI-H2170,ncih2170_jc_ner_ic50_72h,ecCount (threshold mask),158,169
ncih2170_jc_ner_ic50_72h_39,train,NCI-H2170,ncih2170_jc_ner_ic50_72h,ecCount (threshold mask),396,321
ncih2170_jc_ner_ic50_72h_40,train,NCI-H2170,ncih2170_jc_ner_ic50_72h,ecCount (threshold mask),349,302
ncih2170_jc_ner_ic50_72h_63,val,NCI-H2170,ncih2170_jc_ner_ic50_72h,ecCount (threshold mask),148,148
ncih2170_jc_ner_ic50_72h_66,train,NCI-H2170,ncih2170_jc_ner_ic50_72h,ecCount (threshold mask),163,150
ncih2170_jc_ner_ic50_72h_75,train,NCI-H2170,ncih2170_jc_ner_ic50_72h,ecCount (threshold mask),233,217
ncih2170_jc_ner_ic50_72h_89,train,NCI-H2170,ncih2170_jc_ner_ic50_72h,ecCount (threshold mask),1687,1422
ncih2170_jc_ner_ic50_72h_92,train,NCI-H2170,ncih2170_jc_ner_ic50_72h,ecCount (threshold mask),233,221
ncih2170_post_facs_fish_high_her2_g3_28,test,NCI-H2170,ncih2170_post_facs_fish_high_her2_g3,ecCount (threshold mask),89,80
ncih2170_post_facs_fish_high_her2_g3_42,train,NCI-H2170,ncih2170_post_facs_fish_high_her2_g3,ecCount (threshold mask),611,501
ncih2170_post_facs_fish_high_her2_g3_54,val,NCI-H2170,ncih2170_post_facs_fish_high_her2_g3,ecCount (threshold mask),359,340
ncih2170_post_facs_fish_high_her2_g3_61,train,NCI-H2170,ncih2170_post_facs_fish_high_her2_g3,ecCount (threshold mask),186,168
ncih2170_post_facs_fish_high_her2_g3_65,train,NCI-H2170,ncih2170_post_facs_fish_high_her2_g3,ecCount (threshold mask),88,86
ncih2170_post_facs_fish_low_her2_g3_1,test,NCI-H2170,ncih2170_post_facs_fish_low_her2_g3,ecCount (threshold mask),170,159
ncih2170_post_facs_fish_low_her2_g3_101,train,NCI-H2170,ncih2170_post_facs_fish_low_her2_g3,ecCount (threshold mask),153,144
ncih2170_post_facs_fish_low_her2_g3_36,train,NCI-H2170,ncih2170_post_facs_fish_low_her2_g3,ecCount (threshold mask),179,165
ncih2170_post_facs_fish_low_her2_g3_39,train,NCI-H2170,ncih2170_post_facs_fish_low_her2_g3,ecCount (threshold mask),191,184
ncih2170_post_facs_fish_low_her2_g3_53,val,NCI-H2170,ncih2170_post_facs_fish_low_her2_g3,ecCount (threshold mask),61,64
ncih2170_post_facs_fish_low_her2_g3_55,val,NCI-H2170,ncih2170_post_facs_fish_low_her2_g3,ecCount (threshold mask),54,49
ncih2170_post_facs_fish_low_her2_g3_59,train,NCI-H2170,ncih2170_post_facs_fish_low_her2_g3,ecCount (threshold mask),45,44
ncih2170_post_facs_fish_low_her2_g3_6,train,NCI-H2170,ncih2170_post_facs_fish_low_her2_g3,ecCount (threshold mask),479,437
ncih2170_post_facs_fish_low_her2_g3_68,train,NCI-H2170,ncih2170_post_facs_fish_low_her2_g3,ecCount (threshold mask),49,48
ncih2170_post_facs_fish_low_her2_g3_79,train,NCI-H2170,ncih2170_post_facs_fish_low_her2_g3,ecCount (threshold mask),209,204
ncih2170_post_facs_fish_low_her2_g3_82,train,NCI-H2170,ncih2170_post_facs_fish_low_her2_g3,ecCount (threshold mask),75,75
ncih2170_post_facs_fish_low_her2_g3_87,val,NCI-H2170,ncih2170_post_facs_fish_low_her2_g3,ecCount (threshold mask),52,52
ncih716_jc_alo_8nm_24h_11,test,NCI-H716,ncih716_jc_alo_8nm_24h,ecCount (threshold mask),210,219
ncih716_jc_alo_8nm_24h_12,train,NCI-H716,ncih716_jc_alo_8nm_24h,ecCount (threshold mask),191,203
ncih716_jc_alo_8nm_24h_13,test,NCI-H716,ncih716_jc_alo_8nm_24h,ecCount (threshold mask),163,184
ncih716_jc_alo_8nm_24h_16,val,NCI-H716,ncih716_jc_alo_8nm_24h,ecCount (threshold mask),152,146
ncih716_jc_alo_8nm_24h_17,train,NCI-H716,ncih716_jc_alo_8nm_24h,ecCount (threshold mask),231,236
ncih716_jc_alo_8nm_24h_5,train,NCI-H716,ncih716_jc_alo_8nm_24h,ecCount (threshold mask),128,140
ncih716_jc_ctrl_1_10,train,NCI-H716,ncih716_jc_ctrl_1,ecCount (threshold mask),386,399
ncih716_jc_ctrl_1_13,train,NCI-H716,ncih716_jc_ctrl_1,ecCount (threshold mask),211,221
ncih716_jc_ctrl_1_16,train,NCI-H716,ncih716_jc_ctrl_1,ecCount (threshold mask),182,198
ncih716_jc_ctrl_1_19,val,NCI-H716,ncih716_jc_ctrl_1,ecCount (threshold mask),207,219
ncih716_jc_ctrl_1_2,train,NCI-H716,ncih716_jc_ctrl_1,ecCount (threshold mask),131,148
ncih716_jc_ctrl_1_21,train,NCI-H716,ncih716_jc_ctrl_1,ecCount (threshold mask),195,211
ncih716_jc_ctrl_1_23,test,NCI-H716,ncih716_jc_ctrl_1,ecCount (threshold mask),185,205
ncih716_jc_ctrl_1_24,train,NCI-H716,ncih716_jc_ctrl_1,ecCount (threshold mask),350,329
ncih716_jc_ctrl_1_27,train,NCI-H716,ncih716_jc_ctrl_1,ecCount (threshold mask),281,270
ncih716_jc_ctrl_1_3,train,NCI-H716,ncih716_jc_ctrl_1,ecCount (threshold mask),127,125
ncih716_jc_ctrl_1_42,train,NCI-H716,ncih716_jc_ctrl_1,ecCount (threshold mask),178,223
ncih716_jc_ctrl_1_43,train,NCI-H716,ncih716_jc_ctrl_1,ecCount (threshold mask),194,206
ncih716_jc_ctrl_1_44_a,val,NCI-H716,ncih716_jc_ctrl_1,ecCount (threshold mask),132,115
ncih716_jc_ctrl_1_45,test,NCI-H716,ncih716_jc_ctrl_1,ecCount (threshold mask),101,107
ncih716_jc_ctrl_1_46,val,NCI-H716,ncih716_jc_ctrl_1,ecCount (threshold mask),144,144
ncih716_jc_ctrl_1_48,train,NCI-H716,ncih716_jc_ctrl_1,ecCount (threshold mask),163,168
ncih716_jc_ctrl_1_5,train,NCI-H716,ncih716_jc_ctrl_1,ecCount (threshold mask),179,169
ncih716_jc_ctrl_1_54,train,NCI-H716,ncih716_jc_ctrl_1,ecCount (threshold mask),134,143
ncih716_jc_ctrl_1_55,train,NCI-H716,ncih716_jc_ctrl_1,ecCount (threshold mask),76,70
ncih716_jc_ctrl_1_56,train,NCI-H716,ncih716_jc_ctrl_1,ecCount (threshold mask),239,253
ncih716_jc_ctrl_1_57,train,NCI-H716,ncih716_jc_ctrl_1,ecCount (threshold mask),137,146
ncih716_jc_ctrl_1_59,train,NCI-H716,ncih716_jc_ctrl_1,ecCount (threshold mask),211,203
ncih716_jc_ctrl_1_62,train,NCI-H716,ncih716_jc_ctrl_1,ecCount (threshold mask),172,170
ncih716_jc_ctrl_1_64,val,NCI-H716,ncih716_jc_ctrl_1,ecCount (threshold mask),148,152
ncih716_jc_ctrl_1_66,test,NCI-H716,ncih716_jc_ctrl_1,ecCount (threshold mask),236,240
ncih716_jc_ctrl_1_68,val,NCI-H716,ncih716_jc_ctrl_1,ecCount (threshold mask),202,215
ncih716_jc_ctrl_1_72,test,NCI-H716,ncih716_jc_ctrl_1,ecCount (threshold mask),150,171
ncih716_jc_ctrl_1_74,train,NCI-H716,ncih716_jc_ctrl_1,ecCount (threshold mask),369,301
ncih716_jc_ctrl_1_76,train,NCI-H716,ncih716_jc_ctrl_1,ecCount (threshold mask),172,159
ncih716_jc_ctrl_2_10,train,NCI-H716,ncih716_jc_ctrl_2,ecCount (threshold mask),116,110
ncih716_jc_ctrl_2_11,test,NCI-H716,ncih716_jc_ctrl_2,ecCount (threshold mask),139,122
ncih716_jc_ctrl_2_12,val,NCI-H716,ncih716_jc_ctrl_2,ecCount (threshold mask),166,158
ncih716_jc_ctrl_2_16,train,NCI-H716,ncih716_jc_ctrl_2,ecCount (threshold mask),213,215
ncih716_jc_ctrl_2_18,train,NCI-H716,ncih716_jc_ctrl_2,ecCount (threshold mask),131,157
ncih716_jc_ctrl_2_22,train,NCI-H716,ncih716_jc_ctrl_2,ecCount (threshold mask),135,141
ncih716_jc_ctrl_2_23,train,NCI-H716,ncih716_jc_ctrl_2,ecCount (threshold mask),129,133
ncih716_jc_ctrl_2_24,val,NCI-H716,ncih716_jc_ctrl_2,ecCount (threshold mask),166,169
ncih716_jc_ctrl_2_25,test,NCI-H716,ncih716_jc_ctrl_2,ecCount (threshold mask),171,143
ncih716_jc_ctrl_2_27,train,NCI-H716,ncih716_jc_ctrl_2,ecCount (threshold mask),291,299
ncih716_jc_ctrl_2_28,train,NCI-H716,ncih716_jc_ctrl_2,ecCount (threshold mask),223,235
ncih716_jc_ctrl_2_29,val,NCI-H716,ncih716_jc_ctrl_2,ecCount (threshold mask),214,208
ncih716_jc_ctrl_2_30,test,NCI-H716,ncih716_jc_ctrl_2,ecCount (threshold mask),71,77
ncih716_jc_ctrl_2_32,train,NCI-H716,ncih716_jc_ctrl_2,ecCount (threshold mask),132,130
ncih716_jc_ctrl_2_33,train,NCI-H716,ncih716_jc_ctrl_2,ecCount (threshold mask),176,173
ncih716_jc_ctrl_2_36,train,NCI-H716,ncih716_jc_ctrl_2,ecCount (threshold mask),262,265
ncih716_jc_ctrl_2_37,train,NCI-H716,ncih716_jc_ctrl_2,ecCount (threshold mask),468,454
ncih716_jc_ctrl_2_39,train,NCI-H716,ncih716_jc_ctrl_2,ecCount (threshold mask),273,287
ncih716_jc_ctrl_2_40,train,NCI-H716,ncih716_jc_ctrl_2,ecCount (threshold mask),89,82
ncih716_jc_ctrl_2_41,train,NCI-H716,ncih716_jc_ctrl_2,ecCount (threshold mask),132,129
ncih716_jc_ctrl_2_43,train,NCI-H716,ncih716_jc_ctrl_2,ecCount (threshold mask),144,153
ncih716_jc_ctrl_2_45,train,NCI-H716,ncih716_jc_ctrl_2,ecCount (threshold mask),179,170
ncih716_jc_ctrl_2_46,train,NCI-H716,ncih716_jc_ctrl_2,ecCount (threshold mask),72,72
ncih716_jc_ctrl_2_47,train,NCI-H716,ncih716_jc_ctrl_2,ecCount (threshold mask),135,123
ncih716_jc_ctrl_2_48,train,NCI-H716,ncih716_jc_ctrl_2,ecCount (threshold mask),322,326
ncih716_jc_ctrl_2_49,val,NCI-H716,ncih716_jc_ctrl_2,ecCount (threshold mask),169,172
ncih716_jc_ctrl_2_5,train,NCI-H716,ncih716_jc_ctrl_2,ecCount (threshold mask),368,372
ncih716_jc_ctrl_2_50,train,NCI-H716,ncih716_jc_ctrl_2,ecCount (threshold mask),177,170
ncih716_jc_ctrl_2_51,train,NCI-H716,ncih716_jc_ctrl_2,ecCount (threshold mask),181,171
ncih716_jc_ctrl_2_54,train,NCI-H716,ncih716_jc_ctrl_2,ecCount (threshold mask),274,264
ncih716_jc_ctrl_2_55,train,NCI-H716,ncih716_jc_ctrl_2,ecCount (threshold mask),120,134
ncih716_jc_ctrl_2_56,train,NCI-H716,ncih716_jc_ctrl_2,ecCount (threshold mask),349,353
ncih716_jc_ctrl_2_58,test,NCI-H716,ncih716_jc_ctrl_2,ecCount (threshold mask),166,163
ncih716_jc_ctrl_2_8,test,NCI-H716,ncih716_jc_ctrl_2,ecCount (threshold mask),110,113
ncih716_jc_ctrl_2_9,train,NCI-H716,ncih716_jc_ctrl_2,ecCount (threshold mask),210,215
snu16_jc_arv771_800picom_24h_4,train,SNU16,snu16_jc_arv771_800picom_24h,ecCount (threshold mask),124,89
snu16_jc_ctrl_10,train,SNU16,snu16_jc_ctrl,ecCount (threshold mask),376,402
snu16_jc_ctrl_102,train,SNU16,snu16_jc_ctrl,ecCount (threshold mask),271,236
snu16_jc_ctrl_103,train,SNU16,snu16_jc_ctrl,ecCount (threshold mask),206,188
snu16_jc_ctrl_107,train,SNU16,snu16_jc_ctrl,ecCount (threshold mask),370,359
snu16_jc_ctrl_108,train,SNU16,snu16_jc_ctrl,ecCount (threshold mask),635,623
snu16_jc_ctrl_112,train,SNU16,snu16_jc_ctrl,ecCount (threshold mask),1231,1070
snu16_jc_ctrl_114,test,SNU16,snu16_jc_ctrl,ecCount (threshold mask),670,604
snu16_jc_ctrl_119,val,SNU16,snu16_jc_ctrl,ecCount (threshold mask),415,394
snu16_jc_ctrl_120,train,SNU16,snu16_jc_ctrl,ecCount (threshold mask),244,213
snu16_jc_ctrl_122,train,SNU16,snu16_jc_ctrl,ecCount (threshold mask),209,171
snu16_jc_ctrl_124,test,SNU16,snu16_jc_ctrl,ecCount (threshold mask),191,167
snu16_jc_ctrl_126,train,SNU16,snu16_jc_ctrl,ecCount (threshold mask),181,159
snu16_jc_ctrl_127,train,SNU16,snu16_jc_ctrl,ecCount (threshold mask),372,350
snu16_jc_ctrl_129,train,SNU16,snu16_jc_ctrl,ecCount (threshold mask),224,199
snu16_jc_ctrl_13,val,SNU16,snu16_jc_ctrl,ecCount (threshold mask),380,315
snu16_jc_ctrl_131,train,SNU16,snu16_jc_ctrl,ecCount (threshold mask),225,217
snu16_jc_ctrl_132,train,SNU16,snu16_jc_ctrl,ecCount (threshold mask),311,283
snu16_jc_ctrl_135,val,SNU16,snu16_jc_ctrl,ecCount (threshold mask),366,362
snu16_jc_ctrl_136,train,SNU16,snu16_jc_ctrl,ecCount (threshold mask),317,273
snu16_jc_ctrl_139,val,SNU16,snu16_jc_ctrl,ecCount (threshold mask),254,232
snu16_jc_ctrl_144,train,SNU16,snu16_jc_ctrl,ecCount (threshold mask),123,109
snu16_jc_ctrl_147,train,SNU16,snu16_jc_ctrl,ecCount (threshold mask),268,214
snu16_jc_ctrl_15,train,SNU16,snu16_jc_ctrl,ecCount (threshold mask),471,430
snu16_jc_ctrl_20,train,SNU16,snu16_jc_ctrl,ecCount (threshold mask),990,836
snu16_jc_ctrl_23,train,SNU16,snu16_jc_ctrl,ecCount (threshold mask),223,203
snu16_jc_ctrl_24,train,SNU16,snu16_jc_ctrl,ecCount (threshold mask),251,252
snu16_jc_ctrl_25,train,SNU16,snu16_jc_ctrl,ecCount (threshold mask),341,316
snu16_jc_ctrl_26,train,SNU16,snu16_jc_ctrl,ecCount (threshold mask),170,166
snu16_jc_ctrl_30,train,SNU16,snu16_jc_ctrl,ecCount (threshold mask),214,191
snu16_jc_ctrl_32,train,SNU16,snu16_jc_ctrl,ecCount (threshold mask),265,240
snu16_jc_ctrl_35,test,SNU16,snu16_jc_ctrl,ecCount (threshold mask),324,287
snu16_jc_ctrl_37,train,SNU16,snu16_jc_ctrl,ecCount (threshold mask),320,335
snu16_jc_ctrl_38,train,SNU16,snu16_jc_ctrl,ecCount (threshold mask),178,163
snu16_jc_ctrl_39,train,SNU16,snu16_jc_ctrl,ecCount (threshold mask),271,250
snu16_jc_ctrl_40,test,SNU16,snu16_jc_ctrl,ecCount (threshold mask),270,251
snu16_jc_ctrl_42,train,SNU16,snu16_jc_ctrl,ecCount (threshold mask),90,106
snu16_jc_ctrl_43,train,SNU16,snu16_jc_ctrl,ecCount (threshold mask),105,87
snu16_jc_ctrl_45,test,SNU16,snu16_jc_ctrl,ecCount (threshold mask),125,109
snu16_jc_ctrl_46,test,SNU16,snu16_jc_ctrl,ecCount (threshold mask),309,297
snu16_jc_ctrl_47,train,SNU16,snu16_jc_ctrl,ecCount (threshold mask),392,348
snu16_jc_ctrl_48,train,SNU16,snu16_jc_ctrl,ecCount (threshold mask),321,334
snu16_jc_ctrl_50,test,SNU16,snu16_jc_ctrl,ecCount (threshold mask),158,124
snu16_jc_ctrl_52,train,SNU16,snu16_jc_ctrl,ecCount (threshold mask),207,215
snu16_jc_ctrl_53,train,SNU16,snu16_jc_ctrl,ecCount (threshold mask),637,588
snu16_jc_ctrl_54,train,SNU16,snu16_jc_ctrl,ecCount (threshold mask),151,135
snu16_jc_ctrl_55,train,SNU16,snu16_jc_ctrl,ecCount (threshold mask),241,222
snu16_jc_ctrl_56,train,SNU16,snu16_jc_ctrl,ecCount (threshold mask),256,248
snu16_jc_ctrl_57,train,SNU16,snu16_jc_ctrl,ecCount (threshold mask),222,206
snu16_jc_ctrl_59,train,SNU16,snu16_jc_ctrl,ecCount (threshold mask),297,310
snu16_jc_ctrl_60,val,SNU16,snu16_jc_ctrl,ecCount (threshold mask),97,91
snu16_jc_ctrl_61,train,SNU16,snu16_jc_ctrl,ecCount (threshold mask),144,131
snu16_jc_ctrl_63,train,SNU16,snu16_jc_ctrl,ecCount (threshold mask),190,189
snu16_jc_ctrl_65,train,SNU16,snu16_jc_ctrl,ecCount (threshold mask),413,413
snu16_jc_ctrl_67,train,SNU16,snu16_jc_ctrl,ecCount (threshold mask),267,238
snu16_jc_ctrl_69,test,SNU16,snu16_jc_ctrl,ecCount (threshold mask),325,302
snu16_jc_ctrl_70,test,SNU16,snu16_jc_ctrl,ecCount (threshold mask),238,212
snu16_jc_ctrl_72,test,SNU16,snu16_jc_ctrl,ecCount (threshold mask),166,156
snu16_jc_ctrl_74,val,SNU16,snu16_jc_ctrl,ecCount (threshold mask),222,109
snu16_jc_ctrl_76,train,SNU16,snu16_jc_ctrl,ecCount (threshold mask),148,126
snu16_jc_ctrl_78,train,SNU16,snu16_jc_ctrl,ecCount (threshold mask),144,116
snu16_jc_ctrl_79,train,SNU16,snu16_jc_ctrl,ecCount (threshold mask),289,271
snu16_jc_ctrl_8,val,SNU16,snu16_jc_ctrl,ecCount (threshold mask),232,214
snu16_jc_ctrl_83,test,SNU16,snu16_jc_ctrl,ecCount (threshold mask),140,135
snu16_jc_ctrl_84,train,SNU16,snu16_jc_ctrl,ecCount (threshold mask),212,209
snu16_jc_ctrl_86,train,SNU16,snu16_jc_ctrl,ecCount (threshold mask),227,205
snu16_jc_ctrl_87,train,SNU16,snu16_jc_ctrl,ecCount (threshold mask),241,223
snu16_jc_ctrl_89,train,SNU16,snu16_jc_ctrl,ecCount (threshold mask),303,274
snu16_jc_ctrl_9,val,SNU16,snu16_jc_ctrl,ecCount (threshold mask),161,163
snu16_jc_ctrl_91,test,SNU16,snu16_jc_ctrl,ecCount (threshold mask),422,381
snu16_jc_ctrl_92,val,SNU16,snu16_jc_ctrl,ecCount (threshold mask),382,365
snu16_jc_ctrl_95,train,SNU16,snu16_jc_ctrl,ecCount (threshold mask),664,596
snu16_jc_ctrl_98,train,SNU16,snu16_jc_ctrl,ecCount (threshold mask),459,409
snu16_jc_jq1_ic50_24h_10,train,SNU16,snu16_jc_jq1_ic50_24h,ecCount (threshold mask),228,212
snu16_jc_jq1_ic50_24h_100,train,SNU16,snu16_jc_jq1_ic50_24h,ecCount (threshold mask),97,100
snu16_jc_jq1_ic50_24h_102,test,SNU16,snu16_jc_jq1_ic50_24h,ecCount (threshold mask),177,213
snu16_jc_jq1_ic50_24h_104,train,SNU16,snu16_jc_jq1_ic50_24h,ecCount (threshold mask),481,522
snu16_jc_jq1_ic50_24h_109,train,SNU16,snu16_jc_jq1_ic50_24h,ecCount (threshold mask),261,249
snu16_jc_jq1_ic50_24h_115,train,SNU16,snu16_jc_jq1_ic50_24h,ecCount (threshold mask),230,220
snu16_jc_jq1_ic50_24h_117,train,SNU16,snu16_jc_jq1_ic50_24h,ecCount (threshold mask),118,115
snu16_jc_jq1_ic50_24h_118,val,SNU16,snu16_jc_jq1_ic50_24h,ecCount (threshold mask),221,214
snu16_jc_jq1_ic50_24h_120,test,SNU16,snu16_jc_jq1_ic50_24h,ecCount (threshold mask),193,197
snu16_jc_jq1_ic50_24h_128,train,SNU16,snu16_jc_jq1_ic50_24h,ecCount (threshold mask),77,76
snu16_jc_jq1_ic50_24h_16,val,SNU16,snu16_jc_jq1_ic50_24h,ecCount (threshold mask),705,606
snu16_jc_jq1_ic50_24h_19,test,SNU16,snu16_jc_jq1_ic50_24h,ecCount (threshold mask),271,244
snu16_jc_jq1_ic50_24h_2,train,SNU16,snu16_jc_jq1_ic50_24h,ecCount (threshold mask),110,117
snu16_jc_jq1_ic50_24h_21,train,SNU16,snu16_jc_jq1_ic50_24h,ecCount (threshold mask),172,156
snu16_jc_jq1_ic50_24h_26,train,SNU16,snu16_jc_jq1_ic50_24h,ecCount (threshold mask),301,289
snu16_jc_jq1_ic50_24h_28,train,SNU16,snu16_jc_jq1_ic50_24h,ecCount (threshold mask),433,370
snu16_jc_jq1_ic50_24h_29,train,SNU16,snu16_jc_jq1_ic50_24h,ecCount (threshold mask),286,256
snu16_jc_jq1_ic50_24h_33_a,train,SNU16,snu16_jc_jq1_ic50_24h,ecCount (threshold mask),527,432
snu16_jc_jq1_ic50_24h_40,test,SNU16,snu16_jc_jq1_ic50_24h,ecCount (threshold mask),183,195
snu16_jc_jq1_ic50_24h_44,val,SNU16,snu16_jc_jq1_ic50_24h,ecCount (threshold mask),426,436
snu16_jc_jq1_ic50_24h_45,train,SNU16,snu16_jc_jq1_ic50_24h,ecCount (threshold mask),374,368
snu16_jc_jq1_ic50_24h_5,train,SNU16,snu16_jc_jq1_ic50_24h,ecCount (threshold mask),434,386
snu16_jc_jq1_ic50_24h_51,test,SNU16,snu16_jc_jq1_ic50_24h,ecCount (threshold mask),499,510
snu16_jc_jq1_ic50_24h_52,train,SNU16,snu16_jc_jq1_ic50_24h,ecCount (threshold mask),279,280
snu16_jc_jq1_ic50_24h_54,val,SNU16,snu16_jc_jq1_ic50_24h,ecCount (threshold mask),274,308
snu16_jc_jq1_ic50_24h_55,val,SNU16,snu16_jc_jq1_ic50_24h,ecCount (threshold mask),189,175
snu16_jc_jq1_ic50_24h_56,test,SNU16,snu16_jc_jq1_ic50_24h,ecCount (threshold mask),150,154
snu16_jc_jq1_ic50_24h_57,train,SNU16,snu16_jc_jq1_ic50_24h,ecCount (threshold mask),101,122
snu16_jc_jq1_ic50_24h_6,train,SNU16,snu16_jc_jq1_ic50_24h,ecCount (threshold mask),313,279
snu16_jc_jq1_ic50_24h_61_a,train,SNU16,snu16_jc_jq1_ic50_24h,ecCount (threshold mask),112,130
snu16_jc_jq1_ic50_24h_66,val,SNU16,snu16_jc_jq1_ic50_24h,ecCount (threshold mask),238,220
snu16_jc_jq1_ic50_24h_67,test,SNU16,snu16_jc_jq1_ic50_24h,ecCount (threshold mask),213,193
snu16_jc_jq1_ic50_24h_68,train,SNU16,snu16_jc_jq1_ic50_24h,ecCount (threshold mask),313,304
snu16_jc_jq1_ic50_24h_69,train,SNU16,snu16_jc_jq1_ic50_24h,ecCount (threshold mask),444,432
snu16_jc_jq1_ic50_24h_70,train,SNU16,snu16_jc_jq1_ic50_24h,ecCount (threshold mask),242,238
snu16_jc_jq1_ic50_24h_72,train,SNU16,snu16_jc_jq1_ic50_24h,ecCount (threshold mask),368,367
snu16_jc_jq1_ic50_24h_75,train,SNU16,snu16_jc_jq1_ic50_24h,ecCount (threshold mask),394,382
snu16_jc_jq1_ic50_24h_76,train,SNU16,snu16_jc_jq1_ic50_24h,ecCount (threshold mask),101,96
snu16_jc_jq1_ic50_24h_8,train,SNU16,snu16_jc_jq1_ic50_24h,ecCount (threshold mask),663,531
snu16_jc_jq1_ic50_24h_81,train,SNU16,snu16_jc_jq1_ic50_24h,ecCount (threshold mask),142,144
snu16_jc_jq1_ic50_24h_87,train,SNU16,snu16_jc_jq1_ic50_24h,ecCount (threshold mask),225,230
snu16_jc_jq1_ic50_24h_88,train,SNU16,snu16_jc_jq1_ic50_24h,ecCount (threshold mask),57,68
snu16_jc_jq1_ic50_24h_89,train,SNU16,snu16_jc_jq1_ic50_24h,ecCount (threshold mask),203,195
snu16_jc_jq1_ic50_24h_9,val,SNU16,snu16_jc_jq1_ic50_24h,ecCount (threshold mask),239,213
snu16_jc_jq1_ic50_24h_90,train,SNU16,snu16_jc_jq1_ic50_24h,ecCount (threshold mask),141,139
snu16_jc_jq1_ic50_24h_91,train,SNU16,snu16_jc_jq1_ic50_24h,ecCount (threshold mask),111,111
snu16_jc_jq1_ic50_24h_94,train,SNU16,snu16_jc_jq1_ic50_24h,ecCount (threshold mask),141,138
snu16_jc_jq1_ic50_24h_96,val,SNU16,snu16_jc_jq1_ic50_24h,ecCount (threshold mask),174,206
snu16_jc_jq1_ic50_24h_97,train,SNU16,snu16_jc_jq1_ic50_24h,ecCount (threshold mask),157,158
snu16_jc_jq1_ic50_24h_98,val,SNU16,snu16_jc_jq1_ic50_24h,ecCount (threshold mask),237,328
colo320dm_qpcr_jq1_24h_ctrl_100,train,COLO320DM,colo320dm_qpcr_jq1_24h_ctrl,MIA,63,43
colo320dm_qpcr_jq1_24h_ctrl_101,train,COLO320DM,colo320dm_qpcr_jq1_24h_ctrl,MIA,45,29
colo320dm_qpcr_jq1_24h_ctrl_103,train,COLO320DM,colo320dm_qpcr_jq1_24h_ctrl,MIA,39,21
colo320dm_qpcr_jq1_24h_ctrl_105,val,COLO320DM,colo320dm_qpcr_jq1_24h_ctrl,MIA,59,30
colo320dm_qpcr_jq1_24h_ctrl_109,val,COLO320DM,colo320dm_qpcr_jq1_24h_ctrl,MIA,71,56
colo320dm_qpcr_jq1_24h_ctrl_110,train,COLO320DM,colo320dm_qpcr_jq1_24h_ctrl,MIA,27,9
colo320dm_qpcr_jq1_24h_ctrl_111,train,COLO320DM,colo320dm_qpcr_jq1_24h_ctrl,MIA,80,51
colo320dm_qpcr_jq1_24h_ctrl_112,train,COLO320DM,colo320dm_qpcr_jq1_24h_ctrl,MIA,83,57
colo320dm_qpcr_jq1_24h_ctrl_114,test,COLO320DM,colo320dm_qpcr_jq1_24h_ctrl,MIA,107,80
colo320dm_qpcr_jq1_24h_ctrl_12,train,COLO320DM,colo320dm_qpcr_jq1_24h_ctrl,MIA,16,6
colo320dm_qpcr_jq1_24h_ctrl_17,val,COLO320DM,colo320dm_qpcr_jq1_24h_ctrl,MIA,13,11
colo320dm_qpcr_jq1_24h_ctrl_18,train,COLO320DM,colo320dm_qpcr_jq1_24h_ctrl,MIA,51,51
colo320dm_qpcr_jq1_24h_ctrl_21,val,COLO320DM,colo320dm_qpcr_jq1_24h_ctrl,MIA,40,27
colo320dm_qpcr_jq1_24h_ctrl_22,train,COLO320DM,colo320dm_qpcr_jq1_24h_ctrl,MIA,65,46
colo320dm_qpcr_jq1_24h_ctrl_23,test,COLO320DM,colo320dm_qpcr_jq1_24h_ctrl,MIA,57,28
colo320dm_qpcr_jq1_24h_ctrl_25,train,COLO320DM,colo320dm_qpcr_jq1_24h_ctrl,MIA,53,55
colo320dm_qpcr_jq1_24h_ctrl_26,train,COLO320DM,colo320dm_qpcr_jq1_24h_ctrl,MIA,22,8
colo320dm_qpcr_jq1_24h_ctrl_27,val,COLO320DM,colo320dm_qpcr_jq1_24h_ctrl,MIA,18,19
colo320dm_qpcr_jq1_24h_ctrl_28,train,COLO320DM,colo320dm_qpcr_jq1_24h_ctrl,MIA,35,20
colo320dm_qpcr_jq1_24h_ctrl_3,train,COLO320DM,colo320dm_qpcr_jq1_24h_ctrl,MIA,144,143
colo320dm_qpcr_jq1_24h_ctrl_31,val,COLO320DM,colo320dm_qpcr_jq1_24h_ctrl,MIA,143,133
colo320dm_qpcr_jq1_24h_ctrl_33,test,COLO320DM,colo320dm_qpcr_jq1_24h_ctrl,MIA,24,20
colo320dm_qpcr_jq1_24h_ctrl_35,val,COLO320DM,colo320dm_qpcr_jq1_24h_ctrl,MIA,57,54
colo320dm_qpcr_jq1_24h_ctrl_36,train,COLO320DM,colo320dm_qpcr_jq1_24h_ctrl,MIA,59,46
colo320dm_qpcr_jq1_24h_ctrl_37,train,COLO320DM,colo320dm_qpcr_jq1_24h_ctrl,MIA,12,7
colo320dm_qpcr_jq1_24h_ctrl_38,train,COLO320DM,colo320dm_qpcr_jq1_24h_ctrl,MIA,41,39
colo320dm_qpcr_jq1_24h_ctrl_39,test,COLO320DM,colo320dm_qpcr_jq1_24h_ctrl,MIA,41,25
colo320dm_qpcr_jq1_24h_ctrl_4,train,COLO320DM,colo320dm_qpcr_jq1_24h_ctrl,MIA,46,35
colo320dm_qpcr_jq1_24h_ctrl_41,train,COLO320DM,colo320dm_qpcr_jq1_24h_ctrl,MIA,101,89
colo320dm_qpcr_jq1_24h_ctrl_43,train,COLO320DM,colo320dm_qpcr_jq1_24h_ctrl,MIA,44,33
colo320dm_qpcr_jq1_24h_ctrl_47,test,COLO320DM,colo320dm_qpcr_jq1_24h_ctrl,MIA,22,24
colo320dm_qpcr_jq1_24h_ctrl_48,test,COLO320DM,colo320dm_qpcr_jq1_24h_ctrl,MIA,32,23
colo320dm_qpcr_jq1_24h_ctrl_49,train,COLO320DM,colo320dm_qpcr_jq1_24h_ctrl,MIA,74,69
colo320dm_qpcr_jq1_24h_ctrl_50,train,COLO320DM,colo320dm_qpcr_jq1_24h_ctrl,MIA,7,11
colo320dm_qpcr_jq1_24h_ctrl_55,train,COLO320DM,colo320dm_qpcr_jq1_24h_ctrl,MIA,34,27
colo320dm_qpcr_jq1_24h_ctrl_58,train,COLO320DM,colo320dm_qpcr_jq1_24h_ctrl,MIA,15,10
colo320dm_qpcr_jq1_24h_ctrl_65,train,COLO320DM,colo320dm_qpcr_jq1_24h_ctrl,MIA,30,47
colo320dm_qpcr_jq1_24h_ctrl_66_a,train,COLO320DM,colo320dm_qpcr_jq1_24h_ctrl,MIA,61,42
colo320dm_qpcr_jq1_24h_ctrl_67,test,COLO320DM,colo320dm_qpcr_jq1_24h_ctrl,MIA,91,87
colo320dm_qpcr_jq1_24h_ctrl_69,test,COLO320DM,colo320dm_qpcr_jq1_24h_ctrl,MIA,54,50
colo320dm_qpcr_jq1_24h_ctrl_72,train,COLO320DM,colo320dm_qpcr_jq1_24h_ctrl,MIA,37,35
colo320dm_qpcr_jq1_24h_ctrl_75,train,COLO320DM,colo320dm_qpcr_jq1_24h_ctrl,MIA,47,41
colo320dm_qpcr_jq1_24h_ctrl_78_a,train,COLO320DM,colo320dm_qpcr_jq1_24h_ctrl,MIA,26,24
colo320dm_qpcr_jq1_24h_ctrl_78_b,train,COLO320DM,colo320dm_qpcr_jq1_24h_ctrl,MIA,52,46
colo320dm_qpcr_jq1_24h_ctrl_79,train,COLO320DM,colo320dm_qpcr_jq1_24h_ctrl,MIA,10,14
colo320dm_qpcr_jq1_24h_ctrl_8,train,COLO320DM,colo320dm_qpcr_jq1_24h_ctrl,MIA,36,23
colo320dm_qpcr_jq1_24h_ctrl_81,train,COLO320DM,colo320dm_qpcr_jq1_24h_ctrl,MIA,59,54
colo320dm_qpcr_jq1_24h_ctrl_82,train,COLO320DM,colo320dm_qpcr_jq1_24h_ctrl,MIA,30,31
colo320dm_qpcr_jq1_24h_ctrl_87_a,test,COLO320DM,colo320dm_qpcr_jq1_24h_ctrl,MIA,31,36
colo320dm_qpcr_jq1_24h_ctrl_87_b,train,COLO320DM,colo320dm_qpcr_jq1_24h_ctrl,MIA,45,39
colo320dm_qpcr_jq1_24h_ctrl_88,train,COLO320DM,colo320dm_qpcr_jq1_24h_ctrl,MIA,53,61
colo320dm_qpcr_jq1_24h_ctrl_89,train,COLO320DM,colo320dm_qpcr_jq1_24h_ctrl,MIA,15,8
colo320dm_qpcr_jq1_24h_ctrl_9,train,COLO320DM,colo320dm_qpcr_jq1_24h_ctrl,MIA,23,14
colo320dm_qpcr_jq1_24h_ctrl_90,train,COLO320DM,colo320dm_qpcr_jq1_24h_ctrl,MIA,89,74
colo320dm_qpcr_jq1_24h_ctrl_92,train,COLO320DM,colo320dm_qpcr_jq1_24h_ctrl,MIA,55,55
colo320dm_qpcr_jq1_24h_ctrl_95,train,COLO320DM,colo320dm_qpcr_jq1_24h_ctrl,MIA,32,25
colo320dm_qpcr_jq1_24h_ctrl_96,test,COLO320DM,colo320dm_qpcr_jq1_24h_ctrl,MIA,49,52
colo320dm_qpcr_jq1_24h_ctrl_97,train,COLO320DM,colo320dm_qpcr_jq1_24h_ctrl,MIA,87,75
colo320dm_qpcr_jq1_24h_ctrl_99,val,COLO320DM,colo320dm_qpcr_jq1_24h_ctrl,MIA,74,63
colo320dm_qpcr_jq1_24h_dmso_104,train,COLO320DM,colo320dm_qpcr_jq1_24h_dmso,MIA,4,1
colo320dm_qpcr_jq1_24h_dmso_111,test,COLO320DM,colo320dm_qpcr_jq1_24h_dmso,MIA,4,32
colo320dm_qpcr_jq1_24h_dmso_49,train,COLO320DM,colo320dm_qpcr_jq1_24h_dmso,MIA,1,48
colo320dm_qpcr_jq1_24h_dmso_6,train,COLO320DM,colo320dm_qpcr_jq1_24h_dmso,MIA,4,26
colo320dm_qpcr_jq1_24h_dmso_88,val,COLO320DM,colo320dm_qpcr_jq1_24h_dmso,MIA,4,21
ncih2170_antibiotics_blank_ctrl_1,train,NCI-H2170,ncih2170_antibiotics_blank_ctrl,MIA,235,249
ncih2170_antibiotics_blank_ctrl_100,test,NCI-H2170,ncih2170_antibiotics_blank_ctrl,MIA,102,96
ncih2170_antibiotics_blank_ctrl_101,val,NCI-H2170,ncih2170_antibiotics_blank_ctrl,MIA,266,262
ncih2170_antibiotics_blank_ctrl_102,train,NCI-H2170,ncih2170_antibiotics_blank_ctrl,MIA,402,387
ncih2170_antibiotics_blank_ctrl_103,val,NCI-H2170,ncih2170_antibiotics_blank_ctrl,MIA,228,213
ncih2170_antibiotics_blank_ctrl_104,test,NCI-H2170,ncih2170_antibiotics_blank_ctrl,MIA,316,291
ncih2170_antibiotics_blank_ctrl_105,test,NCI-H2170,ncih2170_antibiotics_blank_ctrl,MIA,175,174
ncih2170_antibiotics_blank_ctrl_106,train,NCI-H2170,ncih2170_antibiotics_blank_ctrl,MIA,101,98
ncih2170_antibiotics_blank_ctrl_107,test,NCI-H2170,ncih2170_antibiotics_blank_ctrl,MIA,559,564
ncih2170_antibiotics_blank_ctrl_109,test,NCI-H2170,ncih2170_antibiotics_blank_ctrl,MIA,182,165
ncih2170_antibiotics_blank_ctrl_11,val,NCI-H2170,ncih2170_antibiotics_blank_ctrl,MIA,181,195
ncih2170_antibiotics_blank_ctrl_110,test,NCI-H2170,ncih2170_antibiotics_blank_ctrl,MIA,411,411
ncih2170_antibiotics_blank_ctrl_111,train,NCI-H2170,ncih2170_antibiotics_blank_ctrl,MIA,108,85
ncih2170_antibiotics_blank_ctrl_113,test,NCI-H2170,ncih2170_antibiotics_blank_ctrl,MIA,341,324
ncih2170_antibiotics_blank_ctrl_114,train,NCI-H2170,ncih2170_antibiotics_blank_ctrl,MIA,154,158
ncih2170_antibiotics_blank_ctrl_115,val,NCI-H2170,ncih2170_antibiotics_blank_ctrl,MIA,125,122
ncih2170_antibiotics_blank_ctrl_116,train,NCI-H2170,ncih2170_antibiotics_blank_ctrl,MIA,282,305
ncih2170_antibiotics_blank_ctrl_117,train,NCI-H2170,ncih2170_antibiotics_blank_ctrl,MIA,307,317
ncih2170_antibiotics_blank_ctrl_118,train,NCI-H2170,ncih2170_antibiotics_blank_ctrl,MIA,453,466
ncih2170_antibiotics_blank_ctrl_12,train,NCI-H2170,ncih2170_antibiotics_blank_ctrl,MIA,122,123
ncih2170_antibiotics_blank_ctrl_13,train,NCI-H2170,ncih2170_antibiotics_blank_ctrl,MIA,86,90
ncih2170_antibiotics_blank_ctrl_14,train,NCI-H2170,ncih2170_antibiotics_blank_ctrl,MIA,329,414
ncih2170_antibiotics_blank_ctrl_15,train,NCI-H2170,ncih2170_antibiotics_blank_ctrl,MIA,210,199
ncih2170_antibiotics_blank_ctrl_16,train,NCI-H2170,ncih2170_antibiotics_blank_ctrl,MIA,91,95
ncih2170_antibiotics_blank_ctrl_17,train,NCI-H2170,ncih2170_antibiotics_blank_ctrl,MIA,604,581
ncih2170_antibiotics_blank_ctrl_18,val,NCI-H2170,ncih2170_antibiotics_blank_ctrl,MIA,157,166
ncih2170_antibiotics_blank_ctrl_19,train,NCI-H2170,ncih2170_antibiotics_blank_ctrl,MIA,92,104
ncih2170_antibiotics_blank_ctrl_2,train,NCI-H2170,ncih2170_antibiotics_blank_ctrl,MIA,373,390
ncih2170_antibiotics_blank_ctrl_20,train,NCI-H2170,ncih2170_antibiotics_blank_ctrl,MIA,128,155
ncih2170_antibiotics_blank_ctrl_21,train,NCI-H2170,ncih2170_antibiotics_blank_ctrl,MIA,224,198
ncih2170_antibiotics_blank_ctrl_22,train,NCI-H2170,ncih2170_antibiotics_blank_ctrl,MIA,375,381
ncih2170_antibiotics_blank_ctrl_23,val,NCI-H2170,ncih2170_antibiotics_blank_ctrl,MIA,281,286
ncih2170_antibiotics_blank_ctrl_24,train,NCI-H2170,ncih2170_antibiotics_blank_ctrl,MIA,153,152
ncih2170_antibiotics_blank_ctrl_25,train,NCI-H2170,ncih2170_antibiotics_blank_ctrl,MIA,42,50
ncih2170_antibiotics_blank_ctrl_27,train,NCI-H2170,ncih2170_antibiotics_blank_ctrl,MIA,318,334
ncih2170_antibiotics_blank_ctrl_28,train,NCI-H2170,ncih2170_antibiotics_blank_ctrl,MIA,256,322
ncih2170_antibiotics_blank_ctrl_29,train,NCI-H2170,ncih2170_antibiotics_blank_ctrl,MIA,104,104
ncih2170_antibiotics_blank_ctrl_30,train,NCI-H2170,ncih2170_antibiotics_blank_ctrl,MIA,339,347
ncih2170_antibiotics_blank_ctrl_31,train,NCI-H2170,ncih2170_antibiotics_blank_ctrl,MIA,88,86
ncih2170_antibiotics_blank_ctrl_32,train,NCI-H2170,ncih2170_antibiotics_blank_ctrl,MIA,138,147
ncih2170_antibiotics_blank_ctrl_33,train,NCI-H2170,ncih2170_antibiotics_blank_ctrl,MIA,207,201
ncih2170_antibiotics_blank_ctrl_34,val,NCI-H2170,ncih2170_antibiotics_blank_ctrl,MIA,91,84
ncih2170_antibiotics_blank_ctrl_35,test,NCI-H2170,ncih2170_antibiotics_blank_ctrl,MIA,84,80
ncih2170_antibiotics_blank_ctrl_37,test,NCI-H2170,ncih2170_antibiotics_blank_ctrl,MIA,539,534
ncih2170_antibiotics_blank_ctrl_38,train,NCI-H2170,ncih2170_antibiotics_blank_ctrl,MIA,402,397
ncih2170_antibiotics_blank_ctrl_39,train,NCI-H2170,ncih2170_antibiotics_blank_ctrl,MIA,391,412
ncih2170_antibiotics_blank_ctrl_40,test,NCI-H2170,ncih2170_antibiotics_blank_ctrl,MIA,248,253
ncih2170_antibiotics_blank_ctrl_41,train,NCI-H2170,ncih2170_antibiotics_blank_ctrl,MIA,76,147
ncih2170_antibiotics_blank_ctrl_42,train,NCI-H2170,ncih2170_antibiotics_blank_ctrl,MIA,153,165
ncih2170_antibiotics_blank_ctrl_43,test,NCI-H2170,ncih2170_antibiotics_blank_ctrl,MIA,239,243
ncih2170_antibiotics_blank_ctrl_44,train,NCI-H2170,ncih2170_antibiotics_blank_ctrl,MIA,181,185
ncih2170_antibiotics_blank_ctrl_47,test,NCI-H2170,ncih2170_antibiotics_blank_ctrl,MIA,296,303
ncih2170_antibiotics_blank_ctrl_48,train,NCI-H2170,ncih2170_antibiotics_blank_ctrl,MIA,71,74
ncih2170_antibiotics_blank_ctrl_5,train,NCI-H2170,ncih2170_antibiotics_blank_ctrl,MIA,597,561
ncih2170_antibiotics_blank_ctrl_50,train,NCI-H2170,ncih2170_antibiotics_blank_ctrl,MIA,197,196
ncih2170_antibiotics_blank_ctrl_51,val,NCI-H2170,ncih2170_antibiotics_blank_ctrl,MIA,159,165
ncih2170_antibiotics_blank_ctrl_52,val,NCI-H2170,ncih2170_antibiotics_blank_ctrl,MIA,324,314
ncih2170_antibiotics_blank_ctrl_53,test,NCI-H2170,ncih2170_antibiotics_blank_ctrl,MIA,302,298
ncih2170_antibiotics_blank_ctrl_55,train,NCI-H2170,ncih2170_antibiotics_blank_ctrl,MIA,254,279
ncih2170_antibiotics_blank_ctrl_56,train,NCI-H2170,ncih2170_antibiotics_blank_ctrl,MIA,240,250
ncih2170_antibiotics_blank_ctrl_57,train,NCI-H2170,ncih2170_antibiotics_blank_ctrl,MIA,214,210
ncih2170_antibiotics_blank_ctrl_58,train,NCI-H2170,ncih2170_antibiotics_blank_ctrl,MIA,181,180
ncih2170_antibiotics_blank_ctrl_59,train,NCI-H2170,ncih2170_antibiotics_blank_ctrl,MIA,207,197
ncih2170_antibiotics_blank_ctrl_6,val,NCI-H2170,ncih2170_antibiotics_blank_ctrl,MIA,402,388
ncih2170_antibiotics_blank_ctrl_60,train,NCI-H2170,ncih2170_antibiotics_blank_ctrl,MIA,314,297
ncih2170_antibiotics_blank_ctrl_61,train,NCI-H2170,ncih2170_antibiotics_blank_ctrl,MIA,259,252
ncih2170_antibiotics_blank_ctrl_62,train,NCI-H2170,ncih2170_antibiotics_blank_ctrl,MIA,299,318
ncih2170_antibiotics_blank_ctrl_63,val,NCI-H2170,ncih2170_antibiotics_blank_ctrl,MIA,763,792
ncih2170_antibiotics_blank_ctrl_64,train,NCI-H2170,ncih2170_antibiotics_blank_ctrl,MIA,124,119
ncih2170_antibiotics_blank_ctrl_65,train,NCI-H2170,ncih2170_antibiotics_blank_ctrl,MIA,139,135
ncih2170_antibiotics_blank_ctrl_66,train,NCI-H2170,ncih2170_antibiotics_blank_ctrl,MIA,329,301
ncih2170_antibiotics_blank_ctrl_67,train,NCI-H2170,ncih2170_antibiotics_blank_ctrl,MIA,250,244
ncih2170_antibiotics_blank_ctrl_69,train,NCI-H2170,ncih2170_antibiotics_blank_ctrl,MIA,335,314
ncih2170_antibiotics_blank_ctrl_7,train,NCI-H2170,ncih2170_antibiotics_blank_ctrl,MIA,328,339
ncih2170_antibiotics_blank_ctrl_70,test,NCI-H2170,ncih2170_antibiotics_blank_ctrl,MIA,446,457
ncih2170_antibiotics_blank_ctrl_71,test,NCI-H2170,ncih2170_antibiotics_blank_ctrl,MIA,330,320
ncih2170_antibiotics_blank_ctrl_74,train,NCI-H2170,ncih2170_antibiotics_blank_ctrl,MIA,375,366
ncih2170_antibiotics_blank_ctrl_75,train,NCI-H2170,ncih2170_antibiotics_blank_ctrl,MIA,133,145
ncih2170_antibiotics_blank_ctrl_76,train,NCI-H2170,ncih2170_antibiotics_blank_ctrl,MIA,456,464
ncih2170_antibiotics_blank_ctrl_77,train,NCI-H2170,ncih2170_antibiotics_blank_ctrl,MIA,261,286
ncih2170_antibiotics_blank_ctrl_78,test,NCI-H2170,ncih2170_antibiotics_blank_ctrl,MIA,300,302
ncih2170_antibiotics_blank_ctrl_79,train,NCI-H2170,ncih2170_antibiotics_blank_ctrl,MIA,337,343
ncih2170_antibiotics_blank_ctrl_80,train,NCI-H2170,ncih2170_antibiotics_blank_ctrl,MIA,146,156
ncih2170_antibiotics_blank_ctrl_81,train,NCI-H2170,ncih2170_antibiotics_blank_ctrl,MIA,93,101
ncih2170_antibiotics_blank_ctrl_82,train,NCI-H2170,ncih2170_antibiotics_blank_ctrl,MIA,99,103
ncih2170_antibiotics_blank_ctrl_84,val,NCI-H2170,ncih2170_antibiotics_blank_ctrl,MIA,281,285
ncih2170_antibiotics_blank_ctrl_86,train,NCI-H2170,ncih2170_antibiotics_blank_ctrl,MIA,287,303
ncih2170_antibiotics_blank_ctrl_87,train,NCI-H2170,ncih2170_antibiotics_blank_ctrl,MIA,90,89
ncih2170_antibiotics_blank_ctrl_88_a,val,NCI-H2170,ncih2170_antibiotics_blank_ctrl,MIA,343,344
ncih2170_antibiotics_blank_ctrl_89,val,NCI-H2170,ncih2170_antibiotics_blank_ctrl,MIA,94,100
ncih2170_antibiotics_blank_ctrl_9,train,NCI-H2170,ncih2170_antibiotics_blank_ctrl,MIA,769,781
ncih2170_antibiotics_blank_ctrl_96,train,NCI-H2170,ncih2170_antibiotics_blank_ctrl,MIA,106,105
ncih2170_antibiotics_blank_ctrl_97,train,NCI-H2170,ncih2170_antibiotics_blank_ctrl,MIA,146,140
ncih2170_antibiotics_blank_ctrl_98,train,NCI-H2170,ncih2170_antibiotics_blank_ctrl,MIA,219,227
ncih2170_antibiotics_ps_10,train,NCI-H2170,ncih2170_antibiotics_ps,MIA,160,145
ncih2170_antibiotics_ps_102_b,test,NCI-H2170,ncih2170_antibiotics_ps,MIA,252,244
ncih2170_antibiotics_ps_104,val,NCI-H2170,ncih2170_antibiotics_ps,MIA,158,152
ncih2170_antibiotics_ps_105,test,NCI-H2170,ncih2170_antibiotics_ps,MIA,237,224
ncih2170_antibiotics_ps_106,train,NCI-H2170,ncih2170_antibiotics_ps,MIA,122,121
ncih2170_antibiotics_ps_107_a,test,NCI-H2170,ncih2170_antibiotics_ps,MIA,246,217
ncih2170_antibiotics_ps_107_b,train,NCI-H2170,ncih2170_antibiotics_ps,MIA,205,222
ncih2170_antibiotics_ps_111,train,NCI-H2170,ncih2170_antibiotics_ps,MIA,186,173
ncih2170_antibiotics_ps_112,test,NCI-H2170,ncih2170_antibiotics_ps,MIA,79,79
ncih2170_antibiotics_ps_113_a,val,NCI-H2170,ncih2170_antibiotics_ps,MIA,121,90
ncih2170_antibiotics_ps_113_b,train,NCI-H2170,ncih2170_antibiotics_ps,MIA,142,145
ncih2170_antibiotics_ps_12,val,NCI-H2170,ncih2170_antibiotics_ps,MIA,129,154
ncih2170_antibiotics_ps_13,train,NCI-H2170,ncih2170_antibiotics_ps,MIA,398,397
ncih2170_antibiotics_ps_14,train,NCI-H2170,ncih2170_antibiotics_ps,MIA,65,71
ncih2170_antibiotics_ps_16,train,NCI-H2170,ncih2170_antibiotics_ps,MIA,236,231
ncih2170_antibiotics_ps_17,train,NCI-H2170,ncih2170_antibiotics_ps,MIA,197,197
ncih2170_antibiotics_ps_18,train,NCI-H2170,ncih2170_antibiotics_ps,MIA,132,160
ncih2170_antibiotics_ps_19,train,NCI-H2170,ncih2170_antibiotics_ps,MIA,201,233
ncih2170_antibiotics_ps_20,train,NCI-H2170,ncih2170_antibiotics_ps,MIA,69,85
ncih2170_antibiotics_ps_21,train,NCI-H2170,ncih2170_antibiotics_ps,MIA,70,94
ncih2170_antibiotics_ps_22,train,NCI-H2170,ncih2170_antibiotics_ps,MIA,95,92
ncih2170_antibiotics_ps_23,train,NCI-H2170,ncih2170_antibiotics_ps,MIA,115,109
ncih2170_antibiotics_ps_24,train,NCI-H2170,ncih2170_antibiotics_ps,MIA,133,135
ncih2170_antibiotics_ps_25,test,NCI-H2170,ncih2170_antibiotics_ps,MIA,284,310
ncih2170_antibiotics_ps_28,train,NCI-H2170,ncih2170_antibiotics_ps,MIA,121,106
ncih2170_antibiotics_ps_29_a,train,NCI-H2170,ncih2170_antibiotics_ps,MIA,93,91
ncih2170_antibiotics_ps_29_b,val,NCI-H2170,ncih2170_antibiotics_ps,MIA,52,49
ncih2170_antibiotics_ps_3,val,NCI-H2170,ncih2170_antibiotics_ps,MIA,157,154
ncih2170_antibiotics_ps_30,train,NCI-H2170,ncih2170_antibiotics_ps,MIA,95,87
ncih2170_antibiotics_ps_31,train,NCI-H2170,ncih2170_antibiotics_ps,MIA,305,313
ncih2170_antibiotics_ps_32,test,NCI-H2170,ncih2170_antibiotics_ps,MIA,67,48
ncih2170_antibiotics_ps_33,train,NCI-H2170,ncih2170_antibiotics_ps,MIA,141,128
ncih2170_antibiotics_ps_34_b,train,NCI-H2170,ncih2170_antibiotics_ps,MIA,76,92
ncih2170_antibiotics_ps_34_c,val,NCI-H2170,ncih2170_antibiotics_ps,MIA,153,142
ncih2170_antibiotics_ps_35,train,NCI-H2170,ncih2170_antibiotics_ps,MIA,96,84
ncih2170_antibiotics_ps_36,test,NCI-H2170,ncih2170_antibiotics_ps,MIA,142,117
ncih2170_antibiotics_ps_37,train,NCI-H2170,ncih2170_antibiotics_ps,MIA,81,73
ncih2170_antibiotics_ps_38,train,NCI-H2170,ncih2170_antibiotics_ps,MIA,354,327
ncih2170_antibiotics_ps_39,train,NCI-H2170,ncih2170_antibiotics_ps,MIA,131,115
ncih2170_antibiotics_ps_4,test,NCI-H2170,ncih2170_antibiotics_ps,MIA,148,146
ncih2170_antibiotics_ps_40,train,NCI-H2170,ncih2170_antibiotics_ps,MIA,75,69
ncih2170_antibiotics_ps_41,train,NCI-H2170,ncih2170_antibiotics_ps,MIA,150,123
ncih2170_antibiotics_ps_42,train,NCI-H2170,ncih2170_antibiotics_ps,MIA,96,95
ncih2170_antibiotics_ps_43,train,NCI-H2170,ncih2170_antibiotics_ps,MIA,63,65
ncih2170_antibiotics_ps_44,train,NCI-H2170,ncih2170_antibiotics_ps,MIA,829,818
ncih2170_antibiotics_ps_45,train,NCI-H2170,ncih2170_antibiotics_ps,MIA,90,72
ncih2170_antibiotics_ps_46,train,NCI-H2170,ncih2170_antibiotics_ps,MIA,211,187
ncih2170_antibiotics_ps_47,train,NCI-H2170,ncih2170_antibiotics_ps,MIA,220,203
ncih2170_antibiotics_ps_48,train,NCI-H2170,ncih2170_antibiotics_ps,MIA,76,74
ncih2170_antibiotics_ps_49,train,NCI-H2170,ncih2170_antibiotics_ps,MIA,109,93
ncih2170_antibiotics_ps_5,train,NCI-H2170,ncih2170_antibiotics_ps,MIA,235,271
ncih2170_antibiotics_ps_50,train,NCI-H2170,ncih2170_antibiotics_ps,MIA,147,129
ncih2170_antibiotics_ps_54,train,NCI-H2170,ncih2170_antibiotics_ps,MIA,125,110
ncih2170_antibiotics_ps_55,val,NCI-H2170,ncih2170_antibiotics_ps,MIA,212,194
ncih2170_antibiotics_ps_56_a,test,NCI-H2170,ncih2170_antibiotics_ps,MIA,233,229
ncih2170_antibiotics_ps_56_b,train,NCI-H2170,ncih2170_antibiotics_ps,MIA,434,430
ncih2170_antibiotics_ps_57,train,NCI-H2170,ncih2170_antibiotics_ps,MIA,70,53
ncih2170_antibiotics_ps_58,train,NCI-H2170,ncih2170_antibiotics_ps,MIA,212,192
ncih2170_antibiotics_ps_61,train,NCI-H2170,ncih2170_antibiotics_ps,MIA,246,238
ncih2170_antibiotics_ps_62,train,NCI-H2170,ncih2170_antibiotics_ps,MIA,458,427
ncih2170_antibiotics_ps_63,train,NCI-H2170,ncih2170_antibiotics_ps,MIA,862,746
ncih2170_antibiotics_ps_64,val,NCI-H2170,ncih2170_antibiotics_ps,MIA,281,278
ncih2170_antibiotics_ps_65,train,NCI-H2170,ncih2170_antibiotics_ps,MIA,131,120
ncih2170_antibiotics_ps_67,train,NCI-H2170,ncih2170_antibiotics_ps,MIA,153,154
ncih2170_antibiotics_ps_68,val,NCI-H2170,ncih2170_antibiotics_ps,MIA,210,202
ncih2170_antibiotics_ps_69,train,NCI-H2170,ncih2170_antibiotics_ps,MIA,190,165
ncih2170_antibiotics_ps_7,train,NCI-H2170,ncih2170_antibiotics_ps,MIA,191,205
ncih2170_antibiotics_ps_70,val,NCI-H2170,ncih2170_antibiotics_ps,MIA,148,146
ncih2170_antibiotics_ps_72,val,NCI-H2170,ncih2170_antibiotics_ps,MIA,139,104
ncih2170_antibiotics_ps_73,train,NCI-H2170,ncih2170_antibiotics_ps,MIA,370,330
ncih2170_antibiotics_ps_75,train,NCI-H2170,ncih2170_antibiotics_ps,MIA,88,85
ncih2170_antibiotics_ps_76,train,NCI-H2170,ncih2170_antibiotics_ps,MIA,209,201
ncih2170_antibiotics_ps_77,train,NCI-H2170,ncih2170_antibiotics_ps,MIA,264,289
ncih2170_antibiotics_ps_78,test,NCI-H2170,ncih2170_antibiotics_ps,MIA,164,155
ncih2170_antibiotics_ps_79,train,NCI-H2170,ncih2170_antibiotics_ps,MIA,505,515
ncih2170_antibiotics_ps_8,train,NCI-H2170,ncih2170_antibiotics_ps,MIA,69,62
ncih2170_antibiotics_ps_80,train,NCI-H2170,ncih2170_antibiotics_ps,MIA,286,246
ncih2170_antibiotics_ps_81,train,NCI-H2170,ncih2170_antibiotics_ps,MIA,462,402
ncih2170_antibiotics_ps_82,train,NCI-H2170,ncih2170_antibiotics_ps,MIA,125,125
ncih2170_antibiotics_ps_83,train,NCI-H2170,ncih2170_antibiotics_ps,MIA,126,133
ncih2170_antibiotics_ps_84,test,NCI-H2170,ncih2170_antibiotics_ps,MIA,124,127
ncih2170_antibiotics_ps_85,train,NCI-H2170,ncih2170_antibiotics_ps,MIA,181,178
ncih2170_antibiotics_ps_86,train,NCI-H2170,ncih2170_antibiotics_ps,MIA,119,117
ncih2170_antibiotics_ps_87,train,NCI-H2170,ncih2170_antibiotics_ps,MIA,150,143
ncih2170_antibiotics_ps_88,train,NCI-H2170,ncih2170_antibiotics_ps,MIA,425,425
ncih2170_antibiotics_ps_89,train,NCI-H2170,ncih2170_antibiotics_ps,MIA,117,117
ncih2170_antibiotics_ps_9,train,NCI-H2170,ncih2170_antibiotics_ps,MIA,243,224
ncih2170_antibiotics_ps_90,test,NCI-H2170,ncih2170_antibiotics_ps,MIA,159,160
ncih2170_antibiotics_ps_92,val,NCI-H2170,ncih2170_antibiotics_ps,MIA,203,192
ncih2170_antibiotics_ps_94,train,NCI-H2170,ncih2170_antibiotics_ps,MIA,147,123
ncih2170_antibiotics_ps_95,train,NCI-H2170,ncih2170_antibiotics_ps,MIA,350,487
ncih2170_antibiotics_ps_97,train,NCI-H2170,ncih2170_antibiotics_ps,MIA,136,134
ncih2170_antibiotics_ps_98_a,train,NCI-H2170,ncih2170_antibiotics_ps,MIA,98,89
ncih2170_antibiotics_ps_98_b,train,NCI-H2170,ncih2170_antibiotics_ps,MIA,229,284
ncih2170_antibiotics_ps_99,test,NCI-H2170,ncih2170_antibiotics_ps,MIA,83,77
ncih2170_antibiotics_ps_g_100,train,NCI-H2170,ncih2170_antibiotics_ps_g,MIA,274,262
ncih2170_antibiotics_ps_g_101,train,NCI-H2170,ncih2170_antibiotics_ps_g,MIA,93,94
ncih2170_antibiotics_ps_g_102,test,NCI-H2170,ncih2170_antibiotics_ps_g,MIA,217,214
ncih2170_antibiotics_ps_g_103,train,NCI-H2170,ncih2170_antibiotics_ps_g,MIA,801,765
ncih2170_antibiotics_ps_g_104,val,NCI-H2170,ncih2170_antibiotics_ps_g,MIA,92,89
ncih2170_antibiotics_ps_g_105,val,NCI-H2170,ncih2170_antibiotics_ps_g,MIA,151,157
ncih2170_antibiotics_ps_g_106,train,NCI-H2170,ncih2170_antibiotics_ps_g,MIA,246,275
ncih2170_antibiotics_ps_g_107_a,test,NCI-H2170,ncih2170_antibiotics_ps_g,MIA,103,96
ncih2170_antibiotics_ps_g_108,train,NCI-H2170,ncih2170_antibiotics_ps_g,MIA,83,83
ncih2170_antibiotics_ps_g_110,train,NCI-H2170,ncih2170_antibiotics_ps_g,MIA,66,62
ncih2170_antibiotics_ps_g_111,train,NCI-H2170,ncih2170_antibiotics_ps_g,MIA,152,135
ncih2170_antibiotics_ps_g_112,train,NCI-H2170,ncih2170_antibiotics_ps_g,MIA,184,182
ncih2170_antibiotics_ps_g_113,val,NCI-H2170,ncih2170_antibiotics_ps_g,MIA,79,74
ncih2170_antibiotics_ps_g_114,test,NCI-H2170,ncih2170_antibiotics_ps_g,MIA,202,188
ncih2170_antibiotics_ps_g_115,test,NCI-H2170,ncih2170_antibiotics_ps_g,MIA,296,261
ncih2170_antibiotics_ps_g_116,train,NCI-H2170,ncih2170_antibiotics_ps_g,MIA,107,106
ncih2170_antibiotics_ps_g_36,test,NCI-H2170,ncih2170_antibiotics_ps_g,MIA,912,872
ncih2170_antibiotics_ps_g_37,train,NCI-H2170,ncih2170_antibiotics_ps_g,MIA,283,285
ncih2170_antibiotics_ps_g_38,val,NCI-H2170,ncih2170_antibiotics_ps_g,MIA,223,231
ncih2170_antibiotics_ps_g_39,val,NCI-H2170,ncih2170_antibiotics_ps_g,MIA,58,67
ncih2170_antibiotics_ps_g_40,train,NCI-H2170,ncih2170_antibiotics_ps_g,MIA,98,116
ncih2170_antibiotics_ps_g_42,test,NCI-H2170,ncih2170_antibiotics_ps_g,MIA,245,249
ncih2170_antibiotics_ps_g_43,train,NCI-H2170,ncih2170_antibiotics_ps_g,MIA,491,493
ncih2170_antibiotics_ps_g_44_a,test,NCI-H2170,ncih2170_antibiotics_ps_g,MIA,52,53
ncih2170_antibiotics_ps_g_45,val,NCI-H2170,ncih2170_antibiotics_ps_g,MIA,94,98
ncih2170_antibiotics_ps_g_46,train,NCI-H2170,ncih2170_antibiotics_ps_g,MIA,148,146
ncih2170_antibiotics_ps_g_47,train,NCI-H2170,ncih2170_antibiotics_ps_g,MIA,506,444
ncih2170_antibiotics_ps_g_48,train,NCI-H2170,ncih2170_antibiotics_ps_g,MIA,362,329
ncih2170_antibiotics_ps_g_49,train,NCI-H2170,ncih2170_antibiotics_ps_g,MIA,446,421
ncih2170_antibiotics_ps_g_50,train,NCI-H2170,ncih2170_antibiotics_ps_g,MIA,285,281
ncih2170_antibiotics_ps_g_51,val,NCI-H2170,ncih2170_antibiotics_ps_g,MIA,86,80
ncih2170_antibiotics_ps_g_54,test,NCI-H2170,ncih2170_antibiotics_ps_g,MIA,182,232
ncih2170_antibiotics_ps_g_55,train,NCI-H2170,ncih2170_antibiotics_ps_g,MIA,375,404
ncih2170_antibiotics_ps_g_56,test,NCI-H2170,ncih2170_antibiotics_ps_g,MIA,174,173
ncih2170_antibiotics_ps_g_60,train,NCI-H2170,ncih2170_antibiotics_ps_g,MIA,76,77
ncih2170_antibiotics_ps_g_61,train,NCI-H2170,ncih2170_antibiotics_ps_g,MIA,181,164
ncih2170_antibiotics_ps_g_62,train,NCI-H2170,ncih2170_antibiotics_ps_g,MIA,244,243
ncih2170_antibiotics_ps_g_63,val,NCI-H2170,ncih2170_antibiotics_ps_g,MIA,78,78
ncih2170_antibiotics_ps_g_64,test,NCI-H2170,ncih2170_antibiotics_ps_g,MIA,340,357
ncih2170_antibiotics_ps_g_65,test,NCI-H2170,ncih2170_antibiotics_ps_g,MIA,192,194
ncih2170_antibiotics_ps_g_66,train,NCI-H2170,ncih2170_antibiotics_ps_g,MIA,79,72
ncih2170_antibiotics_ps_g_67,test,NCI-H2170,ncih2170_antibiotics_ps_g,MIA,90,92
ncih2170_antibiotics_ps_g_68,test,NCI-H2170,ncih2170_antibiotics_ps_g,MIA,78,72
ncih2170_antibiotics_ps_g_69,test,NCI-H2170,ncih2170_antibiotics_ps_g,MIA,46,43
ncih2170_antibiotics_ps_g_71,train,NCI-H2170,ncih2170_antibiotics_ps_g,MIA,157,155
ncih2170_antibiotics_ps_g_72,test,NCI-H2170,ncih2170_antibiotics_ps_g,MIA,138,137
ncih2170_antibiotics_ps_g_74,train,NCI-H2170,ncih2170_antibiotics_ps_g,MIA,213,210
ncih2170_antibiotics_ps_g_76,test,NCI-H2170,ncih2170_antibiotics_ps_g,MIA,90,89
ncih2170_antibiotics_ps_g_77,train,NCI-H2170,ncih2170_antibiotics_ps_g,MIA,112,105
ncih2170_antibiotics_ps_g_81,train,NCI-H2170,ncih2170_antibiotics_ps_g,MIA,150,150
ncih2170_antibiotics_ps_g_85,train,NCI-H2170,ncih2170_antibiotics_ps_g,MIA,289,308
ncih2170_antibiotics_ps_g_86,val,NCI-H2170,ncih2170_antibiotics_ps_g,MIA,85,80
ncih2170_antibiotics_ps_g_88_a,train,NCI-H2170,ncih2170_antibiotics_ps_g,MIA,115,106
ncih2170_antibiotics_ps_g_88_b,train,NCI-H2170,ncih2170_antibiotics_ps_g,MIA,121,122
ncih2170_antibiotics_ps_g_89,val,NCI-H2170,ncih2170_antibiotics_ps_g,MIA,103,98
ncih2170_antibiotics_ps_g_90,train,NCI-H2170,ncih2170_antibiotics_ps_g,MIA,127,124
ncih2170_antibiotics_ps_g_91,train,NCI-H2170,ncih2170_antibiotics_ps_g,MIA,560,538
ncih2170_antibiotics_ps_g_92,train,NCI-H2170,ncih2170_antibiotics_ps_g,MIA,145,145
ncih2170_antibiotics_ps_g_94,train,NCI-H2170,ncih2170_antibiotics_ps_g,MIA,235,194
ncih2170_antibiotics_ps_g_95,train,NCI-H2170,ncih2170_antibiotics_ps_g,MIA,180,159
ncih2170_antibiotics_ps_g_96,test,NCI-H2170,ncih2170_antibiotics_ps_g,MIA,521,485
ncih2170_antibiotics_ps_g_97,train,NCI-H2170,ncih2170_antibiotics_ps_g,MIA,252,240
ncih2170_antibiotics_ps_g_98,train,NCI-H2170,ncih2170_antibiotics_ps_g,MIA,167,154
ncih2170_antibiotics_ps_g_99,val,NCI-H2170,ncih2170_antibiotics_ps_g,MIA,867,854
ncih2170_cart_72h_blank_ctrl_19,train,NCI-H2170,ncih2170_cart_72h_blank_ctrl,MIA,210,156
ncih2170_cart_72h_blank_ctrl_28,train,NCI-H2170,ncih2170_cart_72h_blank_ctrl,MIA,191,113
ncih2170_cart_72h_blank_ctrl_30,test,NCI-H2170,ncih2170_cart_72h_blank_ctrl,MIA,406,350
ncih2170_cart_72h_blank_ctrl_31,test,NCI-H2170,ncih2170_cart_72h_blank_ctrl,MIA,103,83
ncih2170_cart_72h_blank_ctrl_32,train,NCI-H2170,ncih2170_cart_72h_blank_ctrl,MIA,99,55
ncih2170_cart_72h_blank_ctrl_33,test,NCI-H2170,ncih2170_cart_72h_blank_ctrl,MIA,80,58
ncih2170_cart_72h_blank_ctrl_34,train,NCI-H2170,ncih2170_cart_72h_blank_ctrl,MIA,88,69
ncih2170_cart_72h_blank_ctrl_35,train,NCI-H2170,ncih2170_cart_72h_blank_ctrl,MIA,168,151
ncih2170_cart_72h_blank_ctrl_36,train,NCI-H2170,ncih2170_cart_72h_blank_ctrl,MIA,86,21
ncih2170_cart_72h_blank_ctrl_38,train,NCI-H2170,ncih2170_cart_72h_blank_ctrl,MIA,156,104
ncih2170_cart_72h_blank_ctrl_39,train,NCI-H2170,ncih2170_cart_72h_blank_ctrl,MIA,189,155
ncih2170_cart_72h_blank_ctrl_5,val,NCI-H2170,ncih2170_cart_72h_blank_ctrl,MIA,94,73
ncih2170_cart_72h_blank_ctrl_50,train,NCI-H2170,ncih2170_cart_72h_blank_ctrl,MIA,149,146
ncih2170_cart_72h_blank_ctrl_51,test,NCI-H2170,ncih2170_cart_72h_blank_ctrl,MIA,48,75
ncih2170_cart_72h_blank_ctrl_52,test,NCI-H2170,ncih2170_cart_72h_blank_ctrl,MIA,246,251
ncih2170_cart_72h_blank_ctrl_53,val,NCI-H2170,ncih2170_cart_72h_blank_ctrl,MIA,56,34
ncih2170_cart_72h_blank_ctrl_55,train,NCI-H2170,ncih2170_cart_72h_blank_ctrl,MIA,56,89
ncih2170_cart_72h_blank_ctrl_56,train,NCI-H2170,ncih2170_cart_72h_blank_ctrl,MIA,132,155
ncih2170_cart_72h_blank_ctrl_57,train,NCI-H2170,ncih2170_cart_72h_blank_ctrl,MIA,75,70
ncih2170_cart_72h_blank_ctrl_59,test,NCI-H2170,ncih2170_cart_72h_blank_ctrl,MIA,55,72
ncih2170_cart_72h_blank_ctrl_61,train,NCI-H2170,ncih2170_cart_72h_blank_ctrl,MIA,47,35
ncih2170_cart_72h_blank_ctrl_62,test,NCI-H2170,ncih2170_cart_72h_blank_ctrl,MIA,184,183
ncih2170_cart_72h_blank_ctrl_64,train,NCI-H2170,ncih2170_cart_72h_blank_ctrl,MIA,47,43
ncih2170_cart_72h_blank_ctrl_67,val,NCI-H2170,ncih2170_cart_72h_blank_ctrl,MIA,103,110
ncih2170_cart_72h_blank_ctrl_7,train,NCI-H2170,ncih2170_cart_72h_blank_ctrl,MIA,196,117
ncih2170_cart_72h_blank_ctrl_71,train,NCI-H2170,ncih2170_cart_72h_blank_ctrl,MIA,133,110
ncih2170_cart_72h_blank_ctrl_74,train,NCI-H2170,ncih2170_cart_72h_blank_ctrl,MIA,43,49
ncih2170_cart_72h_blank_ctrl_8,train,NCI-H2170,ncih2170_cart_72h_blank_ctrl,MIA,132,87
ncih2170_cart_72h_blank_ctrl_80,train,NCI-H2170,ncih2170_cart_72h_blank_ctrl,MIA,76,62
ncih2170_cart_72h_blank_ctrl_82,train,NCI-H2170,ncih2170_cart_72h_blank_ctrl,MIA,105,110
ncih2170_cart_72h_blank_ctrl_83,train,NCI-H2170,ncih2170_cart_72h_blank_ctrl,MIA,35,50
ncih2170_cart_72h_blank_ctrl_88,val,NCI-H2170,ncih2170_cart_72h_blank_ctrl,MIA,35,30
ncih2170_cart_72h_blank_ctrl_89,train,NCI-H2170,ncih2170_cart_72h_blank_ctrl,MIA,238,243
ncih2170_cart_72h_blank_ctrl_92,train,NCI-H2170,ncih2170_cart_72h_blank_ctrl,MIA,176,83
ncih2170_cart_72h_blank_ctrl_95,val,NCI-H2170,ncih2170_cart_72h_blank_ctrl,MIA,17,24
ncih2170_cart_72h_blank_ctrl_98,train,NCI-H2170,ncih2170_cart_72h_blank_ctrl,MIA,257,193
ncih2170_cart_72h_blank_ctrl_99,test,NCI-H2170,ncih2170_cart_72h_blank_ctrl,MIA,51,31
ncih2170_cart_72h_cart_1,train,NCI-H2170,ncih2170_cart_72h_cart,MIA,75,30
ncih2170_cart_72h_cart_100,train,NCI-H2170,ncih2170_cart_72h_cart,MIA,664,605
ncih2170_cart_72h_cart_16,train,NCI-H2170,ncih2170_cart_72h_cart,MIA,16,21
ncih2170_cart_72h_cart_17,train,NCI-H2170,ncih2170_cart_72h_cart,MIA,44,112
ncih2170_cart_72h_cart_20,train,NCI-H2170,ncih2170_cart_72h_cart,MIA,53,61
ncih2170_cart_72h_cart_21,val,NCI-H2170,ncih2170_cart_72h_cart,MIA,71,70
ncih2170_cart_72h_cart_22,train,NCI-H2170,ncih2170_cart_72h_cart,MIA,15,40
ncih2170_cart_72h_cart_27,train,NCI-H2170,ncih2170_cart_72h_cart,MIA,71,94
ncih2170_cart_72h_cart_31,train,NCI-H2170,ncih2170_cart_72h_cart,MIA,119,69
ncih2170_cart_72h_cart_32,train,NCI-H2170,ncih2170_cart_72h_cart,MIA,74,60
ncih2170_cart_72h_cart_33,train,NCI-H2170,ncih2170_cart_72h_cart,MIA,117,112
ncih2170_cart_72h_cart_36,test,NCI-H2170,ncih2170_cart_72h_cart,MIA,71,59
ncih2170_cart_72h_cart_38,val,NCI-H2170,ncih2170_cart_72h_cart,MIA,46,53
ncih2170_cart_72h_cart_4,train,NCI-H2170,ncih2170_cart_72h_cart,MIA,41,61
ncih2170_cart_72h_cart_40,train,NCI-H2170,ncih2170_cart_72h_cart,MIA,22,39
ncih2170_cart_72h_cart_47,train,NCI-H2170,ncih2170_cart_72h_cart,MIA,81,55
ncih2170_cart_72h_cart_49,train,NCI-H2170,ncih2170_cart_72h_cart,MIA,18,35
ncih2170_cart_72h_cart_5,train,NCI-H2170,ncih2170_cart_72h_cart,MIA,27,53
ncih2170_cart_72h_cart_55,test,NCI-H2170,ncih2170_cart_72h_cart,MIA,61,28
ncih2170_cart_72h_cart_57,train,NCI-H2170,ncih2170_cart_72h_cart,MIA,99,50
ncih2170_cart_72h_cart_60,train,NCI-H2170,ncih2170_cart_72h_cart,MIA,30,41
ncih2170_cart_72h_cart_61,val,NCI-H2170,ncih2170_cart_72h_cart,MIA,9,8
ncih2170_cart_72h_cart_62,test,NCI-H2170,ncih2170_cart_72h_cart,MIA,93,69
ncih2170_cart_72h_cart_63,test,NCI-H2170,ncih2170_cart_72h_cart,MIA,85,58
ncih2170_cart_72h_cart_64,train,NCI-H2170,ncih2170_cart_72h_cart,MIA,78,63
ncih2170_cart_72h_cart_69,test,NCI-H2170,ncih2170_cart_72h_cart,MIA,52,29
ncih2170_cart_72h_cart_73,train,NCI-H2170,ncih2170_cart_72h_cart,MIA,73,81
ncih2170_cart_72h_cart_77,val,NCI-H2170,ncih2170_cart_72h_cart,MIA,75,70
ncih2170_cart_72h_cart_78,train,NCI-H2170,ncih2170_cart_72h_cart,MIA,112,121
ncih2170_cart_72h_cart_80,train,NCI-H2170,ncih2170_cart_72h_cart,MIA,244,243
ncih2170_cart_72h_cart_81,val,NCI-H2170,ncih2170_cart_72h_cart,MIA,58,66
ncih2170_cart_72h_cart_82,train,NCI-H2170,ncih2170_cart_72h_cart,MIA,69,46
ncih2170_cart_72h_cart_83,train,NCI-H2170,ncih2170_cart_72h_cart,MIA,102,85
ncih2170_cart_72h_cart_88,train,NCI-H2170,ncih2170_cart_72h_cart,MIA,111,87
ncih2170_cart_72h_cart_89,train,NCI-H2170,ncih2170_cart_72h_cart,MIA,497,486
ncih2170_cart_72h_cart_90,train,NCI-H2170,ncih2170_cart_72h_cart,MIA,175,206
ncih2170_cart_72h_cart_91,train,NCI-H2170,ncih2170_cart_72h_cart,MIA,382,470
ncih2170_cart_72h_cart_93,train,NCI-H2170,ncih2170_cart_72h_cart,MIA,184,161
ncih2170_cart_72h_cart_95,train,NCI-H2170,ncih2170_cart_72h_cart,MIA,318,209
ncih2170_cart_72h_cart_96,train,NCI-H2170,ncih2170_cart_72h_cart,MIA,105,134
ncih2170_cart_72h_cart_97,train,NCI-H2170,ncih2170_cart_72h_cart,MIA,181,158
ncih2170_cart_72h_cart_99,train,NCI-H2170,ncih2170_cart_72h_cart,MIA,179,191
ncih2170_cart_72h_nt_ctrl_10,train,NCI-H2170,ncih2170_cart_72h_nt_ctrl,MIA,76,71
ncih2170_cart_72h_nt_ctrl_100,train,NCI-H2170,ncih2170_cart_72h_nt_ctrl,MIA,143,142
ncih2170_cart_72h_nt_ctrl_12,train,NCI-H2170,ncih2170_cart_72h_nt_ctrl,MIA,209,187
ncih2170_cart_72h_nt_ctrl_13,train,NCI-H2170,ncih2170_cart_72h_nt_ctrl,MIA,78,76
ncih2170_cart_72h_nt_ctrl_16,train,NCI-H2170,ncih2170_cart_72h_nt_ctrl,MIA,74,62
ncih2170_cart_72h_nt_ctrl_17,val,NCI-H2170,ncih2170_cart_72h_nt_ctrl,MIA,188,188
ncih2170_cart_72h_nt_ctrl_18,val,NCI-H2170,ncih2170_cart_72h_nt_ctrl,MIA,102,114
ncih2170_cart_72h_nt_ctrl_19,val,NCI-H2170,ncih2170_cart_72h_nt_ctrl,MIA,33,32
ncih2170_cart_72h_nt_ctrl_20,test,NCI-H2170,ncih2170_cart_72h_nt_ctrl,MIA,126,124
ncih2170_cart_72h_nt_ctrl_21,train,NCI-H2170,ncih2170_cart_72h_nt_ctrl,MIA,186,201
ncih2170_cart_72h_nt_ctrl_24,train,NCI-H2170,ncih2170_cart_72h_nt_ctrl,MIA,35,6
ncih2170_cart_72h_nt_ctrl_26,train,NCI-H2170,ncih2170_cart_72h_nt_ctrl,MIA,130,113
ncih2170_cart_72h_nt_ctrl_28,train,NCI-H2170,ncih2170_cart_72h_nt_ctrl,MIA,162,162
ncih2170_cart_72h_nt_ctrl_32,val,NCI-H2170,ncih2170_cart_72h_nt_ctrl,MIA,201,122
ncih2170_cart_72h_nt_ctrl_37,val,NCI-H2170,ncih2170_cart_72h_nt_ctrl,MIA,107,36
ncih2170_cart_72h_nt_ctrl_39,train,NCI-H2170,ncih2170_cart_72h_nt_ctrl,MIA,53,18
ncih2170_cart_72h_nt_ctrl_4,train,NCI-H2170,ncih2170_cart_72h_nt_ctrl,MIA,77,103
ncih2170_cart_72h_nt_ctrl_41,train,NCI-H2170,ncih2170_cart_72h_nt_ctrl,MIA,142,157
ncih2170_cart_72h_nt_ctrl_43,train,NCI-H2170,ncih2170_cart_72h_nt_ctrl,MIA,142,77
ncih2170_cart_72h_nt_ctrl_44,train,NCI-H2170,ncih2170_cart_72h_nt_ctrl,MIA,75,54
ncih2170_cart_72h_nt_ctrl_45,train,NCI-H2170,ncih2170_cart_72h_nt_ctrl,MIA,188,138
ncih2170_cart_72h_nt_ctrl_46,test,NCI-H2170,ncih2170_cart_72h_nt_ctrl,MIA,242,209
ncih2170_cart_72h_nt_ctrl_47,train,NCI-H2170,ncih2170_cart_72h_nt_ctrl,MIA,157,97
ncih2170_cart_72h_nt_ctrl_48,train,NCI-H2170,ncih2170_cart_72h_nt_ctrl,MIA,60,31
ncih2170_cart_72h_nt_ctrl_49,test,NCI-H2170,ncih2170_cart_72h_nt_ctrl,MIA,65,109
ncih2170_cart_72h_nt_ctrl_52,train,NCI-H2170,ncih2170_cart_72h_nt_ctrl,MIA,136,56
ncih2170_cart_72h_nt_ctrl_54,train,NCI-H2170,ncih2170_cart_72h_nt_ctrl,MIA,245,222
ncih2170_cart_72h_nt_ctrl_55,train,NCI-H2170,ncih2170_cart_72h_nt_ctrl,MIA,216,114
ncih2170_cart_72h_nt_ctrl_56,train,NCI-H2170,ncih2170_cart_72h_nt_ctrl,MIA,246,185
ncih2170_cart_72h_nt_ctrl_57,test,NCI-H2170,ncih2170_cart_72h_nt_ctrl,MIA,119,75
ncih2170_cart_72h_nt_ctrl_58,train,NCI-H2170,ncih2170_cart_72h_nt_ctrl,MIA,211,103
ncih2170_cart_72h_nt_ctrl_59,val,NCI-H2170,ncih2170_cart_72h_nt_ctrl,MIA,160,199
ncih2170_cart_72h_nt_ctrl_6,train,NCI-H2170,ncih2170_cart_72h_nt_ctrl,MIA,51,43
ncih2170_cart_72h_nt_ctrl_61,test,NCI-H2170,ncih2170_cart_72h_nt_ctrl,MIA,223,192
ncih2170_cart_72h_nt_ctrl_62,val,NCI-H2170,ncih2170_cart_72h_nt_ctrl,MIA,168,136
ncih2170_cart_72h_nt_ctrl_63,val,NCI-H2170,ncih2170_cart_72h_nt_ctrl,MIA,160,147
ncih2170_cart_72h_nt_ctrl_65,train,NCI-H2170,ncih2170_cart_72h_nt_ctrl,MIA,74,39
ncih2170_cart_72h_nt_ctrl_66,train,NCI-H2170,ncih2170_cart_72h_nt_ctrl,MIA,291,245
ncih2170_cart_72h_nt_ctrl_67,train,NCI-H2170,ncih2170_cart_72h_nt_ctrl,MIA,87,83
ncih2170_cart_72h_nt_ctrl_69,test,NCI-H2170,ncih2170_cart_72h_nt_ctrl,MIA,110,52
ncih2170_cart_72h_nt_ctrl_71,test,NCI-H2170,ncih2170_cart_72h_nt_ctrl,MIA,126,81
ncih2170_cart_72h_nt_ctrl_74,train,NCI-H2170,ncih2170_cart_72h_nt_ctrl,MIA,348,331
ncih2170_cart_72h_nt_ctrl_75,train,NCI-H2170,ncih2170_cart_72h_nt_ctrl,MIA,99,79
ncih2170_cart_72h_nt_ctrl_77,train,NCI-H2170,ncih2170_cart_72h_nt_ctrl,MIA,159,157
ncih2170_cart_72h_nt_ctrl_80,test,NCI-H2170,ncih2170_cart_72h_nt_ctrl,MIA,400,317
ncih2170_cart_72h_nt_ctrl_81,train,NCI-H2170,ncih2170_cart_72h_nt_ctrl,MIA,478,473
ncih2170_cart_72h_nt_ctrl_83,test,NCI-H2170,ncih2170_cart_72h_nt_ctrl,MIA,169,227
ncih2170_cart_72h_nt_ctrl_87,train,NCI-H2170,ncih2170_cart_72h_nt_ctrl,MIA,231,245
ncih2170_cart_72h_nt_ctrl_88,train,NCI-H2170,ncih2170_cart_72h_nt_ctrl,MIA,534,549
ncih2170_cart_72h_nt_ctrl_9,train,NCI-H2170,ncih2170_cart_72h_nt_ctrl,MIA,84,84
ncih2170_cart_72h_nt_ctrl_91,train,NCI-H2170,ncih2170_cart_72h_nt_ctrl,MIA,113,145
ncih2170_cart_72h_nt_ctrl_92,val,NCI-H2170,ncih2170_cart_72h_nt_ctrl,MIA,147,183
ncih2170_cart_72h_nt_ctrl_93,val,NCI-H2170,ncih2170_cart_72h_nt_ctrl,MIA,451,387
ncih2170_cart_72h_nt_ctrl_94,train,NCI-H2170,ncih2170_cart_72h_nt_ctrl,MIA,226,178
ncih2170_cart_72h_nt_ctrl_99,train,NCI-H2170,ncih2170_cart_72h_nt_ctrl,MIA,66,66
ncih2170_ctrl_1_24,train,NCI-H2170,ncih2170_ctrl_1,MIA,355,292
ncih2170_ctrl_1_25,train,NCI-H2170,ncih2170_ctrl_1,MIA,441,427
ncih2170_ctrl_1_27,train,NCI-H2170,ncih2170_ctrl_1,MIA,504,495
ncih2170_ctrl_1_29,train,NCI-H2170,ncih2170_ctrl_1,MIA,226,215
ncih2170_ctrl_1_30,test,NCI-H2170,ncih2170_ctrl_1,MIA,229,218
ncih2170_ctrl_1_33,train,NCI-H2170,ncih2170_ctrl_1,MIA,431,368
ncih2170_ctrl_1_37,train,NCI-H2170,ncih2170_ctrl_1,MIA,223,168
ncih2170_ctrl_1_39,train,NCI-H2170,ncih2170_ctrl_1,MIA,194,203
ncih2170_ctrl_1_41,train,NCI-H2170,ncih2170_ctrl_1,MIA,489,459
ncih2170_ctrl_1_44,train,NCI-H2170,ncih2170_ctrl_1,MIA,178,223
ncih2170_ctrl_1_45,val,NCI-H2170,ncih2170_ctrl_1,MIA,141,146
ncih2170_ctrl_1_50,train,NCI-H2170,ncih2170_ctrl_1,MIA,243,254
ncih2170_ctrl_1_51,train,NCI-H2170,ncih2170_ctrl_1,MIA,280,258
ncih2170_ctrl_1_53,train,NCI-H2170,ncih2170_ctrl_1,MIA,613,588
ncih2170_ctrl_1_54,test,NCI-H2170,ncih2170_ctrl_1,MIA,235,248
ncih2170_ctrl_1_55,train,NCI-H2170,ncih2170_ctrl_1,MIA,589,557
ncih2170_ctrl_1_58,test,NCI-H2170,ncih2170_ctrl_1,MIA,179,158
ncih2170_ctrl_1_60,val,NCI-H2170,ncih2170_ctrl_1,MIA,567,495
ncih2170_ctrl_1_61,test,NCI-H2170,ncih2170_ctrl_1,MIA,251,190
ncih2170_ctrl_1_62,test,NCI-H2170,ncih2170_ctrl_1,MIA,478,468
ncih2170_ctrl_1_65,train,NCI-H2170,ncih2170_ctrl_1,MIA,230,264
ncih2170_ctrl_1_66,train,NCI-H2170,ncih2170_ctrl_1,MIA,283,346
ncih2170_ctrl_1_68,train,NCI-H2170,ncih2170_ctrl_1,MIA,226,232
ncih2170_ctrl_1_70,val,NCI-H2170,ncih2170_ctrl_1,MIA,115,119
ncih2170_ctrl_1_82,train,NCI-H2170,ncih2170_ctrl_1,MIA,404,428
ncih2170_ctrl_1_86,train,NCI-H2170,ncih2170_ctrl_1,MIA,359,290
ncih2170_ctrl_1_88,test,NCI-H2170,ncih2170_ctrl_1,MIA,341,315
ncih2170_ctrl_1_89,train,NCI-H2170,ncih2170_ctrl_1,MIA,832,856
ncih2170_ctrl_1_90,test,NCI-H2170,ncih2170_ctrl_1,MIA,87,80
ncih2170_ctrl_1_94,test,NCI-H2170,ncih2170_ctrl_1,MIA,299,311
ncih2170_ctrl_1_95,train,NCI-H2170,ncih2170_ctrl_1,MIA,215,186
ncih2170_ctrl_1_98,train,NCI-H2170,ncih2170_ctrl_1,MIA,119,162
ncih2170_ctrl_1_99,train,NCI-H2170,ncih2170_ctrl_1,MIA,221,210
ncih2170_ctrl_2_102,train,NCI-H2170,ncih2170_ctrl_2,MIA,257,255
ncih2170_ctrl_2_103,train,NCI-H2170,ncih2170_ctrl_2,MIA,107,87
ncih2170_ctrl_2_105,test,NCI-H2170,ncih2170_ctrl_2,MIA,184,184
ncih2170_ctrl_2_106,train,NCI-H2170,ncih2170_ctrl_2,MIA,909,839
ncih2170_ctrl_2_107,train,NCI-H2170,ncih2170_ctrl_2,MIA,116,123
ncih2170_ctrl_2_110,val,NCI-H2170,ncih2170_ctrl_2,MIA,526,494
ncih2170_ctrl_2_112,train,NCI-H2170,ncih2170_ctrl_2,MIA,217,189
ncih2170_ctrl_2_114,train,NCI-H2170,ncih2170_ctrl_2,MIA,503,451
ncih2170_ctrl_2_115,train,NCI-H2170,ncih2170_ctrl_2,MIA,371,315
ncih2170_ctrl_2_116,train,NCI-H2170,ncih2170_ctrl_2,MIA,94,99
ncih2170_ctrl_2_117,train,NCI-H2170,ncih2170_ctrl_2,MIA,172,193
ncih2170_ctrl_2_118,train,NCI-H2170,ncih2170_ctrl_2,MIA,523,477
ncih2170_ctrl_2_119,train,NCI-H2170,ncih2170_ctrl_2,MIA,282,276
ncih2170_ctrl_2_121,train,NCI-H2170,ncih2170_ctrl_2,MIA,418,401
ncih2170_ctrl_2_122,train,NCI-H2170,ncih2170_ctrl_2,MIA,194,122
ncih2170_ctrl_2_123,val,NCI-H2170,ncih2170_ctrl_2,MIA,430,400
ncih2170_ctrl_2_124,train,NCI-H2170,ncih2170_ctrl_2,MIA,163,160
ncih2170_ctrl_2_125,train,NCI-H2170,ncih2170_ctrl_2,MIA,413,387
ncih2170_ctrl_2_126,val,NCI-H2170,ncih2170_ctrl_2,MIA,196,192
ncih2170_ctrl_2_127,train,NCI-H2170,ncih2170_ctrl_2,MIA,378,355
ncih2170_ctrl_2_129,train,NCI-H2170,ncih2170_ctrl_2,MIA,220,219
ncih2170_ctrl_2_130,train,NCI-H2170,ncih2170_ctrl_2,MIA,228,224
ncih2170_ctrl_2_132,test,NCI-H2170,ncih2170_ctrl_2,MIA,274,251
ncih2170_ctrl_2_133,val,NCI-H2170,ncih2170_ctrl_2,MIA,557,358
ncih2170_ctrl_2_134,train,NCI-H2170,ncih2170_ctrl_2,MIA,390,323
ncih2170_ctrl_2_136,train,NCI-H2170,ncih2170_ctrl_2,MIA,314,116
ncih2170_ctrl_2_139,test,NCI-H2170,ncih2170_ctrl_2,MIA,246,241
ncih2170_ctrl_2_141,train,NCI-H2170,ncih2170_ctrl_2,MIA,114,62
ncih2170_ctrl_2_143,val,NCI-H2170,ncih2170_ctrl_2,MIA,191,182
ncih2170_ctrl_2_22,train,NCI-H2170,ncih2170_ctrl_2,MIA,438,329
ncih2170_ctrl_2_24,test,NCI-H2170,ncih2170_ctrl_2,MIA,642,597
ncih2170_ctrl_2_27,val,NCI-H2170,ncih2170_ctrl_2,MIA,520,361
ncih2170_ctrl_2_28,train,NCI-H2170,ncih2170_ctrl_2,MIA,259,250
ncih2170_ctrl_2_29,train,NCI-H2170,ncih2170_ctrl_2,MIA,170,161
ncih2170_ctrl_2_30,train,NCI-H2170,ncih2170_ctrl_2,MIA,572,555
ncih2170_ctrl_2_31,val,NCI-H2170,ncih2170_ctrl_2,MIA,89,86
ncih2170_ctrl_2_35,train,NCI-H2170,ncih2170_ctrl_2,MIA,604,529
ncih2170_ctrl_2_40,train,NCI-H2170,ncih2170_ctrl_2,MIA,297,308
ncih2170_ctrl_2_41,train,NCI-H2170,ncih2170_ctrl_2,MIA,742,652
ncih2170_ctrl_2_92,train,NCI-H2170,ncih2170_ctrl_2,MIA,436,411
ncih2170_ctrl_2_93,train,NCI-H2170,ncih2170_ctrl_2,MIA,287,244
ncih2170_ctrl_2_94,train,NCI-H2170,ncih2170_ctrl_2,MIA,146,104
ncih2170_ctrl_2_96,test,NCI-H2170,ncih2170_ctrl_2,MIA,96,76
ncih2170_ctrl_2_99,train,NCI-H2170,ncih2170_ctrl_2,MIA,290,273
ncih2170_facs_fish_0223_high_her2_10,train,NCI-H2170,ncih2170_facs_fish_0223_high_her2,MIA,138,81
ncih2170_facs_fish_0223_high_her2_11,train,NCI-H2170,ncih2170_facs_fish_0223_high_her2,MIA,101,89
ncih2170_facs_fish_0223_high_her2_13,test,NCI-H2170,ncih2170_facs_fish_0223_high_her2,MIA,375,270
ncih2170_facs_fish_0223_high_her2_16,train,NCI-H2170,ncih2170_facs_fish_0223_high_her2,MIA,130,111
ncih2170_facs_fish_0223_high_her2_18,train,NCI-H2170,ncih2170_facs_fish_0223_high_her2,MIA,46,24
ncih2170_facs_fish_0223_high_her2_19,val,NCI-H2170,ncih2170_facs_fish_0223_high_her2,MIA,96,88
ncih2170_facs_fish_0223_high_her2_2,train,NCI-H2170,ncih2170_facs_fish_0223_high_her2,MIA,86,72
ncih2170_facs_fish_0223_high_her2_20,val,NCI-H2170,ncih2170_facs_fish_0223_high_her2,MIA,87,66
ncih2170_facs_fish_0223_high_her2_3,train,NCI-H2170,ncih2170_facs_fish_0223_high_her2,MIA,116,56
ncih2170_facs_fish_0223_high_her2_4,train,NCI-H2170,ncih2170_facs_fish_0223_high_her2,MIA,77,74
ncih2170_facs_fish_0223_high_her2_5,train,NCI-H2170,ncih2170_facs_fish_0223_high_her2,MIA,152,95
ncih2170_facs_fish_0223_high_her2_6,train,NCI-H2170,ncih2170_facs_fish_0223_high_her2,MIA,332,278
ncih2170_facs_fish_0223_high_her2_7,test,NCI-H2170,ncih2170_facs_fish_0223_high_her2,MIA,62,75
ncih2170_facs_fish_0223_high_her2_8,train,NCI-H2170,ncih2170_facs_fish_0223_high_her2,MIA,228,164
ncih2170_facs_fish_0223_high_her2_9,train,NCI-H2170,ncih2170_facs_fish_0223_high_her2,MIA,94,90
ncih2170_facs_fish_0223_low_her2_10,train,NCI-H2170,ncih2170_facs_fish_0223_low_her2,MIA,24,20
ncih2170_facs_fish_0223_low_her2_12,val,NCI-H2170,ncih2170_facs_fish_0223_low_her2,MIA,77,74
ncih2170_facs_fish_0223_low_her2_19,test,NCI-H2170,ncih2170_facs_fish_0223_low_her2,MIA,40,18
ncih2170_facs_fish_0223_low_her2_2,test,NCI-H2170,ncih2170_facs_fish_0223_low_her2,MIA,189,126
ncih2170_facs_fish_0223_low_her2_6,test,NCI-H2170,ncih2170_facs_fish_0223_low_her2,MIA,15,7
ncih2170_facs_fish_0223_low_her2_9,train,NCI-H2170,ncih2170_facs_fish_0223_low_her2,MIA,24,12
ncih2170_facs_fish_0423_high_her2_21,train,NCI-H2170,ncih2170_facs_fish_0423_high_her2,MIA,115,125
ncih2170_facs_fish_0423_high_her2_23,train,NCI-H2170,ncih2170_facs_fish_0423_high_her2,MIA,187,220
ncih2170_facs_fish_0423_high_her2_24,train,NCI-H2170,ncih2170_facs_fish_0423_high_her2,MIA,174,114
ncih2170_facs_fish_0423_high_her2_25,train,NCI-H2170,ncih2170_facs_fish_0423_high_her2,MIA,97,100
ncih2170_facs_fish_0423_high_her2_27,test,NCI-H2170,ncih2170_facs_fish_0423_high_her2,MIA,396,299
ncih2170_facs_fish_0423_low_her2_10,test,NCI-H2170,ncih2170_facs_fish_0423_low_her2,MIA,191,128
ncih2170_facs_fish_0423_low_her2_101,train,NCI-H2170,ncih2170_facs_fish_0423_low_her2,MIA,104,117
ncih2170_facs_fish_0423_low_her2_104,train,NCI-H2170,ncih2170_facs_fish_0423_low_her2,MIA,61,72
ncih2170_facs_fish_0423_low_her2_105,train,NCI-H2170,ncih2170_facs_fish_0423_low_her2,MIA,62,66
ncih2170_facs_fish_0423_low_her2_109,train,NCI-H2170,ncih2170_facs_fish_0423_low_her2,MIA,109,113
ncih2170_facs_fish_0423_low_her2_11,test,NCI-H2170,ncih2170_facs_fish_0423_low_her2,MIA,44,28
ncih2170_facs_fish_0423_low_her2_111,train,NCI-H2170,ncih2170_facs_fish_0423_low_her2,MIA,107,105
ncih2170_facs_fish_0423_low_her2_115,val,NCI-H2170,ncih2170_facs_fish_0423_low_her2,MIA,152,138
ncih2170_facs_fish_0423_low_her2_118,train,NCI-H2170,ncih2170_facs_fish_0423_low_her2,MIA,43,36
ncih2170_facs_fish_0423_low_her2_14,val,NCI-H2170,ncih2170_facs_fish_0423_low_her2,MIA,70,52
ncih2170_facs_fish_0423_low_her2_16,train,NCI-H2170,ncih2170_facs_fish_0423_low_her2,MIA,61,39
ncih2170_facs_fish_0423_low_her2_18,train,NCI-H2170,ncih2170_facs_fish_0423_low_her2,MIA,99,28
ncih2170_facs_fish_0423_low_her2_20,train,NCI-H2170,ncih2170_facs_fish_0423_low_her2,MIA,213,37
ncih2170_facs_fish_0423_low_her2_21,val,NCI-H2170,ncih2170_facs_fish_0423_low_her2,MIA,48,19
ncih2170_facs_fish_0423_low_her2_22,train,NCI-H2170,ncih2170_facs_fish_0423_low_her2,MIA,64,49
ncih2170_facs_fish_0423_low_her2_28,test,NCI-H2170,ncih2170_facs_fish_0423_low_her2,MIA,174,156
ncih2170_facs_fish_0423_low_her2_3,train,NCI-H2170,ncih2170_facs_fish_0423_low_her2,MIA,128,123
ncih2170_facs_fish_0423_low_her2_30,train,NCI-H2170,ncih2170_facs_fish_0423_low_her2,MIA,96,101
ncih2170_facs_fish_0423_low_her2_31_b,train,NCI-H2170,ncih2170_facs_fish_0423_low_her2,MIA,197,109
ncih2170_facs_fish_0423_low_her2_35,train,NCI-H2170,ncih2170_facs_fish_0423_low_her2,MIA,211,87
ncih2170_facs_fish_0423_low_her2_37,train,NCI-H2170,ncih2170_facs_fish_0423_low_her2,MIA,60,47
ncih2170_facs_fish_0423_low_her2_4,train,NCI-H2170,ncih2170_facs_fish_0423_low_her2,MIA,117,83
ncih2170_facs_fish_0423_low_her2_43,test,NCI-H2170,ncih2170_facs_fish_0423_low_her2,MIA,139,105
ncih2170_facs_fish_0423_low_her2_44,train,NCI-H2170,ncih2170_facs_fish_0423_low_her2,MIA,115,80
ncih2170_facs_fish_0423_low_her2_46,train,NCI-H2170,ncih2170_facs_fish_0423_low_her2,MIA,167,183
ncih2170_facs_fish_0423_low_her2_48,train,NCI-H2170,ncih2170_facs_fish_0423_low_her2,MIA,99,80
ncih2170_facs_fish_0423_low_her2_49,val,NCI-H2170,ncih2170_facs_fish_0423_low_her2,MIA,141,135
ncih2170_facs_fish_0423_low_her2_56,test,NCI-H2170,ncih2170_facs_fish_0423_low_her2,MIA,101,80
ncih2170_facs_fish_0423_low_her2_59,train,NCI-H2170,ncih2170_facs_fish_0423_low_her2,MIA,170,103
ncih2170_facs_fish_0423_low_her2_64,val,NCI-H2170,ncih2170_facs_fish_0423_low_her2,MIA,113,123
ncih2170_facs_fish_0423_low_her2_65,val,NCI-H2170,ncih2170_facs_fish_0423_low_her2,MIA,89,61
ncih2170_facs_fish_0423_low_her2_66,train,NCI-H2170,ncih2170_facs_fish_0423_low_her2,MIA,41,42
ncih2170_facs_fish_0423_low_her2_68,train,NCI-H2170,ncih2170_facs_fish_0423_low_her2,MIA,103,105
ncih2170_facs_fish_0423_low_her2_7,train,NCI-H2170,ncih2170_facs_fish_0423_low_her2,MIA,84,41
ncih2170_facs_fish_0423_low_her2_71,train,NCI-H2170,ncih2170_facs_fish_0423_low_her2,MIA,135,134
ncih2170_facs_fish_0423_low_her2_72,train,NCI-H2170,ncih2170_facs_fish_0423_low_her2,MIA,142,140
ncih2170_facs_fish_0423_low_her2_74,train,NCI-H2170,ncih2170_facs_fish_0423_low_her2,MIA,97,80
ncih2170_facs_fish_0423_low_her2_75,train,NCI-H2170,ncih2170_facs_fish_0423_low_her2,MIA,111,104
ncih2170_facs_fish_0423_low_her2_76,train,NCI-H2170,ncih2170_facs_fish_0423_low_her2,MIA,204,209
ncih2170_facs_fish_0423_low_her2_8,test,NCI-H2170,ncih2170_facs_fish_0423_low_her2,MIA,87,25
ncih2170_facs_fish_0423_low_her2_83,val,NCI-H2170,ncih2170_facs_fish_0423_low_her2,MIA,51,57
ncih2170_facs_fish_0423_low_her2_87,test,NCI-H2170,ncih2170_facs_fish_0423_low_her2,MIA,67,52
ncih2170_facs_fish_0423_low_her2_9,train,NCI-H2170,ncih2170_facs_fish_0423_low_her2,MIA,143,31
ncih2170_facs_fish_0423_low_her2_91,test,NCI-H2170,ncih2170_facs_fish_0423_low_her2,MIA,79,68
ncih2170_facs_fish_0423_low_her2_94,test,NCI-H2170,ncih2170_facs_fish_0423_low_her2,MIA,132,149
ncih2170_facs_fish_0423_low_her2_95,train,NCI-H2170,ncih2170_facs_fish_0423_low_her2,MIA,26,28
ncih2170_facs_fish_0423_low_her2_97,train,NCI-H2170,ncih2170_facs_fish_0423_low_her2,MIA,114,122
ncih2170_facs_fish_0423_low_her2_98,train,NCI-H2170,ncih2170_facs_fish_0423_low_her2,MIA,125,131
ncih2170_facs_fish_0723_high_her2_1,val,NCI-H2170,ncih2170_facs_fish_0723_high_her2,MIA,368,260
ncih2170_facs_fish_0723_high_her2_10,train,NCI-H2170,ncih2170_facs_fish_0723_high_her2,MIA,597,536
ncih2170_facs_fish_0723_high_her2_102,train,NCI-H2170,ncih2170_facs_fish_0723_high_her2,MIA,276,241
ncih2170_facs_fish_0723_high_her2_103,train,NCI-H2170,ncih2170_facs_fish_0723_high_her2,MIA,199,185
ncih2170_facs_fish_0723_high_her2_104,train,NCI-H2170,ncih2170_facs_fish_0723_high_her2,MIA,676,684
ncih2170_facs_fish_0723_high_her2_108,test,NCI-H2170,ncih2170_facs_fish_0723_high_her2,MIA,186,178
ncih2170_facs_fish_0723_high_her2_109,train,NCI-H2170,ncih2170_facs_fish_0723_high_her2,MIA,292,243
ncih2170_facs_fish_0723_high_her2_11,val,NCI-H2170,ncih2170_facs_fish_0723_high_her2,MIA,835,748
ncih2170_facs_fish_0723_high_her2_110,test,NCI-H2170,ncih2170_facs_fish_0723_high_her2,MIA,358,346
ncih2170_facs_fish_0723_high_her2_111,test,NCI-H2170,ncih2170_facs_fish_0723_high_her2,MIA,278,210
ncih2170_facs_fish_0723_high_her2_113,train,NCI-H2170,ncih2170_facs_fish_0723_high_her2,MIA,843,787
ncih2170_facs_fish_0723_high_her2_114,train,NCI-H2170,ncih2170_facs_fish_0723_high_her2,MIA,329,262
ncih2170_facs_fish_0723_high_her2_116,train,NCI-H2170,ncih2170_facs_fish_0723_high_her2,MIA,395,365
ncih2170_facs_fish_0723_high_her2_12,train,NCI-H2170,ncih2170_facs_fish_0723_high_her2,MIA,211,179
ncih2170_facs_fish_0723_high_her2_120,train,NCI-H2170,ncih2170_facs_fish_0723_high_her2,MIA,250,262
ncih2170_facs_fish_0723_high_her2_121,train,NCI-H2170,ncih2170_facs_fish_0723_high_her2,MIA,344,220
ncih2170_facs_fish_0723_high_her2_122,train,NCI-H2170,ncih2170_facs_fish_0723_high_her2,MIA,245,75
ncih2170_facs_fish_0723_high_her2_123,train,NCI-H2170,ncih2170_facs_fish_0723_high_her2,MIA,325,201
ncih2170_facs_fish_0723_high_her2_124,train,NCI-H2170,ncih2170_facs_fish_0723_high_her2,MIA,165,109
ncih2170_facs_fish_0723_high_her2_125,val,NCI-H2170,ncih2170_facs_fish_0723_high_her2,MIA,442,447
ncih2170_facs_fish_0723_high_her2_13,train,NCI-H2170,ncih2170_facs_fish_0723_high_her2,MIA,299,256
ncih2170_facs_fish_0723_high_her2_17,val,NCI-H2170,ncih2170_facs_fish_0723_high_her2,MIA,473,427
ncih2170_facs_fish_0723_high_her2_18,train,NCI-H2170,ncih2170_facs_fish_0723_high_her2,MIA,611,562
ncih2170_facs_fish_0723_high_her2_21,test,NCI-H2170,ncih2170_facs_fish_0723_high_her2,MIA,180,154
ncih2170_facs_fish_0723_high_her2_24,train,NCI-H2170,ncih2170_facs_fish_0723_high_her2,MIA,184,75
ncih2170_facs_fish_0723_high_her2_27,train,NCI-H2170,ncih2170_facs_fish_0723_high_her2,MIA,319,216
ncih2170_facs_fish_0723_high_her2_28,train,NCI-H2170,ncih2170_facs_fish_0723_high_her2,MIA,232,211
ncih2170_facs_fish_0723_high_her2_3,train,NCI-H2170,ncih2170_facs_fish_0723_high_her2,MIA,460,412
ncih2170_facs_fish_0723_high_her2_30,train,NCI-H2170,ncih2170_facs_fish_0723_high_her2,MIA,376,329
ncih2170_facs_fish_0723_high_her2_33,val,NCI-H2170,ncih2170_facs_fish_0723_high_her2,MIA,352,267
ncih2170_facs_fish_0723_high_her2_36,train,NCI-H2170,ncih2170_facs_fish_0723_high_her2,MIA,236,104
ncih2170_facs_fish_0723_high_her2_37,val,NCI-H2170,ncih2170_facs_fish_0723_high_her2,MIA,150,108
ncih2170_facs_fish_0723_high_her2_4,train,NCI-H2170,ncih2170_facs_fish_0723_high_her2,MIA,396,337
ncih2170_facs_fish_0723_high_her2_40,train,NCI-H2170,ncih2170_facs_fish_0723_high_her2,MIA,517,487
ncih2170_facs_fish_0723_high_her2_41,train,NCI-H2170,ncih2170_facs_fish_0723_high_her2,MIA,265,255
ncih2170_facs_fish_0723_high_her2_42,train,NCI-H2170,ncih2170_facs_fish_0723_high_her2,MIA,323,188
ncih2170_facs_fish_0723_high_her2_54,train,NCI-H2170,ncih2170_facs_fish_0723_high_her2,MIA,120,117
ncih2170_facs_fish_0723_high_her2_55,train,NCI-H2170,ncih2170_facs_fish_0723_high_her2,MIA,223,184
ncih2170_facs_fish_0723_high_her2_56,train,NCI-H2170,ncih2170_facs_fish_0723_high_her2,MIA,252,219
ncih2170_facs_fish_0723_high_her2_64,train,NCI-H2170,ncih2170_facs_fish_0723_high_her2,MIA,260,299
ncih2170_facs_fish_0723_high_her2_7,train,NCI-H2170,ncih2170_facs_fish_0723_high_her2,MIA,495,435
ncih2170_facs_fish_0723_high_her2_71,val,NCI-H2170,ncih2170_facs_fish_0723_high_her2,MIA,378,322
ncih2170_facs_fish_0723_high_her2_80,test,NCI-H2170,ncih2170_facs_fish_0723_high_her2,MIA,403,410
ncih2170_facs_fish_0723_high_her2_82,train,NCI-H2170,ncih2170_facs_fish_0723_high_her2,MIA,498,402
ncih2170_facs_fish_0723_high_her2_83,train,NCI-H2170,ncih2170_facs_fish_0723_high_her2,MIA,307,293
ncih2170_facs_fish_0723_high_her2_84,train,NCI-H2170,ncih2170_facs_fish_0723_high_her2,MIA,258,157
ncih2170_facs_fish_0723_high_her2_86,train,NCI-H2170,ncih2170_facs_fish_0723_high_her2,MIA,164,132
ncih2170_facs_fish_0723_high_her2_87,train,NCI-H2170,ncih2170_facs_fish_0723_high_her2,MIA,249,245
ncih2170_facs_fish_0723_high_her2_9,train,NCI-H2170,ncih2170_facs_fish_0723_high_her2,MIA,262,261
ncih2170_facs_fish_0723_high_her2_92,train,NCI-H2170,ncih2170_facs_fish_0723_high_her2,MIA,147,123
ncih2170_facs_fish_0723_high_her2_96,train,NCI-H2170,ncih2170_facs_fish_0723_high_her2,MIA,497,315
ncih2170_facs_fish_0723_high_her2_98,train,NCI-H2170,ncih2170_facs_fish_0723_high_her2,MIA,226,246
ncih2170_facs_fish_0723_low_her2_1,test,NCI-H2170,ncih2170_facs_fish_0723_low_her2,MIA,36,29
ncih2170_facs_fish_0723_low_her2_10,train,NCI-H2170,ncih2170_facs_fish_0723_low_her2,MIA,206,158
ncih2170_facs_fish_0723_low_her2_101,val,NCI-H2170,ncih2170_facs_fish_0723_low_her2,MIA,91,81
ncih2170_facs_fish_0723_low_her2_103,train,NCI-H2170,ncih2170_facs_fish_0723_low_her2,MIA,207,186
ncih2170_facs_fish_0723_low_her2_106,train,NCI-H2170,ncih2170_facs_fish_0723_low_her2,MIA,71,68
ncih2170_facs_fish_0723_low_her2_108,train,NCI-H2170,ncih2170_facs_fish_0723_low_her2,MIA,53,58
ncih2170_facs_fish_0723_low_her2_11,val,NCI-H2170,ncih2170_facs_fish_0723_low_her2,MIA,183,137
ncih2170_facs_fish_0723_low_her2_112,train,NCI-H2170,ncih2170_facs_fish_0723_low_her2,MIA,98,83
ncih2170_facs_fish_0723_low_her2_115,test,NCI-H2170,ncih2170_facs_fish_0723_low_her2,MIA,63,76
ncih2170_facs_fish_0723_low_her2_116,val,NCI-H2170,ncih2170_facs_fish_0723_low_her2,MIA,105,81
ncih2170_facs_fish_0723_low_her2_117,val,NCI-H2170,ncih2170_facs_fish_0723_low_her2,MIA,237,111
ncih2170_facs_fish_0723_low_her2_118,train,NCI-H2170,ncih2170_facs_fish_0723_low_her2,MIA,93,54
ncih2170_facs_fish_0723_low_her2_12,val,NCI-H2170,ncih2170_facs_fish_0723_low_her2,MIA,104,70
ncih2170_facs_fish_0723_low_her2_124,train,NCI-H2170,ncih2170_facs_fish_0723_low_her2,MIA,152,163
ncih2170_facs_fish_0723_low_her2_125,train,NCI-H2170,ncih2170_facs_fish_0723_low_her2,MIA,73,42
ncih2170_facs_fish_0723_low_her2_126,train,NCI-H2170,ncih2170_facs_fish_0723_low_her2,MIA,124,107
ncih2170_facs_fish_0723_low_her2_13,train,NCI-H2170,ncih2170_facs_fish_0723_low_her2,MIA,82,55
ncih2170_facs_fish_0723_low_her2_15,train,NCI-H2170,ncih2170_facs_fish_0723_low_her2,MIA,132,84
ncih2170_facs_fish_0723_low_her2_20,train,NCI-H2170,ncih2170_facs_fish_0723_low_her2,MIA,183,117
ncih2170_facs_fish_0723_low_her2_21,train,NCI-H2170,ncih2170_facs_fish_0723_low_her2,MIA,260,243
ncih2170_facs_fish_0723_low_her2_22,test,NCI-H2170,ncih2170_facs_fish_0723_low_her2,MIA,308,297
ncih2170_facs_fish_0723_low_her2_23,test,NCI-H2170,ncih2170_facs_fish_0723_low_her2,MIA,85,80
ncih2170_facs_fish_0723_low_her2_25,train,NCI-H2170,ncih2170_facs_fish_0723_low_her2,MIA,54,37
ncih2170_facs_fish_0723_low_her2_27,val,NCI-H2170,ncih2170_facs_fish_0723_low_her2,MIA,47,49
ncih2170_facs_fish_0723_low_her2_28,val,NCI-H2170,ncih2170_facs_fish_0723_low_her2,MIA,81,75
ncih2170_facs_fish_0723_low_her2_3,train,NCI-H2170,ncih2170_facs_fish_0723_low_her2,MIA,124,119
ncih2170_facs_fish_0723_low_her2_32,train,NCI-H2170,ncih2170_facs_fish_0723_low_her2,MIA,78,92
ncih2170_facs_fish_0723_low_her2_34,train,NCI-H2170,ncih2170_facs_fish_0723_low_her2,MIA,72,74
ncih2170_facs_fish_0723_low_her2_38,train,NCI-H2170,ncih2170_facs_fish_0723_low_her2,MIA,86,60
ncih2170_facs_fish_0723_low_her2_39,train,NCI-H2170,ncih2170_facs_fish_0723_low_her2,MIA,100,90
ncih2170_facs_fish_0723_low_her2_40,train,NCI-H2170,ncih2170_facs_fish_0723_low_her2,MIA,97,109
ncih2170_facs_fish_0723_low_her2_42,train,NCI-H2170,ncih2170_facs_fish_0723_low_her2,MIA,122,114
ncih2170_facs_fish_0723_low_her2_43,train,NCI-H2170,ncih2170_facs_fish_0723_low_her2,MIA,71,60
ncih2170_facs_fish_0723_low_her2_44,train,NCI-H2170,ncih2170_facs_fish_0723_low_her2,MIA,162,140
ncih2170_facs_fish_0723_low_her2_45,val,NCI-H2170,ncih2170_facs_fish_0723_low_her2,MIA,156,145
ncih2170_facs_fish_0723_low_her2_51,train,NCI-H2170,ncih2170_facs_fish_0723_low_her2,MIA,106,79
ncih2170_facs_fish_0723_low_her2_52,test,NCI-H2170,ncih2170_facs_fish_0723_low_her2,MIA,116,112
ncih2170_facs_fish_0723_low_her2_53,train,NCI-H2170,ncih2170_facs_fish_0723_low_her2,MIA,105,98
ncih2170_facs_fish_0723_low_her2_54,train,NCI-H2170,ncih2170_facs_fish_0723_low_her2,MIA,106,62
ncih2170_facs_fish_0723_low_her2_57,train,NCI-H2170,ncih2170_facs_fish_0723_low_her2,MIA,236,208
ncih2170_facs_fish_0723_low_her2_6,train,NCI-H2170,ncih2170_facs_fish_0723_low_her2,MIA,66,34
ncih2170_facs_fish_0723_low_her2_60,test,NCI-H2170,ncih2170_facs_fish_0723_low_her2,MIA,93,92
ncih2170_facs_fish_0723_low_her2_62,train,NCI-H2170,ncih2170_facs_fish_0723_low_her2,MIA,53,49
ncih2170_facs_fish_0723_low_her2_68,train,NCI-H2170,ncih2170_facs_fish_0723_low_her2,MIA,32,42
ncih2170_facs_fish_0723_low_her2_70,train,NCI-H2170,ncih2170_facs_fish_0723_low_her2,MIA,115,94
ncih2170_facs_fish_0723_low_her2_75,train,NCI-H2170,ncih2170_facs_fish_0723_low_her2,MIA,43,22
ncih2170_facs_fish_0723_low_her2_77,val,NCI-H2170,ncih2170_facs_fish_0723_low_her2,MIA,48,41
ncih2170_facs_fish_0723_low_her2_83,train,NCI-H2170,ncih2170_facs_fish_0723_low_her2,MIA,78,60
ncih2170_facs_fish_0723_low_her2_86,val,NCI-H2170,ncih2170_facs_fish_0723_low_her2,MIA,110,106
ncih2170_facs_fish_0723_low_her2_87,train,NCI-H2170,ncih2170_facs_fish_0723_low_her2,MIA,64,64
ncih2170_facs_fish_0723_low_her2_88,train,NCI-H2170,ncih2170_facs_fish_0723_low_her2,MIA,46,42
ncih2170_facs_fish_0723_low_her2_89,train,NCI-H2170,ncih2170_facs_fish_0723_low_her2,MIA,79,85
ncih2170_facs_fish_0723_low_her2_90,val,NCI-H2170,ncih2170_facs_fish_0723_low_her2,MIA,106,124
ncih2170_facs_fish_0723_low_her2_92,train,NCI-H2170,ncih2170_facs_fish_0723_low_her2,MIA,130,139
ncih2170_facs_fish_0723_low_her2_93,train,NCI-H2170,ncih2170_facs_fish_0723_low_her2,MIA,39,43
ncih2170_facs_fish_0723_low_her2_94,train,NCI-H2170,ncih2170_facs_fish_0723_low_her2,MIA,93,86
ncih2170_facs_fish_0723_low_her2_98,train,NCI-H2170,ncih2170_facs_fish_0723_low_her2,MIA,121,121
ncih2170_facs_fish_0723_pre_sort_ctrl_1,train,NCI-H2170,ncih2170_facs_fish_0723_pre_sort_ctrl,MIA,94,45
ncih2170_facs_fish_0723_pre_sort_ctrl_12,train,NCI-H2170,ncih2170_facs_fish_0723_pre_sort_ctrl,MIA,173,150
ncih2170_facs_fish_0723_pre_sort_ctrl_14,train,NCI-H2170,ncih2170_facs_fish_0723_pre_sort_ctrl,MIA,179,87
ncih2170_facs_fish_0723_pre_sort_ctrl_15,val,NCI-H2170,ncih2170_facs_fish_0723_pre_sort_ctrl,MIA,201,92
ncih2170_facs_fish_0723_pre_sort_ctrl_16,train,NCI-H2170,ncih2170_facs_fish_0723_pre_sort_ctrl,MIA,85,26
ncih2170_facs_fish_0723_pre_sort_ctrl_17,train,NCI-H2170,ncih2170_facs_fish_0723_pre_sort_ctrl,MIA,513,174
ncih2170_facs_fish_0723_pre_sort_ctrl_18,train,NCI-H2170,ncih2170_facs_fish_0723_pre_sort_ctrl,MIA,255,121
ncih2170_facs_fish_0723_pre_sort_ctrl_19,train,NCI-H2170,ncih2170_facs_fish_0723_pre_sort_ctrl,MIA,123,89
ncih2170_facs_fish_0723_pre_sort_ctrl_2,train,NCI-H2170,ncih2170_facs_fish_0723_pre_sort_ctrl,MIA,520,316
ncih2170_facs_fish_0723_pre_sort_ctrl_21,train,NCI-H2170,ncih2170_facs_fish_0723_pre_sort_ctrl,MIA,250,224
ncih2170_facs_fish_0723_pre_sort_ctrl_24,train,NCI-H2170,ncih2170_facs_fish_0723_pre_sort_ctrl,MIA,64,68
ncih2170_facs_fish_0723_pre_sort_ctrl_29,test,NCI-H2170,ncih2170_facs_fish_0723_pre_sort_ctrl,MIA,225,143
ncih2170_facs_fish_0723_pre_sort_ctrl_31,val,NCI-H2170,ncih2170_facs_fish_0723_pre_sort_ctrl,MIA,145,115
ncih2170_facs_fish_0723_pre_sort_ctrl_6,val,NCI-H2170,ncih2170_facs_fish_0723_pre_sort_ctrl,MIA,192,105
ncih2170_facs_fish_0723_pre_sort_ctrl_7,val,NCI-H2170,ncih2170_facs_fish_0723_pre_sort_ctrl,MIA,81,29
ncih2170_facs_fish_0723_pre_sort_ctrl_8,train,NCI-H2170,ncih2170_facs_fish_0723_pre_sort_ctrl,MIA,193,101
ncih2170_facs_fish_0723_sorted_ctrl_100,val,NCI-H2170,ncih2170_facs_fish_0723_sorted_ctrl,MIA,143,137
ncih2170_facs_fish_0723_sorted_ctrl_11,train,NCI-H2170,ncih2170_facs_fish_0723_sorted_ctrl,MIA,34,40
ncih2170_facs_fish_0723_sorted_ctrl_18,train,NCI-H2170,ncih2170_facs_fish_0723_sorted_ctrl,MIA,292,256
ncih2170_facs_fish_0723_sorted_ctrl_21,train,NCI-H2170,ncih2170_facs_fish_0723_sorted_ctrl,MIA,407,323
ncih2170_facs_fish_0723_sorted_ctrl_22,train,NCI-H2170,ncih2170_facs_fish_0723_sorted_ctrl,MIA,88,57
ncih2170_facs_fish_0723_sorted_ctrl_25,train,NCI-H2170,ncih2170_facs_fish_0723_sorted_ctrl,MIA,138,88
ncih2170_facs_fish_0723_sorted_ctrl_31,train,NCI-H2170,ncih2170_facs_fish_0723_sorted_ctrl,MIA,78,84
ncih2170_facs_fish_0723_sorted_ctrl_32,train,NCI-H2170,ncih2170_facs_fish_0723_sorted_ctrl,MIA,288,243
ncih2170_facs_fish_0723_sorted_ctrl_33,train,NCI-H2170,ncih2170_facs_fish_0723_sorted_ctrl,MIA,168,123
ncih2170_facs_fish_0723_sorted_ctrl_36,train,NCI-H2170,ncih2170_facs_fish_0723_sorted_ctrl,MIA,67,39
ncih2170_facs_fish_0723_sorted_ctrl_37,train,NCI-H2170,ncih2170_facs_fish_0723_sorted_ctrl,MIA,239,236
ncih2170_facs_fish_0723_sorted_ctrl_4,train,NCI-H2170,ncih2170_facs_fish_0723_sorted_ctrl,MIA,536,427
ncih2170_facs_fish_0723_sorted_ctrl_40,train,NCI-H2170,ncih2170_facs_fish_0723_sorted_ctrl,MIA,65,61
ncih2170_facs_fish_0723_sorted_ctrl_41,train,NCI-H2170,ncih2170_facs_fish_0723_sorted_ctrl,MIA,292,283
ncih2170_facs_fish_0723_sorted_ctrl_43,train,NCI-H2170,ncih2170_facs_fish_0723_sorted_ctrl,MIA,98,79
ncih2170_facs_fish_0723_sorted_ctrl_45,test,NCI-H2170,ncih2170_facs_fish_0723_sorted_ctrl,MIA,472,313
ncih2170_facs_fish_0723_sorted_ctrl_46,test,NCI-H2170,ncih2170_facs_fish_0723_sorted_ctrl,MIA,178,170
ncih2170_facs_fish_0723_sorted_ctrl_48,train,NCI-H2170,ncih2170_facs_fish_0723_sorted_ctrl,MIA,274,265
ncih2170_facs_fish_0723_sorted_ctrl_49,test,NCI-H2170,ncih2170_facs_fish_0723_sorted_ctrl,MIA,365,327
ncih2170_facs_fish_0723_sorted_ctrl_51,val,NCI-H2170,ncih2170_facs_fish_0723_sorted_ctrl,MIA,302,186
ncih2170_facs_fish_0723_sorted_ctrl_52,train,NCI-H2170,ncih2170_facs_fish_0723_sorted_ctrl,MIA,226,139
ncih2170_facs_fish_0723_sorted_ctrl_54,train,NCI-H2170,ncih2170_facs_fish_0723_sorted_ctrl,MIA,116,84
ncih2170_facs_fish_0723_sorted_ctrl_55,train,NCI-H2170,ncih2170_facs_fish_0723_sorted_ctrl,MIA,262,183
ncih2170_facs_fish_0723_sorted_ctrl_57,train,NCI-H2170,ncih2170_facs_fish_0723_sorted_ctrl,MIA,284,281
ncih2170_facs_fish_0723_sorted_ctrl_58,val,NCI-H2170,ncih2170_facs_fish_0723_sorted_ctrl,MIA,24,26
ncih2170_facs_fish_0723_sorted_ctrl_59,train,NCI-H2170,ncih2170_facs_fish_0723_sorted_ctrl,MIA,277,301
ncih2170_facs_fish_0723_sorted_ctrl_60,test,NCI-H2170,ncih2170_facs_fish_0723_sorted_ctrl,MIA,187,142
ncih2170_facs_fish_0723_sorted_ctrl_63,val,NCI-H2170,ncih2170_facs_fish_0723_sorted_ctrl,MIA,214,202
ncih2170_facs_fish_0723_sorted_ctrl_64,train,NCI-H2170,ncih2170_facs_fish_0723_sorted_ctrl,MIA,333,309
ncih2170_facs_fish_0723_sorted_ctrl_65,train,NCI-H2170,ncih2170_facs_fish_0723_sorted_ctrl,MIA,139,117
ncih2170_facs_fish_0723_sorted_ctrl_66,train,NCI-H2170,ncih2170_facs_fish_0723_sorted_ctrl,MIA,58,58
ncih2170_facs_fish_0723_sorted_ctrl_68,train,NCI-H2170,ncih2170_facs_fish_0723_sorted_ctrl,MIA,266,270
ncih2170_facs_fish_0723_sorted_ctrl_72,train,NCI-H2170,ncih2170_facs_fish_0723_sorted_ctrl,MIA,259,35
ncih2170_facs_fish_0723_sorted_ctrl_74,train,NCI-H2170,ncih2170_facs_fish_0723_sorted_ctrl,MIA,73,80
ncih2170_facs_fish_0723_sorted_ctrl_75,train,NCI-H2170,ncih2170_facs_fish_0723_sorted_ctrl,MIA,205,207
ncih2170_facs_fish_0723_sorted_ctrl_76,train,NCI-H2170,ncih2170_facs_fish_0723_sorted_ctrl,MIA,291,142
ncih2170_facs_fish_0723_sorted_ctrl_77,train,NCI-H2170,ncih2170_facs_fish_0723_sorted_ctrl,MIA,199,159
ncih2170_facs_fish_0723_sorted_ctrl_79,train,NCI-H2170,ncih2170_facs_fish_0723_sorted_ctrl,MIA,27,19
ncih2170_facs_fish_0723_sorted_ctrl_80,val,NCI-H2170,ncih2170_facs_fish_0723_sorted_ctrl,MIA,296,346
ncih2170_facs_fish_0723_sorted_ctrl_85,train,NCI-H2170,ncih2170_facs_fish_0723_sorted_ctrl,MIA,249,183
ncih2170_facs_fish_0723_sorted_ctrl_87,train,NCI-H2170,ncih2170_facs_fish_0723_sorted_ctrl,MIA,190,186
ncih2170_facs_fish_0723_sorted_ctrl_9,train,NCI-H2170,ncih2170_facs_fish_0723_sorted_ctrl,MIA,87,81
ncih2170_facs_fish_0723_sorted_ctrl_91,val,NCI-H2170,ncih2170_facs_fish_0723_sorted_ctrl,MIA,213,215
ncih2170_facs_fish_0723_sorted_ctrl_96,val,NCI-H2170,ncih2170_facs_fish_0723_sorted_ctrl,MIA,220,223
ncih2170_facs_fish_0723_sorted_ctrl_99,train,NCI-H2170,ncih2170_facs_fish_0723_sorted_ctrl,MIA,203,193
ncih2170_jc_jq1_ic50_24h_1,train,NCI-H2170,ncih2170_jc_jq1_ic50_24h,MIA,83,60
ncih2170_jc_jq1_ic50_24h_100,test,NCI-H2170,ncih2170_jc_jq1_ic50_24h,MIA,38,19
ncih2170_jc_jq1_ic50_24h_101,train,NCI-H2170,ncih2170_jc_jq1_ic50_24h,MIA,99,70
ncih2170_jc_jq1_ic50_24h_104,train,NCI-H2170,ncih2170_jc_jq1_ic50_24h,MIA,74,45
ncih2170_jc_jq1_ic50_24h_106,train,NCI-H2170,ncih2170_jc_jq1_ic50_24h,MIA,239,159
ncih2170_jc_jq1_ic50_24h_108,val,NCI-H2170,ncih2170_jc_jq1_ic50_24h,MIA,211,156
ncih2170_jc_jq1_ic50_24h_111,train,NCI-H2170,ncih2170_jc_jq1_ic50_24h,MIA,128,87
ncih2170_jc_jq1_ic50_24h_112,train,NCI-H2170,ncih2170_jc_jq1_ic50_24h,MIA,308,233
ncih2170_jc_jq1_ic50_24h_113,train,NCI-H2170,ncih2170_jc_jq1_ic50_24h,MIA,200,171
ncih2170_jc_jq1_ic50_24h_114,train,NCI-H2170,ncih2170_jc_jq1_ic50_24h,MIA,250,191
ncih2170_jc_jq1_ic50_24h_115,train,NCI-H2170,ncih2170_jc_jq1_ic50_24h,MIA,180,93
ncih2170_jc_jq1_ic50_24h_117,train,NCI-H2170,ncih2170_jc_jq1_ic50_24h,MIA,135,100
ncih2170_jc_jq1_ic50_24h_118,train,NCI-H2170,ncih2170_jc_jq1_ic50_24h,MIA,105,58
ncih2170_jc_jq1_ic50_24h_119,train,NCI-H2170,ncih2170_jc_jq1_ic50_24h,MIA,177,126
ncih2170_jc_jq1_ic50_24h_120,train,NCI-H2170,ncih2170_jc_jq1_ic50_24h,MIA,143,106
ncih2170_jc_jq1_ic50_24h_17,val,NCI-H2170,ncih2170_jc_jq1_ic50_24h,MIA,35,22
ncih2170_jc_jq1_ic50_24h_2,train,NCI-H2170,ncih2170_jc_jq1_ic50_24h,MIA,783,549
ncih2170_jc_jq1_ic50_24h_21,train,NCI-H2170,ncih2170_jc_jq1_ic50_24h,MIA,180,128
ncih2170_jc_jq1_ic50_24h_23,val,NCI-H2170,ncih2170_jc_jq1_ic50_24h,MIA,110,91
ncih2170_jc_jq1_ic50_24h_24,train,NCI-H2170,ncih2170_jc_jq1_ic50_24h,MIA,99,69
ncih2170_jc_jq1_ic50_24h_25,train,NCI-H2170,ncih2170_jc_jq1_ic50_24h,MIA,93,77
ncih2170_jc_jq1_ic50_24h_26,train,NCI-H2170,ncih2170_jc_jq1_ic50_24h,MIA,142,116
ncih2170_jc_jq1_ic50_24h_27,train,NCI-H2170,ncih2170_jc_jq1_ic50_24h,MIA,438,319
ncih2170_jc_jq1_ic50_24h_29,train,NCI-H2170,ncih2170_jc_jq1_ic50_24h,MIA,201,127
ncih2170_jc_jq1_ic50_24h_30,train,NCI-H2170,ncih2170_jc_jq1_ic50_24h,MIA,163,99
ncih2170_jc_jq1_ic50_24h_31,train,NCI-H2170,ncih2170_jc_jq1_ic50_24h,MIA,274,170
ncih2170_jc_jq1_ic50_24h_33,train,NCI-H2170,ncih2170_jc_jq1_ic50_24h,MIA,121,76
ncih2170_jc_jq1_ic50_24h_36,val,NCI-H2170,ncih2170_jc_jq1_ic50_24h,MIA,273,213
ncih2170_jc_jq1_ic50_24h_38,test,NCI-H2170,ncih2170_jc_jq1_ic50_24h,MIA,59,62
ncih2170_jc_jq1_ic50_24h_40,train,NCI-H2170,ncih2170_jc_jq1_ic50_24h,MIA,406,308
ncih2170_jc_jq1_ic50_24h_41,train,NCI-H2170,ncih2170_jc_jq1_ic50_24h,MIA,69,49
ncih2170_jc_jq1_ic50_24h_42,train,NCI-H2170,ncih2170_jc_jq1_ic50_24h,MIA,51,28
ncih2170_jc_jq1_ic50_24h_47,train,NCI-H2170,ncih2170_jc_jq1_ic50_24h,MIA,120,79
ncih2170_jc_jq1_ic50_24h_48,test,NCI-H2170,ncih2170_jc_jq1_ic50_24h,MIA,223,158
ncih2170_jc_jq1_ic50_24h_5,train,NCI-H2170,ncih2170_jc_jq1_ic50_24h,MIA,86,69
ncih2170_jc_jq1_ic50_24h_50,test,NCI-H2170,ncih2170_jc_jq1_ic50_24h,MIA,72,36
ncih2170_jc_jq1_ic50_24h_51,train,NCI-H2170,ncih2170_jc_jq1_ic50_24h,MIA,323,259
ncih2170_jc_jq1_ic50_24h_53,train,NCI-H2170,ncih2170_jc_jq1_ic50_24h,MIA,127,90
ncih2170_jc_jq1_ic50_24h_54,train,NCI-H2170,ncih2170_jc_jq1_ic50_24h,MIA,101,65
ncih2170_jc_jq1_ic50_24h_56,train,NCI-H2170,ncih2170_jc_jq1_ic50_24h,MIA,265,170
ncih2170_jc_jq1_ic50_24h_61,train,NCI-H2170,ncih2170_jc_jq1_ic50_24h,MIA,50,45
ncih2170_jc_jq1_ic50_24h_62,train,NCI-H2170,ncih2170_jc_jq1_ic50_24h,MIA,155,131
ncih2170_jc_jq1_ic50_24h_64,train,NCI-H2170,ncih2170_jc_jq1_ic50_24h,MIA,102,74
ncih2170_jc_jq1_ic50_24h_66,train,NCI-H2170,ncih2170_jc_jq1_ic50_24h,MIA,246,94
ncih2170_jc_jq1_ic50_24h_67,train,NCI-H2170,ncih2170_jc_jq1_ic50_24h,MIA,118,44
ncih2170_jc_jq1_ic50_24h_68,train,NCI-H2170,ncih2170_jc_jq1_ic50_24h,MIA,160,140
ncih2170_jc_jq1_ic50_24h_69,train,NCI-H2170,ncih2170_jc_jq1_ic50_24h,MIA,62,40
ncih2170_jc_jq1_ic50_24h_7,test,NCI-H2170,ncih2170_jc_jq1_ic50_24h,MIA,328,200
ncih2170_jc_jq1_ic50_24h_72,train,NCI-H2170,ncih2170_jc_jq1_ic50_24h,MIA,94,33
ncih2170_jc_jq1_ic50_24h_73,train,NCI-H2170,ncih2170_jc_jq1_ic50_24h,MIA,123,78
ncih2170_jc_jq1_ic50_24h_74,train,NCI-H2170,ncih2170_jc_jq1_ic50_24h,MIA,314,276
ncih2170_jc_jq1_ic50_24h_75,train,NCI-H2170,ncih2170_jc_jq1_ic50_24h,MIA,111,75
ncih2170_jc_jq1_ic50_24h_76_a,train,NCI-H2170,ncih2170_jc_jq1_ic50_24h,MIA,149,110
ncih2170_jc_jq1_ic50_24h_79,train,NCI-H2170,ncih2170_jc_jq1_ic50_24h,MIA,110,71
ncih2170_jc_jq1_ic50_24h_84,test,NCI-H2170,ncih2170_jc_jq1_ic50_24h,MIA,64,56
ncih2170_jc_jq1_ic50_24h_86,test,NCI-H2170,ncih2170_jc_jq1_ic50_24h,MIA,193,128
ncih2170_jc_jq1_ic50_24h_89,train,NCI-H2170,ncih2170_jc_jq1_ic50_24h,MIA,134,97
ncih2170_jc_jq1_ic50_24h_90,val,NCI-H2170,ncih2170_jc_jq1_ic50_24h,MIA,134,86
ncih2170_jc_jq1_ic50_24h_91,train,NCI-H2170,ncih2170_jc_jq1_ic50_24h,MIA,125,101
ncih2170_jc_jq1_ic50_24h_92,train,NCI-H2170,ncih2170_jc_jq1_ic50_24h,MIA,141,127
ncih2170_jc_jq1_ic50_24h_93,train,NCI-H2170,ncih2170_jc_jq1_ic50_24h,MIA,419,341
ncih2170_jc_jq1_ic50_24h_94,train,NCI-H2170,ncih2170_jc_jq1_ic50_24h,MIA,135,85
ncih2170_jc_jq1_ic50_24h_95,train,NCI-H2170,ncih2170_jc_jq1_ic50_24h,MIA,58,39
ncih2170_jc_jq1_ic50_24h_96,train,NCI-H2170,ncih2170_jc_jq1_ic50_24h,MIA,69,37
ncih2170_jc_jq1_ic50_24h_97,train,NCI-H2170,ncih2170_jc_jq1_ic50_24h,MIA,53,32
ncih2170_jc_jq1_ic50_24h_98,test,NCI-H2170,ncih2170_jc_jq1_ic50_24h,MIA,97,76
ncih2170_jc_lap_ic50_24h_10,train,NCI-H2170,ncih2170_jc_lap_ic50_24h,MIA,103,82
ncih2170_jc_lap_ic50_24h_101,train,NCI-H2170,ncih2170_jc_lap_ic50_24h,MIA,278,217
ncih2170_jc_lap_ic50_24h_102,train,NCI-H2170,ncih2170_jc_lap_ic50_24h,MIA,125,72
ncih2170_jc_lap_ic50_24h_104,train,NCI-H2170,ncih2170_jc_lap_ic50_24h,MIA,151,62
ncih2170_jc_lap_ic50_24h_106,train,NCI-H2170,ncih2170_jc_lap_ic50_24h,MIA,166,97
ncih2170_jc_lap_ic50_24h_108,train,NCI-H2170,ncih2170_jc_lap_ic50_24h,MIA,70,30
ncih2170_jc_lap_ic50_24h_109,train,NCI-H2170,ncih2170_jc_lap_ic50_24h,MIA,99,69
ncih2170_jc_lap_ic50_24h_11,test,NCI-H2170,ncih2170_jc_lap_ic50_24h,MIA,89,62
ncih2170_jc_lap_ic50_24h_112,train,NCI-H2170,ncih2170_jc_lap_ic50_24h,MIA,210,153
ncih2170_jc_lap_ic50_24h_114,train,NCI-H2170,ncih2170_jc_lap_ic50_24h,MIA,50,38
ncih2170_jc_lap_ic50_24h_115,train,NCI-H2170,ncih2170_jc_lap_ic50_24h,MIA,125,106
ncih2170_jc_lap_ic50_24h_116,train,NCI-H2170,ncih2170_jc_lap_ic50_24h,MIA,101,39
ncih2170_jc_lap_ic50_24h_118,train,NCI-H2170,ncih2170_jc_lap_ic50_24h,MIA,63,36
ncih2170_jc_lap_ic50_24h_119,train,NCI-H2170,ncih2170_jc_lap_ic50_24h,MIA,120,75
ncih2170_jc_lap_ic50_24h_12,test,NCI-H2170,ncih2170_jc_lap_ic50_24h,MIA,445,303
ncih2170_jc_lap_ic50_24h_13,val,NCI-H2170,ncih2170_jc_lap_ic50_24h,MIA,192,134
ncih2170_jc_lap_ic50_24h_15,test,NCI-H2170,ncih2170_jc_lap_ic50_24h,MIA,84,29
ncih2170_jc_lap_ic50_24h_16,val,NCI-H2170,ncih2170_jc_lap_ic50_24h,MIA,92,58
ncih2170_jc_lap_ic50_24h_17,train,NCI-H2170,ncih2170_jc_lap_ic50_24h,MIA,54,28
ncih2170_jc_lap_ic50_24h_18,test,NCI-H2170,ncih2170_jc_lap_ic50_24h,MIA,107,62
ncih2170_jc_lap_ic50_24h_19,train,NCI-H2170,ncih2170_jc_lap_ic50_24h,MIA,82,57
ncih2170_jc_lap_ic50_24h_2,val,NCI-H2170,ncih2170_jc_lap_ic50_24h,MIA,110,73
ncih2170_jc_lap_ic50_24h_20,train,NCI-H2170,ncih2170_jc_lap_ic50_24h,MIA,177,111
ncih2170_jc_lap_ic50_24h_21,train,NCI-H2170,ncih2170_jc_lap_ic50_24h,MIA,242,83
ncih2170_jc_lap_ic50_24h_22,val,NCI-H2170,ncih2170_jc_lap_ic50_24h,MIA,177,65
ncih2170_jc_lap_ic50_24h_24,train,NCI-H2170,ncih2170_jc_lap_ic50_24h,MIA,97,33
ncih2170_jc_lap_ic50_24h_25,train,NCI-H2170,ncih2170_jc_lap_ic50_24h,MIA,107,46
ncih2170_jc_lap_ic50_24h_27,train,NCI-H2170,ncih2170_jc_lap_ic50_24h,MIA,65,41
ncih2170_jc_lap_ic50_24h_29f,train,NCI-H2170,ncih2170_jc_lap_ic50_24h_29f,MIA,101,46
ncih2170_jc_lap_ic50_24h_3,val,NCI-H2170,ncih2170_jc_lap_ic50_24h,MIA,108,77
ncih2170_jc_lap_ic50_24h_31,train,NCI-H2170,ncih2170_jc_lap_ic50_24h,MIA,132,97
ncih2170_jc_lap_ic50_24h_32,train,NCI-H2170,ncih2170_jc_lap_ic50_24h,MIA,54,34
ncih2170_jc_lap_ic50_24h_33,train,NCI-H2170,ncih2170_jc_lap_ic50_24h,MIA,185,108
ncih2170_jc_lap_ic50_24h_34,val,NCI-H2170,ncih2170_jc_lap_ic50_24h,MIA,123,89
ncih2170_jc_lap_ic50_24h_35,test,NCI-H2170,ncih2170_jc_lap_ic50_24h,MIA,135,89
ncih2170_jc_lap_ic50_24h_36,train,NCI-H2170,ncih2170_jc_lap_ic50_24h,MIA,36,20
ncih2170_jc_lap_ic50_24h_37,val,NCI-H2170,ncih2170_jc_lap_ic50_24h,MIA,147,49
ncih2170_jc_lap_ic50_24h_39,train,NCI-H2170,ncih2170_jc_lap_ic50_24h,MIA,122,85
ncih2170_jc_lap_ic50_24h_40,val,NCI-H2170,ncih2170_jc_lap_ic50_24h,MIA,173,118
ncih2170_jc_lap_ic50_24h_41,train,NCI-H2170,ncih2170_jc_lap_ic50_24h,MIA,185,143
ncih2170_jc_lap_ic50_24h_45,train,NCI-H2170,ncih2170_jc_lap_ic50_24h,MIA,145,107
ncih2170_jc_lap_ic50_24h_46,test,NCI-H2170,ncih2170_jc_lap_ic50_24h,MIA,151,73
ncih2170_jc_lap_ic50_24h_47,test,NCI-H2170,ncih2170_jc_lap_ic50_24h,MIA,175,111
ncih2170_jc_lap_ic50_24h_48,train,NCI-H2170,ncih2170_jc_lap_ic50_24h,MIA,97,67
ncih2170_jc_lap_ic50_24h_49,train,NCI-H2170,ncih2170_jc_lap_ic50_24h,MIA,40,31
ncih2170_jc_lap_ic50_24h_4_s,train,NCI-H2170,ncih2170_jc_lap_ic50_24h,MIA,41,24
ncih2170_jc_lap_ic50_24h_52,train,NCI-H2170,ncih2170_jc_lap_ic50_24h,MIA,150,110
ncih2170_jc_lap_ic50_24h_54,train,NCI-H2170,ncih2170_jc_lap_ic50_24h,MIA,75,45
ncih2170_jc_lap_ic50_24h_55,test,NCI-H2170,ncih2170_jc_lap_ic50_24h,MIA,55,54
ncih2170_jc_lap_ic50_24h_56,train,NCI-H2170,ncih2170_jc_lap_ic50_24h,MIA,70,30
ncih2170_jc_lap_ic50_24h_57,train,NCI-H2170,ncih2170_jc_lap_ic50_24h,MIA,202,114
ncih2170_jc_lap_ic50_24h_58,train,NCI-H2170,ncih2170_jc_lap_ic50_24h,MIA,390,240
ncih2170_jc_lap_ic50_24h_61,train,NCI-H2170,ncih2170_jc_lap_ic50_24h,MIA,165,79
ncih2170_jc_lap_ic50_24h_64,val,NCI-H2170,ncih2170_jc_lap_ic50_24h,MIA,195,98
ncih2170_jc_lap_ic50_24h_65,test,NCI-H2170,ncih2170_jc_lap_ic50_24h,MIA,318,216
ncih2170_jc_lap_ic50_24h_66,val,NCI-H2170,ncih2170_jc_lap_ic50_24h,MIA,102,83
ncih2170_jc_lap_ic50_24h_67,val,NCI-H2170,ncih2170_jc_lap_ic50_24h,MIA,303,223
ncih2170_jc_lap_ic50_24h_7,val,NCI-H2170,ncih2170_jc_lap_ic50_24h,MIA,152,113
ncih2170_jc_lap_ic50_24h_71,val,NCI-H2170,ncih2170_jc_lap_ic50_24h,MIA,236,161
ncih2170_jc_lap_ic50_24h_74,train,NCI-H2170,ncih2170_jc_lap_ic50_24h,MIA,152,72
ncih2170_jc_lap_ic50_24h_75,train,NCI-H2170,ncih2170_jc_lap_ic50_24h,MIA,177,116
ncih2170_jc_lap_ic50_24h_76,train,NCI-H2170,ncih2170_jc_lap_ic50_24h,MIA,258,148
ncih2170_jc_lap_ic50_24h_79,train,NCI-H2170,ncih2170_jc_lap_ic50_24h,MIA,110,69
ncih2170_jc_lap_ic50_24h_8,train,NCI-H2170,ncih2170_jc_lap_ic50_24h,MIA,68,38
ncih2170_jc_lap_ic50_24h_82,val,NCI-H2170,ncih2170_jc_lap_ic50_24h,MIA,233,164
ncih2170_jc_lap_ic50_24h_83,train,NCI-H2170,ncih2170_jc_lap_ic50_24h,MIA,111,94
ncih2170_jc_lap_ic50_24h_84,train,NCI-H2170,ncih2170_jc_lap_ic50_24h,MIA,161,82
ncih2170_jc_lap_ic50_24h_88,train,NCI-H2170,ncih2170_jc_lap_ic50_24h,MIA,239,73
ncih2170_jc_lap_ic50_24h_90,train,NCI-H2170,ncih2170_jc_lap_ic50_24h,MIA,283,168
ncih2170_jc_lap_ic50_24h_91,val,NCI-H2170,ncih2170_jc_lap_ic50_24h,MIA,123,90
ncih2170_jc_lap_ic50_24h_93,train,NCI-H2170,ncih2170_jc_lap_ic50_24h,MIA,259,153
ncih2170_jc_lap_ic50_24h_96,train,NCI-H2170,ncih2170_jc_lap_ic50_24h,MIA,261,154
ncih2170_jc_lap_ic50_24h_99,train,NCI-H2170,ncih2170_jc_lap_ic50_24h,MIA,89,74
ncih2170_jc_ner_ic50_24h_1,test,NCI-H2170,ncih2170_jc_ner_ic50_24h,MIA,61,46
ncih2170_jc_ner_ic50_24h_2,val,NCI-H2170,ncih2170_jc_ner_ic50_24h,MIA,314,169
ncih2170_jc_ner_ic50_24h_21,train,NCI-H2170,ncih2170_jc_ner_ic50_24h,MIA,475,347
ncih2170_jc_ner_ic50_24h_28,train,NCI-H2170,ncih2170_jc_ner_ic50_24h,MIA,62,50
ncih2170_jc_ner_ic50_24h_3,train,NCI-H2170,ncih2170_jc_ner_ic50_24h,MIA,574,392
ncih2170_jc_ner_ic50_24h_47,train,NCI-H2170,ncih2170_jc_ner_ic50_24h,MIA,212,139
ncih2170_jc_ner_ic50_24h_50,test,NCI-H2170,ncih2170_jc_ner_ic50_24h,MIA,105,90
ncih2170_jc_ner_ic50_24h_51,train,NCI-H2170,ncih2170_jc_ner_ic50_24h,MIA,166,94
ncih2170_jc_ner_ic50_24h_53,train,NCI-H2170,ncih2170_jc_ner_ic50_24h,MIA,182,105
ncih2170_jc_ner_ic50_24h_54,test,NCI-H2170,ncih2170_jc_ner_ic50_24h,MIA,86,65
ncih2170_jc_ner_ic50_24h_6,train,NCI-H2170,ncih2170_jc_ner_ic50_24h,MIA,109,65
ncih2170_jc_ner_ic50_24h_7,train,NCI-H2170,ncih2170_jc_ner_ic50_24h,MIA,137,71
ncih2170_jc_ner_ic50_24h_72,train,NCI-H2170,ncih2170_jc_ner_ic50_24h,MIA,143,109
ncih2170_jc_ner_ic50_24h_73,train,NCI-H2170,ncih2170_jc_ner_ic50_24h,MIA,78,133
ncih2170_jc_ner_ic50_24h_80,train,NCI-H2170,ncih2170_jc_ner_ic50_24h,MIA,129,69
ncih2170_jc_ner_ic50_24h_9,train,NCI-H2170,ncih2170_jc_ner_ic50_24h,MIA,168,128
ncih2170_jc_ner_ic50_72h_32,val,NCI-H2170,ncih2170_jc_ner_ic50_72h,MIA,158,174
ncih2170_jc_ner_ic50_72h_39,train,NCI-H2170,ncih2170_jc_ner_ic50_72h,MIA,396,283
ncih2170_jc_ner_ic50_72h_40,train,NCI-H2170,ncih2170_jc_ner_ic50_72h,MIA,349,250
ncih2170_jc_ner_ic50_72h_63,val,NCI-H2170,ncih2170_jc_ner_ic50_72h,MIA,148,56
ncih2170_jc_ner_ic50_72h_66,train,NCI-H2170,ncih2170_jc_ner_ic50_72h,MIA,163,98
ncih2170_jc_ner_ic50_72h_75,train,NCI-H2170,ncih2170_jc_ner_ic50_72h,MIA,233,142
ncih2170_jc_ner_ic50_72h_89,train,NCI-H2170,ncih2170_jc_ner_ic50_72h,MIA,1687,1364
ncih2170_jc_ner_ic50_72h_92,train,NCI-H2170,ncih2170_jc_ner_ic50_72h,MIA,233,180
ncih2170_post_facs_fish_high_her2_g3_28,test,NCI-H2170,ncih2170_post_facs_fish_high_her2_g3,MIA,89,58
ncih2170_post_facs_fish_high_her2_g3_42,train,NCI-H2170,ncih2170_post_facs_fish_high_her2_g3,MIA,611,587
ncih2170_post_facs_fish_high_her2_g3_54,val,NCI-H2170,ncih2170_post_facs_fish_high_her2_g3,MIA,359,392
ncih2170_post_facs_fish_high_her2_g3_61,train,NCI-H2170,ncih2170_post_facs_fish_high_her2_g3,MIA,186,225
ncih2170_post_facs_fish_high_her2_g3_65,train,NCI-H2170,ncih2170_post_facs_fish_high_her2_g3,MIA,88,118
ncih2170_post_facs_fish_low_her2_g3_1,test,NCI-H2170,ncih2170_post_facs_fish_low_her2_g3,MIA,170,152
ncih2170_post_facs_fish_low_her2_g3_101,train,NCI-H2170,ncih2170_post_facs_fish_low_her2_g3,MIA,153,186
ncih2170_post_facs_fish_low_her2_g3_36,train,NCI-H2170,ncih2170_post_facs_fish_low_her2_g3,MIA,179,144
ncih2170_post_facs_fish_low_her2_g3_39,train,NCI-H2170,ncih2170_post_facs_fish_low_her2_g3,MIA,191,201
ncih2170_post_facs_fish_low_her2_g3_53,val,NCI-H2170,ncih2170_post_facs_fish_low_her2_g3,MIA,61,110
ncih2170_post_facs_fish_low_her2_g3_55,val,NCI-H2170,ncih2170_post_facs_fish_low_her2_g3,MIA,54,48
ncih2170_post_facs_fish_low_her2_g3_59,train,NCI-H2170,ncih2170_post_facs_fish_low_her2_g3,MIA,45,42
ncih2170_post_facs_fish_low_her2_g3_6,train,NCI-H2170,ncih2170_post_facs_fish_low_her2_g3,MIA,479,439
ncih2170_post_facs_fish_low_her2_g3_68,train,NCI-H2170,ncih2170_post_facs_fish_low_her2_g3,MIA,49,93
ncih2170_post_facs_fish_low_her2_g3_79,train,NCI-H2170,ncih2170_post_facs_fish_low_her2_g3,MIA,209,201
ncih2170_post_facs_fish_low_her2_g3_82,train,NCI-H2170,ncih2170_post_facs_fish_low_her2_g3,MIA,75,70
ncih2170_post_facs_fish_low_her2_g3_87,val,NCI-H2170,ncih2170_post_facs_fish_low_her2_g3,MIA,52,67
ncih716_jc_alo_8nm_24h_11,test,NCI-H716,ncih716_jc_alo_8nm_24h,MIA,210,71
ncih716_jc_alo_8nm_24h_12,train,NCI-H716,ncih716_jc_alo_8nm_24h,MIA,191,84
ncih716_jc_alo_8nm_24h_13,test,NCI-H716,ncih716_jc_alo_8nm_24h,MIA,163,55
ncih716_jc_alo_8nm_24h_16,val,NCI-H716,ncih716_jc_alo_8nm_24h,MIA,152,108
ncih716_jc_alo_8nm_24h_17,train,NCI-H716,ncih716_jc_alo_8nm_24h,MIA,231,135
ncih716_jc_alo_8nm_24h_5,train,NCI-H716,ncih716_jc_alo_8nm_24h,MIA,128,48
ncih716_jc_ctrl_1_10,train,NCI-H716,ncih716_jc_ctrl_1,MIA,386,221
ncih716_jc_ctrl_1_13,train,NCI-H716,ncih716_jc_ctrl_1,MIA,211,103
ncih716_jc_ctrl_1_16,train,NCI-H716,ncih716_jc_ctrl_1,MIA,182,127
ncih716_jc_ctrl_1_19,val,NCI-H716,ncih716_jc_ctrl_1,MIA,207,167
ncih716_jc_ctrl_1_2,train,NCI-H716,ncih716_jc_ctrl_1,MIA,131,78
ncih716_jc_ctrl_1_21,train,NCI-H716,ncih716_jc_ctrl_1,MIA,195,136
ncih716_jc_ctrl_1_23,test,NCI-H716,ncih716_jc_ctrl_1,MIA,185,109
ncih716_jc_ctrl_1_24,train,NCI-H716,ncih716_jc_ctrl_1,MIA,350,208
ncih716_jc_ctrl_1_27,train,NCI-H716,ncih716_jc_ctrl_1,MIA,281,193
ncih716_jc_ctrl_1_3,train,NCI-H716,ncih716_jc_ctrl_1,MIA,127,90
ncih716_jc_ctrl_1_42,train,NCI-H716,ncih716_jc_ctrl_1,MIA,178,63
ncih716_jc_ctrl_1_43,train,NCI-H716,ncih716_jc_ctrl_1,MIA,194,165
ncih716_jc_ctrl_1_44_a,val,NCI-H716,ncih716_jc_ctrl_1,MIA,132,111
ncih716_jc_ctrl_1_45,test,NCI-H716,ncih716_jc_ctrl_1,MIA,101,80
ncih716_jc_ctrl_1_46,val,NCI-H716,ncih716_jc_ctrl_1,MIA,144,63
ncih716_jc_ctrl_1_48,train,NCI-H716,ncih716_jc_ctrl_1,MIA,163,154
ncih716_jc_ctrl_1_5,train,NCI-H716,ncih716_jc_ctrl_1,MIA,179,87
ncih716_jc_ctrl_1_54,train,NCI-H716,ncih716_jc_ctrl_1,MIA,134,101
ncih716_jc_ctrl_1_55,train,NCI-H716,ncih716_jc_ctrl_1,MIA,76,47
ncih716_jc_ctrl_1_56,train,NCI-H716,ncih716_jc_ctrl_1,MIA,239,207
ncih716_jc_ctrl_1_57,train,NCI-H716,ncih716_jc_ctrl_1,MIA,137,82
ncih716_jc_ctrl_1_59,train,NCI-H716,ncih716_jc_ctrl_1,MIA,211,159
ncih716_jc_ctrl_1_62,train,NCI-H716,ncih716_jc_ctrl_1,MIA,172,104
ncih716_jc_ctrl_1_64,val,NCI-H716,ncih716_jc_ctrl_1,MIA,148,108
ncih716_jc_ctrl_1_66,test,NCI-H716,ncih716_jc_ctrl_1,MIA,236,147
ncih716_jc_ctrl_1_68,val,NCI-H716,ncih716_jc_ctrl_1,MIA,202,82
ncih716_jc_ctrl_1_72,test,NCI-H716,ncih716_jc_ctrl_1,MIA,150,80
ncih716_jc_ctrl_1_74,train,NCI-H716,ncih716_jc_ctrl_1,MIA,369,306
ncih716_jc_ctrl_1_76,train,NCI-H716,ncih716_jc_ctrl_1,MIA,172,169
ncih716_jc_ctrl_2_10,train,NCI-H716,ncih716_jc_ctrl_2,MIA,116,101
ncih716_jc_ctrl_2_11,test,NCI-H716,ncih716_jc_ctrl_2,MIA,139,64
ncih716_jc_ctrl_2_12,val,NCI-H716,ncih716_jc_ctrl_2,MIA,166,122
ncih716_jc_ctrl_2_16,train,NCI-H716,ncih716_jc_ctrl_2,MIA,213,159
ncih716_jc_ctrl_2_18,train,NCI-H716,ncih716_jc_ctrl_2,MIA,131,77
ncih716_jc_ctrl_2_22,train,NCI-H716,ncih716_jc_ctrl_2,MIA,135,96
ncih716_jc_ctrl_2_23,train,NCI-H716,ncih716_jc_ctrl_2,MIA,129,140
ncih716_jc_ctrl_2_24,val,NCI-H716,ncih716_jc_ctrl_2,MIA,166,143
ncih716_jc_ctrl_2_25,test,NCI-H716,ncih716_jc_ctrl_2,MIA,171,108
ncih716_jc_ctrl_2_27,train,NCI-H716,ncih716_jc_ctrl_2,MIA,291,140
ncih716_jc_ctrl_2_28,train,NCI-H716,ncih716_jc_ctrl_2,MIA,223,156
ncih716_jc_ctrl_2_29,val,NCI-H716,ncih716_jc_ctrl_2,MIA,214,125
ncih716_jc_ctrl_2_30,test,NCI-H716,ncih716_jc_ctrl_2,MIA,71,53
ncih716_jc_ctrl_2_32,train,NCI-H716,ncih716_jc_ctrl_2,MIA,132,130
ncih716_jc_ctrl_2_33,train,NCI-H716,ncih716_jc_ctrl_2,MIA,176,103
ncih716_jc_ctrl_2_36,train,NCI-H716,ncih716_jc_ctrl_2,MIA,262,172
ncih716_jc_ctrl_2_37,train,NCI-H716,ncih716_jc_ctrl_2,MIA,468,417
ncih716_jc_ctrl_2_39,train,NCI-H716,ncih716_jc_ctrl_2,MIA,273,240
ncih716_jc_ctrl_2_40,train,NCI-H716,ncih716_jc_ctrl_2,MIA,89,67
ncih716_jc_ctrl_2_41,train,NCI-H716,ncih716_jc_ctrl_2,MIA,132,65
ncih716_jc_ctrl_2_43,train,NCI-H716,ncih716_jc_ctrl_2,MIA,144,44
ncih716_jc_ctrl_2_45,train,NCI-H716,ncih716_jc_ctrl_2,MIA,179,104
ncih716_jc_ctrl_2_46,train,NCI-H716,ncih716_jc_ctrl_2,MIA,72,53
ncih716_jc_ctrl_2_47,train,NCI-H716,ncih716_jc_ctrl_2,MIA,135,118
ncih716_jc_ctrl_2_48,train,NCI-H716,ncih716_jc_ctrl_2,MIA,322,172
ncih716_jc_ctrl_2_49,val,NCI-H716,ncih716_jc_ctrl_2,MIA,169,85
ncih716_jc_ctrl_2_5,train,NCI-H716,ncih716_jc_ctrl_2,MIA,368,243
ncih716_jc_ctrl_2_50,train,NCI-H716,ncih716_jc_ctrl_2,MIA,177,98
ncih716_jc_ctrl_2_51,train,NCI-H716,ncih716_jc_ctrl_2,MIA,181,121
ncih716_jc_ctrl_2_54,train,NCI-H716,ncih716_jc_ctrl_2,MIA,274,164
ncih716_jc_ctrl_2_55,train,NCI-H716,ncih716_jc_ctrl_2,MIA,120,52
ncih716_jc_ctrl_2_56,train,NCI-H716,ncih716_jc_ctrl_2,MIA,349,311
ncih716_jc_ctrl_2_58,test,NCI-H716,ncih716_jc_ctrl_2,MIA,166,124
ncih716_jc_ctrl_2_8,test,NCI-H716,ncih716_jc_ctrl_2,MIA,110,77
ncih716_jc_ctrl_2_9,train,NCI-H716,ncih716_jc_ctrl_2,MIA,210,126
snu16_jc_arv771_800picom_24h_4,train,SNU16,snu16_jc_arv771_800picom_24h,MIA,124,30
snu16_jc_ctrl_10,train,SNU16,snu16_jc_ctrl,MIA,376,252
snu16_jc_ctrl_102,train,SNU16,snu16_jc_ctrl,MIA,271,79
snu16_jc_ctrl_103,train,SNU16,snu16_jc_ctrl,MIA,206,92
snu16_jc_ctrl_107,train,SNU16,snu16_jc_ctrl,MIA,370,260
snu16_jc_ctrl_108,train,SNU16,snu16_jc_ctrl,MIA,635,357
snu16_jc_ctrl_112,train,SNU16,snu16_jc_ctrl,MIA,1231,138
snu16_jc_ctrl_114,test,SNU16,snu16_jc_ctrl,MIA,670,304
snu16_jc_ctrl_119,val,SNU16,snu16_jc_ctrl,MIA,415,116
snu16_jc_ctrl_120,train,SNU16,snu16_jc_ctrl,MIA,244,64
snu16_jc_ctrl_122,train,SNU16,snu16_jc_ctrl,MIA,209,118
snu16_jc_ctrl_124,test,SNU16,snu16_jc_ctrl,MIA,191,168
snu16_jc_ctrl_126,train,SNU16,snu16_jc_ctrl,MIA,181,83
snu16_jc_ctrl_127,train,SNU16,snu16_jc_ctrl,MIA,372,196
snu16_jc_ctrl_129,train,SNU16,snu16_jc_ctrl,MIA,224,68
snu16_jc_ctrl_13,val,SNU16,snu16_jc_ctrl,MIA,380,72
snu16_jc_ctrl_131,train,SNU16,snu16_jc_ctrl,MIA,225,104
snu16_jc_ctrl_132,train,SNU16,snu16_jc_ctrl,MIA,311,128
snu16_jc_ctrl_135,val,SNU16,snu16_jc_ctrl,MIA,366,261
snu16_jc_ctrl_136,train,SNU16,snu16_jc_ctrl,MIA,317,149
snu16_jc_ctrl_139,val,SNU16,snu16_jc_ctrl,MIA,254,154
snu16_jc_ctrl_144,train,SNU16,snu16_jc_ctrl,MIA,123,133
snu16_jc_ctrl_147,train,SNU16,snu16_jc_ctrl,MIA,268,67
snu16_jc_ctrl_15,train,SNU16,snu16_jc_ctrl,MIA,471,250
snu16_jc_ctrl_20,train,SNU16,snu16_jc_ctrl,MIA,990,207
snu16_jc_ctrl_23,train,SNU16,snu16_jc_ctrl,MIA,223,135
snu16_jc_ctrl_24,train,SNU16,snu16_jc_ctrl,MIA,251,96
snu16_jc_ctrl_25,train,SNU16,snu16_jc_ctrl,MIA,341,149
snu16_jc_ctrl_26,train,SNU16,snu16_jc_ctrl,MIA,170,78
snu16_jc_ctrl_30,train,SNU16,snu16_jc_ctrl,MIA,214,105
snu16_jc_ctrl_32,train,SNU16,snu16_jc_ctrl,MIA,265,114
snu16_jc_ctrl_35,test,SNU16,snu16_jc_ctrl,MIA,324,115
snu16_jc_ctrl_37,train,SNU16,snu16_jc_ctrl,MIA,320,110
snu16_jc_ctrl_38,train,SNU16,snu16_jc_ctrl,MIA,178,84
snu16_jc_ctrl_39,train,SNU16,snu16_jc_ctrl,MIA,271,31
snu16_jc_ctrl_40,test,SNU16,snu16_jc_ctrl,MIA,270,78
snu16_jc_ctrl_42,train,SNU16,snu16_jc_ctrl,MIA,90,74
snu16_jc_ctrl_43,train,SNU16,snu16_jc_ctrl,MIA,105,80
snu16_jc_ctrl_45,test,SNU16,snu16_jc_ctrl,MIA,125,73
snu16_jc_ctrl_46,test,SNU16,snu16_jc_ctrl,MIA,309,238
snu16_jc_ctrl_47,train,SNU16,snu16_jc_ctrl,MIA,392,153
snu16_jc_ctrl_48,train,SNU16,snu16_jc_ctrl,MIA,321,212
snu16_jc_ctrl_50,test,SNU16,snu16_jc_ctrl,MIA,158,90
snu16_jc_ctrl_52,train,SNU16,snu16_jc_ctrl,MIA,207,186
snu16_jc_ctrl_53,train,SNU16,snu16_jc_ctrl,MIA,637,286
snu16_jc_ctrl_54,train,SNU16,snu16_jc_ctrl,MIA,151,143
snu16_jc_ctrl_55,train,SNU16,snu16_jc_ctrl,MIA,241,160
snu16_jc_ctrl_56,train,SNU16,snu16_jc_ctrl,MIA,256,98
snu16_jc_ctrl_57,train,SNU16,snu16_jc_ctrl,MIA,222,158
snu16_jc_ctrl_59,train,SNU16,snu16_jc_ctrl,MIA,297,90
snu16_jc_ctrl_60,val,SNU16,snu16_jc_ctrl,MIA,97,60
snu16_jc_ctrl_61,train,SNU16,snu16_jc_ctrl,MIA,144,86
snu16_jc_ctrl_63,train,SNU16,snu16_jc_ctrl,MIA,190,131
snu16_jc_ctrl_65,train,SNU16,snu16_jc_ctrl,MIA,413,183
snu16_jc_ctrl_67,train,SNU16,snu16_jc_ctrl,MIA,267,163
snu16_jc_ctrl_69,test,SNU16,snu16_jc_ctrl,MIA,325,184
snu16_jc_ctrl_70,test,SNU16,snu16_jc_ctrl,MIA,238,91
snu16_jc_ctrl_72,test,SNU16,snu16_jc_ctrl,MIA,166,64
snu16_jc_ctrl_74,val,SNU16,snu16_jc_ctrl,MIA,222,111
snu16_jc_ctrl_76,train,SNU16,snu16_jc_ctrl,MIA,148,54
snu16_jc_ctrl_78,train,SNU16,snu16_jc_ctrl,MIA,144,56
snu16_jc_ctrl_79,train,SNU16,snu16_jc_ctrl,MIA,289,87
snu16_jc_ctrl_8,val,SNU16,snu16_jc_ctrl,MIA,232,86
snu16_jc_ctrl_83,test,SNU16,snu16_jc_ctrl,MIA,140,96
snu16_jc_ctrl_84,train,SNU16,snu16_jc_ctrl,MIA,212,113
snu16_jc_ctrl_86,train,SNU16,snu16_jc_ctrl,MIA,227,116
snu16_jc_ctrl_87,train,SNU16,snu16_jc_ctrl,MIA,241,109
snu16_jc_ctrl_89,train,SNU16,snu16_jc_ctrl,MIA,303,162
snu16_jc_ctrl_9,val,SNU16,snu16_jc_ctrl,MIA,161,114
snu16_jc_ctrl_91,test,SNU16,snu16_jc_ctrl,MIA,422,199
snu16_jc_ctrl_92,val,SNU16,snu16_jc_ctrl,MIA,382,303
snu16_jc_ctrl_95,train,SNU16,snu16_jc_ctrl,MIA,664,356
snu16_jc_ctrl_98,train,SNU16,snu16_jc_ctrl,MIA,459,140
snu16_jc_jq1_ic50_24h_10,train,SNU16,snu16_jc_jq1_ic50_24h,MIA,228,138
snu16_jc_jq1_ic50_24h_100,train,SNU16,snu16_jc_jq1_ic50_24h,MIA,97,62
snu16_jc_jq1_ic50_24h_102,test,SNU16,snu16_jc_jq1_ic50_24h,MIA,177,30
snu16_jc_jq1_ic50_24h_104,train,SNU16,snu16_jc_jq1_ic50_24h,MIA,481,104
snu16_jc_jq1_ic50_24h_109,train,SNU16,snu16_jc_jq1_ic50_24h,MIA,261,133
snu16_jc_jq1_ic50_24h_115,train,SNU16,snu16_jc_jq1_ic50_24h,MIA,230,58
snu16_jc_jq1_ic50_24h_117,train,SNU16,snu16_jc_jq1_ic50_24h,MIA,118,26
snu16_jc_jq1_ic50_24h_118,val,SNU16,snu16_jc_jq1_ic50_24h,MIA,221,73
snu16_jc_jq1_ic50_24h_120,test,SNU16,snu16_jc_jq1_ic50_24h,MIA,193,120
snu16_jc_jq1_ic50_24h_128,train,SNU16,snu16_jc_jq1_ic50_24h,MIA,77,73
snu16_jc_jq1_ic50_24h_16,val,SNU16,snu16_jc_jq1_ic50_24h,MIA,705,323
snu16_jc_jq1_ic50_24h_19,test,SNU16,snu16_jc_jq1_ic50_24h,MIA,271,182
snu16_jc_jq1_ic50_24h_2,train,SNU16,snu16_jc_jq1_ic50_24h,MIA,110,16
snu16_jc_jq1_ic50_24h_21,train,SNU16,snu16_jc_jq1_ic50_24h,MIA,172,29
snu16_jc_jq1_ic50_24h_26,train,SNU16,snu16_jc_jq1_ic50_24h,MIA,301,54
snu16_jc_jq1_ic50_24h_28,train,SNU16,snu16_jc_jq1_ic50_24h,MIA,433,163
snu16_jc_jq1_ic50_24h_29,train,SNU16,snu16_jc_jq1_ic50_24h,MIA,286,140
snu16_jc_jq1_ic50_24h_33_a,train,SNU16,snu16_jc_jq1_ic50_24h,MIA,527,161
snu16_jc_jq1_ic50_24h_40,test,SNU16,snu16_jc_jq1_ic50_24h,MIA,183,56
snu16_jc_jq1_ic50_24h_44,val,SNU16,snu16_jc_jq1_ic50_24h,MIA,426,218
snu16_jc_jq1_ic50_24h_45,train,SNU16,snu16_jc_jq1_ic50_24h,MIA,374,229
snu16_jc_jq1_ic50_24h_5,train,SNU16,snu16_jc_jq1_ic50_24h,MIA,434,237
snu16_jc_jq1_ic50_24h_51,test,SNU16,snu16_jc_jq1_ic50_24h,MIA,499,107
snu16_jc_jq1_ic50_24h_52,train,SNU16,snu16_jc_jq1_ic50_24h,MIA,279,34
snu16_jc_jq1_ic50_24h_54,val,SNU16,snu16_jc_jq1_ic50_24h,MIA,274,40
snu16_jc_jq1_ic50_24h_55,val,SNU16,snu16_jc_jq1_ic50_24h,MIA,189,42
snu16_jc_jq1_ic50_24h_56,test,SNU16,snu16_jc_jq1_ic50_24h,MIA,150,72
snu16_jc_jq1_ic50_24h_57,train,SNU16,snu16_jc_jq1_ic50_24h,MIA,101,14
snu16_jc_jq1_ic50_24h_6,train,SNU16,snu16_jc_jq1_ic50_24h,MIA,313,82
snu16_jc_jq1_ic50_24h_61_a,train,SNU16,snu16_jc_jq1_ic50_24h,MIA,112,49
snu16_jc_jq1_ic50_24h_66,val,SNU16,snu16_jc_jq1_ic50_24h,MIA,238,96
snu16_jc_jq1_ic50_24h_67,test,SNU16,snu16_jc_jq1_ic50_24h,MIA,213,47
snu16_jc_jq1_ic50_24h_68,train,SNU16,snu16_jc_jq1_ic50_24h,MIA,313,57
snu16_jc_jq1_ic50_24h_69,train,SNU16,snu16_jc_jq1_ic50_24h,MIA,444,81
snu16_jc_jq1_ic50_24h_70,train,SNU16,snu16_jc_jq1_ic50_24h,MIA,242,131
snu16_jc_jq1_ic50_24h_72,train,SNU16,snu16_jc_jq1_ic50_24h,MIA,368,181
snu16_jc_jq1_ic50_24h_75,train,SNU16,snu16_jc_jq1_ic50_24h,MIA,394,191
snu16_jc_jq1_ic50_24h_76,train,SNU16,snu16_jc_jq1_ic50_24h,MIA,101,117
snu16_jc_jq1_ic50_24h_8,train,SNU16,snu16_jc_jq1_ic50_24h,MIA,663,252
snu16_jc_jq1_ic50_24h_81,train,SNU16,snu16_jc_jq1_ic50_24h,MIA,142,70
snu16_jc_jq1_ic50_24h_87,train,SNU16,snu16_jc_jq1_ic50_24h,MIA,225,57
snu16_jc_jq1_ic50_24h_88,train,SNU16,snu16_jc_jq1_ic50_24h,MIA,57,25
snu16_jc_jq1_ic50_24h_89,train,SNU16,snu16_jc_jq1_ic50_24h,MIA,203,114
snu16_jc_jq1_ic50_24h_9,val,SNU16,snu16_jc_jq1_ic50_24h,MIA,239,82
snu16_jc_jq1_ic50_24h_90,train,SNU16,snu16_jc_jq1_ic50_24h,MIA,141,113
snu16_jc_jq1_ic50_24h_91,train,SNU16,snu16_jc_jq1_ic50_24h,MIA,111,86
snu16_jc_jq1_ic50_24h_94,train,SNU16,snu16_jc_jq1_ic50_24h,MIA,141,99
snu16_jc_jq1_ic50_24h_96,val,SNU16,snu16_jc_jq1_ic50_24h,MIA,174,76
snu16_jc_jq1_ic50_24h_97,train,SNU16,snu16_jc_jq1_ic50_24h,MIA,157,125
snu16_jc_jq1_ic50_24h_98,val,SNU16,snu16_jc_jq1_ic50_24h,MIA,237,24
colo320dm_qpcr_jq1_24h_ctrl_100,train,COLO320DM,colo320dm_qpcr_jq1_24h_ctrl,Label Engine,63,29
colo320dm_qpcr_jq1_24h_ctrl_101,train,COLO320DM,colo320dm_qpcr_jq1_24h_ctrl,Label Engine,45,33
colo320dm_qpcr_jq1_24h_ctrl_103,train,COLO320DM,colo320dm_qpcr_jq1_24h_ctrl,Label Engine,39,13
colo320dm_qpcr_jq1_24h_ctrl_105,val,COLO320DM,colo320dm_qpcr_jq1_24h_ctrl,Label Engine,59,53
colo320dm_qpcr_jq1_24h_ctrl_109,val,COLO320DM,colo320dm_qpcr_jq1_24h_ctrl,Label Engine,71,48
colo320dm_qpcr_jq1_24h_ctrl_110,train,COLO320DM,colo320dm_qpcr_jq1_24h_ctrl,Label Engine,27,18
colo320dm_qpcr_jq1_24h_ctrl_111,train,COLO320DM,colo320dm_qpcr_jq1_24h_ctrl,Label Engine,80,58
colo320dm_qpcr_jq1_24h_ctrl_112,train,COLO320DM,colo320dm_qpcr_jq1_24h_ctrl,Label Engine,83,59
colo320dm_qpcr_jq1_24h_ctrl_114,test,COLO320DM,colo320dm_qpcr_jq1_24h_ctrl,Label Engine,107,92
colo320dm_qpcr_jq1_24h_ctrl_12,train,COLO320DM,colo320dm_qpcr_jq1_24h_ctrl,Label Engine,16,9
colo320dm_qpcr_jq1_24h_ctrl_17,val,COLO320DM,colo320dm_qpcr_jq1_24h_ctrl,Label Engine,13,10
colo320dm_qpcr_jq1_24h_ctrl_18,train,COLO320DM,colo320dm_qpcr_jq1_24h_ctrl,Label Engine,51,53
colo320dm_qpcr_jq1_24h_ctrl_21,val,COLO320DM,colo320dm_qpcr_jq1_24h_ctrl,Label Engine,40,35
colo320dm_qpcr_jq1_24h_ctrl_22,train,COLO320DM,colo320dm_qpcr_jq1_24h_ctrl,Label Engine,65,56
colo320dm_qpcr_jq1_24h_ctrl_23,test,COLO320DM,colo320dm_qpcr_jq1_24h_ctrl,Label Engine,57,33
colo320dm_qpcr_jq1_24h_ctrl_25,train,COLO320DM,colo320dm_qpcr_jq1_24h_ctrl,Label Engine,53,60
colo320dm_qpcr_jq1_24h_ctrl_26,train,COLO320DM,colo320dm_qpcr_jq1_24h_ctrl,Label Engine,22,6
colo320dm_qpcr_jq1_24h_ctrl_27,val,COLO320DM,colo320dm_qpcr_jq1_24h_ctrl,Label Engine,18,15
colo320dm_qpcr_jq1_24h_ctrl_28,train,COLO320DM,colo320dm_qpcr_jq1_24h_ctrl,Label Engine,35,12
colo320dm_qpcr_jq1_24h_ctrl_3,train,COLO320DM,colo320dm_qpcr_jq1_24h_ctrl,Label Engine,144,130
colo320dm_qpcr_jq1_24h_ctrl_31,val,COLO320DM,colo320dm_qpcr_jq1_24h_ctrl,Label Engine,143,131
colo320dm_qpcr_jq1_24h_ctrl_33,test,COLO320DM,colo320dm_qpcr_jq1_24h_ctrl,Label Engine,24,24
colo320dm_qpcr_jq1_24h_ctrl_35,val,COLO320DM,colo320dm_qpcr_jq1_24h_ctrl,Label Engine,57,49
colo320dm_qpcr_jq1_24h_ctrl_36,train,COLO320DM,colo320dm_qpcr_jq1_24h_ctrl,Label Engine,59,48
colo320dm_qpcr_jq1_24h_ctrl_37,train,COLO320DM,colo320dm_qpcr_jq1_24h_ctrl,Label Engine,12,4
colo320dm_qpcr_jq1_24h_ctrl_38,train,COLO320DM,colo320dm_qpcr_jq1_24h_ctrl,Label Engine,41,25
colo320dm_qpcr_jq1_24h_ctrl_39,test,COLO320DM,colo320dm_qpcr_jq1_24h_ctrl,Label Engine,41,24
colo320dm_qpcr_jq1_24h_ctrl_4,train,COLO320DM,colo320dm_qpcr_jq1_24h_ctrl,Label Engine,46,37
colo320dm_qpcr_jq1_24h_ctrl_41,train,COLO320DM,colo320dm_qpcr_jq1_24h_ctrl,Label Engine,101,85
colo320dm_qpcr_jq1_24h_ctrl_43,train,COLO320DM,colo320dm_qpcr_jq1_24h_ctrl,Label Engine,44,34
colo320dm_qpcr_jq1_24h_ctrl_47,test,COLO320DM,colo320dm_qpcr_jq1_24h_ctrl,Label Engine,22,20
colo320dm_qpcr_jq1_24h_ctrl_48,test,COLO320DM,colo320dm_qpcr_jq1_24h_ctrl,Label Engine,32,17
colo320dm_qpcr_jq1_24h_ctrl_49,train,COLO320DM,colo320dm_qpcr_jq1_24h_ctrl,Label Engine,74,71
colo320dm_qpcr_jq1_24h_ctrl_50,train,COLO320DM,colo320dm_qpcr_jq1_24h_ctrl,Label Engine,7,19
colo320dm_qpcr_jq1_24h_ctrl_55,train,COLO320DM,colo320dm_qpcr_jq1_24h_ctrl,Label Engine,34,20
colo320dm_qpcr_jq1_24h_ctrl_58,train,COLO320DM,colo320dm_qpcr_jq1_24h_ctrl,Label Engine,15,18
colo320dm_qpcr_jq1_24h_ctrl_65,train,COLO320DM,colo320dm_qpcr_jq1_24h_ctrl,Label Engine,30,51
colo320dm_qpcr_jq1_24h_ctrl_66_a,train,COLO320DM,colo320dm_qpcr_jq1_24h_ctrl,Label Engine,61,41
colo320dm_qpcr_jq1_24h_ctrl_67,test,COLO320DM,colo320dm_qpcr_jq1_24h_ctrl,Label Engine,91,75
colo320dm_qpcr_jq1_24h_ctrl_69,test,COLO320DM,colo320dm_qpcr_jq1_24h_ctrl,Label Engine,54,50
colo320dm_qpcr_jq1_24h_ctrl_72,train,COLO320DM,colo320dm_qpcr_jq1_24h_ctrl,Label Engine,37,48
colo320dm_qpcr_jq1_24h_ctrl_75,train,COLO320DM,colo320dm_qpcr_jq1_24h_ctrl,Label Engine,47,36
colo320dm_qpcr_jq1_24h_ctrl_78_a,train,COLO320DM,colo320dm_qpcr_jq1_24h_ctrl,Label Engine,26,24
colo320dm_qpcr_jq1_24h_ctrl_78_b,train,COLO320DM,colo320dm_qpcr_jq1_24h_ctrl,Label Engine,52,37
colo320dm_qpcr_jq1_24h_ctrl_79,train,COLO320DM,colo320dm_qpcr_jq1_24h_ctrl,Label Engine,10,34
colo320dm_qpcr_jq1_24h_ctrl_8,train,COLO320DM,colo320dm_qpcr_jq1_24h_ctrl,Label Engine,36,25
colo320dm_qpcr_jq1_24h_ctrl_81,train,COLO320DM,colo320dm_qpcr_jq1_24h_ctrl,Label Engine,59,45
colo320dm_qpcr_jq1_24h_ctrl_82,train,COLO320DM,colo320dm_qpcr_jq1_24h_ctrl,Label Engine,30,37
colo320dm_qpcr_jq1_24h_ctrl_87_a,test,COLO320DM,colo320dm_qpcr_jq1_24h_ctrl,Label Engine,31,38
colo320dm_qpcr_jq1_24h_ctrl_87_b,train,COLO320DM,colo320dm_qpcr_jq1_24h_ctrl,Label Engine,45,43
colo320dm_qpcr_jq1_24h_ctrl_88,train,COLO320DM,colo320dm_qpcr_jq1_24h_ctrl,Label Engine,53,65
colo320dm_qpcr_jq1_24h_ctrl_89,train,COLO320DM,colo320dm_qpcr_jq1_24h_ctrl,Label Engine,15,11
colo320dm_qpcr_jq1_24h_ctrl_9,train,COLO320DM,colo320dm_qpcr_jq1_24h_ctrl,Label Engine,23,7
colo320dm_qpcr_jq1_24h_ctrl_90,train,COLO320DM,colo320dm_qpcr_jq1_24h_ctrl,Label Engine,89,70
colo320dm_qpcr_jq1_24h_ctrl_92,train,COLO320DM,colo320dm_qpcr_jq1_24h_ctrl,Label Engine,55,57
colo320dm_qpcr_jq1_24h_ctrl_95,train,COLO320DM,colo320dm_qpcr_jq1_24h_ctrl,Label Engine,32,25
colo320dm_qpcr_jq1_24h_ctrl_96,test,COLO320DM,colo320dm_qpcr_jq1_24h_ctrl,Label Engine,49,41
colo320dm_qpcr_jq1_24h_ctrl_97,train,COLO320DM,colo320dm_qpcr_jq1_24h_ctrl,Label Engine,87,79
colo320dm_qpcr_jq1_24h_ctrl_99,val,COLO320DM,colo320dm_qpcr_jq1_24h_ctrl,Label Engine,74,59
colo320dm_qpcr_jq1_24h_dmso_104,train,COLO320DM,colo320dm_qpcr_jq1_24h_dmso,Label Engine,4,0
colo320dm_qpcr_jq1_24h_dmso_111,test,COLO320DM,colo320dm_qpcr_jq1_24h_dmso,Label Engine,4,32
colo320dm_qpcr_jq1_24h_dmso_49,train,COLO320DM,colo320dm_qpcr_jq1_24h_dmso,Label Engine,1,46
colo320dm_qpcr_jq1_24h_dmso_6,train,COLO320DM,colo320dm_qpcr_jq1_24h_dmso,Label Engine,4,22
colo320dm_qpcr_jq1_24h_dmso_88,val,COLO320DM,colo320dm_qpcr_jq1_24h_dmso,Label Engine,4,22
ncih2170_antibiotics_blank_ctrl_1,train,NCI-H2170,ncih2170_antibiotics_blank_ctrl,Label Engine,235,234
ncih2170_antibiotics_blank_ctrl_100,test,NCI-H2170,ncih2170_antibiotics_blank_ctrl,Label Engine,102,96
ncih2170_antibiotics_blank_ctrl_101,val,NCI-H2170,ncih2170_antibiotics_blank_ctrl,Label Engine,266,265
ncih2170_antibiotics_blank_ctrl_102,train,NCI-H2170,ncih2170_antibiotics_blank_ctrl,Label Engine,402,378
ncih2170_antibiotics_blank_ctrl_103,val,NCI-H2170,ncih2170_antibiotics_blank_ctrl,Label Engine,228,206
ncih2170_antibiotics_blank_ctrl_104,test,NCI-H2170,ncih2170_antibiotics_blank_ctrl,Label Engine,316,303
ncih2170_antibiotics_blank_ctrl_105,test,NCI-H2170,ncih2170_antibiotics_blank_ctrl,Label Engine,175,171
ncih2170_antibiotics_blank_ctrl_106,train,NCI-H2170,ncih2170_antibiotics_blank_ctrl,Label Engine,101,99
ncih2170_antibiotics_blank_ctrl_107,test,NCI-H2170,ncih2170_antibiotics_blank_ctrl,Label Engine,559,580
ncih2170_antibiotics_blank_ctrl_109,test,NCI-H2170,ncih2170_antibiotics_blank_ctrl,Label Engine,182,183
ncih2170_antibiotics_blank_ctrl_11,val,NCI-H2170,ncih2170_antibiotics_blank_ctrl,Label Engine,181,199
ncih2170_antibiotics_blank_ctrl_110,test,NCI-H2170,ncih2170_antibiotics_blank_ctrl,Label Engine,411,393
ncih2170_antibiotics_blank_ctrl_111,train,NCI-H2170,ncih2170_antibiotics_blank_ctrl,Label Engine,108,85
ncih2170_antibiotics_blank_ctrl_113,test,NCI-H2170,ncih2170_antibiotics_blank_ctrl,Label Engine,341,325
ncih2170_antibiotics_blank_ctrl_114,train,NCI-H2170,ncih2170_antibiotics_blank_ctrl,Label Engine,154,155
ncih2170_antibiotics_blank_ctrl_115,val,NCI-H2170,ncih2170_antibiotics_blank_ctrl,Label Engine,125,118
ncih2170_antibiotics_blank_ctrl_116,train,NCI-H2170,ncih2170_antibiotics_blank_ctrl,Label Engine,282,289
ncih2170_antibiotics_blank_ctrl_117,train,NCI-H2170,ncih2170_antibiotics_blank_ctrl,Label Engine,307,300
ncih2170_antibiotics_blank_ctrl_118,train,NCI-H2170,ncih2170_antibiotics_blank_ctrl,Label Engine,453,469
ncih2170_antibiotics_blank_ctrl_12,train,NCI-H2170,ncih2170_antibiotics_blank_ctrl,Label Engine,122,113
ncih2170_antibiotics_blank_ctrl_13,train,NCI-H2170,ncih2170_antibiotics_blank_ctrl,Label Engine,86,90
ncih2170_antibiotics_blank_ctrl_14,train,NCI-H2170,ncih2170_antibiotics_blank_ctrl,Label Engine,329,403
ncih2170_antibiotics_blank_ctrl_15,train,NCI-H2170,ncih2170_antibiotics_blank_ctrl,Label Engine,210,200
ncih2170_antibiotics_blank_ctrl_16,train,NCI-H2170,ncih2170_antibiotics_blank_ctrl,Label Engine,91,91
ncih2170_antibiotics_blank_ctrl_17,train,NCI-H2170,ncih2170_antibiotics_blank_ctrl,Label Engine,604,571
ncih2170_antibiotics_blank_ctrl_18,val,NCI-H2170,ncih2170_antibiotics_blank_ctrl,Label Engine,157,161
ncih2170_antibiotics_blank_ctrl_19,train,NCI-H2170,ncih2170_antibiotics_blank_ctrl,Label Engine,92,102
ncih2170_antibiotics_blank_ctrl_2,train,NCI-H2170,ncih2170_antibiotics_blank_ctrl,Label Engine,373,383
ncih2170_antibiotics_blank_ctrl_20,train,NCI-H2170,ncih2170_antibiotics_blank_ctrl,Label Engine,128,149
ncih2170_antibiotics_blank_ctrl_21,train,NCI-H2170,ncih2170_antibiotics_blank_ctrl,Label Engine,224,200
ncih2170_antibiotics_blank_ctrl_22,train,NCI-H2170,ncih2170_antibiotics_blank_ctrl,Label Engine,375,378
ncih2170_antibiotics_blank_ctrl_23,val,NCI-H2170,ncih2170_antibiotics_blank_ctrl,Label Engine,281,280
ncih2170_antibiotics_blank_ctrl_24,train,NCI-H2170,ncih2170_antibiotics_blank_ctrl,Label Engine,153,150
ncih2170_antibiotics_blank_ctrl_25,train,NCI-H2170,ncih2170_antibiotics_blank_ctrl,Label Engine,42,47
ncih2170_antibiotics_blank_ctrl_27,train,NCI-H2170,ncih2170_antibiotics_blank_ctrl,Label Engine,318,346
ncih2170_antibiotics_blank_ctrl_28,train,NCI-H2170,ncih2170_antibiotics_blank_ctrl,Label Engine,256,301
ncih2170_antibiotics_blank_ctrl_29,train,NCI-H2170,ncih2170_antibiotics_blank_ctrl,Label Engine,104,107
ncih2170_antibiotics_blank_ctrl_30,train,NCI-H2170,ncih2170_antibiotics_blank_ctrl,Label Engine,339,341
ncih2170_antibiotics_blank_ctrl_31,train,NCI-H2170,ncih2170_antibiotics_blank_ctrl,Label Engine,88,78
ncih2170_antibiotics_blank_ctrl_32,train,NCI-H2170,ncih2170_antibiotics_blank_ctrl,Label Engine,138,127
ncih2170_antibiotics_blank_ctrl_33,train,NCI-H2170,ncih2170_antibiotics_blank_ctrl,Label Engine,207,199
ncih2170_antibiotics_blank_ctrl_34,val,NCI-H2170,ncih2170_antibiotics_blank_ctrl,Label Engine,91,77
ncih2170_antibiotics_blank_ctrl_35,test,NCI-H2170,ncih2170_antibiotics_blank_ctrl,Label Engine,84,64
ncih2170_antibiotics_blank_ctrl_37,test,NCI-H2170,ncih2170_antibiotics_blank_ctrl,Label Engine,539,549
ncih2170_antibiotics_blank_ctrl_38,train,NCI-H2170,ncih2170_antibiotics_blank_ctrl,Label Engine,402,389
ncih2170_antibiotics_blank_ctrl_39,train,NCI-H2170,ncih2170_antibiotics_blank_ctrl,Label Engine,391,418
ncih2170_antibiotics_blank_ctrl_40,test,NCI-H2170,ncih2170_antibiotics_blank_ctrl,Label Engine,248,244
ncih2170_antibiotics_blank_ctrl_41,train,NCI-H2170,ncih2170_antibiotics_blank_ctrl,Label Engine,76,70
ncih2170_antibiotics_blank_ctrl_42,train,NCI-H2170,ncih2170_antibiotics_blank_ctrl,Label Engine,153,170
ncih2170_antibiotics_blank_ctrl_43,test,NCI-H2170,ncih2170_antibiotics_blank_ctrl,Label Engine,239,250
ncih2170_antibiotics_blank_ctrl_44,train,NCI-H2170,ncih2170_antibiotics_blank_ctrl,Label Engine,181,174
ncih2170_antibiotics_blank_ctrl_47,test,NCI-H2170,ncih2170_antibiotics_blank_ctrl,Label Engine,296,303
ncih2170_antibiotics_blank_ctrl_48,train,NCI-H2170,ncih2170_antibiotics_blank_ctrl,Label Engine,71,77
ncih2170_antibiotics_blank_ctrl_5,train,NCI-H2170,ncih2170_antibiotics_blank_ctrl,Label Engine,597,555
ncih2170_antibiotics_blank_ctrl_50,train,NCI-H2170,ncih2170_antibiotics_blank_ctrl,Label Engine,197,197
ncih2170_antibiotics_blank_ctrl_51,val,NCI-H2170,ncih2170_antibiotics_blank_ctrl,Label Engine,159,163
ncih2170_antibiotics_blank_ctrl_52,val,NCI-H2170,ncih2170_antibiotics_blank_ctrl,Label Engine,324,316
ncih2170_antibiotics_blank_ctrl_53,test,NCI-H2170,ncih2170_antibiotics_blank_ctrl,Label Engine,302,287
ncih2170_antibiotics_blank_ctrl_55,train,NCI-H2170,ncih2170_antibiotics_blank_ctrl,Label Engine,254,255
ncih2170_antibiotics_blank_ctrl_56,train,NCI-H2170,ncih2170_antibiotics_blank_ctrl,Label Engine,240,249
ncih2170_antibiotics_blank_ctrl_57,train,NCI-H2170,ncih2170_antibiotics_blank_ctrl,Label Engine,214,205
ncih2170_antibiotics_blank_ctrl_58,train,NCI-H2170,ncih2170_antibiotics_blank_ctrl,Label Engine,181,175
ncih2170_antibiotics_blank_ctrl_59,train,NCI-H2170,ncih2170_antibiotics_blank_ctrl,Label Engine,207,199
ncih2170_antibiotics_blank_ctrl_6,val,NCI-H2170,ncih2170_antibiotics_blank_ctrl,Label Engine,402,380
ncih2170_antibiotics_blank_ctrl_60,train,NCI-H2170,ncih2170_antibiotics_blank_ctrl,Label Engine,314,279
ncih2170_antibiotics_blank_ctrl_61,train,NCI-H2170,ncih2170_antibiotics_blank_ctrl,Label Engine,259,240
ncih2170_antibiotics_blank_ctrl_62,train,NCI-H2170,ncih2170_antibiotics_blank_ctrl,Label Engine,299,298
ncih2170_antibiotics_blank_ctrl_63,val,NCI-H2170,ncih2170_antibiotics_blank_ctrl,Label Engine,763,766
ncih2170_antibiotics_blank_ctrl_64,train,NCI-H2170,ncih2170_antibiotics_blank_ctrl,Label Engine,124,122
ncih2170_antibiotics_blank_ctrl_65,train,NCI-H2170,ncih2170_antibiotics_blank_ctrl,Label Engine,139,135
ncih2170_antibiotics_blank_ctrl_66,train,NCI-H2170,ncih2170_antibiotics_blank_ctrl,Label Engine,329,305
ncih2170_antibiotics_blank_ctrl_67,train,NCI-H2170,ncih2170_antibiotics_blank_ctrl,Label Engine,250,245
ncih2170_antibiotics_blank_ctrl_69,train,NCI-H2170,ncih2170_antibiotics_blank_ctrl,Label Engine,335,304
ncih2170_antibiotics_blank_ctrl_7,train,NCI-H2170,ncih2170_antibiotics_blank_ctrl,Label Engine,328,308
ncih2170_antibiotics_blank_ctrl_70,test,NCI-H2170,ncih2170_antibiotics_blank_ctrl,Label Engine,446,457
ncih2170_antibiotics_blank_ctrl_71,test,NCI-H2170,ncih2170_antibiotics_blank_ctrl,Label Engine,330,309
ncih2170_antibiotics_blank_ctrl_74,train,NCI-H2170,ncih2170_antibiotics_blank_ctrl,Label Engine,375,365
ncih2170_antibiotics_blank_ctrl_75,train,NCI-H2170,ncih2170_antibiotics_blank_ctrl,Label Engine,133,136
ncih2170_antibiotics_blank_ctrl_76,train,NCI-H2170,ncih2170_antibiotics_blank_ctrl,Label Engine,456,461
ncih2170_antibiotics_blank_ctrl_77,train,NCI-H2170,ncih2170_antibiotics_blank_ctrl,Label Engine,261,265
ncih2170_antibiotics_blank_ctrl_78,test,NCI-H2170,ncih2170_antibiotics_blank_ctrl,Label Engine,300,296
ncih2170_antibiotics_blank_ctrl_79,train,NCI-H2170,ncih2170_antibiotics_blank_ctrl,Label Engine,337,341
ncih2170_antibiotics_blank_ctrl_80,train,NCI-H2170,ncih2170_antibiotics_blank_ctrl,Label Engine,146,148
ncih2170_antibiotics_blank_ctrl_81,train,NCI-H2170,ncih2170_antibiotics_blank_ctrl,Label Engine,93,100
ncih2170_antibiotics_blank_ctrl_82,train,NCI-H2170,ncih2170_antibiotics_blank_ctrl,Label Engine,99,95
ncih2170_antibiotics_blank_ctrl_84,val,NCI-H2170,ncih2170_antibiotics_blank_ctrl,Label Engine,281,271
ncih2170_antibiotics_blank_ctrl_86,train,NCI-H2170,ncih2170_antibiotics_blank_ctrl,Label Engine,287,293
ncih2170_antibiotics_blank_ctrl_87,train,NCI-H2170,ncih2170_antibiotics_blank_ctrl,Label Engine,90,87
ncih2170_antibiotics_blank_ctrl_88_a,val,NCI-H2170,ncih2170_antibiotics_blank_ctrl,Label Engine,343,334
ncih2170_antibiotics_blank_ctrl_89,val,NCI-H2170,ncih2170_antibiotics_blank_ctrl,Label Engine,94,100
ncih2170_antibiotics_blank_ctrl_9,train,NCI-H2170,ncih2170_antibiotics_blank_ctrl,Label Engine,769,757
ncih2170_antibiotics_blank_ctrl_96,train,NCI-H2170,ncih2170_antibiotics_blank_ctrl,Label Engine,106,106
ncih2170_antibiotics_blank_ctrl_97,train,NCI-H2170,ncih2170_antibiotics_blank_ctrl,Label Engine,146,131
ncih2170_antibiotics_blank_ctrl_98,train,NCI-H2170,ncih2170_antibiotics_blank_ctrl,Label Engine,219,221
ncih2170_antibiotics_ps_10,train,NCI-H2170,ncih2170_antibiotics_ps,Label Engine,160,152
ncih2170_antibiotics_ps_102_b,test,NCI-H2170,ncih2170_antibiotics_ps,Label Engine,252,244
ncih2170_antibiotics_ps_104,val,NCI-H2170,ncih2170_antibiotics_ps,Label Engine,158,142
ncih2170_antibiotics_ps_105,test,NCI-H2170,ncih2170_antibiotics_ps,Label Engine,237,235
ncih2170_antibiotics_ps_106,train,NCI-H2170,ncih2170_antibiotics_ps,Label Engine,122,124
ncih2170_antibiotics_ps_107_a,test,NCI-H2170,ncih2170_antibiotics_ps,Label Engine,246,220
ncih2170_antibiotics_ps_107_b,train,NCI-H2170,ncih2170_antibiotics_ps,Label Engine,205,214
ncih2170_antibiotics_ps_111,train,NCI-H2170,ncih2170_antibiotics_ps,Label Engine,186,183
ncih2170_antibiotics_ps_112,test,NCI-H2170,ncih2170_antibiotics_ps,Label Engine,79,77
ncih2170_antibiotics_ps_113_a,val,NCI-H2170,ncih2170_antibiotics_ps,Label Engine,121,103
ncih2170_antibiotics_ps_113_b,train,NCI-H2170,ncih2170_antibiotics_ps,Label Engine,142,153
ncih2170_antibiotics_ps_12,val,NCI-H2170,ncih2170_antibiotics_ps,Label Engine,129,169
ncih2170_antibiotics_ps_13,train,NCI-H2170,ncih2170_antibiotics_ps,Label Engine,398,472
ncih2170_antibiotics_ps_14,train,NCI-H2170,ncih2170_antibiotics_ps,Label Engine,65,62
ncih2170_antibiotics_ps_16,train,NCI-H2170,ncih2170_antibiotics_ps,Label Engine,236,217
ncih2170_antibiotics_ps_17,train,NCI-H2170,ncih2170_antibiotics_ps,Label Engine,197,190
ncih2170_antibiotics_ps_18,train,NCI-H2170,ncih2170_antibiotics_ps,Label Engine,132,177
ncih2170_antibiotics_ps_19,train,NCI-H2170,ncih2170_antibiotics_ps,Label Engine,201,276
ncih2170_antibiotics_ps_20,train,NCI-H2170,ncih2170_antibiotics_ps,Label Engine,69,90
ncih2170_antibiotics_ps_21,train,NCI-H2170,ncih2170_antibiotics_ps,Label Engine,70,94
ncih2170_antibiotics_ps_22,train,NCI-H2170,ncih2170_antibiotics_ps,Label Engine,95,91
ncih2170_antibiotics_ps_23,train,NCI-H2170,ncih2170_antibiotics_ps,Label Engine,115,122
ncih2170_antibiotics_ps_24,train,NCI-H2170,ncih2170_antibiotics_ps,Label Engine,133,222
ncih2170_antibiotics_ps_25,test,NCI-H2170,ncih2170_antibiotics_ps,Label Engine,284,315
ncih2170_antibiotics_ps_28,train,NCI-H2170,ncih2170_antibiotics_ps,Label Engine,121,112
ncih2170_antibiotics_ps_29_a,train,NCI-H2170,ncih2170_antibiotics_ps,Label Engine,93,108
ncih2170_antibiotics_ps_29_b,val,NCI-H2170,ncih2170_antibiotics_ps,Label Engine,52,59
ncih2170_antibiotics_ps_3,val,NCI-H2170,ncih2170_antibiotics_ps,Label Engine,157,161
ncih2170_antibiotics_ps_30,train,NCI-H2170,ncih2170_antibiotics_ps,Label Engine,95,105
ncih2170_antibiotics_ps_31,train,NCI-H2170,ncih2170_antibiotics_ps,Label Engine,305,321
ncih2170_antibiotics_ps_32,test,NCI-H2170,ncih2170_antibiotics_ps,Label Engine,67,56
ncih2170_antibiotics_ps_33,train,NCI-H2170,ncih2170_antibiotics_ps,Label Engine,141,139
ncih2170_antibiotics_ps_34_b,train,NCI-H2170,ncih2170_antibiotics_ps,Label Engine,76,87
ncih2170_antibiotics_ps_34_c,val,NCI-H2170,ncih2170_antibiotics_ps,Label Engine,153,143
ncih2170_antibiotics_ps_35,train,NCI-H2170,ncih2170_antibiotics_ps,Label Engine,96,94
ncih2170_antibiotics_ps_36,test,NCI-H2170,ncih2170_antibiotics_ps,Label Engine,142,124
ncih2170_antibiotics_ps_37,train,NCI-H2170,ncih2170_antibiotics_ps,Label Engine,81,70
ncih2170_antibiotics_ps_38,train,NCI-H2170,ncih2170_antibiotics_ps,Label Engine,354,342
ncih2170_antibiotics_ps_39,train,NCI-H2170,ncih2170_antibiotics_ps,Label Engine,131,131
ncih2170_antibiotics_ps_4,test,NCI-H2170,ncih2170_antibiotics_ps,Label Engine,148,147
ncih2170_antibiotics_ps_40,train,NCI-H2170,ncih2170_antibiotics_ps,Label Engine,75,67
ncih2170_antibiotics_ps_41,train,NCI-H2170,ncih2170_antibiotics_ps,Label Engine,150,147
ncih2170_antibiotics_ps_42,train,NCI-H2170,ncih2170_antibiotics_ps,Label Engine,96,97
ncih2170_antibiotics_ps_43,train,NCI-H2170,ncih2170_antibiotics_ps,Label Engine,63,69
ncih2170_antibiotics_ps_44,train,NCI-H2170,ncih2170_antibiotics_ps,Label Engine,829,824
ncih2170_antibiotics_ps_45,train,NCI-H2170,ncih2170_antibiotics_ps,Label Engine,90,67
ncih2170_antibiotics_ps_46,train,NCI-H2170,ncih2170_antibiotics_ps,Label Engine,211,187
ncih2170_antibiotics_ps_47,train,NCI-H2170,ncih2170_antibiotics_ps,Label Engine,220,209
ncih2170_antibiotics_ps_48,train,NCI-H2170,ncih2170_antibiotics_ps,Label Engine,76,76
ncih2170_antibiotics_ps_49,train,NCI-H2170,ncih2170_antibiotics_ps,Label Engine,109,99
ncih2170_antibiotics_ps_5,train,NCI-H2170,ncih2170_antibiotics_ps,Label Engine,235,280
ncih2170_antibiotics_ps_50,train,NCI-H2170,ncih2170_antibiotics_ps,Label Engine,147,126
ncih2170_antibiotics_ps_54,train,NCI-H2170,ncih2170_antibiotics_ps,Label Engine,125,110
ncih2170_antibiotics_ps_55,val,NCI-H2170,ncih2170_antibiotics_ps,Label Engine,212,199
ncih2170_antibiotics_ps_56_a,test,NCI-H2170,ncih2170_antibiotics_ps,Label Engine,233,220
ncih2170_antibiotics_ps_56_b,train,NCI-H2170,ncih2170_antibiotics_ps,Label Engine,434,409
ncih2170_antibiotics_ps_57,train,NCI-H2170,ncih2170_antibiotics_ps,Label Engine,70,59
ncih2170_antibiotics_ps_58,train,NCI-H2170,ncih2170_antibiotics_ps,Label Engine,212,202
ncih2170_antibiotics_ps_61,train,NCI-H2170,ncih2170_antibiotics_ps,Label Engine,246,229
ncih2170_antibiotics_ps_62,train,NCI-H2170,ncih2170_antibiotics_ps,Label Engine,458,427
ncih2170_antibiotics_ps_63,train,NCI-H2170,ncih2170_antibiotics_ps,Label Engine,862,728
ncih2170_antibiotics_ps_64,val,NCI-H2170,ncih2170_antibiotics_ps,Label Engine,281,273
ncih2170_antibiotics_ps_65,train,NCI-H2170,ncih2170_antibiotics_ps,Label Engine,131,124
ncih2170_antibiotics_ps_67,train,NCI-H2170,ncih2170_antibiotics_ps,Label Engine,153,151
ncih2170_antibiotics_ps_68,val,NCI-H2170,ncih2170_antibiotics_ps,Label Engine,210,194
ncih2170_antibiotics_ps_69,train,NCI-H2170,ncih2170_antibiotics_ps,Label Engine,190,163
ncih2170_antibiotics_ps_7,train,NCI-H2170,ncih2170_antibiotics_ps,Label Engine,191,208
ncih2170_antibiotics_ps_70,val,NCI-H2170,ncih2170_antibiotics_ps,Label Engine,148,135
ncih2170_antibiotics_ps_72,val,NCI-H2170,ncih2170_antibiotics_ps,Label Engine,139,143
ncih2170_antibiotics_ps_73,train,NCI-H2170,ncih2170_antibiotics_ps,Label Engine,370,339
ncih2170_antibiotics_ps_75,train,NCI-H2170,ncih2170_antibiotics_ps,Label Engine,88,85
ncih2170_antibiotics_ps_76,train,NCI-H2170,ncih2170_antibiotics_ps,Label Engine,209,195
ncih2170_antibiotics_ps_77,train,NCI-H2170,ncih2170_antibiotics_ps,Label Engine,264,289
ncih2170_antibiotics_ps_78,test,NCI-H2170,ncih2170_antibiotics_ps,Label Engine,164,141
ncih2170_antibiotics_ps_79,train,NCI-H2170,ncih2170_antibiotics_ps,Label Engine,505,517
ncih2170_antibiotics_ps_8,train,NCI-H2170,ncih2170_antibiotics_ps,Label Engine,69,76
ncih2170_antibiotics_ps_80,train,NCI-H2170,ncih2170_antibiotics_ps,Label Engine,286,240
ncih2170_antibiotics_ps_81,train,NCI-H2170,ncih2170_antibiotics_ps,Label Engine,462,408
ncih2170_antibiotics_ps_82,train,NCI-H2170,ncih2170_antibiotics_ps,Label Engine,125,120
ncih2170_antibiotics_ps_83,train,NCI-H2170,ncih2170_antibiotics_ps,Label Engine,126,124
ncih2170_antibiotics_ps_84,test,NCI-H2170,ncih2170_antibiotics_ps,Label Engine,124,120
ncih2170_antibiotics_ps_85,train,NCI-H2170,ncih2170_antibiotics_ps,Label Engine,181,180
ncih2170_antibiotics_ps_86,train,NCI-H2170,ncih2170_antibiotics_ps,Label Engine,119,115
ncih2170_antibiotics_ps_87,train,NCI-H2170,ncih2170_antibiotics_ps,Label Engine,150,151
ncih2170_antibiotics_ps_88,train,NCI-H2170,ncih2170_antibiotics_ps,Label Engine,425,442
ncih2170_antibiotics_ps_89,train,NCI-H2170,ncih2170_antibiotics_ps,Label Engine,117,113
ncih2170_antibiotics_ps_9,train,NCI-H2170,ncih2170_antibiotics_ps,Label Engine,243,239
ncih2170_antibiotics_ps_90,test,NCI-H2170,ncih2170_antibiotics_ps,Label Engine,159,159
ncih2170_antibiotics_ps_92,val,NCI-H2170,ncih2170_antibiotics_ps,Label Engine,203,195
ncih2170_antibiotics_ps_94,train,NCI-H2170,ncih2170_antibiotics_ps,Label Engine,147,140
ncih2170_antibiotics_ps_95,train,NCI-H2170,ncih2170_antibiotics_ps,Label Engine,350,400
ncih2170_antibiotics_ps_97,train,NCI-H2170,ncih2170_antibiotics_ps,Label Engine,136,138
ncih2170_antibiotics_ps_98_a,train,NCI-H2170,ncih2170_antibiotics_ps,Label Engine,98,84
ncih2170_antibiotics_ps_98_b,train,NCI-H2170,ncih2170_antibiotics_ps,Label Engine,229,285
ncih2170_antibiotics_ps_99,test,NCI-H2170,ncih2170_antibiotics_ps,Label Engine,83,71
ncih2170_antibiotics_ps_g_100,train,NCI-H2170,ncih2170_antibiotics_ps_g,Label Engine,274,248
ncih2170_antibiotics_ps_g_101,train,NCI-H2170,ncih2170_antibiotics_ps_g,Label Engine,93,89
ncih2170_antibiotics_ps_g_102,test,NCI-H2170,ncih2170_antibiotics_ps_g,Label Engine,217,206
ncih2170_antibiotics_ps_g_103,train,NCI-H2170,ncih2170_antibiotics_ps_g,Label Engine,801,773
ncih2170_antibiotics_ps_g_104,val,NCI-H2170,ncih2170_antibiotics_ps_g,Label Engine,92,76
ncih2170_antibiotics_ps_g_105,val,NCI-H2170,ncih2170_antibiotics_ps_g,Label Engine,151,153
ncih2170_antibiotics_ps_g_106,train,NCI-H2170,ncih2170_antibiotics_ps_g,Label Engine,246,254
ncih2170_antibiotics_ps_g_107_a,test,NCI-H2170,ncih2170_antibiotics_ps_g,Label Engine,103,83
ncih2170_antibiotics_ps_g_108,train,NCI-H2170,ncih2170_antibiotics_ps_g,Label Engine,83,82
ncih2170_antibiotics_ps_g_110,train,NCI-H2170,ncih2170_antibiotics_ps_g,Label Engine,66,57
ncih2170_antibiotics_ps_g_111,train,NCI-H2170,ncih2170_antibiotics_ps_g,Label Engine,152,134
ncih2170_antibiotics_ps_g_112,train,NCI-H2170,ncih2170_antibiotics_ps_g,Label Engine,184,173
ncih2170_antibiotics_ps_g_113,val,NCI-H2170,ncih2170_antibiotics_ps_g,Label Engine,79,75
ncih2170_antibiotics_ps_g_114,test,NCI-H2170,ncih2170_antibiotics_ps_g,Label Engine,202,204
ncih2170_antibiotics_ps_g_115,test,NCI-H2170,ncih2170_antibiotics_ps_g,Label Engine,296,271
ncih2170_antibiotics_ps_g_116,train,NCI-H2170,ncih2170_antibiotics_ps_g,Label Engine,107,101
ncih2170_antibiotics_ps_g_36,test,NCI-H2170,ncih2170_antibiotics_ps_g,Label Engine,912,871
ncih2170_antibiotics_ps_g_37,train,NCI-H2170,ncih2170_antibiotics_ps_g,Label Engine,283,282
ncih2170_antibiotics_ps_g_38,val,NCI-H2170,ncih2170_antibiotics_ps_g,Label Engine,223,219
ncih2170_antibiotics_ps_g_39,val,NCI-H2170,ncih2170_antibiotics_ps_g,Label Engine,58,67
ncih2170_antibiotics_ps_g_40,train,NCI-H2170,ncih2170_antibiotics_ps_g,Label Engine,98,109
ncih2170_antibiotics_ps_g_42,test,NCI-H2170,ncih2170_antibiotics_ps_g,Label Engine,245,258
ncih2170_antibiotics_ps_g_43,train,NCI-H2170,ncih2170_antibiotics_ps_g,Label Engine,491,490
ncih2170_antibiotics_ps_g_44_a,test,NCI-H2170,ncih2170_antibiotics_ps_g,Label Engine,52,52
ncih2170_antibiotics_ps_g_45,val,NCI-H2170,ncih2170_antibiotics_ps_g,Label Engine,94,93
ncih2170_antibiotics_ps_g_46,train,NCI-H2170,ncih2170_antibiotics_ps_g,Label Engine,148,151
ncih2170_antibiotics_ps_g_47,train,NCI-H2170,ncih2170_antibiotics_ps_g,Label Engine,506,446
ncih2170_antibiotics_ps_g_48,train,NCI-H2170,ncih2170_antibiotics_ps_g,Label Engine,362,335
ncih2170_antibiotics_ps_g_49,train,NCI-H2170,ncih2170_antibiotics_ps_g,Label Engine,446,434
ncih2170_antibiotics_ps_g_50,train,NCI-H2170,ncih2170_antibiotics_ps_g,Label Engine,285,289
ncih2170_antibiotics_ps_g_51,val,NCI-H2170,ncih2170_antibiotics_ps_g,Label Engine,86,73
ncih2170_antibiotics_ps_g_54,test,NCI-H2170,ncih2170_antibiotics_ps_g,Label Engine,182,311
ncih2170_antibiotics_ps_g_55,train,NCI-H2170,ncih2170_antibiotics_ps_g,Label Engine,375,404
ncih2170_antibiotics_ps_g_56,test,NCI-H2170,ncih2170_antibiotics_ps_g,Label Engine,174,153
ncih2170_antibiotics_ps_g_60,train,NCI-H2170,ncih2170_antibiotics_ps_g,Label Engine,76,77
ncih2170_antibiotics_ps_g_61,train,NCI-H2170,ncih2170_antibiotics_ps_g,Label Engine,181,186
ncih2170_antibiotics_ps_g_62,train,NCI-H2170,ncih2170_antibiotics_ps_g,Label Engine,244,245
ncih2170_antibiotics_ps_g_63,val,NCI-H2170,ncih2170_antibiotics_ps_g,Label Engine,78,81
ncih2170_antibiotics_ps_g_64,test,NCI-H2170,ncih2170_antibiotics_ps_g,Label Engine,340,360
ncih2170_antibiotics_ps_g_65,test,NCI-H2170,ncih2170_antibiotics_ps_g,Label Engine,192,186
ncih2170_antibiotics_ps_g_66,train,NCI-H2170,ncih2170_antibiotics_ps_g,Label Engine,79,69
ncih2170_antibiotics_ps_g_67,test,NCI-H2170,ncih2170_antibiotics_ps_g,Label Engine,90,90
ncih2170_antibiotics_ps_g_68,test,NCI-H2170,ncih2170_antibiotics_ps_g,Label Engine,78,75
ncih2170_antibiotics_ps_g_69,test,NCI-H2170,ncih2170_antibiotics_ps_g,Label Engine,46,38
ncih2170_antibiotics_ps_g_71,train,NCI-H2170,ncih2170_antibiotics_ps_g,Label Engine,157,156
ncih2170_antibiotics_ps_g_72,test,NCI-H2170,ncih2170_antibiotics_ps_g,Label Engine,138,147
ncih2170_antibiotics_ps_g_74,train,NCI-H2170,ncih2170_antibiotics_ps_g,Label Engine,213,211
ncih2170_antibiotics_ps_g_76,test,NCI-H2170,ncih2170_antibiotics_ps_g,Label Engine,90,85
ncih2170_antibiotics_ps_g_77,train,NCI-H2170,ncih2170_antibiotics_ps_g,Label Engine,112,113
ncih2170_antibiotics_ps_g_81,train,NCI-H2170,ncih2170_antibiotics_ps_g,Label Engine,150,173
ncih2170_antibiotics_ps_g_85,train,NCI-H2170,ncih2170_antibiotics_ps_g,Label Engine,289,309
ncih2170_antibiotics_ps_g_86,val,NCI-H2170,ncih2170_antibiotics_ps_g,Label Engine,85,67
ncih2170_antibiotics_ps_g_88_a,train,NCI-H2170,ncih2170_antibiotics_ps_g,Label Engine,115,109
ncih2170_antibiotics_ps_g_88_b,train,NCI-H2170,ncih2170_antibiotics_ps_g,Label Engine,121,118
ncih2170_antibiotics_ps_g_89,val,NCI-H2170,ncih2170_antibiotics_ps_g,Label Engine,103,101
ncih2170_antibiotics_ps_g_90,train,NCI-H2170,ncih2170_antibiotics_ps_g,Label Engine,127,121
ncih2170_antibiotics_ps_g_91,train,NCI-H2170,ncih2170_antibiotics_ps_g,Label Engine,560,538
ncih2170_antibiotics_ps_g_92,train,NCI-H2170,ncih2170_antibiotics_ps_g,Label Engine,145,137
ncih2170_antibiotics_ps_g_94,train,NCI-H2170,ncih2170_antibiotics_ps_g,Label Engine,235,208
ncih2170_antibiotics_ps_g_95,train,NCI-H2170,ncih2170_antibiotics_ps_g,Label Engine,180,163
ncih2170_antibiotics_ps_g_96,test,NCI-H2170,ncih2170_antibiotics_ps_g,Label Engine,521,484
ncih2170_antibiotics_ps_g_97,train,NCI-H2170,ncih2170_antibiotics_ps_g,Label Engine,252,228
ncih2170_antibiotics_ps_g_98,train,NCI-H2170,ncih2170_antibiotics_ps_g,Label Engine,167,156
ncih2170_antibiotics_ps_g_99,val,NCI-H2170,ncih2170_antibiotics_ps_g,Label Engine,867,866
ncih2170_cart_72h_blank_ctrl_19,train,NCI-H2170,ncih2170_cart_72h_blank_ctrl,Label Engine,210,117
ncih2170_cart_72h_blank_ctrl_28,train,NCI-H2170,ncih2170_cart_72h_blank_ctrl,Label Engine,191,57
ncih2170_cart_72h_blank_ctrl_30,test,NCI-H2170,ncih2170_cart_72h_blank_ctrl,Label Engine,406,218
ncih2170_cart_72h_blank_ctrl_31,test,NCI-H2170,ncih2170_cart_72h_blank_ctrl,Label Engine,103,79
ncih2170_cart_72h_blank_ctrl_32,train,NCI-H2170,ncih2170_cart_72h_blank_ctrl,Label Engine,99,27
ncih2170_cart_72h_blank_ctrl_33,test,NCI-H2170,ncih2170_cart_72h_blank_ctrl,Label Engine,80,49
ncih2170_cart_72h_blank_ctrl_34,train,NCI-H2170,ncih2170_cart_72h_blank_ctrl,Label Engine,88,51
ncih2170_cart_72h_blank_ctrl_35,train,NCI-H2170,ncih2170_cart_72h_blank_ctrl,Label Engine,168,105
ncih2170_cart_72h_blank_ctrl_36,train,NCI-H2170,ncih2170_cart_72h_blank_ctrl,Label Engine,86,9
ncih2170_cart_72h_blank_ctrl_38,train,NCI-H2170,ncih2170_cart_72h_blank_ctrl,Label Engine,156,75
ncih2170_cart_72h_blank_ctrl_39,train,NCI-H2170,ncih2170_cart_72h_blank_ctrl,Label Engine,189,135
ncih2170_cart_72h_blank_ctrl_5,val,NCI-H2170,ncih2170_cart_72h_blank_ctrl,Label Engine,94,76
ncih2170_cart_72h_blank_ctrl_50,train,NCI-H2170,ncih2170_cart_72h_blank_ctrl,Label Engine,149,136
ncih2170_cart_72h_blank_ctrl_51,test,NCI-H2170,ncih2170_cart_72h_blank_ctrl,Label Engine,48,19
ncih2170_cart_72h_blank_ctrl_52,test,NCI-H2170,ncih2170_cart_72h_blank_ctrl,Label Engine,246,205
ncih2170_cart_72h_blank_ctrl_53,val,NCI-H2170,ncih2170_cart_72h_blank_ctrl,Label Engine,56,46
ncih2170_cart_72h_blank_ctrl_55,train,NCI-H2170,ncih2170_cart_72h_blank_ctrl,Label Engine,56,44
ncih2170_cart_72h_blank_ctrl_56,train,NCI-H2170,ncih2170_cart_72h_blank_ctrl,Label Engine,132,113
ncih2170_cart_72h_blank_ctrl_57,train,NCI-H2170,ncih2170_cart_72h_blank_ctrl,Label Engine,75,68
ncih2170_cart_72h_blank_ctrl_59,test,NCI-H2170,ncih2170_cart_72h_blank_ctrl,Label Engine,55,57
ncih2170_cart_72h_blank_ctrl_61,train,NCI-H2170,ncih2170_cart_72h_blank_ctrl,Label Engine,47,40
ncih2170_cart_72h_blank_ctrl_62,test,NCI-H2170,ncih2170_cart_72h_blank_ctrl,Label Engine,184,173
ncih2170_cart_72h_blank_ctrl_64,train,NCI-H2170,ncih2170_cart_72h_blank_ctrl,Label Engine,47,42
ncih2170_cart_72h_blank_ctrl_67,val,NCI-H2170,ncih2170_cart_72h_blank_ctrl,Label Engine,103,56
ncih2170_cart_72h_blank_ctrl_7,train,NCI-H2170,ncih2170_cart_72h_blank_ctrl,Label Engine,196,123
ncih2170_cart_72h_blank_ctrl_71,train,NCI-H2170,ncih2170_cart_72h_blank_ctrl,Label Engine,133,106
ncih2170_cart_72h_blank_ctrl_74,train,NCI-H2170,ncih2170_cart_72h_blank_ctrl,Label Engine,43,42
ncih2170_cart_72h_blank_ctrl_8,train,NCI-H2170,ncih2170_cart_72h_blank_ctrl,Label Engine,132,75
ncih2170_cart_72h_blank_ctrl_80,train,NCI-H2170,ncih2170_cart_72h_blank_ctrl,Label Engine,76,59
ncih2170_cart_72h_blank_ctrl_82,train,NCI-H2170,ncih2170_cart_72h_blank_ctrl,Label Engine,105,115
ncih2170_cart_72h_blank_ctrl_83,train,NCI-H2170,ncih2170_cart_72h_blank_ctrl,Label Engine,35,26
ncih2170_cart_72h_blank_ctrl_88,val,NCI-H2170,ncih2170_cart_72h_blank_ctrl,Label Engine,35,18
ncih2170_cart_72h_blank_ctrl_89,train,NCI-H2170,ncih2170_cart_72h_blank_ctrl,Label Engine,238,197
ncih2170_cart_72h_blank_ctrl_92,train,NCI-H2170,ncih2170_cart_72h_blank_ctrl,Label Engine,176,55
ncih2170_cart_72h_blank_ctrl_95,val,NCI-H2170,ncih2170_cart_72h_blank_ctrl,Label Engine,17,13
ncih2170_cart_72h_blank_ctrl_98,train,NCI-H2170,ncih2170_cart_72h_blank_ctrl,Label Engine,257,195
ncih2170_cart_72h_blank_ctrl_99,test,NCI-H2170,ncih2170_cart_72h_blank_ctrl,Label Engine,51,25
ncih2170_cart_72h_cart_1,train,NCI-H2170,ncih2170_cart_72h_cart,Label Engine,75,43
ncih2170_cart_72h_cart_100,train,NCI-H2170,ncih2170_cart_72h_cart,Label Engine,664,555
ncih2170_cart_72h_cart_16,train,NCI-H2170,ncih2170_cart_72h_cart,Label Engine,16,29
ncih2170_cart_72h_cart_17,train,NCI-H2170,ncih2170_cart_72h_cart,Label Engine,44,63
ncih2170_cart_72h_cart_20,train,NCI-H2170,ncih2170_cart_72h_cart,Label Engine,53,51
ncih2170_cart_72h_cart_21,val,NCI-H2170,ncih2170_cart_72h_cart,Label Engine,71,66
ncih2170_cart_72h_cart_22,train,NCI-H2170,ncih2170_cart_72h_cart,Label Engine,15,22
ncih2170_cart_72h_cart_27,train,NCI-H2170,ncih2170_cart_72h_cart,Label Engine,71,82
ncih2170_cart_72h_cart_31,train,NCI-H2170,ncih2170_cart_72h_cart,Label Engine,119,59
ncih2170_cart_72h_cart_32,train,NCI-H2170,ncih2170_cart_72h_cart,Label Engine,74,54
ncih2170_cart_72h_cart_33,train,NCI-H2170,ncih2170_cart_72h_cart,Label Engine,117,89
ncih2170_cart_72h_cart_36,test,NCI-H2170,ncih2170_cart_72h_cart,Label Engine,71,62
ncih2170_cart_72h_cart_38,val,NCI-H2170,ncih2170_cart_72h_cart,Label Engine,46,36
ncih2170_cart_72h_cart_4,train,NCI-H2170,ncih2170_cart_72h_cart,Label Engine,41,43
ncih2170_cart_72h_cart_40,train,NCI-H2170,ncih2170_cart_72h_cart,Label Engine,22,21
ncih2170_cart_72h_cart_47,train,NCI-H2170,ncih2170_cart_72h_cart,Label Engine,81,43
ncih2170_cart_72h_cart_49,train,NCI-H2170,ncih2170_cart_72h_cart,Label Engine,18,27
ncih2170_cart_72h_cart_5,train,NCI-H2170,ncih2170_cart_72h_cart,Label Engine,27,19
ncih2170_cart_72h_cart_55,test,NCI-H2170,ncih2170_cart_72h_cart,Label Engine,61,26
ncih2170_cart_72h_cart_57,train,NCI-H2170,ncih2170_cart_72h_cart,Label Engine,99,61
ncih2170_cart_72h_cart_60,train,NCI-H2170,ncih2170_cart_72h_cart,Label Engine,30,23
ncih2170_cart_72h_cart_61,val,NCI-H2170,ncih2170_cart_72h_cart,Label Engine,9,8
ncih2170_cart_72h_cart_62,test,NCI-H2170,ncih2170_cart_72h_cart,Label Engine,93,62
ncih2170_cart_72h_cart_63,test,NCI-H2170,ncih2170_cart_72h_cart,Label Engine,85,51
ncih2170_cart_72h_cart_64,train,NCI-H2170,ncih2170_cart_72h_cart,Label Engine,78,69
ncih2170_cart_72h_cart_69,test,NCI-H2170,ncih2170_cart_72h_cart,Label Engine,52,25
ncih2170_cart_72h_cart_73,train,NCI-H2170,ncih2170_cart_72h_cart,Label Engine,73,80
ncih2170_cart_72h_cart_77,val,NCI-H2170,ncih2170_cart_72h_cart,Label Engine,75,72
ncih2170_cart_72h_cart_78,train,NCI-H2170,ncih2170_cart_72h_cart,Label Engine,112,96
ncih2170_cart_72h_cart_80,train,NCI-H2170,ncih2170_cart_72h_cart,Label Engine,244,234
ncih2170_cart_72h_cart_81,val,NCI-H2170,ncih2170_cart_72h_cart,Label Engine,58,70
ncih2170_cart_72h_cart_82,train,NCI-H2170,ncih2170_cart_72h_cart,Label Engine,69,46
ncih2170_cart_72h_cart_83,train,NCI-H2170,ncih2170_cart_72h_cart,Label Engine,102,94
ncih2170_cart_72h_cart_88,train,NCI-H2170,ncih2170_cart_72h_cart,Label Engine,111,42
ncih2170_cart_72h_cart_89,train,NCI-H2170,ncih2170_cart_72h_cart,Label Engine,497,459
ncih2170_cart_72h_cart_90,train,NCI-H2170,ncih2170_cart_72h_cart,Label Engine,175,190
ncih2170_cart_72h_cart_91,train,NCI-H2170,ncih2170_cart_72h_cart,Label Engine,382,395
ncih2170_cart_72h_cart_93,train,NCI-H2170,ncih2170_cart_72h_cart,Label Engine,184,162
ncih2170_cart_72h_cart_95,train,NCI-H2170,ncih2170_cart_72h_cart,Label Engine,318,234
ncih2170_cart_72h_cart_96,train,NCI-H2170,ncih2170_cart_72h_cart,Label Engine,105,88
ncih2170_cart_72h_cart_97,train,NCI-H2170,ncih2170_cart_72h_cart,Label Engine,181,143
ncih2170_cart_72h_cart_99,train,NCI-H2170,ncih2170_cart_72h_cart,Label Engine,179,172
ncih2170_cart_72h_nt_ctrl_10,train,NCI-H2170,ncih2170_cart_72h_nt_ctrl,Label Engine,76,66
ncih2170_cart_72h_nt_ctrl_100,train,NCI-H2170,ncih2170_cart_72h_nt_ctrl,Label Engine,143,143
ncih2170_cart_72h_nt_ctrl_12,train,NCI-H2170,ncih2170_cart_72h_nt_ctrl,Label Engine,209,204
ncih2170_cart_72h_nt_ctrl_13,train,NCI-H2170,ncih2170_cart_72h_nt_ctrl,Label Engine,78,62
ncih2170_cart_72h_nt_ctrl_16,train,NCI-H2170,ncih2170_cart_72h_nt_ctrl,Label Engine,74,25
ncih2170_cart_72h_nt_ctrl_17,val,NCI-H2170,ncih2170_cart_72h_nt_ctrl,Label Engine,188,192
ncih2170_cart_72h_nt_ctrl_18,val,NCI-H2170,ncih2170_cart_72h_nt_ctrl,Label Engine,102,104
ncih2170_cart_72h_nt_ctrl_19,val,NCI-H2170,ncih2170_cart_72h_nt_ctrl,Label Engine,33,25
ncih2170_cart_72h_nt_ctrl_20,test,NCI-H2170,ncih2170_cart_72h_nt_ctrl,Label Engine,126,140
ncih2170_cart_72h_nt_ctrl_21,train,NCI-H2170,ncih2170_cart_72h_nt_ctrl,Label Engine,186,190
ncih2170_cart_72h_nt_ctrl_24,train,NCI-H2170,ncih2170_cart_72h_nt_ctrl,Label Engine,35,15
ncih2170_cart_72h_nt_ctrl_26,train,NCI-H2170,ncih2170_cart_72h_nt_ctrl,Label Engine,130,115
ncih2170_cart_72h_nt_ctrl_28,train,NCI-H2170,ncih2170_cart_72h_nt_ctrl,Label Engine,162,162
ncih2170_cart_72h_nt_ctrl_32,val,NCI-H2170,ncih2170_cart_72h_nt_ctrl,Label Engine,201,52
ncih2170_cart_72h_nt_ctrl_37,val,NCI-H2170,ncih2170_cart_72h_nt_ctrl,Label Engine,107,28
ncih2170_cart_72h_nt_ctrl_39,train,NCI-H2170,ncih2170_cart_72h_nt_ctrl,Label Engine,53,26
ncih2170_cart_72h_nt_ctrl_4,train,NCI-H2170,ncih2170_cart_72h_nt_ctrl,Label Engine,77,83
ncih2170_cart_72h_nt_ctrl_41,train,NCI-H2170,ncih2170_cart_72h_nt_ctrl,Label Engine,142,95
ncih2170_cart_72h_nt_ctrl_43,train,NCI-H2170,ncih2170_cart_72h_nt_ctrl,Label Engine,142,70
ncih2170_cart_72h_nt_ctrl_44,train,NCI-H2170,ncih2170_cart_72h_nt_ctrl,Label Engine,75,71
ncih2170_cart_72h_nt_ctrl_45,train,NCI-H2170,ncih2170_cart_72h_nt_ctrl,Label Engine,188,114
ncih2170_cart_72h_nt_ctrl_46,test,NCI-H2170,ncih2170_cart_72h_nt_ctrl,Label Engine,242,184
ncih2170_cart_72h_nt_ctrl_47,train,NCI-H2170,ncih2170_cart_72h_nt_ctrl,Label Engine,157,131
ncih2170_cart_72h_nt_ctrl_48,train,NCI-H2170,ncih2170_cart_72h_nt_ctrl,Label Engine,60,24
ncih2170_cart_72h_nt_ctrl_49,test,NCI-H2170,ncih2170_cart_72h_nt_ctrl,Label Engine,65,49
ncih2170_cart_72h_nt_ctrl_52,train,NCI-H2170,ncih2170_cart_72h_nt_ctrl,Label Engine,136,26
ncih2170_cart_72h_nt_ctrl_54,train,NCI-H2170,ncih2170_cart_72h_nt_ctrl,Label Engine,245,197
ncih2170_cart_72h_nt_ctrl_55,train,NCI-H2170,ncih2170_cart_72h_nt_ctrl,Label Engine,216,80
ncih2170_cart_72h_nt_ctrl_56,train,NCI-H2170,ncih2170_cart_72h_nt_ctrl,Label Engine,246,154
ncih2170_cart_72h_nt_ctrl_57,test,NCI-H2170,ncih2170_cart_72h_nt_ctrl,Label Engine,119,66
ncih2170_cart_72h_nt_ctrl_58,train,NCI-H2170,ncih2170_cart_72h_nt_ctrl,Label Engine,211,94
ncih2170_cart_72h_nt_ctrl_59,val,NCI-H2170,ncih2170_cart_72h_nt_ctrl,Label Engine,160,144
ncih2170_cart_72h_nt_ctrl_6,train,NCI-H2170,ncih2170_cart_72h_nt_ctrl,Label Engine,51,49
ncih2170_cart_72h_nt_ctrl_61,test,NCI-H2170,ncih2170_cart_72h_nt_ctrl,Label Engine,223,169
ncih2170_cart_72h_nt_ctrl_62,val,NCI-H2170,ncih2170_cart_72h_nt_ctrl,Label Engine,168,160
ncih2170_cart_72h_nt_ctrl_63,val,NCI-H2170,ncih2170_cart_72h_nt_ctrl,Label Engine,160,90
ncih2170_cart_72h_nt_ctrl_65,train,NCI-H2170,ncih2170_cart_72h_nt_ctrl,Label Engine,74,21
ncih2170_cart_72h_nt_ctrl_66,train,NCI-H2170,ncih2170_cart_72h_nt_ctrl,Label Engine,291,256
ncih2170_cart_72h_nt_ctrl_67,train,NCI-H2170,ncih2170_cart_72h_nt_ctrl,Label Engine,87,80
ncih2170_cart_72h_nt_ctrl_69,test,NCI-H2170,ncih2170_cart_72h_nt_ctrl,Label Engine,110,25
ncih2170_cart_72h_nt_ctrl_71,test,NCI-H2170,ncih2170_cart_72h_nt_ctrl,Label Engine,126,32
ncih2170_cart_72h_nt_ctrl_74,train,NCI-H2170,ncih2170_cart_72h_nt_ctrl,Label Engine,348,217
ncih2170_cart_72h_nt_ctrl_75,train,NCI-H2170,ncih2170_cart_72h_nt_ctrl,Label Engine,99,43
ncih2170_cart_72h_nt_ctrl_77,train,NCI-H2170,ncih2170_cart_72h_nt_ctrl,Label Engine,159,146
ncih2170_cart_72h_nt_ctrl_80,test,NCI-H2170,ncih2170_cart_72h_nt_ctrl,Label Engine,400,336
ncih2170_cart_72h_nt_ctrl_81,train,NCI-H2170,ncih2170_cart_72h_nt_ctrl,Label Engine,478,274
ncih2170_cart_72h_nt_ctrl_83,test,NCI-H2170,ncih2170_cart_72h_nt_ctrl,Label Engine,169,183
ncih2170_cart_72h_nt_ctrl_87,train,NCI-H2170,ncih2170_cart_72h_nt_ctrl,Label Engine,231,219
ncih2170_cart_72h_nt_ctrl_88,train,NCI-H2170,ncih2170_cart_72h_nt_ctrl,Label Engine,534,525
ncih2170_cart_72h_nt_ctrl_9,train,NCI-H2170,ncih2170_cart_72h_nt_ctrl,Label Engine,84,87
ncih2170_cart_72h_nt_ctrl_91,train,NCI-H2170,ncih2170_cart_72h_nt_ctrl,Label Engine,113,76
ncih2170_cart_72h_nt_ctrl_92,val,NCI-H2170,ncih2170_cart_72h_nt_ctrl,Label Engine,147,149
ncih2170_cart_72h_nt_ctrl_93,val,NCI-H2170,ncih2170_cart_72h_nt_ctrl,Label Engine,451,366
ncih2170_cart_72h_nt_ctrl_94,train,NCI-H2170,ncih2170_cart_72h_nt_ctrl,Label Engine,226,131
ncih2170_cart_72h_nt_ctrl_99,train,NCI-H2170,ncih2170_cart_72h_nt_ctrl,Label Engine,66,56
ncih2170_ctrl_1_24,train,NCI-H2170,ncih2170_ctrl_1,Label Engine,355,341
ncih2170_ctrl_1_25,train,NCI-H2170,ncih2170_ctrl_1,Label Engine,441,439
ncih2170_ctrl_1_27,train,NCI-H2170,ncih2170_ctrl_1,Label Engine,504,493
ncih2170_ctrl_1_29,train,NCI-H2170,ncih2170_ctrl_1,Label Engine,226,249
ncih2170_ctrl_1_30,test,NCI-H2170,ncih2170_ctrl_1,Label Engine,229,232
ncih2170_ctrl_1_33,train,NCI-H2170,ncih2170_ctrl_1,Label Engine,431,417
ncih2170_ctrl_1_37,train,NCI-H2170,ncih2170_ctrl_1,Label Engine,223,176
ncih2170_ctrl_1_39,train,NCI-H2170,ncih2170_ctrl_1,Label Engine,194,208
ncih2170_ctrl_1_41,train,NCI-H2170,ncih2170_ctrl_1,Label Engine,489,464
ncih2170_ctrl_1_44,train,NCI-H2170,ncih2170_ctrl_1,Label Engine,178,228
ncih2170_ctrl_1_45,val,NCI-H2170,ncih2170_ctrl_1,Label Engine,141,149
ncih2170_ctrl_1_50,train,NCI-H2170,ncih2170_ctrl_1,Label Engine,243,344
ncih2170_ctrl_1_51,train,NCI-H2170,ncih2170_ctrl_1,Label Engine,280,270
ncih2170_ctrl_1_53,train,NCI-H2170,ncih2170_ctrl_1,Label Engine,613,615
ncih2170_ctrl_1_54,test,NCI-H2170,ncih2170_ctrl_1,Label Engine,235,226
ncih2170_ctrl_1_55,train,NCI-H2170,ncih2170_ctrl_1,Label Engine,589,560
ncih2170_ctrl_1_58,test,NCI-H2170,ncih2170_ctrl_1,Label Engine,179,154
ncih2170_ctrl_1_60,val,NCI-H2170,ncih2170_ctrl_1,Label Engine,567,519
ncih2170_ctrl_1_61,test,NCI-H2170,ncih2170_ctrl_1,Label Engine,251,219
ncih2170_ctrl_1_62,test,NCI-H2170,ncih2170_ctrl_1,Label Engine,478,468
ncih2170_ctrl_1_65,train,NCI-H2170,ncih2170_ctrl_1,Label Engine,230,271
ncih2170_ctrl_1_66,train,NCI-H2170,ncih2170_ctrl_1,Label Engine,283,304
ncih2170_ctrl_1_68,train,NCI-H2170,ncih2170_ctrl_1,Label Engine,226,229
ncih2170_ctrl_1_70,val,NCI-H2170,ncih2170_ctrl_1,Label Engine,115,123
ncih2170_ctrl_1_82,train,NCI-H2170,ncih2170_ctrl_1,Label Engine,404,396
ncih2170_ctrl_1_86,train,NCI-H2170,ncih2170_ctrl_1,Label Engine,359,323
ncih2170_ctrl_1_88,test,NCI-H2170,ncih2170_ctrl_1,Label Engine,341,321
ncih2170_ctrl_1_89,train,NCI-H2170,ncih2170_ctrl_1,Label Engine,832,880
ncih2170_ctrl_1_90,test,NCI-H2170,ncih2170_ctrl_1,Label Engine,87,78
ncih2170_ctrl_1_94,test,NCI-H2170,ncih2170_ctrl_1,Label Engine,299,313
ncih2170_ctrl_1_95,train,NCI-H2170,ncih2170_ctrl_1,Label Engine,215,212
ncih2170_ctrl_1_98,train,NCI-H2170,ncih2170_ctrl_1,Label Engine,119,170
ncih2170_ctrl_1_99,train,NCI-H2170,ncih2170_ctrl_1,Label Engine,221,214
ncih2170_ctrl_2_102,train,NCI-H2170,ncih2170_ctrl_2,Label Engine,257,254
ncih2170_ctrl_2_103,train,NCI-H2170,ncih2170_ctrl_2,Label Engine,107,104
ncih2170_ctrl_2_105,test,NCI-H2170,ncih2170_ctrl_2,Label Engine,184,183
ncih2170_ctrl_2_106,train,NCI-H2170,ncih2170_ctrl_2,Label Engine,909,826
ncih2170_ctrl_2_107,train,NCI-H2170,ncih2170_ctrl_2,Label Engine,116,109
ncih2170_ctrl_2_110,val,NCI-H2170,ncih2170_ctrl_2,Label Engine,526,505
ncih2170_ctrl_2_112,train,NCI-H2170,ncih2170_ctrl_2,Label Engine,217,190
ncih2170_ctrl_2_114,train,NCI-H2170,ncih2170_ctrl_2,Label Engine,503,461
ncih2170_ctrl_2_115,train,NCI-H2170,ncih2170_ctrl_2,Label Engine,371,363
ncih2170_ctrl_2_116,train,NCI-H2170,ncih2170_ctrl_2,Label Engine,94,100
ncih2170_ctrl_2_117,train,NCI-H2170,ncih2170_ctrl_2,Label Engine,172,178
ncih2170_ctrl_2_118,train,NCI-H2170,ncih2170_ctrl_2,Label Engine,523,474
ncih2170_ctrl_2_119,train,NCI-H2170,ncih2170_ctrl_2,Label Engine,282,280
ncih2170_ctrl_2_121,train,NCI-H2170,ncih2170_ctrl_2,Label Engine,418,438
ncih2170_ctrl_2_122,train,NCI-H2170,ncih2170_ctrl_2,Label Engine,194,151
ncih2170_ctrl_2_123,val,NCI-H2170,ncih2170_ctrl_2,Label Engine,430,406
ncih2170_ctrl_2_124,train,NCI-H2170,ncih2170_ctrl_2,Label Engine,163,170
ncih2170_ctrl_2_125,train,NCI-H2170,ncih2170_ctrl_2,Label Engine,413,390
ncih2170_ctrl_2_126,val,NCI-H2170,ncih2170_ctrl_2,Label Engine,196,188
ncih2170_ctrl_2_127,train,NCI-H2170,ncih2170_ctrl_2,Label Engine,378,368
ncih2170_ctrl_2_129,train,NCI-H2170,ncih2170_ctrl_2,Label Engine,220,242
ncih2170_ctrl_2_130,train,NCI-H2170,ncih2170_ctrl_2,Label Engine,228,195
ncih2170_ctrl_2_132,test,NCI-H2170,ncih2170_ctrl_2,Label Engine,274,257
ncih2170_ctrl_2_133,val,NCI-H2170,ncih2170_ctrl_2,Label Engine,557,492
ncih2170_ctrl_2_134,train,NCI-H2170,ncih2170_ctrl_2,Label Engine,390,378
ncih2170_ctrl_2_136,train,NCI-H2170,ncih2170_ctrl_2,Label Engine,314,290
ncih2170_ctrl_2_139,test,NCI-H2170,ncih2170_ctrl_2,Label Engine,246,247
ncih2170_ctrl_2_141,train,NCI-H2170,ncih2170_ctrl_2,Label Engine,114,112
ncih2170_ctrl_2_143,val,NCI-H2170,ncih2170_ctrl_2,Label Engine,191,188
ncih2170_ctrl_2_22,train,NCI-H2170,ncih2170_ctrl_2,Label Engine,438,370
ncih2170_ctrl_2_24,test,NCI-H2170,ncih2170_ctrl_2,Label Engine,642,578
ncih2170_ctrl_2_27,val,NCI-H2170,ncih2170_ctrl_2,Label Engine,520,465
ncih2170_ctrl_2_28,train,NCI-H2170,ncih2170_ctrl_2,Label Engine,259,260
ncih2170_ctrl_2_29,train,NCI-H2170,ncih2170_ctrl_2,Label Engine,170,173
ncih2170_ctrl_2_30,train,NCI-H2170,ncih2170_ctrl_2,Label Engine,572,574
ncih2170_ctrl_2_31,val,NCI-H2170,ncih2170_ctrl_2,Label Engine,89,82
ncih2170_ctrl_2_35,train,NCI-H2170,ncih2170_ctrl_2,Label Engine,604,624
ncih2170_ctrl_2_40,train,NCI-H2170,ncih2170_ctrl_2,Label Engine,297,315
ncih2170_ctrl_2_41,train,NCI-H2170,ncih2170_ctrl_2,Label Engine,742,661
ncih2170_ctrl_2_92,train,NCI-H2170,ncih2170_ctrl_2,Label Engine,436,387
ncih2170_ctrl_2_93,train,NCI-H2170,ncih2170_ctrl_2,Label Engine,287,246
ncih2170_ctrl_2_94,train,NCI-H2170,ncih2170_ctrl_2,Label Engine,146,137
ncih2170_ctrl_2_96,test,NCI-H2170,ncih2170_ctrl_2,Label Engine,96,104
ncih2170_ctrl_2_99,train,NCI-H2170,ncih2170_ctrl_2,Label Engine,290,277
ncih2170_facs_fish_0223_high_her2_10,train,NCI-H2170,ncih2170_facs_fish_0223_high_her2,Label Engine,138,122
ncih2170_facs_fish_0223_high_her2_11,train,NCI-H2170,ncih2170_facs_fish_0223_high_her2,Label Engine,101,92
ncih2170_facs_fish_0223_high_her2_13,test,NCI-H2170,ncih2170_facs_fish_0223_high_her2,Label Engine,375,352
ncih2170_facs_fish_0223_high_her2_16,train,NCI-H2170,ncih2170_facs_fish_0223_high_her2,Label Engine,130,127
ncih2170_facs_fish_0223_high_her2_18,train,NCI-H2170,ncih2170_facs_fish_0223_high_her2,Label Engine,46,13
ncih2170_facs_fish_0223_high_her2_19,val,NCI-H2170,ncih2170_facs_fish_0223_high_her2,Label Engine,96,85
ncih2170_facs_fish_0223_high_her2_2,train,NCI-H2170,ncih2170_facs_fish_0223_high_her2,Label Engine,86,64
ncih2170_facs_fish_0223_high_her2_20,val,NCI-H2170,ncih2170_facs_fish_0223_high_her2,Label Engine,87,66
ncih2170_facs_fish_0223_high_her2_3,train,NCI-H2170,ncih2170_facs_fish_0223_high_her2,Label Engine,116,84
ncih2170_facs_fish_0223_high_her2_4,train,NCI-H2170,ncih2170_facs_fish_0223_high_her2,Label Engine,77,68
ncih2170_facs_fish_0223_high_her2_5,train,NCI-H2170,ncih2170_facs_fish_0223_high_her2,Label Engine,152,92
ncih2170_facs_fish_0223_high_her2_6,train,NCI-H2170,ncih2170_facs_fish_0223_high_her2,Label Engine,332,304
ncih2170_facs_fish_0223_high_her2_7,test,NCI-H2170,ncih2170_facs_fish_0223_high_her2,Label Engine,62,74
ncih2170_facs_fish_0223_high_her2_8,train,NCI-H2170,ncih2170_facs_fish_0223_high_her2,Label Engine,228,186
ncih2170_facs_fish_0223_high_her2_9,train,NCI-H2170,ncih2170_facs_fish_0223_high_her2,Label Engine,94,114
ncih2170_facs_fish_0223_low_her2_10,train,NCI-H2170,ncih2170_facs_fish_0223_low_her2,Label Engine,24,23
ncih2170_facs_fish_0223_low_her2_12,val,NCI-H2170,ncih2170_facs_fish_0223_low_her2,Label Engine,77,94
ncih2170_facs_fish_0223_low_her2_19,test,NCI-H2170,ncih2170_facs_fish_0223_low_her2,Label Engine,40,28
ncih2170_facs_fish_0223_low_her2_2,test,NCI-H2170,ncih2170_facs_fish_0223_low_her2,Label Engine,189,166
ncih2170_facs_fish_0223_low_her2_6,test,NCI-H2170,ncih2170_facs_fish_0223_low_her2,Label Engine,15,17
ncih2170_facs_fish_0223_low_her2_9,train,NCI-H2170,ncih2170_facs_fish_0223_low_her2,Label Engine,24,25
ncih2170_facs_fish_0423_high_her2_21,train,NCI-H2170,ncih2170_facs_fish_0423_high_her2,Label Engine,115,126
ncih2170_facs_fish_0423_high_her2_23,train,NCI-H2170,ncih2170_facs_fish_0423_high_her2,Label Engine,187,202
ncih2170_facs_fish_0423_high_her2_24,train,NCI-H2170,ncih2170_facs_fish_0423_high_her2,Label Engine,174,140
ncih2170_facs_fish_0423_high_her2_25,train,NCI-H2170,ncih2170_facs_fish_0423_high_her2,Label Engine,97,101
ncih2170_facs_fish_0423_high_her2_27,test,NCI-H2170,ncih2170_facs_fish_0423_high_her2,Label Engine,396,412
ncih2170_facs_fish_0423_low_her2_10,test,NCI-H2170,ncih2170_facs_fish_0423_low_her2,Label Engine,191,145
ncih2170_facs_fish_0423_low_her2_101,train,NCI-H2170,ncih2170_facs_fish_0423_low_her2,Label Engine,104,104
ncih2170_facs_fish_0423_low_her2_104,train,NCI-H2170,ncih2170_facs_fish_0423_low_her2,Label Engine,61,50
ncih2170_facs_fish_0423_low_her2_105,train,NCI-H2170,ncih2170_facs_fish_0423_low_her2,Label Engine,62,48
ncih2170_facs_fish_0423_low_her2_109,train,NCI-H2170,ncih2170_facs_fish_0423_low_her2,Label Engine,109,115
ncih2170_facs_fish_0423_low_her2_11,test,NCI-H2170,ncih2170_facs_fish_0423_low_her2,Label Engine,44,32
ncih2170_facs_fish_0423_low_her2_111,train,NCI-H2170,ncih2170_facs_fish_0423_low_her2,Label Engine,107,101
ncih2170_facs_fish_0423_low_her2_115,val,NCI-H2170,ncih2170_facs_fish_0423_low_her2,Label Engine,152,135
ncih2170_facs_fish_0423_low_her2_118,train,NCI-H2170,ncih2170_facs_fish_0423_low_her2,Label Engine,43,15
ncih2170_facs_fish_0423_low_her2_14,val,NCI-H2170,ncih2170_facs_fish_0423_low_her2,Label Engine,70,63
ncih2170_facs_fish_0423_low_her2_16,train,NCI-H2170,ncih2170_facs_fish_0423_low_her2,Label Engine,61,42
ncih2170_facs_fish_0423_low_her2_18,train,NCI-H2170,ncih2170_facs_fish_0423_low_her2,Label Engine,99,67
ncih2170_facs_fish_0423_low_her2_20,train,NCI-H2170,ncih2170_facs_fish_0423_low_her2,Label Engine,213,40
ncih2170_facs_fish_0423_low_her2_21,val,NCI-H2170,ncih2170_facs_fish_0423_low_her2,Label Engine,48,24
ncih2170_facs_fish_0423_low_her2_22,train,NCI-H2170,ncih2170_facs_fish_0423_low_her2,Label Engine,64,61
ncih2170_facs_fish_0423_low_her2_28,test,NCI-H2170,ncih2170_facs_fish_0423_low_her2,Label Engine,174,177
ncih2170_facs_fish_0423_low_her2_3,train,NCI-H2170,ncih2170_facs_fish_0423_low_her2,Label Engine,128,127
ncih2170_facs_fish_0423_low_her2_30,train,NCI-H2170,ncih2170_facs_fish_0423_low_her2,Label Engine,96,119
ncih2170_facs_fish_0423_low_her2_31_b,train,NCI-H2170,ncih2170_facs_fish_0423_low_her2,Label Engine,197,159
ncih2170_facs_fish_0423_low_her2_35,train,NCI-H2170,ncih2170_facs_fish_0423_low_her2,Label Engine,211,90
ncih2170_facs_fish_0423_low_her2_37,train,NCI-H2170,ncih2170_facs_fish_0423_low_her2,Label Engine,60,39
ncih2170_facs_fish_0423_low_her2_4,train,NCI-H2170,ncih2170_facs_fish_0423_low_her2,Label Engine,117,116
ncih2170_facs_fish_0423_low_her2_43,test,NCI-H2170,ncih2170_facs_fish_0423_low_her2,Label Engine,139,79
ncih2170_facs_fish_0423_low_her2_44,train,NCI-H2170,ncih2170_facs_fish_0423_low_her2,Label Engine,115,64
ncih2170_facs_fish_0423_low_her2_46,train,NCI-H2170,ncih2170_facs_fish_0423_low_her2,Label Engine,167,179
ncih2170_facs_fish_0423_low_her2_48,train,NCI-H2170,ncih2170_facs_fish_0423_low_her2,Label Engine,99,113
ncih2170_facs_fish_0423_low_her2_49,val,NCI-H2170,ncih2170_facs_fish_0423_low_her2,Label Engine,141,116
ncih2170_facs_fish_0423_low_her2_56,test,NCI-H2170,ncih2170_facs_fish_0423_low_her2,Label Engine,101,94
ncih2170_facs_fish_0423_low_her2_59,train,NCI-H2170,ncih2170_facs_fish_0423_low_her2,Label Engine,170,164
ncih2170_facs_fish_0423_low_her2_64,val,NCI-H2170,ncih2170_facs_fish_0423_low_her2,Label Engine,113,116
ncih2170_facs_fish_0423_low_her2_65,val,NCI-H2170,ncih2170_facs_fish_0423_low_her2,Label Engine,89,83
ncih2170_facs_fish_0423_low_her2_66,train,NCI-H2170,ncih2170_facs_fish_0423_low_her2,Label Engine,41,28
ncih2170_facs_fish_0423_low_her2_68,train,NCI-H2170,ncih2170_facs_fish_0423_low_her2,Label Engine,103,109
ncih2170_facs_fish_0423_low_her2_7,train,NCI-H2170,ncih2170_facs_fish_0423_low_her2,Label Engine,84,58
ncih2170_facs_fish_0423_low_her2_71,train,NCI-H2170,ncih2170_facs_fish_0423_low_her2,Label Engine,135,137
ncih2170_facs_fish_0423_low_her2_72,train,NCI-H2170,ncih2170_facs_fish_0423_low_her2,Label Engine,142,140
ncih2170_facs_fish_0423_low_her2_74,train,NCI-H2170,ncih2170_facs_fish_0423_low_her2,Label Engine,97,101
ncih2170_facs_fish_0423_low_her2_75,train,NCI-H2170,ncih2170_facs_fish_0423_low_her2,Label Engine,111,109
ncih2170_facs_fish_0423_low_her2_76,train,NCI-H2170,ncih2170_facs_fish_0423_low_her2,Label Engine,204,198
ncih2170_facs_fish_0423_low_her2_8,test,NCI-H2170,ncih2170_facs_fish_0423_low_her2,Label Engine,87,37
ncih2170_facs_fish_0423_low_her2_83,val,NCI-H2170,ncih2170_facs_fish_0423_low_her2,Label Engine,51,51
ncih2170_facs_fish_0423_low_her2_87,test,NCI-H2170,ncih2170_facs_fish_0423_low_her2,Label Engine,67,14
ncih2170_facs_fish_0423_low_her2_9,train,NCI-H2170,ncih2170_facs_fish_0423_low_her2,Label Engine,143,84
ncih2170_facs_fish_0423_low_her2_91,test,NCI-H2170,ncih2170_facs_fish_0423_low_her2,Label Engine,79,72
ncih2170_facs_fish_0423_low_her2_94,test,NCI-H2170,ncih2170_facs_fish_0423_low_her2,Label Engine,132,138
ncih2170_facs_fish_0423_low_her2_95,train,NCI-H2170,ncih2170_facs_fish_0423_low_her2,Label Engine,26,18
ncih2170_facs_fish_0423_low_her2_97,train,NCI-H2170,ncih2170_facs_fish_0423_low_her2,Label Engine,114,98
ncih2170_facs_fish_0423_low_her2_98,train,NCI-H2170,ncih2170_facs_fish_0423_low_her2,Label Engine,125,110
ncih2170_facs_fish_0723_high_her2_1,val,NCI-H2170,ncih2170_facs_fish_0723_high_her2,Label Engine,368,289
ncih2170_facs_fish_0723_high_her2_10,train,NCI-H2170,ncih2170_facs_fish_0723_high_her2,Label Engine,597,525
ncih2170_facs_fish_0723_high_her2_102,train,NCI-H2170,ncih2170_facs_fish_0723_high_her2,Label Engine,276,252
ncih2170_facs_fish_0723_high_her2_103,train,NCI-H2170,ncih2170_facs_fish_0723_high_her2,Label Engine,199,202
ncih2170_facs_fish_0723_high_her2_104,train,NCI-H2170,ncih2170_facs_fish_0723_high_her2,Label Engine,676,682
ncih2170_facs_fish_0723_high_her2_108,test,NCI-H2170,ncih2170_facs_fish_0723_high_her2,Label Engine,186,197
ncih2170_facs_fish_0723_high_her2_109,train,NCI-H2170,ncih2170_facs_fish_0723_high_her2,Label Engine,292,284
ncih2170_facs_fish_0723_high_her2_11,val,NCI-H2170,ncih2170_facs_fish_0723_high_her2,Label Engine,835,754
ncih2170_facs_fish_0723_high_her2_110,test,NCI-H2170,ncih2170_facs_fish_0723_high_her2,Label Engine,358,389
ncih2170_facs_fish_0723_high_her2_111,test,NCI-H2170,ncih2170_facs_fish_0723_high_her2,Label Engine,278,244
ncih2170_facs_fish_0723_high_her2_113,train,NCI-H2170,ncih2170_facs_fish_0723_high_her2,Label Engine,843,859
ncih2170_facs_fish_0723_high_her2_114,train,NCI-H2170,ncih2170_facs_fish_0723_high_her2,Label Engine,329,331
ncih2170_facs_fish_0723_high_her2_116,train,NCI-H2170,ncih2170_facs_fish_0723_high_her2,Label Engine,395,373
ncih2170_facs_fish_0723_high_her2_12,train,NCI-H2170,ncih2170_facs_fish_0723_high_her2,Label Engine,211,182
ncih2170_facs_fish_0723_high_her2_120,train,NCI-H2170,ncih2170_facs_fish_0723_high_her2,Label Engine,250,262
ncih2170_facs_fish_0723_high_her2_121,train,NCI-H2170,ncih2170_facs_fish_0723_high_her2,Label Engine,344,347
ncih2170_facs_fish_0723_high_her2_122,train,NCI-H2170,ncih2170_facs_fish_0723_high_her2,Label Engine,245,199
ncih2170_facs_fish_0723_high_her2_123,train,NCI-H2170,ncih2170_facs_fish_0723_high_her2,Label Engine,325,320
ncih2170_facs_fish_0723_high_her2_124,train,NCI-H2170,ncih2170_facs_fish_0723_high_her2,Label Engine,165,158
ncih2170_facs_fish_0723_high_her2_125,val,NCI-H2170,ncih2170_facs_fish_0723_high_her2,Label Engine,442,472
ncih2170_facs_fish_0723_high_her2_13,train,NCI-H2170,ncih2170_facs_fish_0723_high_her2,Label Engine,299,270
ncih2170_facs_fish_0723_high_her2_17,val,NCI-H2170,ncih2170_facs_fish_0723_high_her2,Label Engine,473,412
ncih2170_facs_fish_0723_high_her2_18,train,NCI-H2170,ncih2170_facs_fish_0723_high_her2,Label Engine,611,567
ncih2170_facs_fish_0723_high_her2_21,test,NCI-H2170,ncih2170_facs_fish_0723_high_her2,Label Engine,180,180
ncih2170_facs_fish_0723_high_her2_24,train,NCI-H2170,ncih2170_facs_fish_0723_high_her2,Label Engine,184,148
ncih2170_facs_fish_0723_high_her2_27,train,NCI-H2170,ncih2170_facs_fish_0723_high_her2,Label Engine,319,226
ncih2170_facs_fish_0723_high_her2_28,train,NCI-H2170,ncih2170_facs_fish_0723_high_her2,Label Engine,232,212
ncih2170_facs_fish_0723_high_her2_3,train,NCI-H2170,ncih2170_facs_fish_0723_high_her2,Label Engine,460,419
ncih2170_facs_fish_0723_high_her2_30,train,NCI-H2170,ncih2170_facs_fish_0723_high_her2,Label Engine,376,368
ncih2170_facs_fish_0723_high_her2_33,val,NCI-H2170,ncih2170_facs_fish_0723_high_her2,Label Engine,352,277
ncih2170_facs_fish_0723_high_her2_36,train,NCI-H2170,ncih2170_facs_fish_0723_high_her2,Label Engine,236,204
ncih2170_facs_fish_0723_high_her2_37,val,NCI-H2170,ncih2170_facs_fish_0723_high_her2,Label Engine,150,129
ncih2170_facs_fish_0723_high_her2_4,train,NCI-H2170,ncih2170_facs_fish_0723_high_her2,Label Engine,396,329
ncih2170_facs_fish_0723_high_her2_40,train,NCI-H2170,ncih2170_facs_fish_0723_high_her2,Label Engine,517,471
ncih2170_facs_fish_0723_high_her2_41,train,NCI-H2170,ncih2170_facs_fish_0723_high_her2,Label Engine,265,249
ncih2170_facs_fish_0723_high_her2_42,train,NCI-H2170,ncih2170_facs_fish_0723_high_her2,Label Engine,323,200
ncih2170_facs_fish_0723_high_her2_54,train,NCI-H2170,ncih2170_facs_fish_0723_high_her2,Label Engine,120,116
ncih2170_facs_fish_0723_high_her2_55,train,NCI-H2170,ncih2170_facs_fish_0723_high_her2,Label Engine,223,189
ncih2170_facs_fish_0723_high_her2_56,train,NCI-H2170,ncih2170_facs_fish_0723_high_her2,Label Engine,252,242
ncih2170_facs_fish_0723_high_her2_64,train,NCI-H2170,ncih2170_facs_fish_0723_high_her2,Label Engine,260,292
ncih2170_facs_fish_0723_high_her2_7,train,NCI-H2170,ncih2170_facs_fish_0723_high_her2,Label Engine,495,420
ncih2170_facs_fish_0723_high_her2_71,val,NCI-H2170,ncih2170_facs_fish_0723_high_her2,Label Engine,378,339
ncih2170_facs_fish_0723_high_her2_80,test,NCI-H2170,ncih2170_facs_fish_0723_high_her2,Label Engine,403,395
ncih2170_facs_fish_0723_high_her2_82,train,NCI-H2170,ncih2170_facs_fish_0723_high_her2,Label Engine,498,465
ncih2170_facs_fish_0723_high_her2_83,train,NCI-H2170,ncih2170_facs_fish_0723_high_her2,Label Engine,307,282
ncih2170_facs_fish_0723_high_her2_84,train,NCI-H2170,ncih2170_facs_fish_0723_high_her2,Label Engine,258,185
ncih2170_facs_fish_0723_high_her2_86,train,NCI-H2170,ncih2170_facs_fish_0723_high_her2,Label Engine,164,134
ncih2170_facs_fish_0723_high_her2_87,train,NCI-H2170,ncih2170_facs_fish_0723_high_her2,Label Engine,249,256
ncih2170_facs_fish_0723_high_her2_9,train,NCI-H2170,ncih2170_facs_fish_0723_high_her2,Label Engine,262,225
ncih2170_facs_fish_0723_high_her2_92,train,NCI-H2170,ncih2170_facs_fish_0723_high_her2,Label Engine,147,128
ncih2170_facs_fish_0723_high_her2_96,train,NCI-H2170,ncih2170_facs_fish_0723_high_her2,Label Engine,497,439
ncih2170_facs_fish_0723_high_her2_98,train,NCI-H2170,ncih2170_facs_fish_0723_high_her2,Label Engine,226,226
ncih2170_facs_fish_0723_low_her2_1,test,NCI-H2170,ncih2170_facs_fish_0723_low_her2,Label Engine,36,30
ncih2170_facs_fish_0723_low_her2_10,train,NCI-H2170,ncih2170_facs_fish_0723_low_her2,Label Engine,206,163
ncih2170_facs_fish_0723_low_her2_101,val,NCI-H2170,ncih2170_facs_fish_0723_low_her2,Label Engine,91,78
ncih2170_facs_fish_0723_low_her2_103,train,NCI-H2170,ncih2170_facs_fish_0723_low_her2,Label Engine,207,209
ncih2170_facs_fish_0723_low_her2_106,train,NCI-H2170,ncih2170_facs_fish_0723_low_her2,Label Engine,71,67
ncih2170_facs_fish_0723_low_her2_108,train,NCI-H2170,ncih2170_facs_fish_0723_low_her2,Label Engine,53,57
ncih2170_facs_fish_0723_low_her2_11,val,NCI-H2170,ncih2170_facs_fish_0723_low_her2,Label Engine,183,155
ncih2170_facs_fish_0723_low_her2_112,train,NCI-H2170,ncih2170_facs_fish_0723_low_her2,Label Engine,98,99
ncih2170_facs_fish_0723_low_her2_115,test,NCI-H2170,ncih2170_facs_fish_0723_low_her2,Label Engine,63,71
ncih2170_facs_fish_0723_low_her2_116,val,NCI-H2170,ncih2170_facs_fish_0723_low_her2,Label Engine,105,95
ncih2170_facs_fish_0723_low_her2_117,val,NCI-H2170,ncih2170_facs_fish_0723_low_her2,Label Engine,237,177
ncih2170_facs_fish_0723_low_her2_118,train,NCI-H2170,ncih2170_facs_fish_0723_low_her2,Label Engine,93,88
ncih2170_facs_fish_0723_low_her2_12,val,NCI-H2170,ncih2170_facs_fish_0723_low_her2,Label Engine,104,71
ncih2170_facs_fish_0723_low_her2_124,train,NCI-H2170,ncih2170_facs_fish_0723_low_her2,Label Engine,152,147
ncih2170_facs_fish_0723_low_her2_125,train,NCI-H2170,ncih2170_facs_fish_0723_low_her2,Label Engine,73,34
ncih2170_facs_fish_0723_low_her2_126,train,NCI-H2170,ncih2170_facs_fish_0723_low_her2,Label Engine,124,119
ncih2170_facs_fish_0723_low_her2_13,train,NCI-H2170,ncih2170_facs_fish_0723_low_her2,Label Engine,82,54
ncih2170_facs_fish_0723_low_her2_15,train,NCI-H2170,ncih2170_facs_fish_0723_low_her2,Label Engine,132,80
ncih2170_facs_fish_0723_low_her2_20,train,NCI-H2170,ncih2170_facs_fish_0723_low_her2,Label Engine,183,133
ncih2170_facs_fish_0723_low_her2_21,train,NCI-H2170,ncih2170_facs_fish_0723_low_her2,Label Engine,260,242
ncih2170_facs_fish_0723_low_her2_22,test,NCI-H2170,ncih2170_facs_fish_0723_low_her2,Label Engine,308,285
ncih2170_facs_fish_0723_low_her2_23,test,NCI-H2170,ncih2170_facs_fish_0723_low_her2,Label Engine,85,86
ncih2170_facs_fish_0723_low_her2_25,train,NCI-H2170,ncih2170_facs_fish_0723_low_her2,Label Engine,54,44
ncih2170_facs_fish_0723_low_her2_27,val,NCI-H2170,ncih2170_facs_fish_0723_low_her2,Label Engine,47,44
ncih2170_facs_fish_0723_low_her2_28,val,NCI-H2170,ncih2170_facs_fish_0723_low_her2,Label Engine,81,71
ncih2170_facs_fish_0723_low_her2_3,train,NCI-H2170,ncih2170_facs_fish_0723_low_her2,Label Engine,124,119
ncih2170_facs_fish_0723_low_her2_32,train,NCI-H2170,ncih2170_facs_fish_0723_low_her2,Label Engine,78,82
ncih2170_facs_fish_0723_low_her2_34,train,NCI-H2170,ncih2170_facs_fish_0723_low_her2,Label Engine,72,71
ncih2170_facs_fish_0723_low_her2_38,train,NCI-H2170,ncih2170_facs_fish_0723_low_her2,Label Engine,86,65
ncih2170_facs_fish_0723_low_her2_39,train,NCI-H2170,ncih2170_facs_fish_0723_low_her2,Label Engine,100,92
ncih2170_facs_fish_0723_low_her2_40,train,NCI-H2170,ncih2170_facs_fish_0723_low_her2,Label Engine,97,107
ncih2170_facs_fish_0723_low_her2_42,train,NCI-H2170,ncih2170_facs_fish_0723_low_her2,Label Engine,122,115
ncih2170_facs_fish_0723_low_her2_43,train,NCI-H2170,ncih2170_facs_fish_0723_low_her2,Label Engine,71,66
ncih2170_facs_fish_0723_low_her2_44,train,NCI-H2170,ncih2170_facs_fish_0723_low_her2,Label Engine,162,154
ncih2170_facs_fish_0723_low_her2_45,val,NCI-H2170,ncih2170_facs_fish_0723_low_her2,Label Engine,156,149
ncih2170_facs_fish_0723_low_her2_51,train,NCI-H2170,ncih2170_facs_fish_0723_low_her2,Label Engine,106,93
ncih2170_facs_fish_0723_low_her2_52,test,NCI-H2170,ncih2170_facs_fish_0723_low_her2,Label Engine,116,102
ncih2170_facs_fish_0723_low_her2_53,train,NCI-H2170,ncih2170_facs_fish_0723_low_her2,Label Engine,105,114
ncih2170_facs_fish_0723_low_her2_54,train,NCI-H2170,ncih2170_facs_fish_0723_low_her2,Label Engine,106,84
ncih2170_facs_fish_0723_low_her2_57,train,NCI-H2170,ncih2170_facs_fish_0723_low_her2,Label Engine,236,222
ncih2170_facs_fish_0723_low_her2_6,train,NCI-H2170,ncih2170_facs_fish_0723_low_her2,Label Engine,66,48
ncih2170_facs_fish_0723_low_her2_60,test,NCI-H2170,ncih2170_facs_fish_0723_low_her2,Label Engine,93,87
ncih2170_facs_fish_0723_low_her2_62,train,NCI-H2170,ncih2170_facs_fish_0723_low_her2,Label Engine,53,52
ncih2170_facs_fish_0723_low_her2_68,train,NCI-H2170,ncih2170_facs_fish_0723_low_her2,Label Engine,32,42
ncih2170_facs_fish_0723_low_her2_70,train,NCI-H2170,ncih2170_facs_fish_0723_low_her2,Label Engine,115,105
ncih2170_facs_fish_0723_low_her2_75,train,NCI-H2170,ncih2170_facs_fish_0723_low_her2,Label Engine,43,29
ncih2170_facs_fish_0723_low_her2_77,val,NCI-H2170,ncih2170_facs_fish_0723_low_her2,Label Engine,48,44
ncih2170_facs_fish_0723_low_her2_83,train,NCI-H2170,ncih2170_facs_fish_0723_low_her2,Label Engine,78,76
ncih2170_facs_fish_0723_low_her2_86,val,NCI-H2170,ncih2170_facs_fish_0723_low_her2,Label Engine,110,107
ncih2170_facs_fish_0723_low_her2_87,train,NCI-H2170,ncih2170_facs_fish_0723_low_her2,Label Engine,64,58
ncih2170_facs_fish_0723_low_her2_88,train,NCI-H2170,ncih2170_facs_fish_0723_low_her2,Label Engine,46,34
ncih2170_facs_fish_0723_low_her2_89,train,NCI-H2170,ncih2170_facs_fish_0723_low_her2,Label Engine,79,80
ncih2170_facs_fish_0723_low_her2_90,val,NCI-H2170,ncih2170_facs_fish_0723_low_her2,Label Engine,106,118
ncih2170_facs_fish_0723_low_her2_92,train,NCI-H2170,ncih2170_facs_fish_0723_low_her2,Label Engine,130,131
ncih2170_facs_fish_0723_low_her2_93,train,NCI-H2170,ncih2170_facs_fish_0723_low_her2,Label Engine,39,42
ncih2170_facs_fish_0723_low_her2_94,train,NCI-H2170,ncih2170_facs_fish_0723_low_her2,Label Engine,93,79
ncih2170_facs_fish_0723_low_her2_98,train,NCI-H2170,ncih2170_facs_fish_0723_low_her2,Label Engine,121,123
ncih2170_facs_fish_0723_pre_sort_ctrl_1,train,NCI-H2170,ncih2170_facs_fish_0723_pre_sort_ctrl,Label Engine,94,90
ncih2170_facs_fish_0723_pre_sort_ctrl_12,train,NCI-H2170,ncih2170_facs_fish_0723_pre_sort_ctrl,Label Engine,173,164
ncih2170_facs_fish_0723_pre_sort_ctrl_14,train,NCI-H2170,ncih2170_facs_fish_0723_pre_sort_ctrl,Label Engine,179,181
ncih2170_facs_fish_0723_pre_sort_ctrl_15,val,NCI-H2170,ncih2170_facs_fish_0723_pre_sort_ctrl,Label Engine,201,218
ncih2170_facs_fish_0723_pre_sort_ctrl_16,train,NCI-H2170,ncih2170_facs_fish_0723_pre_sort_ctrl,Label Engine,85,72
ncih2170_facs_fish_0723_pre_sort_ctrl_17,train,NCI-H2170,ncih2170_facs_fish_0723_pre_sort_ctrl,Label Engine,513,471
ncih2170_facs_fish_0723_pre_sort_ctrl_18,train,NCI-H2170,ncih2170_facs_fish_0723_pre_sort_ctrl,Label Engine,255,239
ncih2170_facs_fish_0723_pre_sort_ctrl_19,train,NCI-H2170,ncih2170_facs_fish_0723_pre_sort_ctrl,Label Engine,123,132
ncih2170_facs_fish_0723_pre_sort_ctrl_2,train,NCI-H2170,ncih2170_facs_fish_0723_pre_sort_ctrl,Label Engine,520,515
ncih2170_facs_fish_0723_pre_sort_ctrl_21,train,NCI-H2170,ncih2170_facs_fish_0723_pre_sort_ctrl,Label Engine,250,248
ncih2170_facs_fish_0723_pre_sort_ctrl_24,train,NCI-H2170,ncih2170_facs_fish_0723_pre_sort_ctrl,Label Engine,64,61
ncih2170_facs_fish_0723_pre_sort_ctrl_29,test,NCI-H2170,ncih2170_facs_fish_0723_pre_sort_ctrl,Label Engine,225,213
ncih2170_facs_fish_0723_pre_sort_ctrl_31,val,NCI-H2170,ncih2170_facs_fish_0723_pre_sort_ctrl,Label Engine,145,132
ncih2170_facs_fish_0723_pre_sort_ctrl_6,val,NCI-H2170,ncih2170_facs_fish_0723_pre_sort_ctrl,Label Engine,192,165
ncih2170_facs_fish_0723_pre_sort_ctrl_7,val,NCI-H2170,ncih2170_facs_fish_0723_pre_sort_ctrl,Label Engine,81,80
ncih2170_facs_fish_0723_pre_sort_ctrl_8,train,NCI-H2170,ncih2170_facs_fish_0723_pre_sort_ctrl,Label Engine,193,170
ncih2170_facs_fish_0723_sorted_ctrl_100,val,NCI-H2170,ncih2170_facs_fish_0723_sorted_ctrl,Label Engine,143,145
ncih2170_facs_fish_0723_sorted_ctrl_11,train,NCI-H2170,ncih2170_facs_fish_0723_sorted_ctrl,Label Engine,34,24
ncih2170_facs_fish_0723_sorted_ctrl_18,train,NCI-H2170,ncih2170_facs_fish_0723_sorted_ctrl,Label Engine,292,285
ncih2170_facs_fish_0723_sorted_ctrl_21,train,NCI-H2170,ncih2170_facs_fish_0723_sorted_ctrl,Label Engine,407,348
ncih2170_facs_fish_0723_sorted_ctrl_22,train,NCI-H2170,ncih2170_facs_fish_0723_sorted_ctrl,Label Engine,88,76
ncih2170_facs_fish_0723_sorted_ctrl_25,train,NCI-H2170,ncih2170_facs_fish_0723_sorted_ctrl,Label Engine,138,114
ncih2170_facs_fish_0723_sorted_ctrl_31,train,NCI-H2170,ncih2170_facs_fish_0723_sorted_ctrl,Label Engine,78,81
ncih2170_facs_fish_0723_sorted_ctrl_32,train,NCI-H2170,ncih2170_facs_fish_0723_sorted_ctrl,Label Engine,288,265
ncih2170_facs_fish_0723_sorted_ctrl_33,train,NCI-H2170,ncih2170_facs_fish_0723_sorted_ctrl,Label Engine,168,134
ncih2170_facs_fish_0723_sorted_ctrl_36,train,NCI-H2170,ncih2170_facs_fish_0723_sorted_ctrl,Label Engine,67,33
ncih2170_facs_fish_0723_sorted_ctrl_37,train,NCI-H2170,ncih2170_facs_fish_0723_sorted_ctrl,Label Engine,239,221
ncih2170_facs_fish_0723_sorted_ctrl_4,train,NCI-H2170,ncih2170_facs_fish_0723_sorted_ctrl,Label Engine,536,443
ncih2170_facs_fish_0723_sorted_ctrl_40,train,NCI-H2170,ncih2170_facs_fish_0723_sorted_ctrl,Label Engine,65,49
ncih2170_facs_fish_0723_sorted_ctrl_41,train,NCI-H2170,ncih2170_facs_fish_0723_sorted_ctrl,Label Engine,292,274
ncih2170_facs_fish_0723_sorted_ctrl_43,train,NCI-H2170,ncih2170_facs_fish_0723_sorted_ctrl,Label Engine,98,92
ncih2170_facs_fish_0723_sorted_ctrl_45,test,NCI-H2170,ncih2170_facs_fish_0723_sorted_ctrl,Label Engine,472,351
ncih2170_facs_fish_0723_sorted_ctrl_46,test,NCI-H2170,ncih2170_facs_fish_0723_sorted_ctrl,Label Engine,178,161
ncih2170_facs_fish_0723_sorted_ctrl_48,train,NCI-H2170,ncih2170_facs_fish_0723_sorted_ctrl,Label Engine,274,263
ncih2170_facs_fish_0723_sorted_ctrl_49,test,NCI-H2170,ncih2170_facs_fish_0723_sorted_ctrl,Label Engine,365,328
ncih2170_facs_fish_0723_sorted_ctrl_51,val,NCI-H2170,ncih2170_facs_fish_0723_sorted_ctrl,Label Engine,302,234
ncih2170_facs_fish_0723_sorted_ctrl_52,train,NCI-H2170,ncih2170_facs_fish_0723_sorted_ctrl,Label Engine,226,165
ncih2170_facs_fish_0723_sorted_ctrl_54,train,NCI-H2170,ncih2170_facs_fish_0723_sorted_ctrl,Label Engine,116,96
ncih2170_facs_fish_0723_sorted_ctrl_55,train,NCI-H2170,ncih2170_facs_fish_0723_sorted_ctrl,Label Engine,262,226
ncih2170_facs_fish_0723_sorted_ctrl_57,train,NCI-H2170,ncih2170_facs_fish_0723_sorted_ctrl,Label Engine,284,293
ncih2170_facs_fish_0723_sorted_ctrl_58,val,NCI-H2170,ncih2170_facs_fish_0723_sorted_ctrl,Label Engine,24,17
ncih2170_facs_fish_0723_sorted_ctrl_59,train,NCI-H2170,ncih2170_facs_fish_0723_sorted_ctrl,Label Engine,277,294
ncih2170_facs_fish_0723_sorted_ctrl_60,test,NCI-H2170,ncih2170_facs_fish_0723_sorted_ctrl,Label Engine,187,172
ncih2170_facs_fish_0723_sorted_ctrl_63,val,NCI-H2170,ncih2170_facs_fish_0723_sorted_ctrl,Label Engine,214,204
ncih2170_facs_fish_0723_sorted_ctrl_64,train,NCI-H2170,ncih2170_facs_fish_0723_sorted_ctrl,Label Engine,333,303
ncih2170_facs_fish_0723_sorted_ctrl_65,train,NCI-H2170,ncih2170_facs_fish_0723_sorted_ctrl,Label Engine,139,125
ncih2170_facs_fish_0723_sorted_ctrl_66,train,NCI-H2170,ncih2170_facs_fish_0723_sorted_ctrl,Label Engine,58,52
ncih2170_facs_fish_0723_sorted_ctrl_68,train,NCI-H2170,ncih2170_facs_fish_0723_sorted_ctrl,Label Engine,266,260
ncih2170_facs_fish_0723_sorted_ctrl_72,train,NCI-H2170,ncih2170_facs_fish_0723_sorted_ctrl,Label Engine,259,117
ncih2170_facs_fish_0723_sorted_ctrl_74,train,NCI-H2170,ncih2170_facs_fish_0723_sorted_ctrl,Label Engine,73,72
ncih2170_facs_fish_0723_sorted_ctrl_75,train,NCI-H2170,ncih2170_facs_fish_0723_sorted_ctrl,Label Engine,205,204
ncih2170_facs_fish_0723_sorted_ctrl_76,train,NCI-H2170,ncih2170_facs_fish_0723_sorted_ctrl,Label Engine,291,176
ncih2170_facs_fish_0723_sorted_ctrl_77,train,NCI-H2170,ncih2170_facs_fish_0723_sorted_ctrl,Label Engine,199,177
ncih2170_facs_fish_0723_sorted_ctrl_79,train,NCI-H2170,ncih2170_facs_fish_0723_sorted_ctrl,Label Engine,27,22
ncih2170_facs_fish_0723_sorted_ctrl_80,val,NCI-H2170,ncih2170_facs_fish_0723_sorted_ctrl,Label Engine,296,329
ncih2170_facs_fish_0723_sorted_ctrl_85,train,NCI-H2170,ncih2170_facs_fish_0723_sorted_ctrl,Label Engine,249,207
ncih2170_facs_fish_0723_sorted_ctrl_87,train,NCI-H2170,ncih2170_facs_fish_0723_sorted_ctrl,Label Engine,190,181
ncih2170_facs_fish_0723_sorted_ctrl_9,train,NCI-H2170,ncih2170_facs_fish_0723_sorted_ctrl,Label Engine,87,84
ncih2170_facs_fish_0723_sorted_ctrl_91,val,NCI-H2170,ncih2170_facs_fish_0723_sorted_ctrl,Label Engine,213,241
ncih2170_facs_fish_0723_sorted_ctrl_96,val,NCI-H2170,ncih2170_facs_fish_0723_sorted_ctrl,Label Engine,220,213
ncih2170_facs_fish_0723_sorted_ctrl_99,train,NCI-H2170,ncih2170_facs_fish_0723_sorted_ctrl,Label Engine,203,175
ncih2170_jc_jq1_ic50_24h_1,train,NCI-H2170,ncih2170_jc_jq1_ic50_24h,Label Engine,83,80
ncih2170_jc_jq1_ic50_24h_100,test,NCI-H2170,ncih2170_jc_jq1_ic50_24h,Label Engine,38,28
ncih2170_jc_jq1_ic50_24h_101,train,NCI-H2170,ncih2170_jc_jq1_ic50_24h,Label Engine,99,75
ncih2170_jc_jq1_ic50_24h_104,train,NCI-H2170,ncih2170_jc_jq1_ic50_24h,Label Engine,74,52
ncih2170_jc_jq1_ic50_24h_106,train,NCI-H2170,ncih2170_jc_jq1_ic50_24h,Label Engine,239,201
ncih2170_jc_jq1_ic50_24h_108,val,NCI-H2170,ncih2170_jc_jq1_ic50_24h,Label Engine,211,186
ncih2170_jc_jq1_ic50_24h_111,train,NCI-H2170,ncih2170_jc_jq1_ic50_24h,Label Engine,128,103
ncih2170_jc_jq1_ic50_24h_112,train,NCI-H2170,ncih2170_jc_jq1_ic50_24h,Label Engine,308,253
ncih2170_jc_jq1_ic50_24h_113,train,NCI-H2170,ncih2170_jc_jq1_ic50_24h,Label Engine,200,179
ncih2170_jc_jq1_ic50_24h_114,train,NCI-H2170,ncih2170_jc_jq1_ic50_24h,Label Engine,250,208
ncih2170_jc_jq1_ic50_24h_115,train,NCI-H2170,ncih2170_jc_jq1_ic50_24h,Label Engine,180,134
ncih2170_jc_jq1_ic50_24h_117,train,NCI-H2170,ncih2170_jc_jq1_ic50_24h,Label Engine,135,99
ncih2170_jc_jq1_ic50_24h_118,train,NCI-H2170,ncih2170_jc_jq1_ic50_24h,Label Engine,105,75
ncih2170_jc_jq1_ic50_24h_119,train,NCI-H2170,ncih2170_jc_jq1_ic50_24h,Label Engine,177,129
ncih2170_jc_jq1_ic50_24h_120,train,NCI-H2170,ncih2170_jc_jq1_ic50_24h,Label Engine,143,117
ncih2170_jc_jq1_ic50_24h_17,val,NCI-H2170,ncih2170_jc_jq1_ic50_24h,Label Engine,35,28
ncih2170_jc_jq1_ic50_24h_2,train,NCI-H2170,ncih2170_jc_jq1_ic50_24h,Label Engine,783,663
ncih2170_jc_jq1_ic50_24h_21,train,NCI-H2170,ncih2170_jc_jq1_ic50_24h,Label Engine,180,159
ncih2170_jc_jq1_ic50_24h_23,val,NCI-H2170,ncih2170_jc_jq1_ic50_24h,Label Engine,110,108
ncih2170_jc_jq1_ic50_24h_24,train,NCI-H2170,ncih2170_jc_jq1_ic50_24h,Label Engine,99,80
ncih2170_jc_jq1_ic50_24h_25,train,NCI-H2170,ncih2170_jc_jq1_ic50_24h,Label Engine,93,78
ncih2170_jc_jq1_ic50_24h_26,train,NCI-H2170,ncih2170_jc_jq1_ic50_24h,Label Engine,142,138
ncih2170_jc_jq1_ic50_24h_27,train,NCI-H2170,ncih2170_jc_jq1_ic50_24h,Label Engine,438,402
ncih2170_jc_jq1_ic50_24h_29,train,NCI-H2170,ncih2170_jc_jq1_ic50_24h,Label Engine,201,156
ncih2170_jc_jq1_ic50_24h_30,train,NCI-H2170,ncih2170_jc_jq1_ic50_24h,Label Engine,163,84
ncih2170_jc_jq1_ic50_24h_31,train,NCI-H2170,ncih2170_jc_jq1_ic50_24h,Label Engine,274,209
ncih2170_jc_jq1_ic50_24h_33,train,NCI-H2170,ncih2170_jc_jq1_ic50_24h,Label Engine,121,105
ncih2170_jc_jq1_ic50_24h_36,val,NCI-H2170,ncih2170_jc_jq1_ic50_24h,Label Engine,273,235
ncih2170_jc_jq1_ic50_24h_38,test,NCI-H2170,ncih2170_jc_jq1_ic50_24h,Label Engine,59,69
ncih2170_jc_jq1_ic50_24h_40,train,NCI-H2170,ncih2170_jc_jq1_ic50_24h,Label Engine,406,322
ncih2170_jc_jq1_ic50_24h_41,train,NCI-H2170,ncih2170_jc_jq1_ic50_24h,Label Engine,69,48
ncih2170_jc_jq1_ic50_24h_42,train,NCI-H2170,ncih2170_jc_jq1_ic50_24h,Label Engine,51,31
ncih2170_jc_jq1_ic50_24h_47,train,NCI-H2170,ncih2170_jc_jq1_ic50_24h,Label Engine,120,98
ncih2170_jc_jq1_ic50_24h_48,test,NCI-H2170,ncih2170_jc_jq1_ic50_24h,Label Engine,223,164
ncih2170_jc_jq1_ic50_24h_5,train,NCI-H2170,ncih2170_jc_jq1_ic50_24h,Label Engine,86,82
ncih2170_jc_jq1_ic50_24h_50,test,NCI-H2170,ncih2170_jc_jq1_ic50_24h,Label Engine,72,59
ncih2170_jc_jq1_ic50_24h_51,train,NCI-H2170,ncih2170_jc_jq1_ic50_24h,Label Engine,323,308
ncih2170_jc_jq1_ic50_24h_53,train,NCI-H2170,ncih2170_jc_jq1_ic50_24h,Label Engine,127,82
ncih2170_jc_jq1_ic50_24h_54,train,NCI-H2170,ncih2170_jc_jq1_ic50_24h,Label Engine,101,73
ncih2170_jc_jq1_ic50_24h_56,train,NCI-H2170,ncih2170_jc_jq1_ic50_24h,Label Engine,265,221
ncih2170_jc_jq1_ic50_24h_61,train,NCI-H2170,ncih2170_jc_jq1_ic50_24h,Label Engine,50,37
ncih2170_jc_jq1_ic50_24h_62,train,NCI-H2170,ncih2170_jc_jq1_ic50_24h,Label Engine,155,131
ncih2170_jc_jq1_ic50_24h_64,train,NCI-H2170,ncih2170_jc_jq1_ic50_24h,Label Engine,102,88
ncih2170_jc_jq1_ic50_24h_66,train,NCI-H2170,ncih2170_jc_jq1_ic50_24h,Label Engine,246,184
ncih2170_jc_jq1_ic50_24h_67,train,NCI-H2170,ncih2170_jc_jq1_ic50_24h,Label Engine,118,74
ncih2170_jc_jq1_ic50_24h_68,train,NCI-H2170,ncih2170_jc_jq1_ic50_24h,Label Engine,160,153
ncih2170_jc_jq1_ic50_24h_69,train,NCI-H2170,ncih2170_jc_jq1_ic50_24h,Label Engine,62,57
ncih2170_jc_jq1_ic50_24h_7,test,NCI-H2170,ncih2170_jc_jq1_ic50_24h,Label Engine,328,255
ncih2170_jc_jq1_ic50_24h_72,train,NCI-H2170,ncih2170_jc_jq1_ic50_24h,Label Engine,94,48
ncih2170_jc_jq1_ic50_24h_73,train,NCI-H2170,ncih2170_jc_jq1_ic50_24h,Label Engine,123,95
ncih2170_jc_jq1_ic50_24h_74,train,NCI-H2170,ncih2170_jc_jq1_ic50_24h,Label Engine,314,276
ncih2170_jc_jq1_ic50_24h_75,train,NCI-H2170,ncih2170_jc_jq1_ic50_24h,Label Engine,111,89
ncih2170_jc_jq1_ic50_24h_76_a,train,NCI-H2170,ncih2170_jc_jq1_ic50_24h,Label Engine,149,128
ncih2170_jc_jq1_ic50_24h_79,train,NCI-H2170,ncih2170_jc_jq1_ic50_24h,Label Engine,110,86
ncih2170_jc_jq1_ic50_24h_84,test,NCI-H2170,ncih2170_jc_jq1_ic50_24h,Label Engine,64,63
ncih2170_jc_jq1_ic50_24h_86,test,NCI-H2170,ncih2170_jc_jq1_ic50_24h,Label Engine,193,153
ncih2170_jc_jq1_ic50_24h_89,train,NCI-H2170,ncih2170_jc_jq1_ic50_24h,Label Engine,134,112
ncih2170_jc_jq1_ic50_24h_90,val,NCI-H2170,ncih2170_jc_jq1_ic50_24h,Label Engine,134,87
ncih2170_jc_jq1_ic50_24h_91,train,NCI-H2170,ncih2170_jc_jq1_ic50_24h,Label Engine,125,103
ncih2170_jc_jq1_ic50_24h_92,train,NCI-H2170,ncih2170_jc_jq1_ic50_24h,Label Engine,141,118
ncih2170_jc_jq1_ic50_24h_93,train,NCI-H2170,ncih2170_jc_jq1_ic50_24h,Label Engine,419,302
ncih2170_jc_jq1_ic50_24h_94,train,NCI-H2170,ncih2170_jc_jq1_ic50_24h,Label Engine,135,117
ncih2170_jc_jq1_ic50_24h_95,train,NCI-H2170,ncih2170_jc_jq1_ic50_24h,Label Engine,58,44
ncih2170_jc_jq1_ic50_24h_96,train,NCI-H2170,ncih2170_jc_jq1_ic50_24h,Label Engine,69,58
ncih2170_jc_jq1_ic50_24h_97,train,NCI-H2170,ncih2170_jc_jq1_ic50_24h,Label Engine,53,45
ncih2170_jc_jq1_ic50_24h_98,test,NCI-H2170,ncih2170_jc_jq1_ic50_24h,Label Engine,97,70
ncih2170_jc_lap_ic50_24h_10,train,NCI-H2170,ncih2170_jc_lap_ic50_24h,Label Engine,103,87
ncih2170_jc_lap_ic50_24h_101,train,NCI-H2170,ncih2170_jc_lap_ic50_24h,Label Engine,278,253
ncih2170_jc_lap_ic50_24h_102,train,NCI-H2170,ncih2170_jc_lap_ic50_24h,Label Engine,125,100
ncih2170_jc_lap_ic50_24h_104,train,NCI-H2170,ncih2170_jc_lap_ic50_24h,Label Engine,151,135
ncih2170_jc_lap_ic50_24h_106,train,NCI-H2170,ncih2170_jc_lap_ic50_24h,Label Engine,166,106
ncih2170_jc_lap_ic50_24h_108,train,NCI-H2170,ncih2170_jc_lap_ic50_24h,Label Engine,70,59
ncih2170_jc_lap_ic50_24h_109,train,NCI-H2170,ncih2170_jc_lap_ic50_24h,Label Engine,99,93
ncih2170_jc_lap_ic50_24h_11,test,NCI-H2170,ncih2170_jc_lap_ic50_24h,Label Engine,89,70
ncih2170_jc_lap_ic50_24h_112,train,NCI-H2170,ncih2170_jc_lap_ic50_24h,Label Engine,210,161
ncih2170_jc_lap_ic50_24h_114,train,NCI-H2170,ncih2170_jc_lap_ic50_24h,Label Engine,50,52
ncih2170_jc_lap_ic50_24h_115,train,NCI-H2170,ncih2170_jc_lap_ic50_24h,Label Engine,125,111
ncih2170_jc_lap_ic50_24h_116,train,NCI-H2170,ncih2170_jc_lap_ic50_24h,Label Engine,101,62
ncih2170_jc_lap_ic50_24h_118,train,NCI-H2170,ncih2170_jc_lap_ic50_24h,Label Engine,63,47
ncih2170_jc_lap_ic50_24h_119,train,NCI-H2170,ncih2170_jc_lap_ic50_24h,Label Engine,120,95
ncih2170_jc_lap_ic50_24h_12,test,NCI-H2170,ncih2170_jc_lap_ic50_24h,Label Engine,445,363
ncih2170_jc_lap_ic50_24h_13,val,NCI-H2170,ncih2170_jc_lap_ic50_24h,Label Engine,192,161
ncih2170_jc_lap_ic50_24h_15,test,NCI-H2170,ncih2170_jc_lap_ic50_24h,Label Engine,84,68
ncih2170_jc_lap_ic50_24h_16,val,NCI-H2170,ncih2170_jc_lap_ic50_24h,Label Engine,92,67
ncih2170_jc_lap_ic50_24h_17,train,NCI-H2170,ncih2170_jc_lap_ic50_24h,Label Engine,54,36
ncih2170_jc_lap_ic50_24h_18,test,NCI-H2170,ncih2170_jc_lap_ic50_24h,Label Engine,107,74
ncih2170_jc_lap_ic50_24h_19,train,NCI-H2170,ncih2170_jc_lap_ic50_24h,Label Engine,82,72
ncih2170_jc_lap_ic50_24h_2,val,NCI-H2170,ncih2170_jc_lap_ic50_24h,Label Engine,110,83
ncih2170_jc_lap_ic50_24h_20,train,NCI-H2170,ncih2170_jc_lap_ic50_24h,Label Engine,177,152
ncih2170_jc_lap_ic50_24h_21,train,NCI-H2170,ncih2170_jc_lap_ic50_24h,Label Engine,242,156
ncih2170_jc_lap_ic50_24h_22,val,NCI-H2170,ncih2170_jc_lap_ic50_24h,Label Engine,177,145
ncih2170_jc_lap_ic50_24h_24,train,NCI-H2170,ncih2170_jc_lap_ic50_24h,Label Engine,97,67
ncih2170_jc_lap_ic50_24h_25,train,NCI-H2170,ncih2170_jc_lap_ic50_24h,Label Engine,107,81
ncih2170_jc_lap_ic50_24h_27,train,NCI-H2170,ncih2170_jc_lap_ic50_24h,Label Engine,65,52
ncih2170_jc_lap_ic50_24h_29f,train,NCI-H2170,ncih2170_jc_lap_ic50_24h_29f,Label Engine,101,65
ncih2170_jc_lap_ic50_24h_3,val,NCI-H2170,ncih2170_jc_lap_ic50_24h,Label Engine,108,91
ncih2170_jc_lap_ic50_24h_31,train,NCI-H2170,ncih2170_jc_lap_ic50_24h,Label Engine,132,121
ncih2170_jc_lap_ic50_24h_32,train,NCI-H2170,ncih2170_jc_lap_ic50_24h,Label Engine,54,54
ncih2170_jc_lap_ic50_24h_33,train,NCI-H2170,ncih2170_jc_lap_ic50_24h,Label Engine,185,142
ncih2170_jc_lap_ic50_24h_34,val,NCI-H2170,ncih2170_jc_lap_ic50_24h,Label Engine,123,98
ncih2170_jc_lap_ic50_24h_35,test,NCI-H2170,ncih2170_jc_lap_ic50_24h,Label Engine,135,129
ncih2170_jc_lap_ic50_24h_36,train,NCI-H2170,ncih2170_jc_lap_ic50_24h,Label Engine,36,32
ncih2170_jc_lap_ic50_24h_37,val,NCI-H2170,ncih2170_jc_lap_ic50_24h,Label Engine,147,95
ncih2170_jc_lap_ic50_24h_39,train,NCI-H2170,ncih2170_jc_lap_ic50_24h,Label Engine,122,103
ncih2170_jc_lap_ic50_24h_40,val,NCI-H2170,ncih2170_jc_lap_ic50_24h,Label Engine,173,141
ncih2170_jc_lap_ic50_24h_41,train,NCI-H2170,ncih2170_jc_lap_ic50_24h,Label Engine,185,165
ncih2170_jc_lap_ic50_24h_45,train,NCI-H2170,ncih2170_jc_lap_ic50_24h,Label Engine,145,109
ncih2170_jc_lap_ic50_24h_46,test,NCI-H2170,ncih2170_jc_lap_ic50_24h,Label Engine,151,108
ncih2170_jc_lap_ic50_24h_47,test,NCI-H2170,ncih2170_jc_lap_ic50_24h,Label Engine,175,123
ncih2170_jc_lap_ic50_24h_48,train,NCI-H2170,ncih2170_jc_lap_ic50_24h,Label Engine,97,100
ncih2170_jc_lap_ic50_24h_49,train,NCI-H2170,ncih2170_jc_lap_ic50_24h,Label Engine,40,44
ncih2170_jc_lap_ic50_24h_4_s,train,NCI-H2170,ncih2170_jc_lap_ic50_24h,Label Engine,41,28
ncih2170_jc_lap_ic50_24h_52,train,NCI-H2170,ncih2170_jc_lap_ic50_24h,Label Engine,150,126
ncih2170_jc_lap_ic50_24h_54,train,NCI-H2170,ncih2170_jc_lap_ic50_24h,Label Engine,75,66
ncih2170_jc_lap_ic50_24h_55,test,NCI-H2170,ncih2170_jc_lap_ic50_24h,Label Engine,55,55
ncih2170_jc_lap_ic50_24h_56,train,NCI-H2170,ncih2170_jc_lap_ic50_24h,Label Engine,70,48
ncih2170_jc_lap_ic50_24h_57,train,NCI-H2170,ncih2170_jc_lap_ic50_24h,Label Engine,202,155
ncih2170_jc_lap_ic50_24h_58,train,NCI-H2170,ncih2170_jc_lap_ic50_24h,Label Engine,390,269
ncih2170_jc_lap_ic50_24h_61,train,NCI-H2170,ncih2170_jc_lap_ic50_24h,Label Engine,165,113
ncih2170_jc_lap_ic50_24h_64,val,NCI-H2170,ncih2170_jc_lap_ic50_24h,Label Engine,195,155
ncih2170_jc_lap_ic50_24h_65,test,NCI-H2170,ncih2170_jc_lap_ic50_24h,Label Engine,318,281
ncih2170_jc_lap_ic50_24h_66,val,NCI-H2170,ncih2170_jc_lap_ic50_24h,Label Engine,102,91
ncih2170_jc_lap_ic50_24h_67,val,NCI-H2170,ncih2170_jc_lap_ic50_24h,Label Engine,303,247
ncih2170_jc_lap_ic50_24h_7,val,NCI-H2170,ncih2170_jc_lap_ic50_24h,Label Engine,152,124
ncih2170_jc_lap_ic50_24h_71,val,NCI-H2170,ncih2170_jc_lap_ic50_24h,Label Engine,236,202
ncih2170_jc_lap_ic50_24h_74,train,NCI-H2170,ncih2170_jc_lap_ic50_24h,Label Engine,152,108
ncih2170_jc_lap_ic50_24h_75,train,NCI-H2170,ncih2170_jc_lap_ic50_24h,Label Engine,177,158
ncih2170_jc_lap_ic50_24h_76,train,NCI-H2170,ncih2170_jc_lap_ic50_24h,Label Engine,258,202
ncih2170_jc_lap_ic50_24h_79,train,NCI-H2170,ncih2170_jc_lap_ic50_24h,Label Engine,110,86
ncih2170_jc_lap_ic50_24h_8,train,NCI-H2170,ncih2170_jc_lap_ic50_24h,Label Engine,68,41
ncih2170_jc_lap_ic50_24h_82,val,NCI-H2170,ncih2170_jc_lap_ic50_24h,Label Engine,233,181
ncih2170_jc_lap_ic50_24h_83,train,NCI-H2170,ncih2170_jc_lap_ic50_24h,Label Engine,111,94
ncih2170_jc_lap_ic50_24h_84,train,NCI-H2170,ncih2170_jc_lap_ic50_24h,Label Engine,161,116
ncih2170_jc_lap_ic50_24h_88,train,NCI-H2170,ncih2170_jc_lap_ic50_24h,Label Engine,239,198
ncih2170_jc_lap_ic50_24h_90,train,NCI-H2170,ncih2170_jc_lap_ic50_24h,Label Engine,283,222
ncih2170_jc_lap_ic50_24h_91,val,NCI-H2170,ncih2170_jc_lap_ic50_24h,Label Engine,123,99
ncih2170_jc_lap_ic50_24h_93,train,NCI-H2170,ncih2170_jc_lap_ic50_24h,Label Engine,259,224
ncih2170_jc_lap_ic50_24h_96,train,NCI-H2170,ncih2170_jc_lap_ic50_24h,Label Engine,261,193
ncih2170_jc_lap_ic50_24h_99,train,NCI-H2170,ncih2170_jc_lap_ic50_24h,Label Engine,89,87
ncih2170_jc_ner_ic50_24h_1,test,NCI-H2170,ncih2170_jc_ner_ic50_24h,Label Engine,61,53
ncih2170_jc_ner_ic50_24h_2,val,NCI-H2170,ncih2170_jc_ner_ic50_24h,Label Engine,314,218
ncih2170_jc_ner_ic50_24h_21,train,NCI-H2170,ncih2170_jc_ner_ic50_24h,Label Engine,475,395
ncih2170_jc_ner_ic50_24h_28,train,NCI-H2170,ncih2170_jc_ner_ic50_24h,Label Engine,62,43
ncih2170_jc_ner_ic50_24h_3,train,NCI-H2170,ncih2170_jc_ner_ic50_24h,Label Engine,574,515
ncih2170_jc_ner_ic50_24h_47,train,NCI-H2170,ncih2170_jc_ner_ic50_24h,Label Engine,212,135
ncih2170_jc_ner_ic50_24h_50,test,NCI-H2170,ncih2170_jc_ner_ic50_24h,Label Engine,105,71
ncih2170_jc_ner_ic50_24h_51,train,NCI-H2170,ncih2170_jc_ner_ic50_24h,Label Engine,166,147
ncih2170_jc_ner_ic50_24h_53,train,NCI-H2170,ncih2170_jc_ner_ic50_24h,Label Engine,182,140
ncih2170_jc_ner_ic50_24h_54,test,NCI-H2170,ncih2170_jc_ner_ic50_24h,Label Engine,86,90
ncih2170_jc_ner_ic50_24h_6,train,NCI-H2170,ncih2170_jc_ner_ic50_24h,Label Engine,109,43
ncih2170_jc_ner_ic50_24h_7,train,NCI-H2170,ncih2170_jc_ner_ic50_24h,Label Engine,137,114
ncih2170_jc_ner_ic50_24h_72,train,NCI-H2170,ncih2170_jc_ner_ic50_24h,Label Engine,143,125
ncih2170_jc_ner_ic50_24h_73,train,NCI-H2170,ncih2170_jc_ner_ic50_24h,Label Engine,78,118
ncih2170_jc_ner_ic50_24h_80,train,NCI-H2170,ncih2170_jc_ner_ic50_24h,Label Engine,129,130
ncih2170_jc_ner_ic50_24h_9,train,NCI-H2170,ncih2170_jc_ner_ic50_24h,Label Engine,168,149
ncih2170_jc_ner_ic50_72h_32,val,NCI-H2170,ncih2170_jc_ner_ic50_72h,Label Engine,158,151
ncih2170_jc_ner_ic50_72h_39,train,NCI-H2170,ncih2170_jc_ner_ic50_72h,Label Engine,396,340
ncih2170_jc_ner_ic50_72h_40,train,NCI-H2170,ncih2170_jc_ner_ic50_72h,Label Engine,349,317
ncih2170_jc_ner_ic50_72h_63,val,NCI-H2170,ncih2170_jc_ner_ic50_72h,Label Engine,148,102
ncih2170_jc_ner_ic50_72h_66,train,NCI-H2170,ncih2170_jc_ner_ic50_72h,Label Engine,163,132
ncih2170_jc_ner_ic50_72h_75,train,NCI-H2170,ncih2170_jc_ner_ic50_72h,Label Engine,233,204
ncih2170_jc_ner_ic50_72h_89,train,NCI-H2170,ncih2170_jc_ner_ic50_72h,Label Engine,1687,1641
ncih2170_jc_ner_ic50_72h_92,train,NCI-H2170,ncih2170_jc_ner_ic50_72h,Label Engine,233,208
ncih2170_post_facs_fish_high_her2_g3_28,test,NCI-H2170,ncih2170_post_facs_fish_high_her2_g3,Label Engine,89,67
ncih2170_post_facs_fish_high_her2_g3_42,train,NCI-H2170,ncih2170_post_facs_fish_high_her2_g3,Label Engine,611,579
ncih2170_post_facs_fish_high_her2_g3_54,val,NCI-H2170,ncih2170_post_facs_fish_high_her2_g3,Label Engine,359,399
ncih2170_post_facs_fish_high_her2_g3_61,train,NCI-H2170,ncih2170_post_facs_fish_high_her2_g3,Label Engine,186,185
ncih2170_post_facs_fish_high_her2_g3_65,train,NCI-H2170,ncih2170_post_facs_fish_high_her2_g3,Label Engine,88,135
ncih2170_post_facs_fish_low_her2_g3_1,test,NCI-H2170,ncih2170_post_facs_fish_low_her2_g3,Label Engine,170,128
ncih2170_post_facs_fish_low_her2_g3_101,train,NCI-H2170,ncih2170_post_facs_fish_low_her2_g3,Label Engine,153,165
ncih2170_post_facs_fish_low_her2_g3_36,train,NCI-H2170,ncih2170_post_facs_fish_low_her2_g3,Label Engine,179,135
ncih2170_post_facs_fish_low_her2_g3_39,train,NCI-H2170,ncih2170_post_facs_fish_low_her2_g3,Label Engine,191,177
ncih2170_post_facs_fish_low_her2_g3_53,val,NCI-H2170,ncih2170_post_facs_fish_low_her2_g3,Label Engine,61,87
ncih2170_post_facs_fish_low_her2_g3_55,val,NCI-H2170,ncih2170_post_facs_fish_low_her2_g3,Label Engine,54,30
ncih2170_post_facs_fish_low_her2_g3_59,train,NCI-H2170,ncih2170_post_facs_fish_low_her2_g3,Label Engine,45,43
ncih2170_post_facs_fish_low_her2_g3_6,train,NCI-H2170,ncih2170_post_facs_fish_low_her2_g3,Label Engine,479,450
ncih2170_post_facs_fish_low_her2_g3_68,train,NCI-H2170,ncih2170_post_facs_fish_low_her2_g3,Label Engine,49,37
ncih2170_post_facs_fish_low_her2_g3_79,train,NCI-H2170,ncih2170_post_facs_fish_low_her2_g3,Label Engine,209,190
ncih2170_post_facs_fish_low_her2_g3_82,train,NCI-H2170,ncih2170_post_facs_fish_low_her2_g3,Label Engine,75,69
ncih2170_post_facs_fish_low_her2_g3_87,val,NCI-H2170,ncih2170_post_facs_fish_low_her2_g3,Label Engine,52,41
ncih716_jc_alo_8nm_24h_11,test,NCI-H716,ncih716_jc_alo_8nm_24h,Label Engine,210,104
ncih716_jc_alo_8nm_24h_12,train,NCI-H716,ncih716_jc_alo_8nm_24h,Label Engine,191,109
ncih716_jc_alo_8nm_24h_13,test,NCI-H716,ncih716_jc_alo_8nm_24h,Label Engine,163,67
ncih716_jc_alo_8nm_24h_16,val,NCI-H716,ncih716_jc_alo_8nm_24h,Label Engine,152,112
ncih716_jc_alo_8nm_24h_17,train,NCI-H716,ncih716_jc_alo_8nm_24h,Label Engine,231,163
ncih716_jc_alo_8nm_24h_5,train,NCI-H716,ncih716_jc_alo_8nm_24h,Label Engine,128,99
ncih716_jc_ctrl_1_10,train,NCI-H716,ncih716_jc_ctrl_1,Label Engine,386,214
ncih716_jc_ctrl_1_13,train,NCI-H716,ncih716_jc_ctrl_1,Label Engine,211,131
ncih716_jc_ctrl_1_16,train,NCI-H716,ncih716_jc_ctrl_1,Label Engine,182,135
ncih716_jc_ctrl_1_19,val,NCI-H716,ncih716_jc_ctrl_1,Label Engine,207,146
ncih716_jc_ctrl_1_2,train,NCI-H716,ncih716_jc_ctrl_1,Label Engine,131,69
ncih716_jc_ctrl_1_21,train,NCI-H716,ncih716_jc_ctrl_1,Label Engine,195,130
ncih716_jc_ctrl_1_23,test,NCI-H716,ncih716_jc_ctrl_1,Label Engine,185,178
ncih716_jc_ctrl_1_24,train,NCI-H716,ncih716_jc_ctrl_1,Label Engine,350,214
ncih716_jc_ctrl_1_27,train,NCI-H716,ncih716_jc_ctrl_1,Label Engine,281,196
ncih716_jc_ctrl_1_3,train,NCI-H716,ncih716_jc_ctrl_1,Label Engine,127,92
ncih716_jc_ctrl_1_42,train,NCI-H716,ncih716_jc_ctrl_1,Label Engine,178,56
ncih716_jc_ctrl_1_43,train,NCI-H716,ncih716_jc_ctrl_1,Label Engine,194,154
ncih716_jc_ctrl_1_44_a,val,NCI-H716,ncih716_jc_ctrl_1,Label Engine,132,108
ncih716_jc_ctrl_1_45,test,NCI-H716,ncih716_jc_ctrl_1,Label Engine,101,67
ncih716_jc_ctrl_1_46,val,NCI-H716,ncih716_jc_ctrl_1,Label Engine,144,67
ncih716_jc_ctrl_1_48,train,NCI-H716,ncih716_jc_ctrl_1,Label Engine,163,153
ncih716_jc_ctrl_1_5,train,NCI-H716,ncih716_jc_ctrl_1,Label Engine,179,91
ncih716_jc_ctrl_1_54,train,NCI-H716,ncih716_jc_ctrl_1,Label Engine,134,97
ncih716_jc_ctrl_1_55,train,NCI-H716,ncih716_jc_ctrl_1,Label Engine,76,59
ncih716_jc_ctrl_1_56,train,NCI-H716,ncih716_jc_ctrl_1,Label Engine,239,187
ncih716_jc_ctrl_1_57,train,NCI-H716,ncih716_jc_ctrl_1,Label Engine,137,83
ncih716_jc_ctrl_1_59,train,NCI-H716,ncih716_jc_ctrl_1,Label Engine,211,158
ncih716_jc_ctrl_1_62,train,NCI-H716,ncih716_jc_ctrl_1,Label Engine,172,106
ncih716_jc_ctrl_1_64,val,NCI-H716,ncih716_jc_ctrl_1,Label Engine,148,106
ncih716_jc_ctrl_1_66,test,NCI-H716,ncih716_jc_ctrl_1,Label Engine,236,144
ncih716_jc_ctrl_1_68,val,NCI-H716,ncih716_jc_ctrl_1,Label Engine,202,85
ncih716_jc_ctrl_1_72,test,NCI-H716,ncih716_jc_ctrl_1,Label Engine,150,74
ncih716_jc_ctrl_1_74,train,NCI-H716,ncih716_jc_ctrl_1,Label Engine,369,257
ncih716_jc_ctrl_1_76,train,NCI-H716,ncih716_jc_ctrl_1,Label Engine,172,160
ncih716_jc_ctrl_2_10,train,NCI-H716,ncih716_jc_ctrl_2,Label Engine,116,97
ncih716_jc_ctrl_2_11,test,NCI-H716,ncih716_jc_ctrl_2,Label Engine,139,56
ncih716_jc_ctrl_2_12,val,NCI-H716,ncih716_jc_ctrl_2,Label Engine,166,113
ncih716_jc_ctrl_2_16,train,NCI-H716,ncih716_jc_ctrl_2,Label Engine,213,154
ncih716_jc_ctrl_2_18,train,NCI-H716,ncih716_jc_ctrl_2,Label Engine,131,76
ncih716_jc_ctrl_2_22,train,NCI-H716,ncih716_jc_ctrl_2,Label Engine,135,95
ncih716_jc_ctrl_2_23,train,NCI-H716,ncih716_jc_ctrl_2,Label Engine,129,141
ncih716_jc_ctrl_2_24,val,NCI-H716,ncih716_jc_ctrl_2,Label Engine,166,123
ncih716_jc_ctrl_2_25,test,NCI-H716,ncih716_jc_ctrl_2,Label Engine,171,81
ncih716_jc_ctrl_2_27,train,NCI-H716,ncih716_jc_ctrl_2,Label Engine,291,133
ncih716_jc_ctrl_2_28,train,NCI-H716,ncih716_jc_ctrl_2,Label Engine,223,151
ncih716_jc_ctrl_2_29,val,NCI-H716,ncih716_jc_ctrl_2,Label Engine,214,120
ncih716_jc_ctrl_2_30,test,NCI-H716,ncih716_jc_ctrl_2,Label Engine,71,46
ncih716_jc_ctrl_2_32,train,NCI-H716,ncih716_jc_ctrl_2,Label Engine,132,125
ncih716_jc_ctrl_2_33,train,NCI-H716,ncih716_jc_ctrl_2,Label Engine,176,96
ncih716_jc_ctrl_2_36,train,NCI-H716,ncih716_jc_ctrl_2,Label Engine,262,154
ncih716_jc_ctrl_2_37,train,NCI-H716,ncih716_jc_ctrl_2,Label Engine,468,401
ncih716_jc_ctrl_2_39,train,NCI-H716,ncih716_jc_ctrl_2,Label Engine,273,227
ncih716_jc_ctrl_2_40,train,NCI-H716,ncih716_jc_ctrl_2,Label Engine,89,50
ncih716_jc_ctrl_2_41,train,NCI-H716,ncih716_jc_ctrl_2,Label Engine,132,70
ncih716_jc_ctrl_2_43,train,NCI-H716,ncih716_jc_ctrl_2,Label Engine,144,45
ncih716_jc_ctrl_2_45,train,NCI-H716,ncih716_jc_ctrl_2,Label Engine,179,96
ncih716_jc_ctrl_2_46,train,NCI-H716,ncih716_jc_ctrl_2,Label Engine,72,55
ncih716_jc_ctrl_2_47,train,NCI-H716,ncih716_jc_ctrl_2,Label Engine,135,111
ncih716_jc_ctrl_2_48,train,NCI-H716,ncih716_jc_ctrl_2,Label Engine,322,155
ncih716_jc_ctrl_2_49,val,NCI-H716,ncih716_jc_ctrl_2,Label Engine,169,75
ncih716_jc_ctrl_2_5,train,NCI-H716,ncih716_jc_ctrl_2,Label Engine,368,237
ncih716_jc_ctrl_2_50,train,NCI-H716,ncih716_jc_ctrl_2,Label Engine,177,105
ncih716_jc_ctrl_2_51,train,NCI-H716,ncih716_jc_ctrl_2,Label Engine,181,116
ncih716_jc_ctrl_2_54,train,NCI-H716,ncih716_jc_ctrl_2,Label Engine,274,147
ncih716_jc_ctrl_2_55,train,NCI-H716,ncih716_jc_ctrl_2,Label Engine,120,74
ncih716_jc_ctrl_2_56,train,NCI-H716,ncih716_jc_ctrl_2,Label Engine,349,287
ncih716_jc_ctrl_2_58,test,NCI-H716,ncih716_jc_ctrl_2,Label Engine,166,105
ncih716_jc_ctrl_2_8,test,NCI-H716,ncih716_jc_ctrl_2,Label Engine,110,70
ncih716_jc_ctrl_2_9,train,NCI-H716,ncih716_jc_ctrl_2,Label Engine,210,111
snu16_jc_arv771_800picom_24h_4,train,SNU16,snu16_jc_arv771_800picom_24h,Label Engine,124,34
snu16_jc_ctrl_10,train,SNU16,snu16_jc_ctrl,Label Engine,376,362
snu16_jc_ctrl_102,train,SNU16,snu16_jc_ctrl,Label Engine,271,157
snu16_jc_ctrl_103,train,SNU16,snu16_jc_ctrl,Label Engine,206,70
snu16_jc_ctrl_107,train,SNU16,snu16_jc_ctrl,Label Engine,370,233
snu16_jc_ctrl_108,train,SNU16,snu16_jc_ctrl,Label Engine,635,480
snu16_jc_ctrl_112,train,SNU16,snu16_jc_ctrl,Label Engine,1231,113
snu16_jc_ctrl_114,test,SNU16,snu16_jc_ctrl,Label Engine,670,410
snu16_jc_ctrl_119,val,SNU16,snu16_jc_ctrl,Label Engine,415,112
snu16_jc_ctrl_120,train,SNU16,snu16_jc_ctrl,Label Engine,244,103
snu16_jc_ctrl_122,train,SNU16,snu16_jc_ctrl,Label Engine,209,144
snu16_jc_ctrl_124,test,SNU16,snu16_jc_ctrl,Label Engine,191,94
snu16_jc_ctrl_126,train,SNU16,snu16_jc_ctrl,Label Engine,181,58
snu16_jc_ctrl_127,train,SNU16,snu16_jc_ctrl,Label Engine,372,241
snu16_jc_ctrl_129,train,SNU16,snu16_jc_ctrl,Label Engine,224,140
snu16_jc_ctrl_13,val,SNU16,snu16_jc_ctrl,Label Engine,380,226
snu16_jc_ctrl_131,train,SNU16,snu16_jc_ctrl,Label Engine,225,160
snu16_jc_ctrl_132,train,SNU16,snu16_jc_ctrl,Label Engine,311,133
snu16_jc_ctrl_135,val,SNU16,snu16_jc_ctrl,Label Engine,366,267
snu16_jc_ctrl_136,train,SNU16,snu16_jc_ctrl,Label Engine,317,287
snu16_jc_ctrl_139,val,SNU16,snu16_jc_ctrl,Label Engine,254,240
snu16_jc_ctrl_144,train,SNU16,snu16_jc_ctrl,Label Engine,123,107
snu16_jc_ctrl_147,train,SNU16,snu16_jc_ctrl,Label Engine,268,115
snu16_jc_ctrl_15,train,SNU16,snu16_jc_ctrl,Label Engine,471,382
snu16_jc_ctrl_20,train,SNU16,snu16_jc_ctrl,Label Engine,990,591
snu16_jc_ctrl_23,train,SNU16,snu16_jc_ctrl,Label Engine,223,155
snu16_jc_ctrl_24,train,SNU16,snu16_jc_ctrl,Label Engine,251,229
snu16_jc_ctrl_25,train,SNU16,snu16_jc_ctrl,Label Engine,341,255
snu16_jc_ctrl_26,train,SNU16,snu16_jc_ctrl,Label Engine,170,171
snu16_jc_ctrl_30,train,SNU16,snu16_jc_ctrl,Label Engine,214,164
snu16_jc_ctrl_32,train,SNU16,snu16_jc_ctrl,Label Engine,265,235
snu16_jc_ctrl_35,test,SNU16,snu16_jc_ctrl,Label Engine,324,218
snu16_jc_ctrl_37,train,SNU16,snu16_jc_ctrl,Label Engine,320,311
snu16_jc_ctrl_38,train,SNU16,snu16_jc_ctrl,Label Engine,178,144
snu16_jc_ctrl_39,train,SNU16,snu16_jc_ctrl,Label Engine,271,91
snu16_jc_ctrl_40,test,SNU16,snu16_jc_ctrl,Label Engine,270,145
snu16_jc_ctrl_42,train,SNU16,snu16_jc_ctrl,Label Engine,90,94
snu16_jc_ctrl_43,train,SNU16,snu16_jc_ctrl,Label Engine,105,79
snu16_jc_ctrl_45,test,SNU16,snu16_jc_ctrl,Label Engine,125,185
snu16_jc_ctrl_46,test,SNU16,snu16_jc_ctrl,Label Engine,309,407
snu16_jc_ctrl_47,train,SNU16,snu16_jc_ctrl,Label Engine,392,277
snu16_jc_ctrl_48,train,SNU16,snu16_jc_ctrl,Label Engine,321,825
snu16_jc_ctrl_50,test,SNU16,snu16_jc_ctrl,Label Engine,158,160
snu16_jc_ctrl_52,train,SNU16,snu16_jc_ctrl,Label Engine,207,310
snu16_jc_ctrl_53,train,SNU16,snu16_jc_ctrl,Label Engine,637,586
snu16_jc_ctrl_54,train,SNU16,snu16_jc_ctrl,Label Engine,151,162
snu16_jc_ctrl_55,train,SNU16,snu16_jc_ctrl,Label Engine,241,271
snu16_jc_ctrl_56,train,SNU16,snu16_jc_ctrl,Label Engine,256,206
snu16_jc_ctrl_57,train,SNU16,snu16_jc_ctrl,Label Engine,222,231
snu16_jc_ctrl_59,train,SNU16,snu16_jc_ctrl,Label Engine,297,184
snu16_jc_ctrl_60,val,SNU16,snu16_jc_ctrl,Label Engine,97,116
snu16_jc_ctrl_61,train,SNU16,snu16_jc_ctrl,Label Engine,144,130
snu16_jc_ctrl_63,train,SNU16,snu16_jc_ctrl,Label Engine,190,274
snu16_jc_ctrl_65,train,SNU16,snu16_jc_ctrl,Label Engine,413,385
snu16_jc_ctrl_67,train,SNU16,snu16_jc_ctrl,Label Engine,267,234
snu16_jc_ctrl_69,test,SNU16,snu16_jc_ctrl,Label Engine,325,241
snu16_jc_ctrl_70,test,SNU16,snu16_jc_ctrl,Label Engine,238,186
snu16_jc_ctrl_72,test,SNU16,snu16_jc_ctrl,Label Engine,166,119
snu16_jc_ctrl_74,val,SNU16,snu16_jc_ctrl,Label Engine,222,105
snu16_jc_ctrl_76,train,SNU16,snu16_jc_ctrl,Label Engine,148,120
snu16_jc_ctrl_78,train,SNU16,snu16_jc_ctrl,Label Engine,144,89
snu16_jc_ctrl_79,train,SNU16,snu16_jc_ctrl,Label Engine,289,162
snu16_jc_ctrl_8,val,SNU16,snu16_jc_ctrl,Label Engine,232,87
snu16_jc_ctrl_83,test,SNU16,snu16_jc_ctrl,Label Engine,140,176
snu16_jc_ctrl_84,train,SNU16,snu16_jc_ctrl,Label Engine,212,74
snu16_jc_ctrl_86,train,SNU16,snu16_jc_ctrl,Label Engine,227,190
snu16_jc_ctrl_87,train,SNU16,snu16_jc_ctrl,Label Engine,241,169
snu16_jc_ctrl_89,train,SNU16,snu16_jc_ctrl,Label Engine,303,299
snu16_jc_ctrl_9,val,SNU16,snu16_jc_ctrl,Label Engine,161,177
snu16_jc_ctrl_91,test,SNU16,snu16_jc_ctrl,Label Engine,422,302
snu16_jc_ctrl_92,val,SNU16,snu16_jc_ctrl,Label Engine,382,506
snu16_jc_ctrl_95,train,SNU16,snu16_jc_ctrl,Label Engine,664,511
snu16_jc_ctrl_98,train,SNU16,snu16_jc_ctrl,Label Engine,459,238
snu16_jc_jq1_ic50_24h_10,train,SNU16,snu16_jc_jq1_ic50_24h,Label Engine,228,148
snu16_jc_jq1_ic50_24h_100,train,SNU16,snu16_jc_jq1_ic50_24h,Label Engine,97,60
snu16_jc_jq1_ic50_24h_102,test,SNU16,snu16_jc_jq1_ic50_24h,Label Engine,177,25
snu16_jc_jq1_ic50_24h_104,train,SNU16,snu16_jc_jq1_ic50_24h,Label Engine,481,121
snu16_jc_jq1_ic50_24h_109,train,SNU16,snu16_jc_jq1_ic50_24h,Label Engine,261,190
snu16_jc_jq1_ic50_24h_115,train,SNU16,snu16_jc_jq1_ic50_24h,Label Engine,230,103
snu16_jc_jq1_ic50_24h_117,train,SNU16,snu16_jc_jq1_ic50_24h,Label Engine,118,27
snu16_jc_jq1_ic50_24h_118,val,SNU16,snu16_jc_jq1_ic50_24h,Label Engine,221,99
snu16_jc_jq1_ic50_24h_120,test,SNU16,snu16_jc_jq1_ic50_24h,Label Engine,193,112
snu16_jc_jq1_ic50_24h_128,train,SNU16,snu16_jc_jq1_ic50_24h,Label Engine,77,47
snu16_jc_jq1_ic50_24h_16,val,SNU16,snu16_jc_jq1_ic50_24h,Label Engine,705,404
snu16_jc_jq1_ic50_24h_19,test,SNU16,snu16_jc_jq1_ic50_24h,Label Engine,271,211
snu16_jc_jq1_ic50_24h_2,train,SNU16,snu16_jc_jq1_ic50_24h,Label Engine,110,29
snu16_jc_jq1_ic50_24h_21,train,SNU16,snu16_jc_jq1_ic50_24h,Label Engine,172,22
snu16_jc_jq1_ic50_24h_26,train,SNU16,snu16_jc_jq1_ic50_24h,Label Engine,301,81
snu16_jc_jq1_ic50_24h_28,train,SNU16,snu16_jc_jq1_ic50_24h,Label Engine,433,228
snu16_jc_jq1_ic50_24h_29,train,SNU16,snu16_jc_jq1_ic50_24h,Label Engine,286,194
snu16_jc_jq1_ic50_24h_33_a,train,SNU16,snu16_jc_jq1_ic50_24h,Label Engine,527,271
snu16_jc_jq1_ic50_24h_40,test,SNU16,snu16_jc_jq1_ic50_24h,Label Engine,183,103
snu16_jc_jq1_ic50_24h_44,val,SNU16,snu16_jc_jq1_ic50_24h,Label Engine,426,307
snu16_jc_jq1_ic50_24h_45,train,SNU16,snu16_jc_jq1_ic50_24h,Label Engine,374,284
snu16_jc_jq1_ic50_24h_5,train,SNU16,snu16_jc_jq1_ic50_24h,Label Engine,434,241
snu16_jc_jq1_ic50_24h_51,test,SNU16,snu16_jc_jq1_ic50_24h,Label Engine,499,119
snu16_jc_jq1_ic50_24h_52,train,SNU16,snu16_jc_jq1_ic50_24h,Label Engine,279,40
snu16_jc_jq1_ic50_24h_54,val,SNU16,snu16_jc_jq1_ic50_24h,Label Engine,274,50
snu16_jc_jq1_ic50_24h_55,val,SNU16,snu16_jc_jq1_ic50_24h,Label Engine,189,62
snu16_jc_jq1_ic50_24h_56,test,SNU16,snu16_jc_jq1_ic50_24h,Label Engine,150,105
snu16_jc_jq1_ic50_24h_57,train,SNU16,snu16_jc_jq1_ic50_24h,Label Engine,101,11
snu16_jc_jq1_ic50_24h_6,train,SNU16,snu16_jc_jq1_ic50_24h,Label Engine,313,123
snu16_jc_jq1_ic50_24h_61_a,train,SNU16,snu16_jc_jq1_ic50_24h,Label Engine,112,82
snu16_jc_jq1_ic50_24h_66,val,SNU16,snu16_jc_jq1_ic50_24h,Label Engine,238,124
snu16_jc_jq1_ic50_24h_67,test,SNU16,snu16_jc_jq1_ic50_24h,Label Engine,213,73
snu16_jc_jq1_ic50_24h_68,train,SNU16,snu16_jc_jq1_ic50_24h,Label Engine,313,70
snu16_jc_jq1_ic50_24h_69,train,SNU16,snu16_jc_jq1_ic50_24h,Label Engine,444,86
snu16_jc_jq1_ic50_24h_70,train,SNU16,snu16_jc_jq1_ic50_24h,Label Engine,242,150
snu16_jc_jq1_ic50_24h_72,train,SNU16,snu16_jc_jq1_ic50_24h,Label Engine,368,227
snu16_jc_jq1_ic50_24h_75,train,SNU16,snu16_jc_jq1_ic50_24h,Label Engine,394,203
snu16_jc_jq1_ic50_24h_76,train,SNU16,snu16_jc_jq1_ic50_24h,Label Engine,101,108
snu16_jc_jq1_ic50_24h_8,train,SNU16,snu16_jc_jq1_ic50_24h,Label Engine,663,376
snu16_jc_jq1_ic50_24h_81,train,SNU16,snu16_jc_jq1_ic50_24h,Label Engine,142,88
snu16_jc_jq1_ic50_24h_87,train,SNU16,snu16_jc_jq1_ic50_24h,Label Engine,225,119
snu16_jc_jq1_ic50_24h_88,train,SNU16,snu16_jc_jq1_ic50_24h,Label Engine,57,25
snu16_jc_jq1_ic50_24h_89,train,SNU16,snu16_jc_jq1_ic50_24h,Label Engine,203,139
snu16_jc_jq1_ic50_24h_9,val,SNU16,snu16_jc_jq1_ic50_24h,Label Engine,239,74
snu16_jc_jq1_ic50_24h_90,train,SNU16,snu16_jc_jq1_ic50_24h,Label Engine,141,136
snu16_jc_jq1_ic50_24h_91,train,SNU16,snu16_jc_jq1_ic50_24h,Label Engine,111,71
snu16_jc_jq1_ic50_24h_94,train,SNU16,snu16_jc_jq1_ic50_24h,Label Engine,141,108
snu16_jc_jq1_ic50_24h_96,val,SNU16,snu16_jc_jq1_ic50_24h,Label Engine,174,84
snu16_jc_jq1_ic50_24h_97,train,SNU16,snu16_jc_jq1_ic50_24h,Label Engine,157,131
snu16_jc_jq1_ic50_24h_98,val,SNU16,snu16_jc_jq1_ic50_24h,Label Engine,237,27
colo320dm_qpcr_jq1_24h_ctrl_100,train,COLO320DM,colo320dm_qpcr_jq1_24h_ctrl,Classic (after opt),63,79
colo320dm_qpcr_jq1_24h_ctrl_101,train,COLO320DM,colo320dm_qpcr_jq1_24h_ctrl,Classic (after opt),45,49
colo320dm_qpcr_jq1_24h_ctrl_103,train,COLO320DM,colo320dm_qpcr_jq1_24h_ctrl,Classic (after opt),39,45
colo320dm_qpcr_jq1_24h_ctrl_105,val,COLO320DM,colo320dm_qpcr_jq1_24h_ctrl,Classic (after opt),59,69
colo320dm_qpcr_jq1_24h_ctrl_109,val,COLO320DM,colo320dm_qpcr_jq1_24h_ctrl,Classic (after opt),71,53
colo320dm_qpcr_jq1_24h_ctrl_110,train,COLO320DM,colo320dm_qpcr_jq1_24h_ctrl,Classic (after opt),27,26
colo320dm_qpcr_jq1_24h_ctrl_111,train,COLO320DM,colo320dm_qpcr_jq1_24h_ctrl,Classic (after opt),80,76
colo320dm_qpcr_jq1_24h_ctrl_112,train,COLO320DM,colo320dm_qpcr_jq1_24h_ctrl,Classic (after opt),83,72
colo320dm_qpcr_jq1_24h_ctrl_114,test,COLO320DM,colo320dm_qpcr_jq1_24h_ctrl,Classic (after opt),107,93
colo320dm_qpcr_jq1_24h_ctrl_12,train,COLO320DM,colo320dm_qpcr_jq1_24h_ctrl,Classic (after opt),16,19
colo320dm_qpcr_jq1_24h_ctrl_17,val,COLO320DM,colo320dm_qpcr_jq1_24h_ctrl,Classic (after opt),13,15
colo320dm_qpcr_jq1_24h_ctrl_18,train,COLO320DM,colo320dm_qpcr_jq1_24h_ctrl,Classic (after opt),51,59
colo320dm_qpcr_jq1_24h_ctrl_21,val,COLO320DM,colo320dm_qpcr_jq1_24h_ctrl,Classic (after opt),40,46
colo320dm_qpcr_jq1_24h_ctrl_22,train,COLO320DM,colo320dm_qpcr_jq1_24h_ctrl,Classic (after opt),65,51
colo320dm_qpcr_jq1_24h_ctrl_23,test,COLO320DM,colo320dm_qpcr_jq1_24h_ctrl,Classic (after opt),57,59
colo320dm_qpcr_jq1_24h_ctrl_25,train,COLO320DM,colo320dm_qpcr_jq1_24h_ctrl,Classic (after opt),53,53
colo320dm_qpcr_jq1_24h_ctrl_26,train,COLO320DM,colo320dm_qpcr_jq1_24h_ctrl,Classic (after opt),22,23
colo320dm_qpcr_jq1_24h_ctrl_27,val,COLO320DM,colo320dm_qpcr_jq1_24h_ctrl,Classic (after opt),18,18
colo320dm_qpcr_jq1_24h_ctrl_28,train,COLO320DM,colo320dm_qpcr_jq1_24h_ctrl,Classic (after opt),35,43
colo320dm_qpcr_jq1_24h_ctrl_3,train,COLO320DM,colo320dm_qpcr_jq1_24h_ctrl,Classic (after opt),144,139
colo320dm_qpcr_jq1_24h_ctrl_31,val,COLO320DM,colo320dm_qpcr_jq1_24h_ctrl,Classic (after opt),143,139
colo320dm_qpcr_jq1_24h_ctrl_33,test,COLO320DM,colo320dm_qpcr_jq1_24h_ctrl,Classic (after opt),24,29
colo320dm_qpcr_jq1_24h_ctrl_35,val,COLO320DM,colo320dm_qpcr_jq1_24h_ctrl,Classic (after opt),57,61
colo320dm_qpcr_jq1_24h_ctrl_36,train,COLO320DM,colo320dm_qpcr_jq1_24h_ctrl,Classic (after opt),59,54
colo320dm_qpcr_jq1_24h_ctrl_37,train,COLO320DM,colo320dm_qpcr_jq1_24h_ctrl,Classic (after opt),12,26
colo320dm_qpcr_jq1_24h_ctrl_38,train,COLO320DM,colo320dm_qpcr_jq1_24h_ctrl,Classic (after opt),41,42
colo320dm_qpcr_jq1_24h_ctrl_39,test,COLO320DM,colo320dm_qpcr_jq1_24h_ctrl,Classic (after opt),41,47
colo320dm_qpcr_jq1_24h_ctrl_4,train,COLO320DM,colo320dm_qpcr_jq1_24h_ctrl,Classic (after opt),46,55
colo320dm_qpcr_jq1_24h_ctrl_41,train,COLO320DM,colo320dm_qpcr_jq1_24h_ctrl,Classic (after opt),101,83
colo320dm_qpcr_jq1_24h_ctrl_43,train,COLO320DM,colo320dm_qpcr_jq1_24h_ctrl,Classic (after opt),44,81
colo320dm_qpcr_jq1_24h_ctrl_47,test,COLO320DM,colo320dm_qpcr_jq1_24h_ctrl,Classic (after opt),22,31
colo320dm_qpcr_jq1_24h_ctrl_48,test,COLO320DM,colo320dm_qpcr_jq1_24h_ctrl,Classic (after opt),32,31
colo320dm_qpcr_jq1_24h_ctrl_49,train,COLO320DM,colo320dm_qpcr_jq1_24h_ctrl,Classic (after opt),74,71
colo320dm_qpcr_jq1_24h_ctrl_50,train,COLO320DM,colo320dm_qpcr_jq1_24h_ctrl,Classic (after opt),7,11
colo320dm_qpcr_jq1_24h_ctrl_55,train,COLO320DM,colo320dm_qpcr_jq1_24h_ctrl,Classic (after opt),34,42
colo320dm_qpcr_jq1_24h_ctrl_58,train,COLO320DM,colo320dm_qpcr_jq1_24h_ctrl,Classic (after opt),15,17
colo320dm_qpcr_jq1_24h_ctrl_65,train,COLO320DM,colo320dm_qpcr_jq1_24h_ctrl,Classic (after opt),30,24
colo320dm_qpcr_jq1_24h_ctrl_66_a,train,COLO320DM,colo320dm_qpcr_jq1_24h_ctrl,Classic (after opt),61,56
colo320dm_qpcr_jq1_24h_ctrl_67,test,COLO320DM,colo320dm_qpcr_jq1_24h_ctrl,Classic (after opt),91,106
colo320dm_qpcr_jq1_24h_ctrl_69,test,COLO320DM,colo320dm_qpcr_jq1_24h_ctrl,Classic (after opt),54,46
colo320dm_qpcr_jq1_24h_ctrl_72,train,COLO320DM,colo320dm_qpcr_jq1_24h_ctrl,Classic (after opt),37,35
colo320dm_qpcr_jq1_24h_ctrl_75,train,COLO320DM,colo320dm_qpcr_jq1_24h_ctrl,Classic (after opt),47,60
colo320dm_qpcr_jq1_24h_ctrl_78_a,train,COLO320DM,colo320dm_qpcr_jq1_24h_ctrl,Classic (after opt),26,40
colo320dm_qpcr_jq1_24h_ctrl_78_b,train,COLO320DM,colo320dm_qpcr_jq1_24h_ctrl,Classic (after opt),52,63
colo320dm_qpcr_jq1_24h_ctrl_79,train,COLO320DM,colo320dm_qpcr_jq1_24h_ctrl,Classic (after opt),10,16
colo320dm_qpcr_jq1_24h_ctrl_8,train,COLO320DM,colo320dm_qpcr_jq1_24h_ctrl,Classic (after opt),36,41
colo320dm_qpcr_jq1_24h_ctrl_81,train,COLO320DM,colo320dm_qpcr_jq1_24h_ctrl,Classic (after opt),59,57
colo320dm_qpcr_jq1_24h_ctrl_82,train,COLO320DM,colo320dm_qpcr_jq1_24h_ctrl,Classic (after opt),30,33
colo320dm_qpcr_jq1_24h_ctrl_87_a,test,COLO320DM,colo320dm_qpcr_jq1_24h_ctrl,Classic (after opt),31,23
colo320dm_qpcr_jq1_24h_ctrl_87_b,train,COLO320DM,colo320dm_qpcr_jq1_24h_ctrl,Classic (after opt),45,58
colo320dm_qpcr_jq1_24h_ctrl_88,train,COLO320DM,colo320dm_qpcr_jq1_24h_ctrl,Classic (after opt),53,52
colo320dm_qpcr_jq1_24h_ctrl_89,train,COLO320DM,colo320dm_qpcr_jq1_24h_ctrl,Classic (after opt),15,24
colo320dm_qpcr_jq1_24h_ctrl_9,train,COLO320DM,colo320dm_qpcr_jq1_24h_ctrl,Classic (after opt),23,28
colo320dm_qpcr_jq1_24h_ctrl_90,train,COLO320DM,colo320dm_qpcr_jq1_24h_ctrl,Classic (after opt),89,105
colo320dm_qpcr_jq1_24h_ctrl_92,train,COLO320DM,colo320dm_qpcr_jq1_24h_ctrl,Classic (after opt),55,79
colo320dm_qpcr_jq1_24h_ctrl_95,train,COLO320DM,colo320dm_qpcr_jq1_24h_ctrl,Classic (after opt),32,30
colo320dm_qpcr_jq1_24h_ctrl_96,test,COLO320DM,colo320dm_qpcr_jq1_24h_ctrl,Classic (after opt),49,37
colo320dm_qpcr_jq1_24h_ctrl_97,train,COLO320DM,colo320dm_qpcr_jq1_24h_ctrl,Classic (after opt),87,93
colo320dm_qpcr_jq1_24h_ctrl_99,val,COLO320DM,colo320dm_qpcr_jq1_24h_ctrl,Classic (after opt),74,78
colo320dm_qpcr_jq1_24h_dmso_104,train,COLO320DM,colo320dm_qpcr_jq1_24h_dmso,Classic (after opt),4,19
colo320dm_qpcr_jq1_24h_dmso_111,test,COLO320DM,colo320dm_qpcr_jq1_24h_dmso,Classic (after opt),4,36
colo320dm_qpcr_jq1_24h_dmso_49,train,COLO320DM,colo320dm_qpcr_jq1_24h_dmso,Classic (after opt),1,58
colo320dm_qpcr_jq1_24h_dmso_6,train,COLO320DM,colo320dm_qpcr_jq1_24h_dmso,Classic (after opt),4,30
colo320dm_qpcr_jq1_24h_dmso_88,val,COLO320DM,colo320dm_qpcr_jq1_24h_dmso,Classic (after opt),4,19
ncih2170_antibiotics_blank_ctrl_1,train,NCI-H2170,ncih2170_antibiotics_blank_ctrl,Classic (after opt),235,284
ncih2170_antibiotics_blank_ctrl_100,test,NCI-H2170,ncih2170_antibiotics_blank_ctrl,Classic (after opt),102,118
ncih2170_antibiotics_blank_ctrl_101,val,NCI-H2170,ncih2170_antibiotics_blank_ctrl,Classic (after opt),266,257
ncih2170_antibiotics_blank_ctrl_102,train,NCI-H2170,ncih2170_antibiotics_blank_ctrl,Classic (after opt),402,342
ncih2170_antibiotics_blank_ctrl_103,val,NCI-H2170,ncih2170_antibiotics_blank_ctrl,Classic (after opt),228,196
ncih2170_antibiotics_blank_ctrl_104,test,NCI-H2170,ncih2170_antibiotics_blank_ctrl,Classic (after opt),316,191
ncih2170_antibiotics_blank_ctrl_105,test,NCI-H2170,ncih2170_antibiotics_blank_ctrl,Classic (after opt),175,220
ncih2170_antibiotics_blank_ctrl_106,train,NCI-H2170,ncih2170_antibiotics_blank_ctrl,Classic (after opt),101,103
ncih2170_antibiotics_blank_ctrl_107,test,NCI-H2170,ncih2170_antibiotics_blank_ctrl,Classic (after opt),559,584
ncih2170_antibiotics_blank_ctrl_109,test,NCI-H2170,ncih2170_antibiotics_blank_ctrl,Classic (after opt),182,136
ncih2170_antibiotics_blank_ctrl_11,val,NCI-H2170,ncih2170_antibiotics_blank_ctrl,Classic (after opt),181,137
ncih2170_antibiotics_blank_ctrl_110,test,NCI-H2170,ncih2170_antibiotics_blank_ctrl,Classic (after opt),411,380
ncih2170_antibiotics_blank_ctrl_111,train,NCI-H2170,ncih2170_antibiotics_blank_ctrl,Classic (after opt),108,130
ncih2170_antibiotics_blank_ctrl_113,test,NCI-H2170,ncih2170_antibiotics_blank_ctrl,Classic (after opt),341,255
ncih2170_antibiotics_blank_ctrl_114,train,NCI-H2170,ncih2170_antibiotics_blank_ctrl,Classic (after opt),154,159
ncih2170_antibiotics_blank_ctrl_115,val,NCI-H2170,ncih2170_antibiotics_blank_ctrl,Classic (after opt),125,161
ncih2170_antibiotics_blank_ctrl_116,train,NCI-H2170,ncih2170_antibiotics_blank_ctrl,Classic (after opt),282,374
ncih2170_antibiotics_blank_ctrl_117,train,NCI-H2170,ncih2170_antibiotics_blank_ctrl,Classic (after opt),307,296
ncih2170_antibiotics_blank_ctrl_118,train,NCI-H2170,ncih2170_antibiotics_blank_ctrl,Classic (after opt),453,404
ncih2170_antibiotics_blank_ctrl_12,train,NCI-H2170,ncih2170_antibiotics_blank_ctrl,Classic (after opt),122,132
ncih2170_antibiotics_blank_ctrl_13,train,NCI-H2170,ncih2170_antibiotics_blank_ctrl,Classic (after opt),86,127
ncih2170_antibiotics_blank_ctrl_14,train,NCI-H2170,ncih2170_antibiotics_blank_ctrl,Classic (after opt),329,371
ncih2170_antibiotics_blank_ctrl_15,train,NCI-H2170,ncih2170_antibiotics_blank_ctrl,Classic (after opt),210,234
ncih2170_antibiotics_blank_ctrl_16,train,NCI-H2170,ncih2170_antibiotics_blank_ctrl,Classic (after opt),91,122
ncih2170_antibiotics_blank_ctrl_17,train,NCI-H2170,ncih2170_antibiotics_blank_ctrl,Classic (after opt),604,440
ncih2170_antibiotics_blank_ctrl_18,val,NCI-H2170,ncih2170_antibiotics_blank_ctrl,Classic (after opt),157,162
ncih2170_antibiotics_blank_ctrl_19,train,NCI-H2170,ncih2170_antibiotics_blank_ctrl,Classic (after opt),92,145
ncih2170_antibiotics_blank_ctrl_2,train,NCI-H2170,ncih2170_antibiotics_blank_ctrl,Classic (after opt),373,467
ncih2170_antibiotics_blank_ctrl_20,train,NCI-H2170,ncih2170_antibiotics_blank_ctrl,Classic (after opt),128,183
ncih2170_antibiotics_blank_ctrl_21,train,NCI-H2170,ncih2170_antibiotics_blank_ctrl,Classic (after opt),224,139
ncih2170_antibiotics_blank_ctrl_22,train,NCI-H2170,ncih2170_antibiotics_blank_ctrl,Classic (after opt),375,381
ncih2170_antibiotics_blank_ctrl_23,val,NCI-H2170,ncih2170_antibiotics_blank_ctrl,Classic (after opt),281,234
ncih2170_antibiotics_blank_ctrl_24,train,NCI-H2170,ncih2170_antibiotics_blank_ctrl,Classic (after opt),153,167
ncih2170_antibiotics_blank_ctrl_25,train,NCI-H2170,ncih2170_antibiotics_blank_ctrl,Classic (after opt),42,100
ncih2170_antibiotics_blank_ctrl_27,train,NCI-H2170,ncih2170_antibiotics_blank_ctrl,Classic (after opt),318,369
ncih2170_antibiotics_blank_ctrl_28,train,NCI-H2170,ncih2170_antibiotics_blank_ctrl,Classic (after opt),256,460
ncih2170_antibiotics_blank_ctrl_29,train,NCI-H2170,ncih2170_antibiotics_blank_ctrl,Classic (after opt),104,158
ncih2170_antibiotics_blank_ctrl_30,train,NCI-H2170,ncih2170_antibiotics_blank_ctrl,Classic (after opt),339,279
ncih2170_antibiotics_blank_ctrl_31,train,NCI-H2170,ncih2170_antibiotics_blank_ctrl,Classic (after opt),88,134
ncih2170_antibiotics_blank_ctrl_32,train,NCI-H2170,ncih2170_antibiotics_blank_ctrl,Classic (after opt),138,275
ncih2170_antibiotics_blank_ctrl_33,train,NCI-H2170,ncih2170_antibiotics_blank_ctrl,Classic (after opt),207,196
ncih2170_antibiotics_blank_ctrl_34,val,NCI-H2170,ncih2170_antibiotics_blank_ctrl,Classic (after opt),91,175
ncih2170_antibiotics_blank_ctrl_35,test,NCI-H2170,ncih2170_antibiotics_blank_ctrl,Classic (after opt),84,82
ncih2170_antibiotics_blank_ctrl_37,test,NCI-H2170,ncih2170_antibiotics_blank_ctrl,Classic (after opt),539,457
ncih2170_antibiotics_blank_ctrl_38,train,NCI-H2170,ncih2170_antibiotics_blank_ctrl,Classic (after opt),402,441
ncih2170_antibiotics_blank_ctrl_39,train,NCI-H2170,ncih2170_antibiotics_blank_ctrl,Classic (after opt),391,470
ncih2170_antibiotics_blank_ctrl_40,test,NCI-H2170,ncih2170_antibiotics_blank_ctrl,Classic (after opt),248,241
ncih2170_antibiotics_blank_ctrl_41,train,NCI-H2170,ncih2170_antibiotics_blank_ctrl,Classic (after opt),76,191
ncih2170_antibiotics_blank_ctrl_42,train,NCI-H2170,ncih2170_antibiotics_blank_ctrl,Classic (after opt),153,281
ncih2170_antibiotics_blank_ctrl_43,test,NCI-H2170,ncih2170_antibiotics_blank_ctrl,Classic (after opt),239,242
ncih2170_antibiotics_blank_ctrl_44,train,NCI-H2170,ncih2170_antibiotics_blank_ctrl,Classic (after opt),181,167
ncih2170_antibiotics_blank_ctrl_47,test,NCI-H2170,ncih2170_antibiotics_blank_ctrl,Classic (after opt),296,179
ncih2170_antibiotics_blank_ctrl_48,train,NCI-H2170,ncih2170_antibiotics_blank_ctrl,Classic (after opt),71,109
ncih2170_antibiotics_blank_ctrl_5,train,NCI-H2170,ncih2170_antibiotics_blank_ctrl,Classic (after opt),597,327
ncih2170_antibiotics_blank_ctrl_50,train,NCI-H2170,ncih2170_antibiotics_blank_ctrl,Classic (after opt),197,268
ncih2170_antibiotics_blank_ctrl_51,val,NCI-H2170,ncih2170_antibiotics_blank_ctrl,Classic (after opt),159,229
ncih2170_antibiotics_blank_ctrl_52,val,NCI-H2170,ncih2170_antibiotics_blank_ctrl,Classic (after opt),324,294
ncih2170_antibiotics_blank_ctrl_53,test,NCI-H2170,ncih2170_antibiotics_blank_ctrl,Classic (after opt),302,373
ncih2170_antibiotics_blank_ctrl_55,train,NCI-H2170,ncih2170_antibiotics_blank_ctrl,Classic (after opt),254,264
ncih2170_antibiotics_blank_ctrl_56,train,NCI-H2170,ncih2170_antibiotics_blank_ctrl,Classic (after opt),240,230
ncih2170_antibiotics_blank_ctrl_57,train,NCI-H2170,ncih2170_antibiotics_blank_ctrl,Classic (after opt),214,138
ncih2170_antibiotics_blank_ctrl_58,train,NCI-H2170,ncih2170_antibiotics_blank_ctrl,Classic (after opt),181,210
ncih2170_antibiotics_blank_ctrl_59,train,NCI-H2170,ncih2170_antibiotics_blank_ctrl,Classic (after opt),207,209
ncih2170_antibiotics_blank_ctrl_6,val,NCI-H2170,ncih2170_antibiotics_blank_ctrl,Classic (after opt),402,478
ncih2170_antibiotics_blank_ctrl_60,train,NCI-H2170,ncih2170_antibiotics_blank_ctrl,Classic (after opt),314,233
ncih2170_antibiotics_blank_ctrl_61,train,NCI-H2170,ncih2170_antibiotics_blank_ctrl,Classic (after opt),259,227
ncih2170_antibiotics_blank_ctrl_62,train,NCI-H2170,ncih2170_antibiotics_blank_ctrl,Classic (after opt),299,400
ncih2170_antibiotics_blank_ctrl_63,val,NCI-H2170,ncih2170_antibiotics_blank_ctrl,Classic (after opt),763,679
ncih2170_antibiotics_blank_ctrl_64,train,NCI-H2170,ncih2170_antibiotics_blank_ctrl,Classic (after opt),124,110
ncih2170_antibiotics_blank_ctrl_65,train,NCI-H2170,ncih2170_antibiotics_blank_ctrl,Classic (after opt),139,145
ncih2170_antibiotics_blank_ctrl_66,train,NCI-H2170,ncih2170_antibiotics_blank_ctrl,Classic (after opt),329,266
ncih2170_antibiotics_blank_ctrl_67,train,NCI-H2170,ncih2170_antibiotics_blank_ctrl,Classic (after opt),250,245
ncih2170_antibiotics_blank_ctrl_69,train,NCI-H2170,ncih2170_antibiotics_blank_ctrl,Classic (after opt),335,282
ncih2170_antibiotics_blank_ctrl_7,train,NCI-H2170,ncih2170_antibiotics_blank_ctrl,Classic (after opt),328,389
ncih2170_antibiotics_blank_ctrl_70,test,NCI-H2170,ncih2170_antibiotics_blank_ctrl,Classic (after opt),446,456
ncih2170_antibiotics_blank_ctrl_71,test,NCI-H2170,ncih2170_antibiotics_blank_ctrl,Classic (after opt),330,324
ncih2170_antibiotics_blank_ctrl_74,train,NCI-H2170,ncih2170_antibiotics_blank_ctrl,Classic (after opt),375,370
ncih2170_antibiotics_blank_ctrl_75,train,NCI-H2170,ncih2170_antibiotics_blank_ctrl,Classic (after opt),133,162
ncih2170_antibiotics_blank_ctrl_76,train,NCI-H2170,ncih2170_antibiotics_blank_ctrl,Classic (after opt),456,483
ncih2170_antibiotics_blank_ctrl_77,train,NCI-H2170,ncih2170_antibiotics_blank_ctrl,Classic (after opt),261,269
ncih2170_antibiotics_blank_ctrl_78,test,NCI-H2170,ncih2170_antibiotics_blank_ctrl,Classic (after opt),300,326
ncih2170_antibiotics_blank_ctrl_79,train,NCI-H2170,ncih2170_antibiotics_blank_ctrl,Classic (after opt),337,218
ncih2170_antibiotics_blank_ctrl_80,train,NCI-H2170,ncih2170_antibiotics_blank_ctrl,Classic (after opt),146,166
ncih2170_antibiotics_blank_ctrl_81,train,NCI-H2170,ncih2170_antibiotics_blank_ctrl,Classic (after opt),93,119
ncih2170_antibiotics_blank_ctrl_82,train,NCI-H2170,ncih2170_antibiotics_blank_ctrl,Classic (after opt),99,137
ncih2170_antibiotics_blank_ctrl_84,val,NCI-H2170,ncih2170_antibiotics_blank_ctrl,Classic (after opt),281,272
ncih2170_antibiotics_blank_ctrl_86,train,NCI-H2170,ncih2170_antibiotics_blank_ctrl,Classic (after opt),287,288
ncih2170_antibiotics_blank_ctrl_87,train,NCI-H2170,ncih2170_antibiotics_blank_ctrl,Classic (after opt),90,120
ncih2170_antibiotics_blank_ctrl_88_a,val,NCI-H2170,ncih2170_antibiotics_blank_ctrl,Classic (after opt),343,230
ncih2170_antibiotics_blank_ctrl_89,val,NCI-H2170,ncih2170_antibiotics_blank_ctrl,Classic (after opt),94,121
ncih2170_antibiotics_blank_ctrl_9,train,NCI-H2170,ncih2170_antibiotics_blank_ctrl,Classic (after opt),769,724
ncih2170_antibiotics_blank_ctrl_96,train,NCI-H2170,ncih2170_antibiotics_blank_ctrl,Classic (after opt),106,203
ncih2170_antibiotics_blank_ctrl_97,train,NCI-H2170,ncih2170_antibiotics_blank_ctrl,Classic (after opt),146,233
ncih2170_antibiotics_blank_ctrl_98,train,NCI-H2170,ncih2170_antibiotics_blank_ctrl,Classic (after opt),219,251
ncih2170_antibiotics_ps_10,train,NCI-H2170,ncih2170_antibiotics_ps,Classic (after opt),160,155
ncih2170_antibiotics_ps_102_b,test,NCI-H2170,ncih2170_antibiotics_ps,Classic (after opt),252,214
ncih2170_antibiotics_ps_104,val,NCI-H2170,ncih2170_antibiotics_ps,Classic (after opt),158,150
ncih2170_antibiotics_ps_105,test,NCI-H2170,ncih2170_antibiotics_ps,Classic (after opt),237,273
ncih2170_antibiotics_ps_106,train,NCI-H2170,ncih2170_antibiotics_ps,Classic (after opt),122,230
ncih2170_antibiotics_ps_107_a,test,NCI-H2170,ncih2170_antibiotics_ps,Classic (after opt),246,199
ncih2170_antibiotics_ps_107_b,train,NCI-H2170,ncih2170_antibiotics_ps,Classic (after opt),205,155
ncih2170_antibiotics_ps_111,train,NCI-H2170,ncih2170_antibiotics_ps,Classic (after opt),186,148
ncih2170_antibiotics_ps_112,test,NCI-H2170,ncih2170_antibiotics_ps,Classic (after opt),79,77
ncih2170_antibiotics_ps_113_a,val,NCI-H2170,ncih2170_antibiotics_ps,Classic (after opt),121,105
ncih2170_antibiotics_ps_113_b,train,NCI-H2170,ncih2170_antibiotics_ps,Classic (after opt),142,153
ncih2170_antibiotics_ps_12,val,NCI-H2170,ncih2170_antibiotics_ps,Classic (after opt),129,123
ncih2170_antibiotics_ps_13,train,NCI-H2170,ncih2170_antibiotics_ps,Classic (after opt),398,75
ncih2170_antibiotics_ps_14,train,NCI-H2170,ncih2170_antibiotics_ps,Classic (after opt),65,111
ncih2170_antibiotics_ps_16,train,NCI-H2170,ncih2170_antibiotics_ps,Classic (after opt),236,168
ncih2170_antibiotics_ps_17,train,NCI-H2170,ncih2170_antibiotics_ps,Classic (after opt),197,166
ncih2170_antibiotics_ps_18,train,NCI-H2170,ncih2170_antibiotics_ps,Classic (after opt),132,74
ncih2170_antibiotics_ps_19,train,NCI-H2170,ncih2170_antibiotics_ps,Classic (after opt),201,171
ncih2170_antibiotics_ps_20,train,NCI-H2170,ncih2170_antibiotics_ps,Classic (after opt),69,171
ncih2170_antibiotics_ps_21,train,NCI-H2170,ncih2170_antibiotics_ps,Classic (after opt),70,115
ncih2170_antibiotics_ps_22,train,NCI-H2170,ncih2170_antibiotics_ps,Classic (after opt),95,122
ncih2170_antibiotics_ps_23,train,NCI-H2170,ncih2170_antibiotics_ps,Classic (after opt),115,106
ncih2170_antibiotics_ps_24,train,NCI-H2170,ncih2170_antibiotics_ps,Classic (after opt),133,133
ncih2170_antibiotics_ps_25,test,NCI-H2170,ncih2170_antibiotics_ps,Classic (after opt),284,268
ncih2170_antibiotics_ps_28,train,NCI-H2170,ncih2170_antibiotics_ps,Classic (after opt),121,53
ncih2170_antibiotics_ps_29_a,train,NCI-H2170,ncih2170_antibiotics_ps,Classic (after opt),93,79
ncih2170_antibiotics_ps_29_b,val,NCI-H2170,ncih2170_antibiotics_ps,Classic (after opt),52,52
ncih2170_antibiotics_ps_3,val,NCI-H2170,ncih2170_antibiotics_ps,Classic (after opt),157,158
ncih2170_antibiotics_ps_30,train,NCI-H2170,ncih2170_antibiotics_ps,Classic (after opt),95,158
ncih2170_antibiotics_ps_31,train,NCI-H2170,ncih2170_antibiotics_ps,Classic (after opt),305,303
ncih2170_antibiotics_ps_32,test,NCI-H2170,ncih2170_antibiotics_ps,Classic (after opt),67,87
ncih2170_antibiotics_ps_33,train,NCI-H2170,ncih2170_antibiotics_ps,Classic (after opt),141,79
ncih2170_antibiotics_ps_34_b,train,NCI-H2170,ncih2170_antibiotics_ps,Classic (after opt),76,104
ncih2170_antibiotics_ps_34_c,val,NCI-H2170,ncih2170_antibiotics_ps,Classic (after opt),153,140
ncih2170_antibiotics_ps_35,train,NCI-H2170,ncih2170_antibiotics_ps,Classic (after opt),96,106
ncih2170_antibiotics_ps_36,test,NCI-H2170,ncih2170_antibiotics_ps,Classic (after opt),142,146
ncih2170_antibiotics_ps_37,train,NCI-H2170,ncih2170_antibiotics_ps,Classic (after opt),81,83
ncih2170_antibiotics_ps_38,train,NCI-H2170,ncih2170_antibiotics_ps,Classic (after opt),354,315
ncih2170_antibiotics_ps_39,train,NCI-H2170,ncih2170_antibiotics_ps,Classic (after opt),131,126
ncih2170_antibiotics_ps_4,test,NCI-H2170,ncih2170_antibiotics_ps,Classic (after opt),148,204
ncih2170_antibiotics_ps_40,train,NCI-H2170,ncih2170_antibiotics_ps,Classic (after opt),75,86
ncih2170_antibiotics_ps_41,train,NCI-H2170,ncih2170_antibiotics_ps,Classic (after opt),150,106
ncih2170_antibiotics_ps_42,train,NCI-H2170,ncih2170_antibiotics_ps,Classic (after opt),96,115
ncih2170_antibiotics_ps_43,train,NCI-H2170,ncih2170_antibiotics_ps,Classic (after opt),63,73
ncih2170_antibiotics_ps_44,train,NCI-H2170,ncih2170_antibiotics_ps,Classic (after opt),829,632
ncih2170_antibiotics_ps_45,train,NCI-H2170,ncih2170_antibiotics_ps,Classic (after opt),90,74
ncih2170_antibiotics_ps_46,train,NCI-H2170,ncih2170_antibiotics_ps,Classic (after opt),211,141
ncih2170_antibiotics_ps_47,train,NCI-H2170,ncih2170_antibiotics_ps,Classic (after opt),220,145
ncih2170_antibiotics_ps_48,train,NCI-H2170,ncih2170_antibiotics_ps,Classic (after opt),76,71
ncih2170_antibiotics_ps_49,train,NCI-H2170,ncih2170_antibiotics_ps,Classic (after opt),109,74
ncih2170_antibiotics_ps_5,train,NCI-H2170,ncih2170_antibiotics_ps,Classic (after opt),235,356
ncih2170_antibiotics_ps_50,train,NCI-H2170,ncih2170_antibiotics_ps,Classic (after opt),147,80
ncih2170_antibiotics_ps_54,train,NCI-H2170,ncih2170_antibiotics_ps,Classic (after opt),125,130
ncih2170_antibiotics_ps_55,val,NCI-H2170,ncih2170_antibiotics_ps,Classic (after opt),212,201
ncih2170_antibiotics_ps_56_a,test,NCI-H2170,ncih2170_antibiotics_ps,Classic (after opt),233,255
ncih2170_antibiotics_ps_56_b,train,NCI-H2170,ncih2170_antibiotics_ps,Classic (after opt),434,384
ncih2170_antibiotics_ps_57,train,NCI-H2170,ncih2170_antibiotics_ps,Classic (after opt),70,68
ncih2170_antibiotics_ps_58,train,NCI-H2170,ncih2170_antibiotics_ps,Classic (after opt),212,240
ncih2170_antibiotics_ps_61,train,NCI-H2170,ncih2170_antibiotics_ps,Classic (after opt),246,239
ncih2170_antibiotics_ps_62,train,NCI-H2170,ncih2170_antibiotics_ps,Classic (after opt),458,332
ncih2170_antibiotics_ps_63,train,NCI-H2170,ncih2170_antibiotics_ps,Classic (after opt),862,615
ncih2170_antibiotics_ps_64,val,NCI-H2170,ncih2170_antibiotics_ps,Classic (after opt),281,291
ncih2170_antibiotics_ps_65,train,NCI-H2170,ncih2170_antibiotics_ps,Classic (after opt),131,98
ncih2170_antibiotics_ps_67,train,NCI-H2170,ncih2170_antibiotics_ps,Classic (after opt),153,132
ncih2170_antibiotics_ps_68,val,NCI-H2170,ncih2170_antibiotics_ps,Classic (after opt),210,192
ncih2170_antibiotics_ps_69,train,NCI-H2170,ncih2170_antibiotics_ps,Classic (after opt),190,143
ncih2170_antibiotics_ps_7,train,NCI-H2170,ncih2170_antibiotics_ps,Classic (after opt),191,243
ncih2170_antibiotics_ps_70,val,NCI-H2170,ncih2170_antibiotics_ps,Classic (after opt),148,175
ncih2170_antibiotics_ps_72,val,NCI-H2170,ncih2170_antibiotics_ps,Classic (after opt),139,100
ncih2170_antibiotics_ps_73,train,NCI-H2170,ncih2170_antibiotics_ps,Classic (after opt),370,307
ncih2170_antibiotics_ps_75,train,NCI-H2170,ncih2170_antibiotics_ps,Classic (after opt),88,118
ncih2170_antibiotics_ps_76,train,NCI-H2170,ncih2170_antibiotics_ps,Classic (after opt),209,205
ncih2170_antibiotics_ps_77,train,NCI-H2170,ncih2170_antibiotics_ps,Classic (after opt),264,292
ncih2170_antibiotics_ps_78,test,NCI-H2170,ncih2170_antibiotics_ps,Classic (after opt),164,158
ncih2170_antibiotics_ps_79,train,NCI-H2170,ncih2170_antibiotics_ps,Classic (after opt),505,457
ncih2170_antibiotics_ps_8,train,NCI-H2170,ncih2170_antibiotics_ps,Classic (after opt),69,73
ncih2170_antibiotics_ps_80,train,NCI-H2170,ncih2170_antibiotics_ps,Classic (after opt),286,211
ncih2170_antibiotics_ps_81,train,NCI-H2170,ncih2170_antibiotics_ps,Classic (after opt),462,290
ncih2170_antibiotics_ps_82,train,NCI-H2170,ncih2170_antibiotics_ps,Classic (after opt),125,131
ncih2170_antibiotics_ps_83,train,NCI-H2170,ncih2170_antibiotics_ps,Classic (after opt),126,105
ncih2170_antibiotics_ps_84,test,NCI-H2170,ncih2170_antibiotics_ps,Classic (after opt),124,209
ncih2170_antibiotics_ps_85,train,NCI-H2170,ncih2170_antibiotics_ps,Classic (after opt),181,253
ncih2170_antibiotics_ps_86,train,NCI-H2170,ncih2170_antibiotics_ps,Classic (after opt),119,108
ncih2170_antibiotics_ps_87,train,NCI-H2170,ncih2170_antibiotics_ps,Classic (after opt),150,196
ncih2170_antibiotics_ps_88,train,NCI-H2170,ncih2170_antibiotics_ps,Classic (after opt),425,517
ncih2170_antibiotics_ps_89,train,NCI-H2170,ncih2170_antibiotics_ps,Classic (after opt),117,146
ncih2170_antibiotics_ps_9,train,NCI-H2170,ncih2170_antibiotics_ps,Classic (after opt),243,147
ncih2170_antibiotics_ps_90,test,NCI-H2170,ncih2170_antibiotics_ps,Classic (after opt),159,186
ncih2170_antibiotics_ps_92,val,NCI-H2170,ncih2170_antibiotics_ps,Classic (after opt),203,177
ncih2170_antibiotics_ps_94,train,NCI-H2170,ncih2170_antibiotics_ps,Classic (after opt),147,105
ncih2170_antibiotics_ps_95,train,NCI-H2170,ncih2170_antibiotics_ps,Classic (after opt),350,386
ncih2170_antibiotics_ps_97,train,NCI-H2170,ncih2170_antibiotics_ps,Classic (after opt),136,138
ncih2170_antibiotics_ps_98_a,train,NCI-H2170,ncih2170_antibiotics_ps,Classic (after opt),98,97
ncih2170_antibiotics_ps_98_b,train,NCI-H2170,ncih2170_antibiotics_ps,Classic (after opt),229,299
ncih2170_antibiotics_ps_99,test,NCI-H2170,ncih2170_antibiotics_ps,Classic (after opt),83,123
ncih2170_antibiotics_ps_g_100,train,NCI-H2170,ncih2170_antibiotics_ps_g,Classic (after opt),274,199
ncih2170_antibiotics_ps_g_101,train,NCI-H2170,ncih2170_antibiotics_ps_g,Classic (after opt),93,149
ncih2170_antibiotics_ps_g_102,test,NCI-H2170,ncih2170_antibiotics_ps_g,Classic (after opt),217,226
ncih2170_antibiotics_ps_g_103,train,NCI-H2170,ncih2170_antibiotics_ps_g,Classic (after opt),801,481
ncih2170_antibiotics_ps_g_104,val,NCI-H2170,ncih2170_antibiotics_ps_g,Classic (after opt),92,78
ncih2170_antibiotics_ps_g_105,val,NCI-H2170,ncih2170_antibiotics_ps_g,Classic (after opt),151,145
ncih2170_antibiotics_ps_g_106,train,NCI-H2170,ncih2170_antibiotics_ps_g,Classic (after opt),246,279
ncih2170_antibiotics_ps_g_107_a,test,NCI-H2170,ncih2170_antibiotics_ps_g,Classic (after opt),103,102
ncih2170_antibiotics_ps_g_108,train,NCI-H2170,ncih2170_antibiotics_ps_g,Classic (after opt),83,105
ncih2170_antibiotics_ps_g_110,train,NCI-H2170,ncih2170_antibiotics_ps_g,Classic (after opt),66,87
ncih2170_antibiotics_ps_g_111,train,NCI-H2170,ncih2170_antibiotics_ps_g,Classic (after opt),152,160
ncih2170_antibiotics_ps_g_112,train,NCI-H2170,ncih2170_antibiotics_ps_g,Classic (after opt),184,152
ncih2170_antibiotics_ps_g_113,val,NCI-H2170,ncih2170_antibiotics_ps_g,Classic (after opt),79,90
ncih2170_antibiotics_ps_g_114,test,NCI-H2170,ncih2170_antibiotics_ps_g,Classic (after opt),202,260
ncih2170_antibiotics_ps_g_115,test,NCI-H2170,ncih2170_antibiotics_ps_g,Classic (after opt),296,181
ncih2170_antibiotics_ps_g_116,train,NCI-H2170,ncih2170_antibiotics_ps_g,Classic (after opt),107,140
ncih2170_antibiotics_ps_g_36,test,NCI-H2170,ncih2170_antibiotics_ps_g,Classic (after opt),912,718
ncih2170_antibiotics_ps_g_37,train,NCI-H2170,ncih2170_antibiotics_ps_g,Classic (after opt),283,258
ncih2170_antibiotics_ps_g_38,val,NCI-H2170,ncih2170_antibiotics_ps_g,Classic (after opt),223,211
ncih2170_antibiotics_ps_g_39,val,NCI-H2170,ncih2170_antibiotics_ps_g,Classic (after opt),58,55
ncih2170_antibiotics_ps_g_40,train,NCI-H2170,ncih2170_antibiotics_ps_g,Classic (after opt),98,141
ncih2170_antibiotics_ps_g_42,test,NCI-H2170,ncih2170_antibiotics_ps_g,Classic (after opt),245,184
ncih2170_antibiotics_ps_g_43,train,NCI-H2170,ncih2170_antibiotics_ps_g,Classic (after opt),491,427
ncih2170_antibiotics_ps_g_44_a,test,NCI-H2170,ncih2170_antibiotics_ps_g,Classic (after opt),52,100
ncih2170_antibiotics_ps_g_45,val,NCI-H2170,ncih2170_antibiotics_ps_g,Classic (after opt),94,66
ncih2170_antibiotics_ps_g_46,train,NCI-H2170,ncih2170_antibiotics_ps_g,Classic (after opt),148,118
ncih2170_antibiotics_ps_g_47,train,NCI-H2170,ncih2170_antibiotics_ps_g,Classic (after opt),506,269
ncih2170_antibiotics_ps_g_48,train,NCI-H2170,ncih2170_antibiotics_ps_g,Classic (after opt),362,222
ncih2170_antibiotics_ps_g_49,train,NCI-H2170,ncih2170_antibiotics_ps_g,Classic (after opt),446,419
ncih2170_antibiotics_ps_g_50,train,NCI-H2170,ncih2170_antibiotics_ps_g,Classic (after opt),285,279
ncih2170_antibiotics_ps_g_51,val,NCI-H2170,ncih2170_antibiotics_ps_g,Classic (after opt),86,85
ncih2170_antibiotics_ps_g_54,test,NCI-H2170,ncih2170_antibiotics_ps_g,Classic (after opt),182,281
ncih2170_antibiotics_ps_g_55,train,NCI-H2170,ncih2170_antibiotics_ps_g,Classic (after opt),375,325
ncih2170_antibiotics_ps_g_56,test,NCI-H2170,ncih2170_antibiotics_ps_g,Classic (after opt),174,171
ncih2170_antibiotics_ps_g_60,train,NCI-H2170,ncih2170_antibiotics_ps_g,Classic (after opt),76,63
ncih2170_antibiotics_ps_g_61,train,NCI-H2170,ncih2170_antibiotics_ps_g,Classic (after opt),181,163
ncih2170_antibiotics_ps_g_62,train,NCI-H2170,ncih2170_antibiotics_ps_g,Classic (after opt),244,315
ncih2170_antibiotics_ps_g_63,val,NCI-H2170,ncih2170_antibiotics_ps_g,Classic (after opt),78,92
ncih2170_antibiotics_ps_g_64,test,NCI-H2170,ncih2170_antibiotics_ps_g,Classic (after opt),340,326
ncih2170_antibiotics_ps_g_65,test,NCI-H2170,ncih2170_antibiotics_ps_g,Classic (after opt),192,213
ncih2170_antibiotics_ps_g_66,train,NCI-H2170,ncih2170_antibiotics_ps_g,Classic (after opt),79,75
ncih2170_antibiotics_ps_g_67,test,NCI-H2170,ncih2170_antibiotics_ps_g,Classic (after opt),90,108
ncih2170_antibiotics_ps_g_68,test,NCI-H2170,ncih2170_antibiotics_ps_g,Classic (after opt),78,63
ncih2170_antibiotics_ps_g_69,test,NCI-H2170,ncih2170_antibiotics_ps_g,Classic (after opt),46,106
ncih2170_antibiotics_ps_g_71,train,NCI-H2170,ncih2170_antibiotics_ps_g,Classic (after opt),157,132
ncih2170_antibiotics_ps_g_72,test,NCI-H2170,ncih2170_antibiotics_ps_g,Classic (after opt),138,174
ncih2170_antibiotics_ps_g_74,train,NCI-H2170,ncih2170_antibiotics_ps_g,Classic (after opt),213,228
ncih2170_antibiotics_ps_g_76,test,NCI-H2170,ncih2170_antibiotics_ps_g,Classic (after opt),90,93
ncih2170_antibiotics_ps_g_77,train,NCI-H2170,ncih2170_antibiotics_ps_g,Classic (after opt),112,120
ncih2170_antibiotics_ps_g_81,train,NCI-H2170,ncih2170_antibiotics_ps_g,Classic (after opt),150,148
ncih2170_antibiotics_ps_g_85,train,NCI-H2170,ncih2170_antibiotics_ps_g,Classic (after opt),289,313
ncih2170_antibiotics_ps_g_86,val,NCI-H2170,ncih2170_antibiotics_ps_g,Classic (after opt),85,98
ncih2170_antibiotics_ps_g_88_a,train,NCI-H2170,ncih2170_antibiotics_ps_g,Classic (after opt),115,130
ncih2170_antibiotics_ps_g_88_b,train,NCI-H2170,ncih2170_antibiotics_ps_g,Classic (after opt),121,143
ncih2170_antibiotics_ps_g_89,val,NCI-H2170,ncih2170_antibiotics_ps_g,Classic (after opt),103,102
ncih2170_antibiotics_ps_g_90,train,NCI-H2170,ncih2170_antibiotics_ps_g,Classic (after opt),127,140
ncih2170_antibiotics_ps_g_91,train,NCI-H2170,ncih2170_antibiotics_ps_g,Classic (after opt),560,428
ncih2170_antibiotics_ps_g_92,train,NCI-H2170,ncih2170_antibiotics_ps_g,Classic (after opt),145,153
ncih2170_antibiotics_ps_g_94,train,NCI-H2170,ncih2170_antibiotics_ps_g,Classic (after opt),235,138
ncih2170_antibiotics_ps_g_95,train,NCI-H2170,ncih2170_antibiotics_ps_g,Classic (after opt),180,156
ncih2170_antibiotics_ps_g_96,test,NCI-H2170,ncih2170_antibiotics_ps_g,Classic (after opt),521,393
ncih2170_antibiotics_ps_g_97,train,NCI-H2170,ncih2170_antibiotics_ps_g,Classic (after opt),252,210
ncih2170_antibiotics_ps_g_98,train,NCI-H2170,ncih2170_antibiotics_ps_g,Classic (after opt),167,146
ncih2170_antibiotics_ps_g_99,val,NCI-H2170,ncih2170_antibiotics_ps_g,Classic (after opt),867,661
ncih2170_cart_72h_blank_ctrl_19,train,NCI-H2170,ncih2170_cart_72h_blank_ctrl,Classic (after opt),210,137
ncih2170_cart_72h_blank_ctrl_28,train,NCI-H2170,ncih2170_cart_72h_blank_ctrl,Classic (after opt),191,107
ncih2170_cart_72h_blank_ctrl_30,test,NCI-H2170,ncih2170_cart_72h_blank_ctrl,Classic (after opt),406,251
ncih2170_cart_72h_blank_ctrl_31,test,NCI-H2170,ncih2170_cart_72h_blank_ctrl,Classic (after opt),103,72
ncih2170_cart_72h_blank_ctrl_32,train,NCI-H2170,ncih2170_cart_72h_blank_ctrl,Classic (after opt),99,67
ncih2170_cart_72h_blank_ctrl_33,test,NCI-H2170,ncih2170_cart_72h_blank_ctrl,Classic (after opt),80,51
ncih2170_cart_72h_blank_ctrl_34,train,NCI-H2170,ncih2170_cart_72h_blank_ctrl,Classic (after opt),88,60
ncih2170_cart_72h_blank_ctrl_35,train,NCI-H2170,ncih2170_cart_72h_blank_ctrl,Classic (after opt),168,74
ncih2170_cart_72h_blank_ctrl_36,train,NCI-H2170,ncih2170_cart_72h_blank_ctrl,Classic (after opt),86,61
ncih2170_cart_72h_blank_ctrl_38,train,NCI-H2170,ncih2170_cart_72h_blank_ctrl,Classic (after opt),156,76
ncih2170_cart_72h_blank_ctrl_39,train,NCI-H2170,ncih2170_cart_72h_blank_ctrl,Classic (after opt),189,85
ncih2170_cart_72h_blank_ctrl_5,val,NCI-H2170,ncih2170_cart_72h_blank_ctrl,Classic (after opt),94,53
ncih2170_cart_72h_blank_ctrl_50,train,NCI-H2170,ncih2170_cart_72h_blank_ctrl,Classic (after opt),149,88
ncih2170_cart_72h_blank_ctrl_51,test,NCI-H2170,ncih2170_cart_72h_blank_ctrl,Classic (after opt),48,45
ncih2170_cart_72h_blank_ctrl_52,test,NCI-H2170,ncih2170_cart_72h_blank_ctrl,Classic (after opt),246,221
ncih2170_cart_72h_blank_ctrl_53,val,NCI-H2170,ncih2170_cart_72h_blank_ctrl,Classic (after opt),56,58
ncih2170_cart_72h_blank_ctrl_55,train,NCI-H2170,ncih2170_cart_72h_blank_ctrl,Classic (after opt),56,69
ncih2170_cart_72h_blank_ctrl_56,train,NCI-H2170,ncih2170_cart_72h_blank_ctrl,Classic (after opt),132,94
ncih2170_cart_72h_blank_ctrl_57,train,NCI-H2170,ncih2170_cart_72h_blank_ctrl,Classic (after opt),75,68
ncih2170_cart_72h_blank_ctrl_59,test,NCI-H2170,ncih2170_cart_72h_blank_ctrl,Classic (after opt),55,117
ncih2170_cart_72h_blank_ctrl_61,train,NCI-H2170,ncih2170_cart_72h_blank_ctrl,Classic (after opt),47,35
ncih2170_cart_72h_blank_ctrl_62,test,NCI-H2170,ncih2170_cart_72h_blank_ctrl,Classic (after opt),184,161
ncih2170_cart_72h_blank_ctrl_64,train,NCI-H2170,ncih2170_cart_72h_blank_ctrl,Classic (after opt),47,41
ncih2170_cart_72h_blank_ctrl_67,val,NCI-H2170,ncih2170_cart_72h_blank_ctrl,Classic (after opt),103,93
ncih2170_cart_72h_blank_ctrl_7,train,NCI-H2170,ncih2170_cart_72h_blank_ctrl,Classic (after opt),196,100
ncih2170_cart_72h_blank_ctrl_71,train,NCI-H2170,ncih2170_cart_72h_blank_ctrl,Classic (after opt),133,158
ncih2170_cart_72h_blank_ctrl_74,train,NCI-H2170,ncih2170_cart_72h_blank_ctrl,Classic (after opt),43,42
ncih2170_cart_72h_blank_ctrl_8,train,NCI-H2170,ncih2170_cart_72h_blank_ctrl,Classic (after opt),132,81
ncih2170_cart_72h_blank_ctrl_80,train,NCI-H2170,ncih2170_cart_72h_blank_ctrl,Classic (after opt),76,42
ncih2170_cart_72h_blank_ctrl_82,train,NCI-H2170,ncih2170_cart_72h_blank_ctrl,Classic (after opt),105,97
ncih2170_cart_72h_blank_ctrl_83,train,NCI-H2170,ncih2170_cart_72h_blank_ctrl,Classic (after opt),35,26
ncih2170_cart_72h_blank_ctrl_88,val,NCI-H2170,ncih2170_cart_72h_blank_ctrl,Classic (after opt),35,27
ncih2170_cart_72h_blank_ctrl_89,train,NCI-H2170,ncih2170_cart_72h_blank_ctrl,Classic (after opt),238,183
ncih2170_cart_72h_blank_ctrl_92,train,NCI-H2170,ncih2170_cart_72h_blank_ctrl,Classic (after opt),176,115
ncih2170_cart_72h_blank_ctrl_95,val,NCI-H2170,ncih2170_cart_72h_blank_ctrl,Classic (after opt),17,15
ncih2170_cart_72h_blank_ctrl_98,train,NCI-H2170,ncih2170_cart_72h_blank_ctrl,Classic (after opt),257,156
ncih2170_cart_72h_blank_ctrl_99,test,NCI-H2170,ncih2170_cart_72h_blank_ctrl,Classic (after opt),51,37
ncih2170_cart_72h_cart_1,train,NCI-H2170,ncih2170_cart_72h_cart,Classic (after opt),75,70
ncih2170_cart_72h_cart_100,train,NCI-H2170,ncih2170_cart_72h_cart,Classic (after opt),664,464
ncih2170_cart_72h_cart_16,train,NCI-H2170,ncih2170_cart_72h_cart,Classic (after opt),16,12
ncih2170_cart_72h_cart_17,train,NCI-H2170,ncih2170_cart_72h_cart,Classic (after opt),44,35
ncih2170_cart_72h_cart_20,train,NCI-H2170,ncih2170_cart_72h_cart,Classic (after opt),53,42
ncih2170_cart_72h_cart_21,val,NCI-H2170,ncih2170_cart_72h_cart,Classic (after opt),71,49
ncih2170_cart_72h_cart_22,train,NCI-H2170,ncih2170_cart_72h_cart,Classic (after opt),15,17
ncih2170_cart_72h_cart_27,train,NCI-H2170,ncih2170_cart_72h_cart,Classic (after opt),71,47
ncih2170_cart_72h_cart_31,train,NCI-H2170,ncih2170_cart_72h_cart,Classic (after opt),119,66
ncih2170_cart_72h_cart_32,train,NCI-H2170,ncih2170_cart_72h_cart,Classic (after opt),74,56
ncih2170_cart_72h_cart_33,train,NCI-H2170,ncih2170_cart_72h_cart,Classic (after opt),117,137
ncih2170_cart_72h_cart_36,test,NCI-H2170,ncih2170_cart_72h_cart,Classic (after opt),71,64
ncih2170_cart_72h_cart_38,val,NCI-H2170,ncih2170_cart_72h_cart,Classic (after opt),46,66
ncih2170_cart_72h_cart_4,train,NCI-H2170,ncih2170_cart_72h_cart,Classic (after opt),41,133
ncih2170_cart_72h_cart_40,train,NCI-H2170,ncih2170_cart_72h_cart,Classic (after opt),22,20
ncih2170_cart_72h_cart_47,train,NCI-H2170,ncih2170_cart_72h_cart,Classic (after opt),81,73
ncih2170_cart_72h_cart_49,train,NCI-H2170,ncih2170_cart_72h_cart,Classic (after opt),18,21
ncih2170_cart_72h_cart_5,train,NCI-H2170,ncih2170_cart_72h_cart,Classic (after opt),27,16
ncih2170_cart_72h_cart_55,test,NCI-H2170,ncih2170_cart_72h_cart,Classic (after opt),61,55
ncih2170_cart_72h_cart_57,train,NCI-H2170,ncih2170_cart_72h_cart,Classic (after opt),99,83
ncih2170_cart_72h_cart_60,train,NCI-H2170,ncih2170_cart_72h_cart,Classic (after opt),30,69
ncih2170_cart_72h_cart_61,val,NCI-H2170,ncih2170_cart_72h_cart,Classic (after opt),9,6
ncih2170_cart_72h_cart_62,test,NCI-H2170,ncih2170_cart_72h_cart,Classic (after opt),93,70
ncih2170_cart_72h_cart_63,test,NCI-H2170,ncih2170_cart_72h_cart,Classic (after opt),85,64
ncih2170_cart_72h_cart_64,train,NCI-H2170,ncih2170_cart_72h_cart,Classic (after opt),78,54
ncih2170_cart_72h_cart_69,test,NCI-H2170,ncih2170_cart_72h_cart,Classic (after opt),52,46
ncih2170_cart_72h_cart_73,train,NCI-H2170,ncih2170_cart_72h_cart,Classic (after opt),73,61
ncih2170_cart_72h_cart_77,val,NCI-H2170,ncih2170_cart_72h_cart,Classic (after opt),75,58
ncih2170_cart_72h_cart_78,train,NCI-H2170,ncih2170_cart_72h_cart,Classic (after opt),112,82
ncih2170_cart_72h_cart_80,train,NCI-H2170,ncih2170_cart_72h_cart,Classic (after opt),244,197
ncih2170_cart_72h_cart_81,val,NCI-H2170,ncih2170_cart_72h_cart,Classic (after opt),58,41
ncih2170_cart_72h_cart_82,train,NCI-H2170,ncih2170_cart_72h_cart,Classic (after opt),69,58
ncih2170_cart_72h_cart_83,train,NCI-H2170,ncih2170_cart_72h_cart,Classic (after opt),102,86
ncih2170_cart_72h_cart_88,train,NCI-H2170,ncih2170_cart_72h_cart,Classic (after opt),111,84
ncih2170_cart_72h_cart_89,train,NCI-H2170,ncih2170_cart_72h_cart,Classic (after opt),497,373
ncih2170_cart_72h_cart_90,train,NCI-H2170,ncih2170_cart_72h_cart,Classic (after opt),175,175
ncih2170_cart_72h_cart_91,train,NCI-H2170,ncih2170_cart_72h_cart,Classic (after opt),382,371
ncih2170_cart_72h_cart_93,train,NCI-H2170,ncih2170_cart_72h_cart,Classic (after opt),184,136
ncih2170_cart_72h_cart_95,train,NCI-H2170,ncih2170_cart_72h_cart,Classic (after opt),318,180
ncih2170_cart_72h_cart_96,train,NCI-H2170,ncih2170_cart_72h_cart,Classic (after opt),105,113
ncih2170_cart_72h_cart_97,train,NCI-H2170,ncih2170_cart_72h_cart,Classic (after opt),181,170
ncih2170_cart_72h_cart_99,train,NCI-H2170,ncih2170_cart_72h_cart,Classic (after opt),179,142
ncih2170_cart_72h_nt_ctrl_10,train,NCI-H2170,ncih2170_cart_72h_nt_ctrl,Classic (after opt),76,77
ncih2170_cart_72h_nt_ctrl_100,train,NCI-H2170,ncih2170_cart_72h_nt_ctrl,Classic (after opt),143,101
ncih2170_cart_72h_nt_ctrl_12,train,NCI-H2170,ncih2170_cart_72h_nt_ctrl,Classic (after opt),209,163
ncih2170_cart_72h_nt_ctrl_13,train,NCI-H2170,ncih2170_cart_72h_nt_ctrl,Classic (after opt),78,57
ncih2170_cart_72h_nt_ctrl_16,train,NCI-H2170,ncih2170_cart_72h_nt_ctrl,Classic (after opt),74,72
ncih2170_cart_72h_nt_ctrl_17,val,NCI-H2170,ncih2170_cart_72h_nt_ctrl,Classic (after opt),188,156
ncih2170_cart_72h_nt_ctrl_18,val,NCI-H2170,ncih2170_cart_72h_nt_ctrl,Classic (after opt),102,79
ncih2170_cart_72h_nt_ctrl_19,val,NCI-H2170,ncih2170_cart_72h_nt_ctrl,Classic (after opt),33,26
ncih2170_cart_72h_nt_ctrl_20,test,NCI-H2170,ncih2170_cart_72h_nt_ctrl,Classic (after opt),126,109
ncih2170_cart_72h_nt_ctrl_21,train,NCI-H2170,ncih2170_cart_72h_nt_ctrl,Classic (after opt),186,143
ncih2170_cart_72h_nt_ctrl_24,train,NCI-H2170,ncih2170_cart_72h_nt_ctrl,Classic (after opt),35,32
ncih2170_cart_72h_nt_ctrl_26,train,NCI-H2170,ncih2170_cart_72h_nt_ctrl,Classic (after opt),130,104
ncih2170_cart_72h_nt_ctrl_28,train,NCI-H2170,ncih2170_cart_72h_nt_ctrl,Classic (after opt),162,133
ncih2170_cart_72h_nt_ctrl_32,val,NCI-H2170,ncih2170_cart_72h_nt_ctrl,Classic (after opt),201,175
ncih2170_cart_72h_nt_ctrl_37,val,NCI-H2170,ncih2170_cart_72h_nt_ctrl,Classic (after opt),107,74
ncih2170_cart_72h_nt_ctrl_39,train,NCI-H2170,ncih2170_cart_72h_nt_ctrl,Classic (after opt),53,39
ncih2170_cart_72h_nt_ctrl_4,train,NCI-H2170,ncih2170_cart_72h_nt_ctrl,Classic (after opt),77,444
ncih2170_cart_72h_nt_ctrl_41,train,NCI-H2170,ncih2170_cart_72h_nt_ctrl,Classic (after opt),142,108
ncih2170_cart_72h_nt_ctrl_43,train,NCI-H2170,ncih2170_cart_72h_nt_ctrl,Classic (after opt),142,126
ncih2170_cart_72h_nt_ctrl_44,train,NCI-H2170,ncih2170_cart_72h_nt_ctrl,Classic (after opt),75,62
ncih2170_cart_72h_nt_ctrl_45,train,NCI-H2170,ncih2170_cart_72h_nt_ctrl,Classic (after opt),188,154
ncih2170_cart_72h_nt_ctrl_46,test,NCI-H2170,ncih2170_cart_72h_nt_ctrl,Classic (after opt),242,214
ncih2170_cart_72h_nt_ctrl_47,train,NCI-H2170,ncih2170_cart_72h_nt_ctrl,Classic (after opt),157,133
ncih2170_cart_72h_nt_ctrl_48,train,NCI-H2170,ncih2170_cart_72h_nt_ctrl,Classic (after opt),60,59
ncih2170_cart_72h_nt_ctrl_49,test,NCI-H2170,ncih2170_cart_72h_nt_ctrl,Classic (after opt),65,61
ncih2170_cart_72h_nt_ctrl_52,train,NCI-H2170,ncih2170_cart_72h_nt_ctrl,Classic (after opt),136,60
ncih2170_cart_72h_nt_ctrl_54,train,NCI-H2170,ncih2170_cart_72h_nt_ctrl,Classic (after opt),245,194
ncih2170_cart_72h_nt_ctrl_55,train,NCI-H2170,ncih2170_cart_72h_nt_ctrl,Classic (after opt),216,166
ncih2170_cart_72h_nt_ctrl_56,train,NCI-H2170,ncih2170_cart_72h_nt_ctrl,Classic (after opt),246,182
ncih2170_cart_72h_nt_ctrl_57,test,NCI-H2170,ncih2170_cart_72h_nt_ctrl,Classic (after opt),119,96
ncih2170_cart_72h_nt_ctrl_58,train,NCI-H2170,ncih2170_cart_72h_nt_ctrl,Classic (after opt),211,123
ncih2170_cart_72h_nt_ctrl_59,val,NCI-H2170,ncih2170_cart_72h_nt_ctrl,Classic (after opt),160,107
ncih2170_cart_72h_nt_ctrl_6,train,NCI-H2170,ncih2170_cart_72h_nt_ctrl,Classic (after opt),51,44
ncih2170_cart_72h_nt_ctrl_61,test,NCI-H2170,ncih2170_cart_72h_nt_ctrl,Classic (after opt),223,165
ncih2170_cart_72h_nt_ctrl_62,val,NCI-H2170,ncih2170_cart_72h_nt_ctrl,Classic (after opt),168,97
ncih2170_cart_72h_nt_ctrl_63,val,NCI-H2170,ncih2170_cart_72h_nt_ctrl,Classic (after opt),160,182
ncih2170_cart_72h_nt_ctrl_65,train,NCI-H2170,ncih2170_cart_72h_nt_ctrl,Classic (after opt),74,49
ncih2170_cart_72h_nt_ctrl_66,train,NCI-H2170,ncih2170_cart_72h_nt_ctrl,Classic (after opt),291,218
ncih2170_cart_72h_nt_ctrl_67,train,NCI-H2170,ncih2170_cart_72h_nt_ctrl,Classic (after opt),87,77
ncih2170_cart_72h_nt_ctrl_69,test,NCI-H2170,ncih2170_cart_72h_nt_ctrl,Classic (after opt),110,86
ncih2170_cart_72h_nt_ctrl_71,test,NCI-H2170,ncih2170_cart_72h_nt_ctrl,Classic (after opt),126,54
ncih2170_cart_72h_nt_ctrl_74,train,NCI-H2170,ncih2170_cart_72h_nt_ctrl,Classic (after opt),348,298
ncih2170_cart_72h_nt_ctrl_75,train,NCI-H2170,ncih2170_cart_72h_nt_ctrl,Classic (after opt),99,83
ncih2170_cart_72h_nt_ctrl_77,train,NCI-H2170,ncih2170_cart_72h_nt_ctrl,Classic (after opt),159,112
ncih2170_cart_72h_nt_ctrl_80,test,NCI-H2170,ncih2170_cart_72h_nt_ctrl,Classic (after opt),400,279
ncih2170_cart_72h_nt_ctrl_81,train,NCI-H2170,ncih2170_cart_72h_nt_ctrl,Classic (after opt),478,432
ncih2170_cart_72h_nt_ctrl_83,test,NCI-H2170,ncih2170_cart_72h_nt_ctrl,Classic (after opt),169,137
ncih2170_cart_72h_nt_ctrl_87,train,NCI-H2170,ncih2170_cart_72h_nt_ctrl,Classic (after opt),231,135
ncih2170_cart_72h_nt_ctrl_88,train,NCI-H2170,ncih2170_cart_72h_nt_ctrl,Classic (after opt),534,358
ncih2170_cart_72h_nt_ctrl_9,train,NCI-H2170,ncih2170_cart_72h_nt_ctrl,Classic (after opt),84,67
ncih2170_cart_72h_nt_ctrl_91,train,NCI-H2170,ncih2170_cart_72h_nt_ctrl,Classic (after opt),113,120
ncih2170_cart_72h_nt_ctrl_92,val,NCI-H2170,ncih2170_cart_72h_nt_ctrl,Classic (after opt),147,142
ncih2170_cart_72h_nt_ctrl_93,val,NCI-H2170,ncih2170_cart_72h_nt_ctrl,Classic (after opt),451,329
ncih2170_cart_72h_nt_ctrl_94,train,NCI-H2170,ncih2170_cart_72h_nt_ctrl,Classic (after opt),226,160
ncih2170_cart_72h_nt_ctrl_99,train,NCI-H2170,ncih2170_cart_72h_nt_ctrl,Classic (after opt),66,44
ncih2170_ctrl_1_24,train,NCI-H2170,ncih2170_ctrl_1,Classic (after opt),355,277
ncih2170_ctrl_1_25,train,NCI-H2170,ncih2170_ctrl_1,Classic (after opt),441,351
ncih2170_ctrl_1_27,train,NCI-H2170,ncih2170_ctrl_1,Classic (after opt),504,448
ncih2170_ctrl_1_29,train,NCI-H2170,ncih2170_ctrl_1,Classic (after opt),226,208
ncih2170_ctrl_1_30,test,NCI-H2170,ncih2170_ctrl_1,Classic (after opt),229,199
ncih2170_ctrl_1_33,train,NCI-H2170,ncih2170_ctrl_1,Classic (after opt),431,402
ncih2170_ctrl_1_37,train,NCI-H2170,ncih2170_ctrl_1,Classic (after opt),223,196
ncih2170_ctrl_1_39,train,NCI-H2170,ncih2170_ctrl_1,Classic (after opt),194,165
ncih2170_ctrl_1_41,train,NCI-H2170,ncih2170_ctrl_1,Classic (after opt),489,402
ncih2170_ctrl_1_44,train,NCI-H2170,ncih2170_ctrl_1,Classic (after opt),178,172
ncih2170_ctrl_1_45,val,NCI-H2170,ncih2170_ctrl_1,Classic (after opt),141,107
ncih2170_ctrl_1_50,train,NCI-H2170,ncih2170_ctrl_1,Classic (after opt),243,234
ncih2170_ctrl_1_51,train,NCI-H2170,ncih2170_ctrl_1,Classic (after opt),280,213
ncih2170_ctrl_1_53,train,NCI-H2170,ncih2170_ctrl_1,Classic (after opt),613,465
ncih2170_ctrl_1_54,test,NCI-H2170,ncih2170_ctrl_1,Classic (after opt),235,186
ncih2170_ctrl_1_55,train,NCI-H2170,ncih2170_ctrl_1,Classic (after opt),589,428
ncih2170_ctrl_1_58,test,NCI-H2170,ncih2170_ctrl_1,Classic (after opt),179,148
ncih2170_ctrl_1_60,val,NCI-H2170,ncih2170_ctrl_1,Classic (after opt),567,439
ncih2170_ctrl_1_61,test,NCI-H2170,ncih2170_ctrl_1,Classic (after opt),251,196
ncih2170_ctrl_1_62,test,NCI-H2170,ncih2170_ctrl_1,Classic (after opt),478,359
ncih2170_ctrl_1_65,train,NCI-H2170,ncih2170_ctrl_1,Classic (after opt),230,160
ncih2170_ctrl_1_66,train,NCI-H2170,ncih2170_ctrl_1,Classic (after opt),283,182
ncih2170_ctrl_1_68,train,NCI-H2170,ncih2170_ctrl_1,Classic (after opt),226,198
ncih2170_ctrl_1_70,val,NCI-H2170,ncih2170_ctrl_1,Classic (after opt),115,100
ncih2170_ctrl_1_82,train,NCI-H2170,ncih2170_ctrl_1,Classic (after opt),404,343
ncih2170_ctrl_1_86,train,NCI-H2170,ncih2170_ctrl_1,Classic (after opt),359,258
ncih2170_ctrl_1_88,test,NCI-H2170,ncih2170_ctrl_1,Classic (after opt),341,276
ncih2170_ctrl_1_89,train,NCI-H2170,ncih2170_ctrl_1,Classic (after opt),832,575
ncih2170_ctrl_1_90,test,NCI-H2170,ncih2170_ctrl_1,Classic (after opt),87,61
ncih2170_ctrl_1_94,test,NCI-H2170,ncih2170_ctrl_1,Classic (after opt),299,253
ncih2170_ctrl_1_95,train,NCI-H2170,ncih2170_ctrl_1,Classic (after opt),215,164
ncih2170_ctrl_1_98,train,NCI-H2170,ncih2170_ctrl_1,Classic (after opt),119,113
ncih2170_ctrl_1_99,train,NCI-H2170,ncih2170_ctrl_1,Classic (after opt),221,185
ncih2170_ctrl_2_102,train,NCI-H2170,ncih2170_ctrl_2,Classic (after opt),257,162
ncih2170_ctrl_2_103,train,NCI-H2170,ncih2170_ctrl_2,Classic (after opt),107,100
ncih2170_ctrl_2_105,test,NCI-H2170,ncih2170_ctrl_2,Classic (after opt),184,170
ncih2170_ctrl_2_106,train,NCI-H2170,ncih2170_ctrl_2,Classic (after opt),909,651
ncih2170_ctrl_2_107,train,NCI-H2170,ncih2170_ctrl_2,Classic (after opt),116,97
ncih2170_ctrl_2_110,val,NCI-H2170,ncih2170_ctrl_2,Classic (after opt),526,398
ncih2170_ctrl_2_112,train,NCI-H2170,ncih2170_ctrl_2,Classic (after opt),217,142
ncih2170_ctrl_2_114,train,NCI-H2170,ncih2170_ctrl_2,Classic (after opt),503,373
ncih2170_ctrl_2_115,train,NCI-H2170,ncih2170_ctrl_2,Classic (after opt),371,308
ncih2170_ctrl_2_116,train,NCI-H2170,ncih2170_ctrl_2,Classic (after opt),94,70
ncih2170_ctrl_2_117,train,NCI-H2170,ncih2170_ctrl_2,Classic (after opt),172,146
ncih2170_ctrl_2_118,train,NCI-H2170,ncih2170_ctrl_2,Classic (after opt),523,385
ncih2170_ctrl_2_119,train,NCI-H2170,ncih2170_ctrl_2,Classic (after opt),282,193
ncih2170_ctrl_2_121,train,NCI-H2170,ncih2170_ctrl_2,Classic (after opt),418,320
ncih2170_ctrl_2_122,train,NCI-H2170,ncih2170_ctrl_2,Classic (after opt),194,117
ncih2170_ctrl_2_123,val,NCI-H2170,ncih2170_ctrl_2,Classic (after opt),430,320
ncih2170_ctrl_2_124,train,NCI-H2170,ncih2170_ctrl_2,Classic (after opt),163,132
ncih2170_ctrl_2_125,train,NCI-H2170,ncih2170_ctrl_2,Classic (after opt),413,331
ncih2170_ctrl_2_126,val,NCI-H2170,ncih2170_ctrl_2,Classic (after opt),196,173
ncih2170_ctrl_2_127,train,NCI-H2170,ncih2170_ctrl_2,Classic (after opt),378,282
ncih2170_ctrl_2_129,train,NCI-H2170,ncih2170_ctrl_2,Classic (after opt),220,158
ncih2170_ctrl_2_130,train,NCI-H2170,ncih2170_ctrl_2,Classic (after opt),228,179
ncih2170_ctrl_2_132,test,NCI-H2170,ncih2170_ctrl_2,Classic (after opt),274,238
ncih2170_ctrl_2_133,val,NCI-H2170,ncih2170_ctrl_2,Classic (after opt),557,351
ncih2170_ctrl_2_134,train,NCI-H2170,ncih2170_ctrl_2,Classic (after opt),390,297
ncih2170_ctrl_2_136,train,NCI-H2170,ncih2170_ctrl_2,Classic (after opt),314,238
ncih2170_ctrl_2_139,test,NCI-H2170,ncih2170_ctrl_2,Classic (after opt),246,189
ncih2170_ctrl_2_141,train,NCI-H2170,ncih2170_ctrl_2,Classic (after opt),114,78
ncih2170_ctrl_2_143,val,NCI-H2170,ncih2170_ctrl_2,Classic (after opt),191,147
ncih2170_ctrl_2_22,train,NCI-H2170,ncih2170_ctrl_2,Classic (after opt),438,264
ncih2170_ctrl_2_24,test,NCI-H2170,ncih2170_ctrl_2,Classic (after opt),642,453
ncih2170_ctrl_2_27,val,NCI-H2170,ncih2170_ctrl_2,Classic (after opt),520,373
ncih2170_ctrl_2_28,train,NCI-H2170,ncih2170_ctrl_2,Classic (after opt),259,272
ncih2170_ctrl_2_29,train,NCI-H2170,ncih2170_ctrl_2,Classic (after opt),170,177
ncih2170_ctrl_2_30,train,NCI-H2170,ncih2170_ctrl_2,Classic (after opt),572,337
ncih2170_ctrl_2_31,val,NCI-H2170,ncih2170_ctrl_2,Classic (after opt),89,78
ncih2170_ctrl_2_35,train,NCI-H2170,ncih2170_ctrl_2,Classic (after opt),604,462
ncih2170_ctrl_2_40,train,NCI-H2170,ncih2170_ctrl_2,Classic (after opt),297,214
ncih2170_ctrl_2_41,train,NCI-H2170,ncih2170_ctrl_2,Classic (after opt),742,549
ncih2170_ctrl_2_92,train,NCI-H2170,ncih2170_ctrl_2,Classic (after opt),436,262
ncih2170_ctrl_2_93,train,NCI-H2170,ncih2170_ctrl_2,Classic (after opt),287,222
ncih2170_ctrl_2_94,train,NCI-H2170,ncih2170_ctrl_2,Classic (after opt),146,107
ncih2170_ctrl_2_96,test,NCI-H2170,ncih2170_ctrl_2,Classic (after opt),96,81
ncih2170_ctrl_2_99,train,NCI-H2170,ncih2170_ctrl_2,Classic (after opt),290,219
ncih2170_facs_fish_0223_high_her2_10,train,NCI-H2170,ncih2170_facs_fish_0223_high_her2,Classic (after opt),138,100
ncih2170_facs_fish_0223_high_her2_11,train,NCI-H2170,ncih2170_facs_fish_0223_high_her2,Classic (after opt),101,76
ncih2170_facs_fish_0223_high_her2_13,test,NCI-H2170,ncih2170_facs_fish_0223_high_her2,Classic (after opt),375,256
ncih2170_facs_fish_0223_high_her2_16,train,NCI-H2170,ncih2170_facs_fish_0223_high_her2,Classic (after opt),130,104
ncih2170_facs_fish_0223_high_her2_18,train,NCI-H2170,ncih2170_facs_fish_0223_high_her2,Classic (after opt),46,53
ncih2170_facs_fish_0223_high_her2_19,val,NCI-H2170,ncih2170_facs_fish_0223_high_her2,Classic (after opt),96,76
ncih2170_facs_fish_0223_high_her2_2,train,NCI-H2170,ncih2170_facs_fish_0223_high_her2,Classic (after opt),86,70
ncih2170_facs_fish_0223_high_her2_20,val,NCI-H2170,ncih2170_facs_fish_0223_high_her2,Classic (after opt),87,60
ncih2170_facs_fish_0223_high_her2_3,train,NCI-H2170,ncih2170_facs_fish_0223_high_her2,Classic (after opt),116,95
ncih2170_facs_fish_0223_high_her2_4,train,NCI-H2170,ncih2170_facs_fish_0223_high_her2,Classic (after opt),77,63
ncih2170_facs_fish_0223_high_her2_5,train,NCI-H2170,ncih2170_facs_fish_0223_high_her2,Classic (after opt),152,134
ncih2170_facs_fish_0223_high_her2_6,train,NCI-H2170,ncih2170_facs_fish_0223_high_her2,Classic (after opt),332,245
ncih2170_facs_fish_0223_high_her2_7,test,NCI-H2170,ncih2170_facs_fish_0223_high_her2,Classic (after opt),62,66
ncih2170_facs_fish_0223_high_her2_8,train,NCI-H2170,ncih2170_facs_fish_0223_high_her2,Classic (after opt),228,162
ncih2170_facs_fish_0223_high_her2_9,train,NCI-H2170,ncih2170_facs_fish_0223_high_her2,Classic (after opt),94,72
ncih2170_facs_fish_0223_low_her2_10,train,NCI-H2170,ncih2170_facs_fish_0223_low_her2,Classic (after opt),24,15
ncih2170_facs_fish_0223_low_her2_12,val,NCI-H2170,ncih2170_facs_fish_0223_low_her2,Classic (after opt),77,48
ncih2170_facs_fish_0223_low_her2_19,test,NCI-H2170,ncih2170_facs_fish_0223_low_her2,Classic (after opt),40,28
ncih2170_facs_fish_0223_low_her2_2,test,NCI-H2170,ncih2170_facs_fish_0223_low_her2,Classic (after opt),189,196
ncih2170_facs_fish_0223_low_her2_6,test,NCI-H2170,ncih2170_facs_fish_0223_low_her2,Classic (after opt),15,15
ncih2170_facs_fish_0223_low_her2_9,train,NCI-H2170,ncih2170_facs_fish_0223_low_her2,Classic (after opt),24,19
ncih2170_facs_fish_0423_high_her2_21,train,NCI-H2170,ncih2170_facs_fish_0423_high_her2,Classic (after opt),115,112
ncih2170_facs_fish_0423_high_her2_23,train,NCI-H2170,ncih2170_facs_fish_0423_high_her2,Classic (after opt),187,176
ncih2170_facs_fish_0423_high_her2_24,train,NCI-H2170,ncih2170_facs_fish_0423_high_her2,Classic (after opt),174,146
ncih2170_facs_fish_0423_high_her2_25,train,NCI-H2170,ncih2170_facs_fish_0423_high_her2,Classic (after opt),97,89
ncih2170_facs_fish_0423_high_her2_27,test,NCI-H2170,ncih2170_facs_fish_0423_high_her2,Classic (after opt),396,280
ncih2170_facs_fish_0423_low_her2_10,test,NCI-H2170,ncih2170_facs_fish_0423_low_her2,Classic (after opt),191,168
ncih2170_facs_fish_0423_low_her2_101,train,NCI-H2170,ncih2170_facs_fish_0423_low_her2,Classic (after opt),104,95
ncih2170_facs_fish_0423_low_her2_104,train,NCI-H2170,ncih2170_facs_fish_0423_low_her2,Classic (after opt),61,56
ncih2170_facs_fish_0423_low_her2_105,train,NCI-H2170,ncih2170_facs_fish_0423_low_her2,Classic (after opt),62,59
ncih2170_facs_fish_0423_low_her2_109,train,NCI-H2170,ncih2170_facs_fish_0423_low_her2,Classic (after opt),109,109
ncih2170_facs_fish_0423_low_her2_11,test,NCI-H2170,ncih2170_facs_fish_0423_low_her2,Classic (after opt),44,27
ncih2170_facs_fish_0423_low_her2_111,train,NCI-H2170,ncih2170_facs_fish_0423_low_her2,Classic (after opt),107,118
ncih2170_facs_fish_0423_low_her2_115,val,NCI-H2170,ncih2170_facs_fish_0423_low_her2,Classic (after opt),152,135
ncih2170_facs_fish_0423_low_her2_118,train,NCI-H2170,ncih2170_facs_fish_0423_low_her2,Classic (after opt),43,36
ncih2170_facs_fish_0423_low_her2_14,val,NCI-H2170,ncih2170_facs_fish_0423_low_her2,Classic (after opt),70,46
ncih2170_facs_fish_0423_low_her2_16,train,NCI-H2170,ncih2170_facs_fish_0423_low_her2,Classic (after opt),61,45
ncih2170_facs_fish_0423_low_her2_18,train,NCI-H2170,ncih2170_facs_fish_0423_low_her2,Classic (after opt),99,72
ncih2170_facs_fish_0423_low_her2_20,train,NCI-H2170,ncih2170_facs_fish_0423_low_her2,Classic (after opt),213,51
ncih2170_facs_fish_0423_low_her2_21,val,NCI-H2170,ncih2170_facs_fish_0423_low_her2,Classic (after opt),48,22
ncih2170_facs_fish_0423_low_her2_22,train,NCI-H2170,ncih2170_facs_fish_0423_low_her2,Classic (after opt),64,34
ncih2170_facs_fish_0423_low_her2_28,test,NCI-H2170,ncih2170_facs_fish_0423_low_her2,Classic (after opt),174,87
ncih2170_facs_fish_0423_low_her2_3,train,NCI-H2170,ncih2170_facs_fish_0423_low_her2,Classic (after opt),128,121
ncih2170_facs_fish_0423_low_her2_30,train,NCI-H2170,ncih2170_facs_fish_0423_low_her2,Classic (after opt),96,75
ncih2170_facs_fish_0423_low_her2_31_b,train,NCI-H2170,ncih2170_facs_fish_0423_low_her2,Classic (after opt),197,142
ncih2170_facs_fish_0423_low_her2_35,train,NCI-H2170,ncih2170_facs_fish_0423_low_her2,Classic (after opt),211,169
ncih2170_facs_fish_0423_low_her2_37,train,NCI-H2170,ncih2170_facs_fish_0423_low_her2,Classic (after opt),60,46
ncih2170_facs_fish_0423_low_her2_4,train,NCI-H2170,ncih2170_facs_fish_0423_low_her2,Classic (after opt),117,94
ncih2170_facs_fish_0423_low_her2_43,test,NCI-H2170,ncih2170_facs_fish_0423_low_her2,Classic (after opt),139,113
ncih2170_facs_fish_0423_low_her2_44,train,NCI-H2170,ncih2170_facs_fish_0423_low_her2,Classic (after opt),115,141
ncih2170_facs_fish_0423_low_her2_46,train,NCI-H2170,ncih2170_facs_fish_0423_low_her2,Classic (after opt),167,132
ncih2170_facs_fish_0423_low_her2_48,train,NCI-H2170,ncih2170_facs_fish_0423_low_her2,Classic (after opt),99,89
ncih2170_facs_fish_0423_low_her2_49,val,NCI-H2170,ncih2170_facs_fish_0423_low_her2,Classic (after opt),141,130
ncih2170_facs_fish_0423_low_her2_56,test,NCI-H2170,ncih2170_facs_fish_0423_low_her2,Classic (after opt),101,88
ncih2170_facs_fish_0423_low_her2_59,train,NCI-H2170,ncih2170_facs_fish_0423_low_her2,Classic (after opt),170,122
ncih2170_facs_fish_0423_low_her2_64,val,NCI-H2170,ncih2170_facs_fish_0423_low_her2,Classic (after opt),113,107
ncih2170_facs_fish_0423_low_her2_65,val,NCI-H2170,ncih2170_facs_fish_0423_low_her2,Classic (after opt),89,93
ncih2170_facs_fish_0423_low_her2_66,train,NCI-H2170,ncih2170_facs_fish_0423_low_her2,Classic (after opt),41,71
ncih2170_facs_fish_0423_low_her2_68,train,NCI-H2170,ncih2170_facs_fish_0423_low_her2,Classic (after opt),103,61
ncih2170_facs_fish_0423_low_her2_7,train,NCI-H2170,ncih2170_facs_fish_0423_low_her2,Classic (after opt),84,51
ncih2170_facs_fish_0423_low_her2_71,train,NCI-H2170,ncih2170_facs_fish_0423_low_her2,Classic (after opt),135,133
ncih2170_facs_fish_0423_low_her2_72,train,NCI-H2170,ncih2170_facs_fish_0423_low_her2,Classic (after opt),142,113
ncih2170_facs_fish_0423_low_her2_74,train,NCI-H2170,ncih2170_facs_fish_0423_low_her2,Classic (after opt),97,106
ncih2170_facs_fish_0423_low_her2_75,train,NCI-H2170,ncih2170_facs_fish_0423_low_her2,Classic (after opt),111,122
ncih2170_facs_fish_0423_low_her2_76,train,NCI-H2170,ncih2170_facs_fish_0423_low_her2,Classic (after opt),204,209
ncih2170_facs_fish_0423_low_her2_8,test,NCI-H2170,ncih2170_facs_fish_0423_low_her2,Classic (after opt),87,62
ncih2170_facs_fish_0423_low_her2_83,val,NCI-H2170,ncih2170_facs_fish_0423_low_her2,Classic (after opt),51,55
ncih2170_facs_fish_0423_low_her2_87,test,NCI-H2170,ncih2170_facs_fish_0423_low_her2,Classic (after opt),67,61
ncih2170_facs_fish_0423_low_her2_9,train,NCI-H2170,ncih2170_facs_fish_0423_low_her2,Classic (after opt),143,88
ncih2170_facs_fish_0423_low_her2_91,test,NCI-H2170,ncih2170_facs_fish_0423_low_her2,Classic (after opt),79,73
ncih2170_facs_fish_0423_low_her2_94,test,NCI-H2170,ncih2170_facs_fish_0423_low_her2,Classic (after opt),132,129
ncih2170_facs_fish_0423_low_her2_95,train,NCI-H2170,ncih2170_facs_fish_0423_low_her2,Classic (after opt),26,24
ncih2170_facs_fish_0423_low_her2_97,train,NCI-H2170,ncih2170_facs_fish_0423_low_her2,Classic (after opt),114,102
ncih2170_facs_fish_0423_low_her2_98,train,NCI-H2170,ncih2170_facs_fish_0423_low_her2,Classic (after opt),125,115
ncih2170_facs_fish_0723_high_her2_1,val,NCI-H2170,ncih2170_facs_fish_0723_high_her2,Classic (after opt),368,238
ncih2170_facs_fish_0723_high_her2_10,train,NCI-H2170,ncih2170_facs_fish_0723_high_her2,Classic (after opt),597,371
ncih2170_facs_fish_0723_high_her2_102,train,NCI-H2170,ncih2170_facs_fish_0723_high_her2,Classic (after opt),276,222
ncih2170_facs_fish_0723_high_her2_103,train,NCI-H2170,ncih2170_facs_fish_0723_high_her2,Classic (after opt),199,165
ncih2170_facs_fish_0723_high_her2_104,train,NCI-H2170,ncih2170_facs_fish_0723_high_her2,Classic (after opt),676,580
ncih2170_facs_fish_0723_high_her2_108,test,NCI-H2170,ncih2170_facs_fish_0723_high_her2,Classic (after opt),186,133
ncih2170_facs_fish_0723_high_her2_109,train,NCI-H2170,ncih2170_facs_fish_0723_high_her2,Classic (after opt),292,237
ncih2170_facs_fish_0723_high_her2_11,val,NCI-H2170,ncih2170_facs_fish_0723_high_her2,Classic (after opt),835,520
ncih2170_facs_fish_0723_high_her2_110,test,NCI-H2170,ncih2170_facs_fish_0723_high_her2,Classic (after opt),358,258
ncih2170_facs_fish_0723_high_her2_111,test,NCI-H2170,ncih2170_facs_fish_0723_high_her2,Classic (after opt),278,174
ncih2170_facs_fish_0723_high_her2_113,train,NCI-H2170,ncih2170_facs_fish_0723_high_her2,Classic (after opt),843,714
ncih2170_facs_fish_0723_high_her2_114,train,NCI-H2170,ncih2170_facs_fish_0723_high_her2,Classic (after opt),329,227
ncih2170_facs_fish_0723_high_her2_116,train,NCI-H2170,ncih2170_facs_fish_0723_high_her2,Classic (after opt),395,308
ncih2170_facs_fish_0723_high_her2_12,train,NCI-H2170,ncih2170_facs_fish_0723_high_her2,Classic (after opt),211,166
ncih2170_facs_fish_0723_high_her2_120,train,NCI-H2170,ncih2170_facs_fish_0723_high_her2,Classic (after opt),250,237
ncih2170_facs_fish_0723_high_her2_121,train,NCI-H2170,ncih2170_facs_fish_0723_high_her2,Classic (after opt),344,289
ncih2170_facs_fish_0723_high_her2_122,train,NCI-H2170,ncih2170_facs_fish_0723_high_her2,Classic (after opt),245,193
ncih2170_facs_fish_0723_high_her2_123,train,NCI-H2170,ncih2170_facs_fish_0723_high_her2,Classic (after opt),325,227
ncih2170_facs_fish_0723_high_her2_124,train,NCI-H2170,ncih2170_facs_fish_0723_high_her2,Classic (after opt),165,129
ncih2170_facs_fish_0723_high_her2_125,val,NCI-H2170,ncih2170_facs_fish_0723_high_her2,Classic (after opt),442,398
ncih2170_facs_fish_0723_high_her2_13,train,NCI-H2170,ncih2170_facs_fish_0723_high_her2,Classic (after opt),299,206
ncih2170_facs_fish_0723_high_her2_17,val,NCI-H2170,ncih2170_facs_fish_0723_high_her2,Classic (after opt),473,304
ncih2170_facs_fish_0723_high_her2_18,train,NCI-H2170,ncih2170_facs_fish_0723_high_her2,Classic (after opt),611,429
ncih2170_facs_fish_0723_high_her2_21,test,NCI-H2170,ncih2170_facs_fish_0723_high_her2,Classic (after opt),180,131
ncih2170_facs_fish_0723_high_her2_24,train,NCI-H2170,ncih2170_facs_fish_0723_high_her2,Classic (after opt),184,128
ncih2170_facs_fish_0723_high_her2_27,train,NCI-H2170,ncih2170_facs_fish_0723_high_her2,Classic (after opt),319,148
ncih2170_facs_fish_0723_high_her2_28,train,NCI-H2170,ncih2170_facs_fish_0723_high_her2,Classic (after opt),232,176
ncih2170_facs_fish_0723_high_her2_3,train,NCI-H2170,ncih2170_facs_fish_0723_high_her2,Classic (after opt),460,326
ncih2170_facs_fish_0723_high_her2_30,train,NCI-H2170,ncih2170_facs_fish_0723_high_her2,Classic (after opt),376,303
ncih2170_facs_fish_0723_high_her2_33,val,NCI-H2170,ncih2170_facs_fish_0723_high_her2,Classic (after opt),352,214
ncih2170_facs_fish_0723_high_her2_36,train,NCI-H2170,ncih2170_facs_fish_0723_high_her2,Classic (after opt),236,175
ncih2170_facs_fish_0723_high_her2_37,val,NCI-H2170,ncih2170_facs_fish_0723_high_her2,Classic (after opt),150,99
ncih2170_facs_fish_0723_high_her2_4,train,NCI-H2170,ncih2170_facs_fish_0723_high_her2,Classic (after opt),396,262
ncih2170_facs_fish_0723_high_her2_40,train,NCI-H2170,ncih2170_facs_fish_0723_high_her2,Classic (after opt),517,381
ncih2170_facs_fish_0723_high_her2_41,train,NCI-H2170,ncih2170_facs_fish_0723_high_her2,Classic (after opt),265,203
ncih2170_facs_fish_0723_high_her2_42,train,NCI-H2170,ncih2170_facs_fish_0723_high_her2,Classic (after opt),323,264
ncih2170_facs_fish_0723_high_her2_54,train,NCI-H2170,ncih2170_facs_fish_0723_high_her2,Classic (after opt),120,101
ncih2170_facs_fish_0723_high_her2_55,train,NCI-H2170,ncih2170_facs_fish_0723_high_her2,Classic (after opt),223,146
ncih2170_facs_fish_0723_high_her2_56,train,NCI-H2170,ncih2170_facs_fish_0723_high_her2,Classic (after opt),252,195
ncih2170_facs_fish_0723_high_her2_64,train,NCI-H2170,ncih2170_facs_fish_0723_high_her2,Classic (after opt),260,233
ncih2170_facs_fish_0723_high_her2_7,train,NCI-H2170,ncih2170_facs_fish_0723_high_her2,Classic (after opt),495,347
ncih2170_facs_fish_0723_high_her2_71,val,NCI-H2170,ncih2170_facs_fish_0723_high_her2,Classic (after opt),378,213
ncih2170_facs_fish_0723_high_her2_80,test,NCI-H2170,ncih2170_facs_fish_0723_high_her2,Classic (after opt),403,335
ncih2170_facs_fish_0723_high_her2_82,train,NCI-H2170,ncih2170_facs_fish_0723_high_her2,Classic (after opt),498,385
ncih2170_facs_fish_0723_high_her2_83,train,NCI-H2170,ncih2170_facs_fish_0723_high_her2,Classic (after opt),307,170
ncih2170_facs_fish_0723_high_her2_84,train,NCI-H2170,ncih2170_facs_fish_0723_high_her2,Classic (after opt),258,190
ncih2170_facs_fish_0723_high_her2_86,train,NCI-H2170,ncih2170_facs_fish_0723_high_her2,Classic (after opt),164,121
ncih2170_facs_fish_0723_high_her2_87,train,NCI-H2170,ncih2170_facs_fish_0723_high_her2,Classic (after opt),249,214
ncih2170_facs_fish_0723_high_her2_9,train,NCI-H2170,ncih2170_facs_fish_0723_high_her2,Classic (after opt),262,193
ncih2170_facs_fish_0723_high_her2_92,train,NCI-H2170,ncih2170_facs_fish_0723_high_her2,Classic (after opt),147,93
ncih2170_facs_fish_0723_high_her2_96,train,NCI-H2170,ncih2170_facs_fish_0723_high_her2,Classic (after opt),497,308
ncih2170_facs_fish_0723_high_her2_98,train,NCI-H2170,ncih2170_facs_fish_0723_high_her2,Classic (after opt),226,178
ncih2170_facs_fish_0723_low_her2_1,test,NCI-H2170,ncih2170_facs_fish_0723_low_her2,Classic (after opt),36,24
ncih2170_facs_fish_0723_low_her2_10,train,NCI-H2170,ncih2170_facs_fish_0723_low_her2,Classic (after opt),206,134
ncih2170_facs_fish_0723_low_her2_101,val,NCI-H2170,ncih2170_facs_fish_0723_low_her2,Classic (after opt),91,64
ncih2170_facs_fish_0723_low_her2_103,train,NCI-H2170,ncih2170_facs_fish_0723_low_her2,Classic (after opt),207,170
ncih2170_facs_fish_0723_low_her2_106,train,NCI-H2170,ncih2170_facs_fish_0723_low_her2,Classic (after opt),71,50
ncih2170_facs_fish_0723_low_her2_108,train,NCI-H2170,ncih2170_facs_fish_0723_low_her2,Classic (after opt),53,38
ncih2170_facs_fish_0723_low_her2_11,val,NCI-H2170,ncih2170_facs_fish_0723_low_her2,Classic (after opt),183,140
ncih2170_facs_fish_0723_low_her2_112,train,NCI-H2170,ncih2170_facs_fish_0723_low_her2,Classic (after opt),98,107
ncih2170_facs_fish_0723_low_her2_115,test,NCI-H2170,ncih2170_facs_fish_0723_low_her2,Classic (after opt),63,45
ncih2170_facs_fish_0723_low_her2_116,val,NCI-H2170,ncih2170_facs_fish_0723_low_her2,Classic (after opt),105,80
ncih2170_facs_fish_0723_low_her2_117,val,NCI-H2170,ncih2170_facs_fish_0723_low_her2,Classic (after opt),237,243
ncih2170_facs_fish_0723_low_her2_118,train,NCI-H2170,ncih2170_facs_fish_0723_low_her2,Classic (after opt),93,68
ncih2170_facs_fish_0723_low_her2_12,val,NCI-H2170,ncih2170_facs_fish_0723_low_her2,Classic (after opt),104,73
ncih2170_facs_fish_0723_low_her2_124,train,NCI-H2170,ncih2170_facs_fish_0723_low_her2,Classic (after opt),152,143
ncih2170_facs_fish_0723_low_her2_125,train,NCI-H2170,ncih2170_facs_fish_0723_low_her2,Classic (after opt),73,157
ncih2170_facs_fish_0723_low_her2_126,train,NCI-H2170,ncih2170_facs_fish_0723_low_her2,Classic (after opt),124,143
ncih2170_facs_fish_0723_low_her2_13,train,NCI-H2170,ncih2170_facs_fish_0723_low_her2,Classic (after opt),82,67
ncih2170_facs_fish_0723_low_her2_15,train,NCI-H2170,ncih2170_facs_fish_0723_low_her2,Classic (after opt),132,68
ncih2170_facs_fish_0723_low_her2_20,train,NCI-H2170,ncih2170_facs_fish_0723_low_her2,Classic (after opt),183,96
ncih2170_facs_fish_0723_low_her2_21,train,NCI-H2170,ncih2170_facs_fish_0723_low_her2,Classic (after opt),260,230
ncih2170_facs_fish_0723_low_her2_22,test,NCI-H2170,ncih2170_facs_fish_0723_low_her2,Classic (after opt),308,190
ncih2170_facs_fish_0723_low_her2_23,test,NCI-H2170,ncih2170_facs_fish_0723_low_her2,Classic (after opt),85,73
ncih2170_facs_fish_0723_low_her2_25,train,NCI-H2170,ncih2170_facs_fish_0723_low_her2,Classic (after opt),54,56
ncih2170_facs_fish_0723_low_her2_27,val,NCI-H2170,ncih2170_facs_fish_0723_low_her2,Classic (after opt),47,56
ncih2170_facs_fish_0723_low_her2_28,val,NCI-H2170,ncih2170_facs_fish_0723_low_her2,Classic (after opt),81,65
ncih2170_facs_fish_0723_low_her2_3,train,NCI-H2170,ncih2170_facs_fish_0723_low_her2,Classic (after opt),124,93
ncih2170_facs_fish_0723_low_her2_32,train,NCI-H2170,ncih2170_facs_fish_0723_low_her2,Classic (after opt),78,77
ncih2170_facs_fish_0723_low_her2_34,train,NCI-H2170,ncih2170_facs_fish_0723_low_her2,Classic (after opt),72,59
ncih2170_facs_fish_0723_low_her2_38,train,NCI-H2170,ncih2170_facs_fish_0723_low_her2,Classic (after opt),86,64
ncih2170_facs_fish_0723_low_her2_39,train,NCI-H2170,ncih2170_facs_fish_0723_low_her2,Classic (after opt),100,102
ncih2170_facs_fish_0723_low_her2_40,train,NCI-H2170,ncih2170_facs_fish_0723_low_her2,Classic (after opt),97,83
ncih2170_facs_fish_0723_low_her2_42,train,NCI-H2170,ncih2170_facs_fish_0723_low_her2,Classic (after opt),122,96
ncih2170_facs_fish_0723_low_her2_43,train,NCI-H2170,ncih2170_facs_fish_0723_low_her2,Classic (after opt),71,60
ncih2170_facs_fish_0723_low_her2_44,train,NCI-H2170,ncih2170_facs_fish_0723_low_her2,Classic (after opt),162,133
ncih2170_facs_fish_0723_low_her2_45,val,NCI-H2170,ncih2170_facs_fish_0723_low_her2,Classic (after opt),156,113
ncih2170_facs_fish_0723_low_her2_51,train,NCI-H2170,ncih2170_facs_fish_0723_low_her2,Classic (after opt),106,131
ncih2170_facs_fish_0723_low_her2_52,test,NCI-H2170,ncih2170_facs_fish_0723_low_her2,Classic (after opt),116,95
ncih2170_facs_fish_0723_low_her2_53,train,NCI-H2170,ncih2170_facs_fish_0723_low_her2,Classic (after opt),105,82
ncih2170_facs_fish_0723_low_her2_54,train,NCI-H2170,ncih2170_facs_fish_0723_low_her2,Classic (after opt),106,125
ncih2170_facs_fish_0723_low_her2_57,train,NCI-H2170,ncih2170_facs_fish_0723_low_her2,Classic (after opt),236,134
ncih2170_facs_fish_0723_low_her2_6,train,NCI-H2170,ncih2170_facs_fish_0723_low_her2,Classic (after opt),66,55
ncih2170_facs_fish_0723_low_her2_60,test,NCI-H2170,ncih2170_facs_fish_0723_low_her2,Classic (after opt),93,81
ncih2170_facs_fish_0723_low_her2_62,train,NCI-H2170,ncih2170_facs_fish_0723_low_her2,Classic (after opt),53,55
ncih2170_facs_fish_0723_low_her2_68,train,NCI-H2170,ncih2170_facs_fish_0723_low_her2,Classic (after opt),32,85
ncih2170_facs_fish_0723_low_her2_70,train,NCI-H2170,ncih2170_facs_fish_0723_low_her2,Classic (after opt),115,81
ncih2170_facs_fish_0723_low_her2_75,train,NCI-H2170,ncih2170_facs_fish_0723_low_her2,Classic (after opt),43,35
ncih2170_facs_fish_0723_low_her2_77,val,NCI-H2170,ncih2170_facs_fish_0723_low_her2,Classic (after opt),48,43
ncih2170_facs_fish_0723_low_her2_83,train,NCI-H2170,ncih2170_facs_fish_0723_low_her2,Classic (after opt),78,53
ncih2170_facs_fish_0723_low_her2_86,val,NCI-H2170,ncih2170_facs_fish_0723_low_her2,Classic (after opt),110,92
ncih2170_facs_fish_0723_low_her2_87,train,NCI-H2170,ncih2170_facs_fish_0723_low_her2,Classic (after opt),64,97
ncih2170_facs_fish_0723_low_her2_88,train,NCI-H2170,ncih2170_facs_fish_0723_low_her2,Classic (after opt),46,58
ncih2170_facs_fish_0723_low_her2_89,train,NCI-H2170,ncih2170_facs_fish_0723_low_her2,Classic (after opt),79,114
ncih2170_facs_fish_0723_low_her2_90,val,NCI-H2170,ncih2170_facs_fish_0723_low_her2,Classic (after opt),106,87
ncih2170_facs_fish_0723_low_her2_92,train,NCI-H2170,ncih2170_facs_fish_0723_low_her2,Classic (after opt),130,109
ncih2170_facs_fish_0723_low_her2_93,train,NCI-H2170,ncih2170_facs_fish_0723_low_her2,Classic (after opt),39,44
ncih2170_facs_fish_0723_low_her2_94,train,NCI-H2170,ncih2170_facs_fish_0723_low_her2,Classic (after opt),93,64
ncih2170_facs_fish_0723_low_her2_98,train,NCI-H2170,ncih2170_facs_fish_0723_low_her2,Classic (after opt),121,89
ncih2170_facs_fish_0723_pre_sort_ctrl_1,train,NCI-H2170,ncih2170_facs_fish_0723_pre_sort_ctrl,Classic (after opt),94,77
ncih2170_facs_fish_0723_pre_sort_ctrl_12,train,NCI-H2170,ncih2170_facs_fish_0723_pre_sort_ctrl,Classic (after opt),173,155
ncih2170_facs_fish_0723_pre_sort_ctrl_14,train,NCI-H2170,ncih2170_facs_fish_0723_pre_sort_ctrl,Classic (after opt),179,115
ncih2170_facs_fish_0723_pre_sort_ctrl_15,val,NCI-H2170,ncih2170_facs_fish_0723_pre_sort_ctrl,Classic (after opt),201,152
ncih2170_facs_fish_0723_pre_sort_ctrl_16,train,NCI-H2170,ncih2170_facs_fish_0723_pre_sort_ctrl,Classic (after opt),85,83
ncih2170_facs_fish_0723_pre_sort_ctrl_17,train,NCI-H2170,ncih2170_facs_fish_0723_pre_sort_ctrl,Classic (after opt),513,427
ncih2170_facs_fish_0723_pre_sort_ctrl_18,train,NCI-H2170,ncih2170_facs_fish_0723_pre_sort_ctrl,Classic (after opt),255,175
ncih2170_facs_fish_0723_pre_sort_ctrl_19,train,NCI-H2170,ncih2170_facs_fish_0723_pre_sort_ctrl,Classic (after opt),123,94
ncih2170_facs_fish_0723_pre_sort_ctrl_2,train,NCI-H2170,ncih2170_facs_fish_0723_pre_sort_ctrl,Classic (after opt),520,346
ncih2170_facs_fish_0723_pre_sort_ctrl_21,train,NCI-H2170,ncih2170_facs_fish_0723_pre_sort_ctrl,Classic (after opt),250,203
ncih2170_facs_fish_0723_pre_sort_ctrl_24,train,NCI-H2170,ncih2170_facs_fish_0723_pre_sort_ctrl,Classic (after opt),64,78
ncih2170_facs_fish_0723_pre_sort_ctrl_29,test,NCI-H2170,ncih2170_facs_fish_0723_pre_sort_ctrl,Classic (after opt),225,188
ncih2170_facs_fish_0723_pre_sort_ctrl_31,val,NCI-H2170,ncih2170_facs_fish_0723_pre_sort_ctrl,Classic (after opt),145,89
ncih2170_facs_fish_0723_pre_sort_ctrl_6,val,NCI-H2170,ncih2170_facs_fish_0723_pre_sort_ctrl,Classic (after opt),192,133
ncih2170_facs_fish_0723_pre_sort_ctrl_7,val,NCI-H2170,ncih2170_facs_fish_0723_pre_sort_ctrl,Classic (after opt),81,73
ncih2170_facs_fish_0723_pre_sort_ctrl_8,train,NCI-H2170,ncih2170_facs_fish_0723_pre_sort_ctrl,Classic (after opt),193,139
ncih2170_facs_fish_0723_sorted_ctrl_100,val,NCI-H2170,ncih2170_facs_fish_0723_sorted_ctrl,Classic (after opt),143,128
ncih2170_facs_fish_0723_sorted_ctrl_11,train,NCI-H2170,ncih2170_facs_fish_0723_sorted_ctrl,Classic (after opt),34,24
ncih2170_facs_fish_0723_sorted_ctrl_18,train,NCI-H2170,ncih2170_facs_fish_0723_sorted_ctrl,Classic (after opt),292,303
ncih2170_facs_fish_0723_sorted_ctrl_21,train,NCI-H2170,ncih2170_facs_fish_0723_sorted_ctrl,Classic (after opt),407,264
ncih2170_facs_fish_0723_sorted_ctrl_22,train,NCI-H2170,ncih2170_facs_fish_0723_sorted_ctrl,Classic (after opt),88,62
ncih2170_facs_fish_0723_sorted_ctrl_25,train,NCI-H2170,ncih2170_facs_fish_0723_sorted_ctrl,Classic (after opt),138,122
ncih2170_facs_fish_0723_sorted_ctrl_31,train,NCI-H2170,ncih2170_facs_fish_0723_sorted_ctrl,Classic (after opt),78,63
ncih2170_facs_fish_0723_sorted_ctrl_32,train,NCI-H2170,ncih2170_facs_fish_0723_sorted_ctrl,Classic (after opt),288,204
ncih2170_facs_fish_0723_sorted_ctrl_33,train,NCI-H2170,ncih2170_facs_fish_0723_sorted_ctrl,Classic (after opt),168,108
ncih2170_facs_fish_0723_sorted_ctrl_36,train,NCI-H2170,ncih2170_facs_fish_0723_sorted_ctrl,Classic (after opt),67,54
ncih2170_facs_fish_0723_sorted_ctrl_37,train,NCI-H2170,ncih2170_facs_fish_0723_sorted_ctrl,Classic (after opt),239,198
ncih2170_facs_fish_0723_sorted_ctrl_4,train,NCI-H2170,ncih2170_facs_fish_0723_sorted_ctrl,Classic (after opt),536,392
ncih2170_facs_fish_0723_sorted_ctrl_40,train,NCI-H2170,ncih2170_facs_fish_0723_sorted_ctrl,Classic (after opt),65,76
ncih2170_facs_fish_0723_sorted_ctrl_41,train,NCI-H2170,ncih2170_facs_fish_0723_sorted_ctrl,Classic (after opt),292,247
ncih2170_facs_fish_0723_sorted_ctrl_43,train,NCI-H2170,ncih2170_facs_fish_0723_sorted_ctrl,Classic (after opt),98,80
ncih2170_facs_fish_0723_sorted_ctrl_45,test,NCI-H2170,ncih2170_facs_fish_0723_sorted_ctrl,Classic (after opt),472,246
ncih2170_facs_fish_0723_sorted_ctrl_46,test,NCI-H2170,ncih2170_facs_fish_0723_sorted_ctrl,Classic (after opt),178,123
ncih2170_facs_fish_0723_sorted_ctrl_48,train,NCI-H2170,ncih2170_facs_fish_0723_sorted_ctrl,Classic (after opt),274,221
ncih2170_facs_fish_0723_sorted_ctrl_49,test,NCI-H2170,ncih2170_facs_fish_0723_sorted_ctrl,Classic (after opt),365,290
ncih2170_facs_fish_0723_sorted_ctrl_51,val,NCI-H2170,ncih2170_facs_fish_0723_sorted_ctrl,Classic (after opt),302,163
ncih2170_facs_fish_0723_sorted_ctrl_52,train,NCI-H2170,ncih2170_facs_fish_0723_sorted_ctrl,Classic (after opt),226,238
ncih2170_facs_fish_0723_sorted_ctrl_54,train,NCI-H2170,ncih2170_facs_fish_0723_sorted_ctrl,Classic (after opt),116,76
ncih2170_facs_fish_0723_sorted_ctrl_55,train,NCI-H2170,ncih2170_facs_fish_0723_sorted_ctrl,Classic (after opt),262,168
ncih2170_facs_fish_0723_sorted_ctrl_57,train,NCI-H2170,ncih2170_facs_fish_0723_sorted_ctrl,Classic (after opt),284,245
ncih2170_facs_fish_0723_sorted_ctrl_58,val,NCI-H2170,ncih2170_facs_fish_0723_sorted_ctrl,Classic (after opt),24,20
ncih2170_facs_fish_0723_sorted_ctrl_59,train,NCI-H2170,ncih2170_facs_fish_0723_sorted_ctrl,Classic (after opt),277,224
ncih2170_facs_fish_0723_sorted_ctrl_60,test,NCI-H2170,ncih2170_facs_fish_0723_sorted_ctrl,Classic (after opt),187,128
ncih2170_facs_fish_0723_sorted_ctrl_63,val,NCI-H2170,ncih2170_facs_fish_0723_sorted_ctrl,Classic (after opt),214,183
ncih2170_facs_fish_0723_sorted_ctrl_64,train,NCI-H2170,ncih2170_facs_fish_0723_sorted_ctrl,Classic (after opt),333,254
ncih2170_facs_fish_0723_sorted_ctrl_65,train,NCI-H2170,ncih2170_facs_fish_0723_sorted_ctrl,Classic (after opt),139,140
ncih2170_facs_fish_0723_sorted_ctrl_66,train,NCI-H2170,ncih2170_facs_fish_0723_sorted_ctrl,Classic (after opt),58,45
ncih2170_facs_fish_0723_sorted_ctrl_68,train,NCI-H2170,ncih2170_facs_fish_0723_sorted_ctrl,Classic (after opt),266,195
ncih2170_facs_fish_0723_sorted_ctrl_72,train,NCI-H2170,ncih2170_facs_fish_0723_sorted_ctrl,Classic (after opt),259,155
ncih2170_facs_fish_0723_sorted_ctrl_74,train,NCI-H2170,ncih2170_facs_fish_0723_sorted_ctrl,Classic (after opt),73,63
ncih2170_facs_fish_0723_sorted_ctrl_75,train,NCI-H2170,ncih2170_facs_fish_0723_sorted_ctrl,Classic (after opt),205,156
ncih2170_facs_fish_0723_sorted_ctrl_76,train,NCI-H2170,ncih2170_facs_fish_0723_sorted_ctrl,Classic (after opt),291,194
ncih2170_facs_fish_0723_sorted_ctrl_77,train,NCI-H2170,ncih2170_facs_fish_0723_sorted_ctrl,Classic (after opt),199,118
ncih2170_facs_fish_0723_sorted_ctrl_79,train,NCI-H2170,ncih2170_facs_fish_0723_sorted_ctrl,Classic (after opt),27,51
ncih2170_facs_fish_0723_sorted_ctrl_80,val,NCI-H2170,ncih2170_facs_fish_0723_sorted_ctrl,Classic (after opt),296,324
ncih2170_facs_fish_0723_sorted_ctrl_85,train,NCI-H2170,ncih2170_facs_fish_0723_sorted_ctrl,Classic (after opt),249,128
ncih2170_facs_fish_0723_sorted_ctrl_87,train,NCI-H2170,ncih2170_facs_fish_0723_sorted_ctrl,Classic (after opt),190,119
ncih2170_facs_fish_0723_sorted_ctrl_9,train,NCI-H2170,ncih2170_facs_fish_0723_sorted_ctrl,Classic (after opt),87,75
ncih2170_facs_fish_0723_sorted_ctrl_91,val,NCI-H2170,ncih2170_facs_fish_0723_sorted_ctrl,Classic (after opt),213,141
ncih2170_facs_fish_0723_sorted_ctrl_96,val,NCI-H2170,ncih2170_facs_fish_0723_sorted_ctrl,Classic (after opt),220,125
ncih2170_facs_fish_0723_sorted_ctrl_99,train,NCI-H2170,ncih2170_facs_fish_0723_sorted_ctrl,Classic (after opt),203,120
ncih2170_jc_jq1_ic50_24h_1,train,NCI-H2170,ncih2170_jc_jq1_ic50_24h,Classic (after opt),83,77
ncih2170_jc_jq1_ic50_24h_100,test,NCI-H2170,ncih2170_jc_jq1_ic50_24h,Classic (after opt),38,57
ncih2170_jc_jq1_ic50_24h_101,train,NCI-H2170,ncih2170_jc_jq1_ic50_24h,Classic (after opt),99,71
ncih2170_jc_jq1_ic50_24h_104,train,NCI-H2170,ncih2170_jc_jq1_ic50_24h,Classic (after opt),74,70
ncih2170_jc_jq1_ic50_24h_106,train,NCI-H2170,ncih2170_jc_jq1_ic50_24h,Classic (after opt),239,194
ncih2170_jc_jq1_ic50_24h_108,val,NCI-H2170,ncih2170_jc_jq1_ic50_24h,Classic (after opt),211,236
ncih2170_jc_jq1_ic50_24h_111,train,NCI-H2170,ncih2170_jc_jq1_ic50_24h,Classic (after opt),128,103
ncih2170_jc_jq1_ic50_24h_112,train,NCI-H2170,ncih2170_jc_jq1_ic50_24h,Classic (after opt),308,235
ncih2170_jc_jq1_ic50_24h_113,train,NCI-H2170,ncih2170_jc_jq1_ic50_24h,Classic (after opt),200,131
ncih2170_jc_jq1_ic50_24h_114,train,NCI-H2170,ncih2170_jc_jq1_ic50_24h,Classic (after opt),250,177
ncih2170_jc_jq1_ic50_24h_115,train,NCI-H2170,ncih2170_jc_jq1_ic50_24h,Classic (after opt),180,127
ncih2170_jc_jq1_ic50_24h_117,train,NCI-H2170,ncih2170_jc_jq1_ic50_24h,Classic (after opt),135,115
ncih2170_jc_jq1_ic50_24h_118,train,NCI-H2170,ncih2170_jc_jq1_ic50_24h,Classic (after opt),105,89
ncih2170_jc_jq1_ic50_24h_119,train,NCI-H2170,ncih2170_jc_jq1_ic50_24h,Classic (after opt),177,140
ncih2170_jc_jq1_ic50_24h_120,train,NCI-H2170,ncih2170_jc_jq1_ic50_24h,Classic (after opt),143,97
ncih2170_jc_jq1_ic50_24h_17,val,NCI-H2170,ncih2170_jc_jq1_ic50_24h,Classic (after opt),35,113
ncih2170_jc_jq1_ic50_24h_2,train,NCI-H2170,ncih2170_jc_jq1_ic50_24h,Classic (after opt),783,487
ncih2170_jc_jq1_ic50_24h_21,train,NCI-H2170,ncih2170_jc_jq1_ic50_24h,Classic (after opt),180,148
ncih2170_jc_jq1_ic50_24h_23,val,NCI-H2170,ncih2170_jc_jq1_ic50_24h,Classic (after opt),110,255
ncih2170_jc_jq1_ic50_24h_24,train,NCI-H2170,ncih2170_jc_jq1_ic50_24h,Classic (after opt),99,67
ncih2170_jc_jq1_ic50_24h_25,train,NCI-H2170,ncih2170_jc_jq1_ic50_24h,Classic (after opt),93,76
ncih2170_jc_jq1_ic50_24h_26,train,NCI-H2170,ncih2170_jc_jq1_ic50_24h,Classic (after opt),142,186
ncih2170_jc_jq1_ic50_24h_27,train,NCI-H2170,ncih2170_jc_jq1_ic50_24h,Classic (after opt),438,336
ncih2170_jc_jq1_ic50_24h_29,train,NCI-H2170,ncih2170_jc_jq1_ic50_24h,Classic (after opt),201,153
ncih2170_jc_jq1_ic50_24h_30,train,NCI-H2170,ncih2170_jc_jq1_ic50_24h,Classic (after opt),163,169
ncih2170_jc_jq1_ic50_24h_31,train,NCI-H2170,ncih2170_jc_jq1_ic50_24h,Classic (after opt),274,195
ncih2170_jc_jq1_ic50_24h_33,train,NCI-H2170,ncih2170_jc_jq1_ic50_24h,Classic (after opt),121,121
ncih2170_jc_jq1_ic50_24h_36,val,NCI-H2170,ncih2170_jc_jq1_ic50_24h,Classic (after opt),273,198
ncih2170_jc_jq1_ic50_24h_38,test,NCI-H2170,ncih2170_jc_jq1_ic50_24h,Classic (after opt),59,103
ncih2170_jc_jq1_ic50_24h_40,train,NCI-H2170,ncih2170_jc_jq1_ic50_24h,Classic (after opt),406,317
ncih2170_jc_jq1_ic50_24h_41,train,NCI-H2170,ncih2170_jc_jq1_ic50_24h,Classic (after opt),69,247
ncih2170_jc_jq1_ic50_24h_42,train,NCI-H2170,ncih2170_jc_jq1_ic50_24h,Classic (after opt),51,65
ncih2170_jc_jq1_ic50_24h_47,train,NCI-H2170,ncih2170_jc_jq1_ic50_24h,Classic (after opt),120,114
ncih2170_jc_jq1_ic50_24h_48,test,NCI-H2170,ncih2170_jc_jq1_ic50_24h,Classic (after opt),223,228
ncih2170_jc_jq1_ic50_24h_5,train,NCI-H2170,ncih2170_jc_jq1_ic50_24h,Classic (after opt),86,72
ncih2170_jc_jq1_ic50_24h_50,test,NCI-H2170,ncih2170_jc_jq1_ic50_24h,Classic (after opt),72,93
ncih2170_jc_jq1_ic50_24h_51,train,NCI-H2170,ncih2170_jc_jq1_ic50_24h,Classic (after opt),323,315
ncih2170_jc_jq1_ic50_24h_53,train,NCI-H2170,ncih2170_jc_jq1_ic50_24h,Classic (after opt),127,116
ncih2170_jc_jq1_ic50_24h_54,train,NCI-H2170,ncih2170_jc_jq1_ic50_24h,Classic (after opt),101,71
ncih2170_jc_jq1_ic50_24h_56,train,NCI-H2170,ncih2170_jc_jq1_ic50_24h,Classic (after opt),265,181
ncih2170_jc_jq1_ic50_24h_61,train,NCI-H2170,ncih2170_jc_jq1_ic50_24h,Classic (after opt),50,41
ncih2170_jc_jq1_ic50_24h_62,train,NCI-H2170,ncih2170_jc_jq1_ic50_24h,Classic (after opt),155,157
ncih2170_jc_jq1_ic50_24h_64,train,NCI-H2170,ncih2170_jc_jq1_ic50_24h,Classic (after opt),102,108
ncih2170_jc_jq1_ic50_24h_66,train,NCI-H2170,ncih2170_jc_jq1_ic50_24h,Classic (after opt),246,203
ncih2170_jc_jq1_ic50_24h_67,train,NCI-H2170,ncih2170_jc_jq1_ic50_24h,Classic (after opt),118,169
ncih2170_jc_jq1_ic50_24h_68,train,NCI-H2170,ncih2170_jc_jq1_ic50_24h,Classic (after opt),160,135
ncih2170_jc_jq1_ic50_24h_69,train,NCI-H2170,ncih2170_jc_jq1_ic50_24h,Classic (after opt),62,56
ncih2170_jc_jq1_ic50_24h_7,test,NCI-H2170,ncih2170_jc_jq1_ic50_24h,Classic (after opt),328,245
ncih2170_jc_jq1_ic50_24h_72,train,NCI-H2170,ncih2170_jc_jq1_ic50_24h,Classic (after opt),94,102
ncih2170_jc_jq1_ic50_24h_73,train,NCI-H2170,ncih2170_jc_jq1_ic50_24h,Classic (after opt),123,113
ncih2170_jc_jq1_ic50_24h_74,train,NCI-H2170,ncih2170_jc_jq1_ic50_24h,Classic (after opt),314,251
ncih2170_jc_jq1_ic50_24h_75,train,NCI-H2170,ncih2170_jc_jq1_ic50_24h,Classic (after opt),111,122
ncih2170_jc_jq1_ic50_24h_76_a,train,NCI-H2170,ncih2170_jc_jq1_ic50_24h,Classic (after opt),149,101
ncih2170_jc_jq1_ic50_24h_79,train,NCI-H2170,ncih2170_jc_jq1_ic50_24h,Classic (after opt),110,83
ncih2170_jc_jq1_ic50_24h_84,test,NCI-H2170,ncih2170_jc_jq1_ic50_24h,Classic (after opt),64,69
ncih2170_jc_jq1_ic50_24h_86,test,NCI-H2170,ncih2170_jc_jq1_ic50_24h,Classic (after opt),193,122
ncih2170_jc_jq1_ic50_24h_89,train,NCI-H2170,ncih2170_jc_jq1_ic50_24h,Classic (after opt),134,116
ncih2170_jc_jq1_ic50_24h_90,val,NCI-H2170,ncih2170_jc_jq1_ic50_24h,Classic (after opt),134,75
ncih2170_jc_jq1_ic50_24h_91,train,NCI-H2170,ncih2170_jc_jq1_ic50_24h,Classic (after opt),125,97
ncih2170_jc_jq1_ic50_24h_92,train,NCI-H2170,ncih2170_jc_jq1_ic50_24h,Classic (after opt),141,105
ncih2170_jc_jq1_ic50_24h_93,train,NCI-H2170,ncih2170_jc_jq1_ic50_24h,Classic (after opt),419,241
ncih2170_jc_jq1_ic50_24h_94,train,NCI-H2170,ncih2170_jc_jq1_ic50_24h,Classic (after opt),135,122
ncih2170_jc_jq1_ic50_24h_95,train,NCI-H2170,ncih2170_jc_jq1_ic50_24h,Classic (after opt),58,74
ncih2170_jc_jq1_ic50_24h_96,train,NCI-H2170,ncih2170_jc_jq1_ic50_24h,Classic (after opt),69,73
ncih2170_jc_jq1_ic50_24h_97,train,NCI-H2170,ncih2170_jc_jq1_ic50_24h,Classic (after opt),53,45
ncih2170_jc_jq1_ic50_24h_98,test,NCI-H2170,ncih2170_jc_jq1_ic50_24h,Classic (after opt),97,74
ncih2170_jc_lap_ic50_24h_10,train,NCI-H2170,ncih2170_jc_lap_ic50_24h,Classic (after opt),103,152
ncih2170_jc_lap_ic50_24h_101,train,NCI-H2170,ncih2170_jc_lap_ic50_24h,Classic (after opt),278,183
ncih2170_jc_lap_ic50_24h_102,train,NCI-H2170,ncih2170_jc_lap_ic50_24h,Classic (after opt),125,82
ncih2170_jc_lap_ic50_24h_104,train,NCI-H2170,ncih2170_jc_lap_ic50_24h,Classic (after opt),151,143
ncih2170_jc_lap_ic50_24h_106,train,NCI-H2170,ncih2170_jc_lap_ic50_24h,Classic (after opt),166,112
ncih2170_jc_lap_ic50_24h_108,train,NCI-H2170,ncih2170_jc_lap_ic50_24h,Classic (after opt),70,74
ncih2170_jc_lap_ic50_24h_109,train,NCI-H2170,ncih2170_jc_lap_ic50_24h,Classic (after opt),99,133
ncih2170_jc_lap_ic50_24h_11,test,NCI-H2170,ncih2170_jc_lap_ic50_24h,Classic (after opt),89,76
ncih2170_jc_lap_ic50_24h_112,train,NCI-H2170,ncih2170_jc_lap_ic50_24h,Classic (after opt),210,141
ncih2170_jc_lap_ic50_24h_114,train,NCI-H2170,ncih2170_jc_lap_ic50_24h,Classic (after opt),50,111
ncih2170_jc_lap_ic50_24h_115,train,NCI-H2170,ncih2170_jc_lap_ic50_24h,Classic (after opt),125,89
ncih2170_jc_lap_ic50_24h_116,train,NCI-H2170,ncih2170_jc_lap_ic50_24h,Classic (after opt),101,76
ncih2170_jc_lap_ic50_24h_118,train,NCI-H2170,ncih2170_jc_lap_ic50_24h,Classic (after opt),63,58
ncih2170_jc_lap_ic50_24h_119,train,NCI-H2170,ncih2170_jc_lap_ic50_24h,Classic (after opt),120,96
ncih2170_jc_lap_ic50_24h_12,test,NCI-H2170,ncih2170_jc_lap_ic50_24h,Classic (after opt),445,391
ncih2170_jc_lap_ic50_24h_13,val,NCI-H2170,ncih2170_jc_lap_ic50_24h,Classic (after opt),192,128
ncih2170_jc_lap_ic50_24h_15,test,NCI-H2170,ncih2170_jc_lap_ic50_24h,Classic (after opt),84,101
ncih2170_jc_lap_ic50_24h_16,val,NCI-H2170,ncih2170_jc_lap_ic50_24h,Classic (after opt),92,69
ncih2170_jc_lap_ic50_24h_17,train,NCI-H2170,ncih2170_jc_lap_ic50_24h,Classic (after opt),54,68
ncih2170_jc_lap_ic50_24h_18,test,NCI-H2170,ncih2170_jc_lap_ic50_24h,Classic (after opt),107,133
ncih2170_jc_lap_ic50_24h_19,train,NCI-H2170,ncih2170_jc_lap_ic50_24h,Classic (after opt),82,86
ncih2170_jc_lap_ic50_24h_2,val,NCI-H2170,ncih2170_jc_lap_ic50_24h,Classic (after opt),110,88
ncih2170_jc_lap_ic50_24h_20,train,NCI-H2170,ncih2170_jc_lap_ic50_24h,Classic (after opt),177,123
ncih2170_jc_lap_ic50_24h_21,train,NCI-H2170,ncih2170_jc_lap_ic50_24h,Classic (after opt),242,170
ncih2170_jc_lap_ic50_24h_22,val,NCI-H2170,ncih2170_jc_lap_ic50_24h,Classic (after opt),177,120
ncih2170_jc_lap_ic50_24h_24,train,NCI-H2170,ncih2170_jc_lap_ic50_24h,Classic (after opt),97,71
ncih2170_jc_lap_ic50_24h_25,train,NCI-H2170,ncih2170_jc_lap_ic50_24h,Classic (after opt),107,97
ncih2170_jc_lap_ic50_24h_27,train,NCI-H2170,ncih2170_jc_lap_ic50_24h,Classic (after opt),65,57
ncih2170_jc_lap_ic50_24h_29f,train,NCI-H2170,ncih2170_jc_lap_ic50_24h_29f,Classic (after opt),101,82
ncih2170_jc_lap_ic50_24h_3,val,NCI-H2170,ncih2170_jc_lap_ic50_24h,Classic (after opt),108,81
ncih2170_jc_lap_ic50_24h_31,train,NCI-H2170,ncih2170_jc_lap_ic50_24h,Classic (after opt),132,97
ncih2170_jc_lap_ic50_24h_32,train,NCI-H2170,ncih2170_jc_lap_ic50_24h,Classic (after opt),54,56
ncih2170_jc_lap_ic50_24h_33,train,NCI-H2170,ncih2170_jc_lap_ic50_24h,Classic (after opt),185,111
ncih2170_jc_lap_ic50_24h_34,val,NCI-H2170,ncih2170_jc_lap_ic50_24h,Classic (after opt),123,114
ncih2170_jc_lap_ic50_24h_35,test,NCI-H2170,ncih2170_jc_lap_ic50_24h,Classic (after opt),135,114
ncih2170_jc_lap_ic50_24h_36,train,NCI-H2170,ncih2170_jc_lap_ic50_24h,Classic (after opt),36,72
ncih2170_jc_lap_ic50_24h_37,val,NCI-H2170,ncih2170_jc_lap_ic50_24h,Classic (after opt),147,111
ncih2170_jc_lap_ic50_24h_39,train,NCI-H2170,ncih2170_jc_lap_ic50_24h,Classic (after opt),122,260
ncih2170_jc_lap_ic50_24h_40,val,NCI-H2170,ncih2170_jc_lap_ic50_24h,Classic (after opt),173,128
ncih2170_jc_lap_ic50_24h_41,train,NCI-H2170,ncih2170_jc_lap_ic50_24h,Classic (after opt),185,119
ncih2170_jc_lap_ic50_24h_45,train,NCI-H2170,ncih2170_jc_lap_ic50_24h,Classic (after opt),145,79
ncih2170_jc_lap_ic50_24h_46,test,NCI-H2170,ncih2170_jc_lap_ic50_24h,Classic (after opt),151,89
ncih2170_jc_lap_ic50_24h_47,test,NCI-H2170,ncih2170_jc_lap_ic50_24h,Classic (after opt),175,94
ncih2170_jc_lap_ic50_24h_48,train,NCI-H2170,ncih2170_jc_lap_ic50_24h,Classic (after opt),97,82
ncih2170_jc_lap_ic50_24h_49,train,NCI-H2170,ncih2170_jc_lap_ic50_24h,Classic (after opt),40,34
ncih2170_jc_lap_ic50_24h_4_s,train,NCI-H2170,ncih2170_jc_lap_ic50_24h,Classic (after opt),41,66
ncih2170_jc_lap_ic50_24h_52,train,NCI-H2170,ncih2170_jc_lap_ic50_24h,Classic (after opt),150,86
ncih2170_jc_lap_ic50_24h_54,train,NCI-H2170,ncih2170_jc_lap_ic50_24h,Classic (after opt),75,50
ncih2170_jc_lap_ic50_24h_55,test,NCI-H2170,ncih2170_jc_lap_ic50_24h,Classic (after opt),55,128
ncih2170_jc_lap_ic50_24h_56,train,NCI-H2170,ncih2170_jc_lap_ic50_24h,Classic (after opt),70,71
ncih2170_jc_lap_ic50_24h_57,train,NCI-H2170,ncih2170_jc_lap_ic50_24h,Classic (after opt),202,158
ncih2170_jc_lap_ic50_24h_58,train,NCI-H2170,ncih2170_jc_lap_ic50_24h,Classic (after opt),390,195
ncih2170_jc_lap_ic50_24h_61,train,NCI-H2170,ncih2170_jc_lap_ic50_24h,Classic (after opt),165,126
ncih2170_jc_lap_ic50_24h_64,val,NCI-H2170,ncih2170_jc_lap_ic50_24h,Classic (after opt),195,110
ncih2170_jc_lap_ic50_24h_65,test,NCI-H2170,ncih2170_jc_lap_ic50_24h,Classic (after opt),318,227
ncih2170_jc_lap_ic50_24h_66,val,NCI-H2170,ncih2170_jc_lap_ic50_24h,Classic (after opt),102,77
ncih2170_jc_lap_ic50_24h_67,val,NCI-H2170,ncih2170_jc_lap_ic50_24h,Classic (after opt),303,172
ncih2170_jc_lap_ic50_24h_7,val,NCI-H2170,ncih2170_jc_lap_ic50_24h,Classic (after opt),152,121
ncih2170_jc_lap_ic50_24h_71,val,NCI-H2170,ncih2170_jc_lap_ic50_24h,Classic (after opt),236,158
ncih2170_jc_lap_ic50_24h_74,train,NCI-H2170,ncih2170_jc_lap_ic50_24h,Classic (after opt),152,97
ncih2170_jc_lap_ic50_24h_75,train,NCI-H2170,ncih2170_jc_lap_ic50_24h,Classic (after opt),177,107
ncih2170_jc_lap_ic50_24h_76,train,NCI-H2170,ncih2170_jc_lap_ic50_24h,Classic (after opt),258,168
ncih2170_jc_lap_ic50_24h_79,train,NCI-H2170,ncih2170_jc_lap_ic50_24h,Classic (after opt),110,70
ncih2170_jc_lap_ic50_24h_8,train,NCI-H2170,ncih2170_jc_lap_ic50_24h,Classic (after opt),68,47
ncih2170_jc_lap_ic50_24h_82,val,NCI-H2170,ncih2170_jc_lap_ic50_24h,Classic (after opt),233,137
ncih2170_jc_lap_ic50_24h_83,train,NCI-H2170,ncih2170_jc_lap_ic50_24h,Classic (after opt),111,128
ncih2170_jc_lap_ic50_24h_84,train,NCI-H2170,ncih2170_jc_lap_ic50_24h,Classic (after opt),161,131
ncih2170_jc_lap_ic50_24h_88,train,NCI-H2170,ncih2170_jc_lap_ic50_24h,Classic (after opt),239,161
ncih2170_jc_lap_ic50_24h_90,train,NCI-H2170,ncih2170_jc_lap_ic50_24h,Classic (after opt),283,173
ncih2170_jc_lap_ic50_24h_91,val,NCI-H2170,ncih2170_jc_lap_ic50_24h,Classic (after opt),123,107
ncih2170_jc_lap_ic50_24h_93,train,NCI-H2170,ncih2170_jc_lap_ic50_24h,Classic (after opt),259,182
ncih2170_jc_lap_ic50_24h_96,train,NCI-H2170,ncih2170_jc_lap_ic50_24h,Classic (after opt),261,160
ncih2170_jc_lap_ic50_24h_99,train,NCI-H2170,ncih2170_jc_lap_ic50_24h,Classic (after opt),89,83
ncih2170_jc_ner_ic50_24h_1,test,NCI-H2170,ncih2170_jc_ner_ic50_24h,Classic (after opt),61,113
ncih2170_jc_ner_ic50_24h_2,val,NCI-H2170,ncih2170_jc_ner_ic50_24h,Classic (after opt),314,236
ncih2170_jc_ner_ic50_24h_21,train,NCI-H2170,ncih2170_jc_ner_ic50_24h,Classic (after opt),475,321
ncih2170_jc_ner_ic50_24h_28,train,NCI-H2170,ncih2170_jc_ner_ic50_24h,Classic (after opt),62,63
ncih2170_jc_ner_ic50_24h_3,train,NCI-H2170,ncih2170_jc_ner_ic50_24h,Classic (after opt),574,381
ncih2170_jc_ner_ic50_24h_47,train,NCI-H2170,ncih2170_jc_ner_ic50_24h,Classic (after opt),212,136
ncih2170_jc_ner_ic50_24h_50,test,NCI-H2170,ncih2170_jc_ner_ic50_24h,Classic (after opt),105,115
ncih2170_jc_ner_ic50_24h_51,train,NCI-H2170,ncih2170_jc_ner_ic50_24h,Classic (after opt),166,116
ncih2170_jc_ner_ic50_24h_53,train,NCI-H2170,ncih2170_jc_ner_ic50_24h,Classic (after opt),182,154
ncih2170_jc_ner_ic50_24h_54,test,NCI-H2170,ncih2170_jc_ner_ic50_24h,Classic (after opt),86,173
ncih2170_jc_ner_ic50_24h_6,train,NCI-H2170,ncih2170_jc_ner_ic50_24h,Classic (after opt),109,97
ncih2170_jc_ner_ic50_24h_7,train,NCI-H2170,ncih2170_jc_ner_ic50_24h,Classic (after opt),137,86
ncih2170_jc_ner_ic50_24h_72,train,NCI-H2170,ncih2170_jc_ner_ic50_24h,Classic (after opt),143,141
ncih2170_jc_ner_ic50_24h_73,train,NCI-H2170,ncih2170_jc_ner_ic50_24h,Classic (after opt),78,120
ncih2170_jc_ner_ic50_24h_80,train,NCI-H2170,ncih2170_jc_ner_ic50_24h,Classic (after opt),129,104
ncih2170_jc_ner_ic50_24h_9,train,NCI-H2170,ncih2170_jc_ner_ic50_24h,Classic (after opt),168,129
ncih2170_jc_ner_ic50_72h_32,val,NCI-H2170,ncih2170_jc_ner_ic50_72h,Classic (after opt),158,143
ncih2170_jc_ner_ic50_72h_39,train,NCI-H2170,ncih2170_jc_ner_ic50_72h,Classic (after opt),396,209
ncih2170_jc_ner_ic50_72h_40,train,NCI-H2170,ncih2170_jc_ner_ic50_72h,Classic (after opt),349,196
ncih2170_jc_ner_ic50_72h_63,val,NCI-H2170,ncih2170_jc_ner_ic50_72h,Classic (after opt),148,122
ncih2170_jc_ner_ic50_72h_66,train,NCI-H2170,ncih2170_jc_ner_ic50_72h,Classic (after opt),163,136
ncih2170_jc_ner_ic50_72h_75,train,NCI-H2170,ncih2170_jc_ner_ic50_72h,Classic (after opt),233,163
ncih2170_jc_ner_ic50_72h_89,train,NCI-H2170,ncih2170_jc_ner_ic50_72h,Classic (after opt),1687,1022
ncih2170_jc_ner_ic50_72h_92,train,NCI-H2170,ncih2170_jc_ner_ic50_72h,Classic (after opt),233,194
ncih2170_post_facs_fish_high_her2_g3_28,test,NCI-H2170,ncih2170_post_facs_fish_high_her2_g3,Classic (after opt),89,58
ncih2170_post_facs_fish_high_her2_g3_42,train,NCI-H2170,ncih2170_post_facs_fish_high_her2_g3,Classic (after opt),611,386
ncih2170_post_facs_fish_high_her2_g3_54,val,NCI-H2170,ncih2170_post_facs_fish_high_her2_g3,Classic (after opt),359,253
ncih2170_post_facs_fish_high_her2_g3_61,train,NCI-H2170,ncih2170_post_facs_fish_high_her2_g3,Classic (after opt),186,140
ncih2170_post_facs_fish_high_her2_g3_65,train,NCI-H2170,ncih2170_post_facs_fish_high_her2_g3,Classic (after opt),88,76
ncih2170_post_facs_fish_low_her2_g3_1,test,NCI-H2170,ncih2170_post_facs_fish_low_her2_g3,Classic (after opt),170,142
ncih2170_post_facs_fish_low_her2_g3_101,train,NCI-H2170,ncih2170_post_facs_fish_low_her2_g3,Classic (after opt),153,133
ncih2170_post_facs_fish_low_her2_g3_36,train,NCI-H2170,ncih2170_post_facs_fish_low_her2_g3,Classic (after opt),179,117
ncih2170_post_facs_fish_low_her2_g3_39,train,NCI-H2170,ncih2170_post_facs_fish_low_her2_g3,Classic (after opt),191,159
ncih2170_post_facs_fish_low_her2_g3_53,val,NCI-H2170,ncih2170_post_facs_fish_low_her2_g3,Classic (after opt),61,57
ncih2170_post_facs_fish_low_her2_g3_55,val,NCI-H2170,ncih2170_post_facs_fish_low_her2_g3,Classic (after opt),54,43
ncih2170_post_facs_fish_low_her2_g3_59,train,NCI-H2170,ncih2170_post_facs_fish_low_her2_g3,Classic (after opt),45,35
ncih2170_post_facs_fish_low_her2_g3_6,train,NCI-H2170,ncih2170_post_facs_fish_low_her2_g3,Classic (after opt),479,317
ncih2170_post_facs_fish_low_her2_g3_68,train,NCI-H2170,ncih2170_post_facs_fish_low_her2_g3,Classic (after opt),49,45
ncih2170_post_facs_fish_low_her2_g3_79,train,NCI-H2170,ncih2170_post_facs_fish_low_her2_g3,Classic (after opt),209,227
ncih2170_post_facs_fish_low_her2_g3_82,train,NCI-H2170,ncih2170_post_facs_fish_low_her2_g3,Classic (after opt),75,74
ncih2170_post_facs_fish_low_her2_g3_87,val,NCI-H2170,ncih2170_post_facs_fish_low_her2_g3,Classic (after opt),52,44
ncih716_jc_alo_8nm_24h_11,test,NCI-H716,ncih716_jc_alo_8nm_24h,Classic (after opt),210,217
ncih716_jc_alo_8nm_24h_12,train,NCI-H716,ncih716_jc_alo_8nm_24h,Classic (after opt),191,199
ncih716_jc_alo_8nm_24h_13,test,NCI-H716,ncih716_jc_alo_8nm_24h,Classic (after opt),163,182
ncih716_jc_alo_8nm_24h_16,val,NCI-H716,ncih716_jc_alo_8nm_24h,Classic (after opt),152,141
ncih716_jc_alo_8nm_24h_17,train,NCI-H716,ncih716_jc_alo_8nm_24h,Classic (after opt),231,205
ncih716_jc_alo_8nm_24h_5,train,NCI-H716,ncih716_jc_alo_8nm_24h,Classic (after opt),128,111
ncih716_jc_ctrl_1_10,train,NCI-H716,ncih716_jc_ctrl_1,Classic (after opt),386,386
ncih716_jc_ctrl_1_13,train,NCI-H716,ncih716_jc_ctrl_1,Classic (after opt),211,247
ncih716_jc_ctrl_1_16,train,NCI-H716,ncih716_jc_ctrl_1,Classic (after opt),182,221
ncih716_jc_ctrl_1_19,val,NCI-H716,ncih716_jc_ctrl_1,Classic (after opt),207,261
ncih716_jc_ctrl_1_2,train,NCI-H716,ncih716_jc_ctrl_1,Classic (after opt),131,199
ncih716_jc_ctrl_1_21,train,NCI-H716,ncih716_jc_ctrl_1,Classic (after opt),195,280
ncih716_jc_ctrl_1_23,test,NCI-H716,ncih716_jc_ctrl_1,Classic (after opt),185,224
ncih716_jc_ctrl_1_24,train,NCI-H716,ncih716_jc_ctrl_1,Classic (after opt),350,342
ncih716_jc_ctrl_1_27,train,NCI-H716,ncih716_jc_ctrl_1,Classic (after opt),281,308
ncih716_jc_ctrl_1_3,train,NCI-H716,ncih716_jc_ctrl_1,Classic (after opt),127,150
ncih716_jc_ctrl_1_42,train,NCI-H716,ncih716_jc_ctrl_1,Classic (after opt),178,203
ncih716_jc_ctrl_1_43,train,NCI-H716,ncih716_jc_ctrl_1,Classic (after opt),194,256
ncih716_jc_ctrl_1_44_a,val,NCI-H716,ncih716_jc_ctrl_1,Classic (after opt),132,138
ncih716_jc_ctrl_1_45,test,NCI-H716,ncih716_jc_ctrl_1,Classic (after opt),101,105
ncih716_jc_ctrl_1_46,val,NCI-H716,ncih716_jc_ctrl_1,Classic (after opt),144,147
ncih716_jc_ctrl_1_48,train,NCI-H716,ncih716_jc_ctrl_1,Classic (after opt),163,157
ncih716_jc_ctrl_1_5,train,NCI-H716,ncih716_jc_ctrl_1,Classic (after opt),179,163
ncih716_jc_ctrl_1_54,train,NCI-H716,ncih716_jc_ctrl_1,Classic (after opt),134,163
ncih716_jc_ctrl_1_55,train,NCI-H716,ncih716_jc_ctrl_1,Classic (after opt),76,84
ncih716_jc_ctrl_1_56,train,NCI-H716,ncih716_jc_ctrl_1,Classic (after opt),239,326
ncih716_jc_ctrl_1_57,train,NCI-H716,ncih716_jc_ctrl_1,Classic (after opt),137,136
ncih716_jc_ctrl_1_59,train,NCI-H716,ncih716_jc_ctrl_1,Classic (after opt),211,275
ncih716_jc_ctrl_1_62,train,NCI-H716,ncih716_jc_ctrl_1,Classic (after opt),172,159
ncih716_jc_ctrl_1_64,val,NCI-H716,ncih716_jc_ctrl_1,Classic (after opt),148,153
ncih716_jc_ctrl_1_66,test,NCI-H716,ncih716_jc_ctrl_1,Classic (after opt),236,244
ncih716_jc_ctrl_1_68,val,NCI-H716,ncih716_jc_ctrl_1,Classic (after opt),202,205
ncih716_jc_ctrl_1_72,test,NCI-H716,ncih716_jc_ctrl_1,Classic (after opt),150,157
ncih716_jc_ctrl_1_74,train,NCI-H716,ncih716_jc_ctrl_1,Classic (after opt),369,355
ncih716_jc_ctrl_1_76,train,NCI-H716,ncih716_jc_ctrl_1,Classic (after opt),172,182
ncih716_jc_ctrl_2_10,train,NCI-H716,ncih716_jc_ctrl_2,Classic (after opt),116,117
ncih716_jc_ctrl_2_11,test,NCI-H716,ncih716_jc_ctrl_2,Classic (after opt),139,115
ncih716_jc_ctrl_2_12,val,NCI-H716,ncih716_jc_ctrl_2,Classic (after opt),166,151
ncih716_jc_ctrl_2_16,train,NCI-H716,ncih716_jc_ctrl_2,Classic (after opt),213,267
ncih716_jc_ctrl_2_18,train,NCI-H716,ncih716_jc_ctrl_2,Classic (after opt),131,153
ncih716_jc_ctrl_2_22,train,NCI-H716,ncih716_jc_ctrl_2,Classic (after opt),135,138
ncih716_jc_ctrl_2_23,train,NCI-H716,ncih716_jc_ctrl_2,Classic (after opt),129,131
ncih716_jc_ctrl_2_24,val,NCI-H716,ncih716_jc_ctrl_2,Classic (after opt),166,171
ncih716_jc_ctrl_2_25,test,NCI-H716,ncih716_jc_ctrl_2,Classic (after opt),171,181
ncih716_jc_ctrl_2_27,train,NCI-H716,ncih716_jc_ctrl_2,Classic (after opt),291,270
ncih716_jc_ctrl_2_28,train,NCI-H716,ncih716_jc_ctrl_2,Classic (after opt),223,196
ncih716_jc_ctrl_2_29,val,NCI-H716,ncih716_jc_ctrl_2,Classic (after opt),214,205
ncih716_jc_ctrl_2_30,test,NCI-H716,ncih716_jc_ctrl_2,Classic (after opt),71,99
ncih716_jc_ctrl_2_32,train,NCI-H716,ncih716_jc_ctrl_2,Classic (after opt),132,127
ncih716_jc_ctrl_2_33,train,NCI-H716,ncih716_jc_ctrl_2,Classic (after opt),176,142
ncih716_jc_ctrl_2_36,train,NCI-H716,ncih716_jc_ctrl_2,Classic (after opt),262,275
ncih716_jc_ctrl_2_37,train,NCI-H716,ncih716_jc_ctrl_2,Classic (after opt),468,463
ncih716_jc_ctrl_2_39,train,NCI-H716,ncih716_jc_ctrl_2,Classic (after opt),273,310
ncih716_jc_ctrl_2_40,train,NCI-H716,ncih716_jc_ctrl_2,Classic (after opt),89,85
ncih716_jc_ctrl_2_41,train,NCI-H716,ncih716_jc_ctrl_2,Classic (after opt),132,131
ncih716_jc_ctrl_2_43,train,NCI-H716,ncih716_jc_ctrl_2,Classic (after opt),144,163
ncih716_jc_ctrl_2_45,train,NCI-H716,ncih716_jc_ctrl_2,Classic (after opt),179,179
ncih716_jc_ctrl_2_46,train,NCI-H716,ncih716_jc_ctrl_2,Classic (after opt),72,70
ncih716_jc_ctrl_2_47,train,NCI-H716,ncih716_jc_ctrl_2,Classic (after opt),135,130
ncih716_jc_ctrl_2_48,train,NCI-H716,ncih716_jc_ctrl_2,Classic (after opt),322,348
ncih716_jc_ctrl_2_49,val,NCI-H716,ncih716_jc_ctrl_2,Classic (after opt),169,143
ncih716_jc_ctrl_2_5,train,NCI-H716,ncih716_jc_ctrl_2,Classic (after opt),368,368
ncih716_jc_ctrl_2_50,train,NCI-H716,ncih716_jc_ctrl_2,Classic (after opt),177,159
ncih716_jc_ctrl_2_51,train,NCI-H716,ncih716_jc_ctrl_2,Classic (after opt),181,140
ncih716_jc_ctrl_2_54,train,NCI-H716,ncih716_jc_ctrl_2,Classic (after opt),274,258
ncih716_jc_ctrl_2_55,train,NCI-H716,ncih716_jc_ctrl_2,Classic (after opt),120,104
ncih716_jc_ctrl_2_56,train,NCI-H716,ncih716_jc_ctrl_2,Classic (after opt),349,395
ncih716_jc_ctrl_2_58,test,NCI-H716,ncih716_jc_ctrl_2,Classic (after opt),166,169
ncih716_jc_ctrl_2_8,test,NCI-H716,ncih716_jc_ctrl_2,Classic (after opt),110,111
ncih716_jc_ctrl_2_9,train,NCI-H716,ncih716_jc_ctrl_2,Classic (after opt),210,210
snu16_jc_arv771_800picom_24h_4,train,SNU16,snu16_jc_arv771_800picom_24h,Classic (after opt),124,72
snu16_jc_ctrl_10,train,SNU16,snu16_jc_ctrl,Classic (after opt),376,315
snu16_jc_ctrl_102,train,SNU16,snu16_jc_ctrl,Classic (after opt),271,244
snu16_jc_ctrl_103,train,SNU16,snu16_jc_ctrl,Classic (after opt),206,189
snu16_jc_ctrl_107,train,SNU16,snu16_jc_ctrl,Classic (after opt),370,389
snu16_jc_ctrl_108,train,SNU16,snu16_jc_ctrl,Classic (after opt),635,635
snu16_jc_ctrl_112,train,SNU16,snu16_jc_ctrl,Classic (after opt),1231,1108
snu16_jc_ctrl_114,test,SNU16,snu16_jc_ctrl,Classic (after opt),670,567
snu16_jc_ctrl_119,val,SNU16,snu16_jc_ctrl,Classic (after opt),415,596
snu16_jc_ctrl_120,train,SNU16,snu16_jc_ctrl,Classic (after opt),244,225
snu16_jc_ctrl_122,train,SNU16,snu16_jc_ctrl,Classic (after opt),209,191
snu16_jc_ctrl_124,test,SNU16,snu16_jc_ctrl,Classic (after opt),191,207
snu16_jc_ctrl_126,train,SNU16,snu16_jc_ctrl,Classic (after opt),181,175
snu16_jc_ctrl_127,train,SNU16,snu16_jc_ctrl,Classic (after opt),372,384
snu16_jc_ctrl_129,train,SNU16,snu16_jc_ctrl,Classic (after opt),224,174
snu16_jc_ctrl_13,val,SNU16,snu16_jc_ctrl,Classic (after opt),380,210
snu16_jc_ctrl_131,train,SNU16,snu16_jc_ctrl,Classic (after opt),225,363
snu16_jc_ctrl_132,train,SNU16,snu16_jc_ctrl,Classic (after opt),311,257
snu16_jc_ctrl_135,val,SNU16,snu16_jc_ctrl,Classic (after opt),366,367
snu16_jc_ctrl_136,train,SNU16,snu16_jc_ctrl,Classic (after opt),317,249
snu16_jc_ctrl_139,val,SNU16,snu16_jc_ctrl,Classic (after opt),254,218
snu16_jc_ctrl_144,train,SNU16,snu16_jc_ctrl,Classic (after opt),123,100
snu16_jc_ctrl_147,train,SNU16,snu16_jc_ctrl,Classic (after opt),268,193
snu16_jc_ctrl_15,train,SNU16,snu16_jc_ctrl,Classic (after opt),471,376
snu16_jc_ctrl_20,train,SNU16,snu16_jc_ctrl,Classic (after opt),990,601
snu16_jc_ctrl_23,train,SNU16,snu16_jc_ctrl,Classic (after opt),223,202
snu16_jc_ctrl_24,train,SNU16,snu16_jc_ctrl,Classic (after opt),251,238
snu16_jc_ctrl_25,train,SNU16,snu16_jc_ctrl,Classic (after opt),341,313
snu16_jc_ctrl_26,train,SNU16,snu16_jc_ctrl,Classic (after opt),170,133
snu16_jc_ctrl_30,train,SNU16,snu16_jc_ctrl,Classic (after opt),214,178
snu16_jc_ctrl_32,train,SNU16,snu16_jc_ctrl,Classic (after opt),265,243
snu16_jc_ctrl_35,test,SNU16,snu16_jc_ctrl,Classic (after opt),324,282
snu16_jc_ctrl_37,train,SNU16,snu16_jc_ctrl,Classic (after opt),320,611
snu16_jc_ctrl_38,train,SNU16,snu16_jc_ctrl,Classic (after opt),178,156
snu16_jc_ctrl_39,train,SNU16,snu16_jc_ctrl,Classic (after opt),271,241
snu16_jc_ctrl_40,test,SNU16,snu16_jc_ctrl,Classic (after opt),270,182
snu16_jc_ctrl_42,train,SNU16,snu16_jc_ctrl,Classic (after opt),90,82
snu16_jc_ctrl_43,train,SNU16,snu16_jc_ctrl,Classic (after opt),105,106
snu16_jc_ctrl_45,test,SNU16,snu16_jc_ctrl,Classic (after opt),125,89
snu16_jc_ctrl_46,test,SNU16,snu16_jc_ctrl,Classic (after opt),309,317
snu16_jc_ctrl_47,train,SNU16,snu16_jc_ctrl,Classic (after opt),392,281
snu16_jc_ctrl_48,train,SNU16,snu16_jc_ctrl,Classic (after opt),321,324
snu16_jc_ctrl_50,test,SNU16,snu16_jc_ctrl,Classic (after opt),158,112
snu16_jc_ctrl_52,train,SNU16,snu16_jc_ctrl,Classic (after opt),207,210
snu16_jc_ctrl_53,train,SNU16,snu16_jc_ctrl,Classic (after opt),637,574
snu16_jc_ctrl_54,train,SNU16,snu16_jc_ctrl,Classic (after opt),151,135
snu16_jc_ctrl_55,train,SNU16,snu16_jc_ctrl,Classic (after opt),241,292
snu16_jc_ctrl_56,train,SNU16,snu16_jc_ctrl,Classic (after opt),256,239
snu16_jc_ctrl_57,train,SNU16,snu16_jc_ctrl,Classic (after opt),222,170
snu16_jc_ctrl_59,train,SNU16,snu16_jc_ctrl,Classic (after opt),297,494
snu16_jc_ctrl_60,val,SNU16,snu16_jc_ctrl,Classic (after opt),97,192
snu16_jc_ctrl_61,train,SNU16,snu16_jc_ctrl,Classic (after opt),144,203
snu16_jc_ctrl_63,train,SNU16,snu16_jc_ctrl,Classic (after opt),190,196
snu16_jc_ctrl_65,train,SNU16,snu16_jc_ctrl,Classic (after opt),413,519
snu16_jc_ctrl_67,train,SNU16,snu16_jc_ctrl,Classic (after opt),267,304
snu16_jc_ctrl_69,test,SNU16,snu16_jc_ctrl,Classic (after opt),325,371
snu16_jc_ctrl_70,test,SNU16,snu16_jc_ctrl,Classic (after opt),238,230
snu16_jc_ctrl_72,test,SNU16,snu16_jc_ctrl,Classic (after opt),166,314
snu16_jc_ctrl_74,val,SNU16,snu16_jc_ctrl,Classic (after opt),222,110
snu16_jc_ctrl_76,train,SNU16,snu16_jc_ctrl,Classic (after opt),148,200
snu16_jc_ctrl_78,train,SNU16,snu16_jc_ctrl,Classic (after opt),144,158
snu16_jc_ctrl_79,train,SNU16,snu16_jc_ctrl,Classic (after opt),289,387
snu16_jc_ctrl_8,val,SNU16,snu16_jc_ctrl,Classic (after opt),232,264
snu16_jc_ctrl_83,test,SNU16,snu16_jc_ctrl,Classic (after opt),140,457
snu16_jc_ctrl_84,train,SNU16,snu16_jc_ctrl,Classic (after opt),212,305
snu16_jc_ctrl_86,train,SNU16,snu16_jc_ctrl,Classic (after opt),227,206
snu16_jc_ctrl_87,train,SNU16,snu16_jc_ctrl,Classic (after opt),241,395
snu16_jc_ctrl_89,train,SNU16,snu16_jc_ctrl,Classic (after opt),303,351
snu16_jc_ctrl_9,val,SNU16,snu16_jc_ctrl,Classic (after opt),161,140
snu16_jc_ctrl_91,test,SNU16,snu16_jc_ctrl,Classic (after opt),422,394
snu16_jc_ctrl_92,val,SNU16,snu16_jc_ctrl,Classic (after opt),382,440
snu16_jc_ctrl_95,train,SNU16,snu16_jc_ctrl,Classic (after opt),664,647
snu16_jc_ctrl_98,train,SNU16,snu16_jc_ctrl,Classic (after opt),459,393
snu16_jc_jq1_ic50_24h_10,train,SNU16,snu16_jc_jq1_ic50_24h,Classic (after opt),228,213
snu16_jc_jq1_ic50_24h_100,train,SNU16,snu16_jc_jq1_ic50_24h,Classic (after opt),97,119
snu16_jc_jq1_ic50_24h_102,test,SNU16,snu16_jc_jq1_ic50_24h,Classic (after opt),177,225
snu16_jc_jq1_ic50_24h_104,train,SNU16,snu16_jc_jq1_ic50_24h,Classic (after opt),481,530
snu16_jc_jq1_ic50_24h_109,train,SNU16,snu16_jc_jq1_ic50_24h,Classic (after opt),261,242
snu16_jc_jq1_ic50_24h_115,train,SNU16,snu16_jc_jq1_ic50_24h,Classic (after opt),230,211
snu16_jc_jq1_ic50_24h_117,train,SNU16,snu16_jc_jq1_ic50_24h,Classic (after opt),118,99
snu16_jc_jq1_ic50_24h_118,val,SNU16,snu16_jc_jq1_ic50_24h,Classic (after opt),221,218
snu16_jc_jq1_ic50_24h_120,test,SNU16,snu16_jc_jq1_ic50_24h,Classic (after opt),193,202
snu16_jc_jq1_ic50_24h_128,train,SNU16,snu16_jc_jq1_ic50_24h,Classic (after opt),77,79
snu16_jc_jq1_ic50_24h_16,val,SNU16,snu16_jc_jq1_ic50_24h,Classic (after opt),705,625
snu16_jc_jq1_ic50_24h_19,test,SNU16,snu16_jc_jq1_ic50_24h,Classic (after opt),271,258
snu16_jc_jq1_ic50_24h_2,train,SNU16,snu16_jc_jq1_ic50_24h,Classic (after opt),110,111
snu16_jc_jq1_ic50_24h_21,train,SNU16,snu16_jc_jq1_ic50_24h,Classic (after opt),172,121
snu16_jc_jq1_ic50_24h_26,train,SNU16,snu16_jc_jq1_ic50_24h,Classic (after opt),301,286
snu16_jc_jq1_ic50_24h_28,train,SNU16,snu16_jc_jq1_ic50_24h,Classic (after opt),433,329
snu16_jc_jq1_ic50_24h_29,train,SNU16,snu16_jc_jq1_ic50_24h,Classic (after opt),286,212
snu16_jc_jq1_ic50_24h_33_a,train,SNU16,snu16_jc_jq1_ic50_24h,Classic (after opt),527,487
snu16_jc_jq1_ic50_24h_40,test,SNU16,snu16_jc_jq1_ic50_24h,Classic (after opt),183,166
snu16_jc_jq1_ic50_24h_44,val,SNU16,snu16_jc_jq1_ic50_24h,Classic (after opt),426,516
snu16_jc_jq1_ic50_24h_45,train,SNU16,snu16_jc_jq1_ic50_24h,Classic (after opt),374,348
snu16_jc_jq1_ic50_24h_5,train,SNU16,snu16_jc_jq1_ic50_24h,Classic (after opt),434,320
snu16_jc_jq1_ic50_24h_51,test,SNU16,snu16_jc_jq1_ic50_24h,Classic (after opt),499,489
snu16_jc_jq1_ic50_24h_52,train,SNU16,snu16_jc_jq1_ic50_24h,Classic (after opt),279,285
snu16_jc_jq1_ic50_24h_54,val,SNU16,snu16_jc_jq1_ic50_24h,Classic (after opt),274,305
snu16_jc_jq1_ic50_24h_55,val,SNU16,snu16_jc_jq1_ic50_24h,Classic (after opt),189,176
snu16_jc_jq1_ic50_24h_56,test,SNU16,snu16_jc_jq1_ic50_24h,Classic (after opt),150,157
snu16_jc_jq1_ic50_24h_57,train,SNU16,snu16_jc_jq1_ic50_24h,Classic (after opt),101,148
snu16_jc_jq1_ic50_24h_6,train,SNU16,snu16_jc_jq1_ic50_24h,Classic (after opt),313,287
snu16_jc_jq1_ic50_24h_61_a,train,SNU16,snu16_jc_jq1_ic50_24h,Classic (after opt),112,155
snu16_jc_jq1_ic50_24h_66,val,SNU16,snu16_jc_jq1_ic50_24h,Classic (after opt),238,257
snu16_jc_jq1_ic50_24h_67,test,SNU16,snu16_jc_jq1_ic50_24h,Classic (after opt),213,196
snu16_jc_jq1_ic50_24h_68,train,SNU16,snu16_jc_jq1_ic50_24h,Classic (after opt),313,314
snu16_jc_jq1_ic50_24h_69,train,SNU16,snu16_jc_jq1_ic50_24h,Classic (after opt),444,467
snu16_jc_jq1_ic50_24h_70,train,SNU16,snu16_jc_jq1_ic50_24h,Classic (after opt),242,258
snu16_jc_jq1_ic50_24h_72,train,SNU16,snu16_jc_jq1_ic50_24h,Classic (after opt),368,355
snu16_jc_jq1_ic50_24h_75,train,SNU16,snu16_jc_jq1_ic50_24h,Classic (after opt),394,394
snu16_jc_jq1_ic50_24h_76,train,SNU16,snu16_jc_jq1_ic50_24h,Classic (after opt),101,118
snu16_jc_jq1_ic50_24h_8,train,SNU16,snu16_jc_jq1_ic50_24h,Classic (after opt),663,639
snu16_jc_jq1_ic50_24h_81,train,SNU16,snu16_jc_jq1_ic50_24h,Classic (after opt),142,113
snu16_jc_jq1_ic50_24h_87,train,SNU16,snu16_jc_jq1_ic50_24h,Classic (after opt),225,233
snu16_jc_jq1_ic50_24h_88,train,SNU16,snu16_jc_jq1_ic50_24h,Classic (after opt),57,57
snu16_jc_jq1_ic50_24h_89,train,SNU16,snu16_jc_jq1_ic50_24h,Classic (after opt),203,216
snu16_jc_jq1_ic50_24h_9,val,SNU16,snu16_jc_jq1_ic50_24h,Classic (after opt),239,222
snu16_jc_jq1_ic50_24h_90,train,SNU16,snu16_jc_jq1_ic50_24h,Classic (after opt),141,138
snu16_jc_jq1_ic50_24h_91,train,SNU16,snu16_jc_jq1_ic50_24h,Classic (after opt),111,102
snu16_jc_jq1_ic50_24h_94,train,SNU16,snu16_jc_jq1_ic50_24h,Classic (after opt),141,146
snu16_jc_jq1_ic50_24h_96,val,SNU16,snu16_jc_jq1_ic50_24h,Classic (after opt),174,235
snu16_jc_jq1_ic50_24h_97,train,SNU16,snu16_jc_jq1_ic50_24h,Classic (after opt),157,176
snu16_jc_jq1_ic50_24h_98,val,SNU16,snu16_jc_jq1_ic50_24h,Classic (after opt),237,281
colo320dm_qpcr_jq1_24h_ctrl_100,train,COLO320DM,colo320dm_qpcr_jq1_24h_ctrl,ecSeg,63,11
colo320dm_qpcr_jq1_24h_ctrl_101,train,COLO320DM,colo320dm_qpcr_jq1_24h_ctrl,ecSeg,45,0
colo320dm_qpcr_jq1_24h_ctrl_103,train,COLO320DM,colo320dm_qpcr_jq1_24h_ctrl,ecSeg,39,0
colo320dm_qpcr_jq1_24h_ctrl_105,val,COLO320DM,colo320dm_qpcr_jq1_24h_ctrl,ecSeg,59,0
colo320dm_qpcr_jq1_24h_ctrl_109,val,COLO320DM,colo320dm_qpcr_jq1_24h_ctrl,ecSeg,71,1
colo320dm_qpcr_jq1_24h_ctrl_110,train,COLO320DM,colo320dm_qpcr_jq1_24h_ctrl,ecSeg,27,0
colo320dm_qpcr_jq1_24h_ctrl_111,train,COLO320DM,colo320dm_qpcr_jq1_24h_ctrl,ecSeg,80,18
colo320dm_qpcr_jq1_24h_ctrl_112,train,COLO320DM,colo320dm_qpcr_jq1_24h_ctrl,ecSeg,83,0
colo320dm_qpcr_jq1_24h_ctrl_114,test,COLO320DM,colo320dm_qpcr_jq1_24h_ctrl,ecSeg,107,2
colo320dm_qpcr_jq1_24h_ctrl_12,train,COLO320DM,colo320dm_qpcr_jq1_24h_ctrl,ecSeg,16,2
colo320dm_qpcr_jq1_24h_ctrl_17,val,COLO320DM,colo320dm_qpcr_jq1_24h_ctrl,ecSeg,13,0
colo320dm_qpcr_jq1_24h_ctrl_18,train,COLO320DM,colo320dm_qpcr_jq1_24h_ctrl,ecSeg,51,14
colo320dm_qpcr_jq1_24h_ctrl_21,val,COLO320DM,colo320dm_qpcr_jq1_24h_ctrl,ecSeg,40,0
colo320dm_qpcr_jq1_24h_ctrl_22,train,COLO320DM,colo320dm_qpcr_jq1_24h_ctrl,ecSeg,65,0
colo320dm_qpcr_jq1_24h_ctrl_23,test,COLO320DM,colo320dm_qpcr_jq1_24h_ctrl,ecSeg,57,0
colo320dm_qpcr_jq1_24h_ctrl_25,train,COLO320DM,colo320dm_qpcr_jq1_24h_ctrl,ecSeg,53,14
colo320dm_qpcr_jq1_24h_ctrl_26,train,COLO320DM,colo320dm_qpcr_jq1_24h_ctrl,ecSeg,22,3
colo320dm_qpcr_jq1_24h_ctrl_27,val,COLO320DM,colo320dm_qpcr_jq1_24h_ctrl,ecSeg,18,17
colo320dm_qpcr_jq1_24h_ctrl_28,train,COLO320DM,colo320dm_qpcr_jq1_24h_ctrl,ecSeg,35,16
colo320dm_qpcr_jq1_24h_ctrl_3,train,COLO320DM,colo320dm_qpcr_jq1_24h_ctrl,ecSeg,144,63
colo320dm_qpcr_jq1_24h_ctrl_31,val,COLO320DM,colo320dm_qpcr_jq1_24h_ctrl,ecSeg,143,33
colo320dm_qpcr_jq1_24h_ctrl_33,test,COLO320DM,colo320dm_qpcr_jq1_24h_ctrl,ecSeg,24,2
colo320dm_qpcr_jq1_24h_ctrl_35,val,COLO320DM,colo320dm_qpcr_jq1_24h_ctrl,ecSeg,57,21
colo320dm_qpcr_jq1_24h_ctrl_36,train,COLO320DM,colo320dm_qpcr_jq1_24h_ctrl,ecSeg,59,2
colo320dm_qpcr_jq1_24h_ctrl_37,train,COLO320DM,colo320dm_qpcr_jq1_24h_ctrl,ecSeg,12,2
colo320dm_qpcr_jq1_24h_ctrl_38,train,COLO320DM,colo320dm_qpcr_jq1_24h_ctrl,ecSeg,41,11
colo320dm_qpcr_jq1_24h_ctrl_39,test,COLO320DM,colo320dm_qpcr_jq1_24h_ctrl,ecSeg,41,0
colo320dm_qpcr_jq1_24h_ctrl_4,train,COLO320DM,colo320dm_qpcr_jq1_24h_ctrl,ecSeg,46,10
colo320dm_qpcr_jq1_24h_ctrl_41,train,COLO320DM,colo320dm_qpcr_jq1_24h_ctrl,ecSeg,101,7
colo320dm_qpcr_jq1_24h_ctrl_43,train,COLO320DM,colo320dm_qpcr_jq1_24h_ctrl,ecSeg,44,20
colo320dm_qpcr_jq1_24h_ctrl_47,test,COLO320DM,colo320dm_qpcr_jq1_24h_ctrl,ecSeg,22,1
colo320dm_qpcr_jq1_24h_ctrl_48,test,COLO320DM,colo320dm_qpcr_jq1_24h_ctrl,ecSeg,32,0
colo320dm_qpcr_jq1_24h_ctrl_49,train,COLO320DM,colo320dm_qpcr_jq1_24h_ctrl,ecSeg,74,51
colo320dm_qpcr_jq1_24h_ctrl_50,train,COLO320DM,colo320dm_qpcr_jq1_24h_ctrl,ecSeg,7,0
colo320dm_qpcr_jq1_24h_ctrl_55,train,COLO320DM,colo320dm_qpcr_jq1_24h_ctrl,ecSeg,34,0
colo320dm_qpcr_jq1_24h_ctrl_58,train,COLO320DM,colo320dm_qpcr_jq1_24h_ctrl,ecSeg,15,0
colo320dm_qpcr_jq1_24h_ctrl_65,train,COLO320DM,colo320dm_qpcr_jq1_24h_ctrl,ecSeg,30,15
colo320dm_qpcr_jq1_24h_ctrl_66_a,train,COLO320DM,colo320dm_qpcr_jq1_24h_ctrl,ecSeg,61,8
colo320dm_qpcr_jq1_24h_ctrl_67,test,COLO320DM,colo320dm_qpcr_jq1_24h_ctrl,ecSeg,91,14
colo320dm_qpcr_jq1_24h_ctrl_69,test,COLO320DM,colo320dm_qpcr_jq1_24h_ctrl,ecSeg,54,3
colo320dm_qpcr_jq1_24h_ctrl_72,train,COLO320DM,colo320dm_qpcr_jq1_24h_ctrl,ecSeg,37,3
colo320dm_qpcr_jq1_24h_ctrl_75,train,COLO320DM,colo320dm_qpcr_jq1_24h_ctrl,ecSeg,47,11
colo320dm_qpcr_jq1_24h_ctrl_78_a,train,COLO320DM,colo320dm_qpcr_jq1_24h_ctrl,ecSeg,26,0
colo320dm_qpcr_jq1_24h_ctrl_78_b,train,COLO320DM,colo320dm_qpcr_jq1_24h_ctrl,ecSeg,52,0
colo320dm_qpcr_jq1_24h_ctrl_79,train,COLO320DM,colo320dm_qpcr_jq1_24h_ctrl,ecSeg,10,20
colo320dm_qpcr_jq1_24h_ctrl_8,train,COLO320DM,colo320dm_qpcr_jq1_24h_ctrl,ecSeg,36,32
colo320dm_qpcr_jq1_24h_ctrl_81,train,COLO320DM,colo320dm_qpcr_jq1_24h_ctrl,ecSeg,59,13
colo320dm_qpcr_jq1_24h_ctrl_82,train,COLO320DM,colo320dm_qpcr_jq1_24h_ctrl,ecSeg,30,24
colo320dm_qpcr_jq1_24h_ctrl_87_a,test,COLO320DM,colo320dm_qpcr_jq1_24h_ctrl,ecSeg,31,2
colo320dm_qpcr_jq1_24h_ctrl_87_b,train,COLO320DM,colo320dm_qpcr_jq1_24h_ctrl,ecSeg,45,5
colo320dm_qpcr_jq1_24h_ctrl_88,train,COLO320DM,colo320dm_qpcr_jq1_24h_ctrl,ecSeg,53,27
colo320dm_qpcr_jq1_24h_ctrl_89,train,COLO320DM,colo320dm_qpcr_jq1_24h_ctrl,ecSeg,15,1
colo320dm_qpcr_jq1_24h_ctrl_9,train,COLO320DM,colo320dm_qpcr_jq1_24h_ctrl,ecSeg,23,5
colo320dm_qpcr_jq1_24h_ctrl_90,train,COLO320DM,colo320dm_qpcr_jq1_24h_ctrl,ecSeg,89,26
colo320dm_qpcr_jq1_24h_ctrl_92,train,COLO320DM,colo320dm_qpcr_jq1_24h_ctrl,ecSeg,55,5
colo320dm_qpcr_jq1_24h_ctrl_95,train,COLO320DM,colo320dm_qpcr_jq1_24h_ctrl,ecSeg,32,9
colo320dm_qpcr_jq1_24h_ctrl_96,test,COLO320DM,colo320dm_qpcr_jq1_24h_ctrl,ecSeg,49,66
colo320dm_qpcr_jq1_24h_ctrl_97,train,COLO320DM,colo320dm_qpcr_jq1_24h_ctrl,ecSeg,87,10
colo320dm_qpcr_jq1_24h_ctrl_99,val,COLO320DM,colo320dm_qpcr_jq1_24h_ctrl,ecSeg,74,2
colo320dm_qpcr_jq1_24h_dmso_104,train,COLO320DM,colo320dm_qpcr_jq1_24h_dmso,ecSeg,4,1
colo320dm_qpcr_jq1_24h_dmso_111,test,COLO320DM,colo320dm_qpcr_jq1_24h_dmso,ecSeg,4,16
colo320dm_qpcr_jq1_24h_dmso_49,train,COLO320DM,colo320dm_qpcr_jq1_24h_dmso,ecSeg,1,10
colo320dm_qpcr_jq1_24h_dmso_6,train,COLO320DM,colo320dm_qpcr_jq1_24h_dmso,ecSeg,4,2
colo320dm_qpcr_jq1_24h_dmso_88,val,COLO320DM,colo320dm_qpcr_jq1_24h_dmso,ecSeg,4,9
ncih2170_antibiotics_blank_ctrl_1,train,NCI-H2170,ncih2170_antibiotics_blank_ctrl,ecSeg,235,213
ncih2170_antibiotics_blank_ctrl_100,test,NCI-H2170,ncih2170_antibiotics_blank_ctrl,ecSeg,102,117
ncih2170_antibiotics_blank_ctrl_101,val,NCI-H2170,ncih2170_antibiotics_blank_ctrl,ecSeg,266,231
ncih2170_antibiotics_blank_ctrl_102,train,NCI-H2170,ncih2170_antibiotics_blank_ctrl,ecSeg,402,329
ncih2170_antibiotics_blank_ctrl_103,val,NCI-H2170,ncih2170_antibiotics_blank_ctrl,ecSeg,228,210
ncih2170_antibiotics_blank_ctrl_104,test,NCI-H2170,ncih2170_antibiotics_blank_ctrl,ecSeg,316,229
ncih2170_antibiotics_blank_ctrl_105,test,NCI-H2170,ncih2170_antibiotics_blank_ctrl,ecSeg,175,180
ncih2170_antibiotics_blank_ctrl_106,train,NCI-H2170,ncih2170_antibiotics_blank_ctrl,ecSeg,101,94
ncih2170_antibiotics_blank_ctrl_107,test,NCI-H2170,ncih2170_antibiotics_blank_ctrl,ecSeg,559,549
ncih2170_antibiotics_blank_ctrl_109,test,NCI-H2170,ncih2170_antibiotics_blank_ctrl,ecSeg,182,109
ncih2170_antibiotics_blank_ctrl_11,val,NCI-H2170,ncih2170_antibiotics_blank_ctrl,ecSeg,181,162
ncih2170_antibiotics_blank_ctrl_110,test,NCI-H2170,ncih2170_antibiotics_blank_ctrl,ecSeg,411,375
ncih2170_antibiotics_blank_ctrl_111,train,NCI-H2170,ncih2170_antibiotics_blank_ctrl,ecSeg,108,89
ncih2170_antibiotics_blank_ctrl_113,test,NCI-H2170,ncih2170_antibiotics_blank_ctrl,ecSeg,341,279
ncih2170_antibiotics_blank_ctrl_114,train,NCI-H2170,ncih2170_antibiotics_blank_ctrl,ecSeg,154,139
ncih2170_antibiotics_blank_ctrl_115,val,NCI-H2170,ncih2170_antibiotics_blank_ctrl,ecSeg,125,100
ncih2170_antibiotics_blank_ctrl_116,train,NCI-H2170,ncih2170_antibiotics_blank_ctrl,ecSeg,282,273
ncih2170_antibiotics_blank_ctrl_117,train,NCI-H2170,ncih2170_antibiotics_blank_ctrl,ecSeg,307,287
ncih2170_antibiotics_blank_ctrl_118,train,NCI-H2170,ncih2170_antibiotics_blank_ctrl,ecSeg,453,347
ncih2170_antibiotics_blank_ctrl_12,train,NCI-H2170,ncih2170_antibiotics_blank_ctrl,ecSeg,122,141
ncih2170_antibiotics_blank_ctrl_13,train,NCI-H2170,ncih2170_antibiotics_blank_ctrl,ecSeg,86,76
ncih2170_antibiotics_blank_ctrl_14,train,NCI-H2170,ncih2170_antibiotics_blank_ctrl,ecSeg,329,399
ncih2170_antibiotics_blank_ctrl_15,train,NCI-H2170,ncih2170_antibiotics_blank_ctrl,ecSeg,210,155
ncih2170_antibiotics_blank_ctrl_16,train,NCI-H2170,ncih2170_antibiotics_blank_ctrl,ecSeg,91,78
ncih2170_antibiotics_blank_ctrl_17,train,NCI-H2170,ncih2170_antibiotics_blank_ctrl,ecSeg,604,515
ncih2170_antibiotics_blank_ctrl_18,val,NCI-H2170,ncih2170_antibiotics_blank_ctrl,ecSeg,157,138
ncih2170_antibiotics_blank_ctrl_19,train,NCI-H2170,ncih2170_antibiotics_blank_ctrl,ecSeg,92,91
ncih2170_antibiotics_blank_ctrl_2,train,NCI-H2170,ncih2170_antibiotics_blank_ctrl,ecSeg,373,350
ncih2170_antibiotics_blank_ctrl_20,train,NCI-H2170,ncih2170_antibiotics_blank_ctrl,ecSeg,128,120
ncih2170_antibiotics_blank_ctrl_21,train,NCI-H2170,ncih2170_antibiotics_blank_ctrl,ecSeg,224,161
ncih2170_antibiotics_blank_ctrl_22,train,NCI-H2170,ncih2170_antibiotics_blank_ctrl,ecSeg,375,364
ncih2170_antibiotics_blank_ctrl_23,val,NCI-H2170,ncih2170_antibiotics_blank_ctrl,ecSeg,281,280
ncih2170_antibiotics_blank_ctrl_24,train,NCI-H2170,ncih2170_antibiotics_blank_ctrl,ecSeg,153,163
ncih2170_antibiotics_blank_ctrl_25,train,NCI-H2170,ncih2170_antibiotics_blank_ctrl,ecSeg,42,64
ncih2170_antibiotics_blank_ctrl_27,train,NCI-H2170,ncih2170_antibiotics_blank_ctrl,ecSeg,318,248
ncih2170_antibiotics_blank_ctrl_28,train,NCI-H2170,ncih2170_antibiotics_blank_ctrl,ecSeg,256,286
ncih2170_antibiotics_blank_ctrl_29,train,NCI-H2170,ncih2170_antibiotics_blank_ctrl,ecSeg,104,98
ncih2170_antibiotics_blank_ctrl_30,train,NCI-H2170,ncih2170_antibiotics_blank_ctrl,ecSeg,339,118
ncih2170_antibiotics_blank_ctrl_31,train,NCI-H2170,ncih2170_antibiotics_blank_ctrl,ecSeg,88,68
ncih2170_antibiotics_blank_ctrl_32,train,NCI-H2170,ncih2170_antibiotics_blank_ctrl,ecSeg,138,141
ncih2170_antibiotics_blank_ctrl_33,train,NCI-H2170,ncih2170_antibiotics_blank_ctrl,ecSeg,207,183
ncih2170_antibiotics_blank_ctrl_34,val,NCI-H2170,ncih2170_antibiotics_blank_ctrl,ecSeg,91,108
ncih2170_antibiotics_blank_ctrl_35,test,NCI-H2170,ncih2170_antibiotics_blank_ctrl,ecSeg,84,83
ncih2170_antibiotics_blank_ctrl_37,test,NCI-H2170,ncih2170_antibiotics_blank_ctrl,ecSeg,539,406
ncih2170_antibiotics_blank_ctrl_38,train,NCI-H2170,ncih2170_antibiotics_blank_ctrl,ecSeg,402,383
ncih2170_antibiotics_blank_ctrl_39,train,NCI-H2170,ncih2170_antibiotics_blank_ctrl,ecSeg,391,383
ncih2170_antibiotics_blank_ctrl_40,test,NCI-H2170,ncih2170_antibiotics_blank_ctrl,ecSeg,248,193
ncih2170_antibiotics_blank_ctrl_41,train,NCI-H2170,ncih2170_antibiotics_blank_ctrl,ecSeg,76,108
ncih2170_antibiotics_blank_ctrl_42,train,NCI-H2170,ncih2170_antibiotics_blank_ctrl,ecSeg,153,229
ncih2170_antibiotics_blank_ctrl_43,test,NCI-H2170,ncih2170_antibiotics_blank_ctrl,ecSeg,239,124
ncih2170_antibiotics_blank_ctrl_44,train,NCI-H2170,ncih2170_antibiotics_blank_ctrl,ecSeg,181,169
ncih2170_antibiotics_blank_ctrl_47,test,NCI-H2170,ncih2170_antibiotics_blank_ctrl,ecSeg,296,212
ncih2170_antibiotics_blank_ctrl_48,train,NCI-H2170,ncih2170_antibiotics_blank_ctrl,ecSeg,71,67
ncih2170_antibiotics_blank_ctrl_5,train,NCI-H2170,ncih2170_antibiotics_blank_ctrl,ecSeg,597,505
ncih2170_antibiotics_blank_ctrl_50,train,NCI-H2170,ncih2170_antibiotics_blank_ctrl,ecSeg,197,177
ncih2170_antibiotics_blank_ctrl_51,val,NCI-H2170,ncih2170_antibiotics_blank_ctrl,ecSeg,159,160
ncih2170_antibiotics_blank_ctrl_52,val,NCI-H2170,ncih2170_antibiotics_blank_ctrl,ecSeg,324,268
ncih2170_antibiotics_blank_ctrl_53,test,NCI-H2170,ncih2170_antibiotics_blank_ctrl,ecSeg,302,345
ncih2170_antibiotics_blank_ctrl_55,train,NCI-H2170,ncih2170_antibiotics_blank_ctrl,ecSeg,254,261
ncih2170_antibiotics_blank_ctrl_56,train,NCI-H2170,ncih2170_antibiotics_blank_ctrl,ecSeg,240,228
ncih2170_antibiotics_blank_ctrl_57,train,NCI-H2170,ncih2170_antibiotics_blank_ctrl,ecSeg,214,143
ncih2170_antibiotics_blank_ctrl_58,train,NCI-H2170,ncih2170_antibiotics_blank_ctrl,ecSeg,181,183
ncih2170_antibiotics_blank_ctrl_59,train,NCI-H2170,ncih2170_antibiotics_blank_ctrl,ecSeg,207,191
ncih2170_antibiotics_blank_ctrl_6,val,NCI-H2170,ncih2170_antibiotics_blank_ctrl,ecSeg,402,373
ncih2170_antibiotics_blank_ctrl_60,train,NCI-H2170,ncih2170_antibiotics_blank_ctrl,ecSeg,314,282
ncih2170_antibiotics_blank_ctrl_61,train,NCI-H2170,ncih2170_antibiotics_blank_ctrl,ecSeg,259,181
ncih2170_antibiotics_blank_ctrl_62,train,NCI-H2170,ncih2170_antibiotics_blank_ctrl,ecSeg,299,199
ncih2170_antibiotics_blank_ctrl_63,val,NCI-H2170,ncih2170_antibiotics_blank_ctrl,ecSeg,763,698
ncih2170_antibiotics_blank_ctrl_64,train,NCI-H2170,ncih2170_antibiotics_blank_ctrl,ecSeg,124,82
ncih2170_antibiotics_blank_ctrl_65,train,NCI-H2170,ncih2170_antibiotics_blank_ctrl,ecSeg,139,128
ncih2170_antibiotics_blank_ctrl_66,train,NCI-H2170,ncih2170_antibiotics_blank_ctrl,ecSeg,329,293
ncih2170_antibiotics_blank_ctrl_67,train,NCI-H2170,ncih2170_antibiotics_blank_ctrl,ecSeg,250,227
ncih2170_antibiotics_blank_ctrl_69,train,NCI-H2170,ncih2170_antibiotics_blank_ctrl,ecSeg,335,301
ncih2170_antibiotics_blank_ctrl_7,train,NCI-H2170,ncih2170_antibiotics_blank_ctrl,ecSeg,328,320
ncih2170_antibiotics_blank_ctrl_70,test,NCI-H2170,ncih2170_antibiotics_blank_ctrl,ecSeg,446,423
ncih2170_antibiotics_blank_ctrl_71,test,NCI-H2170,ncih2170_antibiotics_blank_ctrl,ecSeg,330,332
ncih2170_antibiotics_blank_ctrl_74,train,NCI-H2170,ncih2170_antibiotics_blank_ctrl,ecSeg,375,353
ncih2170_antibiotics_blank_ctrl_75,train,NCI-H2170,ncih2170_antibiotics_blank_ctrl,ecSeg,133,143
ncih2170_antibiotics_blank_ctrl_76,train,NCI-H2170,ncih2170_antibiotics_blank_ctrl,ecSeg,456,531
ncih2170_antibiotics_blank_ctrl_77,train,NCI-H2170,ncih2170_antibiotics_blank_ctrl,ecSeg,261,266
ncih2170_antibiotics_blank_ctrl_78,test,NCI-H2170,ncih2170_antibiotics_blank_ctrl,ecSeg,300,299
ncih2170_antibiotics_blank_ctrl_79,train,NCI-H2170,ncih2170_antibiotics_blank_ctrl,ecSeg,337,289
ncih2170_antibiotics_blank_ctrl_80,train,NCI-H2170,ncih2170_antibiotics_blank_ctrl,ecSeg,146,156
ncih2170_antibiotics_blank_ctrl_81,train,NCI-H2170,ncih2170_antibiotics_blank_ctrl,ecSeg,93,90
ncih2170_antibiotics_blank_ctrl_82,train,NCI-H2170,ncih2170_antibiotics_blank_ctrl,ecSeg,99,79
ncih2170_antibiotics_blank_ctrl_84,val,NCI-H2170,ncih2170_antibiotics_blank_ctrl,ecSeg,281,262
ncih2170_antibiotics_blank_ctrl_86,train,NCI-H2170,ncih2170_antibiotics_blank_ctrl,ecSeg,287,282
ncih2170_antibiotics_blank_ctrl_87,train,NCI-H2170,ncih2170_antibiotics_blank_ctrl,ecSeg,90,87
ncih2170_antibiotics_blank_ctrl_88_a,val,NCI-H2170,ncih2170_antibiotics_blank_ctrl,ecSeg,343,259
ncih2170_antibiotics_blank_ctrl_89,val,NCI-H2170,ncih2170_antibiotics_blank_ctrl,ecSeg,94,107
ncih2170_antibiotics_blank_ctrl_9,train,NCI-H2170,ncih2170_antibiotics_blank_ctrl,ecSeg,769,695
ncih2170_antibiotics_blank_ctrl_96,train,NCI-H2170,ncih2170_antibiotics_blank_ctrl,ecSeg,106,112
ncih2170_antibiotics_blank_ctrl_97,train,NCI-H2170,ncih2170_antibiotics_blank_ctrl,ecSeg,146,142
ncih2170_antibiotics_blank_ctrl_98,train,NCI-H2170,ncih2170_antibiotics_blank_ctrl,ecSeg,219,243
ncih2170_antibiotics_ps_10,train,NCI-H2170,ncih2170_antibiotics_ps,ecSeg,160,98
ncih2170_antibiotics_ps_102_b,test,NCI-H2170,ncih2170_antibiotics_ps,ecSeg,252,214
ncih2170_antibiotics_ps_104,val,NCI-H2170,ncih2170_antibiotics_ps,ecSeg,158,102
ncih2170_antibiotics_ps_105,test,NCI-H2170,ncih2170_antibiotics_ps,ecSeg,237,176
ncih2170_antibiotics_ps_106,train,NCI-H2170,ncih2170_antibiotics_ps,ecSeg,122,125
ncih2170_antibiotics_ps_107_a,test,NCI-H2170,ncih2170_antibiotics_ps,ecSeg,246,216
ncih2170_antibiotics_ps_107_b,train,NCI-H2170,ncih2170_antibiotics_ps,ecSeg,205,170
ncih2170_antibiotics_ps_111,train,NCI-H2170,ncih2170_antibiotics_ps,ecSeg,186,131
ncih2170_antibiotics_ps_112,test,NCI-H2170,ncih2170_antibiotics_ps,ecSeg,79,57
ncih2170_antibiotics_ps_113_a,val,NCI-H2170,ncih2170_antibiotics_ps,ecSeg,121,72
ncih2170_antibiotics_ps_113_b,train,NCI-H2170,ncih2170_antibiotics_ps,ecSeg,142,130
ncih2170_antibiotics_ps_12,val,NCI-H2170,ncih2170_antibiotics_ps,ecSeg,129,136
ncih2170_antibiotics_ps_13,train,NCI-H2170,ncih2170_antibiotics_ps,ecSeg,398,229
ncih2170_antibiotics_ps_14,train,NCI-H2170,ncih2170_antibiotics_ps,ecSeg,65,83
ncih2170_antibiotics_ps_16,train,NCI-H2170,ncih2170_antibiotics_ps,ecSeg,236,162
ncih2170_antibiotics_ps_17,train,NCI-H2170,ncih2170_antibiotics_ps,ecSeg,197,158
ncih2170_antibiotics_ps_18,train,NCI-H2170,ncih2170_antibiotics_ps,ecSeg,132,104
ncih2170_antibiotics_ps_19,train,NCI-H2170,ncih2170_antibiotics_ps,ecSeg,201,219
ncih2170_antibiotics_ps_20,train,NCI-H2170,ncih2170_antibiotics_ps,ecSeg,69,76
ncih2170_antibiotics_ps_21,train,NCI-H2170,ncih2170_antibiotics_ps,ecSeg,70,76
ncih2170_antibiotics_ps_22,train,NCI-H2170,ncih2170_antibiotics_ps,ecSeg,95,132
ncih2170_antibiotics_ps_23,train,NCI-H2170,ncih2170_antibiotics_ps,ecSeg,115,78
ncih2170_antibiotics_ps_24,train,NCI-H2170,ncih2170_antibiotics_ps,ecSeg,133,143
ncih2170_antibiotics_ps_25,test,NCI-H2170,ncih2170_antibiotics_ps,ecSeg,284,251
ncih2170_antibiotics_ps_28,train,NCI-H2170,ncih2170_antibiotics_ps,ecSeg,121,91
ncih2170_antibiotics_ps_29_a,train,NCI-H2170,ncih2170_antibiotics_ps,ecSeg,93,48
ncih2170_antibiotics_ps_29_b,val,NCI-H2170,ncih2170_antibiotics_ps,ecSeg,52,23
ncih2170_antibiotics_ps_3,val,NCI-H2170,ncih2170_antibiotics_ps,ecSeg,157,144
ncih2170_antibiotics_ps_30,train,NCI-H2170,ncih2170_antibiotics_ps,ecSeg,95,225
ncih2170_antibiotics_ps_31,train,NCI-H2170,ncih2170_antibiotics_ps,ecSeg,305,321
ncih2170_antibiotics_ps_32,test,NCI-H2170,ncih2170_antibiotics_ps,ecSeg,67,65
ncih2170_antibiotics_ps_33,train,NCI-H2170,ncih2170_antibiotics_ps,ecSeg,141,120
ncih2170_antibiotics_ps_34_b,train,NCI-H2170,ncih2170_antibiotics_ps,ecSeg,76,112
ncih2170_antibiotics_ps_34_c,val,NCI-H2170,ncih2170_antibiotics_ps,ecSeg,153,125
ncih2170_antibiotics_ps_35,train,NCI-H2170,ncih2170_antibiotics_ps,ecSeg,96,101
ncih2170_antibiotics_ps_36,test,NCI-H2170,ncih2170_antibiotics_ps,ecSeg,142,98
ncih2170_antibiotics_ps_37,train,NCI-H2170,ncih2170_antibiotics_ps,ecSeg,81,100
ncih2170_antibiotics_ps_38,train,NCI-H2170,ncih2170_antibiotics_ps,ecSeg,354,284
ncih2170_antibiotics_ps_39,train,NCI-H2170,ncih2170_antibiotics_ps,ecSeg,131,84
ncih2170_antibiotics_ps_4,test,NCI-H2170,ncih2170_antibiotics_ps,ecSeg,148,142
ncih2170_antibiotics_ps_40,train,NCI-H2170,ncih2170_antibiotics_ps,ecSeg,75,45
ncih2170_antibiotics_ps_41,train,NCI-H2170,ncih2170_antibiotics_ps,ecSeg,150,48
ncih2170_antibiotics_ps_42,train,NCI-H2170,ncih2170_antibiotics_ps,ecSeg,96,112
ncih2170_antibiotics_ps_43,train,NCI-H2170,ncih2170_antibiotics_ps,ecSeg,63,51
ncih2170_antibiotics_ps_44,train,NCI-H2170,ncih2170_antibiotics_ps,ecSeg,829,609
ncih2170_antibiotics_ps_45,train,NCI-H2170,ncih2170_antibiotics_ps,ecSeg,90,50
ncih2170_antibiotics_ps_46,train,NCI-H2170,ncih2170_antibiotics_ps,ecSeg,211,133
ncih2170_antibiotics_ps_47,train,NCI-H2170,ncih2170_antibiotics_ps,ecSeg,220,131
ncih2170_antibiotics_ps_48,train,NCI-H2170,ncih2170_antibiotics_ps,ecSeg,76,68
ncih2170_antibiotics_ps_49,train,NCI-H2170,ncih2170_antibiotics_ps,ecSeg,109,70
ncih2170_antibiotics_ps_5,train,NCI-H2170,ncih2170_antibiotics_ps,ecSeg,235,276
ncih2170_antibiotics_ps_50,train,NCI-H2170,ncih2170_antibiotics_ps,ecSeg,147,73
ncih2170_antibiotics_ps_54,train,NCI-H2170,ncih2170_antibiotics_ps,ecSeg,125,42
ncih2170_antibiotics_ps_55,val,NCI-H2170,ncih2170_antibiotics_ps,ecSeg,212,148
ncih2170_antibiotics_ps_56_a,test,NCI-H2170,ncih2170_antibiotics_ps,ecSeg,233,188
ncih2170_antibiotics_ps_56_b,train,NCI-H2170,ncih2170_antibiotics_ps,ecSeg,434,359
ncih2170_antibiotics_ps_57,train,NCI-H2170,ncih2170_antibiotics_ps,ecSeg,70,41
ncih2170_antibiotics_ps_58,train,NCI-H2170,ncih2170_antibiotics_ps,ecSeg,212,195
ncih2170_antibiotics_ps_61,train,NCI-H2170,ncih2170_antibiotics_ps,ecSeg,246,242
ncih2170_antibiotics_ps_62,train,NCI-H2170,ncih2170_antibiotics_ps,ecSeg,458,365
ncih2170_antibiotics_ps_63,train,NCI-H2170,ncih2170_antibiotics_ps,ecSeg,862,657
ncih2170_antibiotics_ps_64,val,NCI-H2170,ncih2170_antibiotics_ps,ecSeg,281,198
ncih2170_antibiotics_ps_65,train,NCI-H2170,ncih2170_antibiotics_ps,ecSeg,131,88
ncih2170_antibiotics_ps_67,train,NCI-H2170,ncih2170_antibiotics_ps,ecSeg,153,162
ncih2170_antibiotics_ps_68,val,NCI-H2170,ncih2170_antibiotics_ps,ecSeg,210,293
ncih2170_antibiotics_ps_69,train,NCI-H2170,ncih2170_antibiotics_ps,ecSeg,190,163
ncih2170_antibiotics_ps_7,train,NCI-H2170,ncih2170_antibiotics_ps,ecSeg,191,198
ncih2170_antibiotics_ps_70,val,NCI-H2170,ncih2170_antibiotics_ps,ecSeg,148,136
ncih2170_antibiotics_ps_72,val,NCI-H2170,ncih2170_antibiotics_ps,ecSeg,139,112
ncih2170_antibiotics_ps_73,train,NCI-H2170,ncih2170_antibiotics_ps,ecSeg,370,401
ncih2170_antibiotics_ps_75,train,NCI-H2170,ncih2170_antibiotics_ps,ecSeg,88,90
ncih2170_antibiotics_ps_76,train,NCI-H2170,ncih2170_antibiotics_ps,ecSeg,209,213
ncih2170_antibiotics_ps_77,train,NCI-H2170,ncih2170_antibiotics_ps,ecSeg,264,291
ncih2170_antibiotics_ps_78,test,NCI-H2170,ncih2170_antibiotics_ps,ecSeg,164,169
ncih2170_antibiotics_ps_79,train,NCI-H2170,ncih2170_antibiotics_ps,ecSeg,505,471
ncih2170_antibiotics_ps_8,train,NCI-H2170,ncih2170_antibiotics_ps,ecSeg,69,58
ncih2170_antibiotics_ps_80,train,NCI-H2170,ncih2170_antibiotics_ps,ecSeg,286,237
ncih2170_antibiotics_ps_81,train,NCI-H2170,ncih2170_antibiotics_ps,ecSeg,462,253
ncih2170_antibiotics_ps_82,train,NCI-H2170,ncih2170_antibiotics_ps,ecSeg,125,171
ncih2170_antibiotics_ps_83,train,NCI-H2170,ncih2170_antibiotics_ps,ecSeg,126,113
ncih2170_antibiotics_ps_84,test,NCI-H2170,ncih2170_antibiotics_ps,ecSeg,124,141
ncih2170_antibiotics_ps_85,train,NCI-H2170,ncih2170_antibiotics_ps,ecSeg,181,191
ncih2170_antibiotics_ps_86,train,NCI-H2170,ncih2170_antibiotics_ps,ecSeg,119,108
ncih2170_antibiotics_ps_87,train,NCI-H2170,ncih2170_antibiotics_ps,ecSeg,150,162
ncih2170_antibiotics_ps_88,train,NCI-H2170,ncih2170_antibiotics_ps,ecSeg,425,487
ncih2170_antibiotics_ps_89,train,NCI-H2170,ncih2170_antibiotics_ps,ecSeg,117,147
ncih2170_antibiotics_ps_9,train,NCI-H2170,ncih2170_antibiotics_ps,ecSeg,243,100
ncih2170_antibiotics_ps_90,test,NCI-H2170,ncih2170_antibiotics_ps,ecSeg,159,211
ncih2170_antibiotics_ps_92,val,NCI-H2170,ncih2170_antibiotics_ps,ecSeg,203,144
ncih2170_antibiotics_ps_94,train,NCI-H2170,ncih2170_antibiotics_ps,ecSeg,147,100
ncih2170_antibiotics_ps_95,train,NCI-H2170,ncih2170_antibiotics_ps,ecSeg,350,386
ncih2170_antibiotics_ps_97,train,NCI-H2170,ncih2170_antibiotics_ps,ecSeg,136,99
ncih2170_antibiotics_ps_98_a,train,NCI-H2170,ncih2170_antibiotics_ps,ecSeg,98,95
ncih2170_antibiotics_ps_98_b,train,NCI-H2170,ncih2170_antibiotics_ps,ecSeg,229,281
ncih2170_antibiotics_ps_99,test,NCI-H2170,ncih2170_antibiotics_ps,ecSeg,83,73
ncih2170_antibiotics_ps_g_100,train,NCI-H2170,ncih2170_antibiotics_ps_g,ecSeg,274,194
ncih2170_antibiotics_ps_g_101,train,NCI-H2170,ncih2170_antibiotics_ps_g,ecSeg,93,117
ncih2170_antibiotics_ps_g_102,test,NCI-H2170,ncih2170_antibiotics_ps_g,ecSeg,217,218
ncih2170_antibiotics_ps_g_103,train,NCI-H2170,ncih2170_antibiotics_ps_g,ecSeg,801,452
ncih2170_antibiotics_ps_g_104,val,NCI-H2170,ncih2170_antibiotics_ps_g,ecSeg,92,39
ncih2170_antibiotics_ps_g_105,val,NCI-H2170,ncih2170_antibiotics_ps_g,ecSeg,151,139
ncih2170_antibiotics_ps_g_106,train,NCI-H2170,ncih2170_antibiotics_ps_g,ecSeg,246,230
ncih2170_antibiotics_ps_g_107_a,test,NCI-H2170,ncih2170_antibiotics_ps_g,ecSeg,103,84
ncih2170_antibiotics_ps_g_108,train,NCI-H2170,ncih2170_antibiotics_ps_g,ecSeg,83,78
ncih2170_antibiotics_ps_g_110,train,NCI-H2170,ncih2170_antibiotics_ps_g,ecSeg,66,44
ncih2170_antibiotics_ps_g_111,train,NCI-H2170,ncih2170_antibiotics_ps_g,ecSeg,152,116
ncih2170_antibiotics_ps_g_112,train,NCI-H2170,ncih2170_antibiotics_ps_g,ecSeg,184,157
ncih2170_antibiotics_ps_g_113,val,NCI-H2170,ncih2170_antibiotics_ps_g,ecSeg,79,51
ncih2170_antibiotics_ps_g_114,test,NCI-H2170,ncih2170_antibiotics_ps_g,ecSeg,202,167
ncih2170_antibiotics_ps_g_115,test,NCI-H2170,ncih2170_antibiotics_ps_g,ecSeg,296,197
ncih2170_antibiotics_ps_g_116,train,NCI-H2170,ncih2170_antibiotics_ps_g,ecSeg,107,103
ncih2170_antibiotics_ps_g_36,test,NCI-H2170,ncih2170_antibiotics_ps_g,ecSeg,912,830
ncih2170_antibiotics_ps_g_37,train,NCI-H2170,ncih2170_antibiotics_ps_g,ecSeg,283,269
ncih2170_antibiotics_ps_g_38,val,NCI-H2170,ncih2170_antibiotics_ps_g,ecSeg,223,204
ncih2170_antibiotics_ps_g_39,val,NCI-H2170,ncih2170_antibiotics_ps_g,ecSeg,58,57
ncih2170_antibiotics_ps_g_40,train,NCI-H2170,ncih2170_antibiotics_ps_g,ecSeg,98,98
ncih2170_antibiotics_ps_g_42,test,NCI-H2170,ncih2170_antibiotics_ps_g,ecSeg,245,211
ncih2170_antibiotics_ps_g_43,train,NCI-H2170,ncih2170_antibiotics_ps_g,ecSeg,491,461
ncih2170_antibiotics_ps_g_44_a,test,NCI-H2170,ncih2170_antibiotics_ps_g,ecSeg,52,67
ncih2170_antibiotics_ps_g_45,val,NCI-H2170,ncih2170_antibiotics_ps_g,ecSeg,94,56
ncih2170_antibiotics_ps_g_46,train,NCI-H2170,ncih2170_antibiotics_ps_g,ecSeg,148,101
ncih2170_antibiotics_ps_g_47,train,NCI-H2170,ncih2170_antibiotics_ps_g,ecSeg,506,338
ncih2170_antibiotics_ps_g_48,train,NCI-H2170,ncih2170_antibiotics_ps_g,ecSeg,362,322
ncih2170_antibiotics_ps_g_49,train,NCI-H2170,ncih2170_antibiotics_ps_g,ecSeg,446,346
ncih2170_antibiotics_ps_g_50,train,NCI-H2170,ncih2170_antibiotics_ps_g,ecSeg,285,196
ncih2170_antibiotics_ps_g_51,val,NCI-H2170,ncih2170_antibiotics_ps_g,ecSeg,86,164
ncih2170_antibiotics_ps_g_54,test,NCI-H2170,ncih2170_antibiotics_ps_g,ecSeg,182,155
ncih2170_antibiotics_ps_g_55,train,NCI-H2170,ncih2170_antibiotics_ps_g,ecSeg,375,271
ncih2170_antibiotics_ps_g_56,test,NCI-H2170,ncih2170_antibiotics_ps_g,ecSeg,174,90
ncih2170_antibiotics_ps_g_60,train,NCI-H2170,ncih2170_antibiotics_ps_g,ecSeg,76,84
ncih2170_antibiotics_ps_g_61,train,NCI-H2170,ncih2170_antibiotics_ps_g,ecSeg,181,113
ncih2170_antibiotics_ps_g_62,train,NCI-H2170,ncih2170_antibiotics_ps_g,ecSeg,244,193
ncih2170_antibiotics_ps_g_63,val,NCI-H2170,ncih2170_antibiotics_ps_g,ecSeg,78,72
ncih2170_antibiotics_ps_g_64,test,NCI-H2170,ncih2170_antibiotics_ps_g,ecSeg,340,289
ncih2170_antibiotics_ps_g_65,test,NCI-H2170,ncih2170_antibiotics_ps_g,ecSeg,192,178
ncih2170_antibiotics_ps_g_66,train,NCI-H2170,ncih2170_antibiotics_ps_g,ecSeg,79,33
ncih2170_antibiotics_ps_g_67,test,NCI-H2170,ncih2170_antibiotics_ps_g,ecSeg,90,73
ncih2170_antibiotics_ps_g_68,test,NCI-H2170,ncih2170_antibiotics_ps_g,ecSeg,78,57
ncih2170_antibiotics_ps_g_69,test,NCI-H2170,ncih2170_antibiotics_ps_g,ecSeg,46,82
ncih2170_antibiotics_ps_g_71,train,NCI-H2170,ncih2170_antibiotics_ps_g,ecSeg,157,143
ncih2170_antibiotics_ps_g_72,test,NCI-H2170,ncih2170_antibiotics_ps_g,ecSeg,138,168
ncih2170_antibiotics_ps_g_74,train,NCI-H2170,ncih2170_antibiotics_ps_g,ecSeg,213,183
ncih2170_antibiotics_ps_g_76,test,NCI-H2170,ncih2170_antibiotics_ps_g,ecSeg,90,53
ncih2170_antibiotics_ps_g_77,train,NCI-H2170,ncih2170_antibiotics_ps_g,ecSeg,112,43
ncih2170_antibiotics_ps_g_81,train,NCI-H2170,ncih2170_antibiotics_ps_g,ecSeg,150,119
ncih2170_antibiotics_ps_g_85,train,NCI-H2170,ncih2170_antibiotics_ps_g,ecSeg,289,231
ncih2170_antibiotics_ps_g_86,val,NCI-H2170,ncih2170_antibiotics_ps_g,ecSeg,85,57
ncih2170_antibiotics_ps_g_88_a,train,NCI-H2170,ncih2170_antibiotics_ps_g,ecSeg,115,98
ncih2170_antibiotics_ps_g_88_b,train,NCI-H2170,ncih2170_antibiotics_ps_g,ecSeg,121,103
ncih2170_antibiotics_ps_g_89,val,NCI-H2170,ncih2170_antibiotics_ps_g,ecSeg,103,74
ncih2170_antibiotics_ps_g_90,train,NCI-H2170,ncih2170_antibiotics_ps_g,ecSeg,127,119
ncih2170_antibiotics_ps_g_91,train,NCI-H2170,ncih2170_antibiotics_ps_g,ecSeg,560,456
ncih2170_antibiotics_ps_g_92,train,NCI-H2170,ncih2170_antibiotics_ps_g,ecSeg,145,136
ncih2170_antibiotics_ps_g_94,train,NCI-H2170,ncih2170_antibiotics_ps_g,ecSeg,235,104
ncih2170_antibiotics_ps_g_95,train,NCI-H2170,ncih2170_antibiotics_ps_g,ecSeg,180,143
ncih2170_antibiotics_ps_g_96,test,NCI-H2170,ncih2170_antibiotics_ps_g,ecSeg,521,389
ncih2170_antibiotics_ps_g_97,train,NCI-H2170,ncih2170_antibiotics_ps_g,ecSeg,252,201
ncih2170_antibiotics_ps_g_98,train,NCI-H2170,ncih2170_antibiotics_ps_g,ecSeg,167,133
ncih2170_antibiotics_ps_g_99,val,NCI-H2170,ncih2170_antibiotics_ps_g,ecSeg,867,718
ncih2170_cart_72h_blank_ctrl_19,train,NCI-H2170,ncih2170_cart_72h_blank_ctrl,ecSeg,210,24
ncih2170_cart_72h_blank_ctrl_28,train,NCI-H2170,ncih2170_cart_72h_blank_ctrl,ecSeg,191,3
ncih2170_cart_72h_blank_ctrl_30,test,NCI-H2170,ncih2170_cart_72h_blank_ctrl,ecSeg,406,55
ncih2170_cart_72h_blank_ctrl_31,test,NCI-H2170,ncih2170_cart_72h_blank_ctrl,ecSeg,103,42
ncih2170_cart_72h_blank_ctrl_32,train,NCI-H2170,ncih2170_cart_72h_blank_ctrl,ecSeg,99,3
ncih2170_cart_72h_blank_ctrl_33,test,NCI-H2170,ncih2170_cart_72h_blank_ctrl,ecSeg,80,27
ncih2170_cart_72h_blank_ctrl_34,train,NCI-H2170,ncih2170_cart_72h_blank_ctrl,ecSeg,88,4
ncih2170_cart_72h_blank_ctrl_35,train,NCI-H2170,ncih2170_cart_72h_blank_ctrl,ecSeg,168,26
ncih2170_cart_72h_blank_ctrl_36,train,NCI-H2170,ncih2170_cart_72h_blank_ctrl,ecSeg,86,1
ncih2170_cart_72h_blank_ctrl_38,train,NCI-H2170,ncih2170_cart_72h_blank_ctrl,ecSeg,156,8
ncih2170_cart_72h_blank_ctrl_39,train,NCI-H2170,ncih2170_cart_72h_blank_ctrl,ecSeg,189,46
ncih2170_cart_72h_blank_ctrl_5,val,NCI-H2170,ncih2170_cart_72h_blank_ctrl,ecSeg,94,19
ncih2170_cart_72h_blank_ctrl_50,train,NCI-H2170,ncih2170_cart_72h_blank_ctrl,ecSeg,149,9
ncih2170_cart_72h_blank_ctrl_51,test,NCI-H2170,ncih2170_cart_72h_blank_ctrl,ecSeg,48,2
ncih2170_cart_72h_blank_ctrl_52,test,NCI-H2170,ncih2170_cart_72h_blank_ctrl,ecSeg,246,60
ncih2170_cart_72h_blank_ctrl_53,val,NCI-H2170,ncih2170_cart_72h_blank_ctrl,ecSeg,56,12
ncih2170_cart_72h_blank_ctrl_55,train,NCI-H2170,ncih2170_cart_72h_blank_ctrl,ecSeg,56,58
ncih2170_cart_72h_blank_ctrl_56,train,NCI-H2170,ncih2170_cart_72h_blank_ctrl,ecSeg,132,43
ncih2170_cart_72h_blank_ctrl_57,train,NCI-H2170,ncih2170_cart_72h_blank_ctrl,ecSeg,75,16
ncih2170_cart_72h_blank_ctrl_59,test,NCI-H2170,ncih2170_cart_72h_blank_ctrl,ecSeg,55,12
ncih2170_cart_72h_blank_ctrl_61,train,NCI-H2170,ncih2170_cart_72h_blank_ctrl,ecSeg,47,0
ncih2170_cart_72h_blank_ctrl_62,test,NCI-H2170,ncih2170_cart_72h_blank_ctrl,ecSeg,184,47
ncih2170_cart_72h_blank_ctrl_64,train,NCI-H2170,ncih2170_cart_72h_blank_ctrl,ecSeg,47,9
ncih2170_cart_72h_blank_ctrl_67,val,NCI-H2170,ncih2170_cart_72h_blank_ctrl,ecSeg,103,28
ncih2170_cart_72h_blank_ctrl_7,train,NCI-H2170,ncih2170_cart_72h_blank_ctrl,ecSeg,196,37
ncih2170_cart_72h_blank_ctrl_71,train,NCI-H2170,ncih2170_cart_72h_blank_ctrl,ecSeg,133,31
ncih2170_cart_72h_blank_ctrl_74,train,NCI-H2170,ncih2170_cart_72h_blank_ctrl,ecSeg,43,17
ncih2170_cart_72h_blank_ctrl_8,train,NCI-H2170,ncih2170_cart_72h_blank_ctrl,ecSeg,132,8
ncih2170_cart_72h_blank_ctrl_80,train,NCI-H2170,ncih2170_cart_72h_blank_ctrl,ecSeg,76,24
ncih2170_cart_72h_blank_ctrl_82,train,NCI-H2170,ncih2170_cart_72h_blank_ctrl,ecSeg,105,13
ncih2170_cart_72h_blank_ctrl_83,train,NCI-H2170,ncih2170_cart_72h_blank_ctrl,ecSeg,35,16
ncih2170_cart_72h_blank_ctrl_88,val,NCI-H2170,ncih2170_cart_72h_blank_ctrl,ecSeg,35,3
ncih2170_cart_72h_blank_ctrl_89,train,NCI-H2170,ncih2170_cart_72h_blank_ctrl,ecSeg,238,88
ncih2170_cart_72h_blank_ctrl_92,train,NCI-H2170,ncih2170_cart_72h_blank_ctrl,ecSeg,176,15
ncih2170_cart_72h_blank_ctrl_95,val,NCI-H2170,ncih2170_cart_72h_blank_ctrl,ecSeg,17,9
ncih2170_cart_72h_blank_ctrl_98,train,NCI-H2170,ncih2170_cart_72h_blank_ctrl,ecSeg,257,16
ncih2170_cart_72h_blank_ctrl_99,test,NCI-H2170,ncih2170_cart_72h_blank_ctrl,ecSeg,51,20
ncih2170_cart_72h_cart_1,train,NCI-H2170,ncih2170_cart_72h_cart,ecSeg,75,12
ncih2170_cart_72h_cart_100,train,NCI-H2170,ncih2170_cart_72h_cart,ecSeg,664,135
ncih2170_cart_72h_cart_16,train,NCI-H2170,ncih2170_cart_72h_cart,ecSeg,16,0
ncih2170_cart_72h_cart_17,train,NCI-H2170,ncih2170_cart_72h_cart,ecSeg,44,39
ncih2170_cart_72h_cart_20,train,NCI-H2170,ncih2170_cart_72h_cart,ecSeg,53,18
ncih2170_cart_72h_cart_21,val,NCI-H2170,ncih2170_cart_72h_cart,ecSeg,71,19
ncih2170_cart_72h_cart_22,train,NCI-H2170,ncih2170_cart_72h_cart,ecSeg,15,34
ncih2170_cart_72h_cart_27,train,NCI-H2170,ncih2170_cart_72h_cart,ecSeg,71,26
ncih2170_cart_72h_cart_31,train,NCI-H2170,ncih2170_cart_72h_cart,ecSeg,119,3
ncih2170_cart_72h_cart_32,train,NCI-H2170,ncih2170_cart_72h_cart,ecSeg,74,3
ncih2170_cart_72h_cart_33,train,NCI-H2170,ncih2170_cart_72h_cart,ecSeg,117,31
ncih2170_cart_72h_cart_36,test,NCI-H2170,ncih2170_cart_72h_cart,ecSeg,71,13
ncih2170_cart_72h_cart_38,val,NCI-H2170,ncih2170_cart_72h_cart,ecSeg,46,24
ncih2170_cart_72h_cart_4,train,NCI-H2170,ncih2170_cart_72h_cart,ecSeg,41,33
ncih2170_cart_72h_cart_40,train,NCI-H2170,ncih2170_cart_72h_cart,ecSeg,22,20
ncih2170_cart_72h_cart_47,train,NCI-H2170,ncih2170_cart_72h_cart,ecSeg,81,49
ncih2170_cart_72h_cart_49,train,NCI-H2170,ncih2170_cart_72h_cart,ecSeg,18,15
ncih2170_cart_72h_cart_5,train,NCI-H2170,ncih2170_cart_72h_cart,ecSeg,27,0
ncih2170_cart_72h_cart_55,test,NCI-H2170,ncih2170_cart_72h_cart,ecSeg,61,13
ncih2170_cart_72h_cart_57,train,NCI-H2170,ncih2170_cart_72h_cart,ecSeg,99,7
ncih2170_cart_72h_cart_60,train,NCI-H2170,ncih2170_cart_72h_cart,ecSeg,30,25
ncih2170_cart_72h_cart_61,val,NCI-H2170,ncih2170_cart_72h_cart,ecSeg,9,1
ncih2170_cart_72h_cart_62,test,NCI-H2170,ncih2170_cart_72h_cart,ecSeg,93,2
ncih2170_cart_72h_cart_63,test,NCI-H2170,ncih2170_cart_72h_cart,ecSeg,85,8
ncih2170_cart_72h_cart_64,train,NCI-H2170,ncih2170_cart_72h_cart,ecSeg,78,0
ncih2170_cart_72h_cart_69,test,NCI-H2170,ncih2170_cart_72h_cart,ecSeg,52,8
ncih2170_cart_72h_cart_73,train,NCI-H2170,ncih2170_cart_72h_cart,ecSeg,73,21
ncih2170_cart_72h_cart_77,val,NCI-H2170,ncih2170_cart_72h_cart,ecSeg,75,51
ncih2170_cart_72h_cart_78,train,NCI-H2170,ncih2170_cart_72h_cart,ecSeg,112,57
ncih2170_cart_72h_cart_80,train,NCI-H2170,ncih2170_cart_72h_cart,ecSeg,244,133
ncih2170_cart_72h_cart_81,val,NCI-H2170,ncih2170_cart_72h_cart,ecSeg,58,13
ncih2170_cart_72h_cart_82,train,NCI-H2170,ncih2170_cart_72h_cart,ecSeg,69,3
ncih2170_cart_72h_cart_83,train,NCI-H2170,ncih2170_cart_72h_cart,ecSeg,102,24
ncih2170_cart_72h_cart_88,train,NCI-H2170,ncih2170_cart_72h_cart,ecSeg,111,5
ncih2170_cart_72h_cart_89,train,NCI-H2170,ncih2170_cart_72h_cart,ecSeg,497,291
ncih2170_cart_72h_cart_90,train,NCI-H2170,ncih2170_cart_72h_cart,ecSeg,175,104
ncih2170_cart_72h_cart_91,train,NCI-H2170,ncih2170_cart_72h_cart,ecSeg,382,99
ncih2170_cart_72h_cart_93,train,NCI-H2170,ncih2170_cart_72h_cart,ecSeg,184,46
ncih2170_cart_72h_cart_95,train,NCI-H2170,ncih2170_cart_72h_cart,ecSeg,318,27
ncih2170_cart_72h_cart_96,train,NCI-H2170,ncih2170_cart_72h_cart,ecSeg,105,106
ncih2170_cart_72h_cart_97,train,NCI-H2170,ncih2170_cart_72h_cart,ecSeg,181,110
ncih2170_cart_72h_cart_99,train,NCI-H2170,ncih2170_cart_72h_cart,ecSeg,179,117
ncih2170_cart_72h_nt_ctrl_10,train,NCI-H2170,ncih2170_cart_72h_nt_ctrl,ecSeg,76,15
ncih2170_cart_72h_nt_ctrl_100,train,NCI-H2170,ncih2170_cart_72h_nt_ctrl,ecSeg,143,99
ncih2170_cart_72h_nt_ctrl_12,train,NCI-H2170,ncih2170_cart_72h_nt_ctrl,ecSeg,209,88
ncih2170_cart_72h_nt_ctrl_13,train,NCI-H2170,ncih2170_cart_72h_nt_ctrl,ecSeg,78,42
ncih2170_cart_72h_nt_ctrl_16,train,NCI-H2170,ncih2170_cart_72h_nt_ctrl,ecSeg,74,7
ncih2170_cart_72h_nt_ctrl_17,val,NCI-H2170,ncih2170_cart_72h_nt_ctrl,ecSeg,188,71
ncih2170_cart_72h_nt_ctrl_18,val,NCI-H2170,ncih2170_cart_72h_nt_ctrl,ecSeg,102,35
ncih2170_cart_72h_nt_ctrl_19,val,NCI-H2170,ncih2170_cart_72h_nt_ctrl,ecSeg,33,10
ncih2170_cart_72h_nt_ctrl_20,test,NCI-H2170,ncih2170_cart_72h_nt_ctrl,ecSeg,126,37
ncih2170_cart_72h_nt_ctrl_21,train,NCI-H2170,ncih2170_cart_72h_nt_ctrl,ecSeg,186,88
ncih2170_cart_72h_nt_ctrl_24,train,NCI-H2170,ncih2170_cart_72h_nt_ctrl,ecSeg,35,7
ncih2170_cart_72h_nt_ctrl_26,train,NCI-H2170,ncih2170_cart_72h_nt_ctrl,ecSeg,130,22
ncih2170_cart_72h_nt_ctrl_28,train,NCI-H2170,ncih2170_cart_72h_nt_ctrl,ecSeg,162,61
ncih2170_cart_72h_nt_ctrl_32,val,NCI-H2170,ncih2170_cart_72h_nt_ctrl,ecSeg,201,0
ncih2170_cart_72h_nt_ctrl_37,val,NCI-H2170,ncih2170_cart_72h_nt_ctrl,ecSeg,107,54
ncih2170_cart_72h_nt_ctrl_39,train,NCI-H2170,ncih2170_cart_72h_nt_ctrl,ecSeg,53,4
ncih2170_cart_72h_nt_ctrl_4,train,NCI-H2170,ncih2170_cart_72h_nt_ctrl,ecSeg,77,86
ncih2170_cart_72h_nt_ctrl_41,train,NCI-H2170,ncih2170_cart_72h_nt_ctrl,ecSeg,142,5
ncih2170_cart_72h_nt_ctrl_43,train,NCI-H2170,ncih2170_cart_72h_nt_ctrl,ecSeg,142,8
ncih2170_cart_72h_nt_ctrl_44,train,NCI-H2170,ncih2170_cart_72h_nt_ctrl,ecSeg,75,18
ncih2170_cart_72h_nt_ctrl_45,train,NCI-H2170,ncih2170_cart_72h_nt_ctrl,ecSeg,188,22
ncih2170_cart_72h_nt_ctrl_46,test,NCI-H2170,ncih2170_cart_72h_nt_ctrl,ecSeg,242,52
ncih2170_cart_72h_nt_ctrl_47,train,NCI-H2170,ncih2170_cart_72h_nt_ctrl,ecSeg,157,18
ncih2170_cart_72h_nt_ctrl_48,train,NCI-H2170,ncih2170_cart_72h_nt_ctrl,ecSeg,60,14
ncih2170_cart_72h_nt_ctrl_49,test,NCI-H2170,ncih2170_cart_72h_nt_ctrl,ecSeg,65,26
ncih2170_cart_72h_nt_ctrl_52,train,NCI-H2170,ncih2170_cart_72h_nt_ctrl,ecSeg,136,29
ncih2170_cart_72h_nt_ctrl_54,train,NCI-H2170,ncih2170_cart_72h_nt_ctrl,ecSeg,245,69
ncih2170_cart_72h_nt_ctrl_55,train,NCI-H2170,ncih2170_cart_72h_nt_ctrl,ecSeg,216,4
ncih2170_cart_72h_nt_ctrl_56,train,NCI-H2170,ncih2170_cart_72h_nt_ctrl,ecSeg,246,53
ncih2170_cart_72h_nt_ctrl_57,test,NCI-H2170,ncih2170_cart_72h_nt_ctrl,ecSeg,119,24
ncih2170_cart_72h_nt_ctrl_58,train,NCI-H2170,ncih2170_cart_72h_nt_ctrl,ecSeg,211,7
ncih2170_cart_72h_nt_ctrl_59,val,NCI-H2170,ncih2170_cart_72h_nt_ctrl,ecSeg,160,113
ncih2170_cart_72h_nt_ctrl_6,train,NCI-H2170,ncih2170_cart_72h_nt_ctrl,ecSeg,51,33
ncih2170_cart_72h_nt_ctrl_61,test,NCI-H2170,ncih2170_cart_72h_nt_ctrl,ecSeg,223,75
ncih2170_cart_72h_nt_ctrl_62,val,NCI-H2170,ncih2170_cart_72h_nt_ctrl,ecSeg,168,32
ncih2170_cart_72h_nt_ctrl_63,val,NCI-H2170,ncih2170_cart_72h_nt_ctrl,ecSeg,160,116
ncih2170_cart_72h_nt_ctrl_65,train,NCI-H2170,ncih2170_cart_72h_nt_ctrl,ecSeg,74,6
ncih2170_cart_72h_nt_ctrl_66,train,NCI-H2170,ncih2170_cart_72h_nt_ctrl,ecSeg,291,91
ncih2170_cart_72h_nt_ctrl_67,train,NCI-H2170,ncih2170_cart_72h_nt_ctrl,ecSeg,87,40
ncih2170_cart_72h_nt_ctrl_69,test,NCI-H2170,ncih2170_cart_72h_nt_ctrl,ecSeg,110,14
ncih2170_cart_72h_nt_ctrl_71,test,NCI-H2170,ncih2170_cart_72h_nt_ctrl,ecSeg,126,18
ncih2170_cart_72h_nt_ctrl_74,train,NCI-H2170,ncih2170_cart_72h_nt_ctrl,ecSeg,348,235
ncih2170_cart_72h_nt_ctrl_75,train,NCI-H2170,ncih2170_cart_72h_nt_ctrl,ecSeg,99,79
ncih2170_cart_72h_nt_ctrl_77,train,NCI-H2170,ncih2170_cart_72h_nt_ctrl,ecSeg,159,62
ncih2170_cart_72h_nt_ctrl_80,test,NCI-H2170,ncih2170_cart_72h_nt_ctrl,ecSeg,400,156
ncih2170_cart_72h_nt_ctrl_81,train,NCI-H2170,ncih2170_cart_72h_nt_ctrl,ecSeg,478,323
ncih2170_cart_72h_nt_ctrl_83,test,NCI-H2170,ncih2170_cart_72h_nt_ctrl,ecSeg,169,108
ncih2170_cart_72h_nt_ctrl_87,train,NCI-H2170,ncih2170_cart_72h_nt_ctrl,ecSeg,231,91
ncih2170_cart_72h_nt_ctrl_88,train,NCI-H2170,ncih2170_cart_72h_nt_ctrl,ecSeg,534,386
ncih2170_cart_72h_nt_ctrl_9,train,NCI-H2170,ncih2170_cart_72h_nt_ctrl,ecSeg,84,32
ncih2170_cart_72h_nt_ctrl_91,train,NCI-H2170,ncih2170_cart_72h_nt_ctrl,ecSeg,113,82
ncih2170_cart_72h_nt_ctrl_92,val,NCI-H2170,ncih2170_cart_72h_nt_ctrl,ecSeg,147,165
ncih2170_cart_72h_nt_ctrl_93,val,NCI-H2170,ncih2170_cart_72h_nt_ctrl,ecSeg,451,198
ncih2170_cart_72h_nt_ctrl_94,train,NCI-H2170,ncih2170_cart_72h_nt_ctrl,ecSeg,226,66
ncih2170_cart_72h_nt_ctrl_99,train,NCI-H2170,ncih2170_cart_72h_nt_ctrl,ecSeg,66,5
ncih2170_ctrl_1_24,train,NCI-H2170,ncih2170_ctrl_1,ecSeg,355,134
ncih2170_ctrl_1_25,train,NCI-H2170,ncih2170_ctrl_1,ecSeg,441,161
ncih2170_ctrl_1_27,train,NCI-H2170,ncih2170_ctrl_1,ecSeg,504,278
ncih2170_ctrl_1_29,train,NCI-H2170,ncih2170_ctrl_1,ecSeg,226,43
ncih2170_ctrl_1_30,test,NCI-H2170,ncih2170_ctrl_1,ecSeg,229,12
ncih2170_ctrl_1_33,train,NCI-H2170,ncih2170_ctrl_1,ecSeg,431,27
ncih2170_ctrl_1_37,train,NCI-H2170,ncih2170_ctrl_1,ecSeg,223,4
ncih2170_ctrl_1_39,train,NCI-H2170,ncih2170_ctrl_1,ecSeg,194,26
ncih2170_ctrl_1_41,train,NCI-H2170,ncih2170_ctrl_1,ecSeg,489,7
ncih2170_ctrl_1_44,train,NCI-H2170,ncih2170_ctrl_1,ecSeg,178,99
ncih2170_ctrl_1_45,val,NCI-H2170,ncih2170_ctrl_1,ecSeg,141,31
ncih2170_ctrl_1_50,train,NCI-H2170,ncih2170_ctrl_1,ecSeg,243,82
ncih2170_ctrl_1_51,train,NCI-H2170,ncih2170_ctrl_1,ecSeg,280,159
ncih2170_ctrl_1_53,train,NCI-H2170,ncih2170_ctrl_1,ecSeg,613,257
ncih2170_ctrl_1_54,test,NCI-H2170,ncih2170_ctrl_1,ecSeg,235,171
ncih2170_ctrl_1_55,train,NCI-H2170,ncih2170_ctrl_1,ecSeg,589,285
ncih2170_ctrl_1_58,test,NCI-H2170,ncih2170_ctrl_1,ecSeg,179,63
ncih2170_ctrl_1_60,val,NCI-H2170,ncih2170_ctrl_1,ecSeg,567,211
ncih2170_ctrl_1_61,test,NCI-H2170,ncih2170_ctrl_1,ecSeg,251,51
ncih2170_ctrl_1_62,test,NCI-H2170,ncih2170_ctrl_1,ecSeg,478,147
ncih2170_ctrl_1_65,train,NCI-H2170,ncih2170_ctrl_1,ecSeg,230,139
ncih2170_ctrl_1_66,train,NCI-H2170,ncih2170_ctrl_1,ecSeg,283,200
ncih2170_ctrl_1_68,train,NCI-H2170,ncih2170_ctrl_1,ecSeg,226,168
ncih2170_ctrl_1_70,val,NCI-H2170,ncih2170_ctrl_1,ecSeg,115,70
ncih2170_ctrl_1_82,train,NCI-H2170,ncih2170_ctrl_1,ecSeg,404,301
ncih2170_ctrl_1_86,train,NCI-H2170,ncih2170_ctrl_1,ecSeg,359,99
ncih2170_ctrl_1_88,test,NCI-H2170,ncih2170_ctrl_1,ecSeg,341,176
ncih2170_ctrl_1_89,train,NCI-H2170,ncih2170_ctrl_1,ecSeg,832,360
ncih2170_ctrl_1_90,test,NCI-H2170,ncih2170_ctrl_1,ecSeg,87,35
ncih2170_ctrl_1_94,test,NCI-H2170,ncih2170_ctrl_1,ecSeg,299,159
ncih2170_ctrl_1_95,train,NCI-H2170,ncih2170_ctrl_1,ecSeg,215,57
ncih2170_ctrl_1_98,train,NCI-H2170,ncih2170_ctrl_1,ecSeg,119,53
ncih2170_ctrl_1_99,train,NCI-H2170,ncih2170_ctrl_1,ecSeg,221,40
ncih2170_ctrl_2_102,train,NCI-H2170,ncih2170_ctrl_2,ecSeg,257,64
ncih2170_ctrl_2_103,train,NCI-H2170,ncih2170_ctrl_2,ecSeg,107,10
ncih2170_ctrl_2_105,test,NCI-H2170,ncih2170_ctrl_2,ecSeg,184,100
ncih2170_ctrl_2_106,train,NCI-H2170,ncih2170_ctrl_2,ecSeg,909,312
ncih2170_ctrl_2_107,train,NCI-H2170,ncih2170_ctrl_2,ecSeg,116,13
ncih2170_ctrl_2_110,val,NCI-H2170,ncih2170_ctrl_2,ecSeg,526,204
ncih2170_ctrl_2_112,train,NCI-H2170,ncih2170_ctrl_2,ecSeg,217,70
ncih2170_ctrl_2_114,train,NCI-H2170,ncih2170_ctrl_2,ecSeg,503,18
ncih2170_ctrl_2_115,train,NCI-H2170,ncih2170_ctrl_2,ecSeg,371,29
ncih2170_ctrl_2_116,train,NCI-H2170,ncih2170_ctrl_2,ecSeg,94,30
ncih2170_ctrl_2_117,train,NCI-H2170,ncih2170_ctrl_2,ecSeg,172,64
ncih2170_ctrl_2_118,train,NCI-H2170,ncih2170_ctrl_2,ecSeg,523,277
ncih2170_ctrl_2_119,train,NCI-H2170,ncih2170_ctrl_2,ecSeg,282,91
ncih2170_ctrl_2_121,train,NCI-H2170,ncih2170_ctrl_2,ecSeg,418,57
ncih2170_ctrl_2_122,train,NCI-H2170,ncih2170_ctrl_2,ecSeg,194,7
ncih2170_ctrl_2_123,val,NCI-H2170,ncih2170_ctrl_2,ecSeg,430,104
ncih2170_ctrl_2_124,train,NCI-H2170,ncih2170_ctrl_2,ecSeg,163,24
ncih2170_ctrl_2_125,train,NCI-H2170,ncih2170_ctrl_2,ecSeg,413,63
ncih2170_ctrl_2_126,val,NCI-H2170,ncih2170_ctrl_2,ecSeg,196,107
ncih2170_ctrl_2_127,train,NCI-H2170,ncih2170_ctrl_2,ecSeg,378,129
ncih2170_ctrl_2_129,train,NCI-H2170,ncih2170_ctrl_2,ecSeg,220,73
ncih2170_ctrl_2_130,train,NCI-H2170,ncih2170_ctrl_2,ecSeg,228,163
ncih2170_ctrl_2_132,test,NCI-H2170,ncih2170_ctrl_2,ecSeg,274,63
ncih2170_ctrl_2_133,val,NCI-H2170,ncih2170_ctrl_2,ecSeg,557,29
ncih2170_ctrl_2_134,train,NCI-H2170,ncih2170_ctrl_2,ecSeg,390,30
ncih2170_ctrl_2_136,train,NCI-H2170,ncih2170_ctrl_2,ecSeg,314,0
ncih2170_ctrl_2_139,test,NCI-H2170,ncih2170_ctrl_2,ecSeg,246,108
ncih2170_ctrl_2_141,train,NCI-H2170,ncih2170_ctrl_2,ecSeg,114,3
ncih2170_ctrl_2_143,val,NCI-H2170,ncih2170_ctrl_2,ecSeg,191,62
ncih2170_ctrl_2_22,train,NCI-H2170,ncih2170_ctrl_2,ecSeg,438,21
ncih2170_ctrl_2_24,test,NCI-H2170,ncih2170_ctrl_2,ecSeg,642,224
ncih2170_ctrl_2_27,val,NCI-H2170,ncih2170_ctrl_2,ecSeg,520,19
ncih2170_ctrl_2_28,train,NCI-H2170,ncih2170_ctrl_2,ecSeg,259,59
ncih2170_ctrl_2_29,train,NCI-H2170,ncih2170_ctrl_2,ecSeg,170,13
ncih2170_ctrl_2_30,train,NCI-H2170,ncih2170_ctrl_2,ecSeg,572,86
ncih2170_ctrl_2_31,val,NCI-H2170,ncih2170_ctrl_2,ecSeg,89,5
ncih2170_ctrl_2_35,train,NCI-H2170,ncih2170_ctrl_2,ecSeg,604,116
ncih2170_ctrl_2_40,train,NCI-H2170,ncih2170_ctrl_2,ecSeg,297,31
ncih2170_ctrl_2_41,train,NCI-H2170,ncih2170_ctrl_2,ecSeg,742,243
ncih2170_ctrl_2_92,train,NCI-H2170,ncih2170_ctrl_2,ecSeg,436,25
ncih2170_ctrl_2_93,train,NCI-H2170,ncih2170_ctrl_2,ecSeg,287,127
ncih2170_ctrl_2_94,train,NCI-H2170,ncih2170_ctrl_2,ecSeg,146,21
ncih2170_ctrl_2_96,test,NCI-H2170,ncih2170_ctrl_2,ecSeg,96,0
ncih2170_ctrl_2_99,train,NCI-H2170,ncih2170_ctrl_2,ecSeg,290,69
ncih2170_facs_fish_0223_high_her2_10,train,NCI-H2170,ncih2170_facs_fish_0223_high_her2,ecSeg,138,20
ncih2170_facs_fish_0223_high_her2_11,train,NCI-H2170,ncih2170_facs_fish_0223_high_her2,ecSeg,101,4
ncih2170_facs_fish_0223_high_her2_13,test,NCI-H2170,ncih2170_facs_fish_0223_high_her2,ecSeg,375,49
ncih2170_facs_fish_0223_high_her2_16,train,NCI-H2170,ncih2170_facs_fish_0223_high_her2,ecSeg,130,3
ncih2170_facs_fish_0223_high_her2_18,train,NCI-H2170,ncih2170_facs_fish_0223_high_her2,ecSeg,46,0
ncih2170_facs_fish_0223_high_her2_19,val,NCI-H2170,ncih2170_facs_fish_0223_high_her2,ecSeg,96,23
ncih2170_facs_fish_0223_high_her2_2,train,NCI-H2170,ncih2170_facs_fish_0223_high_her2,ecSeg,86,0
ncih2170_facs_fish_0223_high_her2_20,val,NCI-H2170,ncih2170_facs_fish_0223_high_her2,ecSeg,87,9
ncih2170_facs_fish_0223_high_her2_3,train,NCI-H2170,ncih2170_facs_fish_0223_high_her2,ecSeg,116,6
ncih2170_facs_fish_0223_high_her2_4,train,NCI-H2170,ncih2170_facs_fish_0223_high_her2,ecSeg,77,39
ncih2170_facs_fish_0223_high_her2_5,train,NCI-H2170,ncih2170_facs_fish_0223_high_her2,ecSeg,152,0
ncih2170_facs_fish_0223_high_her2_6,train,NCI-H2170,ncih2170_facs_fish_0223_high_her2,ecSeg,332,50
ncih2170_facs_fish_0223_high_her2_7,test,NCI-H2170,ncih2170_facs_fish_0223_high_her2,ecSeg,62,22
ncih2170_facs_fish_0223_high_her2_8,train,NCI-H2170,ncih2170_facs_fish_0223_high_her2,ecSeg,228,1
ncih2170_facs_fish_0223_high_her2_9,train,NCI-H2170,ncih2170_facs_fish_0223_high_her2,ecSeg,94,26
ncih2170_facs_fish_0223_low_her2_10,train,NCI-H2170,ncih2170_facs_fish_0223_low_her2,ecSeg,24,0
ncih2170_facs_fish_0223_low_her2_12,val,NCI-H2170,ncih2170_facs_fish_0223_low_her2,ecSeg,77,4
ncih2170_facs_fish_0223_low_her2_19,test,NCI-H2170,ncih2170_facs_fish_0223_low_her2,ecSeg,40,0
ncih2170_facs_fish_0223_low_her2_2,test,NCI-H2170,ncih2170_facs_fish_0223_low_her2,ecSeg,189,0
ncih2170_facs_fish_0223_low_her2_6,test,NCI-H2170,ncih2170_facs_fish_0223_low_her2,ecSeg,15,0
ncih2170_facs_fish_0223_low_her2_9,train,NCI-H2170,ncih2170_facs_fish_0223_low_her2,ecSeg,24,3
ncih2170_facs_fish_0423_high_her2_21,train,NCI-H2170,ncih2170_facs_fish_0423_high_her2,ecSeg,115,50
ncih2170_facs_fish_0423_high_her2_23,train,NCI-H2170,ncih2170_facs_fish_0423_high_her2,ecSeg,187,70
ncih2170_facs_fish_0423_high_her2_24,train,NCI-H2170,ncih2170_facs_fish_0423_high_her2,ecSeg,174,0
ncih2170_facs_fish_0423_high_her2_25,train,NCI-H2170,ncih2170_facs_fish_0423_high_her2,ecSeg,97,33
ncih2170_facs_fish_0423_high_her2_27,test,NCI-H2170,ncih2170_facs_fish_0423_high_her2,ecSeg,396,35
ncih2170_facs_fish_0423_low_her2_10,test,NCI-H2170,ncih2170_facs_fish_0423_low_her2,ecSeg,191,31
ncih2170_facs_fish_0423_low_her2_101,train,NCI-H2170,ncih2170_facs_fish_0423_low_her2,ecSeg,104,24
ncih2170_facs_fish_0423_low_her2_104,train,NCI-H2170,ncih2170_facs_fish_0423_low_her2,ecSeg,61,36
ncih2170_facs_fish_0423_low_her2_105,train,NCI-H2170,ncih2170_facs_fish_0423_low_her2,ecSeg,62,18
ncih2170_facs_fish_0423_low_her2_109,train,NCI-H2170,ncih2170_facs_fish_0423_low_her2,ecSeg,109,36
ncih2170_facs_fish_0423_low_her2_11,test,NCI-H2170,ncih2170_facs_fish_0423_low_her2,ecSeg,44,4
ncih2170_facs_fish_0423_low_her2_111,train,NCI-H2170,ncih2170_facs_fish_0423_low_her2,ecSeg,107,29
ncih2170_facs_fish_0423_low_her2_115,val,NCI-H2170,ncih2170_facs_fish_0423_low_her2,ecSeg,152,23
ncih2170_facs_fish_0423_low_her2_118,train,NCI-H2170,ncih2170_facs_fish_0423_low_her2,ecSeg,43,0
ncih2170_facs_fish_0423_low_her2_14,val,NCI-H2170,ncih2170_facs_fish_0423_low_her2,ecSeg,70,12
ncih2170_facs_fish_0423_low_her2_16,train,NCI-H2170,ncih2170_facs_fish_0423_low_her2,ecSeg,61,1
ncih2170_facs_fish_0423_low_her2_18,train,NCI-H2170,ncih2170_facs_fish_0423_low_her2,ecSeg,99,1
ncih2170_facs_fish_0423_low_her2_20,train,NCI-H2170,ncih2170_facs_fish_0423_low_her2,ecSeg,213,18
ncih2170_facs_fish_0423_low_her2_21,val,NCI-H2170,ncih2170_facs_fish_0423_low_her2,ecSeg,48,0
ncih2170_facs_fish_0423_low_her2_22,train,NCI-H2170,ncih2170_facs_fish_0423_low_her2,ecSeg,64,14
ncih2170_facs_fish_0423_low_her2_28,test,NCI-H2170,ncih2170_facs_fish_0423_low_her2,ecSeg,174,42
ncih2170_facs_fish_0423_low_her2_3,train,NCI-H2170,ncih2170_facs_fish_0423_low_her2,ecSeg,128,14
ncih2170_facs_fish_0423_low_her2_30,train,NCI-H2170,ncih2170_facs_fish_0423_low_her2,ecSeg,96,3
ncih2170_facs_fish_0423_low_her2_31_b,train,NCI-H2170,ncih2170_facs_fish_0423_low_her2,ecSeg,197,2
ncih2170_facs_fish_0423_low_her2_35,train,NCI-H2170,ncih2170_facs_fish_0423_low_her2,ecSeg,211,0
ncih2170_facs_fish_0423_low_her2_37,train,NCI-H2170,ncih2170_facs_fish_0423_low_her2,ecSeg,60,14
ncih2170_facs_fish_0423_low_her2_4,train,NCI-H2170,ncih2170_facs_fish_0423_low_her2,ecSeg,117,11
ncih2170_facs_fish_0423_low_her2_43,test,NCI-H2170,ncih2170_facs_fish_0423_low_her2,ecSeg,139,5
ncih2170_facs_fish_0423_low_her2_44,train,NCI-H2170,ncih2170_facs_fish_0423_low_her2,ecSeg,115,1
ncih2170_facs_fish_0423_low_her2_46,train,NCI-H2170,ncih2170_facs_fish_0423_low_her2,ecSeg,167,91
ncih2170_facs_fish_0423_low_her2_48,train,NCI-H2170,ncih2170_facs_fish_0423_low_her2,ecSeg,99,16
ncih2170_facs_fish_0423_low_her2_49,val,NCI-H2170,ncih2170_facs_fish_0423_low_her2,ecSeg,141,47
ncih2170_facs_fish_0423_low_her2_56,test,NCI-H2170,ncih2170_facs_fish_0423_low_her2,ecSeg,101,51
ncih2170_facs_fish_0423_low_her2_59,train,NCI-H2170,ncih2170_facs_fish_0423_low_her2,ecSeg,170,10
ncih2170_facs_fish_0423_low_her2_64,val,NCI-H2170,ncih2170_facs_fish_0423_low_her2,ecSeg,113,43
ncih2170_facs_fish_0423_low_her2_65,val,NCI-H2170,ncih2170_facs_fish_0423_low_her2,ecSeg,89,1
ncih2170_facs_fish_0423_low_her2_66,train,NCI-H2170,ncih2170_facs_fish_0423_low_her2,ecSeg,41,3
ncih2170_facs_fish_0423_low_her2_68,train,NCI-H2170,ncih2170_facs_fish_0423_low_her2,ecSeg,103,19
ncih2170_facs_fish_0423_low_her2_7,train,NCI-H2170,ncih2170_facs_fish_0423_low_her2,ecSeg,84,4
ncih2170_facs_fish_0423_low_her2_71,train,NCI-H2170,ncih2170_facs_fish_0423_low_her2,ecSeg,135,18
ncih2170_facs_fish_0423_low_her2_72,train,NCI-H2170,ncih2170_facs_fish_0423_low_her2,ecSeg,142,32
ncih2170_facs_fish_0423_low_her2_74,train,NCI-H2170,ncih2170_facs_fish_0423_low_her2,ecSeg,97,4
ncih2170_facs_fish_0423_low_her2_75,train,NCI-H2170,ncih2170_facs_fish_0423_low_her2,ecSeg,111,43
ncih2170_facs_fish_0423_low_her2_76,train,NCI-H2170,ncih2170_facs_fish_0423_low_her2,ecSeg,204,21
ncih2170_facs_fish_0423_low_her2_8,test,NCI-H2170,ncih2170_facs_fish_0423_low_her2,ecSeg,87,0
ncih2170_facs_fish_0423_low_her2_83,val,NCI-H2170,ncih2170_facs_fish_0423_low_her2,ecSeg,51,16
ncih2170_facs_fish_0423_low_her2_87,test,NCI-H2170,ncih2170_facs_fish_0423_low_her2,ecSeg,67,0
ncih2170_facs_fish_0423_low_her2_9,train,NCI-H2170,ncih2170_facs_fish_0423_low_her2,ecSeg,143,0
ncih2170_facs_fish_0423_low_her2_91,test,NCI-H2170,ncih2170_facs_fish_0423_low_her2,ecSeg,79,1
ncih2170_facs_fish_0423_low_her2_94,test,NCI-H2170,ncih2170_facs_fish_0423_low_her2,ecSeg,132,27
ncih2170_facs_fish_0423_low_her2_95,train,NCI-H2170,ncih2170_facs_fish_0423_low_her2,ecSeg,26,6
ncih2170_facs_fish_0423_low_her2_97,train,NCI-H2170,ncih2170_facs_fish_0423_low_her2,ecSeg,114,43
ncih2170_facs_fish_0423_low_her2_98,train,NCI-H2170,ncih2170_facs_fish_0423_low_her2,ecSeg,125,37
ncih2170_facs_fish_0723_high_her2_1,val,NCI-H2170,ncih2170_facs_fish_0723_high_her2,ecSeg,368,43
ncih2170_facs_fish_0723_high_her2_10,train,NCI-H2170,ncih2170_facs_fish_0723_high_her2,ecSeg,597,360
ncih2170_facs_fish_0723_high_her2_102,train,NCI-H2170,ncih2170_facs_fish_0723_high_her2,ecSeg,276,66
ncih2170_facs_fish_0723_high_her2_103,train,NCI-H2170,ncih2170_facs_fish_0723_high_her2,ecSeg,199,25
ncih2170_facs_fish_0723_high_her2_104,train,NCI-H2170,ncih2170_facs_fish_0723_high_her2,ecSeg,676,380
ncih2170_facs_fish_0723_high_her2_108,test,NCI-H2170,ncih2170_facs_fish_0723_high_her2,ecSeg,186,32
ncih2170_facs_fish_0723_high_her2_109,train,NCI-H2170,ncih2170_facs_fish_0723_high_her2,ecSeg,292,45
ncih2170_facs_fish_0723_high_her2_11,val,NCI-H2170,ncih2170_facs_fish_0723_high_her2,ecSeg,835,483
ncih2170_facs_fish_0723_high_her2_110,test,NCI-H2170,ncih2170_facs_fish_0723_high_her2,ecSeg,358,57
ncih2170_facs_fish_0723_high_her2_111,test,NCI-H2170,ncih2170_facs_fish_0723_high_her2,ecSeg,278,4
ncih2170_facs_fish_0723_high_her2_113,train,NCI-H2170,ncih2170_facs_fish_0723_high_her2,ecSeg,843,296
ncih2170_facs_fish_0723_high_her2_114,train,NCI-H2170,ncih2170_facs_fish_0723_high_her2,ecSeg,329,17
ncih2170_facs_fish_0723_high_her2_116,train,NCI-H2170,ncih2170_facs_fish_0723_high_her2,ecSeg,395,114
ncih2170_facs_fish_0723_high_her2_12,train,NCI-H2170,ncih2170_facs_fish_0723_high_her2,ecSeg,211,93
ncih2170_facs_fish_0723_high_her2_120,train,NCI-H2170,ncih2170_facs_fish_0723_high_her2,ecSeg,250,75
ncih2170_facs_fish_0723_high_her2_121,train,NCI-H2170,ncih2170_facs_fish_0723_high_her2,ecSeg,344,54
ncih2170_facs_fish_0723_high_her2_122,train,NCI-H2170,ncih2170_facs_fish_0723_high_her2,ecSeg,245,14
ncih2170_facs_fish_0723_high_her2_123,train,NCI-H2170,ncih2170_facs_fish_0723_high_her2,ecSeg,325,8
ncih2170_facs_fish_0723_high_her2_124,train,NCI-H2170,ncih2170_facs_fish_0723_high_her2,ecSeg,165,13
ncih2170_facs_fish_0723_high_her2_125,val,NCI-H2170,ncih2170_facs_fish_0723_high_her2,ecSeg,442,118
ncih2170_facs_fish_0723_high_her2_13,train,NCI-H2170,ncih2170_facs_fish_0723_high_her2,ecSeg,299,56
ncih2170_facs_fish_0723_high_her2_17,val,NCI-H2170,ncih2170_facs_fish_0723_high_her2,ecSeg,473,270
ncih2170_facs_fish_0723_high_her2_18,train,NCI-H2170,ncih2170_facs_fish_0723_high_her2,ecSeg,611,207
ncih2170_facs_fish_0723_high_her2_21,test,NCI-H2170,ncih2170_facs_fish_0723_high_her2,ecSeg,180,47
ncih2170_facs_fish_0723_high_her2_24,train,NCI-H2170,ncih2170_facs_fish_0723_high_her2,ecSeg,184,2
ncih2170_facs_fish_0723_high_her2_27,train,NCI-H2170,ncih2170_facs_fish_0723_high_her2,ecSeg,319,11
ncih2170_facs_fish_0723_high_her2_28,train,NCI-H2170,ncih2170_facs_fish_0723_high_her2,ecSeg,232,179
ncih2170_facs_fish_0723_high_her2_3,train,NCI-H2170,ncih2170_facs_fish_0723_high_her2,ecSeg,460,302
ncih2170_facs_fish_0723_high_her2_30,train,NCI-H2170,ncih2170_facs_fish_0723_high_her2,ecSeg,376,67
ncih2170_facs_fish_0723_high_her2_33,val,NCI-H2170,ncih2170_facs_fish_0723_high_her2,ecSeg,352,128
ncih2170_facs_fish_0723_high_her2_36,train,NCI-H2170,ncih2170_facs_fish_0723_high_her2,ecSeg,236,3
ncih2170_facs_fish_0723_high_her2_37,val,NCI-H2170,ncih2170_facs_fish_0723_high_her2,ecSeg,150,14
ncih2170_facs_fish_0723_high_her2_4,train,NCI-H2170,ncih2170_facs_fish_0723_high_her2,ecSeg,396,237
ncih2170_facs_fish_0723_high_her2_40,train,NCI-H2170,ncih2170_facs_fish_0723_high_her2,ecSeg,517,481
ncih2170_facs_fish_0723_high_her2_41,train,NCI-H2170,ncih2170_facs_fish_0723_high_her2,ecSeg,265,142
ncih2170_facs_fish_0723_high_her2_42,train,NCI-H2170,ncih2170_facs_fish_0723_high_her2,ecSeg,323,28
ncih2170_facs_fish_0723_high_her2_54,train,NCI-H2170,ncih2170_facs_fish_0723_high_her2,ecSeg,120,76
ncih2170_facs_fish_0723_high_her2_55,train,NCI-H2170,ncih2170_facs_fish_0723_high_her2,ecSeg,223,81
ncih2170_facs_fish_0723_high_her2_56,train,NCI-H2170,ncih2170_facs_fish_0723_high_her2,ecSeg,252,59
ncih2170_facs_fish_0723_high_her2_64,train,NCI-H2170,ncih2170_facs_fish_0723_high_her2,ecSeg,260,196
ncih2170_facs_fish_0723_high_her2_7,train,NCI-H2170,ncih2170_facs_fish_0723_high_her2,ecSeg,495,253
ncih2170_facs_fish_0723_high_her2_71,val,NCI-H2170,ncih2170_facs_fish_0723_high_her2,ecSeg,378,179
ncih2170_facs_fish_0723_high_her2_80,test,NCI-H2170,ncih2170_facs_fish_0723_high_her2,ecSeg,403,308
ncih2170_facs_fish_0723_high_her2_82,train,NCI-H2170,ncih2170_facs_fish_0723_high_her2,ecSeg,498,35
ncih2170_facs_fish_0723_high_her2_83,train,NCI-H2170,ncih2170_facs_fish_0723_high_her2,ecSeg,307,61
ncih2170_facs_fish_0723_high_her2_84,train,NCI-H2170,ncih2170_facs_fish_0723_high_her2,ecSeg,258,22
ncih2170_facs_fish_0723_high_her2_86,train,NCI-H2170,ncih2170_facs_fish_0723_high_her2,ecSeg,164,26
ncih2170_facs_fish_0723_high_her2_87,train,NCI-H2170,ncih2170_facs_fish_0723_high_her2,ecSeg,249,58
ncih2170_facs_fish_0723_high_her2_9,train,NCI-H2170,ncih2170_facs_fish_0723_high_her2,ecSeg,262,163
ncih2170_facs_fish_0723_high_her2_92,train,NCI-H2170,ncih2170_facs_fish_0723_high_her2,ecSeg,147,53
ncih2170_facs_fish_0723_high_her2_96,train,NCI-H2170,ncih2170_facs_fish_0723_high_her2,ecSeg,497,26
ncih2170_facs_fish_0723_high_her2_98,train,NCI-H2170,ncih2170_facs_fish_0723_high_her2,ecSeg,226,180
ncih2170_facs_fish_0723_low_her2_1,test,NCI-H2170,ncih2170_facs_fish_0723_low_her2,ecSeg,36,18
ncih2170_facs_fish_0723_low_her2_10,train,NCI-H2170,ncih2170_facs_fish_0723_low_her2,ecSeg,206,132
ncih2170_facs_fish_0723_low_her2_101,val,NCI-H2170,ncih2170_facs_fish_0723_low_her2,ecSeg,91,23
ncih2170_facs_fish_0723_low_her2_103,train,NCI-H2170,ncih2170_facs_fish_0723_low_her2,ecSeg,207,25
ncih2170_facs_fish_0723_low_her2_106,train,NCI-H2170,ncih2170_facs_fish_0723_low_her2,ecSeg,71,5
ncih2170_facs_fish_0723_low_her2_108,train,NCI-H2170,ncih2170_facs_fish_0723_low_her2,ecSeg,53,44
ncih2170_facs_fish_0723_low_her2_11,val,NCI-H2170,ncih2170_facs_fish_0723_low_her2,ecSeg,183,50
ncih2170_facs_fish_0723_low_her2_112,train,NCI-H2170,ncih2170_facs_fish_0723_low_her2,ecSeg,98,11
ncih2170_facs_fish_0723_low_her2_115,test,NCI-H2170,ncih2170_facs_fish_0723_low_her2,ecSeg,63,11
ncih2170_facs_fish_0723_low_her2_116,val,NCI-H2170,ncih2170_facs_fish_0723_low_her2,ecSeg,105,10
ncih2170_facs_fish_0723_low_her2_117,val,NCI-H2170,ncih2170_facs_fish_0723_low_her2,ecSeg,237,22
ncih2170_facs_fish_0723_low_her2_118,train,NCI-H2170,ncih2170_facs_fish_0723_low_her2,ecSeg,93,13
ncih2170_facs_fish_0723_low_her2_12,val,NCI-H2170,ncih2170_facs_fish_0723_low_her2,ecSeg,104,70
ncih2170_facs_fish_0723_low_her2_124,train,NCI-H2170,ncih2170_facs_fish_0723_low_her2,ecSeg,152,154
ncih2170_facs_fish_0723_low_her2_125,train,NCI-H2170,ncih2170_facs_fish_0723_low_her2,ecSeg,73,9
ncih2170_facs_fish_0723_low_her2_126,train,NCI-H2170,ncih2170_facs_fish_0723_low_her2,ecSeg,124,35
ncih2170_facs_fish_0723_low_her2_13,train,NCI-H2170,ncih2170_facs_fish_0723_low_her2,ecSeg,82,58
ncih2170_facs_fish_0723_low_her2_15,train,NCI-H2170,ncih2170_facs_fish_0723_low_her2,ecSeg,132,68
ncih2170_facs_fish_0723_low_her2_20,train,NCI-H2170,ncih2170_facs_fish_0723_low_her2,ecSeg,183,68
ncih2170_facs_fish_0723_low_her2_21,train,NCI-H2170,ncih2170_facs_fish_0723_low_her2,ecSeg,260,178
ncih2170_facs_fish_0723_low_her2_22,test,NCI-H2170,ncih2170_facs_fish_0723_low_her2,ecSeg,308,111
ncih2170_facs_fish_0723_low_her2_23,test,NCI-H2170,ncih2170_facs_fish_0723_low_her2,ecSeg,85,41
ncih2170_facs_fish_0723_low_her2_25,train,NCI-H2170,ncih2170_facs_fish_0723_low_her2,ecSeg,54,3
ncih2170_facs_fish_0723_low_her2_27,val,NCI-H2170,ncih2170_facs_fish_0723_low_her2,ecSeg,47,31
ncih2170_facs_fish_0723_low_her2_28,val,NCI-H2170,ncih2170_facs_fish_0723_low_her2,ecSeg,81,13
ncih2170_facs_fish_0723_low_her2_3,train,NCI-H2170,ncih2170_facs_fish_0723_low_her2,ecSeg,124,96
ncih2170_facs_fish_0723_low_her2_32,train,NCI-H2170,ncih2170_facs_fish_0723_low_her2,ecSeg,78,90
ncih2170_facs_fish_0723_low_her2_34,train,NCI-H2170,ncih2170_facs_fish_0723_low_her2,ecSeg,72,55
ncih2170_facs_fish_0723_low_her2_38,train,NCI-H2170,ncih2170_facs_fish_0723_low_her2,ecSeg,86,32
ncih2170_facs_fish_0723_low_her2_39,train,NCI-H2170,ncih2170_facs_fish_0723_low_her2,ecSeg,100,65
ncih2170_facs_fish_0723_low_her2_40,train,NCI-H2170,ncih2170_facs_fish_0723_low_her2,ecSeg,97,57
ncih2170_facs_fish_0723_low_her2_42,train,NCI-H2170,ncih2170_facs_fish_0723_low_her2,ecSeg,122,140
ncih2170_facs_fish_0723_low_her2_43,train,NCI-H2170,ncih2170_facs_fish_0723_low_her2,ecSeg,71,30
ncih2170_facs_fish_0723_low_her2_44,train,NCI-H2170,ncih2170_facs_fish_0723_low_her2,ecSeg,162,45
ncih2170_facs_fish_0723_low_her2_45,val,NCI-H2170,ncih2170_facs_fish_0723_low_her2,ecSeg,156,59
ncih2170_facs_fish_0723_low_her2_51,train,NCI-H2170,ncih2170_facs_fish_0723_low_her2,ecSeg,106,35
ncih2170_facs_fish_0723_low_her2_52,test,NCI-H2170,ncih2170_facs_fish_0723_low_her2,ecSeg,116,88
ncih2170_facs_fish_0723_low_her2_53,train,NCI-H2170,ncih2170_facs_fish_0723_low_her2,ecSeg,105,16
ncih2170_facs_fish_0723_low_her2_54,train,NCI-H2170,ncih2170_facs_fish_0723_low_her2,ecSeg,106,21
ncih2170_facs_fish_0723_low_her2_57,train,NCI-H2170,ncih2170_facs_fish_0723_low_her2,ecSeg,236,15
ncih2170_facs_fish_0723_low_her2_6,train,NCI-H2170,ncih2170_facs_fish_0723_low_her2,ecSeg,66,27
ncih2170_facs_fish_0723_low_her2_60,test,NCI-H2170,ncih2170_facs_fish_0723_low_her2,ecSeg,93,4
ncih2170_facs_fish_0723_low_her2_62,train,NCI-H2170,ncih2170_facs_fish_0723_low_her2,ecSeg,53,9
ncih2170_facs_fish_0723_low_her2_68,train,NCI-H2170,ncih2170_facs_fish_0723_low_her2,ecSeg,32,7
ncih2170_facs_fish_0723_low_her2_70,train,NCI-H2170,ncih2170_facs_fish_0723_low_her2,ecSeg,115,14
ncih2170_facs_fish_0723_low_her2_75,train,NCI-H2170,ncih2170_facs_fish_0723_low_her2,ecSeg,43,8
ncih2170_facs_fish_0723_low_her2_77,val,NCI-H2170,ncih2170_facs_fish_0723_low_her2,ecSeg,48,53
ncih2170_facs_fish_0723_low_her2_83,train,NCI-H2170,ncih2170_facs_fish_0723_low_her2,ecSeg,78,30
ncih2170_facs_fish_0723_low_her2_86,val,NCI-H2170,ncih2170_facs_fish_0723_low_her2,ecSeg,110,52
ncih2170_facs_fish_0723_low_her2_87,train,NCI-H2170,ncih2170_facs_fish_0723_low_her2,ecSeg,64,36
ncih2170_facs_fish_0723_low_her2_88,train,NCI-H2170,ncih2170_facs_fish_0723_low_her2,ecSeg,46,22
ncih2170_facs_fish_0723_low_her2_89,train,NCI-H2170,ncih2170_facs_fish_0723_low_her2,ecSeg,79,9
ncih2170_facs_fish_0723_low_her2_90,val,NCI-H2170,ncih2170_facs_fish_0723_low_her2,ecSeg,106,61
ncih2170_facs_fish_0723_low_her2_92,train,NCI-H2170,ncih2170_facs_fish_0723_low_her2,ecSeg,130,41
ncih2170_facs_fish_0723_low_her2_93,train,NCI-H2170,ncih2170_facs_fish_0723_low_her2,ecSeg,39,30
ncih2170_facs_fish_0723_low_her2_94,train,NCI-H2170,ncih2170_facs_fish_0723_low_her2,ecSeg,93,27
ncih2170_facs_fish_0723_low_her2_98,train,NCI-H2170,ncih2170_facs_fish_0723_low_her2,ecSeg,121,41
ncih2170_facs_fish_0723_pre_sort_ctrl_1,train,NCI-H2170,ncih2170_facs_fish_0723_pre_sort_ctrl,ecSeg,94,32
ncih2170_facs_fish_0723_pre_sort_ctrl_12,train,NCI-H2170,ncih2170_facs_fish_0723_pre_sort_ctrl,ecSeg,173,146
ncih2170_facs_fish_0723_pre_sort_ctrl_14,train,NCI-H2170,ncih2170_facs_fish_0723_pre_sort_ctrl,ecSeg,179,45
ncih2170_facs_fish_0723_pre_sort_ctrl_15,val,NCI-H2170,ncih2170_facs_fish_0723_pre_sort_ctrl,ecSeg,201,80
ncih2170_facs_fish_0723_pre_sort_ctrl_16,train,NCI-H2170,ncih2170_facs_fish_0723_pre_sort_ctrl,ecSeg,85,28
ncih2170_facs_fish_0723_pre_sort_ctrl_17,train,NCI-H2170,ncih2170_facs_fish_0723_pre_sort_ctrl,ecSeg,513,81
ncih2170_facs_fish_0723_pre_sort_ctrl_18,train,NCI-H2170,ncih2170_facs_fish_0723_pre_sort_ctrl,ecSeg,255,77
ncih2170_facs_fish_0723_pre_sort_ctrl_19,train,NCI-H2170,ncih2170_facs_fish_0723_pre_sort_ctrl,ecSeg,123,68
ncih2170_facs_fish_0723_pre_sort_ctrl_2,train,NCI-H2170,ncih2170_facs_fish_0723_pre_sort_ctrl,ecSeg,520,70
ncih2170_facs_fish_0723_pre_sort_ctrl_21,train,NCI-H2170,ncih2170_facs_fish_0723_pre_sort_ctrl,ecSeg,250,102
ncih2170_facs_fish_0723_pre_sort_ctrl_24,train,NCI-H2170,ncih2170_facs_fish_0723_pre_sort_ctrl,ecSeg,64,47
ncih2170_facs_fish_0723_pre_sort_ctrl_29,test,NCI-H2170,ncih2170_facs_fish_0723_pre_sort_ctrl,ecSeg,225,15
ncih2170_facs_fish_0723_pre_sort_ctrl_31,val,NCI-H2170,ncih2170_facs_fish_0723_pre_sort_ctrl,ecSeg,145,12
ncih2170_facs_fish_0723_pre_sort_ctrl_6,val,NCI-H2170,ncih2170_facs_fish_0723_pre_sort_ctrl,ecSeg,192,51
ncih2170_facs_fish_0723_pre_sort_ctrl_7,val,NCI-H2170,ncih2170_facs_fish_0723_pre_sort_ctrl,ecSeg,81,60
ncih2170_facs_fish_0723_pre_sort_ctrl_8,train,NCI-H2170,ncih2170_facs_fish_0723_pre_sort_ctrl,ecSeg,193,54
ncih2170_facs_fish_0723_sorted_ctrl_100,val,NCI-H2170,ncih2170_facs_fish_0723_sorted_ctrl,ecSeg,143,11
ncih2170_facs_fish_0723_sorted_ctrl_11,train,NCI-H2170,ncih2170_facs_fish_0723_sorted_ctrl,ecSeg,34,19
ncih2170_facs_fish_0723_sorted_ctrl_18,train,NCI-H2170,ncih2170_facs_fish_0723_sorted_ctrl,ecSeg,292,89
ncih2170_facs_fish_0723_sorted_ctrl_21,train,NCI-H2170,ncih2170_facs_fish_0723_sorted_ctrl,ecSeg,407,143
ncih2170_facs_fish_0723_sorted_ctrl_22,train,NCI-H2170,ncih2170_facs_fish_0723_sorted_ctrl,ecSeg,88,17
ncih2170_facs_fish_0723_sorted_ctrl_25,train,NCI-H2170,ncih2170_facs_fish_0723_sorted_ctrl,ecSeg,138,30
ncih2170_facs_fish_0723_sorted_ctrl_31,train,NCI-H2170,ncih2170_facs_fish_0723_sorted_ctrl,ecSeg,78,78
ncih2170_facs_fish_0723_sorted_ctrl_32,train,NCI-H2170,ncih2170_facs_fish_0723_sorted_ctrl,ecSeg,288,114
ncih2170_facs_fish_0723_sorted_ctrl_33,train,NCI-H2170,ncih2170_facs_fish_0723_sorted_ctrl,ecSeg,168,16
ncih2170_facs_fish_0723_sorted_ctrl_36,train,NCI-H2170,ncih2170_facs_fish_0723_sorted_ctrl,ecSeg,67,4
ncih2170_facs_fish_0723_sorted_ctrl_37,train,NCI-H2170,ncih2170_facs_fish_0723_sorted_ctrl,ecSeg,239,124
ncih2170_facs_fish_0723_sorted_ctrl_4,train,NCI-H2170,ncih2170_facs_fish_0723_sorted_ctrl,ecSeg,536,45
ncih2170_facs_fish_0723_sorted_ctrl_40,train,NCI-H2170,ncih2170_facs_fish_0723_sorted_ctrl,ecSeg,65,7
ncih2170_facs_fish_0723_sorted_ctrl_41,train,NCI-H2170,ncih2170_facs_fish_0723_sorted_ctrl,ecSeg,292,167
ncih2170_facs_fish_0723_sorted_ctrl_43,train,NCI-H2170,ncih2170_facs_fish_0723_sorted_ctrl,ecSeg,98,9
ncih2170_facs_fish_0723_sorted_ctrl_45,test,NCI-H2170,ncih2170_facs_fish_0723_sorted_ctrl,ecSeg,472,135
ncih2170_facs_fish_0723_sorted_ctrl_46,test,NCI-H2170,ncih2170_facs_fish_0723_sorted_ctrl,ecSeg,178,69
ncih2170_facs_fish_0723_sorted_ctrl_48,train,NCI-H2170,ncih2170_facs_fish_0723_sorted_ctrl,ecSeg,274,170
ncih2170_facs_fish_0723_sorted_ctrl_49,test,NCI-H2170,ncih2170_facs_fish_0723_sorted_ctrl,ecSeg,365,129
ncih2170_facs_fish_0723_sorted_ctrl_51,val,NCI-H2170,ncih2170_facs_fish_0723_sorted_ctrl,ecSeg,302,56
ncih2170_facs_fish_0723_sorted_ctrl_52,train,NCI-H2170,ncih2170_facs_fish_0723_sorted_ctrl,ecSeg,226,42
ncih2170_facs_fish_0723_sorted_ctrl_54,train,NCI-H2170,ncih2170_facs_fish_0723_sorted_ctrl,ecSeg,116,27
ncih2170_facs_fish_0723_sorted_ctrl_55,train,NCI-H2170,ncih2170_facs_fish_0723_sorted_ctrl,ecSeg,262,34
ncih2170_facs_fish_0723_sorted_ctrl_57,train,NCI-H2170,ncih2170_facs_fish_0723_sorted_ctrl,ecSeg,284,59
ncih2170_facs_fish_0723_sorted_ctrl_58,val,NCI-H2170,ncih2170_facs_fish_0723_sorted_ctrl,ecSeg,24,19
ncih2170_facs_fish_0723_sorted_ctrl_59,train,NCI-H2170,ncih2170_facs_fish_0723_sorted_ctrl,ecSeg,277,239
ncih2170_facs_fish_0723_sorted_ctrl_60,test,NCI-H2170,ncih2170_facs_fish_0723_sorted_ctrl,ecSeg,187,46
ncih2170_facs_fish_0723_sorted_ctrl_63,val,NCI-H2170,ncih2170_facs_fish_0723_sorted_ctrl,ecSeg,214,110
ncih2170_facs_fish_0723_sorted_ctrl_64,train,NCI-H2170,ncih2170_facs_fish_0723_sorted_ctrl,ecSeg,333,164
ncih2170_facs_fish_0723_sorted_ctrl_65,train,NCI-H2170,ncih2170_facs_fish_0723_sorted_ctrl,ecSeg,139,42
ncih2170_facs_fish_0723_sorted_ctrl_66,train,NCI-H2170,ncih2170_facs_fish_0723_sorted_ctrl,ecSeg,58,31
ncih2170_facs_fish_0723_sorted_ctrl_68,train,NCI-H2170,ncih2170_facs_fish_0723_sorted_ctrl,ecSeg,266,121
ncih2170_facs_fish_0723_sorted_ctrl_72,train,NCI-H2170,ncih2170_facs_fish_0723_sorted_ctrl,ecSeg,259,16
ncih2170_facs_fish_0723_sorted_ctrl_74,train,NCI-H2170,ncih2170_facs_fish_0723_sorted_ctrl,ecSeg,73,79
ncih2170_facs_fish_0723_sorted_ctrl_75,train,NCI-H2170,ncih2170_facs_fish_0723_sorted_ctrl,ecSeg,205,170
ncih2170_facs_fish_0723_sorted_ctrl_76,train,NCI-H2170,ncih2170_facs_fish_0723_sorted_ctrl,ecSeg,291,29
ncih2170_facs_fish_0723_sorted_ctrl_77,train,NCI-H2170,ncih2170_facs_fish_0723_sorted_ctrl,ecSeg,199,110
ncih2170_facs_fish_0723_sorted_ctrl_79,train,NCI-H2170,ncih2170_facs_fish_0723_sorted_ctrl,ecSeg,27,3
ncih2170_facs_fish_0723_sorted_ctrl_80,val,NCI-H2170,ncih2170_facs_fish_0723_sorted_ctrl,ecSeg,296,287
ncih2170_facs_fish_0723_sorted_ctrl_85,train,NCI-H2170,ncih2170_facs_fish_0723_sorted_ctrl,ecSeg,249,49
ncih2170_facs_fish_0723_sorted_ctrl_87,train,NCI-H2170,ncih2170_facs_fish_0723_sorted_ctrl,ecSeg,190,45
ncih2170_facs_fish_0723_sorted_ctrl_9,train,NCI-H2170,ncih2170_facs_fish_0723_sorted_ctrl,ecSeg,87,26
ncih2170_facs_fish_0723_sorted_ctrl_91,val,NCI-H2170,ncih2170_facs_fish_0723_sorted_ctrl,ecSeg,213,23
ncih2170_facs_fish_0723_sorted_ctrl_96,val,NCI-H2170,ncih2170_facs_fish_0723_sorted_ctrl,ecSeg,220,17
ncih2170_facs_fish_0723_sorted_ctrl_99,train,NCI-H2170,ncih2170_facs_fish_0723_sorted_ctrl,ecSeg,203,139
ncih2170_jc_jq1_ic50_24h_1,train,NCI-H2170,ncih2170_jc_jq1_ic50_24h,ecSeg,83,30
ncih2170_jc_jq1_ic50_24h_100,test,NCI-H2170,ncih2170_jc_jq1_ic50_24h,ecSeg,38,3
ncih2170_jc_jq1_ic50_24h_101,train,NCI-H2170,ncih2170_jc_jq1_ic50_24h,ecSeg,99,32
ncih2170_jc_jq1_ic50_24h_104,train,NCI-H2170,ncih2170_jc_jq1_ic50_24h,ecSeg,74,7
ncih2170_jc_jq1_ic50_24h_106,train,NCI-H2170,ncih2170_jc_jq1_ic50_24h,ecSeg,239,39
ncih2170_jc_jq1_ic50_24h_108,val,NCI-H2170,ncih2170_jc_jq1_ic50_24h,ecSeg,211,37
ncih2170_jc_jq1_ic50_24h_111,train,NCI-H2170,ncih2170_jc_jq1_ic50_24h,ecSeg,128,13
ncih2170_jc_jq1_ic50_24h_112,train,NCI-H2170,ncih2170_jc_jq1_ic50_24h,ecSeg,308,30
ncih2170_jc_jq1_ic50_24h_113,train,NCI-H2170,ncih2170_jc_jq1_ic50_24h,ecSeg,200,55
ncih2170_jc_jq1_ic50_24h_114,train,NCI-H2170,ncih2170_jc_jq1_ic50_24h,ecSeg,250,73
ncih2170_jc_jq1_ic50_24h_115,train,NCI-H2170,ncih2170_jc_jq1_ic50_24h,ecSeg,180,50
ncih2170_jc_jq1_ic50_24h_117,train,NCI-H2170,ncih2170_jc_jq1_ic50_24h,ecSeg,135,77
ncih2170_jc_jq1_ic50_24h_118,train,NCI-H2170,ncih2170_jc_jq1_ic50_24h,ecSeg,105,52
ncih2170_jc_jq1_ic50_24h_119,train,NCI-H2170,ncih2170_jc_jq1_ic50_24h,ecSeg,177,25
ncih2170_jc_jq1_ic50_24h_120,train,NCI-H2170,ncih2170_jc_jq1_ic50_24h,ecSeg,143,75
ncih2170_jc_jq1_ic50_24h_17,val,NCI-H2170,ncih2170_jc_jq1_ic50_24h,ecSeg,35,4
ncih2170_jc_jq1_ic50_24h_2,train,NCI-H2170,ncih2170_jc_jq1_ic50_24h,ecSeg,783,89
ncih2170_jc_jq1_ic50_24h_21,train,NCI-H2170,ncih2170_jc_jq1_ic50_24h,ecSeg,180,44
ncih2170_jc_jq1_ic50_24h_23,val,NCI-H2170,ncih2170_jc_jq1_ic50_24h,ecSeg,110,12
ncih2170_jc_jq1_ic50_24h_24,train,NCI-H2170,ncih2170_jc_jq1_ic50_24h,ecSeg,99,9
ncih2170_jc_jq1_ic50_24h_25,train,NCI-H2170,ncih2170_jc_jq1_ic50_24h,ecSeg,93,36
ncih2170_jc_jq1_ic50_24h_26,train,NCI-H2170,ncih2170_jc_jq1_ic50_24h,ecSeg,142,29
ncih2170_jc_jq1_ic50_24h_27,train,NCI-H2170,ncih2170_jc_jq1_ic50_24h,ecSeg,438,103
ncih2170_jc_jq1_ic50_24h_29,train,NCI-H2170,ncih2170_jc_jq1_ic50_24h,ecSeg,201,47
ncih2170_jc_jq1_ic50_24h_30,train,NCI-H2170,ncih2170_jc_jq1_ic50_24h,ecSeg,163,28
ncih2170_jc_jq1_ic50_24h_31,train,NCI-H2170,ncih2170_jc_jq1_ic50_24h,ecSeg,274,85
ncih2170_jc_jq1_ic50_24h_33,train,NCI-H2170,ncih2170_jc_jq1_ic50_24h,ecSeg,121,25
ncih2170_jc_jq1_ic50_24h_36,val,NCI-H2170,ncih2170_jc_jq1_ic50_24h,ecSeg,273,116
ncih2170_jc_jq1_ic50_24h_38,test,NCI-H2170,ncih2170_jc_jq1_ic50_24h,ecSeg,59,15
ncih2170_jc_jq1_ic50_24h_40,train,NCI-H2170,ncih2170_jc_jq1_ic50_24h,ecSeg,406,125
ncih2170_jc_jq1_ic50_24h_41,train,NCI-H2170,ncih2170_jc_jq1_ic50_24h,ecSeg,69,65
ncih2170_jc_jq1_ic50_24h_42,train,NCI-H2170,ncih2170_jc_jq1_ic50_24h,ecSeg,51,2
ncih2170_jc_jq1_ic50_24h_47,train,NCI-H2170,ncih2170_jc_jq1_ic50_24h,ecSeg,120,27
ncih2170_jc_jq1_ic50_24h_48,test,NCI-H2170,ncih2170_jc_jq1_ic50_24h,ecSeg,223,46
ncih2170_jc_jq1_ic50_24h_5,train,NCI-H2170,ncih2170_jc_jq1_ic50_24h,ecSeg,86,40
ncih2170_jc_jq1_ic50_24h_50,test,NCI-H2170,ncih2170_jc_jq1_ic50_24h,ecSeg,72,14
ncih2170_jc_jq1_ic50_24h_51,train,NCI-H2170,ncih2170_jc_jq1_ic50_24h,ecSeg,323,38
ncih2170_jc_jq1_ic50_24h_53,train,NCI-H2170,ncih2170_jc_jq1_ic50_24h,ecSeg,127,37
ncih2170_jc_jq1_ic50_24h_54,train,NCI-H2170,ncih2170_jc_jq1_ic50_24h,ecSeg,101,1
ncih2170_jc_jq1_ic50_24h_56,train,NCI-H2170,ncih2170_jc_jq1_ic50_24h,ecSeg,265,28
ncih2170_jc_jq1_ic50_24h_61,train,NCI-H2170,ncih2170_jc_jq1_ic50_24h,ecSeg,50,24
ncih2170_jc_jq1_ic50_24h_62,train,NCI-H2170,ncih2170_jc_jq1_ic50_24h,ecSeg,155,91
ncih2170_jc_jq1_ic50_24h_64,train,NCI-H2170,ncih2170_jc_jq1_ic50_24h,ecSeg,102,32
ncih2170_jc_jq1_ic50_24h_66,train,NCI-H2170,ncih2170_jc_jq1_ic50_24h,ecSeg,246,40
ncih2170_jc_jq1_ic50_24h_67,train,NCI-H2170,ncih2170_jc_jq1_ic50_24h,ecSeg,118,2
ncih2170_jc_jq1_ic50_24h_68,train,NCI-H2170,ncih2170_jc_jq1_ic50_24h,ecSeg,160,91
ncih2170_jc_jq1_ic50_24h_69,train,NCI-H2170,ncih2170_jc_jq1_ic50_24h,ecSeg,62,0
ncih2170_jc_jq1_ic50_24h_7,test,NCI-H2170,ncih2170_jc_jq1_ic50_24h,ecSeg,328,48
ncih2170_jc_jq1_ic50_24h_72,train,NCI-H2170,ncih2170_jc_jq1_ic50_24h,ecSeg,94,16
ncih2170_jc_jq1_ic50_24h_73,train,NCI-H2170,ncih2170_jc_jq1_ic50_24h,ecSeg,123,53
ncih2170_jc_jq1_ic50_24h_74,train,NCI-H2170,ncih2170_jc_jq1_ic50_24h,ecSeg,314,85
ncih2170_jc_jq1_ic50_24h_75,train,NCI-H2170,ncih2170_jc_jq1_ic50_24h,ecSeg,111,16
ncih2170_jc_jq1_ic50_24h_76_a,train,NCI-H2170,ncih2170_jc_jq1_ic50_24h,ecSeg,149,45
ncih2170_jc_jq1_ic50_24h_79,train,NCI-H2170,ncih2170_jc_jq1_ic50_24h,ecSeg,110,40
ncih2170_jc_jq1_ic50_24h_84,test,NCI-H2170,ncih2170_jc_jq1_ic50_24h,ecSeg,64,5
ncih2170_jc_jq1_ic50_24h_86,test,NCI-H2170,ncih2170_jc_jq1_ic50_24h,ecSeg,193,4
ncih2170_jc_jq1_ic50_24h_89,train,NCI-H2170,ncih2170_jc_jq1_ic50_24h,ecSeg,134,31
ncih2170_jc_jq1_ic50_24h_90,val,NCI-H2170,ncih2170_jc_jq1_ic50_24h,ecSeg,134,15
ncih2170_jc_jq1_ic50_24h_91,train,NCI-H2170,ncih2170_jc_jq1_ic50_24h,ecSeg,125,21
ncih2170_jc_jq1_ic50_24h_92,train,NCI-H2170,ncih2170_jc_jq1_ic50_24h,ecSeg,141,27
ncih2170_jc_jq1_ic50_24h_93,train,NCI-H2170,ncih2170_jc_jq1_ic50_24h,ecSeg,419,186
ncih2170_jc_jq1_ic50_24h_94,train,NCI-H2170,ncih2170_jc_jq1_ic50_24h,ecSeg,135,16
ncih2170_jc_jq1_ic50_24h_95,train,NCI-H2170,ncih2170_jc_jq1_ic50_24h,ecSeg,58,5
ncih2170_jc_jq1_ic50_24h_96,train,NCI-H2170,ncih2170_jc_jq1_ic50_24h,ecSeg,69,5
ncih2170_jc_jq1_ic50_24h_97,train,NCI-H2170,ncih2170_jc_jq1_ic50_24h,ecSeg,53,13
ncih2170_jc_jq1_ic50_24h_98,test,NCI-H2170,ncih2170_jc_jq1_ic50_24h,ecSeg,97,38
ncih2170_jc_lap_ic50_24h_10,train,NCI-H2170,ncih2170_jc_lap_ic50_24h,ecSeg,103,24
ncih2170_jc_lap_ic50_24h_101,train,NCI-H2170,ncih2170_jc_lap_ic50_24h,ecSeg,278,108
ncih2170_jc_lap_ic50_24h_102,train,NCI-H2170,ncih2170_jc_lap_ic50_24h,ecSeg,125,13
ncih2170_jc_lap_ic50_24h_104,train,NCI-H2170,ncih2170_jc_lap_ic50_24h,ecSeg,151,9
ncih2170_jc_lap_ic50_24h_106,train,NCI-H2170,ncih2170_jc_lap_ic50_24h,ecSeg,166,22
ncih2170_jc_lap_ic50_24h_108,train,NCI-H2170,ncih2170_jc_lap_ic50_24h,ecSeg,70,5
ncih2170_jc_lap_ic50_24h_109,train,NCI-H2170,ncih2170_jc_lap_ic50_24h,ecSeg,99,7
ncih2170_jc_lap_ic50_24h_11,test,NCI-H2170,ncih2170_jc_lap_ic50_24h,ecSeg,89,21
ncih2170_jc_lap_ic50_24h_112,train,NCI-H2170,ncih2170_jc_lap_ic50_24h,ecSeg,210,19
ncih2170_jc_lap_ic50_24h_114,train,NCI-H2170,ncih2170_jc_lap_ic50_24h,ecSeg,50,8
ncih2170_jc_lap_ic50_24h_115,train,NCI-H2170,ncih2170_jc_lap_ic50_24h,ecSeg,125,80
ncih2170_jc_lap_ic50_24h_116,train,NCI-H2170,ncih2170_jc_lap_ic50_24h,ecSeg,101,1
ncih2170_jc_lap_ic50_24h_118,train,NCI-H2170,ncih2170_jc_lap_ic50_24h,ecSeg,63,10
ncih2170_jc_lap_ic50_24h_119,train,NCI-H2170,ncih2170_jc_lap_ic50_24h,ecSeg,120,12
ncih2170_jc_lap_ic50_24h_12,test,NCI-H2170,ncih2170_jc_lap_ic50_24h,ecSeg,445,69
ncih2170_jc_lap_ic50_24h_13,val,NCI-H2170,ncih2170_jc_lap_ic50_24h,ecSeg,192,70
ncih2170_jc_lap_ic50_24h_15,test,NCI-H2170,ncih2170_jc_lap_ic50_24h,ecSeg,84,13
ncih2170_jc_lap_ic50_24h_16,val,NCI-H2170,ncih2170_jc_lap_ic50_24h,ecSeg,92,33
ncih2170_jc_lap_ic50_24h_17,train,NCI-H2170,ncih2170_jc_lap_ic50_24h,ecSeg,54,3
ncih2170_jc_lap_ic50_24h_18,test,NCI-H2170,ncih2170_jc_lap_ic50_24h,ecSeg,107,35
ncih2170_jc_lap_ic50_24h_19,train,NCI-H2170,ncih2170_jc_lap_ic50_24h,ecSeg,82,46
ncih2170_jc_lap_ic50_24h_2,val,NCI-H2170,ncih2170_jc_lap_ic50_24h,ecSeg,110,69
ncih2170_jc_lap_ic50_24h_20,train,NCI-H2170,ncih2170_jc_lap_ic50_24h,ecSeg,177,74
ncih2170_jc_lap_ic50_24h_21,train,NCI-H2170,ncih2170_jc_lap_ic50_24h,ecSeg,242,43
ncih2170_jc_lap_ic50_24h_22,val,NCI-H2170,ncih2170_jc_lap_ic50_24h,ecSeg,177,16
ncih2170_jc_lap_ic50_24h_24,train,NCI-H2170,ncih2170_jc_lap_ic50_24h,ecSeg,97,24
ncih2170_jc_lap_ic50_24h_25,train,NCI-H2170,ncih2170_jc_lap_ic50_24h,ecSeg,107,10
ncih2170_jc_lap_ic50_24h_27,train,NCI-H2170,ncih2170_jc_lap_ic50_24h,ecSeg,65,25
ncih2170_jc_lap_ic50_24h_29f,train,NCI-H2170,ncih2170_jc_lap_ic50_24h_29f,ecSeg,101,11
ncih2170_jc_lap_ic50_24h_3,val,NCI-H2170,ncih2170_jc_lap_ic50_24h,ecSeg,108,55
ncih2170_jc_lap_ic50_24h_31,train,NCI-H2170,ncih2170_jc_lap_ic50_24h,ecSeg,132,49
ncih2170_jc_lap_ic50_24h_32,train,NCI-H2170,ncih2170_jc_lap_ic50_24h,ecSeg,54,13
ncih2170_jc_lap_ic50_24h_33,train,NCI-H2170,ncih2170_jc_lap_ic50_24h,ecSeg,185,22
ncih2170_jc_lap_ic50_24h_34,val,NCI-H2170,ncih2170_jc_lap_ic50_24h,ecSeg,123,18
ncih2170_jc_lap_ic50_24h_35,test,NCI-H2170,ncih2170_jc_lap_ic50_24h,ecSeg,135,17
ncih2170_jc_lap_ic50_24h_36,train,NCI-H2170,ncih2170_jc_lap_ic50_24h,ecSeg,36,0
ncih2170_jc_lap_ic50_24h_37,val,NCI-H2170,ncih2170_jc_lap_ic50_24h,ecSeg,147,5
ncih2170_jc_lap_ic50_24h_39,train,NCI-H2170,ncih2170_jc_lap_ic50_24h,ecSeg,122,3
ncih2170_jc_lap_ic50_24h_40,val,NCI-H2170,ncih2170_jc_lap_ic50_24h,ecSeg,173,24
ncih2170_jc_lap_ic50_24h_41,train,NCI-H2170,ncih2170_jc_lap_ic50_24h,ecSeg,185,16
ncih2170_jc_lap_ic50_24h_45,train,NCI-H2170,ncih2170_jc_lap_ic50_24h,ecSeg,145,37
ncih2170_jc_lap_ic50_24h_46,test,NCI-H2170,ncih2170_jc_lap_ic50_24h,ecSeg,151,4
ncih2170_jc_lap_ic50_24h_47,test,NCI-H2170,ncih2170_jc_lap_ic50_24h,ecSeg,175,44
ncih2170_jc_lap_ic50_24h_48,train,NCI-H2170,ncih2170_jc_lap_ic50_24h,ecSeg,97,19
ncih2170_jc_lap_ic50_24h_49,train,NCI-H2170,ncih2170_jc_lap_ic50_24h,ecSeg,40,7
ncih2170_jc_lap_ic50_24h_4_s,train,NCI-H2170,ncih2170_jc_lap_ic50_24h,ecSeg,41,9
ncih2170_jc_lap_ic50_24h_52,train,NCI-H2170,ncih2170_jc_lap_ic50_24h,ecSeg,150,7
ncih2170_jc_lap_ic50_24h_54,train,NCI-H2170,ncih2170_jc_lap_ic50_24h,ecSeg,75,14
ncih2170_jc_lap_ic50_24h_55,test,NCI-H2170,ncih2170_jc_lap_ic50_24h,ecSeg,55,11
ncih2170_jc_lap_ic50_24h_56,train,NCI-H2170,ncih2170_jc_lap_ic50_24h,ecSeg,70,7
ncih2170_jc_lap_ic50_24h_57,train,NCI-H2170,ncih2170_jc_lap_ic50_24h,ecSeg,202,28
ncih2170_jc_lap_ic50_24h_58,train,NCI-H2170,ncih2170_jc_lap_ic50_24h,ecSeg,390,44
ncih2170_jc_lap_ic50_24h_61,train,NCI-H2170,ncih2170_jc_lap_ic50_24h,ecSeg,165,4
ncih2170_jc_lap_ic50_24h_64,val,NCI-H2170,ncih2170_jc_lap_ic50_24h,ecSeg,195,8
ncih2170_jc_lap_ic50_24h_65,test,NCI-H2170,ncih2170_jc_lap_ic50_24h,ecSeg,318,44
ncih2170_jc_lap_ic50_24h_66,val,NCI-H2170,ncih2170_jc_lap_ic50_24h,ecSeg,102,34
ncih2170_jc_lap_ic50_24h_67,val,NCI-H2170,ncih2170_jc_lap_ic50_24h,ecSeg,303,102
ncih2170_jc_lap_ic50_24h_7,val,NCI-H2170,ncih2170_jc_lap_ic50_24h,ecSeg,152,86
ncih2170_jc_lap_ic50_24h_71,val,NCI-H2170,ncih2170_jc_lap_ic50_24h,ecSeg,236,23
ncih2170_jc_lap_ic50_24h_74,train,NCI-H2170,ncih2170_jc_lap_ic50_24h,ecSeg,152,3
ncih2170_jc_lap_ic50_24h_75,train,NCI-H2170,ncih2170_jc_lap_ic50_24h,ecSeg,177,17
ncih2170_jc_lap_ic50_24h_76,train,NCI-H2170,ncih2170_jc_lap_ic50_24h,ecSeg,258,85
ncih2170_jc_lap_ic50_24h_79,train,NCI-H2170,ncih2170_jc_lap_ic50_24h,ecSeg,110,30
ncih2170_jc_lap_ic50_24h_8,train,NCI-H2170,ncih2170_jc_lap_ic50_24h,ecSeg,68,2
ncih2170_jc_lap_ic50_24h_82,val,NCI-H2170,ncih2170_jc_lap_ic50_24h,ecSeg,233,49
ncih2170_jc_lap_ic50_24h_83,train,NCI-H2170,ncih2170_jc_lap_ic50_24h,ecSeg,111,81
ncih2170_jc_lap_ic50_24h_84,train,NCI-H2170,ncih2170_jc_lap_ic50_24h,ecSeg,161,9
ncih2170_jc_lap_ic50_24h_88,train,NCI-H2170,ncih2170_jc_lap_ic50_24h,ecSeg,239,0
ncih2170_jc_lap_ic50_24h_90,train,NCI-H2170,ncih2170_jc_lap_ic50_24h,ecSeg,283,64
ncih2170_jc_lap_ic50_24h_91,val,NCI-H2170,ncih2170_jc_lap_ic50_24h,ecSeg,123,12
ncih2170_jc_lap_ic50_24h_93,train,NCI-H2170,ncih2170_jc_lap_ic50_24h,ecSeg,259,19
ncih2170_jc_lap_ic50_24h_96,train,NCI-H2170,ncih2170_jc_lap_ic50_24h,ecSeg,261,43
ncih2170_jc_lap_ic50_24h_99,train,NCI-H2170,ncih2170_jc_lap_ic50_24h,ecSeg,89,38
ncih2170_jc_ner_ic50_24h_1,test,NCI-H2170,ncih2170_jc_ner_ic50_24h,ecSeg,61,0
ncih2170_jc_ner_ic50_24h_2,val,NCI-H2170,ncih2170_jc_ner_ic50_24h,ecSeg,314,59
ncih2170_jc_ner_ic50_24h_21,train,NCI-H2170,ncih2170_jc_ner_ic50_24h,ecSeg,475,47
ncih2170_jc_ner_ic50_24h_28,train,NCI-H2170,ncih2170_jc_ner_ic50_24h,ecSeg,62,14
ncih2170_jc_ner_ic50_24h_3,train,NCI-H2170,ncih2170_jc_ner_ic50_24h,ecSeg,574,167
ncih2170_jc_ner_ic50_24h_47,train,NCI-H2170,ncih2170_jc_ner_ic50_24h,ecSeg,212,3
ncih2170_jc_ner_ic50_24h_50,test,NCI-H2170,ncih2170_jc_ner_ic50_24h,ecSeg,105,28
ncih2170_jc_ner_ic50_24h_51,train,NCI-H2170,ncih2170_jc_ner_ic50_24h,ecSeg,166,21
ncih2170_jc_ner_ic50_24h_53,train,NCI-H2170,ncih2170_jc_ner_ic50_24h,ecSeg,182,12
ncih2170_jc_ner_ic50_24h_54,test,NCI-H2170,ncih2170_jc_ner_ic50_24h,ecSeg,86,13
ncih2170_jc_ner_ic50_24h_6,train,NCI-H2170,ncih2170_jc_ner_ic50_24h,ecSeg,109,34
ncih2170_jc_ner_ic50_24h_7,train,NCI-H2170,ncih2170_jc_ner_ic50_24h,ecSeg,137,2
ncih2170_jc_ner_ic50_24h_72,train,NCI-H2170,ncih2170_jc_ner_ic50_24h,ecSeg,143,14
ncih2170_jc_ner_ic50_24h_73,train,NCI-H2170,ncih2170_jc_ner_ic50_24h,ecSeg,78,30
ncih2170_jc_ner_ic50_24h_80,train,NCI-H2170,ncih2170_jc_ner_ic50_24h,ecSeg,129,22
ncih2170_jc_ner_ic50_24h_9,train,NCI-H2170,ncih2170_jc_ner_ic50_24h,ecSeg,168,36
ncih2170_jc_ner_ic50_72h_32,val,NCI-H2170,ncih2170_jc_ner_ic50_72h,ecSeg,158,14
ncih2170_jc_ner_ic50_72h_39,train,NCI-H2170,ncih2170_jc_ner_ic50_72h,ecSeg,396,13
ncih2170_jc_ner_ic50_72h_40,train,NCI-H2170,ncih2170_jc_ner_ic50_72h,ecSeg,349,169
ncih2170_jc_ner_ic50_72h_63,val,NCI-H2170,ncih2170_jc_ner_ic50_72h,ecSeg,148,0
ncih2170_jc_ner_ic50_72h_66,train,NCI-H2170,ncih2170_jc_ner_ic50_72h,ecSeg,163,5
ncih2170_jc_ner_ic50_72h_75,train,NCI-H2170,ncih2170_jc_ner_ic50_72h,ecSeg,233,5
ncih2170_jc_ner_ic50_72h_89,train,NCI-H2170,ncih2170_jc_ner_ic50_72h,ecSeg,1687,526
ncih2170_jc_ner_ic50_72h_92,train,NCI-H2170,ncih2170_jc_ner_ic50_72h,ecSeg,233,53
ncih2170_post_facs_fish_high_her2_g3_28,test,NCI-H2170,ncih2170_post_facs_fish_high_her2_g3,ecSeg,89,12
ncih2170_post_facs_fish_high_her2_g3_42,train,NCI-H2170,ncih2170_post_facs_fish_high_her2_g3,ecSeg,611,217
ncih2170_post_facs_fish_high_her2_g3_54,val,NCI-H2170,ncih2170_post_facs_fish_high_her2_g3,ecSeg,359,151
ncih2170_post_facs_fish_high_her2_g3_61,train,NCI-H2170,ncih2170_post_facs_fish_high_her2_g3,ecSeg,186,83
ncih2170_post_facs_fish_high_her2_g3_65,train,NCI-H2170,ncih2170_post_facs_fish_high_her2_g3,ecSeg,88,7
ncih2170_post_facs_fish_low_her2_g3_1,test,NCI-H2170,ncih2170_post_facs_fish_low_her2_g3,ecSeg,170,140
ncih2170_post_facs_fish_low_her2_g3_101,train,NCI-H2170,ncih2170_post_facs_fish_low_her2_g3,ecSeg,153,33
ncih2170_post_facs_fish_low_her2_g3_36,train,NCI-H2170,ncih2170_post_facs_fish_low_her2_g3,ecSeg,179,39
ncih2170_post_facs_fish_low_her2_g3_39,train,NCI-H2170,ncih2170_post_facs_fish_low_her2_g3,ecSeg,191,18
ncih2170_post_facs_fish_low_her2_g3_53,val,NCI-H2170,ncih2170_post_facs_fish_low_her2_g3,ecSeg,61,97
ncih2170_post_facs_fish_low_her2_g3_55,val,NCI-H2170,ncih2170_post_facs_fish_low_her2_g3,ecSeg,54,4
ncih2170_post_facs_fish_low_her2_g3_59,train,NCI-H2170,ncih2170_post_facs_fish_low_her2_g3,ecSeg,45,47
ncih2170_post_facs_fish_low_her2_g3_6,train,NCI-H2170,ncih2170_post_facs_fish_low_her2_g3,ecSeg,479,51
ncih2170_post_facs_fish_low_her2_g3_68,train,NCI-H2170,ncih2170_post_facs_fish_low_her2_g3,ecSeg,49,17
ncih2170_post_facs_fish_low_her2_g3_79,train,NCI-H2170,ncih2170_post_facs_fish_low_her2_g3,ecSeg,209,84
ncih2170_post_facs_fish_low_her2_g3_82,train,NCI-H2170,ncih2170_post_facs_fish_low_her2_g3,ecSeg,75,17
ncih2170_post_facs_fish_low_her2_g3_87,val,NCI-H2170,ncih2170_post_facs_fish_low_her2_g3,ecSeg,52,0
ncih716_jc_alo_8nm_24h_11,test,NCI-H716,ncih716_jc_alo_8nm_24h,ecSeg,210,35
ncih716_jc_alo_8nm_24h_12,train,NCI-H716,ncih716_jc_alo_8nm_24h,ecSeg,191,50
ncih716_jc_alo_8nm_24h_13,test,NCI-H716,ncih716_jc_alo_8nm_24h,ecSeg,163,32
ncih716_jc_alo_8nm_24h_16,val,NCI-H716,ncih716_jc_alo_8nm_24h,ecSeg,152,31
ncih716_jc_alo_8nm_24h_17,train,NCI-H716,ncih716_jc_alo_8nm_24h,ecSeg,231,61
ncih716_jc_alo_8nm_24h_5,train,NCI-H716,ncih716_jc_alo_8nm_24h,ecSeg,128,8
ncih716_jc_ctrl_1_10,train,NCI-H716,ncih716_jc_ctrl_1,ecSeg,386,87
ncih716_jc_ctrl_1_13,train,NCI-H716,ncih716_jc_ctrl_1,ecSeg,211,27
ncih716_jc_ctrl_1_16,train,NCI-H716,ncih716_jc_ctrl_1,ecSeg,182,0
ncih716_jc_ctrl_1_19,val,NCI-H716,ncih716_jc_ctrl_1,ecSeg,207,132
ncih716_jc_ctrl_1_2,train,NCI-H716,ncih716_jc_ctrl_1,ecSeg,131,4
ncih716_jc_ctrl_1_21,train,NCI-H716,ncih716_jc_ctrl_1,ecSeg,195,61
ncih716_jc_ctrl_1_23,test,NCI-H716,ncih716_jc_ctrl_1,ecSeg,185,5
ncih716_jc_ctrl_1_24,train,NCI-H716,ncih716_jc_ctrl_1,ecSeg,350,154
ncih716_jc_ctrl_1_27,train,NCI-H716,ncih716_jc_ctrl_1,ecSeg,281,83
ncih716_jc_ctrl_1_3,train,NCI-H716,ncih716_jc_ctrl_1,ecSeg,127,24
ncih716_jc_ctrl_1_42,train,NCI-H716,ncih716_jc_ctrl_1,ecSeg,178,14
ncih716_jc_ctrl_1_43,train,NCI-H716,ncih716_jc_ctrl_1,ecSeg,194,61
ncih716_jc_ctrl_1_44_a,val,NCI-H716,ncih716_jc_ctrl_1,ecSeg,132,0
ncih716_jc_ctrl_1_45,test,NCI-H716,ncih716_jc_ctrl_1,ecSeg,101,7
ncih716_jc_ctrl_1_46,val,NCI-H716,ncih716_jc_ctrl_1,ecSeg,144,11
ncih716_jc_ctrl_1_48,train,NCI-H716,ncih716_jc_ctrl_1,ecSeg,163,57
ncih716_jc_ctrl_1_5,train,NCI-H716,ncih716_jc_ctrl_1,ecSeg,179,44
ncih716_jc_ctrl_1_54,train,NCI-H716,ncih716_jc_ctrl_1,ecSeg,134,34
ncih716_jc_ctrl_1_55,train,NCI-H716,ncih716_jc_ctrl_1,ecSeg,76,34
ncih716_jc_ctrl_1_56,train,NCI-H716,ncih716_jc_ctrl_1,ecSeg,239,15
ncih716_jc_ctrl_1_57,train,NCI-H716,ncih716_jc_ctrl_1,ecSeg,137,36
ncih716_jc_ctrl_1_59,train,NCI-H716,ncih716_jc_ctrl_1,ecSeg,211,56
ncih716_jc_ctrl_1_62,train,NCI-H716,ncih716_jc_ctrl_1,ecSeg,172,31
ncih716_jc_ctrl_1_64,val,NCI-H716,ncih716_jc_ctrl_1,ecSeg,148,61
ncih716_jc_ctrl_1_66,test,NCI-H716,ncih716_jc_ctrl_1,ecSeg,236,7
ncih716_jc_ctrl_1_68,val,NCI-H716,ncih716_jc_ctrl_1,ecSeg,202,20
ncih716_jc_ctrl_1_72,test,NCI-H716,ncih716_jc_ctrl_1,ecSeg,150,103
ncih716_jc_ctrl_1_74,train,NCI-H716,ncih716_jc_ctrl_1,ecSeg,369,199
ncih716_jc_ctrl_1_76,train,NCI-H716,ncih716_jc_ctrl_1,ecSeg,172,124
ncih716_jc_ctrl_2_10,train,NCI-H716,ncih716_jc_ctrl_2,ecSeg,116,17
ncih716_jc_ctrl_2_11,test,NCI-H716,ncih716_jc_ctrl_2,ecSeg,139,45
ncih716_jc_ctrl_2_12,val,NCI-H716,ncih716_jc_ctrl_2,ecSeg,166,21
ncih716_jc_ctrl_2_16,train,NCI-H716,ncih716_jc_ctrl_2,ecSeg,213,179
ncih716_jc_ctrl_2_18,train,NCI-H716,ncih716_jc_ctrl_2,ecSeg,131,6
ncih716_jc_ctrl_2_22,train,NCI-H716,ncih716_jc_ctrl_2,ecSeg,135,16
ncih716_jc_ctrl_2_23,train,NCI-H716,ncih716_jc_ctrl_2,ecSeg,129,91
ncih716_jc_ctrl_2_24,val,NCI-H716,ncih716_jc_ctrl_2,ecSeg,166,91
ncih716_jc_ctrl_2_25,test,NCI-H716,ncih716_jc_ctrl_2,ecSeg,171,20
ncih716_jc_ctrl_2_27,train,NCI-H716,ncih716_jc_ctrl_2,ecSeg,291,103
ncih716_jc_ctrl_2_28,train,NCI-H716,ncih716_jc_ctrl_2,ecSeg,223,125
ncih716_jc_ctrl_2_29,val,NCI-H716,ncih716_jc_ctrl_2,ecSeg,214,38
ncih716_jc_ctrl_2_30,test,NCI-H716,ncih716_jc_ctrl_2,ecSeg,71,18
ncih716_jc_ctrl_2_32,train,NCI-H716,ncih716_jc_ctrl_2,ecSeg,132,134
ncih716_jc_ctrl_2_33,train,NCI-H716,ncih716_jc_ctrl_2,ecSeg,176,100
ncih716_jc_ctrl_2_36,train,NCI-H716,ncih716_jc_ctrl_2,ecSeg,262,3
ncih716_jc_ctrl_2_37,train,NCI-H716,ncih716_jc_ctrl_2,ecSeg,468,186
ncih716_jc_ctrl_2_39,train,NCI-H716,ncih716_jc_ctrl_2,ecSeg,273,110
ncih716_jc_ctrl_2_40,train,NCI-H716,ncih716_jc_ctrl_2,ecSeg,89,52
ncih716_jc_ctrl_2_41,train,NCI-H716,ncih716_jc_ctrl_2,ecSeg,132,31
ncih716_jc_ctrl_2_43,train,NCI-H716,ncih716_jc_ctrl_2,ecSeg,144,11
ncih716_jc_ctrl_2_45,train,NCI-H716,ncih716_jc_ctrl_2,ecSeg,179,57
ncih716_jc_ctrl_2_46,train,NCI-H716,ncih716_jc_ctrl_2,ecSeg,72,67
ncih716_jc_ctrl_2_47,train,NCI-H716,ncih716_jc_ctrl_2,ecSeg,135,57
ncih716_jc_ctrl_2_48,train,NCI-H716,ncih716_jc_ctrl_2,ecSeg,322,92
ncih716_jc_ctrl_2_49,val,NCI-H716,ncih716_jc_ctrl_2,ecSeg,169,50
ncih716_jc_ctrl_2_5,train,NCI-H716,ncih716_jc_ctrl_2,ecSeg,368,87
ncih716_jc_ctrl_2_50,train,NCI-H716,ncih716_jc_ctrl_2,ecSeg,177,8
ncih716_jc_ctrl_2_51,train,NCI-H716,ncih716_jc_ctrl_2,ecSeg,181,25
ncih716_jc_ctrl_2_54,train,NCI-H716,ncih716_jc_ctrl_2,ecSeg,274,107
ncih716_jc_ctrl_2_55,train,NCI-H716,ncih716_jc_ctrl_2,ecSeg,120,43
ncih716_jc_ctrl_2_56,train,NCI-H716,ncih716_jc_ctrl_2,ecSeg,349,131
ncih716_jc_ctrl_2_58,test,NCI-H716,ncih716_jc_ctrl_2,ecSeg,166,8
ncih716_jc_ctrl_2_8,test,NCI-H716,ncih716_jc_ctrl_2,ecSeg,110,49
ncih716_jc_ctrl_2_9,train,NCI-H716,ncih716_jc_ctrl_2,ecSeg,210,29
snu16_jc_arv771_800picom_24h_4,train,SNU16,snu16_jc_arv771_800picom_24h,ecSeg,124,12
snu16_jc_ctrl_10,train,SNU16,snu16_jc_ctrl,ecSeg,376,49
snu16_jc_ctrl_102,train,SNU16,snu16_jc_ctrl,ecSeg,271,1
snu16_jc_ctrl_103,train,SNU16,snu16_jc_ctrl,ecSeg,206,38
snu16_jc_ctrl_107,train,SNU16,snu16_jc_ctrl,ecSeg,370,33
snu16_jc_ctrl_108,train,SNU16,snu16_jc_ctrl,ecSeg,635,52
snu16_jc_ctrl_112,train,SNU16,snu16_jc_ctrl,ecSeg,1231,45
snu16_jc_ctrl_114,test,SNU16,snu16_jc_ctrl,ecSeg,670,21
snu16_jc_ctrl_119,val,SNU16,snu16_jc_ctrl,ecSeg,415,8
snu16_jc_ctrl_120,train,SNU16,snu16_jc_ctrl,ecSeg,244,5
snu16_jc_ctrl_122,train,SNU16,snu16_jc_ctrl,ecSeg,209,27
snu16_jc_ctrl_124,test,SNU16,snu16_jc_ctrl,ecSeg,191,51
snu16_jc_ctrl_126,train,SNU16,snu16_jc_ctrl,ecSeg,181,33
snu16_jc_ctrl_127,train,SNU16,snu16_jc_ctrl,ecSeg,372,38
snu16_jc_ctrl_129,train,SNU16,snu16_jc_ctrl,ecSeg,224,14
snu16_jc_ctrl_13,val,SNU16,snu16_jc_ctrl,ecSeg,380,12
snu16_jc_ctrl_131,train,SNU16,snu16_jc_ctrl,ecSeg,225,45
snu16_jc_ctrl_132,train,SNU16,snu16_jc_ctrl,ecSeg,311,6
snu16_jc_ctrl_135,val,SNU16,snu16_jc_ctrl,ecSeg,366,28
snu16_jc_ctrl_136,train,SNU16,snu16_jc_ctrl,ecSeg,317,14
snu16_jc_ctrl_139,val,SNU16,snu16_jc_ctrl,ecSeg,254,20
snu16_jc_ctrl_144,train,SNU16,snu16_jc_ctrl,ecSeg,123,31
snu16_jc_ctrl_147,train,SNU16,snu16_jc_ctrl,ecSeg,268,7
snu16_jc_ctrl_15,train,SNU16,snu16_jc_ctrl,ecSeg,471,64
snu16_jc_ctrl_20,train,SNU16,snu16_jc_ctrl,ecSeg,990,27
snu16_jc_ctrl_23,train,SNU16,snu16_jc_ctrl,ecSeg,223,24
snu16_jc_ctrl_24,train,SNU16,snu16_jc_ctrl,ecSeg,251,17
snu16_jc_ctrl_25,train,SNU16,snu16_jc_ctrl,ecSeg,341,31
snu16_jc_ctrl_26,train,SNU16,snu16_jc_ctrl,ecSeg,170,12
snu16_jc_ctrl_30,train,SNU16,snu16_jc_ctrl,ecSeg,214,52
snu16_jc_ctrl_32,train,SNU16,snu16_jc_ctrl,ecSeg,265,21
snu16_jc_ctrl_35,test,SNU16,snu16_jc_ctrl,ecSeg,324,13
snu16_jc_ctrl_37,train,SNU16,snu16_jc_ctrl,ecSeg,320,35
snu16_jc_ctrl_38,train,SNU16,snu16_jc_ctrl,ecSeg,178,8
snu16_jc_ctrl_39,train,SNU16,snu16_jc_ctrl,ecSeg,271,20
snu16_jc_ctrl_40,test,SNU16,snu16_jc_ctrl,ecSeg,270,14
snu16_jc_ctrl_42,train,SNU16,snu16_jc_ctrl,ecSeg,90,16
snu16_jc_ctrl_43,train,SNU16,snu16_jc_ctrl,ecSeg,105,15
snu16_jc_ctrl_45,test,SNU16,snu16_jc_ctrl,ecSeg,125,10
snu16_jc_ctrl_46,test,SNU16,snu16_jc_ctrl,ecSeg,309,96
snu16_jc_ctrl_47,train,SNU16,snu16_jc_ctrl,ecSeg,392,36
snu16_jc_ctrl_48,train,SNU16,snu16_jc_ctrl,ecSeg,321,56
snu16_jc_ctrl_50,test,SNU16,snu16_jc_ctrl,ecSeg,158,64
snu16_jc_ctrl_52,train,SNU16,snu16_jc_ctrl,ecSeg,207,88
snu16_jc_ctrl_53,train,SNU16,snu16_jc_ctrl,ecSeg,637,55
snu16_jc_ctrl_54,train,SNU16,snu16_jc_ctrl,ecSeg,151,135
snu16_jc_ctrl_55,train,SNU16,snu16_jc_ctrl,ecSeg,241,65
snu16_jc_ctrl_56,train,SNU16,snu16_jc_ctrl,ecSeg,256,13
snu16_jc_ctrl_57,train,SNU16,snu16_jc_ctrl,ecSeg,222,53
snu16_jc_ctrl_59,train,SNU16,snu16_jc_ctrl,ecSeg,297,28
snu16_jc_ctrl_60,val,SNU16,snu16_jc_ctrl,ecSeg,97,42
snu16_jc_ctrl_61,train,SNU16,snu16_jc_ctrl,ecSeg,144,24
snu16_jc_ctrl_63,train,SNU16,snu16_jc_ctrl,ecSeg,190,39
snu16_jc_ctrl_65,train,SNU16,snu16_jc_ctrl,ecSeg,413,62
snu16_jc_ctrl_67,train,SNU16,snu16_jc_ctrl,ecSeg,267,117
snu16_jc_ctrl_69,test,SNU16,snu16_jc_ctrl,ecSeg,325,42
snu16_jc_ctrl_70,test,SNU16,snu16_jc_ctrl,ecSeg,238,87
snu16_jc_ctrl_72,test,SNU16,snu16_jc_ctrl,ecSeg,166,53
snu16_jc_ctrl_74,val,SNU16,snu16_jc_ctrl,ecSeg,222,126
snu16_jc_ctrl_76,train,SNU16,snu16_jc_ctrl,ecSeg,148,9
snu16_jc_ctrl_78,train,SNU16,snu16_jc_ctrl,ecSeg,144,35
snu16_jc_ctrl_79,train,SNU16,snu16_jc_ctrl,ecSeg,289,43
snu16_jc_ctrl_8,val,SNU16,snu16_jc_ctrl,ecSeg,232,16
snu16_jc_ctrl_83,test,SNU16,snu16_jc_ctrl,ecSeg,140,23
snu16_jc_ctrl_84,train,SNU16,snu16_jc_ctrl,ecSeg,212,47
snu16_jc_ctrl_86,train,SNU16,snu16_jc_ctrl,ecSeg,227,20
snu16_jc_ctrl_87,train,SNU16,snu16_jc_ctrl,ecSeg,241,27
snu16_jc_ctrl_89,train,SNU16,snu16_jc_ctrl,ecSeg,303,18
snu16_jc_ctrl_9,val,SNU16,snu16_jc_ctrl,ecSeg,161,23
snu16_jc_ctrl_91,test,SNU16,snu16_jc_ctrl,ecSeg,422,72
snu16_jc_ctrl_92,val,SNU16,snu16_jc_ctrl,ecSeg,382,109
snu16_jc_ctrl_95,train,SNU16,snu16_jc_ctrl,ecSeg,664,62
snu16_jc_ctrl_98,train,SNU16,snu16_jc_ctrl,ecSeg,459,10
snu16_jc_jq1_ic50_24h_10,train,SNU16,snu16_jc_jq1_ic50_24h,ecSeg,228,14
snu16_jc_jq1_ic50_24h_100,train,SNU16,snu16_jc_jq1_ic50_24h,ecSeg,97,4
snu16_jc_jq1_ic50_24h_102,test,SNU16,snu16_jc_jq1_ic50_24h,ecSeg,177,1
snu16_jc_jq1_ic50_24h_104,train,SNU16,snu16_jc_jq1_ic50_24h,ecSeg,481,41
snu16_jc_jq1_ic50_24h_109,train,SNU16,snu16_jc_jq1_ic50_24h,ecSeg,261,8
snu16_jc_jq1_ic50_24h_115,train,SNU16,snu16_jc_jq1_ic50_24h,ecSeg,230,8
snu16_jc_jq1_ic50_24h_117,train,SNU16,snu16_jc_jq1_ic50_24h,ecSeg,118,1
snu16_jc_jq1_ic50_24h_118,val,SNU16,snu16_jc_jq1_ic50_24h,ecSeg,221,21
snu16_jc_jq1_ic50_24h_120,test,SNU16,snu16_jc_jq1_ic50_24h,ecSeg,193,59
snu16_jc_jq1_ic50_24h_128,train,SNU16,snu16_jc_jq1_ic50_24h,ecSeg,77,16
snu16_jc_jq1_ic50_24h_16,val,SNU16,snu16_jc_jq1_ic50_24h,ecSeg,705,49
snu16_jc_jq1_ic50_24h_19,test,SNU16,snu16_jc_jq1_ic50_24h,ecSeg,271,26
snu16_jc_jq1_ic50_24h_2,train,SNU16,snu16_jc_jq1_ic50_24h,ecSeg,110,0
snu16_jc_jq1_ic50_24h_21,train,SNU16,snu16_jc_jq1_ic50_24h,ecSeg,172,0
snu16_jc_jq1_ic50_24h_26,train,SNU16,snu16_jc_jq1_ic50_24h,ecSeg,301,11
snu16_jc_jq1_ic50_24h_28,train,SNU16,snu16_jc_jq1_ic50_24h,ecSeg,433,34
snu16_jc_jq1_ic50_24h_29,train,SNU16,snu16_jc_jq1_ic50_24h,ecSeg,286,9
snu16_jc_jq1_ic50_24h_33_a,train,SNU16,snu16_jc_jq1_ic50_24h,ecSeg,527,4
snu16_jc_jq1_ic50_24h_40,test,SNU16,snu16_jc_jq1_ic50_24h,ecSeg,183,18
snu16_jc_jq1_ic50_24h_44,val,SNU16,snu16_jc_jq1_ic50_24h,ecSeg,426,58
snu16_jc_jq1_ic50_24h_45,train,SNU16,snu16_jc_jq1_ic50_24h,ecSeg,374,19
snu16_jc_jq1_ic50_24h_5,train,SNU16,snu16_jc_jq1_ic50_24h,ecSeg,434,17
snu16_jc_jq1_ic50_24h_51,test,SNU16,snu16_jc_jq1_ic50_24h,ecSeg,499,43
snu16_jc_jq1_ic50_24h_52,train,SNU16,snu16_jc_jq1_ic50_24h,ecSeg,279,1
snu16_jc_jq1_ic50_24h_54,val,SNU16,snu16_jc_jq1_ic50_24h,ecSeg,274,6
snu16_jc_jq1_ic50_24h_55,val,SNU16,snu16_jc_jq1_ic50_24h,ecSeg,189,13
snu16_jc_jq1_ic50_24h_56,test,SNU16,snu16_jc_jq1_ic50_24h,ecSeg,150,0
snu16_jc_jq1_ic50_24h_57,train,SNU16,snu16_jc_jq1_ic50_24h,ecSeg,101,2
snu16_jc_jq1_ic50_24h_6,train,SNU16,snu16_jc_jq1_ic50_24h,ecSeg,313,5
snu16_jc_jq1_ic50_24h_61_a,train,SNU16,snu16_jc_jq1_ic50_24h,ecSeg,112,18
snu16_jc_jq1_ic50_24h_66,val,SNU16,snu16_jc_jq1_ic50_24h,ecSeg,238,16
snu16_jc_jq1_ic50_24h_67,test,SNU16,snu16_jc_jq1_ic50_24h,ecSeg,213,4
snu16_jc_jq1_ic50_24h_68,train,SNU16,snu16_jc_jq1_ic50_24h,ecSeg,313,17
snu16_jc_jq1_ic50_24h_69,train,SNU16,snu16_jc_jq1_ic50_24h,ecSeg,444,11
snu16_jc_jq1_ic50_24h_70,train,SNU16,snu16_jc_jq1_ic50_24h,ecSeg,242,63
snu16_jc_jq1_ic50_24h_72,train,SNU16,snu16_jc_jq1_ic50_24h,ecSeg,368,19
snu16_jc_jq1_ic50_24h_75,train,SNU16,snu16_jc_jq1_ic50_24h,ecSeg,394,3
snu16_jc_jq1_ic50_24h_76,train,SNU16,snu16_jc_jq1_ic50_24h,ecSeg,101,24
snu16_jc_jq1_ic50_24h_8,train,SNU16,snu16_jc_jq1_ic50_24h,ecSeg,663,10
snu16_jc_jq1_ic50_24h_81,train,SNU16,snu16_jc_jq1_ic50_24h,ecSeg,142,3
snu16_jc_jq1_ic50_24h_87,train,SNU16,snu16_jc_jq1_ic50_24h,ecSeg,225,23
snu16_jc_jq1_ic50_24h_88,train,SNU16,snu16_jc_jq1_ic50_24h,ecSeg,57,6
snu16_jc_jq1_ic50_24h_89,train,SNU16,snu16_jc_jq1_ic50_24h,ecSeg,203,27
snu16_jc_jq1_ic50_24h_9,val,SNU16,snu16_jc_jq1_ic50_24h,ecSeg,239,13
snu16_jc_jq1_ic50_24h_90,train,SNU16,snu16_jc_jq1_ic50_24h,ecSeg,141,66
snu16_jc_jq1_ic50_24h_91,train,SNU16,snu16_jc_jq1_ic50_24h,ecSeg,111,4
snu16_jc_jq1_ic50_24h_94,train,SNU16,snu16_jc_jq1_ic50_24h,ecSeg,141,35
snu16_jc_jq1_ic50_24h_96,val,SNU16,snu16_jc_jq1_ic50_24h,ecSeg,174,16
snu16_jc_jq1_ic50_24h_97,train,SNU16,snu16_jc_jq1_ic50_24h,ecSeg,157,60
snu16_jc_jq1_ic50_24h_98,val,SNU16,snu16_jc_jq1_ic50_24h,ecSeg,237,8
