model,split,cell_line_display,density_bin,gt_count,pred_count,abs_error,signed_error,gt_count_plot,pred_count_plot
Classic (after opt),train,COLO320DM,0-9,1,58,57,57,2,59
Classic (after opt),train,COLO320DM,0-9,4,19,15,15,5,20
Classic (after opt),test,COLO320DM,0-9,4,36,32,32,5,37
Classic (after opt),train,COLO320DM,0-9,4,30,26,26,5,31
Classic (after opt),val,COLO320DM,0-9,4,19,15,15,5,20
Classic (after opt),train,COLO320DM,0-9,7,11,4,4,8,12
Classic (after opt),val,NCI-H2170,0-9,9,6,3,-3,10,7
Classic (after opt),train,COLO320DM,10-49,10,16,6,6,11,17
Classic (after opt),train,COLO320DM,10-49,12,26,14,14,13,27
Classic (after opt),val,COLO320DM,10-49,13,15,2,2,14,16
Classic (after opt),train,COLO320DM,10-49,15,17,2,2,16,18
Classic (after opt),train,COLO320DM,10-49,15,24,9,9,16,25
Classic (after opt),train,NCI-H2170,10-49,15,17,2,2,16,18
Classic (after opt),test,NCI-H2170,10-49,15,15,0,0,16,16
Classic (after opt),train,COLO320DM,10-49,16,19,3,3,17,20
Classic (after opt),train,NCI-H2170,10-49,16,12,4,-4,17,13
Classic (after opt),val,NCI-H2170,10-49,17,15,2,-2,18,16
Classic (after opt),val,COLO320DM,10-49,18,18,0,0,19,19
Classic (after opt),train,NCI-H2170,10-49,18,21,3,3,19,22
Classic (after opt),train,COLO320DM,10-49,22,23,1,1,23,24
Classic (after opt),test,COLO320DM,10-49,22,31,9,9,23,32
Classic (after opt),train,NCI-H2170,10-49,22,20,2,-2,23,21
Classic (after opt),train,COLO320DM,10-49,23,28,5,5,24,29
Classic (after opt),test,COLO320DM,10-49,24,29,5,5,25,30
Classic (after opt),train,NCI-H2170,10-49,24,15,9,-9,25,16
Classic (after opt),train,NCI-H2170,10-49,24,19,5,-5,25,20
Classic (after opt),val,NCI-H2170,10-49,24,20,4,-4,25,21
Classic (after opt),train,COLO320DM,10-49,26,40,14,14,27,41
Classic (after opt),train,NCI-H2170,10-49,26,24,2,-2,27,25
Classic (after opt),train,COLO320DM,10-49,27,26,1,-1,28,27
Classic (after opt),train,NCI-H2170,10-49,27,16,11,-11,28,17
Classic (after opt),train,NCI-H2170,10-49,27,51,24,24,28,52
Classic (after opt),train,COLO320DM,10-49,30,24,6,-6,31,25
Classic (after opt),train,COLO320DM,10-49,30,33,3,3,31,34
Classic (after opt),train,NCI-H2170,10-49,30,69,39,39,31,70
Classic (after opt),test,COLO320DM,10-49,31,23,8,-8,32,24
Classic (after opt),test,COLO320DM,10-49,32,31,1,-1,33,32
Classic (after opt),train,COLO320DM,10-49,32,30,2,-2,33,31
Classic (after opt),train,NCI-H2170,10-49,32,85,53,53,33,86
Classic (after opt),val,NCI-H2170,10-49,33,26,7,-7,34,27
Classic (after opt),train,COLO320DM,10-49,34,42,8,8,35,43
Classic (after opt),train,NCI-H2170,10-49,34,24,10,-10,35,25
Classic (after opt),train,COLO320DM,10-49,35,43,8,8,36,44
Classic (after opt),train,NCI-H2170,10-49,35,26,9,-9,36,27
Classic (after opt),val,NCI-H2170,10-49,35,27,8,-8,36,28
Classic (after opt),train,NCI-H2170,10-49,35,32,3,-3,36,33
Classic (after opt),val,NCI-H2170,10-49,35,113,78,78,36,114
Classic (after opt),train,COLO320DM,10-49,36,41,5,5,37,42
Classic (after opt),test,NCI-H2170,10-49,36,24,12,-12,37,25
Classic (after opt),train,NCI-H2170,10-49,36,72,36,36,37,73
Classic (after opt),train,COLO320DM,10-49,37,35,2,-2,38,36
Classic (after opt),test,NCI-H2170,10-49,38,57,19,19,39,58
Classic (after opt),train,COLO320DM,10-49,39,45,6,6,40,46
Classic (after opt),train,NCI-H2170,10-49,39,44,5,5,40,45
Classic (after opt),val,COLO320DM,10-49,40,46,6,6,41,47
Classic (after opt),test,NCI-H2170,10-49,40,28,12,-12,41,29
Classic (after opt),train,NCI-H2170,10-49,40,34,6,-6,41,35
Classic (after opt),train,COLO320DM,10-49,41,42,1,1,42,43
Classic (after opt),test,COLO320DM,10-49,41,47,6,6,42,48
Classic (after opt),train,NCI-H2170,10-49,41,133,92,92,42,134
Classic (after opt),train,NCI-H2170,10-49,41,71,30,30,42,72
Classic (after opt),train,NCI-H2170,10-49,41,66,25,25,42,67
Classic (after opt),train,NCI-H2170,10-49,42,100,58,58,43,101
Classic (after opt),train,NCI-H2170,10-49,43,42,1,-1,44,43
Classic (after opt),train,NCI-H2170,10-49,43,36,7,-7,44,37
Classic (after opt),train,NCI-H2170,10-49,43,35,8,-8,44,36
Classic (after opt),train,COLO320DM,10-49,44,81,37,37,45,82
Classic (after opt),train,NCI-H2170,10-49,44,35,9,-9,45,36
Classic (after opt),test,NCI-H2170,10-49,44,27,17,-17,45,28
Classic (after opt),train,COLO320DM,10-49,45,49,4,4,46,50
Classic (after opt),train,COLO320DM,10-49,45,58,13,13,46,59
Classic (after opt),train,NCI-H2170,10-49,45,35,10,-10,46,36
Classic (after opt),train,COLO320DM,10-49,46,55,9,9,47,56
Classic (after opt),test,NCI-H2170,10-49,46,106,60,60,47,107
Classic (after opt),val,NCI-H2170,10-49,46,66,20,20,47,67
Classic (after opt),train,NCI-H2170,10-49,46,53,7,7,47,54
Classic (after opt),train,NCI-H2170,10-49,46,58,12,12,47,59
Classic (after opt),train,COLO320DM,10-49,47,60,13,13,48,61
Classic (after opt),train,NCI-H2170,10-49,47,35,12,-12,48,36
Classic (after opt),train,NCI-H2170,10-49,47,41,6,-6,48,42
Classic (after opt),val,NCI-H2170,10-49,47,56,9,9,48,57
Classic (after opt),test,NCI-H2170,10-49,48,45,3,-3,49,46
Classic (after opt),val,NCI-H2170,10-49,48,22,26,-26,49,23
Classic (after opt),val,NCI-H2170,10-49,48,43,5,-5,49,44
Classic (after opt),test,COLO320DM,10-49,49,37,12,-12,50,38
Classic (after opt),train,NCI-H2170,10-49,49,45,4,-4,50,46
Classic (after opt),train,NCI-H2170,50-149,50,41,9,-9,51,42
Classic (after opt),train,NCI-H2170,50-149,50,111,61,61,51,112
Classic (after opt),train,COLO320DM,50-149,51,59,8,8,52,60
Classic (after opt),test,NCI-H2170,50-149,51,37,14,-14,52,38
Classic (after opt),train,NCI-H2170,50-149,51,44,7,-7,52,45
Classic (after opt),val,NCI-H2170,50-149,51,55,4,4,52,56
Classic (after opt),train,NCI-H2170,50-149,51,65,14,14,52,66
Classic (after opt),train,COLO320DM,50-149,52,63,11,11,53,64
Classic (after opt),val,NCI-H2170,50-149,52,52,0,0,53,53
Classic (after opt),test,NCI-H2170,50-149,52,100,48,48,53,101
Classic (after opt),test,NCI-H2170,50-149,52,46,6,-6,53,47
Classic (after opt),val,NCI-H2170,50-149,52,44,8,-8,53,45
Classic (after opt),train,COLO320DM,50-149,53,53,0,0,54,54
Classic (after opt),train,COLO320DM,50-149,53,52,1,-1,54,53
Classic (after opt),train,NCI-H2170,50-149,53,42,11,-11,54,43
Classic (after opt),train,NCI-H2170,50-149,53,39,14,-14,54,40
Classic (after opt),train,NCI-H2170,50-149,53,38,15,-15,54,39
Classic (after opt),train,NCI-H2170,50-149,53,55,2,2,54,56
Classic (after opt),train,NCI-H2170,50-149,53,45,8,-8,54,46
Classic (after opt),test,COLO320DM,50-149,54,46,8,-8,55,47
Classic (after opt),train,NCI-H2170,50-149,54,56,2,2,55,57
Classic (after opt),train,NCI-H2170,50-149,54,68,14,14,55,69
Classic (after opt),train,NCI-H2170,50-149,54,56,2,2,55,57
Classic (after opt),val,NCI-H2170,50-149,54,43,11,-11,55,44
Classic (after opt),train,COLO320DM,50-149,55,79,24,24,56,80
Classic (after opt),test,NCI-H2170,50-149,55,117,62,62,56,118
Classic (after opt),test,NCI-H2170,50-149,55,128,73,73,56,129
Classic (after opt),val,NCI-H2170,50-149,56,58,2,2,57,59
Classic (after opt),train,NCI-H2170,50-149,56,69,13,13,57,70
Classic (after opt),test,COLO320DM,50-149,57,59,2,2,58,60
Classic (after opt),val,COLO320DM,50-149,57,61,4,4,58,62
Classic (after opt),train,SNU16,50-149,57,57,0,0,58,58
Classic (after opt),val,NCI-H2170,50-149,58,55,3,-3,59,56
Classic (after opt),val,NCI-H2170,50-149,58,41,17,-17,59,42
Classic (after opt),train,NCI-H2170,50-149,58,45,13,-13,59,46
Classic (after opt),train,NCI-H2170,50-149,58,74,16,16,59,75
Classic (after opt),val,COLO320DM,50-149,59,69,10,10,60,70
Classic (after opt),train,COLO320DM,50-149,59,54,5,-5,60,55
Classic (after opt),train,COLO320DM,50-149,59,57,2,-2,60,58
Classic (after opt),test,NCI-H2170,50-149,59,103,44,44,60,104
Classic (after opt),train,NCI-H2170,50-149,60,59,1,-1,61,60
Classic (after opt),train,NCI-H2170,50-149,60,46,14,-14,61,47
Classic (after opt),train,COLO320DM,50-149,61,56,5,-5,62,57
Classic (after opt),test,NCI-H2170,50-149,61,55,6,-6,62,56
Classic (after opt),train,NCI-H2170,50-149,61,56,5,-5,62,57
Classic (after opt),train,NCI-H2170,50-149,61,45,16,-16,62,46
Classic (after opt),test,NCI-H2170,50-149,61,113,52,52,62,114
Classic (after opt),val,NCI-H2170,50-149,61,57,4,-4,62,58
Classic (after opt),test,NCI-H2170,50-149,62,66,4,4,63,67
Classic (after opt),train,NCI-H2170,50-149,62,59,3,-3,63,60
Classic (after opt),train,NCI-H2170,50-149,62,56,6,-6,63,57
Classic (after opt),train,NCI-H2170,50-149,62,63,1,1,63,64
Classic (after opt),train,COLO320DM,50-149,63,79,16,16,64,80
Classic (after opt),train,NCI-H2170,50-149,63,73,10,10,64,74
Classic (after opt),test,NCI-H2170,50-149,63,45,18,-18,64,46
Classic (after opt),train,NCI-H2170,50-149,63,58,5,-5,64,59
Classic (after opt),train,NCI-H2170,50-149,64,34,30,-30,65,35
Classic (after opt),train,NCI-H2170,50-149,64,97,33,33,65,98
Classic (after opt),train,NCI-H2170,50-149,64,78,14,14,65,79
Classic (after opt),test,NCI-H2170,50-149,64,69,5,5,65,70
Classic (after opt),train,COLO320DM,50-149,65,51,14,-14,66,52
Classic (after opt),train,NCI-H2170,50-149,65,111,46,46,66,112
Classic (after opt),test,NCI-H2170,50-149,65,61,4,-4,66,62
Classic (after opt),train,NCI-H2170,50-149,65,76,11,11,66,77
Classic (after opt),train,NCI-H2170,50-149,65,57,8,-8,66,58
Classic (after opt),train,NCI-H2170,50-149,66,87,21,21,67,88
Classic (after opt),train,NCI-H2170,50-149,66,44,22,-22,67,45
Classic (after opt),train,NCI-H2170,50-149,66,55,11,-11,67,56
Classic (after opt),test,NCI-H2170,50-149,67,87,20,20,68,88
Classic (after opt),test,NCI-H2170,50-149,67,61,6,-6,68,62
Classic (after opt),train,NCI-H2170,50-149,67,54,13,-13,68,55
Classic (after opt),train,NCI-H2170,50-149,68,47,21,-21,69,48
Classic (after opt),train,NCI-H2170,50-149,69,171,102,102,70,172
Classic (after opt),train,NCI-H2170,50-149,69,73,4,4,70,74
Classic (after opt),train,NCI-H2170,50-149,69,58,11,-11,70,59
Classic (after opt),train,NCI-H2170,50-149,69,247,178,178,70,248
Classic (after opt),train,NCI-H2170,50-149,69,73,4,4,70,74
Classic (after opt),train,NCI-H2170,50-149,70,115,45,45,71,116
Classic (after opt),train,NCI-H2170,50-149,70,68,2,-2,71,69
Classic (after opt),val,NCI-H2170,50-149,70,46,24,-24,71,47
Classic (after opt),train,NCI-H2170,50-149,70,74,4,4,71,75
Classic (after opt),train,NCI-H2170,50-149,70,71,1,1,71,72
Classic (after opt),val,COLO320DM,50-149,71,53,18,-18,72,54
Classic (after opt),train,NCI-H2170,50-149,71,109,38,38,72,110
Classic (after opt),val,NCI-H2170,50-149,71,49,22,-22,72,50
Classic (after opt),train,NCI-H2170,50-149,71,47,24,-24,72,48
Classic (after opt),test,NCI-H2170,50-149,71,64,7,-7,72,65
Classic (after opt),train,NCI-H2170,50-149,71,50,21,-21,72,51
Classic (after opt),train,NCI-H2170,50-149,71,60,11,-11,72,61
Classic (after opt),test,NCI-H716,50-149,71,99,28,28,72,100
Classic (after opt),train,NCI-H2170,50-149,72,59,13,-13,73,60
Classic (after opt),test,NCI-H2170,50-149,72,93,21,21,73,94
Classic (after opt),train,NCI-H716,50-149,72,70,2,-2,73,71
Classic (after opt),train,NCI-H2170,50-149,73,61,12,-12,74,62
Classic (after opt),train,NCI-H2170,50-149,73,157,84,84,74,158
Classic (after opt),train,NCI-H2170,50-149,73,63,10,-10,74,64
Classic (after opt),train,COLO320DM,50-149,74,71,3,-3,75,72
Classic (after opt),val,COLO320DM,50-149,74,78,4,4,75,79
Classic (after opt),train,NCI-H2170,50-149,74,56,18,-18,75,57
Classic (after opt),train,NCI-H2170,50-149,74,72,2,-2,75,73
Classic (after opt),train,NCI-H2170,50-149,74,49,25,-25,75,50
Classic (after opt),train,NCI-H2170,50-149,74,70,4,-4,75,71
Classic (after opt),train,NCI-H2170,50-149,75,86,11,11,76,87
Classic (after opt),train,NCI-H2170,50-149,75,68,7,-7,76,69
Classic (after opt),train,NCI-H2170,50-149,75,70,5,-5,76,71
Classic (after opt),val,NCI-H2170,50-149,75,58,17,-17,76,59
Classic (after opt),train,NCI-H2170,50-149,75,62,13,-13,76,63
Classic (after opt),train,NCI-H2170,50-149,75,50,25,-25,76,51
Classic (after opt),train,NCI-H2170,50-149,75,74,1,-1,76,75
Classic (after opt),train,NCI-H2170,50-149,76,191,115,115,77,192
Classic (after opt),train,NCI-H2170,50-149,76,104,28,28,77,105
Classic (after opt),train,NCI-H2170,50-149,76,71,5,-5,77,72
Classic (after opt),train,NCI-H2170,50-149,76,63,13,-13,77,64
Classic (after opt),train,NCI-H2170,50-149,76,42,34,-34,77,43
Classic (after opt),train,NCI-H2170,50-149,76,77,1,1,77,78
Classic (after opt),train,NCI-H716,50-149,76,84,8,8,77,85
Classic (after opt),train,NCI-H2170,50-149,77,444,367,367,78,445
Classic (after opt),train,NCI-H2170,50-149,77,63,14,-14,78,64
Classic (after opt),val,NCI-H2170,50-149,77,48,29,-29,78,49
Classic (after opt),train,SNU16,50-149,77,79,2,2,78,80
Classic (after opt),val,NCI-H2170,50-149,78,92,14,14,79,93
Classic (after opt),test,NCI-H2170,50-149,78,63,15,-15,79,64
Classic (after opt),train,NCI-H2170,50-149,78,54,24,-24,79,55
Classic (after opt),train,NCI-H2170,50-149,78,57,21,-21,79,58
Classic (after opt),train,NCI-H2170,50-149,78,77,1,-1,79,78
Classic (after opt),train,NCI-H2170,50-149,78,53,25,-25,79,54
Classic (after opt),train,NCI-H2170,50-149,78,63,15,-15,79,64
Classic (after opt),train,NCI-H2170,50-149,78,120,42,42,79,121
Classic (after opt),test,NCI-H2170,50-149,79,77,2,-2,80,78
Classic (after opt),val,NCI-H2170,50-149,79,90,11,11,80,91
Classic (after opt),train,NCI-H2170,50-149,79,75,4,-4,80,76
Classic (after opt),test,NCI-H2170,50-149,79,73,6,-6,80,74
Classic (after opt),train,NCI-H2170,50-149,79,114,35,35,80,115
Classic (after opt),train,COLO320DM,50-149,80,76,4,-4,81,77
Classic (after opt),test,NCI-H2170,50-149,80,51,29,-29,81,52
Classic (after opt),train,NCI-H2170,50-149,81,83,2,2,82,84
Classic (after opt),train,NCI-H2170,50-149,81,73,8,-8,82,74
Classic (after opt),val,NCI-H2170,50-149,81,65,16,-16,82,66
Classic (after opt),val,NCI-H2170,50-149,81,73,8,-8,82,74
Classic (after opt),train,NCI-H2170,50-149,82,67,15,-15,83,68
Classic (after opt),train,NCI-H2170,50-149,82,86,4,4,83,87
Classic (after opt),train,COLO320DM,50-149,83,72,11,-11,84,73
Classic (after opt),test,NCI-H2170,50-149,83,123,40,40,84,124
Classic (after opt),train,NCI-H2170,50-149,83,105,22,22,84,106
Classic (after opt),train,NCI-H2170,50-149,83,77,6,-6,84,78
Classic (after opt),test,NCI-H2170,50-149,84,82,2,-2,85,83
Classic (after opt),train,NCI-H2170,50-149,84,67,17,-17,85,68
Classic (after opt),train,NCI-H2170,50-149,84,51,33,-33,85,52
Classic (after opt),test,NCI-H2170,50-149,84,101,17,17,85,102
Classic (after opt),val,NCI-H2170,50-149,85,98,13,13,86,99
Classic (after opt),test,NCI-H2170,50-149,85,64,21,-21,86,65
Classic (after opt),test,NCI-H2170,50-149,85,73,12,-12,86,74
Classic (after opt),train,NCI-H2170,50-149,85,83,2,-2,86,84
Classic (after opt),train,NCI-H2170,50-149,86,127,41,41,87,128
Classic (after opt),val,NCI-H2170,50-149,86,85,1,-1,87,86
Classic (after opt),train,NCI-H2170,50-149,86,61,25,-25,87,62
Classic (after opt),train,NCI-H2170,50-149,86,70,16,-16,87,71
Classic (after opt),train,NCI-H2170,50-149,86,64,22,-22,87,65
Classic (after opt),train,NCI-H2170,50-149,86,72,14,-14,87,73
Classic (after opt),test,NCI-H2170,50-149,86,173,87,87,87,174
Classic (after opt),train,COLO320DM,50-149,87,93,6,6,88,94
Classic (after opt),train,NCI-H2170,50-149,87,77,10,-10,88,78
Classic (after opt),test,NCI-H2170,50-149,87,61,26,-26,88,62
Classic (after opt),val,NCI-H2170,50-149,87,60,27,-27,88,61
Classic (after opt),test,NCI-H2170,50-149,87,62,25,-25,88,63
Classic (after opt),train,NCI-H2170,50-149,87,75,12,-12,88,76
Classic (after opt),train,NCI-H2170,50-149,88,134,46,46,89,135
Classic (after opt),train,NCI-H2170,50-149,88,118,30,30,89,119
Classic (after opt),train,NCI-H2170,50-149,88,60,28,-28,89,61
Classic (after opt),train,NCI-H2170,50-149,88,62,26,-26,89,63
Classic (after opt),train,NCI-H2170,50-149,88,76,12,-12,89,77
Classic (after opt),train,COLO320DM,50-149,89,105,16,16,90,106
Classic (after opt),val,NCI-H2170,50-149,89,78,11,-11,90,79
Classic (after opt),val,NCI-H2170,50-149,89,93,4,4,90,94
Classic (after opt),test,NCI-H2170,50-149,89,76,13,-13,90,77
Classic (after opt),train,NCI-H2170,50-149,89,83,6,-6,90,84
Classic (after opt),test,NCI-H2170,50-149,89,58,31,-31,90,59
Classic (after opt),train,NCI-H716,50-149,89,85,4,-4,90,86
Classic (after opt),train,NCI-H2170,50-149,90,120,30,30,91,121
Classic (after opt),train,NCI-H2170,50-149,90,74,16,-16,91,75
Classic (after opt),test,NCI-H2170,50-149,90,108,18,18,91,109
Classic (after opt),test,NCI-H2170,50-149,90,93,3,3,91,94
Classic (after opt),train,SNU16,50-149,90,82,8,-8,91,83
Classic (after opt),test,COLO320DM,50-149,91,106,15,15,92,107
Classic (after opt),train,NCI-H2170,50-149,91,122,31,31,92,123
Classic (after opt),val,NCI-H2170,50-149,91,175,84,84,92,176
Classic (after opt),val,NCI-H2170,50-149,91,64,27,-27,92,65
Classic (after opt),train,NCI-H2170,50-149,92,145,53,53,93,146
Classic (after opt),val,NCI-H2170,50-149,92,78,14,-14,93,79
Classic (after opt),val,NCI-H2170,50-149,92,69,23,-23,93,70
Classic (after opt),train,NCI-H2170,50-149,93,119,26,26,94,120
Classic (after opt),train,NCI-H2170,50-149,93,79,14,-14,94,80
Classic (after opt),train,NCI-H2170,50-149,93,149,56,56,94,150
Classic (after opt),test,NCI-H2170,50-149,93,70,23,-23,94,71
Classic (after opt),train,NCI-H2170,50-149,93,68,25,-25,94,69
Classic (after opt),test,NCI-H2170,50-149,93,81,12,-12,94,82
Classic (after opt),train,NCI-H2170,50-149,93,64,29,-29,94,65
Classic (after opt),train,NCI-H2170,50-149,93,76,17,-17,94,77
Classic (after opt),val,NCI-H2170,50-149,94,121,27,27,95,122
Classic (after opt),val,NCI-H2170,50-149,94,66,28,-28,95,67
Classic (after opt),val,NCI-H2170,50-149,94,53,41,-41,95,54
Classic (after opt),train,NCI-H2170,50-149,94,70,24,-24,95,71
Classic (after opt),train,NCI-H2170,50-149,94,72,22,-22,95,73
Classic (after opt),train,NCI-H2170,50-149,94,77,17,-17,95,78
Classic (after opt),train,NCI-H2170,50-149,94,102,8,8,95,103
Classic (after opt),train,NCI-H2170,50-149,95,122,27,27,96,123
Classic (after opt),train,NCI-H2170,50-149,95,158,63,63,96,159
Classic (after opt),train,NCI-H2170,50-149,96,106,10,10,97,107
Classic (after opt),train,NCI-H2170,50-149,96,115,19,19,97,116
Classic (after opt),test,NCI-H2170,50-149,96,81,15,-15,97,82
Classic (after opt),val,NCI-H2170,50-149,96,76,20,-20,97,77
Classic (after opt),train,NCI-H2170,50-149,96,75,21,-21,97,76
Classic (after opt),train,NCI-H2170,50-149,97,89,8,-8,98,90
Classic (after opt),train,NCI-H2170,50-149,97,106,9,9,98,107
Classic (after opt),train,NCI-H2170,50-149,97,83,14,-14,98,84
Classic (after opt),test,NCI-H2170,50-149,97,74,23,-23,98,75
Classic (after opt),train,NCI-H2170,50-149,97,71,26,-26,98,72
Classic (after opt),train,NCI-H2170,50-149,97,82,15,-15,98,83
Classic (after opt),val,SNU16,50-149,97,192,95,95,98,193
Classic (after opt),train,SNU16,50-149,97,119,22,22,98,120
Classic (after opt),train,NCI-H2170,50-149,98,97,1,-1,99,98
Classic (after opt),train,NCI-H2170,50-149,98,141,43,43,99,142
Classic (after opt),train,NCI-H2170,50-149,98,107,9,9,99,108
Classic (after opt),train,NCI-H2170,50-149,98,80,18,-18,99,81
Classic (after opt),train,NCI-H2170,50-149,99,137,38,38,100,138
Classic (after opt),train,NCI-H2170,50-149,99,67,32,-32,100,68
Classic (after opt),train,NCI-H2170,50-149,99,83,16,-16,100,84
Classic (after opt),train,NCI-H2170,50-149,99,83,16,-16,100,84
Classic (after opt),train,NCI-H2170,50-149,99,72,27,-27,100,73
Classic (after opt),train,NCI-H2170,50-149,99,89,10,-10,100,90
Classic (after opt),train,NCI-H2170,50-149,99,71,28,-28,100,72
Classic (after opt),train,NCI-H2170,50-149,99,67,32,-32,100,68
Classic (after opt),train,NCI-H2170,50-149,99,133,34,34,100,134
Classic (after opt),train,NCI-H2170,50-149,100,102,2,2,101,103
Classic (after opt),train,COLO320DM,50-149,101,83,18,-18,102,84
Classic (after opt),train,NCI-H2170,50-149,101,103,2,2,102,104
Classic (after opt),train,NCI-H2170,50-149,101,76,25,-25,102,77
Classic (after opt),test,NCI-H2170,50-149,101,88,13,-13,102,89
Classic (after opt),train,NCI-H2170,50-149,101,71,30,-30,102,72
Classic (after opt),train,NCI-H2170,50-149,101,76,25,-25,102,77
Classic (after opt),train,NCI-H2170,50-149,101,82,19,-19,102,83
Classic (after opt),test,NCI-H716,50-149,101,105,4,4,102,106
Classic (after opt),train,SNU16,50-149,101,148,47,47,102,149
Classic (after opt),train,SNU16,50-149,101,118,17,17,102,119
Classic (after opt),test,NCI-H2170,50-149,102,118,16,16,103,119
Classic (after opt),train,NCI-H2170,50-149,102,86,16,-16,103,87
Classic (after opt),val,NCI-H2170,50-149,102,79,23,-23,103,80
Classic (after opt),train,NCI-H2170,50-149,102,108,6,6,103,109
Classic (after opt),val,NCI-H2170,50-149,102,77,25,-25,103,78
Classic (after opt),test,NCI-H2170,50-149,103,102,1,-1,104,103
Classic (after opt),val,NCI-H2170,50-149,103,102,1,-1,104,103
Classic (after opt),test,NCI-H2170,50-149,103,72,31,-31,104,73
Classic (after opt),val,NCI-H2170,50-149,103,93,10,-10,104,94
Classic (after opt),train,NCI-H2170,50-149,103,61,42,-42,104,62
Classic (after opt),train,NCI-H2170,50-149,103,152,49,49,104,153
Classic (after opt),train,NCI-H2170,50-149,104,158,54,54,105,159
Classic (after opt),train,NCI-H2170,50-149,104,95,9,-9,105,96
Classic (after opt),val,NCI-H2170,50-149,104,73,31,-31,105,74
Classic (after opt),train,NCI-H2170,50-149,105,97,8,-8,106,98
Classic (after opt),train,NCI-H2170,50-149,105,113,8,8,106,114
Classic (after opt),val,NCI-H2170,50-149,105,80,25,-25,106,81
Classic (after opt),train,NCI-H2170,50-149,105,82,23,-23,106,83
Classic (after opt),train,NCI-H2170,50-149,105,89,16,-16,106,90
Classic (after opt),test,NCI-H2170,50-149,105,115,10,10,106,116
Classic (after opt),train,SNU16,50-149,105,106,1,1,106,107
Classic (after opt),train,NCI-H2170,50-149,106,203,97,97,107,204
Classic (after opt),train,NCI-H2170,50-149,106,131,25,25,107,132
Classic (after opt),train,NCI-H2170,50-149,106,125,19,19,107,126
Classic (after opt),val,NCI-H2170,50-149,106,87,19,-19,107,88
Classic (after opt),test,COLO320DM,50-149,107,93,14,-14,108,94
Classic (after opt),train,NCI-H2170,50-149,107,140,33,33,108,141
Classic (after opt),val,NCI-H2170,50-149,107,74,33,-33,108,75
Classic (after opt),train,NCI-H2170,50-149,107,100,7,-7,108,101
Classic (after opt),train,NCI-H2170,50-149,107,118,11,11,108,119
Classic (after opt),test,NCI-H2170,50-149,107,133,26,26,108,134
Classic (after opt),train,NCI-H2170,50-149,107,97,10,-10,108,98
Classic (after opt),train,NCI-H2170,50-149,108,130,22,22,109,131
Classic (after opt),val,NCI-H2170,50-149,108,81,27,-27,109,82
Classic (after opt),train,NCI-H2170,50-149,109,74,35,-35,110,75
Classic (after opt),train,NCI-H2170,50-149,109,109,0,0,110,110
Classic (after opt),train,NCI-H2170,50-149,109,97,12,-12,110,98
Classic (after opt),test,NCI-H2170,50-149,110,86,24,-24,111,87
Classic (after opt),val,NCI-H2170,50-149,110,92,18,-18,111,93
Classic (after opt),val,NCI-H2170,50-149,110,255,145,145,111,256
Classic (after opt),train,NCI-H2170,50-149,110,83,27,-27,111,84
Classic (after opt),val,NCI-H2170,50-149,110,88,22,-22,111,89
Classic (after opt),train,NCI-H2170,50-149,110,70,40,-40,111,71
Classic (after opt),test,NCI-H716,50-149,110,111,1,1,111,112
Classic (after opt),train,SNU16,50-149,110,111,1,1,111,112
Classic (after opt),train,NCI-H2170,50-149,111,84,27,-27,112,85
Classic (after opt),train,NCI-H2170,50-149,111,122,11,11,112,123
Classic (after opt),train,NCI-H2170,50-149,111,122,11,11,112,123
Classic (after opt),train,NCI-H2170,50-149,111,128,17,17,112,129
Classic (after opt),train,SNU16,50-149,111,102,9,-9,112,103
Classic (after opt),train,NCI-H2170,50-149,112,120,8,8,113,121
Classic (after opt),train,NCI-H2170,50-149,112,82,30,-30,113,83
Classic (after opt),train,SNU16,50-149,112,155,43,43,113,156
Classic (after opt),train,NCI-H2170,50-149,113,120,7,7,114,121
Classic (after opt),val,NCI-H2170,50-149,113,107,6,-6,114,108
Classic (after opt),train,NCI-H2170,50-149,114,78,36,-36,115,79
Classic (after opt),train,NCI-H2170,50-149,114,102,12,-12,115,103
Classic (after opt),train,NCI-H2170,50-149,115,106,9,-9,116,107
Classic (after opt),train,NCI-H2170,50-149,115,130,15,15,116,131
Classic (after opt),val,NCI-H2170,50-149,115,100,15,-15,116,101
Classic (after opt),train,NCI-H2170,50-149,115,112,3,-3,116,113
Classic (after opt),train,NCI-H2170,50-149,115,141,26,26,116,142
Classic (after opt),train,NCI-H2170,50-149,115,81,34,-34,116,82
Classic (after opt),train,NCI-H2170,50-149,116,97,19,-19,117,98
Classic (after opt),train,NCI-H2170,50-149,116,95,21,-21,117,96
Classic (after opt),test,NCI-H2170,50-149,116,95,21,-21,117,96
Classic (after opt),train,NCI-H2170,50-149,116,76,40,-40,117,77
Classic (after opt),train,NCI-H716,50-149,116,117,1,1,117,118
Classic (after opt),train,NCI-H2170,50-149,117,146,29,29,118,147
Classic (after opt),train,NCI-H2170,50-149,117,137,20,20,118,138
Classic (after opt),train,NCI-H2170,50-149,117,94,23,-23,118,95
Classic (after opt),train,NCI-H2170,50-149,118,169,51,51,119,170
Classic (after opt),train,SNU16,50-149,118,99,19,-19,119,100
Classic (after opt),train,NCI-H2170,50-149,119,108,11,-11,120,109
Classic (after opt),train,NCI-H2170,50-149,119,66,53,-53,120,67
Classic (after opt),test,NCI-H2170,50-149,119,96,23,-23,120,97
Classic (after opt),train,NCI-H2170,50-149,119,113,6,-6,120,114
Classic (after opt),train,NCI-H2170,50-149,120,101,19,-19,121,102
Classic (after opt),train,NCI-H2170,50-149,120,114,6,-6,121,115
Classic (after opt),train,NCI-H2170,50-149,120,96,24,-24,121,97
Classic (after opt),train,NCI-H716,50-149,120,104,16,-16,121,105
Classic (after opt),val,NCI-H2170,50-149,121,105,16,-16,122,106
Classic (after opt),train,NCI-H2170,50-149,121,53,68,-68,122,54
Classic (after opt),train,NCI-H2170,50-149,121,143,22,22,122,144
Classic (after opt),train,NCI-H2170,50-149,121,89,32,-32,122,90
Classic (after opt),train,NCI-H2170,50-149,121,121,0,0,122,122
Classic (after opt),train,NCI-H2170,50-149,122,132,10,10,123,133
Classic (after opt),train,NCI-H2170,50-149,122,230,108,108,123,231
Classic (after opt),train,NCI-H2170,50-149,122,96,26,-26,123,97
Classic (after opt),train,NCI-H2170,50-149,122,260,138,138,123,261
Classic (after opt),train,NCI-H2170,50-149,123,94,29,-29,124,95
Classic (after opt),train,NCI-H2170,50-149,123,113,10,-10,124,114
Classic (after opt),val,NCI-H2170,50-149,123,114,9,-9,124,115
Classic (after opt),val,NCI-H2170,50-149,123,107,16,-16,124,108
Classic (after opt),train,SNU16,50-149,123,100,23,-23,124,101
Classic (after opt),train,NCI-H2170,50-149,124,110,14,-14,125,111
Classic (after opt),test,NCI-H2170,50-149,124,209,85,85,125,210
Classic (after opt),train,NCI-H2170,50-149,124,143,19,19,125,144
Classic (after opt),train,NCI-H2170,50-149,124,93,31,-31,125,94
Classic (after opt),train,SNU16,50-149,124,72,52,-52,125,73
Classic (after opt),val,NCI-H2170,50-149,125,161,36,36,126,162
Classic (after opt),train,NCI-H2170,50-149,125,130,5,5,126,131
Classic (after opt),train,NCI-H2170,50-149,125,131,6,6,126,132
Classic (after opt),train,NCI-H2170,50-149,125,115,10,-10,126,116
Classic (after opt),train,NCI-H2170,50-149,125,97,28,-28,126,98
Classic (after opt),train,NCI-H2170,50-149,125,82,43,-43,126,83
Classic (after opt),train,NCI-H2170,50-149,125,89,36,-36,126,90
Classic (after opt),test,SNU16,50-149,125,89,36,-36,126,90
Classic (after opt),train,NCI-H2170,50-149,126,105,21,-21,127,106
Classic (after opt),test,NCI-H2170,50-149,126,109,17,-17,127,110
Classic (after opt),test,NCI-H2170,50-149,126,54,72,-72,127,55
Classic (after opt),train,NCI-H2170,50-149,127,140,13,13,128,141
Classic (after opt),train,NCI-H2170,50-149,127,116,11,-11,128,117
Classic (after opt),train,NCI-H716,50-149,127,150,23,23,128,151
Classic (after opt),train,NCI-H2170,50-149,128,183,55,55,129,184
Classic (after opt),train,NCI-H2170,50-149,128,121,7,-7,129,122
Classic (after opt),train,NCI-H2170,50-149,128,103,25,-25,129,104
Classic (after opt),train,NCI-H716,50-149,128,111,17,-17,129,112
Classic (after opt),val,NCI-H2170,50-149,129,123,6,-6,130,124
Classic (after opt),train,NCI-H2170,50-149,129,104,25,-25,130,105
Classic (after opt),train,NCI-H716,50-149,129,131,2,2,130,132
Classic (after opt),train,NCI-H2170,50-149,130,104,26,-26,131,105
Classic (after opt),train,NCI-H2170,50-149,130,104,26,-26,131,105
Classic (after opt),train,NCI-H2170,50-149,130,109,21,-21,131,110
Classic (after opt),train,NCI-H2170,50-149,131,126,5,-5,132,127
Classic (after opt),train,NCI-H2170,50-149,131,98,33,-33,132,99
Classic (after opt),train,NCI-H716,50-149,131,199,68,68,132,200
Classic (after opt),train,NCI-H716,50-149,131,153,22,22,132,154
Classic (after opt),train,NCI-H2170,50-149,132,74,58,-58,133,75
Classic (after opt),train,NCI-H2170,50-149,132,94,38,-38,133,95
Classic (after opt),train,NCI-H2170,50-149,132,81,51,-51,133,82
Classic (after opt),test,NCI-H2170,50-149,132,129,3,-3,133,130
Classic (after opt),train,NCI-H2170,50-149,132,68,64,-64,133,69
Classic (after opt),train,NCI-H2170,50-149,132,97,35,-35,133,98
Classic (after opt),val,NCI-H716,50-149,132,138,6,6,133,139
Classic (after opt),train,NCI-H716,50-149,132,127,5,-5,133,128
Classic (after opt),train,NCI-H716,50-149,132,131,1,-1,133,132
Classic (after opt),train,NCI-H2170,50-149,133,162,29,29,134,163
Classic (after opt),train,NCI-H2170,50-149,133,133,0,0,134,134
Classic (after opt),train,NCI-H2170,50-149,133,158,25,25,134,159
Classic (after opt),train,NCI-H2170,50-149,134,116,18,-18,135,117
Classic (after opt),val,NCI-H2170,50-149,134,75,59,-59,135,76
Classic (after opt),train,NCI-H716,50-149,134,163,29,29,135,164
Classic (after opt),train,NCI-H2170,50-149,135,133,2,-2,136,134
Classic (after opt),train,NCI-H2170,50-149,135,115,20,-20,136,116
Classic (after opt),train,NCI-H2170,50-149,135,122,13,-13,136,123
Classic (after opt),test,NCI-H2170,50-149,135,114,21,-21,136,115
Classic (after opt),train,NCI-H716,50-149,135,138,3,3,136,139
Classic (after opt),train,NCI-H716,50-149,135,130,5,-5,136,131
Classic (after opt),train,NCI-H2170,50-149,136,138,2,2,137,139
Classic (after opt),train,NCI-H2170,50-149,136,60,76,-76,137,61
Classic (after opt),train,NCI-H2170,50-149,137,86,51,-51,138,87
Classic (after opt),train,NCI-H716,50-149,137,136,1,-1,138,137
Classic (after opt),train,NCI-H2170,50-149,138,275,137,137,139,276
Classic (after opt),test,NCI-H2170,50-149,138,174,36,36,139,175
Classic (after opt),train,NCI-H2170,50-149,138,100,38,-38,139,101
Classic (after opt),train,NCI-H2170,50-149,138,122,16,-16,139,123
Classic (after opt),train,NCI-H2170,50-149,139,145,6,6,140,146
Classic (after opt),val,NCI-H2170,50-149,139,100,39,-39,140,101
Classic (after opt),test,NCI-H2170,50-149,139,113,26,-26,140,114
Classic (after opt),train,NCI-H2170,50-149,139,140,1,1,140,141
Classic (after opt),test,NCI-H716,50-149,139,115,24,-24,140,116
Classic (after opt),test,SNU16,50-149,140,457,317,317,141,458
Classic (after opt),train,NCI-H2170,50-149,141,79,62,-62,142,80
Classic (after opt),val,NCI-H2170,50-149,141,107,34,-34,142,108
Classic (after opt),val,NCI-H2170,50-149,141,130,11,-11,142,131
Classic (after opt),train,NCI-H2170,50-149,141,105,36,-36,142,106
Classic (after opt),train,SNU16,50-149,141,138,3,-3,142,139
Classic (after opt),train,SNU16,50-149,141,146,5,5,142,147
Classic (after opt),train,NCI-H2170,50-149,142,153,11,11,143,154
Classic (after opt),test,NCI-H2170,50-149,142,146,4,4,143,147
Classic (after opt),train,NCI-H2170,50-149,142,108,34,-34,143,109
Classic (after opt),train,NCI-H2170,50-149,142,126,16,-16,143,127
Classic (after opt),train,NCI-H2170,50-149,142,113,29,-29,143,114
Classic (after opt),train,NCI-H2170,50-149,142,186,44,44,143,187
Classic (after opt),train,SNU16,50-149,142,113,29,-29,143,114
Classic (after opt),val,COLO320DM,50-149,143,139,4,-4,144,140
Classic (after opt),train,NCI-H2170,50-149,143,101,42,-42,144,102
Classic (after opt),train,NCI-H2170,50-149,143,88,55,-55,144,89
Classic (after opt),val,NCI-H2170,50-149,143,128,15,-15,144,129
Classic (after opt),train,NCI-H2170,50-149,143,97,46,-46,144,98
Classic (after opt),train,NCI-H2170,50-149,143,141,2,-2,144,142
Classic (after opt),train,COLO320DM,50-149,144,139,5,-5,145,140
Classic (after opt),val,NCI-H716,50-149,144,147,3,3,145,148
Classic (after opt),train,NCI-H716,50-149,144,163,19,19,145,164
Classic (after opt),train,SNU16,50-149,144,203,59,59,145,204
Classic (after opt),train,SNU16,50-149,144,158,14,14,145,159
Classic (after opt),train,NCI-H2170,50-149,145,153,8,8,146,154
Classic (after opt),val,NCI-H2170,50-149,145,89,56,-56,146,90
Classic (after opt),train,NCI-H2170,50-149,145,79,66,-66,146,80
Classic (after opt),train,NCI-H2170,50-149,146,166,20,20,147,167
Classic (after opt),train,NCI-H2170,50-149,146,233,87,87,147,234
Classic (after opt),train,NCI-H2170,50-149,146,107,39,-39,147,108
Classic (after opt),train,NCI-H2170,50-149,147,80,67,-67,148,81
Classic (after opt),train,NCI-H2170,50-149,147,105,42,-42,148,106
Classic (after opt),val,NCI-H2170,50-149,147,142,5,-5,148,143
Classic (after opt),train,NCI-H2170,50-149,147,93,54,-54,148,94
Classic (after opt),val,NCI-H2170,50-149,147,111,36,-36,148,112
Classic (after opt),test,NCI-H2170,50-149,148,204,56,56,149,205
Classic (after opt),val,NCI-H2170,50-149,148,175,27,27,149,176
Classic (after opt),train,NCI-H2170,50-149,148,118,30,-30,149,119
Classic (after opt),val,NCI-H2170,50-149,148,122,26,-26,149,123
Classic (after opt),val,NCI-H716,50-149,148,153,5,5,149,154
Classic (after opt),train,SNU16,50-149,148,200,52,52,149,201
Classic (after opt),train,NCI-H2170,50-149,149,88,61,-61,150,89
Classic (after opt),train,NCI-H2170,50-149,149,101,48,-48,150,102
Classic (after opt),train,NCI-H2170,150-299,150,106,44,-44,151,107
Classic (after opt),train,NCI-H2170,150-299,150,196,46,46,151,197
Classic (after opt),train,NCI-H2170,150-299,150,148,2,-2,151,149
Classic (after opt),val,NCI-H2170,150-299,150,99,51,-51,151,100
Classic (after opt),train,NCI-H2170,150-299,150,86,64,-64,151,87
Classic (after opt),test,NCI-H716,150-299,150,157,7,7,151,158
Classic (after opt),test,SNU16,150-299,150,157,7,7,151,158
Classic (after opt),val,NCI-H2170,150-299,151,145,6,-6,152,146
Classic (after opt),train,NCI-H2170,150-299,151,143,8,-8,152,144
Classic (after opt),test,NCI-H2170,150-299,151,89,62,-62,152,90
Classic (after opt),train,SNU16,150-299,151,135,16,-16,152,136
Classic (after opt),train,NCI-H2170,150-299,152,160,8,8,153,161
Classic (after opt),train,NCI-H2170,150-299,152,134,18,-18,153,135
Classic (after opt),val,NCI-H2170,150-299,152,135,17,-17,153,136
Classic (after opt),train,NCI-H2170,150-299,152,143,9,-9,153,144
Classic (after opt),val,NCI-H2170,150-299,152,121,31,-31,153,122
Classic (after opt),train,NCI-H2170,150-299,152,97,55,-55,153,98
Classic (after opt),val,NCI-H716,150-299,152,141,11,-11,153,142
Classic (after opt),train,NCI-H2170,150-299,153,167,14,14,154,168
Classic (after opt),train,NCI-H2170,150-299,153,281,128,128,154,282
Classic (after opt),val,NCI-H2170,150-299,153,140,13,-13,154,141
Classic (after opt),train,NCI-H2170,150-299,153,132,21,-21,154,133
Classic (after opt),train,NCI-H2170,150-299,153,133,20,-20,154,134
Classic (after opt),train,NCI-H2170,150-299,154,159,5,5,155,160
Classic (after opt),train,NCI-H2170,150-299,155,157,2,2,156,158
Classic (after opt),train,NCI-H2170,150-299,156,76,80,-80,157,77
Classic (after opt),val,NCI-H2170,150-299,156,113,43,-43,157,114
Classic (after opt),val,NCI-H2170,150-299,157,162,5,5,158,163
Classic (after opt),val,NCI-H2170,150-299,157,158,1,1,158,159
Classic (after opt),train,NCI-H2170,150-299,157,132,25,-25,158,133
Classic (after opt),train,NCI-H2170,150-299,157,133,24,-24,158,134
Classic (after opt),train,SNU16,150-299,157,176,19,19,158,177
Classic (after opt),val,NCI-H2170,150-299,158,150,8,-8,159,151
Classic (after opt),val,NCI-H2170,150-299,158,143,15,-15,159,144
Classic (after opt),test,SNU16,150-299,158,112,46,-46,159,113
Classic (after opt),val,NCI-H2170,150-299,159,229,70,70,160,230
Classic (after opt),test,NCI-H2170,150-299,159,186,27,27,160,187
Classic (after opt),train,NCI-H2170,150-299,159,112,47,-47,160,113
Classic (after opt),train,NCI-H2170,150-299,160,155,5,-5,161,156
Classic (after opt),val,NCI-H2170,150-299,160,107,53,-53,161,108
Classic (after opt),val,NCI-H2170,150-299,160,182,22,22,161,183
Classic (after opt),train,NCI-H2170,150-299,160,135,25,-25,161,136
Classic (after opt),train,NCI-H2170,150-299,161,131,30,-30,162,132
Classic (after opt),val,SNU16,150-299,161,140,21,-21,162,141
Classic (after opt),train,NCI-H2170,150-299,162,133,29,-29,163,134
Classic (after opt),train,NCI-H2170,150-299,162,133,29,-29,163,134
Classic (after opt),train,NCI-H2170,150-299,163,132,31,-31,164,133
Classic (after opt),train,NCI-H2170,150-299,163,169,6,6,164,170
Classic (after opt),train,NCI-H2170,150-299,163,136,27,-27,164,137
Classic (after opt),test,NCI-H716,150-299,163,182,19,19,164,183
Classic (after opt),train,NCI-H716,150-299,163,157,6,-6,164,158
Classic (after opt),test,NCI-H2170,150-299,164,158,6,-6,165,159
Classic (after opt),train,NCI-H2170,150-299,164,121,43,-43,165,122
Classic (after opt),train,NCI-H2170,150-299,165,129,36,-36,166,130
Classic (after opt),train,NCI-H2170,150-299,165,126,39,-39,166,127
Classic (after opt),train,NCI-H2170,150-299,166,112,54,-54,167,113
Classic (after opt),train,NCI-H2170,150-299,166,116,50,-50,167,117
Classic (after opt),val,NCI-H716,150-299,166,151,15,-15,167,152
Classic (after opt),val,NCI-H716,150-299,166,171,5,5,167,172
Classic (after opt),test,NCI-H716,150-299,166,169,3,3,167,170
Classic (after opt),test,SNU16,150-299,166,314,148,148,167,315
Classic (after opt),train,NCI-H2170,150-299,167,146,21,-21,168,147
Classic (after opt),train,NCI-H2170,150-299,167,132,35,-35,168,133
Classic (after opt),train,NCI-H2170,150-299,168,74,94,-94,169,75
Classic (after opt),val,NCI-H2170,150-299,168,97,71,-71,169,98
Classic (after opt),train,NCI-H2170,150-299,168,108,60,-60,169,109
Classic (after opt),train,NCI-H2170,150-299,168,129,39,-39,169,130
Classic (after opt),test,NCI-H2170,150-299,169,137,32,-32,170,138
Classic (after opt),val,NCI-H716,150-299,169,143,26,-26,170,144
Classic (after opt),train,NCI-H2170,150-299,170,177,7,7,171,178
Classic (after opt),train,NCI-H2170,150-299,170,122,48,-48,171,123
Classic (after opt),test,NCI-H2170,150-299,170,142,28,-28,171,143
Classic (after opt),train,SNU16,150-299,170,133,37,-37,171,134
Classic (after opt),test,NCI-H716,150-299,171,181,10,10,172,182
Classic (after opt),train,NCI-H2170,150-299,172,146,26,-26,173,147
Classic (after opt),train,NCI-H716,150-299,172,159,13,-13,173,160
Classic (after opt),train,NCI-H716,150-299,172,182,10,10,173,183
Classic (after opt),train,SNU16,150-299,172,121,51,-51,173,122
Classic (after opt),train,NCI-H2170,150-299,173,155,18,-18,174,156
Classic (after opt),val,NCI-H2170,150-299,173,128,45,-45,174,129
Classic (after opt),test,NCI-H2170,150-299,174,171,3,-3,175,172
Classic (after opt),train,NCI-H2170,150-299,174,146,28,-28,175,147
Classic (after opt),test,NCI-H2170,150-299,174,87,87,-87,175,88
Classic (after opt),val,SNU16,150-299,174,235,61,61,175,236
Classic (after opt),test,NCI-H2170,150-299,175,220,45,45,176,221
Classic (after opt),train,NCI-H2170,150-299,175,175,0,0,176,176
Classic (after opt),test,NCI-H2170,150-299,175,94,81,-81,176,95
Classic (after opt),train,NCI-H2170,150-299,176,115,61,-61,177,116
Classic (after opt),train,NCI-H716,150-299,176,142,34,-34,177,143
Classic (after opt),train,NCI-H2170,150-299,177,140,37,-37,178,141
Classic (after opt),train,NCI-H2170,150-299,177,123,54,-54,178,124
Classic (after opt),val,NCI-H2170,150-299,177,120,57,-57,178,121
Classic (after opt),train,NCI-H2170,150-299,177,107,70,-70,178,108
Classic (after opt),train,NCI-H716,150-299,177,159,18,-18,178,160
Classic (after opt),test,SNU16,150-299,177,225,48,48,178,226
Classic (after opt),train,NCI-H2170,150-299,178,172,6,-6,179,173
Classic (after opt),test,NCI-H2170,150-299,178,123,55,-55,179,124
Classic (after opt),train,NCI-H716,150-299,178,203,25,25,179,204
Classic (after opt),train,SNU16,150-299,178,156,22,-22,179,157
Classic (after opt),train,NCI-H2170,150-299,179,142,37,-37,180,143
Classic (after opt),test,NCI-H2170,150-299,179,148,31,-31,180,149
Classic (after opt),train,NCI-H2170,150-299,179,115,64,-64,180,116
Classic (after opt),train,NCI-H2170,150-299,179,117,62,-62,180,118
Classic (after opt),train,NCI-H716,150-299,179,163,16,-16,180,164
Classic (after opt),train,NCI-H716,150-299,179,179,0,0,180,180
Classic (after opt),train,NCI-H2170,150-299,180,156,24,-24,181,157
Classic (after opt),test,NCI-H2170,150-299,180,131,49,-49,181,132
Classic (after opt),train,NCI-H2170,150-299,180,127,53,-53,181,128
Classic (after opt),train,NCI-H2170,150-299,180,148,32,-32,181,149
Classic (after opt),val,NCI-H2170,150-299,181,137,44,-44,182,138
Classic (after opt),train,NCI-H2170,150-299,181,167,14,-14,182,168
Classic (after opt),train,NCI-H2170,150-299,181,210,29,29,182,211
Classic (after opt),train,NCI-H2170,150-299,181,253,72,72,182,254
Classic (after opt),train,NCI-H2170,150-299,181,163,18,-18,182,164
Classic (after opt),train,NCI-H2170,150-299,181,170,11,-11,182,171
Classic (after opt),train,NCI-H716,150-299,181,140,41,-41,182,141
Classic (after opt),train,SNU16,150-299,181,175,6,-6,182,176
Classic (after opt),test,NCI-H2170,150-299,182,136,46,-46,183,137
Classic (after opt),test,NCI-H2170,150-299,182,281,99,99,183,282
Classic (after opt),train,NCI-H2170,150-299,182,154,28,-28,183,155
Classic (after opt),train,NCI-H716,150-299,182,221,39,39,183,222
Classic (after opt),val,NCI-H2170,150-299,183,140,43,-43,184,141
Classic (after opt),train,NCI-H2170,150-299,183,96,87,-87,184,97
Classic (after opt),test,SNU16,150-299,183,166,17,-17,184,167
Classic (after opt),train,NCI-H2170,150-299,184,152,32,-32,185,153
Classic (after opt),test,NCI-H2170,150-299,184,161,23,-23,185,162
Classic (after opt),train,NCI-H2170,150-299,184,136,48,-48,185,137
Classic (after opt),test,NCI-H2170,150-299,184,170,14,-14,185,171
Classic (after opt),train,NCI-H2170,150-299,184,128,56,-56,185,129
Classic (after opt),train,NCI-H2170,150-299,185,111,74,-74,186,112
Classic (after opt),train,NCI-H2170,150-299,185,119,66,-66,186,120
Classic (after opt),test,NCI-H716,150-299,185,224,39,39,186,225
Classic (after opt),train,NCI-H2170,150-299,186,148,38,-38,187,149
Classic (after opt),train,NCI-H2170,150-299,186,143,43,-43,187,144
Classic (after opt),test,NCI-H2170,150-299,186,133,53,-53,187,134
Classic (after opt),train,NCI-H2170,150-299,186,140,46,-46,187,141
Classic (after opt),train,NCI-H2170,150-299,187,176,11,-11,188,177
Classic (after opt),test,NCI-H2170,150-299,187,128,59,-59,188,129
Classic (after opt),val,NCI-H2170,150-299,188,156,32,-32,189,157
Classic (after opt),train,NCI-H2170,150-299,188,154,34,-34,189,155
Classic (after opt),train,NCI-H2170,150-299,189,85,104,-104,190,86
Classic (after opt),test,NCI-H2170,150-299,189,196,7,7,190,197
Classic (after opt),val,SNU16,150-299,189,176,13,-13,190,177
Classic (after opt),train,NCI-H2170,150-299,190,143,47,-47,191,144
Classic (after opt),train,NCI-H2170,150-299,190,119,71,-71,191,120
Classic (after opt),train,SNU16,150-299,190,196,6,6,191,197
Classic (after opt),train,NCI-H2170,150-299,191,243,52,52,192,244
Classic (after opt),train,NCI-H2170,150-299,191,107,84,-84,192,108
Classic (after opt),val,NCI-H2170,150-299,191,147,44,-44,192,148
Classic (after opt),test,NCI-H2170,150-299,191,168,23,-23,192,169
Classic (after opt),train,NCI-H2170,150-299,191,159,32,-32,192,160
Classic (after opt),train,NCI-H716,150-299,191,199,8,8,192,200
Classic (after opt),test,SNU16,150-299,191,207,16,16,192,208
Classic (after opt),test,NCI-H2170,150-299,192,213,21,21,193,214
Classic (after opt),val,NCI-H2170,150-299,192,133,59,-59,193,134
Classic (after opt),val,NCI-H2170,150-299,192,128,64,-64,193,129
Classic (after opt),train,NCI-H2170,150-299,193,139,54,-54,194,140
Classic (after opt),test,NCI-H2170,150-299,193,122,71,-71,194,123
Classic (after opt),test,SNU16,150-299,193,202,9,9,194,203
Classic (after opt),train,NCI-H2170,150-299,194,165,29,-29,195,166
Classic (after opt),train,NCI-H2170,150-299,194,117,77,-77,195,118
Classic (after opt),train,NCI-H716,150-299,194,256,62,62,195,257
Classic (after opt),val,NCI-H2170,150-299,195,110,85,-85,196,111
Classic (after opt),train,NCI-H716,150-299,195,280,85,85,196,281
Classic (after opt),train,NCI-H2170,150-299,196,100,96,-96,197,101
Classic (after opt),val,NCI-H2170,150-299,196,173,23,-23,197,174
Classic (after opt),train,NCI-H2170,150-299,197,268,71,71,198,269
Classic (after opt),train,NCI-H2170,150-299,197,166,31,-31,198,167
Classic (after opt),train,NCI-H2170,150-299,197,142,55,-55,198,143
Classic (after opt),train,NCI-H2170,150-299,199,165,34,-34,200,166
Classic (after opt),train,NCI-H2170,150-299,199,118,81,-81,200,119
Classic (after opt),train,NCI-H2170,150-299,200,131,69,-69,201,132
Classic (after opt),train,NCI-H2170,150-299,201,171,30,-30,202,172
Classic (after opt),val,NCI-H2170,150-299,201,175,26,-26,202,176
Classic (after opt),val,NCI-H2170,150-299,201,152,49,-49,202,153
Classic (after opt),train,NCI-H2170,150-299,201,153,48,-48,202,154
Classic (after opt),test,NCI-H2170,150-299,202,260,58,58,203,261
Classic (after opt),train,NCI-H2170,150-299,202,158,44,-44,203,159
Classic (after opt),val,NCI-H716,150-299,202,205,3,3,203,206
Classic (after opt),val,NCI-H2170,150-299,203,177,26,-26,204,178
Classic (after opt),train,NCI-H2170,150-299,203,120,83,-83,204,121
Classic (after opt),train,SNU16,150-299,203,216,13,13,204,217
Classic (after opt),train,NCI-H2170,150-299,204,209,5,5,205,210
Classic (after opt),train,NCI-H2170,150-299,205,155,50,-50,206,156
Classic (after opt),train,NCI-H2170,150-299,205,156,49,-49,206,157
Classic (after opt),train,NCI-H2170,150-299,206,134,72,-72,207,135
Classic (after opt),train,SNU16,150-299,206,189,17,-17,207,190
Classic (after opt),train,NCI-H2170,150-299,207,196,11,-11,208,197
Classic (after opt),train,NCI-H2170,150-299,207,209,2,2,208,210
Classic (after opt),train,NCI-H2170,150-299,207,170,37,-37,208,171
Classic (after opt),val,NCI-H716,150-299,207,261,54,54,208,262
Classic (after opt),train,SNU16,150-299,207,210,3,3,208,211
Classic (after opt),train,NCI-H2170,150-299,209,205,4,-4,210,206
Classic (after opt),train,NCI-H2170,150-299,209,163,46,-46,210,164
Classic (after opt),train,NCI-H2170,150-299,209,227,18,18,210,228
Classic (after opt),train,SNU16,150-299,209,191,18,-18,210,192
Classic (after opt),train,NCI-H2170,150-299,210,234,24,24,211,235
Classic (after opt),val,NCI-H2170,150-299,210,192,18,-18,211,193
Classic (after opt),train,NCI-H2170,150-299,210,137,73,-73,211,138
Classic (after opt),train,NCI-H2170,150-299,210,141,69,-69,211,142
Classic (after opt),test,NCI-H716,150-299,210,217,7,7,211,218
Classic (after opt),train,NCI-H716,150-299,210,210,0,0,211,211
Classic (after opt),train,NCI-H2170,150-299,211,141,70,-70,212,142
Classic (after opt),train,NCI-H2170,150-299,211,123,88,-88,212,124
Classic (after opt),train,NCI-H2170,150-299,211,169,42,-42,212,170
Classic (after opt),train,NCI-H2170,150-299,211,166,45,-45,212,167
Classic (after opt),val,NCI-H2170,150-299,211,236,25,25,212,237
Classic (after opt),train,NCI-H716,150-299,211,247,36,36,212,248
Classic (after opt),train,NCI-H716,150-299,211,275,64,64,212,276
Classic (after opt),val,NCI-H2170,150-299,212,201,11,-11,213,202
Classic (after opt),train,NCI-H2170,150-299,212,240,28,28,213,241
Classic (after opt),train,NCI-H2170,150-299,212,136,76,-76,213,137
Classic (after opt),train,SNU16,150-299,212,305,93,93,213,306
Classic (after opt),train,NCI-H2170,150-299,213,228,15,15,214,229
Classic (after opt),train,NCI-H2170,150-299,213,51,162,-162,214,52
Classic (after opt),val,NCI-H2170,150-299,213,141,72,-72,214,142
Classic (after opt),train,NCI-H716,150-299,213,267,54,54,214,268
Classic (after opt),test,SNU16,150-299,213,196,17,-17,214,197
Classic (after opt),train,NCI-H2170,150-299,214,138,76,-76,215,139
Classic (after opt),val,NCI-H2170,150-299,214,183,31,-31,215,184
Classic (after opt),val,NCI-H716,150-299,214,205,9,-9,215,206
Classic (after opt),train,SNU16,150-299,214,178,36,-36,215,179
Classic (after opt),train,NCI-H2170,150-299,215,164,51,-51,216,165
Classic (after opt),train,NCI-H2170,150-299,216,166,50,-50,217,167
Classic (after opt),test,NCI-H2170,150-299,217,226,9,9,218,227
Classic (after opt),train,NCI-H2170,150-299,217,142,75,-75,218,143
Classic (after opt),train,NCI-H2170,150-299,219,251,32,32,220,252
Classic (after opt),train,NCI-H2170,150-299,220,145,75,-75,221,146
Classic (after opt),train,NCI-H2170,150-299,220,158,62,-62,221,159
Classic (after opt),val,NCI-H2170,150-299,220,125,95,-95,221,126
Classic (after opt),train,NCI-H2170,150-299,221,185,36,-36,222,186
Classic (after opt),val,SNU16,150-299,221,218,3,-3,222,219
Classic (after opt),train,SNU16,150-299,222,170,52,-52,223,171
Classic (after opt),val,SNU16,150-299,222,110,112,-112,223,111
Classic (after opt),val,NCI-H2170,150-299,223,211,12,-12,224,212
Classic (after opt),test,NCI-H2170,150-299,223,165,58,-58,224,166
Classic (after opt),train,NCI-H2170,150-299,223,196,27,-27,224,197
Classic (after opt),train,NCI-H2170,150-299,223,146,77,-77,224,147
Classic (after opt),test,NCI-H2170,150-299,223,228,5,5,224,229
Classic (after opt),train,NCI-H716,150-299,223,196,27,-27,224,197
Classic (after opt),train,SNU16,150-299,223,202,21,-21,224,203
Classic (after opt),train,NCI-H2170,150-299,224,139,85,-85,225,140
Classic (after opt),train,SNU16,150-299,224,174,50,-50,225,175
Classic (after opt),test,NCI-H2170,150-299,225,188,37,-37,226,189
Classic (after opt),train,SNU16,150-299,225,363,138,138,226,364
Classic (after opt),train,SNU16,150-299,225,233,8,8,226,234
Classic (after opt),train,NCI-H2170,150-299,226,160,66,-66,227,161
Classic (after opt),train,NCI-H2170,150-299,226,208,18,-18,227,209
Classic (after opt),train,NCI-H2170,150-299,226,198,28,-28,227,199
Classic (after opt),train,NCI-H2170,150-299,226,178,48,-48,227,179
Classic (after opt),train,NCI-H2170,150-299,226,238,12,12,227,239
Classic (after opt),train,SNU16,150-299,227,206,21,-21,228,207
Classic (after opt),val,NCI-H2170,150-299,228,196,32,-32,229,197
Classic (after opt),train,NCI-H2170,150-299,228,179,49,-49,229,180
Classic (after opt),train,NCI-H2170,150-299,228,162,66,-66,229,163
Classic (after opt),train,SNU16,150-299,228,213,15,-15,229,214
Classic (after opt),train,NCI-H2170,150-299,229,299,70,70,230,300
Classic (after opt),test,NCI-H2170,150-299,229,199,30,-30,230,200
Classic (after opt),train,NCI-H2170,150-299,230,160,70,-70,231,161
Classic (after opt),train,SNU16,150-299,230,211,19,-19,231,212
Classic (after opt),train,NCI-H2170,150-299,231,135,96,-96,232,136
Classic (after opt),train,NCI-H716,150-299,231,205,26,-26,232,206
Classic (after opt),train,NCI-H2170,150-299,232,176,56,-56,233,177
Classic (after opt),val,SNU16,150-299,232,264,32,32,233,265
Classic (after opt),test,NCI-H2170,150-299,233,255,22,22,234,256
Classic (after opt),val,NCI-H2170,150-299,233,137,96,-96,234,138
Classic (after opt),train,NCI-H2170,150-299,233,163,70,-70,234,164
Classic (after opt),train,NCI-H2170,150-299,233,194,39,-39,234,195
Classic (after opt),train,NCI-H2170,150-299,235,284,49,49,236,285
Classic (after opt),train,NCI-H2170,150-299,235,356,121,121,236,357
Classic (after opt),train,NCI-H2170,150-299,235,138,97,-97,236,139
Classic (after opt),test,NCI-H2170,150-299,235,186,49,-49,236,187
Classic (after opt),train,NCI-H2170,150-299,236,168,68,-68,237,169
Classic (after opt),train,NCI-H2170,150-299,236,175,61,-61,237,176
Classic (after opt),train,NCI-H2170,150-299,236,134,102,-102,237,135
Classic (after opt),val,NCI-H2170,150-299,236,158,78,-78,237,159
Classic (after opt),test,NCI-H716,150-299,236,244,8,8,237,245
Classic (after opt),test,NCI-H2170,150-299,237,273,36,36,238,274
Classic (after opt),val,NCI-H2170,150-299,237,243,6,6,238,244
Classic (after opt),val,SNU16,150-299,237,281,44,44,238,282
Classic (after opt),train,NCI-H2170,150-299,238,183,55,-55,239,184
Classic (after opt),test,SNU16,150-299,238,230,8,-8,239,231
Classic (after opt),val,SNU16,150-299,238,257,19,19,239,258
Classic (after opt),test,NCI-H2170,150-299,239,242,3,3,240,243
Classic (after opt),train,NCI-H2170,150-299,239,198,41,-41,240,199
Classic (after opt),train,NCI-H2170,150-299,239,194,45,-45,240,195
Classic (after opt),train,NCI-H2170,150-299,239,161,78,-78,240,162
Classic (after opt),train,NCI-H716,150-299,239,326,87,87,240,327
Classic (after opt),val,SNU16,150-299,239,222,17,-17,240,223
Classic (after opt),train,NCI-H2170,150-299,240,230,10,-10,241,231
Classic (after opt),train,SNU16,150-299,241,292,51,51,242,293
Classic (after opt),train,SNU16,150-299,241,395,154,154,242,396
Classic (after opt),test,NCI-H2170,150-299,242,214,28,-28,243,215
Classic (after opt),train,NCI-H2170,150-299,242,170,72,-72,243,171
Classic (after opt),train,SNU16,150-299,242,258,16,16,243,259
Classic (after opt),train,NCI-H2170,150-299,243,147,96,-96,244,148
Classic (after opt),train,NCI-H2170,150-299,243,234,9,-9,244,235
Classic (after opt),train,NCI-H2170,150-299,244,315,71,71,245,316
Classic (after opt),train,NCI-H2170,150-299,244,197,47,-47,245,198
Classic (after opt),train,SNU16,150-299,244,225,19,-19,245,226
Classic (after opt),test,NCI-H2170,150-299,245,184,61,-61,246,185
Classic (after opt),train,NCI-H2170,150-299,245,194,51,-51,246,195
Classic (after opt),train,NCI-H2170,150-299,245,193,52,-52,246,194
Classic (after opt),test,NCI-H2170,150-299,246,199,47,-47,247,200
Classic (after opt),train,NCI-H2170,150-299,246,239,7,-7,247,240
Classic (after opt),train,NCI-H2170,150-299,246,279,33,33,247,280
Classic (after opt),test,NCI-H2170,150-299,246,221,25,-25,247,222
Classic (after opt),train,NCI-H2170,150-299,246,182,64,-64,247,183
Classic (after opt),test,NCI-H2170,150-299,246,189,57,-57,247,190
Classic (after opt),train,NCI-H2170,150-299,246,203,43,-43,247,204
Classic (after opt),test,NCI-H2170,150-299,248,241,7,-7,249,242
Classic (after opt),train,NCI-H2170,150-299,249,214,35,-35,250,215
Classic (after opt),train,NCI-H2170,150-299,249,128,121,-121,250,129
Classic (after opt),train,NCI-H2170,150-299,250,245,5,-5,251,246
Classic (after opt),train,NCI-H2170,150-299,250,237,13,-13,251,238
Classic (after opt),train,NCI-H2170,150-299,250,203,47,-47,251,204
Classic (after opt),train,NCI-H2170,150-299,250,177,73,-73,251,178
Classic (after opt),test,NCI-H2170,150-299,251,196,55,-55,252,197
Classic (after opt),train,SNU16,150-299,251,238,13,-13,252,239
Classic (after opt),test,NCI-H2170,150-299,252,214,38,-38,253,215
Classic (after opt),train,NCI-H2170,150-299,252,210,42,-42,253,211
Classic (after opt),train,NCI-H2170,150-299,252,195,57,-57,253,196
Classic (after opt),train,NCI-H2170,150-299,254,264,10,10,255,265
Classic (after opt),val,SNU16,150-299,254,218,36,-36,255,219
Classic (after opt),train,NCI-H2170,150-299,255,175,80,-80,256,176
Classic (after opt),train,NCI-H2170,150-299,256,460,204,204,257,461
Classic (after opt),train,SNU16,150-299,256,239,17,-17,257,240
Classic (after opt),train,NCI-H2170,150-299,257,156,101,-101,258,157
Classic (after opt),train,NCI-H2170,150-299,257,162,95,-95,258,163
Classic (after opt),train,NCI-H2170,150-299,258,190,68,-68,259,191
Classic (after opt),train,NCI-H2170,150-299,258,168,90,-90,259,169
Classic (after opt),train,NCI-H2170,150-299,259,227,32,-32,260,228
Classic (after opt),train,NCI-H2170,150-299,259,272,13,13,260,273
Classic (after opt),train,NCI-H2170,150-299,259,155,104,-104,260,156
Classic (after opt),train,NCI-H2170,150-299,259,182,77,-77,260,183
Classic (after opt),train,NCI-H2170,150-299,260,233,27,-27,261,234
Classic (after opt),train,NCI-H2170,150-299,260,230,30,-30,261,231
Classic (after opt),train,NCI-H2170,150-299,261,269,8,8,262,270
Classic (after opt),train,NCI-H2170,150-299,261,160,101,-101,262,161
Classic (after opt),train,SNU16,150-299,261,242,19,-19,262,243
Classic (after opt),train,NCI-H2170,150-299,262,193,69,-69,263,194
Classic (after opt),train,NCI-H2170,150-299,262,168,94,-94,263,169
Classic (after opt),train,NCI-H716,150-299,262,275,13,13,263,276
Classic (after opt),train,NCI-H2170,150-299,264,292,28,28,265,293
Classic (after opt),train,NCI-H2170,150-299,265,203,62,-62,266,204
Classic (after opt),train,NCI-H2170,150-299,265,181,84,-84,266,182
Classic (after opt),train,SNU16,150-299,265,243,22,-22,266,244
Classic (after opt),val,NCI-H2170,150-299,266,257,9,-9,267,258
Classic (after opt),train,NCI-H2170,150-299,266,195,71,-71,267,196
Classic (after opt),train,SNU16,150-299,267,304,37,37,268,305
Classic (after opt),train,SNU16,150-299,268,193,75,-75,269,194
Classic (after opt),test,SNU16,150-299,270,182,88,-88,271,183
Classic (after opt),train,SNU16,150-299,271,244,27,-27,272,245
Classic (after opt),train,SNU16,150-299,271,241,30,-30,272,242
Classic (after opt),test,SNU16,150-299,271,258,13,-13,272,259
Classic (after opt),val,NCI-H2170,150-299,273,198,75,-75,274,199
Classic (after opt),train,NCI-H716,150-299,273,310,37,37,274,311
Classic (after opt),train,NCI-H2170,150-299,274,199,75,-75,275,200
Classic (after opt),test,NCI-H2170,150-299,274,238,36,-36,275,239
Classic (after opt),train,NCI-H2170,150-299,274,221,53,-53,275,222
Classic (after opt),train,NCI-H2170,150-299,274,195,79,-79,275,196
Classic (after opt),train,NCI-H716,150-299,274,258,16,-16,275,259
Classic (after opt),val,SNU16,150-299,274,305,31,31,275,306
Classic (after opt),train,NCI-H2170,150-299,276,222,54,-54,277,223
Classic (after opt),train,NCI-H2170,150-299,277,224,53,-53,278,225
Classic (after opt),test,NCI-H2170,150-299,278,174,104,-104,279,175
Classic (after opt),train,NCI-H2170,150-299,278,183,95,-95,279,184
Classic (after opt),train,SNU16,150-299,279,285,6,6,280,286
Classic (after opt),train,NCI-H2170,150-299,280,213,67,-67,281,214
Classic (after opt),val,NCI-H2170,150-299,281,234,47,-47,282,235
Classic (after opt),val,NCI-H2170,150-299,281,272,9,-9,282,273
Classic (after opt),val,NCI-H2170,150-299,281,291,10,10,282,292
Classic (after opt),train,NCI-H716,150-299,281,308,27,27,282,309
Classic (after opt),train,NCI-H2170,150-299,282,374,92,92,283,375
Classic (after opt),train,NCI-H2170,150-299,282,193,89,-89,283,194
Classic (after opt),train,NCI-H2170,150-299,283,258,25,-25,284,259
Classic (after opt),train,NCI-H2170,150-299,283,182,101,-101,284,183
Classic (after opt),train,NCI-H2170,150-299,283,173,110,-110,284,174
Classic (after opt),test,NCI-H2170,150-299,284,268,16,-16,285,269
Classic (after opt),train,NCI-H2170,150-299,284,245,39,-39,285,246
Classic (after opt),train,NCI-H2170,150-299,285,279,6,-6,286,280
Classic (after opt),train,NCI-H2170,150-299,286,211,75,-75,287,212
Classic (after opt),train,SNU16,150-299,286,212,74,-74,287,213
Classic (after opt),train,NCI-H2170,150-299,287,288,1,1,288,289
Classic (after opt),train,NCI-H2170,150-299,287,222,65,-65,288,223
Classic (after opt),train,NCI-H2170,150-299,288,204,84,-84,289,205
Classic (after opt),train,NCI-H2170,150-299,289,313,24,24,290,314
Classic (after opt),train,SNU16,150-299,289,387,98,98,290,388
Classic (after opt),train,NCI-H2170,150-299,290,219,71,-71,291,220
Classic (after opt),train,NCI-H2170,150-299,291,218,73,-73,292,219
Classic (after opt),train,NCI-H2170,150-299,291,194,97,-97,292,195
Classic (after opt),train,NCI-H716,150-299,291,270,21,-21,292,271
Classic (after opt),train,NCI-H2170,150-299,292,237,55,-55,293,238
Classic (after opt),train,NCI-H2170,150-299,292,303,11,11,293,304
Classic (after opt),train,NCI-H2170,150-299,292,247,45,-45,293,248
Classic (after opt),test,NCI-H2170,150-299,296,179,117,-117,297,180
Classic (after opt),test,NCI-H2170,150-299,296,181,115,-115,297,182
Classic (after opt),val,NCI-H2170,150-299,296,324,28,28,297,325
Classic (after opt),train,NCI-H2170,150-299,297,214,83,-83,298,215
Classic (after opt),train,SNU16,150-299,297,494,197,197,298,495
Classic (after opt),train,NCI-H2170,150-299,299,400,101,101,300,401
Classic (after opt),test,NCI-H2170,150-299,299,253,46,-46,300,254
Classic (after opt),train,NCI-H2170,150-299,299,206,93,-93,300,207
Classic (after opt),test,NCI-H2170,300+,300,326,26,26,301,327
Classic (after opt),train,SNU16,300+,301,286,15,-15,302,287
Classic (after opt),test,NCI-H2170,300+,302,373,71,71,303,374
Classic (after opt),val,NCI-H2170,300+,302,163,139,-139,303,164
Classic (after opt),val,NCI-H2170,300+,303,172,131,-131,304,173
Classic (after opt),train,SNU16,300+,303,351,48,48,304,352
Classic (after opt),train,NCI-H2170,300+,305,303,2,-2,306,304
Classic (after opt),train,NCI-H2170,300+,307,296,11,-11,308,297
Classic (after opt),train,NCI-H2170,300+,307,170,137,-137,308,171
Classic (after opt),test,NCI-H2170,300+,308,190,118,-118,309,191
Classic (after opt),train,NCI-H2170,300+,308,235,73,-73,309,236
Classic (after opt),test,SNU16,300+,309,317,8,8,310,318
Classic (after opt),train,SNU16,300+,311,257,54,-54,312,258
Classic (after opt),train,SNU16,300+,313,287,26,-26,314,288
Classic (after opt),train,SNU16,300+,313,314,1,1,314,315
Classic (after opt),train,NCI-H2170,300+,314,233,81,-81,315,234
Classic (after opt),train,NCI-H2170,300+,314,238,76,-76,315,239
Classic (after opt),train,NCI-H2170,300+,314,251,63,-63,315,252
Classic (after opt),val,NCI-H2170,300+,314,236,78,-78,315,237
Classic (after opt),test,NCI-H2170,300+,316,191,125,-125,317,192
Classic (after opt),train,SNU16,300+,317,249,68,-68,318,250
Classic (after opt),train,NCI-H2170,300+,318,369,51,51,319,370
Classic (after opt),train,NCI-H2170,300+,318,180,138,-138,319,181
Classic (after opt),test,NCI-H2170,300+,318,227,91,-91,319,228
Classic (after opt),train,NCI-H2170,300+,319,148,171,-171,320,149
Classic (after opt),train,SNU16,300+,320,611,291,291,321,612
Classic (after opt),train,SNU16,300+,321,324,3,3,322,325
Classic (after opt),train,NCI-H716,300+,322,348,26,26,323,349
Classic (after opt),train,NCI-H2170,300+,323,264,59,-59,324,265
Classic (after opt),train,NCI-H2170,300+,323,315,8,-8,324,316
Classic (after opt),val,NCI-H2170,300+,324,294,30,-30,325,295
Classic (after opt),test,SNU16,300+,324,282,42,-42,325,283
Classic (after opt),train,NCI-H2170,300+,325,227,98,-98,326,228
Classic (after opt),test,SNU16,300+,325,371,46,46,326,372
Classic (after opt),train,NCI-H2170,300+,328,389,61,61,329,390
Classic (after opt),test,NCI-H2170,300+,328,245,83,-83,329,246
Classic (after opt),train,NCI-H2170,300+,329,371,42,42,330,372
Classic (after opt),train,NCI-H2170,300+,329,266,63,-63,330,267
Classic (after opt),train,NCI-H2170,300+,329,227,102,-102,330,228
Classic (after opt),test,NCI-H2170,300+,330,324,6,-6,331,325
Classic (after opt),train,NCI-H2170,300+,332,245,87,-87,333,246
Classic (after opt),train,NCI-H2170,300+,333,254,79,-79,334,255
Classic (after opt),train,NCI-H2170,300+,335,282,53,-53,336,283
Classic (after opt),train,NCI-H2170,300+,337,218,119,-119,338,219
Classic (after opt),train,NCI-H2170,300+,339,279,60,-60,340,280
Classic (after opt),test,NCI-H2170,300+,340,326,14,-14,341,327
Classic (after opt),test,NCI-H2170,300+,341,255,86,-86,342,256
Classic (after opt),test,NCI-H2170,300+,341,276,65,-65,342,277
Classic (after opt),train,SNU16,300+,341,313,28,-28,342,314
Classic (after opt),val,NCI-H2170,300+,343,230,113,-113,344,231
Classic (after opt),train,NCI-H2170,300+,344,289,55,-55,345,290
Classic (after opt),train,NCI-H2170,300+,348,298,50,-50,349,299
Classic (after opt),train,NCI-H2170,300+,349,196,153,-153,350,197
Classic (after opt),train,NCI-H716,300+,349,395,46,46,350,396
Classic (after opt),train,NCI-H2170,300+,350,386,36,36,351,387
Classic (after opt),train,NCI-H716,300+,350,342,8,-8,351,343
Classic (after opt),val,NCI-H2170,300+,352,214,138,-138,353,215
Classic (after opt),train,NCI-H2170,300+,354,315,39,-39,355,316
Classic (after opt),train,NCI-H2170,300+,355,277,78,-78,356,278
Classic (after opt),test,NCI-H2170,300+,358,258,100,-100,359,259
Classic (after opt),train,NCI-H2170,300+,359,258,101,-101,360,259
Classic (after opt),val,NCI-H2170,300+,359,253,106,-106,360,254
Classic (after opt),train,NCI-H2170,300+,362,222,140,-140,363,223
Classic (after opt),test,NCI-H2170,300+,365,290,75,-75,366,291
Classic (after opt),val,SNU16,300+,366,367,1,1,367,368
Classic (after opt),val,NCI-H2170,300+,368,238,130,-130,369,239
Classic (after opt),train,NCI-H716,300+,368,368,0,0,369,369
Classic (after opt),train,SNU16,300+,368,355,13,-13,369,356
Classic (after opt),train,NCI-H716,300+,369,355,14,-14,370,356
Classic (after opt),train,NCI-H2170,300+,370,307,63,-63,371,308
Classic (after opt),train,SNU16,300+,370,389,19,19,371,390
Classic (after opt),train,NCI-H2170,300+,371,308,63,-63,372,309
Classic (after opt),train,SNU16,300+,372,384,12,12,373,385
Classic (after opt),train,NCI-H2170,300+,373,467,94,94,374,468
Classic (after opt),train,SNU16,300+,374,348,26,-26,375,349
Classic (after opt),train,NCI-H2170,300+,375,381,6,6,376,382
Classic (after opt),train,NCI-H2170,300+,375,370,5,-5,376,371
Classic (after opt),train,NCI-H2170,300+,375,325,50,-50,376,326
Classic (after opt),test,NCI-H2170,300+,375,256,119,-119,376,257
Classic (after opt),train,NCI-H2170,300+,376,303,73,-73,377,304
Classic (after opt),train,SNU16,300+,376,315,61,-61,377,316
Classic (after opt),train,NCI-H2170,300+,378,282,96,-96,379,283
Classic (after opt),val,NCI-H2170,300+,378,213,165,-165,379,214
Classic (after opt),val,SNU16,300+,380,210,170,-170,381,211
Classic (after opt),train,NCI-H2170,300+,382,371,11,-11,383,372
Classic (after opt),val,SNU16,300+,382,440,58,58,383,441
Classic (after opt),train,NCI-H716,300+,386,386,0,0,387,387
Classic (after opt),train,NCI-H2170,300+,390,297,93,-93,391,298
Classic (after opt),train,NCI-H2170,300+,390,195,195,-195,391,196
Classic (after opt),train,NCI-H2170,300+,391,470,79,79,392,471
Classic (after opt),train,SNU16,300+,392,281,111,-111,393,282
Classic (after opt),train,SNU16,300+,394,394,0,0,395,395
Classic (after opt),train,NCI-H2170,300+,395,308,87,-87,396,309
Classic (after opt),test,NCI-H2170,300+,396,280,116,-116,397,281
Classic (after opt),train,NCI-H2170,300+,396,262,134,-134,397,263
Classic (after opt),train,NCI-H2170,300+,396,209,187,-187,397,210
Classic (after opt),train,NCI-H2170,300+,398,75,323,-323,399,76
Classic (after opt),test,NCI-H2170,300+,400,279,121,-121,401,280
Classic (after opt),train,NCI-H2170,300+,402,342,60,-60,403,343
Classic (after opt),train,NCI-H2170,300+,402,441,39,39,403,442
Classic (after opt),val,NCI-H2170,300+,402,478,76,76,403,479
Classic (after opt),test,NCI-H2170,300+,403,335,68,-68,404,336
Classic (after opt),train,NCI-H2170,300+,404,343,61,-61,405,344
Classic (after opt),test,NCI-H2170,300+,406,251,155,-155,407,252
Classic (after opt),train,NCI-H2170,300+,406,317,89,-89,407,318
Classic (after opt),train,NCI-H2170,300+,407,264,143,-143,408,265
Classic (after opt),test,NCI-H2170,300+,411,380,31,-31,412,381
Classic (after opt),train,NCI-H2170,300+,413,331,82,-82,414,332
Classic (after opt),train,SNU16,300+,413,519,106,106,414,520
Classic (after opt),val,SNU16,300+,415,596,181,181,416,597
Classic (after opt),train,NCI-H2170,300+,418,320,98,-98,419,321
Classic (after opt),train,NCI-H2170,300+,419,241,178,-178,420,242
Classic (after opt),test,SNU16,300+,422,394,28,-28,423,395
Classic (after opt),train,NCI-H2170,300+,425,517,92,92,426,518
Classic (after opt),val,SNU16,300+,426,516,90,90,427,517
Classic (after opt),val,NCI-H2170,300+,430,320,110,-110,431,321
Classic (after opt),train,NCI-H2170,300+,431,402,29,-29,432,403
Classic (after opt),train,SNU16,300+,433,329,104,-104,434,330
Classic (after opt),train,NCI-H2170,300+,434,384,50,-50,435,385
Classic (after opt),train,SNU16,300+,434,320,114,-114,435,321
Classic (after opt),train,NCI-H2170,300+,436,262,174,-174,437,263
Classic (after opt),train,NCI-H2170,300+,438,264,174,-174,439,265
Classic (after opt),train,NCI-H2170,300+,438,336,102,-102,439,337
Classic (after opt),train,NCI-H2170,300+,441,351,90,-90,442,352
Classic (after opt),val,NCI-H2170,300+,442,398,44,-44,443,399
Classic (after opt),train,SNU16,300+,444,467,23,23,445,468
Classic (after opt),test,NCI-H2170,300+,445,391,54,-54,446,392
Classic (after opt),test,NCI-H2170,300+,446,456,10,10,447,457
Classic (after opt),train,NCI-H2170,300+,446,419,27,-27,447,420
Classic (after opt),val,NCI-H2170,300+,451,329,122,-122,452,330
Classic (after opt),train,NCI-H2170,300+,453,404,49,-49,454,405
Classic (after opt),train,NCI-H2170,300+,456,483,27,27,457,484
Classic (after opt),train,NCI-H2170,300+,458,332,126,-126,459,333
Classic (after opt),train,SNU16,300+,459,393,66,-66,460,394
Classic (after opt),train,NCI-H2170,300+,460,326,134,-134,461,327
Classic (after opt),train,NCI-H2170,300+,462,290,172,-172,463,291
Classic (after opt),train,NCI-H716,300+,468,463,5,-5,469,464
Classic (after opt),train,SNU16,300+,471,376,95,-95,472,377
Classic (after opt),test,NCI-H2170,300+,472,246,226,-226,473,247
Classic (after opt),val,NCI-H2170,300+,473,304,169,-169,474,305
Classic (after opt),train,NCI-H2170,300+,475,321,154,-154,476,322
Classic (after opt),train,NCI-H2170,300+,478,432,46,-46,479,433
Classic (after opt),test,NCI-H2170,300+,478,359,119,-119,479,360
Classic (after opt),train,NCI-H2170,300+,479,317,162,-162,480,318
Classic (after opt),train,SNU16,300+,481,530,49,49,482,531
Classic (after opt),train,NCI-H2170,300+,489,402,87,-87,490,403
Classic (after opt),train,NCI-H2170,300+,491,427,64,-64,492,428
Classic (after opt),train,NCI-H2170,300+,495,347,148,-148,496,348
Classic (after opt),train,NCI-H2170,300+,497,373,124,-124,498,374
Classic (after opt),train,NCI-H2170,300+,497,308,189,-189,498,309
Classic (after opt),train,NCI-H2170,300+,498,385,113,-113,499,386
Classic (after opt),test,SNU16,300+,499,489,10,-10,500,490
Classic (after opt),train,NCI-H2170,300+,503,373,130,-130,504,374
Classic (after opt),train,NCI-H2170,300+,504,448,56,-56,505,449
Classic (after opt),train,NCI-H2170,300+,505,457,48,-48,506,458
Classic (after opt),train,NCI-H2170,300+,506,269,237,-237,507,270
Classic (after opt),train,NCI-H2170,300+,513,427,86,-86,514,428
Classic (after opt),train,NCI-H2170,300+,517,381,136,-136,518,382
Classic (after opt),val,NCI-H2170,300+,520,373,147,-147,521,374
Classic (after opt),train,NCI-H2170,300+,520,346,174,-174,521,347
Classic (after opt),test,NCI-H2170,300+,521,393,128,-128,522,394
Classic (after opt),train,NCI-H2170,300+,523,385,138,-138,524,386
Classic (after opt),val,NCI-H2170,300+,526,398,128,-128,527,399
Classic (after opt),train,SNU16,300+,527,487,40,-40,528,488
Classic (after opt),train,NCI-H2170,300+,534,358,176,-176,535,359
Classic (after opt),train,NCI-H2170,300+,536,392,144,-144,537,393
Classic (after opt),test,NCI-H2170,300+,539,457,82,-82,540,458
Classic (after opt),val,NCI-H2170,300+,557,351,206,-206,558,352
Classic (after opt),test,NCI-H2170,300+,559,584,25,25,560,585
Classic (after opt),train,NCI-H2170,300+,560,428,132,-132,561,429
Classic (after opt),val,NCI-H2170,300+,567,439,128,-128,568,440
Classic (after opt),train,NCI-H2170,300+,572,337,235,-235,573,338
Classic (after opt),train,NCI-H2170,300+,574,381,193,-193,575,382
Classic (after opt),train,NCI-H2170,300+,589,428,161,-161,590,429
Classic (after opt),train,NCI-H2170,300+,597,327,270,-270,598,328
Classic (after opt),train,NCI-H2170,300+,597,371,226,-226,598,372
Classic (after opt),train,NCI-H2170,300+,604,440,164,-164,605,441
Classic (after opt),train,NCI-H2170,300+,604,462,142,-142,605,463
Classic (after opt),train,NCI-H2170,300+,611,429,182,-182,612,430
Classic (after opt),train,NCI-H2170,300+,611,386,225,-225,612,387
Classic (after opt),train,NCI-H2170,300+,613,465,148,-148,614,466
Classic (after opt),train,SNU16,300+,635,635,0,0,636,636
Classic (after opt),train,SNU16,300+,637,574,63,-63,638,575
Classic (after opt),test,NCI-H2170,300+,642,453,189,-189,643,454
Classic (after opt),train,SNU16,300+,663,639,24,-24,664,640
Classic (after opt),train,NCI-H2170,300+,664,464,200,-200,665,465
Classic (after opt),train,SNU16,300+,664,647,17,-17,665,648
Classic (after opt),test,SNU16,300+,670,567,103,-103,671,568
Classic (after opt),train,NCI-H2170,300+,676,580,96,-96,677,581
Classic (after opt),val,SNU16,300+,705,625,80,-80,706,626
Classic (after opt),train,NCI-H2170,300+,742,549,193,-193,743,550
Classic (after opt),val,NCI-H2170,300+,763,679,84,-84,764,680
Classic (after opt),train,NCI-H2170,300+,769,724,45,-45,770,725
Classic (after opt),train,NCI-H2170,300+,783,487,296,-296,784,488
Classic (after opt),train,NCI-H2170,300+,801,481,320,-320,802,482
Classic (after opt),train,NCI-H2170,300+,829,632,197,-197,830,633
Classic (after opt),train,NCI-H2170,300+,832,575,257,-257,833,576
Classic (after opt),val,NCI-H2170,300+,835,520,315,-315,836,521
Classic (after opt),train,NCI-H2170,300+,843,714,129,-129,844,715
Classic (after opt),train,NCI-H2170,300+,862,615,247,-247,863,616
Classic (after opt),val,NCI-H2170,300+,867,661,206,-206,868,662
Classic (after opt),train,NCI-H2170,300+,909,651,258,-258,910,652
Classic (after opt),test,NCI-H2170,300+,912,718,194,-194,913,719
Classic (after opt),train,SNU16,300+,990,601,389,-389,991,602
Classic (after opt),train,SNU16,300+,1231,1108,123,-123,1232,1109
Classic (after opt),train,NCI-H2170,300+,1687,1022,665,-665,1688,1023
Label Engine,train,COLO320DM,0-9,1,46,45,45,2,47
Label Engine,train,COLO320DM,0-9,4,0,4,-4,5,1
Label Engine,test,COLO320DM,0-9,4,32,28,28,5,33
Label Engine,train,COLO320DM,0-9,4,22,18,18,5,23
Label Engine,val,COLO320DM,0-9,4,22,18,18,5,23
Label Engine,train,COLO320DM,0-9,7,19,12,12,8,20
Label Engine,val,NCI-H2170,0-9,9,8,1,-1,10,9
Label Engine,train,COLO320DM,10-49,10,34,24,24,11,35
Label Engine,train,COLO320DM,10-49,12,4,8,-8,13,5
Label Engine,val,COLO320DM,10-49,13,10,3,-3,14,11
Label Engine,train,COLO320DM,10-49,15,18,3,3,16,19
Label Engine,train,COLO320DM,10-49,15,11,4,-4,16,12
Label Engine,train,NCI-H2170,10-49,15,22,7,7,16,23
Label Engine,test,NCI-H2170,10-49,15,17,2,2,16,18
Label Engine,train,COLO320DM,10-49,16,9,7,-7,17,10
Label Engine,train,NCI-H2170,10-49,16,29,13,13,17,30
Label Engine,val,NCI-H2170,10-49,17,13,4,-4,18,14
Label Engine,val,COLO320DM,10-49,18,15,3,-3,19,16
Label Engine,train,NCI-H2170,10-49,18,27,9,9,19,28
Label Engine,train,COLO320DM,10-49,22,6,16,-16,23,7
Label Engine,test,COLO320DM,10-49,22,20,2,-2,23,21
Label Engine,train,NCI-H2170,10-49,22,21,1,-1,23,22
Label Engine,train,COLO320DM,10-49,23,7,16,-16,24,8
Label Engine,test,COLO320DM,10-49,24,24,0,0,25,25
Label Engine,train,NCI-H2170,10-49,24,23,1,-1,25,24
Label Engine,train,NCI-H2170,10-49,24,25,1,1,25,26
Label Engine,val,NCI-H2170,10-49,24,17,7,-7,25,18
Label Engine,train,COLO320DM,10-49,26,24,2,-2,27,25
Label Engine,train,NCI-H2170,10-49,26,18,8,-8,27,19
Label Engine,train,COLO320DM,10-49,27,18,9,-9,28,19
Label Engine,train,NCI-H2170,10-49,27,19,8,-8,28,20
Label Engine,train,NCI-H2170,10-49,27,22,5,-5,28,23
Label Engine,train,COLO320DM,10-49,30,51,21,21,31,52
Label Engine,train,COLO320DM,10-49,30,37,7,7,31,38
Label Engine,train,NCI-H2170,10-49,30,23,7,-7,31,24
Label Engine,test,COLO320DM,10-49,31,38,7,7,32,39
Label Engine,test,COLO320DM,10-49,32,17,15,-15,33,18
Label Engine,train,COLO320DM,10-49,32,25,7,-7,33,26
Label Engine,train,NCI-H2170,10-49,32,42,10,10,33,43
Label Engine,val,NCI-H2170,10-49,33,25,8,-8,34,26
Label Engine,train,COLO320DM,10-49,34,20,14,-14,35,21
Label Engine,train,NCI-H2170,10-49,34,24,10,-10,35,25
Label Engine,train,COLO320DM,10-49,35,12,23,-23,36,13
Label Engine,train,NCI-H2170,10-49,35,26,9,-9,36,27
Label Engine,val,NCI-H2170,10-49,35,18,17,-17,36,19
Label Engine,train,NCI-H2170,10-49,35,15,20,-20,36,16
Label Engine,val,NCI-H2170,10-49,35,28,7,-7,36,29
Label Engine,train,COLO320DM,10-49,36,25,11,-11,37,26
Label Engine,test,NCI-H2170,10-49,36,30,6,-6,37,31
Label Engine,train,NCI-H2170,10-49,36,32,4,-4,37,33
Label Engine,train,COLO320DM,10-49,37,48,11,11,38,49
Label Engine,test,NCI-H2170,10-49,38,28,10,-10,39,29
Label Engine,train,COLO320DM,10-49,39,13,26,-26,40,14
Label Engine,train,NCI-H2170,10-49,39,42,3,3,40,43
Label Engine,val,COLO320DM,10-49,40,35,5,-5,41,36
Label Engine,test,NCI-H2170,10-49,40,28,12,-12,41,29
Label Engine,train,NCI-H2170,10-49,40,44,4,4,41,45
Label Engine,train,COLO320DM,10-49,41,25,16,-16,42,26
Label Engine,test,COLO320DM,10-49,41,24,17,-17,42,25
Label Engine,train,NCI-H2170,10-49,41,43,2,2,42,44
Label Engine,train,NCI-H2170,10-49,41,28,13,-13,42,29
Label Engine,train,NCI-H2170,10-49,41,28,13,-13,42,29
Label Engine,train,NCI-H2170,10-49,42,47,5,5,43,48
Label Engine,train,NCI-H2170,10-49,43,42,1,-1,44,43
Label Engine,train,NCI-H2170,10-49,43,15,28,-28,44,16
Label Engine,train,NCI-H2170,10-49,43,29,14,-14,44,30
Label Engine,train,COLO320DM,10-49,44,34,10,-10,45,35
Label Engine,train,NCI-H2170,10-49,44,63,19,19,45,64
Label Engine,test,NCI-H2170,10-49,44,32,12,-12,45,33
Label Engine,train,COLO320DM,10-49,45,33,12,-12,46,34
Label Engine,train,COLO320DM,10-49,45,43,2,-2,46,44
Label Engine,train,NCI-H2170,10-49,45,43,2,-2,46,44
Label Engine,train,COLO320DM,10-49,46,37,9,-9,47,38
Label Engine,test,NCI-H2170,10-49,46,38,8,-8,47,39
Label Engine,val,NCI-H2170,10-49,46,36,10,-10,47,37
Label Engine,train,NCI-H2170,10-49,46,13,33,-33,47,14
Label Engine,train,NCI-H2170,10-49,46,34,12,-12,47,35
Label Engine,train,COLO320DM,10-49,47,36,11,-11,48,37
Label Engine,train,NCI-H2170,10-49,47,40,7,-7,48,41
Label Engine,train,NCI-H2170,10-49,47,42,5,-5,48,43
Label Engine,val,NCI-H2170,10-49,47,44,3,-3,48,45
Label Engine,test,NCI-H2170,10-49,48,19,29,-29,49,20
Label Engine,val,NCI-H2170,10-49,48,24,24,-24,49,25
Label Engine,val,NCI-H2170,10-49,48,44,4,-4,49,45
Label Engine,test,COLO320DM,10-49,49,41,8,-8,50,42
Label Engine,train,NCI-H2170,10-49,49,37,12,-12,50,38
Label Engine,train,NCI-H2170,50-149,50,37,13,-13,51,38
Label Engine,train,NCI-H2170,50-149,50,52,2,2,51,53
Label Engine,train,COLO320DM,50-149,51,53,2,2,52,54
Label Engine,test,NCI-H2170,50-149,51,25,26,-26,52,26
Label Engine,train,NCI-H2170,50-149,51,49,2,-2,52,50
Label Engine,val,NCI-H2170,50-149,51,51,0,0,52,52
Label Engine,train,NCI-H2170,50-149,51,31,20,-20,52,32
Label Engine,train,COLO320DM,50-149,52,37,15,-15,53,38
Label Engine,val,NCI-H2170,50-149,52,59,7,7,53,60
Label Engine,test,NCI-H2170,50-149,52,52,0,0,53,53
Label Engine,test,NCI-H2170,50-149,52,25,27,-27,53,26
Label Engine,val,NCI-H2170,50-149,52,41,11,-11,53,42
Label Engine,train,COLO320DM,50-149,53,60,7,7,54,61
Label Engine,train,COLO320DM,50-149,53,65,12,12,54,66
Label Engine,train,NCI-H2170,50-149,53,51,2,-2,54,52
Label Engine,train,NCI-H2170,50-149,53,26,27,-27,54,27
Label Engine,train,NCI-H2170,50-149,53,57,4,4,54,58
Label Engine,train,NCI-H2170,50-149,53,52,1,-1,54,53
Label Engine,train,NCI-H2170,50-149,53,45,8,-8,54,46
Label Engine,test,COLO320DM,50-149,54,50,4,-4,55,51
Label Engine,train,NCI-H2170,50-149,54,44,10,-10,55,45
Label Engine,train,NCI-H2170,50-149,54,36,18,-18,55,37
Label Engine,train,NCI-H2170,50-149,54,54,0,0,55,55
Label Engine,val,NCI-H2170,50-149,54,30,24,-24,55,31
Label Engine,train,COLO320DM,50-149,55,57,2,2,56,58
Label Engine,test,NCI-H2170,50-149,55,57,2,2,56,58
Label Engine,test,NCI-H2170,50-149,55,55,0,0,56,56
Label Engine,val,NCI-H2170,50-149,56,46,10,-10,57,47
Label Engine,train,NCI-H2170,50-149,56,44,12,-12,57,45
Label Engine,test,COLO320DM,50-149,57,33,24,-24,58,34
Label Engine,val,COLO320DM,50-149,57,49,8,-8,58,50
Label Engine,train,SNU16,50-149,57,25,32,-32,58,26
Label Engine,val,NCI-H2170,50-149,58,67,9,9,59,68
Label Engine,val,NCI-H2170,50-149,58,70,12,12,59,71
Label Engine,train,NCI-H2170,50-149,58,52,6,-6,59,53
Label Engine,train,NCI-H2170,50-149,58,44,14,-14,59,45
Label Engine,val,COLO320DM,50-149,59,53,6,-6,60,54
Label Engine,train,COLO320DM,50-149,59,48,11,-11,60,49
Label Engine,train,COLO320DM,50-149,59,45,14,-14,60,46
Label Engine,test,NCI-H2170,50-149,59,69,10,10,60,70
Label Engine,train,NCI-H2170,50-149,60,24,36,-36,61,25
Label Engine,train,NCI-H2170,50-149,60,39,21,-21,61,40
Label Engine,train,COLO320DM,50-149,61,41,20,-20,62,42
Label Engine,test,NCI-H2170,50-149,61,26,35,-35,62,27
Label Engine,train,NCI-H2170,50-149,61,50,11,-11,62,51
Label Engine,train,NCI-H2170,50-149,61,42,19,-19,62,43
Label Engine,test,NCI-H2170,50-149,61,53,8,-8,62,54
Label Engine,val,NCI-H2170,50-149,61,87,26,26,62,88
Label Engine,test,NCI-H2170,50-149,62,74,12,12,63,75
Label Engine,train,NCI-H2170,50-149,62,48,14,-14,63,49
Label Engine,train,NCI-H2170,50-149,62,57,5,-5,63,58
Label Engine,train,NCI-H2170,50-149,62,43,19,-19,63,44
Label Engine,train,COLO320DM,50-149,63,29,34,-34,64,30
Label Engine,train,NCI-H2170,50-149,63,69,6,6,64,70
Label Engine,test,NCI-H2170,50-149,63,71,8,8,64,72
Label Engine,train,NCI-H2170,50-149,63,47,16,-16,64,48
Label Engine,train,NCI-H2170,50-149,64,61,3,-3,65,62
Label Engine,train,NCI-H2170,50-149,64,58,6,-6,65,59
Label Engine,train,NCI-H2170,50-149,64,61,3,-3,65,62
Label Engine,test,NCI-H2170,50-149,64,63,1,-1,65,64
Label Engine,train,COLO320DM,50-149,65,56,9,-9,66,57
Label Engine,train,NCI-H2170,50-149,65,62,3,-3,66,63
Label Engine,test,NCI-H2170,50-149,65,49,16,-16,66,50
Label Engine,train,NCI-H2170,50-149,65,49,16,-16,66,50
Label Engine,train,NCI-H2170,50-149,65,52,13,-13,66,53
Label Engine,train,NCI-H2170,50-149,66,57,9,-9,67,58
Label Engine,train,NCI-H2170,50-149,66,56,10,-10,67,57
Label Engine,train,NCI-H2170,50-149,66,48,18,-18,67,49
Label Engine,test,NCI-H2170,50-149,67,56,11,-11,68,57
Label Engine,test,NCI-H2170,50-149,67,14,53,-53,68,15
Label Engine,train,NCI-H2170,50-149,67,33,34,-34,68,34
Label Engine,train,NCI-H2170,50-149,68,41,27,-27,69,42
Label Engine,train,NCI-H2170,50-149,69,90,21,21,70,91
Label Engine,train,NCI-H2170,50-149,69,76,7,7,70,77
Label Engine,train,NCI-H2170,50-149,69,46,23,-23,70,47
Label Engine,train,NCI-H2170,50-149,69,48,21,-21,70,49
Label Engine,train,NCI-H2170,50-149,69,58,11,-11,70,59
Label Engine,train,NCI-H2170,50-149,70,94,24,24,71,95
Label Engine,train,NCI-H2170,50-149,70,59,11,-11,71,60
Label Engine,val,NCI-H2170,50-149,70,63,7,-7,71,64
Label Engine,train,NCI-H2170,50-149,70,59,11,-11,71,60
Label Engine,train,NCI-H2170,50-149,70,48,22,-22,71,49
Label Engine,val,COLO320DM,50-149,71,48,23,-23,72,49
Label Engine,train,NCI-H2170,50-149,71,77,6,6,72,78
Label Engine,val,NCI-H2170,50-149,71,66,5,-5,72,67
Label Engine,train,NCI-H2170,50-149,71,82,11,11,72,83
Label Engine,test,NCI-H2170,50-149,71,62,9,-9,72,63
Label Engine,train,NCI-H2170,50-149,71,67,4,-4,72,68
Label Engine,train,NCI-H2170,50-149,71,66,5,-5,72,67
Label Engine,test,NCI-H716,50-149,71,46,25,-25,72,47
Label Engine,train,NCI-H2170,50-149,72,71,1,-1,73,72
Label Engine,test,NCI-H2170,50-149,72,59,13,-13,73,60
Label Engine,train,NCI-H716,50-149,72,55,17,-17,73,56
Label Engine,train,NCI-H2170,50-149,73,80,7,7,74,81
Label Engine,train,NCI-H2170,50-149,73,34,39,-39,74,35
Label Engine,train,NCI-H2170,50-149,73,72,1,-1,74,73
Label Engine,train,COLO320DM,50-149,74,71,3,-3,75,72
Label Engine,val,COLO320DM,50-149,74,59,15,-15,75,60
Label Engine,train,NCI-H2170,50-149,74,54,20,-20,75,55
Label Engine,train,NCI-H2170,50-149,74,25,49,-49,75,26
Label Engine,train,NCI-H2170,50-149,74,21,53,-53,75,22
Label Engine,train,NCI-H2170,50-149,74,52,22,-22,75,53
Label Engine,train,NCI-H2170,50-149,75,67,8,-8,76,68
Label Engine,train,NCI-H2170,50-149,75,68,7,-7,76,69
Label Engine,train,NCI-H2170,50-149,75,43,32,-32,76,44
Label Engine,val,NCI-H2170,50-149,75,72,3,-3,76,73
Label Engine,train,NCI-H2170,50-149,75,71,4,-4,76,72
Label Engine,train,NCI-H2170,50-149,75,66,9,-9,76,67
Label Engine,train,NCI-H2170,50-149,75,69,6,-6,76,70
Label Engine,train,NCI-H2170,50-149,76,70,6,-6,77,71
Label Engine,train,NCI-H2170,50-149,76,87,11,11,77,88
Label Engine,train,NCI-H2170,50-149,76,76,0,0,77,77
Label Engine,train,NCI-H2170,50-149,76,77,1,1,77,78
Label Engine,train,NCI-H2170,50-149,76,59,17,-17,77,60
Label Engine,train,NCI-H2170,50-149,76,66,10,-10,77,67
Label Engine,train,NCI-H716,50-149,76,59,17,-17,77,60
Label Engine,train,NCI-H2170,50-149,77,83,6,6,78,84
Label Engine,train,NCI-H2170,50-149,77,68,9,-9,78,69
Label Engine,val,NCI-H2170,50-149,77,94,17,17,78,95
Label Engine,train,SNU16,50-149,77,47,30,-30,78,48
Label Engine,val,NCI-H2170,50-149,78,81,3,3,79,82
Label Engine,test,NCI-H2170,50-149,78,75,3,-3,79,76
Label Engine,train,NCI-H2170,50-149,78,69,9,-9,79,70
Label Engine,train,NCI-H2170,50-149,78,62,16,-16,79,63
Label Engine,train,NCI-H2170,50-149,78,82,4,4,79,83
Label Engine,train,NCI-H2170,50-149,78,76,2,-2,79,77
Label Engine,train,NCI-H2170,50-149,78,81,3,3,79,82
Label Engine,train,NCI-H2170,50-149,78,118,40,40,79,119
Label Engine,test,NCI-H2170,50-149,79,77,2,-2,80,78
Label Engine,val,NCI-H2170,50-149,79,75,4,-4,80,76
Label Engine,train,NCI-H2170,50-149,79,69,10,-10,80,70
Label Engine,test,NCI-H2170,50-149,79,72,7,-7,80,73
Label Engine,train,NCI-H2170,50-149,79,80,1,1,80,81
Label Engine,train,COLO320DM,50-149,80,58,22,-22,81,59
Label Engine,test,NCI-H2170,50-149,80,49,31,-31,81,50
Label Engine,train,NCI-H2170,50-149,81,70,11,-11,82,71
Label Engine,train,NCI-H2170,50-149,81,43,38,-38,82,44
Label Engine,val,NCI-H2170,50-149,81,71,10,-10,82,72
Label Engine,val,NCI-H2170,50-149,81,80,1,-1,82,81
Label Engine,train,NCI-H2170,50-149,82,54,28,-28,83,55
Label Engine,train,NCI-H2170,50-149,82,72,10,-10,83,73
Label Engine,train,COLO320DM,50-149,83,59,24,-24,84,60
Label Engine,test,NCI-H2170,50-149,83,71,12,-12,84,72
Label Engine,train,NCI-H2170,50-149,83,82,1,-1,84,83
Label Engine,train,NCI-H2170,50-149,83,80,3,-3,84,81
Label Engine,test,NCI-H2170,50-149,84,64,20,-20,85,65
Label Engine,train,NCI-H2170,50-149,84,87,3,3,85,88
Label Engine,train,NCI-H2170,50-149,84,58,26,-26,85,59
Label Engine,test,NCI-H2170,50-149,84,68,16,-16,85,69
Label Engine,val,NCI-H2170,50-149,85,67,18,-18,86,68
Label Engine,test,NCI-H2170,50-149,85,51,34,-34,86,52
Label Engine,test,NCI-H2170,50-149,85,86,1,1,86,87
Label Engine,train,NCI-H2170,50-149,85,72,13,-13,86,73
Label Engine,train,NCI-H2170,50-149,86,90,4,4,87,91
Label Engine,val,NCI-H2170,50-149,86,73,13,-13,87,74
Label Engine,train,NCI-H2170,50-149,86,9,77,-77,87,10
Label Engine,train,NCI-H2170,50-149,86,64,22,-22,87,65
Label Engine,train,NCI-H2170,50-149,86,65,21,-21,87,66
Label Engine,train,NCI-H2170,50-149,86,82,4,-4,87,83
Label Engine,test,NCI-H2170,50-149,86,90,4,4,87,91
Label Engine,train,COLO320DM,50-149,87,79,8,-8,88,80
Label Engine,train,NCI-H2170,50-149,87,80,7,-7,88,81
Label Engine,test,NCI-H2170,50-149,87,78,9,-9,88,79
Label Engine,val,NCI-H2170,50-149,87,66,21,-21,88,67
Label Engine,test,NCI-H2170,50-149,87,37,50,-50,88,38
Label Engine,train,NCI-H2170,50-149,87,84,3,-3,88,85
Label Engine,train,NCI-H2170,50-149,88,78,10,-10,89,79
Label Engine,train,NCI-H2170,50-149,88,85,3,-3,89,86
Label Engine,train,NCI-H2170,50-149,88,51,37,-37,89,52
Label Engine,train,NCI-H2170,50-149,88,76,12,-12,89,77
Label Engine,train,NCI-H2170,50-149,88,135,47,47,89,136
Label Engine,train,COLO320DM,50-149,89,70,19,-19,90,71
Label Engine,val,NCI-H2170,50-149,89,82,7,-7,90,83
Label Engine,val,NCI-H2170,50-149,89,83,6,-6,90,84
Label Engine,test,NCI-H2170,50-149,89,70,19,-19,90,71
Label Engine,train,NCI-H2170,50-149,89,87,2,-2,90,88
Label Engine,test,NCI-H2170,50-149,89,67,22,-22,90,68
Label Engine,train,NCI-H716,50-149,89,50,39,-39,90,51
Label Engine,train,NCI-H2170,50-149,90,87,3,-3,91,88
Label Engine,train,NCI-H2170,50-149,90,67,23,-23,91,68
Label Engine,test,NCI-H2170,50-149,90,90,0,0,91,91
Label Engine,test,NCI-H2170,50-149,90,85,5,-5,91,86
Label Engine,train,SNU16,50-149,90,94,4,4,91,95
Label Engine,test,COLO320DM,50-149,91,75,16,-16,92,76
Label Engine,train,NCI-H2170,50-149,91,91,0,0,92,92
Label Engine,val,NCI-H2170,50-149,91,77,14,-14,92,78
Label Engine,val,NCI-H2170,50-149,91,78,13,-13,92,79
Label Engine,train,NCI-H2170,50-149,92,102,10,10,93,103
Label Engine,val,NCI-H2170,50-149,92,76,16,-16,93,77
Label Engine,val,NCI-H2170,50-149,92,67,25,-25,93,68
Label Engine,train,NCI-H2170,50-149,93,100,7,7,94,101
Label Engine,train,NCI-H2170,50-149,93,108,15,15,94,109
Label Engine,train,NCI-H2170,50-149,93,89,4,-4,94,90
Label Engine,test,NCI-H2170,50-149,93,62,31,-31,94,63
Label Engine,train,NCI-H2170,50-149,93,88,5,-5,94,89
Label Engine,test,NCI-H2170,50-149,93,87,6,-6,94,88
Label Engine,train,NCI-H2170,50-149,93,79,14,-14,94,80
Label Engine,train,NCI-H2170,50-149,93,78,15,-15,94,79
Label Engine,val,NCI-H2170,50-149,94,100,6,6,95,101
Label Engine,val,NCI-H2170,50-149,94,93,1,-1,95,94
Label Engine,val,NCI-H2170,50-149,94,76,18,-18,95,77
Label Engine,train,NCI-H2170,50-149,94,100,6,6,95,101
Label Engine,train,NCI-H2170,50-149,94,114,20,20,95,115
Label Engine,train,NCI-H2170,50-149,94,90,4,-4,95,91
Label Engine,train,NCI-H2170,50-149,94,48,46,-46,95,49
Label Engine,train,NCI-H2170,50-149,95,91,4,-4,96,92
Label Engine,train,NCI-H2170,50-149,95,105,10,10,96,106
Label Engine,train,NCI-H2170,50-149,96,94,2,-2,97,95
Label Engine,train,NCI-H2170,50-149,96,97,1,1,97,98
Label Engine,test,NCI-H2170,50-149,96,104,8,8,97,105
Label Engine,val,NCI-H2170,50-149,96,85,11,-11,97,86
Label Engine,train,NCI-H2170,50-149,96,119,23,23,97,120
Label Engine,train,NCI-H2170,50-149,97,101,4,4,98,102
Label Engine,train,NCI-H2170,50-149,97,101,4,4,98,102
Label Engine,train,NCI-H2170,50-149,97,107,10,10,98,108
Label Engine,test,NCI-H2170,50-149,97,70,27,-27,98,71
Label Engine,train,NCI-H2170,50-149,97,67,30,-30,98,68
Label Engine,train,NCI-H2170,50-149,97,100,3,3,98,101
Label Engine,val,SNU16,50-149,97,116,19,19,98,117
Label Engine,train,SNU16,50-149,97,60,37,-37,98,61
Label Engine,train,NCI-H2170,50-149,98,84,14,-14,99,85
Label Engine,train,NCI-H2170,50-149,98,109,11,11,99,110
Label Engine,train,NCI-H2170,50-149,98,99,1,1,99,100
Label Engine,train,NCI-H2170,50-149,98,92,6,-6,99,93
Label Engine,train,NCI-H2170,50-149,99,95,4,-4,100,96
Label Engine,train,NCI-H2170,50-149,99,27,72,-72,100,28
Label Engine,train,NCI-H2170,50-149,99,61,38,-38,100,62
Label Engine,train,NCI-H2170,50-149,99,43,56,-56,100,44
Label Engine,train,NCI-H2170,50-149,99,67,32,-32,100,68
Label Engine,train,NCI-H2170,50-149,99,113,14,14,100,114
Label Engine,train,NCI-H2170,50-149,99,75,24,-24,100,76
Label Engine,train,NCI-H2170,50-149,99,80,19,-19,100,81
Label Engine,train,NCI-H2170,50-149,99,93,6,-6,100,94
Label Engine,train,NCI-H2170,50-149,100,92,8,-8,101,93
Label Engine,train,COLO320DM,50-149,101,85,16,-16,102,86
Label Engine,train,NCI-H2170,50-149,101,99,2,-2,102,100
Label Engine,train,NCI-H2170,50-149,101,92,9,-9,102,93
Label Engine,test,NCI-H2170,50-149,101,94,7,-7,102,95
Label Engine,train,NCI-H2170,50-149,101,73,28,-28,102,74
Label Engine,train,NCI-H2170,50-149,101,62,39,-39,102,63
Label Engine,train,NCI-H2170,50-149,101,65,36,-36,102,66
Label Engine,test,NCI-H716,50-149,101,67,34,-34,102,68
Label Engine,train,SNU16,50-149,101,11,90,-90,102,12
Label Engine,train,SNU16,50-149,101,108,7,7,102,109
Label Engine,test,NCI-H2170,50-149,102,96,6,-6,103,97
Label Engine,train,NCI-H2170,50-149,102,94,8,-8,103,95
Label Engine,val,NCI-H2170,50-149,102,104,2,2,103,105
Label Engine,train,NCI-H2170,50-149,102,88,14,-14,103,89
Label Engine,val,NCI-H2170,50-149,102,91,11,-11,103,92
Label Engine,test,NCI-H2170,50-149,103,83,20,-20,104,84
Label Engine,val,NCI-H2170,50-149,103,101,2,-2,104,102
Label Engine,test,NCI-H2170,50-149,103,79,24,-24,104,80
Label Engine,val,NCI-H2170,50-149,103,56,47,-47,104,57
Label Engine,train,NCI-H2170,50-149,103,109,6,6,104,110
Label Engine,train,NCI-H2170,50-149,103,87,16,-16,104,88
Label Engine,train,NCI-H2170,50-149,104,107,3,3,105,108
Label Engine,train,NCI-H2170,50-149,104,104,0,0,105,105
Label Engine,val,NCI-H2170,50-149,104,71,33,-33,105,72
Label Engine,train,NCI-H2170,50-149,105,115,10,10,106,116
Label Engine,train,NCI-H2170,50-149,105,88,17,-17,106,89
Label Engine,val,NCI-H2170,50-149,105,95,10,-10,106,96
Label Engine,train,NCI-H2170,50-149,105,114,9,9,106,115
Label Engine,train,NCI-H2170,50-149,105,75,30,-30,106,76
Label Engine,test,NCI-H2170,50-149,105,71,34,-34,106,72
Label Engine,train,SNU16,50-149,105,79,26,-26,106,80
Label Engine,train,NCI-H2170,50-149,106,106,0,0,107,107
Label Engine,train,NCI-H2170,50-149,106,93,13,-13,107,94
Label Engine,train,NCI-H2170,50-149,106,84,22,-22,107,85
Label Engine,val,NCI-H2170,50-149,106,118,12,12,107,119
Label Engine,test,COLO320DM,50-149,107,92,15,-15,108,93
Label Engine,train,NCI-H2170,50-149,107,101,6,-6,108,102
Label Engine,val,NCI-H2170,50-149,107,28,79,-79,108,29
Label Engine,train,NCI-H2170,50-149,107,104,3,-3,108,105
Label Engine,train,NCI-H2170,50-149,107,101,6,-6,108,102
Label Engine,test,NCI-H2170,50-149,107,74,33,-33,108,75
Label Engine,train,NCI-H2170,50-149,107,81,26,-26,108,82
Label Engine,train,NCI-H2170,50-149,108,85,23,-23,109,86
Label Engine,val,NCI-H2170,50-149,108,91,17,-17,109,92
Label Engine,train,NCI-H2170,50-149,109,99,10,-10,110,100
Label Engine,train,NCI-H2170,50-149,109,115,6,6,110,116
Label Engine,train,NCI-H2170,50-149,109,43,66,-66,110,44
Label Engine,test,NCI-H2170,50-149,110,25,85,-85,111,26
Label Engine,val,NCI-H2170,50-149,110,107,3,-3,111,108
Label Engine,val,NCI-H2170,50-149,110,108,2,-2,111,109
Label Engine,train,NCI-H2170,50-149,110,86,24,-24,111,87
Label Engine,val,NCI-H2170,50-149,110,83,27,-27,111,84
Label Engine,train,NCI-H2170,50-149,110,86,24,-24,111,87
Label Engine,test,NCI-H716,50-149,110,70,40,-40,111,71
Label Engine,train,SNU16,50-149,110,29,81,-81,111,30
Label Engine,train,NCI-H2170,50-149,111,42,69,-69,112,43
Label Engine,train,NCI-H2170,50-149,111,109,2,-2,112,110
Label Engine,train,NCI-H2170,50-149,111,89,22,-22,112,90
Label Engine,train,NCI-H2170,50-149,111,94,17,-17,112,95
Label Engine,train,SNU16,50-149,111,71,40,-40,112,72
Label Engine,train,NCI-H2170,50-149,112,113,1,1,113,114
Label Engine,train,NCI-H2170,50-149,112,96,16,-16,113,97
Label Engine,train,SNU16,50-149,112,82,30,-30,113,83
Label Engine,train,NCI-H2170,50-149,113,76,37,-37,114,77
Label Engine,val,NCI-H2170,50-149,113,116,3,3,114,117
Label Engine,train,NCI-H2170,50-149,114,112,2,-2,115,113
Label Engine,train,NCI-H2170,50-149,114,98,16,-16,115,99
Label Engine,train,NCI-H2170,50-149,115,122,7,7,116,123
Label Engine,train,NCI-H2170,50-149,115,109,6,-6,116,110
Label Engine,val,NCI-H2170,50-149,115,123,8,8,116,124
Label Engine,train,NCI-H2170,50-149,115,126,11,11,116,127
Label Engine,train,NCI-H2170,50-149,115,64,51,-51,116,65
Label Engine,train,NCI-H2170,50-149,115,105,10,-10,116,106
Label Engine,train,NCI-H2170,50-149,116,109,7,-7,117,110
Label Engine,train,NCI-H2170,50-149,116,84,32,-32,117,85
Label Engine,test,NCI-H2170,50-149,116,102,14,-14,117,103
Label Engine,train,NCI-H2170,50-149,116,96,20,-20,117,97
Label Engine,train,NCI-H716,50-149,116,97,19,-19,117,98
Label Engine,train,NCI-H2170,50-149,117,113,4,-4,118,114
Label Engine,train,NCI-H2170,50-149,117,89,28,-28,118,90
Label Engine,train,NCI-H2170,50-149,117,116,1,-1,118,117
Label Engine,train,NCI-H2170,50-149,118,74,44,-44,119,75
Label Engine,train,SNU16,50-149,118,27,91,-91,119,28
Label Engine,train,NCI-H2170,50-149,119,115,4,-4,120,116
Label Engine,train,NCI-H2170,50-149,119,59,60,-60,120,60
Label Engine,test,NCI-H2170,50-149,119,66,53,-53,120,67
Label Engine,train,NCI-H2170,50-149,119,170,51,51,120,171
Label Engine,train,NCI-H2170,50-149,120,116,4,-4,121,117
Label Engine,train,NCI-H2170,50-149,120,98,22,-22,121,99
Label Engine,train,NCI-H2170,50-149,120,95,25,-25,121,96
Label Engine,train,NCI-H716,50-149,120,74,46,-46,121,75
Label Engine,val,NCI-H2170,50-149,121,103,18,-18,122,104
Label Engine,train,NCI-H2170,50-149,121,112,9,-9,122,113
Label Engine,train,NCI-H2170,50-149,121,118,3,-3,122,119
Label Engine,train,NCI-H2170,50-149,121,123,2,2,122,124
Label Engine,train,NCI-H2170,50-149,121,105,16,-16,122,106
Label Engine,train,NCI-H2170,50-149,122,113,9,-9,123,114
Label Engine,train,NCI-H2170,50-149,122,124,2,2,123,125
Label Engine,train,NCI-H2170,50-149,122,115,7,-7,123,116
Label Engine,train,NCI-H2170,50-149,122,103,19,-19,123,104
Label Engine,train,NCI-H2170,50-149,123,132,9,9,124,133
Label Engine,train,NCI-H2170,50-149,123,95,28,-28,124,96
Label Engine,val,NCI-H2170,50-149,123,98,25,-25,124,99
Label Engine,val,NCI-H2170,50-149,123,99,24,-24,124,100
Label Engine,train,SNU16,50-149,123,107,16,-16,124,108
Label Engine,train,NCI-H2170,50-149,124,122,2,-2,125,123
Label Engine,test,NCI-H2170,50-149,124,120,4,-4,125,121
Label Engine,train,NCI-H2170,50-149,124,119,5,-5,125,120
Label Engine,train,NCI-H2170,50-149,124,119,5,-5,125,120
Label Engine,train,SNU16,50-149,124,34,90,-90,125,35
Label Engine,val,NCI-H2170,50-149,125,118,7,-7,126,119
Label Engine,train,NCI-H2170,50-149,125,110,15,-15,126,111
Label Engine,train,NCI-H2170,50-149,125,120,5,-5,126,121
Label Engine,train,NCI-H2170,50-149,125,110,15,-15,126,111
Label Engine,train,NCI-H2170,50-149,125,103,22,-22,126,104
Label Engine,train,NCI-H2170,50-149,125,100,25,-25,126,101
Label Engine,train,NCI-H2170,50-149,125,111,14,-14,126,112
Label Engine,test,SNU16,50-149,125,185,60,60,126,186
Label Engine,train,NCI-H2170,50-149,126,124,2,-2,127,125
Label Engine,test,NCI-H2170,50-149,126,140,14,14,127,141
Label Engine,test,NCI-H2170,50-149,126,32,94,-94,127,33
Label Engine,train,NCI-H2170,50-149,127,121,6,-6,128,122
Label Engine,train,NCI-H2170,50-149,127,82,45,-45,128,83
Label Engine,train,NCI-H716,50-149,127,92,35,-35,128,93
Label Engine,train,NCI-H2170,50-149,128,149,21,21,129,150
Label Engine,train,NCI-H2170,50-149,128,127,1,-1,129,128
Label Engine,train,NCI-H2170,50-149,128,103,25,-25,129,104
Label Engine,train,NCI-H716,50-149,128,99,29,-29,129,100
Label Engine,val,NCI-H2170,50-149,129,169,40,40,130,170
Label Engine,train,NCI-H2170,50-149,129,130,1,1,130,131
Label Engine,train,NCI-H716,50-149,129,141,12,12,130,142
Label Engine,train,NCI-H2170,50-149,130,115,15,-15,131,116
Label Engine,train,NCI-H2170,50-149,130,127,3,-3,131,128
Label Engine,train,NCI-H2170,50-149,130,131,1,1,131,132
Label Engine,train,NCI-H2170,50-149,131,131,0,0,132,132
Label Engine,train,NCI-H2170,50-149,131,124,7,-7,132,125
Label Engine,train,NCI-H716,50-149,131,69,62,-62,132,70
Label Engine,train,NCI-H716,50-149,131,76,55,-55,132,77
Label Engine,train,NCI-H2170,50-149,132,177,45,45,133,178
Label Engine,train,NCI-H2170,50-149,132,113,19,-19,133,114
Label Engine,train,NCI-H2170,50-149,132,75,57,-57,133,76
Label Engine,test,NCI-H2170,50-149,132,138,6,6,133,139
Label Engine,train,NCI-H2170,50-149,132,80,52,-52,133,81
Label Engine,train,NCI-H2170,50-149,132,121,11,-11,133,122
Label Engine,val,NCI-H716,50-149,132,108,24,-24,133,109
Label Engine,train,NCI-H716,50-149,132,125,7,-7,133,126
Label Engine,train,NCI-H716,50-149,132,70,62,-62,133,71
Label Engine,train,NCI-H2170,50-149,133,136,3,3,134,137
Label Engine,train,NCI-H2170,50-149,133,222,89,89,134,223
Label Engine,train,NCI-H2170,50-149,133,106,27,-27,134,107
Label Engine,train,NCI-H2170,50-149,134,112,22,-22,135,113
Label Engine,val,NCI-H2170,50-149,134,87,47,-47,135,88
Label Engine,train,NCI-H716,50-149,134,97,37,-37,135,98
Label Engine,train,NCI-H2170,50-149,135,137,2,2,136,138
Label Engine,train,NCI-H2170,50-149,135,99,36,-36,136,100
Label Engine,train,NCI-H2170,50-149,135,117,18,-18,136,118
Label Engine,test,NCI-H2170,50-149,135,129,6,-6,136,130
Label Engine,train,NCI-H716,50-149,135,95,40,-40,136,96
Label Engine,train,NCI-H716,50-149,135,111,24,-24,136,112
Label Engine,train,NCI-H2170,50-149,136,138,2,2,137,139
Label Engine,train,NCI-H2170,50-149,136,26,110,-110,137,27
Label Engine,train,NCI-H2170,50-149,137,114,23,-23,138,115
Label Engine,train,NCI-H716,50-149,137,83,54,-54,138,84
Label Engine,train,NCI-H2170,50-149,138,127,11,-11,139,128
Label Engine,test,NCI-H2170,50-149,138,147,9,9,139,148
Label Engine,train,NCI-H2170,50-149,138,122,16,-16,139,123
Label Engine,train,NCI-H2170,50-149,138,114,24,-24,139,115
Label Engine,train,NCI-H2170,50-149,139,135,4,-4,140,136
Label Engine,val,NCI-H2170,50-149,139,143,4,4,140,144
Label Engine,test,NCI-H2170,50-149,139,79,60,-60,140,80
Label Engine,train,NCI-H2170,50-149,139,125,14,-14,140,126
Label Engine,test,NCI-H716,50-149,139,56,83,-83,140,57
Label Engine,test,SNU16,50-149,140,176,36,36,141,177
Label Engine,train,NCI-H2170,50-149,141,139,2,-2,142,140
Label Engine,val,NCI-H2170,50-149,141,149,8,8,142,150
Label Engine,val,NCI-H2170,50-149,141,116,25,-25,142,117
Label Engine,train,NCI-H2170,50-149,141,118,23,-23,142,119
Label Engine,train,SNU16,50-149,141,136,5,-5,142,137
Label Engine,train,SNU16,50-149,141,108,33,-33,142,109
Label Engine,train,NCI-H2170,50-149,142,153,11,11,143,154
Label Engine,test,NCI-H2170,50-149,142,124,18,-18,143,125
Label Engine,train,NCI-H2170,50-149,142,95,47,-47,143,96
Label Engine,train,NCI-H2170,50-149,142,70,72,-72,143,71
Label Engine,train,NCI-H2170,50-149,142,140,2,-2,143,141
Label Engine,train,NCI-H2170,50-149,142,138,4,-4,143,139
Label Engine,train,SNU16,50-149,142,88,54,-54,143,89
Label Engine,val,COLO320DM,50-149,143,131,12,-12,144,132
Label Engine,train,NCI-H2170,50-149,143,143,0,0,144,144
Label Engine,train,NCI-H2170,50-149,143,84,59,-59,144,85
Label Engine,val,NCI-H2170,50-149,143,145,2,2,144,146
Label Engine,train,NCI-H2170,50-149,143,117,26,-26,144,118
Label Engine,train,NCI-H2170,50-149,143,125,18,-18,144,126
Label Engine,train,COLO320DM,50-149,144,130,14,-14,145,131
Label Engine,val,NCI-H716,50-149,144,67,77,-77,145,68
Label Engine,train,NCI-H716,50-149,144,45,99,-99,145,46
Label Engine,train,SNU16,50-149,144,130,14,-14,145,131
Label Engine,train,SNU16,50-149,144,89,55,-55,145,90
Label Engine,train,NCI-H2170,50-149,145,137,8,-8,146,138
Label Engine,val,NCI-H2170,50-149,145,132,13,-13,146,133
Label Engine,train,NCI-H2170,50-149,145,109,36,-36,146,110
Label Engine,train,NCI-H2170,50-149,146,148,2,2,147,149
Label Engine,train,NCI-H2170,50-149,146,131,15,-15,147,132
Label Engine,train,NCI-H2170,50-149,146,137,9,-9,147,138
Label Engine,train,NCI-H2170,50-149,147,126,21,-21,148,127
Label Engine,train,NCI-H2170,50-149,147,140,7,-7,148,141
Label Engine,val,NCI-H2170,50-149,147,149,2,2,148,150
Label Engine,train,NCI-H2170,50-149,147,128,19,-19,148,129
Label Engine,val,NCI-H2170,50-149,147,95,52,-52,148,96
Label Engine,test,NCI-H2170,50-149,148,147,1,-1,149,148
Label Engine,val,NCI-H2170,50-149,148,135,13,-13,149,136
Label Engine,train,NCI-H2170,50-149,148,151,3,3,149,152
Label Engine,val,NCI-H2170,50-149,148,102,46,-46,149,103
Label Engine,val,NCI-H716,50-149,148,106,42,-42,149,107
Label Engine,train,SNU16,50-149,148,120,28,-28,149,121
Label Engine,train,NCI-H2170,50-149,149,136,13,-13,150,137
Label Engine,train,NCI-H2170,50-149,149,128,21,-21,150,129
Label Engine,train,NCI-H2170,150-299,150,147,3,-3,151,148
Label Engine,train,NCI-H2170,150-299,150,151,1,1,151,152
Label Engine,train,NCI-H2170,150-299,150,173,23,23,151,174
Label Engine,val,NCI-H2170,150-299,150,129,21,-21,151,130
Label Engine,train,NCI-H2170,150-299,150,126,24,-24,151,127
Label Engine,test,NCI-H716,150-299,150,74,76,-76,151,75
Label Engine,test,SNU16,150-299,150,105,45,-45,151,106
Label Engine,val,NCI-H2170,150-299,151,153,2,2,152,154
Label Engine,train,NCI-H2170,150-299,151,135,16,-16,152,136
Label Engine,test,NCI-H2170,150-299,151,108,43,-43,152,109
Label Engine,train,SNU16,150-299,151,162,11,11,152,163
Label Engine,train,NCI-H2170,150-299,152,134,18,-18,153,135
Label Engine,train,NCI-H2170,150-299,152,92,60,-60,153,93
Label Engine,val,NCI-H2170,150-299,152,135,17,-17,153,136
Label Engine,train,NCI-H2170,150-299,152,147,5,-5,153,148
Label Engine,val,NCI-H2170,150-299,152,124,28,-28,153,125
Label Engine,train,NCI-H2170,150-299,152,108,44,-44,153,109
Label Engine,val,NCI-H716,150-299,152,112,40,-40,153,113
Label Engine,train,NCI-H2170,150-299,153,150,3,-3,154,151
Label Engine,train,NCI-H2170,150-299,153,170,17,17,154,171
Label Engine,val,NCI-H2170,150-299,153,143,10,-10,154,144
Label Engine,train,NCI-H2170,150-299,153,151,2,-2,154,152
Label Engine,train,NCI-H2170,150-299,153,165,12,12,154,166
Label Engine,train,NCI-H2170,150-299,154,155,1,1,155,156
Label Engine,train,NCI-H2170,150-299,155,131,24,-24,156,132
Label Engine,train,NCI-H2170,150-299,156,75,81,-81,157,76
Label Engine,val,NCI-H2170,150-299,156,149,7,-7,157,150
Label Engine,val,NCI-H2170,150-299,157,161,4,4,158,162
Label Engine,val,NCI-H2170,150-299,157,161,4,4,158,162
Label Engine,train,NCI-H2170,150-299,157,156,1,-1,158,157
Label Engine,train,NCI-H2170,150-299,157,131,26,-26,158,132
Label Engine,train,SNU16,150-299,157,131,26,-26,158,132
Label Engine,val,NCI-H2170,150-299,158,142,16,-16,159,143
Label Engine,val,NCI-H2170,150-299,158,151,7,-7,159,152
Label Engine,test,SNU16,150-299,158,160,2,2,159,161
Label Engine,val,NCI-H2170,150-299,159,163,4,4,160,164
Label Engine,test,NCI-H2170,150-299,159,159,0,0,160,160
Label Engine,train,NCI-H2170,150-299,159,146,13,-13,160,147
Label Engine,train,NCI-H2170,150-299,160,152,8,-8,161,153
Label Engine,val,NCI-H2170,150-299,160,144,16,-16,161,145
Label Engine,val,NCI-H2170,150-299,160,90,70,-70,161,91
Label Engine,train,NCI-H2170,150-299,160,153,7,-7,161,154
Label Engine,train,NCI-H2170,150-299,161,116,45,-45,162,117
Label Engine,val,SNU16,150-299,161,177,16,16,162,178
Label Engine,train,NCI-H2170,150-299,162,162,0,0,163,163
Label Engine,train,NCI-H2170,150-299,162,154,8,-8,163,155
Label Engine,train,NCI-H2170,150-299,163,170,7,7,164,171
Label Engine,train,NCI-H2170,150-299,163,84,79,-79,164,85
Label Engine,train,NCI-H2170,150-299,163,132,31,-31,164,133
Label Engine,test,NCI-H716,150-299,163,67,96,-96,164,68
Label Engine,train,NCI-H716,150-299,163,153,10,-10,164,154
Label Engine,test,NCI-H2170,150-299,164,141,23,-23,165,142
Label Engine,train,NCI-H2170,150-299,164,134,30,-30,165,135
Label Engine,train,NCI-H2170,150-299,165,158,7,-7,166,159
Label Engine,train,NCI-H2170,150-299,165,113,52,-52,166,114
Label Engine,train,NCI-H2170,150-299,166,106,60,-60,167,107
Label Engine,train,NCI-H2170,150-299,166,147,19,-19,167,148
Label Engine,val,NCI-H716,150-299,166,113,53,-53,167,114
Label Engine,val,NCI-H716,150-299,166,123,43,-43,167,124
Label Engine,test,NCI-H716,150-299,166,105,61,-61,167,106
Label Engine,test,SNU16,150-299,166,119,47,-47,167,120
Label Engine,train,NCI-H2170,150-299,167,156,11,-11,168,157
Label Engine,train,NCI-H2170,150-299,167,179,12,12,168,180
Label Engine,train,NCI-H2170,150-299,168,105,63,-63,169,106
Label Engine,val,NCI-H2170,150-299,168,160,8,-8,169,161
Label Engine,train,NCI-H2170,150-299,168,134,34,-34,169,135
Label Engine,train,NCI-H2170,150-299,168,149,19,-19,169,150
Label Engine,test,NCI-H2170,150-299,169,183,14,14,170,184
Label Engine,val,NCI-H716,150-299,169,75,94,-94,170,76
Label Engine,train,NCI-H2170,150-299,170,173,3,3,171,174
Label Engine,train,NCI-H2170,150-299,170,164,6,-6,171,165
Label Engine,test,NCI-H2170,150-299,170,128,42,-42,171,129
Label Engine,train,SNU16,150-299,170,171,1,1,171,172
Label Engine,test,NCI-H716,150-299,171,81,90,-90,172,82
Label Engine,train,NCI-H2170,150-299,172,178,6,6,173,179
Label Engine,train,NCI-H716,150-299,172,106,66,-66,173,107
Label Engine,train,NCI-H716,150-299,172,160,12,-12,173,161
Label Engine,train,SNU16,150-299,172,22,150,-150,173,23
Label Engine,train,NCI-H2170,150-299,173,164,9,-9,174,165
Label Engine,val,NCI-H2170,150-299,173,141,32,-32,174,142
Label Engine,test,NCI-H2170,150-299,174,153,21,-21,175,154
Label Engine,train,NCI-H2170,150-299,174,140,34,-34,175,141
Label Engine,test,NCI-H2170,150-299,174,177,3,3,175,178
Label Engine,val,SNU16,150-299,174,84,90,-90,175,85
Label Engine,test,NCI-H2170,150-299,175,171,4,-4,176,172
Label Engine,train,NCI-H2170,150-299,175,190,15,15,176,191
Label Engine,test,NCI-H2170,150-299,175,123,52,-52,176,124
Label Engine,train,NCI-H2170,150-299,176,55,121,-121,177,56
Label Engine,train,NCI-H716,150-299,176,96,80,-80,177,97
Label Engine,train,NCI-H2170,150-299,177,129,48,-48,178,130
Label Engine,train,NCI-H2170,150-299,177,152,25,-25,178,153
Label Engine,val,NCI-H2170,150-299,177,145,32,-32,178,146
Label Engine,train,NCI-H2170,150-299,177,158,19,-19,178,159
Label Engine,train,NCI-H716,150-299,177,105,72,-72,178,106
Label Engine,test,SNU16,150-299,177,25,152,-152,178,26
Label Engine,train,NCI-H2170,150-299,178,228,50,50,179,229
Label Engine,test,NCI-H2170,150-299,178,161,17,-17,179,162
Label Engine,train,NCI-H716,150-299,178,56,122,-122,179,57
Label Engine,train,SNU16,150-299,178,144,34,-34,179,145
Label Engine,train,NCI-H2170,150-299,179,172,7,-7,180,173
Label Engine,test,NCI-H2170,150-299,179,154,25,-25,180,155
Label Engine,train,NCI-H2170,150-299,179,181,2,2,180,182
Label Engine,train,NCI-H2170,150-299,179,135,44,-44,180,136
Label Engine,train,NCI-H716,150-299,179,91,88,-88,180,92
Label Engine,train,NCI-H716,150-299,179,96,83,-83,180,97
Label Engine,train,NCI-H2170,150-299,180,163,17,-17,181,164
Label Engine,test,NCI-H2170,150-299,180,180,0,0,181,181
Label Engine,train,NCI-H2170,150-299,180,134,46,-46,181,135
Label Engine,train,NCI-H2170,150-299,180,159,21,-21,181,160
Label Engine,val,NCI-H2170,150-299,181,199,18,18,182,200
Label Engine,train,NCI-H2170,150-299,181,174,7,-7,182,175
Label Engine,train,NCI-H2170,150-299,181,175,6,-6,182,176
Label Engine,train,NCI-H2170,150-299,181,180,1,-1,182,181
Label Engine,train,NCI-H2170,150-299,181,186,5,5,182,187
Label Engine,train,NCI-H2170,150-299,181,143,38,-38,182,144
Label Engine,train,NCI-H716,150-299,181,116,65,-65,182,117
Label Engine,train,SNU16,150-299,181,58,123,-123,182,59
Label Engine,test,NCI-H2170,150-299,182,183,1,1,183,184
Label Engine,test,NCI-H2170,150-299,182,311,129,129,183,312
Label Engine,train,NCI-H2170,150-299,182,140,42,-42,183,141
Label Engine,train,NCI-H716,150-299,182,135,47,-47,183,136
Label Engine,val,NCI-H2170,150-299,183,155,28,-28,184,156
Label Engine,train,NCI-H2170,150-299,183,133,50,-50,184,134
Label Engine,test,SNU16,150-299,183,103,80,-80,184,104
Label Engine,train,NCI-H2170,150-299,184,173,11,-11,185,174
Label Engine,test,NCI-H2170,150-299,184,173,11,-11,185,174
Label Engine,train,NCI-H2170,150-299,184,162,22,-22,185,163
Label Engine,test,NCI-H2170,150-299,184,183,1,-1,185,184
Label Engine,train,NCI-H2170,150-299,184,148,36,-36,185,149
Label Engine,train,NCI-H2170,150-299,185,142,43,-43,186,143
Label Engine,train,NCI-H2170,150-299,185,165,20,-20,186,166
Label Engine,test,NCI-H716,150-299,185,178,7,-7,186,179
Label Engine,train,NCI-H2170,150-299,186,183,3,-3,187,184
Label Engine,train,NCI-H2170,150-299,186,190,4,4,187,191
Label Engine,test,NCI-H2170,150-299,186,197,11,11,187,198
Label Engine,train,NCI-H2170,150-299,186,185,1,-1,187,186
Label Engine,train,NCI-H2170,150-299,187,202,15,15,188,203
Label Engine,test,NCI-H2170,150-299,187,172,15,-15,188,173
Label Engine,val,NCI-H2170,150-299,188,192,4,4,189,193
Label Engine,train,NCI-H2170,150-299,188,114,74,-74,189,115
Label Engine,train,NCI-H2170,150-299,189,135,54,-54,190,136
Label Engine,test,NCI-H2170,150-299,189,166,23,-23,190,167
Label Engine,val,SNU16,150-299,189,62,127,-127,190,63
Label Engine,train,NCI-H2170,150-299,190,163,27,-27,191,164
Label Engine,train,NCI-H2170,150-299,190,181,9,-9,191,182
Label Engine,train,SNU16,150-299,190,274,84,84,191,275
Label Engine,train,NCI-H2170,150-299,191,208,17,17,192,209
Label Engine,train,NCI-H2170,150-299,191,57,134,-134,192,58
Label Engine,val,NCI-H2170,150-299,191,188,3,-3,192,189
Label Engine,test,NCI-H2170,150-299,191,145,46,-46,192,146
Label Engine,train,NCI-H2170,150-299,191,177,14,-14,192,178
Label Engine,train,NCI-H716,150-299,191,109,82,-82,192,110
Label Engine,test,SNU16,150-299,191,94,97,-97,192,95
Label Engine,test,NCI-H2170,150-299,192,186,6,-6,193,187
Label Engine,val,NCI-H2170,150-299,192,165,27,-27,193,166
Label Engine,val,NCI-H2170,150-299,192,161,31,-31,193,162
Label Engine,train,NCI-H2170,150-299,193,170,23,-23,194,171
Label Engine,test,NCI-H2170,150-299,193,153,40,-40,194,154
Label Engine,test,SNU16,150-299,193,112,81,-81,194,113
Label Engine,train,NCI-H2170,150-299,194,208,14,14,195,209
Label Engine,train,NCI-H2170,150-299,194,151,43,-43,195,152
Label Engine,train,NCI-H716,150-299,194,154,40,-40,195,155
Label Engine,val,NCI-H2170,150-299,195,155,40,-40,196,156
Label Engine,train,NCI-H716,150-299,195,130,65,-65,196,131
Label Engine,train,NCI-H2170,150-299,196,123,73,-73,197,124
Label Engine,val,NCI-H2170,150-299,196,188,8,-8,197,189
Label Engine,train,NCI-H2170,150-299,197,197,0,0,198,198
Label Engine,train,NCI-H2170,150-299,197,190,7,-7,198,191
Label Engine,train,NCI-H2170,150-299,197,159,38,-38,198,160
Label Engine,train,NCI-H2170,150-299,199,202,3,3,200,203
Label Engine,train,NCI-H2170,150-299,199,177,22,-22,200,178
Label Engine,train,NCI-H2170,150-299,200,179,21,-21,201,180
Label Engine,train,NCI-H2170,150-299,201,276,75,75,202,277
Label Engine,val,NCI-H2170,150-299,201,52,149,-149,202,53
Label Engine,val,NCI-H2170,150-299,201,218,17,17,202,219
Label Engine,train,NCI-H2170,150-299,201,156,45,-45,202,157
Label Engine,test,NCI-H2170,150-299,202,204,2,2,203,205
Label Engine,train,NCI-H2170,150-299,202,155,47,-47,203,156
Label Engine,val,NCI-H716,150-299,202,85,117,-117,203,86
Label Engine,val,NCI-H2170,150-299,203,195,8,-8,204,196
Label Engine,train,NCI-H2170,150-299,203,175,28,-28,204,176
Label Engine,train,SNU16,150-299,203,139,64,-64,204,140
Label Engine,train,NCI-H2170,150-299,204,198,6,-6,205,199
Label Engine,train,NCI-H2170,150-299,205,214,9,9,206,215
Label Engine,train,NCI-H2170,150-299,205,204,1,-1,206,205
Label Engine,train,NCI-H2170,150-299,206,163,43,-43,207,164
Label Engine,train,SNU16,150-299,206,70,136,-136,207,71
Label Engine,train,NCI-H2170,150-299,207,199,8,-8,208,200
Label Engine,train,NCI-H2170,150-299,207,199,8,-8,208,200
Label Engine,train,NCI-H2170,150-299,207,209,2,2,208,210
Label Engine,val,NCI-H716,150-299,207,146,61,-61,208,147
Label Engine,train,SNU16,150-299,207,310,103,103,208,311
Label Engine,train,NCI-H2170,150-299,209,195,14,-14,210,196
Label Engine,train,NCI-H2170,150-299,209,204,5,-5,210,205
Label Engine,train,NCI-H2170,150-299,209,190,19,-19,210,191
Label Engine,train,SNU16,150-299,209,144,65,-65,210,145
Label Engine,train,NCI-H2170,150-299,210,200,10,-10,211,201
Label Engine,val,NCI-H2170,150-299,210,194,16,-16,211,195
Label Engine,train,NCI-H2170,150-299,210,117,93,-93,211,118
Label Engine,train,NCI-H2170,150-299,210,161,49,-49,211,162
Label Engine,test,NCI-H716,150-299,210,104,106,-106,211,105
Label Engine,train,NCI-H716,150-299,210,111,99,-99,211,112
Label Engine,train,NCI-H2170,150-299,211,187,24,-24,212,188
Label Engine,train,NCI-H2170,150-299,211,94,117,-117,212,95
Label Engine,train,NCI-H2170,150-299,211,90,121,-121,212,91
Label Engine,train,NCI-H2170,150-299,211,182,29,-29,212,183
Label Engine,val,NCI-H2170,150-299,211,186,25,-25,212,187
Label Engine,train,NCI-H716,150-299,211,131,80,-80,212,132
Label Engine,train,NCI-H716,150-299,211,158,53,-53,212,159
Label Engine,val,NCI-H2170,150-299,212,199,13,-13,213,200
Label Engine,train,NCI-H2170,150-299,212,202,10,-10,213,203
Label Engine,train,NCI-H2170,150-299,212,135,77,-77,213,136
Label Engine,train,SNU16,150-299,212,74,138,-138,213,75
Label Engine,train,NCI-H2170,150-299,213,211,2,-2,214,212
Label Engine,train,NCI-H2170,150-299,213,40,173,-173,214,41
Label Engine,val,NCI-H2170,150-299,213,241,28,28,214,242
Label Engine,train,NCI-H716,150-299,213,154,59,-59,214,155
Label Engine,test,SNU16,150-299,213,73,140,-140,214,74
Label Engine,train,NCI-H2170,150-299,214,205,9,-9,215,206
Label Engine,val,NCI-H2170,150-299,214,204,10,-10,215,205
Label Engine,val,NCI-H716,150-299,214,120,94,-94,215,121
Label Engine,train,SNU16,150-299,214,164,50,-50,215,165
Label Engine,train,NCI-H2170,150-299,215,212,3,-3,216,213
Label Engine,train,NCI-H2170,150-299,216,80,136,-136,217,81
Label Engine,test,NCI-H2170,150-299,217,206,11,-11,218,207
Label Engine,train,NCI-H2170,150-299,217,190,27,-27,218,191
Label Engine,train,NCI-H2170,150-299,219,221,2,2,220,222
Label Engine,train,NCI-H2170,150-299,220,209,11,-11,221,210
Label Engine,train,NCI-H2170,150-299,220,242,22,22,221,243
Label Engine,val,NCI-H2170,150-299,220,213,7,-7,221,214
Label Engine,train,NCI-H2170,150-299,221,214,7,-7,222,215
Label Engine,val,SNU16,150-299,221,99,122,-122,222,100
Label Engine,train,SNU16,150-299,222,231,9,9,223,232
Label Engine,val,SNU16,150-299,222,105,117,-117,223,106
Label Engine,val,NCI-H2170,150-299,223,219,4,-4,224,220
Label Engine,test,NCI-H2170,150-299,223,169,54,-54,224,170
Label Engine,train,NCI-H2170,150-299,223,176,47,-47,224,177
Label Engine,train,NCI-H2170,150-299,223,189,34,-34,224,190
Label Engine,test,NCI-H2170,150-299,223,164,59,-59,224,165
Label Engine,train,NCI-H716,150-299,223,151,72,-72,224,152
Label Engine,train,SNU16,150-299,223,155,68,-68,224,156
Label Engine,train,NCI-H2170,150-299,224,200,24,-24,225,201
Label Engine,train,SNU16,150-299,224,140,84,-84,225,141
Label Engine,test,NCI-H2170,150-299,225,213,12,-12,226,214
Label Engine,train,SNU16,150-299,225,160,65,-65,226,161
Label Engine,train,SNU16,150-299,225,119,106,-106,226,120
Label Engine,train,NCI-H2170,150-299,226,131,95,-95,227,132
Label Engine,train,NCI-H2170,150-299,226,249,23,23,227,250
Label Engine,train,NCI-H2170,150-299,226,229,3,3,227,230
Label Engine,train,NCI-H2170,150-299,226,226,0,0,227,227
Label Engine,train,NCI-H2170,150-299,226,165,61,-61,227,166
Label Engine,train,SNU16,150-299,227,190,37,-37,228,191
Label Engine,val,NCI-H2170,150-299,228,206,22,-22,229,207
Label Engine,train,NCI-H2170,150-299,228,195,33,-33,229,196
Label Engine,train,NCI-H2170,150-299,228,186,42,-42,229,187
Label Engine,train,SNU16,150-299,228,148,80,-80,229,149
Label Engine,train,NCI-H2170,150-299,229,285,56,56,230,286
Label Engine,test,NCI-H2170,150-299,229,232,3,3,230,233
Label Engine,train,NCI-H2170,150-299,230,271,41,41,231,272
Label Engine,train,SNU16,150-299,230,103,127,-127,231,104
Label Engine,train,NCI-H2170,150-299,231,219,12,-12,232,220
Label Engine,train,NCI-H716,150-299,231,163,68,-68,232,164
Label Engine,train,NCI-H2170,150-299,232,212,20,-20,233,213
Label Engine,val,SNU16,150-299,232,87,145,-145,233,88
Label Engine,test,NCI-H2170,150-299,233,220,13,-13,234,221
Label Engine,val,NCI-H2170,150-299,233,181,52,-52,234,182
Label Engine,train,NCI-H2170,150-299,233,204,29,-29,234,205
Label Engine,train,NCI-H2170,150-299,233,208,25,-25,234,209
Label Engine,train,NCI-H2170,150-299,235,234,1,-1,236,235
Label Engine,train,NCI-H2170,150-299,235,280,45,45,236,281
Label Engine,train,NCI-H2170,150-299,235,208,27,-27,236,209
Label Engine,test,NCI-H2170,150-299,235,226,9,-9,236,227
Label Engine,train,NCI-H2170,150-299,236,217,19,-19,237,218
Label Engine,train,NCI-H2170,150-299,236,204,32,-32,237,205
Label Engine,train,NCI-H2170,150-299,236,222,14,-14,237,223
Label Engine,val,NCI-H2170,150-299,236,202,34,-34,237,203
Label Engine,test,NCI-H716,150-299,236,144,92,-92,237,145
Label Engine,test,NCI-H2170,150-299,237,235,2,-2,238,236
Label Engine,val,NCI-H2170,150-299,237,177,60,-60,238,178
Label Engine,val,SNU16,150-299,237,27,210,-210,238,28
Label Engine,train,NCI-H2170,150-299,238,197,41,-41,239,198
Label Engine,test,SNU16,150-299,238,186,52,-52,239,187
Label Engine,val,SNU16,150-299,238,124,114,-114,239,125
Label Engine,test,NCI-H2170,150-299,239,250,11,11,240,251
Label Engine,train,NCI-H2170,150-299,239,221,18,-18,240,222
Label Engine,train,NCI-H2170,150-299,239,201,38,-38,240,202
Label Engine,train,NCI-H2170,150-299,239,198,41,-41,240,199
Label Engine,train,NCI-H716,150-299,239,187,52,-52,240,188
Label Engine,val,SNU16,150-299,239,74,165,-165,240,75
Label Engine,train,NCI-H2170,150-299,240,249,9,9,241,250
Label Engine,train,SNU16,150-299,241,271,30,30,242,272
Label Engine,train,SNU16,150-299,241,169,72,-72,242,170
Label Engine,test,NCI-H2170,150-299,242,184,58,-58,243,185
Label Engine,train,NCI-H2170,150-299,242,156,86,-86,243,157
Label Engine,train,SNU16,150-299,242,150,92,-92,243,151
Label Engine,train,NCI-H2170,150-299,243,239,4,-4,244,240
Label Engine,train,NCI-H2170,150-299,243,344,101,101,244,345
Label Engine,train,NCI-H2170,150-299,244,245,1,1,245,246
Label Engine,train,NCI-H2170,150-299,244,234,10,-10,245,235
Label Engine,train,SNU16,150-299,244,103,141,-141,245,104
Label Engine,test,NCI-H2170,150-299,245,258,13,13,246,259
Label Engine,train,NCI-H2170,150-299,245,197,48,-48,246,198
Label Engine,train,NCI-H2170,150-299,245,199,46,-46,246,200
Label Engine,test,NCI-H2170,150-299,246,220,26,-26,247,221
Label Engine,train,NCI-H2170,150-299,246,229,17,-17,247,230
Label Engine,train,NCI-H2170,150-299,246,254,8,8,247,255
Label Engine,test,NCI-H2170,150-299,246,205,41,-41,247,206
Label Engine,train,NCI-H2170,150-299,246,154,92,-92,247,155
Label Engine,test,NCI-H2170,150-299,246,247,1,1,247,248
Label Engine,train,NCI-H2170,150-299,246,184,62,-62,247,185
Label Engine,test,NCI-H2170,150-299,248,244,4,-4,249,245
Label Engine,train,NCI-H2170,150-299,249,256,7,7,250,257
Label Engine,train,NCI-H2170,150-299,249,207,42,-42,250,208
Label Engine,train,NCI-H2170,150-299,250,245,5,-5,251,246
Label Engine,train,NCI-H2170,150-299,250,262,12,12,251,263
Label Engine,train,NCI-H2170,150-299,250,248,2,-2,251,249
Label Engine,train,NCI-H2170,150-299,250,208,42,-42,251,209
Label Engine,test,NCI-H2170,150-299,251,219,32,-32,252,220
Label Engine,train,SNU16,150-299,251,229,22,-22,252,230
Label Engine,test,NCI-H2170,150-299,252,244,8,-8,253,245
Label Engine,train,NCI-H2170,150-299,252,228,24,-24,253,229
Label Engine,train,NCI-H2170,150-299,252,242,10,-10,253,243
Label Engine,train,NCI-H2170,150-299,254,255,1,1,255,256
Label Engine,val,SNU16,150-299,254,240,14,-14,255,241
Label Engine,train,NCI-H2170,150-299,255,239,16,-16,256,240
Label Engine,train,NCI-H2170,150-299,256,301,45,45,257,302
Label Engine,train,SNU16,150-299,256,206,50,-50,257,207
Label Engine,train,NCI-H2170,150-299,257,195,62,-62,258,196
Label Engine,train,NCI-H2170,150-299,257,254,3,-3,258,255
Label Engine,train,NCI-H2170,150-299,258,185,73,-73,259,186
Label Engine,train,NCI-H2170,150-299,258,202,56,-56,259,203
Label Engine,train,NCI-H2170,150-299,259,240,19,-19,260,241
Label Engine,train,NCI-H2170,150-299,259,260,1,1,260,261
Label Engine,train,NCI-H2170,150-299,259,117,142,-142,260,118
Label Engine,train,NCI-H2170,150-299,259,224,35,-35,260,225
Label Engine,train,NCI-H2170,150-299,260,292,32,32,261,293
Label Engine,train,NCI-H2170,150-299,260,242,18,-18,261,243
Label Engine,train,NCI-H2170,150-299,261,265,4,4,262,266
Label Engine,train,NCI-H2170,150-299,261,193,68,-68,262,194
Label Engine,train,SNU16,150-299,261,190,71,-71,262,191
Label Engine,train,NCI-H2170,150-299,262,225,37,-37,263,226
Label Engine,train,NCI-H2170,150-299,262,226,36,-36,263,227
Label Engine,train,NCI-H716,150-299,262,154,108,-108,263,155
Label Engine,train,NCI-H2170,150-299,264,289,25,25,265,290
Label Engine,train,NCI-H2170,150-299,265,249,16,-16,266,250
Label Engine,train,NCI-H2170,150-299,265,221,44,-44,266,222
Label Engine,train,SNU16,150-299,265,235,30,-30,266,236
Label Engine,val,NCI-H2170,150-299,266,265,1,-1,267,266
Label Engine,train,NCI-H2170,150-299,266,260,6,-6,267,261
Label Engine,train,SNU16,150-299,267,234,33,-33,268,235
Label Engine,train,SNU16,150-299,268,115,153,-153,269,116
Label Engine,test,SNU16,150-299,270,145,125,-125,271,146
Label Engine,train,SNU16,150-299,271,157,114,-114,272,158
Label Engine,train,SNU16,150-299,271,91,180,-180,272,92
Label Engine,test,SNU16,150-299,271,211,60,-60,272,212
Label Engine,val,NCI-H2170,150-299,273,235,38,-38,274,236
Label Engine,train,NCI-H716,150-299,273,227,46,-46,274,228
Label Engine,train,NCI-H2170,150-299,274,248,26,-26,275,249
Label Engine,test,NCI-H2170,150-299,274,257,17,-17,275,258
Label Engine,train,NCI-H2170,150-299,274,263,11,-11,275,264
Label Engine,train,NCI-H2170,150-299,274,209,65,-65,275,210
Label Engine,train,NCI-H716,150-299,274,147,127,-127,275,148
Label Engine,val,SNU16,150-299,274,50,224,-224,275,51
Label Engine,train,NCI-H2170,150-299,276,252,24,-24,277,253
Label Engine,train,NCI-H2170,150-299,277,294,17,17,278,295
Label Engine,test,NCI-H2170,150-299,278,244,34,-34,279,245
Label Engine,train,NCI-H2170,150-299,278,253,25,-25,279,254
Label Engine,train,SNU16,150-299,279,40,239,-239,280,41
Label Engine,train,NCI-H2170,150-299,280,270,10,-10,281,271
Label Engine,val,NCI-H2170,150-299,281,280,1,-1,282,281
Label Engine,val,NCI-H2170,150-299,281,271,10,-10,282,272
Label Engine,val,NCI-H2170,150-299,281,273,8,-8,282,274
Label Engine,train,NCI-H716,150-299,281,196,85,-85,282,197
Label Engine,train,NCI-H2170,150-299,282,289,7,7,283,290
Label Engine,train,NCI-H2170,150-299,282,280,2,-2,283,281
Label Engine,train,NCI-H2170,150-299,283,282,1,-1,284,283
Label Engine,train,NCI-H2170,150-299,283,304,21,21,284,305
Label Engine,train,NCI-H2170,150-299,283,222,61,-61,284,223
Label Engine,test,NCI-H2170,150-299,284,315,31,31,285,316
Label Engine,train,NCI-H2170,150-299,284,293,9,9,285,294
Label Engine,train,NCI-H2170,150-299,285,289,4,4,286,290
Label Engine,train,NCI-H2170,150-299,286,240,46,-46,287,241
Label Engine,train,SNU16,150-299,286,194,92,-92,287,195
Label Engine,train,NCI-H2170,150-299,287,293,6,6,288,294
Label Engine,train,NCI-H2170,150-299,287,246,41,-41,288,247
Label Engine,train,NCI-H2170,150-299,288,265,23,-23,289,266
Label Engine,train,NCI-H2170,150-299,289,309,20,20,290,310
Label Engine,train,SNU16,150-299,289,162,127,-127,290,163
Label Engine,train,NCI-H2170,150-299,290,277,13,-13,291,278
Label Engine,train,NCI-H2170,150-299,291,256,35,-35,292,257
Label Engine,train,NCI-H2170,150-299,291,176,115,-115,292,177
Label Engine,train,NCI-H716,150-299,291,133,158,-158,292,134
Label Engine,train,NCI-H2170,150-299,292,284,8,-8,293,285
Label Engine,train,NCI-H2170,150-299,292,285,7,-7,293,286
Label Engine,train,NCI-H2170,150-299,292,274,18,-18,293,275
Label Engine,test,NCI-H2170,150-299,296,303,7,7,297,304
Label Engine,test,NCI-H2170,150-299,296,271,25,-25,297,272
Label Engine,val,NCI-H2170,150-299,296,329,33,33,297,330
Label Engine,train,NCI-H2170,150-299,297,315,18,18,298,316
Label Engine,train,SNU16,150-299,297,184,113,-113,298,185
Label Engine,train,NCI-H2170,150-299,299,298,1,-1,300,299
Label Engine,test,NCI-H2170,150-299,299,313,14,14,300,314
Label Engine,train,NCI-H2170,150-299,299,270,29,-29,300,271
Label Engine,test,NCI-H2170,300+,300,296,4,-4,301,297
Label Engine,train,SNU16,300+,301,81,220,-220,302,82
Label Engine,test,NCI-H2170,300+,302,287,15,-15,303,288
Label Engine,val,NCI-H2170,300+,302,234,68,-68,303,235
Label Engine,val,NCI-H2170,300+,303,247,56,-56,304,248
Label Engine,train,SNU16,300+,303,299,4,-4,304,300
Label Engine,train,NCI-H2170,300+,305,321,16,16,306,322
Label Engine,train,NCI-H2170,300+,307,300,7,-7,308,301
Label Engine,train,NCI-H2170,300+,307,282,25,-25,308,283
Label Engine,test,NCI-H2170,300+,308,285,23,-23,309,286
Label Engine,train,NCI-H2170,300+,308,253,55,-55,309,254
Label Engine,test,SNU16,300+,309,407,98,98,310,408
Label Engine,train,SNU16,300+,311,133,178,-178,312,134
Label Engine,train,SNU16,300+,313,123,190,-190,314,124
Label Engine,train,SNU16,300+,313,70,243,-243,314,71
Label Engine,train,NCI-H2170,300+,314,279,35,-35,315,280
Label Engine,train,NCI-H2170,300+,314,290,24,-24,315,291
Label Engine,train,NCI-H2170,300+,314,276,38,-38,315,277
Label Engine,val,NCI-H2170,300+,314,218,96,-96,315,219
Label Engine,test,NCI-H2170,300+,316,303,13,-13,317,304
Label Engine,train,SNU16,300+,317,287,30,-30,318,288
Label Engine,train,NCI-H2170,300+,318,346,28,28,319,347
Label Engine,train,NCI-H2170,300+,318,234,84,-84,319,235
Label Engine,test,NCI-H2170,300+,318,281,37,-37,319,282
Label Engine,train,NCI-H2170,300+,319,226,93,-93,320,227
Label Engine,train,SNU16,300+,320,311,9,-9,321,312
Label Engine,train,SNU16,300+,321,825,504,504,322,826
Label Engine,train,NCI-H716,300+,322,155,167,-167,323,156
Label Engine,train,NCI-H2170,300+,323,200,123,-123,324,201
Label Engine,train,NCI-H2170,300+,323,308,15,-15,324,309
Label Engine,val,NCI-H2170,300+,324,316,8,-8,325,317
Label Engine,test,SNU16,300+,324,218,106,-106,325,219
Label Engine,train,NCI-H2170,300+,325,320,5,-5,326,321
Label Engine,test,SNU16,300+,325,241,84,-84,326,242
Label Engine,train,NCI-H2170,300+,328,308,20,-20,329,309
Label Engine,test,NCI-H2170,300+,328,255,73,-73,329,256
Label Engine,train,NCI-H2170,300+,329,403,74,74,330,404
Label Engine,train,NCI-H2170,300+,329,305,24,-24,330,306
Label Engine,train,NCI-H2170,300+,329,331,2,2,330,332
Label Engine,test,NCI-H2170,300+,330,309,21,-21,331,310
Label Engine,train,NCI-H2170,300+,332,304,28,-28,333,305
Label Engine,train,NCI-H2170,300+,333,303,30,-30,334,304
Label Engine,train,NCI-H2170,300+,335,304,31,-31,336,305
Label Engine,train,NCI-H2170,300+,337,341,4,4,338,342
Label Engine,train,NCI-H2170,300+,339,341,2,2,340,342
Label Engine,test,NCI-H2170,300+,340,360,20,20,341,361
Label Engine,test,NCI-H2170,300+,341,325,16,-16,342,326
Label Engine,test,NCI-H2170,300+,341,321,20,-20,342,322
Label Engine,train,SNU16,300+,341,255,86,-86,342,256
Label Engine,val,NCI-H2170,300+,343,334,9,-9,344,335
Label Engine,train,NCI-H2170,300+,344,347,3,3,345,348
Label Engine,train,NCI-H2170,300+,348,217,131,-131,349,218
Label Engine,train,NCI-H2170,300+,349,317,32,-32,350,318
Label Engine,train,NCI-H716,300+,349,287,62,-62,350,288
Label Engine,train,NCI-H2170,300+,350,400,50,50,351,401
Label Engine,train,NCI-H716,300+,350,214,136,-136,351,215
Label Engine,val,NCI-H2170,300+,352,277,75,-75,353,278
Label Engine,train,NCI-H2170,300+,354,342,12,-12,355,343
Label Engine,train,NCI-H2170,300+,355,341,14,-14,356,342
Label Engine,test,NCI-H2170,300+,358,389,31,31,359,390
Label Engine,train,NCI-H2170,300+,359,323,36,-36,360,324
Label Engine,val,NCI-H2170,300+,359,399,40,40,360,400
Label Engine,train,NCI-H2170,300+,362,335,27,-27,363,336
Label Engine,test,NCI-H2170,300+,365,328,37,-37,366,329
Label Engine,val,SNU16,300+,366,267,99,-99,367,268
Label Engine,val,NCI-H2170,300+,368,289,79,-79,369,290
Label Engine,train,NCI-H716,300+,368,237,131,-131,369,238
Label Engine,train,SNU16,300+,368,227,141,-141,369,228
Label Engine,train,NCI-H716,300+,369,257,112,-112,370,258
Label Engine,train,NCI-H2170,300+,370,339,31,-31,371,340
Label Engine,train,SNU16,300+,370,233,137,-137,371,234
Label Engine,train,NCI-H2170,300+,371,363,8,-8,372,364
Label Engine,train,SNU16,300+,372,241,131,-131,373,242
Label Engine,train,NCI-H2170,300+,373,383,10,10,374,384
Label Engine,train,SNU16,300+,374,284,90,-90,375,285
Label Engine,train,NCI-H2170,300+,375,378,3,3,376,379
Label Engine,train,NCI-H2170,300+,375,365,10,-10,376,366
Label Engine,train,NCI-H2170,300+,375,404,29,29,376,405
Label Engine,test,NCI-H2170,300+,375,352,23,-23,376,353
Label Engine,train,NCI-H2170,300+,376,368,8,-8,377,369
Label Engine,train,SNU16,300+,376,362,14,-14,377,363
Label Engine,train,NCI-H2170,300+,378,368,10,-10,379,369
Label Engine,val,NCI-H2170,300+,378,339,39,-39,379,340
Label Engine,val,SNU16,300+,380,226,154,-154,381,227
Label Engine,train,NCI-H2170,300+,382,395,13,13,383,396
Label Engine,val,SNU16,300+,382,506,124,124,383,507
Label Engine,train,NCI-H716,300+,386,214,172,-172,387,215
Label Engine,train,NCI-H2170,300+,390,378,12,-12,391,379
Label Engine,train,NCI-H2170,300+,390,269,121,-121,391,270
Label Engine,train,NCI-H2170,300+,391,418,27,27,392,419
Label Engine,train,SNU16,300+,392,277,115,-115,393,278
Label Engine,train,SNU16,300+,394,203,191,-191,395,204
Label Engine,train,NCI-H2170,300+,395,373,22,-22,396,374
Label Engine,test,NCI-H2170,300+,396,412,16,16,397,413
Label Engine,train,NCI-H2170,300+,396,329,67,-67,397,330
Label Engine,train,NCI-H2170,300+,396,340,56,-56,397,341
Label Engine,train,NCI-H2170,300+,398,472,74,74,399,473
Label Engine,test,NCI-H2170,300+,400,336,64,-64,401,337
Label Engine,train,NCI-H2170,300+,402,378,24,-24,403,379
Label Engine,train,NCI-H2170,300+,402,389,13,-13,403,390
Label Engine,val,NCI-H2170,300+,402,380,22,-22,403,381
Label Engine,test,NCI-H2170,300+,403,395,8,-8,404,396
Label Engine,train,NCI-H2170,300+,404,396,8,-8,405,397
Label Engine,test,NCI-H2170,300+,406,218,188,-188,407,219
Label Engine,train,NCI-H2170,300+,406,322,84,-84,407,323
Label Engine,train,NCI-H2170,300+,407,348,59,-59,408,349
Label Engine,test,NCI-H2170,300+,411,393,18,-18,412,394
Label Engine,train,NCI-H2170,300+,413,390,23,-23,414,391
Label Engine,train,SNU16,300+,413,385,28,-28,414,386
Label Engine,val,SNU16,300+,415,112,303,-303,416,113
Label Engine,train,NCI-H2170,300+,418,438,20,20,419,439
Label Engine,train,NCI-H2170,300+,419,302,117,-117,420,303
Label Engine,test,SNU16,300+,422,302,120,-120,423,303
Label Engine,train,NCI-H2170,300+,425,442,17,17,426,443
Label Engine,val,SNU16,300+,426,307,119,-119,427,308
Label Engine,val,NCI-H2170,300+,430,406,24,-24,431,407
Label Engine,train,NCI-H2170,300+,431,417,14,-14,432,418
Label Engine,train,SNU16,300+,433,228,205,-205,434,229
Label Engine,train,NCI-H2170,300+,434,409,25,-25,435,410
Label Engine,train,SNU16,300+,434,241,193,-193,435,242
Label Engine,train,NCI-H2170,300+,436,387,49,-49,437,388
Label Engine,train,NCI-H2170,300+,438,370,68,-68,439,371
Label Engine,train,NCI-H2170,300+,438,402,36,-36,439,403
Label Engine,train,NCI-H2170,300+,441,439,2,-2,442,440
Label Engine,val,NCI-H2170,300+,442,472,30,30,443,473
Label Engine,train,SNU16,300+,444,86,358,-358,445,87
Label Engine,test,NCI-H2170,300+,445,363,82,-82,446,364
Label Engine,test,NCI-H2170,300+,446,457,11,11,447,458
Label Engine,train,NCI-H2170,300+,446,434,12,-12,447,435
Label Engine,val,NCI-H2170,300+,451,366,85,-85,452,367
Label Engine,train,NCI-H2170,300+,453,469,16,16,454,470
Label Engine,train,NCI-H2170,300+,456,461,5,5,457,462
Label Engine,train,NCI-H2170,300+,458,427,31,-31,459,428
Label Engine,train,SNU16,300+,459,238,221,-221,460,239
Label Engine,train,NCI-H2170,300+,460,419,41,-41,461,420
Label Engine,train,NCI-H2170,300+,462,408,54,-54,463,409
Label Engine,train,NCI-H716,300+,468,401,67,-67,469,402
Label Engine,train,SNU16,300+,471,382,89,-89,472,383
Label Engine,test,NCI-H2170,300+,472,351,121,-121,473,352
Label Engine,val,NCI-H2170,300+,473,412,61,-61,474,413
Label Engine,train,NCI-H2170,300+,475,395,80,-80,476,396
Label Engine,train,NCI-H2170,300+,478,274,204,-204,479,275
Label Engine,test,NCI-H2170,300+,478,468,10,-10,479,469
Label Engine,train,NCI-H2170,300+,479,450,29,-29,480,451
Label Engine,train,SNU16,300+,481,121,360,-360,482,122
Label Engine,train,NCI-H2170,300+,489,464,25,-25,490,465
Label Engine,train,NCI-H2170,300+,491,490,1,-1,492,491
Label Engine,train,NCI-H2170,300+,495,420,75,-75,496,421
Label Engine,train,NCI-H2170,300+,497,459,38,-38,498,460
Label Engine,train,NCI-H2170,300+,497,439,58,-58,498,440
Label Engine,train,NCI-H2170,300+,498,465,33,-33,499,466
Label Engine,test,SNU16,300+,499,119,380,-380,500,120
Label Engine,train,NCI-H2170,300+,503,461,42,-42,504,462
Label Engine,train,NCI-H2170,300+,504,493,11,-11,505,494
Label Engine,train,NCI-H2170,300+,505,517,12,12,506,518
Label Engine,train,NCI-H2170,300+,506,446,60,-60,507,447
Label Engine,train,NCI-H2170,300+,513,471,42,-42,514,472
Label Engine,train,NCI-H2170,300+,517,471,46,-46,518,472
Label Engine,val,NCI-H2170,300+,520,465,55,-55,521,466
Label Engine,train,NCI-H2170,300+,520,515,5,-5,521,516
Label Engine,test,NCI-H2170,300+,521,484,37,-37,522,485
Label Engine,train,NCI-H2170,300+,523,474,49,-49,524,475
Label Engine,val,NCI-H2170,300+,526,505,21,-21,527,506
Label Engine,train,SNU16,300+,527,271,256,-256,528,272
Label Engine,train,NCI-H2170,300+,534,525,9,-9,535,526
Label Engine,train,NCI-H2170,300+,536,443,93,-93,537,444
Label Engine,test,NCI-H2170,300+,539,549,10,10,540,550
Label Engine,val,NCI-H2170,300+,557,492,65,-65,558,493
Label Engine,test,NCI-H2170,300+,559,580,21,21,560,581
Label Engine,train,NCI-H2170,300+,560,538,22,-22,561,539
Label Engine,val,NCI-H2170,300+,567,519,48,-48,568,520
Label Engine,train,NCI-H2170,300+,572,574,2,2,573,575
Label Engine,train,NCI-H2170,300+,574,515,59,-59,575,516
Label Engine,train,NCI-H2170,300+,589,560,29,-29,590,561
Label Engine,train,NCI-H2170,300+,597,555,42,-42,598,556
Label Engine,train,NCI-H2170,300+,597,525,72,-72,598,526
Label Engine,train,NCI-H2170,300+,604,571,33,-33,605,572
Label Engine,train,NCI-H2170,300+,604,624,20,20,605,625
Label Engine,train,NCI-H2170,300+,611,567,44,-44,612,568
Label Engine,train,NCI-H2170,300+,611,579,32,-32,612,580
Label Engine,train,NCI-H2170,300+,613,615,2,2,614,616
Label Engine,train,SNU16,300+,635,480,155,-155,636,481
Label Engine,train,SNU16,300+,637,586,51,-51,638,587
Label Engine,test,NCI-H2170,300+,642,578,64,-64,643,579
Label Engine,train,SNU16,300+,663,376,287,-287,664,377
Label Engine,train,NCI-H2170,300+,664,555,109,-109,665,556
Label Engine,train,SNU16,300+,664,511,153,-153,665,512
Label Engine,test,SNU16,300+,670,410,260,-260,671,411
Label Engine,train,NCI-H2170,300+,676,682,6,6,677,683
Label Engine,val,SNU16,300+,705,404,301,-301,706,405
Label Engine,train,NCI-H2170,300+,742,661,81,-81,743,662
Label Engine,val,NCI-H2170,300+,763,766,3,3,764,767
Label Engine,train,NCI-H2170,300+,769,757,12,-12,770,758
Label Engine,train,NCI-H2170,300+,783,663,120,-120,784,664
Label Engine,train,NCI-H2170,300+,801,773,28,-28,802,774
Label Engine,train,NCI-H2170,300+,829,824,5,-5,830,825
Label Engine,train,NCI-H2170,300+,832,880,48,48,833,881
Label Engine,val,NCI-H2170,300+,835,754,81,-81,836,755
Label Engine,train,NCI-H2170,300+,843,859,16,16,844,860
Label Engine,train,NCI-H2170,300+,862,728,134,-134,863,729
Label Engine,val,NCI-H2170,300+,867,866,1,-1,868,867
Label Engine,train,NCI-H2170,300+,909,826,83,-83,910,827
Label Engine,test,NCI-H2170,300+,912,871,41,-41,913,872
Label Engine,train,SNU16,300+,990,591,399,-399,991,592
Label Engine,train,SNU16,300+,1231,113,1118,-1118,1232,114
Label Engine,train,NCI-H2170,300+,1687,1641,46,-46,1688,1642
ecSeg,train,COLO320DM,0-9,1,10,9,9,2,11
ecSeg,train,COLO320DM,0-9,4,1,3,-3,5,2
ecSeg,test,COLO320DM,0-9,4,16,12,12,5,17
ecSeg,train,COLO320DM,0-9,4,2,2,-2,5,3
ecSeg,val,COLO320DM,0-9,4,9,5,5,5,10
ecSeg,train,COLO320DM,0-9,7,0,7,-7,8,1
ecSeg,val,NCI-H2170,0-9,9,1,8,-8,10,2
ecSeg,train,COLO320DM,10-49,10,20,10,10,11,21
ecSeg,train,COLO320DM,10-49,12,2,10,-10,13,3
ecSeg,val,COLO320DM,10-49,13,0,13,-13,14,1
ecSeg,train,COLO320DM,10-49,15,0,15,-15,16,1
ecSeg,train,COLO320DM,10-49,15,1,14,-14,16,2
ecSeg,train,NCI-H2170,10-49,15,34,19,19,16,35
ecSeg,test,NCI-H2170,10-49,15,0,15,-15,16,1
ecSeg,train,COLO320DM,10-49,16,2,14,-14,17,3
ecSeg,train,NCI-H2170,10-49,16,0,16,-16,17,1
ecSeg,val,NCI-H2170,10-49,17,9,8,-8,18,10
ecSeg,val,COLO320DM,10-49,18,17,1,-1,19,18
ecSeg,train,NCI-H2170,10-49,18,15,3,-3,19,16
ecSeg,train,COLO320DM,10-49,22,3,19,-19,23,4
ecSeg,test,COLO320DM,10-49,22,1,21,-21,23,2
ecSeg,train,NCI-H2170,10-49,22,20,2,-2,23,21
ecSeg,train,COLO320DM,10-49,23,5,18,-18,24,6
ecSeg,test,COLO320DM,10-49,24,2,22,-22,25,3
ecSeg,train,NCI-H2170,10-49,24,0,24,-24,25,1
ecSeg,train,NCI-H2170,10-49,24,3,21,-21,25,4
ecSeg,val,NCI-H2170,10-49,24,19,5,-5,25,20
ecSeg,train,COLO320DM,10-49,26,0,26,-26,27,1
ecSeg,train,NCI-H2170,10-49,26,6,20,-20,27,7
ecSeg,train,COLO320DM,10-49,27,0,27,-27,28,1
ecSeg,train,NCI-H2170,10-49,27,0,27,-27,28,1
ecSeg,train,NCI-H2170,10-49,27,3,24,-24,28,4
ecSeg,train,COLO320DM,10-49,30,15,15,-15,31,16
ecSeg,train,COLO320DM,10-49,30,24,6,-6,31,25
ecSeg,train,NCI-H2170,10-49,30,25,5,-5,31,26
ecSeg,test,COLO320DM,10-49,31,2,29,-29,32,3
ecSeg,test,COLO320DM,10-49,32,0,32,-32,33,1
ecSeg,train,COLO320DM,10-49,32,9,23,-23,33,10
ecSeg,train,NCI-H2170,10-49,32,7,25,-25,33,8
ecSeg,val,NCI-H2170,10-49,33,10,23,-23,34,11
ecSeg,train,COLO320DM,10-49,34,0,34,-34,35,1
ecSeg,train,NCI-H2170,10-49,34,19,15,-15,35,20
ecSeg,train,COLO320DM,10-49,35,16,19,-19,36,17
ecSeg,train,NCI-H2170,10-49,35,16,19,-19,36,17
ecSeg,val,NCI-H2170,10-49,35,3,32,-32,36,4
ecSeg,train,NCI-H2170,10-49,35,7,28,-28,36,8
ecSeg,val,NCI-H2170,10-49,35,4,31,-31,36,5
ecSeg,train,COLO320DM,10-49,36,32,4,-4,37,33
ecSeg,test,NCI-H2170,10-49,36,18,18,-18,37,19
ecSeg,train,NCI-H2170,10-49,36,0,36,-36,37,1
ecSeg,train,COLO320DM,10-49,37,3,34,-34,38,4
ecSeg,test,NCI-H2170,10-49,38,3,35,-35,39,4
ecSeg,train,COLO320DM,10-49,39,0,39,-39,40,1
ecSeg,train,NCI-H2170,10-49,39,30,9,-9,40,31
ecSeg,val,COLO320DM,10-49,40,0,40,-40,41,1
ecSeg,test,NCI-H2170,10-49,40,0,40,-40,41,1
ecSeg,train,NCI-H2170,10-49,40,7,33,-33,41,8
ecSeg,train,COLO320DM,10-49,41,11,30,-30,42,12
ecSeg,test,COLO320DM,10-49,41,0,41,-41,42,1
ecSeg,train,NCI-H2170,10-49,41,33,8,-8,42,34
ecSeg,train,NCI-H2170,10-49,41,3,38,-38,42,4
ecSeg,train,NCI-H2170,10-49,41,9,32,-32,42,10
ecSeg,train,NCI-H2170,10-49,42,64,22,22,43,65
ecSeg,train,NCI-H2170,10-49,43,17,26,-26,44,18
ecSeg,train,NCI-H2170,10-49,43,0,43,-43,44,1
ecSeg,train,NCI-H2170,10-49,43,8,35,-35,44,9
ecSeg,train,COLO320DM,10-49,44,20,24,-24,45,21
ecSeg,train,NCI-H2170,10-49,44,39,5,-5,45,40
ecSeg,test,NCI-H2170,10-49,44,4,40,-40,45,5
ecSeg,train,COLO320DM,10-49,45,0,45,-45,46,1
ecSeg,train,COLO320DM,10-49,45,5,40,-40,46,6
ecSeg,train,NCI-H2170,10-49,45,47,2,2,46,48
ecSeg,train,COLO320DM,10-49,46,10,36,-36,47,11
ecSeg,test,NCI-H2170,10-49,46,82,36,36,47,83
ecSeg,val,NCI-H2170,10-49,46,24,22,-22,47,25
ecSeg,train,NCI-H2170,10-49,46,0,46,-46,47,1
ecSeg,train,NCI-H2170,10-49,46,22,24,-24,47,23
ecSeg,train,COLO320DM,10-49,47,11,36,-36,48,12
ecSeg,train,NCI-H2170,10-49,47,0,47,-47,48,1
ecSeg,train,NCI-H2170,10-49,47,9,38,-38,48,10
ecSeg,val,NCI-H2170,10-49,47,31,16,-16,48,32
ecSeg,test,NCI-H2170,10-49,48,2,46,-46,49,3
ecSeg,val,NCI-H2170,10-49,48,0,48,-48,49,1
ecSeg,val,NCI-H2170,10-49,48,53,5,5,49,54
ecSeg,test,COLO320DM,10-49,49,66,17,17,50,67
ecSeg,train,NCI-H2170,10-49,49,17,32,-32,50,18
ecSeg,train,NCI-H2170,50-149,50,24,26,-26,51,25
ecSeg,train,NCI-H2170,50-149,50,8,42,-42,51,9
ecSeg,train,COLO320DM,50-149,51,14,37,-37,52,15
ecSeg,test,NCI-H2170,50-149,51,20,31,-31,52,21
ecSeg,train,NCI-H2170,50-149,51,33,18,-18,52,34
ecSeg,val,NCI-H2170,50-149,51,16,35,-35,52,17
ecSeg,train,NCI-H2170,50-149,51,2,49,-49,52,3
ecSeg,train,COLO320DM,50-149,52,0,52,-52,53,1
ecSeg,val,NCI-H2170,50-149,52,23,29,-29,53,24
ecSeg,test,NCI-H2170,50-149,52,67,15,15,53,68
ecSeg,test,NCI-H2170,50-149,52,8,44,-44,53,9
ecSeg,val,NCI-H2170,50-149,52,0,52,-52,53,1
ecSeg,train,COLO320DM,50-149,53,14,39,-39,54,15
ecSeg,train,COLO320DM,50-149,53,27,26,-26,54,28
ecSeg,train,NCI-H2170,50-149,53,18,35,-35,54,19
ecSeg,train,NCI-H2170,50-149,53,4,49,-49,54,5
ecSeg,train,NCI-H2170,50-149,53,44,9,-9,54,45
ecSeg,train,NCI-H2170,50-149,53,9,44,-44,54,10
ecSeg,train,NCI-H2170,50-149,53,13,40,-40,54,14
ecSeg,test,COLO320DM,50-149,54,3,51,-51,55,4
ecSeg,train,NCI-H2170,50-149,54,3,51,-51,55,4
ecSeg,train,NCI-H2170,50-149,54,3,51,-51,55,4
ecSeg,train,NCI-H2170,50-149,54,13,41,-41,55,14
ecSeg,val,NCI-H2170,50-149,54,4,50,-50,55,5
ecSeg,train,COLO320DM,50-149,55,5,50,-50,56,6
ecSeg,test,NCI-H2170,50-149,55,12,43,-43,56,13
ecSeg,test,NCI-H2170,50-149,55,11,44,-44,56,12
ecSeg,val,NCI-H2170,50-149,56,12,44,-44,57,13
ecSeg,train,NCI-H2170,50-149,56,58,2,2,57,59
ecSeg,test,COLO320DM,50-149,57,0,57,-57,58,1
ecSeg,val,COLO320DM,50-149,57,21,36,-36,58,22
ecSeg,train,SNU16,50-149,57,6,51,-51,58,7
ecSeg,val,NCI-H2170,50-149,58,57,1,-1,59,58
ecSeg,val,NCI-H2170,50-149,58,13,45,-45,59,14
ecSeg,train,NCI-H2170,50-149,58,31,27,-27,59,32
ecSeg,train,NCI-H2170,50-149,58,5,53,-53,59,6
ecSeg,val,COLO320DM,50-149,59,0,59,-59,60,1
ecSeg,train,COLO320DM,50-149,59,2,57,-57,60,3
ecSeg,train,COLO320DM,50-149,59,13,46,-46,60,14
ecSeg,test,NCI-H2170,50-149,59,15,44,-44,60,16
ecSeg,train,NCI-H2170,50-149,60,14,46,-46,61,15
ecSeg,train,NCI-H2170,50-149,60,14,46,-46,61,15
ecSeg,train,COLO320DM,50-149,61,8,53,-53,62,9
ecSeg,test,NCI-H2170,50-149,61,13,48,-48,62,14
ecSeg,train,NCI-H2170,50-149,61,36,25,-25,62,37
ecSeg,train,NCI-H2170,50-149,61,1,60,-60,62,2
ecSeg,test,NCI-H2170,50-149,61,0,61,-61,62,1
ecSeg,val,NCI-H2170,50-149,61,97,36,36,62,98
ecSeg,test,NCI-H2170,50-149,62,22,40,-40,63,23
ecSeg,train,NCI-H2170,50-149,62,18,44,-44,63,19
ecSeg,train,NCI-H2170,50-149,62,0,62,-62,63,1
ecSeg,train,NCI-H2170,50-149,62,14,48,-48,63,15
ecSeg,train,COLO320DM,50-149,63,11,52,-52,64,12
ecSeg,train,NCI-H2170,50-149,63,51,12,-12,64,52
ecSeg,test,NCI-H2170,50-149,63,11,52,-52,64,12
ecSeg,train,NCI-H2170,50-149,63,10,53,-53,64,11
ecSeg,train,NCI-H2170,50-149,64,14,50,-50,65,15
ecSeg,train,NCI-H2170,50-149,64,36,28,-28,65,37
ecSeg,train,NCI-H2170,50-149,64,47,17,-17,65,48
ecSeg,test,NCI-H2170,50-149,64,5,59,-59,65,6
ecSeg,train,COLO320DM,50-149,65,0,65,-65,66,1
ecSeg,train,NCI-H2170,50-149,65,83,18,18,66,84
ecSeg,test,NCI-H2170,50-149,65,26,39,-39,66,27
ecSeg,train,NCI-H2170,50-149,65,7,58,-58,66,8
ecSeg,train,NCI-H2170,50-149,65,25,40,-40,66,26
ecSeg,train,NCI-H2170,50-149,66,44,22,-22,67,45
ecSeg,train,NCI-H2170,50-149,66,5,61,-61,67,6
ecSeg,train,NCI-H2170,50-149,66,27,39,-39,67,28
ecSeg,test,NCI-H2170,50-149,67,65,2,-2,68,66
ecSeg,test,NCI-H2170,50-149,67,0,67,-67,68,1
ecSeg,train,NCI-H2170,50-149,67,4,63,-63,68,5
ecSeg,train,NCI-H2170,50-149,68,2,66,-66,69,3
ecSeg,train,NCI-H2170,50-149,69,76,7,7,70,77
ecSeg,train,NCI-H2170,50-149,69,58,11,-11,70,59
ecSeg,train,NCI-H2170,50-149,69,3,66,-66,70,4
ecSeg,train,NCI-H2170,50-149,69,65,4,-4,70,66
ecSeg,train,NCI-H2170,50-149,69,5,64,-64,70,6
ecSeg,train,NCI-H2170,50-149,70,76,6,6,71,77
ecSeg,train,NCI-H2170,50-149,70,41,29,-29,71,42
ecSeg,val,NCI-H2170,50-149,70,12,58,-58,71,13
ecSeg,train,NCI-H2170,50-149,70,5,65,-65,71,6
ecSeg,train,NCI-H2170,50-149,70,7,63,-63,71,8
ecSeg,val,COLO320DM,50-149,71,1,70,-70,72,2
ecSeg,train,NCI-H2170,50-149,71,67,4,-4,72,68
ecSeg,val,NCI-H2170,50-149,71,19,52,-52,72,20
ecSeg,train,NCI-H2170,50-149,71,26,45,-45,72,27
ecSeg,test,NCI-H2170,50-149,71,13,58,-58,72,14
ecSeg,train,NCI-H2170,50-149,71,5,66,-66,72,6
ecSeg,train,NCI-H2170,50-149,71,30,41,-41,72,31
ecSeg,test,NCI-H716,50-149,71,18,53,-53,72,19
ecSeg,train,NCI-H2170,50-149,72,55,17,-17,73,56
ecSeg,test,NCI-H2170,50-149,72,14,58,-58,73,15
ecSeg,train,NCI-H716,50-149,72,67,5,-5,73,68
ecSeg,train,NCI-H2170,50-149,73,21,52,-52,74,22
ecSeg,train,NCI-H2170,50-149,73,9,64,-64,74,10
ecSeg,train,NCI-H2170,50-149,73,79,6,6,74,80
ecSeg,train,COLO320DM,50-149,74,51,23,-23,75,52
ecSeg,val,COLO320DM,50-149,74,2,72,-72,75,3
ecSeg,train,NCI-H2170,50-149,74,3,71,-71,75,4
ecSeg,train,NCI-H2170,50-149,74,7,67,-67,75,8
ecSeg,train,NCI-H2170,50-149,74,6,68,-68,75,7
ecSeg,train,NCI-H2170,50-149,74,7,67,-67,75,8
ecSeg,train,NCI-H2170,50-149,75,45,30,-30,76,46
ecSeg,train,NCI-H2170,50-149,75,16,59,-59,76,17
ecSeg,train,NCI-H2170,50-149,75,12,63,-63,76,13
ecSeg,val,NCI-H2170,50-149,75,51,24,-24,76,52
ecSeg,train,NCI-H2170,50-149,75,18,57,-57,76,19
ecSeg,train,NCI-H2170,50-149,75,14,61,-61,76,15
ecSeg,train,NCI-H2170,50-149,75,17,58,-58,76,18
ecSeg,train,NCI-H2170,50-149,76,108,32,32,77,109
ecSeg,train,NCI-H2170,50-149,76,112,36,36,77,113
ecSeg,train,NCI-H2170,50-149,76,68,8,-8,77,69
ecSeg,train,NCI-H2170,50-149,76,84,8,8,77,85
ecSeg,train,NCI-H2170,50-149,76,24,52,-52,77,25
ecSeg,train,NCI-H2170,50-149,76,15,61,-61,77,16
ecSeg,train,NCI-H716,50-149,76,34,42,-42,77,35
ecSeg,train,NCI-H2170,50-149,77,86,9,9,78,87
ecSeg,train,NCI-H2170,50-149,77,39,38,-38,78,40
ecSeg,val,NCI-H2170,50-149,77,4,73,-73,78,5
ecSeg,train,SNU16,50-149,77,16,61,-61,78,17
ecSeg,val,NCI-H2170,50-149,78,72,6,-6,79,73
ecSeg,test,NCI-H2170,50-149,78,57,21,-21,79,58
ecSeg,train,NCI-H2170,50-149,78,0,78,-78,79,1
ecSeg,train,NCI-H2170,50-149,78,42,36,-36,79,43
ecSeg,train,NCI-H2170,50-149,78,90,12,12,79,91
ecSeg,train,NCI-H2170,50-149,78,30,48,-48,79,31
ecSeg,train,NCI-H2170,50-149,78,78,0,0,79,79
ecSeg,train,NCI-H2170,50-149,78,30,48,-48,79,31
ecSeg,test,NCI-H2170,50-149,79,57,22,-22,80,58
ecSeg,val,NCI-H2170,50-149,79,51,28,-28,80,52
ecSeg,train,NCI-H2170,50-149,79,33,46,-46,80,34
ecSeg,test,NCI-H2170,50-149,79,1,78,-78,80,2
ecSeg,train,NCI-H2170,50-149,79,9,70,-70,80,10
ecSeg,train,COLO320DM,50-149,80,18,62,-62,81,19
ecSeg,test,NCI-H2170,50-149,80,27,53,-53,81,28
ecSeg,train,NCI-H2170,50-149,81,100,19,19,82,101
ecSeg,train,NCI-H2170,50-149,81,49,32,-32,82,50
ecSeg,val,NCI-H2170,50-149,81,13,68,-68,82,14
ecSeg,val,NCI-H2170,50-149,81,60,21,-21,82,61
ecSeg,train,NCI-H2170,50-149,82,58,24,-24,83,59
ecSeg,train,NCI-H2170,50-149,82,46,36,-36,83,47
ecSeg,train,COLO320DM,50-149,83,0,83,-83,84,1
ecSeg,test,NCI-H2170,50-149,83,73,10,-10,84,74
ecSeg,train,NCI-H2170,50-149,83,78,5,-5,84,79
ecSeg,train,NCI-H2170,50-149,83,30,53,-53,84,31
ecSeg,test,NCI-H2170,50-149,84,83,1,-1,85,84
ecSeg,train,NCI-H2170,50-149,84,32,52,-52,85,33
ecSeg,train,NCI-H2170,50-149,84,4,80,-80,85,5
ecSeg,test,NCI-H2170,50-149,84,13,71,-71,85,14
ecSeg,val,NCI-H2170,50-149,85,57,28,-28,86,58
ecSeg,test,NCI-H2170,50-149,85,8,77,-77,86,9
ecSeg,test,NCI-H2170,50-149,85,41,44,-44,86,42
ecSeg,train,NCI-H2170,50-149,85,28,57,-57,86,29
ecSeg,train,NCI-H2170,50-149,86,76,10,-10,87,77
ecSeg,val,NCI-H2170,50-149,86,164,78,78,87,165
ecSeg,train,NCI-H2170,50-149,86,1,85,-85,87,2
ecSeg,train,NCI-H2170,50-149,86,0,86,-86,87,1
ecSeg,train,NCI-H2170,50-149,86,32,54,-54,87,33
ecSeg,train,NCI-H2170,50-149,86,40,46,-46,87,41
ecSeg,test,NCI-H2170,50-149,86,13,73,-73,87,14
ecSeg,train,COLO320DM,50-149,87,10,77,-77,88,11
ecSeg,train,NCI-H2170,50-149,87,40,47,-47,88,41
ecSeg,test,NCI-H2170,50-149,87,35,52,-52,88,36
ecSeg,val,NCI-H2170,50-149,87,9,78,-78,88,10
ecSeg,test,NCI-H2170,50-149,87,0,87,-87,88,1
ecSeg,train,NCI-H2170,50-149,87,26,61,-61,88,27
ecSeg,train,NCI-H2170,50-149,88,68,20,-20,89,69
ecSeg,train,NCI-H2170,50-149,88,90,2,2,89,91
ecSeg,train,NCI-H2170,50-149,88,4,84,-84,89,5
ecSeg,train,NCI-H2170,50-149,88,17,71,-71,89,18
ecSeg,train,NCI-H2170,50-149,88,7,81,-81,89,8
ecSeg,train,COLO320DM,50-149,89,26,63,-63,90,27
ecSeg,val,NCI-H2170,50-149,89,5,84,-84,90,6
ecSeg,val,NCI-H2170,50-149,89,1,88,-88,90,2
ecSeg,test,NCI-H2170,50-149,89,21,68,-68,90,22
ecSeg,train,NCI-H2170,50-149,89,38,51,-51,90,39
ecSeg,test,NCI-H2170,50-149,89,12,77,-77,90,13
ecSeg,train,NCI-H716,50-149,89,52,37,-37,90,53
ecSeg,train,NCI-H2170,50-149,90,87,3,-3,91,88
ecSeg,train,NCI-H2170,50-149,90,50,40,-40,91,51
ecSeg,test,NCI-H2170,50-149,90,73,17,-17,91,74
ecSeg,test,NCI-H2170,50-149,90,53,37,-37,91,54
ecSeg,train,SNU16,50-149,90,16,74,-74,91,17
ecSeg,test,COLO320DM,50-149,91,14,77,-77,92,15
ecSeg,train,NCI-H2170,50-149,91,78,13,-13,92,79
ecSeg,val,NCI-H2170,50-149,91,108,17,17,92,109
ecSeg,val,NCI-H2170,50-149,91,23,68,-68,92,24
ecSeg,train,NCI-H2170,50-149,92,91,1,-1,93,92
ecSeg,val,NCI-H2170,50-149,92,39,53,-53,93,40
ecSeg,val,NCI-H2170,50-149,92,33,59,-59,93,34
ecSeg,train,NCI-H2170,50-149,93,90,3,-3,94,91
ecSeg,train,NCI-H2170,50-149,93,48,45,-45,94,49
ecSeg,train,NCI-H2170,50-149,93,117,24,24,94,118
ecSeg,test,NCI-H2170,50-149,93,2,91,-91,94,3
ecSeg,train,NCI-H2170,50-149,93,13,80,-80,94,14
ecSeg,test,NCI-H2170,50-149,93,4,89,-89,94,5
ecSeg,train,NCI-H2170,50-149,93,27,66,-66,94,28
ecSeg,train,NCI-H2170,50-149,93,36,57,-57,94,37
ecSeg,val,NCI-H2170,50-149,94,107,13,13,95,108
ecSeg,val,NCI-H2170,50-149,94,56,38,-38,95,57
ecSeg,val,NCI-H2170,50-149,94,19,75,-75,95,20
ecSeg,train,NCI-H2170,50-149,94,30,64,-64,95,31
ecSeg,train,NCI-H2170,50-149,94,26,68,-68,95,27
ecSeg,train,NCI-H2170,50-149,94,32,62,-62,95,33
ecSeg,train,NCI-H2170,50-149,94,16,78,-78,95,17
ecSeg,train,NCI-H2170,50-149,95,132,37,37,96,133
ecSeg,train,NCI-H2170,50-149,95,225,130,130,96,226
ecSeg,train,NCI-H2170,50-149,96,101,5,5,97,102
ecSeg,train,NCI-H2170,50-149,96,112,16,16,97,113
ecSeg,test,NCI-H2170,50-149,96,0,96,-96,97,1
ecSeg,val,NCI-H2170,50-149,96,23,73,-73,97,24
ecSeg,train,NCI-H2170,50-149,96,3,93,-93,97,4
ecSeg,train,NCI-H2170,50-149,97,33,64,-64,98,34
ecSeg,train,NCI-H2170,50-149,97,4,93,-93,98,5
ecSeg,train,NCI-H2170,50-149,97,57,40,-40,98,58
ecSeg,test,NCI-H2170,50-149,97,38,59,-59,98,39
ecSeg,train,NCI-H2170,50-149,97,24,73,-73,98,25
ecSeg,train,NCI-H2170,50-149,97,19,78,-78,98,20
ecSeg,val,SNU16,50-149,97,42,55,-55,98,43
ecSeg,train,SNU16,50-149,97,4,93,-93,98,5
ecSeg,train,NCI-H2170,50-149,98,95,3,-3,99,96
ecSeg,train,NCI-H2170,50-149,98,98,0,0,99,99
ecSeg,train,NCI-H2170,50-149,98,11,87,-87,99,12
ecSeg,train,NCI-H2170,50-149,98,9,89,-89,99,10
ecSeg,train,NCI-H2170,50-149,99,79,20,-20,100,80
ecSeg,train,NCI-H2170,50-149,99,3,96,-96,100,4
ecSeg,train,NCI-H2170,50-149,99,7,92,-92,100,8
ecSeg,train,NCI-H2170,50-149,99,79,20,-20,100,80
ecSeg,train,NCI-H2170,50-149,99,1,98,-98,100,2
ecSeg,train,NCI-H2170,50-149,99,16,83,-83,100,17
ecSeg,train,NCI-H2170,50-149,99,32,67,-67,100,33
ecSeg,train,NCI-H2170,50-149,99,9,90,-90,100,10
ecSeg,train,NCI-H2170,50-149,99,7,92,-92,100,8
ecSeg,train,NCI-H2170,50-149,100,65,35,-35,101,66
ecSeg,train,COLO320DM,50-149,101,7,94,-94,102,8
ecSeg,train,NCI-H2170,50-149,101,94,7,-7,102,95
ecSeg,train,NCI-H2170,50-149,101,4,97,-97,102,5
ecSeg,test,NCI-H2170,50-149,101,51,50,-50,102,52
ecSeg,train,NCI-H2170,50-149,101,1,100,-100,102,2
ecSeg,train,NCI-H2170,50-149,101,1,100,-100,102,2
ecSeg,train,NCI-H2170,50-149,101,11,90,-90,102,12
ecSeg,test,NCI-H716,50-149,101,7,94,-94,102,8
ecSeg,train,SNU16,50-149,101,2,99,-99,102,3
ecSeg,train,SNU16,50-149,101,24,77,-77,102,25
ecSeg,test,NCI-H2170,50-149,102,117,15,15,103,118
ecSeg,train,NCI-H2170,50-149,102,24,78,-78,103,25
ecSeg,val,NCI-H2170,50-149,102,35,67,-67,103,36
ecSeg,train,NCI-H2170,50-149,102,32,70,-70,103,33
ecSeg,val,NCI-H2170,50-149,102,34,68,-68,103,35
ecSeg,test,NCI-H2170,50-149,103,84,19,-19,104,85
ecSeg,val,NCI-H2170,50-149,103,74,29,-29,104,75
ecSeg,test,NCI-H2170,50-149,103,42,61,-61,104,43
ecSeg,val,NCI-H2170,50-149,103,28,75,-75,104,29
ecSeg,train,NCI-H2170,50-149,103,19,84,-84,104,20
ecSeg,train,NCI-H2170,50-149,103,24,79,-79,104,25
ecSeg,train,NCI-H2170,50-149,104,98,6,-6,105,99
ecSeg,train,NCI-H2170,50-149,104,24,80,-80,105,25
ecSeg,val,NCI-H2170,50-149,104,70,34,-34,105,71
ecSeg,train,NCI-H2170,50-149,105,13,92,-92,106,14
ecSeg,train,NCI-H2170,50-149,105,106,1,1,106,107
ecSeg,val,NCI-H2170,50-149,105,10,95,-95,106,11
ecSeg,train,NCI-H2170,50-149,105,16,89,-89,106,17
ecSeg,train,NCI-H2170,50-149,105,52,53,-53,106,53
ecSeg,test,NCI-H2170,50-149,105,28,77,-77,106,29
ecSeg,train,SNU16,50-149,105,15,90,-90,106,16
ecSeg,train,NCI-H2170,50-149,106,112,6,6,107,113
ecSeg,train,NCI-H2170,50-149,106,35,71,-71,107,36
ecSeg,train,NCI-H2170,50-149,106,21,85,-85,107,22
ecSeg,val,NCI-H2170,50-149,106,61,45,-45,107,62
ecSeg,test,COLO320DM,50-149,107,2,105,-105,108,3
ecSeg,train,NCI-H2170,50-149,107,103,4,-4,108,104
ecSeg,val,NCI-H2170,50-149,107,54,53,-53,108,55
ecSeg,train,NCI-H2170,50-149,107,10,97,-97,108,11
ecSeg,train,NCI-H2170,50-149,107,29,78,-78,108,30
ecSeg,test,NCI-H2170,50-149,107,35,72,-72,108,36
ecSeg,train,NCI-H2170,50-149,107,10,97,-97,108,11
ecSeg,train,NCI-H2170,50-149,108,89,19,-19,109,90
ecSeg,val,NCI-H2170,50-149,108,55,53,-53,109,56
ecSeg,train,NCI-H2170,50-149,109,70,39,-39,110,71
ecSeg,train,NCI-H2170,50-149,109,36,73,-73,110,37
ecSeg,train,NCI-H2170,50-149,109,34,75,-75,110,35
ecSeg,test,NCI-H2170,50-149,110,14,96,-96,111,15
ecSeg,val,NCI-H2170,50-149,110,52,58,-58,111,53
ecSeg,val,NCI-H2170,50-149,110,12,98,-98,111,13
ecSeg,train,NCI-H2170,50-149,110,40,70,-70,111,41
ecSeg,val,NCI-H2170,50-149,110,69,41,-41,111,70
ecSeg,train,NCI-H2170,50-149,110,30,80,-80,111,31
ecSeg,test,NCI-H716,50-149,110,49,61,-61,111,50
ecSeg,train,SNU16,50-149,110,0,110,-110,111,1
ecSeg,train,NCI-H2170,50-149,111,5,106,-106,112,6
ecSeg,train,NCI-H2170,50-149,111,43,68,-68,112,44
ecSeg,train,NCI-H2170,50-149,111,16,95,-95,112,17
ecSeg,train,NCI-H2170,50-149,111,81,30,-30,112,82
ecSeg,train,SNU16,50-149,111,4,107,-107,112,5
ecSeg,train,NCI-H2170,50-149,112,43,69,-69,113,44
ecSeg,train,NCI-H2170,50-149,112,57,55,-55,113,58
ecSeg,train,SNU16,50-149,112,18,94,-94,113,19
ecSeg,train,NCI-H2170,50-149,113,82,31,-31,114,83
ecSeg,val,NCI-H2170,50-149,113,43,70,-70,114,44
ecSeg,train,NCI-H2170,50-149,114,3,111,-111,115,4
ecSeg,train,NCI-H2170,50-149,114,43,71,-71,115,44
ecSeg,train,NCI-H2170,50-149,115,78,37,-37,116,79
ecSeg,train,NCI-H2170,50-149,115,98,17,-17,116,99
ecSeg,val,NCI-H2170,50-149,115,70,45,-45,116,71
ecSeg,train,NCI-H2170,50-149,115,50,65,-65,116,51
ecSeg,train,NCI-H2170,50-149,115,1,114,-114,116,2
ecSeg,train,NCI-H2170,50-149,115,14,101,-101,116,15
ecSeg,train,NCI-H2170,50-149,116,13,103,-103,117,14
ecSeg,train,NCI-H2170,50-149,116,6,110,-110,117,7
ecSeg,test,NCI-H2170,50-149,116,88,28,-28,117,89
ecSeg,train,NCI-H2170,50-149,116,27,89,-89,117,28
ecSeg,train,NCI-H716,50-149,116,17,99,-99,117,18
ecSeg,train,NCI-H2170,50-149,117,147,30,30,118,148
ecSeg,train,NCI-H2170,50-149,117,31,86,-86,118,32
ecSeg,train,NCI-H2170,50-149,117,11,106,-106,118,12
ecSeg,train,NCI-H2170,50-149,118,2,116,-116,119,3
ecSeg,train,SNU16,50-149,118,1,117,-117,119,2
ecSeg,train,NCI-H2170,50-149,119,108,11,-11,120,109
ecSeg,train,NCI-H2170,50-149,119,3,116,-116,120,4
ecSeg,test,NCI-H2170,50-149,119,24,95,-95,120,25
ecSeg,train,NCI-H2170,50-149,119,53,66,-66,120,54
ecSeg,train,NCI-H2170,50-149,120,76,44,-44,121,77
ecSeg,train,NCI-H2170,50-149,120,27,93,-93,121,28
ecSeg,train,NCI-H2170,50-149,120,12,108,-108,121,13
ecSeg,train,NCI-H716,50-149,120,43,77,-77,121,44
ecSeg,val,NCI-H2170,50-149,121,72,49,-49,122,73
ecSeg,train,NCI-H2170,50-149,121,91,30,-30,122,92
ecSeg,train,NCI-H2170,50-149,121,103,18,-18,122,104
ecSeg,train,NCI-H2170,50-149,121,41,80,-80,122,42
ecSeg,train,NCI-H2170,50-149,121,25,96,-96,122,26
ecSeg,train,NCI-H2170,50-149,122,141,19,19,123,142
ecSeg,train,NCI-H2170,50-149,122,125,3,3,123,126
ecSeg,train,NCI-H2170,50-149,122,140,18,18,123,141
ecSeg,train,NCI-H2170,50-149,122,3,119,-119,123,4
ecSeg,train,NCI-H2170,50-149,123,68,55,-55,124,69
ecSeg,train,NCI-H2170,50-149,123,53,70,-70,124,54
ecSeg,val,NCI-H2170,50-149,123,18,105,-105,124,19
ecSeg,val,NCI-H2170,50-149,123,12,111,-111,124,13
ecSeg,train,SNU16,50-149,123,31,92,-92,124,32
ecSeg,train,NCI-H2170,50-149,124,82,42,-42,125,83
ecSeg,test,NCI-H2170,50-149,124,141,17,17,125,142
ecSeg,train,NCI-H2170,50-149,124,35,89,-89,125,36
ecSeg,train,NCI-H2170,50-149,124,96,28,-28,125,97
ecSeg,train,SNU16,50-149,124,12,112,-112,125,13
ecSeg,val,NCI-H2170,50-149,125,100,25,-25,126,101
ecSeg,train,NCI-H2170,50-149,125,42,83,-83,126,43
ecSeg,train,NCI-H2170,50-149,125,171,46,46,126,172
ecSeg,train,NCI-H2170,50-149,125,37,88,-88,126,38
ecSeg,train,NCI-H2170,50-149,125,21,104,-104,126,22
ecSeg,train,NCI-H2170,50-149,125,13,112,-112,126,14
ecSeg,train,NCI-H2170,50-149,125,80,45,-45,126,81
ecSeg,test,SNU16,50-149,125,10,115,-115,126,11
ecSeg,train,NCI-H2170,50-149,126,113,13,-13,127,114
ecSeg,test,NCI-H2170,50-149,126,37,89,-89,127,38
ecSeg,test,NCI-H2170,50-149,126,18,108,-108,127,19
ecSeg,train,NCI-H2170,50-149,127,119,8,-8,128,120
ecSeg,train,NCI-H2170,50-149,127,37,90,-90,128,38
ecSeg,train,NCI-H716,50-149,127,24,103,-103,128,25
ecSeg,train,NCI-H2170,50-149,128,120,8,-8,129,121
ecSeg,train,NCI-H2170,50-149,128,14,114,-114,129,15
ecSeg,train,NCI-H2170,50-149,128,13,115,-115,129,14
ecSeg,train,NCI-H716,50-149,128,8,120,-120,129,9
ecSeg,val,NCI-H2170,50-149,129,136,7,7,130,137
ecSeg,train,NCI-H2170,50-149,129,22,107,-107,130,23
ecSeg,train,NCI-H716,50-149,129,91,38,-38,130,92
ecSeg,train,NCI-H2170,50-149,130,22,108,-108,131,23
ecSeg,train,NCI-H2170,50-149,130,3,127,-127,131,4
ecSeg,train,NCI-H2170,50-149,130,41,89,-89,131,42
ecSeg,train,NCI-H2170,50-149,131,84,47,-47,132,85
ecSeg,train,NCI-H2170,50-149,131,88,43,-43,132,89
ecSeg,train,NCI-H716,50-149,131,4,127,-127,132,5
ecSeg,train,NCI-H716,50-149,131,6,125,-125,132,7
ecSeg,train,NCI-H2170,50-149,132,104,28,-28,133,105
ecSeg,train,NCI-H2170,50-149,132,43,89,-89,133,44
ecSeg,train,NCI-H2170,50-149,132,8,124,-124,133,9
ecSeg,test,NCI-H2170,50-149,132,27,105,-105,133,28
ecSeg,train,NCI-H2170,50-149,132,68,64,-64,133,69
ecSeg,train,NCI-H2170,50-149,132,49,83,-83,133,50
ecSeg,val,NCI-H716,50-149,132,0,132,-132,133,1
ecSeg,train,NCI-H716,50-149,132,134,2,2,133,135
ecSeg,train,NCI-H716,50-149,132,31,101,-101,133,32
ecSeg,train,NCI-H2170,50-149,133,143,10,10,134,144
ecSeg,train,NCI-H2170,50-149,133,143,10,10,134,144
ecSeg,train,NCI-H2170,50-149,133,31,102,-102,134,32
ecSeg,train,NCI-H2170,50-149,134,31,103,-103,135,32
ecSeg,val,NCI-H2170,50-149,134,15,119,-119,135,16
ecSeg,train,NCI-H716,50-149,134,34,100,-100,135,35
ecSeg,train,NCI-H2170,50-149,135,18,117,-117,136,19
ecSeg,train,NCI-H2170,50-149,135,77,58,-58,136,78
ecSeg,train,NCI-H2170,50-149,135,16,119,-119,136,17
ecSeg,test,NCI-H2170,50-149,135,17,118,-118,136,18
ecSeg,train,NCI-H716,50-149,135,16,119,-119,136,17
ecSeg,train,NCI-H716,50-149,135,57,78,-78,136,58
ecSeg,train,NCI-H2170,50-149,136,99,37,-37,137,100
ecSeg,train,NCI-H2170,50-149,136,29,107,-107,137,30
ecSeg,train,NCI-H2170,50-149,137,2,135,-135,138,3
ecSeg,train,NCI-H716,50-149,137,36,101,-101,138,37
ecSeg,train,NCI-H2170,50-149,138,141,3,3,139,142
ecSeg,test,NCI-H2170,50-149,138,168,30,30,139,169
ecSeg,train,NCI-H2170,50-149,138,20,118,-118,139,21
ecSeg,train,NCI-H2170,50-149,138,30,108,-108,139,31
ecSeg,train,NCI-H2170,50-149,139,128,11,-11,140,129
ecSeg,val,NCI-H2170,50-149,139,112,27,-27,140,113
ecSeg,test,NCI-H2170,50-149,139,5,134,-134,140,6
ecSeg,train,NCI-H2170,50-149,139,42,97,-97,140,43
ecSeg,test,NCI-H716,50-149,139,45,94,-94,140,46
ecSeg,test,SNU16,50-149,140,23,117,-117,141,24
ecSeg,train,NCI-H2170,50-149,141,120,21,-21,142,121
ecSeg,val,NCI-H2170,50-149,141,31,110,-110,142,32
ecSeg,val,NCI-H2170,50-149,141,47,94,-94,142,48
ecSeg,train,NCI-H2170,50-149,141,27,114,-114,142,28
ecSeg,train,SNU16,50-149,141,66,75,-75,142,67
ecSeg,train,SNU16,50-149,141,35,106,-106,142,36
ecSeg,train,NCI-H2170,50-149,142,130,12,-12,143,131
ecSeg,test,NCI-H2170,50-149,142,98,44,-44,143,99
ecSeg,train,NCI-H2170,50-149,142,5,137,-137,143,6
ecSeg,train,NCI-H2170,50-149,142,8,134,-134,143,9
ecSeg,train,NCI-H2170,50-149,142,32,110,-110,143,33
ecSeg,train,NCI-H2170,50-149,142,29,113,-113,143,30
ecSeg,train,SNU16,50-149,142,3,139,-139,143,4
ecSeg,val,COLO320DM,50-149,143,33,110,-110,144,34
ecSeg,train,NCI-H2170,50-149,143,99,44,-44,144,100
ecSeg,train,NCI-H2170,50-149,143,0,143,-143,144,1
ecSeg,val,NCI-H2170,50-149,143,11,132,-132,144,12
ecSeg,train,NCI-H2170,50-149,143,75,68,-68,144,76
ecSeg,train,NCI-H2170,50-149,143,14,129,-129,144,15
ecSeg,train,COLO320DM,50-149,144,63,81,-81,145,64
ecSeg,val,NCI-H716,50-149,144,11,133,-133,145,12
ecSeg,train,NCI-H716,50-149,144,11,133,-133,145,12
ecSeg,train,SNU16,50-149,144,24,120,-120,145,25
ecSeg,train,SNU16,50-149,144,35,109,-109,145,36
ecSeg,train,NCI-H2170,50-149,145,136,9,-9,146,137
ecSeg,val,NCI-H2170,50-149,145,12,133,-133,146,13
ecSeg,train,NCI-H2170,50-149,145,37,108,-108,146,38
ecSeg,train,NCI-H2170,50-149,146,156,10,10,147,157
ecSeg,train,NCI-H2170,50-149,146,142,4,-4,147,143
ecSeg,train,NCI-H2170,50-149,146,21,125,-125,147,22
ecSeg,train,NCI-H2170,50-149,147,73,74,-74,148,74
ecSeg,train,NCI-H2170,50-149,147,100,47,-47,148,101
ecSeg,val,NCI-H2170,50-149,147,165,18,18,148,166
ecSeg,train,NCI-H2170,50-149,147,53,94,-94,148,54
ecSeg,val,NCI-H2170,50-149,147,5,142,-142,148,6
ecSeg,test,NCI-H2170,50-149,148,142,6,-6,149,143
ecSeg,val,NCI-H2170,50-149,148,136,12,-12,149,137
ecSeg,train,NCI-H2170,50-149,148,101,47,-47,149,102
ecSeg,val,NCI-H2170,50-149,148,0,148,-148,149,1
ecSeg,val,NCI-H716,50-149,148,61,87,-87,149,62
ecSeg,train,SNU16,50-149,148,9,139,-139,149,10
ecSeg,train,NCI-H2170,50-149,149,9,140,-140,150,10
ecSeg,train,NCI-H2170,50-149,149,45,104,-104,150,46
ecSeg,train,NCI-H2170,150-299,150,48,102,-102,151,49
ecSeg,train,NCI-H2170,150-299,150,162,12,12,151,163
ecSeg,train,NCI-H2170,150-299,150,119,31,-31,151,120
ecSeg,val,NCI-H2170,150-299,150,14,136,-136,151,15
ecSeg,train,NCI-H2170,150-299,150,7,143,-143,151,8
ecSeg,test,NCI-H716,150-299,150,103,47,-47,151,104
ecSeg,test,SNU16,150-299,150,0,150,-150,151,1
ecSeg,val,NCI-H2170,150-299,151,139,12,-12,152,140
ecSeg,train,NCI-H2170,150-299,151,9,142,-142,152,10
ecSeg,test,NCI-H2170,150-299,151,4,147,-147,152,5
ecSeg,train,SNU16,150-299,151,135,16,-16,152,136
ecSeg,train,NCI-H2170,150-299,152,116,36,-36,153,117
ecSeg,train,NCI-H2170,150-299,152,0,152,-152,153,1
ecSeg,val,NCI-H2170,150-299,152,23,129,-129,153,24
ecSeg,train,NCI-H2170,150-299,152,154,2,2,153,155
ecSeg,val,NCI-H2170,150-299,152,86,66,-66,153,87
ecSeg,train,NCI-H2170,150-299,152,3,149,-149,153,4
ecSeg,val,NCI-H716,150-299,152,31,121,-121,153,32
ecSeg,train,NCI-H2170,150-299,153,163,10,10,154,164
ecSeg,train,NCI-H2170,150-299,153,229,76,76,154,230
ecSeg,val,NCI-H2170,150-299,153,125,28,-28,154,126
ecSeg,train,NCI-H2170,150-299,153,162,9,9,154,163
ecSeg,train,NCI-H2170,150-299,153,33,120,-120,154,34
ecSeg,train,NCI-H2170,150-299,154,139,15,-15,155,140
ecSeg,train,NCI-H2170,150-299,155,91,64,-64,156,92
ecSeg,train,NCI-H2170,150-299,156,8,148,-148,157,9
ecSeg,val,NCI-H2170,150-299,156,59,97,-97,157,60
ecSeg,val,NCI-H2170,150-299,157,138,19,-19,158,139
ecSeg,val,NCI-H2170,150-299,157,144,13,-13,158,145
ecSeg,train,NCI-H2170,150-299,157,143,14,-14,158,144
ecSeg,train,NCI-H2170,150-299,157,18,139,-139,158,19
ecSeg,train,SNU16,150-299,157,60,97,-97,158,61
ecSeg,val,NCI-H2170,150-299,158,102,56,-56,159,103
ecSeg,val,NCI-H2170,150-299,158,14,144,-144,159,15
ecSeg,test,SNU16,150-299,158,64,94,-94,159,65
ecSeg,val,NCI-H2170,150-299,159,160,1,1,160,161
ecSeg,test,NCI-H2170,150-299,159,211,52,52,160,212
ecSeg,train,NCI-H2170,150-299,159,62,97,-97,160,63
ecSeg,train,NCI-H2170,150-299,160,98,62,-62,161,99
ecSeg,val,NCI-H2170,150-299,160,113,47,-47,161,114
ecSeg,val,NCI-H2170,150-299,160,116,44,-44,161,117
ecSeg,train,NCI-H2170,150-299,160,91,69,-69,161,92
ecSeg,train,NCI-H2170,150-299,161,9,152,-152,162,10
ecSeg,val,SNU16,150-299,161,23,138,-138,162,24
ecSeg,train,NCI-H2170,150-299,162,61,101,-101,163,62
ecSeg,train,NCI-H2170,150-299,162,45,117,-117,163,46
ecSeg,train,NCI-H2170,150-299,163,24,139,-139,164,25
ecSeg,train,NCI-H2170,150-299,163,28,135,-135,164,29
ecSeg,train,NCI-H2170,150-299,163,5,158,-158,164,6
ecSeg,test,NCI-H716,150-299,163,32,131,-131,164,33
ecSeg,train,NCI-H716,150-299,163,57,106,-106,164,58
ecSeg,test,NCI-H2170,150-299,164,169,5,5,165,170
ecSeg,train,NCI-H2170,150-299,164,26,138,-138,165,27
ecSeg,train,NCI-H2170,150-299,165,13,152,-152,166,14
ecSeg,train,NCI-H2170,150-299,165,4,161,-161,166,5
ecSeg,train,NCI-H2170,150-299,166,22,144,-144,167,23
ecSeg,train,NCI-H2170,150-299,166,21,145,-145,167,22
ecSeg,val,NCI-H716,150-299,166,21,145,-145,167,22
ecSeg,val,NCI-H716,150-299,166,91,75,-75,167,92
ecSeg,test,NCI-H716,150-299,166,8,158,-158,167,9
ecSeg,test,SNU16,150-299,166,53,113,-113,167,54
ecSeg,train,NCI-H2170,150-299,167,133,34,-34,168,134
ecSeg,train,NCI-H2170,150-299,167,91,76,-76,168,92
ecSeg,train,NCI-H2170,150-299,168,26,142,-142,169,27
ecSeg,val,NCI-H2170,150-299,168,32,136,-136,169,33
ecSeg,train,NCI-H2170,150-299,168,16,152,-152,169,17
ecSeg,train,NCI-H2170,150-299,168,36,132,-132,169,37
ecSeg,test,NCI-H2170,150-299,169,108,61,-61,170,109
ecSeg,val,NCI-H716,150-299,169,50,119,-119,170,51
ecSeg,train,NCI-H2170,150-299,170,13,157,-157,171,14
ecSeg,train,NCI-H2170,150-299,170,10,160,-160,171,11
ecSeg,test,NCI-H2170,150-299,170,140,30,-30,171,141
ecSeg,train,SNU16,150-299,170,12,158,-158,171,13
ecSeg,test,NCI-H716,150-299,171,20,151,-151,172,21
ecSeg,train,NCI-H2170,150-299,172,64,108,-108,173,65
ecSeg,train,NCI-H716,150-299,172,31,141,-141,173,32
ecSeg,train,NCI-H716,150-299,172,124,48,-48,173,125
ecSeg,train,SNU16,150-299,172,0,172,-172,173,1
ecSeg,train,NCI-H2170,150-299,173,146,27,-27,174,147
ecSeg,val,NCI-H2170,150-299,173,24,149,-149,174,25
ecSeg,test,NCI-H2170,150-299,174,90,84,-84,175,91
ecSeg,train,NCI-H2170,150-299,174,0,174,-174,175,1
ecSeg,test,NCI-H2170,150-299,174,42,132,-132,175,43
ecSeg,val,SNU16,150-299,174,16,158,-158,175,17
ecSeg,test,NCI-H2170,150-299,175,180,5,5,176,181
ecSeg,train,NCI-H2170,150-299,175,104,71,-71,176,105
ecSeg,test,NCI-H2170,150-299,175,44,131,-131,176,45
ecSeg,train,NCI-H2170,150-299,176,15,161,-161,177,16
ecSeg,train,NCI-H716,150-299,176,100,76,-76,177,101
ecSeg,train,NCI-H2170,150-299,177,25,152,-152,178,26
ecSeg,train,NCI-H2170,150-299,177,74,103,-103,178,75
ecSeg,val,NCI-H2170,150-299,177,16,161,-161,178,17
ecSeg,train,NCI-H2170,150-299,177,17,160,-160,178,18
ecSeg,train,NCI-H716,150-299,177,8,169,-169,178,9
ecSeg,test,SNU16,150-299,177,1,176,-176,178,2
ecSeg,train,NCI-H2170,150-299,178,99,79,-79,179,100
ecSeg,test,NCI-H2170,150-299,178,69,109,-109,179,70
ecSeg,train,NCI-H716,150-299,178,14,164,-164,179,15
ecSeg,train,SNU16,150-299,178,8,170,-170,179,9
ecSeg,train,NCI-H2170,150-299,179,117,62,-62,180,118
ecSeg,test,NCI-H2170,150-299,179,63,116,-116,180,64
ecSeg,train,NCI-H2170,150-299,179,45,134,-134,180,46
ecSeg,train,NCI-H2170,150-299,179,39,140,-140,180,40
ecSeg,train,NCI-H716,150-299,179,44,135,-135,180,45
ecSeg,train,NCI-H716,150-299,179,57,122,-122,180,58
ecSeg,train,NCI-H2170,150-299,180,143,37,-37,181,144
ecSeg,test,NCI-H2170,150-299,180,47,133,-133,181,48
ecSeg,train,NCI-H2170,150-299,180,50,130,-130,181,51
ecSeg,train,NCI-H2170,150-299,180,44,136,-136,181,45
ecSeg,val,NCI-H2170,150-299,181,162,19,-19,182,163
ecSeg,train,NCI-H2170,150-299,181,169,12,-12,182,170
ecSeg,train,NCI-H2170,150-299,181,183,2,2,182,184
ecSeg,train,NCI-H2170,150-299,181,191,10,10,182,192
ecSeg,train,NCI-H2170,150-299,181,113,68,-68,182,114
ecSeg,train,NCI-H2170,150-299,181,110,71,-71,182,111
ecSeg,train,NCI-H716,150-299,181,25,156,-156,182,26
ecSeg,train,SNU16,150-299,181,33,148,-148,182,34
ecSeg,test,NCI-H2170,150-299,182,109,73,-73,183,110
ecSeg,test,NCI-H2170,150-299,182,155,27,-27,183,156
ecSeg,train,NCI-H2170,150-299,182,12,170,-170,183,13
ecSeg,train,NCI-H716,150-299,182,0,182,-182,183,1
ecSeg,val,NCI-H2170,150-299,183,50,133,-133,184,51
ecSeg,train,NCI-H2170,150-299,183,68,115,-115,184,69
ecSeg,test,SNU16,150-299,183,18,165,-165,184,19
ecSeg,train,NCI-H2170,150-299,184,157,27,-27,185,158
ecSeg,test,NCI-H2170,150-299,184,47,137,-137,185,48
ecSeg,train,NCI-H2170,150-299,184,46,138,-138,185,47
ecSeg,test,NCI-H2170,150-299,184,100,84,-84,185,101
ecSeg,train,NCI-H2170,150-299,184,2,182,-182,185,3
ecSeg,train,NCI-H2170,150-299,185,22,163,-163,186,23
ecSeg,train,NCI-H2170,150-299,185,16,169,-169,186,17
ecSeg,test,NCI-H716,150-299,185,5,180,-180,186,6
ecSeg,train,NCI-H2170,150-299,186,131,55,-55,187,132
ecSeg,train,NCI-H2170,150-299,186,88,98,-98,187,89
ecSeg,test,NCI-H2170,150-299,186,32,154,-154,187,33
ecSeg,train,NCI-H2170,150-299,186,83,103,-103,187,84
ecSeg,train,NCI-H2170,150-299,187,70,117,-117,188,71
ecSeg,test,NCI-H2170,150-299,187,46,141,-141,188,47
ecSeg,val,NCI-H2170,150-299,188,71,117,-117,189,72
ecSeg,train,NCI-H2170,150-299,188,22,166,-166,189,23
ecSeg,train,NCI-H2170,150-299,189,46,143,-143,190,47
ecSeg,test,NCI-H2170,150-299,189,0,189,-189,190,1
ecSeg,val,SNU16,150-299,189,13,176,-176,190,14
ecSeg,train,NCI-H2170,150-299,190,163,27,-27,191,164
ecSeg,train,NCI-H2170,150-299,190,45,145,-145,191,46
ecSeg,train,SNU16,150-299,190,39,151,-151,191,40
ecSeg,train,NCI-H2170,150-299,191,198,7,7,192,199
ecSeg,train,NCI-H2170,150-299,191,3,188,-188,192,4
ecSeg,val,NCI-H2170,150-299,191,62,129,-129,192,63
ecSeg,test,NCI-H2170,150-299,191,31,160,-160,192,32
ecSeg,train,NCI-H2170,150-299,191,18,173,-173,192,19
ecSeg,train,NCI-H716,150-299,191,50,141,-141,192,51
ecSeg,test,SNU16,150-299,191,51,140,-140,192,52
ecSeg,test,NCI-H2170,150-299,192,178,14,-14,193,179
ecSeg,val,NCI-H2170,150-299,192,51,141,-141,193,52
ecSeg,val,NCI-H2170,150-299,192,70,122,-122,193,71
ecSeg,train,NCI-H2170,150-299,193,54,139,-139,194,55
ecSeg,test,NCI-H2170,150-299,193,4,189,-189,194,5
ecSeg,test,SNU16,150-299,193,59,134,-134,194,60
ecSeg,train,NCI-H2170,150-299,194,26,168,-168,195,27
ecSeg,train,NCI-H2170,150-299,194,7,187,-187,195,8
ecSeg,train,NCI-H716,150-299,194,61,133,-133,195,62
ecSeg,val,NCI-H2170,150-299,195,8,187,-187,196,9
ecSeg,train,NCI-H716,150-299,195,61,134,-134,196,62
ecSeg,train,NCI-H2170,150-299,196,37,159,-159,197,38
ecSeg,val,NCI-H2170,150-299,196,107,89,-89,197,108
ecSeg,train,NCI-H2170,150-299,197,177,20,-20,198,178
ecSeg,train,NCI-H2170,150-299,197,158,39,-39,198,159
ecSeg,train,NCI-H2170,150-299,197,2,195,-195,198,3
ecSeg,train,NCI-H2170,150-299,199,25,174,-174,200,26
ecSeg,train,NCI-H2170,150-299,199,110,89,-89,200,111
ecSeg,train,NCI-H2170,150-299,200,55,145,-145,201,56
ecSeg,train,NCI-H2170,150-299,201,219,18,18,202,220
ecSeg,val,NCI-H2170,150-299,201,0,201,-201,202,1
ecSeg,val,NCI-H2170,150-299,201,80,121,-121,202,81
ecSeg,train,NCI-H2170,150-299,201,47,154,-154,202,48
ecSeg,test,NCI-H2170,150-299,202,167,35,-35,203,168
ecSeg,train,NCI-H2170,150-299,202,28,174,-174,203,29
ecSeg,val,NCI-H716,150-299,202,20,182,-182,203,21
ecSeg,val,NCI-H2170,150-299,203,144,59,-59,204,145
ecSeg,train,NCI-H2170,150-299,203,139,64,-64,204,140
ecSeg,train,SNU16,150-299,203,27,176,-176,204,28
ecSeg,train,NCI-H2170,150-299,204,21,183,-183,205,22
ecSeg,train,NCI-H2170,150-299,205,170,35,-35,206,171
ecSeg,train,NCI-H2170,150-299,205,170,35,-35,206,171
ecSeg,train,NCI-H2170,150-299,206,132,74,-74,207,133
ecSeg,train,SNU16,150-299,206,38,168,-168,207,39
ecSeg,train,NCI-H2170,150-299,207,183,24,-24,208,184
ecSeg,train,NCI-H2170,150-299,207,191,16,-16,208,192
ecSeg,train,NCI-H2170,150-299,207,25,182,-182,208,26
ecSeg,val,NCI-H716,150-299,207,132,75,-75,208,133
ecSeg,train,SNU16,150-299,207,88,119,-119,208,89
ecSeg,train,NCI-H2170,150-299,209,213,4,4,210,214
ecSeg,train,NCI-H2170,150-299,209,88,121,-121,210,89
ecSeg,train,NCI-H2170,150-299,209,84,125,-125,210,85
ecSeg,train,SNU16,150-299,209,27,182,-182,210,28
ecSeg,train,NCI-H2170,150-299,210,155,55,-55,211,156
ecSeg,val,NCI-H2170,150-299,210,293,83,83,211,294
ecSeg,train,NCI-H2170,150-299,210,24,186,-186,211,25
ecSeg,train,NCI-H2170,150-299,210,19,191,-191,211,20
ecSeg,test,NCI-H716,150-299,210,35,175,-175,211,36
ecSeg,train,NCI-H716,150-299,210,29,181,-181,211,30
ecSeg,train,NCI-H2170,150-299,211,133,78,-78,212,134
ecSeg,train,NCI-H2170,150-299,211,7,204,-204,212,8
ecSeg,train,NCI-H2170,150-299,211,0,211,-211,212,1
ecSeg,train,NCI-H2170,150-299,211,93,118,-118,212,94
ecSeg,val,NCI-H2170,150-299,211,37,174,-174,212,38
ecSeg,train,NCI-H716,150-299,211,27,184,-184,212,28
ecSeg,train,NCI-H716,150-299,211,56,155,-155,212,57
ecSeg,val,NCI-H2170,150-299,212,148,64,-64,213,149
ecSeg,train,NCI-H2170,150-299,212,195,17,-17,213,196
ecSeg,train,NCI-H2170,150-299,212,3,209,-209,213,4
ecSeg,train,SNU16,150-299,212,47,165,-165,213,48
ecSeg,train,NCI-H2170,150-299,213,183,30,-30,214,184
ecSeg,train,NCI-H2170,150-299,213,18,195,-195,214,19
ecSeg,val,NCI-H2170,150-299,213,23,190,-190,214,24
ecSeg,train,NCI-H716,150-299,213,179,34,-34,214,180
ecSeg,test,SNU16,150-299,213,4,209,-209,214,5
ecSeg,train,NCI-H2170,150-299,214,143,71,-71,215,144
ecSeg,val,NCI-H2170,150-299,214,110,104,-104,215,111
ecSeg,val,NCI-H716,150-299,214,38,176,-176,215,39
ecSeg,train,SNU16,150-299,214,52,162,-162,215,53
ecSeg,train,NCI-H2170,150-299,215,57,158,-158,216,58
ecSeg,train,NCI-H2170,150-299,216,4,212,-212,217,5
ecSeg,test,NCI-H2170,150-299,217,218,1,1,218,219
ecSeg,train,NCI-H2170,150-299,217,70,147,-147,218,71
ecSeg,train,NCI-H2170,150-299,219,243,24,24,220,244
ecSeg,train,NCI-H2170,150-299,220,131,89,-89,221,132
ecSeg,train,NCI-H2170,150-299,220,73,147,-147,221,74
ecSeg,val,NCI-H2170,150-299,220,17,203,-203,221,18
ecSeg,train,NCI-H2170,150-299,221,40,181,-181,222,41
ecSeg,val,SNU16,150-299,221,21,200,-200,222,22
ecSeg,train,SNU16,150-299,222,53,169,-169,223,54
ecSeg,val,SNU16,150-299,222,126,96,-96,223,127
ecSeg,val,NCI-H2170,150-299,223,204,19,-19,224,205
ecSeg,test,NCI-H2170,150-299,223,75,148,-148,224,76
ecSeg,train,NCI-H2170,150-299,223,4,219,-219,224,5
ecSeg,train,NCI-H2170,150-299,223,81,142,-142,224,82
ecSeg,test,NCI-H2170,150-299,223,46,177,-177,224,47
ecSeg,train,NCI-H716,150-299,223,125,98,-98,224,126
ecSeg,train,SNU16,150-299,223,24,199,-199,224,25
ecSeg,train,NCI-H2170,150-299,224,161,63,-63,225,162
ecSeg,train,SNU16,150-299,224,14,210,-210,225,15
ecSeg,test,NCI-H2170,150-299,225,15,210,-210,226,16
ecSeg,train,SNU16,150-299,225,45,180,-180,226,46
ecSeg,train,SNU16,150-299,225,23,202,-202,226,24
ecSeg,train,NCI-H2170,150-299,226,66,160,-160,227,67
ecSeg,train,NCI-H2170,150-299,226,43,183,-183,227,44
ecSeg,train,NCI-H2170,150-299,226,168,58,-58,227,169
ecSeg,train,NCI-H2170,150-299,226,180,46,-46,227,181
ecSeg,train,NCI-H2170,150-299,226,42,184,-184,227,43
ecSeg,train,SNU16,150-299,227,20,207,-207,228,21
ecSeg,val,NCI-H2170,150-299,228,210,18,-18,229,211
ecSeg,train,NCI-H2170,150-299,228,163,65,-65,229,164
ecSeg,train,NCI-H2170,150-299,228,1,227,-227,229,2
ecSeg,train,SNU16,150-299,228,14,214,-214,229,15
ecSeg,train,NCI-H2170,150-299,229,281,52,52,230,282
ecSeg,test,NCI-H2170,150-299,229,12,217,-217,230,13
ecSeg,train,NCI-H2170,150-299,230,139,91,-91,231,140
ecSeg,train,SNU16,150-299,230,8,222,-222,231,9
ecSeg,train,NCI-H2170,150-299,231,91,140,-140,232,92
ecSeg,train,NCI-H716,150-299,231,61,170,-170,232,62
ecSeg,train,NCI-H2170,150-299,232,179,53,-53,233,180
ecSeg,val,SNU16,150-299,232,16,216,-216,233,17
ecSeg,test,NCI-H2170,150-299,233,188,45,-45,234,189
ecSeg,val,NCI-H2170,150-299,233,49,184,-184,234,50
ecSeg,train,NCI-H2170,150-299,233,5,228,-228,234,6
ecSeg,train,NCI-H2170,150-299,233,53,180,-180,234,54
ecSeg,train,NCI-H2170,150-299,235,213,22,-22,236,214
ecSeg,train,NCI-H2170,150-299,235,276,41,41,236,277
ecSeg,train,NCI-H2170,150-299,235,104,131,-131,236,105
ecSeg,test,NCI-H2170,150-299,235,171,64,-64,236,172
ecSeg,train,NCI-H2170,150-299,236,162,74,-74,237,163
ecSeg,train,NCI-H2170,150-299,236,3,233,-233,237,4
ecSeg,train,NCI-H2170,150-299,236,15,221,-221,237,16
ecSeg,val,NCI-H2170,150-299,236,23,213,-213,237,24
ecSeg,test,NCI-H716,150-299,236,7,229,-229,237,8
ecSeg,test,NCI-H2170,150-299,237,176,61,-61,238,177
ecSeg,val,NCI-H2170,150-299,237,22,215,-215,238,23
ecSeg,val,SNU16,150-299,237,8,229,-229,238,9
ecSeg,train,NCI-H2170,150-299,238,88,150,-150,239,89
ecSeg,test,SNU16,150-299,238,87,151,-151,239,88
ecSeg,val,SNU16,150-299,238,16,222,-222,239,17
ecSeg,test,NCI-H2170,150-299,239,124,115,-115,240,125
ecSeg,train,NCI-H2170,150-299,239,124,115,-115,240,125
ecSeg,train,NCI-H2170,150-299,239,39,200,-200,240,40
ecSeg,train,NCI-H2170,150-299,239,0,239,-239,240,1
ecSeg,train,NCI-H716,150-299,239,15,224,-224,240,16
ecSeg,val,SNU16,150-299,239,13,226,-226,240,14
ecSeg,train,NCI-H2170,150-299,240,228,12,-12,241,229
ecSeg,train,SNU16,150-299,241,65,176,-176,242,66
ecSeg,train,SNU16,150-299,241,27,214,-214,242,28
ecSeg,test,NCI-H2170,150-299,242,52,190,-190,243,53
ecSeg,train,NCI-H2170,150-299,242,43,199,-199,243,44
ecSeg,train,SNU16,150-299,242,63,179,-179,243,64
ecSeg,train,NCI-H2170,150-299,243,100,143,-143,244,101
ecSeg,train,NCI-H2170,150-299,243,82,161,-161,244,83
ecSeg,train,NCI-H2170,150-299,244,193,51,-51,245,194
ecSeg,train,NCI-H2170,150-299,244,133,111,-111,245,134
ecSeg,train,SNU16,150-299,244,5,239,-239,245,6
ecSeg,test,NCI-H2170,150-299,245,211,34,-34,246,212
ecSeg,train,NCI-H2170,150-299,245,69,176,-176,246,70
ecSeg,train,NCI-H2170,150-299,245,14,231,-231,246,15
ecSeg,test,NCI-H2170,150-299,246,216,30,-30,247,217
ecSeg,train,NCI-H2170,150-299,246,242,4,-4,247,243
ecSeg,train,NCI-H2170,150-299,246,230,16,-16,247,231
ecSeg,test,NCI-H2170,150-299,246,60,186,-186,247,61
ecSeg,train,NCI-H2170,150-299,246,53,193,-193,247,54
ecSeg,test,NCI-H2170,150-299,246,108,138,-138,247,109
ecSeg,train,NCI-H2170,150-299,246,40,206,-206,247,41
ecSeg,test,NCI-H2170,150-299,248,193,55,-55,249,194
ecSeg,train,NCI-H2170,150-299,249,58,191,-191,250,59
ecSeg,train,NCI-H2170,150-299,249,49,200,-200,250,50
ecSeg,train,NCI-H2170,150-299,250,227,23,-23,251,228
ecSeg,train,NCI-H2170,150-299,250,75,175,-175,251,76
ecSeg,train,NCI-H2170,150-299,250,102,148,-148,251,103
ecSeg,train,NCI-H2170,150-299,250,73,177,-177,251,74
ecSeg,test,NCI-H2170,150-299,251,51,200,-200,252,52
ecSeg,train,SNU16,150-299,251,17,234,-234,252,18
ecSeg,test,NCI-H2170,150-299,252,214,38,-38,253,215
ecSeg,train,NCI-H2170,150-299,252,201,51,-51,253,202
ecSeg,train,NCI-H2170,150-299,252,59,193,-193,253,60
ecSeg,train,NCI-H2170,150-299,254,261,7,7,255,262
ecSeg,val,SNU16,150-299,254,20,234,-234,255,21
ecSeg,train,NCI-H2170,150-299,255,77,178,-178,256,78
ecSeg,train,NCI-H2170,150-299,256,286,30,30,257,287
ecSeg,train,SNU16,150-299,256,13,243,-243,257,14
ecSeg,train,NCI-H2170,150-299,257,16,241,-241,258,17
ecSeg,train,NCI-H2170,150-299,257,64,193,-193,258,65
ecSeg,train,NCI-H2170,150-299,258,22,236,-236,259,23
ecSeg,train,NCI-H2170,150-299,258,85,173,-173,259,86
ecSeg,train,NCI-H2170,150-299,259,181,78,-78,260,182
ecSeg,train,NCI-H2170,150-299,259,59,200,-200,260,60
ecSeg,train,NCI-H2170,150-299,259,16,243,-243,260,17
ecSeg,train,NCI-H2170,150-299,259,19,240,-240,260,20
ecSeg,train,NCI-H2170,150-299,260,196,64,-64,261,197
ecSeg,train,NCI-H2170,150-299,260,178,82,-82,261,179
ecSeg,train,NCI-H2170,150-299,261,266,5,5,262,267
ecSeg,train,NCI-H2170,150-299,261,43,218,-218,262,44
ecSeg,train,SNU16,150-299,261,8,253,-253,262,9
ecSeg,train,NCI-H2170,150-299,262,163,99,-99,263,164
ecSeg,train,NCI-H2170,150-299,262,34,228,-228,263,35
ecSeg,train,NCI-H716,150-299,262,3,259,-259,263,4
ecSeg,train,NCI-H2170,150-299,264,291,27,27,265,292
ecSeg,train,NCI-H2170,150-299,265,142,123,-123,266,143
ecSeg,train,NCI-H2170,150-299,265,28,237,-237,266,29
ecSeg,train,SNU16,150-299,265,21,244,-244,266,22
ecSeg,val,NCI-H2170,150-299,266,231,35,-35,267,232
ecSeg,train,NCI-H2170,150-299,266,121,145,-145,267,122
ecSeg,train,SNU16,150-299,267,117,150,-150,268,118
ecSeg,train,SNU16,150-299,268,7,261,-261,269,8
ecSeg,test,SNU16,150-299,270,14,256,-256,271,15
ecSeg,train,SNU16,150-299,271,1,270,-270,272,2
ecSeg,train,SNU16,150-299,271,20,251,-251,272,21
ecSeg,test,SNU16,150-299,271,26,245,-245,272,27
ecSeg,val,NCI-H2170,150-299,273,116,157,-157,274,117
ecSeg,train,NCI-H716,150-299,273,110,163,-163,274,111
ecSeg,train,NCI-H2170,150-299,274,194,80,-80,275,195
ecSeg,test,NCI-H2170,150-299,274,63,211,-211,275,64
ecSeg,train,NCI-H2170,150-299,274,170,104,-104,275,171
ecSeg,train,NCI-H2170,150-299,274,85,189,-189,275,86
ecSeg,train,NCI-H716,150-299,274,107,167,-167,275,108
ecSeg,val,SNU16,150-299,274,6,268,-268,275,7
ecSeg,train,NCI-H2170,150-299,276,66,210,-210,277,67
ecSeg,train,NCI-H2170,150-299,277,239,38,-38,278,240
ecSeg,test,NCI-H2170,150-299,278,4,274,-274,279,5
ecSeg,train,NCI-H2170,150-299,278,108,170,-170,279,109
ecSeg,train,SNU16,150-299,279,1,278,-278,280,2
ecSeg,train,NCI-H2170,150-299,280,159,121,-121,281,160
ecSeg,val,NCI-H2170,150-299,281,280,1,-1,282,281
ecSeg,val,NCI-H2170,150-299,281,262,19,-19,282,263
ecSeg,val,NCI-H2170,150-299,281,198,83,-83,282,199
ecSeg,train,NCI-H716,150-299,281,83,198,-198,282,84
ecSeg,train,NCI-H2170,150-299,282,273,9,-9,283,274
ecSeg,train,NCI-H2170,150-299,282,91,191,-191,283,92
ecSeg,train,NCI-H2170,150-299,283,269,14,-14,284,270
ecSeg,train,NCI-H2170,150-299,283,200,83,-83,284,201
ecSeg,train,NCI-H2170,150-299,283,64,219,-219,284,65
ecSeg,test,NCI-H2170,150-299,284,251,33,-33,285,252
ecSeg,train,NCI-H2170,150-299,284,59,225,-225,285,60
ecSeg,train,NCI-H2170,150-299,285,196,89,-89,286,197
ecSeg,train,NCI-H2170,150-299,286,237,49,-49,287,238
ecSeg,train,SNU16,150-299,286,9,277,-277,287,10
ecSeg,train,NCI-H2170,150-299,287,282,5,-5,288,283
ecSeg,train,NCI-H2170,150-299,287,127,160,-160,288,128
ecSeg,train,NCI-H2170,150-299,288,114,174,-174,289,115
ecSeg,train,NCI-H2170,150-299,289,231,58,-58,290,232
ecSeg,train,SNU16,150-299,289,43,246,-246,290,44
ecSeg,train,NCI-H2170,150-299,290,69,221,-221,291,70
ecSeg,train,NCI-H2170,150-299,291,91,200,-200,292,92
ecSeg,train,NCI-H2170,150-299,291,29,262,-262,292,30
ecSeg,train,NCI-H716,150-299,291,103,188,-188,292,104
ecSeg,train,NCI-H2170,150-299,292,45,247,-247,293,46
ecSeg,train,NCI-H2170,150-299,292,89,203,-203,293,90
ecSeg,train,NCI-H2170,150-299,292,167,125,-125,293,168
ecSeg,test,NCI-H2170,150-299,296,212,84,-84,297,213
ecSeg,test,NCI-H2170,150-299,296,197,99,-99,297,198
ecSeg,val,NCI-H2170,150-299,296,287,9,-9,297,288
ecSeg,train,NCI-H2170,150-299,297,31,266,-266,298,32
ecSeg,train,SNU16,150-299,297,28,269,-269,298,29
ecSeg,train,NCI-H2170,150-299,299,199,100,-100,300,200
ecSeg,test,NCI-H2170,150-299,299,159,140,-140,300,160
ecSeg,train,NCI-H2170,150-299,299,56,243,-243,300,57
ecSeg,test,NCI-H2170,300+,300,299,1,-1,301,300
ecSeg,train,SNU16,300+,301,11,290,-290,302,12
ecSeg,test,NCI-H2170,300+,302,345,43,43,303,346
ecSeg,val,NCI-H2170,300+,302,56,246,-246,303,57
ecSeg,val,NCI-H2170,300+,303,102,201,-201,304,103
ecSeg,train,SNU16,300+,303,18,285,-285,304,19
ecSeg,train,NCI-H2170,300+,305,321,16,16,306,322
ecSeg,train,NCI-H2170,300+,307,287,20,-20,308,288
ecSeg,train,NCI-H2170,300+,307,61,246,-246,308,62
ecSeg,test,NCI-H2170,300+,308,111,197,-197,309,112
ecSeg,train,NCI-H2170,300+,308,30,278,-278,309,31
ecSeg,test,SNU16,300+,309,96,213,-213,310,97
ecSeg,train,SNU16,300+,311,6,305,-305,312,7
ecSeg,train,SNU16,300+,313,5,308,-308,314,6
ecSeg,train,SNU16,300+,313,17,296,-296,314,18
ecSeg,train,NCI-H2170,300+,314,282,32,-32,315,283
ecSeg,train,NCI-H2170,300+,314,0,314,-314,315,1
ecSeg,train,NCI-H2170,300+,314,85,229,-229,315,86
ecSeg,val,NCI-H2170,300+,314,59,255,-255,315,60
ecSeg,test,NCI-H2170,300+,316,229,87,-87,317,230
ecSeg,train,SNU16,300+,317,14,303,-303,318,15
ecSeg,train,NCI-H2170,300+,318,248,70,-70,319,249
ecSeg,train,NCI-H2170,300+,318,27,291,-291,319,28
ecSeg,test,NCI-H2170,300+,318,44,274,-274,319,45
ecSeg,train,NCI-H2170,300+,319,11,308,-308,320,12
ecSeg,train,SNU16,300+,320,35,285,-285,321,36
ecSeg,train,SNU16,300+,321,56,265,-265,322,57
ecSeg,train,NCI-H716,300+,322,92,230,-230,323,93
ecSeg,train,NCI-H2170,300+,323,28,295,-295,324,29
ecSeg,train,NCI-H2170,300+,323,38,285,-285,324,39
ecSeg,val,NCI-H2170,300+,324,268,56,-56,325,269
ecSeg,test,SNU16,300+,324,13,311,-311,325,14
ecSeg,train,NCI-H2170,300+,325,8,317,-317,326,9
ecSeg,test,SNU16,300+,325,42,283,-283,326,43
ecSeg,train,NCI-H2170,300+,328,320,8,-8,329,321
ecSeg,test,NCI-H2170,300+,328,48,280,-280,329,49
ecSeg,train,NCI-H2170,300+,329,399,70,70,330,400
ecSeg,train,NCI-H2170,300+,329,293,36,-36,330,294
ecSeg,train,NCI-H2170,300+,329,17,312,-312,330,18
ecSeg,test,NCI-H2170,300+,330,332,2,2,331,333
ecSeg,train,NCI-H2170,300+,332,50,282,-282,333,51
ecSeg,train,NCI-H2170,300+,333,164,169,-169,334,165
ecSeg,train,NCI-H2170,300+,335,301,34,-34,336,302
ecSeg,train,NCI-H2170,300+,337,289,48,-48,338,290
ecSeg,train,NCI-H2170,300+,339,118,221,-221,340,119
ecSeg,test,NCI-H2170,300+,340,289,51,-51,341,290
ecSeg,test,NCI-H2170,300+,341,279,62,-62,342,280
ecSeg,test,NCI-H2170,300+,341,176,165,-165,342,177
ecSeg,train,SNU16,300+,341,31,310,-310,342,32
ecSeg,val,NCI-H2170,300+,343,259,84,-84,344,260
ecSeg,train,NCI-H2170,300+,344,54,290,-290,345,55
ecSeg,train,NCI-H2170,300+,348,235,113,-113,349,236
ecSeg,train,NCI-H2170,300+,349,169,180,-180,350,170
ecSeg,train,NCI-H716,300+,349,131,218,-218,350,132
ecSeg,train,NCI-H2170,300+,350,386,36,36,351,387
ecSeg,train,NCI-H716,300+,350,154,196,-196,351,155
ecSeg,val,NCI-H2170,300+,352,128,224,-224,353,129
ecSeg,train,NCI-H2170,300+,354,284,70,-70,355,285
ecSeg,train,NCI-H2170,300+,355,134,221,-221,356,135
ecSeg,test,NCI-H2170,300+,358,57,301,-301,359,58
ecSeg,train,NCI-H2170,300+,359,99,260,-260,360,100
ecSeg,val,NCI-H2170,300+,359,151,208,-208,360,152
ecSeg,train,NCI-H2170,300+,362,322,40,-40,363,323
ecSeg,test,NCI-H2170,300+,365,129,236,-236,366,130
ecSeg,val,SNU16,300+,366,28,338,-338,367,29
ecSeg,val,NCI-H2170,300+,368,43,325,-325,369,44
ecSeg,train,NCI-H716,300+,368,87,281,-281,369,88
ecSeg,train,SNU16,300+,368,19,349,-349,369,20
ecSeg,train,NCI-H716,300+,369,199,170,-170,370,200
ecSeg,train,NCI-H2170,300+,370,401,31,31,371,402
ecSeg,train,SNU16,300+,370,33,337,-337,371,34
ecSeg,train,NCI-H2170,300+,371,29,342,-342,372,30
ecSeg,train,SNU16,300+,372,38,334,-334,373,39
ecSeg,train,NCI-H2170,300+,373,350,23,-23,374,351
ecSeg,train,SNU16,300+,374,19,355,-355,375,20
ecSeg,train,NCI-H2170,300+,375,364,11,-11,376,365
ecSeg,train,NCI-H2170,300+,375,353,22,-22,376,354
ecSeg,train,NCI-H2170,300+,375,271,104,-104,376,272
ecSeg,test,NCI-H2170,300+,375,49,326,-326,376,50
ecSeg,train,NCI-H2170,300+,376,67,309,-309,377,68
ecSeg,train,SNU16,300+,376,49,327,-327,377,50
ecSeg,train,NCI-H2170,300+,378,129,249,-249,379,130
ecSeg,val,NCI-H2170,300+,378,179,199,-199,379,180
ecSeg,val,SNU16,300+,380,12,368,-368,381,13
ecSeg,train,NCI-H2170,300+,382,99,283,-283,383,100
ecSeg,val,SNU16,300+,382,109,273,-273,383,110
ecSeg,train,NCI-H716,300+,386,87,299,-299,387,88
ecSeg,train,NCI-H2170,300+,390,30,360,-360,391,31
ecSeg,train,NCI-H2170,300+,390,44,346,-346,391,45
ecSeg,train,NCI-H2170,300+,391,383,8,-8,392,384
ecSeg,train,SNU16,300+,392,36,356,-356,393,37
ecSeg,train,SNU16,300+,394,3,391,-391,395,4
ecSeg,train,NCI-H2170,300+,395,114,281,-281,396,115
ecSeg,test,NCI-H2170,300+,396,35,361,-361,397,36
ecSeg,train,NCI-H2170,300+,396,237,159,-159,397,238
ecSeg,train,NCI-H2170,300+,396,13,383,-383,397,14
ecSeg,train,NCI-H2170,300+,398,229,169,-169,399,230
ecSeg,test,NCI-H2170,300+,400,156,244,-244,401,157
ecSeg,train,NCI-H2170,300+,402,329,73,-73,403,330
ecSeg,train,NCI-H2170,300+,402,383,19,-19,403,384
ecSeg,val,NCI-H2170,300+,402,373,29,-29,403,374
ecSeg,test,NCI-H2170,300+,403,308,95,-95,404,309
ecSeg,train,NCI-H2170,300+,404,301,103,-103,405,302
ecSeg,test,NCI-H2170,300+,406,55,351,-351,407,56
ecSeg,train,NCI-H2170,300+,406,125,281,-281,407,126
ecSeg,train,NCI-H2170,300+,407,143,264,-264,408,144
ecSeg,test,NCI-H2170,300+,411,375,36,-36,412,376
ecSeg,train,NCI-H2170,300+,413,63,350,-350,414,64
ecSeg,train,SNU16,300+,413,62,351,-351,414,63
ecSeg,val,SNU16,300+,415,8,407,-407,416,9
ecSeg,train,NCI-H2170,300+,418,57,361,-361,419,58
ecSeg,train,NCI-H2170,300+,419,186,233,-233,420,187
ecSeg,test,SNU16,300+,422,72,350,-350,423,73
ecSeg,train,NCI-H2170,300+,425,487,62,62,426,488
ecSeg,val,SNU16,300+,426,58,368,-368,427,59
ecSeg,val,NCI-H2170,300+,430,104,326,-326,431,105
ecSeg,train,NCI-H2170,300+,431,27,404,-404,432,28
ecSeg,train,SNU16,300+,433,34,399,-399,434,35
ecSeg,train,NCI-H2170,300+,434,359,75,-75,435,360
ecSeg,train,SNU16,300+,434,17,417,-417,435,18
ecSeg,train,NCI-H2170,300+,436,25,411,-411,437,26
ecSeg,train,NCI-H2170,300+,438,21,417,-417,439,22
ecSeg,train,NCI-H2170,300+,438,103,335,-335,439,104
ecSeg,train,NCI-H2170,300+,441,161,280,-280,442,162
ecSeg,val,NCI-H2170,300+,442,118,324,-324,443,119
ecSeg,train,SNU16,300+,444,11,433,-433,445,12
ecSeg,test,NCI-H2170,300+,445,69,376,-376,446,70
ecSeg,test,NCI-H2170,300+,446,423,23,-23,447,424
ecSeg,train,NCI-H2170,300+,446,346,100,-100,447,347
ecSeg,val,NCI-H2170,300+,451,198,253,-253,452,199
ecSeg,train,NCI-H2170,300+,453,347,106,-106,454,348
ecSeg,train,NCI-H2170,300+,456,531,75,75,457,532
ecSeg,train,NCI-H2170,300+,458,365,93,-93,459,366
ecSeg,train,SNU16,300+,459,10,449,-449,460,11
ecSeg,train,NCI-H2170,300+,460,302,158,-158,461,303
ecSeg,train,NCI-H2170,300+,462,253,209,-209,463,254
ecSeg,train,NCI-H716,300+,468,186,282,-282,469,187
ecSeg,train,SNU16,300+,471,64,407,-407,472,65
ecSeg,test,NCI-H2170,300+,472,135,337,-337,473,136
ecSeg,val,NCI-H2170,300+,473,270,203,-203,474,271
ecSeg,train,NCI-H2170,300+,475,47,428,-428,476,48
ecSeg,train,NCI-H2170,300+,478,323,155,-155,479,324
ecSeg,test,NCI-H2170,300+,478,147,331,-331,479,148
ecSeg,train,NCI-H2170,300+,479,51,428,-428,480,52
ecSeg,train,SNU16,300+,481,41,440,-440,482,42
ecSeg,train,NCI-H2170,300+,489,7,482,-482,490,8
ecSeg,train,NCI-H2170,300+,491,461,30,-30,492,462
ecSeg,train,NCI-H2170,300+,495,253,242,-242,496,254
ecSeg,train,NCI-H2170,300+,497,291,206,-206,498,292
ecSeg,train,NCI-H2170,300+,497,26,471,-471,498,27
ecSeg,train,NCI-H2170,300+,498,35,463,-463,499,36
ecSeg,test,SNU16,300+,499,43,456,-456,500,44
ecSeg,train,NCI-H2170,300+,503,18,485,-485,504,19
ecSeg,train,NCI-H2170,300+,504,278,226,-226,505,279
ecSeg,train,NCI-H2170,300+,505,471,34,-34,506,472
ecSeg,train,NCI-H2170,300+,506,338,168,-168,507,339
ecSeg,train,NCI-H2170,300+,513,81,432,-432,514,82
ecSeg,train,NCI-H2170,300+,517,481,36,-36,518,482
ecSeg,val,NCI-H2170,300+,520,19,501,-501,521,20
ecSeg,train,NCI-H2170,300+,520,70,450,-450,521,71
ecSeg,test,NCI-H2170,300+,521,389,132,-132,522,390
ecSeg,train,NCI-H2170,300+,523,277,246,-246,524,278
ecSeg,val,NCI-H2170,300+,526,204,322,-322,527,205
ecSeg,train,SNU16,300+,527,4,523,-523,528,5
ecSeg,train,NCI-H2170,300+,534,386,148,-148,535,387
ecSeg,train,NCI-H2170,300+,536,45,491,-491,537,46
ecSeg,test,NCI-H2170,300+,539,406,133,-133,540,407
ecSeg,val,NCI-H2170,300+,557,29,528,-528,558,30
ecSeg,test,NCI-H2170,300+,559,549,10,-10,560,550
ecSeg,train,NCI-H2170,300+,560,456,104,-104,561,457
ecSeg,val,NCI-H2170,300+,567,211,356,-356,568,212
ecSeg,train,NCI-H2170,300+,572,86,486,-486,573,87
ecSeg,train,NCI-H2170,300+,574,167,407,-407,575,168
ecSeg,train,NCI-H2170,300+,589,285,304,-304,590,286
ecSeg,train,NCI-H2170,300+,597,505,92,-92,598,506
ecSeg,train,NCI-H2170,300+,597,360,237,-237,598,361
ecSeg,train,NCI-H2170,300+,604,515,89,-89,605,516
ecSeg,train,NCI-H2170,300+,604,116,488,-488,605,117
ecSeg,train,NCI-H2170,300+,611,207,404,-404,612,208
ecSeg,train,NCI-H2170,300+,611,217,394,-394,612,218
ecSeg,train,NCI-H2170,300+,613,257,356,-356,614,258
ecSeg,train,SNU16,300+,635,52,583,-583,636,53
ecSeg,train,SNU16,300+,637,55,582,-582,638,56
ecSeg,test,NCI-H2170,300+,642,224,418,-418,643,225
ecSeg,train,SNU16,300+,663,10,653,-653,664,11
ecSeg,train,NCI-H2170,300+,664,135,529,-529,665,136
ecSeg,train,SNU16,300+,664,62,602,-602,665,63
ecSeg,test,SNU16,300+,670,21,649,-649,671,22
ecSeg,train,NCI-H2170,300+,676,380,296,-296,677,381
ecSeg,val,SNU16,300+,705,49,656,-656,706,50
ecSeg,train,NCI-H2170,300+,742,243,499,-499,743,244
ecSeg,val,NCI-H2170,300+,763,698,65,-65,764,699
ecSeg,train,NCI-H2170,300+,769,695,74,-74,770,696
ecSeg,train,NCI-H2170,300+,783,89,694,-694,784,90
ecSeg,train,NCI-H2170,300+,801,452,349,-349,802,453
ecSeg,train,NCI-H2170,300+,829,609,220,-220,830,610
ecSeg,train,NCI-H2170,300+,832,360,472,-472,833,361
ecSeg,val,NCI-H2170,300+,835,483,352,-352,836,484
ecSeg,train,NCI-H2170,300+,843,296,547,-547,844,297
ecSeg,train,NCI-H2170,300+,862,657,205,-205,863,658
ecSeg,val,NCI-H2170,300+,867,718,149,-149,868,719
ecSeg,train,NCI-H2170,300+,909,312,597,-597,910,313
ecSeg,test,NCI-H2170,300+,912,830,82,-82,913,831
ecSeg,train,SNU16,300+,990,27,963,-963,991,28
ecSeg,train,SNU16,300+,1231,45,1186,-1186,1232,46
ecSeg,train,NCI-H2170,300+,1687,526,1161,-1161,1688,527
MIA,train,COLO320DM,0-9,1,48,47,47,2,49
MIA,train,COLO320DM,0-9,4,1,3,-3,5,2
MIA,test,COLO320DM,0-9,4,32,28,28,5,33
MIA,train,COLO320DM,0-9,4,26,22,22,5,27
MIA,val,COLO320DM,0-9,4,21,17,17,5,22
MIA,train,COLO320DM,0-9,7,11,4,4,8,12
MIA,val,NCI-H2170,0-9,9,8,1,-1,10,9
MIA,train,COLO320DM,10-49,10,14,4,4,11,15
MIA,train,COLO320DM,10-49,12,7,5,-5,13,8
MIA,val,COLO320DM,10-49,13,11,2,-2,14,12
MIA,train,COLO320DM,10-49,15,10,5,-5,16,11
MIA,train,COLO320DM,10-49,15,8,7,-7,16,9
MIA,train,NCI-H2170,10-49,15,40,25,25,16,41
MIA,test,NCI-H2170,10-49,15,7,8,-8,16,8
MIA,train,COLO320DM,10-49,16,6,10,-10,17,7
MIA,train,NCI-H2170,10-49,16,21,5,5,17,22
MIA,val,NCI-H2170,10-49,17,24,7,7,18,25
MIA,val,COLO320DM,10-49,18,19,1,1,19,20
MIA,train,NCI-H2170,10-49,18,35,17,17,19,36
MIA,train,COLO320DM,10-49,22,8,14,-14,23,9
MIA,test,COLO320DM,10-49,22,24,2,2,23,25
MIA,train,NCI-H2170,10-49,22,39,17,17,23,40
MIA,train,COLO320DM,10-49,23,14,9,-9,24,15
MIA,test,COLO320DM,10-49,24,20,4,-4,25,21
MIA,train,NCI-H2170,10-49,24,20,4,-4,25,21
MIA,train,NCI-H2170,10-49,24,12,12,-12,25,13
MIA,val,NCI-H2170,10-49,24,26,2,2,25,27
MIA,train,COLO320DM,10-49,26,24,2,-2,27,25
MIA,train,NCI-H2170,10-49,26,28,2,2,27,29
MIA,train,COLO320DM,10-49,27,9,18,-18,28,10
MIA,train,NCI-H2170,10-49,27,53,26,26,28,54
MIA,train,NCI-H2170,10-49,27,19,8,-8,28,20
MIA,train,COLO320DM,10-49,30,47,17,17,31,48
MIA,train,COLO320DM,10-49,30,31,1,1,31,32
MIA,train,NCI-H2170,10-49,30,41,11,11,31,42
MIA,test,COLO320DM,10-49,31,36,5,5,32,37
MIA,test,COLO320DM,10-49,32,23,9,-9,33,24
MIA,train,COLO320DM,10-49,32,25,7,-7,33,26
MIA,train,NCI-H2170,10-49,32,42,10,10,33,43
MIA,val,NCI-H2170,10-49,33,32,1,-1,34,33
MIA,train,COLO320DM,10-49,34,27,7,-7,35,28
MIA,train,NCI-H2170,10-49,34,40,6,6,35,41
MIA,train,COLO320DM,10-49,35,20,15,-15,36,21
MIA,train,NCI-H2170,10-49,35,50,15,15,36,51
MIA,val,NCI-H2170,10-49,35,30,5,-5,36,31
MIA,train,NCI-H2170,10-49,35,6,29,-29,36,7
MIA,val,NCI-H2170,10-49,35,22,13,-13,36,23
MIA,train,COLO320DM,10-49,36,23,13,-13,37,24
MIA,test,NCI-H2170,10-49,36,29,7,-7,37,30
MIA,train,NCI-H2170,10-49,36,20,16,-16,37,21
MIA,train,COLO320DM,10-49,37,35,2,-2,38,36
MIA,test,NCI-H2170,10-49,38,19,19,-19,39,20
MIA,train,COLO320DM,10-49,39,21,18,-18,40,22
MIA,train,NCI-H2170,10-49,39,43,4,4,40,44
MIA,val,COLO320DM,10-49,40,27,13,-13,41,28
MIA,test,NCI-H2170,10-49,40,18,22,-22,41,19
MIA,train,NCI-H2170,10-49,40,31,9,-9,41,32
MIA,train,COLO320DM,10-49,41,39,2,-2,42,40
MIA,test,COLO320DM,10-49,41,25,16,-16,42,26
MIA,train,NCI-H2170,10-49,41,61,20,20,42,62
MIA,train,NCI-H2170,10-49,41,42,1,1,42,43
MIA,train,NCI-H2170,10-49,41,24,17,-17,42,25
MIA,train,NCI-H2170,10-49,42,50,8,8,43,51
MIA,train,NCI-H2170,10-49,43,49,6,6,44,50
MIA,train,NCI-H2170,10-49,43,36,7,-7,44,37
MIA,train,NCI-H2170,10-49,43,22,21,-21,44,23
MIA,train,COLO320DM,10-49,44,33,11,-11,45,34
MIA,train,NCI-H2170,10-49,44,112,68,68,45,113
MIA,test,NCI-H2170,10-49,44,28,16,-16,45,29
MIA,train,COLO320DM,10-49,45,29,16,-16,46,30
MIA,train,COLO320DM,10-49,45,39,6,-6,46,40
MIA,train,NCI-H2170,10-49,45,42,3,-3,46,43
MIA,train,COLO320DM,10-49,46,35,11,-11,47,36
MIA,test,NCI-H2170,10-49,46,43,3,-3,47,44
MIA,val,NCI-H2170,10-49,46,53,7,7,47,54
MIA,train,NCI-H2170,10-49,46,24,22,-22,47,25
MIA,train,NCI-H2170,10-49,46,42,4,-4,47,43
MIA,train,COLO320DM,10-49,47,41,6,-6,48,42
MIA,train,NCI-H2170,10-49,47,35,12,-12,48,36
MIA,train,NCI-H2170,10-49,47,43,4,-4,48,44
MIA,val,NCI-H2170,10-49,47,49,2,2,48,50
MIA,test,NCI-H2170,10-49,48,75,27,27,49,76
MIA,val,NCI-H2170,10-49,48,19,29,-29,49,20
MIA,val,NCI-H2170,10-49,48,41,7,-7,49,42
MIA,test,COLO320DM,10-49,49,52,3,3,50,53
MIA,train,NCI-H2170,10-49,49,93,44,44,50,94
MIA,train,NCI-H2170,50-149,50,45,5,-5,51,46
MIA,train,NCI-H2170,50-149,50,38,12,-12,51,39
MIA,train,COLO320DM,50-149,51,51,0,0,52,52
MIA,test,NCI-H2170,50-149,51,31,20,-20,52,32
MIA,train,NCI-H2170,50-149,51,43,8,-8,52,44
MIA,val,NCI-H2170,50-149,51,57,6,6,52,58
MIA,train,NCI-H2170,50-149,51,28,23,-23,52,29
MIA,train,COLO320DM,50-149,52,46,6,-6,53,47
MIA,val,NCI-H2170,50-149,52,49,3,-3,53,50
MIA,test,NCI-H2170,50-149,52,53,1,1,53,54
MIA,test,NCI-H2170,50-149,52,29,23,-23,53,30
MIA,val,NCI-H2170,50-149,52,67,15,15,53,68
MIA,train,COLO320DM,50-149,53,55,2,2,54,56
MIA,train,COLO320DM,50-149,53,61,8,8,54,62
MIA,train,NCI-H2170,50-149,53,61,8,8,54,62
MIA,train,NCI-H2170,50-149,53,18,35,-35,54,19
MIA,train,NCI-H2170,50-149,53,58,5,5,54,59
MIA,train,NCI-H2170,50-149,53,49,4,-4,54,50
MIA,train,NCI-H2170,50-149,53,32,21,-21,54,33
MIA,test,COLO320DM,50-149,54,50,4,-4,55,51
MIA,train,NCI-H2170,50-149,54,37,17,-17,55,38
MIA,train,NCI-H2170,50-149,54,28,26,-26,55,29
MIA,train,NCI-H2170,50-149,54,34,20,-20,55,35
MIA,val,NCI-H2170,50-149,54,48,6,-6,55,49
MIA,train,COLO320DM,50-149,55,55,0,0,56,56
MIA,test,NCI-H2170,50-149,55,72,17,17,56,73
MIA,test,NCI-H2170,50-149,55,54,1,-1,56,55
MIA,val,NCI-H2170,50-149,56,34,22,-22,57,35
MIA,train,NCI-H2170,50-149,56,89,33,33,57,90
MIA,test,COLO320DM,50-149,57,28,29,-29,58,29
MIA,val,COLO320DM,50-149,57,54,3,-3,58,55
MIA,train,SNU16,50-149,57,25,32,-32,58,26
MIA,val,NCI-H2170,50-149,58,67,9,9,59,68
MIA,val,NCI-H2170,50-149,58,66,8,8,59,67
MIA,train,NCI-H2170,50-149,58,58,0,0,59,59
MIA,train,NCI-H2170,50-149,58,39,19,-19,59,40
MIA,val,COLO320DM,50-149,59,30,29,-29,60,31
MIA,train,COLO320DM,50-149,59,46,13,-13,60,47
MIA,train,COLO320DM,50-149,59,54,5,-5,60,55
MIA,test,NCI-H2170,50-149,59,62,3,3,60,63
MIA,train,NCI-H2170,50-149,60,31,29,-29,61,32
MIA,train,NCI-H2170,50-149,60,47,13,-13,61,48
MIA,train,COLO320DM,50-149,61,42,19,-19,62,43
MIA,test,NCI-H2170,50-149,61,28,33,-33,62,29
MIA,train,NCI-H2170,50-149,61,72,11,11,62,73
MIA,train,NCI-H2170,50-149,61,39,22,-22,62,40
MIA,test,NCI-H2170,50-149,61,46,15,-15,62,47
MIA,val,NCI-H2170,50-149,61,110,49,49,62,111
MIA,test,NCI-H2170,50-149,62,75,13,13,63,76
MIA,train,NCI-H2170,50-149,62,66,4,4,63,67
MIA,train,NCI-H2170,50-149,62,40,22,-22,63,41
MIA,train,NCI-H2170,50-149,62,50,12,-12,63,51
MIA,train,COLO320DM,50-149,63,43,20,-20,64,44
MIA,train,NCI-H2170,50-149,63,65,2,2,64,66
MIA,test,NCI-H2170,50-149,63,76,13,13,64,77
MIA,train,NCI-H2170,50-149,63,36,27,-27,64,37
MIA,train,NCI-H2170,50-149,64,49,15,-15,65,50
MIA,train,NCI-H2170,50-149,64,64,0,0,65,65
MIA,train,NCI-H2170,50-149,64,68,4,4,65,69
MIA,test,NCI-H2170,50-149,64,56,8,-8,65,57
MIA,train,COLO320DM,50-149,65,46,19,-19,66,47
MIA,train,NCI-H2170,50-149,65,71,6,6,66,72
MIA,test,NCI-H2170,50-149,65,109,44,44,66,110
MIA,train,NCI-H2170,50-149,65,61,4,-4,66,62
MIA,train,NCI-H2170,50-149,65,41,24,-24,66,42
MIA,train,NCI-H2170,50-149,66,62,4,-4,67,63
MIA,train,NCI-H2170,50-149,66,66,0,0,67,67
MIA,train,NCI-H2170,50-149,66,34,32,-32,67,35
MIA,test,NCI-H2170,50-149,67,48,19,-19,68,49
MIA,test,NCI-H2170,50-149,67,52,15,-15,68,53
MIA,train,NCI-H2170,50-149,67,39,28,-28,68,40
MIA,train,NCI-H2170,50-149,68,38,30,-30,69,39
MIA,train,NCI-H2170,50-149,69,85,16,16,70,86
MIA,train,NCI-H2170,50-149,69,62,7,-7,70,63
MIA,train,NCI-H2170,50-149,69,46,23,-23,70,47
MIA,train,NCI-H2170,50-149,69,49,20,-20,70,50
MIA,train,NCI-H2170,50-149,69,37,32,-32,70,38
MIA,train,NCI-H2170,50-149,70,94,24,24,71,95
MIA,train,NCI-H2170,50-149,70,53,17,-17,71,54
MIA,val,NCI-H2170,50-149,70,52,18,-18,71,53
MIA,train,NCI-H2170,50-149,70,30,40,-40,71,31
MIA,train,NCI-H2170,50-149,70,30,40,-40,71,31
MIA,val,COLO320DM,50-149,71,56,15,-15,72,57
MIA,train,NCI-H2170,50-149,71,74,3,3,72,75
MIA,val,NCI-H2170,50-149,71,70,1,-1,72,71
MIA,train,NCI-H2170,50-149,71,94,23,23,72,95
MIA,test,NCI-H2170,50-149,71,59,12,-12,72,60
MIA,train,NCI-H2170,50-149,71,68,3,-3,72,69
MIA,train,NCI-H2170,50-149,71,60,11,-11,72,61
MIA,test,NCI-H716,50-149,71,53,18,-18,72,54
MIA,train,NCI-H2170,50-149,72,74,2,2,73,75
MIA,test,NCI-H2170,50-149,72,36,36,-36,73,37
MIA,train,NCI-H716,50-149,72,53,19,-19,73,54
MIA,train,NCI-H2170,50-149,73,81,8,8,74,82
MIA,train,NCI-H2170,50-149,73,42,31,-31,74,43
MIA,train,NCI-H2170,50-149,73,80,7,7,74,81
MIA,train,COLO320DM,50-149,74,69,5,-5,75,70
MIA,val,COLO320DM,50-149,74,63,11,-11,75,64
MIA,train,NCI-H2170,50-149,74,60,14,-14,75,61
MIA,train,NCI-H2170,50-149,74,62,12,-12,75,63
MIA,train,NCI-H2170,50-149,74,39,35,-35,75,40
MIA,train,NCI-H2170,50-149,74,45,29,-29,75,46
MIA,train,NCI-H2170,50-149,75,69,6,-6,76,70
MIA,train,NCI-H2170,50-149,75,70,5,-5,76,71
MIA,train,NCI-H2170,50-149,75,30,45,-45,76,31
MIA,val,NCI-H2170,50-149,75,70,5,-5,76,71
MIA,train,NCI-H2170,50-149,75,54,21,-21,76,55
MIA,train,NCI-H2170,50-149,75,45,30,-30,76,46
MIA,train,NCI-H2170,50-149,75,70,5,-5,76,71
MIA,train,NCI-H2170,50-149,76,147,71,71,77,148
MIA,train,NCI-H2170,50-149,76,92,16,16,77,93
MIA,train,NCI-H2170,50-149,76,74,2,-2,77,75
MIA,train,NCI-H2170,50-149,76,77,1,1,77,78
MIA,train,NCI-H2170,50-149,76,62,14,-14,77,63
MIA,train,NCI-H2170,50-149,76,71,5,-5,77,72
MIA,train,NCI-H716,50-149,76,47,29,-29,77,48
MIA,train,NCI-H2170,50-149,77,103,26,26,78,104
MIA,train,NCI-H2170,50-149,77,74,3,-3,78,75
MIA,val,NCI-H2170,50-149,77,74,3,-3,78,75
MIA,train,SNU16,50-149,77,73,4,-4,78,74
MIA,val,NCI-H2170,50-149,78,78,0,0,79,79
MIA,test,NCI-H2170,50-149,78,72,6,-6,79,73
MIA,train,NCI-H2170,50-149,78,63,15,-15,79,64
MIA,train,NCI-H2170,50-149,78,76,2,-2,79,77
MIA,train,NCI-H2170,50-149,78,92,14,14,79,93
MIA,train,NCI-H2170,50-149,78,60,18,-18,79,61
MIA,train,NCI-H2170,50-149,78,84,6,6,79,85
MIA,train,NCI-H2170,50-149,78,133,55,55,79,134
MIA,test,NCI-H2170,50-149,79,79,0,0,80,80
MIA,val,NCI-H2170,50-149,79,74,5,-5,80,75
MIA,train,NCI-H2170,50-149,79,72,7,-7,80,73
MIA,test,NCI-H2170,50-149,79,68,11,-11,80,69
MIA,train,NCI-H2170,50-149,79,85,6,6,80,86
MIA,train,COLO320DM,50-149,80,51,29,-29,81,52
MIA,test,NCI-H2170,50-149,80,58,22,-22,81,59
MIA,train,NCI-H2170,50-149,81,73,8,-8,82,74
MIA,train,NCI-H2170,50-149,81,55,26,-26,82,56
MIA,val,NCI-H2170,50-149,81,75,6,-6,82,76
MIA,val,NCI-H2170,50-149,81,29,52,-52,82,30
MIA,train,NCI-H2170,50-149,82,55,27,-27,83,56
MIA,train,NCI-H2170,50-149,82,57,25,-25,83,58
MIA,train,COLO320DM,50-149,83,57,26,-26,84,58
MIA,test,NCI-H2170,50-149,83,77,6,-6,84,78
MIA,train,NCI-H2170,50-149,83,83,0,0,84,84
MIA,train,NCI-H2170,50-149,83,60,23,-23,84,61
MIA,test,NCI-H2170,50-149,84,80,4,-4,85,81
MIA,train,NCI-H2170,50-149,84,84,0,0,85,85
MIA,train,NCI-H2170,50-149,84,41,43,-43,85,42
MIA,test,NCI-H2170,50-149,84,29,55,-55,85,30
MIA,val,NCI-H2170,50-149,85,80,5,-5,86,81
MIA,test,NCI-H2170,50-149,85,58,27,-27,86,59
MIA,test,NCI-H2170,50-149,85,80,5,-5,86,81
MIA,train,NCI-H2170,50-149,85,26,59,-59,86,27
MIA,train,NCI-H2170,50-149,86,90,4,4,87,91
MIA,val,NCI-H2170,50-149,86,80,6,-6,87,81
MIA,train,NCI-H2170,50-149,86,21,65,-65,87,22
MIA,train,NCI-H2170,50-149,86,72,14,-14,87,73
MIA,train,NCI-H2170,50-149,86,60,26,-26,87,61
MIA,train,NCI-H2170,50-149,86,69,17,-17,87,70
MIA,test,NCI-H2170,50-149,86,65,21,-21,87,66
MIA,train,COLO320DM,50-149,87,75,12,-12,88,76
MIA,train,NCI-H2170,50-149,87,83,4,-4,88,84
MIA,test,NCI-H2170,50-149,87,80,7,-7,88,81
MIA,val,NCI-H2170,50-149,87,66,21,-21,88,67
MIA,test,NCI-H2170,50-149,87,25,62,-62,88,26
MIA,train,NCI-H2170,50-149,87,81,6,-6,88,82
MIA,train,NCI-H2170,50-149,88,86,2,-2,89,87
MIA,train,NCI-H2170,50-149,88,85,3,-3,89,86
MIA,train,NCI-H2170,50-149,88,69,19,-19,89,70
MIA,train,NCI-H2170,50-149,88,57,31,-31,89,58
MIA,train,NCI-H2170,50-149,88,118,30,30,89,119
MIA,train,COLO320DM,50-149,89,74,15,-15,90,75
MIA,val,NCI-H2170,50-149,89,86,3,-3,90,87
MIA,val,NCI-H2170,50-149,89,61,28,-28,90,62
MIA,test,NCI-H2170,50-149,89,62,27,-27,90,63
MIA,train,NCI-H2170,50-149,89,74,15,-15,90,75
MIA,test,NCI-H2170,50-149,89,58,31,-31,90,59
MIA,train,NCI-H716,50-149,89,67,22,-22,90,68
MIA,train,NCI-H2170,50-149,90,89,1,-1,91,90
MIA,train,NCI-H2170,50-149,90,72,18,-18,91,73
MIA,test,NCI-H2170,50-149,90,92,2,2,91,93
MIA,test,NCI-H2170,50-149,90,89,1,-1,91,90
MIA,train,SNU16,50-149,90,74,16,-16,91,75
MIA,test,COLO320DM,50-149,91,87,4,-4,92,88
MIA,train,NCI-H2170,50-149,91,95,4,4,92,96
MIA,val,NCI-H2170,50-149,91,84,7,-7,92,85
MIA,val,NCI-H2170,50-149,91,81,10,-10,92,82
MIA,train,NCI-H2170,50-149,92,104,12,12,93,105
MIA,val,NCI-H2170,50-149,92,89,3,-3,93,90
MIA,val,NCI-H2170,50-149,92,58,34,-34,93,59
MIA,train,NCI-H2170,50-149,93,101,8,8,94,102
MIA,train,NCI-H2170,50-149,93,91,2,-2,94,92
MIA,train,NCI-H2170,50-149,93,94,1,1,94,95
MIA,test,NCI-H2170,50-149,93,69,24,-24,94,70
MIA,train,NCI-H2170,50-149,93,54,39,-39,94,55
MIA,test,NCI-H2170,50-149,93,92,1,-1,94,93
MIA,train,NCI-H2170,50-149,93,86,7,-7,94,87
MIA,train,NCI-H2170,50-149,93,77,16,-16,94,78
MIA,val,NCI-H2170,50-149,94,100,6,6,95,101
MIA,val,NCI-H2170,50-149,94,98,4,4,95,99
MIA,val,NCI-H2170,50-149,94,73,21,-21,95,74
MIA,train,NCI-H2170,50-149,94,99,5,5,95,100
MIA,train,NCI-H2170,50-149,94,90,4,-4,95,91
MIA,train,NCI-H2170,50-149,94,45,49,-49,95,46
MIA,train,NCI-H2170,50-149,94,33,61,-61,95,34
MIA,train,NCI-H2170,50-149,95,92,3,-3,96,93
MIA,train,NCI-H2170,50-149,95,87,8,-8,96,88
MIA,train,NCI-H2170,50-149,96,84,12,-12,97,85
MIA,train,NCI-H2170,50-149,96,95,1,-1,97,96
MIA,test,NCI-H2170,50-149,96,76,20,-20,97,77
MIA,val,NCI-H2170,50-149,96,88,8,-8,97,89
MIA,train,NCI-H2170,50-149,96,101,5,5,97,102
MIA,train,NCI-H2170,50-149,97,100,3,3,98,101
MIA,train,NCI-H2170,50-149,97,80,17,-17,98,81
MIA,train,NCI-H2170,50-149,97,109,12,12,98,110
MIA,test,NCI-H2170,50-149,97,76,21,-21,98,77
MIA,train,NCI-H2170,50-149,97,33,64,-64,98,34
MIA,train,NCI-H2170,50-149,97,67,30,-30,98,68
MIA,val,SNU16,50-149,97,60,37,-37,98,61
MIA,train,SNU16,50-149,97,62,35,-35,98,63
MIA,train,NCI-H2170,50-149,98,89,9,-9,99,90
MIA,train,NCI-H2170,50-149,98,116,18,18,99,117
MIA,train,NCI-H2170,50-149,98,83,15,-15,99,84
MIA,train,NCI-H2170,50-149,98,79,19,-19,99,80
MIA,train,NCI-H2170,50-149,99,103,4,4,100,104
MIA,train,NCI-H2170,50-149,99,55,44,-44,100,56
MIA,train,NCI-H2170,50-149,99,50,49,-49,100,51
MIA,train,NCI-H2170,50-149,99,79,20,-20,100,80
MIA,train,NCI-H2170,50-149,99,28,71,-71,100,29
MIA,train,NCI-H2170,50-149,99,80,19,-19,100,81
MIA,train,NCI-H2170,50-149,99,70,29,-29,100,71
MIA,train,NCI-H2170,50-149,99,69,30,-30,100,70
MIA,train,NCI-H2170,50-149,99,69,30,-30,100,70
MIA,train,NCI-H2170,50-149,100,90,10,-10,101,91
MIA,train,COLO320DM,50-149,101,89,12,-12,102,90
MIA,train,NCI-H2170,50-149,101,98,3,-3,102,99
MIA,train,NCI-H2170,50-149,101,89,12,-12,102,90
MIA,test,NCI-H2170,50-149,101,80,21,-21,102,81
MIA,train,NCI-H2170,50-149,101,65,36,-36,102,66
MIA,train,NCI-H2170,50-149,101,39,62,-62,102,40
MIA,train,NCI-H2170,50-149,101,46,55,-55,102,47
MIA,test,NCI-H716,50-149,101,80,21,-21,102,81
MIA,train,SNU16,50-149,101,14,87,-87,102,15
MIA,train,SNU16,50-149,101,117,16,16,102,118
MIA,test,NCI-H2170,50-149,102,96,6,-6,103,97
MIA,train,NCI-H2170,50-149,102,85,17,-17,103,86
MIA,val,NCI-H2170,50-149,102,114,12,12,103,115
MIA,train,NCI-H2170,50-149,102,74,28,-28,103,75
MIA,val,NCI-H2170,50-149,102,83,19,-19,103,84
MIA,test,NCI-H2170,50-149,103,96,7,-7,104,97
MIA,val,NCI-H2170,50-149,103,98,5,-5,104,99
MIA,test,NCI-H2170,50-149,103,83,20,-20,104,84
MIA,val,NCI-H2170,50-149,103,110,7,7,104,111
MIA,train,NCI-H2170,50-149,103,105,2,2,104,106
MIA,train,NCI-H2170,50-149,103,82,21,-21,104,83
MIA,train,NCI-H2170,50-149,104,104,0,0,105,105
MIA,train,NCI-H2170,50-149,104,117,13,13,105,118
MIA,val,NCI-H2170,50-149,104,70,34,-34,105,71
MIA,train,NCI-H2170,50-149,105,110,5,5,106,111
MIA,train,NCI-H2170,50-149,105,134,29,29,106,135
MIA,val,NCI-H2170,50-149,105,81,24,-24,106,82
MIA,train,NCI-H2170,50-149,105,98,7,-7,106,99
MIA,train,NCI-H2170,50-149,105,58,47,-47,106,59
MIA,test,NCI-H2170,50-149,105,90,15,-15,106,91
MIA,train,SNU16,50-149,105,80,25,-25,106,81
MIA,train,NCI-H2170,50-149,106,105,1,-1,107,106
MIA,train,NCI-H2170,50-149,106,79,27,-27,107,80
MIA,train,NCI-H2170,50-149,106,62,44,-44,107,63
MIA,val,NCI-H2170,50-149,106,124,18,18,107,125
MIA,test,COLO320DM,50-149,107,80,27,-27,108,81
MIA,train,NCI-H2170,50-149,107,106,1,-1,108,107
MIA,val,NCI-H2170,50-149,107,36,71,-71,108,37
MIA,train,NCI-H2170,50-149,107,87,20,-20,108,88
MIA,train,NCI-H2170,50-149,107,105,2,-2,108,106
MIA,test,NCI-H2170,50-149,107,62,45,-45,108,63
MIA,train,NCI-H2170,50-149,107,46,61,-61,108,47
MIA,train,NCI-H2170,50-149,108,85,23,-23,109,86
MIA,val,NCI-H2170,50-149,108,77,31,-31,109,78
MIA,train,NCI-H2170,50-149,109,93,16,-16,110,94
MIA,train,NCI-H2170,50-149,109,113,4,4,110,114
MIA,train,NCI-H2170,50-149,109,65,44,-44,110,66
MIA,test,NCI-H2170,50-149,110,52,58,-58,111,53
MIA,val,NCI-H2170,50-149,110,106,4,-4,111,107
MIA,val,NCI-H2170,50-149,110,91,19,-19,111,92
MIA,train,NCI-H2170,50-149,110,71,39,-39,111,72
MIA,val,NCI-H2170,50-149,110,73,37,-37,111,74
MIA,train,NCI-H2170,50-149,110,69,41,-41,111,70
MIA,test,NCI-H716,50-149,110,77,33,-33,111,78
MIA,train,SNU16,50-149,110,16,94,-94,111,17
MIA,train,NCI-H2170,50-149,111,87,24,-24,112,88
MIA,train,NCI-H2170,50-149,111,104,7,-7,112,105
MIA,train,NCI-H2170,50-149,111,75,36,-36,112,76
MIA,train,NCI-H2170,50-149,111,94,17,-17,112,95
MIA,train,SNU16,50-149,111,86,25,-25,112,87
MIA,train,NCI-H2170,50-149,112,105,7,-7,113,106
MIA,train,NCI-H2170,50-149,112,121,9,9,113,122
MIA,train,SNU16,50-149,112,49,63,-63,113,50
MIA,train,NCI-H2170,50-149,113,145,32,32,114,146
MIA,val,NCI-H2170,50-149,113,123,10,10,114,124
MIA,train,NCI-H2170,50-149,114,62,52,-52,115,63
MIA,train,NCI-H2170,50-149,114,122,8,8,115,123
MIA,train,NCI-H2170,50-149,115,109,6,-6,116,110
MIA,train,NCI-H2170,50-149,115,106,9,-9,116,107
MIA,val,NCI-H2170,50-149,115,119,4,4,116,120
MIA,train,NCI-H2170,50-149,115,125,10,10,116,126
MIA,train,NCI-H2170,50-149,115,80,35,-35,116,81
MIA,train,NCI-H2170,50-149,115,94,21,-21,116,95
MIA,train,NCI-H2170,50-149,116,123,7,7,117,124
MIA,train,NCI-H2170,50-149,116,56,60,-60,117,57
MIA,test,NCI-H2170,50-149,116,112,4,-4,117,113
MIA,train,NCI-H2170,50-149,116,84,32,-32,117,85
MIA,train,NCI-H716,50-149,116,101,15,-15,117,102
MIA,train,NCI-H2170,50-149,117,117,0,0,118,118
MIA,train,NCI-H2170,50-149,117,112,5,-5,118,113
MIA,train,NCI-H2170,50-149,117,83,34,-34,118,84
MIA,train,NCI-H2170,50-149,118,44,74,-74,119,45
MIA,train,SNU16,50-149,118,26,92,-92,119,27
MIA,train,NCI-H2170,50-149,119,117,2,-2,120,118
MIA,train,NCI-H2170,50-149,119,69,50,-50,120,70
MIA,test,NCI-H2170,50-149,119,75,44,-44,120,76
MIA,train,NCI-H2170,50-149,119,162,43,43,120,163
MIA,train,NCI-H2170,50-149,120,117,3,-3,121,118
MIA,train,NCI-H2170,50-149,120,79,41,-41,121,80
MIA,train,NCI-H2170,50-149,120,75,45,-45,121,76
MIA,train,NCI-H716,50-149,120,52,68,-68,121,53
MIA,val,NCI-H2170,50-149,121,90,31,-31,122,91
MIA,train,NCI-H2170,50-149,121,106,15,-15,122,107
MIA,train,NCI-H2170,50-149,121,122,1,1,122,123
MIA,train,NCI-H2170,50-149,121,121,0,0,122,122
MIA,train,NCI-H2170,50-149,121,76,45,-45,122,77
MIA,train,NCI-H2170,50-149,122,123,1,1,123,124
MIA,train,NCI-H2170,50-149,122,121,1,-1,123,122
MIA,train,NCI-H2170,50-149,122,114,8,-8,123,115
MIA,train,NCI-H2170,50-149,122,85,37,-37,123,86
MIA,train,NCI-H2170,50-149,123,89,34,-34,124,90
MIA,train,NCI-H2170,50-149,123,78,45,-45,124,79
MIA,val,NCI-H2170,50-149,123,89,34,-34,124,90
MIA,val,NCI-H2170,50-149,123,90,33,-33,124,91
MIA,train,SNU16,50-149,123,133,10,10,124,134
MIA,train,NCI-H2170,50-149,124,119,5,-5,125,120
MIA,test,NCI-H2170,50-149,124,127,3,3,125,128
MIA,train,NCI-H2170,50-149,124,107,17,-17,125,108
MIA,train,NCI-H2170,50-149,124,119,5,-5,125,120
MIA,train,SNU16,50-149,124,30,94,-94,125,31
MIA,val,NCI-H2170,50-149,125,122,3,-3,126,123
MIA,train,NCI-H2170,50-149,125,110,15,-15,126,111
MIA,train,NCI-H2170,50-149,125,125,0,0,126,126
MIA,train,NCI-H2170,50-149,125,131,6,6,126,132
MIA,train,NCI-H2170,50-149,125,101,24,-24,126,102
MIA,train,NCI-H2170,50-149,125,72,53,-53,126,73
MIA,train,NCI-H2170,50-149,125,106,19,-19,126,107
MIA,test,SNU16,50-149,125,73,52,-52,126,74
MIA,train,NCI-H2170,50-149,126,133,7,7,127,134
MIA,test,NCI-H2170,50-149,126,124,2,-2,127,125
MIA,test,NCI-H2170,50-149,126,81,45,-45,127,82
MIA,train,NCI-H2170,50-149,127,124,3,-3,128,125
MIA,train,NCI-H2170,50-149,127,90,37,-37,128,91
MIA,train,NCI-H716,50-149,127,90,37,-37,128,91
MIA,train,NCI-H2170,50-149,128,155,27,27,129,156
MIA,train,NCI-H2170,50-149,128,123,5,-5,129,124
MIA,train,NCI-H2170,50-149,128,87,41,-41,129,88
MIA,train,NCI-H716,50-149,128,48,80,-80,129,49
MIA,val,NCI-H2170,50-149,129,154,25,25,130,155
MIA,train,NCI-H2170,50-149,129,69,60,-60,130,70
MIA,train,NCI-H716,50-149,129,140,11,11,130,141
MIA,train,NCI-H2170,50-149,130,113,17,-17,131,114
MIA,train,NCI-H2170,50-149,130,111,19,-19,131,112
MIA,train,NCI-H2170,50-149,130,139,9,9,131,140
MIA,train,NCI-H2170,50-149,131,115,16,-16,132,116
MIA,train,NCI-H2170,50-149,131,120,11,-11,132,121
MIA,train,NCI-H716,50-149,131,78,53,-53,132,79
MIA,train,NCI-H716,50-149,131,77,54,-54,132,78
MIA,train,NCI-H2170,50-149,132,160,28,28,133,161
MIA,train,NCI-H2170,50-149,132,155,23,23,133,156
MIA,train,NCI-H2170,50-149,132,87,45,-45,133,88
MIA,test,NCI-H2170,50-149,132,149,17,17,133,150
MIA,train,NCI-H2170,50-149,132,84,48,-48,133,85
MIA,train,NCI-H2170,50-149,132,97,35,-35,133,98
MIA,val,NCI-H716,50-149,132,111,21,-21,133,112
MIA,train,NCI-H716,50-149,132,130,2,-2,133,131
MIA,train,NCI-H716,50-149,132,65,67,-67,133,66
MIA,train,NCI-H2170,50-149,133,145,12,12,134,146
MIA,train,NCI-H2170,50-149,133,135,2,2,134,136
MIA,train,NCI-H2170,50-149,133,110,23,-23,134,111
MIA,train,NCI-H2170,50-149,134,97,37,-37,135,98
MIA,val,NCI-H2170,50-149,134,86,48,-48,135,87
MIA,train,NCI-H716,50-149,134,101,33,-33,135,102
MIA,train,NCI-H2170,50-149,135,134,1,-1,136,135
MIA,train,NCI-H2170,50-149,135,100,35,-35,136,101
MIA,train,NCI-H2170,50-149,135,85,50,-50,136,86
MIA,test,NCI-H2170,50-149,135,89,46,-46,136,90
MIA,train,NCI-H716,50-149,135,96,39,-39,136,97
MIA,train,NCI-H716,50-149,135,118,17,-17,136,119
MIA,train,NCI-H2170,50-149,136,134,2,-2,137,135
MIA,train,NCI-H2170,50-149,136,56,80,-80,137,57
MIA,train,NCI-H2170,50-149,137,71,66,-66,138,72
MIA,train,NCI-H716,50-149,137,82,55,-55,138,83
MIA,train,NCI-H2170,50-149,138,147,9,9,139,148
MIA,test,NCI-H2170,50-149,138,137,1,-1,139,138
MIA,train,NCI-H2170,50-149,138,81,57,-57,139,82
MIA,train,NCI-H2170,50-149,138,88,50,-50,139,89
MIA,train,NCI-H2170,50-149,139,135,4,-4,140,136
MIA,val,NCI-H2170,50-149,139,104,35,-35,140,105
MIA,test,NCI-H2170,50-149,139,105,34,-34,140,106
MIA,train,NCI-H2170,50-149,139,117,22,-22,140,118
MIA,test,NCI-H716,50-149,139,64,75,-75,140,65
MIA,test,SNU16,50-149,140,96,44,-44,141,97
MIA,train,NCI-H2170,50-149,141,128,13,-13,142,129
MIA,val,NCI-H2170,50-149,141,146,5,5,142,147
MIA,val,NCI-H2170,50-149,141,135,6,-6,142,136
MIA,train,NCI-H2170,50-149,141,127,14,-14,142,128
MIA,train,SNU16,50-149,141,113,28,-28,142,114
MIA,train,SNU16,50-149,141,99,42,-42,142,100
MIA,train,NCI-H2170,50-149,142,145,3,3,143,146
MIA,test,NCI-H2170,50-149,142,117,25,-25,143,118
MIA,train,NCI-H2170,50-149,142,157,15,15,143,158
MIA,train,NCI-H2170,50-149,142,77,65,-65,143,78
MIA,train,NCI-H2170,50-149,142,140,2,-2,143,141
MIA,train,NCI-H2170,50-149,142,116,26,-26,143,117
MIA,train,SNU16,50-149,142,70,72,-72,143,71
MIA,val,COLO320DM,50-149,143,133,10,-10,144,134
MIA,train,NCI-H2170,50-149,143,142,1,-1,144,143
MIA,train,NCI-H2170,50-149,143,31,112,-112,144,32
MIA,val,NCI-H2170,50-149,143,137,6,-6,144,138
MIA,train,NCI-H2170,50-149,143,106,37,-37,144,107
MIA,train,NCI-H2170,50-149,143,109,34,-34,144,110
MIA,train,COLO320DM,50-149,144,143,1,-1,145,144
MIA,val,NCI-H716,50-149,144,63,81,-81,145,64
MIA,train,NCI-H716,50-149,144,44,100,-100,145,45
MIA,train,SNU16,50-149,144,86,58,-58,145,87
MIA,train,SNU16,50-149,144,56,88,-88,145,57
MIA,train,NCI-H2170,50-149,145,145,0,0,146,146
MIA,val,NCI-H2170,50-149,145,115,30,-30,146,116
MIA,train,NCI-H2170,50-149,145,107,38,-38,146,108
MIA,train,NCI-H2170,50-149,146,156,10,10,147,157
MIA,train,NCI-H2170,50-149,146,140,6,-6,147,141
MIA,train,NCI-H2170,50-149,146,104,42,-42,147,105
MIA,train,NCI-H2170,50-149,147,129,18,-18,148,130
MIA,train,NCI-H2170,50-149,147,123,24,-24,148,124
MIA,val,NCI-H2170,50-149,147,183,36,36,148,184
MIA,train,NCI-H2170,50-149,147,123,24,-24,148,124
MIA,val,NCI-H2170,50-149,147,49,98,-98,148,50
MIA,test,NCI-H2170,50-149,148,146,2,-2,149,147
MIA,val,NCI-H2170,50-149,148,146,2,-2,149,147
MIA,train,NCI-H2170,50-149,148,146,2,-2,149,147
MIA,val,NCI-H2170,50-149,148,56,92,-92,149,57
MIA,val,NCI-H716,50-149,148,108,40,-40,149,109
MIA,train,SNU16,50-149,148,54,94,-94,149,55
MIA,train,NCI-H2170,50-149,149,146,3,-3,150,147
MIA,train,NCI-H2170,50-149,149,110,39,-39,150,111
MIA,train,NCI-H2170,150-299,150,123,27,-27,151,124
MIA,train,NCI-H2170,150-299,150,143,7,-7,151,144
MIA,train,NCI-H2170,150-299,150,150,0,0,151,151
MIA,val,NCI-H2170,150-299,150,108,42,-42,151,109
MIA,train,NCI-H2170,150-299,150,110,40,-40,151,111
MIA,test,NCI-H716,150-299,150,80,70,-70,151,81
MIA,test,SNU16,150-299,150,72,78,-78,151,73
MIA,val,NCI-H2170,150-299,151,157,6,6,152,158
MIA,train,NCI-H2170,150-299,151,62,89,-89,152,63
MIA,test,NCI-H2170,150-299,151,73,78,-78,152,74
MIA,train,SNU16,150-299,151,143,8,-8,152,144
MIA,train,NCI-H2170,150-299,152,135,17,-17,153,136
MIA,train,NCI-H2170,150-299,152,95,57,-57,153,96
MIA,val,NCI-H2170,150-299,152,138,14,-14,153,139
MIA,train,NCI-H2170,150-299,152,163,11,11,153,164
MIA,val,NCI-H2170,150-299,152,113,39,-39,153,114
MIA,train,NCI-H2170,150-299,152,72,80,-80,153,73
MIA,val,NCI-H716,150-299,152,108,44,-44,153,109
MIA,train,NCI-H2170,150-299,153,152,1,-1,154,153
MIA,train,NCI-H2170,150-299,153,165,12,12,154,166
MIA,val,NCI-H2170,150-299,153,142,11,-11,154,143
MIA,train,NCI-H2170,150-299,153,154,1,1,154,155
MIA,train,NCI-H2170,150-299,153,186,33,33,154,187
MIA,train,NCI-H2170,150-299,154,158,4,4,155,159
MIA,train,NCI-H2170,150-299,155,131,24,-24,156,132
MIA,train,NCI-H2170,150-299,156,104,52,-52,157,105
MIA,val,NCI-H2170,150-299,156,145,11,-11,157,146
MIA,val,NCI-H2170,150-299,157,166,9,9,158,167
MIA,val,NCI-H2170,150-299,157,154,3,-3,158,155
MIA,train,NCI-H2170,150-299,157,155,2,-2,158,156
MIA,train,NCI-H2170,150-299,157,97,60,-60,158,98
MIA,train,SNU16,150-299,157,125,32,-32,158,126
MIA,val,NCI-H2170,150-299,158,152,6,-6,159,153
MIA,val,NCI-H2170,150-299,158,174,16,16,159,175
MIA,test,SNU16,150-299,158,90,68,-68,159,91
MIA,val,NCI-H2170,150-299,159,165,6,6,160,166
MIA,test,NCI-H2170,150-299,159,160,1,1,160,161
MIA,train,NCI-H2170,150-299,159,157,2,-2,160,158
MIA,train,NCI-H2170,150-299,160,145,15,-15,161,146
MIA,val,NCI-H2170,150-299,160,199,39,39,161,200
MIA,val,NCI-H2170,150-299,160,147,13,-13,161,148
MIA,train,NCI-H2170,150-299,160,140,20,-20,161,141
MIA,train,NCI-H2170,150-299,161,82,79,-79,162,83
MIA,val,SNU16,150-299,161,114,47,-47,162,115
MIA,train,NCI-H2170,150-299,162,162,0,0,163,163
MIA,train,NCI-H2170,150-299,162,140,22,-22,163,141
MIA,train,NCI-H2170,150-299,163,160,3,-3,164,161
MIA,train,NCI-H2170,150-299,163,99,64,-64,164,100
MIA,train,NCI-H2170,150-299,163,98,65,-65,164,99
MIA,test,NCI-H716,150-299,163,55,108,-108,164,56
MIA,train,NCI-H716,150-299,163,154,9,-9,164,155
MIA,test,NCI-H2170,150-299,164,155,9,-9,165,156
MIA,train,NCI-H2170,150-299,164,132,32,-32,165,133
MIA,train,NCI-H2170,150-299,165,109,56,-56,166,110
MIA,train,NCI-H2170,150-299,165,79,86,-86,166,80
MIA,train,NCI-H2170,150-299,166,97,69,-69,167,98
MIA,train,NCI-H2170,150-299,166,94,72,-72,167,95
MIA,val,NCI-H716,150-299,166,122,44,-44,167,123
MIA,val,NCI-H716,150-299,166,143,23,-23,167,144
MIA,test,NCI-H716,150-299,166,124,42,-42,167,125
MIA,test,SNU16,150-299,166,64,102,-102,167,65
MIA,train,NCI-H2170,150-299,167,154,13,-13,168,155
MIA,train,NCI-H2170,150-299,167,183,16,16,168,184
MIA,train,NCI-H2170,150-299,168,151,17,-17,169,152
MIA,val,NCI-H2170,150-299,168,136,32,-32,169,137
MIA,train,NCI-H2170,150-299,168,123,45,-45,169,124
MIA,train,NCI-H2170,150-299,168,128,40,-40,169,129
MIA,test,NCI-H2170,150-299,169,227,58,58,170,228
MIA,val,NCI-H716,150-299,169,85,84,-84,170,86
MIA,train,NCI-H2170,150-299,170,161,9,-9,171,162
MIA,train,NCI-H2170,150-299,170,103,67,-67,171,104
MIA,test,NCI-H2170,150-299,170,152,18,-18,171,153
MIA,train,SNU16,150-299,170,78,92,-92,171,79
MIA,test,NCI-H716,150-299,171,108,63,-63,172,109
MIA,train,NCI-H2170,150-299,172,193,21,21,173,194
MIA,train,NCI-H716,150-299,172,104,68,-68,173,105
MIA,train,NCI-H716,150-299,172,169,3,-3,173,170
MIA,train,SNU16,150-299,172,29,143,-143,173,30
MIA,train,NCI-H2170,150-299,173,150,23,-23,174,151
MIA,val,NCI-H2170,150-299,173,118,55,-55,174,119
MIA,test,NCI-H2170,150-299,174,173,1,-1,175,174
MIA,train,NCI-H2170,150-299,174,114,60,-60,175,115
MIA,test,NCI-H2170,150-299,174,156,18,-18,175,157
MIA,val,SNU16,150-299,174,76,98,-98,175,77
MIA,test,NCI-H2170,150-299,175,174,1,-1,176,175
MIA,train,NCI-H2170,150-299,175,206,31,31,176,207
MIA,test,NCI-H2170,150-299,175,111,64,-64,176,112
MIA,train,NCI-H2170,150-299,176,83,93,-93,177,84
MIA,train,NCI-H716,150-299,176,103,73,-73,177,104
MIA,train,NCI-H2170,150-299,177,126,51,-51,178,127
MIA,train,NCI-H2170,150-299,177,111,66,-66,178,112
MIA,val,NCI-H2170,150-299,177,65,112,-112,178,66
MIA,train,NCI-H2170,150-299,177,116,61,-61,178,117
MIA,train,NCI-H716,150-299,177,98,79,-79,178,99
MIA,test,SNU16,150-299,177,30,147,-147,178,31
MIA,train,NCI-H2170,150-299,178,223,45,45,179,224
MIA,test,NCI-H2170,150-299,178,170,8,-8,179,171
MIA,train,NCI-H716,150-299,178,63,115,-115,179,64
MIA,train,SNU16,150-299,178,84,94,-94,179,85
MIA,train,NCI-H2170,150-299,179,191,12,12,180,192
MIA,test,NCI-H2170,150-299,179,158,21,-21,180,159
MIA,train,NCI-H2170,150-299,179,87,92,-92,180,88
MIA,train,NCI-H2170,150-299,179,144,35,-35,180,145
MIA,train,NCI-H716,150-299,179,87,92,-92,180,88
MIA,train,NCI-H716,150-299,179,104,75,-75,180,105
MIA,train,NCI-H2170,150-299,180,159,21,-21,181,160
MIA,test,NCI-H2170,150-299,180,154,26,-26,181,155
MIA,train,NCI-H2170,150-299,180,93,87,-87,181,94
MIA,train,NCI-H2170,150-299,180,128,52,-52,181,129
MIA,val,NCI-H2170,150-299,181,195,14,14,182,196
MIA,train,NCI-H2170,150-299,181,185,4,4,182,186
MIA,train,NCI-H2170,150-299,181,180,1,-1,182,181
MIA,train,NCI-H2170,150-299,181,178,3,-3,182,179
MIA,train,NCI-H2170,150-299,181,164,17,-17,182,165
MIA,train,NCI-H2170,150-299,181,158,23,-23,182,159
MIA,train,NCI-H716,150-299,181,121,60,-60,182,122
MIA,train,SNU16,150-299,181,83,98,-98,182,84
MIA,test,NCI-H2170,150-299,182,165,17,-17,183,166
MIA,test,NCI-H2170,150-299,182,232,50,50,183,233
MIA,train,NCI-H2170,150-299,182,105,77,-77,183,106
MIA,train,NCI-H716,150-299,182,127,55,-55,183,128
MIA,val,NCI-H2170,150-299,183,137,46,-46,184,138
MIA,train,NCI-H2170,150-299,183,117,66,-66,184,118
MIA,test,SNU16,150-299,183,56,127,-127,184,57
MIA,train,NCI-H2170,150-299,184,182,2,-2,185,183
MIA,test,NCI-H2170,150-299,184,183,1,-1,185,184
MIA,train,NCI-H2170,150-299,184,161,23,-23,185,162
MIA,test,NCI-H2170,150-299,184,184,0,0,185,185
MIA,train,NCI-H2170,150-299,184,75,109,-109,185,76
MIA,train,NCI-H2170,150-299,185,108,77,-77,186,109
MIA,train,NCI-H2170,150-299,185,143,42,-42,186,144
MIA,test,NCI-H716,150-299,185,109,76,-76,186,110
MIA,train,NCI-H2170,150-299,186,173,13,-13,187,174
MIA,train,NCI-H2170,150-299,186,201,15,15,187,202
MIA,test,NCI-H2170,150-299,186,178,8,-8,187,179
MIA,train,NCI-H2170,150-299,186,225,39,39,187,226
MIA,train,NCI-H2170,150-299,187,220,33,33,188,221
MIA,test,NCI-H2170,150-299,187,142,45,-45,188,143
MIA,val,NCI-H2170,150-299,188,188,0,0,189,189
MIA,train,NCI-H2170,150-299,188,138,50,-50,189,139
MIA,train,NCI-H2170,150-299,189,155,34,-34,190,156
MIA,test,NCI-H2170,150-299,189,126,63,-63,190,127
MIA,val,SNU16,150-299,189,42,147,-147,190,43
MIA,train,NCI-H2170,150-299,190,165,25,-25,191,166
MIA,train,NCI-H2170,150-299,190,186,4,-4,191,187
MIA,train,SNU16,150-299,190,131,59,-59,191,132
MIA,train,NCI-H2170,150-299,191,205,14,14,192,206
MIA,train,NCI-H2170,150-299,191,113,78,-78,192,114
MIA,val,NCI-H2170,150-299,191,182,9,-9,192,183
MIA,test,NCI-H2170,150-299,191,128,63,-63,192,129
MIA,train,NCI-H2170,150-299,191,201,10,10,192,202
MIA,train,NCI-H716,150-299,191,84,107,-107,192,85
MIA,test,SNU16,150-299,191,168,23,-23,192,169
MIA,test,NCI-H2170,150-299,192,194,2,2,193,195
MIA,val,NCI-H2170,150-299,192,105,87,-87,193,106
MIA,val,NCI-H2170,150-299,192,134,58,-58,193,135
MIA,train,NCI-H2170,150-299,193,101,92,-92,194,102
MIA,test,NCI-H2170,150-299,193,128,65,-65,194,129
MIA,test,SNU16,150-299,193,120,73,-73,194,121
MIA,train,NCI-H2170,150-299,194,203,9,9,195,204
MIA,train,NCI-H2170,150-299,194,122,72,-72,195,123
MIA,train,NCI-H716,150-299,194,165,29,-29,195,166
MIA,val,NCI-H2170,150-299,195,98,97,-97,196,99
MIA,train,NCI-H716,150-299,195,136,59,-59,196,137
MIA,train,NCI-H2170,150-299,196,117,79,-79,197,118
MIA,val,NCI-H2170,150-299,196,192,4,-4,197,193
MIA,train,NCI-H2170,150-299,197,196,1,-1,198,197
MIA,train,NCI-H2170,150-299,197,197,0,0,198,198
MIA,train,NCI-H2170,150-299,197,109,88,-88,198,110
MIA,train,NCI-H2170,150-299,199,185,14,-14,200,186
MIA,train,NCI-H2170,150-299,199,159,40,-40,200,160
MIA,train,NCI-H2170,150-299,200,171,29,-29,201,172
MIA,train,NCI-H2170,150-299,201,233,32,32,202,234
MIA,val,NCI-H2170,150-299,201,122,79,-79,202,123
MIA,val,NCI-H2170,150-299,201,92,109,-109,202,93
MIA,train,NCI-H2170,150-299,201,127,74,-74,202,128
MIA,test,NCI-H2170,150-299,202,188,14,-14,203,189
MIA,train,NCI-H2170,150-299,202,114,88,-88,203,115
MIA,val,NCI-H716,150-299,202,82,120,-120,203,83
MIA,val,NCI-H2170,150-299,203,192,11,-11,204,193
MIA,train,NCI-H2170,150-299,203,193,10,-10,204,194
MIA,train,SNU16,150-299,203,114,89,-89,204,115
MIA,train,NCI-H2170,150-299,204,209,5,5,205,210
MIA,train,NCI-H2170,150-299,205,222,17,17,206,223
MIA,train,NCI-H2170,150-299,205,207,2,2,206,208
MIA,train,NCI-H2170,150-299,206,158,48,-48,207,159
MIA,train,SNU16,150-299,206,92,114,-114,207,93
MIA,train,NCI-H2170,150-299,207,201,6,-6,208,202
MIA,train,NCI-H2170,150-299,207,197,10,-10,208,198
MIA,train,NCI-H2170,150-299,207,186,21,-21,208,187
MIA,val,NCI-H716,150-299,207,167,40,-40,208,168
MIA,train,SNU16,150-299,207,186,21,-21,208,187
MIA,train,NCI-H2170,150-299,209,201,8,-8,210,202
MIA,train,NCI-H2170,150-299,209,187,22,-22,210,188
MIA,train,NCI-H2170,150-299,209,201,8,-8,210,202
MIA,train,SNU16,150-299,209,118,91,-91,210,119
MIA,train,NCI-H2170,150-299,210,199,11,-11,211,200
MIA,val,NCI-H2170,150-299,210,202,8,-8,211,203
MIA,train,NCI-H2170,150-299,210,156,54,-54,211,157
MIA,train,NCI-H2170,150-299,210,153,57,-57,211,154
MIA,test,NCI-H716,150-299,210,71,139,-139,211,72
MIA,train,NCI-H716,150-299,210,126,84,-84,211,127
MIA,train,NCI-H2170,150-299,211,187,24,-24,212,188
MIA,train,NCI-H2170,150-299,211,103,108,-108,212,104
MIA,train,NCI-H2170,150-299,211,87,124,-124,212,88
MIA,train,NCI-H2170,150-299,211,179,32,-32,212,180
MIA,val,NCI-H2170,150-299,211,156,55,-55,212,157
MIA,train,NCI-H716,150-299,211,103,108,-108,212,104
MIA,train,NCI-H716,150-299,211,159,52,-52,212,160
MIA,val,NCI-H2170,150-299,212,194,18,-18,213,195
MIA,train,NCI-H2170,150-299,212,192,20,-20,213,193
MIA,train,NCI-H2170,150-299,212,139,73,-73,213,140
MIA,train,SNU16,150-299,212,113,99,-99,213,114
MIA,train,NCI-H2170,150-299,213,210,3,-3,214,211
MIA,train,NCI-H2170,150-299,213,37,176,-176,214,38
MIA,val,NCI-H2170,150-299,213,215,2,2,214,216
MIA,train,NCI-H716,150-299,213,159,54,-54,214,160
MIA,test,SNU16,150-299,213,47,166,-166,214,48
MIA,train,NCI-H2170,150-299,214,210,4,-4,215,211
MIA,val,NCI-H2170,150-299,214,202,12,-12,215,203
MIA,val,NCI-H716,150-299,214,125,89,-89,215,126
MIA,train,SNU16,150-299,214,105,109,-109,215,106
MIA,train,NCI-H2170,150-299,215,186,29,-29,216,187
MIA,train,NCI-H2170,150-299,216,114,102,-102,217,115
MIA,test,NCI-H2170,150-299,217,214,3,-3,218,215
MIA,train,NCI-H2170,150-299,217,189,28,-28,218,190
MIA,train,NCI-H2170,150-299,219,227,8,8,220,228
MIA,train,NCI-H2170,150-299,220,203,17,-17,221,204
MIA,train,NCI-H2170,150-299,220,219,1,-1,221,220
MIA,val,NCI-H2170,150-299,220,223,3,3,221,224
MIA,train,NCI-H2170,150-299,221,210,11,-11,222,211
MIA,val,SNU16,150-299,221,73,148,-148,222,74
MIA,train,SNU16,150-299,222,158,64,-64,223,159
MIA,val,SNU16,150-299,222,111,111,-111,223,112
MIA,val,NCI-H2170,150-299,223,231,8,8,224,232
MIA,test,NCI-H2170,150-299,223,192,31,-31,224,193
MIA,train,NCI-H2170,150-299,223,168,55,-55,224,169
MIA,train,NCI-H2170,150-299,223,184,39,-39,224,185
MIA,test,NCI-H2170,150-299,223,158,65,-65,224,159
MIA,train,NCI-H716,150-299,223,156,67,-67,224,157
MIA,train,SNU16,150-299,223,135,88,-88,224,136
MIA,train,NCI-H2170,150-299,224,198,26,-26,225,199
MIA,train,SNU16,150-299,224,68,156,-156,225,69
MIA,test,NCI-H2170,150-299,225,143,82,-82,226,144
MIA,train,SNU16,150-299,225,104,121,-121,226,105
MIA,train,SNU16,150-299,225,57,168,-168,226,58
MIA,train,NCI-H2170,150-299,226,178,48,-48,227,179
MIA,train,NCI-H2170,150-299,226,215,11,-11,227,216
MIA,train,NCI-H2170,150-299,226,232,6,6,227,233
MIA,train,NCI-H2170,150-299,226,246,20,20,227,247
MIA,train,NCI-H2170,150-299,226,139,87,-87,227,140
MIA,train,SNU16,150-299,227,116,111,-111,228,117
MIA,val,NCI-H2170,150-299,228,213,15,-15,229,214
MIA,train,NCI-H2170,150-299,228,224,4,-4,229,225
MIA,train,NCI-H2170,150-299,228,164,64,-64,229,165
MIA,train,SNU16,150-299,228,138,90,-90,229,139
MIA,train,NCI-H2170,150-299,229,284,55,55,230,285
MIA,test,NCI-H2170,150-299,229,218,11,-11,230,219
MIA,train,NCI-H2170,150-299,230,264,34,34,231,265
MIA,train,SNU16,150-299,230,58,172,-172,231,59
MIA,train,NCI-H2170,150-299,231,245,14,14,232,246
MIA,train,NCI-H716,150-299,231,135,96,-96,232,136
MIA,train,NCI-H2170,150-299,232,211,21,-21,233,212
MIA,val,SNU16,150-299,232,86,146,-146,233,87
MIA,test,NCI-H2170,150-299,233,229,4,-4,234,230
MIA,val,NCI-H2170,150-299,233,164,69,-69,234,165
MIA,train,NCI-H2170,150-299,233,142,91,-91,234,143
MIA,train,NCI-H2170,150-299,233,180,53,-53,234,181
MIA,train,NCI-H2170,150-299,235,249,14,14,236,250
MIA,train,NCI-H2170,150-299,235,271,36,36,236,272
MIA,train,NCI-H2170,150-299,235,194,41,-41,236,195
MIA,test,NCI-H2170,150-299,235,248,13,13,236,249
MIA,train,NCI-H2170,150-299,236,231,5,-5,237,232
MIA,train,NCI-H2170,150-299,236,104,132,-132,237,105
MIA,train,NCI-H2170,150-299,236,208,28,-28,237,209
MIA,val,NCI-H2170,150-299,236,161,75,-75,237,162
MIA,test,NCI-H716,150-299,236,147,89,-89,237,148
MIA,test,NCI-H2170,150-299,237,224,13,-13,238,225
MIA,val,NCI-H2170,150-299,237,111,126,-126,238,112
MIA,val,SNU16,150-299,237,24,213,-213,238,25
MIA,train,NCI-H2170,150-299,238,243,5,5,239,244
MIA,test,SNU16,150-299,238,91,147,-147,239,92
MIA,val,SNU16,150-299,238,96,142,-142,239,97
MIA,test,NCI-H2170,150-299,239,243,4,4,240,244
MIA,train,NCI-H2170,150-299,239,236,3,-3,240,237
MIA,train,NCI-H2170,150-299,239,159,80,-80,240,160
MIA,train,NCI-H2170,150-299,239,73,166,-166,240,74
MIA,train,NCI-H716,150-299,239,207,32,-32,240,208
MIA,val,SNU16,150-299,239,82,157,-157,240,83
MIA,train,NCI-H2170,150-299,240,250,10,10,241,251
MIA,train,SNU16,150-299,241,160,81,-81,242,161
MIA,train,SNU16,150-299,241,109,132,-132,242,110
MIA,test,NCI-H2170,150-299,242,209,33,-33,243,210
MIA,train,NCI-H2170,150-299,242,83,159,-159,243,84
MIA,train,SNU16,150-299,242,131,111,-111,243,132
MIA,train,NCI-H2170,150-299,243,224,19,-19,244,225
MIA,train,NCI-H2170,150-299,243,254,11,11,244,255
MIA,train,NCI-H2170,150-299,244,243,1,-1,245,244
MIA,train,NCI-H2170,150-299,244,243,1,-1,245,244
MIA,train,SNU16,150-299,244,64,180,-180,245,65
MIA,test,NCI-H2170,150-299,245,249,4,4,246,250
MIA,train,NCI-H2170,150-299,245,222,23,-23,246,223
MIA,train,NCI-H2170,150-299,245,75,170,-170,246,76
MIA,test,NCI-H2170,150-299,246,217,29,-29,247,218
MIA,train,NCI-H2170,150-299,246,238,8,-8,247,239
MIA,train,NCI-H2170,150-299,246,275,29,29,247,276
MIA,test,NCI-H2170,150-299,246,251,5,5,247,252
MIA,train,NCI-H2170,150-299,246,185,61,-61,247,186
MIA,test,NCI-H2170,150-299,246,241,5,-5,247,242
MIA,train,NCI-H2170,150-299,246,94,152,-152,247,95
MIA,test,NCI-H2170,150-299,248,253,5,5,249,254
MIA,train,NCI-H2170,150-299,249,245,4,-4,250,246
MIA,train,NCI-H2170,150-299,249,183,66,-66,250,184
MIA,train,NCI-H2170,150-299,250,244,6,-6,251,245
MIA,train,NCI-H2170,150-299,250,262,12,12,251,263
MIA,train,NCI-H2170,150-299,250,224,26,-26,251,225
MIA,train,NCI-H2170,150-299,250,191,59,-59,251,192
MIA,test,NCI-H2170,150-299,251,190,61,-61,252,191
MIA,train,SNU16,150-299,251,96,155,-155,252,97
MIA,test,NCI-H2170,150-299,252,244,8,-8,253,245
MIA,train,NCI-H2170,150-299,252,240,12,-12,253,241
MIA,train,NCI-H2170,150-299,252,219,33,-33,253,220
MIA,train,NCI-H2170,150-299,254,279,25,25,255,280
MIA,val,SNU16,150-299,254,154,100,-100,255,155
MIA,train,NCI-H2170,150-299,255,121,134,-134,256,122
MIA,train,NCI-H2170,150-299,256,322,66,66,257,323
MIA,train,SNU16,150-299,256,98,158,-158,257,99
MIA,train,NCI-H2170,150-299,257,193,64,-64,258,194
MIA,train,NCI-H2170,150-299,257,255,2,-2,258,256
MIA,train,NCI-H2170,150-299,258,157,101,-101,259,158
MIA,train,NCI-H2170,150-299,258,148,110,-110,259,149
MIA,train,NCI-H2170,150-299,259,252,7,-7,260,253
MIA,train,NCI-H2170,150-299,259,250,9,-9,260,251
MIA,train,NCI-H2170,150-299,259,35,224,-224,260,36
MIA,train,NCI-H2170,150-299,259,153,106,-106,260,154
MIA,train,NCI-H2170,150-299,260,299,39,39,261,300
MIA,train,NCI-H2170,150-299,260,243,17,-17,261,244
MIA,train,NCI-H2170,150-299,261,286,25,25,262,287
MIA,train,NCI-H2170,150-299,261,154,107,-107,262,155
MIA,train,SNU16,150-299,261,133,128,-128,262,134
MIA,train,NCI-H2170,150-299,262,261,1,-1,263,262
MIA,train,NCI-H2170,150-299,262,183,79,-79,263,184
MIA,train,NCI-H716,150-299,262,172,90,-90,263,173
MIA,train,NCI-H2170,150-299,264,289,25,25,265,290
MIA,train,NCI-H2170,150-299,265,255,10,-10,266,256
MIA,train,NCI-H2170,150-299,265,170,95,-95,266,171
MIA,train,SNU16,150-299,265,114,151,-151,266,115
MIA,val,NCI-H2170,150-299,266,262,4,-4,267,263
MIA,train,NCI-H2170,150-299,266,270,4,4,267,271
MIA,train,SNU16,150-299,267,163,104,-104,268,164
MIA,train,SNU16,150-299,268,67,201,-201,269,68
MIA,test,SNU16,150-299,270,78,192,-192,271,79
MIA,train,SNU16,150-299,271,79,192,-192,272,80
MIA,train,SNU16,150-299,271,31,240,-240,272,32
MIA,test,SNU16,150-299,271,182,89,-89,272,183
MIA,val,NCI-H2170,150-299,273,213,60,-60,274,214
MIA,train,NCI-H716,150-299,273,240,33,-33,274,241
MIA,train,NCI-H2170,150-299,274,262,12,-12,275,263
MIA,test,NCI-H2170,150-299,274,251,23,-23,275,252
MIA,train,NCI-H2170,150-299,274,265,9,-9,275,266
MIA,train,NCI-H2170,150-299,274,170,104,-104,275,171
MIA,train,NCI-H716,150-299,274,164,110,-110,275,165
MIA,val,SNU16,150-299,274,40,234,-234,275,41
MIA,train,NCI-H2170,150-299,276,241,35,-35,277,242
MIA,train,NCI-H2170,150-299,277,301,24,24,278,302
MIA,test,NCI-H2170,150-299,278,210,68,-68,279,211
MIA,train,NCI-H2170,150-299,278,217,61,-61,279,218
MIA,train,SNU16,150-299,279,34,245,-245,280,35
MIA,train,NCI-H2170,150-299,280,258,22,-22,281,259
MIA,val,NCI-H2170,150-299,281,286,5,5,282,287
MIA,val,NCI-H2170,150-299,281,285,4,4,282,286
MIA,val,NCI-H2170,150-299,281,278,3,-3,282,279
MIA,train,NCI-H716,150-299,281,193,88,-88,282,194
MIA,train,NCI-H2170,150-299,282,305,23,23,283,306
MIA,train,NCI-H2170,150-299,282,276,6,-6,283,277
MIA,train,NCI-H2170,150-299,283,285,2,2,284,286
MIA,train,NCI-H2170,150-299,283,346,63,63,284,347
MIA,train,NCI-H2170,150-299,283,168,115,-115,284,169
MIA,test,NCI-H2170,150-299,284,310,26,26,285,311
MIA,train,NCI-H2170,150-299,284,281,3,-3,285,282
MIA,train,NCI-H2170,150-299,285,281,4,-4,286,282
MIA,train,NCI-H2170,150-299,286,246,40,-40,287,247
MIA,train,SNU16,150-299,286,140,146,-146,287,141
MIA,train,NCI-H2170,150-299,287,303,16,16,288,304
MIA,train,NCI-H2170,150-299,287,244,43,-43,288,245
MIA,train,NCI-H2170,150-299,288,243,45,-45,289,244
MIA,train,NCI-H2170,150-299,289,308,19,19,290,309
MIA,train,SNU16,150-299,289,87,202,-202,290,88
MIA,train,NCI-H2170,150-299,290,273,17,-17,291,274
MIA,train,NCI-H2170,150-299,291,245,46,-46,292,246
MIA,train,NCI-H2170,150-299,291,142,149,-149,292,143
MIA,train,NCI-H716,150-299,291,140,151,-151,292,141
MIA,train,NCI-H2170,150-299,292,243,49,-49,293,244
MIA,train,NCI-H2170,150-299,292,256,36,-36,293,257
MIA,train,NCI-H2170,150-299,292,283,9,-9,293,284
MIA,test,NCI-H2170,150-299,296,303,7,7,297,304
MIA,test,NCI-H2170,150-299,296,261,35,-35,297,262
MIA,val,NCI-H2170,150-299,296,346,50,50,297,347
MIA,train,NCI-H2170,150-299,297,308,11,11,298,309
MIA,train,SNU16,150-299,297,90,207,-207,298,91
MIA,train,NCI-H2170,150-299,299,318,19,19,300,319
MIA,test,NCI-H2170,150-299,299,311,12,12,300,312
MIA,train,NCI-H2170,150-299,299,256,43,-43,300,257
MIA,test,NCI-H2170,300+,300,302,2,2,301,303
MIA,train,SNU16,300+,301,54,247,-247,302,55
MIA,test,NCI-H2170,300+,302,298,4,-4,303,299
MIA,val,NCI-H2170,300+,302,186,116,-116,303,187
MIA,val,NCI-H2170,300+,303,223,80,-80,304,224
MIA,train,SNU16,300+,303,162,141,-141,304,163
MIA,train,NCI-H2170,300+,305,313,8,8,306,314
MIA,train,NCI-H2170,300+,307,317,10,10,308,318
MIA,train,NCI-H2170,300+,307,293,14,-14,308,294
MIA,test,NCI-H2170,300+,308,297,11,-11,309,298
MIA,train,NCI-H2170,300+,308,233,75,-75,309,234
MIA,test,SNU16,300+,309,238,71,-71,310,239
MIA,train,SNU16,300+,311,128,183,-183,312,129
MIA,train,SNU16,300+,313,82,231,-231,314,83
MIA,train,SNU16,300+,313,57,256,-256,314,58
MIA,train,NCI-H2170,300+,314,297,17,-17,315,298
MIA,train,NCI-H2170,300+,314,116,198,-198,315,117
MIA,train,NCI-H2170,300+,314,276,38,-38,315,277
MIA,val,NCI-H2170,300+,314,169,145,-145,315,170
MIA,test,NCI-H2170,300+,316,291,25,-25,317,292
MIA,train,SNU16,300+,317,149,168,-168,318,150
MIA,train,NCI-H2170,300+,318,334,16,16,319,335
MIA,train,NCI-H2170,300+,318,209,109,-109,319,210
MIA,test,NCI-H2170,300+,318,216,102,-102,319,217
MIA,train,NCI-H2170,300+,319,216,103,-103,320,217
MIA,train,SNU16,300+,320,110,210,-210,321,111
MIA,train,SNU16,300+,321,212,109,-109,322,213
MIA,train,NCI-H716,300+,322,172,150,-150,323,173
MIA,train,NCI-H2170,300+,323,188,135,-135,324,189
MIA,train,NCI-H2170,300+,323,259,64,-64,324,260
MIA,val,NCI-H2170,300+,324,314,10,-10,325,315
MIA,test,SNU16,300+,324,115,209,-209,325,116
MIA,train,NCI-H2170,300+,325,201,124,-124,326,202
MIA,test,SNU16,300+,325,184,141,-141,326,185
MIA,train,NCI-H2170,300+,328,339,11,11,329,340
MIA,test,NCI-H2170,300+,328,200,128,-128,329,201
MIA,train,NCI-H2170,300+,329,414,85,85,330,415
MIA,train,NCI-H2170,300+,329,301,28,-28,330,302
MIA,train,NCI-H2170,300+,329,262,67,-67,330,263
MIA,test,NCI-H2170,300+,330,320,10,-10,331,321
MIA,train,NCI-H2170,300+,332,278,54,-54,333,279
MIA,train,NCI-H2170,300+,333,309,24,-24,334,310
MIA,train,NCI-H2170,300+,335,314,21,-21,336,315
MIA,train,NCI-H2170,300+,337,343,6,6,338,344
MIA,train,NCI-H2170,300+,339,347,8,8,340,348
MIA,test,NCI-H2170,300+,340,357,17,17,341,358
MIA,test,NCI-H2170,300+,341,324,17,-17,342,325
MIA,test,NCI-H2170,300+,341,315,26,-26,342,316
MIA,train,SNU16,300+,341,149,192,-192,342,150
MIA,val,NCI-H2170,300+,343,344,1,1,344,345
MIA,train,NCI-H2170,300+,344,220,124,-124,345,221
MIA,train,NCI-H2170,300+,348,331,17,-17,349,332
MIA,train,NCI-H2170,300+,349,250,99,-99,350,251
MIA,train,NCI-H716,300+,349,311,38,-38,350,312
MIA,train,NCI-H2170,300+,350,487,137,137,351,488
MIA,train,NCI-H716,300+,350,208,142,-142,351,209
MIA,val,NCI-H2170,300+,352,267,85,-85,353,268
MIA,train,NCI-H2170,300+,354,327,27,-27,355,328
MIA,train,NCI-H2170,300+,355,292,63,-63,356,293
MIA,test,NCI-H2170,300+,358,346,12,-12,359,347
MIA,train,NCI-H2170,300+,359,290,69,-69,360,291
MIA,val,NCI-H2170,300+,359,392,33,33,360,393
MIA,train,NCI-H2170,300+,362,329,33,-33,363,330
MIA,test,NCI-H2170,300+,365,327,38,-38,366,328
MIA,val,SNU16,300+,366,261,105,-105,367,262
MIA,val,NCI-H2170,300+,368,260,108,-108,369,261
MIA,train,NCI-H716,300+,368,243,125,-125,369,244
MIA,train,SNU16,300+,368,181,187,-187,369,182
MIA,train,NCI-H716,300+,369,306,63,-63,370,307
MIA,train,NCI-H2170,300+,370,330,40,-40,371,331
MIA,train,SNU16,300+,370,260,110,-110,371,261
MIA,train,NCI-H2170,300+,371,315,56,-56,372,316
MIA,train,SNU16,300+,372,196,176,-176,373,197
MIA,train,NCI-H2170,300+,373,390,17,17,374,391
MIA,train,SNU16,300+,374,229,145,-145,375,230
MIA,train,NCI-H2170,300+,375,381,6,6,376,382
MIA,train,NCI-H2170,300+,375,366,9,-9,376,367
MIA,train,NCI-H2170,300+,375,404,29,29,376,405
MIA,test,NCI-H2170,300+,375,270,105,-105,376,271
MIA,train,NCI-H2170,300+,376,329,47,-47,377,330
MIA,train,SNU16,300+,376,252,124,-124,377,253
MIA,train,NCI-H2170,300+,378,355,23,-23,379,356
MIA,val,NCI-H2170,300+,378,322,56,-56,379,323
MIA,val,SNU16,300+,380,72,308,-308,381,73
MIA,train,NCI-H2170,300+,382,470,88,88,383,471
MIA,val,SNU16,300+,382,303,79,-79,383,304
MIA,train,NCI-H716,300+,386,221,165,-165,387,222
MIA,train,NCI-H2170,300+,390,323,67,-67,391,324
MIA,train,NCI-H2170,300+,390,240,150,-150,391,241
MIA,train,NCI-H2170,300+,391,412,21,21,392,413
MIA,train,SNU16,300+,392,153,239,-239,393,154
MIA,train,SNU16,300+,394,191,203,-203,395,192
MIA,train,NCI-H2170,300+,395,365,30,-30,396,366
MIA,test,NCI-H2170,300+,396,299,97,-97,397,300
MIA,train,NCI-H2170,300+,396,337,59,-59,397,338
MIA,train,NCI-H2170,300+,396,283,113,-113,397,284
MIA,train,NCI-H2170,300+,398,397,1,-1,399,398
MIA,test,NCI-H2170,300+,400,317,83,-83,401,318
MIA,train,NCI-H2170,300+,402,387,15,-15,403,388
MIA,train,NCI-H2170,300+,402,397,5,-5,403,398
MIA,val,NCI-H2170,300+,402,388,14,-14,403,389
MIA,test,NCI-H2170,300+,403,410,7,7,404,411
MIA,train,NCI-H2170,300+,404,428,24,24,405,429
MIA,test,NCI-H2170,300+,406,350,56,-56,407,351
MIA,train,NCI-H2170,300+,406,308,98,-98,407,309
MIA,train,NCI-H2170,300+,407,323,84,-84,408,324
MIA,test,NCI-H2170,300+,411,411,0,0,412,412
MIA,train,NCI-H2170,300+,413,387,26,-26,414,388
MIA,train,SNU16,300+,413,183,230,-230,414,184
MIA,val,SNU16,300+,415,116,299,-299,416,117
MIA,train,NCI-H2170,300+,418,401,17,-17,419,402
MIA,train,NCI-H2170,300+,419,341,78,-78,420,342
MIA,test,SNU16,300+,422,199,223,-223,423,200
MIA,train,NCI-H2170,300+,425,425,0,0,426,426
MIA,val,SNU16,300+,426,218,208,-208,427,219
MIA,val,NCI-H2170,300+,430,400,30,-30,431,401
MIA,train,NCI-H2170,300+,431,368,63,-63,432,369
MIA,train,SNU16,300+,433,163,270,-270,434,164
MIA,train,NCI-H2170,300+,434,430,4,-4,435,431
MIA,train,SNU16,300+,434,237,197,-197,435,238
MIA,train,NCI-H2170,300+,436,411,25,-25,437,412
MIA,train,NCI-H2170,300+,438,329,109,-109,439,330
MIA,train,NCI-H2170,300+,438,319,119,-119,439,320
MIA,train,NCI-H2170,300+,441,427,14,-14,442,428
MIA,val,NCI-H2170,300+,442,447,5,5,443,448
MIA,train,SNU16,300+,444,81,363,-363,445,82
MIA,test,NCI-H2170,300+,445,303,142,-142,446,304
MIA,test,NCI-H2170,300+,446,457,11,11,447,458
MIA,train,NCI-H2170,300+,446,421,25,-25,447,422
MIA,val,NCI-H2170,300+,451,387,64,-64,452,388
MIA,train,NCI-H2170,300+,453,466,13,13,454,467
MIA,train,NCI-H2170,300+,456,464,8,8,457,465
MIA,train,NCI-H2170,300+,458,427,31,-31,459,428
MIA,train,SNU16,300+,459,140,319,-319,460,141
MIA,train,NCI-H2170,300+,460,412,48,-48,461,413
MIA,train,NCI-H2170,300+,462,402,60,-60,463,403
MIA,train,NCI-H716,300+,468,417,51,-51,469,418
MIA,train,SNU16,300+,471,250,221,-221,472,251
MIA,test,NCI-H2170,300+,472,313,159,-159,473,314
MIA,val,NCI-H2170,300+,473,427,46,-46,474,428
MIA,train,NCI-H2170,300+,475,347,128,-128,476,348
MIA,train,NCI-H2170,300+,478,473,5,-5,479,474
MIA,test,NCI-H2170,300+,478,468,10,-10,479,469
MIA,train,NCI-H2170,300+,479,439,40,-40,480,440
MIA,train,SNU16,300+,481,104,377,-377,482,105
MIA,train,NCI-H2170,300+,489,459,30,-30,490,460
MIA,train,NCI-H2170,300+,491,493,2,2,492,494
MIA,train,NCI-H2170,300+,495,435,60,-60,496,436
MIA,train,NCI-H2170,300+,497,486,11,-11,498,487
MIA,train,NCI-H2170,300+,497,315,182,-182,498,316
MIA,train,NCI-H2170,300+,498,402,96,-96,499,403
MIA,test,SNU16,300+,499,107,392,-392,500,108
MIA,train,NCI-H2170,300+,503,451,52,-52,504,452
MIA,train,NCI-H2170,300+,504,495,9,-9,505,496
MIA,train,NCI-H2170,300+,505,515,10,10,506,516
MIA,train,NCI-H2170,300+,506,444,62,-62,507,445
MIA,train,NCI-H2170,300+,513,174,339,-339,514,175
MIA,train,NCI-H2170,300+,517,487,30,-30,518,488
MIA,val,NCI-H2170,300+,520,361,159,-159,521,362
MIA,train,NCI-H2170,300+,520,316,204,-204,521,317
MIA,test,NCI-H2170,300+,521,485,36,-36,522,486
MIA,train,NCI-H2170,300+,523,477,46,-46,524,478
MIA,val,NCI-H2170,300+,526,494,32,-32,527,495
MIA,train,SNU16,300+,527,161,366,-366,528,162
MIA,train,NCI-H2170,300+,534,549,15,15,535,550
MIA,train,NCI-H2170,300+,536,427,109,-109,537,428
MIA,test,NCI-H2170,300+,539,534,5,-5,540,535
MIA,val,NCI-H2170,300+,557,358,199,-199,558,359
MIA,test,NCI-H2170,300+,559,564,5,5,560,565
MIA,train,NCI-H2170,300+,560,538,22,-22,561,539
MIA,val,NCI-H2170,300+,567,495,72,-72,568,496
MIA,train,NCI-H2170,300+,572,555,17,-17,573,556
MIA,train,NCI-H2170,300+,574,392,182,-182,575,393
MIA,train,NCI-H2170,300+,589,557,32,-32,590,558
MIA,train,NCI-H2170,300+,597,561,36,-36,598,562
MIA,train,NCI-H2170,300+,597,536,61,-61,598,537
MIA,train,NCI-H2170,300+,604,581,23,-23,605,582
MIA,train,NCI-H2170,300+,604,529,75,-75,605,530
MIA,train,NCI-H2170,300+,611,562,49,-49,612,563
MIA,train,NCI-H2170,300+,611,587,24,-24,612,588
MIA,train,NCI-H2170,300+,613,588,25,-25,614,589
MIA,train,SNU16,300+,635,357,278,-278,636,358
MIA,train,SNU16,300+,637,286,351,-351,638,287
MIA,test,NCI-H2170,300+,642,597,45,-45,643,598
MIA,train,SNU16,300+,663,252,411,-411,664,253
MIA,train,NCI-H2170,300+,664,605,59,-59,665,606
MIA,train,SNU16,300+,664,356,308,-308,665,357
MIA,test,SNU16,300+,670,304,366,-366,671,305
MIA,train,NCI-H2170,300+,676,684,8,8,677,685
MIA,val,SNU16,300+,705,323,382,-382,706,324
MIA,train,NCI-H2170,300+,742,652,90,-90,743,653
MIA,val,NCI-H2170,300+,763,792,29,29,764,793
MIA,train,NCI-H2170,300+,769,781,12,12,770,782
MIA,train,NCI-H2170,300+,783,549,234,-234,784,550
MIA,train,NCI-H2170,300+,801,765,36,-36,802,766
MIA,train,NCI-H2170,300+,829,818,11,-11,830,819
MIA,train,NCI-H2170,300+,832,856,24,24,833,857
MIA,val,NCI-H2170,300+,835,748,87,-87,836,749
MIA,train,NCI-H2170,300+,843,787,56,-56,844,788
MIA,train,NCI-H2170,300+,862,746,116,-116,863,747
MIA,val,NCI-H2170,300+,867,854,13,-13,868,855
MIA,train,NCI-H2170,300+,909,839,70,-70,910,840
MIA,test,NCI-H2170,300+,912,872,40,-40,913,873
MIA,train,SNU16,300+,990,207,783,-783,991,208
MIA,train,SNU16,300+,1231,138,1093,-1093,1232,139
MIA,train,NCI-H2170,300+,1687,1364,323,-323,1688,1365
ecCount (threshold mask),train,COLO320DM,0-9,1,60,59,59,2,61
ecCount (threshold mask),train,COLO320DM,0-9,4,3,1,-1,5,4
ecCount (threshold mask),test,COLO320DM,0-9,4,40,36,36,5,41
ecCount (threshold mask),train,COLO320DM,0-9,4,26,22,22,5,27
ecCount (threshold mask),val,COLO320DM,0-9,4,22,18,18,5,23
ecCount (threshold mask),train,COLO320DM,0-9,7,5,2,-2,8,6
ecCount (threshold mask),val,NCI-H2170,0-9,9,11,2,2,10,12
ecCount (threshold mask),train,COLO320DM,10-49,10,11,1,1,11,12
ecCount (threshold mask),train,COLO320DM,10-49,12,9,3,-3,13,10
ecCount (threshold mask),val,COLO320DM,10-49,13,16,3,3,14,17
ecCount (threshold mask),train,COLO320DM,10-49,15,15,0,0,16,16
ecCount (threshold mask),train,COLO320DM,10-49,15,18,3,3,16,19
ecCount (threshold mask),train,NCI-H2170,10-49,15,20,5,5,16,21
ecCount (threshold mask),test,NCI-H2170,10-49,15,16,1,1,16,17
ecCount (threshold mask),train,COLO320DM,10-49,16,19,3,3,17,20
ecCount (threshold mask),train,NCI-H2170,10-49,16,17,1,1,17,18
ecCount (threshold mask),val,NCI-H2170,10-49,17,17,0,0,18,18
ecCount (threshold mask),val,COLO320DM,10-49,18,15,3,-3,19,16
ecCount (threshold mask),train,NCI-H2170,10-49,18,21,3,3,19,22
ecCount (threshold mask),train,COLO320DM,10-49,22,22,0,0,23,23
ecCount (threshold mask),test,COLO320DM,10-49,22,26,4,4,23,27
ecCount (threshold mask),train,NCI-H2170,10-49,22,26,4,4,23,27
ecCount (threshold mask),train,COLO320DM,10-49,23,25,2,2,24,26
ecCount (threshold mask),test,COLO320DM,10-49,24,20,4,-4,25,21
ecCount (threshold mask),train,NCI-H2170,10-49,24,23,1,-1,25,24
ecCount (threshold mask),train,NCI-H2170,10-49,24,22,2,-2,25,23
ecCount (threshold mask),val,NCI-H2170,10-49,24,28,4,4,25,29
ecCount (threshold mask),train,COLO320DM,10-49,26,29,3,3,27,30
ecCount (threshold mask),train,NCI-H2170,10-49,26,26,0,0,27,27
ecCount (threshold mask),train,COLO320DM,10-49,27,27,0,0,28,28
ecCount (threshold mask),train,NCI-H2170,10-49,27,27,0,0,28,28
ecCount (threshold mask),train,NCI-H2170,10-49,27,28,1,1,28,29
ecCount (threshold mask),train,COLO320DM,10-49,30,27,3,-3,31,28
ecCount (threshold mask),train,COLO320DM,10-49,30,30,0,0,31,31
ecCount (threshold mask),train,NCI-H2170,10-49,30,27,3,-3,31,28
ecCount (threshold mask),test,COLO320DM,10-49,31,26,5,-5,32,27
ecCount (threshold mask),test,COLO320DM,10-49,32,31,1,-1,33,32
ecCount (threshold mask),train,COLO320DM,10-49,32,32,0,0,33,33
ecCount (threshold mask),train,NCI-H2170,10-49,32,39,7,7,33,40
ecCount (threshold mask),val,NCI-H2170,10-49,33,33,0,0,34,34
ecCount (threshold mask),train,COLO320DM,10-49,34,35,1,1,35,36
ecCount (threshold mask),train,NCI-H2170,10-49,34,33,1,-1,35,34
ecCount (threshold mask),train,COLO320DM,10-49,35,31,4,-4,36,32
ecCount (threshold mask),train,NCI-H2170,10-49,35,33,2,-2,36,34
ecCount (threshold mask),val,NCI-H2170,10-49,35,36,1,1,36,37
ecCount (threshold mask),train,NCI-H2170,10-49,35,42,7,7,36,43
ecCount (threshold mask),val,NCI-H2170,10-49,35,28,7,-7,36,29
ecCount (threshold mask),train,COLO320DM,10-49,36,38,2,2,37,39
ecCount (threshold mask),test,NCI-H2170,10-49,36,32,4,-4,37,33
ecCount (threshold mask),train,NCI-H2170,10-49,36,34,2,-2,37,35
ecCount (threshold mask),train,COLO320DM,10-49,37,36,1,-1,38,37
ecCount (threshold mask),test,NCI-H2170,10-49,38,38,0,0,39,39
ecCount (threshold mask),train,COLO320DM,10-49,39,41,2,2,40,42
ecCount (threshold mask),train,NCI-H2170,10-49,39,38,1,-1,40,39
ecCount (threshold mask),val,COLO320DM,10-49,40,39,1,-1,41,40
ecCount (threshold mask),test,NCI-H2170,10-49,40,39,1,-1,41,40
ecCount (threshold mask),train,NCI-H2170,10-49,40,39,1,-1,41,40
ecCount (threshold mask),train,COLO320DM,10-49,41,39,2,-2,42,40
ecCount (threshold mask),test,COLO320DM,10-49,41,49,8,8,42,50
ecCount (threshold mask),train,NCI-H2170,10-49,41,40,1,-1,42,41
ecCount (threshold mask),train,NCI-H2170,10-49,41,43,2,2,42,44
ecCount (threshold mask),train,NCI-H2170,10-49,41,32,9,-9,42,33
ecCount (threshold mask),train,NCI-H2170,10-49,42,49,7,7,43,50
ecCount (threshold mask),train,NCI-H2170,10-49,43,43,0,0,44,44
ecCount (threshold mask),train,NCI-H2170,10-49,43,47,4,4,44,48
ecCount (threshold mask),train,NCI-H2170,10-49,43,38,5,-5,44,39
ecCount (threshold mask),train,COLO320DM,10-49,44,42,2,-2,45,43
ecCount (threshold mask),train,NCI-H2170,10-49,44,42,2,-2,45,43
ecCount (threshold mask),test,NCI-H2170,10-49,44,35,9,-9,45,36
ecCount (threshold mask),train,COLO320DM,10-49,45,51,6,6,46,52
ecCount (threshold mask),train,COLO320DM,10-49,45,50,5,5,46,51
ecCount (threshold mask),train,NCI-H2170,10-49,45,44,1,-1,46,45
ecCount (threshold mask),train,COLO320DM,10-49,46,46,0,0,47,47
ecCount (threshold mask),test,NCI-H2170,10-49,46,41,5,-5,47,42
ecCount (threshold mask),val,NCI-H2170,10-49,46,57,11,11,47,58
ecCount (threshold mask),train,NCI-H2170,10-49,46,51,5,5,47,52
ecCount (threshold mask),train,NCI-H2170,10-49,46,44,2,-2,47,45
ecCount (threshold mask),train,COLO320DM,10-49,47,46,1,-1,48,47
ecCount (threshold mask),train,NCI-H2170,10-49,47,53,6,6,48,54
ecCount (threshold mask),train,NCI-H2170,10-49,47,47,0,0,48,48
ecCount (threshold mask),val,NCI-H2170,10-49,47,52,5,5,48,53
ecCount (threshold mask),test,NCI-H2170,10-49,48,54,6,6,49,55
ecCount (threshold mask),val,NCI-H2170,10-49,48,28,20,-20,49,29
ecCount (threshold mask),val,NCI-H2170,10-49,48,49,1,1,49,50
ecCount (threshold mask),test,COLO320DM,10-49,49,39,10,-10,50,40
ecCount (threshold mask),train,NCI-H2170,10-49,49,48,1,-1,50,49
ecCount (threshold mask),train,NCI-H2170,50-149,50,42,8,-8,51,43
ecCount (threshold mask),train,NCI-H2170,50-149,50,46,4,-4,51,47
ecCount (threshold mask),train,COLO320DM,50-149,51,47,4,-4,52,48
ecCount (threshold mask),test,NCI-H2170,50-149,51,41,10,-10,52,42
ecCount (threshold mask),train,NCI-H2170,50-149,51,51,0,0,52,52
ecCount (threshold mask),val,NCI-H2170,50-149,51,63,12,12,52,64
ecCount (threshold mask),train,NCI-H2170,50-149,51,46,5,-5,52,47
ecCount (threshold mask),train,COLO320DM,50-149,52,50,2,-2,53,51
ecCount (threshold mask),val,NCI-H2170,50-149,52,52,0,0,53,53
ecCount (threshold mask),test,NCI-H2170,50-149,52,50,2,-2,53,51
ecCount (threshold mask),test,NCI-H2170,50-149,52,55,3,3,53,56
ecCount (threshold mask),val,NCI-H2170,50-149,52,52,0,0,53,53
ecCount (threshold mask),train,COLO320DM,50-149,53,50,3,-3,54,51
ecCount (threshold mask),train,COLO320DM,50-149,53,53,0,0,54,54
ecCount (threshold mask),train,NCI-H2170,50-149,53,55,2,2,54,56
ecCount (threshold mask),train,NCI-H2170,50-149,53,46,7,-7,54,47
ecCount (threshold mask),train,NCI-H2170,50-149,53,53,0,0,54,54
ecCount (threshold mask),train,NCI-H2170,50-149,53,48,5,-5,54,49
ecCount (threshold mask),train,NCI-H2170,50-149,53,41,12,-12,54,42
ecCount (threshold mask),test,COLO320DM,50-149,54,44,10,-10,55,45
ecCount (threshold mask),train,NCI-H2170,50-149,54,58,4,4,55,59
ecCount (threshold mask),train,NCI-H2170,50-149,54,49,5,-5,55,50
ecCount (threshold mask),train,NCI-H2170,50-149,54,56,2,2,55,57
ecCount (threshold mask),val,NCI-H2170,50-149,54,49,5,-5,55,50
ecCount (threshold mask),train,COLO320DM,50-149,55,55,0,0,56,56
ecCount (threshold mask),test,NCI-H2170,50-149,55,165,110,110,56,166
ecCount (threshold mask),test,NCI-H2170,50-149,55,52,3,-3,56,53
ecCount (threshold mask),val,NCI-H2170,50-149,56,63,7,7,57,64
ecCount (threshold mask),train,NCI-H2170,50-149,56,56,0,0,57,57
ecCount (threshold mask),test,COLO320DM,50-149,57,53,4,-4,58,54
ecCount (threshold mask),val,COLO320DM,50-149,57,49,8,-8,58,50
ecCount (threshold mask),train,SNU16,50-149,57,68,11,11,58,69
ecCount (threshold mask),val,NCI-H2170,50-149,58,66,8,8,59,67
ecCount (threshold mask),val,NCI-H2170,50-149,58,58,0,0,59,59
ecCount (threshold mask),train,NCI-H2170,50-149,58,56,2,-2,59,57
ecCount (threshold mask),train,NCI-H2170,50-149,58,50,8,-8,59,51
ecCount (threshold mask),val,COLO320DM,50-149,59,53,6,-6,60,54
ecCount (threshold mask),train,COLO320DM,50-149,59,54,5,-5,60,55
ecCount (threshold mask),train,COLO320DM,50-149,59,59,0,0,60,60
ecCount (threshold mask),test,NCI-H2170,50-149,59,60,1,1,60,61
ecCount (threshold mask),train,NCI-H2170,50-149,60,66,6,6,61,67
ecCount (threshold mask),train,NCI-H2170,50-149,60,52,8,-8,61,53
ecCount (threshold mask),train,COLO320DM,50-149,61,56,5,-5,62,57
ecCount (threshold mask),test,NCI-H2170,50-149,61,64,3,3,62,65
ecCount (threshold mask),train,NCI-H2170,50-149,61,67,6,6,62,68
ecCount (threshold mask),train,NCI-H2170,50-149,61,59,2,-2,62,60
ecCount (threshold mask),test,NCI-H2170,50-149,61,59,2,-2,62,60
ecCount (threshold mask),val,NCI-H2170,50-149,61,64,3,3,62,65
ecCount (threshold mask),test,NCI-H2170,50-149,62,63,1,1,63,64
ecCount (threshold mask),train,NCI-H2170,50-149,62,66,4,4,63,67
ecCount (threshold mask),train,NCI-H2170,50-149,62,56,6,-6,63,57
ecCount (threshold mask),train,NCI-H2170,50-149,62,64,2,2,63,65
ecCount (threshold mask),train,COLO320DM,50-149,63,63,0,0,64,64
ecCount (threshold mask),train,NCI-H2170,50-149,63,67,4,4,64,68
ecCount (threshold mask),test,NCI-H2170,50-149,63,64,1,1,64,65
ecCount (threshold mask),train,NCI-H2170,50-149,63,52,11,-11,64,53
ecCount (threshold mask),train,NCI-H2170,50-149,64,54,10,-10,65,55
ecCount (threshold mask),train,NCI-H2170,50-149,64,70,6,6,65,71
ecCount (threshold mask),train,NCI-H2170,50-149,64,67,3,3,65,68
ecCount (threshold mask),test,NCI-H2170,50-149,64,58,6,-6,65,59
ecCount (threshold mask),train,COLO320DM,50-149,65,52,13,-13,66,53
ecCount (threshold mask),train,NCI-H2170,50-149,65,69,4,4,66,70
ecCount (threshold mask),test,NCI-H2170,50-149,65,65,0,0,66,66
ecCount (threshold mask),train,NCI-H2170,50-149,65,67,2,2,66,68
ecCount (threshold mask),train,NCI-H2170,50-149,65,60,5,-5,66,61
ecCount (threshold mask),train,NCI-H2170,50-149,66,60,6,-6,67,61
ecCount (threshold mask),train,NCI-H2170,50-149,66,50,16,-16,67,51
ecCount (threshold mask),train,NCI-H2170,50-149,66,59,7,-7,67,60
ecCount (threshold mask),test,NCI-H2170,50-149,67,45,22,-22,68,46
ecCount (threshold mask),test,NCI-H2170,50-149,67,81,14,14,68,82
ecCount (threshold mask),train,NCI-H2170,50-149,67,62,5,-5,68,63
ecCount (threshold mask),train,NCI-H2170,50-149,68,53,15,-15,69,54
ecCount (threshold mask),train,NCI-H2170,50-149,69,79,10,10,70,80
ecCount (threshold mask),train,NCI-H2170,50-149,69,67,2,-2,70,68
ecCount (threshold mask),train,NCI-H2170,50-149,69,62,7,-7,70,63
ecCount (threshold mask),train,NCI-H2170,50-149,69,61,8,-8,70,62
ecCount (threshold mask),train,NCI-H2170,50-149,69,56,13,-13,70,57
ecCount (threshold mask),train,NCI-H2170,50-149,70,82,12,12,71,83
ecCount (threshold mask),train,NCI-H2170,50-149,70,55,15,-15,71,56
ecCount (threshold mask),val,NCI-H2170,50-149,70,66,4,-4,71,67
ecCount (threshold mask),train,NCI-H2170,50-149,70,68,2,-2,71,69
ecCount (threshold mask),train,NCI-H2170,50-149,70,58,12,-12,71,59
ecCount (threshold mask),val,COLO320DM,50-149,71,51,20,-20,72,52
ecCount (threshold mask),train,NCI-H2170,50-149,71,77,6,6,72,78
ecCount (threshold mask),val,NCI-H2170,50-149,71,78,7,7,72,79
ecCount (threshold mask),train,NCI-H2170,50-149,71,64,7,-7,72,65
ecCount (threshold mask),test,NCI-H2170,50-149,71,69,2,-2,72,70
ecCount (threshold mask),train,NCI-H2170,50-149,71,67,4,-4,72,68
ecCount (threshold mask),train,NCI-H2170,50-149,71,69,2,-2,72,70
ecCount (threshold mask),test,NCI-H716,50-149,71,77,6,6,72,78
ecCount (threshold mask),train,NCI-H2170,50-149,72,70,2,-2,73,71
ecCount (threshold mask),test,NCI-H2170,50-149,72,65,7,-7,73,66
ecCount (threshold mask),train,NCI-H716,50-149,72,72,0,0,73,73
ecCount (threshold mask),train,NCI-H2170,50-149,73,80,7,7,74,81
ecCount (threshold mask),train,NCI-H2170,50-149,73,72,1,-1,74,73
ecCount (threshold mask),train,NCI-H2170,50-149,73,73,0,0,74,74
ecCount (threshold mask),train,COLO320DM,50-149,74,67,7,-7,75,68
ecCount (threshold mask),val,COLO320DM,50-149,74,76,2,2,75,77
ecCount (threshold mask),train,NCI-H2170,50-149,74,65,9,-9,75,66
ecCount (threshold mask),train,NCI-H2170,50-149,74,81,7,7,75,82
ecCount (threshold mask),train,NCI-H2170,50-149,74,43,31,-31,75,44
ecCount (threshold mask),train,NCI-H2170,50-149,74,62,12,-12,75,63
ecCount (threshold mask),train,NCI-H2170,50-149,75,69,6,-6,76,70
ecCount (threshold mask),train,NCI-H2170,50-149,75,86,11,11,76,87
ecCount (threshold mask),train,NCI-H2170,50-149,75,69,6,-6,76,70
ecCount (threshold mask),val,NCI-H2170,50-149,75,70,5,-5,76,71
ecCount (threshold mask),train,NCI-H2170,50-149,75,86,11,11,76,87
ecCount (threshold mask),train,NCI-H2170,50-149,75,63,12,-12,76,64
ecCount (threshold mask),train,NCI-H2170,50-149,75,75,0,0,76,76
ecCount (threshold mask),train,NCI-H2170,50-149,76,76,0,0,77,77
ecCount (threshold mask),train,NCI-H2170,50-149,76,88,12,12,77,89
ecCount (threshold mask),train,NCI-H2170,50-149,76,73,3,-3,77,74
ecCount (threshold mask),train,NCI-H2170,50-149,76,76,0,0,77,77
ecCount (threshold mask),train,NCI-H2170,50-149,76,67,9,-9,77,68
ecCount (threshold mask),train,NCI-H2170,50-149,76,82,6,6,77,83
ecCount (threshold mask),train,NCI-H716,50-149,76,70,6,-6,77,71
ecCount (threshold mask),train,NCI-H2170,50-149,77,79,2,2,78,80
ecCount (threshold mask),train,NCI-H2170,50-149,77,73,4,-4,78,74
ecCount (threshold mask),val,NCI-H2170,50-149,77,71,6,-6,78,72
ecCount (threshold mask),train,SNU16,50-149,77,76,1,-1,78,77
ecCount (threshold mask),val,NCI-H2170,50-149,78,77,1,-1,79,78
ecCount (threshold mask),test,NCI-H2170,50-149,78,75,3,-3,79,76
ecCount (threshold mask),train,NCI-H2170,50-149,78,73,5,-5,79,74
ecCount (threshold mask),train,NCI-H2170,50-149,78,73,5,-5,79,74
ecCount (threshold mask),train,NCI-H2170,50-149,78,79,1,1,79,80
ecCount (threshold mask),train,NCI-H2170,50-149,78,76,2,-2,79,77
ecCount (threshold mask),train,NCI-H2170,50-149,78,78,0,0,79,79
ecCount (threshold mask),train,NCI-H2170,50-149,78,149,71,71,79,150
ecCount (threshold mask),test,NCI-H2170,50-149,79,79,0,0,80,80
ecCount (threshold mask),val,NCI-H2170,50-149,79,81,2,2,80,82
ecCount (threshold mask),train,NCI-H2170,50-149,79,85,6,6,80,86
ecCount (threshold mask),test,NCI-H2170,50-149,79,99,20,20,80,100
ecCount (threshold mask),train,NCI-H2170,50-149,79,75,4,-4,80,76
ecCount (threshold mask),train,COLO320DM,50-149,80,79,1,-1,81,80
ecCount (threshold mask),test,NCI-H2170,50-149,80,47,33,-33,81,48
ecCount (threshold mask),train,NCI-H2170,50-149,81,69,12,-12,82,70
ecCount (threshold mask),train,NCI-H2170,50-149,81,77,4,-4,82,78
ecCount (threshold mask),val,NCI-H2170,50-149,81,84,3,3,82,85
ecCount (threshold mask),val,NCI-H2170,50-149,81,77,4,-4,82,78
ecCount (threshold mask),train,NCI-H2170,50-149,82,49,33,-33,83,50
ecCount (threshold mask),train,NCI-H2170,50-149,82,64,18,-18,83,65
ecCount (threshold mask),train,COLO320DM,50-149,83,79,4,-4,84,80
ecCount (threshold mask),test,NCI-H2170,50-149,83,76,7,-7,84,77
ecCount (threshold mask),train,NCI-H2170,50-149,83,80,3,-3,84,81
ecCount (threshold mask),train,NCI-H2170,50-149,83,70,13,-13,84,71
ecCount (threshold mask),test,NCI-H2170,50-149,84,93,9,9,85,94
ecCount (threshold mask),train,NCI-H2170,50-149,84,85,1,1,85,86
ecCount (threshold mask),train,NCI-H2170,50-149,84,75,9,-9,85,76
ecCount (threshold mask),test,NCI-H2170,50-149,84,74,10,-10,85,75
ecCount (threshold mask),val,NCI-H2170,50-149,85,92,7,7,86,93
ecCount (threshold mask),test,NCI-H2170,50-149,85,74,11,-11,86,75
ecCount (threshold mask),test,NCI-H2170,50-149,85,84,1,-1,86,85
ecCount (threshold mask),train,NCI-H2170,50-149,85,81,4,-4,86,82
ecCount (threshold mask),train,NCI-H2170,50-149,86,90,4,4,87,91
ecCount (threshold mask),val,NCI-H2170,50-149,86,84,2,-2,87,85
ecCount (threshold mask),train,NCI-H2170,50-149,86,67,19,-19,87,68
ecCount (threshold mask),train,NCI-H2170,50-149,86,89,3,3,87,90
ecCount (threshold mask),train,NCI-H2170,50-149,86,82,4,-4,87,83
ecCount (threshold mask),train,NCI-H2170,50-149,86,64,22,-22,87,65
ecCount (threshold mask),test,NCI-H2170,50-149,86,85,1,-1,87,86
ecCount (threshold mask),train,COLO320DM,50-149,87,88,1,1,88,89
ecCount (threshold mask),train,NCI-H2170,50-149,87,76,11,-11,88,77
ecCount (threshold mask),test,NCI-H2170,50-149,87,76,11,-11,88,77
ecCount (threshold mask),val,NCI-H2170,50-149,87,82,5,-5,88,83
ecCount (threshold mask),test,NCI-H2170,50-149,87,73,14,-14,88,74
ecCount (threshold mask),train,NCI-H2170,50-149,87,82,5,-5,88,83
ecCount (threshold mask),train,NCI-H2170,50-149,88,83,5,-5,89,84
ecCount (threshold mask),train,NCI-H2170,50-149,88,79,9,-9,89,80
ecCount (threshold mask),train,NCI-H2170,50-149,88,70,18,-18,89,71
ecCount (threshold mask),train,NCI-H2170,50-149,88,79,9,-9,89,80
ecCount (threshold mask),train,NCI-H2170,50-149,88,86,2,-2,89,87
ecCount (threshold mask),train,COLO320DM,50-149,89,90,1,1,90,91
ecCount (threshold mask),val,NCI-H2170,50-149,89,83,6,-6,90,84
ecCount (threshold mask),val,NCI-H2170,50-149,89,112,23,23,90,113
ecCount (threshold mask),test,NCI-H2170,50-149,89,78,11,-11,90,79
ecCount (threshold mask),train,NCI-H2170,50-149,89,84,5,-5,90,85
ecCount (threshold mask),test,NCI-H2170,50-149,89,80,9,-9,90,81
ecCount (threshold mask),train,NCI-H716,50-149,89,82,7,-7,90,83
ecCount (threshold mask),train,NCI-H2170,50-149,90,89,1,-1,91,90
ecCount (threshold mask),train,NCI-H2170,50-149,90,65,25,-25,91,66
ecCount (threshold mask),test,NCI-H2170,50-149,90,94,4,4,91,95
ecCount (threshold mask),test,NCI-H2170,50-149,90,93,3,3,91,94
ecCount (threshold mask),train,SNU16,50-149,90,106,16,16,91,107
ecCount (threshold mask),test,COLO320DM,50-149,91,89,2,-2,92,90
ecCount (threshold mask),train,NCI-H2170,50-149,91,99,8,8,92,100
ecCount (threshold mask),val,NCI-H2170,50-149,91,80,11,-11,92,81
ecCount (threshold mask),val,NCI-H2170,50-149,91,87,4,-4,92,88
ecCount (threshold mask),train,NCI-H2170,50-149,92,95,3,3,93,96
ecCount (threshold mask),val,NCI-H2170,50-149,92,86,6,-6,93,87
ecCount (threshold mask),val,NCI-H2170,50-149,92,82,10,-10,93,83
ecCount (threshold mask),train,NCI-H2170,50-149,93,101,8,8,94,102
ecCount (threshold mask),train,NCI-H2170,50-149,93,91,2,-2,94,92
ecCount (threshold mask),train,NCI-H2170,50-149,93,93,0,0,94,94
ecCount (threshold mask),test,NCI-H2170,50-149,93,93,0,0,94,94
ecCount (threshold mask),train,NCI-H2170,50-149,93,85,8,-8,94,86
ecCount (threshold mask),test,NCI-H2170,50-149,93,91,2,-2,94,92
ecCount (threshold mask),train,NCI-H2170,50-149,93,82,11,-11,94,83
ecCount (threshold mask),train,NCI-H2170,50-149,93,82,11,-11,94,83
ecCount (threshold mask),val,NCI-H2170,50-149,94,100,6,6,95,101
ecCount (threshold mask),val,NCI-H2170,50-149,94,97,3,3,95,98
ecCount (threshold mask),val,NCI-H2170,50-149,94,66,28,-28,95,67
ecCount (threshold mask),train,NCI-H2170,50-149,94,87,7,-7,95,88
ecCount (threshold mask),train,NCI-H2170,50-149,94,84,10,-10,95,85
ecCount (threshold mask),train,NCI-H2170,50-149,94,85,9,-9,95,86
ecCount (threshold mask),train,NCI-H2170,50-149,94,87,7,-7,95,88
ecCount (threshold mask),train,NCI-H2170,50-149,95,91,4,-4,96,92
ecCount (threshold mask),train,NCI-H2170,50-149,95,80,15,-15,96,81
ecCount (threshold mask),train,NCI-H2170,50-149,96,79,17,-17,97,80
ecCount (threshold mask),train,NCI-H2170,50-149,96,96,0,0,97,97
ecCount (threshold mask),test,NCI-H2170,50-149,96,89,7,-7,97,90
ecCount (threshold mask),val,NCI-H2170,50-149,96,89,7,-7,97,90
ecCount (threshold mask),train,NCI-H2170,50-149,96,93,3,-3,97,94
ecCount (threshold mask),train,NCI-H2170,50-149,97,98,1,1,98,99
ecCount (threshold mask),train,NCI-H2170,50-149,97,125,28,28,98,126
ecCount (threshold mask),train,NCI-H2170,50-149,97,98,1,1,98,99
ecCount (threshold mask),test,NCI-H2170,50-149,97,83,14,-14,98,84
ecCount (threshold mask),train,NCI-H2170,50-149,97,102,5,5,98,103
ecCount (threshold mask),train,NCI-H2170,50-149,97,94,3,-3,98,95
ecCount (threshold mask),val,SNU16,50-149,97,91,6,-6,98,92
ecCount (threshold mask),train,SNU16,50-149,97,100,3,3,98,101
ecCount (threshold mask),train,NCI-H2170,50-149,98,87,11,-11,99,88
ecCount (threshold mask),train,NCI-H2170,50-149,98,107,9,9,99,108
ecCount (threshold mask),train,NCI-H2170,50-149,98,101,3,3,99,102
ecCount (threshold mask),train,NCI-H2170,50-149,98,93,5,-5,99,94
ecCount (threshold mask),train,NCI-H2170,50-149,99,106,7,7,100,107
ecCount (threshold mask),train,NCI-H2170,50-149,99,85,14,-14,100,86
ecCount (threshold mask),train,NCI-H2170,50-149,99,102,3,3,100,103
ecCount (threshold mask),train,NCI-H2170,50-149,99,104,5,5,100,105
ecCount (threshold mask),train,NCI-H2170,50-149,99,88,11,-11,100,89
ecCount (threshold mask),train,NCI-H2170,50-149,99,106,7,7,100,107
ecCount (threshold mask),train,NCI-H2170,50-149,99,88,11,-11,100,89
ecCount (threshold mask),train,NCI-H2170,50-149,99,83,16,-16,100,84
ecCount (threshold mask),train,NCI-H2170,50-149,99,86,13,-13,100,87
ecCount (threshold mask),train,NCI-H2170,50-149,100,103,3,3,101,104
ecCount (threshold mask),train,COLO320DM,50-149,101,84,17,-17,102,85
ecCount (threshold mask),train,NCI-H2170,50-149,101,96,5,-5,102,97
ecCount (threshold mask),train,NCI-H2170,50-149,101,86,15,-15,102,87
ecCount (threshold mask),test,NCI-H2170,50-149,101,100,1,-1,102,101
ecCount (threshold mask),train,NCI-H2170,50-149,101,79,22,-22,102,80
ecCount (threshold mask),train,NCI-H2170,50-149,101,90,11,-11,102,91
ecCount (threshold mask),train,NCI-H2170,50-149,101,91,10,-10,102,92
ecCount (threshold mask),test,NCI-H716,50-149,101,107,6,6,102,108
ecCount (threshold mask),train,SNU16,50-149,101,122,21,21,102,123
ecCount (threshold mask),train,SNU16,50-149,101,96,5,-5,102,97
ecCount (threshold mask),test,NCI-H2170,50-149,102,90,12,-12,103,91
ecCount (threshold mask),train,NCI-H2170,50-149,102,108,6,6,103,109
ecCount (threshold mask),val,NCI-H2170,50-149,102,90,12,-12,103,91
ecCount (threshold mask),train,NCI-H2170,50-149,102,92,10,-10,103,93
ecCount (threshold mask),val,NCI-H2170,50-149,102,88,14,-14,103,89
ecCount (threshold mask),test,NCI-H2170,50-149,103,95,8,-8,104,96
ecCount (threshold mask),val,NCI-H2170,50-149,103,97,6,-6,104,98
ecCount (threshold mask),test,NCI-H2170,50-149,103,75,28,-28,104,76
ecCount (threshold mask),val,NCI-H2170,50-149,103,108,5,5,104,109
ecCount (threshold mask),train,NCI-H2170,50-149,103,93,10,-10,104,94
ecCount (threshold mask),train,NCI-H2170,50-149,103,107,4,4,104,108
ecCount (threshold mask),train,NCI-H2170,50-149,104,105,1,1,105,106
ecCount (threshold mask),train,NCI-H2170,50-149,104,125,21,21,105,126
ecCount (threshold mask),val,NCI-H2170,50-149,104,67,37,-37,105,68
ecCount (threshold mask),train,NCI-H2170,50-149,105,106,1,1,106,107
ecCount (threshold mask),train,NCI-H2170,50-149,105,116,11,11,106,117
ecCount (threshold mask),val,NCI-H2170,50-149,105,108,3,3,106,109
ecCount (threshold mask),train,NCI-H2170,50-149,105,106,1,1,106,107
ecCount (threshold mask),train,NCI-H2170,50-149,105,88,17,-17,106,89
ecCount (threshold mask),test,NCI-H2170,50-149,105,104,1,-1,106,105
ecCount (threshold mask),train,SNU16,50-149,105,87,18,-18,106,88
ecCount (threshold mask),train,NCI-H2170,50-149,106,98,8,-8,107,99
ecCount (threshold mask),train,NCI-H2170,50-149,106,103,3,-3,107,104
ecCount (threshold mask),train,NCI-H2170,50-149,106,118,12,12,107,119
ecCount (threshold mask),val,NCI-H2170,50-149,106,107,1,1,107,108
ecCount (threshold mask),test,COLO320DM,50-149,107,98,9,-9,108,99
ecCount (threshold mask),train,NCI-H2170,50-149,107,105,2,-2,108,106
ecCount (threshold mask),val,NCI-H2170,50-149,107,96,11,-11,108,97
ecCount (threshold mask),train,NCI-H2170,50-149,107,105,2,-2,108,106
ecCount (threshold mask),train,NCI-H2170,50-149,107,134,27,27,108,135
ecCount (threshold mask),test,NCI-H2170,50-149,107,95,12,-12,108,96
ecCount (threshold mask),train,NCI-H2170,50-149,107,101,6,-6,108,102
ecCount (threshold mask),train,NCI-H2170,50-149,108,83,25,-25,109,84
ecCount (threshold mask),val,NCI-H2170,50-149,108,108,0,0,109,109
ecCount (threshold mask),train,NCI-H2170,50-149,109,85,24,-24,110,86
ecCount (threshold mask),train,NCI-H2170,50-149,109,116,7,7,110,117
ecCount (threshold mask),train,NCI-H2170,50-149,109,102,7,-7,110,103
ecCount (threshold mask),test,NCI-H2170,50-149,110,87,23,-23,111,88
ecCount (threshold mask),val,NCI-H2170,50-149,110,100,10,-10,111,101
ecCount (threshold mask),val,NCI-H2170,50-149,110,110,0,0,111,111
ecCount (threshold mask),train,NCI-H2170,50-149,110,91,19,-19,111,92
ecCount (threshold mask),val,NCI-H2170,50-149,110,103,7,-7,111,104
ecCount (threshold mask),train,NCI-H2170,50-149,110,90,20,-20,111,91
ecCount (threshold mask),test,NCI-H716,50-149,110,113,3,3,111,114
ecCount (threshold mask),train,SNU16,50-149,110,117,7,7,111,118
ecCount (threshold mask),train,NCI-H2170,50-149,111,95,16,-16,112,96
ecCount (threshold mask),train,NCI-H2170,50-149,111,150,39,39,112,151
ecCount (threshold mask),train,NCI-H2170,50-149,111,107,4,-4,112,108
ecCount (threshold mask),train,NCI-H2170,50-149,111,96,15,-15,112,97
ecCount (threshold mask),train,SNU16,50-149,111,111,0,0,112,112
ecCount (threshold mask),train,NCI-H2170,50-149,112,106,6,-6,113,107
ecCount (threshold mask),train,NCI-H2170,50-149,112,104,8,-8,113,105
ecCount (threshold mask),train,SNU16,50-149,112,130,18,18,113,131
ecCount (threshold mask),train,NCI-H2170,50-149,113,120,7,7,114,121
ecCount (threshold mask),val,NCI-H2170,50-149,113,117,4,4,114,118
ecCount (threshold mask),train,NCI-H2170,50-149,114,109,5,-5,115,110
ecCount (threshold mask),train,NCI-H2170,50-149,114,122,8,8,115,123
ecCount (threshold mask),train,NCI-H2170,50-149,115,108,7,-7,116,109
ecCount (threshold mask),train,NCI-H2170,50-149,115,101,14,-14,116,102
ecCount (threshold mask),val,NCI-H2170,50-149,115,104,11,-11,116,105
ecCount (threshold mask),train,NCI-H2170,50-149,115,118,3,3,116,119
ecCount (threshold mask),train,NCI-H2170,50-149,115,134,19,19,116,135
ecCount (threshold mask),train,NCI-H2170,50-149,115,121,6,6,116,122
ecCount (threshold mask),train,NCI-H2170,50-149,116,110,6,-6,117,111
ecCount (threshold mask),train,NCI-H2170,50-149,116,117,1,1,117,118
ecCount (threshold mask),test,NCI-H2170,50-149,116,112,4,-4,117,113
ecCount (threshold mask),train,NCI-H2170,50-149,116,107,9,-9,117,108
ecCount (threshold mask),train,NCI-H716,50-149,116,110,6,-6,117,111
ecCount (threshold mask),train,NCI-H2170,50-149,117,127,10,10,118,128
ecCount (threshold mask),train,NCI-H2170,50-149,117,139,22,22,118,140
ecCount (threshold mask),train,NCI-H2170,50-149,117,129,12,12,118,130
ecCount (threshold mask),train,NCI-H2170,50-149,118,103,15,-15,119,104
ecCount (threshold mask),train,SNU16,50-149,118,115,3,-3,119,116
ecCount (threshold mask),train,NCI-H2170,50-149,119,118,1,-1,120,119
ecCount (threshold mask),train,NCI-H2170,50-149,119,110,9,-9,120,111
ecCount (threshold mask),test,NCI-H2170,50-149,119,114,5,-5,120,115
ecCount (threshold mask),train,NCI-H2170,50-149,119,117,2,-2,120,118
ecCount (threshold mask),train,NCI-H2170,50-149,120,123,3,3,121,124
ecCount (threshold mask),train,NCI-H2170,50-149,120,93,27,-27,121,94
ecCount (threshold mask),train,NCI-H2170,50-149,120,90,30,-30,121,91
ecCount (threshold mask),train,NCI-H716,50-149,120,134,14,14,121,135
ecCount (threshold mask),val,NCI-H2170,50-149,121,116,5,-5,122,117
ecCount (threshold mask),train,NCI-H2170,50-149,121,99,22,-22,122,100
ecCount (threshold mask),train,NCI-H2170,50-149,121,124,3,3,122,125
ecCount (threshold mask),train,NCI-H2170,50-149,121,114,7,-7,122,115
ecCount (threshold mask),train,NCI-H2170,50-149,121,119,2,-2,122,120
ecCount (threshold mask),train,NCI-H2170,50-149,122,122,0,0,123,123
ecCount (threshold mask),train,NCI-H2170,50-149,122,115,7,-7,123,116
ecCount (threshold mask),train,NCI-H2170,50-149,122,120,2,-2,123,121
ecCount (threshold mask),train,NCI-H2170,50-149,122,94,28,-28,123,95
ecCount (threshold mask),train,NCI-H2170,50-149,123,114,9,-9,124,115
ecCount (threshold mask),train,NCI-H2170,50-149,123,109,14,-14,124,110
ecCount (threshold mask),val,NCI-H2170,50-149,123,104,19,-19,124,105
ecCount (threshold mask),val,NCI-H2170,50-149,123,110,13,-13,124,111
ecCount (threshold mask),train,SNU16,50-149,123,109,14,-14,124,110
ecCount (threshold mask),train,NCI-H2170,50-149,124,122,2,-2,125,123
ecCount (threshold mask),test,NCI-H2170,50-149,124,125,1,1,125,126
ecCount (threshold mask),train,NCI-H2170,50-149,124,115,9,-9,125,116
ecCount (threshold mask),train,NCI-H2170,50-149,124,119,5,-5,125,120
ecCount (threshold mask),train,SNU16,50-149,124,89,35,-35,125,90
ecCount (threshold mask),val,NCI-H2170,50-149,125,122,3,-3,126,123
ecCount (threshold mask),train,NCI-H2170,50-149,125,131,6,6,126,132
ecCount (threshold mask),train,NCI-H2170,50-149,125,123,2,-2,126,124
ecCount (threshold mask),train,NCI-H2170,50-149,125,141,16,16,126,142
ecCount (threshold mask),train,NCI-H2170,50-149,125,110,15,-15,126,111
ecCount (threshold mask),train,NCI-H2170,50-149,125,112,13,-13,126,113
ecCount (threshold mask),train,NCI-H2170,50-149,125,111,14,-14,126,112
ecCount (threshold mask),test,SNU16,50-149,125,109,16,-16,126,110
ecCount (threshold mask),train,NCI-H2170,50-149,126,127,1,1,127,128
ecCount (threshold mask),test,NCI-H2170,50-149,126,141,15,15,127,142
ecCount (threshold mask),test,NCI-H2170,50-149,126,70,56,-56,127,71
ecCount (threshold mask),train,NCI-H2170,50-149,127,126,1,-1,128,127
ecCount (threshold mask),train,NCI-H2170,50-149,127,99,28,-28,128,100
ecCount (threshold mask),train,NCI-H716,50-149,127,125,2,-2,128,126
ecCount (threshold mask),train,NCI-H2170,50-149,128,147,19,19,129,148
ecCount (threshold mask),train,NCI-H2170,50-149,128,138,10,10,129,139
ecCount (threshold mask),train,NCI-H2170,50-149,128,110,18,-18,129,111
ecCount (threshold mask),train,NCI-H716,50-149,128,140,12,12,129,141
ecCount (threshold mask),val,NCI-H2170,50-149,129,140,11,11,130,141
ecCount (threshold mask),train,NCI-H2170,50-149,129,122,7,-7,130,123
ecCount (threshold mask),train,NCI-H716,50-149,129,133,4,4,130,134
ecCount (threshold mask),train,NCI-H2170,50-149,130,129,1,-1,131,130
ecCount (threshold mask),train,NCI-H2170,50-149,130,127,3,-3,131,128
ecCount (threshold mask),train,NCI-H2170,50-149,130,123,7,-7,131,124
ecCount (threshold mask),train,NCI-H2170,50-149,131,119,12,-12,132,120
ecCount (threshold mask),train,NCI-H2170,50-149,131,122,9,-9,132,123
ecCount (threshold mask),train,NCI-H716,50-149,131,148,17,17,132,149
ecCount (threshold mask),train,NCI-H716,50-149,131,157,26,26,132,158
ecCount (threshold mask),train,NCI-H2170,50-149,132,153,21,21,133,154
ecCount (threshold mask),train,NCI-H2170,50-149,132,137,5,5,133,138
ecCount (threshold mask),train,NCI-H2170,50-149,132,111,21,-21,133,112
ecCount (threshold mask),test,NCI-H2170,50-149,132,170,38,38,133,171
ecCount (threshold mask),train,NCI-H2170,50-149,132,81,51,-51,133,82
ecCount (threshold mask),train,NCI-H2170,50-149,132,124,8,-8,133,125
ecCount (threshold mask),val,NCI-H716,50-149,132,115,17,-17,133,116
ecCount (threshold mask),train,NCI-H716,50-149,132,130,2,-2,133,131
ecCount (threshold mask),train,NCI-H716,50-149,132,129,3,-3,133,130
ecCount (threshold mask),train,NCI-H2170,50-149,133,139,6,6,134,140
ecCount (threshold mask),train,NCI-H2170,50-149,133,141,8,8,134,142
ecCount (threshold mask),train,NCI-H2170,50-149,133,148,15,15,134,149
ecCount (threshold mask),train,NCI-H2170,50-149,134,115,19,-19,135,116
ecCount (threshold mask),val,NCI-H2170,50-149,134,89,45,-45,135,90
ecCount (threshold mask),train,NCI-H716,50-149,134,143,9,9,135,144
ecCount (threshold mask),train,NCI-H2170,50-149,135,161,26,26,136,162
ecCount (threshold mask),train,NCI-H2170,50-149,135,110,25,-25,136,111
ecCount (threshold mask),train,NCI-H2170,50-149,135,135,0,0,136,136
ecCount (threshold mask),test,NCI-H2170,50-149,135,127,8,-8,136,128
ecCount (threshold mask),train,NCI-H716,50-149,135,141,6,6,136,142
ecCount (threshold mask),train,NCI-H716,50-149,135,123,12,-12,136,124
ecCount (threshold mask),train,NCI-H2170,50-149,136,137,1,1,137,138
ecCount (threshold mask),train,NCI-H2170,50-149,136,80,56,-56,137,81
ecCount (threshold mask),train,NCI-H2170,50-149,137,121,16,-16,138,122
ecCount (threshold mask),train,NCI-H716,50-149,137,146,9,9,138,147
ecCount (threshold mask),train,NCI-H2170,50-149,138,134,4,-4,139,135
ecCount (threshold mask),test,NCI-H2170,50-149,138,127,11,-11,139,128
ecCount (threshold mask),train,NCI-H2170,50-149,138,120,18,-18,139,121
ecCount (threshold mask),train,NCI-H2170,50-149,138,137,1,-1,139,138
ecCount (threshold mask),train,NCI-H2170,50-149,139,135,4,-4,140,136
ecCount (threshold mask),val,NCI-H2170,50-149,139,137,2,-2,140,138
ecCount (threshold mask),test,NCI-H2170,50-149,139,139,0,0,140,140
ecCount (threshold mask),train,NCI-H2170,50-149,139,142,3,3,140,143
ecCount (threshold mask),test,NCI-H716,50-149,139,122,17,-17,140,123
ecCount (threshold mask),test,SNU16,50-149,140,135,5,-5,141,136
ecCount (threshold mask),train,NCI-H2170,50-149,141,117,24,-24,142,118
ecCount (threshold mask),val,NCI-H2170,50-149,141,138,3,-3,142,139
ecCount (threshold mask),val,NCI-H2170,50-149,141,149,8,8,142,150
ecCount (threshold mask),train,NCI-H2170,50-149,141,123,18,-18,142,124
ecCount (threshold mask),train,SNU16,50-149,141,139,2,-2,142,140
ecCount (threshold mask),train,SNU16,50-149,141,138,3,-3,142,139
ecCount (threshold mask),train,NCI-H2170,50-149,142,145,3,3,143,146
ecCount (threshold mask),test,NCI-H2170,50-149,142,113,29,-29,143,114
ecCount (threshold mask),train,NCI-H2170,50-149,142,141,1,-1,143,142
ecCount (threshold mask),train,NCI-H2170,50-149,142,138,4,-4,143,139
ecCount (threshold mask),train,NCI-H2170,50-149,142,151,9,9,143,152
ecCount (threshold mask),train,NCI-H2170,50-149,142,135,7,-7,143,136
ecCount (threshold mask),train,SNU16,50-149,142,144,2,2,143,145
ecCount (threshold mask),val,COLO320DM,50-149,143,143,0,0,144,144
ecCount (threshold mask),train,NCI-H2170,50-149,143,109,34,-34,144,110
ecCount (threshold mask),train,NCI-H2170,50-149,143,141,2,-2,144,142
ecCount (threshold mask),val,NCI-H2170,50-149,143,133,10,-10,144,134
ecCount (threshold mask),train,NCI-H2170,50-149,143,116,27,-27,144,117
ecCount (threshold mask),train,NCI-H2170,50-149,143,127,16,-16,144,128
ecCount (threshold mask),train,COLO320DM,50-149,144,137,7,-7,145,138
ecCount (threshold mask),val,NCI-H716,50-149,144,144,0,0,145,145
ecCount (threshold mask),train,NCI-H716,50-149,144,153,9,9,145,154
ecCount (threshold mask),train,SNU16,50-149,144,131,13,-13,145,132
ecCount (threshold mask),train,SNU16,50-149,144,116,28,-28,145,117
ecCount (threshold mask),train,NCI-H2170,50-149,145,133,12,-12,146,134
ecCount (threshold mask),val,NCI-H2170,50-149,145,120,25,-25,146,121
ecCount (threshold mask),train,NCI-H2170,50-149,145,112,33,-33,146,113
ecCount (threshold mask),train,NCI-H2170,50-149,146,154,8,8,147,155
ecCount (threshold mask),train,NCI-H2170,50-149,146,125,21,-21,147,126
ecCount (threshold mask),train,NCI-H2170,50-149,146,143,3,-3,147,144
ecCount (threshold mask),train,NCI-H2170,50-149,147,132,15,-15,148,133
ecCount (threshold mask),train,NCI-H2170,50-149,147,132,15,-15,148,133
ecCount (threshold mask),val,NCI-H2170,50-149,147,159,12,12,148,160
ecCount (threshold mask),train,NCI-H2170,50-149,147,130,17,-17,148,131
ecCount (threshold mask),val,NCI-H2170,50-149,147,126,21,-21,148,127
ecCount (threshold mask),test,NCI-H2170,50-149,148,140,8,-8,149,141
ecCount (threshold mask),val,NCI-H2170,50-149,148,140,8,-8,149,141
ecCount (threshold mask),train,NCI-H2170,50-149,148,146,2,-2,149,147
ecCount (threshold mask),val,NCI-H2170,50-149,148,148,0,0,149,149
ecCount (threshold mask),val,NCI-H716,50-149,148,152,4,4,149,153
ecCount (threshold mask),train,SNU16,50-149,148,126,22,-22,149,127
ecCount (threshold mask),train,NCI-H2170,50-149,149,134,15,-15,150,135
ecCount (threshold mask),train,NCI-H2170,50-149,149,128,21,-21,150,129
ecCount (threshold mask),train,NCI-H2170,150-299,150,124,26,-26,151,125
ecCount (threshold mask),train,NCI-H2170,150-299,150,148,2,-2,151,149
ecCount (threshold mask),train,NCI-H2170,150-299,150,142,8,-8,151,143
ecCount (threshold mask),val,NCI-H2170,150-299,150,123,27,-27,151,124
ecCount (threshold mask),train,NCI-H2170,150-299,150,135,15,-15,151,136
ecCount (threshold mask),test,NCI-H716,150-299,150,171,21,21,151,172
ecCount (threshold mask),test,SNU16,150-299,150,154,4,4,151,155
ecCount (threshold mask),val,NCI-H2170,150-299,151,155,4,4,152,156
ecCount (threshold mask),train,NCI-H2170,150-299,151,132,19,-19,152,133
ecCount (threshold mask),test,NCI-H2170,150-299,151,118,33,-33,152,119
ecCount (threshold mask),train,SNU16,150-299,151,135,16,-16,152,136
ecCount (threshold mask),train,NCI-H2170,150-299,152,129,23,-23,153,130
ecCount (threshold mask),train,NCI-H2170,150-299,152,156,4,4,153,157
ecCount (threshold mask),val,NCI-H2170,150-299,152,156,4,4,153,157
ecCount (threshold mask),train,NCI-H2170,150-299,152,138,14,-14,153,139
ecCount (threshold mask),val,NCI-H2170,150-299,152,140,12,-12,153,141
ecCount (threshold mask),train,NCI-H2170,150-299,152,119,33,-33,153,120
ecCount (threshold mask),val,NCI-H716,150-299,152,146,6,-6,153,147
ecCount (threshold mask),train,NCI-H2170,150-299,153,149,4,-4,154,150
ecCount (threshold mask),train,NCI-H2170,150-299,153,155,2,2,154,156
ecCount (threshold mask),val,NCI-H2170,150-299,153,140,13,-13,154,141
ecCount (threshold mask),train,NCI-H2170,150-299,153,151,2,-2,154,152
ecCount (threshold mask),train,NCI-H2170,150-299,153,144,9,-9,154,145
ecCount (threshold mask),train,NCI-H2170,150-299,154,147,7,-7,155,148
ecCount (threshold mask),train,NCI-H2170,150-299,155,139,16,-16,156,140
ecCount (threshold mask),train,NCI-H2170,150-299,156,91,65,-65,157,92
ecCount (threshold mask),val,NCI-H2170,150-299,156,148,8,-8,157,149
ecCount (threshold mask),val,NCI-H2170,150-299,157,160,3,3,158,161
ecCount (threshold mask),val,NCI-H2170,150-299,157,151,6,-6,158,152
ecCount (threshold mask),train,NCI-H2170,150-299,157,156,1,-1,158,157
ecCount (threshold mask),train,NCI-H2170,150-299,157,177,20,20,158,178
ecCount (threshold mask),train,SNU16,150-299,157,158,1,1,158,159
ecCount (threshold mask),val,NCI-H2170,150-299,158,152,6,-6,159,153
ecCount (threshold mask),val,NCI-H2170,150-299,158,169,11,11,159,170
ecCount (threshold mask),test,SNU16,150-299,158,124,34,-34,159,125
ecCount (threshold mask),val,NCI-H2170,150-299,159,166,7,7,160,167
ecCount (threshold mask),test,NCI-H2170,150-299,159,158,1,-1,160,159
ecCount (threshold mask),train,NCI-H2170,150-299,159,156,3,-3,160,157
ecCount (threshold mask),train,NCI-H2170,150-299,160,128,32,-32,161,129
ecCount (threshold mask),val,NCI-H2170,150-299,160,207,47,47,161,208
ecCount (threshold mask),val,NCI-H2170,150-299,160,157,3,-3,161,158
ecCount (threshold mask),train,NCI-H2170,150-299,160,149,11,-11,161,150
ecCount (threshold mask),train,NCI-H2170,150-299,161,139,22,-22,162,140
ecCount (threshold mask),val,SNU16,150-299,161,163,2,2,162,164
ecCount (threshold mask),train,NCI-H2170,150-299,162,169,7,7,163,170
ecCount (threshold mask),train,NCI-H2170,150-299,162,164,2,2,163,165
ecCount (threshold mask),train,NCI-H2170,150-299,163,159,4,-4,164,160
ecCount (threshold mask),train,NCI-H2170,150-299,163,150,13,-13,164,151
ecCount (threshold mask),train,NCI-H2170,150-299,163,150,13,-13,164,151
ecCount (threshold mask),test,NCI-H716,150-299,163,184,21,21,164,185
ecCount (threshold mask),train,NCI-H716,150-299,163,168,5,5,164,169
ecCount (threshold mask),test,NCI-H2170,150-299,164,162,2,-2,165,163
ecCount (threshold mask),train,NCI-H2170,150-299,164,158,6,-6,165,159
ecCount (threshold mask),train,NCI-H2170,150-299,165,162,3,-3,166,163
ecCount (threshold mask),train,NCI-H2170,150-299,165,154,11,-11,166,155
ecCount (threshold mask),train,NCI-H2170,150-299,166,138,28,-28,167,139
ecCount (threshold mask),train,NCI-H2170,150-299,166,137,29,-29,167,138
ecCount (threshold mask),val,NCI-H716,150-299,166,158,8,-8,167,159
ecCount (threshold mask),val,NCI-H716,150-299,166,169,3,3,167,170
ecCount (threshold mask),test,NCI-H716,150-299,166,163,3,-3,167,164
ecCount (threshold mask),test,SNU16,150-299,166,156,10,-10,167,157
ecCount (threshold mask),train,NCI-H2170,150-299,167,154,13,-13,168,155
ecCount (threshold mask),train,NCI-H2170,150-299,167,171,4,4,168,172
ecCount (threshold mask),train,NCI-H2170,150-299,168,111,57,-57,169,112
ecCount (threshold mask),val,NCI-H2170,150-299,168,137,31,-31,169,138
ecCount (threshold mask),train,NCI-H2170,150-299,168,156,12,-12,169,157
ecCount (threshold mask),train,NCI-H2170,150-299,168,160,8,-8,169,161
ecCount (threshold mask),test,NCI-H2170,150-299,169,200,31,31,170,201
ecCount (threshold mask),val,NCI-H716,150-299,169,172,3,3,170,173
ecCount (threshold mask),train,NCI-H2170,150-299,170,168,2,-2,171,169
ecCount (threshold mask),train,NCI-H2170,150-299,170,169,1,-1,171,170
ecCount (threshold mask),test,NCI-H2170,150-299,170,159,11,-11,171,160
ecCount (threshold mask),train,SNU16,150-299,170,166,4,-4,171,167
ecCount (threshold mask),test,NCI-H716,150-299,171,143,28,-28,172,144
ecCount (threshold mask),train,NCI-H2170,150-299,172,180,8,8,173,181
ecCount (threshold mask),train,NCI-H716,150-299,172,170,2,-2,173,171
ecCount (threshold mask),train,NCI-H716,150-299,172,159,13,-13,173,160
ecCount (threshold mask),train,SNU16,150-299,172,156,16,-16,173,157
ecCount (threshold mask),train,NCI-H2170,150-299,173,172,1,-1,174,173
ecCount (threshold mask),val,NCI-H2170,150-299,173,139,34,-34,174,140
ecCount (threshold mask),test,NCI-H2170,150-299,174,182,8,8,175,183
ecCount (threshold mask),train,NCI-H2170,150-299,174,184,10,10,175,185
ecCount (threshold mask),test,NCI-H2170,150-299,174,151,23,-23,175,152
ecCount (threshold mask),val,SNU16,150-299,174,206,32,32,175,207
ecCount (threshold mask),test,NCI-H2170,150-299,175,169,6,-6,176,170
ecCount (threshold mask),train,NCI-H2170,150-299,175,220,45,45,176,221
ecCount (threshold mask),test,NCI-H2170,150-299,175,127,48,-48,176,128
ecCount (threshold mask),train,NCI-H2170,150-299,176,144,32,-32,177,145
ecCount (threshold mask),train,NCI-H716,150-299,176,173,3,-3,177,174
ecCount (threshold mask),train,NCI-H2170,150-299,177,145,32,-32,178,146
ecCount (threshold mask),train,NCI-H2170,150-299,177,153,24,-24,178,154
ecCount (threshold mask),val,NCI-H2170,150-299,177,167,10,-10,178,168
ecCount (threshold mask),train,NCI-H2170,150-299,177,160,17,-17,178,161
ecCount (threshold mask),train,NCI-H716,150-299,177,170,7,-7,178,171
ecCount (threshold mask),test,SNU16,150-299,177,213,36,36,178,214
ecCount (threshold mask),train,NCI-H2170,150-299,178,198,20,20,179,199
ecCount (threshold mask),test,NCI-H2170,150-299,178,166,12,-12,179,167
ecCount (threshold mask),train,NCI-H716,150-299,178,223,45,45,179,224
ecCount (threshold mask),train,SNU16,150-299,178,163,15,-15,179,164
ecCount (threshold mask),train,NCI-H2170,150-299,179,195,16,16,180,196
ecCount (threshold mask),test,NCI-H2170,150-299,179,170,9,-9,180,171
ecCount (threshold mask),train,NCI-H2170,150-299,179,156,23,-23,180,157
ecCount (threshold mask),train,NCI-H2170,150-299,179,165,14,-14,180,166
ecCount (threshold mask),train,NCI-H716,150-299,179,169,10,-10,180,170
ecCount (threshold mask),train,NCI-H716,150-299,179,170,9,-9,180,171
ecCount (threshold mask),train,NCI-H2170,150-299,180,162,18,-18,181,163
ecCount (threshold mask),test,NCI-H2170,150-299,180,176,4,-4,181,177
ecCount (threshold mask),train,NCI-H2170,150-299,180,147,33,-33,181,148
ecCount (threshold mask),train,NCI-H2170,150-299,180,165,15,-15,181,166
ecCount (threshold mask),val,NCI-H2170,150-299,181,193,12,12,182,194
ecCount (threshold mask),train,NCI-H2170,150-299,181,175,6,-6,182,176
ecCount (threshold mask),train,NCI-H2170,150-299,181,176,5,-5,182,177
ecCount (threshold mask),train,NCI-H2170,150-299,181,177,4,-4,182,178
ecCount (threshold mask),train,NCI-H2170,150-299,181,190,9,9,182,191
ecCount (threshold mask),train,NCI-H2170,150-299,181,199,18,18,182,200
ecCount (threshold mask),train,NCI-H716,150-299,181,171,10,-10,182,172
ecCount (threshold mask),train,SNU16,150-299,181,159,22,-22,182,160
ecCount (threshold mask),test,NCI-H2170,150-299,182,174,8,-8,183,175
ecCount (threshold mask),test,NCI-H2170,150-299,182,279,97,97,183,280
ecCount (threshold mask),train,NCI-H2170,150-299,182,173,9,-9,183,174
ecCount (threshold mask),train,NCI-H716,150-299,182,198,16,16,183,199
ecCount (threshold mask),val,NCI-H2170,150-299,183,148,35,-35,184,149
ecCount (threshold mask),train,NCI-H2170,150-299,183,125,58,-58,184,126
ecCount (threshold mask),test,SNU16,150-299,183,195,12,12,184,196
ecCount (threshold mask),train,NCI-H2170,150-299,184,177,7,-7,185,178
ecCount (threshold mask),test,NCI-H2170,150-299,184,211,27,27,185,212
ecCount (threshold mask),train,NCI-H2170,150-299,184,168,16,-16,185,169
ecCount (threshold mask),test,NCI-H2170,150-299,184,174,10,-10,185,175
ecCount (threshold mask),train,NCI-H2170,150-299,184,164,20,-20,185,165
ecCount (threshold mask),train,NCI-H2170,150-299,185,153,32,-32,186,154
ecCount (threshold mask),train,NCI-H2170,150-299,185,145,40,-40,186,146
ecCount (threshold mask),test,NCI-H716,150-299,185,205,20,20,186,206
ecCount (threshold mask),train,NCI-H2170,150-299,186,185,1,-1,187,186
ecCount (threshold mask),train,NCI-H2170,150-299,186,186,0,0,187,187
ecCount (threshold mask),test,NCI-H2170,150-299,186,200,14,14,187,201
ecCount (threshold mask),train,NCI-H2170,150-299,186,168,18,-18,187,169
ecCount (threshold mask),train,NCI-H2170,150-299,187,199,12,12,188,200
ecCount (threshold mask),test,NCI-H2170,150-299,187,172,15,-15,188,173
ecCount (threshold mask),val,NCI-H2170,150-299,188,196,8,8,189,197
ecCount (threshold mask),train,NCI-H2170,150-299,188,205,17,17,189,206
ecCount (threshold mask),train,NCI-H2170,150-299,189,111,78,-78,190,112
ecCount (threshold mask),test,NCI-H2170,150-299,189,191,2,2,190,192
ecCount (threshold mask),val,SNU16,150-299,189,175,14,-14,190,176
ecCount (threshold mask),train,NCI-H2170,150-299,190,163,27,-27,191,164
ecCount (threshold mask),train,NCI-H2170,150-299,190,178,12,-12,191,179
ecCount (threshold mask),train,SNU16,150-299,190,189,1,-1,191,190
ecCount (threshold mask),train,NCI-H2170,150-299,191,201,10,10,192,202
ecCount (threshold mask),train,NCI-H2170,150-299,191,139,52,-52,192,140
ecCount (threshold mask),val,NCI-H2170,150-299,191,184,7,-7,192,185
ecCount (threshold mask),test,NCI-H2170,150-299,191,197,6,6,192,198
ecCount (threshold mask),train,NCI-H2170,150-299,191,184,7,-7,192,185
ecCount (threshold mask),train,NCI-H716,150-299,191,203,12,12,192,204
ecCount (threshold mask),test,SNU16,150-299,191,167,24,-24,192,168
ecCount (threshold mask),test,NCI-H2170,150-299,192,191,1,-1,193,192
ecCount (threshold mask),val,NCI-H2170,150-299,192,175,17,-17,193,176
ecCount (threshold mask),val,NCI-H2170,150-299,192,168,24,-24,193,169
ecCount (threshold mask),train,NCI-H2170,150-299,193,171,22,-22,194,172
ecCount (threshold mask),test,NCI-H2170,150-299,193,159,34,-34,194,160
ecCount (threshold mask),test,SNU16,150-299,193,197,4,4,194,198
ecCount (threshold mask),train,NCI-H2170,150-299,194,191,3,-3,195,192
ecCount (threshold mask),train,NCI-H2170,150-299,194,148,46,-46,195,149
ecCount (threshold mask),train,NCI-H716,150-299,194,206,12,12,195,207
ecCount (threshold mask),val,NCI-H2170,150-299,195,146,49,-49,196,147
ecCount (threshold mask),train,NCI-H716,150-299,195,211,16,16,196,212
ecCount (threshold mask),train,NCI-H2170,150-299,196,136,60,-60,197,137
ecCount (threshold mask),val,NCI-H2170,150-299,196,181,15,-15,197,182
ecCount (threshold mask),train,NCI-H2170,150-299,197,192,5,-5,198,193
ecCount (threshold mask),train,NCI-H2170,150-299,197,192,5,-5,198,193
ecCount (threshold mask),train,NCI-H2170,150-299,197,194,3,-3,198,195
ecCount (threshold mask),train,NCI-H2170,150-299,199,198,1,-1,200,199
ecCount (threshold mask),train,NCI-H2170,150-299,199,156,43,-43,200,157
ecCount (threshold mask),train,NCI-H2170,150-299,200,153,47,-47,201,154
ecCount (threshold mask),train,NCI-H2170,150-299,201,221,20,20,202,222
ecCount (threshold mask),val,NCI-H2170,150-299,201,221,20,20,202,222
ecCount (threshold mask),val,NCI-H2170,150-299,201,197,4,-4,202,198
ecCount (threshold mask),train,NCI-H2170,150-299,201,178,23,-23,202,179
ecCount (threshold mask),test,NCI-H2170,150-299,202,177,25,-25,203,178
ecCount (threshold mask),train,NCI-H2170,150-299,202,158,44,-44,203,159
ecCount (threshold mask),val,NCI-H716,150-299,202,215,13,13,203,216
ecCount (threshold mask),val,NCI-H2170,150-299,203,183,20,-20,204,184
ecCount (threshold mask),train,NCI-H2170,150-299,203,171,32,-32,204,172
ecCount (threshold mask),train,SNU16,150-299,203,195,8,-8,204,196
ecCount (threshold mask),train,NCI-H2170,150-299,204,225,21,21,205,226
ecCount (threshold mask),train,NCI-H2170,150-299,205,222,17,17,206,223
ecCount (threshold mask),train,NCI-H2170,150-299,205,199,6,-6,206,200
ecCount (threshold mask),train,NCI-H2170,150-299,206,156,50,-50,207,157
ecCount (threshold mask),train,SNU16,150-299,206,188,18,-18,207,189
ecCount (threshold mask),train,NCI-H2170,150-299,207,195,12,-12,208,196
ecCount (threshold mask),train,NCI-H2170,150-299,207,199,8,-8,208,200
ecCount (threshold mask),train,NCI-H2170,150-299,207,202,5,-5,208,203
ecCount (threshold mask),val,NCI-H716,150-299,207,219,12,12,208,220
ecCount (threshold mask),train,SNU16,150-299,207,215,8,8,208,216
ecCount (threshold mask),train,NCI-H2170,150-299,209,197,12,-12,210,198
ecCount (threshold mask),train,NCI-H2170,150-299,209,216,7,7,210,217
ecCount (threshold mask),train,NCI-H2170,150-299,209,204,5,-5,210,205
ecCount (threshold mask),train,SNU16,150-299,209,171,38,-38,210,172
ecCount (threshold mask),train,NCI-H2170,150-299,210,193,17,-17,211,194
ecCount (threshold mask),val,NCI-H2170,150-299,210,198,12,-12,211,199
ecCount (threshold mask),train,NCI-H2170,150-299,210,197,13,-13,211,198
ecCount (threshold mask),train,NCI-H2170,150-299,210,187,23,-23,211,188
ecCount (threshold mask),test,NCI-H716,150-299,210,219,9,9,211,220
ecCount (threshold mask),train,NCI-H716,150-299,210,215,5,5,211,216
ecCount (threshold mask),train,NCI-H2170,150-299,211,174,37,-37,212,175
ecCount (threshold mask),train,NCI-H2170,150-299,211,156,55,-55,212,157
ecCount (threshold mask),train,NCI-H2170,150-299,211,217,6,6,212,218
ecCount (threshold mask),train,NCI-H2170,150-299,211,197,14,-14,212,198
ecCount (threshold mask),val,NCI-H2170,150-299,211,184,27,-27,212,185
ecCount (threshold mask),train,NCI-H716,150-299,211,221,10,10,212,222
ecCount (threshold mask),train,NCI-H716,150-299,211,203,8,-8,212,204
ecCount (threshold mask),val,NCI-H2170,150-299,212,206,6,-6,213,207
ecCount (threshold mask),train,NCI-H2170,150-299,212,208,4,-4,213,209
ecCount (threshold mask),train,NCI-H2170,150-299,212,178,34,-34,213,179
ecCount (threshold mask),train,SNU16,150-299,212,209,3,-3,213,210
ecCount (threshold mask),train,NCI-H2170,150-299,213,215,2,2,214,216
ecCount (threshold mask),train,NCI-H2170,150-299,213,57,156,-156,214,58
ecCount (threshold mask),val,NCI-H2170,150-299,213,205,8,-8,214,206
ecCount (threshold mask),train,NCI-H716,150-299,213,215,2,2,214,216
ecCount (threshold mask),test,SNU16,150-299,213,193,20,-20,214,194
ecCount (threshold mask),train,NCI-H2170,150-299,214,230,16,16,215,231
ecCount (threshold mask),val,NCI-H2170,150-299,214,210,4,-4,215,211
ecCount (threshold mask),val,NCI-H716,150-299,214,208,6,-6,215,209
ecCount (threshold mask),train,SNU16,150-299,214,191,23,-23,215,192
ecCount (threshold mask),train,NCI-H2170,150-299,215,206,9,-9,216,207
ecCount (threshold mask),train,NCI-H2170,150-299,216,185,31,-31,217,186
ecCount (threshold mask),test,NCI-H2170,150-299,217,212,5,-5,218,213
ecCount (threshold mask),train,NCI-H2170,150-299,217,197,20,-20,218,198
ecCount (threshold mask),train,NCI-H2170,150-299,219,224,5,5,220,225
ecCount (threshold mask),train,NCI-H2170,150-299,220,191,29,-29,221,192
ecCount (threshold mask),train,NCI-H2170,150-299,220,199,21,-21,221,200
ecCount (threshold mask),val,NCI-H2170,150-299,220,197,23,-23,221,198
ecCount (threshold mask),train,NCI-H2170,150-299,221,215,6,-6,222,216
ecCount (threshold mask),val,SNU16,150-299,221,214,7,-7,222,215
ecCount (threshold mask),train,SNU16,150-299,222,206,16,-16,223,207
ecCount (threshold mask),val,SNU16,150-299,222,109,113,-113,223,110
ecCount (threshold mask),val,NCI-H2170,150-299,223,221,2,-2,224,222
ecCount (threshold mask),test,NCI-H2170,150-299,223,227,4,4,224,228
ecCount (threshold mask),train,NCI-H2170,150-299,223,226,3,3,224,227
ecCount (threshold mask),train,NCI-H2170,150-299,223,185,38,-38,224,186
ecCount (threshold mask),test,NCI-H2170,150-299,223,185,38,-38,224,186
ecCount (threshold mask),train,NCI-H716,150-299,223,235,12,12,224,236
ecCount (threshold mask),train,SNU16,150-299,223,203,20,-20,224,204
ecCount (threshold mask),train,NCI-H2170,150-299,224,198,26,-26,225,199
ecCount (threshold mask),train,SNU16,150-299,224,199,25,-25,225,200
ecCount (threshold mask),test,NCI-H2170,150-299,225,212,13,-13,226,213
ecCount (threshold mask),train,SNU16,150-299,225,217,8,-8,226,218
ecCount (threshold mask),train,SNU16,150-299,225,230,5,5,226,231
ecCount (threshold mask),train,NCI-H2170,150-299,226,207,19,-19,227,208
ecCount (threshold mask),train,NCI-H2170,150-299,226,233,7,7,227,234
ecCount (threshold mask),train,NCI-H2170,150-299,226,224,2,-2,227,225
ecCount (threshold mask),train,NCI-H2170,150-299,226,212,14,-14,227,213
ecCount (threshold mask),train,NCI-H2170,150-299,226,232,6,6,227,233
ecCount (threshold mask),train,SNU16,150-299,227,205,22,-22,228,206
ecCount (threshold mask),val,NCI-H2170,150-299,228,199,29,-29,229,200
ecCount (threshold mask),train,NCI-H2170,150-299,228,202,26,-26,229,203
ecCount (threshold mask),train,NCI-H2170,150-299,228,197,31,-31,229,198
ecCount (threshold mask),train,SNU16,150-299,228,212,16,-16,229,213
ecCount (threshold mask),train,NCI-H2170,150-299,229,277,48,48,230,278
ecCount (threshold mask),test,NCI-H2170,150-299,229,240,11,11,230,241
ecCount (threshold mask),train,NCI-H2170,150-299,230,237,7,7,231,238
ecCount (threshold mask),train,SNU16,150-299,230,220,10,-10,231,221
ecCount (threshold mask),train,NCI-H2170,150-299,231,212,19,-19,232,213
ecCount (threshold mask),train,NCI-H716,150-299,231,236,5,5,232,237
ecCount (threshold mask),train,NCI-H2170,150-299,232,208,24,-24,233,209
ecCount (threshold mask),val,SNU16,150-299,232,214,18,-18,233,215
ecCount (threshold mask),test,NCI-H2170,150-299,233,218,15,-15,234,219
ecCount (threshold mask),val,NCI-H2170,150-299,233,185,48,-48,234,186
ecCount (threshold mask),train,NCI-H2170,150-299,233,217,16,-16,234,218
ecCount (threshold mask),train,NCI-H2170,150-299,233,221,12,-12,234,222
ecCount (threshold mask),train,NCI-H2170,150-299,235,239,4,4,236,240
ecCount (threshold mask),train,NCI-H2170,150-299,235,239,4,4,236,240
ecCount (threshold mask),train,NCI-H2170,150-299,235,204,31,-31,236,205
ecCount (threshold mask),test,NCI-H2170,150-299,235,217,18,-18,236,218
ecCount (threshold mask),train,NCI-H2170,150-299,236,205,31,-31,237,206
ecCount (threshold mask),train,NCI-H2170,150-299,236,219,17,-17,237,220
ecCount (threshold mask),train,NCI-H2170,150-299,236,201,35,-35,237,202
ecCount (threshold mask),val,NCI-H2170,150-299,236,189,47,-47,237,190
ecCount (threshold mask),test,NCI-H716,150-299,236,240,4,4,237,241
ecCount (threshold mask),test,NCI-H2170,150-299,237,224,13,-13,238,225
ecCount (threshold mask),val,NCI-H2170,150-299,237,215,22,-22,238,216
ecCount (threshold mask),val,SNU16,150-299,237,328,91,91,238,329
ecCount (threshold mask),train,NCI-H2170,150-299,238,250,12,12,239,251
ecCount (threshold mask),test,SNU16,150-299,238,212,26,-26,239,213
ecCount (threshold mask),val,SNU16,150-299,238,220,18,-18,239,221
ecCount (threshold mask),test,NCI-H2170,150-299,239,247,8,8,240,248
ecCount (threshold mask),train,NCI-H2170,150-299,239,239,0,0,240,240
ecCount (threshold mask),train,NCI-H2170,150-299,239,204,35,-35,240,205
ecCount (threshold mask),train,NCI-H2170,150-299,239,207,32,-32,240,208
ecCount (threshold mask),train,NCI-H716,150-299,239,253,14,14,240,254
ecCount (threshold mask),val,SNU16,150-299,239,213,26,-26,240,214
ecCount (threshold mask),train,NCI-H2170,150-299,240,249,9,9,241,250
ecCount (threshold mask),train,SNU16,150-299,241,222,19,-19,242,223
ecCount (threshold mask),train,SNU16,150-299,241,223,18,-18,242,224
ecCount (threshold mask),test,NCI-H2170,150-299,242,278,36,36,243,279
ecCount (threshold mask),train,NCI-H2170,150-299,242,213,29,-29,243,214
ecCount (threshold mask),train,SNU16,150-299,242,238,4,-4,243,239
ecCount (threshold mask),train,NCI-H2170,150-299,243,227,16,-16,244,228
ecCount (threshold mask),train,NCI-H2170,150-299,243,244,1,1,244,245
ecCount (threshold mask),train,NCI-H2170,150-299,244,234,10,-10,245,235
ecCount (threshold mask),train,NCI-H2170,150-299,244,238,6,-6,245,239
ecCount (threshold mask),train,SNU16,150-299,244,213,31,-31,245,214
ecCount (threshold mask),test,NCI-H2170,150-299,245,242,3,-3,246,243
ecCount (threshold mask),train,NCI-H2170,150-299,245,246,1,1,246,247
ecCount (threshold mask),train,NCI-H2170,150-299,245,246,1,1,246,247
ecCount (threshold mask),test,NCI-H2170,150-299,246,216,30,-30,247,217
ecCount (threshold mask),train,NCI-H2170,150-299,246,237,9,-9,247,238
ecCount (threshold mask),train,NCI-H2170,150-299,246,242,4,-4,247,243
ecCount (threshold mask),test,NCI-H2170,150-299,246,246,0,0,247,247
ecCount (threshold mask),train,NCI-H2170,150-299,246,257,11,11,247,258
ecCount (threshold mask),test,NCI-H2170,150-299,246,241,5,-5,247,242
ecCount (threshold mask),train,NCI-H2170,150-299,246,222,24,-24,247,223
ecCount (threshold mask),test,NCI-H2170,150-299,248,240,8,-8,249,241
ecCount (threshold mask),train,NCI-H2170,150-299,249,245,4,-4,250,246
ecCount (threshold mask),train,NCI-H2170,150-299,249,209,40,-40,250,210
ecCount (threshold mask),train,NCI-H2170,150-299,250,242,8,-8,251,243
ecCount (threshold mask),train,NCI-H2170,150-299,250,273,23,23,251,274
ecCount (threshold mask),train,NCI-H2170,150-299,250,246,4,-4,251,247
ecCount (threshold mask),train,NCI-H2170,150-299,250,208,42,-42,251,209
ecCount (threshold mask),test,NCI-H2170,150-299,251,251,0,0,252,252
ecCount (threshold mask),train,SNU16,150-299,251,252,1,1,252,253
ecCount (threshold mask),test,NCI-H2170,150-299,252,235,17,-17,253,236
ecCount (threshold mask),train,NCI-H2170,150-299,252,224,28,-28,253,225
ecCount (threshold mask),train,NCI-H2170,150-299,252,241,11,-11,253,242
ecCount (threshold mask),train,NCI-H2170,150-299,254,263,9,9,255,264
ecCount (threshold mask),val,SNU16,150-299,254,232,22,-22,255,233
ecCount (threshold mask),train,NCI-H2170,150-299,255,231,24,-24,256,232
ecCount (threshold mask),train,NCI-H2170,150-299,256,290,34,34,257,291
ecCount (threshold mask),train,SNU16,150-299,256,248,8,-8,257,249
ecCount (threshold mask),train,NCI-H2170,150-299,257,223,34,-34,258,224
ecCount (threshold mask),train,NCI-H2170,150-299,257,240,17,-17,258,241
ecCount (threshold mask),train,NCI-H2170,150-299,258,262,4,4,259,263
ecCount (threshold mask),train,NCI-H2170,150-299,258,201,57,-57,259,202
ecCount (threshold mask),train,NCI-H2170,150-299,259,264,5,5,260,265
ecCount (threshold mask),train,NCI-H2170,150-299,259,257,2,-2,260,258
ecCount (threshold mask),train,NCI-H2170,150-299,259,198,61,-61,260,199
ecCount (threshold mask),train,NCI-H2170,150-299,259,224,35,-35,260,225
ecCount (threshold mask),train,NCI-H2170,150-299,260,251,9,-9,261,252
ecCount (threshold mask),train,NCI-H2170,150-299,260,264,4,4,261,265
ecCount (threshold mask),train,NCI-H2170,150-299,261,277,16,16,262,278
ecCount (threshold mask),train,NCI-H2170,150-299,261,197,64,-64,262,198
ecCount (threshold mask),train,SNU16,150-299,261,249,12,-12,262,250
ecCount (threshold mask),train,NCI-H2170,150-299,262,238,24,-24,263,239
ecCount (threshold mask),train,NCI-H2170,150-299,262,242,20,-20,263,243
ecCount (threshold mask),train,NCI-H716,150-299,262,265,3,3,263,266
ecCount (threshold mask),train,NCI-H2170,150-299,264,284,20,20,265,285
ecCount (threshold mask),train,NCI-H2170,150-299,265,247,18,-18,266,248
ecCount (threshold mask),train,NCI-H2170,150-299,265,230,35,-35,266,231
ecCount (threshold mask),train,SNU16,150-299,265,240,25,-25,266,241
ecCount (threshold mask),val,NCI-H2170,150-299,266,255,11,-11,267,256
ecCount (threshold mask),train,NCI-H2170,150-299,266,262,4,-4,267,263
ecCount (threshold mask),train,SNU16,150-299,267,238,29,-29,268,239
ecCount (threshold mask),train,SNU16,150-299,268,214,54,-54,269,215
ecCount (threshold mask),test,SNU16,150-299,270,251,19,-19,271,252
ecCount (threshold mask),train,SNU16,150-299,271,236,35,-35,272,237
ecCount (threshold mask),train,SNU16,150-299,271,250,21,-21,272,251
ecCount (threshold mask),test,SNU16,150-299,271,244,27,-27,272,245
ecCount (threshold mask),val,NCI-H2170,150-299,273,234,39,-39,274,235
ecCount (threshold mask),train,NCI-H716,150-299,273,287,14,14,274,288
ecCount (threshold mask),train,NCI-H2170,150-299,274,240,34,-34,275,241
ecCount (threshold mask),test,NCI-H2170,150-299,274,270,4,-4,275,271
ecCount (threshold mask),train,NCI-H2170,150-299,274,269,5,-5,275,270
ecCount (threshold mask),train,NCI-H2170,150-299,274,234,40,-40,275,235
ecCount (threshold mask),train,NCI-H716,150-299,274,264,10,-10,275,265
ecCount (threshold mask),val,SNU16,150-299,274,308,34,34,275,309
ecCount (threshold mask),train,NCI-H2170,150-299,276,278,2,2,277,279
ecCount (threshold mask),train,NCI-H2170,150-299,277,283,6,6,278,284
ecCount (threshold mask),test,NCI-H2170,150-299,278,239,39,-39,279,240
ecCount (threshold mask),train,NCI-H2170,150-299,278,235,43,-43,279,236
ecCount (threshold mask),train,SNU16,150-299,279,280,1,1,280,281
ecCount (threshold mask),train,NCI-H2170,150-299,280,266,14,-14,281,267
ecCount (threshold mask),val,NCI-H2170,150-299,281,284,3,3,282,285
ecCount (threshold mask),val,NCI-H2170,150-299,281,268,13,-13,282,269
ecCount (threshold mask),val,NCI-H2170,150-299,281,279,2,-2,282,280
ecCount (threshold mask),train,NCI-H716,150-299,281,270,11,-11,282,271
ecCount (threshold mask),train,NCI-H2170,150-299,282,280,2,-2,283,281
ecCount (threshold mask),train,NCI-H2170,150-299,282,253,29,-29,283,254
ecCount (threshold mask),train,NCI-H2170,150-299,283,280,3,-3,284,281
ecCount (threshold mask),train,NCI-H2170,150-299,283,288,5,5,284,289
ecCount (threshold mask),train,NCI-H2170,150-299,283,239,44,-44,284,240
ecCount (threshold mask),test,NCI-H2170,150-299,284,310,26,26,285,311
ecCount (threshold mask),train,NCI-H2170,150-299,284,289,5,5,285,290
ecCount (threshold mask),train,NCI-H2170,150-299,285,276,9,-9,286,277
ecCount (threshold mask),train,NCI-H2170,150-299,286,234,52,-52,287,235
ecCount (threshold mask),train,SNU16,150-299,286,256,30,-30,287,257
ecCount (threshold mask),train,NCI-H2170,150-299,287,314,27,27,288,315
ecCount (threshold mask),train,NCI-H2170,150-299,287,259,28,-28,288,260
ecCount (threshold mask),train,NCI-H2170,150-299,288,261,27,-27,289,262
ecCount (threshold mask),train,NCI-H2170,150-299,289,307,18,18,290,308
ecCount (threshold mask),train,SNU16,150-299,289,271,18,-18,290,272
ecCount (threshold mask),train,NCI-H2170,150-299,290,284,6,-6,291,285
ecCount (threshold mask),train,NCI-H2170,150-299,291,246,45,-45,292,247
ecCount (threshold mask),train,NCI-H2170,150-299,291,260,31,-31,292,261
ecCount (threshold mask),train,NCI-H716,150-299,291,299,8,8,292,300
ecCount (threshold mask),train,NCI-H2170,150-299,292,272,20,-20,293,273
ecCount (threshold mask),train,NCI-H2170,150-299,292,297,5,5,293,298
ecCount (threshold mask),train,NCI-H2170,150-299,292,288,4,-4,293,289
ecCount (threshold mask),test,NCI-H2170,150-299,296,291,5,-5,297,292
ecCount (threshold mask),test,NCI-H2170,150-299,296,257,39,-39,297,258
ecCount (threshold mask),val,NCI-H2170,150-299,296,338,42,42,297,339
ecCount (threshold mask),train,NCI-H2170,150-299,297,283,14,-14,298,284
ecCount (threshold mask),train,SNU16,150-299,297,310,13,13,298,311
ecCount (threshold mask),train,NCI-H2170,150-299,299,290,9,-9,300,291
ecCount (threshold mask),test,NCI-H2170,150-299,299,275,24,-24,300,276
ecCount (threshold mask),train,NCI-H2170,150-299,299,282,17,-17,300,283
ecCount (threshold mask),test,NCI-H2170,300+,300,302,2,2,301,303
ecCount (threshold mask),train,SNU16,300+,301,289,12,-12,302,290
ecCount (threshold mask),test,NCI-H2170,300+,302,289,13,-13,303,290
ecCount (threshold mask),val,NCI-H2170,300+,302,263,39,-39,303,264
ecCount (threshold mask),val,NCI-H2170,300+,303,229,74,-74,304,230
ecCount (threshold mask),train,SNU16,300+,303,274,29,-29,304,275
ecCount (threshold mask),train,NCI-H2170,300+,305,305,0,0,306,306
ecCount (threshold mask),train,NCI-H2170,300+,307,301,6,-6,308,302
ecCount (threshold mask),train,NCI-H2170,300+,307,268,39,-39,308,269
ecCount (threshold mask),test,NCI-H2170,300+,308,277,31,-31,309,278
ecCount (threshold mask),train,NCI-H2170,300+,308,277,31,-31,309,278
ecCount (threshold mask),test,SNU16,300+,309,297,12,-12,310,298
ecCount (threshold mask),train,SNU16,300+,311,283,28,-28,312,284
ecCount (threshold mask),train,SNU16,300+,313,279,34,-34,314,280
ecCount (threshold mask),train,SNU16,300+,313,304,9,-9,314,305
ecCount (threshold mask),train,NCI-H2170,300+,314,282,32,-32,315,283
ecCount (threshold mask),train,NCI-H2170,300+,314,307,7,-7,315,308
ecCount (threshold mask),train,NCI-H2170,300+,314,264,50,-50,315,265
ecCount (threshold mask),val,NCI-H2170,300+,314,273,41,-41,315,274
ecCount (threshold mask),test,NCI-H2170,300+,316,286,30,-30,317,287
ecCount (threshold mask),train,SNU16,300+,317,273,44,-44,318,274
ecCount (threshold mask),train,NCI-H2170,300+,318,315,3,-3,319,316
ecCount (threshold mask),train,NCI-H2170,300+,318,236,82,-82,319,237
ecCount (threshold mask),test,NCI-H2170,300+,318,269,49,-49,319,270
ecCount (threshold mask),train,NCI-H2170,300+,319,234,85,-85,320,235
ecCount (threshold mask),train,SNU16,300+,320,335,15,15,321,336
ecCount (threshold mask),train,SNU16,300+,321,334,13,13,322,335
ecCount (threshold mask),train,NCI-H716,300+,322,326,4,4,323,327
ecCount (threshold mask),train,NCI-H2170,300+,323,372,49,49,324,373
ecCount (threshold mask),train,NCI-H2170,300+,323,306,17,-17,324,307
ecCount (threshold mask),val,NCI-H2170,300+,324,313,11,-11,325,314
ecCount (threshold mask),test,SNU16,300+,324,287,37,-37,325,288
ecCount (threshold mask),train,NCI-H2170,300+,325,291,34,-34,326,292
ecCount (threshold mask),test,SNU16,300+,325,302,23,-23,326,303
ecCount (threshold mask),train,NCI-H2170,300+,328,307,21,-21,329,308
ecCount (threshold mask),test,NCI-H2170,300+,328,264,64,-64,329,265
ecCount (threshold mask),train,NCI-H2170,300+,329,402,73,73,330,403
ecCount (threshold mask),train,NCI-H2170,300+,329,288,41,-41,330,289
ecCount (threshold mask),train,NCI-H2170,300+,329,316,13,-13,330,317
ecCount (threshold mask),test,NCI-H2170,300+,330,314,16,-16,331,315
ecCount (threshold mask),train,NCI-H2170,300+,332,318,14,-14,333,319
ecCount (threshold mask),train,NCI-H2170,300+,333,315,18,-18,334,316
ecCount (threshold mask),train,NCI-H2170,300+,335,287,48,-48,336,288
ecCount (threshold mask),train,NCI-H2170,300+,337,349,12,12,338,350
ecCount (threshold mask),train,NCI-H2170,300+,339,358,19,19,340,359
ecCount (threshold mask),test,NCI-H2170,300+,340,358,18,18,341,359
ecCount (threshold mask),test,NCI-H2170,300+,341,315,26,-26,342,316
ecCount (threshold mask),test,NCI-H2170,300+,341,303,38,-38,342,304
ecCount (threshold mask),train,SNU16,300+,341,316,25,-25,342,317
ecCount (threshold mask),val,NCI-H2170,300+,343,344,1,1,344,345
ecCount (threshold mask),train,NCI-H2170,300+,344,347,3,3,345,348
ecCount (threshold mask),train,NCI-H2170,300+,348,325,23,-23,349,326
ecCount (threshold mask),train,NCI-H2170,300+,349,302,47,-47,350,303
ecCount (threshold mask),train,NCI-H716,300+,349,353,4,4,350,354
ecCount (threshold mask),train,NCI-H2170,300+,350,398,48,48,351,399
ecCount (threshold mask),train,NCI-H716,300+,350,329,21,-21,351,330
ecCount (threshold mask),val,NCI-H2170,300+,352,293,59,-59,353,294
ecCount (threshold mask),train,NCI-H2170,300+,354,327,27,-27,355,328
ecCount (threshold mask),train,NCI-H2170,300+,355,333,22,-22,356,334
ecCount (threshold mask),test,NCI-H2170,300+,358,378,20,20,359,379
ecCount (threshold mask),train,NCI-H2170,300+,359,348,11,-11,360,349
ecCount (threshold mask),val,NCI-H2170,300+,359,340,19,-19,360,341
ecCount (threshold mask),train,NCI-H2170,300+,362,320,42,-42,363,321
ecCount (threshold mask),test,NCI-H2170,300+,365,351,14,-14,366,352
ecCount (threshold mask),val,SNU16,300+,366,362,4,-4,367,363
ecCount (threshold mask),val,NCI-H2170,300+,368,337,31,-31,369,338
ecCount (threshold mask),train,NCI-H716,300+,368,372,4,4,369,373
ecCount (threshold mask),train,SNU16,300+,368,367,1,-1,369,368
ecCount (threshold mask),train,NCI-H716,300+,369,301,68,-68,370,302
ecCount (threshold mask),train,NCI-H2170,300+,370,331,39,-39,371,332
ecCount (threshold mask),train,SNU16,300+,370,359,11,-11,371,360
ecCount (threshold mask),train,NCI-H2170,300+,371,359,12,-12,372,360
ecCount (threshold mask),train,SNU16,300+,372,350,22,-22,373,351
ecCount (threshold mask),train,NCI-H2170,300+,373,370,3,-3,374,371
ecCount (threshold mask),train,SNU16,300+,374,368,6,-6,375,369
ecCount (threshold mask),train,NCI-H2170,300+,375,358,17,-17,376,359
ecCount (threshold mask),train,NCI-H2170,300+,375,359,16,-16,376,360
ecCount (threshold mask),train,NCI-H2170,300+,375,401,26,26,376,402
ecCount (threshold mask),test,NCI-H2170,300+,375,337,38,-38,376,338
ecCount (threshold mask),train,NCI-H2170,300+,376,386,10,10,377,387
ecCount (threshold mask),train,SNU16,300+,376,402,26,26,377,403
ecCount (threshold mask),train,NCI-H2170,300+,378,363,15,-15,379,364
ecCount (threshold mask),val,NCI-H2170,300+,378,312,66,-66,379,313
ecCount (threshold mask),val,SNU16,300+,380,315,65,-65,381,316
ecCount (threshold mask),train,NCI-H2170,300+,382,516,134,134,383,517
ecCount (threshold mask),val,SNU16,300+,382,365,17,-17,383,366
ecCount (threshold mask),train,NCI-H716,300+,386,399,13,13,387,400
ecCount (threshold mask),train,NCI-H2170,300+,390,373,17,-17,391,374
ecCount (threshold mask),train,NCI-H2170,300+,390,268,122,-122,391,269
ecCount (threshold mask),train,NCI-H2170,300+,391,382,9,-9,392,383
ecCount (threshold mask),train,SNU16,300+,392,348,44,-44,393,349
ecCount (threshold mask),train,SNU16,300+,394,382,12,-12,395,383
ecCount (threshold mask),train,NCI-H2170,300+,395,380,15,-15,396,381
ecCount (threshold mask),test,NCI-H2170,300+,396,362,34,-34,397,363
ecCount (threshold mask),train,NCI-H2170,300+,396,322,74,-74,397,323
ecCount (threshold mask),train,NCI-H2170,300+,396,321,75,-75,397,322
ecCount (threshold mask),train,NCI-H2170,300+,398,421,23,23,399,422
ecCount (threshold mask),test,NCI-H2170,300+,400,384,16,-16,401,385
ecCount (threshold mask),train,NCI-H2170,300+,402,364,38,-38,403,365
ecCount (threshold mask),train,NCI-H2170,300+,402,386,16,-16,403,387
ecCount (threshold mask),val,NCI-H2170,300+,402,374,28,-28,403,375
ecCount (threshold mask),test,NCI-H2170,300+,403,400,3,-3,404,401
ecCount (threshold mask),train,NCI-H2170,300+,404,392,12,-12,405,393
ecCount (threshold mask),test,NCI-H2170,300+,406,320,86,-86,407,321
ecCount (threshold mask),train,NCI-H2170,300+,406,319,87,-87,407,320
ecCount (threshold mask),train,NCI-H2170,300+,407,349,58,-58,408,350
ecCount (threshold mask),test,NCI-H2170,300+,411,388,23,-23,412,389
ecCount (threshold mask),train,NCI-H2170,300+,413,384,29,-29,414,385
ecCount (threshold mask),train,SNU16,300+,413,413,0,0,414,414
ecCount (threshold mask),val,SNU16,300+,415,394,21,-21,416,395
ecCount (threshold mask),train,NCI-H2170,300+,418,393,25,-25,419,394
ecCount (threshold mask),train,NCI-H2170,300+,419,290,129,-129,420,291
ecCount (threshold mask),test,SNU16,300+,422,381,41,-41,423,382
ecCount (threshold mask),train,NCI-H2170,300+,425,448,23,23,426,449
ecCount (threshold mask),val,SNU16,300+,426,436,10,10,427,437
ecCount (threshold mask),val,NCI-H2170,300+,430,393,37,-37,431,394
ecCount (threshold mask),train,NCI-H2170,300+,431,405,26,-26,432,406
ecCount (threshold mask),train,SNU16,300+,433,370,63,-63,434,371
ecCount (threshold mask),train,NCI-H2170,300+,434,386,48,-48,435,387
ecCount (threshold mask),train,SNU16,300+,434,386,48,-48,435,387
ecCount (threshold mask),train,NCI-H2170,300+,436,375,61,-61,437,376
ecCount (threshold mask),train,NCI-H2170,300+,438,371,67,-67,439,372
ecCount (threshold mask),train,NCI-H2170,300+,438,410,28,-28,439,411
ecCount (threshold mask),train,NCI-H2170,300+,441,431,10,-10,442,432
ecCount (threshold mask),val,NCI-H2170,300+,442,459,17,17,443,460
ecCount (threshold mask),train,SNU16,300+,444,432,12,-12,445,433
ecCount (threshold mask),test,NCI-H2170,300+,445,445,0,0,446,446
ecCount (threshold mask),test,NCI-H2170,300+,446,435,11,-11,447,436
ecCount (threshold mask),train,NCI-H2170,300+,446,384,62,-62,447,385
ecCount (threshold mask),val,NCI-H2170,300+,451,480,29,29,452,481
ecCount (threshold mask),train,NCI-H2170,300+,453,445,8,-8,454,446
ecCount (threshold mask),train,NCI-H2170,300+,456,446,10,-10,457,447
ecCount (threshold mask),train,NCI-H2170,300+,458,400,58,-58,459,401
ecCount (threshold mask),train,SNU16,300+,459,409,50,-50,460,410
ecCount (threshold mask),train,NCI-H2170,300+,460,403,57,-57,461,404
ecCount (threshold mask),train,NCI-H2170,300+,462,386,76,-76,463,387
ecCount (threshold mask),train,NCI-H716,300+,468,454,14,-14,469,455
ecCount (threshold mask),train,SNU16,300+,471,430,41,-41,472,431
ecCount (threshold mask),test,NCI-H2170,300+,472,373,99,-99,473,374
ecCount (threshold mask),val,NCI-H2170,300+,473,385,88,-88,474,386
ecCount (threshold mask),train,NCI-H2170,300+,475,382,93,-93,476,383
ecCount (threshold mask),train,NCI-H2170,300+,478,552,74,74,479,553
ecCount (threshold mask),test,NCI-H2170,300+,478,434,44,-44,479,435
ecCount (threshold mask),train,NCI-H2170,300+,479,437,42,-42,480,438
ecCount (threshold mask),train,SNU16,300+,481,522,41,41,482,523
ecCount (threshold mask),train,NCI-H2170,300+,489,471,18,-18,490,472
ecCount (threshold mask),train,NCI-H2170,300+,491,485,6,-6,492,486
ecCount (threshold mask),train,NCI-H2170,300+,495,458,37,-37,496,459
ecCount (threshold mask),train,NCI-H2170,300+,497,498,1,1,498,499
ecCount (threshold mask),train,NCI-H2170,300+,497,441,56,-56,498,442
ecCount (threshold mask),train,NCI-H2170,300+,498,484,14,-14,499,485
ecCount (threshold mask),test,SNU16,300+,499,510,11,11,500,511
ecCount (threshold mask),train,NCI-H2170,300+,503,461,42,-42,504,462
ecCount (threshold mask),train,NCI-H2170,300+,504,493,11,-11,505,494
ecCount (threshold mask),train,NCI-H2170,300+,505,466,39,-39,506,467
ecCount (threshold mask),train,NCI-H2170,300+,506,410,96,-96,507,411
ecCount (threshold mask),train,NCI-H2170,300+,513,502,11,-11,514,503
ecCount (threshold mask),train,NCI-H2170,300+,517,460,57,-57,518,461
ecCount (threshold mask),val,NCI-H2170,300+,520,469,51,-51,521,470
ecCount (threshold mask),train,NCI-H2170,300+,520,458,62,-62,521,459
ecCount (threshold mask),test,NCI-H2170,300+,521,465,56,-56,522,466
ecCount (threshold mask),train,NCI-H2170,300+,523,469,54,-54,524,470
ecCount (threshold mask),val,NCI-H2170,300+,526,488,38,-38,527,489
ecCount (threshold mask),train,SNU16,300+,527,432,95,-95,528,433
ecCount (threshold mask),train,NCI-H2170,300+,534,504,30,-30,535,505
ecCount (threshold mask),train,NCI-H2170,300+,536,517,19,-19,537,518
ecCount (threshold mask),test,NCI-H2170,300+,539,507,32,-32,540,508
ecCount (threshold mask),val,NCI-H2170,300+,557,479,78,-78,558,480
ecCount (threshold mask),test,NCI-H2170,300+,559,551,8,-8,560,552
ecCount (threshold mask),train,NCI-H2170,300+,560,499,61,-61,561,500
ecCount (threshold mask),val,NCI-H2170,300+,567,541,26,-26,568,542
ecCount (threshold mask),train,NCI-H2170,300+,572,513,59,-59,573,514
ecCount (threshold mask),train,NCI-H2170,300+,574,520,54,-54,575,521
ecCount (threshold mask),train,NCI-H2170,300+,589,546,43,-43,590,547
ecCount (threshold mask),train,NCI-H2170,300+,597,527,70,-70,598,528
ecCount (threshold mask),train,NCI-H2170,300+,597,495,102,-102,598,496
ecCount (threshold mask),train,NCI-H2170,300+,604,530,74,-74,605,531
ecCount (threshold mask),train,NCI-H2170,300+,604,601,3,-3,605,602
ecCount (threshold mask),train,NCI-H2170,300+,611,551,60,-60,612,552
ecCount (threshold mask),train,NCI-H2170,300+,611,501,110,-110,612,502
ecCount (threshold mask),train,NCI-H2170,300+,613,585,28,-28,614,586
ecCount (threshold mask),train,SNU16,300+,635,623,12,-12,636,624
ecCount (threshold mask),train,SNU16,300+,637,588,49,-49,638,589
ecCount (threshold mask),test,NCI-H2170,300+,642,563,79,-79,643,564
ecCount (threshold mask),train,SNU16,300+,663,531,132,-132,664,532
ecCount (threshold mask),train,NCI-H2170,300+,664,666,2,2,665,667
ecCount (threshold mask),train,SNU16,300+,664,596,68,-68,665,597
ecCount (threshold mask),test,SNU16,300+,670,604,66,-66,671,605
ecCount (threshold mask),train,NCI-H2170,300+,676,684,8,8,677,685
ecCount (threshold mask),val,SNU16,300+,705,606,99,-99,706,607
ecCount (threshold mask),train,NCI-H2170,300+,742,652,90,-90,743,653
ecCount (threshold mask),val,NCI-H2170,300+,763,749,14,-14,764,750
ecCount (threshold mask),train,NCI-H2170,300+,769,720,49,-49,770,721
ecCount (threshold mask),train,NCI-H2170,300+,783,617,166,-166,784,618
ecCount (threshold mask),train,NCI-H2170,300+,801,722,79,-79,802,723
ecCount (threshold mask),train,NCI-H2170,300+,829,764,65,-65,830,765
ecCount (threshold mask),train,NCI-H2170,300+,832,753,79,-79,833,754
ecCount (threshold mask),val,NCI-H2170,300+,835,700,135,-135,836,701
ecCount (threshold mask),train,NCI-H2170,300+,843,851,8,8,844,852
ecCount (threshold mask),train,NCI-H2170,300+,862,632,230,-230,863,633
ecCount (threshold mask),val,NCI-H2170,300+,867,819,48,-48,868,820
ecCount (threshold mask),train,NCI-H2170,300+,909,808,101,-101,910,809
ecCount (threshold mask),test,NCI-H2170,300+,912,768,144,-144,913,769
ecCount (threshold mask),train,SNU16,300+,990,836,154,-154,991,837
ecCount (threshold mask),train,SNU16,300+,1231,1070,161,-161,1232,1071
ecCount (threshold mask),train,NCI-H2170,300+,1687,1422,265,-265,1688,1423
ecCount (peaks),train,COLO320DM,0-9,1,60,59,59,2,61
ecCount (peaks),train,COLO320DM,0-9,4,3,1,-1,5,4
ecCount (peaks),test,COLO320DM,0-9,4,41,37,37,5,42
ecCount (peaks),train,COLO320DM,0-9,4,26,22,22,5,27
ecCount (peaks),val,COLO320DM,0-9,4,22,18,18,5,23
ecCount (peaks),train,COLO320DM,0-9,7,5,2,-2,8,6
ecCount (peaks),val,NCI-H2170,0-9,9,11,2,2,10,12
ecCount (peaks),train,COLO320DM,10-49,10,11,1,1,11,12
ecCount (peaks),train,COLO320DM,10-49,12,9,3,-3,13,10
ecCount (peaks),val,COLO320DM,10-49,13,16,3,3,14,17
ecCount (peaks),train,COLO320DM,10-49,15,15,0,0,16,16
ecCount (peaks),train,COLO320DM,10-49,15,18,3,3,16,19
ecCount (peaks),train,NCI-H2170,10-49,15,20,5,5,16,21
ecCount (peaks),test,NCI-H2170,10-49,15,16,1,1,16,17
ecCount (peaks),train,COLO320DM,10-49,16,19,3,3,17,20
ecCount (peaks),train,NCI-H2170,10-49,16,17,1,1,17,18
ecCount (peaks),val,NCI-H2170,10-49,17,20,3,3,18,21
ecCount (peaks),val,COLO320DM,10-49,18,15,3,-3,19,16
ecCount (peaks),train,NCI-H2170,10-49,18,21,3,3,19,22
ecCount (peaks),train,COLO320DM,10-49,22,22,0,0,23,23
ecCount (peaks),test,COLO320DM,10-49,22,26,4,4,23,27
ecCount (peaks),train,NCI-H2170,10-49,22,25,3,3,23,26
ecCount (peaks),train,COLO320DM,10-49,23,24,1,1,24,25
ecCount (peaks),test,COLO320DM,10-49,24,20,4,-4,25,21
ecCount (peaks),train,NCI-H2170,10-49,24,24,0,0,25,25
ecCount (peaks),train,NCI-H2170,10-49,24,22,2,-2,25,23
ecCount (peaks),val,NCI-H2170,10-49,24,28,4,4,25,29
ecCount (peaks),train,COLO320DM,10-49,26,30,4,4,27,31
ecCount (peaks),train,NCI-H2170,10-49,26,26,0,0,27,27
ecCount (peaks),train,COLO320DM,10-49,27,28,1,1,28,29
ecCount (peaks),train,NCI-H2170,10-49,27,28,1,1,28,29
ecCount (peaks),train,NCI-H2170,10-49,27,28,1,1,28,29
ecCount (peaks),train,COLO320DM,10-49,30,27,3,-3,31,28
ecCount (peaks),train,COLO320DM,10-49,30,31,1,1,31,32
ecCount (peaks),train,NCI-H2170,10-49,30,28,2,-2,31,29
ecCount (peaks),test,COLO320DM,10-49,31,27,4,-4,32,28
ecCount (peaks),test,COLO320DM,10-49,32,31,1,-1,33,32
ecCount (peaks),train,COLO320DM,10-49,32,32,0,0,33,33
ecCount (peaks),train,NCI-H2170,10-49,32,39,7,7,33,40
ecCount (peaks),val,NCI-H2170,10-49,33,33,0,0,34,34
ecCount (peaks),train,COLO320DM,10-49,34,36,2,2,35,37
ecCount (peaks),train,NCI-H2170,10-49,34,34,0,0,35,35
ecCount (peaks),train,COLO320DM,10-49,35,31,4,-4,36,32
ecCount (peaks),train,NCI-H2170,10-49,35,34,1,-1,36,35
ecCount (peaks),val,NCI-H2170,10-49,35,36,1,1,36,37
ecCount (peaks),train,NCI-H2170,10-49,35,42,7,7,36,43
ecCount (peaks),val,NCI-H2170,10-49,35,33,2,-2,36,34
ecCount (peaks),train,COLO320DM,10-49,36,38,2,2,37,39
ecCount (peaks),test,NCI-H2170,10-49,36,33,3,-3,37,34
ecCount (peaks),train,NCI-H2170,10-49,36,36,0,0,37,37
ecCount (peaks),train,COLO320DM,10-49,37,36,1,-1,38,37
ecCount (peaks),test,NCI-H2170,10-49,38,40,2,2,39,41
ecCount (peaks),train,COLO320DM,10-49,39,40,1,1,40,41
ecCount (peaks),train,NCI-H2170,10-49,39,39,0,0,40,40
ecCount (peaks),val,COLO320DM,10-49,40,40,0,0,41,41
ecCount (peaks),test,NCI-H2170,10-49,40,39,1,-1,41,40
ecCount (peaks),train,NCI-H2170,10-49,40,42,2,2,41,43
ecCount (peaks),train,COLO320DM,10-49,41,40,1,-1,42,41
ecCount (peaks),test,COLO320DM,10-49,41,49,8,8,42,50
ecCount (peaks),train,NCI-H2170,10-49,41,41,0,0,42,42
ecCount (peaks),train,NCI-H2170,10-49,41,45,4,4,42,46
ecCount (peaks),train,NCI-H2170,10-49,41,32,9,-9,42,33
ecCount (peaks),train,NCI-H2170,10-49,42,49,7,7,43,50
ecCount (peaks),train,NCI-H2170,10-49,43,43,0,0,44,44
ecCount (peaks),train,NCI-H2170,10-49,43,48,5,5,44,49
ecCount (peaks),train,NCI-H2170,10-49,43,39,4,-4,44,40
ecCount (peaks),train,COLO320DM,10-49,44,43,1,-1,45,44
ecCount (peaks),train,NCI-H2170,10-49,44,43,1,-1,45,44
ecCount (peaks),test,NCI-H2170,10-49,44,35,9,-9,45,36
ecCount (peaks),train,COLO320DM,10-49,45,51,6,6,46,52
ecCount (peaks),train,COLO320DM,10-49,45,51,6,6,46,52
ecCount (peaks),train,NCI-H2170,10-49,45,44,1,-1,46,45
ecCount (peaks),train,COLO320DM,10-49,46,47,1,1,47,48
ecCount (peaks),test,NCI-H2170,10-49,46,41,5,-5,47,42
ecCount (peaks),val,NCI-H2170,10-49,46,58,12,12,47,59
ecCount (peaks),train,NCI-H2170,10-49,46,56,10,10,47,57
ecCount (peaks),train,NCI-H2170,10-49,46,44,2,-2,47,45
ecCount (peaks),train,COLO320DM,10-49,47,48,1,1,48,49
ecCount (peaks),train,NCI-H2170,10-49,47,55,8,8,48,56
ecCount (peaks),train,NCI-H2170,10-49,47,51,4,4,48,52
ecCount (peaks),val,NCI-H2170,10-49,47,54,7,7,48,55
ecCount (peaks),test,NCI-H2170,10-49,48,57,9,9,49,58
ecCount (peaks),val,NCI-H2170,10-49,48,28,20,-20,49,29
ecCount (peaks),val,NCI-H2170,10-49,48,50,2,2,49,51
ecCount (peaks),test,COLO320DM,10-49,49,41,8,-8,50,42
ecCount (peaks),train,NCI-H2170,10-49,49,48,1,-1,50,49
ecCount (peaks),train,NCI-H2170,50-149,50,45,5,-5,51,46
ecCount (peaks),train,NCI-H2170,50-149,50,47,3,-3,51,48
ecCount (peaks),train,COLO320DM,50-149,51,49,2,-2,52,50
ecCount (peaks),test,NCI-H2170,50-149,51,42,9,-9,52,43
ecCount (peaks),train,NCI-H2170,50-149,51,51,0,0,52,52
ecCount (peaks),val,NCI-H2170,50-149,51,62,11,11,52,63
ecCount (peaks),train,NCI-H2170,50-149,51,49,2,-2,52,50
ecCount (peaks),train,COLO320DM,50-149,52,52,0,0,53,53
ecCount (peaks),val,NCI-H2170,50-149,52,54,2,2,53,55
ecCount (peaks),test,NCI-H2170,50-149,52,50,2,-2,53,51
ecCount (peaks),test,NCI-H2170,50-149,52,57,5,5,53,58
ecCount (peaks),val,NCI-H2170,50-149,52,53,1,1,53,54
ecCount (peaks),train,COLO320DM,50-149,53,54,1,1,54,55
ecCount (peaks),train,COLO320DM,50-149,53,53,0,0,54,54
ecCount (peaks),train,NCI-H2170,50-149,53,57,4,4,54,58
ecCount (peaks),train,NCI-H2170,50-149,53,47,6,-6,54,48
ecCount (peaks),train,NCI-H2170,50-149,53,54,1,1,54,55
ecCount (peaks),train,NCI-H2170,50-149,53,49,4,-4,54,50
ecCount (peaks),train,NCI-H2170,50-149,53,46,7,-7,54,47
ecCount (peaks),test,COLO320DM,50-149,54,45,9,-9,55,46
ecCount (peaks),train,NCI-H2170,50-149,54,61,7,7,55,62
ecCount (peaks),train,NCI-H2170,50-149,54,52,2,-2,55,53
ecCount (peaks),train,NCI-H2170,50-149,54,64,10,10,55,65
ecCount (peaks),val,NCI-H2170,50-149,54,49,5,-5,55,50
ecCount (peaks),train,COLO320DM,50-149,55,57,2,2,56,58
ecCount (peaks),test,NCI-H2170,50-149,55,171,116,116,56,172
ecCount (peaks),test,NCI-H2170,50-149,55,56,1,1,56,57
ecCount (peaks),val,NCI-H2170,50-149,56,69,13,13,57,70
ecCount (peaks),train,NCI-H2170,50-149,56,56,0,0,57,57
ecCount (peaks),test,COLO320DM,50-149,57,56,1,-1,58,57
ecCount (peaks),val,COLO320DM,50-149,57,52,5,-5,58,53
ecCount (peaks),train,SNU16,50-149,57,68,11,11,58,69
ecCount (peaks),val,NCI-H2170,50-149,58,66,8,8,59,67
ecCount (peaks),val,NCI-H2170,50-149,58,58,0,0,59,59
ecCount (peaks),train,NCI-H2170,50-149,58,60,2,2,59,61
ecCount (peaks),train,NCI-H2170,50-149,58,54,4,-4,59,55
ecCount (peaks),val,COLO320DM,50-149,59,55,4,-4,60,56
ecCount (peaks),train,COLO320DM,50-149,59,54,5,-5,60,55
ecCount (peaks),train,COLO320DM,50-149,59,61,2,2,60,62
ecCount (peaks),test,NCI-H2170,50-149,59,63,4,4,60,64
ecCount (peaks),train,NCI-H2170,50-149,60,69,9,9,61,70
ecCount (peaks),train,NCI-H2170,50-149,60,52,8,-8,61,53
ecCount (peaks),train,COLO320DM,50-149,61,58,3,-3,62,59
ecCount (peaks),test,NCI-H2170,50-149,61,64,3,3,62,65
ecCount (peaks),train,NCI-H2170,50-149,61,68,7,7,62,69
ecCount (peaks),train,NCI-H2170,50-149,61,59,2,-2,62,60
ecCount (peaks),test,NCI-H2170,50-149,61,61,0,0,62,62
ecCount (peaks),val,NCI-H2170,50-149,61,67,6,6,62,68
ecCount (peaks),test,NCI-H2170,50-149,62,64,2,2,63,65
ecCount (peaks),train,NCI-H2170,50-149,62,66,4,4,63,67
ecCount (peaks),train,NCI-H2170,50-149,62,58,4,-4,63,59
ecCount (peaks),train,NCI-H2170,50-149,62,68,6,6,63,69
ecCount (peaks),train,COLO320DM,50-149,63,65,2,2,64,66
ecCount (peaks),train,NCI-H2170,50-149,63,68,5,5,64,69
ecCount (peaks),test,NCI-H2170,50-149,63,66,3,3,64,67
ecCount (peaks),train,NCI-H2170,50-149,63,55,8,-8,64,56
ecCount (peaks),train,NCI-H2170,50-149,64,54,10,-10,65,55
ecCount (peaks),train,NCI-H2170,50-149,64,72,8,8,65,73
ecCount (peaks),train,NCI-H2170,50-149,64,68,4,4,65,69
ecCount (peaks),test,NCI-H2170,50-149,64,60,4,-4,65,61
ecCount (peaks),train,COLO320DM,50-149,65,52,13,-13,66,53
ecCount (peaks),train,NCI-H2170,50-149,65,69,4,4,66,70
ecCount (peaks),test,NCI-H2170,50-149,65,65,0,0,66,66
ecCount (peaks),train,NCI-H2170,50-149,65,68,3,3,66,69
ecCount (peaks),train,NCI-H2170,50-149,65,64,1,-1,66,65
ecCount (peaks),train,NCI-H2170,50-149,66,68,2,2,67,69
ecCount (peaks),train,NCI-H2170,50-149,66,53,13,-13,67,54
ecCount (peaks),train,NCI-H2170,50-149,66,59,7,-7,67,60
ecCount (peaks),test,NCI-H2170,50-149,67,52,15,-15,68,53
ecCount (peaks),test,NCI-H2170,50-149,67,84,17,17,68,85
ecCount (peaks),train,NCI-H2170,50-149,67,62,5,-5,68,63
ecCount (peaks),train,NCI-H2170,50-149,68,61,7,-7,69,62
ecCount (peaks),train,NCI-H2170,50-149,69,82,13,13,70,83
ecCount (peaks),train,NCI-H2170,50-149,69,69,0,0,70,70
ecCount (peaks),train,NCI-H2170,50-149,69,67,2,-2,70,68
ecCount (peaks),train,NCI-H2170,50-149,69,68,1,-1,70,69
ecCount (peaks),train,NCI-H2170,50-149,69,56,13,-13,70,57
ecCount (peaks),train,NCI-H2170,50-149,70,83,13,13,71,84
ecCount (peaks),train,NCI-H2170,50-149,70,56,14,-14,71,57
ecCount (peaks),val,NCI-H2170,50-149,70,67,3,-3,71,68
ecCount (peaks),train,NCI-H2170,50-149,70,73,3,3,71,74
ecCount (peaks),train,NCI-H2170,50-149,70,64,6,-6,71,65
ecCount (peaks),val,COLO320DM,50-149,71,51,20,-20,72,52
ecCount (peaks),train,NCI-H2170,50-149,71,78,7,7,72,79
ecCount (peaks),val,NCI-H2170,50-149,71,82,11,11,72,83
ecCount (peaks),train,NCI-H2170,50-149,71,71,0,0,72,72
ecCount (peaks),test,NCI-H2170,50-149,71,71,0,0,72,72
ecCount (peaks),train,NCI-H2170,50-149,71,68,3,-3,72,69
ecCount (peaks),train,NCI-H2170,50-149,71,70,1,-1,72,71
ecCount (peaks),test,NCI-H716,50-149,71,78,7,7,72,79
ecCount (peaks),train,NCI-H2170,50-149,72,70,2,-2,73,71
ecCount (peaks),test,NCI-H2170,50-149,72,67,5,-5,73,68
ecCount (peaks),train,NCI-H716,50-149,72,72,0,0,73,73
ecCount (peaks),train,NCI-H2170,50-149,73,81,8,8,74,82
ecCount (peaks),train,NCI-H2170,50-149,73,72,1,-1,74,73
ecCount (peaks),train,NCI-H2170,50-149,73,73,0,0,74,74
ecCount (peaks),train,COLO320DM,50-149,74,67,7,-7,75,68
ecCount (peaks),val,COLO320DM,50-149,74,77,3,3,75,78
ecCount (peaks),train,NCI-H2170,50-149,74,68,6,-6,75,69
ecCount (peaks),train,NCI-H2170,50-149,74,84,10,10,75,85
ecCount (peaks),train,NCI-H2170,50-149,74,45,29,-29,75,46
ecCount (peaks),train,NCI-H2170,50-149,74,67,7,-7,75,68
ecCount (peaks),train,NCI-H2170,50-149,75,72,3,-3,76,73
ecCount (peaks),train,NCI-H2170,50-149,75,88,13,13,76,89
ecCount (peaks),train,NCI-H2170,50-149,75,73,2,-2,76,74
ecCount (peaks),val,NCI-H2170,50-149,75,73,2,-2,76,74
ecCount (peaks),train,NCI-H2170,50-149,75,90,15,15,76,91
ecCount (peaks),train,NCI-H2170,50-149,75,66,9,-9,76,67
ecCount (peaks),train,NCI-H2170,50-149,75,77,2,2,76,78
ecCount (peaks),train,NCI-H2170,50-149,76,76,0,0,77,77
ecCount (peaks),train,NCI-H2170,50-149,76,93,17,17,77,94
ecCount (peaks),train,NCI-H2170,50-149,76,74,2,-2,77,75
ecCount (peaks),train,NCI-H2170,50-149,76,78,2,2,77,79
ecCount (peaks),train,NCI-H2170,50-149,76,70,6,-6,77,71
ecCount (peaks),train,NCI-H2170,50-149,76,83,7,7,77,84
ecCount (peaks),train,NCI-H716,50-149,76,70,6,-6,77,71
ecCount (peaks),train,NCI-H2170,50-149,77,82,5,5,78,83
ecCount (peaks),train,NCI-H2170,50-149,77,73,4,-4,78,74
ecCount (peaks),val,NCI-H2170,50-149,77,74,3,-3,78,75
ecCount (peaks),train,SNU16,50-149,77,80,3,3,78,81
ecCount (peaks),val,NCI-H2170,50-149,78,77,1,-1,79,78
ecCount (peaks),test,NCI-H2170,50-149,78,77,1,-1,79,78
ecCount (peaks),train,NCI-H2170,50-149,78,77,1,-1,79,78
ecCount (peaks),train,NCI-H2170,50-149,78,80,2,2,79,81
ecCount (peaks),train,NCI-H2170,50-149,78,79,1,1,79,80
ecCount (peaks),train,NCI-H2170,50-149,78,78,0,0,79,79
ecCount (peaks),train,NCI-H2170,50-149,78,83,5,5,79,84
ecCount (peaks),train,NCI-H2170,50-149,78,161,83,83,79,162
ecCount (peaks),test,NCI-H2170,50-149,79,86,7,7,80,87
ecCount (peaks),val,NCI-H2170,50-149,79,84,5,5,80,85
ecCount (peaks),train,NCI-H2170,50-149,79,85,6,6,80,86
ecCount (peaks),test,NCI-H2170,50-149,79,102,23,23,80,103
ecCount (peaks),train,NCI-H2170,50-149,79,76,3,-3,80,77
ecCount (peaks),train,COLO320DM,50-149,80,82,2,2,81,83
ecCount (peaks),test,NCI-H2170,50-149,80,47,33,-33,81,48
ecCount (peaks),train,NCI-H2170,50-149,81,72,9,-9,82,73
ecCount (peaks),train,NCI-H2170,50-149,81,80,1,-1,82,81
ecCount (peaks),val,NCI-H2170,50-149,81,87,6,6,82,88
ecCount (peaks),val,NCI-H2170,50-149,81,80,1,-1,82,81
ecCount (peaks),train,NCI-H2170,50-149,82,50,32,-32,83,51
ecCount (peaks),train,NCI-H2170,50-149,82,65,17,-17,83,66
ecCount (peaks),train,COLO320DM,50-149,83,79,4,-4,84,80
ecCount (peaks),test,NCI-H2170,50-149,83,79,4,-4,84,80
ecCount (peaks),train,NCI-H2170,50-149,83,80,3,-3,84,81
ecCount (peaks),train,NCI-H2170,50-149,83,74,9,-9,84,75
ecCount (peaks),test,NCI-H2170,50-149,84,94,10,10,85,95
ecCount (peaks),train,NCI-H2170,50-149,84,87,3,3,85,88
ecCount (peaks),train,NCI-H2170,50-149,84,74,10,-10,85,75
ecCount (peaks),test,NCI-H2170,50-149,84,79,5,-5,85,80
ecCount (peaks),val,NCI-H2170,50-149,85,93,8,8,86,94
ecCount (peaks),test,NCI-H2170,50-149,85,78,7,-7,86,79
ecCount (peaks),test,NCI-H2170,50-149,85,85,0,0,86,86
ecCount (peaks),train,NCI-H2170,50-149,85,84,1,-1,86,85
ecCount (peaks),train,NCI-H2170,50-149,86,89,3,3,87,90
ecCount (peaks),val,NCI-H2170,50-149,86,95,9,9,87,96
ecCount (peaks),train,NCI-H2170,50-149,86,75,11,-11,87,76
ecCount (peaks),train,NCI-H2170,50-149,86,91,5,5,87,92
ecCount (peaks),train,NCI-H2170,50-149,86,85,1,-1,87,86
ecCount (peaks),train,NCI-H2170,50-149,86,67,19,-19,87,68
ecCount (peaks),test,NCI-H2170,50-149,86,86,0,0,87,87
ecCount (peaks),train,COLO320DM,50-149,87,89,2,2,88,90
ecCount (peaks),train,NCI-H2170,50-149,87,82,5,-5,88,83
ecCount (peaks),test,NCI-H2170,50-149,87,79,8,-8,88,80
ecCount (peaks),val,NCI-H2170,50-149,87,87,0,0,88,88
ecCount (peaks),test,NCI-H2170,50-149,87,78,9,-9,88,79
ecCount (peaks),train,NCI-H2170,50-149,87,85,2,-2,88,86
ecCount (peaks),train,NCI-H2170,50-149,88,88,0,0,89,89
ecCount (peaks),train,NCI-H2170,50-149,88,82,6,-6,89,83
ecCount (peaks),train,NCI-H2170,50-149,88,72,16,-16,89,73
ecCount (peaks),train,NCI-H2170,50-149,88,85,3,-3,89,86
ecCount (peaks),train,NCI-H2170,50-149,88,89,1,1,89,90
ecCount (peaks),train,COLO320DM,50-149,89,94,5,5,90,95
ecCount (peaks),val,NCI-H2170,50-149,89,86,3,-3,90,87
ecCount (peaks),val,NCI-H2170,50-149,89,114,25,25,90,115
ecCount (peaks),test,NCI-H2170,50-149,89,83,6,-6,90,84
ecCount (peaks),train,NCI-H2170,50-149,89,88,1,-1,90,89
ecCount (peaks),test,NCI-H2170,50-149,89,81,8,-8,90,82
ecCount (peaks),train,NCI-H716,50-149,89,84,5,-5,90,85
ecCount (peaks),train,NCI-H2170,50-149,90,90,0,0,91,91
ecCount (peaks),train,NCI-H2170,50-149,90,69,21,-21,91,70
ecCount (peaks),test,NCI-H2170,50-149,90,94,4,4,91,95
ecCount (peaks),test,NCI-H2170,50-149,90,95,5,5,91,96
ecCount (peaks),train,SNU16,50-149,90,107,17,17,91,108
ecCount (peaks),test,COLO320DM,50-149,91,93,2,2,92,94
ecCount (peaks),train,NCI-H2170,50-149,91,105,14,14,92,106
ecCount (peaks),val,NCI-H2170,50-149,91,80,11,-11,92,81
ecCount (peaks),val,NCI-H2170,50-149,91,88,3,-3,92,89
ecCount (peaks),train,NCI-H2170,50-149,92,97,5,5,93,98
ecCount (peaks),val,NCI-H2170,50-149,92,87,5,-5,93,88
ecCount (peaks),val,NCI-H2170,50-149,92,87,5,-5,93,88
ecCount (peaks),train,NCI-H2170,50-149,93,101,8,8,94,102
ecCount (peaks),train,NCI-H2170,50-149,93,93,0,0,94,94
ecCount (peaks),train,NCI-H2170,50-149,93,93,0,0,94,94
ecCount (peaks),test,NCI-H2170,50-149,93,94,1,1,94,95
ecCount (peaks),train,NCI-H2170,50-149,93,85,8,-8,94,86
ecCount (peaks),test,NCI-H2170,50-149,93,93,0,0,94,94
ecCount (peaks),train,NCI-H2170,50-149,93,84,9,-9,94,85
ecCount (peaks),train,NCI-H2170,50-149,93,88,5,-5,94,89
ecCount (peaks),val,NCI-H2170,50-149,94,100,6,6,95,101
ecCount (peaks),val,NCI-H2170,50-149,94,99,5,5,95,100
ecCount (peaks),val,NCI-H2170,50-149,94,67,27,-27,95,68
ecCount (peaks),train,NCI-H2170,50-149,94,90,4,-4,95,91
ecCount (peaks),train,NCI-H2170,50-149,94,88,6,-6,95,89
ecCount (peaks),train,NCI-H2170,50-149,94,90,4,-4,95,91
ecCount (peaks),train,NCI-H2170,50-149,94,91,3,-3,95,92
ecCount (peaks),train,NCI-H2170,50-149,95,95,0,0,96,96
ecCount (peaks),train,NCI-H2170,50-149,95,80,15,-15,96,81
ecCount (peaks),train,NCI-H2170,50-149,96,80,16,-16,97,81
ecCount (peaks),train,NCI-H2170,50-149,96,97,1,1,97,98
ecCount (peaks),test,NCI-H2170,50-149,96,93,3,-3,97,94
ecCount (peaks),val,NCI-H2170,50-149,96,96,0,0,97,97
ecCount (peaks),train,NCI-H2170,50-149,96,94,2,-2,97,95
ecCount (peaks),train,NCI-H2170,50-149,97,108,11,11,98,109
ecCount (peaks),train,NCI-H2170,50-149,97,128,31,31,98,129
ecCount (peaks),train,NCI-H2170,50-149,97,98,1,1,98,99
ecCount (peaks),test,NCI-H2170,50-149,97,91,6,-6,98,92
ecCount (peaks),train,NCI-H2170,50-149,97,105,8,8,98,106
ecCount (peaks),train,NCI-H2170,50-149,97,98,1,1,98,99
ecCount (peaks),val,SNU16,50-149,97,90,7,-7,98,91
ecCount (peaks),train,SNU16,50-149,97,102,5,5,98,103
ecCount (peaks),train,NCI-H2170,50-149,98,95,3,-3,99,96
ecCount (peaks),train,NCI-H2170,50-149,98,111,13,13,99,112
ecCount (peaks),train,NCI-H2170,50-149,98,103,5,5,99,104
ecCount (peaks),train,NCI-H2170,50-149,98,98,0,0,99,99
ecCount (peaks),train,NCI-H2170,50-149,99,107,8,8,100,108
ecCount (peaks),train,NCI-H2170,50-149,99,98,1,-1,100,99
ecCount (peaks),train,NCI-H2170,50-149,99,104,5,5,100,105
ecCount (peaks),train,NCI-H2170,50-149,99,109,10,10,100,110
ecCount (peaks),train,NCI-H2170,50-149,99,89,10,-10,100,90
ecCount (peaks),train,NCI-H2170,50-149,99,106,7,7,100,107
ecCount (peaks),train,NCI-H2170,50-149,99,89,10,-10,100,90
ecCount (peaks),train,NCI-H2170,50-149,99,96,3,-3,100,97
ecCount (peaks),train,NCI-H2170,50-149,99,97,2,-2,100,98
ecCount (peaks),train,NCI-H2170,50-149,100,106,6,6,101,107
ecCount (peaks),train,COLO320DM,50-149,101,90,11,-11,102,91
ecCount (peaks),train,NCI-H2170,50-149,101,99,2,-2,102,100
ecCount (peaks),train,NCI-H2170,50-149,101,95,6,-6,102,96
ecCount (peaks),test,NCI-H2170,50-149,101,101,0,0,102,102
ecCount (peaks),train,NCI-H2170,50-149,101,94,7,-7,102,95
ecCount (peaks),train,NCI-H2170,50-149,101,99,2,-2,102,100
ecCount (peaks),train,NCI-H2170,50-149,101,95,6,-6,102,96
ecCount (peaks),test,NCI-H716,50-149,101,110,9,9,102,111
ecCount (peaks),train,SNU16,50-149,101,122,21,21,102,123
ecCount (peaks),train,SNU16,50-149,101,101,0,0,102,102
ecCount (peaks),test,NCI-H2170,50-149,102,90,12,-12,103,91
ecCount (peaks),train,NCI-H2170,50-149,102,110,8,8,103,111
ecCount (peaks),val,NCI-H2170,50-149,102,97,5,-5,103,98
ecCount (peaks),train,NCI-H2170,50-149,102,94,8,-8,103,95
ecCount (peaks),val,NCI-H2170,50-149,102,97,5,-5,103,98
ecCount (peaks),test,NCI-H2170,50-149,103,99,4,-4,104,100
ecCount (peaks),val,NCI-H2170,50-149,103,102,1,-1,104,103
ecCount (peaks),test,NCI-H2170,50-149,103,76,27,-27,104,77
ecCount (peaks),val,NCI-H2170,50-149,103,126,23,23,104,127
ecCount (peaks),train,NCI-H2170,50-149,103,92,11,-11,104,93
ecCount (peaks),train,NCI-H2170,50-149,103,113,10,10,104,114
ecCount (peaks),train,NCI-H2170,50-149,104,113,9,9,105,114
ecCount (peaks),train,NCI-H2170,50-149,104,125,21,21,105,126
ecCount (peaks),val,NCI-H2170,50-149,104,67,37,-37,105,68
ecCount (peaks),train,NCI-H2170,50-149,105,112,7,7,106,113
ecCount (peaks),train,NCI-H2170,50-149,105,131,26,26,106,132
ecCount (peaks),val,NCI-H2170,50-149,105,111,6,6,106,112
ecCount (peaks),train,NCI-H2170,50-149,105,109,4,4,106,110
ecCount (peaks),train,NCI-H2170,50-149,105,94,11,-11,106,95
ecCount (peaks),test,NCI-H2170,50-149,105,113,8,8,106,114
ecCount (peaks),train,SNU16,50-149,105,95,10,-10,106,96
ecCount (peaks),train,NCI-H2170,50-149,106,103,3,-3,107,104
ecCount (peaks),train,NCI-H2170,50-149,106,109,3,3,107,110
ecCount (peaks),train,NCI-H2170,50-149,106,123,17,17,107,124
ecCount (peaks),val,NCI-H2170,50-149,106,111,5,5,107,112
ecCount (peaks),test,COLO320DM,50-149,107,101,6,-6,108,102
ecCount (peaks),train,NCI-H2170,50-149,107,106,1,-1,108,107
ecCount (peaks),val,NCI-H2170,50-149,107,100,7,-7,108,101
ecCount (peaks),train,NCI-H2170,50-149,107,106,1,-1,108,107
ecCount (peaks),train,NCI-H2170,50-149,107,134,27,27,108,135
ecCount (peaks),test,NCI-H2170,50-149,107,98,9,-9,108,99
ecCount (peaks),train,NCI-H2170,50-149,107,110,3,3,108,111
ecCount (peaks),train,NCI-H2170,50-149,108,84,24,-24,109,85
ecCount (peaks),val,NCI-H2170,50-149,108,108,0,0,109,109
ecCount (peaks),train,NCI-H2170,50-149,109,93,16,-16,110,94
ecCount (peaks),train,NCI-H2170,50-149,109,120,11,11,110,121
ecCount (peaks),train,NCI-H2170,50-149,109,110,1,1,110,111
ecCount (peaks),test,NCI-H2170,50-149,110,92,18,-18,111,93
ecCount (peaks),val,NCI-H2170,50-149,110,100,10,-10,111,101
ecCount (peaks),val,NCI-H2170,50-149,110,120,10,10,111,121
ecCount (peaks),train,NCI-H2170,50-149,110,99,11,-11,111,100
ecCount (peaks),val,NCI-H2170,50-149,110,106,4,-4,111,107
ecCount (peaks),train,NCI-H2170,50-149,110,101,9,-9,111,102
ecCount (peaks),test,NCI-H716,50-149,110,113,3,3,111,114
ecCount (peaks),train,SNU16,50-149,110,118,8,8,111,119
ecCount (peaks),train,NCI-H2170,50-149,111,108,3,-3,112,109
ecCount (peaks),train,NCI-H2170,50-149,111,156,45,45,112,157
ecCount (peaks),train,NCI-H2170,50-149,111,112,1,1,112,113
ecCount (peaks),train,NCI-H2170,50-149,111,101,10,-10,112,102
ecCount (peaks),train,SNU16,50-149,111,113,2,2,112,114
ecCount (peaks),train,NCI-H2170,50-149,112,110,2,-2,113,111
ecCount (peaks),train,NCI-H2170,50-149,112,106,6,-6,113,107
ecCount (peaks),train,SNU16,50-149,112,133,21,21,113,134
ecCount (peaks),train,NCI-H2170,50-149,113,127,14,14,114,128
ecCount (peaks),val,NCI-H2170,50-149,113,117,4,4,114,118
ecCount (peaks),train,NCI-H2170,50-149,114,113,1,-1,115,114
ecCount (peaks),train,NCI-H2170,50-149,114,127,13,13,115,128
ecCount (peaks),train,NCI-H2170,50-149,115,110,5,-5,116,111
ecCount (peaks),train,NCI-H2170,50-149,115,106,9,-9,116,107
ecCount (peaks),val,NCI-H2170,50-149,115,106,9,-9,116,107
ecCount (peaks),train,NCI-H2170,50-149,115,120,5,5,116,121
ecCount (peaks),train,NCI-H2170,50-149,115,135,20,20,116,136
ecCount (peaks),train,NCI-H2170,50-149,115,127,12,12,116,128
ecCount (peaks),train,NCI-H2170,50-149,116,119,3,3,117,120
ecCount (peaks),train,NCI-H2170,50-149,116,124,8,8,117,125
ecCount (peaks),test,NCI-H2170,50-149,116,116,0,0,117,117
ecCount (peaks),train,NCI-H2170,50-149,116,110,6,-6,117,111
ecCount (peaks),train,NCI-H716,50-149,116,112,4,-4,117,113
ecCount (peaks),train,NCI-H2170,50-149,117,128,11,11,118,129
ecCount (peaks),train,NCI-H2170,50-149,117,144,27,27,118,145
ecCount (peaks),train,NCI-H2170,50-149,117,130,13,13,118,131
ecCount (peaks),train,NCI-H2170,50-149,118,108,10,-10,119,109
ecCount (peaks),train,SNU16,50-149,118,115,3,-3,119,116
ecCount (peaks),train,NCI-H2170,50-149,119,122,3,3,120,123
ecCount (peaks),train,NCI-H2170,50-149,119,116,3,-3,120,117
ecCount (peaks),test,NCI-H2170,50-149,119,126,7,7,120,127
ecCount (peaks),train,NCI-H2170,50-149,119,127,8,8,120,128
ecCount (peaks),train,NCI-H2170,50-149,120,124,4,4,121,125
ecCount (peaks),train,NCI-H2170,50-149,120,95,25,-25,121,96
ecCount (peaks),train,NCI-H2170,50-149,120,102,18,-18,121,103
ecCount (peaks),train,NCI-H716,50-149,120,135,15,15,121,136
ecCount (peaks),val,NCI-H2170,50-149,121,121,0,0,122,122
ecCount (peaks),train,NCI-H2170,50-149,121,105,16,-16,122,106
ecCount (peaks),train,NCI-H2170,50-149,121,127,6,6,122,128
ecCount (peaks),train,NCI-H2170,50-149,121,119,2,-2,122,120
ecCount (peaks),train,NCI-H2170,50-149,121,121,0,0,122,122
ecCount (peaks),train,NCI-H2170,50-149,122,123,1,1,123,124
ecCount (peaks),train,NCI-H2170,50-149,122,122,0,0,123,123
ecCount (peaks),train,NCI-H2170,50-149,122,123,1,1,123,124
ecCount (peaks),train,NCI-H2170,50-149,122,107,15,-15,123,108
ecCount (peaks),train,NCI-H2170,50-149,123,115,8,-8,124,116
ecCount (peaks),train,NCI-H2170,50-149,123,115,8,-8,124,116
ecCount (peaks),val,NCI-H2170,50-149,123,108,15,-15,124,109
ecCount (peaks),val,NCI-H2170,50-149,123,116,7,-7,124,117
ecCount (peaks),train,SNU16,50-149,123,110,13,-13,124,111
ecCount (peaks),train,NCI-H2170,50-149,124,124,0,0,125,125
ecCount (peaks),test,NCI-H2170,50-149,124,129,5,5,125,130
ecCount (peaks),train,NCI-H2170,50-149,124,119,5,-5,125,120
ecCount (peaks),train,NCI-H2170,50-149,124,119,5,-5,125,120
ecCount (peaks),train,SNU16,50-149,124,92,32,-32,125,93
ecCount (peaks),val,NCI-H2170,50-149,125,122,3,-3,126,123
ecCount (peaks),train,NCI-H2170,50-149,125,131,6,6,126,132
ecCount (peaks),train,NCI-H2170,50-149,125,126,1,1,126,127
ecCount (peaks),train,NCI-H2170,50-149,125,141,16,16,126,142
ecCount (peaks),train,NCI-H2170,50-149,125,113,12,-12,126,114
ecCount (peaks),train,NCI-H2170,50-149,125,124,1,-1,126,125
ecCount (peaks),train,NCI-H2170,50-149,125,124,1,-1,126,125
ecCount (peaks),test,SNU16,50-149,125,109,16,-16,126,110
ecCount (peaks),train,NCI-H2170,50-149,126,129,3,3,127,130
ecCount (peaks),test,NCI-H2170,50-149,126,149,23,23,127,150
ecCount (peaks),test,NCI-H2170,50-149,126,70,56,-56,127,71
ecCount (peaks),train,NCI-H2170,50-149,127,126,1,-1,128,127
ecCount (peaks),train,NCI-H2170,50-149,127,110,17,-17,128,111
ecCount (peaks),train,NCI-H716,50-149,127,125,2,-2,128,126
ecCount (peaks),train,NCI-H2170,50-149,128,160,32,32,129,161
ecCount (peaks),train,NCI-H2170,50-149,128,142,14,14,129,143
ecCount (peaks),train,NCI-H2170,50-149,128,121,7,-7,129,122
ecCount (peaks),train,NCI-H716,50-149,128,144,16,16,129,145
ecCount (peaks),val,NCI-H2170,50-149,129,149,20,20,130,150
ecCount (peaks),train,NCI-H2170,50-149,129,132,3,3,130,133
ecCount (peaks),train,NCI-H716,50-149,129,138,9,9,130,139
ecCount (peaks),train,NCI-H2170,50-149,130,129,1,-1,131,130
ecCount (peaks),train,NCI-H2170,50-149,130,127,3,-3,131,128
ecCount (peaks),train,NCI-H2170,50-149,130,130,0,0,131,131
ecCount (peaks),train,NCI-H2170,50-149,131,119,12,-12,132,120
ecCount (peaks),train,NCI-H2170,50-149,131,128,3,-3,132,129
ecCount (peaks),train,NCI-H716,50-149,131,155,24,24,132,156
ecCount (peaks),train,NCI-H716,50-149,131,163,32,32,132,164
ecCount (peaks),train,NCI-H2170,50-149,132,155,23,23,133,156
ecCount (peaks),train,NCI-H2170,50-149,132,142,10,10,133,143
ecCount (peaks),train,NCI-H2170,50-149,132,116,16,-16,133,117
ecCount (peaks),test,NCI-H2170,50-149,132,171,39,39,133,172
ecCount (peaks),train,NCI-H2170,50-149,132,81,51,-51,133,82
ecCount (peaks),train,NCI-H2170,50-149,132,132,0,0,133,133
ecCount (peaks),val,NCI-H716,50-149,132,128,4,-4,133,129
ecCount (peaks),train,NCI-H716,50-149,132,133,1,1,133,134
ecCount (peaks),train,NCI-H716,50-149,132,137,5,5,133,138
ecCount (peaks),train,NCI-H2170,50-149,133,140,7,7,134,141
ecCount (peaks),train,NCI-H2170,50-149,133,144,11,11,134,145
ecCount (peaks),train,NCI-H2170,50-149,133,151,18,18,134,152
ecCount (peaks),train,NCI-H2170,50-149,134,125,9,-9,135,126
ecCount (peaks),val,NCI-H2170,50-149,134,99,35,-35,135,100
ecCount (peaks),train,NCI-H716,50-149,134,151,17,17,135,152
ecCount (peaks),train,NCI-H2170,50-149,135,164,29,29,136,165
ecCount (peaks),train,NCI-H2170,50-149,135,115,20,-20,136,116
ecCount (peaks),train,NCI-H2170,50-149,135,140,5,5,136,141
ecCount (peaks),test,NCI-H2170,50-149,135,134,1,-1,136,135
ecCount (peaks),train,NCI-H716,50-149,135,146,11,11,136,147
ecCount (peaks),train,NCI-H716,50-149,135,127,8,-8,136,128
ecCount (peaks),train,NCI-H2170,50-149,136,145,9,9,137,146
ecCount (peaks),train,NCI-H2170,50-149,136,80,56,-56,137,81
ecCount (peaks),train,NCI-H2170,50-149,137,133,4,-4,138,134
ecCount (peaks),train,NCI-H716,50-149,137,147,10,10,138,148
ecCount (peaks),train,NCI-H2170,50-149,138,137,1,-1,139,138
ecCount (peaks),test,NCI-H2170,50-149,138,135,3,-3,139,136
ecCount (peaks),train,NCI-H2170,50-149,138,128,10,-10,139,129
ecCount (peaks),train,NCI-H2170,50-149,138,147,9,9,139,148
ecCount (peaks),train,NCI-H2170,50-149,139,137,2,-2,140,138
ecCount (peaks),val,NCI-H2170,50-149,139,139,0,0,140,140
ecCount (peaks),test,NCI-H2170,50-149,139,140,1,1,140,141
ecCount (peaks),train,NCI-H2170,50-149,139,145,6,6,140,146
ecCount (peaks),test,NCI-H716,50-149,139,126,13,-13,140,127
ecCount (peaks),test,SNU16,50-149,140,138,2,-2,141,139
ecCount (peaks),train,NCI-H2170,50-149,141,122,19,-19,142,123
ecCount (peaks),val,NCI-H2170,50-149,141,141,0,0,142,142
ecCount (peaks),val,NCI-H2170,50-149,141,154,13,13,142,155
ecCount (peaks),train,NCI-H2170,50-149,141,137,4,-4,142,138
ecCount (peaks),train,SNU16,50-149,141,143,2,2,142,144
ecCount (peaks),train,SNU16,50-149,141,142,1,1,142,143
ecCount (peaks),train,NCI-H2170,50-149,142,148,6,6,143,149
ecCount (peaks),test,NCI-H2170,50-149,142,124,18,-18,143,125
ecCount (peaks),train,NCI-H2170,50-149,142,142,0,0,143,143
ecCount (peaks),train,NCI-H2170,50-149,142,150,8,8,143,151
ecCount (peaks),train,NCI-H2170,50-149,142,153,11,11,143,154
ecCount (peaks),train,NCI-H2170,50-149,142,145,3,3,143,146
ecCount (peaks),train,SNU16,50-149,142,149,7,7,143,150
ecCount (peaks),val,COLO320DM,50-149,143,148,5,5,144,149
ecCount (peaks),train,NCI-H2170,50-149,143,117,26,-26,144,118
ecCount (peaks),train,NCI-H2170,50-149,143,145,2,2,144,146
ecCount (peaks),val,NCI-H2170,50-149,143,135,8,-8,144,136
ecCount (peaks),train,NCI-H2170,50-149,143,128,15,-15,144,129
ecCount (peaks),train,NCI-H2170,50-149,143,138,5,-5,144,139
ecCount (peaks),train,COLO320DM,50-149,144,146,2,2,145,147
ecCount (peaks),val,NCI-H716,50-149,144,147,3,3,145,148
ecCount (peaks),train,NCI-H716,50-149,144,156,12,12,145,157
ecCount (peaks),train,SNU16,50-149,144,137,7,-7,145,138
ecCount (peaks),train,SNU16,50-149,144,116,28,-28,145,117
ecCount (peaks),train,NCI-H2170,50-149,145,135,10,-10,146,136
ecCount (peaks),val,NCI-H2170,50-149,145,131,14,-14,146,132
ecCount (peaks),train,NCI-H2170,50-149,145,120,25,-25,146,121
ecCount (peaks),train,NCI-H2170,50-149,146,154,8,8,147,155
ecCount (peaks),train,NCI-H2170,50-149,146,147,1,1,147,148
ecCount (peaks),train,NCI-H2170,50-149,146,153,7,7,147,154
ecCount (peaks),train,NCI-H2170,50-149,147,139,8,-8,148,140
ecCount (peaks),train,NCI-H2170,50-149,147,145,2,-2,148,146
ecCount (peaks),val,NCI-H2170,50-149,147,174,27,27,148,175
ecCount (peaks),train,NCI-H2170,50-149,147,136,11,-11,148,137
ecCount (peaks),val,NCI-H2170,50-149,147,133,14,-14,148,134
ecCount (peaks),test,NCI-H2170,50-149,148,144,4,-4,149,145
ecCount (peaks),val,NCI-H2170,50-149,148,146,2,-2,149,147
ecCount (peaks),train,NCI-H2170,50-149,148,154,6,6,149,155
ecCount (peaks),val,NCI-H2170,50-149,148,153,5,5,149,154
ecCount (peaks),val,NCI-H716,50-149,148,157,9,9,149,158
ecCount (peaks),train,SNU16,50-149,148,126,22,-22,149,127
ecCount (peaks),train,NCI-H2170,50-149,149,139,10,-10,150,140
ecCount (peaks),train,NCI-H2170,50-149,149,136,13,-13,150,137
ecCount (peaks),train,NCI-H2170,150-299,150,127,23,-23,151,128
ecCount (peaks),train,NCI-H2170,150-299,150,149,1,-1,151,150
ecCount (peaks),train,NCI-H2170,150-299,150,143,7,-7,151,144
ecCount (peaks),val,NCI-H2170,150-299,150,134,16,-16,151,135
ecCount (peaks),train,NCI-H2170,150-299,150,145,5,-5,151,146
ecCount (peaks),test,NCI-H716,150-299,150,175,25,25,151,176
ecCount (peaks),test,SNU16,150-299,150,157,7,7,151,158
ecCount (peaks),val,NCI-H2170,150-299,151,159,8,8,152,160
ecCount (peaks),train,NCI-H2170,150-299,151,134,17,-17,152,135
ecCount (peaks),test,NCI-H2170,150-299,151,133,18,-18,152,134
ecCount (peaks),train,SNU16,150-299,151,137,14,-14,152,138
ecCount (peaks),train,NCI-H2170,150-299,152,148,4,-4,153,149
ecCount (peaks),train,NCI-H2170,150-299,152,165,13,13,153,166
ecCount (peaks),val,NCI-H2170,150-299,152,157,5,5,153,158
ecCount (peaks),train,NCI-H2170,150-299,152,145,7,-7,153,146
ecCount (peaks),val,NCI-H2170,150-299,152,149,3,-3,153,150
ecCount (peaks),train,NCI-H2170,150-299,152,131,21,-21,153,132
ecCount (peaks),val,NCI-H716,150-299,152,155,3,3,153,156
ecCount (peaks),train,NCI-H2170,150-299,153,154,1,1,154,155
ecCount (peaks),train,NCI-H2170,150-299,153,160,7,7,154,161
ecCount (peaks),val,NCI-H2170,150-299,153,148,5,-5,154,149
ecCount (peaks),train,NCI-H2170,150-299,153,155,2,2,154,156
ecCount (peaks),train,NCI-H2170,150-299,153,146,7,-7,154,147
ecCount (peaks),train,NCI-H2170,150-299,154,150,4,-4,155,151
ecCount (peaks),train,NCI-H2170,150-299,155,148,7,-7,156,149
ecCount (peaks),train,NCI-H2170,150-299,156,95,61,-61,157,96
ecCount (peaks),val,NCI-H2170,150-299,156,151,5,-5,157,152
ecCount (peaks),val,NCI-H2170,150-299,157,164,7,7,158,165
ecCount (peaks),val,NCI-H2170,150-299,157,156,1,-1,158,157
ecCount (peaks),train,NCI-H2170,150-299,157,163,6,6,158,164
ecCount (peaks),train,NCI-H2170,150-299,157,182,25,25,158,183
ecCount (peaks),train,SNU16,150-299,157,162,5,5,158,163
ecCount (peaks),val,NCI-H2170,150-299,158,158,0,0,159,159
ecCount (peaks),val,NCI-H2170,150-299,158,173,15,15,159,174
ecCount (peaks),test,SNU16,150-299,158,134,24,-24,159,135
ecCount (peaks),val,NCI-H2170,150-299,159,176,17,17,160,177
ecCount (peaks),test,NCI-H2170,150-299,159,160,1,1,160,161
ecCount (peaks),train,NCI-H2170,150-299,159,160,1,1,160,161
ecCount (peaks),train,NCI-H2170,150-299,160,146,14,-14,161,147
ecCount (peaks),val,NCI-H2170,150-299,160,216,56,56,161,217
ecCount (peaks),val,NCI-H2170,150-299,160,163,3,3,161,164
ecCount (peaks),train,NCI-H2170,150-299,160,156,4,-4,161,157
ecCount (peaks),train,NCI-H2170,150-299,161,164,3,3,162,165
ecCount (peaks),val,SNU16,150-299,161,163,2,2,162,164
ecCount (peaks),train,NCI-H2170,150-299,162,173,11,11,163,174
ecCount (peaks),train,NCI-H2170,150-299,162,170,8,8,163,171
ecCount (peaks),train,NCI-H2170,150-299,163,163,0,0,164,164
ecCount (peaks),train,NCI-H2170,150-299,163,158,5,-5,164,159
ecCount (peaks),train,NCI-H2170,150-299,163,164,1,1,164,165
ecCount (peaks),test,NCI-H716,150-299,163,187,24,24,164,188
ecCount (peaks),train,NCI-H716,150-299,163,171,8,8,164,172
ecCount (peaks),test,NCI-H2170,150-299,164,163,1,-1,165,164
ecCount (peaks),train,NCI-H2170,150-299,164,162,2,-2,165,163
ecCount (peaks),train,NCI-H2170,150-299,165,171,6,6,166,172
ecCount (peaks),train,NCI-H2170,150-299,165,159,6,-6,166,160
ecCount (peaks),train,NCI-H2170,150-299,166,154,12,-12,167,155
ecCount (peaks),train,NCI-H2170,150-299,166,149,17,-17,167,150
ecCount (peaks),val,NCI-H716,150-299,166,164,2,-2,167,165
ecCount (peaks),val,NCI-H716,150-299,166,178,12,12,167,179
ecCount (peaks),test,NCI-H716,150-299,166,174,8,8,167,175
ecCount (peaks),test,SNU16,150-299,166,157,9,-9,167,158
ecCount (peaks),train,NCI-H2170,150-299,167,155,12,-12,168,156
ecCount (peaks),train,NCI-H2170,150-299,167,172,5,5,168,173
ecCount (peaks),train,NCI-H2170,150-299,168,115,53,-53,169,116
ecCount (peaks),val,NCI-H2170,150-299,168,140,28,-28,169,141
ecCount (peaks),train,NCI-H2170,150-299,168,167,1,-1,169,168
ecCount (peaks),train,NCI-H2170,150-299,168,170,2,2,169,171
ecCount (peaks),test,NCI-H2170,150-299,169,205,36,36,170,206
ecCount (peaks),val,NCI-H716,150-299,169,178,9,9,170,179
ecCount (peaks),train,NCI-H2170,150-299,170,174,4,4,171,175
ecCount (peaks),train,NCI-H2170,150-299,170,171,1,1,171,172
ecCount (peaks),test,NCI-H2170,150-299,170,163,7,-7,171,164
ecCount (peaks),train,SNU16,150-299,170,167,3,-3,171,168
ecCount (peaks),test,NCI-H716,150-299,171,153,18,-18,172,154
ecCount (peaks),train,NCI-H2170,150-299,172,185,13,13,173,186
ecCount (peaks),train,NCI-H716,150-299,172,175,3,3,173,176
ecCount (peaks),train,NCI-H716,150-299,172,162,10,-10,173,163
ecCount (peaks),train,SNU16,150-299,172,163,9,-9,173,164
ecCount (peaks),train,NCI-H2170,150-299,173,177,4,4,174,178
ecCount (peaks),val,NCI-H2170,150-299,173,156,17,-17,174,157
ecCount (peaks),test,NCI-H2170,150-299,174,189,15,15,175,190
ecCount (peaks),train,NCI-H2170,150-299,174,199,25,25,175,200
ecCount (peaks),test,NCI-H2170,150-299,174,155,19,-19,175,156
ecCount (peaks),val,SNU16,150-299,174,211,37,37,175,212
ecCount (peaks),test,NCI-H2170,150-299,175,173,2,-2,176,174
ecCount (peaks),train,NCI-H2170,150-299,175,236,61,61,176,237
ecCount (peaks),test,NCI-H2170,150-299,175,141,34,-34,176,142
ecCount (peaks),train,NCI-H2170,150-299,176,161,15,-15,177,162
ecCount (peaks),train,NCI-H716,150-299,176,178,2,2,177,179
ecCount (peaks),train,NCI-H2170,150-299,177,160,17,-17,178,161
ecCount (peaks),train,NCI-H2170,150-299,177,170,7,-7,178,171
ecCount (peaks),val,NCI-H2170,150-299,177,185,8,8,178,186
ecCount (peaks),train,NCI-H2170,150-299,177,166,11,-11,178,167
ecCount (peaks),train,NCI-H716,150-299,177,175,2,-2,178,176
ecCount (peaks),test,SNU16,150-299,177,219,42,42,178,220
ecCount (peaks),train,NCI-H2170,150-299,178,209,31,31,179,210
ecCount (peaks),test,NCI-H2170,150-299,178,176,2,-2,179,177
ecCount (peaks),train,NCI-H716,150-299,178,229,51,51,179,230
ecCount (peaks),train,SNU16,150-299,178,166,12,-12,179,167
ecCount (peaks),train,NCI-H2170,150-299,179,204,25,25,180,205
ecCount (peaks),test,NCI-H2170,150-299,179,178,1,-1,180,179
ecCount (peaks),train,NCI-H2170,150-299,179,161,18,-18,180,162
ecCount (peaks),train,NCI-H2170,150-299,179,174,5,-5,180,175
ecCount (peaks),train,NCI-H716,150-299,179,171,8,-8,180,172
ecCount (peaks),train,NCI-H716,150-299,179,172,7,-7,180,173
ecCount (peaks),train,NCI-H2170,150-299,180,177,3,-3,181,178
ecCount (peaks),test,NCI-H2170,150-299,180,186,6,6,181,187
ecCount (peaks),train,NCI-H2170,150-299,180,160,20,-20,181,161
ecCount (peaks),train,NCI-H2170,150-299,180,179,1,-1,181,180
ecCount (peaks),val,NCI-H2170,150-299,181,203,22,22,182,204
ecCount (peaks),train,NCI-H2170,150-299,181,181,0,0,182,182
ecCount (peaks),train,NCI-H2170,150-299,181,178,3,-3,182,179
ecCount (peaks),train,NCI-H2170,150-299,181,186,5,5,182,187
ecCount (peaks),train,NCI-H2170,150-299,181,198,17,17,182,199
ecCount (peaks),train,NCI-H2170,150-299,181,220,39,39,182,221
ecCount (peaks),train,NCI-H716,150-299,181,176,5,-5,182,177
ecCount (peaks),train,SNU16,150-299,181,162,19,-19,182,163
ecCount (peaks),test,NCI-H2170,150-299,182,181,1,-1,183,182
ecCount (peaks),test,NCI-H2170,150-299,182,282,100,100,183,283
ecCount (peaks),train,NCI-H2170,150-299,182,189,7,7,183,190
ecCount (peaks),train,NCI-H716,150-299,182,214,32,32,183,215
ecCount (peaks),val,NCI-H2170,150-299,183,150,33,-33,184,151
ecCount (peaks),train,NCI-H2170,150-299,183,130,53,-53,184,131
ecCount (peaks),test,SNU16,150-299,183,195,12,12,184,196
ecCount (peaks),train,NCI-H2170,150-299,184,182,2,-2,185,183
ecCount (peaks),test,NCI-H2170,150-299,184,225,41,41,185,226
ecCount (peaks),train,NCI-H2170,150-299,184,173,11,-11,185,174
ecCount (peaks),test,NCI-H2170,150-299,184,181,3,-3,185,182
ecCount (peaks),train,NCI-H2170,150-299,184,183,1,-1,185,184
ecCount (peaks),train,NCI-H2170,150-299,185,166,19,-19,186,167
ecCount (peaks),train,NCI-H2170,150-299,185,162,23,-23,186,163
ecCount (peaks),test,NCI-H716,150-299,185,217,32,32,186,218
ecCount (peaks),train,NCI-H2170,150-299,186,192,6,6,187,193
ecCount (peaks),train,NCI-H2170,150-299,186,191,5,5,187,192
ecCount (peaks),test,NCI-H2170,150-299,186,205,19,19,187,206
ecCount (peaks),train,NCI-H2170,150-299,186,180,6,-6,187,181
ecCount (peaks),train,NCI-H2170,150-299,187,203,16,16,188,204
ecCount (peaks),test,NCI-H2170,150-299,187,181,6,-6,188,182
ecCount (peaks),val,NCI-H2170,150-299,188,208,20,20,189,209
ecCount (peaks),train,NCI-H2170,150-299,188,215,27,27,189,216
ecCount (peaks),train,NCI-H2170,150-299,189,111,78,-78,190,112
ecCount (peaks),test,NCI-H2170,150-299,189,197,8,8,190,198
ecCount (peaks),val,SNU16,150-299,189,178,11,-11,190,179
ecCount (peaks),train,NCI-H2170,150-299,190,172,18,-18,191,173
ecCount (peaks),train,NCI-H2170,150-299,190,189,1,-1,191,190
ecCount (peaks),train,SNU16,150-299,190,193,3,3,191,194
ecCount (peaks),train,NCI-H2170,150-299,191,206,15,15,192,207
ecCount (peaks),train,NCI-H2170,150-299,191,143,48,-48,192,144
ecCount (peaks),val,NCI-H2170,150-299,191,193,2,2,192,194
ecCount (peaks),test,NCI-H2170,150-299,191,201,10,10,192,202
ecCount (peaks),train,NCI-H2170,150-299,191,196,5,5,192,197
ecCount (peaks),train,NCI-H716,150-299,191,208,17,17,192,209
ecCount (peaks),test,SNU16,150-299,191,173,18,-18,192,174
ecCount (peaks),test,NCI-H2170,150-299,192,197,5,5,193,198
ecCount (peaks),val,NCI-H2170,150-299,192,180,12,-12,193,181
ecCount (peaks),val,NCI-H2170,150-299,192,185,7,-7,193,186
ecCount (peaks),train,NCI-H2170,150-299,193,175,18,-18,194,176
ecCount (peaks),test,NCI-H2170,150-299,193,185,8,-8,194,186
ecCount (peaks),test,SNU16,150-299,193,204,11,11,194,205
ecCount (peaks),train,NCI-H2170,150-299,194,198,4,4,195,199
ecCount (peaks),train,NCI-H2170,150-299,194,165,29,-29,195,166
ecCount (peaks),train,NCI-H716,150-299,194,217,23,23,195,218
ecCount (peaks),val,NCI-H2170,150-299,195,175,20,-20,196,176
ecCount (peaks),train,NCI-H716,150-299,195,219,24,24,196,220
ecCount (peaks),train,NCI-H2170,150-299,196,141,55,-55,197,142
ecCount (peaks),val,NCI-H2170,150-299,196,189,7,-7,197,190
ecCount (peaks),train,NCI-H2170,150-299,197,194,3,-3,198,195
ecCount (peaks),train,NCI-H2170,150-299,197,208,11,11,198,209
ecCount (peaks),train,NCI-H2170,150-299,197,201,4,4,198,202
ecCount (peaks),train,NCI-H2170,150-299,199,204,5,5,200,205
ecCount (peaks),train,NCI-H2170,150-299,199,165,34,-34,200,166
ecCount (peaks),train,NCI-H2170,150-299,200,177,23,-23,201,178
ecCount (peaks),train,NCI-H2170,150-299,201,229,28,28,202,230
ecCount (peaks),val,NCI-H2170,150-299,201,233,32,32,202,234
ecCount (peaks),val,NCI-H2170,150-299,201,202,1,1,202,203
ecCount (peaks),train,NCI-H2170,150-299,201,184,17,-17,202,185
ecCount (peaks),test,NCI-H2170,150-299,202,185,17,-17,203,186
ecCount (peaks),train,NCI-H2170,150-299,202,169,33,-33,203,170
ecCount (peaks),val,NCI-H716,150-299,202,221,19,19,203,222
ecCount (peaks),val,NCI-H2170,150-299,203,204,1,1,204,205
ecCount (peaks),train,NCI-H2170,150-299,203,185,18,-18,204,186
ecCount (peaks),train,SNU16,150-299,203,204,1,1,204,205
ecCount (peaks),train,NCI-H2170,150-299,204,228,24,24,205,229
ecCount (peaks),train,NCI-H2170,150-299,205,233,28,28,206,234
ecCount (peaks),train,NCI-H2170,150-299,205,202,3,-3,206,203
ecCount (peaks),train,NCI-H2170,150-299,206,159,47,-47,207,160
ecCount (peaks),train,SNU16,150-299,206,191,15,-15,207,192
ecCount (peaks),train,NCI-H2170,150-299,207,201,6,-6,208,202
ecCount (peaks),train,NCI-H2170,150-299,207,207,0,0,208,208
ecCount (peaks),train,NCI-H2170,150-299,207,209,2,2,208,210
ecCount (peaks),val,NCI-H716,150-299,207,226,19,19,208,227
ecCount (peaks),train,SNU16,150-299,207,221,14,14,208,222
ecCount (peaks),train,NCI-H2170,150-299,209,205,4,-4,210,206
ecCount (peaks),train,NCI-H2170,150-299,209,223,14,14,210,224
ecCount (peaks),train,NCI-H2170,150-299,209,209,0,0,210,210
ecCount (peaks),train,SNU16,150-299,209,179,30,-30,210,180
ecCount (peaks),train,NCI-H2170,150-299,210,207,3,-3,211,208
ecCount (peaks),val,NCI-H2170,150-299,210,206,4,-4,211,207
ecCount (peaks),train,NCI-H2170,150-299,210,216,6,6,211,217
ecCount (peaks),train,NCI-H2170,150-299,210,212,2,2,211,213
ecCount (peaks),test,NCI-H716,150-299,210,223,13,13,211,224
ecCount (peaks),train,NCI-H716,150-299,210,223,13,13,211,224
ecCount (peaks),train,NCI-H2170,150-299,211,196,15,-15,212,197
ecCount (peaks),train,NCI-H2170,150-299,211,180,31,-31,212,181
ecCount (peaks),train,NCI-H2170,150-299,211,222,11,11,212,223
ecCount (peaks),train,NCI-H2170,150-299,211,203,8,-8,212,204
ecCount (peaks),val,NCI-H2170,150-299,211,203,8,-8,212,204
ecCount (peaks),train,NCI-H716,150-299,211,232,21,21,212,233
ecCount (peaks),train,NCI-H716,150-299,211,217,6,6,212,218
ecCount (peaks),val,NCI-H2170,150-299,212,220,8,8,213,221
ecCount (peaks),train,NCI-H2170,150-299,212,213,1,1,213,214
ecCount (peaks),train,NCI-H2170,150-299,212,214,2,2,213,215
ecCount (peaks),train,SNU16,150-299,212,215,3,3,213,216
ecCount (peaks),train,NCI-H2170,150-299,213,220,7,7,214,221
ecCount (peaks),train,NCI-H2170,150-299,213,57,156,-156,214,58
ecCount (peaks),val,NCI-H2170,150-299,213,215,2,2,214,216
ecCount (peaks),train,NCI-H716,150-299,213,217,4,4,214,218
ecCount (peaks),test,SNU16,150-299,213,198,15,-15,214,199
ecCount (peaks),train,NCI-H2170,150-299,214,237,23,23,215,238
ecCount (peaks),val,NCI-H2170,150-299,214,217,3,3,215,218
ecCount (peaks),val,NCI-H716,150-299,214,213,1,-1,215,214
ecCount (peaks),train,SNU16,150-299,214,201,13,-13,215,202
ecCount (peaks),train,NCI-H2170,150-299,215,216,1,1,216,217
ecCount (peaks),train,NCI-H2170,150-299,216,194,22,-22,217,195
ecCount (peaks),test,NCI-H2170,150-299,217,218,1,1,218,219
ecCount (peaks),train,NCI-H2170,150-299,217,216,1,-1,218,217
ecCount (peaks),train,NCI-H2170,150-299,219,234,15,15,220,235
ecCount (peaks),train,NCI-H2170,150-299,220,209,11,-11,221,210
ecCount (peaks),train,NCI-H2170,150-299,220,206,14,-14,221,207
ecCount (peaks),val,NCI-H2170,150-299,220,206,14,-14,221,207
ecCount (peaks),train,NCI-H2170,150-299,221,223,2,2,222,224
ecCount (peaks),val,SNU16,150-299,221,223,2,2,222,224
ecCount (peaks),train,SNU16,150-299,222,215,7,-7,223,216
ecCount (peaks),val,SNU16,150-299,222,111,111,-111,223,112
ecCount (peaks),val,NCI-H2170,150-299,223,230,7,7,224,231
ecCount (peaks),test,NCI-H2170,150-299,223,244,21,21,224,245
ecCount (peaks),train,NCI-H2170,150-299,223,232,9,9,224,233
ecCount (peaks),train,NCI-H2170,150-299,223,201,22,-22,224,202
ecCount (peaks),test,NCI-H2170,150-299,223,212,11,-11,224,213
ecCount (peaks),train,NCI-H716,150-299,223,241,18,18,224,242
ecCount (peaks),train,SNU16,150-299,223,209,14,-14,224,210
ecCount (peaks),train,NCI-H2170,150-299,224,225,1,1,225,226
ecCount (peaks),train,SNU16,150-299,224,201,23,-23,225,202
ecCount (peaks),test,NCI-H2170,150-299,225,219,6,-6,226,220
ecCount (peaks),train,SNU16,150-299,225,218,7,-7,226,219
ecCount (peaks),train,SNU16,150-299,225,241,16,16,226,242
ecCount (peaks),train,NCI-H2170,150-299,226,222,4,-4,227,223
ecCount (peaks),train,NCI-H2170,150-299,226,239,13,13,227,240
ecCount (peaks),train,NCI-H2170,150-299,226,231,5,5,227,232
ecCount (peaks),train,NCI-H2170,150-299,226,232,6,6,227,233
ecCount (peaks),train,NCI-H2170,150-299,226,240,14,14,227,241
ecCount (peaks),train,SNU16,150-299,227,208,19,-19,228,209
ecCount (peaks),val,NCI-H2170,150-299,228,215,13,-13,229,216
ecCount (peaks),train,NCI-H2170,150-299,228,215,13,-13,229,216
ecCount (peaks),train,NCI-H2170,150-299,228,212,16,-16,229,213
ecCount (peaks),train,SNU16,150-299,228,219,9,-9,229,220
ecCount (peaks),train,NCI-H2170,150-299,229,295,66,66,230,296
ecCount (peaks),test,NCI-H2170,150-299,229,248,19,19,230,249
ecCount (peaks),train,NCI-H2170,150-299,230,245,15,15,231,246
ecCount (peaks),train,SNU16,150-299,230,229,1,-1,231,230
ecCount (peaks),train,NCI-H2170,150-299,231,223,8,-8,232,224
ecCount (peaks),train,NCI-H716,150-299,231,246,15,15,232,247
ecCount (peaks),train,NCI-H2170,150-299,232,222,10,-10,233,223
ecCount (peaks),val,SNU16,150-299,232,226,6,-6,233,227
ecCount (peaks),test,NCI-H2170,150-299,233,221,12,-12,234,222
ecCount (peaks),val,NCI-H2170,150-299,233,204,29,-29,234,205
ecCount (peaks),train,NCI-H2170,150-299,233,224,9,-9,234,225
ecCount (peaks),train,NCI-H2170,150-299,233,230,3,-3,234,231
ecCount (peaks),train,NCI-H2170,150-299,235,242,7,7,236,243
ecCount (peaks),train,NCI-H2170,150-299,235,248,13,13,236,249
ecCount (peaks),train,NCI-H2170,150-299,235,238,3,3,236,239
ecCount (peaks),test,NCI-H2170,150-299,235,230,5,-5,236,231
ecCount (peaks),train,NCI-H2170,150-299,236,238,2,2,237,239
ecCount (peaks),train,NCI-H2170,150-299,236,226,10,-10,237,227
ecCount (peaks),train,NCI-H2170,150-299,236,215,21,-21,237,216
ecCount (peaks),val,NCI-H2170,150-299,236,210,26,-26,237,211
ecCount (peaks),test,NCI-H716,150-299,236,252,16,16,237,253
ecCount (peaks),test,NCI-H2170,150-299,237,235,2,-2,238,236
ecCount (peaks),val,NCI-H2170,150-299,237,219,18,-18,238,220
ecCount (peaks),val,SNU16,150-299,237,336,99,99,238,337
ecCount (peaks),train,NCI-H2170,150-299,238,261,23,23,239,262
ecCount (peaks),test,SNU16,150-299,238,220,18,-18,239,221
ecCount (peaks),val,SNU16,150-299,238,228,10,-10,239,229
ecCount (peaks),test,NCI-H2170,150-299,239,253,14,14,240,254
ecCount (peaks),train,NCI-H2170,150-299,239,248,9,9,240,249
ecCount (peaks),train,NCI-H2170,150-299,239,227,12,-12,240,228
ecCount (peaks),train,NCI-H2170,150-299,239,234,5,-5,240,235
ecCount (peaks),train,NCI-H716,150-299,239,265,26,26,240,266
ecCount (peaks),val,SNU16,150-299,239,222,17,-17,240,223
ecCount (peaks),train,NCI-H2170,150-299,240,251,11,11,241,252
ecCount (peaks),train,SNU16,150-299,241,227,14,-14,242,228
ecCount (peaks),train,SNU16,150-299,241,225,16,-16,242,226
ecCount (peaks),test,NCI-H2170,150-299,242,305,63,63,243,306
ecCount (peaks),train,NCI-H2170,150-299,242,235,7,-7,243,236
ecCount (peaks),train,SNU16,150-299,242,253,11,11,243,254
ecCount (peaks),train,NCI-H2170,150-299,243,250,7,7,244,251
ecCount (peaks),train,NCI-H2170,150-299,243,251,8,8,244,252
ecCount (peaks),train,NCI-H2170,150-299,244,239,5,-5,245,240
ecCount (peaks),train,NCI-H2170,150-299,244,255,11,11,245,256
ecCount (peaks),train,SNU16,150-299,244,222,22,-22,245,223
ecCount (peaks),test,NCI-H2170,150-299,245,274,29,29,246,275
ecCount (peaks),train,NCI-H2170,150-299,245,259,14,14,246,260
ecCount (peaks),train,NCI-H2170,150-299,245,261,16,16,246,262
ecCount (peaks),test,NCI-H2170,150-299,246,242,4,-4,247,243
ecCount (peaks),train,NCI-H2170,150-299,246,248,2,2,247,249
ecCount (peaks),train,NCI-H2170,150-299,246,253,7,7,247,254
ecCount (peaks),test,NCI-H2170,150-299,246,257,11,11,247,258
ecCount (peaks),train,NCI-H2170,150-299,246,280,34,34,247,281
ecCount (peaks),test,NCI-H2170,150-299,246,257,11,11,247,258
ecCount (peaks),train,NCI-H2170,150-299,246,242,4,-4,247,243
ecCount (peaks),test,NCI-H2170,150-299,248,248,0,0,249,249
ecCount (peaks),train,NCI-H2170,150-299,249,256,7,7,250,257
ecCount (peaks),train,NCI-H2170,150-299,249,216,33,-33,250,217
ecCount (peaks),train,NCI-H2170,150-299,250,256,6,6,251,257
ecCount (peaks),train,NCI-H2170,150-299,250,289,39,39,251,290
ecCount (peaks),train,NCI-H2170,150-299,250,250,0,0,251,251
ecCount (peaks),train,NCI-H2170,150-299,250,229,21,-21,251,230
ecCount (peaks),test,NCI-H2170,150-299,251,264,13,13,252,265
ecCount (peaks),train,SNU16,150-299,251,254,3,3,252,255
ecCount (peaks),test,NCI-H2170,150-299,252,253,1,1,253,254
ecCount (peaks),train,NCI-H2170,150-299,252,248,4,-4,253,249
ecCount (peaks),train,NCI-H2170,150-299,252,254,2,2,253,255
ecCount (peaks),train,NCI-H2170,150-299,254,288,34,34,255,289
ecCount (peaks),val,SNU16,150-299,254,240,14,-14,255,241
ecCount (peaks),train,NCI-H2170,150-299,255,249,6,-6,256,250
ecCount (peaks),train,NCI-H2170,150-299,256,312,56,56,257,313
ecCount (peaks),train,SNU16,150-299,256,255,1,-1,257,256
ecCount (peaks),train,NCI-H2170,150-299,257,239,18,-18,258,240
ecCount (peaks),train,NCI-H2170,150-299,257,251,6,-6,258,252
ecCount (peaks),train,NCI-H2170,150-299,258,288,30,30,259,289
ecCount (peaks),train,NCI-H2170,150-299,258,230,28,-28,259,231
ecCount (peaks),train,NCI-H2170,150-299,259,271,12,12,260,272
ecCount (peaks),train,NCI-H2170,150-299,259,263,4,4,260,264
ecCount (peaks),train,NCI-H2170,150-299,259,217,42,-42,260,218
ecCount (peaks),train,NCI-H2170,150-299,259,258,1,-1,260,259
ecCount (peaks),train,NCI-H2170,150-299,260,264,4,4,261,265
ecCount (peaks),train,NCI-H2170,150-299,260,272,12,12,261,273
ecCount (peaks),train,NCI-H2170,150-299,261,280,19,19,262,281
ecCount (peaks),train,NCI-H2170,150-299,261,231,30,-30,262,232
ecCount (peaks),train,SNU16,150-299,261,266,5,5,262,267
ecCount (peaks),train,NCI-H2170,150-299,262,258,4,-4,263,259
ecCount (peaks),train,NCI-H2170,150-299,262,254,8,-8,263,255
ecCount (peaks),train,NCI-H716,150-299,262,277,15,15,263,278
ecCount (peaks),train,NCI-H2170,150-299,264,293,29,29,265,294
ecCount (peaks),train,NCI-H2170,150-299,265,263,2,-2,266,264
ecCount (peaks),train,NCI-H2170,150-299,265,248,17,-17,266,249
ecCount (peaks),train,SNU16,150-299,265,252,13,-13,266,253
ecCount (peaks),val,NCI-H2170,150-299,266,269,3,3,267,270
ecCount (peaks),train,NCI-H2170,150-299,266,270,4,4,267,271
ecCount (peaks),train,SNU16,150-299,267,242,25,-25,268,243
ecCount (peaks),train,SNU16,150-299,268,230,38,-38,269,231
ecCount (peaks),test,SNU16,150-299,270,261,9,-9,271,262
ecCount (peaks),train,SNU16,150-299,271,248,23,-23,272,249
ecCount (peaks),train,SNU16,150-299,271,254,17,-17,272,255
ecCount (peaks),test,SNU16,150-299,271,257,14,-14,272,258
ecCount (peaks),val,NCI-H2170,150-299,273,255,18,-18,274,256
ecCount (peaks),train,NCI-H716,150-299,273,302,29,29,274,303
ecCount (peaks),train,NCI-H2170,150-299,274,264,10,-10,275,265
ecCount (peaks),test,NCI-H2170,150-299,274,298,24,24,275,299
ecCount (peaks),train,NCI-H2170,150-299,274,273,1,-1,275,274
ecCount (peaks),train,NCI-H2170,150-299,274,256,18,-18,275,257
ecCount (peaks),train,NCI-H716,150-299,274,277,3,3,275,278
ecCount (peaks),val,SNU16,150-299,274,320,46,46,275,321
ecCount (peaks),train,NCI-H2170,150-299,276,293,17,17,277,294
ecCount (peaks),train,NCI-H2170,150-299,277,289,12,12,278,290
ecCount (peaks),test,NCI-H2170,150-299,278,258,20,-20,279,259
ecCount (peaks),train,NCI-H2170,150-299,278,259,19,-19,279,260
ecCount (peaks),train,SNU16,150-299,279,301,22,22,280,302
ecCount (peaks),train,NCI-H2170,150-299,280,284,4,4,281,285
ecCount (peaks),val,NCI-H2170,150-299,281,293,12,12,282,294
ecCount (peaks),val,NCI-H2170,150-299,281,284,3,3,282,285
ecCount (peaks),val,NCI-H2170,150-299,281,284,3,3,282,285
ecCount (peaks),train,NCI-H716,150-299,281,289,8,8,282,290
ecCount (peaks),train,NCI-H2170,150-299,282,300,18,18,283,301
ecCount (peaks),train,NCI-H2170,150-299,282,273,9,-9,283,274
ecCount (peaks),train,NCI-H2170,150-299,283,287,4,4,284,288
ecCount (peaks),train,NCI-H2170,150-299,283,301,18,18,284,302
ecCount (peaks),train,NCI-H2170,150-299,283,259,24,-24,284,260
ecCount (peaks),test,NCI-H2170,150-299,284,314,30,30,285,315
ecCount (peaks),train,NCI-H2170,150-299,284,302,18,18,285,303
ecCount (peaks),train,NCI-H2170,150-299,285,283,2,-2,286,284
ecCount (peaks),train,NCI-H2170,150-299,286,279,7,-7,287,280
ecCount (peaks),train,SNU16,150-299,286,270,16,-16,287,271
ecCount (peaks),train,NCI-H2170,150-299,287,327,40,40,288,328
ecCount (peaks),train,NCI-H2170,150-299,287,279,8,-8,288,280
ecCount (peaks),train,NCI-H2170,150-299,288,267,21,-21,289,268
ecCount (peaks),train,NCI-H2170,150-299,289,317,28,28,290,318
ecCount (peaks),train,SNU16,150-299,289,283,6,-6,290,284
ecCount (peaks),train,NCI-H2170,150-299,290,299,9,9,291,300
ecCount (peaks),train,NCI-H2170,150-299,291,261,30,-30,292,262
ecCount (peaks),train,NCI-H2170,150-299,291,271,20,-20,292,272
ecCount (peaks),train,NCI-H716,150-299,291,310,19,19,292,311
ecCount (peaks),train,NCI-H2170,150-299,292,281,11,-11,293,282
ecCount (peaks),train,NCI-H2170,150-299,292,314,22,22,293,315
ecCount (peaks),train,NCI-H2170,150-299,292,299,7,7,293,300
ecCount (peaks),test,NCI-H2170,150-299,296,292,4,-4,297,293
ecCount (peaks),test,NCI-H2170,150-299,296,285,11,-11,297,286
ecCount (peaks),val,NCI-H2170,150-299,296,351,55,55,297,352
ecCount (peaks),train,NCI-H2170,150-299,297,295,2,-2,298,296
ecCount (peaks),train,SNU16,150-299,297,323,26,26,298,324
ecCount (peaks),train,NCI-H2170,150-299,299,309,10,10,300,310
ecCount (peaks),test,NCI-H2170,150-299,299,291,8,-8,300,292
ecCount (peaks),train,NCI-H2170,150-299,299,293,6,-6,300,294
ecCount (peaks),test,NCI-H2170,300+,300,307,7,7,301,308
ecCount (peaks),train,SNU16,300+,301,296,5,-5,302,297
ecCount (peaks),test,NCI-H2170,300+,302,308,6,6,303,309
ecCount (peaks),val,NCI-H2170,300+,302,297,5,-5,303,298
ecCount (peaks),val,NCI-H2170,300+,303,276,27,-27,304,277
ecCount (peaks),train,SNU16,300+,303,283,20,-20,304,284
ecCount (peaks),train,NCI-H2170,300+,305,310,5,5,306,311
ecCount (peaks),train,NCI-H2170,300+,307,303,4,-4,308,304
ecCount (peaks),train,NCI-H2170,300+,307,291,16,-16,308,292
ecCount (peaks),test,NCI-H2170,300+,308,296,12,-12,309,297
ecCount (peaks),train,NCI-H2170,300+,308,304,4,-4,309,305
ecCount (peaks),test,SNU16,300+,309,305,4,-4,310,306
ecCount (peaks),train,SNU16,300+,311,293,18,-18,312,294
ecCount (peaks),train,SNU16,300+,313,292,21,-21,314,293
ecCount (peaks),train,SNU16,300+,313,316,3,3,314,317
ecCount (peaks),train,NCI-H2170,300+,314,309,5,-5,315,310
ecCount (peaks),train,NCI-H2170,300+,314,326,12,12,315,327
ecCount (peaks),train,NCI-H2170,300+,314,288,26,-26,315,289
ecCount (peaks),val,NCI-H2170,300+,314,305,9,-9,315,306
ecCount (peaks),test,NCI-H2170,300+,316,316,0,0,317,317
ecCount (peaks),train,SNU16,300+,317,277,40,-40,318,278
ecCount (peaks),train,NCI-H2170,300+,318,334,16,16,319,335
ecCount (peaks),train,NCI-H2170,300+,318,249,69,-69,319,250
ecCount (peaks),test,NCI-H2170,300+,318,309,9,-9,319,310
ecCount (peaks),train,NCI-H2170,300+,319,261,58,-58,320,262
ecCount (peaks),train,SNU16,300+,320,342,22,22,321,343
ecCount (peaks),train,SNU16,300+,321,343,22,22,322,344
ecCount (peaks),train,NCI-H716,300+,322,345,23,23,323,346
ecCount (peaks),train,NCI-H2170,300+,323,399,76,76,324,400
ecCount (peaks),train,NCI-H2170,300+,323,326,3,3,324,327
ecCount (peaks),val,NCI-H2170,300+,324,328,4,4,325,329
ecCount (peaks),test,SNU16,300+,324,307,17,-17,325,308
ecCount (peaks),train,NCI-H2170,300+,325,317,8,-8,326,318
ecCount (peaks),test,SNU16,300+,325,312,13,-13,326,313
ecCount (peaks),train,NCI-H2170,300+,328,341,13,13,329,342
ecCount (peaks),test,NCI-H2170,300+,328,295,33,-33,329,296
ecCount (peaks),train,NCI-H2170,300+,329,411,82,82,330,412
ecCount (peaks),train,NCI-H2170,300+,329,317,12,-12,330,318
ecCount (peaks),train,NCI-H2170,300+,329,326,3,-3,330,327
ecCount (peaks),test,NCI-H2170,300+,330,330,0,0,331,331
ecCount (peaks),train,NCI-H2170,300+,332,341,9,9,333,342
ecCount (peaks),train,NCI-H2170,300+,333,329,4,-4,334,330
ecCount (peaks),train,NCI-H2170,300+,335,322,13,-13,336,323
ecCount (peaks),train,NCI-H2170,300+,337,358,21,21,338,359
ecCount (peaks),train,NCI-H2170,300+,339,387,48,48,340,388
ecCount (peaks),test,NCI-H2170,300+,340,365,25,25,341,366
ecCount (peaks),test,NCI-H2170,300+,341,341,0,0,342,342
ecCount (peaks),test,NCI-H2170,300+,341,319,22,-22,342,320
ecCount (peaks),train,SNU16,300+,341,330,11,-11,342,331
ecCount (peaks),val,NCI-H2170,300+,343,380,37,37,344,381
ecCount (peaks),train,NCI-H2170,300+,344,369,25,25,345,370
ecCount (peaks),train,NCI-H2170,300+,348,380,32,32,349,381
ecCount (peaks),train,NCI-H2170,300+,349,339,10,-10,350,340
ecCount (peaks),train,NCI-H716,300+,349,370,21,21,350,371
ecCount (peaks),train,NCI-H2170,300+,350,410,60,60,351,411
ecCount (peaks),train,NCI-H716,300+,350,355,5,5,351,356
ecCount (peaks),val,NCI-H2170,300+,352,328,24,-24,353,329
ecCount (peaks),train,NCI-H2170,300+,354,358,4,4,355,359
ecCount (peaks),train,NCI-H2170,300+,355,356,1,1,356,357
ecCount (peaks),test,NCI-H2170,300+,358,396,38,38,359,397
ecCount (peaks),train,NCI-H2170,300+,359,365,6,6,360,366
ecCount (peaks),val,NCI-H2170,300+,359,365,6,6,360,366
ecCount (peaks),train,NCI-H2170,300+,362,356,6,-6,363,357
ecCount (peaks),test,NCI-H2170,300+,365,378,13,13,366,379
ecCount (peaks),val,SNU16,300+,366,373,7,7,367,374
ecCount (peaks),val,NCI-H2170,300+,368,368,0,0,369,369
ecCount (peaks),train,NCI-H716,300+,368,397,29,29,369,398
ecCount (peaks),train,SNU16,300+,368,391,23,23,369,392
ecCount (peaks),train,NCI-H716,300+,369,331,38,-38,370,332
ecCount (peaks),train,NCI-H2170,300+,370,366,4,-4,371,367
ecCount (peaks),train,SNU16,300+,370,374,4,4,371,375
ecCount (peaks),train,NCI-H2170,300+,371,388,17,17,372,389
ecCount (peaks),train,SNU16,300+,372,361,11,-11,373,362
ecCount (peaks),train,NCI-H2170,300+,373,385,12,12,374,386
ecCount (peaks),train,SNU16,300+,374,381,7,7,375,382
ecCount (peaks),train,NCI-H2170,300+,375,383,8,8,376,384
ecCount (peaks),train,NCI-H2170,300+,375,375,0,0,376,376
ecCount (peaks),train,NCI-H2170,300+,375,418,43,43,376,419
ecCount (peaks),test,NCI-H2170,300+,375,369,6,-6,376,370
ecCount (peaks),train,NCI-H2170,300+,376,404,28,28,377,405
ecCount (peaks),train,SNU16,300+,376,414,38,38,377,415
ecCount (peaks),train,NCI-H2170,300+,378,376,2,-2,379,377
ecCount (peaks),val,NCI-H2170,300+,378,340,38,-38,379,341
ecCount (peaks),val,SNU16,300+,380,329,51,-51,381,330
ecCount (peaks),train,NCI-H2170,300+,382,594,212,212,383,595
ecCount (peaks),val,SNU16,300+,382,373,9,-9,383,374
ecCount (peaks),train,NCI-H716,300+,386,421,35,35,387,422
ecCount (peaks),train,NCI-H2170,300+,390,399,9,9,391,400
ecCount (peaks),train,NCI-H2170,300+,390,343,47,-47,391,344
ecCount (peaks),train,NCI-H2170,300+,391,421,30,30,392,422
ecCount (peaks),train,SNU16,300+,392,359,33,-33,393,360
ecCount (peaks),train,SNU16,300+,394,416,22,22,395,417
ecCount (peaks),train,NCI-H2170,300+,395,411,16,16,396,412
ecCount (peaks),test,NCI-H2170,300+,396,383,13,-13,397,384
ecCount (peaks),train,NCI-H2170,300+,396,340,56,-56,397,341
ecCount (peaks),train,NCI-H2170,300+,396,398,2,2,397,399
ecCount (peaks),train,NCI-H2170,300+,398,435,37,37,399,436
ecCount (peaks),test,NCI-H2170,300+,400,431,31,31,401,432
ecCount (peaks),train,NCI-H2170,300+,402,400,2,-2,403,401
ecCount (peaks),train,NCI-H2170,300+,402,401,1,-1,403,402
ecCount (peaks),val,NCI-H2170,300+,402,399,3,-3,403,400
ecCount (peaks),test,NCI-H2170,300+,403,411,8,8,404,412
ecCount (peaks),train,NCI-H2170,300+,404,404,0,0,405,405
ecCount (peaks),test,NCI-H2170,300+,406,371,35,-35,407,372
ecCount (peaks),train,NCI-H2170,300+,406,360,46,-46,407,361
ecCount (peaks),train,NCI-H2170,300+,407,388,19,-19,408,389
ecCount (peaks),test,NCI-H2170,300+,411,413,2,2,412,414
ecCount (peaks),train,NCI-H2170,300+,413,418,5,5,414,419
ecCount (peaks),train,SNU16,300+,413,434,21,21,414,435
ecCount (peaks),val,SNU16,300+,415,414,1,-1,416,415
ecCount (peaks),train,NCI-H2170,300+,418,411,7,-7,419,412
ecCount (peaks),train,NCI-H2170,300+,419,336,83,-83,420,337
ecCount (peaks),test,SNU16,300+,422,393,29,-29,423,394
ecCount (peaks),train,NCI-H2170,300+,425,458,33,33,426,459
ecCount (peaks),val,SNU16,300+,426,460,34,34,427,461
ecCount (peaks),val,NCI-H2170,300+,430,414,16,-16,431,415
ecCount (peaks),train,NCI-H2170,300+,431,438,7,7,432,439
ecCount (peaks),train,SNU16,300+,433,393,40,-40,434,394
ecCount (peaks),train,NCI-H2170,300+,434,444,10,10,435,445
ecCount (peaks),train,SNU16,300+,434,407,27,-27,435,408
ecCount (peaks),train,NCI-H2170,300+,436,428,8,-8,437,429
ecCount (peaks),train,NCI-H2170,300+,438,407,31,-31,439,408
ecCount (peaks),train,NCI-H2170,300+,438,444,6,6,439,445
ecCount (peaks),train,NCI-H2170,300+,441,443,2,2,442,444
ecCount (peaks),val,NCI-H2170,300+,442,475,33,33,443,476
ecCount (peaks),train,SNU16,300+,444,459,15,15,445,460
ecCount (peaks),test,NCI-H2170,300+,445,491,46,46,446,492
ecCount (peaks),test,NCI-H2170,300+,446,459,13,13,447,460
ecCount (peaks),train,NCI-H2170,300+,446,425,21,-21,447,426
ecCount (peaks),val,NCI-H2170,300+,451,554,103,103,452,555
ecCount (peaks),train,NCI-H2170,300+,453,475,22,22,454,476
ecCount (peaks),train,NCI-H2170,300+,456,483,27,27,457,484
ecCount (peaks),train,NCI-H2170,300+,458,452,6,-6,459,453
ecCount (peaks),train,SNU16,300+,459,426,33,-33,460,427
ecCount (peaks),train,NCI-H2170,300+,460,418,42,-42,461,419
ecCount (peaks),train,NCI-H2170,300+,462,454,8,-8,463,455
ecCount (peaks),train,NCI-H716,300+,468,478,10,10,469,479
ecCount (peaks),train,SNU16,300+,471,452,19,-19,472,453
ecCount (peaks),test,NCI-H2170,300+,472,413,59,-59,473,414
ecCount (peaks),val,NCI-H2170,300+,473,418,55,-55,474,419
ecCount (peaks),train,NCI-H2170,300+,475,443,32,-32,476,444
ecCount (peaks),train,NCI-H2170,300+,478,618,140,140,479,619
ecCount (peaks),test,NCI-H2170,300+,478,471,7,-7,479,472
ecCount (peaks),train,NCI-H2170,300+,479,480,1,1,480,481
ecCount (peaks),train,SNU16,300+,481,543,62,62,482,544
ecCount (peaks),train,NCI-H2170,300+,489,502,13,13,490,503
ecCount (peaks),train,NCI-H2170,300+,491,504,13,13,492,505
ecCount (peaks),train,NCI-H2170,300+,495,484,11,-11,496,485
ecCount (peaks),train,NCI-H2170,300+,497,528,31,31,498,529
ecCount (peaks),train,NCI-H2170,300+,497,489,8,-8,498,490
ecCount (peaks),train,NCI-H2170,300+,498,508,10,10,499,509
ecCount (peaks),test,SNU16,300+,499,541,42,42,500,542
ecCount (peaks),train,NCI-H2170,300+,503,488,15,-15,504,489
ecCount (peaks),train,NCI-H2170,300+,504,516,12,12,505,517
ecCount (peaks),train,NCI-H2170,300+,505,525,20,20,506,526
ecCount (peaks),train,NCI-H2170,300+,506,485,21,-21,507,486
ecCount (peaks),train,NCI-H2170,300+,513,530,17,17,514,531
ecCount (peaks),train,NCI-H2170,300+,517,502,15,-15,518,503
ecCount (peaks),val,NCI-H2170,300+,520,528,8,8,521,529
ecCount (peaks),train,NCI-H2170,300+,520,485,35,-35,521,486
ecCount (peaks),test,NCI-H2170,300+,521,511,10,-10,522,512
ecCount (peaks),train,NCI-H2170,300+,523,515,8,-8,524,516
ecCount (peaks),val,NCI-H2170,300+,526,535,9,9,527,536
ecCount (peaks),train,SNU16,300+,527,484,43,-43,528,485
ecCount (peaks),train,NCI-H2170,300+,534,559,25,25,535,560
ecCount (peaks),train,NCI-H2170,300+,536,579,43,43,537,580
ecCount (peaks),test,NCI-H2170,300+,539,577,38,38,540,578
ecCount (peaks),val,NCI-H2170,300+,557,541,16,-16,558,542
ecCount (peaks),test,NCI-H2170,300+,559,578,19,19,560,579
ecCount (peaks),train,NCI-H2170,300+,560,561,1,1,561,562
ecCount (peaks),val,NCI-H2170,300+,567,580,13,13,568,581
ecCount (peaks),train,NCI-H2170,300+,572,541,31,-31,573,542
ecCount (peaks),train,NCI-H2170,300+,574,573,1,-1,575,574
ecCount (peaks),train,NCI-H2170,300+,589,589,0,0,590,590
ecCount (peaks),train,NCI-H2170,300+,597,604,7,7,598,605
ecCount (peaks),train,NCI-H2170,300+,597,538,59,-59,598,539
ecCount (peaks),train,NCI-H2170,300+,604,606,2,2,605,607
ecCount (peaks),train,NCI-H2170,300+,604,622,18,18,605,623
ecCount (peaks),train,NCI-H2170,300+,611,582,29,-29,612,583
ecCount (peaks),train,NCI-H2170,300+,611,574,37,-37,612,575
ecCount (peaks),train,NCI-H2170,300+,613,629,16,16,614,630
ecCount (peaks),train,SNU16,300+,635,675,40,40,636,676
ecCount (peaks),train,SNU16,300+,637,620,17,-17,638,621
ecCount (peaks),test,NCI-H2170,300+,642,622,20,-20,643,623
ecCount (peaks),train,SNU16,300+,663,595,68,-68,664,596
ecCount (peaks),train,NCI-H2170,300+,664,741,77,77,665,742
ecCount (peaks),train,SNU16,300+,664,629,35,-35,665,630
ecCount (peaks),test,SNU16,300+,670,645,25,-25,671,646
ecCount (peaks),train,NCI-H2170,300+,676,729,53,53,677,730
ecCount (peaks),val,SNU16,300+,705,668,37,-37,706,669
ecCount (peaks),train,NCI-H2170,300+,742,694,48,-48,743,695
ecCount (peaks),val,NCI-H2170,300+,763,790,27,27,764,791
ecCount (peaks),train,NCI-H2170,300+,769,801,32,32,770,802
ecCount (peaks),train,NCI-H2170,300+,783,702,81,-81,784,703
ecCount (peaks),train,NCI-H2170,300+,801,801,0,0,802,802
ecCount (peaks),train,NCI-H2170,300+,829,829,0,0,830,830
ecCount (peaks),train,NCI-H2170,300+,832,849,17,17,833,850
ecCount (peaks),val,NCI-H2170,300+,835,780,55,-55,836,781
ecCount (peaks),train,NCI-H2170,300+,843,897,54,54,844,898
ecCount (peaks),train,NCI-H2170,300+,862,824,38,-38,863,825
ecCount (peaks),val,NCI-H2170,300+,867,871,4,4,868,872
ecCount (peaks),train,NCI-H2170,300+,909,894,15,-15,910,895
ecCount (peaks),test,NCI-H2170,300+,912,919,7,7,913,920
ecCount (peaks),train,SNU16,300+,990,953,37,-37,991,954
ecCount (peaks),train,SNU16,300+,1231,1192,39,-39,1232,1193
ecCount (peaks),train,NCI-H2170,300+,1687,1724,37,37,1688,1725
